round,src,dst,bytes,delay_ticks,src_mj,dst_mj,failed
0,0,1,246824,12,3199.999882,3199.999882,0
0,1,0,246824,12,3199.999882,3199.999882,0
0,0,16,246824,22,3199.999882,3999.999882,0
0,16,0,246824,22,3999.999882,3199.999882,0
0,0,19,246824,27,3199.999882,3999.999882,0
0,19,0,246824,27,3999.999882,3199.999882,0
0,0,23,246824,25,3199.999882,7999.999882,0
0,23,0,246824,25,7999.999882,3199.999882,0
0,0,29,246824,31,3199.999882,7999.999882,0
0,29,0,246824,31,7999.999882,3199.999882,0
0,1,2,246824,10,3199.999882,3999.999882,0
0,2,1,246824,10,3999.999882,3199.999882,0
0,1,3,246824,11,3199.999882,3999.999882,0
0,3,1,246824,11,3999.999882,3199.999882,0
0,1,4,246824,9,3199.999882,2285.714167,0
0,4,1,246824,9,2285.714167,3199.999882,0
0,1,20,246824,37,3199.999882,7999.999882,0
0,20,1,246824,37,7999.999882,3199.999882,0
0,2,4,246824,8,3999.999882,2285.714167,0
0,4,2,246824,8,2285.714167,3999.999882,0
0,2,21,246824,35,3999.999882,7999.999882,0
0,21,2,246824,35,7999.999882,3999.999882,0
0,2,29,246824,28,3999.999882,7999.999882,0
0,29,2,246824,28,7999.999882,3999.999882,0
0,3,6,246824,11,3999.999882,3199.999882,0
0,6,3,246824,11,3199.999882,3999.999882,0
0,3,27,246824,29,3999.999882,7999.999882,0
0,27,3,246824,29,7999.999882,3999.999882,0
0,3,28,246824,32,3999.999882,7999.999882,0
0,28,3,246824,32,7999.999882,3999.999882,0
0,4,5,246824,9,2285.714167,3999.999882,0
0,5,4,246824,9,3999.999882,2285.714167,0
0,4,6,246824,9,2285.714167,3199.999882,0
0,6,4,246824,9,3199.999882,2285.714167,0
0,4,7,246824,9,2285.714167,5333.333215,0
0,7,4,246824,9,5333.333215,2285.714167,0
0,4,12,246824,9,2285.714167,5333.333215,0
0,12,4,246824,9,5333.333215,2285.714167,0
0,4,13,246824,6,2285.714167,2666.666548,0
0,13,4,246824,6,2666.666548,2285.714167,0
0,5,6,246824,12,3999.999882,3199.999882,0
0,6,5,246824,12,3199.999882,3999.999882,0
0,5,19,246824,27,3999.999882,3999.999882,0
0,19,5,246824,27,3999.999882,3999.999882,0
0,5,26,246824,29,3999.999882,5333.333215,0
0,26,5,246824,29,5333.333215,3999.999882,0
0,6,9,246824,11,3199.999882,3199.999882,0
0,9,6,246824,11,3199.999882,3199.999882,0
0,6,18,246824,21,3199.999882,3999.999882,0
0,18,6,246824,21,3999.999882,3199.999882,0
0,7,10,246824,11,5333.333215,2666.666548,0
0,10,7,246824,11,2666.666548,5333.333215,0
0,7,24,246824,24,5333.333215,7999.999882,0
0,24,7,246824,24,7999.999882,5333.333215,0
0,8,9,246824,12,3999.999882,3199.999882,0
0,9,8,246824,12,3199.999882,3999.999882,0
0,8,10,246824,11,3999.999882,2666.666548,0
0,10,8,246824,11,2666.666548,3999.999882,0
0,8,20,246824,38,3999.999882,7999.999882,0
0,20,8,246824,38,7999.999882,3999.999882,0
0,8,26,246824,29,3999.999882,5333.333215,0
0,26,8,246824,29,5333.333215,3999.999882,0
0,9,10,246824,11,3199.999882,2666.666548,0
0,10,9,246824,11,2666.666548,3199.999882,0
0,9,24,246824,23,3199.999882,7999.999882,0
0,24,9,246824,23,7999.999882,3199.999882,0
0,9,27,246824,29,3199.999882,7999.999882,0
0,27,9,246824,29,7999.999882,3199.999882,0
0,10,12,246824,11,2666.666548,5333.333215,0
0,12,10,246824,11,5333.333215,2666.666548,0
0,10,13,246824,8,2666.666548,2666.666548,0
0,13,10,246824,8,2666.666548,2666.666548,0
0,10,16,246824,21,2666.666548,3999.999882,0
0,16,10,246824,21,3999.999882,2666.666548,0
0,11,13,246824,9,7999.999882,2666.666548,0
0,13,11,246824,9,2666.666548,7999.999882,0
0,11,14,246824,9,7999.999882,3199.999882,0
0,14,11,246824,9,3199.999882,7999.999882,0
0,12,15,246824,42,5333.333215,7999.999882,0
0,15,12,246824,42,7999.999882,5333.333215,0
0,13,14,246824,7,2666.666548,3199.999882,0
0,14,13,246824,7,3199.999882,2666.666548,0
0,13,16,246824,19,2666.666548,3999.999882,0
0,16,13,246824,19,3999.999882,2666.666548,0
0,13,21,246824,35,2666.666548,7999.999882,0
0,21,13,246824,35,7999.999882,2666.666548,0
0,14,15,246824,39,3199.999882,7999.999882,0
0,15,14,246824,39,7999.999882,3199.999882,0
0,14,17,246824,20,3199.999882,5333.333215,0
0,17,14,246824,20,5333.333215,3199.999882,0
0,14,25,246824,26,3199.999882,7999.999882,0
0,25,14,246824,26,7999.999882,3199.999882,0
0,16,18,246824,24,3999.999882,3999.999882,0
0,18,16,246824,24,3999.999882,3999.999882,0
0,17,18,246824,24,5333.333215,3999.999882,0
0,18,17,246824,24,3999.999882,5333.333215,0
0,17,28,246824,34,5333.333215,7999.999882,0
0,28,17,246824,34,7999.999882,5333.333215,0
0,18,22,246824,27,3999.999882,7999.999882,0
0,22,18,246824,27,7999.999882,3999.999882,0
0,19,22,246824,31,3999.999882,7999.999882,0
0,22,19,246824,31,7999.999882,3999.999882,0
0,19,23,246824,30,3999.999882,7999.999882,0
0,23,19,246824,30,7999.999882,3999.999882,0
0,25,26,246824,35,7999.999882,5333.333215,0
0,26,25,246824,35,5333.333215,7999.999882,0
1,0,1,246824,12,2662.499882,3194.999882,0
1,1,0,246824,12,3194.999882,2662.499882,0
1,0,16,246824,22,2662.499882,7987.499882,0
1,16,0,246824,22,7987.499882,2662.499882,0
1,0,19,246824,27,2662.499882,7987.499882,0
1,19,0,246824,27,7987.499882,2662.499882,0
1,0,21,246824,38,2662.499882,7987.499882,0
1,21,0,246824,38,7987.499882,2662.499882,0
1,0,23,246824,25,2662.499882,5324.999882,0
1,23,0,246824,25,5324.999882,2662.499882,0
1,0,27,246824,30,2662.499882,7987.499882,0
1,27,0,246824,30,7987.499882,2662.499882,0
1,1,2,246824,10,3194.999882,2662.499882,0
1,2,1,246824,10,2662.499882,3194.999882,0
1,1,3,246824,11,3194.999882,5324.999882,0
1,3,1,246824,11,5324.999882,3194.999882,0
1,1,4,246824,9,3194.999882,3993.749882,0
1,4,1,246824,9,3993.749882,3194.999882,0
1,1,20,246824,37,3194.999882,7987.499882,0
1,20,1,246824,37,7987.499882,3194.999882,0
1,2,4,246824,8,2662.499882,3993.749882,0
1,4,2,246824,8,3993.749882,2662.499882,0
1,2,5,246824,11,2662.499882,3993.749882,0
1,5,2,246824,11,3993.749882,2662.499882,0
1,2,15,246824,39,2662.499882,7987.499882,0
1,15,2,246824,39,7987.499882,2662.499882,0
1,2,21,246824,35,2662.499882,7987.499882,0
1,21,2,246824,35,7987.499882,2662.499882,0
1,2,29,246824,28,2662.499882,5324.999882,0
1,29,2,246824,28,5324.999882,2662.499882,0
1,3,5,246824,11,5324.999882,3993.749882,0
1,5,3,246824,11,3993.749882,5324.999882,0
1,3,28,246824,32,5324.999882,7987.499882,0
1,28,3,246824,32,7987.499882,5324.999882,0
1,4,7,246824,9,3993.749882,5324.999882,0
1,7,4,246824,9,5324.999882,3993.749882,0
1,4,13,246824,6,3993.749882,3194.999882,0
1,13,4,246824,6,3194.999882,3993.749882,0
1,5,8,246824,12,3993.749882,2662.499882,0
1,8,5,246824,12,2662.499882,3993.749882,0
1,5,26,246824,29,3993.749882,7987.499882,0
1,26,5,246824,29,7987.499882,3993.749882,0
1,6,7,246824,12,5324.999882,5324.999882,0
1,7,6,246824,12,5324.999882,5324.999882,0
1,6,9,246824,11,5324.999882,2282.142739,0
1,9,6,246824,11,2282.142739,5324.999882,0
1,6,18,246824,21,5324.999882,5324.999882,0
1,18,6,246824,21,5324.999882,5324.999882,0
1,7,9,246824,12,5324.999882,2282.142739,0
1,9,7,246824,12,2282.142739,5324.999882,0
1,8,9,246824,12,2662.499882,2282.142739,0
1,9,8,246824,12,2282.142739,2662.499882,0
1,8,10,246824,11,2662.499882,7987.499882,0
1,10,8,246824,11,7987.499882,2662.499882,0
1,8,19,246824,27,2662.499882,7987.499882,0
1,19,8,246824,27,7987.499882,2662.499882,0
1,8,20,246824,38,2662.499882,7987.499882,0
1,20,8,246824,38,7987.499882,2662.499882,0
1,8,26,246824,29,2662.499882,7987.499882,0
1,26,8,246824,29,7987.499882,2662.499882,0
1,9,10,246824,11,2282.142739,7987.499882,0
1,10,9,246824,11,7987.499882,2282.142739,0
1,9,12,246824,12,2282.142739,7987.499882,0
1,12,9,246824,12,7987.499882,2282.142739,0
1,9,24,246824,23,2282.142739,7987.499882,0
1,24,9,246824,23,7987.499882,2282.142739,0
1,9,27,246824,29,2282.142739,7987.499882,0
1,27,9,246824,29,7987.499882,2282.142739,0
1,11,13,246824,9,5324.999882,3194.999882,0
1,13,11,246824,9,3194.999882,5324.999882,0
1,11,14,246824,9,5324.999882,2662.499882,0
1,14,11,246824,9,2662.499882,5324.999882,0
1,11,29,246824,30,5324.999882,5324.999882,0
1,29,11,246824,30,5324.999882,5324.999882,0
1,12,13,246824,9,7987.499882,3194.999882,0
1,13,12,246824,9,3194.999882,7987.499882,0
1,13,14,246824,7,3194.999882,2662.499882,0
1,14,13,246824,7,2662.499882,3194.999882,0
1,13,16,246824,19,3194.999882,7987.499882,0
1,16,13,246824,19,7987.499882,3194.999882,0
1,14,15,246824,39,2662.499882,7987.499882,0
1,15,14,246824,39,7987.499882,2662.499882,0
1,14,17,246824,20,2662.499882,7987.499882,0
1,17,14,246824,20,7987.499882,2662.499882,0
1,14,24,246824,21,2662.499882,7987.499882,0
1,24,14,246824,21,7987.499882,2662.499882,0
1,14,25,246824,26,2662.499882,7987.499882,0
1,25,14,246824,26,7987.499882,2662.499882,0
1,17,18,246824,24,7987.499882,5324.999882,0
1,18,17,246824,24,5324.999882,7987.499882,0
1,18,22,246824,27,5324.999882,7987.499882,0
1,22,18,246824,27,7987.499882,5324.999882,0
1,22,23,246824,29,7987.499882,5324.999882,0
1,23,22,246824,29,5324.999882,7987.499882,0
1,23,25,246824,31,5324.999882,7987.499882,0
1,25,23,246824,31,7987.499882,5324.999882,0
1,28,29,246824,37,7987.499882,5324.999882,0
1,29,28,246824,37,5324.999882,7987.499882,0
2,0,1,246824,12,5327.777659,3995.833215,0
2,1,0,246824,12,3995.833215,5327.777659,0
2,0,19,246824,27,5327.777659,7991.666548,0
2,19,0,246824,27,7991.666548,5327.777659,0
2,0,23,246824,25,5327.777659,3995.833215,0
2,23,0,246824,25,3995.833215,5327.777659,0
2,1,2,246824,10,3995.833215,3196.666548,0
2,2,1,246824,10,3196.666548,3995.833215,0
2,1,4,246824,9,3995.833215,2663.888771,0
2,4,1,246824,9,2663.888771,3995.833215,0
2,1,20,246824,37,3995.833215,7991.666548,0
2,20,1,246824,37,7991.666548,3995.833215,0
2,2,4,246824,8,3196.666548,2663.888771,0
2,4,2,246824,8,2663.888771,3196.666548,0
2,2,15,246824,39,3196.666548,7991.666548,0
2,15,2,246824,39,7991.666548,3196.666548,0
2,2,21,246824,35,3196.666548,5327.777659,0
2,21,2,246824,35,5327.777659,3196.666548,0
2,2,29,246824,28,3196.666548,7991.666548,0
2,29,2,246824,28,7991.666548,3196.666548,0
2,3,5,246824,11,5327.777659,3995.833215,0
2,5,3,246824,11,3995.833215,5327.777659,0
2,3,6,246824,11,5327.777659,3995.833215,0
2,6,3,246824,11,3995.833215,5327.777659,0
2,3,28,246824,32,5327.777659,7991.666548,0
2,28,3,246824,32,7991.666548,5327.777659,0
2,4,6,246824,9,2663.888771,3995.833215,0
2,6,4,246824,9,3995.833215,2663.888771,0
2,4,7,246824,9,2663.888771,7991.666548,0
2,7,4,246824,9,7991.666548,2663.888771,0
2,4,12,246824,9,2663.888771,7991.666548,0
2,12,4,246824,9,7991.666548,2663.888771,0
2,4,13,246824,6,2663.888771,2663.888771,0
2,13,4,246824,6,2663.888771,2663.888771,0
2,5,8,246824,12,3995.833215,3995.833215,0
2,8,5,246824,12,3995.833215,3995.833215,0
2,5,19,246824,27,3995.833215,7991.666548,0
2,19,5,246824,27,7991.666548,3995.833215,0
2,5,26,246824,29,3995.833215,7991.666548,0
2,26,5,246824,29,7991.666548,3995.833215,0
2,6,9,246824,11,3995.833215,3995.833215,0
2,9,6,246824,11,3995.833215,3995.833215,0
2,6,18,246824,21,3995.833215,5327.777659,0
2,18,6,246824,21,5327.777659,3995.833215,0
2,7,10,246824,11,7991.666548,2663.888771,0
2,10,7,246824,11,2663.888771,7991.666548,0
2,8,10,246824,11,3995.833215,2663.888771,0
2,10,8,246824,11,2663.888771,3995.833215,0
2,8,20,246824,38,3995.833215,7991.666548,0
2,20,8,246824,38,7991.666548,3995.833215,0
2,8,26,246824,29,3995.833215,7991.666548,0
2,26,8,246824,29,7991.666548,3995.833215,0
2,9,10,246824,11,3995.833215,2663.888771,0
2,10,9,246824,11,2663.888771,3995.833215,0
2,9,24,246824,23,3995.833215,7991.666548,0
2,24,9,246824,23,7991.666548,3995.833215,0
2,9,27,246824,29,3995.833215,7991.666548,0
2,27,9,246824,29,7991.666548,3995.833215,0
2,10,12,246824,11,2663.888771,7991.666548,0
2,12,10,246824,11,7991.666548,2663.888771,0
2,10,13,246824,8,2663.888771,2663.888771,0
2,13,10,246824,8,2663.888771,2663.888771,0
2,10,16,246824,21,2663.888771,5327.777659,0
2,16,10,246824,21,5327.777659,2663.888771,0
2,11,13,246824,9,3995.833215,2663.888771,0
2,13,11,246824,9,2663.888771,3995.833215,0
2,11,14,246824,9,3995.833215,2663.888771,0
2,14,11,246824,9,2663.888771,3995.833215,0
2,11,27,246824,29,3995.833215,7991.666548,0
2,27,11,246824,29,7991.666548,3995.833215,0
2,11,29,246824,30,3995.833215,7991.666548,0
2,29,11,246824,30,7991.666548,3995.833215,0
2,13,14,246824,7,2663.888771,2663.888771,0
2,14,13,246824,7,2663.888771,2663.888771,0
2,13,16,246824,19,2663.888771,5327.777659,0
2,16,13,246824,19,5327.777659,2663.888771,0
2,13,21,246824,35,2663.888771,5327.777659,0
2,21,13,246824,35,5327.777659,2663.888771,0
2,14,15,246824,39,2663.888771,7991.666548,0
2,15,14,246824,39,7991.666548,2663.888771,0
2,14,17,246824,20,2663.888771,3995.833215,0
2,17,14,246824,20,3995.833215,2663.888771,0
2,14,24,246824,21,2663.888771,7991.666548,0
2,24,14,246824,21,7991.666548,2663.888771,0
2,14,25,246824,26,2663.888771,7991.666548,0
2,25,14,246824,26,7991.666548,2663.888771,0
2,16,17,246824,24,5327.777659,3995.833215,0
2,17,16,246824,24,3995.833215,5327.777659,0
2,17,18,246824,24,3995.833215,5327.777659,0
2,18,17,246824,24,5327.777659,3995.833215,0
2,17,28,246824,34,3995.833215,7991.666548,0
2,28,17,246824,34,7991.666548,3995.833215,0
2,18,22,246824,27,5327.777659,7991.666548,0
2,22,18,246824,27,7991.666548,5327.777659,0
2,21,23,246824,40,5327.777659,3995.833215,0
2,23,21,246824,40,3995.833215,5327.777659,0
2,22,23,246824,29,7991.666548,3995.833215,0
2,23,22,246824,29,3995.833215,7991.666548,0
2,23,25,246824,31,3995.833215,7991.666548,0
2,25,23,246824,31,7991.666548,3995.833215,0
3,0,1,246824,12,2662.499882,3194.999882,0
3,1,0,246824,12,3194.999882,2662.499882,0
3,0,16,246824,22,2662.499882,3194.999882,0
3,16,0,246824,22,3194.999882,2662.499882,0
3,0,19,246824,27,2662.499882,7987.499882,0
3,19,0,246824,27,7987.499882,2662.499882,0
3,0,23,246824,25,2662.499882,5324.999882,0
3,23,0,246824,25,5324.999882,2662.499882,0
3,0,27,246824,30,2662.499882,7987.499882,0
3,27,0,246824,30,7987.499882,2662.499882,0
3,0,29,246824,31,2662.499882,7987.499882,0
3,29,0,246824,31,7987.499882,2662.499882,0
3,1,2,246824,10,3194.999882,3194.999882,0
3,2,1,246824,10,3194.999882,3194.999882,0
3,1,3,246824,11,3194.999882,3993.749882,0
3,3,1,246824,11,3993.749882,3194.999882,0
3,1,4,246824,9,3194.999882,2662.499882,0
3,4,1,246824,9,2662.499882,3194.999882,0
3,1,20,246824,37,3194.999882,7987.499882,0
3,20,1,246824,37,7987.499882,3194.999882,0
3,2,5,246824,11,3194.999882,3194.999882,0
3,5,2,246824,11,3194.999882,3194.999882,0
3,2,15,246824,39,3194.999882,7987.499882,0
3,15,2,246824,39,7987.499882,3194.999882,0
3,2,21,246824,35,3194.999882,7987.499882,0
3,21,2,246824,35,7987.499882,3194.999882,0
3,2,29,246824,28,3194.999882,7987.499882,0
3,29,2,246824,28,7987.499882,3194.999882,0
3,3,6,246824,11,3993.749882,3993.749882,0
3,6,3,246824,11,3993.749882,3993.749882,0
3,3,27,246824,29,3993.749882,7987.499882,0
3,27,3,246824,29,7987.499882,3993.749882,0
3,3,28,246824,32,3993.749882,7987.499882,0
3,28,3,246824,32,7987.499882,3993.749882,0
3,4,5,246824,9,2662.499882,3194.999882,0
3,5,4,246824,9,3194.999882,2662.499882,0
3,4,6,246824,9,2662.499882,3993.749882,0
3,6,4,246824,9,3993.749882,2662.499882,0
3,4,7,246824,9,2662.499882,7987.499882,0
3,7,4,246824,9,7987.499882,2662.499882,0
3,4,12,246824,9,2662.499882,7987.499882,0
3,12,4,246824,9,7987.499882,2662.499882,0
3,4,13,246824,6,2662.499882,2282.142739,0
3,13,4,246824,6,2282.142739,2662.499882,0
3,5,8,246824,12,3194.999882,3194.999882,0
3,8,5,246824,12,3194.999882,3194.999882,0
3,5,24,246824,24,3194.999882,5324.999882,0
3,24,5,246824,24,5324.999882,3194.999882,0
3,5,26,246824,29,3194.999882,7987.499882,0
3,26,5,246824,29,7987.499882,3194.999882,0
3,6,9,246824,11,3993.749882,5324.999882,0
3,9,6,246824,11,5324.999882,3993.749882,0
3,6,18,246824,21,3993.749882,5324.999882,0
3,18,6,246824,21,5324.999882,3993.749882,0
3,7,10,246824,11,7987.499882,3993.749882,0
3,10,7,246824,11,3993.749882,7987.499882,0
3,8,9,246824,12,3194.999882,5324.999882,0
3,9,8,246824,12,5324.999882,3194.999882,0
3,8,19,246824,27,3194.999882,7987.499882,0
3,19,8,246824,27,7987.499882,3194.999882,0
3,8,20,246824,38,3194.999882,7987.499882,0
3,20,8,246824,38,7987.499882,3194.999882,0
3,8,26,246824,29,3194.999882,7987.499882,0
3,26,8,246824,29,7987.499882,3194.999882,0
3,9,10,246824,11,5324.999882,3993.749882,0
3,10,9,246824,11,3993.749882,5324.999882,0
3,10,13,246824,8,3993.749882,2282.142739,0
3,13,10,246824,8,2282.142739,3993.749882,0
3,10,16,246824,21,3993.749882,3194.999882,0
3,16,10,246824,21,3194.999882,3993.749882,0
3,11,13,246824,9,7987.499882,2282.142739,0
3,13,11,246824,9,2282.142739,7987.499882,0
3,11,14,246824,9,7987.499882,2662.499882,0
3,14,11,246824,9,2662.499882,7987.499882,0
3,12,13,246824,9,7987.499882,2282.142739,0
3,13,12,246824,9,2282.142739,7987.499882,0
3,13,14,246824,7,2282.142739,2662.499882,0
3,14,13,246824,7,2662.499882,2282.142739,0
3,13,16,246824,19,2282.142739,3194.999882,0
3,16,13,246824,19,3194.999882,2282.142739,0
3,13,21,246824,35,2282.142739,7987.499882,0
3,21,13,246824,35,7987.499882,2282.142739,0
3,14,15,246824,39,2662.499882,7987.499882,0
3,15,14,246824,39,7987.499882,2662.499882,0
3,14,17,246824,20,2662.499882,5324.999882,0
3,17,14,246824,20,5324.999882,2662.499882,0
3,14,24,246824,21,2662.499882,5324.999882,0
3,24,14,246824,21,5324.999882,2662.499882,0
3,14,25,246824,26,2662.499882,7987.499882,0
3,25,14,246824,26,7987.499882,2662.499882,0
3,16,17,246824,24,3194.999882,5324.999882,0
3,17,16,246824,24,5324.999882,3194.999882,0
3,16,18,246824,24,3194.999882,5324.999882,0
3,18,16,246824,24,5324.999882,3194.999882,0
3,17,28,246824,34,5324.999882,7987.499882,0
3,28,17,246824,34,7987.499882,5324.999882,0
3,18,22,246824,27,5324.999882,5324.999882,0
3,22,18,246824,27,5324.999882,5324.999882,0
3,22,23,246824,29,5324.999882,5324.999882,0
3,23,22,246824,29,5324.999882,5324.999882,0
3,22,24,246824,28,5324.999882,5324.999882,0
3,24,22,246824,28,5324.999882,5324.999882,0
3,23,25,246824,31,5324.999882,7987.499882,0
3,25,23,246824,31,7987.499882,5324.999882,0
4,0,1,246824,12,2666.666548,3199.999882,0
4,1,0,246824,12,3199.999882,2666.666548,0
4,0,16,246824,22,2666.666548,5333.333215,0
4,16,0,246824,22,5333.333215,2666.666548,0
4,0,19,246824,27,2666.666548,3999.999882,0
4,19,0,246824,27,3999.999882,2666.666548,0
4,0,23,246824,25,2666.666548,7999.999882,0
4,23,0,246824,25,7999.999882,2666.666548,0
4,0,27,246824,30,2666.666548,7999.999882,0
4,27,0,246824,30,7999.999882,2666.666548,0
4,0,29,246824,31,2666.666548,7999.999882,0
4,29,0,246824,31,7999.999882,2666.666548,0
4,1,2,246824,10,3199.999882,5333.333215,0
4,2,1,246824,10,5333.333215,3199.999882,0
4,1,3,246824,11,3199.999882,5333.333215,0
4,3,1,246824,11,5333.333215,3199.999882,0
4,1,4,246824,9,3199.999882,3999.999882,0
4,4,1,246824,9,3999.999882,3199.999882,0
4,1,20,246824,37,3199.999882,7999.999882,0
4,20,1,246824,37,7999.999882,3199.999882,0
4,2,5,246824,11,5333.333215,2666.666548,0
4,5,2,246824,11,2666.666548,5333.333215,0
4,2,21,246824,35,5333.333215,7999.999882,0
4,21,2,246824,35,7999.999882,5333.333215,0
4,3,6,246824,11,5333.333215,3999.999882,0
4,6,3,246824,11,3999.999882,5333.333215,0
4,3,28,246824,32,5333.333215,7999.999882,0
4,28,3,246824,32,7999.999882,5333.333215,0
4,4,5,246824,9,3999.999882,2666.666548,0
4,5,4,246824,9,2666.666548,3999.999882,0
4,4,7,246824,9,3999.999882,5333.333215,0
4,7,4,246824,9,5333.333215,3999.999882,0
4,4,12,246824,9,3999.999882,5333.333215,0
4,12,4,246824,9,5333.333215,3999.999882,0
4,5,6,246824,12,2666.666548,3999.999882,0
4,6,5,246824,12,3999.999882,2666.666548,0
4,5,8,246824,12,2666.666548,3999.999882,0
4,8,5,246824,12,3999.999882,2666.666548,0
4,5,19,246824,27,2666.666548,3999.999882,0
4,19,5,246824,27,3999.999882,2666.666548,0
4,5,26,246824,29,2666.666548,7999.999882,0
4,26,5,246824,29,7999.999882,2666.666548,0
4,6,9,246824,11,3999.999882,3199.999882,0
4,9,6,246824,11,3199.999882,3999.999882,0
4,6,18,246824,21,3999.999882,5333.333215,0
4,18,6,246824,21,5333.333215,3999.999882,0
4,7,9,246824,12,5333.333215,3199.999882,0
4,9,7,246824,12,3199.999882,5333.333215,0
4,7,24,246824,24,5333.333215,7999.999882,0
4,24,7,246824,24,7999.999882,5333.333215,0
4,8,10,246824,11,3999.999882,3199.999882,0
4,10,8,246824,11,3199.999882,3999.999882,0
4,8,20,246824,38,3999.999882,7999.999882,0
4,20,8,246824,38,7999.999882,3999.999882,0
4,8,26,246824,29,3999.999882,7999.999882,0
4,26,8,246824,29,7999.999882,3999.999882,0
4,9,10,246824,11,3199.999882,3199.999882,0
4,10,9,246824,11,3199.999882,3199.999882,0
4,9,24,246824,23,3199.999882,7999.999882,0
4,24,9,246824,23,7999.999882,3199.999882,0
4,9,27,246824,29,3199.999882,7999.999882,0
4,27,9,246824,29,7999.999882,3199.999882,0
4,10,12,246824,11,3199.999882,5333.333215,0
4,12,10,246824,11,5333.333215,3199.999882,0
4,10,13,246824,8,3199.999882,3999.999882,0
4,13,10,246824,8,3999.999882,3199.999882,0
4,10,16,246824,21,3199.999882,5333.333215,0
4,16,10,246824,21,5333.333215,3199.999882,0
4,11,13,246824,9,5333.333215,3999.999882,0
4,13,11,246824,9,3999.999882,5333.333215,0
4,11,14,246824,9,5333.333215,3199.999882,0
4,14,11,246824,9,3199.999882,5333.333215,0
4,11,29,246824,30,5333.333215,7999.999882,0
4,29,11,246824,30,7999.999882,5333.333215,0
4,12,15,246824,42,5333.333215,7999.999882,0
4,15,12,246824,42,7999.999882,5333.333215,0
4,13,14,246824,7,3999.999882,3199.999882,0
4,14,13,246824,7,3199.999882,3999.999882,0
4,13,21,246824,35,3999.999882,7999.999882,0
4,21,13,246824,35,7999.999882,3999.999882,0
4,14,15,246824,39,3199.999882,7999.999882,0
4,15,14,246824,39,7999.999882,3199.999882,0
4,14,17,246824,20,3199.999882,3199.999882,0
4,17,14,246824,20,3199.999882,3199.999882,0
4,14,25,246824,26,3199.999882,7999.999882,0
4,25,14,246824,26,7999.999882,3199.999882,0
4,16,17,246824,24,5333.333215,3199.999882,0
4,17,16,246824,24,3199.999882,5333.333215,0
4,17,18,246824,24,3199.999882,5333.333215,0
4,18,17,246824,24,5333.333215,3199.999882,0
4,17,25,246824,30,3199.999882,7999.999882,0
4,25,17,246824,30,7999.999882,3199.999882,0
4,17,28,246824,34,3199.999882,7999.999882,0
4,28,17,246824,34,7999.999882,3199.999882,0
4,18,22,246824,27,5333.333215,7999.999882,0
4,22,18,246824,27,7999.999882,5333.333215,0
4,19,22,246824,31,3999.999882,7999.999882,0
4,22,19,246824,31,7999.999882,3999.999882,0
4,19,23,246824,30,3999.999882,7999.999882,0
4,23,19,246824,30,7999.999882,3999.999882,0
5,0,1,246824,12,3199.999882,3199.999882,0
5,1,0,246824,12,3199.999882,3199.999882,0
5,0,16,246824,22,3199.999882,5333.333215,0
5,16,0,246824,22,5333.333215,3199.999882,0
5,0,19,246824,27,3199.999882,7999.999882,0
5,19,0,246824,27,7999.999882,3199.999882,0
5,0,21,246824,38,3199.999882,5333.333215,0
5,21,0,246824,38,5333.333215,3199.999882,0
5,0,23,246824,25,3199.999882,3999.999882,0
5,23,0,246824,25,3999.999882,3199.999882,0
5,1,2,246824,10,3199.999882,5333.333215,0
5,2,1,246824,10,5333.333215,3199.999882,0
5,1,3,246824,11,3199.999882,3999.999882,0
5,3,1,246824,11,3999.999882,3199.999882,0
5,1,4,246824,9,3199.999882,2285.714167,0
5,4,1,246824,9,2285.714167,3199.999882,0
5,1,20,246824,37,3199.999882,5333.333215,0
5,20,1,246824,37,5333.333215,3199.999882,0
5,2,4,246824,8,5333.333215,2285.714167,0
5,4,2,246824,8,2285.714167,5333.333215,0
5,2,29,246824,28,5333.333215,5333.333215,0
5,29,2,246824,28,5333.333215,5333.333215,0
5,3,5,246824,11,3999.999882,3999.999882,0
5,5,3,246824,11,3999.999882,3999.999882,0
5,3,6,246824,11,3999.999882,3999.999882,0
5,6,3,246824,11,3999.999882,3999.999882,0
5,3,28,246824,32,3999.999882,7999.999882,0
5,28,3,246824,32,7999.999882,3999.999882,0
5,4,5,246824,9,2285.714167,3999.999882,0
5,5,4,246824,9,3999.999882,2285.714167,0
5,4,6,246824,9,2285.714167,3999.999882,0
5,6,4,246824,9,3999.999882,2285.714167,0
5,4,7,246824,9,2285.714167,7999.999882,0
5,7,4,246824,9,7999.999882,2285.714167,0
5,4,12,246824,9,2285.714167,5333.333215,0
5,12,4,246824,9,5333.333215,2285.714167,0
5,4,13,246824,6,2285.714167,2666.666548,0
5,13,4,246824,6,2666.666548,2285.714167,0
5,5,8,246824,12,3999.999882,2666.666548,0
5,8,5,246824,12,2666.666548,3999.999882,0
5,5,26,246824,29,3999.999882,7999.999882,0
5,26,5,246824,29,7999.999882,3999.999882,0
5,6,9,246824,11,3999.999882,3199.999882,0
5,9,6,246824,11,3199.999882,3999.999882,0
5,6,18,246824,21,3999.999882,3999.999882,0
5,18,6,246824,21,3999.999882,3999.999882,0
5,7,10,246824,11,7999.999882,3999.999882,0
5,10,7,246824,11,3999.999882,7999.999882,0
5,8,9,246824,12,2666.666548,3199.999882,0
5,9,8,246824,12,3199.999882,2666.666548,0
5,8,10,246824,11,2666.666548,3999.999882,0
5,10,8,246824,11,3999.999882,2666.666548,0
5,8,19,246824,27,2666.666548,7999.999882,0
5,19,8,246824,27,7999.999882,2666.666548,0
5,8,20,246824,38,2666.666548,5333.333215,0
5,20,8,246824,38,5333.333215,2666.666548,0
5,8,26,246824,29,2666.666548,7999.999882,0
5,26,8,246824,29,7999.999882,2666.666548,0
5,9,12,246824,12,3199.999882,5333.333215,0
5,12,9,246824,12,5333.333215,3199.999882,0
5,9,24,246824,23,3199.999882,7999.999882,0
5,24,9,246824,23,7999.999882,3199.999882,0
5,9,27,246824,29,3199.999882,7999.999882,0
5,27,9,246824,29,7999.999882,3199.999882,0
5,10,13,246824,8,3999.999882,2666.666548,0
5,13,10,246824,8,2666.666548,3999.999882,0
5,10,16,246824,21,3999.999882,5333.333215,0
5,16,10,246824,21,5333.333215,3999.999882,0
5,11,13,246824,9,3999.999882,2666.666548,0
5,13,11,246824,9,2666.666548,3999.999882,0
5,11,14,246824,9,3999.999882,2666.666548,0
5,14,11,246824,9,2666.666548,3999.999882,0
5,11,27,246824,29,3999.999882,7999.999882,0
5,27,11,246824,29,7999.999882,3999.999882,0
5,11,29,246824,30,3999.999882,5333.333215,0
5,29,11,246824,30,5333.333215,3999.999882,0
5,12,15,246824,42,5333.333215,7999.999882,0
5,15,12,246824,42,7999.999882,5333.333215,0
5,13,14,246824,7,2666.666548,2666.666548,0
5,14,13,246824,7,2666.666548,2666.666548,0
5,13,16,246824,19,2666.666548,5333.333215,0
5,16,13,246824,19,5333.333215,2666.666548,0
5,13,21,246824,35,2666.666548,5333.333215,0
5,21,13,246824,35,5333.333215,2666.666548,0
5,14,15,246824,39,2666.666548,7999.999882,0
5,15,14,246824,39,7999.999882,2666.666548,0
5,14,17,246824,20,2666.666548,7999.999882,0
5,17,14,246824,20,7999.999882,2666.666548,0
5,14,24,246824,21,2666.666548,7999.999882,0
5,24,14,246824,21,7999.999882,2666.666548,0
5,14,25,246824,26,2666.666548,7999.999882,0
5,25,14,246824,26,7999.999882,2666.666548,0
5,17,18,246824,24,7999.999882,3999.999882,0
5,18,17,246824,24,3999.999882,7999.999882,0
5,18,20,246824,39,3999.999882,5333.333215,0
5,20,18,246824,39,5333.333215,3999.999882,0
5,18,22,246824,27,3999.999882,7999.999882,0
5,22,18,246824,27,7999.999882,3999.999882,0
5,21,23,246824,40,5333.333215,3999.999882,0
5,23,21,246824,40,3999.999882,5333.333215,0
5,22,23,246824,29,7999.999882,3999.999882,0
5,23,22,246824,29,3999.999882,7999.999882,0
5,23,25,246824,31,3999.999882,7999.999882,0
5,25,23,246824,31,7999.999882,3999.999882,0
5,28,29,246824,37,7999.999882,5333.333215,0
5,29,28,246824,37,5333.333215,7999.999882,0
6,0,1,246824,12,3995.833215,3196.666548,0
6,1,0,246824,12,3196.666548,3995.833215,0
6,0,19,246824,27,3995.833215,7991.666548,0
6,19,0,246824,27,7991.666548,3995.833215,0
6,0,23,246824,25,3995.833215,3995.833215,0
6,23,0,246824,25,3995.833215,3995.833215,0
6,0,29,246824,31,3995.833215,5327.777659,0
6,29,0,246824,31,5327.777659,3995.833215,0
6,1,2,246824,10,3196.666548,3995.833215,0
6,2,1,246824,10,3995.833215,3196.666548,0
6,1,3,246824,11,3196.666548,3196.666548,0
6,3,1,246824,11,3196.666548,3196.666548,0
6,1,4,246824,9,3196.666548,3995.833215,0
6,4,1,246824,9,3995.833215,3196.666548,0
6,1,20,246824,37,3196.666548,7991.666548,0
6,20,1,246824,37,7991.666548,3196.666548,0
6,2,4,246824,8,3995.833215,3995.833215,0
6,4,2,246824,8,3995.833215,3995.833215,0
6,2,15,246824,39,3995.833215,7991.666548,0
6,15,2,246824,39,7991.666548,3995.833215,0
6,2,21,246824,35,3995.833215,5327.777659,0
6,21,2,246824,35,5327.777659,3995.833215,0
6,3,5,246824,11,3196.666548,3196.666548,0
6,5,3,246824,11,3196.666548,3196.666548,0
6,3,6,246824,11,3196.666548,3196.666548,0
6,6,3,246824,11,3196.666548,3196.666548,0
6,3,27,246824,29,3196.666548,7991.666548,0
6,27,3,246824,29,7991.666548,3196.666548,0
6,3,28,246824,32,3196.666548,7991.666548,0
6,28,3,246824,32,7991.666548,3196.666548,0
6,4,7,246824,9,3995.833215,3995.833215,0
6,7,4,246824,9,3995.833215,3995.833215,0
6,4,13,246824,6,3995.833215,2283.333215,0
6,13,4,246824,6,2283.333215,3995.833215,0
6,5,6,246824,12,3196.666548,3196.666548,0
6,6,5,246824,12,3196.666548,3196.666548,0
6,5,19,246824,27,3196.666548,7991.666548,0
6,19,5,246824,27,7991.666548,3196.666548,0
6,5,24,246824,24,3196.666548,5327.777659,0
6,24,5,246824,24,5327.777659,3196.666548,0
6,5,26,246824,29,3196.666548,7991.666548,0
6,26,5,246824,29,7991.666548,3196.666548,0
6,6,7,246824,12,3196.666548,3995.833215,0
6,7,6,246824,12,3995.833215,3196.666548,0
6,6,9,246824,11,3196.666548,2663.888771,0
6,9,6,246824,11,2663.888771,3196.666548,0
6,6,18,246824,21,3196.666548,7991.666548,0
6,18,6,246824,21,7991.666548,3196.666548,0
6,7,9,246824,12,3995.833215,2663.888771,0
6,9,7,246824,12,2663.888771,3995.833215,0
6,7,10,246824,11,3995.833215,3995.833215,0
6,10,7,246824,11,3995.833215,3995.833215,0
6,8,9,246824,12,3995.833215,2663.888771,0
6,9,8,246824,12,2663.888771,3995.833215,0
6,8,10,246824,11,3995.833215,3995.833215,0
6,10,8,246824,11,3995.833215,3995.833215,0
6,8,20,246824,38,3995.833215,7991.666548,0
6,20,8,246824,38,7991.666548,3995.833215,0
6,8,26,246824,29,3995.833215,7991.666548,0
6,26,8,246824,29,7991.666548,3995.833215,0
6,9,12,246824,12,2663.888771,7991.666548,0
6,12,9,246824,12,7991.666548,2663.888771,0
6,9,24,246824,23,2663.888771,5327.777659,0
6,24,9,246824,23,5327.777659,2663.888771,0
6,9,27,246824,29,2663.888771,7991.666548,0
6,27,9,246824,29,7991.666548,2663.888771,0
6,10,13,246824,8,3995.833215,2283.333215,0
6,13,10,246824,8,2283.333215,3995.833215,0
6,10,16,246824,21,3995.833215,5327.777659,0
6,16,10,246824,21,5327.777659,3995.833215,0
6,11,13,246824,9,5327.777659,2283.333215,0
6,13,11,246824,9,2283.333215,5327.777659,0
6,11,14,246824,9,5327.777659,3196.666548,0
6,14,11,246824,9,3196.666548,5327.777659,0
6,11,29,246824,30,5327.777659,5327.777659,0
6,29,11,246824,30,5327.777659,5327.777659,0
6,12,13,246824,9,7991.666548,2283.333215,0
6,13,12,246824,9,2283.333215,7991.666548,0
6,13,14,246824,7,2283.333215,3196.666548,0
6,14,13,246824,7,3196.666548,2283.333215,0
6,13,16,246824,19,2283.333215,5327.777659,0
6,16,13,246824,19,5327.777659,2283.333215,0
6,13,21,246824,35,2283.333215,5327.777659,0
6,21,13,246824,35,5327.777659,2283.333215,0
6,14,15,246824,39,3196.666548,7991.666548,0
6,15,14,246824,39,7991.666548,3196.666548,0
6,14,17,246824,20,3196.666548,5327.777659,0
6,17,14,246824,20,5327.777659,3196.666548,0
6,14,25,246824,26,3196.666548,7991.666548,0
6,25,14,246824,26,7991.666548,3196.666548,0
6,16,17,246824,24,5327.777659,5327.777659,0
6,17,16,246824,24,5327.777659,5327.777659,0
6,17,18,246824,24,5327.777659,7991.666548,0
6,18,17,246824,24,7991.666548,5327.777659,0
6,21,23,246824,40,5327.777659,3995.833215,0
6,23,21,246824,40,3995.833215,5327.777659,0
6,22,23,246824,29,7991.666548,3995.833215,0
6,23,22,246824,29,3995.833215,7991.666548,0
6,22,24,246824,28,7991.666548,5327.777659,0
6,24,22,246824,28,5327.777659,7991.666548,0
6,23,25,246824,31,3995.833215,7991.666548,0
6,25,23,246824,31,7991.666548,3995.833215,0
6,28,29,246824,37,7991.666548,5327.777659,0
6,29,28,246824,37,5327.777659,7991.666548,0
7,0,1,246824,12,3199.999882,3199.999882,0
7,1,0,246824,12,3199.999882,3199.999882,0
7,0,16,246824,22,3199.999882,3999.999882,0
7,16,0,246824,22,3999.999882,3199.999882,0
7,0,19,246824,27,3199.999882,3999.999882,0
7,19,0,246824,27,3999.999882,3199.999882,0
7,0,23,246824,25,3199.999882,7999.999882,0
7,23,0,246824,25,7999.999882,3199.999882,0
7,0,27,246824,30,3199.999882,7999.999882,0
7,27,0,246824,30,7999.999882,3199.999882,0
7,1,2,246824,10,3199.999882,3999.999882,0
7,2,1,246824,10,3999.999882,3199.999882,0
7,1,3,246824,11,3199.999882,3999.999882,0
7,3,1,246824,11,3999.999882,3199.999882,0
7,1,4,246824,9,3199.999882,2666.666548,0
7,4,1,246824,9,2666.666548,3199.999882,0
7,1,20,246824,37,3199.999882,7999.999882,0
7,20,1,246824,37,7999.999882,3199.999882,0
7,2,5,246824,11,3999.999882,3199.999882,0
7,5,2,246824,11,3199.999882,3999.999882,0
7,2,21,246824,35,3999.999882,7999.999882,0
7,21,2,246824,35,7999.999882,3999.999882,0
7,2,29,246824,28,3999.999882,7999.999882,0
7,29,2,246824,28,7999.999882,3999.999882,0
7,3,5,246824,11,3999.999882,3199.999882,0
7,5,3,246824,11,3199.999882,3999.999882,0
7,3,6,246824,11,3999.999882,5333.333215,0
7,6,3,246824,11,5333.333215,3999.999882,0
7,3,28,246824,32,3999.999882,7999.999882,0
7,28,3,246824,32,7999.999882,3999.999882,0
7,4,5,246824,9,2666.666548,3199.999882,0
7,5,4,246824,9,3199.999882,2666.666548,0
7,4,6,246824,9,2666.666548,5333.333215,0
7,6,4,246824,9,5333.333215,2666.666548,0
7,4,7,246824,9,2666.666548,7999.999882,0
7,7,4,246824,9,7999.999882,2666.666548,0
7,4,12,246824,9,2666.666548,3199.999882,0
7,12,4,246824,9,3199.999882,2666.666548,0
7,4,13,246824,6,2666.666548,2285.714167,0
7,13,4,246824,6,2285.714167,2666.666548,0
7,5,8,246824,12,3199.999882,3199.999882,0
7,8,5,246824,12,3199.999882,3199.999882,0
7,5,26,246824,29,3199.999882,7999.999882,0
7,26,5,246824,29,7999.999882,3199.999882,0
7,6,18,246824,21,5333.333215,5333.333215,0
7,18,6,246824,21,5333.333215,5333.333215,0
7,7,9,246824,12,7999.999882,3199.999882,0
7,9,7,246824,12,3199.999882,7999.999882,0
7,8,9,246824,12,3199.999882,3199.999882,0
7,9,8,246824,12,3199.999882,3199.999882,0
7,8,19,246824,27,3199.999882,3999.999882,0
7,19,8,246824,27,3999.999882,3199.999882,0
7,8,20,246824,38,3199.999882,7999.999882,0
7,20,8,246824,38,7999.999882,3199.999882,0
7,8,26,246824,29,3199.999882,7999.999882,0
7,26,8,246824,29,7999.999882,3199.999882,0
7,9,10,246824,11,3199.999882,5333.333215,0
7,10,9,246824,11,5333.333215,3199.999882,0
7,9,12,246824,12,3199.999882,3199.999882,0
7,12,9,246824,12,3199.999882,3199.999882,0
7,9,24,246824,23,3199.999882,7999.999882,0
7,24,9,246824,23,7999.999882,3199.999882,0
7,10,12,246824,11,5333.333215,3199.999882,0
7,12,10,246824,11,3199.999882,5333.333215,0
7,10,13,246824,8,5333.333215,2285.714167,0
7,13,10,246824,8,2285.714167,5333.333215,0
7,11,13,246824,9,3999.999882,2285.714167,0
7,13,11,246824,9,2285.714167,3999.999882,0
7,11,14,246824,9,3999.999882,2666.666548,0
7,14,11,246824,9,2666.666548,3999.999882,0
7,11,27,246824,29,3999.999882,7999.999882,0
7,27,11,246824,29,7999.999882,3999.999882,0
7,11,29,246824,30,3999.999882,7999.999882,0
7,29,11,246824,30,7999.999882,3999.999882,0
7,12,13,246824,9,3199.999882,2285.714167,0
7,13,12,246824,9,2285.714167,3199.999882,0
7,12,15,246824,42,3199.999882,7999.999882,0
7,15,12,246824,42,7999.999882,3199.999882,0
7,13,14,246824,7,2285.714167,2666.666548,0
7,14,13,246824,7,2666.666548,2285.714167,0
7,13,16,246824,19,2285.714167,3999.999882,0
7,16,13,246824,19,3999.999882,2285.714167,0
7,13,21,246824,35,2285.714167,7999.999882,0
7,21,13,246824,35,7999.999882,2285.714167,0
7,14,15,246824,39,2666.666548,7999.999882,0
7,15,14,246824,39,7999.999882,2666.666548,0
7,14,17,246824,20,2666.666548,3999.999882,0
7,17,14,246824,20,3999.999882,2666.666548,0
7,14,24,246824,21,2666.666548,7999.999882,0
7,24,14,246824,21,7999.999882,2666.666548,0
7,14,25,246824,26,2666.666548,7999.999882,0
7,25,14,246824,26,7999.999882,2666.666548,0
7,16,17,246824,24,3999.999882,3999.999882,0
7,17,16,246824,24,3999.999882,3999.999882,0
7,16,18,246824,24,3999.999882,5333.333215,0
7,18,16,246824,24,5333.333215,3999.999882,0
7,17,25,246824,30,3999.999882,7999.999882,0
7,25,17,246824,30,7999.999882,3999.999882,0
7,17,28,246824,34,3999.999882,7999.999882,0
7,28,17,246824,34,7999.999882,3999.999882,0
7,18,22,246824,27,5333.333215,7999.999882,0
7,22,18,246824,27,7999.999882,5333.333215,0
7,19,22,246824,31,3999.999882,7999.999882,0
7,22,19,246824,31,7999.999882,3999.999882,0
7,19,23,246824,30,3999.999882,7999.999882,0
7,23,19,246824,30,7999.999882,3999.999882,0
8,0,1,246824,12,2662.499882,3194.999882,0
8,1,0,246824,12,3194.999882,2662.499882,0
8,0,16,246824,22,2662.499882,5324.999882,0
8,16,0,246824,22,5324.999882,2662.499882,0
8,0,19,246824,27,2662.499882,7987.499882,0
8,19,0,246824,27,7987.499882,2662.499882,0
8,0,21,246824,38,2662.499882,7987.499882,0
8,21,0,246824,38,7987.499882,2662.499882,0
8,0,23,246824,25,2662.499882,7987.499882,0
8,23,0,246824,25,7987.499882,2662.499882,0
8,0,29,246824,31,2662.499882,5324.999882,0
8,29,0,246824,31,5324.999882,2662.499882,0
8,1,2,246824,10,3194.999882,3993.749882,0
8,2,1,246824,10,3993.749882,3194.999882,0
8,1,3,246824,11,3194.999882,5324.999882,0
8,3,1,246824,11,5324.999882,3194.999882,0
8,1,4,246824,9,3194.999882,3194.999882,0
8,4,1,246824,9,3194.999882,3194.999882,0
8,1,20,246824,37,3194.999882,7987.499882,0
8,20,1,246824,37,7987.499882,3194.999882,0
8,2,4,246824,8,3993.749882,3194.999882,0
8,4,2,246824,8,3194.999882,3993.749882,0
8,2,15,246824,39,3993.749882,7987.499882,0
8,15,2,246824,39,7987.499882,3993.749882,0
8,2,29,246824,28,3993.749882,5324.999882,0
8,29,2,246824,28,5324.999882,3993.749882,0
8,3,6,246824,11,5324.999882,3993.749882,0
8,6,3,246824,11,3993.749882,5324.999882,0
8,3,28,246824,32,5324.999882,7987.499882,0
8,28,3,246824,32,7987.499882,5324.999882,0
8,4,5,246824,9,3194.999882,3194.999882,0
8,5,4,246824,9,3194.999882,3194.999882,0
8,4,7,246824,9,3194.999882,5324.999882,0
8,7,4,246824,9,5324.999882,3194.999882,0
8,4,13,246824,6,3194.999882,2662.499882,0
8,13,4,246824,6,2662.499882,3194.999882,0
8,5,6,246824,12,3194.999882,3993.749882,0
8,6,5,246824,12,3993.749882,3194.999882,0
8,5,8,246824,12,3194.999882,3993.749882,0
8,8,5,246824,12,3993.749882,3194.999882,0
8,5,19,246824,27,3194.999882,7987.499882,0
8,19,5,246824,27,7987.499882,3194.999882,0
8,5,26,246824,29,3194.999882,5324.999882,0
8,26,5,246824,29,5324.999882,3194.999882,0
8,6,9,246824,11,3993.749882,3194.999882,0
8,9,6,246824,11,3194.999882,3993.749882,0
8,6,18,246824,21,3993.749882,5324.999882,0
8,18,6,246824,21,5324.999882,3993.749882,0
8,7,10,246824,11,5324.999882,3194.999882,0
8,10,7,246824,11,3194.999882,5324.999882,0
8,7,24,246824,24,5324.999882,7987.499882,0
8,24,7,246824,24,7987.499882,5324.999882,0
8,8,9,246824,12,3993.749882,3194.999882,0
8,9,8,246824,12,3194.999882,3993.749882,0
8,8,20,246824,38,3993.749882,7987.499882,0
8,20,8,246824,38,7987.499882,3993.749882,0
8,8,26,246824,29,3993.749882,5324.999882,0
8,26,8,246824,29,5324.999882,3993.749882,0
8,9,10,246824,11,3194.999882,3194.999882,0
8,10,9,246824,11,3194.999882,3194.999882,0
8,9,12,246824,12,3194.999882,7987.499882,0
8,12,9,246824,12,7987.499882,3194.999882,0
8,9,27,246824,29,3194.999882,7987.499882,0
8,27,9,246824,29,7987.499882,3194.999882,0
8,10,12,246824,11,3194.999882,7987.499882,0
8,12,10,246824,11,7987.499882,3194.999882,0
8,10,13,246824,8,3194.999882,2662.499882,0
8,13,10,246824,8,2662.499882,3194.999882,0
8,10,16,246824,21,3194.999882,5324.999882,0
8,16,10,246824,21,5324.999882,3194.999882,0
8,11,13,246824,9,5324.999882,2662.499882,0
8,13,11,246824,9,2662.499882,5324.999882,0
8,11,14,246824,9,5324.999882,2662.499882,0
8,14,11,246824,9,2662.499882,5324.999882,0
8,11,27,246824,29,5324.999882,7987.499882,0
8,27,11,246824,29,7987.499882,5324.999882,0
8,13,14,246824,7,2662.499882,2662.499882,0
8,14,13,246824,7,2662.499882,2662.499882,0
8,13,16,246824,19,2662.499882,5324.999882,0
8,16,13,246824,19,5324.999882,2662.499882,0
8,13,21,246824,35,2662.499882,7987.499882,0
8,21,13,246824,35,7987.499882,2662.499882,0
8,14,15,246824,39,2662.499882,7987.499882,0
8,15,14,246824,39,7987.499882,2662.499882,0
8,14,17,246824,20,2662.499882,5324.999882,0
8,17,14,246824,20,5324.999882,2662.499882,0
8,14,24,246824,21,2662.499882,7987.499882,0
8,24,14,246824,21,7987.499882,2662.499882,0
8,14,25,246824,26,2662.499882,5324.999882,0
8,25,14,246824,26,5324.999882,2662.499882,0
8,17,18,246824,24,5324.999882,5324.999882,0
8,18,17,246824,24,5324.999882,5324.999882,0
8,17,25,246824,30,5324.999882,5324.999882,0
8,25,17,246824,30,5324.999882,5324.999882,0
8,18,22,246824,27,5324.999882,7987.499882,0
8,22,18,246824,27,7987.499882,5324.999882,0
8,22,23,246824,29,7987.499882,7987.499882,0
8,23,22,246824,29,7987.499882,7987.499882,0
8,25,26,246824,35,5324.999882,5324.999882,0
8,26,25,246824,35,5324.999882,5324.999882,0
8,28,29,246824,37,7987.499882,5324.999882,0
8,29,28,246824,37,5324.999882,7987.499882,0
9,0,1,246824,12,7999.999882,3199.999882,0
9,1,0,246824,12,3199.999882,7999.999882,0
9,0,23,246824,25,7999.999882,7999.999882,0
9,23,0,246824,25,7999.999882,7999.999882,0
9,1,2,246824,10,3199.999882,3999.999882,0
9,2,1,246824,10,3999.999882,3199.999882,0
9,1,3,246824,11,3199.999882,3199.999882,0
9,3,1,246824,11,3199.999882,3199.999882,0
9,1,4,246824,9,3199.999882,2666.666548,0
9,4,1,246824,9,2666.666548,3199.999882,0
9,1,20,246824,37,3199.999882,7999.999882,0
9,20,1,246824,37,7999.999882,3199.999882,0
9,2,5,246824,11,3999.999882,2285.714167,0
9,5,2,246824,11,2285.714167,3999.999882,0
9,2,21,246824,35,3999.999882,5333.333215,0
9,21,2,246824,35,5333.333215,3999.999882,0
9,2,29,246824,28,3999.999882,7999.999882,0
9,29,2,246824,28,7999.999882,3999.999882,0
9,3,5,246824,11,3199.999882,2285.714167,0
9,5,3,246824,11,2285.714167,3199.999882,0
9,3,6,246824,11,3199.999882,5333.333215,0
9,6,3,246824,11,5333.333215,3199.999882,0
9,3,27,246824,29,3199.999882,7999.999882,0
9,27,3,246824,29,7999.999882,3199.999882,0
9,3,28,246824,32,3199.999882,7999.999882,0
9,28,3,246824,32,7999.999882,3199.999882,0
9,4,5,246824,9,2666.666548,2285.714167,0
9,5,4,246824,9,2285.714167,2666.666548,0
9,4,6,246824,9,2666.666548,5333.333215,0
9,6,4,246824,9,5333.333215,2666.666548,0
9,4,7,246824,9,2666.666548,5333.333215,0
9,7,4,246824,9,5333.333215,2666.666548,0
9,4,12,246824,9,2666.666548,5333.333215,0
9,12,4,246824,9,5333.333215,2666.666548,0
9,4,13,246824,6,2666.666548,2666.666548,0
9,13,4,246824,6,2666.666548,2666.666548,0
9,5,8,246824,12,2285.714167,2666.666548,0
9,8,5,246824,12,2666.666548,2285.714167,0
9,5,19,246824,27,2285.714167,7999.999882,0
9,19,5,246824,27,7999.999882,2285.714167,0
9,5,24,246824,24,2285.714167,5333.333215,0
9,24,5,246824,24,5333.333215,2285.714167,0
9,5,26,246824,29,2285.714167,7999.999882,0
9,26,5,246824,29,7999.999882,2285.714167,0
9,6,18,246824,21,5333.333215,5333.333215,0
9,18,6,246824,21,5333.333215,5333.333215,0
9,7,9,246824,12,5333.333215,5333.333215,0
9,9,7,246824,12,5333.333215,5333.333215,0
9,7,10,246824,11,5333.333215,5333.333215,0
9,10,7,246824,11,5333.333215,5333.333215,0
9,8,9,246824,12,2666.666548,5333.333215,0
9,9,8,246824,12,5333.333215,2666.666548,0
9,8,10,246824,11,2666.666548,5333.333215,0
9,10,8,246824,11,5333.333215,2666.666548,0
9,8,19,246824,27,2666.666548,7999.999882,0
9,19,8,246824,27,7999.999882,2666.666548,0
9,8,20,246824,38,2666.666548,7999.999882,0
9,20,8,246824,38,7999.999882,2666.666548,0
9,8,26,246824,29,2666.666548,7999.999882,0
9,26,8,246824,29,7999.999882,2666.666548,0
9,9,27,246824,29,5333.333215,7999.999882,0
9,27,9,246824,29,7999.999882,5333.333215,0
9,10,16,246824,21,5333.333215,7999.999882,0
9,16,10,246824,21,7999.999882,5333.333215,0
9,11,13,246824,9,5333.333215,2666.666548,0
9,13,11,246824,9,2666.666548,5333.333215,0
9,11,14,246824,9,5333.333215,2666.666548,0
9,14,11,246824,9,2666.666548,5333.333215,0
9,11,29,246824,30,5333.333215,7999.999882,0
9,29,11,246824,30,7999.999882,5333.333215,0
9,12,13,246824,9,5333.333215,2666.666548,0
9,13,12,246824,9,2666.666548,5333.333215,0
9,12,15,246824,42,5333.333215,7999.999882,0
9,15,12,246824,42,7999.999882,5333.333215,0
9,13,14,246824,7,2666.666548,2666.666548,0
9,14,13,246824,7,2666.666548,2666.666548,0
9,13,16,246824,19,2666.666548,7999.999882,0
9,16,13,246824,19,7999.999882,2666.666548,0
9,13,21,246824,35,2666.666548,5333.333215,0
9,21,13,246824,35,5333.333215,2666.666548,0
9,14,15,246824,39,2666.666548,7999.999882,0
9,15,14,246824,39,7999.999882,2666.666548,0
9,14,17,246824,20,2666.666548,3999.999882,0
9,17,14,246824,20,3999.999882,2666.666548,0
9,14,24,246824,21,2666.666548,5333.333215,0
9,24,14,246824,21,5333.333215,2666.666548,0
9,14,25,246824,26,2666.666548,7999.999882,0
9,25,14,246824,26,7999.999882,2666.666548,0
9,17,18,246824,24,3999.999882,5333.333215,0
9,18,17,246824,24,5333.333215,3999.999882,0
9,17,25,246824,30,3999.999882,7999.999882,0
9,25,17,246824,30,7999.999882,3999.999882,0
9,17,28,246824,34,3999.999882,7999.999882,0
9,28,17,246824,34,7999.999882,3999.999882,0
9,18,22,246824,27,5333.333215,7999.999882,0
9,22,18,246824,27,7999.999882,5333.333215,0
9,21,23,246824,40,5333.333215,7999.999882,0
9,23,21,246824,40,7999.999882,5333.333215,0
9,22,24,246824,28,7999.999882,5333.333215,0
9,24,22,246824,28,5333.333215,7999.999882,0
10,0,1,246824,12,2662.499882,3993.749882,0
10,1,0,246824,12,3993.749882,2662.499882,0
10,0,16,246824,22,2662.499882,5324.999882,0
10,16,0,246824,22,5324.999882,2662.499882,0
10,0,19,246824,27,2662.499882,5324.999882,0
10,19,0,246824,27,5324.999882,2662.499882,0
10,0,21,246824,38,2662.499882,7987.499882,0
10,21,0,246824,38,7987.499882,2662.499882,0
10,0,23,246824,25,2662.499882,5324.999882,0
10,23,0,246824,25,5324.999882,2662.499882,0
10,0,29,246824,31,2662.499882,5324.999882,0
10,29,0,246824,31,5324.999882,2662.499882,0
10,1,2,246824,10,3993.749882,3993.749882,0
10,2,1,246824,10,3993.749882,3993.749882,0
10,1,3,246824,11,3993.749882,3993.749882,0
10,3,1,246824,11,3993.749882,3993.749882,0
10,1,20,246824,37,3993.749882,7987.499882,0
10,20,1,246824,37,7987.499882,3993.749882,0
10,2,4,246824,8,3993.749882,3993.749882,0
10,4,2,246824,8,3993.749882,3993.749882,0
10,2,5,246824,11,3993.749882,5324.999882,0
10,5,2,246824,11,5324.999882,3993.749882,0
10,2,15,246824,39,3993.749882,7987.499882,0
10,15,2,246824,39,7987.499882,3993.749882,0
10,3,6,246824,11,3993.749882,2662.499882,0
10,6,3,246824,11,2662.499882,3993.749882,0
10,3,27,246824,29,3993.749882,7987.499882,0
10,27,3,246824,29,7987.499882,3993.749882,0
10,3,28,246824,32,3993.749882,7987.499882,0
10,28,3,246824,32,7987.499882,3993.749882,0
10,4,6,246824,9,3993.749882,2662.499882,0
10,6,4,246824,9,2662.499882,3993.749882,0
10,4,12,246824,9,3993.749882,3993.749882,0
10,12,4,246824,9,3993.749882,3993.749882,0
10,4,13,246824,6,3993.749882,2662.499882,0
10,13,4,246824,6,2662.499882,3993.749882,0
10,5,6,246824,12,5324.999882,2662.499882,0
10,6,5,246824,12,2662.499882,5324.999882,0
10,5,26,246824,29,5324.999882,7987.499882,0
10,26,5,246824,29,7987.499882,5324.999882,0
10,6,7,246824,12,2662.499882,7987.499882,0
10,7,6,246824,12,7987.499882,2662.499882,0
10,6,9,246824,11,2662.499882,3194.999882,0
10,9,6,246824,11,3194.999882,2662.499882,0
10,6,18,246824,21,2662.499882,7987.499882,0
10,18,6,246824,21,7987.499882,2662.499882,0
10,7,9,246824,12,7987.499882,3194.999882,0
10,9,7,246824,12,3194.999882,7987.499882,0
10,8,9,246824,12,3194.999882,3194.999882,0
10,9,8,246824,12,3194.999882,3194.999882,0
10,8,10,246824,11,3194.999882,3993.749882,0
10,10,8,246824,11,3993.749882,3194.999882,0
10,8,19,246824,27,3194.999882,5324.999882,0
10,19,8,246824,27,5324.999882,3194.999882,0
10,8,20,246824,38,3194.999882,7987.499882,0
10,20,8,246824,38,7987.499882,3194.999882,0
10,8,26,246824,29,3194.999882,7987.499882,0
10,26,8,246824,29,7987.499882,3194.999882,0
10,9,12,246824,12,3194.999882,3993.749882,0
10,12,9,246824,12,3993.749882,3194.999882,0
10,9,24,246824,23,3194.999882,5324.999882,0
10,24,9,246824,23,5324.999882,3194.999882,0
10,10,12,246824,11,3993.749882,3993.749882,0
10,12,10,246824,11,3993.749882,3993.749882,0
10,10,13,246824,8,3993.749882,2662.499882,0
10,13,10,246824,8,2662.499882,3993.749882,0
10,10,16,246824,21,3993.749882,5324.999882,0
10,16,10,246824,21,5324.999882,3993.749882,0
10,11,13,246824,9,3993.749882,2662.499882,0
10,13,11,246824,9,2662.499882,3993.749882,0
10,11,14,246824,9,3993.749882,2662.499882,0
10,14,11,246824,9,2662.499882,3993.749882,0
10,11,27,246824,29,3993.749882,7987.499882,0
10,27,11,246824,29,7987.499882,3993.749882,0
10,11,29,246824,30,3993.749882,5324.999882,0
10,29,11,246824,30,5324.999882,3993.749882,0
10,12,13,246824,9,3993.749882,2662.499882,0
10,13,12,246824,9,2662.499882,3993.749882,0
10,13,14,246824,7,2662.499882,2662.499882,0
10,14,13,246824,7,2662.499882,2662.499882,0
10,13,21,246824,35,2662.499882,7987.499882,0
10,21,13,246824,35,7987.499882,2662.499882,0
10,14,15,246824,39,2662.499882,7987.499882,0
10,15,14,246824,39,7987.499882,2662.499882,0
10,14,17,246824,20,2662.499882,7987.499882,0
10,17,14,246824,20,7987.499882,2662.499882,0
10,14,24,246824,21,2662.499882,5324.999882,0
10,24,14,246824,21,5324.999882,2662.499882,0
10,14,25,246824,26,2662.499882,7987.499882,0
10,25,14,246824,26,7987.499882,2662.499882,0
10,16,17,246824,24,5324.999882,7987.499882,0
10,17,16,246824,24,7987.499882,5324.999882,0
10,18,22,246824,27,7987.499882,7987.499882,0
10,22,18,246824,27,7987.499882,7987.499882,0
10,19,23,246824,30,5324.999882,5324.999882,0
10,23,19,246824,30,5324.999882,5324.999882,0
10,22,24,246824,28,7987.499882,5324.999882,0
10,24,22,246824,28,5324.999882,7987.499882,0
10,23,25,246824,31,5324.999882,7987.499882,0
10,25,23,246824,31,7987.499882,5324.999882,0
10,28,29,246824,37,7987.499882,5324.999882,0
10,29,28,246824,37,5324.999882,7987.499882,0
11,0,1,246824,12,3999.999882,3199.999882,0
11,1,0,246824,12,3199.999882,3999.999882,0
11,0,19,246824,27,3999.999882,7999.999882,0
11,19,0,246824,27,7999.999882,3999.999882,0
11,0,23,246824,25,3999.999882,7999.999882,0
11,23,0,246824,25,7999.999882,3999.999882,0
11,0,27,246824,30,3999.999882,7999.999882,0
11,27,0,246824,30,7999.999882,3999.999882,0
11,1,2,246824,10,3199.999882,3199.999882,0
11,2,1,246824,10,3199.999882,3199.999882,0
11,1,3,246824,11,3199.999882,3999.999882,0
11,3,1,246824,11,3999.999882,3199.999882,0
11,1,4,246824,9,3199.999882,3199.999882,0
11,4,1,246824,9,3199.999882,3199.999882,0
11,1,20,246824,37,3199.999882,5333.333215,0
11,20,1,246824,37,5333.333215,3199.999882,0
11,2,4,246824,8,3199.999882,3199.999882,0
11,4,2,246824,8,3199.999882,3199.999882,0
11,2,15,246824,39,3199.999882,7999.999882,0
11,15,2,246824,39,7999.999882,3199.999882,0
11,2,21,246824,35,3199.999882,7999.999882,0
11,21,2,246824,35,7999.999882,3199.999882,0
11,2,29,246824,28,3199.999882,7999.999882,0
11,29,2,246824,28,7999.999882,3199.999882,0
11,3,5,246824,11,3999.999882,3199.999882,0
11,5,3,246824,11,3199.999882,3999.999882,0
11,3,6,246824,11,3999.999882,3999.999882,0
11,6,3,246824,11,3999.999882,3999.999882,0
11,3,28,246824,32,3999.999882,7999.999882,0
11,28,3,246824,32,7999.999882,3999.999882,0
11,4,6,246824,9,3199.999882,3999.999882,0
11,6,4,246824,9,3999.999882,3199.999882,0
11,4,7,246824,9,3199.999882,5333.333215,0
11,7,4,246824,9,5333.333215,3199.999882,0
11,4,13,246824,6,3199.999882,2285.714167,0
11,13,4,246824,6,2285.714167,3199.999882,0
11,5,6,246824,12,3199.999882,3999.999882,0
11,6,5,246824,12,3999.999882,3199.999882,0
11,5,8,246824,12,3199.999882,3199.999882,0
11,8,5,246824,12,3199.999882,3199.999882,0
11,5,19,246824,27,3199.999882,7999.999882,0
11,19,5,246824,27,7999.999882,3199.999882,0
11,5,26,246824,29,3199.999882,7999.999882,0
11,26,5,246824,29,7999.999882,3199.999882,0
11,6,18,246824,21,3999.999882,5333.333215,0
11,18,6,246824,21,5333.333215,3999.999882,0
11,7,10,246824,11,5333.333215,2666.666548,0
11,10,7,246824,11,2666.666548,5333.333215,0
11,7,24,246824,24,5333.333215,7999.999882,0
11,24,7,246824,24,7999.999882,5333.333215,0
11,8,9,246824,12,3199.999882,5333.333215,0
11,9,8,246824,12,5333.333215,3199.999882,0
11,8,10,246824,11,3199.999882,2666.666548,0
11,10,8,246824,11,2666.666548,3199.999882,0
11,8,20,246824,38,3199.999882,5333.333215,0
11,20,8,246824,38,5333.333215,3199.999882,0
11,8,26,246824,29,3199.999882,7999.999882,0
11,26,8,246824,29,7999.999882,3199.999882,0
11,9,10,246824,11,5333.333215,2666.666548,0
11,10,9,246824,11,2666.666548,5333.333215,0
11,9,27,246824,29,5333.333215,7999.999882,0
11,27,9,246824,29,7999.999882,5333.333215,0
11,10,12,246824,11,2666.666548,5333.333215,0
11,12,10,246824,11,5333.333215,2666.666548,0
11,10,13,246824,8,2666.666548,2285.714167,0
11,13,10,246824,8,2285.714167,2666.666548,0
11,10,16,246824,21,2666.666548,5333.333215,0
11,16,10,246824,21,5333.333215,2666.666548,0
11,11,13,246824,9,5333.333215,2285.714167,0
11,13,11,246824,9,2285.714167,5333.333215,0
11,11,14,246824,9,5333.333215,3199.999882,0
11,14,11,246824,9,3199.999882,5333.333215,0
11,11,29,246824,30,5333.333215,7999.999882,0
11,29,11,246824,30,7999.999882,5333.333215,0
11,12,13,246824,9,5333.333215,2285.714167,0
11,13,12,246824,9,2285.714167,5333.333215,0
11,12,15,246824,42,5333.333215,7999.999882,0
11,15,12,246824,42,7999.999882,5333.333215,0
11,13,14,246824,7,2285.714167,3199.999882,0
11,14,13,246824,7,3199.999882,2285.714167,0
11,13,16,246824,19,2285.714167,5333.333215,0
11,16,13,246824,19,5333.333215,2285.714167,0
11,13,21,246824,35,2285.714167,7999.999882,0
11,21,13,246824,35,7999.999882,2285.714167,0
11,14,17,246824,20,3199.999882,5333.333215,0
11,17,14,246824,20,5333.333215,3199.999882,0
11,14,24,246824,21,3199.999882,7999.999882,0
11,24,14,246824,21,7999.999882,3199.999882,0
11,14,25,246824,26,3199.999882,7999.999882,0
11,25,14,246824,26,7999.999882,3199.999882,0
11,16,17,246824,24,5333.333215,5333.333215,0
11,17,16,246824,24,5333.333215,5333.333215,0
11,17,28,246824,34,5333.333215,7999.999882,0
11,28,17,246824,34,7999.999882,5333.333215,0
11,18,20,246824,39,5333.333215,5333.333215,0
11,20,18,246824,39,5333.333215,5333.333215,0
11,18,22,246824,27,5333.333215,5333.333215,0
11,22,18,246824,27,5333.333215,5333.333215,0
11,22,23,246824,29,5333.333215,7999.999882,0
11,23,22,246824,29,7999.999882,5333.333215,0
11,22,25,246824,33,5333.333215,7999.999882,0
11,25,22,246824,33,7999.999882,5333.333215,0
12,0,1,246824,12,2666.666548,3199.999882,0
12,1,0,246824,12,3199.999882,2666.666548,0
12,0,16,246824,22,2666.666548,5333.333215,0
12,16,0,246824,22,5333.333215,2666.666548,0
12,0,19,246824,27,2666.666548,7999.999882,0
12,19,0,246824,27,7999.999882,2666.666548,0
12,0,21,246824,38,2666.666548,5333.333215,0
12,21,0,246824,38,5333.333215,2666.666548,0
12,0,23,246824,25,2666.666548,3999.999882,0
12,23,0,246824,25,3999.999882,2666.666548,0
12,0,29,246824,31,2666.666548,5333.333215,0
12,29,0,246824,31,5333.333215,2666.666548,0
12,1,2,246824,10,3199.999882,7999.999882,0
12,2,1,246824,10,7999.999882,3199.999882,0
12,1,3,246824,11,3199.999882,3999.999882,0
12,3,1,246824,11,3999.999882,3199.999882,0
12,1,4,246824,9,3199.999882,3199.999882,0
12,4,1,246824,9,3199.999882,3199.999882,0
12,1,20,246824,37,3199.999882,7999.999882,0
12,20,1,246824,37,7999.999882,3199.999882,0
12,2,4,246824,8,7999.999882,3199.999882,0
12,4,2,246824,8,3199.999882,7999.999882,0
12,3,6,246824,11,3999.999882,3199.999882,0
12,6,3,246824,11,3199.999882,3999.999882,0
12,3,27,246824,29,3999.999882,7999.999882,0
12,27,3,246824,29,7999.999882,3999.999882,0
12,3,28,246824,32,3999.999882,7999.999882,0
12,28,3,246824,32,7999.999882,3999.999882,0
12,4,5,246824,9,3199.999882,3999.999882,0
12,5,4,246824,9,3999.999882,3199.999882,0
12,4,7,246824,9,3199.999882,5333.333215,0
12,7,4,246824,9,5333.333215,3199.999882,0
12,4,12,246824,9,3199.999882,5333.333215,0
12,12,4,246824,9,5333.333215,3199.999882,0
12,5,6,246824,12,3999.999882,3199.999882,0
12,6,5,246824,12,3199.999882,3999.999882,0
12,5,8,246824,12,3999.999882,3199.999882,0
12,8,5,246824,12,3199.999882,3999.999882,0
12,5,26,246824,29,3999.999882,7999.999882,0
12,26,5,246824,29,7999.999882,3999.999882,0
12,6,7,246824,12,3199.999882,5333.333215,0
12,7,6,246824,12,5333.333215,3199.999882,0
12,6,9,246824,11,3199.999882,3999.999882,0
12,9,6,246824,11,3999.999882,3199.999882,0
12,6,18,246824,21,3199.999882,5333.333215,0
12,18,6,246824,21,5333.333215,3199.999882,0
12,7,10,246824,11,5333.333215,3999.999882,0
12,10,7,246824,11,3999.999882,5333.333215,0
12,8,10,246824,11,3199.999882,3999.999882,0
12,10,8,246824,11,3999.999882,3199.999882,0
12,8,19,246824,27,3199.999882,7999.999882,0
12,19,8,246824,27,7999.999882,3199.999882,0
12,8,20,246824,38,3199.999882,7999.999882,0
12,20,8,246824,38,7999.999882,3199.999882,0
12,8,26,246824,29,3199.999882,7999.999882,0
12,26,8,246824,29,7999.999882,3199.999882,0
12,9,10,246824,11,3999.999882,3999.999882,0
12,10,9,246824,11,3999.999882,3999.999882,0
12,9,12,246824,12,3999.999882,5333.333215,0
12,12,9,246824,12,5333.333215,3999.999882,0
12,9,24,246824,23,3999.999882,7999.999882,0
12,24,9,246824,23,7999.999882,3999.999882,0
12,10,16,246824,21,3999.999882,5333.333215,0
12,16,10,246824,21,5333.333215,3999.999882,0
12,11,13,246824,9,3999.999882,5333.333215,0
12,13,11,246824,9,5333.333215,3999.999882,0
12,11,14,246824,9,3999.999882,2666.666548,0
12,14,11,246824,9,2666.666548,3999.999882,0
12,11,27,246824,29,3999.999882,7999.999882,0
12,27,11,246824,29,7999.999882,3999.999882,0
12,11,29,246824,30,3999.999882,5333.333215,0
12,29,11,246824,30,5333.333215,3999.999882,0
12,12,15,246824,42,5333.333215,7999.999882,0
12,15,12,246824,42,7999.999882,5333.333215,0
12,13,14,246824,7,5333.333215,2666.666548,0
12,14,13,246824,7,2666.666548,5333.333215,0
12,13,21,246824,35,5333.333215,5333.333215,0
12,21,13,246824,35,5333.333215,5333.333215,0
12,14,15,246824,39,2666.666548,7999.999882,0
12,15,14,246824,39,7999.999882,2666.666548,0
12,14,17,246824,20,2666.666548,7999.999882,0
12,17,14,246824,20,7999.999882,2666.666548,0
12,14,24,246824,21,2666.666548,7999.999882,0
12,24,14,246824,21,7999.999882,2666.666548,0
12,14,25,246824,26,2666.666548,5333.333215,0
12,25,14,246824,26,5333.333215,2666.666548,0
12,16,18,246824,24,5333.333215,5333.333215,0
12,18,16,246824,24,5333.333215,5333.333215,0
12,17,25,246824,30,7999.999882,5333.333215,0
12,25,17,246824,30,5333.333215,7999.999882,0
12,18,22,246824,27,5333.333215,7999.999882,0
12,22,18,246824,27,7999.999882,5333.333215,0
12,21,23,246824,40,5333.333215,3999.999882,0
12,23,21,246824,40,3999.999882,5333.333215,0
12,22,23,246824,29,7999.999882,3999.999882,0
12,23,22,246824,29,3999.999882,7999.999882,0
12,23,25,246824,31,3999.999882,5333.333215,0
12,25,23,246824,31,5333.333215,3999.999882,0
12,28,29,246824,37,7999.999882,5333.333215,0
12,29,28,246824,37,5333.333215,7999.999882,0
13,0,1,246824,12,3194.999882,3993.749882,0
13,1,0,246824,12,3993.749882,3194.999882,0
13,0,16,246824,22,3194.999882,5324.999882,0
13,16,0,246824,22,5324.999882,3194.999882,0
13,0,19,246824,27,3194.999882,5324.999882,0
13,19,0,246824,27,5324.999882,3194.999882,0
13,0,21,246824,38,3194.999882,7987.499882,0
13,21,0,246824,38,7987.499882,3194.999882,0
13,0,23,246824,25,3194.999882,7987.499882,0
13,23,0,246824,25,7987.499882,3194.999882,0
13,1,2,246824,10,3993.749882,3993.749882,0
13,2,1,246824,10,3993.749882,3993.749882,0
13,1,3,246824,11,3993.749882,3194.999882,0
13,3,1,246824,11,3194.999882,3993.749882,0
13,1,20,246824,37,3993.749882,7987.499882,0
13,20,1,246824,37,7987.499882,3993.749882,0
13,2,5,246824,11,3993.749882,3993.749882,0
13,5,2,246824,11,3993.749882,3993.749882,0
13,2,15,246824,39,3993.749882,7987.499882,0
13,15,2,246824,39,7987.499882,3993.749882,0
13,2,29,246824,28,3993.749882,7987.499882,0
13,29,2,246824,28,7987.499882,3993.749882,0
13,3,5,246824,11,3194.999882,3993.749882,0
13,5,3,246824,11,3993.749882,3194.999882,0
13,3,6,246824,11,3194.999882,3194.999882,0
13,6,3,246824,11,3194.999882,3194.999882,0
13,3,27,246824,29,3194.999882,7987.499882,0
13,27,3,246824,29,7987.499882,3194.999882,0
13,3,28,246824,32,3194.999882,7987.499882,0
13,28,3,246824,32,7987.499882,3194.999882,0
13,4,6,246824,9,7987.499882,3194.999882,0
13,6,4,246824,9,3194.999882,7987.499882,0
13,4,13,246824,6,7987.499882,2282.142739,0
13,13,4,246824,6,2282.142739,7987.499882,0
13,5,19,246824,27,3993.749882,5324.999882,0
13,19,5,246824,27,5324.999882,3993.749882,0
13,5,26,246824,29,3993.749882,7987.499882,0
13,26,5,246824,29,7987.499882,3993.749882,0
13,6,7,246824,12,3194.999882,7987.499882,0
13,7,6,246824,12,7987.499882,3194.999882,0
13,6,9,246824,11,3194.999882,3194.999882,0
13,9,6,246824,11,3194.999882,3194.999882,0
13,6,18,246824,21,3194.999882,5324.999882,0
13,18,6,246824,21,5324.999882,3194.999882,0
13,7,10,246824,11,7987.499882,3194.999882,0
13,10,7,246824,11,3194.999882,7987.499882,0
13,8,9,246824,12,3993.749882,3194.999882,0
13,9,8,246824,12,3194.999882,3993.749882,0
13,8,10,246824,11,3993.749882,3194.999882,0
13,10,8,246824,11,3194.999882,3993.749882,0
13,8,20,246824,38,3993.749882,7987.499882,0
13,20,8,246824,38,7987.499882,3993.749882,0
13,8,26,246824,29,3993.749882,7987.499882,0
13,26,8,246824,29,7987.499882,3993.749882,0
13,9,12,246824,12,3194.999882,5324.999882,0
13,12,9,246824,12,5324.999882,3194.999882,0
13,9,24,246824,23,3194.999882,5324.999882,0
13,24,9,246824,23,5324.999882,3194.999882,0
13,9,27,246824,29,3194.999882,7987.499882,0
13,27,9,246824,29,7987.499882,3194.999882,0
13,10,12,246824,11,3194.999882,5324.999882,0
13,12,10,246824,11,5324.999882,3194.999882,0
13,10,13,246824,8,3194.999882,2282.142739,0
13,13,10,246824,8,2282.142739,3194.999882,0
13,10,16,246824,21,3194.999882,5324.999882,0
13,16,10,246824,21,5324.999882,3194.999882,0
13,11,13,246824,9,5324.999882,2282.142739,0
13,13,11,246824,9,2282.142739,5324.999882,0
13,11,14,246824,9,5324.999882,2662.499882,0
13,14,11,246824,9,2662.499882,5324.999882,0
13,11,29,246824,30,5324.999882,7987.499882,0
13,29,11,246824,30,7987.499882,5324.999882,0
13,12,13,246824,9,5324.999882,2282.142739,0
13,13,12,246824,9,2282.142739,5324.999882,0
13,13,14,246824,7,2282.142739,2662.499882,0
13,14,13,246824,7,2662.499882,2282.142739,0
13,13,16,246824,19,2282.142739,5324.999882,0
13,16,13,246824,19,5324.999882,2282.142739,0
13,13,21,246824,35,2282.142739,7987.499882,0
13,21,13,246824,35,7987.499882,2282.142739,0
13,14,15,246824,39,2662.499882,7987.499882,0
13,15,14,246824,39,7987.499882,2662.499882,0
13,14,17,246824,20,2662.499882,3993.749882,0
13,17,14,246824,20,3993.749882,2662.499882,0
13,14,24,246824,21,2662.499882,5324.999882,0
13,24,14,246824,21,5324.999882,2662.499882,0
13,14,25,246824,26,2662.499882,7987.499882,0
13,25,14,246824,26,7987.499882,2662.499882,0
13,17,18,246824,24,3993.749882,5324.999882,0
13,18,17,246824,24,5324.999882,3993.749882,0
13,17,25,246824,30,3993.749882,7987.499882,0
13,25,17,246824,30,7987.499882,3993.749882,0
13,17,28,246824,34,3993.749882,7987.499882,0
13,28,17,246824,34,7987.499882,3993.749882,0
13,18,22,246824,27,5324.999882,7987.499882,0
13,22,18,246824,27,7987.499882,5324.999882,0
13,19,23,246824,30,5324.999882,7987.499882,0
13,23,19,246824,30,7987.499882,5324.999882,0
13,22,24,246824,28,7987.499882,5324.999882,0
13,24,22,246824,28,5324.999882,7987.499882,0
14,0,1,246824,12,2285.714167,5333.333215,0
14,1,0,246824,12,5333.333215,2285.714167,0
14,0,16,246824,22,2285.714167,7999.999882,0
14,16,0,246824,22,7999.999882,2285.714167,0
14,0,19,246824,27,2285.714167,5333.333215,0
14,19,0,246824,27,5333.333215,2285.714167,0
14,0,21,246824,38,2285.714167,7999.999882,0
14,21,0,246824,38,7999.999882,2285.714167,0
14,0,23,246824,25,2285.714167,5333.333215,0
14,23,0,246824,25,5333.333215,2285.714167,0
14,0,27,246824,30,2285.714167,7999.999882,0
14,27,0,246824,30,7999.999882,2285.714167,0
14,0,29,246824,31,2285.714167,5333.333215,0
14,29,0,246824,31,5333.333215,2285.714167,0
14,1,4,246824,9,5333.333215,3199.999882,0
14,4,1,246824,9,3199.999882,5333.333215,0
14,1,20,246824,37,5333.333215,7999.999882,0
14,20,1,246824,37,7999.999882,5333.333215,0
14,2,4,246824,8,5333.333215,3199.999882,0
14,4,2,246824,8,3199.999882,5333.333215,0
14,2,5,246824,11,5333.333215,2666.666548,0
14,5,2,246824,11,2666.666548,5333.333215,0
14,2,21,246824,35,5333.333215,7999.999882,0
14,21,2,246824,35,7999.999882,5333.333215,0
14,3,5,246824,11,5333.333215,2666.666548,0
14,5,3,246824,11,2666.666548,5333.333215,0
14,3,6,246824,11,5333.333215,3999.999882,0
14,6,3,246824,11,3999.999882,5333.333215,0
14,3,28,246824,32,5333.333215,7999.999882,0
14,28,3,246824,32,7999.999882,5333.333215,0
14,4,5,246824,9,3199.999882,2666.666548,0
14,5,4,246824,9,2666.666548,3199.999882,0
14,4,7,246824,9,3199.999882,5333.333215,0
14,7,4,246824,9,5333.333215,3199.999882,0
14,4,12,246824,9,3199.999882,3999.999882,0
14,12,4,246824,9,3999.999882,3199.999882,0
14,5,8,246824,12,2666.666548,2666.666548,0
14,8,5,246824,12,2666.666548,2666.666548,0
14,5,24,246824,24,2666.666548,7999.999882,0
14,24,5,246824,24,7999.999882,2666.666548,0
14,5,26,246824,29,2666.666548,7999.999882,0
14,26,5,246824,29,7999.999882,2666.666548,0
14,6,7,246824,12,3999.999882,5333.333215,0
14,7,6,246824,12,5333.333215,3999.999882,0
14,6,9,246824,11,3999.999882,2285.714167,0
14,9,6,246824,11,2285.714167,3999.999882,0
14,6,18,246824,21,3999.999882,5333.333215,0
14,18,6,246824,21,5333.333215,3999.999882,0
14,7,9,246824,12,5333.333215,2285.714167,0
14,9,7,246824,12,2285.714167,5333.333215,0
14,8,9,246824,12,2666.666548,2285.714167,0
14,9,8,246824,12,2285.714167,2666.666548,0
14,8,10,246824,11,2666.666548,3999.999882,0
14,10,8,246824,11,3999.999882,2666.666548,0
14,8,19,246824,27,2666.666548,5333.333215,0
14,19,8,246824,27,5333.333215,2666.666548,0
14,8,20,246824,38,2666.666548,7999.999882,0
14,20,8,246824,38,7999.999882,2666.666548,0
14,8,26,246824,29,2666.666548,7999.999882,0
14,26,8,246824,29,7999.999882,2666.666548,0
14,9,10,246824,11,2285.714167,3999.999882,0
14,10,9,246824,11,3999.999882,2285.714167,0
14,9,12,246824,12,2285.714167,3999.999882,0
14,12,9,246824,12,3999.999882,2285.714167,0
14,9,24,246824,23,2285.714167,7999.999882,0
14,24,9,246824,23,7999.999882,2285.714167,0
14,9,27,246824,29,2285.714167,7999.999882,0
14,27,9,246824,29,7999.999882,2285.714167,0
14,10,13,246824,8,3999.999882,3999.999882,0
14,13,10,246824,8,3999.999882,3999.999882,0
14,10,16,246824,21,3999.999882,7999.999882,0
14,16,10,246824,21,7999.999882,3999.999882,0
14,11,13,246824,9,5333.333215,3999.999882,0
14,13,11,246824,9,3999.999882,5333.333215,0
14,11,14,246824,9,5333.333215,3199.999882,0
14,14,11,246824,9,3199.999882,5333.333215,0
14,11,29,246824,30,5333.333215,5333.333215,0
14,29,11,246824,30,5333.333215,5333.333215,0
14,12,13,246824,9,3999.999882,3999.999882,0
14,13,12,246824,9,3999.999882,3999.999882,0
14,12,15,246824,42,3999.999882,7999.999882,0
14,15,12,246824,42,7999.999882,3999.999882,0
14,13,14,246824,7,3999.999882,3199.999882,0
14,14,13,246824,7,3199.999882,3999.999882,0
14,14,15,246824,39,3199.999882,7999.999882,0
14,15,14,246824,39,7999.999882,3199.999882,0
14,14,17,246824,20,3199.999882,7999.999882,0
14,17,14,246824,20,7999.999882,3199.999882,0
14,14,25,246824,26,3199.999882,7999.999882,0
14,25,14,246824,26,7999.999882,3199.999882,0
14,17,18,246824,24,7999.999882,5333.333215,0
14,18,17,246824,24,5333.333215,7999.999882,0
14,18,22,246824,27,5333.333215,5333.333215,0
14,22,18,246824,27,5333.333215,5333.333215,0
14,19,22,246824,31,5333.333215,5333.333215,0
14,22,19,246824,31,5333.333215,5333.333215,0
14,22,23,246824,29,5333.333215,5333.333215,0
14,23,22,246824,29,5333.333215,5333.333215,0
14,23,25,246824,31,5333.333215,7999.999882,0
14,25,23,246824,31,7999.999882,5333.333215,0
14,28,29,246824,37,7999.999882,5333.333215,0
14,29,28,246824,37,5333.333215,7999.999882,0
15,0,1,246824,12,3999.999882,3199.999882,0
15,1,0,246824,12,3199.999882,3999.999882,0
15,0,16,246824,22,3999.999882,3999.999882,0
15,16,0,246824,22,3999.999882,3999.999882,0
15,0,19,246824,27,3999.999882,7999.999882,0
15,19,0,246824,27,7999.999882,3999.999882,0
15,0,23,246824,25,3999.999882,5333.333215,0
15,23,0,246824,25,5333.333215,3999.999882,0
15,1,2,246824,10,3199.999882,3199.999882,0
15,2,1,246824,10,3199.999882,3199.999882,0
15,1,3,246824,11,3199.999882,5333.333215,0
15,3,1,246824,11,5333.333215,3199.999882,0
15,1,4,246824,9,3199.999882,2285.714167,0
15,4,1,246824,9,2285.714167,3199.999882,0
15,1,20,246824,37,3199.999882,7999.999882,0
15,20,1,246824,37,7999.999882,3199.999882,0
15,2,4,246824,8,3199.999882,2285.714167,0
15,4,2,246824,8,2285.714167,3199.999882,0
15,2,15,246824,39,3199.999882,7999.999882,0
15,15,2,246824,39,7999.999882,3199.999882,0
15,2,21,246824,35,3199.999882,5333.333215,0
15,21,2,246824,35,5333.333215,3199.999882,0
15,2,29,246824,28,3199.999882,7999.999882,0
15,29,2,246824,28,7999.999882,3199.999882,0
15,3,6,246824,11,5333.333215,3199.999882,0
15,6,3,246824,11,3199.999882,5333.333215,0
15,3,28,246824,32,5333.333215,7999.999882,0
15,28,3,246824,32,7999.999882,5333.333215,0
15,4,5,246824,9,2285.714167,3199.999882,0
15,5,4,246824,9,3199.999882,2285.714167,0
15,4,6,246824,9,2285.714167,3199.999882,0
15,6,4,246824,9,3199.999882,2285.714167,0
15,4,7,246824,9,2285.714167,5333.333215,0
15,7,4,246824,9,5333.333215,2285.714167,0
15,4,12,246824,9,2285.714167,3999.999882,0
15,12,4,246824,9,3999.999882,2285.714167,0
15,4,13,246824,6,2285.714167,2285.714167,0
15,13,4,246824,6,2285.714167,2285.714167,0
15,5,6,246824,12,3199.999882,3199.999882,0
15,6,5,246824,12,3199.999882,3199.999882,0
15,5,8,246824,12,3199.999882,3199.999882,0
15,8,5,246824,12,3199.999882,3199.999882,0
15,5,19,246824,27,3199.999882,7999.999882,0
15,19,5,246824,27,7999.999882,3199.999882,0
15,5,26,246824,29,3199.999882,5333.333215,0
15,26,5,246824,29,5333.333215,3199.999882,0
15,6,9,246824,11,3199.999882,3199.999882,0
15,9,6,246824,11,3199.999882,3199.999882,0
15,6,18,246824,21,3199.999882,7999.999882,0
15,18,6,246824,21,7999.999882,3199.999882,0
15,7,9,246824,12,5333.333215,3199.999882,0
15,9,7,246824,12,3199.999882,5333.333215,0
15,7,24,246824,24,5333.333215,5333.333215,0
15,24,7,246824,24,5333.333215,5333.333215,0
15,8,9,246824,12,3199.999882,3199.999882,0
15,9,8,246824,12,3199.999882,3199.999882,0
15,8,10,246824,11,3199.999882,5333.333215,0
15,10,8,246824,11,5333.333215,3199.999882,0
15,8,20,246824,38,3199.999882,7999.999882,0
15,20,8,246824,38,7999.999882,3199.999882,0
15,8,26,246824,29,3199.999882,5333.333215,0
15,26,8,246824,29,5333.333215,3199.999882,0
15,9,12,246824,12,3199.999882,3999.999882,0
15,12,9,246824,12,3999.999882,3199.999882,0
15,9,27,246824,29,3199.999882,7999.999882,0
15,27,9,246824,29,7999.999882,3199.999882,0
15,10,13,246824,8,5333.333215,2285.714167,0
15,13,10,246824,8,2285.714167,5333.333215,0
15,10,16,246824,21,5333.333215,3999.999882,0
15,16,10,246824,21,3999.999882,5333.333215,0
15,11,13,246824,9,3999.999882,2285.714167,0
15,13,11,246824,9,2285.714167,3999.999882,0
15,11,14,246824,9,3999.999882,3199.999882,0
15,14,11,246824,9,3199.999882,3999.999882,0
15,11,27,246824,29,3999.999882,7999.999882,0
15,27,11,246824,29,7999.999882,3999.999882,0
15,11,29,246824,30,3999.999882,7999.999882,0
15,29,11,246824,30,7999.999882,3999.999882,0
15,12,13,246824,9,3999.999882,2285.714167,0
15,13,12,246824,9,2285.714167,3999.999882,0
15,12,15,246824,42,3999.999882,7999.999882,0
15,15,12,246824,42,7999.999882,3999.999882,0
15,13,14,246824,7,2285.714167,3199.999882,0
15,14,13,246824,7,3199.999882,2285.714167,0
15,13,16,246824,19,2285.714167,3999.999882,0
15,16,13,246824,19,3999.999882,2285.714167,0
15,13,21,246824,35,2285.714167,5333.333215,0
15,21,13,246824,35,5333.333215,2285.714167,0
15,14,17,246824,20,3199.999882,3999.999882,0
15,17,14,246824,20,3999.999882,3199.999882,0
15,14,24,246824,21,3199.999882,5333.333215,0
15,24,14,246824,21,5333.333215,3199.999882,0
15,14,25,246824,26,3199.999882,7999.999882,0
15,25,14,246824,26,7999.999882,3199.999882,0
15,16,17,246824,24,3999.999882,3999.999882,0
15,17,16,246824,24,3999.999882,3999.999882,0
15,17,18,246824,24,3999.999882,7999.999882,0
15,18,17,246824,24,7999.999882,3999.999882,0
15,17,28,246824,34,3999.999882,7999.999882,0
15,28,17,246824,34,7999.999882,3999.999882,0
15,21,23,246824,40,5333.333215,5333.333215,0
15,23,21,246824,40,5333.333215,5333.333215,0
15,22,23,246824,29,7999.999882,5333.333215,0
15,23,22,246824,29,5333.333215,7999.999882,0
15,22,24,246824,28,7999.999882,5333.333215,0
15,24,22,246824,28,5333.333215,7999.999882,0
15,25,26,246824,35,7999.999882,5333.333215,0
15,26,25,246824,35,5333.333215,7999.999882,0
16,0,1,246824,12,2663.888771,3196.666548,0
16,1,0,246824,12,3196.666548,2663.888771,0
16,0,16,246824,22,2663.888771,5327.777659,0
16,16,0,246824,22,5327.777659,2663.888771,0
16,0,19,246824,27,2663.888771,7991.666548,0
16,19,0,246824,27,7991.666548,2663.888771,0
16,0,21,246824,38,2663.888771,5327.777659,0
16,21,0,246824,38,5327.777659,2663.888771,0
16,0,23,246824,25,2663.888771,5327.777659,0
16,23,0,246824,25,5327.777659,2663.888771,0
16,0,29,246824,31,2663.888771,5327.777659,0
16,29,0,246824,31,5327.777659,2663.888771,0
16,1,2,246824,10,3196.666548,3995.833215,0
16,2,1,246824,10,3995.833215,3196.666548,0
16,1,3,246824,11,3196.666548,3196.666548,0
16,3,1,246824,11,3196.666548,3196.666548,0
16,1,4,246824,9,3196.666548,3196.666548,0
16,4,1,246824,9,3196.666548,3196.666548,0
16,1,20,246824,37,3196.666548,7991.666548,0
16,20,1,246824,37,7991.666548,3196.666548,0
16,2,4,246824,8,3995.833215,3196.666548,0
16,4,2,246824,8,3196.666548,3995.833215,0
16,2,5,246824,11,3995.833215,2663.888771,0
16,5,2,246824,11,2663.888771,3995.833215,0
16,2,15,246824,39,3995.833215,7991.666548,0
16,15,2,246824,39,7991.666548,3995.833215,0
16,3,5,246824,11,3196.666548,2663.888771,0
16,5,3,246824,11,2663.888771,3196.666548,0
16,3,6,246824,11,3196.666548,3995.833215,0
16,6,3,246824,11,3995.833215,3196.666548,0
16,3,27,246824,29,3196.666548,7991.666548,0
16,27,3,246824,29,7991.666548,3196.666548,0
16,3,28,246824,32,3196.666548,7991.666548,0
16,28,3,246824,32,7991.666548,3196.666548,0
16,4,7,246824,9,3196.666548,5327.777659,0
16,7,4,246824,9,5327.777659,3196.666548,0
16,4,12,246824,9,3196.666548,7991.666548,0
16,12,4,246824,9,7991.666548,3196.666548,0
16,4,13,246824,6,3196.666548,3196.666548,0
16,13,4,246824,6,3196.666548,3196.666548,0
16,5,6,246824,12,2663.888771,3995.833215,0
16,6,5,246824,12,3995.833215,2663.888771,0
16,5,8,246824,12,2663.888771,3196.666548,0
16,8,5,246824,12,3196.666548,2663.888771,0
16,5,24,246824,24,2663.888771,5327.777659,0
16,24,5,246824,24,5327.777659,2663.888771,0
16,5,26,246824,29,2663.888771,7991.666548,0
16,26,5,246824,29,7991.666548,2663.888771,0
16,6,9,246824,11,3995.833215,5327.777659,0
16,9,6,246824,11,5327.777659,3995.833215,0
16,6,18,246824,21,3995.833215,5327.777659,0
16,18,6,246824,21,5327.777659,3995.833215,0
16,7,9,246824,12,5327.777659,5327.777659,0
16,9,7,246824,12,5327.777659,5327.777659,0
16,7,10,246824,11,5327.777659,3196.666548,0
16,10,7,246824,11,3196.666548,5327.777659,0
16,8,10,246824,11,3196.666548,3196.666548,0
16,10,8,246824,11,3196.666548,3196.666548,0
16,8,19,246824,27,3196.666548,7991.666548,0
16,19,8,246824,27,7991.666548,3196.666548,0
16,8,20,246824,38,3196.666548,7991.666548,0
16,20,8,246824,38,7991.666548,3196.666548,0
16,8,26,246824,29,3196.666548,7991.666548,0
16,26,8,246824,29,7991.666548,3196.666548,0
16,9,27,246824,29,5327.777659,7991.666548,0
16,27,9,246824,29,7991.666548,5327.777659,0
16,10,12,246824,11,3196.666548,7991.666548,0
16,12,10,246824,11,7991.666548,3196.666548,0
16,10,13,246824,8,3196.666548,3196.666548,0
16,13,10,246824,8,3196.666548,3196.666548,0
16,10,16,246824,21,3196.666548,5327.777659,0
16,16,10,246824,21,5327.777659,3196.666548,0
16,11,13,246824,9,5327.777659,3196.666548,0
16,13,11,246824,9,3196.666548,5327.777659,0
16,11,14,246824,9,5327.777659,2663.888771,0
16,14,11,246824,9,2663.888771,5327.777659,0
16,11,29,246824,30,5327.777659,5327.777659,0
16,29,11,246824,30,5327.777659,5327.777659,0
16,13,14,246824,7,3196.666548,2663.888771,0
16,14,13,246824,7,2663.888771,3196.666548,0
16,13,21,246824,35,3196.666548,5327.777659,0
16,21,13,246824,35,5327.777659,3196.666548,0
16,14,15,246824,39,2663.888771,7991.666548,0
16,15,14,246824,39,7991.666548,2663.888771,0
16,14,17,246824,20,2663.888771,7991.666548,0
16,17,14,246824,20,7991.666548,2663.888771,0
16,14,24,246824,21,2663.888771,5327.777659,0
16,24,14,246824,21,5327.777659,2663.888771,0
16,14,25,246824,26,2663.888771,5327.777659,0
16,25,14,246824,26,5327.777659,2663.888771,0
16,16,18,246824,24,5327.777659,5327.777659,0
16,18,16,246824,24,5327.777659,5327.777659,0
16,17,25,246824,30,7991.666548,5327.777659,0
16,25,17,246824,30,5327.777659,7991.666548,0
16,18,22,246824,27,5327.777659,7991.666548,0
16,22,18,246824,27,7991.666548,5327.777659,0
16,21,23,246824,40,5327.777659,5327.777659,0
16,23,21,246824,40,5327.777659,5327.777659,0
16,22,24,246824,28,7991.666548,5327.777659,0
16,24,22,246824,28,5327.777659,7991.666548,0
16,23,25,246824,31,5327.777659,5327.777659,0
16,25,23,246824,31,5327.777659,5327.777659,0
16,28,29,246824,37,7991.666548,5327.777659,0
16,29,28,246824,37,5327.777659,7991.666548,0
17,0,1,246824,12,3199.999882,3999.999882,0
17,1,0,246824,12,3999.999882,3199.999882,0
17,0,16,246824,22,3199.999882,3999.999882,0
17,16,0,246824,22,3999.999882,3199.999882,0
17,0,19,246824,27,3199.999882,5333.333215,0
17,19,0,246824,27,5333.333215,3199.999882,0
17,0,21,246824,38,3199.999882,7999.999882,0
17,21,0,246824,38,7999.999882,3199.999882,0
17,0,23,246824,25,3199.999882,5333.333215,0
17,23,0,246824,25,5333.333215,3199.999882,0
17,1,3,246824,11,3999.999882,3199.999882,0
17,3,1,246824,11,3199.999882,3999.999882,0
17,1,4,246824,9,3999.999882,5333.333215,0
17,4,1,246824,9,5333.333215,3999.999882,0
17,1,20,246824,37,3999.999882,7999.999882,0
17,20,1,246824,37,7999.999882,3999.999882,0
17,2,4,246824,8,5333.333215,5333.333215,0
17,4,2,246824,8,5333.333215,5333.333215,0
17,2,5,246824,11,5333.333215,3199.999882,0
17,5,2,246824,11,3199.999882,5333.333215,0
17,2,29,246824,28,5333.333215,5333.333215,0
17,29,2,246824,28,5333.333215,5333.333215,0
17,3,5,246824,11,3199.999882,3199.999882,0
17,5,3,246824,11,3199.999882,3199.999882,0
17,3,6,246824,11,3199.999882,3199.999882,0
17,6,3,246824,11,3199.999882,3199.999882,0
17,3,27,246824,29,3199.999882,7999.999882,0
17,27,3,246824,29,7999.999882,3199.999882,0
17,3,28,246824,32,3199.999882,7999.999882,0
17,28,3,246824,32,7999.999882,3199.999882,0
17,4,13,246824,6,5333.333215,2666.666548,0
17,13,4,246824,6,2666.666548,5333.333215,0
17,5,6,246824,12,3199.999882,3199.999882,0
17,6,5,246824,12,3199.999882,3199.999882,0
17,5,8,246824,12,3199.999882,2666.666548,0
17,8,5,246824,12,2666.666548,3199.999882,0
17,5,26,246824,29,3199.999882,7999.999882,0
17,26,5,246824,29,7999.999882,3199.999882,0
17,6,7,246824,12,3199.999882,7999.999882,0
17,7,6,246824,12,7999.999882,3199.999882,0
17,6,9,246824,11,3199.999882,2666.666548,0
17,9,6,246824,11,2666.666548,3199.999882,0
17,6,18,246824,21,3199.999882,7999.999882,0
17,18,6,246824,21,7999.999882,3199.999882,0
17,7,10,246824,11,7999.999882,2666.666548,0
17,10,7,246824,11,2666.666548,7999.999882,0
17,8,9,246824,12,2666.666548,2666.666548,0
17,9,8,246824,12,2666.666548,2666.666548,0
17,8,10,246824,11,2666.666548,2666.666548,0
17,10,8,246824,11,2666.666548,2666.666548,0
17,8,19,246824,27,2666.666548,5333.333215,0
17,19,8,246824,27,5333.333215,2666.666548,0
17,8,20,246824,38,2666.666548,7999.999882,0
17,20,8,246824,38,7999.999882,2666.666548,0
17,8,26,246824,29,2666.666548,7999.999882,0
17,26,8,246824,29,7999.999882,2666.666548,0
17,9,10,246824,11,2666.666548,2666.666548,0
17,10,9,246824,11,2666.666548,2666.666548,0
17,9,12,246824,12,2666.666548,5333.333215,0
17,12,9,246824,12,5333.333215,2666.666548,0
17,9,24,246824,23,2666.666548,3999.999882,0
17,24,9,246824,23,3999.999882,2666.666548,0
17,9,27,246824,29,2666.666548,7999.999882,0
17,27,9,246824,29,7999.999882,2666.666548,0
17,10,12,246824,11,2666.666548,5333.333215,0
17,12,10,246824,11,5333.333215,2666.666548,0
17,10,13,246824,8,2666.666548,2666.666548,0
17,13,10,246824,8,2666.666548,2666.666548,0
17,10,16,246824,21,2666.666548,3999.999882,0
17,16,10,246824,21,3999.999882,2666.666548,0
17,11,13,246824,9,7999.999882,2666.666548,0
17,13,11,246824,9,2666.666548,7999.999882,0
17,11,14,246824,9,7999.999882,2666.666548,0
17,14,11,246824,9,2666.666548,7999.999882,0
17,12,15,246824,42,5333.333215,7999.999882,0
17,15,12,246824,42,7999.999882,5333.333215,0
17,13,14,246824,7,2666.666548,2666.666548,0
17,14,13,246824,7,2666.666548,2666.666548,0
17,13,16,246824,19,2666.666548,3999.999882,0
17,16,13,246824,19,3999.999882,2666.666548,0
17,13,21,246824,35,2666.666548,7999.999882,0
17,21,13,246824,35,7999.999882,2666.666548,0
17,14,15,246824,39,2666.666548,7999.999882,0
17,15,14,246824,39,7999.999882,2666.666548,0
17,14,17,246824,20,2666.666548,7999.999882,0
17,17,14,246824,20,7999.999882,2666.666548,0
17,14,24,246824,21,2666.666548,3999.999882,0
17,24,14,246824,21,3999.999882,2666.666548,0
17,14,25,246824,26,2666.666548,7999.999882,0
17,25,14,246824,26,7999.999882,2666.666548,0
17,16,17,246824,24,3999.999882,7999.999882,0
17,17,16,246824,24,7999.999882,3999.999882,0
17,18,22,246824,27,7999.999882,3999.999882,0
17,22,18,246824,27,3999.999882,7999.999882,0
17,19,23,246824,30,5333.333215,5333.333215,0
17,23,19,246824,30,5333.333215,5333.333215,0
17,22,23,246824,29,3999.999882,5333.333215,0
17,23,22,246824,29,5333.333215,3999.999882,0
17,22,24,246824,28,3999.999882,3999.999882,0
17,24,22,246824,28,3999.999882,3999.999882,0
17,22,25,246824,33,3999.999882,7999.999882,0
17,25,22,246824,33,7999.999882,3999.999882,0
17,24,29,246824,32,3999.999882,5333.333215,0
17,29,24,246824,32,5333.333215,3999.999882,0
17,28,29,246824,37,7999.999882,5333.333215,0
17,29,28,246824,37,5333.333215,7999.999882,0
18,0,1,246824,12,2662.499882,3993.749882,0
18,1,0,246824,12,3993.749882,2662.499882,0
18,0,16,246824,22,2662.499882,7987.499882,0
18,16,0,246824,22,7987.499882,2662.499882,0
18,0,19,246824,27,2662.499882,3993.749882,0
18,19,0,246824,27,3993.749882,2662.499882,0
18,0,21,246824,38,2662.499882,7987.499882,0
18,21,0,246824,38,7987.499882,2662.499882,0
18,0,23,246824,25,2662.499882,7987.499882,0
18,23,0,246824,25,7987.499882,2662.499882,0
18,0,29,246824,31,2662.499882,7987.499882,0
18,29,0,246824,31,7987.499882,2662.499882,0
18,1,2,246824,10,3993.749882,5324.999882,0
18,2,1,246824,10,5324.999882,3993.749882,0
18,1,4,246824,9,3993.749882,3194.999882,0
18,4,1,246824,9,3194.999882,3993.749882,0
18,1,20,246824,37,3993.749882,7987.499882,0
18,20,1,246824,37,7987.499882,3993.749882,0
18,2,5,246824,11,5324.999882,2662.499882,0
18,5,2,246824,11,2662.499882,5324.999882,0
18,2,15,246824,39,5324.999882,7987.499882,0
18,15,2,246824,39,7987.499882,5324.999882,0
18,3,5,246824,11,3993.749882,2662.499882,0
18,5,3,246824,11,2662.499882,3993.749882,0
18,3,6,246824,11,3993.749882,3194.999882,0
18,6,3,246824,11,3194.999882,3993.749882,0
18,3,27,246824,29,3993.749882,7987.499882,0
18,27,3,246824,29,7987.499882,3993.749882,0
18,3,28,246824,32,3993.749882,7987.499882,0
18,28,3,246824,32,7987.499882,3993.749882,0
18,4,6,246824,9,3194.999882,3194.999882,0
18,6,4,246824,9,3194.999882,3194.999882,0
18,4,7,246824,9,3194.999882,5324.999882,0
18,7,4,246824,9,5324.999882,3194.999882,0
18,4,12,246824,9,3194.999882,5324.999882,0
18,12,4,246824,9,5324.999882,3194.999882,0
18,4,13,246824,6,3194.999882,2282.142739,0
18,13,4,246824,6,2282.142739,3194.999882,0
18,5,8,246824,12,2662.499882,3993.749882,0
18,8,5,246824,12,3993.749882,2662.499882,0
18,5,19,246824,27,2662.499882,3993.749882,0
18,19,5,246824,27,3993.749882,2662.499882,0
18,5,24,246824,24,2662.499882,5324.999882,0
18,24,5,246824,24,5324.999882,2662.499882,0
18,5,26,246824,29,2662.499882,7987.499882,0
18,26,5,246824,29,7987.499882,2662.499882,0
18,6,7,246824,12,3194.999882,5324.999882,0
18,7,6,246824,12,5324.999882,3194.999882,0
18,6,9,246824,11,3194.999882,5324.999882,0
18,9,6,246824,11,5324.999882,3194.999882,0
18,6,18,246824,21,3194.999882,7987.499882,0
18,18,6,246824,21,7987.499882,3194.999882,0
18,7,24,246824,24,5324.999882,5324.999882,0
18,24,7,246824,24,5324.999882,5324.999882,0
18,8,10,246824,11,3993.749882,5324.999882,0
18,10,8,246824,11,5324.999882,3993.749882,0
18,8,20,246824,38,3993.749882,7987.499882,0
18,20,8,246824,38,7987.499882,3993.749882,0
18,8,26,246824,29,3993.749882,7987.499882,0
18,26,8,246824,29,7987.499882,3993.749882,0
18,9,10,246824,11,5324.999882,5324.999882,0
18,10,9,246824,11,5324.999882,5324.999882,0
18,9,12,246824,12,5324.999882,5324.999882,0
18,12,9,246824,12,5324.999882,5324.999882,0
18,10,13,246824,8,5324.999882,2282.142739,0
18,13,10,246824,8,2282.142739,5324.999882,0
18,11,13,246824,9,3993.749882,2282.142739,0
18,13,11,246824,9,2282.142739,3993.749882,0
18,11,14,246824,9,3993.749882,3194.999882,0
18,14,11,246824,9,3194.999882,3993.749882,0
18,11,27,246824,29,3993.749882,7987.499882,0
18,27,11,246824,29,7987.499882,3993.749882,0
18,11,29,246824,30,3993.749882,7987.499882,0
18,29,11,246824,30,7987.499882,3993.749882,0
18,12,13,246824,9,5324.999882,2282.142739,0
18,13,12,246824,9,2282.142739,5324.999882,0
18,13,14,246824,7,2282.142739,3194.999882,0
18,14,13,246824,7,3194.999882,2282.142739,0
18,13,16,246824,19,2282.142739,7987.499882,0
18,16,13,246824,19,7987.499882,2282.142739,0
18,13,21,246824,35,2282.142739,7987.499882,0
18,21,13,246824,35,7987.499882,2282.142739,0
18,14,15,246824,39,3194.999882,7987.499882,0
18,15,14,246824,39,7987.499882,3194.999882,0
18,14,17,246824,20,3194.999882,3194.999882,0
18,17,14,246824,20,3194.999882,3194.999882,0
18,14,25,246824,26,3194.999882,7987.499882,0
18,25,14,246824,26,7987.499882,3194.999882,0
18,17,18,246824,24,3194.999882,7987.499882,0
18,18,17,246824,24,7987.499882,3194.999882,0
18,17,19,246824,28,3194.999882,3993.749882,0
18,19,17,246824,28,3993.749882,3194.999882,0
18,17,25,246824,30,3194.999882,7987.499882,0
18,25,17,246824,30,7987.499882,3194.999882,0
18,17,28,246824,34,3194.999882,7987.499882,0
18,28,17,246824,34,7987.499882,3194.999882,0
18,19,22,246824,31,3993.749882,5324.999882,0
18,22,19,246824,31,5324.999882,3993.749882,0
18,22,23,246824,29,5324.999882,7987.499882,0
18,23,22,246824,29,7987.499882,5324.999882,0
18,22,24,246824,28,5324.999882,5324.999882,0
18,24,22,246824,28,5324.999882,5324.999882,0
19,0,1,246824,12,3199.999882,3199.999882,0
19,1,0,246824,12,3199.999882,3199.999882,0
19,0,16,246824,22,3199.999882,5333.333215,0
19,16,0,246824,22,5333.333215,3199.999882,0
19,0,19,246824,27,3199.999882,7999.999882,0
19,19,0,246824,27,7999.999882,3199.999882,0
19,0,23,246824,25,3199.999882,3999.999882,0
19,23,0,246824,25,3999.999882,3199.999882,0
19,0,27,246824,30,3199.999882,7999.999882,0
19,27,0,246824,30,7999.999882,3199.999882,0
19,1,2,246824,10,3199.999882,3999.999882,0
19,2,1,246824,10,3999.999882,3199.999882,0
19,1,3,246824,11,3199.999882,5333.333215,0
19,3,1,246824,11,5333.333215,3199.999882,0
19,1,4,246824,9,3199.999882,2285.714167,0
19,4,1,246824,9,2285.714167,3199.999882,0
19,1,20,246824,37,3199.999882,7999.999882,0
19,20,1,246824,37,7999.999882,3199.999882,0
19,2,4,246824,8,3999.999882,2285.714167,0
19,4,2,246824,8,2285.714167,3999.999882,0
19,2,21,246824,35,3999.999882,5333.333215,0
19,21,2,246824,35,5333.333215,3999.999882,0
19,2,29,246824,28,3999.999882,7999.999882,0
19,29,2,246824,28,7999.999882,3999.999882,0
19,3,6,246824,11,5333.333215,3199.999882,0
19,6,3,246824,11,3199.999882,5333.333215,0
19,3,28,246824,32,5333.333215,7999.999882,0
19,28,3,246824,32,7999.999882,5333.333215,0
19,4,5,246824,9,2285.714167,3999.999882,0
19,5,4,246824,9,3999.999882,2285.714167,0
19,4,6,246824,9,2285.714167,3199.999882,0
19,6,4,246824,9,3199.999882,2285.714167,0
19,4,7,246824,9,2285.714167,7999.999882,0
19,7,4,246824,9,7999.999882,2285.714167,0
19,4,12,246824,9,2285.714167,3999.999882,0
19,12,4,246824,9,3999.999882,2285.714167,0
19,4,13,246824,6,2285.714167,2285.714167,0
19,13,4,246824,6,2285.714167,2285.714167,0
19,5,6,246824,12,3999.999882,3199.999882,0
19,6,5,246824,12,3199.999882,3999.999882,0
19,5,8,246824,12,3999.999882,3199.999882,0
19,8,5,246824,12,3199.999882,3999.999882,0
19,5,26,246824,29,3999.999882,7999.999882,0
19,26,5,246824,29,7999.999882,3999.999882,0
19,6,9,246824,11,3199.999882,3199.999882,0
19,9,6,246824,11,3199.999882,3199.999882,0
19,6,18,246824,21,3199.999882,7999.999882,0
19,18,6,246824,21,7999.999882,3199.999882,0
19,7,9,246824,12,7999.999882,3199.999882,0
19,9,7,246824,12,3199.999882,7999.999882,0
19,8,9,246824,12,3199.999882,3199.999882,0
19,9,8,246824,12,3199.999882,3199.999882,0
19,8,19,246824,27,3199.999882,7999.999882,0
19,19,8,246824,27,7999.999882,3199.999882,0
19,8,20,246824,38,3199.999882,7999.999882,0
19,20,8,246824,38,7999.999882,3199.999882,0
19,8,26,246824,29,3199.999882,7999.999882,0
19,26,8,246824,29,7999.999882,3199.999882,0
19,9,24,246824,23,3199.999882,7999.999882,0
19,24,9,246824,23,7999.999882,3199.999882,0
19,9,27,246824,29,3199.999882,7999.999882,0
19,27,9,246824,29,7999.999882,3199.999882,0
19,10,12,246824,11,5333.333215,3999.999882,0
19,12,10,246824,11,3999.999882,5333.333215,0
19,10,13,246824,8,5333.333215,2285.714167,0
19,13,10,246824,8,2285.714167,5333.333215,0
19,10,16,246824,21,5333.333215,5333.333215,0
19,16,10,246824,21,5333.333215,5333.333215,0
19,11,13,246824,9,5333.333215,2285.714167,0
19,13,11,246824,9,2285.714167,5333.333215,0
19,11,14,246824,9,5333.333215,2666.666548,0
19,14,11,246824,9,2666.666548,5333.333215,0
19,11,29,246824,30,5333.333215,7999.999882,0
19,29,11,246824,30,7999.999882,5333.333215,0
19,12,13,246824,9,3999.999882,2285.714167,0
19,13,12,246824,9,2285.714167,3999.999882,0
19,12,15,246824,42,3999.999882,7999.999882,0
19,15,12,246824,42,7999.999882,3999.999882,0
19,13,14,246824,7,2285.714167,2666.666548,0
19,14,13,246824,7,2666.666548,2285.714167,0
19,13,16,246824,19,2285.714167,5333.333215,0
19,16,13,246824,19,5333.333215,2285.714167,0
19,13,21,246824,35,2285.714167,5333.333215,0
19,21,13,246824,35,5333.333215,2285.714167,0
19,14,15,246824,39,2666.666548,7999.999882,0
19,15,14,246824,39,7999.999882,2666.666548,0
19,14,17,246824,20,2666.666548,7999.999882,0
19,17,14,246824,20,7999.999882,2666.666548,0
19,14,24,246824,21,2666.666548,7999.999882,0
19,24,14,246824,21,7999.999882,2666.666548,0
19,14,25,246824,26,2666.666548,3999.999882,0
19,25,14,246824,26,3999.999882,2666.666548,0
19,17,25,246824,30,7999.999882,3999.999882,0
19,25,17,246824,30,3999.999882,7999.999882,0
19,18,22,246824,27,7999.999882,7999.999882,0
19,22,18,246824,27,7999.999882,7999.999882,0
19,21,23,246824,40,5333.333215,3999.999882,0
19,23,21,246824,40,3999.999882,5333.333215,0
19,22,23,246824,29,7999.999882,3999.999882,0
19,23,22,246824,29,3999.999882,7999.999882,0
19,23,25,246824,31,3999.999882,3999.999882,0
19,25,23,246824,31,3999.999882,3999.999882,0
19,25,28,246824,37,3999.999882,7999.999882,0
19,28,25,246824,37,7999.999882,3999.999882,0
20,0,1,246824,12,2662.499882,3194.999882,0
20,1,0,246824,12,3194.999882,2662.499882,0
20,0,16,246824,22,2662.499882,3993.749882,0
20,16,0,246824,22,3993.749882,2662.499882,0
20,0,19,246824,27,2662.499882,3993.749882,0
20,19,0,246824,27,3993.749882,2662.499882,0
20,0,21,246824,38,2662.499882,7987.499882,0
20,21,0,246824,38,7987.499882,2662.499882,0
20,0,23,246824,25,2662.499882,7987.499882,0
20,23,0,246824,25,7987.499882,2662.499882,0
20,0,29,246824,31,2662.499882,5324.999882,0
20,29,0,246824,31,5324.999882,2662.499882,0
20,1,2,246824,10,3194.999882,5324.999882,0
20,2,1,246824,10,5324.999882,3194.999882,0
20,1,3,246824,11,3194.999882,5324.999882,0
20,3,1,246824,11,5324.999882,3194.999882,0
20,1,4,246824,9,3194.999882,2282.142739,0
20,4,1,246824,9,2282.142739,3194.999882,0
20,1,20,246824,37,3194.999882,7987.499882,0
20,20,1,246824,37,7987.499882,3194.999882,0
20,2,4,246824,8,5324.999882,2282.142739,0
20,4,2,246824,8,2282.142739,5324.999882,0
20,2,15,246824,39,5324.999882,7987.499882,0
20,15,2,246824,39,7987.499882,5324.999882,0
20,3,6,246824,11,5324.999882,3194.999882,0
20,6,3,246824,11,3194.999882,5324.999882,0
20,3,28,246824,32,5324.999882,7987.499882,0
20,28,3,246824,32,7987.499882,5324.999882,0
20,4,5,246824,9,2282.142739,3993.749882,0
20,5,4,246824,9,3993.749882,2282.142739,0
20,4,6,246824,9,2282.142739,3194.999882,0
20,6,4,246824,9,3194.999882,2282.142739,0
20,4,7,246824,9,2282.142739,7987.499882,0
20,7,4,246824,9,7987.499882,2282.142739,0
20,4,12,246824,9,2282.142739,7987.499882,0
20,12,4,246824,9,7987.499882,2282.142739,0
20,4,13,246824,6,2282.142739,3194.999882,0
20,13,4,246824,6,3194.999882,2282.142739,0
20,5,6,246824,12,3993.749882,3194.999882,0
20,6,5,246824,12,3194.999882,3993.749882,0
20,5,19,246824,27,3993.749882,3993.749882,0
20,19,5,246824,27,3993.749882,3993.749882,0
20,5,26,246824,29,3993.749882,5324.999882,0
20,26,5,246824,29,5324.999882,3993.749882,0
20,6,9,246824,11,3194.999882,2282.142739,0
20,9,6,246824,11,2282.142739,3194.999882,0
20,6,18,246824,21,3194.999882,7987.499882,0
20,18,6,246824,21,7987.499882,3194.999882,0
20,7,9,246824,12,7987.499882,2282.142739,0
20,9,7,246824,12,2282.142739,7987.499882,0
20,8,9,246824,12,3993.749882,2282.142739,0
20,9,8,246824,12,2282.142739,3993.749882,0
20,8,10,246824,11,3993.749882,3993.749882,0
20,10,8,246824,11,3993.749882,3993.749882,0
20,8,20,246824,38,3993.749882,7987.499882,0
20,20,8,246824,38,7987.499882,3993.749882,0
20,8,26,246824,29,3993.749882,5324.999882,0
20,26,8,246824,29,5324.999882,3993.749882,0
20,9,10,246824,11,2282.142739,3993.749882,0
20,10,9,246824,11,3993.749882,2282.142739,0
20,9,12,246824,12,2282.142739,7987.499882,0
20,12,9,246824,12,7987.499882,2282.142739,0
20,9,24,246824,23,2282.142739,5324.999882,0
20,24,9,246824,23,5324.999882,2282.142739,0
20,9,27,246824,29,2282.142739,7987.499882,0
20,27,9,246824,29,7987.499882,2282.142739,0
20,10,13,246824,8,3993.749882,3194.999882,0
20,13,10,246824,8,3194.999882,3993.749882,0
20,10,16,246824,21,3993.749882,3993.749882,0
20,16,10,246824,21,3993.749882,3993.749882,0
20,11,13,246824,9,3993.749882,3194.999882,0
20,13,11,246824,9,3194.999882,3993.749882,0
20,11,14,246824,9,3993.749882,2662.499882,0
20,14,11,246824,9,2662.499882,3993.749882,0
20,11,27,246824,29,3993.749882,7987.499882,0
20,27,11,246824,29,7987.499882,3993.749882,0
20,11,29,246824,30,3993.749882,5324.999882,0
20,29,11,246824,30,5324.999882,3993.749882,0
20,13,14,246824,7,3194.999882,2662.499882,0
20,14,13,246824,7,2662.499882,3194.999882,0
20,13,21,246824,35,3194.999882,7987.499882,0
20,21,13,246824,35,7987.499882,3194.999882,0
20,14,15,246824,39,2662.499882,7987.499882,0
20,15,14,246824,39,7987.499882,2662.499882,0
20,14,17,246824,20,2662.499882,7987.499882,0
20,17,14,246824,20,7987.499882,2662.499882,0
20,14,24,246824,21,2662.499882,5324.999882,0
20,24,14,246824,21,5324.999882,2662.499882,0
20,14,25,246824,26,2662.499882,7987.499882,0
20,25,14,246824,26,7987.499882,2662.499882,0
20,16,17,246824,24,3993.749882,7987.499882,0
20,17,16,246824,24,7987.499882,3993.749882,0
20,16,18,246824,24,3993.749882,7987.499882,0
20,18,16,246824,24,7987.499882,3993.749882,0
20,19,22,246824,31,3993.749882,7987.499882,0
20,22,19,246824,31,7987.499882,3993.749882,0
20,19,23,246824,30,3993.749882,7987.499882,0
20,23,19,246824,30,7987.499882,3993.749882,0
20,22,24,246824,28,7987.499882,5324.999882,0
20,24,22,246824,28,5324.999882,7987.499882,0
20,25,26,246824,35,7987.499882,5324.999882,0
20,26,25,246824,35,5324.999882,7987.499882,0
20,28,29,246824,37,7987.499882,5324.999882,0
20,29,28,246824,37,5324.999882,7987.499882,0
21,0,1,246824,12,3995.833215,3995.833215,0
21,1,0,246824,12,3995.833215,3995.833215,0
21,0,16,246824,22,3995.833215,5327.777659,0
21,16,0,246824,22,5327.777659,3995.833215,0
21,0,19,246824,27,3995.833215,7991.666548,0
21,19,0,246824,27,7991.666548,3995.833215,0
21,0,23,246824,25,3995.833215,3995.833215,0
21,23,0,246824,25,3995.833215,3995.833215,0
21,1,3,246824,11,3995.833215,3196.666548,0
21,3,1,246824,11,3196.666548,3995.833215,0
21,1,4,246824,9,3995.833215,2283.333215,0
21,4,1,246824,9,2283.333215,3995.833215,0
21,1,20,246824,37,3995.833215,5327.777659,0
21,20,1,246824,37,5327.777659,3995.833215,0
21,2,4,246824,8,3196.666548,2283.333215,0
21,4,2,246824,8,2283.333215,3196.666548,0
21,2,5,246824,11,3196.666548,2663.888771,0
21,5,2,246824,11,2663.888771,3196.666548,0
21,2,15,246824,39,3196.666548,7991.666548,0
21,15,2,246824,39,7991.666548,3196.666548,0
21,2,21,246824,35,3196.666548,5327.777659,0
21,21,2,246824,35,5327.777659,3196.666548,0
21,2,29,246824,28,3196.666548,7991.666548,0
21,29,2,246824,28,7991.666548,3196.666548,0
21,3,5,246824,11,3196.666548,2663.888771,0
21,5,3,246824,11,2663.888771,3196.666548,0
21,3,6,246824,11,3196.666548,5327.777659,0
21,6,3,246824,11,5327.777659,3196.666548,0
21,3,27,246824,29,3196.666548,7991.666548,0
21,27,3,246824,29,7991.666548,3196.666548,0
21,3,28,246824,32,3196.666548,7991.666548,0
21,28,3,246824,32,7991.666548,3196.666548,0
21,4,5,246824,9,2283.333215,2663.888771,0
21,5,4,246824,9,2663.888771,2283.333215,0
21,4,6,246824,9,2283.333215,5327.777659,0
21,6,4,246824,9,5327.777659,2283.333215,0
21,4,7,246824,9,2283.333215,5327.777659,0
21,7,4,246824,9,5327.777659,2283.333215,0
21,4,12,246824,9,2283.333215,7991.666548,0
21,12,4,246824,9,7991.666548,2283.333215,0
21,4,13,246824,6,2283.333215,2283.333215,0
21,13,4,246824,6,2283.333215,2283.333215,0
21,5,8,246824,12,2663.888771,2663.888771,0
21,8,5,246824,12,2663.888771,2663.888771,0
21,5,24,246824,24,2663.888771,5327.777659,0
21,24,5,246824,24,5327.777659,2663.888771,0
21,5,26,246824,29,2663.888771,7991.666548,0
21,26,5,246824,29,7991.666548,2663.888771,0
21,6,18,246824,21,5327.777659,3995.833215,0
21,18,6,246824,21,3995.833215,5327.777659,0
21,7,9,246824,12,5327.777659,3995.833215,0
21,9,7,246824,12,3995.833215,5327.777659,0
21,7,10,246824,11,5327.777659,3995.833215,0
21,10,7,246824,11,3995.833215,5327.777659,0
21,8,9,246824,12,2663.888771,3995.833215,0
21,9,8,246824,12,3995.833215,2663.888771,0
21,8,10,246824,11,2663.888771,3995.833215,0
21,10,8,246824,11,3995.833215,2663.888771,0
21,8,19,246824,27,2663.888771,7991.666548,0
21,19,8,246824,27,7991.666548,2663.888771,0
21,8,20,246824,38,2663.888771,5327.777659,0
21,20,8,246824,38,5327.777659,2663.888771,0
21,8,26,246824,29,2663.888771,7991.666548,0
21,26,8,246824,29,7991.666548,2663.888771,0
21,9,24,246824,23,3995.833215,5327.777659,0
21,24,9,246824,23,5327.777659,3995.833215,0
21,9,27,246824,29,3995.833215,7991.666548,0
21,27,9,246824,29,7991.666548,3995.833215,0
21,10,13,246824,8,3995.833215,2283.333215,0
21,13,10,246824,8,2283.333215,3995.833215,0
21,10,16,246824,21,3995.833215,5327.777659,0
21,16,10,246824,21,5327.777659,3995.833215,0
21,11,13,246824,9,7991.666548,2283.333215,0
21,13,11,246824,9,2283.333215,7991.666548,0
21,11,14,246824,9,7991.666548,3196.666548,0
21,14,11,246824,9,3196.666548,7991.666548,0
21,12,13,246824,9,7991.666548,2283.333215,0
21,13,12,246824,9,2283.333215,7991.666548,0
21,13,14,246824,7,2283.333215,3196.666548,0
21,14,13,246824,7,3196.666548,2283.333215,0
21,13,16,246824,19,2283.333215,5327.777659,0
21,16,13,246824,19,5327.777659,2283.333215,0
21,13,21,246824,35,2283.333215,5327.777659,0
21,21,13,246824,35,5327.777659,2283.333215,0
21,14,15,246824,39,3196.666548,7991.666548,0
21,15,14,246824,39,7991.666548,3196.666548,0
21,14,17,246824,20,3196.666548,5327.777659,0
21,17,14,246824,20,5327.777659,3196.666548,0
21,14,25,246824,26,3196.666548,7991.666548,0
21,25,14,246824,26,7991.666548,3196.666548,0
21,17,18,246824,24,5327.777659,3995.833215,0
21,18,17,246824,24,3995.833215,5327.777659,0
21,17,28,246824,34,5327.777659,7991.666548,0
21,28,17,246824,34,7991.666548,5327.777659,0
21,18,20,246824,39,3995.833215,5327.777659,0
21,20,18,246824,39,5327.777659,3995.833215,0
21,18,22,246824,27,3995.833215,7991.666548,0
21,22,18,246824,27,7991.666548,3995.833215,0
21,21,23,246824,40,5327.777659,3995.833215,0
21,23,21,246824,40,3995.833215,5327.777659,0
21,22,23,246824,29,7991.666548,3995.833215,0
21,23,22,246824,29,3995.833215,7991.666548,0
21,23,25,246824,31,3995.833215,7991.666548,0
21,25,23,246824,31,7991.666548,3995.833215,0
21,24,29,246824,32,5327.777659,7991.666548,0
21,29,24,246824,32,7991.666548,5327.777659,0
22,0,1,246824,12,2666.666548,5333.333215,0
22,1,0,246824,12,5333.333215,2666.666548,0
22,0,19,246824,27,2666.666548,3999.999882,0
22,19,0,246824,27,3999.999882,2666.666548,0
22,0,21,246824,38,2666.666548,7999.999882,0
22,21,0,246824,38,7999.999882,2666.666548,0
22,0,23,246824,25,2666.666548,7999.999882,0
22,23,0,246824,25,7999.999882,2666.666548,0
22,0,27,246824,30,2666.666548,7999.999882,0
22,27,0,246824,30,7999.999882,2666.666548,0
22,0,29,246824,31,2666.666548,7999.999882,0
22,29,0,246824,31,7999.999882,2666.666548,0
22,1,2,246824,10,5333.333215,3999.999882,0
22,2,1,246824,10,3999.999882,5333.333215,0
22,1,20,246824,37,5333.333215,7999.999882,0
22,20,1,246824,37,7999.999882,5333.333215,0
22,2,4,246824,8,3999.999882,5333.333215,0
22,4,2,246824,8,5333.333215,3999.999882,0
22,2,5,246824,11,3999.999882,1999.999882,0
22,5,2,246824,11,1999.999882,3999.999882,0
22,2,29,246824,28,3999.999882,7999.999882,0
22,29,2,246824,28,7999.999882,3999.999882,0
22,3,5,246824,11,3999.999882,1999.999882,0
22,5,3,246824,11,1999.999882,3999.999882,0
22,3,6,246824,11,3999.999882,3999.999882,0
22,6,3,246824,11,3999.999882,3999.999882,0
22,3,27,246824,29,3999.999882,7999.999882,0
22,27,3,246824,29,7999.999882,3999.999882,0
22,3,28,246824,32,3999.999882,7999.999882,0
22,28,3,246824,32,7999.999882,3999.999882,0
22,4,5,246824,9,5333.333215,1999.999882,0
22,5,4,246824,9,1999.999882,5333.333215,0
22,4,13,246824,6,5333.333215,2285.714167,0
22,13,4,246824,6,2285.714167,5333.333215,0
22,5,6,246824,12,1999.999882,3999.999882,0
22,6,5,246824,12,3999.999882,1999.999882,0
22,5,8,246824,12,1999.999882,3999.999882,0
22,8,5,246824,12,3999.999882,1999.999882,0
22,5,19,246824,27,1999.999882,3999.999882,0
22,19,5,246824,27,3999.999882,1999.999882,0
22,5,24,246824,24,1999.999882,5333.333215,0
22,24,5,246824,24,5333.333215,1999.999882,0
22,5,26,246824,29,1999.999882,7999.999882,0
22,26,5,246824,29,7999.999882,1999.999882,0
22,6,7,246824,12,3999.999882,7999.999882,0
22,7,6,246824,12,7999.999882,3999.999882,0
22,6,18,246824,21,3999.999882,5333.333215,0
22,18,6,246824,21,5333.333215,3999.999882,0
22,7,10,246824,11,7999.999882,2666.666548,0
22,10,7,246824,11,2666.666548,7999.999882,0
22,8,10,246824,11,3999.999882,2666.666548,0
22,10,8,246824,11,2666.666548,3999.999882,0
22,8,20,246824,38,3999.999882,7999.999882,0
22,20,8,246824,38,7999.999882,3999.999882,0
22,8,26,246824,29,3999.999882,7999.999882,0
22,26,8,246824,29,7999.999882,3999.999882,0
22,9,10,246824,11,7999.999882,2666.666548,0
22,10,9,246824,11,2666.666548,7999.999882,0
22,9,12,246824,12,7999.999882,3999.999882,0
22,12,9,246824,12,3999.999882,7999.999882,0
22,10,12,246824,11,2666.666548,3999.999882,0
22,12,10,246824,11,3999.999882,2666.666548,0
22,10,13,246824,8,2666.666548,2285.714167,0
22,13,10,246824,8,2285.714167,2666.666548,0
22,10,16,246824,21,2666.666548,7999.999882,0
22,16,10,246824,21,7999.999882,2666.666548,0
22,11,13,246824,9,7999.999882,2285.714167,0
22,13,11,246824,9,2285.714167,7999.999882,0
22,11,14,246824,9,7999.999882,2666.666548,0
22,14,11,246824,9,2666.666548,7999.999882,0
22,12,13,246824,9,3999.999882,2285.714167,0
22,13,12,246824,9,2285.714167,3999.999882,0
22,12,15,246824,42,3999.999882,7999.999882,0
22,15,12,246824,42,7999.999882,3999.999882,0
22,13,14,246824,7,2285.714167,2666.666548,0
22,14,13,246824,7,2666.666548,2285.714167,0
22,13,16,246824,19,2285.714167,7999.999882,0
22,16,13,246824,19,7999.999882,2285.714167,0
22,13,21,246824,35,2285.714167,7999.999882,0
22,21,13,246824,35,7999.999882,2285.714167,0
22,14,15,246824,39,2666.666548,7999.999882,0
22,15,14,246824,39,7999.999882,2666.666548,0
22,14,17,246824,20,2666.666548,3199.999882,0
22,17,14,246824,20,3199.999882,2666.666548,0
22,14,24,246824,21,2666.666548,5333.333215,0
22,24,14,246824,21,5333.333215,2666.666548,0
22,14,25,246824,26,2666.666548,7999.999882,0
22,25,14,246824,26,7999.999882,2666.666548,0
22,17,18,246824,24,3199.999882,5333.333215,0
22,18,17,246824,24,5333.333215,3199.999882,0
22,17,19,246824,28,3199.999882,3999.999882,0
22,19,17,246824,28,3999.999882,3199.999882,0
22,17,25,246824,30,3199.999882,7999.999882,0
22,25,17,246824,30,7999.999882,3199.999882,0
22,17,28,246824,34,3199.999882,7999.999882,0
22,28,17,246824,34,7999.999882,3199.999882,0
22,18,22,246824,27,5333.333215,7999.999882,0
22,22,18,246824,27,7999.999882,5333.333215,0
22,19,23,246824,30,3999.999882,7999.999882,0
22,23,19,246824,30,7999.999882,3999.999882,0
22,22,24,246824,28,7999.999882,5333.333215,0
22,24,22,246824,28,5333.333215,7999.999882,0
23,0,1,246824,12,3995.833215,3196.666548,0
23,1,0,246824,12,3196.666548,3995.833215,0
23,0,16,246824,22,3995.833215,3196.666548,0
23,16,0,246824,22,3196.666548,3995.833215,0
23,0,19,246824,27,3995.833215,7991.666548,0
23,19,0,246824,27,7991.666548,3995.833215,0
23,0,23,246824,25,3995.833215,3995.833215,0
23,23,0,246824,25,3995.833215,3995.833215,0
23,1,2,246824,10,3196.666548,2663.888771,0
23,2,1,246824,10,2663.888771,3196.666548,0
23,1,3,246824,11,3196.666548,5327.777659,0
23,3,1,246824,11,5327.777659,3196.666548,0
23,1,4,246824,9,3196.666548,3196.666548,0
23,4,1,246824,9,3196.666548,3196.666548,0
23,1,20,246824,37,3196.666548,7991.666548,0
23,20,1,246824,37,7991.666548,3196.666548,0
23,2,4,246824,8,2663.888771,3196.666548,0
23,4,2,246824,8,3196.666548,2663.888771,0
23,2,5,246824,11,2663.888771,5327.777659,0
23,5,2,246824,11,5327.777659,2663.888771,0
23,2,15,246824,39,2663.888771,7991.666548,0
23,15,2,246824,39,7991.666548,2663.888771,0
23,2,21,246824,35,2663.888771,5327.777659,0
23,21,2,246824,35,5327.777659,2663.888771,0
23,2,29,246824,28,2663.888771,7991.666548,0
23,29,2,246824,28,7991.666548,2663.888771,0
23,3,6,246824,11,5327.777659,3995.833215,0
23,6,3,246824,11,3995.833215,5327.777659,0
23,3,28,246824,32,5327.777659,7991.666548,0
23,28,3,246824,32,7991.666548,5327.777659,0
23,4,7,246824,9,3196.666548,3995.833215,0
23,7,4,246824,9,3995.833215,3196.666548,0
23,4,12,246824,9,3196.666548,5327.777659,0
23,12,4,246824,9,5327.777659,3196.666548,0
23,4,13,246824,6,3196.666548,2663.888771,0
23,13,4,246824,6,2663.888771,3196.666548,0
23,5,8,246824,12,5327.777659,2663.888771,0
23,8,5,246824,12,2663.888771,5327.777659,0
23,5,26,246824,29,5327.777659,7991.666548,0
23,26,5,246824,29,7991.666548,5327.777659,0
23,6,7,246824,12,3995.833215,3995.833215,0
23,7,6,246824,12,3995.833215,3995.833215,0
23,6,9,246824,11,3995.833215,2663.888771,0
23,9,6,246824,11,2663.888771,3995.833215,0
23,6,18,246824,21,3995.833215,5327.777659,0
23,18,6,246824,21,5327.777659,3995.833215,0
23,7,9,246824,12,3995.833215,2663.888771,0
23,9,7,246824,12,2663.888771,3995.833215,0
23,7,24,246824,24,3995.833215,7991.666548,0
23,24,7,246824,24,7991.666548,3995.833215,0
23,8,9,246824,12,2663.888771,2663.888771,0
23,9,8,246824,12,2663.888771,2663.888771,0
23,8,10,246824,11,2663.888771,5327.777659,0
23,10,8,246824,11,5327.777659,2663.888771,0
23,8,19,246824,27,2663.888771,7991.666548,0
23,19,8,246824,27,7991.666548,2663.888771,0
23,8,20,246824,38,2663.888771,7991.666548,0
23,20,8,246824,38,7991.666548,2663.888771,0
23,8,26,246824,29,2663.888771,7991.666548,0
23,26,8,246824,29,7991.666548,2663.888771,0
23,9,10,246824,11,2663.888771,5327.777659,0
23,10,9,246824,11,5327.777659,2663.888771,0
23,9,12,246824,12,2663.888771,5327.777659,0
23,12,9,246824,12,5327.777659,2663.888771,0
23,9,27,246824,29,2663.888771,7991.666548,0
23,27,9,246824,29,7991.666548,2663.888771,0
23,10,16,246824,21,5327.777659,3196.666548,0
23,16,10,246824,21,3196.666548,5327.777659,0
23,11,13,246824,9,3995.833215,2663.888771,0
23,13,11,246824,9,2663.888771,3995.833215,0
23,11,14,246824,9,3995.833215,2663.888771,0
23,14,11,246824,9,2663.888771,3995.833215,0
23,11,27,246824,29,3995.833215,7991.666548,0
23,27,11,246824,29,7991.666548,3995.833215,0
23,11,29,246824,30,3995.833215,7991.666548,0
23,29,11,246824,30,7991.666548,3995.833215,0
23,12,13,246824,9,5327.777659,2663.888771,0
23,13,12,246824,9,2663.888771,5327.777659,0
23,13,14,246824,7,2663.888771,2663.888771,0
23,14,13,246824,7,2663.888771,2663.888771,0
23,13,16,246824,19,2663.888771,3196.666548,0
23,16,13,246824,19,3196.666548,2663.888771,0
23,13,21,246824,35,2663.888771,5327.777659,0
23,21,13,246824,35,5327.777659,2663.888771,0
23,14,15,246824,39,2663.888771,7991.666548,0
23,15,14,246824,39,7991.666548,2663.888771,0
23,14,17,246824,20,2663.888771,7991.666548,0
23,17,14,246824,20,7991.666548,2663.888771,0
23,14,24,246824,21,2663.888771,7991.666548,0
23,24,14,246824,21,7991.666548,2663.888771,0
23,14,25,246824,26,2663.888771,5327.777659,0
23,25,14,246824,26,5327.777659,2663.888771,0
23,16,17,246824,24,3196.666548,7991.666548,0
23,17,16,246824,24,7991.666548,3196.666548,0
23,16,18,246824,24,3196.666548,5327.777659,0
23,18,16,246824,24,5327.777659,3196.666548,0
23,18,22,246824,27,5327.777659,7991.666548,0
23,22,18,246824,27,7991.666548,5327.777659,0
23,21,23,246824,40,5327.777659,3995.833215,0
23,23,21,246824,40,3995.833215,5327.777659,0
23,22,23,246824,29,7991.666548,3995.833215,0
23,23,22,246824,29,3995.833215,7991.666548,0
23,23,25,246824,31,3995.833215,5327.777659,0
23,25,23,246824,31,5327.777659,3995.833215,0
23,25,28,246824,37,5327.777659,7991.666548,0
23,28,25,246824,37,7991.666548,5327.777659,0
24,0,1,246824,12,3196.666548,3995.833215,0
24,1,0,246824,12,3995.833215,3196.666548,0
24,0,16,246824,22,3196.666548,7991.666548,0
24,16,0,246824,22,7991.666548,3196.666548,0
24,0,19,246824,27,3196.666548,7991.666548,0
24,19,0,246824,27,7991.666548,3196.666548,0
24,0,21,246824,38,3196.666548,5327.777659,0
24,21,0,246824,38,5327.777659,3196.666548,0
24,0,23,246824,25,3196.666548,7991.666548,0
24,23,0,246824,25,7991.666548,3196.666548,0
24,1,3,246824,11,3995.833215,3995.833215,0
24,3,1,246824,11,3995.833215,3995.833215,0
24,1,4,246824,9,3995.833215,2283.333215,0
24,4,1,246824,9,2283.333215,3995.833215,0
24,1,20,246824,37,3995.833215,7991.666548,0
24,20,1,246824,37,7991.666548,3995.833215,0
24,2,4,246824,8,3995.833215,2283.333215,0
24,4,2,246824,8,2283.333215,3995.833215,0
24,2,5,246824,11,3995.833215,3196.666548,0
24,5,2,246824,11,3196.666548,3995.833215,0
24,2,15,246824,39,3995.833215,7991.666548,0
24,15,2,246824,39,7991.666548,3995.833215,0
24,2,29,246824,28,3995.833215,7991.666548,0
24,29,2,246824,28,7991.666548,3995.833215,0
24,3,6,246824,11,3995.833215,3995.833215,0
24,6,3,246824,11,3995.833215,3995.833215,0
24,3,27,246824,29,3995.833215,7991.666548,0
24,27,3,246824,29,7991.666548,3995.833215,0
24,3,28,246824,32,3995.833215,7991.666548,0
24,28,3,246824,32,7991.666548,3995.833215,0
24,4,5,246824,9,2283.333215,3196.666548,0
24,5,4,246824,9,3196.666548,2283.333215,0
24,4,6,246824,9,2283.333215,3995.833215,0
24,6,4,246824,9,3995.833215,2283.333215,0
24,4,7,246824,9,2283.333215,3995.833215,0
24,7,4,246824,9,3995.833215,2283.333215,0
24,4,12,246824,9,2283.333215,7991.666548,0
24,12,4,246824,9,7991.666548,2283.333215,0
24,4,13,246824,6,2283.333215,2663.888771,0
24,13,4,246824,6,2663.888771,2283.333215,0
24,5,6,246824,12,3196.666548,3995.833215,0
24,6,5,246824,12,3995.833215,3196.666548,0
24,5,8,246824,12,3196.666548,5327.777659,0
24,8,5,246824,12,5327.777659,3196.666548,0
24,5,26,246824,29,3196.666548,7991.666548,0
24,26,5,246824,29,7991.666548,3196.666548,0
24,6,18,246824,21,3995.833215,5327.777659,0
24,18,6,246824,21,5327.777659,3995.833215,0
24,7,9,246824,12,3995.833215,5327.777659,0
24,9,7,246824,12,5327.777659,3995.833215,0
24,7,10,246824,11,3995.833215,3196.666548,0
24,10,7,246824,11,3196.666548,3995.833215,0
24,7,24,246824,24,3995.833215,5327.777659,0
24,24,7,246824,24,5327.777659,3995.833215,0
24,8,10,246824,11,5327.777659,3196.666548,0
24,10,8,246824,11,3196.666548,5327.777659,0
24,8,26,246824,29,5327.777659,7991.666548,0
24,26,8,246824,29,7991.666548,5327.777659,0
24,9,10,246824,11,5327.777659,3196.666548,0
24,10,9,246824,11,3196.666548,5327.777659,0
24,9,24,246824,23,5327.777659,5327.777659,0
24,24,9,246824,23,5327.777659,5327.777659,0
24,10,12,246824,11,3196.666548,7991.666548,0
24,12,10,246824,11,7991.666548,3196.666548,0
24,10,13,246824,8,3196.666548,2663.888771,0
24,13,10,246824,8,2663.888771,3196.666548,0
24,11,13,246824,9,3995.833215,2663.888771,0
24,13,11,246824,9,2663.888771,3995.833215,0
24,11,14,246824,9,3995.833215,3196.666548,0
24,14,11,246824,9,3196.666548,3995.833215,0
24,11,27,246824,29,3995.833215,7991.666548,0
24,27,11,246824,29,7991.666548,3995.833215,0
24,11,29,246824,30,3995.833215,7991.666548,0
24,29,11,246824,30,7991.666548,3995.833215,0
24,13,14,246824,7,2663.888771,3196.666548,0
24,14,13,246824,7,3196.666548,2663.888771,0
24,13,16,246824,19,2663.888771,7991.666548,0
24,16,13,246824,19,7991.666548,2663.888771,0
24,13,21,246824,35,2663.888771,5327.777659,0
24,21,13,246824,35,5327.777659,2663.888771,0
24,14,15,246824,39,3196.666548,7991.666548,0
24,15,14,246824,39,7991.666548,3196.666548,0
24,14,17,246824,20,3196.666548,2663.888771,0
24,17,14,246824,20,2663.888771,3196.666548,0
24,14,25,246824,26,3196.666548,7991.666548,0
24,25,14,246824,26,7991.666548,3196.666548,0
24,17,18,246824,24,2663.888771,5327.777659,0
24,18,17,246824,24,5327.777659,2663.888771,0
24,17,19,246824,28,2663.888771,7991.666548,0
24,19,17,246824,28,7991.666548,2663.888771,0
24,17,20,246824,39,2663.888771,7991.666548,0
24,20,17,246824,39,7991.666548,2663.888771,0
24,17,25,246824,30,2663.888771,7991.666548,0
24,25,17,246824,30,7991.666548,2663.888771,0
24,17,28,246824,34,2663.888771,7991.666548,0
24,28,17,246824,34,7991.666548,2663.888771,0
24,18,22,246824,27,5327.777659,7991.666548,0
24,22,18,246824,27,7991.666548,5327.777659,0
24,21,23,246824,40,5327.777659,7991.666548,0
24,23,21,246824,40,7991.666548,5327.777659,0
24,22,24,246824,28,7991.666548,5327.777659,0
24,24,22,246824,28,5327.777659,7991.666548,0
25,0,1,246824,12,3199.999882,3199.999882,0
25,1,0,246824,12,3199.999882,3199.999882,0
25,0,16,246824,22,3199.999882,3199.999882,0
25,16,0,246824,22,3199.999882,3199.999882,0
25,0,19,246824,27,3199.999882,3999.999882,0
25,19,0,246824,27,3999.999882,3199.999882,0
25,0,23,246824,25,3199.999882,5333.333215,0
25,23,0,246824,25,5333.333215,3199.999882,0
25,0,29,246824,31,3199.999882,7999.999882,0
25,29,0,246824,31,7999.999882,3199.999882,0
25,1,2,246824,10,3199.999882,5333.333215,0
25,2,1,246824,10,5333.333215,3199.999882,0
25,1,3,246824,11,3199.999882,3999.999882,0
25,3,1,246824,11,3999.999882,3199.999882,0
25,1,4,246824,9,3199.999882,2666.666548,0
25,4,1,246824,9,2666.666548,3199.999882,0
25,1,20,246824,37,3199.999882,7999.999882,0
25,20,1,246824,37,7999.999882,3199.999882,0
25,2,4,246824,8,5333.333215,2666.666548,0
25,4,2,246824,8,2666.666548,5333.333215,0
25,2,21,246824,35,5333.333215,7999.999882,0
25,21,2,246824,35,7999.999882,5333.333215,0
25,3,6,246824,11,3999.999882,2666.666548,0
25,6,3,246824,11,2666.666548,3999.999882,0
25,3,27,246824,29,3999.999882,7999.999882,0
25,27,3,246824,29,7999.999882,3999.999882,0
25,3,28,246824,32,3999.999882,7999.999882,0
25,28,3,246824,32,7999.999882,3999.999882,0
25,4,6,246824,9,2666.666548,2666.666548,0
25,6,4,246824,9,2666.666548,2666.666548,0
25,4,7,246824,9,2666.666548,7999.999882,0
25,7,4,246824,9,7999.999882,2666.666548,0
25,4,12,246824,9,2666.666548,3199.999882,0
25,12,4,246824,9,3199.999882,2666.666548,0
25,4,13,246824,6,2666.666548,2285.714167,0
25,13,4,246824,6,2285.714167,2666.666548,0
25,5,6,246824,12,5333.333215,2666.666548,0
25,6,5,246824,12,2666.666548,5333.333215,0
25,5,8,246824,12,5333.333215,2666.666548,0
25,8,5,246824,12,2666.666548,5333.333215,0
25,5,26,246824,29,5333.333215,7999.999882,0
25,26,5,246824,29,7999.999882,5333.333215,0
25,6,7,246824,12,2666.666548,7999.999882,0
25,7,6,246824,12,7999.999882,2666.666548,0
25,6,9,246824,11,2666.666548,3199.999882,0
25,9,6,246824,11,3199.999882,2666.666548,0
25,6,18,246824,21,2666.666548,7999.999882,0
25,18,6,246824,21,7999.999882,2666.666548,0
25,8,9,246824,12,2666.666548,3199.999882,0
25,9,8,246824,12,3199.999882,2666.666548,0
25,8,10,246824,11,2666.666548,3999.999882,0
25,10,8,246824,11,3999.999882,2666.666548,0
25,8,19,246824,27,2666.666548,3999.999882,0
25,19,8,246824,27,3999.999882,2666.666548,0
25,8,20,246824,38,2666.666548,7999.999882,0
25,20,8,246824,38,7999.999882,2666.666548,0
25,8,26,246824,29,2666.666548,7999.999882,0
25,26,8,246824,29,7999.999882,2666.666548,0
25,9,12,246824,12,3199.999882,3199.999882,0
25,12,9,246824,12,3199.999882,3199.999882,0
25,9,24,246824,23,3199.999882,5333.333215,0
25,24,9,246824,23,5333.333215,3199.999882,0
25,9,27,246824,29,3199.999882,7999.999882,0
25,27,9,246824,29,7999.999882,3199.999882,0
25,10,12,246824,11,3999.999882,3199.999882,0
25,12,10,246824,11,3199.999882,3999.999882,0
25,10,13,246824,8,3999.999882,2285.714167,0
25,13,10,246824,8,2285.714167,3999.999882,0
25,10,16,246824,21,3999.999882,3199.999882,0
25,16,10,246824,21,3199.999882,3999.999882,0
25,11,13,246824,9,7999.999882,2285.714167,0
25,13,11,246824,9,2285.714167,7999.999882,0
25,11,14,246824,9,7999.999882,2666.666548,0
25,14,11,246824,9,2666.666548,7999.999882,0
25,12,13,246824,9,3199.999882,2285.714167,0
25,13,12,246824,9,2285.714167,3199.999882,0
25,12,15,246824,42,3199.999882,7999.999882,0
25,15,12,246824,42,7999.999882,3199.999882,0
25,13,14,246824,7,2285.714167,2666.666548,0
25,14,13,246824,7,2666.666548,2285.714167,0
25,13,16,246824,19,2285.714167,3199.999882,0
25,16,13,246824,19,3199.999882,2285.714167,0
25,13,21,246824,35,2285.714167,7999.999882,0
25,21,13,246824,35,7999.999882,2285.714167,0
25,14,15,246824,39,2666.666548,7999.999882,0
25,15,14,246824,39,7999.999882,2666.666548,0
25,14,17,246824,20,2666.666548,7999.999882,0
25,17,14,246824,20,7999.999882,2666.666548,0
25,14,24,246824,21,2666.666548,5333.333215,0
25,24,14,246824,21,5333.333215,2666.666548,0
25,14,25,246824,26,2666.666548,5333.333215,0
25,25,14,246824,26,5333.333215,2666.666548,0
25,16,17,246824,24,3199.999882,7999.999882,0
25,17,16,246824,24,7999.999882,3199.999882,0
25,16,18,246824,24,3199.999882,7999.999882,0
25,18,16,246824,24,7999.999882,3199.999882,0
25,19,22,246824,31,3999.999882,5333.333215,0
25,22,19,246824,31,5333.333215,3999.999882,0
25,19,23,246824,30,3999.999882,5333.333215,0
25,23,19,246824,30,5333.333215,3999.999882,0
25,22,23,246824,29,5333.333215,5333.333215,0
25,23,22,246824,29,5333.333215,5333.333215,0
25,22,25,246824,33,5333.333215,5333.333215,0
25,25,22,246824,33,5333.333215,5333.333215,0
25,24,29,246824,32,5333.333215,7999.999882,0
25,29,24,246824,32,7999.999882,5333.333215,0
25,25,28,246824,37,5333.333215,7999.999882,0
25,28,25,246824,37,7999.999882,5333.333215,0
26,0,1,246824,12,3993.749882,3993.749882,0
26,1,0,246824,12,3993.749882,3993.749882,0
26,0,19,246824,27,3993.749882,7987.499882,0
26,19,0,246824,27,7987.499882,3993.749882,0
26,0,23,246824,25,3993.749882,5324.999882,0
26,23,0,246824,25,5324.999882,3993.749882,0
26,0,27,246824,30,3993.749882,7987.499882,0
26,27,0,246824,30,7987.499882,3993.749882,0
26,1,2,246824,10,3993.749882,2662.499882,0
26,2,1,246824,10,2662.499882,3993.749882,0
26,1,3,246824,11,3993.749882,3194.999882,0
26,3,1,246824,11,3194.999882,3993.749882,0
26,1,20,246824,37,3993.749882,7987.499882,0
26,20,1,246824,37,7987.499882,3993.749882,0
26,2,4,246824,8,2662.499882,3194.999882,0
26,4,2,246824,8,3194.999882,2662.499882,0
26,2,5,246824,11,2662.499882,2662.499882,0
26,5,2,246824,11,2662.499882,2662.499882,0
26,2,15,246824,39,2662.499882,7987.499882,0
26,15,2,246824,39,7987.499882,2662.499882,0
26,2,21,246824,35,2662.499882,7987.499882,0
26,21,2,246824,35,7987.499882,2662.499882,0
26,2,29,246824,28,2662.499882,5324.999882,0
26,29,2,246824,28,5324.999882,2662.499882,0
26,3,5,246824,11,3194.999882,2662.499882,0
26,5,3,246824,11,2662.499882,3194.999882,0
26,3,6,246824,11,3194.999882,5324.999882,0
26,6,3,246824,11,5324.999882,3194.999882,0
26,3,27,246824,29,3194.999882,7987.499882,0
26,27,3,246824,29,7987.499882,3194.999882,0
26,3,28,246824,32,3194.999882,7987.499882,0
26,28,3,246824,32,7987.499882,3194.999882,0
26,4,6,246824,9,3194.999882,5324.999882,0
26,6,4,246824,9,5324.999882,3194.999882,0
26,4,7,246824,9,3194.999882,7987.499882,0
26,7,4,246824,9,7987.499882,3194.999882,0
26,4,12,246824,9,3194.999882,7987.499882,0
26,12,4,246824,9,7987.499882,3194.999882,0
26,4,13,246824,6,3194.999882,2662.499882,0
26,13,4,246824,6,2662.499882,3194.999882,0
26,5,8,246824,12,2662.499882,3194.999882,0
26,8,5,246824,12,3194.999882,2662.499882,0
26,5,19,246824,27,2662.499882,7987.499882,0
26,19,5,246824,27,7987.499882,2662.499882,0
26,5,24,246824,24,2662.499882,5324.999882,0
26,24,5,246824,24,5324.999882,2662.499882,0
26,5,26,246824,29,2662.499882,7987.499882,0
26,26,5,246824,29,7987.499882,2662.499882,0
26,6,18,246824,21,5324.999882,7987.499882,0
26,18,6,246824,21,7987.499882,5324.999882,0
26,7,10,246824,11,7987.499882,2662.499882,0
26,10,7,246824,11,2662.499882,7987.499882,0
26,8,9,246824,12,3194.999882,7987.499882,0
26,9,8,246824,12,7987.499882,3194.999882,0
26,8,10,246824,11,3194.999882,2662.499882,0
26,10,8,246824,11,2662.499882,3194.999882,0
26,8,20,246824,38,3194.999882,7987.499882,0
26,20,8,246824,38,7987.499882,3194.999882,0
26,8,26,246824,29,3194.999882,7987.499882,0
26,26,8,246824,29,7987.499882,3194.999882,0
26,9,10,246824,11,7987.499882,2662.499882,0
26,10,9,246824,11,2662.499882,7987.499882,0
26,10,12,246824,11,2662.499882,7987.499882,0
26,12,10,246824,11,7987.499882,2662.499882,0
26,10,13,246824,8,2662.499882,2662.499882,0
26,13,10,246824,8,2662.499882,2662.499882,0
26,10,16,246824,21,2662.499882,7987.499882,0
26,16,10,246824,21,7987.499882,2662.499882,0
26,11,13,246824,9,5324.999882,2662.499882,0
26,13,11,246824,9,2662.499882,5324.999882,0
26,11,14,246824,9,5324.999882,2662.499882,0
26,14,11,246824,9,2662.499882,5324.999882,0
26,11,29,246824,30,5324.999882,5324.999882,0
26,29,11,246824,30,5324.999882,5324.999882,0
26,13,14,246824,7,2662.499882,2662.499882,0
26,14,13,246824,7,2662.499882,2662.499882,0
26,13,16,246824,19,2662.499882,7987.499882,0
26,16,13,246824,19,7987.499882,2662.499882,0
26,13,21,246824,35,2662.499882,7987.499882,0
26,21,13,246824,35,7987.499882,2662.499882,0
26,14,15,246824,39,2662.499882,7987.499882,0
26,15,14,246824,39,7987.499882,2662.499882,0
26,14,17,246824,20,2662.499882,7987.499882,0
26,17,14,246824,20,7987.499882,2662.499882,0
26,14,24,246824,21,2662.499882,5324.999882,0
26,24,14,246824,21,5324.999882,2662.499882,0
26,14,25,246824,26,2662.499882,5324.999882,0
26,25,14,246824,26,5324.999882,2662.499882,0
26,17,25,246824,30,7987.499882,5324.999882,0
26,25,17,246824,30,5324.999882,7987.499882,0
26,18,22,246824,27,7987.499882,5324.999882,0
26,22,18,246824,27,5324.999882,7987.499882,0
26,22,23,246824,29,5324.999882,5324.999882,0
26,23,22,246824,29,5324.999882,5324.999882,0
26,22,24,246824,28,5324.999882,5324.999882,0
26,24,22,246824,28,5324.999882,5324.999882,0
26,23,25,246824,31,5324.999882,5324.999882,0
26,25,23,246824,31,5324.999882,5324.999882,0
26,28,29,246824,37,7987.499882,5324.999882,0
26,29,28,246824,37,5324.999882,7987.499882,0
27,0,1,246824,12,2666.666548,3199.999882,0
27,1,0,246824,12,3199.999882,2666.666548,0
27,0,16,246824,22,2666.666548,3999.999882,0
27,16,0,246824,22,3999.999882,2666.666548,0
27,0,19,246824,27,2666.666548,3999.999882,0
27,19,0,246824,27,3999.999882,2666.666548,0
27,0,21,246824,38,2666.666548,7999.999882,0
27,21,0,246824,38,7999.999882,2666.666548,0
27,0,23,246824,25,2666.666548,5333.333215,0
27,23,0,246824,25,5333.333215,2666.666548,0
27,0,29,246824,31,2666.666548,7999.999882,0
27,29,0,246824,31,7999.999882,2666.666548,0
27,1,2,246824,10,3199.999882,5333.333215,0
27,2,1,246824,10,5333.333215,3199.999882,0
27,1,3,246824,11,3199.999882,5333.333215,0
27,3,1,246824,11,5333.333215,3199.999882,0
27,1,4,246824,9,3199.999882,5333.333215,0
27,4,1,246824,9,5333.333215,3199.999882,0
27,1,20,246824,37,3199.999882,7999.999882,0
27,20,1,246824,37,7999.999882,3199.999882,0
27,2,4,246824,8,5333.333215,5333.333215,0
27,4,2,246824,8,5333.333215,5333.333215,0
27,2,5,246824,11,5333.333215,3199.999882,0
27,5,2,246824,11,3199.999882,5333.333215,0
27,3,6,246824,11,5333.333215,3999.999882,0
27,6,3,246824,11,3999.999882,5333.333215,0
27,3,28,246824,32,5333.333215,7999.999882,0
27,28,3,246824,32,7999.999882,5333.333215,0
27,4,5,246824,9,5333.333215,3199.999882,0
27,5,4,246824,9,3199.999882,5333.333215,0
27,5,8,246824,12,3199.999882,2666.666548,0
27,8,5,246824,12,2666.666548,3199.999882,0
27,5,24,246824,24,3199.999882,7999.999882,0
27,24,5,246824,24,7999.999882,3199.999882,0
27,5,26,246824,29,3199.999882,5333.333215,0
27,26,5,246824,29,5333.333215,3199.999882,0
27,6,7,246824,12,3999.999882,5333.333215,0
27,7,6,246824,12,5333.333215,3999.999882,0
27,6,9,246824,11,3999.999882,2666.666548,0
27,9,6,246824,11,2666.666548,3999.999882,0
27,6,18,246824,21,3999.999882,5333.333215,0
27,18,6,246824,21,5333.333215,3999.999882,0
27,7,9,246824,12,5333.333215,2666.666548,0
27,9,7,246824,12,2666.666548,5333.333215,0
27,7,10,246824,11,5333.333215,2666.666548,0
27,10,7,246824,11,2666.666548,5333.333215,0
27,8,9,246824,12,2666.666548,2666.666548,0
27,9,8,246824,12,2666.666548,2666.666548,0
27,8,10,246824,11,2666.666548,2666.666548,0
27,10,8,246824,11,2666.666548,2666.666548,0
27,8,19,246824,27,2666.666548,3999.999882,0
27,19,8,246824,27,3999.999882,2666.666548,0
27,8,20,246824,38,2666.666548,7999.999882,0
27,20,8,246824,38,7999.999882,2666.666548,0
27,8,26,246824,29,2666.666548,5333.333215,0
27,26,8,246824,29,5333.333215,2666.666548,0
27,9,10,246824,11,2666.666548,2666.666548,0
27,10,9,246824,11,2666.666548,2666.666548,0
27,9,12,246824,12,2666.666548,5333.333215,0
27,12,9,246824,12,5333.333215,2666.666548,0
27,9,27,246824,29,2666.666548,7999.999882,0
27,27,9,246824,29,7999.999882,2666.666548,0
27,10,12,246824,11,2666.666548,5333.333215,0
27,12,10,246824,11,5333.333215,2666.666548,0
27,10,13,246824,8,2666.666548,3199.999882,0
27,13,10,246824,8,3199.999882,2666.666548,0
27,10,16,246824,21,2666.666548,3999.999882,0
27,16,10,246824,21,3999.999882,2666.666548,0
27,11,13,246824,9,3999.999882,3199.999882,0
27,13,11,246824,9,3199.999882,3999.999882,0
27,11,14,246824,9,3999.999882,2666.666548,0
27,14,11,246824,9,2666.666548,3999.999882,0
27,11,27,246824,29,3999.999882,7999.999882,0
27,27,11,246824,29,7999.999882,3999.999882,0
27,11,29,246824,30,3999.999882,7999.999882,0
27,29,11,246824,30,7999.999882,3999.999882,0
27,12,15,246824,42,5333.333215,7999.999882,0
27,15,12,246824,42,7999.999882,5333.333215,0
27,13,14,246824,7,3199.999882,2666.666548,0
27,14,13,246824,7,2666.666548,3199.999882,0
27,13,16,246824,19,3199.999882,3999.999882,0
27,16,13,246824,19,3999.999882,3199.999882,0
27,13,21,246824,35,3199.999882,7999.999882,0
27,21,13,246824,35,7999.999882,3199.999882,0
27,14,15,246824,39,2666.666548,7999.999882,0
27,15,14,246824,39,7999.999882,2666.666548,0
27,14,17,246824,20,2666.666548,7999.999882,0
27,17,14,246824,20,7999.999882,2666.666548,0
27,14,24,246824,21,2666.666548,7999.999882,0
27,24,14,246824,21,7999.999882,2666.666548,0
27,14,25,246824,26,2666.666548,5333.333215,0
27,25,14,246824,26,5333.333215,2666.666548,0
27,16,18,246824,24,3999.999882,5333.333215,0
27,18,16,246824,24,5333.333215,3999.999882,0
27,17,19,246824,28,7999.999882,3999.999882,0
27,19,17,246824,28,3999.999882,7999.999882,0
27,18,22,246824,27,5333.333215,7999.999882,0
27,22,18,246824,27,7999.999882,5333.333215,0
27,19,23,246824,30,3999.999882,5333.333215,0
27,23,19,246824,30,5333.333215,3999.999882,0
27,22,23,246824,29,7999.999882,5333.333215,0
27,23,22,246824,29,5333.333215,7999.999882,0
27,25,26,246824,35,5333.333215,5333.333215,0
27,26,25,246824,35,5333.333215,5333.333215,0
27,25,28,246824,37,5333.333215,7999.999882,0
27,28,25,246824,37,7999.999882,5333.333215,0
28,0,1,246824,12,2663.888771,5327.777659,0
28,1,0,246824,12,5327.777659,2663.888771,0
28,0,16,246824,22,2663.888771,7991.666548,0
28,16,0,246824,22,7991.666548,2663.888771,0
28,0,19,246824,27,2663.888771,5327.777659,0
28,19,0,246824,27,5327.777659,2663.888771,0
28,0,21,246824,38,2663.888771,5327.777659,0
28,21,0,246824,38,5327.777659,2663.888771,0
28,0,23,246824,25,2663.888771,7991.666548,0
28,23,0,246824,25,7991.666548,2663.888771,0
28,0,29,246824,31,2663.888771,7991.666548,0
28,29,0,246824,31,7991.666548,2663.888771,0
28,1,4,246824,9,5327.777659,2663.888771,0
28,4,1,246824,9,2663.888771,5327.777659,0
28,1,20,246824,37,5327.777659,7991.666548,0
28,20,1,246824,37,7991.666548,5327.777659,0
28,2,4,246824,8,3196.666548,2663.888771,0
28,4,2,246824,8,2663.888771,3196.666548,0
28,2,5,246824,11,3196.666548,3196.666548,0
28,5,2,246824,11,3196.666548,3196.666548,0
28,2,15,246824,39,3196.666548,7991.666548,0
28,15,2,246824,39,7991.666548,3196.666548,0
28,2,21,246824,35,3196.666548,5327.777659,0
28,21,2,246824,35,5327.777659,3196.666548,0
28,2,29,246824,28,3196.666548,7991.666548,0
28,29,2,246824,28,7991.666548,3196.666548,0
28,3,5,246824,11,3995.833215,3196.666548,0
28,5,3,246824,11,3196.666548,3995.833215,0
28,3,6,246824,11,3995.833215,3196.666548,0
28,6,3,246824,11,3196.666548,3995.833215,0
28,3,27,246824,29,3995.833215,7991.666548,0
28,27,3,246824,29,7991.666548,3995.833215,0
28,3,28,246824,32,3995.833215,7991.666548,0
28,28,3,246824,32,7991.666548,3995.833215,0
28,4,6,246824,9,2663.888771,3196.666548,0
28,6,4,246824,9,3196.666548,2663.888771,0
28,4,7,246824,9,2663.888771,7991.666548,0
28,7,4,246824,9,7991.666548,2663.888771,0
28,4,12,246824,9,2663.888771,7991.666548,0
28,12,4,246824,9,7991.666548,2663.888771,0
28,4,13,246824,6,2663.888771,3995.833215,0
28,13,4,246824,6,3995.833215,2663.888771,0
28,5,6,246824,12,3196.666548,3196.666548,0
28,6,5,246824,12,3196.666548,3196.666548,0
28,5,24,246824,24,3196.666548,5327.777659,0
28,24,5,246824,24,5327.777659,3196.666548,0
28,5,26,246824,29,3196.666548,7991.666548,0
28,26,5,246824,29,7991.666548,3196.666548,0
28,6,9,246824,11,3196.666548,2283.333215,0
28,9,6,246824,11,2283.333215,3196.666548,0
28,6,18,246824,21,3196.666548,7991.666548,0
28,18,6,246824,21,7991.666548,3196.666548,0
28,7,9,246824,12,7991.666548,2283.333215,0
28,9,7,246824,12,2283.333215,7991.666548,0
28,8,9,246824,12,3995.833215,2283.333215,0
28,9,8,246824,12,2283.333215,3995.833215,0
28,8,10,246824,11,3995.833215,3995.833215,0
28,10,8,246824,11,3995.833215,3995.833215,0
28,8,20,246824,38,3995.833215,7991.666548,0
28,20,8,246824,38,7991.666548,3995.833215,0
28,8,26,246824,29,3995.833215,7991.666548,0
28,26,8,246824,29,7991.666548,3995.833215,0
28,9,10,246824,11,2283.333215,3995.833215,0
28,10,9,246824,11,3995.833215,2283.333215,0
28,9,12,246824,12,2283.333215,7991.666548,0
28,12,9,246824,12,7991.666548,2283.333215,0
28,9,24,246824,23,2283.333215,5327.777659,0
28,24,9,246824,23,5327.777659,2283.333215,0
28,9,27,246824,29,2283.333215,7991.666548,0
28,27,9,246824,29,7991.666548,2283.333215,0
28,10,13,246824,8,3995.833215,3995.833215,0
28,13,10,246824,8,3995.833215,3995.833215,0
28,10,16,246824,21,3995.833215,7991.666548,0
28,16,10,246824,21,7991.666548,3995.833215,0
28,11,13,246824,9,7991.666548,3995.833215,0
28,13,11,246824,9,3995.833215,7991.666548,0
28,11,14,246824,9,7991.666548,3196.666548,0
28,14,11,246824,9,3196.666548,7991.666548,0
28,13,14,246824,7,3995.833215,3196.666548,0
28,14,13,246824,7,3196.666548,3995.833215,0
28,14,15,246824,39,3196.666548,7991.666548,0
28,15,14,246824,39,7991.666548,3196.666548,0
28,14,17,246824,20,3196.666548,3196.666548,0
28,17,14,246824,20,3196.666548,3196.666548,0
28,14,25,246824,26,3196.666548,7991.666548,0
28,25,14,246824,26,7991.666548,3196.666548,0
28,17,18,246824,24,3196.666548,7991.666548,0
28,18,17,246824,24,7991.666548,3196.666548,0
28,17,19,246824,28,3196.666548,5327.777659,0
28,19,17,246824,28,5327.777659,3196.666548,0
28,17,25,246824,30,3196.666548,7991.666548,0
28,25,17,246824,30,7991.666548,3196.666548,0
28,17,28,246824,34,3196.666548,7991.666548,0
28,28,17,246824,34,7991.666548,3196.666548,0
28,19,22,246824,31,5327.777659,7991.666548,0
28,22,19,246824,31,7991.666548,5327.777659,0
28,21,23,246824,40,5327.777659,7991.666548,0
28,23,21,246824,40,7991.666548,5327.777659,0
28,22,24,246824,28,7991.666548,5327.777659,0
28,24,22,246824,28,5327.777659,7991.666548,0
29,0,1,246824,12,3199.999882,5333.333215,0
29,1,0,246824,12,5333.333215,3199.999882,0
29,0,16,246824,22,3199.999882,3999.999882,0
29,16,0,246824,22,3999.999882,3199.999882,0
29,0,21,246824,38,3199.999882,7999.999882,0
29,21,0,246824,38,7999.999882,3199.999882,0
29,0,23,246824,25,3199.999882,5333.333215,0
29,23,0,246824,25,5333.333215,3199.999882,0
29,0,29,246824,31,3199.999882,7999.999882,0
29,29,0,246824,31,7999.999882,3199.999882,0
29,1,4,246824,9,5333.333215,2285.714167,0
29,4,1,246824,9,2285.714167,5333.333215,0
29,1,20,246824,37,5333.333215,7999.999882,0
29,20,1,246824,37,7999.999882,5333.333215,0
29,2,4,246824,8,7999.999882,2285.714167,0
29,4,2,246824,8,2285.714167,7999.999882,0
29,2,5,246824,11,7999.999882,2285.714167,0
29,5,2,246824,11,2285.714167,7999.999882,0
29,3,5,246824,11,3999.999882,2285.714167,0
29,5,3,246824,11,2285.714167,3999.999882,0
29,3,6,246824,11,3999.999882,2666.666548,0
29,6,3,246824,11,2666.666548,3999.999882,0
29,3,27,246824,29,3999.999882,7999.999882,0
29,27,3,246824,29,7999.999882,3999.999882,0
29,3,28,246824,32,3999.999882,7999.999882,0
29,28,3,246824,32,7999.999882,3999.999882,0
29,4,5,246824,9,2285.714167,2285.714167,0
29,5,4,246824,9,2285.714167,2285.714167,0
29,4,6,246824,9,2285.714167,2666.666548,0
29,6,4,246824,9,2666.666548,2285.714167,0
29,4,7,246824,9,2285.714167,3199.999882,0
29,7,4,246824,9,3199.999882,2285.714167,0
29,4,12,246824,9,2285.714167,3999.999882,0
29,12,4,246824,9,3999.999882,2285.714167,0
29,4,13,246824,6,2285.714167,2285.714167,0
29,13,4,246824,6,2285.714167,2285.714167,0
29,5,6,246824,12,2285.714167,2666.666548,0
29,6,5,246824,12,2666.666548,2285.714167,0
29,5,8,246824,12,2285.714167,3999.999882,0
29,8,5,246824,12,3999.999882,2285.714167,0
29,5,19,246824,27,2285.714167,7999.999882,0
29,19,5,246824,27,7999.999882,2285.714167,0
29,5,26,246824,29,2285.714167,7999.999882,0
29,26,5,246824,29,7999.999882,2285.714167,0
29,6,7,246824,12,2666.666548,3199.999882,0
29,7,6,246824,12,3199.999882,2666.666548,0
29,6,9,246824,11,2666.666548,7999.999882,0
29,9,6,246824,11,7999.999882,2666.666548,0
29,6,18,246824,21,2666.666548,5333.333215,0
29,18,6,246824,21,5333.333215,2666.666548,0
29,7,9,246824,12,3199.999882,7999.999882,0
29,9,7,246824,12,7999.999882,3199.999882,0
29,7,10,246824,11,3199.999882,3999.999882,0
29,10,7,246824,11,3999.999882,3199.999882,0
29,7,24,246824,24,3199.999882,7999.999882,0
29,24,7,246824,24,7999.999882,3199.999882,0
29,8,10,246824,11,3999.999882,3999.999882,0
29,10,8,246824,11,3999.999882,3999.999882,0
29,8,19,246824,27,3999.999882,7999.999882,0
29,19,8,246824,27,7999.999882,3999.999882,0
29,8,26,246824,29,3999.999882,7999.999882,0
29,26,8,246824,29,7999.999882,3999.999882,0
29,10,12,246824,11,3999.999882,3999.999882,0
29,12,10,246824,11,3999.999882,3999.999882,0
29,10,13,246824,8,3999.999882,2285.714167,0
29,13,10,246824,8,2285.714167,3999.999882,0
29,11,13,246824,9,3999.999882,2285.714167,0
29,13,11,246824,9,2285.714167,3999.999882,0
29,11,14,246824,9,3999.999882,2666.666548,0
29,14,11,246824,9,2666.666548,3999.999882,0
29,11,27,246824,29,3999.999882,7999.999882,0
29,27,11,246824,29,7999.999882,3999.999882,0
29,11,29,246824,30,3999.999882,7999.999882,0
29,29,11,246824,30,7999.999882,3999.999882,0
29,12,13,246824,9,3999.999882,2285.714167,0
29,13,12,246824,9,2285.714167,3999.999882,0
29,12,15,246824,42,3999.999882,7999.999882,0
29,15,12,246824,42,7999.999882,3999.999882,0
29,13,14,246824,7,2285.714167,2666.666548,0
29,14,13,246824,7,2666.666548,2285.714167,0
29,13,16,246824,19,2285.714167,3999.999882,0
29,16,13,246824,19,3999.999882,2285.714167,0
29,13,21,246824,35,2285.714167,7999.999882,0
29,21,13,246824,35,7999.999882,2285.714167,0
29,14,15,246824,39,2666.666548,7999.999882,0
29,15,14,246824,39,7999.999882,2666.666548,0
29,14,17,246824,20,2666.666548,3999.999882,0
29,17,14,246824,20,3999.999882,2666.666548,0
29,14,24,246824,21,2666.666548,7999.999882,0
29,24,14,246824,21,7999.999882,2666.666548,0
29,14,25,246824,26,2666.666548,7999.999882,0
29,25,14,246824,26,7999.999882,2666.666548,0
29,16,17,246824,24,3999.999882,3999.999882,0
29,17,16,246824,24,3999.999882,3999.999882,0
29,16,18,246824,24,3999.999882,5333.333215,0
29,18,16,246824,24,5333.333215,3999.999882,0
29,17,20,246824,39,3999.999882,7999.999882,0
29,20,17,246824,39,7999.999882,3999.999882,0
29,17,28,246824,34,3999.999882,7999.999882,0
29,28,17,246824,34,7999.999882,3999.999882,0
29,18,22,246824,27,5333.333215,7999.999882,0
29,22,18,246824,27,7999.999882,5333.333215,0
29,22,23,246824,29,7999.999882,5333.333215,0
29,23,22,246824,29,5333.333215,7999.999882,0
29,23,25,246824,31,5333.333215,7999.999882,0
29,25,23,246824,31,7999.999882,5333.333215,0
30,0,1,246824,12,2662.499882,3194.999882,0
30,1,0,246824,12,3194.999882,2662.499882,0
30,0,16,246824,22,2662.499882,7987.499882,0
30,16,0,246824,22,7987.499882,2662.499882,0
30,0,19,246824,27,2662.499882,7987.499882,0
30,19,0,246824,27,7987.499882,2662.499882,0
30,0,21,246824,38,2662.499882,7987.499882,0
30,21,0,246824,38,7987.499882,2662.499882,0
30,0,23,246824,25,2662.499882,5324.999882,0
30,23,0,246824,25,5324.999882,2662.499882,0
30,0,27,246824,30,2662.499882,7987.499882,0
30,27,0,246824,30,7987.499882,2662.499882,0
30,1,2,246824,10,3194.999882,3993.749882,0
30,2,1,246824,10,3993.749882,3194.999882,0
30,1,3,246824,11,3194.999882,3993.749882,0
30,3,1,246824,11,3993.749882,3194.999882,0
30,1,4,246824,9,3194.999882,2282.142739,0
30,4,1,246824,9,2282.142739,3194.999882,0
30,1,20,246824,37,3194.999882,7987.499882,0
30,20,1,246824,37,7987.499882,3194.999882,0
30,2,4,246824,8,3993.749882,2282.142739,0
30,4,2,246824,8,2282.142739,3993.749882,0
30,2,15,246824,39,3993.749882,7987.499882,0
30,15,2,246824,39,7987.499882,3993.749882,0
30,2,29,246824,28,3993.749882,5324.999882,0
30,29,2,246824,28,5324.999882,3993.749882,0
30,3,6,246824,11,3993.749882,3993.749882,0
30,6,3,246824,11,3993.749882,3993.749882,0
30,3,27,246824,29,3993.749882,7987.499882,0
30,27,3,246824,29,7987.499882,3993.749882,0
30,3,28,246824,32,3993.749882,7987.499882,0
30,28,3,246824,32,7987.499882,3993.749882,0
30,4,5,246824,9,2282.142739,3993.749882,0
30,5,4,246824,9,3993.749882,2282.142739,0
30,4,6,246824,9,2282.142739,3993.749882,0
30,6,4,246824,9,3993.749882,2282.142739,0
30,4,7,246824,9,2282.142739,5324.999882,0
30,7,4,246824,9,5324.999882,2282.142739,0
30,4,12,246824,9,2282.142739,5324.999882,0
30,12,4,246824,9,5324.999882,2282.142739,0
30,4,13,246824,6,2282.142739,2662.499882,0
30,13,4,246824,6,2662.499882,2282.142739,0
30,5,8,246824,12,3993.749882,3194.999882,0
30,8,5,246824,12,3194.999882,3993.749882,0
30,5,24,246824,24,3993.749882,3993.749882,0
30,24,5,246824,24,3993.749882,3993.749882,0
30,5,26,246824,29,3993.749882,7987.499882,0
30,26,5,246824,29,7987.499882,3993.749882,0
30,6,9,246824,11,3993.749882,5324.999882,0
30,9,6,246824,11,5324.999882,3993.749882,0
30,6,18,246824,21,3993.749882,5324.999882,0
30,18,6,246824,21,5324.999882,3993.749882,0
30,7,10,246824,11,5324.999882,3993.749882,0
30,10,7,246824,11,3993.749882,5324.999882,0
30,7,24,246824,24,5324.999882,3993.749882,0
30,24,7,246824,24,3993.749882,5324.999882,0
30,8,9,246824,12,3194.999882,5324.999882,0
30,9,8,246824,12,5324.999882,3194.999882,0
30,8,10,246824,11,3194.999882,3993.749882,0
30,10,8,246824,11,3993.749882,3194.999882,0
30,8,20,246824,38,3194.999882,7987.499882,0
30,20,8,246824,38,7987.499882,3194.999882,0
30,8,26,246824,29,3194.999882,7987.499882,0
30,26,8,246824,29,7987.499882,3194.999882,0
30,9,12,246824,12,5324.999882,5324.999882,0
30,12,9,246824,12,5324.999882,5324.999882,0
30,10,12,246824,11,3993.749882,5324.999882,0
30,12,10,246824,11,5324.999882,3993.749882,0
30,10,13,246824,8,3993.749882,2662.499882,0
30,13,10,246824,8,2662.499882,3993.749882,0
30,11,13,246824,9,7987.499882,2662.499882,0
30,13,11,246824,9,2662.499882,7987.499882,0
30,11,14,246824,9,7987.499882,3993.749882,0
30,14,11,246824,9,3993.749882,7987.499882,0
30,13,14,246824,7,2662.499882,3993.749882,0
30,14,13,246824,7,3993.749882,2662.499882,0
30,13,16,246824,19,2662.499882,7987.499882,0
30,16,13,246824,19,7987.499882,2662.499882,0
30,13,21,246824,35,2662.499882,7987.499882,0
30,21,13,246824,35,7987.499882,2662.499882,0
30,14,15,246824,39,3993.749882,7987.499882,0
30,15,14,246824,39,7987.499882,3993.749882,0
30,14,17,246824,20,3993.749882,5324.999882,0
30,17,14,246824,20,5324.999882,3993.749882,0
30,17,18,246824,24,5324.999882,5324.999882,0
30,18,17,246824,24,5324.999882,5324.999882,0
30,17,19,246824,28,5324.999882,7987.499882,0
30,19,17,246824,28,7987.499882,5324.999882,0
30,18,22,246824,27,5324.999882,3993.749882,0
30,22,18,246824,27,3993.749882,5324.999882,0
30,22,23,246824,29,3993.749882,5324.999882,0
30,23,22,246824,29,5324.999882,3993.749882,0
30,22,24,246824,28,3993.749882,3993.749882,0
30,24,22,246824,28,3993.749882,3993.749882,0
30,22,25,246824,33,3993.749882,7987.499882,0
30,25,22,246824,33,7987.499882,3993.749882,0
30,23,25,246824,31,5324.999882,7987.499882,0
30,25,23,246824,31,7987.499882,5324.999882,0
30,24,29,246824,32,3993.749882,5324.999882,0
30,29,24,246824,32,5324.999882,3993.749882,0
30,28,29,246824,37,7987.499882,5324.999882,0
30,29,28,246824,37,5324.999882,7987.499882,0
31,0,1,246824,12,3993.749914,3993.749914,0
31,1,0,246824,12,3993.749914,3993.749914,0
31,0,16,246824,22,3993.749914,5324.999914,0
31,16,0,246824,22,5324.999914,3993.749914,0
31,0,23,246824,25,3993.749914,7987.499914,0
31,23,0,246824,25,7987.499914,3993.749914,0
31,0,29,246824,31,3993.749914,7987.499914,0
31,29,0,246824,31,7987.499914,3993.749914,0
31,1,3,246824,11,3993.749914,5324.999914,0
31,3,1,246824,11,5324.999914,3993.749914,0
31,1,4,246824,9,3993.749914,2282.142771,0
31,4,1,246824,9,2282.142771,3993.749914,0
31,1,20,246824,37,3993.749914,3993.749914,0
31,20,1,246824,37,3993.749914,3993.749914,0
31,2,4,246824,8,3993.749914,2282.142771,0
31,4,2,246824,8,2282.142771,3993.749914,0
31,2,5,246824,11,3993.749914,2662.499914,0
31,5,2,246824,11,2662.499914,3993.749914,0
31,2,15,246824,39,3993.749914,7987.499914,0
31,15,2,246824,39,7987.499914,3993.749914,0
31,2,21,246824,35,3993.749914,7987.499914,0
31,21,2,246824,35,7987.499914,3993.749914,0
31,3,5,246824,11,5324.999914,2662.499914,0
31,5,3,246824,11,2662.499914,5324.999914,0
31,3,28,246824,32,5324.999914,7987.499914,0
31,28,3,246824,32,7987.499914,5324.999914,0
31,4,5,246824,9,2282.142771,2662.499914,0
31,5,4,246824,9,2662.499914,2282.142771,0
31,4,6,246824,9,2282.142771,5324.999914,0
31,6,4,246824,9,5324.999914,2282.142771,0
31,4,7,246824,9,2282.142771,5324.999914,0
31,7,4,246824,9,5324.999914,2282.142771,0
31,4,12,246824,9,2282.142771,7987.499914,0
31,12,4,246824,9,7987.499914,2282.142771,0
31,4,13,246824,6,2282.142771,3194.999914,0
31,13,4,246824,6,3194.999914,2282.142771,0
31,5,8,246824,12,2662.499914,5324.999914,0
31,8,5,246824,12,5324.999914,2662.499914,0
31,5,19,246824,27,2662.499914,3993.749914,0
31,19,5,246824,27,3993.749914,2662.499914,0
31,5,26,246824,29,2662.499914,7987.499914,0
31,26,5,246824,29,7987.499914,2662.499914,0
31,6,9,246824,11,5324.999914,2282.142771,0
31,9,6,246824,11,2282.142771,5324.999914,0
31,6,18,246824,21,5324.999914,5324.999914,0
31,18,6,246824,21,5324.999914,5324.999914,0
31,7,9,246824,12,5324.999914,2282.142771,0
31,9,7,246824,12,2282.142771,5324.999914,0
31,7,10,246824,11,5324.999914,5324.999914,0
31,10,7,246824,11,5324.999914,5324.999914,0
31,8,9,246824,12,5324.999914,2282.142771,0
31,9,8,246824,12,2282.142771,5324.999914,0
31,8,26,246824,29,5324.999914,7987.499914,0
31,26,8,246824,29,7987.499914,5324.999914,0
31,9,10,246824,11,2282.142771,5324.999914,0
31,10,9,246824,11,5324.999914,2282.142771,0
31,9,12,246824,12,2282.142771,7987.499914,0
31,12,9,246824,12,7987.499914,2282.142771,0
31,9,24,246824,23,2282.142771,7987.499914,0
31,24,9,246824,23,7987.499914,2282.142771,0
31,9,27,246824,29,2282.142771,7987.499914,0
31,27,9,246824,29,7987.499914,2282.142771,0
31,10,13,246824,8,5324.999914,3194.999914,0
31,13,10,246824,8,3194.999914,5324.999914,0
31,11,13,246824,9,3993.749914,3194.999914,0
31,13,11,246824,9,3194.999914,3993.749914,0
31,11,14,246824,9,3993.749914,2662.499914,0
31,14,11,246824,9,2662.499914,3993.749914,0
31,11,27,246824,29,3993.749914,7987.499914,0
31,27,11,246824,29,7987.499914,3993.749914,0
31,11,29,246824,30,3993.749914,7987.499914,0
31,29,11,246824,30,7987.499914,3993.749914,0
31,13,14,246824,7,3194.999914,2662.499914,0
31,14,13,246824,7,2662.499914,3194.999914,0
31,13,16,246824,19,3194.999914,5324.999914,0
31,16,13,246824,19,5324.999914,3194.999914,0
31,14,15,246824,39,2662.499914,7987.499914,0
31,15,14,246824,39,7987.499914,2662.499914,0
31,14,17,246824,20,2662.499914,2662.499914,0
31,17,14,246824,20,2662.499914,2662.499914,0
31,14,24,246824,21,2662.499914,7987.499914,0
31,24,14,246824,21,7987.499914,2662.499914,0
31,14,25,246824,26,2662.499914,7987.499914,0
31,25,14,246824,26,7987.499914,2662.499914,0
31,16,17,246824,24,5324.999914,2662.499914,0
31,17,16,246824,24,2662.499914,5324.999914,0
31,17,19,246824,28,2662.499914,3993.749914,0
31,19,17,246824,28,3993.749914,2662.499914,0
31,17,20,246824,39,2662.499914,3993.749914,0
31,20,17,246824,39,3993.749914,2662.499914,0
31,17,25,246824,30,2662.499914,7987.499914,0
31,25,17,246824,30,7987.499914,2662.499914,0
31,17,28,246824,34,2662.499914,7987.499914,0
31,28,17,246824,34,7987.499914,2662.499914,0
31,18,20,246824,39,5324.999914,3993.749914,0
31,20,18,246824,39,3993.749914,5324.999914,0
31,18,22,246824,27,5324.999914,7987.499914,0
31,22,18,246824,27,7987.499914,5324.999914,0
31,19,22,246824,31,3993.749914,7987.499914,0
31,22,19,246824,31,7987.499914,3993.749914,0
31,19,23,246824,30,3993.749914,7987.499914,0
31,23,19,246824,30,7987.499914,3993.749914,0
31,20,21,246824,39,3993.749914,7987.499914,0
31,21,20,246824,39,7987.499914,3993.749914,0
32,0,1,246824,12,5333.333215,3199.999882,0
32,1,0,246824,12,3199.999882,5333.333215,0
32,0,23,246824,25,5333.333215,7999.999882,0
32,23,0,246824,25,7999.999882,5333.333215,0
32,0,29,246824,31,5333.333215,7999.999882,0
32,29,0,246824,31,7999.999882,5333.333215,0
32,1,2,246824,10,3199.999882,3199.999882,0
32,2,1,246824,10,3199.999882,3199.999882,0
32,1,3,246824,11,3199.999882,3999.999882,0
32,3,1,246824,11,3999.999882,3199.999882,0
32,1,4,246824,9,3199.999882,2285.714167,0
32,4,1,246824,9,2285.714167,3199.999882,0
32,1,20,246824,37,3199.999882,7999.999882,0
32,20,1,246824,37,7999.999882,3199.999882,0
32,2,4,246824,8,3199.999882,2285.714167,0
32,4,2,246824,8,2285.714167,3199.999882,0
32,2,15,246824,39,3199.999882,7999.999882,0
32,15,2,246824,39,7999.999882,3199.999882,0
32,2,21,246824,35,3199.999882,7999.999882,0
32,21,2,246824,35,7999.999882,3199.999882,0
32,2,29,246824,28,3199.999882,7999.999882,0
32,29,2,246824,28,7999.999882,3199.999882,0
32,3,6,246824,11,3999.999882,2666.666548,0
32,6,3,246824,11,2666.666548,3999.999882,0
32,3,27,246824,29,3999.999882,7999.999882,0
32,27,3,246824,29,7999.999882,3999.999882,0
32,3,28,246824,32,3999.999882,7999.999882,0
32,28,3,246824,32,7999.999882,3999.999882,0
32,4,5,246824,9,2285.714167,2666.666548,0
32,5,4,246824,9,2666.666548,2285.714167,0
32,4,6,246824,9,2285.714167,2666.666548,0
32,6,4,246824,9,2666.666548,2285.714167,0
32,4,7,246824,9,2285.714167,7999.999882,0
32,7,4,246824,9,7999.999882,2285.714167,0
32,4,12,246824,9,2285.714167,3999.999882,0
32,12,4,246824,9,3999.999882,2285.714167,0
32,4,13,246824,6,2285.714167,2285.714167,0
32,13,4,246824,6,2285.714167,2285.714167,0
32,5,6,246824,12,2666.666548,2666.666548,0
32,6,5,246824,12,2666.666548,2666.666548,0
32,5,8,246824,12,2666.666548,3199.999882,0
32,8,5,246824,12,3199.999882,2666.666548,0
32,5,19,246824,27,2666.666548,3199.999882,0
32,19,5,246824,27,3199.999882,2666.666548,0
32,5,24,246824,24,2666.666548,5333.333215,0
32,24,5,246824,24,5333.333215,2666.666548,0
32,5,26,246824,29,2666.666548,5333.333215,0
32,26,5,246824,29,5333.333215,2666.666548,0
32,6,7,246824,12,2666.666548,7999.999882,0
32,7,6,246824,12,7999.999882,2666.666548,0
32,6,9,246824,11,2666.666548,3999.999882,0
32,9,6,246824,11,3999.999882,2666.666548,0
32,6,18,246824,21,2666.666548,7999.999882,0
32,18,6,246824,21,7999.999882,2666.666548,0
32,8,10,246824,11,3199.999882,3999.999882,0
32,10,8,246824,11,3999.999882,3199.999882,0
32,8,19,246824,27,3199.999882,3199.999882,0
32,19,8,246824,27,3199.999882,3199.999882,0
32,8,20,246824,38,3199.999882,7999.999882,0
32,20,8,246824,38,7999.999882,3199.999882,0
32,8,26,246824,29,3199.999882,5333.333215,0
32,26,8,246824,29,5333.333215,3199.999882,0
32,9,10,246824,11,3999.999882,3999.999882,0
32,10,9,246824,11,3999.999882,3999.999882,0
32,9,12,246824,12,3999.999882,3999.999882,0
32,12,9,246824,12,3999.999882,3999.999882,0
32,9,27,246824,29,3999.999882,7999.999882,0
32,27,9,246824,29,7999.999882,3999.999882,0
32,10,13,246824,8,3999.999882,2285.714167,0
32,13,10,246824,8,2285.714167,3999.999882,0
32,10,16,246824,21,3999.999882,7999.999882,0
32,16,10,246824,21,7999.999882,3999.999882,0
32,11,13,246824,9,7999.999882,2285.714167,0
32,13,11,246824,9,2285.714167,7999.999882,0
32,11,14,246824,9,7999.999882,3199.999882,0
32,14,11,246824,9,3199.999882,7999.999882,0
32,12,13,246824,9,3999.999882,2285.714167,0
32,13,12,246824,9,2285.714167,3999.999882,0
32,12,15,246824,42,3999.999882,7999.999882,0
32,15,12,246824,42,7999.999882,3999.999882,0
32,13,14,246824,7,2285.714167,3199.999882,0
32,14,13,246824,7,3199.999882,2285.714167,0
32,13,16,246824,19,2285.714167,7999.999882,0
32,16,13,246824,19,7999.999882,2285.714167,0
32,13,21,246824,35,2285.714167,7999.999882,0
32,21,13,246824,35,7999.999882,2285.714167,0
32,14,17,246824,20,3199.999882,3999.999882,0
32,17,14,246824,20,3999.999882,3199.999882,0
32,14,24,246824,21,3199.999882,5333.333215,0
32,24,14,246824,21,5333.333215,3199.999882,0
32,14,25,246824,26,3199.999882,7999.999882,0
32,25,14,246824,26,7999.999882,3199.999882,0
32,17,18,246824,24,3999.999882,7999.999882,0
32,18,17,246824,24,7999.999882,3999.999882,0
32,17,19,246824,28,3999.999882,3199.999882,0
32,19,17,246824,28,3199.999882,3999.999882,0
32,17,28,246824,34,3999.999882,7999.999882,0
32,28,17,246824,34,7999.999882,3999.999882,0
32,19,22,246824,31,3199.999882,7999.999882,0
32,22,19,246824,31,7999.999882,3199.999882,0
32,19,23,246824,30,3199.999882,7999.999882,0
32,23,19,246824,30,7999.999882,3199.999882,0
32,22,24,246824,28,7999.999882,5333.333215,0
32,24,22,246824,28,5333.333215,7999.999882,0
32,25,26,246824,35,7999.999882,5333.333215,0
32,26,25,246824,35,5333.333215,7999.999882,0
33,0,1,246824,12,2666.666548,5333.333215,0
33,1,0,246824,12,5333.333215,2666.666548,0
33,0,16,246824,22,2666.666548,5333.333215,0
33,16,0,246824,22,5333.333215,2666.666548,0
33,0,19,246824,27,2666.666548,7999.999882,0
33,19,0,246824,27,7999.999882,2666.666548,0
33,0,21,246824,38,2666.666548,7999.999882,0
33,21,0,246824,38,7999.999882,2666.666548,0
33,0,23,246824,25,2666.666548,5333.333215,0
33,23,0,246824,25,5333.333215,2666.666548,0
33,0,27,246824,30,2666.666548,7999.999882,0
33,27,0,246824,30,7999.999882,2666.666548,0
33,1,4,246824,9,5333.333215,2666.666548,0
33,4,1,246824,9,2666.666548,5333.333215,0
33,1,20,246824,37,5333.333215,7999.999882,0
33,20,1,246824,37,7999.999882,5333.333215,0
33,2,4,246824,8,7999.999882,2666.666548,0
33,4,2,246824,8,2666.666548,7999.999882,0
33,2,5,246824,11,7999.999882,3999.999882,0
33,5,2,246824,11,3999.999882,7999.999882,0
33,3,5,246824,11,5333.333215,3999.999882,0
33,5,3,246824,11,3999.999882,5333.333215,0
33,3,6,246824,11,5333.333215,3999.999882,0
33,6,3,246824,11,3999.999882,5333.333215,0
33,3,28,246824,32,5333.333215,7999.999882,0
33,28,3,246824,32,7999.999882,5333.333215,0
33,4,6,246824,9,2666.666548,3999.999882,0
33,6,4,246824,9,3999.999882,2666.666548,0
33,4,7,246824,9,2666.666548,3999.999882,0
33,7,4,246824,9,3999.999882,2666.666548,0
33,4,12,246824,9,2666.666548,3199.999882,0
33,12,4,246824,9,3199.999882,2666.666548,0
33,4,13,246824,6,2666.666548,2285.714167,0
33,13,4,246824,6,2285.714167,2666.666548,0
33,5,8,246824,12,3999.999882,3999.999882,0
33,8,5,246824,12,3999.999882,3999.999882,0
33,5,26,246824,29,3999.999882,7999.999882,0
33,26,5,246824,29,7999.999882,3999.999882,0
33,6,7,246824,12,3999.999882,3999.999882,0
33,7,6,246824,12,3999.999882,3999.999882,0
33,6,18,246824,21,3999.999882,5333.333215,0
33,18,6,246824,21,5333.333215,3999.999882,0
33,7,10,246824,11,3999.999882,3199.999882,0
33,10,7,246824,11,3199.999882,3999.999882,0
33,7,24,246824,24,3999.999882,3999.999882,0
33,24,7,246824,24,3999.999882,3999.999882,0
33,8,9,246824,12,3999.999882,3999.999882,0
33,9,8,246824,12,3999.999882,3999.999882,0
33,8,10,246824,11,3999.999882,3199.999882,0
33,10,8,246824,11,3199.999882,3999.999882,0
33,8,26,246824,29,3999.999882,7999.999882,0
33,26,8,246824,29,7999.999882,3999.999882,0
33,9,10,246824,11,3999.999882,3199.999882,0
33,10,9,246824,11,3199.999882,3999.999882,0
33,9,12,246824,12,3999.999882,3199.999882,0
33,12,9,246824,12,3199.999882,3999.999882,0
33,9,24,246824,23,3999.999882,3999.999882,0
33,24,9,246824,23,3999.999882,3999.999882,0
33,10,12,246824,11,3199.999882,3199.999882,0
33,12,10,246824,11,3199.999882,3199.999882,0
33,10,13,246824,8,3199.999882,2285.714167,0
33,13,10,246824,8,2285.714167,3199.999882,0
33,11,13,246824,9,3999.999882,2285.714167,0
33,13,11,246824,9,2285.714167,3999.999882,0
33,11,14,246824,9,3999.999882,2666.666548,0
33,14,11,246824,9,2666.666548,3999.999882,0
33,11,27,246824,29,3999.999882,7999.999882,0
33,27,11,246824,29,7999.999882,3999.999882,0
33,11,29,246824,30,3999.999882,5333.333215,0
33,29,11,246824,30,5333.333215,3999.999882,0
33,12,13,246824,9,3199.999882,2285.714167,0
33,13,12,246824,9,2285.714167,3199.999882,0
33,12,15,246824,42,3199.999882,7999.999882,0
33,15,12,246824,42,7999.999882,3199.999882,0
33,13,14,246824,7,2285.714167,2666.666548,0
33,14,13,246824,7,2666.666548,2285.714167,0
33,13,16,246824,19,2285.714167,5333.333215,0
33,16,13,246824,19,5333.333215,2285.714167,0
33,13,21,246824,35,2285.714167,7999.999882,0
33,21,13,246824,35,7999.999882,2285.714167,0
33,14,15,246824,39,2666.666548,7999.999882,0
33,15,14,246824,39,7999.999882,2666.666548,0
33,14,17,246824,20,2666.666548,3199.999882,0
33,17,14,246824,20,3199.999882,2666.666548,0
33,14,24,246824,21,2666.666548,3999.999882,0
33,24,14,246824,21,3999.999882,2666.666548,0
33,14,25,246824,26,2666.666548,7999.999882,0
33,25,14,246824,26,7999.999882,2666.666548,0
33,16,17,246824,24,5333.333215,3199.999882,0
33,17,16,246824,24,3199.999882,5333.333215,0
33,17,18,246824,24,3199.999882,5333.333215,0
33,18,17,246824,24,5333.333215,3199.999882,0
33,17,19,246824,28,3199.999882,7999.999882,0
33,19,17,246824,28,7999.999882,3199.999882,0
33,17,20,246824,39,3199.999882,7999.999882,0
33,20,17,246824,39,7999.999882,3199.999882,0
33,18,22,246824,27,5333.333215,7999.999882,0
33,22,18,246824,27,7999.999882,5333.333215,0
33,22,23,246824,29,7999.999882,5333.333215,0
33,23,22,246824,29,5333.333215,7999.999882,0
33,23,25,246824,31,5333.333215,7999.999882,0
33,25,23,246824,31,7999.999882,5333.333215,0
33,24,29,246824,32,3999.999882,5333.333215,0
33,29,24,246824,32,5333.333215,3999.999882,0
33,28,29,246824,37,7999.999882,5333.333215,0
33,29,28,246824,37,5333.333215,7999.999882,0
34,0,1,246824,12,5324.999882,3194.999882,0
34,1,0,246824,12,3194.999882,5324.999882,0
34,0,16,246824,22,5324.999882,3993.749882,0
34,16,0,246824,22,3993.749882,5324.999882,0
34,0,23,246824,25,5324.999882,7987.499882,0
34,23,0,246824,25,7987.499882,5324.999882,0
34,1,2,246824,10,3194.999882,3194.999882,0
34,2,1,246824,10,3194.999882,3194.999882,0
34,1,3,246824,11,3194.999882,3194.999882,0
34,3,1,246824,11,3194.999882,3194.999882,0
34,1,4,246824,9,3194.999882,2282.142739,0
34,4,1,246824,9,2282.142739,3194.999882,0
34,1,20,246824,37,3194.999882,7987.499882,0
34,20,1,246824,37,7987.499882,3194.999882,0
34,2,4,246824,8,3194.999882,2282.142739,0
34,4,2,246824,8,2282.142739,3194.999882,0
34,2,15,246824,39,3194.999882,7987.499882,0
34,15,2,246824,39,7987.499882,3194.999882,0
34,2,21,246824,35,3194.999882,7987.499882,0
34,21,2,246824,35,7987.499882,3194.999882,0
34,2,29,246824,28,3194.999882,7987.499882,0
34,29,2,246824,28,7987.499882,3194.999882,0
34,3,5,246824,11,3194.999882,2282.142739,0
34,5,3,246824,11,2282.142739,3194.999882,0
34,3,6,246824,11,3194.999882,3194.999882,0
34,6,3,246824,11,3194.999882,3194.999882,0
34,3,27,246824,29,3194.999882,7987.499882,0
34,27,3,246824,29,7987.499882,3194.999882,0
34,3,28,246824,32,3194.999882,7987.499882,0
34,28,3,246824,32,7987.499882,3194.999882,0
34,4,5,246824,9,2282.142739,2282.142739,0
34,5,4,246824,9,2282.142739,2282.142739,0
34,4,6,246824,9,2282.142739,3194.999882,0
34,6,4,246824,9,3194.999882,2282.142739,0
34,4,7,246824,9,2282.142739,5324.999882,0
34,7,4,246824,9,5324.999882,2282.142739,0
34,4,12,246824,9,2282.142739,7987.499882,0
34,12,4,246824,9,7987.499882,2282.142739,0
34,4,13,246824,6,2282.142739,2662.499882,0
34,13,4,246824,6,2662.499882,2282.142739,0
34,5,6,246824,12,2282.142739,3194.999882,0
34,6,5,246824,12,3194.999882,2282.142739,0
34,5,8,246824,12,2282.142739,3194.999882,0
34,8,5,246824,12,3194.999882,2282.142739,0
34,5,19,246824,27,2282.142739,3993.749882,0
34,19,5,246824,27,3993.749882,2282.142739,0
34,5,24,246824,24,2282.142739,7987.499882,0
34,24,5,246824,24,7987.499882,2282.142739,0
34,5,26,246824,29,2282.142739,7987.499882,0
34,26,5,246824,29,7987.499882,2282.142739,0
34,6,9,246824,11,3194.999882,7987.499882,0
34,9,6,246824,11,7987.499882,3194.999882,0
34,6,18,246824,21,3194.999882,5324.999882,0
34,18,6,246824,21,5324.999882,3194.999882,0
34,7,9,246824,12,5324.999882,7987.499882,0
34,9,7,246824,12,7987.499882,5324.999882,0
34,7,10,246824,11,5324.999882,3993.749882,0
34,10,7,246824,11,3993.749882,5324.999882,0
34,8,10,246824,11,3194.999882,3993.749882,0
34,10,8,246824,11,3993.749882,3194.999882,0
34,8,19,246824,27,3194.999882,3993.749882,0
34,19,8,246824,27,3993.749882,3194.999882,0
34,8,20,246824,38,3194.999882,7987.499882,0
34,20,8,246824,38,7987.499882,3194.999882,0
34,8,26,246824,29,3194.999882,7987.499882,0
34,26,8,246824,29,7987.499882,3194.999882,0
34,10,13,246824,8,3993.749882,2662.499882,0
34,13,10,246824,8,2662.499882,3993.749882,0
34,10,16,246824,21,3993.749882,3993.749882,0
34,16,10,246824,21,3993.749882,3993.749882,0
34,11,13,246824,9,3993.749882,2662.499882,0
34,13,11,246824,9,2662.499882,3993.749882,0
34,11,14,246824,9,3993.749882,2662.499882,0
34,14,11,246824,9,2662.499882,3993.749882,0
34,11,27,246824,29,3993.749882,7987.499882,0
34,27,11,246824,29,7987.499882,3993.749882,0
34,11,29,246824,30,3993.749882,7987.499882,0
34,29,11,246824,30,7987.499882,3993.749882,0
34,12,13,246824,9,7987.499882,2662.499882,0
34,13,12,246824,9,2662.499882,7987.499882,0
34,13,14,246824,7,2662.499882,2662.499882,0
34,14,13,246824,7,2662.499882,2662.499882,0
34,13,21,246824,35,2662.499882,7987.499882,0
34,21,13,246824,35,7987.499882,2662.499882,0
34,14,15,246824,39,2662.499882,7987.499882,0
34,15,14,246824,39,7987.499882,2662.499882,0
34,14,17,246824,20,2662.499882,3993.749882,0
34,17,14,246824,20,3993.749882,2662.499882,0
34,14,24,246824,21,2662.499882,7987.499882,0
34,24,14,246824,21,7987.499882,2662.499882,0
34,14,25,246824,26,2662.499882,7987.499882,0
34,25,14,246824,26,7987.499882,2662.499882,0
34,16,17,246824,24,3993.749882,3993.749882,0
34,17,16,246824,24,3993.749882,3993.749882,0
34,16,18,246824,24,3993.749882,5324.999882,0
34,18,16,246824,24,5324.999882,3993.749882,0
34,17,25,246824,30,3993.749882,7987.499882,0
34,25,17,246824,30,7987.499882,3993.749882,0
34,17,28,246824,34,3993.749882,7987.499882,0
34,28,17,246824,34,7987.499882,3993.749882,0
34,18,22,246824,27,5324.999882,7987.499882,0
34,22,18,246824,27,7987.499882,5324.999882,0
34,19,22,246824,31,3993.749882,7987.499882,0
34,22,19,246824,31,7987.499882,3993.749882,0
34,19,23,246824,30,3993.749882,7987.499882,0
34,23,19,246824,30,7987.499882,3993.749882,0
35,0,1,246824,12,3993.749882,3194.999882,0
35,1,0,246824,12,3194.999882,3993.749882,0
35,0,16,246824,22,3993.749882,5324.999882,0
35,16,0,246824,22,5324.999882,3993.749882,0
35,0,19,246824,27,3993.749882,5324.999882,0
35,19,0,246824,27,5324.999882,3993.749882,0
35,0,23,246824,25,3993.749882,7987.499882,0
35,23,0,246824,25,7987.499882,3993.749882,0
35,1,2,246824,10,3194.999882,3194.999882,0
35,2,1,246824,10,3194.999882,3194.999882,0
35,1,3,246824,11,3194.999882,3993.749882,0
35,3,1,246824,11,3993.749882,3194.999882,0
35,1,4,246824,9,3194.999882,2662.499882,0
35,4,1,246824,9,2662.499882,3194.999882,0
35,1,20,246824,37,3194.999882,7987.499882,0
35,20,1,246824,37,7987.499882,3194.999882,0
35,2,4,246824,8,3194.999882,2662.499882,0
35,4,2,246824,8,2662.499882,3194.999882,0
35,2,15,246824,39,3194.999882,7987.499882,0
35,15,2,246824,39,7987.499882,3194.999882,0
35,2,21,246824,35,3194.999882,7987.499882,0
35,21,2,246824,35,7987.499882,3194.999882,0
35,2,29,246824,28,3194.999882,5324.999882,0
35,29,2,246824,28,5324.999882,3194.999882,0
35,3,6,246824,11,3993.749882,3194.999882,0
35,6,3,246824,11,3194.999882,3993.749882,0
35,3,27,246824,29,3993.749882,7987.499882,0
35,27,3,246824,29,7987.499882,3993.749882,0
35,3,28,246824,32,3993.749882,7987.499882,0
35,28,3,246824,32,7987.499882,3993.749882,0
35,4,6,246824,9,2662.499882,3194.999882,0
35,6,4,246824,9,3194.999882,2662.499882,0
35,4,7,246824,9,2662.499882,3993.749882,0
35,7,4,246824,9,3993.749882,2662.499882,0
35,4,12,246824,9,2662.499882,5324.999882,0
35,12,4,246824,9,5324.999882,2662.499882,0
35,4,13,246824,6,2662.499882,3194.999882,0
35,13,4,246824,6,3194.999882,2662.499882,0
35,5,6,246824,12,5324.999882,3194.999882,0
35,6,5,246824,12,3194.999882,5324.999882,0
35,5,8,246824,12,5324.999882,2662.499882,0
35,8,5,246824,12,2662.499882,5324.999882,0
35,5,26,246824,29,5324.999882,5324.999882,0
35,26,5,246824,29,5324.999882,5324.999882,0
35,6,9,246824,11,3194.999882,2282.142739,0
35,9,6,246824,11,2282.142739,3194.999882,0
35,6,18,246824,21,3194.999882,7987.499882,0
35,18,6,246824,21,7987.499882,3194.999882,0
35,7,9,246824,12,3993.749882,2282.142739,0
35,9,7,246824,12,2282.142739,3993.749882,0
35,7,10,246824,11,3993.749882,3194.999882,0
35,10,7,246824,11,3194.999882,3993.749882,0
35,7,24,246824,24,3993.749882,5324.999882,0
35,24,7,246824,24,5324.999882,3993.749882,0
35,8,9,246824,12,2662.499882,2282.142739,0
35,9,8,246824,12,2282.142739,2662.499882,0
35,8,10,246824,11,2662.499882,3194.999882,0
35,10,8,246824,11,3194.999882,2662.499882,0
35,8,19,246824,27,2662.499882,5324.999882,0
35,19,8,246824,27,5324.999882,2662.499882,0
35,8,20,246824,38,2662.499882,7987.499882,0
35,20,8,246824,38,7987.499882,2662.499882,0
35,8,26,246824,29,2662.499882,5324.999882,0
35,26,8,246824,29,5324.999882,2662.499882,0
35,9,10,246824,11,2282.142739,3194.999882,0
35,10,9,246824,11,3194.999882,2282.142739,0
35,9,12,246824,12,2282.142739,5324.999882,0
35,12,9,246824,12,5324.999882,2282.142739,0
35,9,24,246824,23,2282.142739,5324.999882,0
35,24,9,246824,23,5324.999882,2282.142739,0
35,9,27,246824,29,2282.142739,7987.499882,0
35,27,9,246824,29,7987.499882,2282.142739,0
35,10,12,246824,11,3194.999882,5324.999882,0
35,12,10,246824,11,5324.999882,3194.999882,0
35,10,16,246824,21,3194.999882,5324.999882,0
35,16,10,246824,21,5324.999882,3194.999882,0
35,11,13,246824,9,5324.999882,3194.999882,0
35,13,11,246824,9,3194.999882,5324.999882,0
35,11,14,246824,9,5324.999882,3194.999882,0
35,14,11,246824,9,3194.999882,5324.999882,0
35,11,29,246824,30,5324.999882,5324.999882,0
35,29,11,246824,30,5324.999882,5324.999882,0
35,13,14,246824,7,3194.999882,3194.999882,0
35,14,13,246824,7,3194.999882,3194.999882,0
35,13,16,246824,19,3194.999882,5324.999882,0
35,16,13,246824,19,5324.999882,3194.999882,0
35,13,21,246824,35,3194.999882,7987.499882,0
35,21,13,246824,35,7987.499882,3194.999882,0
35,14,15,246824,39,3194.999882,7987.499882,0
35,15,14,246824,39,7987.499882,3194.999882,0
35,14,17,246824,20,3194.999882,7987.499882,0
35,17,14,246824,20,7987.499882,3194.999882,0
35,14,25,246824,26,3194.999882,5324.999882,0
35,25,14,246824,26,5324.999882,3194.999882,0
35,17,25,246824,30,7987.499882,5324.999882,0
35,25,17,246824,30,5324.999882,7987.499882,0
35,18,22,246824,27,7987.499882,3993.749882,0
35,22,18,246824,27,3993.749882,7987.499882,0
35,19,22,246824,31,5324.999882,3993.749882,0
35,22,19,246824,31,3993.749882,5324.999882,0
35,22,23,246824,29,3993.749882,7987.499882,0
35,23,22,246824,29,7987.499882,3993.749882,0
35,22,24,246824,28,3993.749882,5324.999882,0
35,24,22,246824,28,5324.999882,3993.749882,0
35,25,26,246824,35,5324.999882,5324.999882,0
35,26,25,246824,35,5324.999882,5324.999882,0
35,28,29,246824,37,7987.499882,5324.999882,0
35,29,28,246824,37,5324.999882,7987.499882,0
36,0,1,246824,12,2663.888771,3196.666548,0
36,1,0,246824,12,3196.666548,2663.888771,0
36,0,19,246824,27,2663.888771,7991.666548,0
36,19,0,246824,27,7991.666548,2663.888771,0
36,0,21,246824,38,2663.888771,3995.833215,0
36,21,0,246824,38,3995.833215,2663.888771,0
36,0,23,246824,25,2663.888771,5327.777659,0
36,23,0,246824,25,5327.777659,2663.888771,0
36,0,27,246824,30,2663.888771,7991.666548,0
36,27,0,246824,30,7991.666548,2663.888771,0
36,0,29,246824,31,2663.888771,7991.666548,0
36,29,0,246824,31,7991.666548,2663.888771,0
36,1,2,246824,10,3196.666548,3196.666548,0
36,2,1,246824,10,3196.666548,3196.666548,0
36,1,3,246824,11,3196.666548,5327.777659,0
36,3,1,246824,11,5327.777659,3196.666548,0
36,1,4,246824,9,3196.666548,2283.333215,0
36,4,1,246824,9,2283.333215,3196.666548,0
36,1,20,246824,37,3196.666548,7991.666548,0
36,20,1,246824,37,7991.666548,3196.666548,0
36,2,4,246824,8,3196.666548,2283.333215,0
36,4,2,246824,8,2283.333215,3196.666548,0
36,2,15,246824,39,3196.666548,7991.666548,0
36,15,2,246824,39,7991.666548,3196.666548,0
36,2,21,246824,35,3196.666548,3995.833215,0
36,21,2,246824,35,3995.833215,3196.666548,0
36,2,29,246824,28,3196.666548,7991.666548,0
36,29,2,246824,28,7991.666548,3196.666548,0
36,3,5,246824,11,5327.777659,2663.888771,0
36,5,3,246824,11,2663.888771,5327.777659,0
36,3,28,246824,32,5327.777659,7991.666548,0
36,28,3,246824,32,7991.666548,5327.777659,0
36,4,5,246824,9,2283.333215,2663.888771,0
36,5,4,246824,9,2663.888771,2283.333215,0
36,4,6,246824,9,2283.333215,3995.833215,0
36,6,4,246824,9,3995.833215,2283.333215,0
36,4,7,246824,9,2283.333215,3995.833215,0
36,7,4,246824,9,3995.833215,2283.333215,0
36,4,12,246824,9,2283.333215,5327.777659,0
36,12,4,246824,9,5327.777659,2283.333215,0
36,4,13,246824,6,2283.333215,2663.888771,0
36,13,4,246824,6,2663.888771,2283.333215,0
36,5,6,246824,12,2663.888771,3995.833215,0
36,6,5,246824,12,3995.833215,2663.888771,0
36,5,8,246824,12,2663.888771,3995.833215,0
36,8,5,246824,12,3995.833215,2663.888771,0
36,5,24,246824,24,2663.888771,7991.666548,0
36,24,5,246824,24,7991.666548,2663.888771,0
36,5,26,246824,29,2663.888771,7991.666548,0
36,26,5,246824,29,7991.666548,2663.888771,0
36,6,7,246824,12,3995.833215,3995.833215,0
36,7,6,246824,12,3995.833215,3995.833215,0
36,6,18,246824,21,3995.833215,5327.777659,0
36,18,6,246824,21,5327.777659,3995.833215,0
36,7,10,246824,11,3995.833215,2663.888771,0
36,10,7,246824,11,2663.888771,3995.833215,0
36,7,24,246824,24,3995.833215,7991.666548,0
36,24,7,246824,24,7991.666548,3995.833215,0
36,8,10,246824,11,3995.833215,2663.888771,0
36,10,8,246824,11,2663.888771,3995.833215,0
36,8,20,246824,38,3995.833215,7991.666548,0
36,20,8,246824,38,7991.666548,3995.833215,0
36,8,26,246824,29,3995.833215,7991.666548,0
36,26,8,246824,29,7991.666548,3995.833215,0
36,9,10,246824,11,7991.666548,2663.888771,0
36,10,9,246824,11,2663.888771,7991.666548,0
36,9,12,246824,12,7991.666548,5327.777659,0
36,12,9,246824,12,5327.777659,7991.666548,0
36,10,12,246824,11,2663.888771,5327.777659,0
36,12,10,246824,11,5327.777659,2663.888771,0
36,10,13,246824,8,2663.888771,2663.888771,0
36,13,10,246824,8,2663.888771,2663.888771,0
36,10,16,246824,21,2663.888771,7991.666548,0
36,16,10,246824,21,7991.666548,2663.888771,0
36,11,13,246824,9,5327.777659,2663.888771,0
36,13,11,246824,9,2663.888771,5327.777659,0
36,11,14,246824,9,5327.777659,3196.666548,0
36,14,11,246824,9,3196.666548,5327.777659,0
36,11,27,246824,29,5327.777659,7991.666548,0
36,27,11,246824,29,7991.666548,5327.777659,0
36,13,14,246824,7,2663.888771,3196.666548,0
36,14,13,246824,7,3196.666548,2663.888771,0
36,13,16,246824,19,2663.888771,7991.666548,0
36,16,13,246824,19,7991.666548,2663.888771,0
36,13,21,246824,35,2663.888771,3995.833215,0
36,21,13,246824,35,3995.833215,2663.888771,0
36,14,15,246824,39,3196.666548,7991.666548,0
36,15,14,246824,39,7991.666548,3196.666548,0
36,14,17,246824,20,3196.666548,5327.777659,0
36,17,14,246824,20,5327.777659,3196.666548,0
36,14,25,246824,26,3196.666548,5327.777659,0
36,25,14,246824,26,5327.777659,3196.666548,0
36,17,18,246824,24,5327.777659,5327.777659,0
36,18,17,246824,24,5327.777659,5327.777659,0
36,17,19,246824,28,5327.777659,7991.666548,0
36,19,17,246824,28,7991.666548,5327.777659,0
36,18,22,246824,27,5327.777659,5327.777659,0
36,22,18,246824,27,5327.777659,5327.777659,0
36,21,23,246824,40,3995.833215,5327.777659,0
36,23,21,246824,40,5327.777659,3995.833215,0
36,22,23,246824,29,5327.777659,5327.777659,0
36,23,22,246824,29,5327.777659,5327.777659,0
36,22,25,246824,33,5327.777659,5327.777659,0
36,25,22,246824,33,5327.777659,5327.777659,0
36,25,28,246824,37,5327.777659,7991.666548,0
36,28,25,246824,37,7991.666548,5327.777659,0
37,0,1,246824,12,3999.999882,3999.999882,0
37,1,0,246824,12,3999.999882,3999.999882,0
37,0,16,246824,22,3999.999882,7999.999882,0
37,16,0,246824,22,7999.999882,3999.999882,0
37,0,21,246824,38,3999.999882,7999.999882,0
37,21,0,246824,38,7999.999882,3999.999882,0
37,0,23,246824,25,3999.999882,5333.333215,0
37,23,0,246824,25,5333.333215,3999.999882,0
37,1,3,246824,11,3999.999882,3999.999882,0
37,3,1,246824,11,3999.999882,3999.999882,0
37,1,4,246824,9,3999.999882,2285.714167,0
37,4,1,246824,9,2285.714167,3999.999882,0
37,1,20,246824,37,3999.999882,5333.333215,0
37,20,1,246824,37,5333.333215,3999.999882,0
37,2,4,246824,8,3199.999882,2285.714167,0
37,4,2,246824,8,2285.714167,3199.999882,0
37,2,5,246824,11,3199.999882,2285.714167,0
37,5,2,246824,11,2285.714167,3199.999882,0
37,2,15,246824,39,3199.999882,7999.999882,0
37,15,2,246824,39,7999.999882,3199.999882,0
37,2,21,246824,35,3199.999882,7999.999882,0
37,21,2,246824,35,7999.999882,3199.999882,0
37,2,29,246824,28,3199.999882,5333.333215,0
37,29,2,246824,28,5333.333215,3199.999882,0
37,3,6,246824,11,3999.999882,2666.666548,0
37,6,3,246824,11,2666.666548,3999.999882,0
37,3,27,246824,29,3999.999882,7999.999882,0
37,27,3,246824,29,7999.999882,3999.999882,0
37,3,28,246824,32,3999.999882,7999.999882,0
37,28,3,246824,32,7999.999882,3999.999882,0
37,4,5,246824,9,2285.714167,2285.714167,0
37,5,4,246824,9,2285.714167,2285.714167,0
37,4,6,246824,9,2285.714167,2666.666548,0
37,6,4,246824,9,2666.666548,2285.714167,0
37,4,7,246824,9,2285.714167,3999.999882,0
37,7,4,246824,9,3999.999882,2285.714167,0
37,4,12,246824,9,2285.714167,5333.333215,0
37,12,4,246824,9,5333.333215,2285.714167,0
37,4,13,246824,6,2285.714167,2666.666548,0
37,13,4,246824,6,2666.666548,2285.714167,0
37,5,6,246824,12,2285.714167,2666.666548,0
37,6,5,246824,12,2666.666548,2285.714167,0
37,5,8,246824,12,2285.714167,3199.999882,0
37,8,5,246824,12,3199.999882,2285.714167,0
37,5,19,246824,27,2285.714167,5333.333215,0
37,19,5,246824,27,5333.333215,2285.714167,0
37,5,24,246824,24,2285.714167,7999.999882,0
37,24,5,246824,24,7999.999882,2285.714167,0
37,5,26,246824,29,2285.714167,7999.999882,0
37,26,5,246824,29,7999.999882,2285.714167,0
37,6,7,246824,12,2666.666548,3999.999882,0
37,7,6,246824,12,3999.999882,2666.666548,0
37,6,9,246824,11,2666.666548,5333.333215,0
37,9,6,246824,11,5333.333215,2666.666548,0
37,6,18,246824,21,2666.666548,5333.333215,0
37,18,6,246824,21,5333.333215,2666.666548,0
37,7,9,246824,12,3999.999882,5333.333215,0
37,9,7,246824,12,5333.333215,3999.999882,0
37,7,10,246824,11,3999.999882,5333.333215,0
37,10,7,246824,11,5333.333215,3999.999882,0
37,8,10,246824,11,3199.999882,5333.333215,0
37,10,8,246824,11,5333.333215,3199.999882,0
37,8,19,246824,27,3199.999882,5333.333215,0
37,19,8,246824,27,5333.333215,3199.999882,0
37,8,20,246824,38,3199.999882,5333.333215,0
37,20,8,246824,38,5333.333215,3199.999882,0
37,8,26,246824,29,3199.999882,7999.999882,0
37,26,8,246824,29,7999.999882,3199.999882,0
37,9,27,246824,29,5333.333215,7999.999882,0
37,27,9,246824,29,7999.999882,5333.333215,0
37,10,13,246824,8,5333.333215,2666.666548,0
37,13,10,246824,8,2666.666548,5333.333215,0
37,11,13,246824,9,5333.333215,2666.666548,0
37,13,11,246824,9,2666.666548,5333.333215,0
37,11,14,246824,9,5333.333215,3199.999882,0
37,14,11,246824,9,3199.999882,5333.333215,0
37,11,29,246824,30,5333.333215,5333.333215,0
37,29,11,246824,30,5333.333215,5333.333215,0
37,12,13,246824,9,5333.333215,2666.666548,0
37,13,12,246824,9,2666.666548,5333.333215,0
37,12,15,246824,42,5333.333215,7999.999882,0
37,15,12,246824,42,7999.999882,5333.333215,0
37,13,14,246824,7,2666.666548,3199.999882,0
37,14,13,246824,7,3199.999882,2666.666548,0
37,13,16,246824,19,2666.666548,7999.999882,0
37,16,13,246824,19,7999.999882,2666.666548,0
37,14,17,246824,20,3199.999882,7999.999882,0
37,17,14,246824,20,7999.999882,3199.999882,0
37,14,24,246824,21,3199.999882,7999.999882,0
37,24,14,246824,21,7999.999882,3199.999882,0
37,14,25,246824,26,3199.999882,7999.999882,0
37,25,14,246824,26,7999.999882,3199.999882,0
37,17,18,246824,24,7999.999882,5333.333215,0
37,18,17,246824,24,5333.333215,7999.999882,0
37,18,20,246824,39,5333.333215,5333.333215,0
37,20,18,246824,39,5333.333215,5333.333215,0
37,19,22,246824,31,5333.333215,7999.999882,0
37,22,19,246824,31,7999.999882,5333.333215,0
37,22,23,246824,29,7999.999882,5333.333215,0
37,23,22,246824,29,5333.333215,7999.999882,0
37,23,25,246824,31,5333.333215,7999.999882,0
37,25,23,246824,31,7999.999882,5333.333215,0
37,28,29,246824,37,7999.999882,5333.333215,0
37,29,28,246824,37,5333.333215,7999.999882,0
38,0,1,246824,12,5324.999882,3993.749882,0
38,1,0,246824,12,3993.749882,5324.999882,0
38,0,16,246824,22,5324.999882,5324.999882,0
38,16,0,246824,22,5324.999882,5324.999882,0
38,0,23,246824,25,5324.999882,5324.999882,0
38,23,0,246824,25,5324.999882,5324.999882,0
38,1,2,246824,10,3993.749882,2662.499882,0
38,2,1,246824,10,2662.499882,3993.749882,0
38,1,3,246824,11,3993.749882,3194.999882,0
38,3,1,246824,11,3194.999882,3993.749882,0
38,1,20,246824,37,3993.749882,7987.499882,0
38,20,1,246824,37,7987.499882,3993.749882,0
38,2,4,246824,8,2662.499882,2662.499882,0
38,4,2,246824,8,2662.499882,2662.499882,0
38,2,5,246824,11,2662.499882,2282.142739,0
38,5,2,246824,11,2282.142739,2662.499882,0
38,2,15,246824,39,2662.499882,7987.499882,0
38,15,2,246824,39,7987.499882,2662.499882,0
38,2,21,246824,35,2662.499882,7987.499882,0
38,21,2,246824,35,7987.499882,2662.499882,0
38,2,29,246824,28,2662.499882,7987.499882,0
38,29,2,246824,28,7987.499882,2662.499882,0
38,3,5,246824,11,3194.999882,2282.142739,0
38,5,3,246824,11,2282.142739,3194.999882,0
38,3,6,246824,11,3194.999882,3993.749882,0
38,6,3,246824,11,3993.749882,3194.999882,0
38,3,27,246824,29,3194.999882,7987.499882,0
38,27,3,246824,29,7987.499882,3194.999882,0
38,3,28,246824,32,3194.999882,7987.499882,0
38,28,3,246824,32,7987.499882,3194.999882,0
38,4,5,246824,9,2662.499882,2282.142739,0
38,5,4,246824,9,2282.142739,2662.499882,0
38,4,6,246824,9,2662.499882,3993.749882,0
38,6,4,246824,9,3993.749882,2662.499882,0
38,4,7,246824,9,2662.499882,7987.499882,0
38,7,4,246824,9,7987.499882,2662.499882,0
38,4,12,246824,9,2662.499882,7987.499882,0
38,12,4,246824,9,7987.499882,2662.499882,0
38,4,13,246824,6,2662.499882,2662.499882,0
38,13,4,246824,6,2662.499882,2662.499882,0
38,5,8,246824,12,2282.142739,3993.749882,0
38,8,5,246824,12,3993.749882,2282.142739,0
38,5,19,246824,27,2282.142739,3993.749882,0
38,19,5,246824,27,3993.749882,2282.142739,0
38,5,24,246824,24,2282.142739,7987.499882,0
38,24,5,246824,24,7987.499882,2282.142739,0
38,5,26,246824,29,2282.142739,7987.499882,0
38,26,5,246824,29,7987.499882,2282.142739,0
38,6,9,246824,11,3993.749882,5324.999882,0
38,9,6,246824,11,5324.999882,3993.749882,0
38,6,18,246824,21,3993.749882,5324.999882,0
38,18,6,246824,21,5324.999882,3993.749882,0
38,7,10,246824,11,7987.499882,3194.999882,0
38,10,7,246824,11,3194.999882,7987.499882,0
38,8,9,246824,12,3993.749882,5324.999882,0
38,9,8,246824,12,5324.999882,3993.749882,0
38,8,20,246824,38,3993.749882,7987.499882,0
38,20,8,246824,38,7987.499882,3993.749882,0
38,8,26,246824,29,3993.749882,7987.499882,0
38,26,8,246824,29,7987.499882,3993.749882,0
38,9,10,246824,11,5324.999882,3194.999882,0
38,10,9,246824,11,3194.999882,5324.999882,0
38,10,12,246824,11,3194.999882,7987.499882,0
38,12,10,246824,11,7987.499882,3194.999882,0
38,10,13,246824,8,3194.999882,2662.499882,0
38,13,10,246824,8,2662.499882,3194.999882,0
38,10,16,246824,21,3194.999882,5324.999882,0
38,16,10,246824,21,5324.999882,3194.999882,0
38,11,13,246824,9,3993.749882,2662.499882,0
38,13,11,246824,9,2662.499882,3993.749882,0
38,11,14,246824,9,3993.749882,2662.499882,0
38,14,11,246824,9,2662.499882,3993.749882,0
38,11,27,246824,29,3993.749882,7987.499882,0
38,27,11,246824,29,7987.499882,3993.749882,0
38,11,29,246824,30,3993.749882,7987.499882,0
38,29,11,246824,30,7987.499882,3993.749882,0
38,13,14,246824,7,2662.499882,2662.499882,0
38,14,13,246824,7,2662.499882,2662.499882,0
38,13,16,246824,19,2662.499882,5324.999882,0
38,16,13,246824,19,5324.999882,2662.499882,0
38,13,21,246824,35,2662.499882,7987.499882,0
38,21,13,246824,35,7987.499882,2662.499882,0
38,14,15,246824,39,2662.499882,7987.499882,0
38,15,14,246824,39,7987.499882,2662.499882,0
38,14,17,246824,20,2662.499882,3993.749882,0
38,17,14,246824,20,3993.749882,2662.499882,0
38,14,24,246824,21,2662.499882,7987.499882,0
38,24,14,246824,21,7987.499882,2662.499882,0
38,14,25,246824,26,2662.499882,7987.499882,0
38,25,14,246824,26,7987.499882,2662.499882,0
38,17,18,246824,24,3993.749882,5324.999882,0
38,18,17,246824,24,5324.999882,3993.749882,0
38,17,19,246824,28,3993.749882,3993.749882,0
38,19,17,246824,28,3993.749882,3993.749882,0
38,17,28,246824,34,3993.749882,7987.499882,0
38,28,17,246824,34,7987.499882,3993.749882,0
38,18,22,246824,27,5324.999882,7987.499882,0
38,22,18,246824,27,7987.499882,5324.999882,0
38,19,22,246824,31,3993.749882,7987.499882,0
38,22,19,246824,31,7987.499882,3993.749882,0
38,19,23,246824,30,3993.749882,5324.999882,0
38,23,19,246824,30,5324.999882,3993.749882,0
38,23,25,246824,31,5324.999882,7987.499882,0
38,25,23,246824,31,7987.499882,5324.999882,0
39,0,1,246824,12,3194.999882,3194.999882,0
39,1,0,246824,12,3194.999882,3194.999882,0
39,0,16,246824,22,3194.999882,5324.999882,0
39,16,0,246824,22,5324.999882,3194.999882,0
39,0,19,246824,27,3194.999882,3194.999882,0
39,19,0,246824,27,3194.999882,3194.999882,0
39,0,23,246824,25,3194.999882,7987.499882,0
39,23,0,246824,25,7987.499882,3194.999882,0
39,0,29,246824,31,3194.999882,7987.499882,0
39,29,0,246824,31,7987.499882,3194.999882,0
39,1,2,246824,10,3194.999882,2662.499882,0
39,2,1,246824,10,2662.499882,3194.999882,0
39,1,3,246824,11,3194.999882,3993.749882,0
39,3,1,246824,11,3993.749882,3194.999882,0
39,1,4,246824,9,3194.999882,3194.999882,0
39,4,1,246824,9,3194.999882,3194.999882,0
39,1,20,246824,37,3194.999882,7987.499882,0
39,20,1,246824,37,7987.499882,3194.999882,0
39,2,4,246824,8,2662.499882,3194.999882,0
39,4,2,246824,8,3194.999882,2662.499882,0
39,2,5,246824,11,2662.499882,3993.749882,0
39,5,2,246824,11,3993.749882,2662.499882,0
39,2,15,246824,39,2662.499882,7987.499882,0
39,15,2,246824,39,7987.499882,2662.499882,0
39,2,21,246824,35,2662.499882,7987.499882,0
39,21,2,246824,35,7987.499882,2662.499882,0
39,2,29,246824,28,2662.499882,7987.499882,0
39,29,2,246824,28,7987.499882,2662.499882,0
39,3,6,246824,11,3993.749882,3194.999882,0
39,6,3,246824,11,3194.999882,3993.749882,0
39,3,27,246824,29,3993.749882,7987.499882,0
39,27,3,246824,29,7987.499882,3993.749882,0
39,3,28,246824,32,3993.749882,7987.499882,0
39,28,3,246824,32,7987.499882,3993.749882,0
39,4,5,246824,9,3194.999882,3993.749882,0
39,5,4,246824,9,3993.749882,3194.999882,0
39,4,6,246824,9,3194.999882,3194.999882,0
39,6,4,246824,9,3194.999882,3194.999882,0
39,4,12,246824,9,3194.999882,5324.999882,0
39,12,4,246824,9,5324.999882,3194.999882,0
39,5,8,246824,12,3993.749882,2662.499882,0
39,8,5,246824,12,2662.499882,3993.749882,0
39,5,26,246824,29,3993.749882,7987.499882,0
39,26,5,246824,29,7987.499882,3993.749882,0
39,6,7,246824,12,3194.999882,7987.499882,0
39,7,6,246824,12,7987.499882,3194.999882,0
39,6,9,246824,11,3194.999882,3194.999882,0
39,9,6,246824,11,3194.999882,3194.999882,0
39,6,18,246824,21,3194.999882,7987.499882,0
39,18,6,246824,21,7987.499882,3194.999882,0
39,7,9,246824,12,7987.499882,3194.999882,0
39,9,7,246824,12,3194.999882,7987.499882,0
39,8,9,246824,12,2662.499882,3194.999882,0
39,9,8,246824,12,3194.999882,2662.499882,0
39,8,10,246824,11,2662.499882,7987.499882,0
39,10,8,246824,11,7987.499882,2662.499882,0
39,8,19,246824,27,2662.499882,3194.999882,0
39,19,8,246824,27,3194.999882,2662.499882,0
39,8,20,246824,38,2662.499882,7987.499882,0
39,20,8,246824,38,7987.499882,2662.499882,0
39,8,26,246824,29,2662.499882,7987.499882,0
39,26,8,246824,29,7987.499882,2662.499882,0
39,9,12,246824,12,3194.999882,5324.999882,0
39,12,9,246824,12,5324.999882,3194.999882,0
39,9,24,246824,23,3194.999882,5324.999882,0
39,24,9,246824,23,5324.999882,3194.999882,0
39,10,13,246824,8,7987.499882,2662.499882,0
39,13,10,246824,8,2662.499882,7987.499882,0
39,11,13,246824,9,5324.999882,2662.499882,0
39,13,11,246824,9,2662.499882,5324.999882,0
39,11,14,246824,9,5324.999882,2662.499882,0
39,14,11,246824,9,2662.499882,5324.999882,0
39,11,27,246824,29,5324.999882,7987.499882,0
39,27,11,246824,29,7987.499882,5324.999882,0
39,12,13,246824,9,5324.999882,2662.499882,0
39,13,12,246824,9,2662.499882,5324.999882,0
39,13,14,246824,7,2662.499882,2662.499882,0
39,14,13,246824,7,2662.499882,2662.499882,0
39,13,16,246824,19,2662.499882,5324.999882,0
39,16,13,246824,19,5324.999882,2662.499882,0
39,13,21,246824,35,2662.499882,7987.499882,0
39,21,13,246824,35,7987.499882,2662.499882,0
39,14,15,246824,39,2662.499882,7987.499882,0
39,15,14,246824,39,7987.499882,2662.499882,0
39,14,17,246824,20,2662.499882,5324.999882,0
39,17,14,246824,20,5324.999882,2662.499882,0
39,14,24,246824,21,2662.499882,5324.999882,0
39,24,14,246824,21,5324.999882,2662.499882,0
39,14,25,246824,26,2662.499882,7987.499882,0
39,25,14,246824,26,7987.499882,2662.499882,0
39,16,18,246824,24,5324.999882,7987.499882,0
39,18,16,246824,24,7987.499882,5324.999882,0
39,17,19,246824,28,5324.999882,3194.999882,0
39,19,17,246824,28,3194.999882,5324.999882,0
39,17,28,246824,34,5324.999882,7987.499882,0
39,28,17,246824,34,7987.499882,5324.999882,0
39,19,22,246824,31,3194.999882,5324.999882,0
39,22,19,246824,31,5324.999882,3194.999882,0
39,19,23,246824,30,3194.999882,7987.499882,0
39,23,19,246824,30,7987.499882,3194.999882,0
39,22,24,246824,28,5324.999882,5324.999882,0
39,24,22,246824,28,5324.999882,5324.999882,0
39,22,25,246824,33,5324.999882,7987.499882,0
39,25,22,246824,33,7987.499882,5324.999882,0
40,0,1,246824,12,3999.999882,3199.999882,0
40,1,0,246824,12,3199.999882,3999.999882,0
40,0,19,246824,27,3999.999882,7999.999882,0
40,19,0,246824,27,7999.999882,3999.999882,0
40,0,23,246824,25,3999.999882,5333.333215,0
40,23,0,246824,25,5333.333215,3999.999882,0
40,0,27,246824,30,3999.999882,7999.999882,0
40,27,0,246824,30,7999.999882,3999.999882,0
40,1,2,246824,10,3199.999882,3199.999882,0
40,2,1,246824,10,3199.999882,3199.999882,0
40,1,3,246824,11,3199.999882,5333.333215,0
40,3,1,246824,11,5333.333215,3199.999882,0
40,1,4,246824,9,3199.999882,2666.666548,0
40,4,1,246824,9,2666.666548,3199.999882,0
40,1,20,246824,37,3199.999882,7999.999882,0
40,20,1,246824,37,7999.999882,3199.999882,0
40,2,4,246824,8,3199.999882,2666.666548,0
40,4,2,246824,8,2666.666548,3199.999882,0
40,2,5,246824,11,3199.999882,2666.666548,0
40,5,2,246824,11,2666.666548,3199.999882,0
40,2,21,246824,35,3199.999882,5333.333215,0
40,21,2,246824,35,5333.333215,3199.999882,0
40,2,29,246824,28,3199.999882,7999.999882,0
40,29,2,246824,28,7999.999882,3199.999882,0
40,3,5,246824,11,5333.333215,2666.666548,0
40,5,3,246824,11,2666.666548,5333.333215,0
40,3,28,246824,32,5333.333215,7999.999882,0
40,28,3,246824,32,7999.999882,5333.333215,0
40,4,6,246824,9,2666.666548,3999.999882,0
40,6,4,246824,9,3999.999882,2666.666548,0
40,4,7,246824,9,2666.666548,5333.333215,0
40,7,4,246824,9,5333.333215,2666.666548,0
40,4,12,246824,9,2666.666548,3199.999882,0
40,12,4,246824,9,3199.999882,2666.666548,0
40,4,13,246824,6,2666.666548,2285.714167,0
40,13,4,246824,6,2285.714167,2666.666548,0
40,5,6,246824,12,2666.666548,3999.999882,0
40,6,5,246824,12,3999.999882,2666.666548,0
40,5,8,246824,12,2666.666548,5333.333215,0
40,8,5,246824,12,5333.333215,2666.666548,0
40,5,24,246824,24,2666.666548,7999.999882,0
40,24,5,246824,24,7999.999882,2666.666548,0
40,5,26,246824,29,2666.666548,5333.333215,0
40,26,5,246824,29,5333.333215,2666.666548,0
40,6,7,246824,12,3999.999882,5333.333215,0
40,7,6,246824,12,5333.333215,3999.999882,0
40,6,18,246824,21,3999.999882,3999.999882,0
40,18,6,246824,21,3999.999882,3999.999882,0
40,7,10,246824,11,5333.333215,2666.666548,0
40,10,7,246824,11,2666.666548,5333.333215,0
40,8,10,246824,11,5333.333215,2666.666548,0
40,10,8,246824,11,2666.666548,5333.333215,0
40,8,26,246824,29,5333.333215,5333.333215,0
40,26,8,246824,29,5333.333215,5333.333215,0
40,9,10,246824,11,7999.999882,2666.666548,0
40,10,9,246824,11,2666.666548,7999.999882,0
40,9,12,246824,12,7999.999882,3199.999882,0
40,12,9,246824,12,3199.999882,7999.999882,0
40,10,12,246824,11,2666.666548,3199.999882,0
40,12,10,246824,11,3199.999882,2666.666548,0
40,10,13,246824,8,2666.666548,2285.714167,0
40,13,10,246824,8,2285.714167,2666.666548,0
40,10,16,246824,21,2666.666548,5333.333215,0
40,16,10,246824,21,5333.333215,2666.666548,0
40,11,13,246824,9,3999.999882,2285.714167,0
40,13,11,246824,9,2285.714167,3999.999882,0
40,11,14,246824,9,3999.999882,2666.666548,0
40,14,11,246824,9,2666.666548,3999.999882,0
40,11,27,246824,29,3999.999882,7999.999882,0
40,27,11,246824,29,7999.999882,3999.999882,0
40,11,29,246824,30,3999.999882,7999.999882,0
40,29,11,246824,30,7999.999882,3999.999882,0
40,12,13,246824,9,3199.999882,2285.714167,0
40,13,12,246824,9,2285.714167,3199.999882,0
40,12,15,246824,42,3199.999882,7999.999882,0
40,15,12,246824,42,7999.999882,3199.999882,0
40,13,14,246824,7,2285.714167,2666.666548,0
40,14,13,246824,7,2666.666548,2285.714167,0
40,13,16,246824,19,2285.714167,5333.333215,0
40,16,13,246824,19,5333.333215,2285.714167,0
40,13,21,246824,35,2285.714167,5333.333215,0
40,21,13,246824,35,5333.333215,2285.714167,0
40,14,15,246824,39,2666.666548,7999.999882,0
40,15,14,246824,39,7999.999882,2666.666548,0
40,14,17,246824,20,2666.666548,3999.999882,0
40,17,14,246824,20,3999.999882,2666.666548,0
40,14,24,246824,21,2666.666548,7999.999882,0
40,24,14,246824,21,7999.999882,2666.666548,0
40,14,25,246824,26,2666.666548,5333.333215,0
40,25,14,246824,26,5333.333215,2666.666548,0
40,16,17,246824,24,5333.333215,3999.999882,0
40,17,16,246824,24,3999.999882,5333.333215,0
40,17,18,246824,24,3999.999882,3999.999882,0
40,18,17,246824,24,3999.999882,3999.999882,0
40,17,19,246824,28,3999.999882,7999.999882,0
40,19,17,246824,28,7999.999882,3999.999882,0
40,18,20,246824,39,3999.999882,7999.999882,0
40,20,18,246824,39,7999.999882,3999.999882,0
40,18,22,246824,27,3999.999882,7999.999882,0
40,22,18,246824,27,7999.999882,3999.999882,0
40,21,23,246824,40,5333.333215,5333.333215,0
40,23,21,246824,40,5333.333215,5333.333215,0
40,22,23,246824,29,7999.999882,5333.333215,0
40,23,22,246824,29,5333.333215,7999.999882,0
40,25,26,246824,35,5333.333215,5333.333215,0
40,26,25,246824,35,5333.333215,5333.333215,0
40,25,28,246824,37,5333.333215,7999.999882,0
40,28,25,246824,37,7999.999882,5333.333215,0
41,0,1,246824,12,5324.999882,3993.749882,0
41,1,0,246824,12,3993.749882,5324.999882,0
41,0,16,246824,22,5324.999882,3993.749882,0
41,16,0,246824,22,3993.749882,5324.999882,0
41,0,23,246824,25,5324.999882,5324.999882,0
41,23,0,246824,25,5324.999882,5324.999882,0
41,1,2,246824,10,3993.749882,3194.999882,0
41,2,1,246824,10,3194.999882,3993.749882,0
41,1,3,246824,11,3993.749882,3194.999882,0
41,3,1,246824,11,3194.999882,3993.749882,0
41,1,20,246824,37,3993.749882,7987.499882,0
41,20,1,246824,37,7987.499882,3993.749882,0
41,2,5,246824,11,3194.999882,2282.142739,0
41,5,2,246824,11,2282.142739,3194.999882,0
41,2,15,246824,39,3194.999882,7987.499882,0
41,15,2,246824,39,7987.499882,3194.999882,0
41,2,21,246824,35,3194.999882,7987.499882,0
41,21,2,246824,35,7987.499882,3194.999882,0
41,2,29,246824,28,3194.999882,7987.499882,0
41,29,2,246824,28,7987.499882,3194.999882,0
41,3,5,246824,11,3194.999882,2282.142739,0
41,5,3,246824,11,2282.142739,3194.999882,0
41,3,6,246824,11,3194.999882,3993.749882,0
41,6,3,246824,11,3993.749882,3194.999882,0
41,3,27,246824,29,3194.999882,7987.499882,0
41,27,3,246824,29,7987.499882,3194.999882,0
41,3,28,246824,32,3194.999882,7987.499882,0
41,28,3,246824,32,7987.499882,3194.999882,0
41,4,7,246824,9,5324.999882,3993.749882,0
41,7,4,246824,9,3993.749882,5324.999882,0
41,4,12,246824,9,5324.999882,7987.499882,0
41,12,4,246824,9,7987.499882,5324.999882,0
41,4,13,246824,6,5324.999882,3194.999882,0
41,13,4,246824,6,3194.999882,5324.999882,0
41,5,6,246824,12,2282.142739,3993.749882,0
41,6,5,246824,12,3993.749882,2282.142739,0
41,5,8,246824,12,2282.142739,2662.499882,0
41,8,5,246824,12,2662.499882,2282.142739,0
41,5,19,246824,27,2282.142739,7987.499882,0
41,19,5,246824,27,7987.499882,2282.142739,0
41,5,24,246824,24,2282.142739,7987.499882,0
41,24,5,246824,24,7987.499882,2282.142739,0
41,5,26,246824,29,2282.142739,5324.999882,0
41,26,5,246824,29,5324.999882,2282.142739,0
41,6,9,246824,11,3993.749882,3194.999882,0
41,9,6,246824,11,3194.999882,3993.749882,0
41,6,18,246824,21,3993.749882,5324.999882,0
41,18,6,246824,21,5324.999882,3993.749882,0
41,7,9,246824,12,3993.749882,3194.999882,0
41,9,7,246824,12,3194.999882,3993.749882,0
41,7,10,246824,11,3993.749882,5324.999882,0
41,10,7,246824,11,5324.999882,3993.749882,0
41,7,24,246824,24,3993.749882,7987.499882,0
41,24,7,246824,24,7987.499882,3993.749882,0
41,8,9,246824,12,2662.499882,3194.999882,0
41,9,8,246824,12,3194.999882,2662.499882,0
41,8,10,246824,11,2662.499882,5324.999882,0
41,10,8,246824,11,5324.999882,2662.499882,0
41,8,19,246824,27,2662.499882,7987.499882,0
41,19,8,246824,27,7987.499882,2662.499882,0
41,8,20,246824,38,2662.499882,7987.499882,0
41,20,8,246824,38,7987.499882,2662.499882,0
41,8,26,246824,29,2662.499882,5324.999882,0
41,26,8,246824,29,5324.999882,2662.499882,0
41,9,12,246824,12,3194.999882,7987.499882,0
41,12,9,246824,12,7987.499882,3194.999882,0
41,9,27,246824,29,3194.999882,7987.499882,0
41,27,9,246824,29,7987.499882,3194.999882,0
41,10,16,246824,21,5324.999882,3993.749882,0
41,16,10,246824,21,3993.749882,5324.999882,0
41,11,13,246824,9,5324.999882,3194.999882,0
41,13,11,246824,9,3194.999882,5324.999882,0
41,11,14,246824,9,5324.999882,3194.999882,0
41,14,11,246824,9,3194.999882,5324.999882,0
41,11,29,246824,30,5324.999882,7987.499882,0
41,29,11,246824,30,7987.499882,5324.999882,0
41,13,14,246824,7,3194.999882,3194.999882,0
41,14,13,246824,7,3194.999882,3194.999882,0
41,13,16,246824,19,3194.999882,3993.749882,0
41,16,13,246824,19,3993.749882,3194.999882,0
41,13,21,246824,35,3194.999882,7987.499882,0
41,21,13,246824,35,7987.499882,3194.999882,0
41,14,15,246824,39,3194.999882,7987.499882,0
41,15,14,246824,39,7987.499882,3194.999882,0
41,14,17,246824,20,3194.999882,5324.999882,0
41,17,14,246824,20,5324.999882,3194.999882,0
41,14,25,246824,26,3194.999882,3993.749882,0
41,25,14,246824,26,3993.749882,3194.999882,0
41,16,18,246824,24,3993.749882,5324.999882,0
41,18,16,246824,24,5324.999882,3993.749882,0
41,17,25,246824,30,5324.999882,3993.749882,0
41,25,17,246824,30,3993.749882,5324.999882,0
41,17,28,246824,34,5324.999882,7987.499882,0
41,28,17,246824,34,7987.499882,5324.999882,0
41,18,22,246824,27,5324.999882,7987.499882,0
41,22,18,246824,27,7987.499882,5324.999882,0
41,22,23,246824,29,7987.499882,5324.999882,0
41,23,22,246824,29,5324.999882,7987.499882,0
41,23,25,246824,31,5324.999882,3993.749882,0
41,25,23,246824,31,3993.749882,5324.999882,0
41,25,26,246824,35,3993.749882,5324.999882,0
41,26,25,246824,35,5324.999882,3993.749882,0
42,0,1,246824,12,3194.999882,3993.749882,0
42,1,0,246824,12,3993.749882,3194.999882,0
42,0,19,246824,27,3194.999882,5324.999882,0
42,19,0,246824,27,5324.999882,3194.999882,0
42,0,21,246824,38,3194.999882,7987.499882,0
42,21,0,246824,38,7987.499882,3194.999882,0
42,0,23,246824,25,3194.999882,7987.499882,0
42,23,0,246824,25,7987.499882,3194.999882,0
42,0,29,246824,31,3194.999882,5324.999882,0
42,29,0,246824,31,5324.999882,3194.999882,0
42,1,3,246824,11,3993.749882,5324.999882,0
42,3,1,246824,11,5324.999882,3993.749882,0
42,1,4,246824,9,3993.749882,3194.999882,0
42,4,1,246824,9,3194.999882,3993.749882,0
42,1,20,246824,37,3993.749882,7987.499882,0
42,20,1,246824,37,7987.499882,3993.749882,0
42,2,4,246824,8,5324.999882,3194.999882,0
42,4,2,246824,8,3194.999882,5324.999882,0
42,2,5,246824,11,5324.999882,2282.142739,0
42,5,2,246824,11,2282.142739,5324.999882,0
42,2,15,246824,39,5324.999882,7987.499882,0
42,15,2,246824,39,7987.499882,5324.999882,0
42,3,5,246824,11,5324.999882,2282.142739,0
42,5,3,246824,11,2282.142739,5324.999882,0
42,3,28,246824,32,5324.999882,7987.499882,0
42,28,3,246824,32,7987.499882,5324.999882,0
42,4,5,246824,9,3194.999882,2282.142739,0
42,5,4,246824,9,2282.142739,3194.999882,0
42,4,6,246824,9,3194.999882,5324.999882,0
42,6,4,246824,9,5324.999882,3194.999882,0
42,4,13,246824,6,3194.999882,2282.142739,0
42,13,4,246824,6,2282.142739,3194.999882,0
42,5,8,246824,12,2282.142739,3993.749882,0
42,8,5,246824,12,3993.749882,2282.142739,0
42,5,19,246824,27,2282.142739,5324.999882,0
42,19,5,246824,27,5324.999882,2282.142739,0
42,5,24,246824,24,2282.142739,7987.499882,0
42,24,5,246824,24,7987.499882,2282.142739,0
42,5,26,246824,29,2282.142739,7987.499882,0
42,26,5,246824,29,7987.499882,2282.142739,0
42,6,7,246824,12,5324.999882,7987.499882,0
42,7,6,246824,12,7987.499882,5324.999882,0
42,6,18,246824,21,5324.999882,5324.999882,0
42,18,6,246824,21,5324.999882,5324.999882,0
42,7,10,246824,11,7987.499882,7987.499882,0
42,10,7,246824,11,7987.499882,7987.499882,0
42,8,9,246824,12,3993.749882,5324.999882,0
42,9,8,246824,12,5324.999882,3993.749882,0
42,8,20,246824,38,3993.749882,7987.499882,0
42,20,8,246824,38,7987.499882,3993.749882,0
42,8,26,246824,29,3993.749882,7987.499882,0
42,26,8,246824,29,7987.499882,3993.749882,0
42,9,12,246824,12,5324.999882,7987.499882,0
42,12,9,246824,12,7987.499882,5324.999882,0
42,9,27,246824,29,5324.999882,7987.499882,0
42,27,9,246824,29,7987.499882,5324.999882,0
42,10,13,246824,8,7987.499882,2282.142739,0
42,13,10,246824,8,2282.142739,7987.499882,0
42,11,13,246824,9,3993.749882,2282.142739,0
42,13,11,246824,9,2282.142739,3993.749882,0
42,11,14,246824,9,3993.749882,2662.499882,0
42,14,11,246824,9,2662.499882,3993.749882,0
42,11,27,246824,29,3993.749882,7987.499882,0
42,27,11,246824,29,7987.499882,3993.749882,0
42,11,29,246824,30,3993.749882,5324.999882,0
42,29,11,246824,30,5324.999882,3993.749882,0
42,12,13,246824,9,7987.499882,2282.142739,0
42,13,12,246824,9,2282.142739,7987.499882,0
42,13,14,246824,7,2282.142739,2662.499882,0
42,14,13,246824,7,2662.499882,2282.142739,0
42,13,16,246824,19,2282.142739,7987.499882,0
42,16,13,246824,19,7987.499882,2282.142739,0
42,13,21,246824,35,2282.142739,7987.499882,0
42,21,13,246824,35,7987.499882,2282.142739,0
42,14,15,246824,39,2662.499882,7987.499882,0
42,15,14,246824,39,7987.499882,2662.499882,0
42,14,17,246824,20,2662.499882,3993.749882,0
42,17,14,246824,20,3993.749882,2662.499882,0
42,14,24,246824,21,2662.499882,7987.499882,0
42,24,14,246824,21,7987.499882,2662.499882,0
42,14,25,246824,26,2662.499882,7987.499882,0
42,25,14,246824,26,7987.499882,2662.499882,0
42,16,17,246824,24,7987.499882,3993.749882,0
42,17,16,246824,24,3993.749882,7987.499882,0
42,17,18,246824,24,3993.749882,5324.999882,0
42,18,17,246824,24,5324.999882,3993.749882,0
42,17,25,246824,30,3993.749882,7987.499882,0
42,25,17,246824,30,7987.499882,3993.749882,0
42,18,22,246824,27,5324.999882,5324.999882,0
42,22,18,246824,27,5324.999882,5324.999882,0
42,19,22,246824,31,5324.999882,5324.999882,0
42,22,19,246824,31,5324.999882,5324.999882,0
42,22,23,246824,29,5324.999882,7987.499882,0
42,23,22,246824,29,7987.499882,5324.999882,0
42,28,29,246824,37,7987.499882,5324.999882,0
42,29,28,246824,37,5324.999882,7987.499882,0
43,0,1,246824,12,3194.999882,3993.749882,0
43,1,0,246824,12,3993.749882,3194.999882,0
43,0,19,246824,27,3194.999882,3993.749882,0
43,19,0,246824,27,3993.749882,3194.999882,0
43,0,23,246824,25,3194.999882,3993.749882,0
43,23,0,246824,25,3993.749882,3194.999882,0
43,0,27,246824,30,3194.999882,7987.499882,0
43,27,0,246824,30,7987.499882,3194.999882,0
43,0,29,246824,31,3194.999882,5324.999882,0
43,29,0,246824,31,5324.999882,3194.999882,0
43,1,2,246824,10,3993.749882,2662.499882,0
43,2,1,246824,10,2662.499882,3993.749882,0
43,1,4,246824,9,3993.749882,2662.499882,0
43,4,1,246824,9,2662.499882,3993.749882,0
43,1,20,246824,37,3993.749882,3993.749882,0
43,20,1,246824,37,3993.749882,3993.749882,0
43,2,4,246824,8,2662.499882,2662.499882,0
43,4,2,246824,8,2662.499882,2662.499882,0
43,2,5,246824,11,2662.499882,1996.874882,0
43,5,2,246824,11,1996.874882,2662.499882,0
43,2,15,246824,39,2662.499882,7987.499882,0
43,15,2,246824,39,7987.499882,2662.499882,0
43,2,21,246824,35,2662.499882,7987.499882,0
43,21,2,246824,35,7987.499882,2662.499882,0
43,2,29,246824,28,2662.499882,5324.999882,0
43,29,2,246824,28,5324.999882,2662.499882,0
43,3,5,246824,11,5324.999882,1996.874882,0
43,5,3,246824,11,1996.874882,5324.999882,0
43,3,6,246824,11,5324.999882,2662.499882,0
43,6,3,246824,11,2662.499882,5324.999882,0
43,3,28,246824,32,5324.999882,7987.499882,0
43,28,3,246824,32,7987.499882,5324.999882,0
43,4,5,246824,9,2662.499882,1996.874882,0
43,5,4,246824,9,1996.874882,2662.499882,0
43,4,6,246824,9,2662.499882,2662.499882,0
43,6,4,246824,9,2662.499882,2662.499882,0
43,4,7,246824,9,2662.499882,7987.499882,0
43,7,4,246824,9,7987.499882,2662.499882,0
43,4,12,246824,9,2662.499882,7987.499882,0
43,12,4,246824,9,7987.499882,2662.499882,0
43,5,6,246824,12,1996.874882,2662.499882,0
43,6,5,246824,12,2662.499882,1996.874882,0
43,5,8,246824,12,1996.874882,3993.749882,0
43,8,5,246824,12,3993.749882,1996.874882,0
43,5,19,246824,27,1996.874882,3993.749882,0
43,19,5,246824,27,3993.749882,1996.874882,0
43,5,24,246824,24,1996.874882,7987.499882,0
43,24,5,246824,24,7987.499882,1996.874882,0
43,5,26,246824,29,1996.874882,7987.499882,0
43,26,5,246824,29,7987.499882,1996.874882,0
43,6,7,246824,12,2662.499882,7987.499882,0
43,7,6,246824,12,7987.499882,2662.499882,0
43,6,9,246824,11,2662.499882,3194.999882,0
43,9,6,246824,11,3194.999882,2662.499882,0
43,6,18,246824,21,2662.499882,7987.499882,0
43,18,6,246824,21,7987.499882,2662.499882,0
43,8,9,246824,12,3993.749882,3194.999882,0
43,9,8,246824,12,3194.999882,3993.749882,0
43,8,20,246824,38,3993.749882,3993.749882,0
43,20,8,246824,38,3993.749882,3993.749882,0
43,8,26,246824,29,3993.749882,7987.499882,0
43,26,8,246824,29,7987.499882,3993.749882,0
43,9,10,246824,11,3194.999882,5324.999882,0
43,10,9,246824,11,5324.999882,3194.999882,0
43,9,12,246824,12,3194.999882,7987.499882,0
43,12,9,246824,12,7987.499882,3194.999882,0
43,9,27,246824,29,3194.999882,7987.499882,0
43,27,9,246824,29,7987.499882,3194.999882,0
43,10,13,246824,8,5324.999882,3993.749882,0
43,13,10,246824,8,3993.749882,5324.999882,0
43,10,16,246824,21,5324.999882,5324.999882,0
43,16,10,246824,21,5324.999882,5324.999882,0
43,11,13,246824,9,7987.499882,3993.749882,0
43,13,11,246824,9,3993.749882,7987.499882,0
43,11,14,246824,9,7987.499882,2662.499882,0
43,14,11,246824,9,2662.499882,7987.499882,0
43,13,14,246824,7,3993.749882,2662.499882,0
43,14,13,246824,7,2662.499882,3993.749882,0
43,13,16,246824,19,3993.749882,5324.999882,0
43,16,13,246824,19,5324.999882,3993.749882,0
43,14,15,246824,39,2662.499882,7987.499882,0
43,15,14,246824,39,7987.499882,2662.499882,0
43,14,17,246824,20,2662.499882,7987.499882,0
43,17,14,246824,20,7987.499882,2662.499882,0
43,14,24,246824,21,2662.499882,7987.499882,0
43,24,14,246824,21,7987.499882,2662.499882,0
43,14,25,246824,26,2662.499882,7987.499882,0
43,25,14,246824,26,7987.499882,2662.499882,0
43,16,17,246824,24,5324.999882,7987.499882,0
43,17,16,246824,24,7987.499882,5324.999882,0
43,18,20,246824,39,7987.499882,3993.749882,0
43,20,18,246824,39,3993.749882,7987.499882,0
43,19,22,246824,31,3993.749882,7987.499882,0
43,22,19,246824,31,7987.499882,3993.749882,0
43,19,23,246824,30,3993.749882,3993.749882,0
43,23,19,246824,30,3993.749882,3993.749882,0
43,20,21,246824,39,3993.749882,7987.499882,0
43,21,20,246824,39,7987.499882,3993.749882,0
43,22,23,246824,29,7987.499882,3993.749882,0
43,23,22,246824,29,3993.749882,7987.499882,0
43,23,25,246824,31,3993.749882,7987.499882,0
43,25,23,246824,31,7987.499882,3993.749882,0
43,28,29,246824,37,7987.499882,5324.999882,0
43,29,28,246824,37,5324.999882,7987.499882,0
44,0,1,246824,12,2285.714167,3999.999882,0
44,1,0,246824,12,3999.999882,2285.714167,0
44,0,16,246824,22,2285.714167,7999.999882,0
44,16,0,246824,22,7999.999882,2285.714167,0
44,0,19,246824,27,2285.714167,7999.999882,0
44,19,0,246824,27,7999.999882,2285.714167,0
44,0,21,246824,38,2285.714167,7999.999882,0
44,21,0,246824,38,7999.999882,2285.714167,0
44,0,23,246824,25,2285.714167,7999.999882,0
44,23,0,246824,25,7999.999882,2285.714167,0
44,0,27,246824,30,2285.714167,7999.999882,0
44,27,0,246824,30,7999.999882,2285.714167,0
44,0,29,246824,31,2285.714167,7999.999882,0
44,29,0,246824,31,7999.999882,2285.714167,0
44,1,2,246824,10,3999.999882,7999.999882,0
44,2,1,246824,10,7999.999882,3999.999882,0
44,1,3,246824,11,3999.999882,3199.999882,0
44,3,1,246824,11,3199.999882,3999.999882,0
44,1,20,246824,37,3999.999882,7999.999882,0
44,20,1,246824,37,7999.999882,3999.999882,0
44,2,4,246824,8,7999.999882,3999.999882,0
44,4,2,246824,8,3999.999882,7999.999882,0
44,3,5,246824,11,3199.999882,5333.333215,0
44,5,3,246824,11,5333.333215,3199.999882,0
44,3,6,246824,11,3199.999882,3999.999882,0
44,6,3,246824,11,3999.999882,3199.999882,0
44,3,27,246824,29,3199.999882,7999.999882,0
44,27,3,246824,29,7999.999882,3199.999882,0
44,3,28,246824,32,3199.999882,7999.999882,0
44,28,3,246824,32,7999.999882,3199.999882,0
44,4,6,246824,9,3999.999882,3999.999882,0
44,6,4,246824,9,3999.999882,3999.999882,0
44,4,7,246824,9,3999.999882,5333.333215,0
44,7,4,246824,9,5333.333215,3999.999882,0
44,4,13,246824,6,3999.999882,2285.714167,0
44,13,4,246824,6,2285.714167,3999.999882,0
44,5,8,246824,12,5333.333215,3199.999882,0
44,8,5,246824,12,3199.999882,5333.333215,0
44,5,26,246824,29,5333.333215,7999.999882,0
44,26,5,246824,29,7999.999882,5333.333215,0
44,6,9,246824,11,3999.999882,3999.999882,0
44,9,6,246824,11,3999.999882,3999.999882,0
44,6,18,246824,21,3999.999882,7999.999882,0
44,18,6,246824,21,7999.999882,3999.999882,0
44,7,9,246824,12,5333.333215,3999.999882,0
44,9,7,246824,12,3999.999882,5333.333215,0
44,7,10,246824,11,5333.333215,3199.999882,0
44,10,7,246824,11,3199.999882,5333.333215,0
44,8,10,246824,11,3199.999882,3199.999882,0
44,10,8,246824,11,3199.999882,3199.999882,0
44,8,19,246824,27,3199.999882,7999.999882,0
44,19,8,246824,27,7999.999882,3199.999882,0
44,8,20,246824,38,3199.999882,7999.999882,0
44,20,8,246824,38,7999.999882,3199.999882,0
44,8,26,246824,29,3199.999882,7999.999882,0
44,26,8,246824,29,7999.999882,3199.999882,0
44,9,10,246824,11,3999.999882,3199.999882,0
44,10,9,246824,11,3199.999882,3999.999882,0
44,9,24,246824,23,3999.999882,3999.999882,0
44,24,9,246824,23,3999.999882,3999.999882,0
44,10,12,246824,11,3199.999882,5333.333215,0
44,12,10,246824,11,5333.333215,3199.999882,0
44,10,13,246824,8,3199.999882,2285.714167,0
44,13,10,246824,8,2285.714167,3199.999882,0
44,11,13,246824,9,7999.999882,2285.714167,0
44,13,11,246824,9,2285.714167,7999.999882,0
44,11,14,246824,9,7999.999882,2666.666548,0
44,14,11,246824,9,2666.666548,7999.999882,0
44,12,13,246824,9,5333.333215,2285.714167,0
44,13,12,246824,9,2285.714167,5333.333215,0
44,12,15,246824,42,5333.333215,7999.999882,0
44,15,12,246824,42,7999.999882,5333.333215,0
44,13,14,246824,7,2285.714167,2666.666548,0
44,14,13,246824,7,2666.666548,2285.714167,0
44,13,16,246824,19,2285.714167,7999.999882,0
44,16,13,246824,19,7999.999882,2285.714167,0
44,13,21,246824,35,2285.714167,7999.999882,0
44,21,13,246824,35,7999.999882,2285.714167,0
44,14,15,246824,39,2666.666548,7999.999882,0
44,15,14,246824,39,7999.999882,2666.666548,0
44,14,17,246824,20,2666.666548,7999.999882,0
44,17,14,246824,20,7999.999882,2666.666548,0
44,14,24,246824,21,2666.666548,3999.999882,0
44,24,14,246824,21,3999.999882,2666.666548,0
44,14,25,246824,26,2666.666548,3999.999882,0
44,25,14,246824,26,3999.999882,2666.666548,0
44,17,25,246824,30,7999.999882,3999.999882,0
44,25,17,246824,30,3999.999882,7999.999882,0
44,18,22,246824,27,7999.999882,7999.999882,0
44,22,18,246824,27,7999.999882,7999.999882,0
44,22,24,246824,28,7999.999882,3999.999882,0
44,24,22,246824,28,3999.999882,7999.999882,0
44,23,25,246824,31,7999.999882,3999.999882,0
44,25,23,246824,31,3999.999882,7999.999882,0
44,24,29,246824,32,3999.999882,7999.999882,0
44,29,24,246824,32,7999.999882,3999.999882,0
44,25,28,246824,37,3999.999882,7999.999882,0
44,28,25,246824,37,7999.999882,3999.999882,0
45,0,1,246824,12,3993.749882,3194.999882,0
45,1,0,246824,12,3194.999882,3993.749882,0
45,0,16,246824,22,3993.749882,5324.999882,0
45,16,0,246824,22,5324.999882,3993.749882,0
45,0,19,246824,27,3993.749882,3993.749882,0
45,19,0,246824,27,3993.749882,3993.749882,0
45,0,23,246824,25,3993.749882,7987.499882,0
45,23,0,246824,25,7987.499882,3993.749882,0
45,1,2,246824,10,3194.999882,2662.499882,0
45,2,1,246824,10,2662.499882,3194.999882,0
45,1,3,246824,11,3194.999882,3993.749882,0
45,3,1,246824,11,3993.749882,3194.999882,0
45,1,4,246824,9,3194.999882,3194.999882,0
45,4,1,246824,9,3194.999882,3194.999882,0
45,1,20,246824,37,3194.999882,7987.499882,0
45,20,1,246824,37,7987.499882,3194.999882,0
45,2,4,246824,8,2662.499882,3194.999882,0
45,4,2,246824,8,3194.999882,2662.499882,0
45,2,5,246824,11,2662.499882,2662.499882,0
45,5,2,246824,11,2662.499882,2662.499882,0
45,2,15,246824,39,2662.499882,7987.499882,0
45,15,2,246824,39,7987.499882,2662.499882,0
45,2,21,246824,35,2662.499882,7987.499882,0
45,21,2,246824,35,7987.499882,2662.499882,0
45,2,29,246824,28,2662.499882,7987.499882,0
45,29,2,246824,28,7987.499882,2662.499882,0
45,3,5,246824,11,3993.749882,2662.499882,0
45,5,3,246824,11,2662.499882,3993.749882,0
45,3,27,246824,29,3993.749882,7987.499882,0
45,27,3,246824,29,7987.499882,3993.749882,0
45,3,28,246824,32,3993.749882,7987.499882,0
45,28,3,246824,32,7987.499882,3993.749882,0
45,4,7,246824,9,3194.999882,3194.999882,0
45,7,4,246824,9,3194.999882,3194.999882,0
45,4,12,246824,9,3194.999882,7987.499882,0
45,12,4,246824,9,7987.499882,3194.999882,0
45,4,13,246824,6,3194.999882,2282.142739,0
45,13,4,246824,6,2282.142739,3194.999882,0
45,5,6,246824,12,2662.499882,3993.749882,0
45,6,5,246824,12,3993.749882,2662.499882,0
45,5,8,246824,12,2662.499882,3194.999882,0
45,8,5,246824,12,3194.999882,2662.499882,0
45,5,24,246824,24,2662.499882,7987.499882,0
45,24,5,246824,24,7987.499882,2662.499882,0
45,5,26,246824,29,2662.499882,5324.999882,0
45,26,5,246824,29,5324.999882,2662.499882,0
45,6,7,246824,12,3993.749882,3194.999882,0
45,7,6,246824,12,3194.999882,3993.749882,0
45,6,9,246824,11,3993.749882,5324.999882,0
45,9,6,246824,11,5324.999882,3993.749882,0
45,6,18,246824,21,3993.749882,5324.999882,0
45,18,6,246824,21,5324.999882,3993.749882,0
45,7,9,246824,12,3194.999882,5324.999882,0
45,9,7,246824,12,5324.999882,3194.999882,0
45,7,10,246824,11,3194.999882,5324.999882,0
45,10,7,246824,11,5324.999882,3194.999882,0
45,7,24,246824,24,3194.999882,7987.499882,0
45,24,7,246824,24,7987.499882,3194.999882,0
45,8,9,246824,12,3194.999882,5324.999882,0
45,9,8,246824,12,5324.999882,3194.999882,0
45,8,10,246824,11,3194.999882,5324.999882,0
45,10,8,246824,11,5324.999882,3194.999882,0
45,8,20,246824,38,3194.999882,7987.499882,0
45,20,8,246824,38,7987.499882,3194.999882,0
45,8,26,246824,29,3194.999882,5324.999882,0
45,26,8,246824,29,5324.999882,3194.999882,0
45,10,13,246824,8,5324.999882,2282.142739,0
45,13,10,246824,8,2282.142739,5324.999882,0
45,11,13,246824,9,3993.749882,2282.142739,0
45,13,11,246824,9,2282.142739,3993.749882,0
45,11,14,246824,9,3993.749882,3194.999882,0
45,14,11,246824,9,3194.999882,3993.749882,0
45,11,27,246824,29,3993.749882,7987.499882,0
45,27,11,246824,29,7987.499882,3993.749882,0
45,11,29,246824,30,3993.749882,7987.499882,0
45,29,11,246824,30,7987.499882,3993.749882,0
45,12,13,246824,9,7987.499882,2282.142739,0
45,13,12,246824,9,2282.142739,7987.499882,0
45,13,14,246824,7,2282.142739,3194.999882,0
45,14,13,246824,7,3194.999882,2282.142739,0
45,13,16,246824,19,2282.142739,5324.999882,0
45,16,13,246824,19,5324.999882,2282.142739,0
45,13,21,246824,35,2282.142739,7987.499882,0
45,21,13,246824,35,7987.499882,2282.142739,0
45,14,15,246824,39,3194.999882,7987.499882,0
45,15,14,246824,39,7987.499882,3194.999882,0
45,14,17,246824,20,3194.999882,5324.999882,0
45,17,14,246824,20,5324.999882,3194.999882,0
45,14,25,246824,26,3194.999882,7987.499882,0
45,25,14,246824,26,7987.499882,3194.999882,0
45,16,18,246824,24,5324.999882,5324.999882,0
45,18,16,246824,24,5324.999882,5324.999882,0
45,17,19,246824,28,5324.999882,3993.749882,0
45,19,17,246824,28,3993.749882,5324.999882,0
45,17,28,246824,34,5324.999882,7987.499882,0
45,28,17,246824,34,7987.499882,5324.999882,0
45,18,22,246824,27,5324.999882,7987.499882,0
45,22,18,246824,27,7987.499882,5324.999882,0
45,19,22,246824,31,3993.749882,7987.499882,0
45,22,19,246824,31,7987.499882,3993.749882,0
45,19,23,246824,30,3993.749882,7987.499882,0
45,23,19,246824,30,7987.499882,3993.749882,0
45,25,26,246824,35,7987.499882,5324.999882,0
45,26,25,246824,35,5324.999882,7987.499882,0
46,0,1,246824,12,2663.888771,5327.777659,0
46,1,0,246824,12,5327.777659,2663.888771,0
46,0,16,246824,22,2663.888771,5327.777659,0
46,16,0,246824,22,5327.777659,2663.888771,0
46,0,21,246824,38,2663.888771,5327.777659,0
46,21,0,246824,38,5327.777659,2663.888771,0
46,0,23,246824,25,2663.888771,3995.833215,0
46,23,0,246824,25,3995.833215,2663.888771,0
46,0,27,246824,30,2663.888771,7991.666548,0
46,27,0,246824,30,7991.666548,2663.888771,0
46,0,29,246824,31,2663.888771,7991.666548,0
46,29,0,246824,31,7991.666548,2663.888771,0
46,1,4,246824,9,5327.777659,3196.666548,0
46,4,1,246824,9,3196.666548,5327.777659,0
46,1,20,246824,37,5327.777659,7991.666548,0
46,20,1,246824,37,7991.666548,5327.777659,0
46,2,4,246824,8,5327.777659,3196.666548,0
46,4,2,246824,8,3196.666548,5327.777659,0
46,2,5,246824,11,5327.777659,1997.916548,0
46,5,2,246824,11,1997.916548,5327.777659,0
46,2,15,246824,39,5327.777659,7991.666548,0
46,15,2,246824,39,7991.666548,5327.777659,0
46,3,5,246824,11,3995.833215,1997.916548,0
46,5,3,246824,11,1997.916548,3995.833215,0
46,3,6,246824,11,3995.833215,3196.666548,0
46,6,3,246824,11,3196.666548,3995.833215,0
46,3,27,246824,29,3995.833215,7991.666548,0
46,27,3,246824,29,7991.666548,3995.833215,0
46,3,28,246824,32,3995.833215,7991.666548,0
46,28,3,246824,32,7991.666548,3995.833215,0
46,4,5,246824,9,3196.666548,1997.916548,0
46,5,4,246824,9,1997.916548,3196.666548,0
46,4,12,246824,9,3196.666548,7991.666548,0
46,12,4,246824,9,7991.666548,3196.666548,0
46,4,13,246824,6,3196.666548,2663.888771,0
46,13,4,246824,6,2663.888771,3196.666548,0
46,5,6,246824,12,1997.916548,3196.666548,0
46,6,5,246824,12,3196.666548,1997.916548,0
46,5,8,246824,12,1997.916548,3196.666548,0
46,8,5,246824,12,3196.666548,1997.916548,0
46,5,19,246824,27,1997.916548,7991.666548,0
46,19,5,246824,27,7991.666548,1997.916548,0
46,5,24,246824,24,1997.916548,5327.777659,0
46,24,5,246824,24,5327.777659,1997.916548,0
46,5,26,246824,29,1997.916548,7991.666548,0
46,26,5,246824,29,7991.666548,1997.916548,0
46,6,7,246824,12,3196.666548,7991.666548,0
46,7,6,246824,12,7991.666548,3196.666548,0
46,6,9,246824,11,3196.666548,3995.833215,0
46,9,6,246824,11,3995.833215,3196.666548,0
46,6,18,246824,21,3196.666548,7991.666548,0
46,18,6,246824,21,7991.666548,3196.666548,0
46,7,10,246824,11,7991.666548,3196.666548,0
46,10,7,246824,11,3196.666548,7991.666548,0
46,8,9,246824,12,3196.666548,3995.833215,0
46,9,8,246824,12,3995.833215,3196.666548,0
46,8,10,246824,11,3196.666548,3196.666548,0
46,10,8,246824,11,3196.666548,3196.666548,0
46,8,19,246824,27,3196.666548,7991.666548,0
46,19,8,246824,27,7991.666548,3196.666548,0
46,8,26,246824,29,3196.666548,7991.666548,0
46,26,8,246824,29,7991.666548,3196.666548,0
46,9,10,246824,11,3995.833215,3196.666548,0
46,10,9,246824,11,3196.666548,3995.833215,0
46,9,12,246824,12,3995.833215,7991.666548,0
46,12,9,246824,12,7991.666548,3995.833215,0
46,10,13,246824,8,3196.666548,2663.888771,0
46,13,10,246824,8,2663.888771,3196.666548,0
46,10,16,246824,21,3196.666548,5327.777659,0
46,16,10,246824,21,5327.777659,3196.666548,0
46,11,13,246824,9,5327.777659,2663.888771,0
46,13,11,246824,9,2663.888771,5327.777659,0
46,11,14,246824,9,5327.777659,2663.888771,0
46,14,11,246824,9,2663.888771,5327.777659,0
46,11,29,246824,30,5327.777659,7991.666548,0
46,29,11,246824,30,7991.666548,5327.777659,0
46,13,14,246824,7,2663.888771,2663.888771,0
46,14,13,246824,7,2663.888771,2663.888771,0
46,13,16,246824,19,2663.888771,5327.777659,0
46,16,13,246824,19,5327.777659,2663.888771,0
46,13,21,246824,35,2663.888771,5327.777659,0
46,21,13,246824,35,5327.777659,2663.888771,0
46,14,15,246824,39,2663.888771,7991.666548,0
46,15,14,246824,39,7991.666548,2663.888771,0
46,14,17,246824,20,2663.888771,3995.833215,0
46,17,14,246824,20,3995.833215,2663.888771,0
46,14,24,246824,21,2663.888771,5327.777659,0
46,24,14,246824,21,5327.777659,2663.888771,0
46,14,25,246824,26,2663.888771,7991.666548,0
46,25,14,246824,26,7991.666548,2663.888771,0
46,17,18,246824,24,3995.833215,7991.666548,0
46,18,17,246824,24,7991.666548,3995.833215,0
46,17,20,246824,39,3995.833215,7991.666548,0
46,20,17,246824,39,7991.666548,3995.833215,0
46,17,28,246824,34,3995.833215,7991.666548,0
46,28,17,246824,34,7991.666548,3995.833215,0
46,21,23,246824,40,5327.777659,3995.833215,0
46,23,21,246824,40,3995.833215,5327.777659,0
46,22,23,246824,29,7991.666548,3995.833215,0
46,23,22,246824,29,3995.833215,7991.666548,0
46,22,24,246824,28,7991.666548,5327.777659,0
46,24,22,246824,28,5327.777659,7991.666548,0
46,23,25,246824,31,3995.833215,7991.666548,0
46,25,23,246824,31,7991.666548,3995.833215,0
47,0,1,246824,12,5333.333215,3999.999882,0
47,1,0,246824,12,3999.999882,5333.333215,0
47,0,19,246824,27,5333.333215,3999.999882,0
47,19,0,246824,27,3999.999882,5333.333215,0
47,0,23,246824,25,5333.333215,5333.333215,0
47,23,0,246824,25,5333.333215,5333.333215,0
47,1,2,246824,10,3999.999882,3199.999882,0
47,2,1,246824,10,3199.999882,3999.999882,0
47,1,3,246824,11,3999.999882,5333.333215,0
47,3,1,246824,11,5333.333215,3999.999882,0
47,1,20,246824,37,3999.999882,7999.999882,0
47,20,1,246824,37,7999.999882,3999.999882,0
47,2,4,246824,8,3199.999882,3199.999882,0
47,4,2,246824,8,3199.999882,3199.999882,0
47,2,5,246824,11,3199.999882,2285.714167,0
47,5,2,246824,11,2285.714167,3199.999882,0
47,2,21,246824,35,3199.999882,7999.999882,0
47,21,2,246824,35,7999.999882,3199.999882,0
47,2,29,246824,28,3199.999882,5333.333215,0
47,29,2,246824,28,5333.333215,3199.999882,0
47,3,6,246824,11,5333.333215,3999.999882,0
47,6,3,246824,11,3999.999882,5333.333215,0
47,3,28,246824,32,5333.333215,5333.333215,0
47,28,3,246824,32,5333.333215,5333.333215,0
47,4,5,246824,9,3199.999882,2285.714167,0
47,5,4,246824,9,2285.714167,3199.999882,0
47,4,6,246824,9,3199.999882,3999.999882,0
47,6,4,246824,9,3999.999882,3199.999882,0
47,4,7,246824,9,3199.999882,7999.999882,0
47,7,4,246824,9,7999.999882,3199.999882,0
47,4,13,246824,6,3199.999882,2285.714167,0
47,13,4,246824,6,2285.714167,3199.999882,0
47,5,6,246824,12,2285.714167,3999.999882,0
47,6,5,246824,12,3999.999882,2285.714167,0
47,5,8,246824,12,2285.714167,3999.999882,0
47,8,5,246824,12,3999.999882,2285.714167,0
47,5,19,246824,27,2285.714167,3999.999882,0
47,19,5,246824,27,3999.999882,2285.714167,0
47,5,24,246824,24,2285.714167,7999.999882,0
47,24,5,246824,24,7999.999882,2285.714167,0
47,5,26,246824,29,2285.714167,7999.999882,0
47,26,5,246824,29,7999.999882,2285.714167,0
47,6,18,246824,21,3999.999882,3999.999882,0
47,18,6,246824,21,3999.999882,3999.999882,0
47,7,9,246824,12,7999.999882,3999.999882,0
47,9,7,246824,12,3999.999882,7999.999882,0
47,8,9,246824,12,3999.999882,3999.999882,0
47,9,8,246824,12,3999.999882,3999.999882,0
47,8,10,246824,11,3999.999882,5333.333215,0
47,10,8,246824,11,5333.333215,3999.999882,0
47,8,26,246824,29,3999.999882,7999.999882,0
47,26,8,246824,29,7999.999882,3999.999882,0
47,9,12,246824,12,3999.999882,3999.999882,0
47,12,9,246824,12,3999.999882,3999.999882,0
47,9,27,246824,29,3999.999882,7999.999882,0
47,27,9,246824,29,7999.999882,3999.999882,0
47,10,12,246824,11,5333.333215,3999.999882,0
47,12,10,246824,11,3999.999882,5333.333215,0
47,10,13,246824,8,5333.333215,2285.714167,0
47,13,10,246824,8,2285.714167,5333.333215,0
47,11,13,246824,9,3999.999882,2285.714167,0
47,13,11,246824,9,2285.714167,3999.999882,0
47,11,14,246824,9,3999.999882,2666.666548,0
47,14,11,246824,9,2666.666548,3999.999882,0
47,11,27,246824,29,3999.999882,7999.999882,0
47,27,11,246824,29,7999.999882,3999.999882,0
47,11,29,246824,30,3999.999882,5333.333215,0
47,29,11,246824,30,5333.333215,3999.999882,0
47,12,13,246824,9,3999.999882,2285.714167,0
47,13,12,246824,9,2285.714167,3999.999882,0
47,12,15,246824,42,3999.999882,7999.999882,0
47,15,12,246824,42,7999.999882,3999.999882,0
47,13,14,246824,7,2285.714167,2666.666548,0
47,14,13,246824,7,2666.666548,2285.714167,0
47,13,16,246824,19,2285.714167,5333.333215,0
47,16,13,246824,19,5333.333215,2285.714167,0
47,13,21,246824,35,2285.714167,7999.999882,0
47,21,13,246824,35,7999.999882,2285.714167,0
47,14,15,246824,39,2666.666548,7999.999882,0
47,15,14,246824,39,7999.999882,2666.666548,0
47,14,17,246824,20,2666.666548,5333.333215,0
47,17,14,246824,20,5333.333215,2666.666548,0
47,14,24,246824,21,2666.666548,7999.999882,0
47,24,14,246824,21,7999.999882,2666.666548,0
47,14,25,246824,26,2666.666548,7999.999882,0
47,25,14,246824,26,7999.999882,2666.666548,0
47,16,17,246824,24,5333.333215,5333.333215,0
47,17,16,246824,24,5333.333215,5333.333215,0
47,16,18,246824,24,5333.333215,3999.999882,0
47,18,16,246824,24,3999.999882,5333.333215,0
47,17,18,246824,24,5333.333215,3999.999882,0
47,18,17,246824,24,3999.999882,5333.333215,0
47,18,20,246824,39,3999.999882,7999.999882,0
47,20,18,246824,39,7999.999882,3999.999882,0
47,19,22,246824,31,3999.999882,7999.999882,0
47,22,19,246824,31,7999.999882,3999.999882,0
47,19,23,246824,30,3999.999882,5333.333215,0
47,23,19,246824,30,5333.333215,3999.999882,0
47,22,23,246824,29,7999.999882,5333.333215,0
47,23,22,246824,29,5333.333215,7999.999882,0
47,25,28,246824,37,7999.999882,5333.333215,0
47,28,25,246824,37,5333.333215,7999.999882,0
47,28,29,246824,37,5333.333215,5333.333215,0
47,29,28,246824,37,5333.333215,5333.333215,0
48,0,1,246824,12,2662.499882,3194.999882,0
48,1,0,246824,12,3194.999882,2662.499882,0
48,0,19,246824,27,2662.499882,7987.499882,0
48,19,0,246824,27,7987.499882,2662.499882,0
48,0,21,246824,38,2662.499882,5324.999882,0
48,21,0,246824,38,5324.999882,2662.499882,0
48,0,23,246824,25,2662.499882,7987.499882,0
48,23,0,246824,25,7987.499882,2662.499882,0
48,0,27,246824,30,2662.499882,7987.499882,0
48,27,0,246824,30,7987.499882,2662.499882,0
48,0,29,246824,31,2662.499882,7987.499882,0
48,29,0,246824,31,7987.499882,2662.499882,0
48,1,2,246824,10,3194.999882,3194.999882,0
48,2,1,246824,10,3194.999882,3194.999882,0
48,1,3,246824,11,3194.999882,3993.749882,0
48,3,1,246824,11,3993.749882,3194.999882,0
48,1,4,246824,9,3194.999882,2662.499882,0
48,4,1,246824,9,2662.499882,3194.999882,0
48,1,20,246824,37,3194.999882,7987.499882,0
48,20,1,246824,37,7987.499882,3194.999882,0
48,2,4,246824,8,3194.999882,2662.499882,0
48,4,2,246824,8,2662.499882,3194.999882,0
48,2,5,246824,11,3194.999882,2662.499882,0
48,5,2,246824,11,2662.499882,3194.999882,0
48,2,15,246824,39,3194.999882,7987.499882,0
48,15,2,246824,39,7987.499882,3194.999882,0
48,2,21,246824,35,3194.999882,5324.999882,0
48,21,2,246824,35,5324.999882,3194.999882,0
48,3,5,246824,11,3993.749882,2662.499882,0
48,5,3,246824,11,2662.499882,3993.749882,0
48,3,27,246824,29,3993.749882,7987.499882,0
48,27,3,246824,29,7987.499882,3993.749882,0
48,3,28,246824,32,3993.749882,7987.499882,0
48,28,3,246824,32,7987.499882,3993.749882,0
48,4,6,246824,9,2662.499882,3194.999882,0
48,6,4,246824,9,3194.999882,2662.499882,0
48,4,7,246824,9,2662.499882,3993.749882,0
48,7,4,246824,9,3993.749882,2662.499882,0
48,4,12,246824,9,2662.499882,5324.999882,0
48,12,4,246824,9,5324.999882,2662.499882,0
48,4,13,246824,6,2662.499882,2282.142739,0
48,13,4,246824,6,2282.142739,2662.499882,0
48,5,6,246824,12,2662.499882,3194.999882,0
48,6,5,246824,12,3194.999882,2662.499882,0
48,5,8,246824,12,2662.499882,3993.749882,0
48,8,5,246824,12,3993.749882,2662.499882,0
48,5,24,246824,24,2662.499882,5324.999882,0
48,24,5,246824,24,5324.999882,2662.499882,0
48,5,26,246824,29,2662.499882,7987.499882,0
48,26,5,246824,29,7987.499882,2662.499882,0
48,6,7,246824,12,3194.999882,3993.749882,0
48,7,6,246824,12,3993.749882,3194.999882,0
48,6,9,246824,11,3194.999882,7987.499882,0
48,9,6,246824,11,7987.499882,3194.999882,0
48,6,18,246824,21,3194.999882,7987.499882,0
48,18,6,246824,21,7987.499882,3194.999882,0
48,7,9,246824,12,3993.749882,7987.499882,0
48,9,7,246824,12,7987.499882,3993.749882,0
48,7,10,246824,11,3993.749882,3194.999882,0
48,10,7,246824,11,3194.999882,3993.749882,0
48,8,10,246824,11,3993.749882,3194.999882,0
48,10,8,246824,11,3194.999882,3993.749882,0
48,8,20,246824,38,3993.749882,7987.499882,0
48,20,8,246824,38,7987.499882,3993.749882,0
48,8,26,246824,29,3993.749882,7987.499882,0
48,26,8,246824,29,7987.499882,3993.749882,0
48,10,12,246824,11,3194.999882,5324.999882,0
48,12,10,246824,11,5324.999882,3194.999882,0
48,10,13,246824,8,3194.999882,2282.142739,0
48,13,10,246824,8,2282.142739,3194.999882,0
48,10,16,246824,21,3194.999882,7987.499882,0
48,16,10,246824,21,7987.499882,3194.999882,0
48,11,13,246824,9,5324.999882,2282.142739,0
48,13,11,246824,9,2282.142739,5324.999882,0
48,11,14,246824,9,5324.999882,2662.499882,0
48,14,11,246824,9,2662.499882,5324.999882,0
48,11,29,246824,30,5324.999882,7987.499882,0
48,29,11,246824,30,7987.499882,5324.999882,0
48,12,13,246824,9,5324.999882,2282.142739,0
48,13,12,246824,9,2282.142739,5324.999882,0
48,13,14,246824,7,2282.142739,2662.499882,0
48,14,13,246824,7,2662.499882,2282.142739,0
48,13,16,246824,19,2282.142739,7987.499882,0
48,16,13,246824,19,7987.499882,2282.142739,0
48,13,21,246824,35,2282.142739,5324.999882,0
48,21,13,246824,35,5324.999882,2282.142739,0
48,14,15,246824,39,2662.499882,7987.499882,0
48,15,14,246824,39,7987.499882,2662.499882,0
48,14,17,246824,20,2662.499882,5324.999882,0
48,17,14,246824,20,5324.999882,2662.499882,0
48,14,24,246824,21,2662.499882,5324.999882,0
48,24,14,246824,21,5324.999882,2662.499882,0
48,14,25,246824,26,2662.499882,7987.499882,0
48,25,14,246824,26,7987.499882,2662.499882,0
48,17,19,246824,28,5324.999882,7987.499882,0
48,19,17,246824,28,7987.499882,5324.999882,0
48,17,28,246824,34,5324.999882,7987.499882,0
48,28,17,246824,34,7987.499882,5324.999882,0
48,18,22,246824,27,7987.499882,3993.749882,0
48,22,18,246824,27,3993.749882,7987.499882,0
48,22,23,246824,29,3993.749882,7987.499882,0
48,23,22,246824,29,7987.499882,3993.749882,0
48,22,24,246824,28,3993.749882,5324.999882,0
48,24,22,246824,28,5324.999882,3993.749882,0
48,22,25,246824,33,3993.749882,7987.499882,0
48,25,22,246824,33,7987.499882,3993.749882,0
49,0,1,246824,12,3995.833215,5327.777659,0
49,1,0,246824,12,5327.777659,3995.833215,0
49,0,16,246824,22,3995.833215,3995.833215,0
49,16,0,246824,22,3995.833215,3995.833215,0
49,0,21,246824,38,3995.833215,5327.777659,0
49,21,0,246824,38,5327.777659,3995.833215,0
49,0,23,246824,25,3995.833215,5327.777659,0
49,23,0,246824,25,5327.777659,3995.833215,0
49,1,3,246824,11,5327.777659,3196.666548,0
49,3,1,246824,11,3196.666548,5327.777659,0
49,1,20,246824,37,5327.777659,7991.666548,0
49,20,1,246824,37,7991.666548,5327.777659,0
49,2,4,246824,8,3995.833215,3196.666548,0
49,4,2,246824,8,3196.666548,3995.833215,0
49,2,5,246824,11,3995.833215,3196.666548,0
49,5,2,246824,11,3196.666548,3995.833215,0
49,2,15,246824,39,3995.833215,7991.666548,0
49,15,2,246824,39,7991.666548,3995.833215,0
49,2,29,246824,28,3995.833215,5327.777659,0
49,29,2,246824,28,5327.777659,3995.833215,0
49,3,5,246824,11,3196.666548,3196.666548,0
49,5,3,246824,11,3196.666548,3196.666548,0
49,3,6,246824,11,3196.666548,3995.833215,0
49,6,3,246824,11,3995.833215,3196.666548,0
49,3,27,246824,29,3196.666548,7991.666548,0
49,27,3,246824,29,7991.666548,3196.666548,0
49,3,28,246824,32,3196.666548,7991.666548,0
49,28,3,246824,32,7991.666548,3196.666548,0
49,4,6,246824,9,3196.666548,3995.833215,0
49,6,4,246824,9,3995.833215,3196.666548,0
49,4,7,246824,9,3196.666548,5327.777659,0
49,7,4,246824,9,5327.777659,3196.666548,0
49,4,12,246824,9,3196.666548,5327.777659,0
49,12,4,246824,9,5327.777659,3196.666548,0
49,4,13,246824,6,3196.666548,2283.333215,0
49,13,4,246824,6,2283.333215,3196.666548,0
49,5,8,246824,12,3196.666548,2663.888771,0
49,8,5,246824,12,2663.888771,3196.666548,0
49,5,19,246824,27,3196.666548,7991.666548,0
49,19,5,246824,27,7991.666548,3196.666548,0
49,5,26,246824,29,3196.666548,5327.777659,0
49,26,5,246824,29,5327.777659,3196.666548,0
49,6,7,246824,12,3995.833215,5327.777659,0
49,7,6,246824,12,5327.777659,3995.833215,0
49,6,18,246824,21,3995.833215,7991.666548,0
49,18,6,246824,21,7991.666548,3995.833215,0
49,7,24,246824,24,5327.777659,5327.777659,0
49,24,7,246824,24,5327.777659,5327.777659,0
49,8,9,246824,12,2663.888771,7991.666548,0
49,9,8,246824,12,7991.666548,2663.888771,0
49,8,10,246824,11,2663.888771,7991.666548,0
49,10,8,246824,11,7991.666548,2663.888771,0
49,8,19,246824,27,2663.888771,7991.666548,0
49,19,8,246824,27,7991.666548,2663.888771,0
49,8,20,246824,38,2663.888771,7991.666548,0
49,20,8,246824,38,7991.666548,2663.888771,0
49,8,26,246824,29,2663.888771,5327.777659,0
49,26,8,246824,29,5327.777659,2663.888771,0
49,9,12,246824,12,7991.666548,5327.777659,0
49,12,9,246824,12,5327.777659,7991.666548,0
49,10,13,246824,8,7991.666548,2283.333215,0
49,13,10,246824,8,2283.333215,7991.666548,0
49,11,13,246824,9,3995.833215,2283.333215,0
49,13,11,246824,9,2283.333215,3995.833215,0
49,11,14,246824,9,3995.833215,2663.888771,0
49,14,11,246824,9,2663.888771,3995.833215,0
49,11,27,246824,29,3995.833215,7991.666548,0
49,27,11,246824,29,7991.666548,3995.833215,0
49,11,29,246824,30,3995.833215,5327.777659,0
49,29,11,246824,30,5327.777659,3995.833215,0
49,12,13,246824,9,5327.777659,2283.333215,0
49,13,12,246824,9,2283.333215,5327.777659,0
49,13,14,246824,7,2283.333215,2663.888771,0
49,14,13,246824,7,2663.888771,2283.333215,0
49,13,16,246824,19,2283.333215,3995.833215,0
49,16,13,246824,19,3995.833215,2283.333215,0
49,13,21,246824,35,2283.333215,5327.777659,0
49,21,13,246824,35,5327.777659,2283.333215,0
49,14,15,246824,39,2663.888771,7991.666548,0
49,15,14,246824,39,7991.666548,2663.888771,0
49,14,17,246824,20,2663.888771,7991.666548,0
49,17,14,246824,20,7991.666548,2663.888771,0
49,14,24,246824,21,2663.888771,5327.777659,0
49,24,14,246824,21,5327.777659,2663.888771,0
49,14,25,246824,26,2663.888771,7991.666548,0
49,25,14,246824,26,7991.666548,2663.888771,0
49,16,17,246824,24,3995.833215,7991.666548,0
49,17,16,246824,24,7991.666548,3995.833215,0
49,16,18,246824,24,3995.833215,7991.666548,0
49,18,16,246824,24,7991.666548,3995.833215,0
49,21,23,246824,40,5327.777659,5327.777659,0
49,23,21,246824,40,5327.777659,5327.777659,0
49,22,23,246824,29,7991.666548,5327.777659,0
49,23,22,246824,29,5327.777659,7991.666548,0
49,22,24,246824,28,7991.666548,5327.777659,0
49,24,22,246824,28,5327.777659,7991.666548,0
49,25,26,246824,35,7991.666548,5327.777659,0
49,26,25,246824,35,5327.777659,7991.666548,0
49,28,29,246824,37,7991.666548,5327.777659,0
49,29,28,246824,37,5327.777659,7991.666548,0
50,0,1,246824,12,3199.999882,3999.999882,0
50,1,0,246824,12,3999.999882,3199.999882,0
50,0,16,246824,22,3199.999882,3999.999882,0
50,16,0,246824,22,3999.999882,3199.999882,0
50,0,21,246824,38,3199.999882,7999.999882,0
50,21,0,246824,38,7999.999882,3199.999882,0
50,0,23,246824,25,3199.999882,7999.999882,0
50,23,0,246824,25,7999.999882,3199.999882,0
50,0,27,246824,30,3199.999882,7999.999882,0
50,27,0,246824,30,7999.999882,3199.999882,0
50,1,2,246824,10,3999.999882,3999.999882,0
50,2,1,246824,10,3999.999882,3999.999882,0
50,1,3,246824,11,3999.999882,5333.333215,0
50,3,1,246824,11,5333.333215,3999.999882,0
50,1,20,246824,37,3999.999882,7999.999882,0
50,20,1,246824,37,7999.999882,3999.999882,0
50,2,4,246824,8,3999.999882,2666.666548,0
50,4,2,246824,8,2666.666548,3999.999882,0
50,2,21,246824,35,3999.999882,7999.999882,0
50,21,2,246824,35,7999.999882,3999.999882,0
50,2,29,246824,28,3999.999882,5333.333215,0
50,29,2,246824,28,5333.333215,3999.999882,0
50,3,5,246824,11,5333.333215,3199.999882,0
50,5,3,246824,11,3199.999882,5333.333215,0
50,3,28,246824,32,5333.333215,5333.333215,0
50,28,3,246824,32,5333.333215,5333.333215,0
50,4,5,246824,9,2666.666548,3199.999882,0
50,5,4,246824,9,3199.999882,2666.666548,0
50,4,6,246824,9,2666.666548,5333.333215,0
50,6,4,246824,9,5333.333215,2666.666548,0
50,4,7,246824,9,2666.666548,5333.333215,0
50,7,4,246824,9,5333.333215,2666.666548,0
50,4,12,246824,9,2666.666548,3999.999882,0
50,12,4,246824,9,3999.999882,2666.666548,0
50,4,13,246824,6,2666.666548,2666.666548,0
50,13,4,246824,6,2666.666548,2666.666548,0
50,5,8,246824,12,3199.999882,3199.999882,0
50,8,5,246824,12,3199.999882,3199.999882,0
50,5,19,246824,27,3199.999882,7999.999882,0
50,19,5,246824,27,7999.999882,3199.999882,0
50,5,26,246824,29,3199.999882,7999.999882,0
50,26,5,246824,29,7999.999882,3199.999882,0
50,6,9,246824,11,5333.333215,3999.999882,0
50,9,6,246824,11,3999.999882,5333.333215,0
50,6,18,246824,21,5333.333215,5333.333215,0
50,18,6,246824,21,5333.333215,5333.333215,0
50,7,9,246824,12,5333.333215,3999.999882,0
50,9,7,246824,12,3999.999882,5333.333215,0
50,7,24,246824,24,5333.333215,7999.999882,0
50,24,7,246824,24,7999.999882,5333.333215,0
50,8,9,246824,12,3199.999882,3999.999882,0
50,9,8,246824,12,3999.999882,3199.999882,0
50,8,19,246824,27,3199.999882,7999.999882,0
50,19,8,246824,27,7999.999882,3199.999882,0
50,8,20,246824,38,3199.999882,7999.999882,0
50,20,8,246824,38,7999.999882,3199.999882,0
50,8,26,246824,29,3199.999882,7999.999882,0
50,26,8,246824,29,7999.999882,3199.999882,0
50,9,27,246824,29,3999.999882,7999.999882,0
50,27,9,246824,29,7999.999882,3999.999882,0
50,10,12,246824,11,7999.999882,3999.999882,0
50,12,10,246824,11,3999.999882,7999.999882,0
50,10,13,246824,8,7999.999882,2666.666548,0
50,13,10,246824,8,2666.666548,7999.999882,0
50,11,13,246824,9,5333.333215,2666.666548,0
50,13,11,246824,9,2666.666548,5333.333215,0
50,11,14,246824,9,5333.333215,2666.666548,0
50,14,11,246824,9,2666.666548,5333.333215,0
50,11,29,246824,30,5333.333215,5333.333215,0
50,29,11,246824,30,5333.333215,5333.333215,0
50,12,13,246824,9,3999.999882,2666.666548,0
50,13,12,246824,9,2666.666548,3999.999882,0
50,12,15,246824,42,3999.999882,7999.999882,0
50,15,12,246824,42,7999.999882,3999.999882,0
50,13,14,246824,7,2666.666548,2666.666548,0
50,14,13,246824,7,2666.666548,2666.666548,0
50,13,16,246824,19,2666.666548,3999.999882,0
50,16,13,246824,19,3999.999882,2666.666548,0
50,14,15,246824,39,2666.666548,7999.999882,0
50,15,14,246824,39,7999.999882,2666.666548,0
50,14,17,246824,20,2666.666548,7999.999882,0
50,17,14,246824,20,7999.999882,2666.666548,0
50,14,24,246824,21,2666.666548,7999.999882,0
50,24,14,246824,21,7999.999882,2666.666548,0
50,14,25,246824,26,2666.666548,7999.999882,0
50,25,14,246824,26,7999.999882,2666.666548,0
50,16,17,246824,24,3999.999882,7999.999882,0
50,17,16,246824,24,7999.999882,3999.999882,0
50,16,18,246824,24,3999.999882,5333.333215,0
50,18,16,246824,24,5333.333215,3999.999882,0
50,18,22,246824,27,5333.333215,7999.999882,0
50,22,18,246824,27,7999.999882,5333.333215,0
50,22,23,246824,29,7999.999882,7999.999882,0
50,23,22,246824,29,7999.999882,7999.999882,0
50,25,28,246824,37,7999.999882,5333.333215,0
50,28,25,246824,37,5333.333215,7999.999882,0
50,28,29,246824,37,5333.333215,5333.333215,0
50,29,28,246824,37,5333.333215,5333.333215,0
51,0,1,246824,12,3199.999882,3999.999882,0
51,1,0,246824,12,3999.999882,3199.999882,0
51,0,16,246824,22,3199.999882,5333.333215,0
51,16,0,246824,22,5333.333215,3199.999882,0
51,0,19,246824,27,3199.999882,3999.999882,0
51,19,0,246824,27,3999.999882,3199.999882,0
51,0,23,246824,25,3199.999882,7999.999882,0
51,23,0,246824,25,7999.999882,3199.999882,0
51,0,27,246824,30,3199.999882,7999.999882,0
51,27,0,246824,30,7999.999882,3199.999882,0
51,1,2,246824,10,3999.999882,3999.999882,0
51,2,1,246824,10,3999.999882,3999.999882,0
51,1,3,246824,11,3999.999882,3199.999882,0
51,3,1,246824,11,3199.999882,3999.999882,0
51,1,20,246824,37,3999.999882,7999.999882,0
51,20,1,246824,37,7999.999882,3999.999882,0
51,2,4,246824,8,3999.999882,2666.666548,0
51,4,2,246824,8,2666.666548,3999.999882,0
51,2,21,246824,35,3999.999882,7999.999882,0
51,21,2,246824,35,7999.999882,3999.999882,0
51,2,29,246824,28,3999.999882,7999.999882,0
51,29,2,246824,28,7999.999882,3999.999882,0
51,3,5,246824,11,3199.999882,3199.999882,0
51,5,3,246824,11,3199.999882,3199.999882,0
51,3,6,246824,11,3199.999882,3999.999882,0
51,6,3,246824,11,3999.999882,3199.999882,0
51,3,27,246824,29,3199.999882,7999.999882,0
51,27,3,246824,29,7999.999882,3199.999882,0
51,3,28,246824,32,3199.999882,7999.999882,0
51,28,3,246824,32,7999.999882,3199.999882,0
51,4,5,246824,9,2666.666548,3199.999882,0
51,5,4,246824,9,3199.999882,2666.666548,0
51,4,6,246824,9,2666.666548,3999.999882,0
51,6,4,246824,9,3999.999882,2666.666548,0
51,4,7,246824,9,2666.666548,7999.999882,0
51,7,4,246824,9,7999.999882,2666.666548,0
51,4,12,246824,9,2666.666548,3999.999882,0
51,12,4,246824,9,3999.999882,2666.666548,0
51,4,13,246824,6,2666.666548,2285.714167,0
51,13,4,246824,6,2285.714167,2666.666548,0
51,5,8,246824,12,3199.999882,2666.666548,0
51,8,5,246824,12,2666.666548,3199.999882,0
51,5,19,246824,27,3199.999882,3999.999882,0
51,19,5,246824,27,3999.999882,3199.999882,0
51,5,26,246824,29,3199.999882,7999.999882,0
51,26,5,246824,29,7999.999882,3199.999882,0
51,6,9,246824,11,3999.999882,5333.333215,0
51,9,6,246824,11,5333.333215,3999.999882,0
51,6,18,246824,21,3999.999882,5333.333215,0
51,18,6,246824,21,5333.333215,3999.999882,0
51,7,10,246824,11,7999.999882,3999.999882,0
51,10,7,246824,11,3999.999882,7999.999882,0
51,8,9,246824,12,2666.666548,5333.333215,0
51,9,8,246824,12,5333.333215,2666.666548,0
51,8,10,246824,11,2666.666548,3999.999882,0
51,10,8,246824,11,3999.999882,2666.666548,0
51,8,19,246824,27,2666.666548,3999.999882,0
51,19,8,246824,27,3999.999882,2666.666548,0
51,8,20,246824,38,2666.666548,7999.999882,0
51,20,8,246824,38,7999.999882,2666.666548,0
51,8,26,246824,29,2666.666548,7999.999882,0
51,26,8,246824,29,7999.999882,2666.666548,0
51,9,24,246824,23,5333.333215,7999.999882,0
51,24,9,246824,23,7999.999882,5333.333215,0
51,10,12,246824,11,3999.999882,3999.999882,0
51,12,10,246824,11,3999.999882,3999.999882,0
51,10,13,246824,8,3999.999882,2285.714167,0
51,13,10,246824,8,2285.714167,3999.999882,0
51,11,13,246824,9,5333.333215,2285.714167,0
51,13,11,246824,9,2285.714167,5333.333215,0
51,11,14,246824,9,5333.333215,2666.666548,0
51,14,11,246824,9,2666.666548,5333.333215,0
51,11,29,246824,30,5333.333215,7999.999882,0
51,29,11,246824,30,7999.999882,5333.333215,0
51,12,13,246824,9,3999.999882,2285.714167,0
51,13,12,246824,9,2285.714167,3999.999882,0
51,12,15,246824,42,3999.999882,7999.999882,0
51,15,12,246824,42,7999.999882,3999.999882,0
51,13,14,246824,7,2285.714167,2666.666548,0
51,14,13,246824,7,2666.666548,2285.714167,0
51,13,16,246824,19,2285.714167,5333.333215,0
51,16,13,246824,19,5333.333215,2285.714167,0
51,13,21,246824,35,2285.714167,7999.999882,0
51,21,13,246824,35,7999.999882,2285.714167,0
51,14,15,246824,39,2666.666548,7999.999882,0
51,15,14,246824,39,7999.999882,2666.666548,0
51,14,17,246824,20,2666.666548,3199.999882,0
51,17,14,246824,20,3199.999882,2666.666548,0
51,14,24,246824,21,2666.666548,7999.999882,0
51,24,14,246824,21,7999.999882,2666.666548,0
51,14,25,246824,26,2666.666548,7999.999882,0
51,25,14,246824,26,7999.999882,2666.666548,0
51,16,17,246824,24,5333.333215,3199.999882,0
51,17,16,246824,24,3199.999882,5333.333215,0
51,17,18,246824,24,3199.999882,5333.333215,0
51,18,17,246824,24,5333.333215,3199.999882,0
51,17,25,246824,30,3199.999882,7999.999882,0
51,25,17,246824,30,7999.999882,3199.999882,0
51,17,28,246824,34,3199.999882,7999.999882,0
51,28,17,246824,34,7999.999882,3199.999882,0
51,18,22,246824,27,5333.333215,5333.333215,0
51,22,18,246824,27,5333.333215,5333.333215,0
51,19,22,246824,31,3999.999882,5333.333215,0
51,22,19,246824,31,5333.333215,3999.999882,0
51,22,23,246824,29,5333.333215,7999.999882,0
51,23,22,246824,29,7999.999882,5333.333215,0
52,0,1,246824,12,3199.999882,3999.999882,0
52,1,0,246824,12,3999.999882,3199.999882,0
52,0,16,246824,22,3199.999882,3999.999882,0
52,16,0,246824,22,3999.999882,3199.999882,0
52,0,23,246824,25,3199.999882,7999.999882,0
52,23,0,246824,25,7999.999882,3199.999882,0
52,0,27,246824,30,3199.999882,7999.999882,0
52,27,0,246824,30,7999.999882,3199.999882,0
52,0,29,246824,31,3199.999882,5333.333215,0
52,29,0,246824,31,5333.333215,3199.999882,0
52,1,2,246824,10,3999.999882,3999.999882,0
52,2,1,246824,10,3999.999882,3999.999882,0
52,1,3,246824,11,3999.999882,3199.999882,0
52,3,1,246824,11,3199.999882,3999.999882,0
52,1,20,246824,37,3999.999882,7999.999882,0
52,20,1,246824,37,7999.999882,3999.999882,0
52,2,4,246824,8,3999.999882,3199.999882,0
52,4,2,246824,8,3199.999882,3999.999882,0
52,2,21,246824,35,3999.999882,7999.999882,0
52,21,2,246824,35,7999.999882,3999.999882,0
52,2,29,246824,28,3999.999882,5333.333215,0
52,29,2,246824,28,5333.333215,3999.999882,0
52,3,5,246824,11,3199.999882,3999.999882,0
52,5,3,246824,11,3999.999882,3199.999882,0
52,3,6,246824,11,3199.999882,5333.333215,0
52,6,3,246824,11,5333.333215,3199.999882,0
52,3,27,246824,29,3199.999882,7999.999882,0
52,27,3,246824,29,7999.999882,3199.999882,0
52,3,28,246824,32,3199.999882,7999.999882,0
52,28,3,246824,32,7999.999882,3199.999882,0
52,4,6,246824,9,3199.999882,5333.333215,0
52,6,4,246824,9,5333.333215,3199.999882,0
52,4,7,246824,9,3199.999882,7999.999882,0
52,7,4,246824,9,7999.999882,3199.999882,0
52,4,12,246824,9,3199.999882,3199.999882,0
52,12,4,246824,9,3199.999882,3199.999882,0
52,4,13,246824,6,3199.999882,2285.714167,0
52,13,4,246824,6,2285.714167,3199.999882,0
52,5,8,246824,12,3999.999882,2666.666548,0
52,8,5,246824,12,2666.666548,3999.999882,0
52,5,19,246824,27,3999.999882,7999.999882,0
52,19,5,246824,27,7999.999882,3999.999882,0
52,5,26,246824,29,3999.999882,7999.999882,0
52,26,5,246824,29,7999.999882,3999.999882,0
52,6,18,246824,21,5333.333215,5333.333215,0
52,18,6,246824,21,5333.333215,5333.333215,0
52,7,10,246824,11,7999.999882,3999.999882,0
52,10,7,246824,11,3999.999882,7999.999882,0
52,8,9,246824,12,2666.666548,5333.333215,0
52,9,8,246824,12,5333.333215,2666.666548,0
52,8,10,246824,11,2666.666548,3999.999882,0
52,10,8,246824,11,3999.999882,2666.666548,0
52,8,19,246824,27,2666.666548,7999.999882,0
52,19,8,246824,27,7999.999882,2666.666548,0
52,8,20,246824,38,2666.666548,7999.999882,0
52,20,8,246824,38,7999.999882,2666.666548,0
52,8,26,246824,29,2666.666548,7999.999882,0
52,26,8,246824,29,7999.999882,2666.666548,0
52,9,12,246824,12,5333.333215,3199.999882,0
52,12,9,246824,12,3199.999882,5333.333215,0
52,9,24,246824,23,5333.333215,5333.333215,0
52,24,9,246824,23,5333.333215,5333.333215,0
52,10,12,246824,11,3999.999882,3199.999882,0
52,12,10,246824,11,3199.999882,3999.999882,0
52,10,13,246824,8,3999.999882,2285.714167,0
52,13,10,246824,8,2285.714167,3999.999882,0
52,11,13,246824,9,5333.333215,2285.714167,0
52,13,11,246824,9,2285.714167,5333.333215,0
52,11,14,246824,9,5333.333215,2666.666548,0
52,14,11,246824,9,2666.666548,5333.333215,0
52,11,29,246824,30,5333.333215,5333.333215,0
52,29,11,246824,30,5333.333215,5333.333215,0
52,12,13,246824,9,3199.999882,2285.714167,0
52,13,12,246824,9,2285.714167,3199.999882,0
52,12,15,246824,42,3199.999882,7999.999882,0
52,15,12,246824,42,7999.999882,3199.999882,0
52,13,14,246824,7,2285.714167,2666.666548,0
52,14,13,246824,7,2666.666548,2285.714167,0
52,13,16,246824,19,2285.714167,3999.999882,0
52,16,13,246824,19,3999.999882,2285.714167,0
52,13,21,246824,35,2285.714167,7999.999882,0
52,21,13,246824,35,7999.999882,2285.714167,0
52,14,15,246824,39,2666.666548,7999.999882,0
52,15,14,246824,39,7999.999882,2666.666548,0
52,14,17,246824,20,2666.666548,3999.999882,0
52,17,14,246824,20,3999.999882,2666.666548,0
52,14,24,246824,21,2666.666548,5333.333215,0
52,24,14,246824,21,5333.333215,2666.666548,0
52,14,25,246824,26,2666.666548,7999.999882,0
52,25,14,246824,26,7999.999882,2666.666548,0
52,16,17,246824,24,3999.999882,3999.999882,0
52,17,16,246824,24,3999.999882,3999.999882,0
52,16,18,246824,24,3999.999882,5333.333215,0
52,18,16,246824,24,5333.333215,3999.999882,0
52,17,25,246824,30,3999.999882,7999.999882,0
52,25,17,246824,30,7999.999882,3999.999882,0
52,17,28,246824,34,3999.999882,7999.999882,0
52,28,17,246824,34,7999.999882,3999.999882,0
52,18,22,246824,27,5333.333215,5333.333215,0
52,22,18,246824,27,5333.333215,5333.333215,0
52,22,23,246824,29,5333.333215,7999.999882,0
52,23,22,246824,29,7999.999882,5333.333215,0
52,22,24,246824,28,5333.333215,5333.333215,0
52,24,22,246824,28,5333.333215,5333.333215,0
53,0,1,246824,12,3999.999882,3999.999882,0
53,1,0,246824,12,3999.999882,3999.999882,0
53,0,16,246824,22,3999.999882,3999.999882,0
53,16,0,246824,22,3999.999882,3999.999882,0
53,0,23,246824,25,3999.999882,7999.999882,0
53,23,0,246824,25,7999.999882,3999.999882,0
53,0,27,246824,30,3999.999882,7999.999882,0
53,27,0,246824,30,7999.999882,3999.999882,0
53,1,2,246824,10,3999.999882,3999.999882,0
53,2,1,246824,10,3999.999882,3999.999882,0
53,1,3,246824,11,3999.999882,3199.999882,0
53,3,1,246824,11,3199.999882,3999.999882,0
53,1,20,246824,37,3999.999882,7999.999882,0
53,20,1,246824,37,7999.999882,3999.999882,0
53,2,4,246824,8,3999.999882,2666.666548,0
53,4,2,246824,8,2666.666548,3999.999882,0
53,2,21,246824,35,3999.999882,7999.999882,0
53,21,2,246824,35,7999.999882,3999.999882,0
53,2,29,246824,28,3999.999882,7999.999882,0
53,29,2,246824,28,7999.999882,3999.999882,0
53,3,5,246824,11,3199.999882,3199.999882,0
53,5,3,246824,11,3199.999882,3199.999882,0
53,3,6,246824,11,3199.999882,5333.333215,0
53,6,3,246824,11,5333.333215,3199.999882,0
53,3,27,246824,29,3199.999882,7999.999882,0
53,27,3,246824,29,7999.999882,3199.999882,0
53,3,28,246824,32,3199.999882,7999.999882,0
53,28,3,246824,32,7999.999882,3199.999882,0
53,4,5,246824,9,2666.666548,3199.999882,0
53,5,4,246824,9,3199.999882,2666.666548,0
53,4,6,246824,9,2666.666548,5333.333215,0
53,6,4,246824,9,5333.333215,2666.666548,0
53,4,7,246824,9,2666.666548,7999.999882,0
53,7,4,246824,9,7999.999882,2666.666548,0
53,4,12,246824,9,2666.666548,5333.333215,0
53,12,4,246824,9,5333.333215,2666.666548,0
53,4,13,246824,6,2666.666548,2285.714167,0
53,13,4,246824,6,2285.714167,2666.666548,0
53,5,8,246824,12,3199.999882,2666.666548,0
53,8,5,246824,12,2666.666548,3199.999882,0
53,5,19,246824,27,3199.999882,7999.999882,0
53,19,5,246824,27,7999.999882,3199.999882,0
53,5,26,246824,29,3199.999882,7999.999882,0
53,26,5,246824,29,7999.999882,3199.999882,0
53,6,18,246824,21,5333.333215,5333.333215,0
53,18,6,246824,21,5333.333215,5333.333215,0
53,7,10,246824,11,7999.999882,3999.999882,0
53,10,7,246824,11,3999.999882,7999.999882,0
53,8,9,246824,12,2666.666548,5333.333215,0
53,9,8,246824,12,5333.333215,2666.666548,0
53,8,10,246824,11,2666.666548,3999.999882,0
53,10,8,246824,11,3999.999882,2666.666548,0
53,8,19,246824,27,2666.666548,7999.999882,0
53,19,8,246824,27,7999.999882,2666.666548,0
53,8,20,246824,38,2666.666548,7999.999882,0
53,20,8,246824,38,7999.999882,2666.666548,0
53,8,26,246824,29,2666.666548,7999.999882,0
53,26,8,246824,29,7999.999882,2666.666548,0
53,9,10,246824,11,5333.333215,3999.999882,0
53,10,9,246824,11,3999.999882,5333.333215,0
53,9,24,246824,23,5333.333215,5333.333215,0
53,24,9,246824,23,5333.333215,5333.333215,0
53,10,13,246824,8,3999.999882,2285.714167,0
53,13,10,246824,8,2285.714167,3999.999882,0
53,11,13,246824,9,5333.333215,2285.714167,0
53,13,11,246824,9,2285.714167,5333.333215,0
53,11,14,246824,9,5333.333215,2666.666548,0
53,14,11,246824,9,2666.666548,5333.333215,0
53,11,29,246824,30,5333.333215,7999.999882,0
53,29,11,246824,30,7999.999882,5333.333215,0
53,12,13,246824,9,5333.333215,2285.714167,0
53,13,12,246824,9,2285.714167,5333.333215,0
53,12,15,246824,42,5333.333215,7999.999882,0
53,15,12,246824,42,7999.999882,5333.333215,0
53,13,14,246824,7,2285.714167,2666.666548,0
53,14,13,246824,7,2666.666548,2285.714167,0
53,13,16,246824,19,2285.714167,3999.999882,0
53,16,13,246824,19,3999.999882,2285.714167,0
53,13,21,246824,35,2285.714167,7999.999882,0
53,21,13,246824,35,7999.999882,2285.714167,0
53,14,15,246824,39,2666.666548,7999.999882,0
53,15,14,246824,39,7999.999882,2666.666548,0
53,14,17,246824,20,2666.666548,3999.999882,0
53,17,14,246824,20,3999.999882,2666.666548,0
53,14,24,246824,21,2666.666548,5333.333215,0
53,24,14,246824,21,5333.333215,2666.666548,0
53,14,25,246824,26,2666.666548,7999.999882,0
53,25,14,246824,26,7999.999882,2666.666548,0
53,16,17,246824,24,3999.999882,3999.999882,0
53,17,16,246824,24,3999.999882,3999.999882,0
53,16,18,246824,24,3999.999882,5333.333215,0
53,18,16,246824,24,5333.333215,3999.999882,0
53,17,25,246824,30,3999.999882,7999.999882,0
53,25,17,246824,30,7999.999882,3999.999882,0
53,17,28,246824,34,3999.999882,7999.999882,0
53,28,17,246824,34,7999.999882,3999.999882,0
53,18,22,246824,27,5333.333215,5333.333215,0
53,22,18,246824,27,5333.333215,5333.333215,0
53,22,23,246824,29,5333.333215,7999.999882,0
53,23,22,246824,29,7999.999882,5333.333215,0
53,22,24,246824,28,5333.333215,5333.333215,0
53,24,22,246824,28,5333.333215,5333.333215,0
54,0,1,246824,12,3999.999882,3199.999882,0
54,1,0,246824,12,3199.999882,3999.999882,0
54,0,16,246824,22,3999.999882,3999.999882,0
54,16,0,246824,22,3999.999882,3999.999882,0
54,0,23,246824,25,3999.999882,7999.999882,0
54,23,0,246824,25,7999.999882,3999.999882,0
54,0,27,246824,30,3999.999882,7999.999882,0
54,27,0,246824,30,7999.999882,3999.999882,0
54,1,2,246824,10,3199.999882,3999.999882,0
54,2,1,246824,10,3999.999882,3199.999882,0
54,1,3,246824,11,3199.999882,3999.999882,0
54,3,1,246824,11,3999.999882,3199.999882,0
54,1,4,246824,9,3199.999882,5333.333215,0
54,4,1,246824,9,5333.333215,3199.999882,0
54,1,20,246824,37,3199.999882,7999.999882,0
54,20,1,246824,37,7999.999882,3199.999882,0
54,2,5,246824,11,3999.999882,2285.714167,0
54,5,2,246824,11,2285.714167,3999.999882,0
54,2,21,246824,35,3999.999882,7999.999882,0
54,21,2,246824,35,7999.999882,3999.999882,0
54,2,29,246824,28,3999.999882,5333.333215,0
54,29,2,246824,28,5333.333215,3999.999882,0
54,3,5,246824,11,3999.999882,2285.714167,0
54,5,3,246824,11,2285.714167,3999.999882,0
54,3,27,246824,29,3999.999882,7999.999882,0
54,27,3,246824,29,7999.999882,3999.999882,0
54,3,28,246824,32,3999.999882,7999.999882,0
54,28,3,246824,32,7999.999882,3999.999882,0
54,4,12,246824,9,5333.333215,3199.999882,0
54,12,4,246824,9,3199.999882,5333.333215,0
54,4,13,246824,6,5333.333215,2285.714167,0
54,13,4,246824,6,2285.714167,5333.333215,0
54,5,6,246824,12,2285.714167,5333.333215,0
54,6,5,246824,12,5333.333215,2285.714167,0
54,5,8,246824,12,2285.714167,2666.666548,0
54,8,5,246824,12,2666.666548,2285.714167,0
54,5,19,246824,27,2285.714167,7999.999882,0
54,19,5,246824,27,7999.999882,2285.714167,0
54,5,24,246824,24,2285.714167,5333.333215,0
54,24,5,246824,24,5333.333215,2285.714167,0
54,5,26,246824,29,2285.714167,7999.999882,0
54,26,5,246824,29,7999.999882,2285.714167,0
54,6,9,246824,11,5333.333215,3199.999882,0
54,9,6,246824,11,3199.999882,5333.333215,0
54,6,18,246824,21,5333.333215,5333.333215,0
54,18,6,246824,21,5333.333215,5333.333215,0
54,7,9,246824,12,7999.999882,3199.999882,0
54,9,7,246824,12,3199.999882,7999.999882,0
54,7,10,246824,11,7999.999882,3999.999882,0
54,10,7,246824,11,3999.999882,7999.999882,0
54,8,9,246824,12,2666.666548,3199.999882,0
54,9,8,246824,12,3199.999882,2666.666548,0
54,8,10,246824,11,2666.666548,3999.999882,0
54,10,8,246824,11,3999.999882,2666.666548,0
54,8,19,246824,27,2666.666548,7999.999882,0
54,19,8,246824,27,7999.999882,2666.666548,0
54,8,20,246824,38,2666.666548,7999.999882,0
54,20,8,246824,38,7999.999882,2666.666548,0
54,8,26,246824,29,2666.666548,7999.999882,0
54,26,8,246824,29,7999.999882,2666.666548,0
54,9,12,246824,12,3199.999882,3199.999882,0
54,12,9,246824,12,3199.999882,3199.999882,0
54,9,24,246824,23,3199.999882,5333.333215,0
54,24,9,246824,23,5333.333215,3199.999882,0
54,10,12,246824,11,3999.999882,3199.999882,0
54,12,10,246824,11,3199.999882,3999.999882,0
54,10,13,246824,8,3999.999882,2285.714167,0
54,13,10,246824,8,2285.714167,3999.999882,0
54,11,13,246824,9,5333.333215,2285.714167,0
54,13,11,246824,9,2285.714167,5333.333215,0
54,11,14,246824,9,5333.333215,3199.999882,0
54,14,11,246824,9,3199.999882,5333.333215,0
54,11,29,246824,30,5333.333215,5333.333215,0
54,29,11,246824,30,5333.333215,5333.333215,0
54,12,13,246824,9,3199.999882,2285.714167,0
54,13,12,246824,9,2285.714167,3199.999882,0
54,12,15,246824,42,3199.999882,7999.999882,0
54,15,12,246824,42,7999.999882,3199.999882,0
54,13,14,246824,7,2285.714167,3199.999882,0
54,14,13,246824,7,3199.999882,2285.714167,0
54,13,16,246824,19,2285.714167,3999.999882,0
54,16,13,246824,19,3999.999882,2285.714167,0
54,13,21,246824,35,2285.714167,7999.999882,0
54,21,13,246824,35,7999.999882,2285.714167,0
54,14,15,246824,39,3199.999882,7999.999882,0
54,15,14,246824,39,7999.999882,3199.999882,0
54,14,17,246824,20,3199.999882,7999.999882,0
54,17,14,246824,20,7999.999882,3199.999882,0
54,14,25,246824,26,3199.999882,7999.999882,0
54,25,14,246824,26,7999.999882,3199.999882,0
54,16,17,246824,24,3999.999882,7999.999882,0
54,17,16,246824,24,7999.999882,3999.999882,0
54,16,18,246824,24,3999.999882,5333.333215,0
54,18,16,246824,24,5333.333215,3999.999882,0
54,18,22,246824,27,5333.333215,3999.999882,0
54,22,18,246824,27,3999.999882,5333.333215,0
54,22,23,246824,29,3999.999882,7999.999882,0
54,23,22,246824,29,7999.999882,3999.999882,0
54,22,24,246824,28,3999.999882,5333.333215,0
54,24,22,246824,28,5333.333215,3999.999882,0
54,22,25,246824,33,3999.999882,7999.999882,0
54,25,22,246824,33,7999.999882,3999.999882,0
54,28,29,246824,37,7999.999882,5333.333215,0
54,29,28,246824,37,5333.333215,7999.999882,0
55,0,1,246824,12,3199.999882,3999.999882,0
55,1,0,246824,12,3999.999882,3199.999882,0
55,0,16,246824,22,3199.999882,3999.999882,0
55,16,0,246824,22,3999.999882,3199.999882,0
55,0,21,246824,38,3199.999882,7999.999882,0
55,21,0,246824,38,7999.999882,3199.999882,0
55,0,23,246824,25,3199.999882,7999.999882,0
55,23,0,246824,25,7999.999882,3199.999882,0
55,0,27,246824,30,3199.999882,7999.999882,0
55,27,0,246824,30,7999.999882,3199.999882,0
55,1,2,246824,10,3999.999882,3999.999882,0
55,2,1,246824,10,3999.999882,3999.999882,0
55,1,3,246824,11,3999.999882,3199.999882,0
55,3,1,246824,11,3199.999882,3999.999882,0
55,1,20,246824,37,3999.999882,7999.999882,0
55,20,1,246824,37,7999.999882,3999.999882,0
55,2,5,246824,11,3999.999882,2666.666548,0
55,5,2,246824,11,2666.666548,3999.999882,0
55,2,21,246824,35,3999.999882,7999.999882,0
55,21,2,246824,35,7999.999882,3999.999882,0
55,2,29,246824,28,3999.999882,5333.333215,0
55,29,2,246824,28,5333.333215,3999.999882,0
55,3,5,246824,11,3199.999882,2666.666548,0
55,5,3,246824,11,2666.666548,3199.999882,0
55,3,6,246824,11,3199.999882,3999.999882,0
55,6,3,246824,11,3999.999882,3199.999882,0
55,3,27,246824,29,3199.999882,7999.999882,0
55,27,3,246824,29,7999.999882,3199.999882,0
55,3,28,246824,32,3199.999882,5333.333215,0
55,28,3,246824,32,5333.333215,3199.999882,0
55,4,12,246824,9,7999.999882,3199.999882,0
55,12,4,246824,9,3199.999882,7999.999882,0
55,4,13,246824,6,7999.999882,2666.666548,0
55,13,4,246824,6,2666.666548,7999.999882,0
55,5,8,246824,12,2666.666548,2666.666548,0
55,8,5,246824,12,2666.666548,2666.666548,0
55,5,19,246824,27,2666.666548,7999.999882,0
55,19,5,246824,27,7999.999882,2666.666548,0
55,5,24,246824,24,2666.666548,5333.333215,0
55,24,5,246824,24,5333.333215,2666.666548,0
55,5,26,246824,29,2666.666548,7999.999882,0
55,26,5,246824,29,7999.999882,2666.666548,0
55,6,7,246824,12,3999.999882,7999.999882,0
55,7,6,246824,12,7999.999882,3999.999882,0
55,6,9,246824,11,3999.999882,3999.999882,0
55,9,6,246824,11,3999.999882,3999.999882,0
55,6,18,246824,21,3999.999882,5333.333215,0
55,18,6,246824,21,5333.333215,3999.999882,0
55,7,10,246824,11,7999.999882,3999.999882,0
55,10,7,246824,11,3999.999882,7999.999882,0
55,8,9,246824,12,2666.666548,3999.999882,0
55,9,8,246824,12,3999.999882,2666.666548,0
55,8,10,246824,11,2666.666548,3999.999882,0
55,10,8,246824,11,3999.999882,2666.666548,0
55,8,19,246824,27,2666.666548,7999.999882,0
55,19,8,246824,27,7999.999882,2666.666548,0
55,8,20,246824,38,2666.666548,7999.999882,0
55,20,8,246824,38,7999.999882,2666.666548,0
55,8,26,246824,29,2666.666548,7999.999882,0
55,26,8,246824,29,7999.999882,2666.666548,0
55,9,12,246824,12,3999.999882,3199.999882,0
55,12,9,246824,12,3199.999882,3999.999882,0
55,9,24,246824,23,3999.999882,5333.333215,0
55,24,9,246824,23,5333.333215,3999.999882,0
55,10,12,246824,11,3999.999882,3199.999882,0
55,12,10,246824,11,3199.999882,3999.999882,0
55,10,13,246824,8,3999.999882,2666.666548,0
55,13,10,246824,8,2666.666548,3999.999882,0
55,11,13,246824,9,5333.333215,2666.666548,0
55,13,11,246824,9,2666.666548,5333.333215,0
55,11,14,246824,9,5333.333215,3199.999882,0
55,14,11,246824,9,3199.999882,5333.333215,0
55,11,29,246824,30,5333.333215,5333.333215,0
55,29,11,246824,30,5333.333215,5333.333215,0
55,12,13,246824,9,3199.999882,2666.666548,0
55,13,12,246824,9,2666.666548,3199.999882,0
55,12,15,246824,42,3199.999882,7999.999882,0
55,15,12,246824,42,7999.999882,3199.999882,0
55,13,14,246824,7,2666.666548,3199.999882,0
55,14,13,246824,7,3199.999882,2666.666548,0
55,13,16,246824,19,2666.666548,3999.999882,0
55,16,13,246824,19,3999.999882,2666.666548,0
55,14,15,246824,39,3199.999882,7999.999882,0
55,15,14,246824,39,7999.999882,3199.999882,0
55,14,17,246824,20,3199.999882,7999.999882,0
55,17,14,246824,20,7999.999882,3199.999882,0
55,14,25,246824,26,3199.999882,7999.999882,0
55,25,14,246824,26,7999.999882,3199.999882,0
55,16,17,246824,24,3999.999882,7999.999882,0
55,17,16,246824,24,7999.999882,3999.999882,0
55,16,18,246824,24,3999.999882,5333.333215,0
55,18,16,246824,24,5333.333215,3999.999882,0
55,18,22,246824,27,5333.333215,5333.333215,0
55,22,18,246824,27,5333.333215,5333.333215,0
55,22,23,246824,29,5333.333215,7999.999882,0
55,23,22,246824,29,7999.999882,5333.333215,0
55,22,24,246824,28,5333.333215,5333.333215,0
55,24,22,246824,28,5333.333215,5333.333215,0
55,25,28,246824,37,7999.999882,5333.333215,0
55,28,25,246824,37,5333.333215,7999.999882,0
55,28,29,246824,37,5333.333215,5333.333215,0
55,29,28,246824,37,5333.333215,5333.333215,0
56,0,1,246824,12,3999.999882,3999.999882,0
56,1,0,246824,12,3999.999882,3999.999882,0
56,0,16,246824,22,3999.999882,3999.999882,0
56,16,0,246824,22,3999.999882,3999.999882,0
56,0,23,246824,25,3999.999882,7999.999882,0
56,23,0,246824,25,7999.999882,3999.999882,0
56,0,27,246824,30,3999.999882,7999.999882,0
56,27,0,246824,30,7999.999882,3999.999882,0
56,1,2,246824,10,3999.999882,3999.999882,0
56,2,1,246824,10,3999.999882,3999.999882,0
56,1,3,246824,11,3999.999882,3199.999882,0
56,3,1,246824,11,3199.999882,3999.999882,0
56,1,20,246824,37,3999.999882,7999.999882,0
56,20,1,246824,37,7999.999882,3999.999882,0
56,2,5,246824,11,3999.999882,2666.666548,0
56,5,2,246824,11,2666.666548,3999.999882,0
56,2,21,246824,35,3999.999882,7999.999882,0
56,21,2,246824,35,7999.999882,3999.999882,0
56,2,29,246824,28,3999.999882,5333.333215,0
56,29,2,246824,28,5333.333215,3999.999882,0
56,3,5,246824,11,3199.999882,2666.666548,0
56,5,3,246824,11,2666.666548,3199.999882,0
56,3,6,246824,11,3199.999882,5333.333215,0
56,6,3,246824,11,5333.333215,3199.999882,0
56,3,27,246824,29,3199.999882,7999.999882,0
56,27,3,246824,29,7999.999882,3199.999882,0
56,3,28,246824,32,3199.999882,7999.999882,0
56,28,3,246824,32,7999.999882,3199.999882,0
56,4,12,246824,9,7999.999882,3199.999882,0
56,12,4,246824,9,3199.999882,7999.999882,0
56,4,13,246824,6,7999.999882,2285.714167,0
56,13,4,246824,6,2285.714167,7999.999882,0
56,5,8,246824,12,2666.666548,2666.666548,0
56,8,5,246824,12,2666.666548,2666.666548,0
56,5,19,246824,27,2666.666548,5333.333215,0
56,19,5,246824,27,5333.333215,2666.666548,0
56,5,24,246824,24,2666.666548,7999.999882,0
56,24,5,246824,24,7999.999882,2666.666548,0
56,5,26,246824,29,2666.666548,7999.999882,0
56,26,5,246824,29,7999.999882,2666.666548,0
56,6,7,246824,12,5333.333215,7999.999882,0
56,7,6,246824,12,7999.999882,5333.333215,0
56,6,18,246824,21,5333.333215,5333.333215,0
56,18,6,246824,21,5333.333215,5333.333215,0
56,7,10,246824,11,7999.999882,3999.999882,0
56,10,7,246824,11,3999.999882,7999.999882,0
56,8,9,246824,12,2666.666548,5333.333215,0
56,9,8,246824,12,5333.333215,2666.666548,0
56,8,10,246824,11,2666.666548,3999.999882,0
56,10,8,246824,11,3999.999882,2666.666548,0
56,8,19,246824,27,2666.666548,5333.333215,0
56,19,8,246824,27,5333.333215,2666.666548,0
56,8,20,246824,38,2666.666548,7999.999882,0
56,20,8,246824,38,7999.999882,2666.666548,0
56,8,26,246824,29,2666.666548,7999.999882,0
56,26,8,246824,29,7999.999882,2666.666548,0
56,9,12,246824,12,5333.333215,3199.999882,0
56,12,9,246824,12,3199.999882,5333.333215,0
56,9,24,246824,23,5333.333215,7999.999882,0
56,24,9,246824,23,7999.999882,5333.333215,0
56,10,12,246824,11,3999.999882,3199.999882,0
56,12,10,246824,11,3199.999882,3999.999882,0
56,10,13,246824,8,3999.999882,2285.714167,0
56,13,10,246824,8,2285.714167,3999.999882,0
56,11,13,246824,9,5333.333215,2285.714167,0
56,13,11,246824,9,2285.714167,5333.333215,0
56,11,14,246824,9,5333.333215,3199.999882,0
56,14,11,246824,9,3199.999882,5333.333215,0
56,11,29,246824,30,5333.333215,5333.333215,0
56,29,11,246824,30,5333.333215,5333.333215,0
56,12,13,246824,9,3199.999882,2285.714167,0
56,13,12,246824,9,2285.714167,3199.999882,0
56,12,15,246824,42,3199.999882,7999.999882,0
56,15,12,246824,42,7999.999882,3199.999882,0
56,13,14,246824,7,2285.714167,3199.999882,0
56,14,13,246824,7,3199.999882,2285.714167,0
56,13,16,246824,19,2285.714167,3999.999882,0
56,16,13,246824,19,3999.999882,2285.714167,0
56,13,21,246824,35,2285.714167,7999.999882,0
56,21,13,246824,35,7999.999882,2285.714167,0
56,14,15,246824,39,3199.999882,7999.999882,0
56,15,14,246824,39,7999.999882,3199.999882,0
56,14,17,246824,20,3199.999882,7999.999882,0
56,17,14,246824,20,7999.999882,3199.999882,0
56,14,25,246824,26,3199.999882,7999.999882,0
56,25,14,246824,26,7999.999882,3199.999882,0
56,16,17,246824,24,3999.999882,7999.999882,0
56,17,16,246824,24,7999.999882,3999.999882,0
56,16,18,246824,24,3999.999882,5333.333215,0
56,18,16,246824,24,5333.333215,3999.999882,0
56,18,22,246824,27,5333.333215,3999.999882,0
56,22,18,246824,27,3999.999882,5333.333215,0
56,19,22,246824,31,5333.333215,3999.999882,0
56,22,19,246824,31,3999.999882,5333.333215,0
56,22,23,246824,29,3999.999882,7999.999882,0
56,23,22,246824,29,7999.999882,3999.999882,0
56,22,25,246824,33,3999.999882,7999.999882,0
56,25,22,246824,33,7999.999882,3999.999882,0
56,28,29,246824,37,7999.999882,5333.333215,0
56,29,28,246824,37,5333.333215,7999.999882,0
57,0,1,246824,12,3999.999882,3999.999882,0
57,1,0,246824,12,3999.999882,3999.999882,0
57,0,16,246824,22,3999.999882,3999.999882,0
57,16,0,246824,22,3999.999882,3999.999882,0
57,0,23,246824,25,3999.999882,7999.999882,0
57,23,0,246824,25,7999.999882,3999.999882,0
57,0,27,246824,30,3999.999882,7999.999882,0
57,27,0,246824,30,7999.999882,3999.999882,0
57,1,2,246824,10,3999.999882,3199.999882,0
57,2,1,246824,10,3199.999882,3999.999882,0
57,1,3,246824,11,3999.999882,3999.999882,0
57,3,1,246824,11,3999.999882,3999.999882,0
57,1,20,246824,37,3999.999882,7999.999882,0
57,20,1,246824,37,7999.999882,3999.999882,0
57,2,4,246824,8,3199.999882,5333.333215,0
57,4,2,246824,8,5333.333215,3199.999882,0
57,2,5,246824,11,3199.999882,1999.999882,0
57,5,2,246824,11,1999.999882,3199.999882,0
57,2,21,246824,35,3199.999882,7999.999882,0
57,21,2,246824,35,7999.999882,3199.999882,0
57,2,29,246824,28,3199.999882,7999.999882,0
57,29,2,246824,28,7999.999882,3199.999882,0
57,3,5,246824,11,3999.999882,1999.999882,0
57,5,3,246824,11,1999.999882,3999.999882,0
57,3,27,246824,29,3999.999882,7999.999882,0
57,27,3,246824,29,7999.999882,3999.999882,0
57,3,28,246824,32,3999.999882,7999.999882,0
57,28,3,246824,32,7999.999882,3999.999882,0
57,4,5,246824,9,5333.333215,1999.999882,0
57,5,4,246824,9,1999.999882,5333.333215,0
57,4,13,246824,6,5333.333215,2285.714167,0
57,13,4,246824,6,2285.714167,5333.333215,0
57,5,6,246824,12,1999.999882,5333.333215,0
57,6,5,246824,12,5333.333215,1999.999882,0
57,5,8,246824,12,1999.999882,2666.666548,0
57,8,5,246824,12,2666.666548,1999.999882,0
57,5,19,246824,27,1999.999882,7999.999882,0
57,19,5,246824,27,7999.999882,1999.999882,0
57,5,24,246824,24,1999.999882,5333.333215,0
57,24,5,246824,24,5333.333215,1999.999882,0
57,5,26,246824,29,1999.999882,7999.999882,0
57,26,5,246824,29,7999.999882,1999.999882,0
57,6,9,246824,11,5333.333215,3199.999882,0
57,9,6,246824,11,3199.999882,5333.333215,0
57,6,18,246824,21,5333.333215,5333.333215,0
57,18,6,246824,21,5333.333215,5333.333215,0
57,7,9,246824,12,7999.999882,3199.999882,0
57,9,7,246824,12,3199.999882,7999.999882,0
57,7,10,246824,11,7999.999882,3999.999882,0
57,10,7,246824,11,3999.999882,7999.999882,0
57,8,9,246824,12,2666.666548,3199.999882,0
57,9,8,246824,12,3199.999882,2666.666548,0
57,8,10,246824,11,2666.666548,3999.999882,0
57,10,8,246824,11,3999.999882,2666.666548,0
57,8,19,246824,27,2666.666548,7999.999882,0
57,19,8,246824,27,7999.999882,2666.666548,0
57,8,20,246824,38,2666.666548,7999.999882,0
57,20,8,246824,38,7999.999882,2666.666548,0
57,8,26,246824,29,2666.666548,7999.999882,0
57,26,8,246824,29,7999.999882,2666.666548,0
57,9,12,246824,12,3199.999882,3999.999882,0
57,12,9,246824,12,3999.999882,3199.999882,0
57,9,24,246824,23,3199.999882,5333.333215,0
57,24,9,246824,23,5333.333215,3199.999882,0
57,10,12,246824,11,3999.999882,3999.999882,0
57,12,10,246824,11,3999.999882,3999.999882,0
57,10,13,246824,8,3999.999882,2285.714167,0
57,13,10,246824,8,2285.714167,3999.999882,0
57,11,13,246824,9,5333.333215,2285.714167,0
57,13,11,246824,9,2285.714167,5333.333215,0
57,11,14,246824,9,5333.333215,3199.999882,0
57,14,11,246824,9,3199.999882,5333.333215,0
57,11,29,246824,30,5333.333215,7999.999882,0
57,29,11,246824,30,7999.999882,5333.333215,0
57,12,13,246824,9,3999.999882,2285.714167,0
57,13,12,246824,9,2285.714167,3999.999882,0
57,12,15,246824,42,3999.999882,7999.999882,0
57,15,12,246824,42,7999.999882,3999.999882,0
57,13,14,246824,7,2285.714167,3199.999882,0
57,14,13,246824,7,3199.999882,2285.714167,0
57,13,16,246824,19,2285.714167,3999.999882,0
57,16,13,246824,19,3999.999882,2285.714167,0
57,13,21,246824,35,2285.714167,7999.999882,0
57,21,13,246824,35,7999.999882,2285.714167,0
57,14,15,246824,39,3199.999882,7999.999882,0
57,15,14,246824,39,7999.999882,3199.999882,0
57,14,17,246824,20,3199.999882,3999.999882,0
57,17,14,246824,20,3999.999882,3199.999882,0
57,14,25,246824,26,3199.999882,7999.999882,0
57,25,14,246824,26,7999.999882,3199.999882,0
57,16,17,246824,24,3999.999882,3999.999882,0
57,17,16,246824,24,3999.999882,3999.999882,0
57,16,18,246824,24,3999.999882,5333.333215,0
57,18,16,246824,24,5333.333215,3999.999882,0
57,17,25,246824,30,3999.999882,7999.999882,0
57,25,17,246824,30,7999.999882,3999.999882,0
57,17,28,246824,34,3999.999882,7999.999882,0
57,28,17,246824,34,7999.999882,3999.999882,0
57,18,22,246824,27,5333.333215,5333.333215,0
57,22,18,246824,27,5333.333215,5333.333215,0
57,22,23,246824,29,5333.333215,7999.999882,0
57,23,22,246824,29,7999.999882,5333.333215,0
57,22,24,246824,28,5333.333215,5333.333215,0
57,24,22,246824,28,5333.333215,5333.333215,0
58,0,1,246824,12,3999.999882,3999.999882,0
58,1,0,246824,12,3999.999882,3999.999882,0
58,0,16,246824,22,3999.999882,3999.999882,0
58,16,0,246824,22,3999.999882,3999.999882,0
58,0,23,246824,25,3999.999882,7999.999882,0
58,23,0,246824,25,7999.999882,3999.999882,0
58,0,27,246824,30,3999.999882,7999.999882,0
58,27,0,246824,30,7999.999882,3999.999882,0
58,1,2,246824,10,3999.999882,3199.999882,0
58,2,1,246824,10,3199.999882,3999.999882,0
58,1,3,246824,11,3999.999882,3999.999882,0
58,3,1,246824,11,3999.999882,3999.999882,0
58,1,20,246824,37,3999.999882,7999.999882,0
58,20,1,246824,37,7999.999882,3999.999882,0
58,2,4,246824,8,3199.999882,7999.999882,0
58,4,2,246824,8,7999.999882,3199.999882,0
58,2,5,246824,11,3199.999882,2285.714167,0
58,5,2,246824,11,2285.714167,3199.999882,0
58,2,21,246824,35,3199.999882,7999.999882,0
58,21,2,246824,35,7999.999882,3199.999882,0
58,2,29,246824,28,3199.999882,7999.999882,0
58,29,2,246824,28,7999.999882,3199.999882,0
58,3,5,246824,11,3999.999882,2285.714167,0
58,5,3,246824,11,2285.714167,3999.999882,0
58,3,27,246824,29,3999.999882,7999.999882,0
58,27,3,246824,29,7999.999882,3999.999882,0
58,3,28,246824,32,3999.999882,7999.999882,0
58,28,3,246824,32,7999.999882,3999.999882,0
58,4,13,246824,6,7999.999882,2285.714167,0
58,13,4,246824,6,2285.714167,7999.999882,0
58,5,6,246824,12,2285.714167,3999.999882,0
58,6,5,246824,12,3999.999882,2285.714167,0
58,5,8,246824,12,2285.714167,3199.999882,0
58,8,5,246824,12,3199.999882,2285.714167,0
58,5,19,246824,27,2285.714167,7999.999882,0
58,19,5,246824,27,7999.999882,2285.714167,0
58,5,24,246824,24,2285.714167,5333.333215,0
58,24,5,246824,24,5333.333215,2285.714167,0
58,5,26,246824,29,2285.714167,7999.999882,0
58,26,5,246824,29,7999.999882,2285.714167,0
58,6,7,246824,12,3999.999882,7999.999882,0
58,7,6,246824,12,7999.999882,3999.999882,0
58,6,9,246824,11,3999.999882,3199.999882,0
58,9,6,246824,11,3199.999882,3999.999882,0
58,6,18,246824,21,3999.999882,5333.333215,0
58,18,6,246824,21,5333.333215,3999.999882,0
58,7,9,246824,12,7999.999882,3199.999882,0
58,9,7,246824,12,3199.999882,7999.999882,0
58,8,10,246824,11,3199.999882,3999.999882,0
58,10,8,246824,11,3999.999882,3199.999882,0
58,8,19,246824,27,3199.999882,7999.999882,0
58,19,8,246824,27,7999.999882,3199.999882,0
58,8,20,246824,38,3199.999882,7999.999882,0
58,20,8,246824,38,7999.999882,3199.999882,0
58,8,26,246824,29,3199.999882,7999.999882,0
58,26,8,246824,29,7999.999882,3199.999882,0
58,9,10,246824,11,3199.999882,3999.999882,0
58,10,9,246824,11,3999.999882,3199.999882,0
58,9,12,246824,12,3199.999882,3999.999882,0
58,12,9,246824,12,3999.999882,3199.999882,0
58,9,24,246824,23,3199.999882,5333.333215,0
58,24,9,246824,23,5333.333215,3199.999882,0
58,10,12,246824,11,3999.999882,3999.999882,0
58,12,10,246824,11,3999.999882,3999.999882,0
58,10,13,246824,8,3999.999882,2285.714167,0
58,13,10,246824,8,2285.714167,3999.999882,0
58,11,13,246824,9,5333.333215,2285.714167,0
58,13,11,246824,9,2285.714167,5333.333215,0
58,11,14,246824,9,5333.333215,3199.999882,0
58,14,11,246824,9,3199.999882,5333.333215,0
58,11,29,246824,30,5333.333215,7999.999882,0
58,29,11,246824,30,7999.999882,5333.333215,0
58,12,13,246824,9,3999.999882,2285.714167,0
58,13,12,246824,9,2285.714167,3999.999882,0
58,12,15,246824,42,3999.999882,7999.999882,0
58,15,12,246824,42,7999.999882,3999.999882,0
58,13,14,246824,7,2285.714167,3199.999882,0
58,14,13,246824,7,3199.999882,2285.714167,0
58,13,16,246824,19,2285.714167,3999.999882,0
58,16,13,246824,19,3999.999882,2285.714167,0
58,13,21,246824,35,2285.714167,7999.999882,0
58,21,13,246824,35,7999.999882,2285.714167,0
58,14,15,246824,39,3199.999882,7999.999882,0
58,15,14,246824,39,7999.999882,3199.999882,0
58,14,17,246824,20,3199.999882,3999.999882,0
58,17,14,246824,20,3999.999882,3199.999882,0
58,14,25,246824,26,3199.999882,7999.999882,0
58,25,14,246824,26,7999.999882,3199.999882,0
58,16,17,246824,24,3999.999882,3999.999882,0
58,17,16,246824,24,3999.999882,3999.999882,0
58,16,18,246824,24,3999.999882,5333.333215,0
58,18,16,246824,24,5333.333215,3999.999882,0
58,17,25,246824,30,3999.999882,7999.999882,0
58,25,17,246824,30,7999.999882,3999.999882,0
58,17,28,246824,34,3999.999882,7999.999882,0
58,28,17,246824,34,7999.999882,3999.999882,0
58,18,22,246824,27,5333.333215,5333.333215,0
58,22,18,246824,27,5333.333215,5333.333215,0
58,22,23,246824,29,5333.333215,7999.999882,0
58,23,22,246824,29,7999.999882,5333.333215,0
58,22,24,246824,28,5333.333215,5333.333215,0
58,24,22,246824,28,5333.333215,5333.333215,0
59,0,1,246824,12,3999.999882,3999.999882,0
59,1,0,246824,12,3999.999882,3999.999882,0
59,0,16,246824,22,3999.999882,3999.999882,0
59,16,0,246824,22,3999.999882,3999.999882,0
59,0,23,246824,25,3999.999882,7999.999882,0
59,23,0,246824,25,7999.999882,3999.999882,0
59,0,27,246824,30,3999.999882,7999.999882,0
59,27,0,246824,30,7999.999882,3999.999882,0
59,1,2,246824,10,3999.999882,3199.999882,0
59,2,1,246824,10,3199.999882,3999.999882,0
59,1,3,246824,11,3999.999882,3199.999882,0
59,3,1,246824,11,3199.999882,3999.999882,0
59,1,20,246824,37,3999.999882,7999.999882,0
59,20,1,246824,37,7999.999882,3999.999882,0
59,2,4,246824,8,3199.999882,5333.333215,0
59,4,2,246824,8,5333.333215,3199.999882,0
59,2,5,246824,11,3199.999882,2666.666548,0
59,5,2,246824,11,2666.666548,3199.999882,0
59,2,21,246824,35,3199.999882,7999.999882,0
59,21,2,246824,35,7999.999882,3199.999882,0
59,2,29,246824,28,3199.999882,7999.999882,0
59,29,2,246824,28,7999.999882,3199.999882,0
59,3,5,246824,11,3199.999882,2666.666548,0
59,5,3,246824,11,2666.666548,3199.999882,0
59,3,6,246824,11,3199.999882,5333.333215,0
59,6,3,246824,11,5333.333215,3199.999882,0
59,3,27,246824,29,3199.999882,7999.999882,0
59,27,3,246824,29,7999.999882,3199.999882,0
59,3,28,246824,32,3199.999882,7999.999882,0
59,28,3,246824,32,7999.999882,3199.999882,0
59,4,7,246824,9,5333.333215,5333.333215,0
59,7,4,246824,9,5333.333215,5333.333215,0
59,4,13,246824,6,5333.333215,2285.714167,0
59,13,4,246824,6,2285.714167,5333.333215,0
59,5,8,246824,12,2666.666548,2666.666548,0
59,8,5,246824,12,2666.666548,2666.666548,0
59,5,19,246824,27,2666.666548,7999.999882,0
59,19,5,246824,27,7999.999882,2666.666548,0
59,5,24,246824,24,2666.666548,5333.333215,0
59,24,5,246824,24,5333.333215,2666.666548,0
59,5,26,246824,29,2666.666548,7999.999882,0
59,26,5,246824,29,7999.999882,2666.666548,0
59,6,7,246824,12,5333.333215,5333.333215,0
59,7,6,246824,12,5333.333215,5333.333215,0
59,6,18,246824,21,5333.333215,5333.333215,0
59,18,6,246824,21,5333.333215,5333.333215,0
59,7,10,246824,11,5333.333215,3199.999882,0
59,10,7,246824,11,3199.999882,5333.333215,0
59,8,9,246824,12,2666.666548,5333.333215,0
59,9,8,246824,12,5333.333215,2666.666548,0
59,8,10,246824,11,2666.666548,3199.999882,0
59,10,8,246824,11,3199.999882,2666.666548,0
59,8,19,246824,27,2666.666548,7999.999882,0
59,19,8,246824,27,7999.999882,2666.666548,0
59,8,20,246824,38,2666.666548,7999.999882,0
59,20,8,246824,38,7999.999882,2666.666548,0
59,8,26,246824,29,2666.666548,7999.999882,0
59,26,8,246824,29,7999.999882,2666.666548,0
59,9,10,246824,11,5333.333215,3199.999882,0
59,10,9,246824,11,3199.999882,5333.333215,0
59,9,24,246824,23,5333.333215,5333.333215,0
59,24,9,246824,23,5333.333215,5333.333215,0
59,10,12,246824,11,3199.999882,5333.333215,0
59,12,10,246824,11,5333.333215,3199.999882,0
59,10,13,246824,8,3199.999882,2285.714167,0
59,13,10,246824,8,2285.714167,3199.999882,0
59,11,13,246824,9,5333.333215,2285.714167,0
59,13,11,246824,9,2285.714167,5333.333215,0
59,11,14,246824,9,5333.333215,3199.999882,0
59,14,11,246824,9,3199.999882,5333.333215,0
59,11,29,246824,30,5333.333215,7999.999882,0
59,29,11,246824,30,7999.999882,5333.333215,0
59,12,13,246824,9,5333.333215,2285.714167,0
59,13,12,246824,9,2285.714167,5333.333215,0
59,12,15,246824,42,5333.333215,7999.999882,0
59,15,12,246824,42,7999.999882,5333.333215,0
59,13,14,246824,7,2285.714167,3199.999882,0
59,14,13,246824,7,3199.999882,2285.714167,0
59,13,16,246824,19,2285.714167,3999.999882,0
59,16,13,246824,19,3999.999882,2285.714167,0
59,13,21,246824,35,2285.714167,7999.999882,0
59,21,13,246824,35,7999.999882,2285.714167,0
59,14,15,246824,39,3199.999882,7999.999882,0
59,15,14,246824,39,7999.999882,3199.999882,0
59,14,17,246824,20,3199.999882,3999.999882,0
59,17,14,246824,20,3999.999882,3199.999882,0
59,14,25,246824,26,3199.999882,7999.999882,0
59,25,14,246824,26,7999.999882,3199.999882,0
59,16,17,246824,24,3999.999882,3999.999882,0
59,17,16,246824,24,3999.999882,3999.999882,0
59,16,18,246824,24,3999.999882,5333.333215,0
59,18,16,246824,24,5333.333215,3999.999882,0
59,17,25,246824,30,3999.999882,7999.999882,0
59,25,17,246824,30,7999.999882,3999.999882,0
59,17,28,246824,34,3999.999882,7999.999882,0
59,28,17,246824,34,7999.999882,3999.999882,0
59,18,22,246824,27,5333.333215,5333.333215,0
59,22,18,246824,27,5333.333215,5333.333215,0
59,22,23,246824,29,5333.333215,7999.999882,0
59,23,22,246824,29,7999.999882,5333.333215,0
59,22,24,246824,28,5333.333215,5333.333215,0
59,24,22,246824,28,5333.333215,5333.333215,0
60,0,1,246824,12,3999.999882,3999.999882,0
60,1,0,246824,12,3999.999882,3999.999882,0
60,0,16,246824,22,3999.999882,5333.333215,0
60,16,0,246824,22,5333.333215,3999.999882,0
60,0,23,246824,25,3999.999882,5333.333215,0
60,23,0,246824,25,5333.333215,3999.999882,0
60,0,27,246824,30,3999.999882,7999.999882,0
60,27,0,246824,30,7999.999882,3999.999882,0
60,1,2,246824,10,3999.999882,3999.999882,0
60,2,1,246824,10,3999.999882,3999.999882,0
60,1,3,246824,11,3999.999882,3199.999882,0
60,3,1,246824,11,3199.999882,3999.999882,0
60,1,20,246824,37,3999.999882,7999.999882,0
60,20,1,246824,37,7999.999882,3999.999882,0
60,2,5,246824,11,3999.999882,2666.666548,0
60,5,2,246824,11,2666.666548,3999.999882,0
60,2,21,246824,35,3999.999882,7999.999882,0
60,21,2,246824,35,7999.999882,3999.999882,0
60,2,29,246824,28,3999.999882,5333.333215,0
60,29,2,246824,28,5333.333215,3999.999882,0
60,3,5,246824,11,3199.999882,2666.666548,0
60,5,3,246824,11,2666.666548,3199.999882,0
60,3,6,246824,11,3199.999882,5333.333215,0
60,6,3,246824,11,5333.333215,3199.999882,0
60,3,27,246824,29,3199.999882,7999.999882,0
60,27,3,246824,29,7999.999882,3199.999882,0
60,3,28,246824,32,3199.999882,7999.999882,0
60,28,3,246824,32,7999.999882,3199.999882,0
60,4,7,246824,9,7999.999882,3999.999882,0
60,7,4,246824,9,3999.999882,7999.999882,0
60,4,13,246824,6,7999.999882,2285.714167,0
60,13,4,246824,6,2285.714167,7999.999882,0
60,5,8,246824,12,2666.666548,2666.666548,0
60,8,5,246824,12,2666.666548,2666.666548,0
60,5,19,246824,27,2666.666548,7999.999882,0
60,19,5,246824,27,7999.999882,2666.666548,0
60,5,24,246824,24,2666.666548,5333.333215,0
60,24,5,246824,24,5333.333215,2666.666548,0
60,5,26,246824,29,2666.666548,7999.999882,0
60,26,5,246824,29,7999.999882,2666.666548,0
60,6,7,246824,12,5333.333215,3999.999882,0
60,7,6,246824,12,3999.999882,5333.333215,0
60,6,18,246824,21,5333.333215,5333.333215,0
60,18,6,246824,21,5333.333215,5333.333215,0
60,7,9,246824,12,3999.999882,3999.999882,0
60,9,7,246824,12,3999.999882,3999.999882,0
60,7,10,246824,11,3999.999882,3999.999882,0
60,10,7,246824,11,3999.999882,3999.999882,0
60,8,9,246824,12,2666.666548,3999.999882,0
60,9,8,246824,12,3999.999882,2666.666548,0
60,8,10,246824,11,2666.666548,3999.999882,0
60,10,8,246824,11,3999.999882,2666.666548,0
60,8,19,246824,27,2666.666548,7999.999882,0
60,19,8,246824,27,7999.999882,2666.666548,0
60,8,20,246824,38,2666.666548,7999.999882,0
60,20,8,246824,38,7999.999882,2666.666548,0
60,8,26,246824,29,2666.666548,7999.999882,0
60,26,8,246824,29,7999.999882,2666.666548,0
60,9,12,246824,12,3999.999882,3999.999882,0
60,12,9,246824,12,3999.999882,3999.999882,0
60,9,24,246824,23,3999.999882,5333.333215,0
60,24,9,246824,23,5333.333215,3999.999882,0
60,10,12,246824,11,3999.999882,3999.999882,0
60,12,10,246824,11,3999.999882,3999.999882,0
60,10,13,246824,8,3999.999882,2285.714167,0
60,13,10,246824,8,2285.714167,3999.999882,0
60,11,13,246824,9,5333.333215,2285.714167,0
60,13,11,246824,9,2285.714167,5333.333215,0
60,11,14,246824,9,5333.333215,3199.999882,0
60,14,11,246824,9,3199.999882,5333.333215,0
60,11,29,246824,30,5333.333215,5333.333215,0
60,29,11,246824,30,5333.333215,5333.333215,0
60,12,13,246824,9,3999.999882,2285.714167,0
60,13,12,246824,9,2285.714167,3999.999882,0
60,12,15,246824,42,3999.999882,7999.999882,0
60,15,12,246824,42,7999.999882,3999.999882,0
60,13,14,246824,7,2285.714167,3199.999882,0
60,14,13,246824,7,3199.999882,2285.714167,0
60,13,16,246824,19,2285.714167,5333.333215,0
60,16,13,246824,19,5333.333215,2285.714167,0
60,13,21,246824,35,2285.714167,7999.999882,0
60,21,13,246824,35,7999.999882,2285.714167,0
60,14,15,246824,39,3199.999882,7999.999882,0
60,15,14,246824,39,7999.999882,3199.999882,0
60,14,17,246824,20,3199.999882,5333.333215,0
60,17,14,246824,20,5333.333215,3199.999882,0
60,14,25,246824,26,3199.999882,7999.999882,0
60,25,14,246824,26,7999.999882,3199.999882,0
60,16,17,246824,24,5333.333215,5333.333215,0
60,17,16,246824,24,5333.333215,5333.333215,0
60,17,18,246824,24,5333.333215,5333.333215,0
60,18,17,246824,24,5333.333215,5333.333215,0
60,18,22,246824,27,5333.333215,5333.333215,0
60,22,18,246824,27,5333.333215,5333.333215,0
60,22,23,246824,29,5333.333215,5333.333215,0
60,23,22,246824,29,5333.333215,5333.333215,0
60,22,24,246824,28,5333.333215,5333.333215,0
60,24,22,246824,28,5333.333215,5333.333215,0
60,23,25,246824,31,5333.333215,7999.999882,0
60,25,23,246824,31,7999.999882,5333.333215,0
60,28,29,246824,37,7999.999882,5333.333215,0
60,29,28,246824,37,5333.333215,7999.999882,0
61,0,1,246824,12,3999.999882,3999.999882,0
61,1,0,246824,12,3999.999882,3999.999882,0
61,0,16,246824,22,3999.999882,3999.999882,0
61,16,0,246824,22,3999.999882,3999.999882,0
61,0,23,246824,25,3999.999882,5333.333215,0
61,23,0,246824,25,5333.333215,3999.999882,0
61,0,27,246824,30,3999.999882,7999.999882,0
61,27,0,246824,30,7999.999882,3999.999882,0
61,1,2,246824,10,3999.999882,3199.999882,0
61,2,1,246824,10,3199.999882,3999.999882,0
61,1,3,246824,11,3999.999882,3999.999882,0
61,3,1,246824,11,3999.999882,3999.999882,0
61,1,20,246824,37,3999.999882,7999.999882,0
61,20,1,246824,37,7999.999882,3999.999882,0
61,2,4,246824,8,3199.999882,7999.999882,0
61,4,2,246824,8,7999.999882,3199.999882,0
61,2,5,246824,11,3199.999882,2666.666548,0
61,5,2,246824,11,2666.666548,3199.999882,0
61,2,21,246824,35,3199.999882,7999.999882,0
61,21,2,246824,35,7999.999882,3199.999882,0
61,2,29,246824,28,3199.999882,5333.333215,0
61,29,2,246824,28,5333.333215,3199.999882,0
61,3,5,246824,11,3999.999882,2666.666548,0
61,5,3,246824,11,2666.666548,3999.999882,0
61,3,27,246824,29,3999.999882,7999.999882,0
61,27,3,246824,29,7999.999882,3999.999882,0
61,3,28,246824,32,3999.999882,7999.999882,0
61,28,3,246824,32,7999.999882,3999.999882,0
61,4,13,246824,6,7999.999882,2285.714167,0
61,13,4,246824,6,2285.714167,7999.999882,0
61,5,8,246824,12,2666.666548,3199.999882,0
61,8,5,246824,12,3199.999882,2666.666548,0
61,5,19,246824,27,2666.666548,7999.999882,0
61,19,5,246824,27,7999.999882,2666.666548,0
61,5,24,246824,24,2666.666548,5333.333215,0
61,24,5,246824,24,5333.333215,2666.666548,0
61,5,26,246824,29,2666.666548,7999.999882,0
61,26,5,246824,29,7999.999882,2666.666548,0
61,6,7,246824,12,5333.333215,5333.333215,0
61,7,6,246824,12,5333.333215,5333.333215,0
61,6,9,246824,11,5333.333215,3199.999882,0
61,9,6,246824,11,3199.999882,5333.333215,0
61,6,18,246824,21,5333.333215,5333.333215,0
61,18,6,246824,21,5333.333215,5333.333215,0
61,7,9,246824,12,5333.333215,3199.999882,0
61,9,7,246824,12,3199.999882,5333.333215,0
61,7,10,246824,11,5333.333215,3199.999882,0
61,10,7,246824,11,3199.999882,5333.333215,0
61,8,10,246824,11,3199.999882,3199.999882,0
61,10,8,246824,11,3199.999882,3199.999882,0
61,8,19,246824,27,3199.999882,7999.999882,0
61,19,8,246824,27,7999.999882,3199.999882,0
61,8,20,246824,38,3199.999882,7999.999882,0
61,20,8,246824,38,7999.999882,3199.999882,0
61,8,26,246824,29,3199.999882,7999.999882,0
61,26,8,246824,29,7999.999882,3199.999882,0
61,9,10,246824,11,3199.999882,3199.999882,0
61,10,9,246824,11,3199.999882,3199.999882,0
61,9,12,246824,12,3199.999882,3999.999882,0
61,12,9,246824,12,3999.999882,3199.999882,0
61,9,24,246824,23,3199.999882,5333.333215,0
61,24,9,246824,23,5333.333215,3199.999882,0
61,10,12,246824,11,3199.999882,3999.999882,0
61,12,10,246824,11,3999.999882,3199.999882,0
61,10,13,246824,8,3199.999882,2285.714167,0
61,13,10,246824,8,2285.714167,3199.999882,0
61,11,13,246824,9,5333.333215,2285.714167,0
61,13,11,246824,9,2285.714167,5333.333215,0
61,11,14,246824,9,5333.333215,3199.999882,0
61,14,11,246824,9,3199.999882,5333.333215,0
61,11,29,246824,30,5333.333215,5333.333215,0
61,29,11,246824,30,5333.333215,5333.333215,0
61,12,13,246824,9,3999.999882,2285.714167,0
61,13,12,246824,9,2285.714167,3999.999882,0
61,12,15,246824,42,3999.999882,7999.999882,0
61,15,12,246824,42,7999.999882,3999.999882,0
61,13,14,246824,7,2285.714167,3199.999882,0
61,14,13,246824,7,3199.999882,2285.714167,0
61,13,16,246824,19,2285.714167,3999.999882,0
61,16,13,246824,19,3999.999882,2285.714167,0
61,13,21,246824,35,2285.714167,7999.999882,0
61,21,13,246824,35,7999.999882,2285.714167,0
61,14,15,246824,39,3199.999882,7999.999882,0
61,15,14,246824,39,7999.999882,3199.999882,0
61,14,17,246824,20,3199.999882,7999.999882,0
61,17,14,246824,20,7999.999882,3199.999882,0
61,14,25,246824,26,3199.999882,7999.999882,0
61,25,14,246824,26,7999.999882,3199.999882,0
61,16,17,246824,24,3999.999882,7999.999882,0
61,17,16,246824,24,7999.999882,3999.999882,0
61,16,18,246824,24,3999.999882,5333.333215,0
61,18,16,246824,24,5333.333215,3999.999882,0
61,18,22,246824,27,5333.333215,5333.333215,0
61,22,18,246824,27,5333.333215,5333.333215,0
61,22,23,246824,29,5333.333215,5333.333215,0
61,23,22,246824,29,5333.333215,5333.333215,0
61,22,24,246824,28,5333.333215,5333.333215,0
61,24,22,246824,28,5333.333215,5333.333215,0
61,23,25,246824,31,5333.333215,7999.999882,0
61,25,23,246824,31,7999.999882,5333.333215,0
61,28,29,246824,37,7999.999882,5333.333215,0
61,29,28,246824,37,5333.333215,7999.999882,0
62,0,1,246824,12,3999.999936,3999.999938,0
62,1,0,246824,12,3999.999938,3999.999936,0
62,0,16,246824,22,3999.999936,3999.999936,0
62,16,0,246824,22,3999.999936,3999.999936,0
62,0,23,246824,25,3999.999936,5333.333269,0
62,23,0,246824,25,5333.333269,3999.999936,0
62,0,27,246824,30,3999.999936,7999.999936,0
62,27,0,246824,30,7999.999936,3999.999936,0
62,1,2,246824,10,3999.999938,3999.999936,0
62,2,1,246824,10,3999.999936,3999.999938,0
62,1,3,246824,11,3999.999938,3199.999936,0
62,3,1,246824,11,3199.999936,3999.999938,0
62,1,20,246824,37,3999.999938,7999.999946,0
62,20,1,246824,37,7999.999946,3999.999938,0
62,2,5,246824,11,3999.999936,2285.714222,0
62,5,2,246824,11,2285.714222,3999.999936,0
62,2,21,246824,35,3999.999936,7999.999936,0
62,21,2,246824,35,7999.999936,3999.999936,0
62,2,29,246824,28,3999.999936,5333.333273,0
62,29,2,246824,28,5333.333273,3999.999936,0
62,3,5,246824,11,3199.999936,2285.714222,0
62,5,3,246824,11,2285.714222,3199.999936,0
62,3,6,246824,11,3199.999936,5333.333269,0
62,6,3,246824,11,5333.333269,3199.999936,0
62,3,27,246824,29,3199.999936,7999.999936,0
62,27,3,246824,29,7999.999936,3199.999936,0
62,3,28,246824,32,3199.999936,7999.999941,0
62,28,3,246824,32,7999.999941,3199.999936,0
62,4,12,246824,9,7999.999936,3199.999938,0
62,12,4,246824,9,3199.999938,7999.999936,0
62,4,13,246824,6,7999.999936,2285.714222,0
62,13,4,246824,6,2285.714222,7999.999936,0
62,5,6,246824,12,2285.714222,5333.333269,0
62,6,5,246824,12,5333.333269,2285.714222,0
62,5,8,246824,12,2285.714222,2666.666604,0
62,8,5,246824,12,2666.666604,2285.714222,0
62,5,19,246824,27,2285.714222,7999.999936,0
62,19,5,246824,27,7999.999936,2285.714222,0
62,5,24,246824,24,2285.714222,5333.333269,0
62,24,5,246824,24,5333.333269,2285.714222,0
62,5,26,246824,29,2285.714222,7999.999936,0
62,26,5,246824,29,7999.999936,2285.714222,0
62,6,18,246824,21,5333.333269,5333.333269,0
62,18,6,246824,21,5333.333269,5333.333269,0
62,7,9,246824,12,7999.999936,3999.999936,0
62,9,7,246824,12,3999.999936,7999.999936,0
62,7,10,246824,11,7999.999936,3999.999936,0
62,10,7,246824,11,3999.999936,7999.999936,0
62,8,9,246824,12,2666.666604,3999.999936,0
62,9,8,246824,12,3999.999936,2666.666604,0
62,8,10,246824,11,2666.666604,3999.999936,0
62,10,8,246824,11,3999.999936,2666.666604,0
62,8,19,246824,27,2666.666604,7999.999936,0
62,19,8,246824,27,7999.999936,2666.666604,0
62,8,20,246824,38,2666.666604,7999.999946,0
62,20,8,246824,38,7999.999946,2666.666604,0
62,8,26,246824,29,2666.666604,7999.999936,0
62,26,8,246824,29,7999.999936,2666.666604,0
62,9,12,246824,12,3999.999936,3199.999938,0
62,12,9,246824,12,3199.999938,3999.999936,0
62,9,24,246824,23,3999.999936,5333.333269,0
62,24,9,246824,23,5333.333269,3999.999936,0
62,10,12,246824,11,3999.999936,3199.999938,0
62,12,10,246824,11,3199.999938,3999.999936,0
62,10,13,246824,8,3999.999936,2285.714222,0
62,13,10,246824,8,2285.714222,3999.999936,0
62,11,13,246824,9,5333.333269,2285.714222,0
62,13,11,246824,9,2285.714222,5333.333269,0
62,11,14,246824,9,5333.333269,3199.999938,0
62,14,11,246824,9,3199.999938,5333.333269,0
62,11,29,246824,30,5333.333269,5333.333273,0
62,29,11,246824,30,5333.333273,5333.333269,0
62,12,13,246824,9,3199.999938,2285.714222,0
62,13,12,246824,9,2285.714222,3199.999938,0
62,12,15,246824,42,3199.999938,7999.999946,0
62,15,12,246824,42,7999.999946,3199.999938,0
62,13,14,246824,7,2285.714222,3199.999938,0
62,14,13,246824,7,3199.999938,2285.714222,0
62,13,16,246824,19,2285.714222,3999.999936,0
62,16,13,246824,19,3999.999936,2285.714222,0
62,13,21,246824,35,2285.714222,7999.999936,0
62,21,13,246824,35,7999.999936,2285.714222,0
62,14,15,246824,39,3199.999938,7999.999946,0
62,15,14,246824,39,7999.999946,3199.999938,0
62,14,17,246824,20,3199.999938,7999.999936,0
62,17,14,246824,20,7999.999936,3199.999938,0
62,14,25,246824,26,3199.999938,7999.999936,0
62,25,14,246824,26,7999.999936,3199.999938,0
62,16,17,246824,24,3999.999936,7999.999936,0
62,17,16,246824,24,7999.999936,3999.999936,0
62,16,18,246824,24,3999.999936,5333.333269,0
62,18,16,246824,24,5333.333269,3999.999936,0
62,18,22,246824,27,5333.333269,5333.333269,0
62,22,18,246824,27,5333.333269,5333.333269,0
62,22,23,246824,29,5333.333269,5333.333269,0
62,23,22,246824,29,5333.333269,5333.333269,0
62,22,24,246824,28,5333.333269,5333.333269,0
62,24,22,246824,28,5333.333269,5333.333269,0
62,23,25,246824,31,5333.333269,7999.999936,0
62,25,23,246824,31,7999.999936,5333.333269,0
62,28,29,246824,37,7999.999941,5333.333273,0
62,29,28,246824,37,5333.333273,7999.999941,0
63,0,1,246824,12,3999.999882,3999.999882,0
63,1,0,246824,12,3999.999882,3999.999882,0
63,0,16,246824,22,3999.999882,3999.999882,0
63,16,0,246824,22,3999.999882,3999.999882,0
63,0,23,246824,25,3999.999882,5333.333215,0
63,23,0,246824,25,5333.333215,3999.999882,0
63,0,27,246824,30,3999.999882,7999.999882,0
63,27,0,246824,30,7999.999882,3999.999882,0
63,1,2,246824,10,3999.999882,3999.999882,0
63,2,1,246824,10,3999.999882,3999.999882,0
63,1,3,246824,11,3999.999882,3199.999882,0
63,3,1,246824,11,3199.999882,3999.999882,0
63,1,20,246824,37,3999.999882,7999.999882,0
63,20,1,246824,37,7999.999882,3999.999882,0
63,2,5,246824,11,3999.999882,2666.666548,0
63,5,2,246824,11,2666.666548,3999.999882,0
63,2,21,246824,35,3999.999882,7999.999882,0
63,21,2,246824,35,7999.999882,3999.999882,0
63,2,29,246824,28,3999.999882,5333.333215,0
63,29,2,246824,28,5333.333215,3999.999882,0
63,3,5,246824,11,3199.999882,2666.666548,0
63,5,3,246824,11,2666.666548,3199.999882,0
63,3,6,246824,11,3199.999882,5333.333215,0
63,6,3,246824,11,5333.333215,3199.999882,0
63,3,27,246824,29,3199.999882,7999.999882,0
63,27,3,246824,29,7999.999882,3199.999882,0
63,3,28,246824,32,3199.999882,7999.999882,0
63,28,3,246824,32,7999.999882,3199.999882,0
63,4,12,246824,9,7999.999882,3199.999882,0
63,12,4,246824,9,3199.999882,7999.999882,0
63,4,13,246824,6,7999.999882,2285.714167,0
63,13,4,246824,6,2285.714167,7999.999882,0
63,5,8,246824,12,2666.666548,3199.999882,0
63,8,5,246824,12,3199.999882,2666.666548,0
63,5,19,246824,27,2666.666548,7999.999882,0
63,19,5,246824,27,7999.999882,2666.666548,0
63,5,24,246824,24,2666.666548,5333.333215,0
63,24,5,246824,24,5333.333215,2666.666548,0
63,5,26,246824,29,2666.666548,7999.999882,0
63,26,5,246824,29,7999.999882,2666.666548,0
63,6,9,246824,11,5333.333215,3199.999882,0
63,9,6,246824,11,3199.999882,5333.333215,0
63,6,18,246824,21,5333.333215,5333.333215,0
63,18,6,246824,21,5333.333215,5333.333215,0
63,7,9,246824,12,7999.999882,3199.999882,0
63,9,7,246824,12,3199.999882,7999.999882,0
63,7,10,246824,11,7999.999882,3199.999882,0
63,10,7,246824,11,3199.999882,7999.999882,0
63,8,10,246824,11,3199.999882,3199.999882,0
63,10,8,246824,11,3199.999882,3199.999882,0
63,8,19,246824,27,3199.999882,7999.999882,0
63,19,8,246824,27,7999.999882,3199.999882,0
63,8,20,246824,38,3199.999882,7999.999882,0
63,20,8,246824,38,7999.999882,3199.999882,0
63,8,26,246824,29,3199.999882,7999.999882,0
63,26,8,246824,29,7999.999882,3199.999882,0
63,9,10,246824,11,3199.999882,3199.999882,0
63,10,9,246824,11,3199.999882,3199.999882,0
63,9,12,246824,12,3199.999882,3199.999882,0
63,12,9,246824,12,3199.999882,3199.999882,0
63,9,24,246824,23,3199.999882,5333.333215,0
63,24,9,246824,23,5333.333215,3199.999882,0
63,10,12,246824,11,3199.999882,3199.999882,0
63,12,10,246824,11,3199.999882,3199.999882,0
63,10,13,246824,8,3199.999882,2285.714167,0
63,13,10,246824,8,2285.714167,3199.999882,0
63,11,13,246824,9,5333.333215,2285.714167,0
63,13,11,246824,9,2285.714167,5333.333215,0
63,11,14,246824,9,5333.333215,3199.999882,0
63,14,11,246824,9,3199.999882,5333.333215,0
63,11,29,246824,30,5333.333215,5333.333215,0
63,29,11,246824,30,5333.333215,5333.333215,0
63,12,13,246824,9,3199.999882,2285.714167,0
63,13,12,246824,9,2285.714167,3199.999882,0
63,12,15,246824,42,3199.999882,7999.999882,0
63,15,12,246824,42,7999.999882,3199.999882,0
63,13,14,246824,7,2285.714167,3199.999882,0
63,14,13,246824,7,3199.999882,2285.714167,0
63,13,16,246824,19,2285.714167,3999.999882,0
63,16,13,246824,19,3999.999882,2285.714167,0
63,13,21,246824,35,2285.714167,7999.999882,0
63,21,13,246824,35,7999.999882,2285.714167,0
63,14,15,246824,39,3199.999882,7999.999882,0
63,15,14,246824,39,7999.999882,3199.999882,0
63,14,17,246824,20,3199.999882,7999.999882,0
63,17,14,246824,20,7999.999882,3199.999882,0
63,14,25,246824,26,3199.999882,7999.999882,0
63,25,14,246824,26,7999.999882,3199.999882,0
63,16,17,246824,24,3999.999882,7999.999882,0
63,17,16,246824,24,7999.999882,3999.999882,0
63,16,18,246824,24,3999.999882,5333.333215,0
63,18,16,246824,24,5333.333215,3999.999882,0
63,18,22,246824,27,5333.333215,5333.333215,0
63,22,18,246824,27,5333.333215,5333.333215,0
63,22,23,246824,29,5333.333215,5333.333215,0
63,23,22,246824,29,5333.333215,5333.333215,0
63,22,24,246824,28,5333.333215,5333.333215,0
63,24,22,246824,28,5333.333215,5333.333215,0
63,23,25,246824,31,5333.333215,7999.999882,0
63,25,23,246824,31,7999.999882,5333.333215,0
63,28,29,246824,37,7999.999882,5333.333215,0
63,29,28,246824,37,5333.333215,7999.999882,0
64,0,1,246824,12,3999.999882,3999.999882,0
64,1,0,246824,12,3999.999882,3999.999882,0
64,0,16,246824,22,3999.999882,3999.999882,0
64,16,0,246824,22,3999.999882,3999.999882,0
64,0,23,246824,25,3999.999882,5333.333215,0
64,23,0,246824,25,5333.333215,3999.999882,0
64,0,27,246824,30,3999.999882,7999.999882,0
64,27,0,246824,30,7999.999882,3999.999882,0
64,1,2,246824,10,3999.999882,3999.999882,0
64,2,1,246824,10,3999.999882,3999.999882,0
64,1,3,246824,11,3999.999882,3199.999882,0
64,3,1,246824,11,3199.999882,3999.999882,0
64,1,20,246824,37,3999.999882,7999.999882,0
64,20,1,246824,37,7999.999882,3999.999882,0
64,2,5,246824,11,3999.999882,2666.666548,0
64,5,2,246824,11,2666.666548,3999.999882,0
64,2,21,246824,35,3999.999882,7999.999882,0
64,21,2,246824,35,7999.999882,3999.999882,0
64,2,29,246824,28,3999.999882,5333.333215,0
64,29,2,246824,28,5333.333215,3999.999882,0
64,3,5,246824,11,3199.999882,2666.666548,0
64,5,3,246824,11,2666.666548,3199.999882,0
64,3,6,246824,11,3199.999882,5333.333215,0
64,6,3,246824,11,5333.333215,3199.999882,0
64,3,27,246824,29,3199.999882,7999.999882,0
64,27,3,246824,29,7999.999882,3199.999882,0
64,3,28,246824,32,3199.999882,7999.999882,0
64,28,3,246824,32,7999.999882,3199.999882,0
64,4,12,246824,9,7999.999882,3999.999882,0
64,12,4,246824,9,3999.999882,7999.999882,0
64,4,13,246824,6,7999.999882,2666.666548,0
64,13,4,246824,6,2666.666548,7999.999882,0
64,5,8,246824,12,2666.666548,3199.999882,0
64,8,5,246824,12,3199.999882,2666.666548,0
64,5,19,246824,27,2666.666548,7999.999882,0
64,19,5,246824,27,7999.999882,2666.666548,0
64,5,24,246824,24,2666.666548,5333.333215,0
64,24,5,246824,24,5333.333215,2666.666548,0
64,5,26,246824,29,2666.666548,7999.999882,0
64,26,5,246824,29,7999.999882,2666.666548,0
64,6,9,246824,11,5333.333215,3199.999882,0
64,9,6,246824,11,3199.999882,5333.333215,0
64,6,18,246824,21,5333.333215,5333.333215,0
64,18,6,246824,21,5333.333215,5333.333215,0
64,7,9,246824,12,7999.999882,3199.999882,0
64,9,7,246824,12,3199.999882,7999.999882,0
64,7,10,246824,11,7999.999882,3199.999882,0
64,10,7,246824,11,3199.999882,7999.999882,0
64,8,10,246824,11,3199.999882,3199.999882,0
64,10,8,246824,11,3199.999882,3199.999882,0
64,8,19,246824,27,3199.999882,7999.999882,0
64,19,8,246824,27,7999.999882,3199.999882,0
64,8,20,246824,38,3199.999882,7999.999882,0
64,20,8,246824,38,7999.999882,3199.999882,0
64,8,26,246824,29,3199.999882,7999.999882,0
64,26,8,246824,29,7999.999882,3199.999882,0
64,9,10,246824,11,3199.999882,3199.999882,0
64,10,9,246824,11,3199.999882,3199.999882,0
64,9,12,246824,12,3199.999882,3999.999882,0
64,12,9,246824,12,3999.999882,3199.999882,0
64,9,24,246824,23,3199.999882,5333.333215,0
64,24,9,246824,23,5333.333215,3199.999882,0
64,10,12,246824,11,3199.999882,3999.999882,0
64,12,10,246824,11,3999.999882,3199.999882,0
64,10,13,246824,8,3199.999882,2666.666548,0
64,13,10,246824,8,2666.666548,3199.999882,0
64,11,13,246824,9,5333.333215,2666.666548,0
64,13,11,246824,9,2666.666548,5333.333215,0
64,11,14,246824,9,5333.333215,3199.999882,0
64,14,11,246824,9,3199.999882,5333.333215,0
64,11,29,246824,30,5333.333215,5333.333215,0
64,29,11,246824,30,5333.333215,5333.333215,0
64,12,15,246824,42,3999.999882,7999.999882,0
64,15,12,246824,42,7999.999882,3999.999882,0
64,13,14,246824,7,2666.666548,3199.999882,0
64,14,13,246824,7,3199.999882,2666.666548,0
64,13,16,246824,19,2666.666548,3999.999882,0
64,16,13,246824,19,3999.999882,2666.666548,0
64,13,21,246824,35,2666.666548,7999.999882,0
64,21,13,246824,35,7999.999882,2666.666548,0
64,14,15,246824,39,3199.999882,7999.999882,0
64,15,14,246824,39,7999.999882,3199.999882,0
64,14,17,246824,20,3199.999882,7999.999882,0
64,17,14,246824,20,7999.999882,3199.999882,0
64,14,25,246824,26,3199.999882,7999.999882,0
64,25,14,246824,26,7999.999882,3199.999882,0
64,16,17,246824,24,3999.999882,7999.999882,0
64,17,16,246824,24,7999.999882,3999.999882,0
64,16,18,246824,24,3999.999882,5333.333215,0
64,18,16,246824,24,5333.333215,3999.999882,0
64,18,22,246824,27,5333.333215,5333.333215,0
64,22,18,246824,27,5333.333215,5333.333215,0
64,22,23,246824,29,5333.333215,5333.333215,0
64,23,22,246824,29,5333.333215,5333.333215,0
64,22,24,246824,28,5333.333215,5333.333215,0
64,24,22,246824,28,5333.333215,5333.333215,0
64,23,25,246824,31,5333.333215,7999.999882,0
64,25,23,246824,31,7999.999882,5333.333215,0
64,28,29,246824,37,7999.999882,5333.333215,0
64,29,28,246824,37,5333.333215,7999.999882,0
65,0,1,246824,12,3999.999882,3999.999882,0
65,1,0,246824,12,3999.999882,3999.999882,0
65,0,16,246824,22,3999.999882,3999.999882,0
65,16,0,246824,22,3999.999882,3999.999882,0
65,0,23,246824,25,3999.999882,5333.333215,0
65,23,0,246824,25,5333.333215,3999.999882,0
65,0,27,246824,30,3999.999882,7999.999882,0
65,27,0,246824,30,7999.999882,3999.999882,0
65,1,2,246824,10,3999.999882,3199.999882,0
65,2,1,246824,10,3199.999882,3999.999882,0
65,1,3,246824,11,3999.999882,3199.999882,0
65,3,1,246824,11,3199.999882,3999.999882,0
65,1,20,246824,37,3999.999882,7999.999882,0
65,20,1,246824,37,7999.999882,3999.999882,0
65,2,4,246824,8,3199.999882,7999.999882,0
65,4,2,246824,8,7999.999882,3199.999882,0
65,2,5,246824,11,3199.999882,2666.666548,0
65,5,2,246824,11,2666.666548,3199.999882,0
65,2,21,246824,35,3199.999882,7999.999882,0
65,21,2,246824,35,7999.999882,3199.999882,0
65,2,29,246824,28,3199.999882,5333.333215,0
65,29,2,246824,28,5333.333215,3199.999882,0
65,3,5,246824,11,3199.999882,2666.666548,0
65,5,3,246824,11,2666.666548,3199.999882,0
65,3,6,246824,11,3199.999882,3999.999882,0
65,6,3,246824,11,3999.999882,3199.999882,0
65,3,27,246824,29,3199.999882,7999.999882,0
65,27,3,246824,29,7999.999882,3199.999882,0
65,3,28,246824,32,3199.999882,7999.999882,0
65,28,3,246824,32,7999.999882,3199.999882,0
65,4,13,246824,6,7999.999882,2285.714167,0
65,13,4,246824,6,2285.714167,7999.999882,0
65,5,8,246824,12,2666.666548,3199.999882,0
65,8,5,246824,12,3199.999882,2666.666548,0
65,5,19,246824,27,2666.666548,7999.999882,0
65,19,5,246824,27,7999.999882,2666.666548,0
65,5,24,246824,24,2666.666548,5333.333215,0
65,24,5,246824,24,5333.333215,2666.666548,0
65,5,26,246824,29,2666.666548,7999.999882,0
65,26,5,246824,29,7999.999882,2666.666548,0
65,6,7,246824,12,3999.999882,7999.999882,0
65,7,6,246824,12,7999.999882,3999.999882,0
65,6,9,246824,11,3999.999882,3199.999882,0
65,9,6,246824,11,3199.999882,3999.999882,0
65,6,18,246824,21,3999.999882,5333.333215,0
65,18,6,246824,21,5333.333215,3999.999882,0
65,7,9,246824,12,7999.999882,3199.999882,0
65,9,7,246824,12,3199.999882,7999.999882,0
65,8,10,246824,11,3199.999882,3999.999882,0
65,10,8,246824,11,3999.999882,3199.999882,0
65,8,19,246824,27,3199.999882,7999.999882,0
65,19,8,246824,27,7999.999882,3199.999882,0
65,8,20,246824,38,3199.999882,7999.999882,0
65,20,8,246824,38,7999.999882,3199.999882,0
65,8,26,246824,29,3199.999882,7999.999882,0
65,26,8,246824,29,7999.999882,3199.999882,0
65,9,10,246824,11,3199.999882,3999.999882,0
65,10,9,246824,11,3999.999882,3199.999882,0
65,9,12,246824,12,3199.999882,3999.999882,0
65,12,9,246824,12,3999.999882,3199.999882,0
65,9,24,246824,23,3199.999882,5333.333215,0
65,24,9,246824,23,5333.333215,3199.999882,0
65,10,12,246824,11,3999.999882,3999.999882,0
65,12,10,246824,11,3999.999882,3999.999882,0
65,10,13,246824,8,3999.999882,2285.714167,0
65,13,10,246824,8,2285.714167,3999.999882,0
65,11,13,246824,9,5333.333215,2285.714167,0
65,13,11,246824,9,2285.714167,5333.333215,0
65,11,14,246824,9,5333.333215,3199.999882,0
65,14,11,246824,9,3199.999882,5333.333215,0
65,11,29,246824,30,5333.333215,5333.333215,0
65,29,11,246824,30,5333.333215,5333.333215,0
65,12,13,246824,9,3999.999882,2285.714167,0
65,13,12,246824,9,2285.714167,3999.999882,0
65,12,15,246824,42,3999.999882,7999.999882,0
65,15,12,246824,42,7999.999882,3999.999882,0
65,13,14,246824,7,2285.714167,3199.999882,0
65,14,13,246824,7,3199.999882,2285.714167,0
65,13,16,246824,19,2285.714167,3999.999882,0
65,16,13,246824,19,3999.999882,2285.714167,0
65,13,21,246824,35,2285.714167,7999.999882,0
65,21,13,246824,35,7999.999882,2285.714167,0
65,14,15,246824,39,3199.999882,7999.999882,0
65,15,14,246824,39,7999.999882,3199.999882,0
65,14,17,246824,20,3199.999882,7999.999882,0
65,17,14,246824,20,7999.999882,3199.999882,0
65,14,25,246824,26,3199.999882,7999.999882,0
65,25,14,246824,26,7999.999882,3199.999882,0
65,16,17,246824,24,3999.999882,7999.999882,0
65,17,16,246824,24,7999.999882,3999.999882,0
65,16,18,246824,24,3999.999882,5333.333215,0
65,18,16,246824,24,5333.333215,3999.999882,0
65,18,22,246824,27,5333.333215,5333.333215,0
65,22,18,246824,27,5333.333215,5333.333215,0
65,22,23,246824,29,5333.333215,5333.333215,0
65,23,22,246824,29,5333.333215,5333.333215,0
65,22,24,246824,28,5333.333215,5333.333215,0
65,24,22,246824,28,5333.333215,5333.333215,0
65,23,25,246824,31,5333.333215,7999.999882,0
65,25,23,246824,31,7999.999882,5333.333215,0
65,28,29,246824,37,7999.999882,5333.333215,0
65,29,28,246824,37,5333.333215,7999.999882,0
66,0,1,246824,12,3999.999882,3999.999882,0
66,1,0,246824,12,3999.999882,3999.999882,0
66,0,16,246824,22,3999.999882,3999.999882,0
66,16,0,246824,22,3999.999882,3999.999882,0
66,0,23,246824,25,3999.999882,5333.333215,0
66,23,0,246824,25,5333.333215,3999.999882,0
66,0,27,246824,30,3999.999882,7999.999882,0
66,27,0,246824,30,7999.999882,3999.999882,0
66,1,2,246824,10,3999.999882,3999.999882,0
66,2,1,246824,10,3999.999882,3999.999882,0
66,1,3,246824,11,3999.999882,3199.999882,0
66,3,1,246824,11,3199.999882,3999.999882,0
66,1,20,246824,37,3999.999882,7999.999882,0
66,20,1,246824,37,7999.999882,3999.999882,0
66,2,5,246824,11,3999.999882,1999.999882,0
66,5,2,246824,11,1999.999882,3999.999882,0
66,2,21,246824,35,3999.999882,7999.999882,0
66,21,2,246824,35,7999.999882,3999.999882,0
66,2,29,246824,28,3999.999882,5333.333215,0
66,29,2,246824,28,5333.333215,3999.999882,0
66,3,5,246824,11,3199.999882,1999.999882,0
66,5,3,246824,11,1999.999882,3199.999882,0
66,3,6,246824,11,3199.999882,5333.333215,0
66,6,3,246824,11,5333.333215,3199.999882,0
66,3,27,246824,29,3199.999882,7999.999882,0
66,27,3,246824,29,7999.999882,3199.999882,0
66,3,28,246824,32,3199.999882,7999.999882,0
66,28,3,246824,32,7999.999882,3199.999882,0
66,4,5,246824,9,5333.333215,1999.999882,0
66,5,4,246824,9,1999.999882,5333.333215,0
66,4,7,246824,9,5333.333215,7999.999882,0
66,7,4,246824,9,7999.999882,5333.333215,0
66,4,13,246824,6,5333.333215,2285.714167,0
66,13,4,246824,6,2285.714167,5333.333215,0
66,5,6,246824,12,1999.999882,5333.333215,0
66,6,5,246824,12,5333.333215,1999.999882,0
66,5,8,246824,12,1999.999882,2666.666548,0
66,8,5,246824,12,2666.666548,1999.999882,0
66,5,19,246824,27,1999.999882,7999.999882,0
66,19,5,246824,27,7999.999882,1999.999882,0
66,5,24,246824,24,1999.999882,5333.333215,0
66,24,5,246824,24,5333.333215,1999.999882,0
66,5,26,246824,29,1999.999882,7999.999882,0
66,26,5,246824,29,7999.999882,1999.999882,0
66,6,18,246824,21,5333.333215,5333.333215,0
66,18,6,246824,21,5333.333215,5333.333215,0
66,7,10,246824,11,7999.999882,3199.999882,0
66,10,7,246824,11,3199.999882,7999.999882,0
66,8,9,246824,12,2666.666548,5333.333215,0
66,9,8,246824,12,5333.333215,2666.666548,0
66,8,10,246824,11,2666.666548,3199.999882,0
66,10,8,246824,11,3199.999882,2666.666548,0
66,8,19,246824,27,2666.666548,7999.999882,0
66,19,8,246824,27,7999.999882,2666.666548,0
66,8,20,246824,38,2666.666548,7999.999882,0
66,20,8,246824,38,7999.999882,2666.666548,0
66,8,26,246824,29,2666.666548,7999.999882,0
66,26,8,246824,29,7999.999882,2666.666548,0
66,9,10,246824,11,5333.333215,3199.999882,0
66,10,9,246824,11,3199.999882,5333.333215,0
66,9,24,246824,23,5333.333215,5333.333215,0
66,24,9,246824,23,5333.333215,5333.333215,0
66,10,12,246824,11,3199.999882,5333.333215,0
66,12,10,246824,11,5333.333215,3199.999882,0
66,10,13,246824,8,3199.999882,2285.714167,0
66,13,10,246824,8,2285.714167,3199.999882,0
66,11,13,246824,9,5333.333215,2285.714167,0
66,13,11,246824,9,2285.714167,5333.333215,0
66,11,14,246824,9,5333.333215,3199.999882,0
66,14,11,246824,9,3199.999882,5333.333215,0
66,11,29,246824,30,5333.333215,5333.333215,0
66,29,11,246824,30,5333.333215,5333.333215,0
66,12,13,246824,9,5333.333215,2285.714167,0
66,13,12,246824,9,2285.714167,5333.333215,0
66,12,15,246824,42,5333.333215,7999.999882,0
66,15,12,246824,42,7999.999882,5333.333215,0
66,13,14,246824,7,2285.714167,3199.999882,0
66,14,13,246824,7,3199.999882,2285.714167,0
66,13,16,246824,19,2285.714167,3999.999882,0
66,16,13,246824,19,3999.999882,2285.714167,0
66,13,21,246824,35,2285.714167,7999.999882,0
66,21,13,246824,35,7999.999882,2285.714167,0
66,14,15,246824,39,3199.999882,7999.999882,0
66,15,14,246824,39,7999.999882,3199.999882,0
66,14,17,246824,20,3199.999882,7999.999882,0
66,17,14,246824,20,7999.999882,3199.999882,0
66,14,25,246824,26,3199.999882,7999.999882,0
66,25,14,246824,26,7999.999882,3199.999882,0
66,16,17,246824,24,3999.999882,7999.999882,0
66,17,16,246824,24,7999.999882,3999.999882,0
66,16,18,246824,24,3999.999882,5333.333215,0
66,18,16,246824,24,5333.333215,3999.999882,0
66,18,22,246824,27,5333.333215,5333.333215,0
66,22,18,246824,27,5333.333215,5333.333215,0
66,22,23,246824,29,5333.333215,5333.333215,0
66,23,22,246824,29,5333.333215,5333.333215,0
66,22,24,246824,28,5333.333215,5333.333215,0
66,24,22,246824,28,5333.333215,5333.333215,0
66,23,25,246824,31,5333.333215,7999.999882,0
66,25,23,246824,31,7999.999882,5333.333215,0
66,28,29,246824,37,7999.999882,5333.333215,0
66,29,28,246824,37,5333.333215,7999.999882,0
67,0,1,246824,12,3999.999882,3999.999882,0
67,1,0,246824,12,3999.999882,3999.999882,0
67,0,16,246824,22,3999.999882,3999.999882,0
67,16,0,246824,22,3999.999882,3999.999882,0
67,0,23,246824,25,3999.999882,5333.333215,0
67,23,0,246824,25,5333.333215,3999.999882,0
67,0,27,246824,30,3999.999882,7999.999882,0
67,27,0,246824,30,7999.999882,3999.999882,0
67,1,2,246824,10,3999.999882,3199.999882,0
67,2,1,246824,10,3199.999882,3999.999882,0
67,1,3,246824,11,3999.999882,3199.999882,0
67,3,1,246824,11,3199.999882,3999.999882,0
67,1,20,246824,37,3999.999882,7999.999882,0
67,20,1,246824,37,7999.999882,3999.999882,0
67,2,4,246824,8,3199.999882,7999.999882,0
67,4,2,246824,8,7999.999882,3199.999882,0
67,2,5,246824,11,3199.999882,2666.666548,0
67,5,2,246824,11,2666.666548,3199.999882,0
67,2,21,246824,35,3199.999882,7999.999882,0
67,21,2,246824,35,7999.999882,3199.999882,0
67,2,29,246824,28,3199.999882,5333.333215,0
67,29,2,246824,28,5333.333215,3199.999882,0
67,3,5,246824,11,3199.999882,2666.666548,0
67,5,3,246824,11,2666.666548,3199.999882,0
67,3,6,246824,11,3199.999882,5333.333215,0
67,6,3,246824,11,5333.333215,3199.999882,0
67,3,27,246824,29,3199.999882,7999.999882,0
67,27,3,246824,29,7999.999882,3199.999882,0
67,3,28,246824,32,3199.999882,7999.999882,0
67,28,3,246824,32,7999.999882,3199.999882,0
67,4,13,246824,6,7999.999882,2285.714167,0
67,13,4,246824,6,2285.714167,7999.999882,0
67,5,8,246824,12,2666.666548,2666.666548,0
67,8,5,246824,12,2666.666548,2666.666548,0
67,5,19,246824,27,2666.666548,5333.333215,0
67,19,5,246824,27,5333.333215,2666.666548,0
67,5,24,246824,24,2666.666548,7999.999882,0
67,24,5,246824,24,7999.999882,2666.666548,0
67,5,26,246824,29,2666.666548,7999.999882,0
67,26,5,246824,29,7999.999882,2666.666548,0
67,6,9,246824,11,5333.333215,3199.999882,0
67,9,6,246824,11,3199.999882,5333.333215,0
67,6,18,246824,21,5333.333215,5333.333215,0
67,18,6,246824,21,5333.333215,5333.333215,0
67,7,9,246824,12,7999.999882,3199.999882,0
67,9,7,246824,12,3199.999882,7999.999882,0
67,7,10,246824,11,7999.999882,3199.999882,0
67,10,7,246824,11,3199.999882,7999.999882,0
67,8,9,246824,12,2666.666548,3199.999882,0
67,9,8,246824,12,3199.999882,2666.666548,0
67,8,10,246824,11,2666.666548,3199.999882,0
67,10,8,246824,11,3199.999882,2666.666548,0
67,8,19,246824,27,2666.666548,5333.333215,0
67,19,8,246824,27,5333.333215,2666.666548,0
67,8,20,246824,38,2666.666548,7999.999882,0
67,20,8,246824,38,7999.999882,2666.666548,0
67,8,26,246824,29,2666.666548,7999.999882,0
67,26,8,246824,29,7999.999882,2666.666548,0
67,9,10,246824,11,3199.999882,3199.999882,0
67,10,9,246824,11,3199.999882,3199.999882,0
67,9,24,246824,23,3199.999882,7999.999882,0
67,24,9,246824,23,7999.999882,3199.999882,0
67,10,12,246824,11,3199.999882,5333.333215,0
67,12,10,246824,11,5333.333215,3199.999882,0
67,10,13,246824,8,3199.999882,2285.714167,0
67,13,10,246824,8,2285.714167,3199.999882,0
67,11,13,246824,9,5333.333215,2285.714167,0
67,13,11,246824,9,2285.714167,5333.333215,0
67,11,14,246824,9,5333.333215,3199.999882,0
67,14,11,246824,9,3199.999882,5333.333215,0
67,11,29,246824,30,5333.333215,5333.333215,0
67,29,11,246824,30,5333.333215,5333.333215,0
67,12,13,246824,9,5333.333215,2285.714167,0
67,13,12,246824,9,2285.714167,5333.333215,0
67,12,15,246824,42,5333.333215,7999.999882,0
67,15,12,246824,42,7999.999882,5333.333215,0
67,13,14,246824,7,2285.714167,3199.999882,0
67,14,13,246824,7,3199.999882,2285.714167,0
67,13,16,246824,19,2285.714167,3999.999882,0
67,16,13,246824,19,3999.999882,2285.714167,0
67,13,21,246824,35,2285.714167,7999.999882,0
67,21,13,246824,35,7999.999882,2285.714167,0
67,14,15,246824,39,3199.999882,7999.999882,0
67,15,14,246824,39,7999.999882,3199.999882,0
67,14,17,246824,20,3199.999882,7999.999882,0
67,17,14,246824,20,7999.999882,3199.999882,0
67,14,25,246824,26,3199.999882,7999.999882,0
67,25,14,246824,26,7999.999882,3199.999882,0
67,16,17,246824,24,3999.999882,7999.999882,0
67,17,16,246824,24,7999.999882,3999.999882,0
67,16,18,246824,24,3999.999882,5333.333215,0
67,18,16,246824,24,5333.333215,3999.999882,0
67,18,22,246824,27,5333.333215,5333.333215,0
67,22,18,246824,27,5333.333215,5333.333215,0
67,19,22,246824,31,5333.333215,5333.333215,0
67,22,19,246824,31,5333.333215,5333.333215,0
67,22,23,246824,29,5333.333215,5333.333215,0
67,23,22,246824,29,5333.333215,5333.333215,0
67,23,25,246824,31,5333.333215,7999.999882,0
67,25,23,246824,31,7999.999882,5333.333215,0
67,28,29,246824,37,7999.999882,5333.333215,0
67,29,28,246824,37,5333.333215,7999.999882,0
68,0,1,246824,12,3999.999882,3999.999882,0
68,1,0,246824,12,3999.999882,3999.999882,0
68,0,16,246824,22,3999.999882,3999.999882,0
68,16,0,246824,22,3999.999882,3999.999882,0
68,0,23,246824,25,3999.999882,5333.333215,0
68,23,0,246824,25,5333.333215,3999.999882,0
68,0,27,246824,30,3999.999882,7999.999882,0
68,27,0,246824,30,7999.999882,3999.999882,0
68,1,2,246824,10,3999.999882,3999.999882,0
68,2,1,246824,10,3999.999882,3999.999882,0
68,1,3,246824,11,3999.999882,3199.999882,0
68,3,1,246824,11,3199.999882,3999.999882,0
68,1,20,246824,37,3999.999882,7999.999882,0
68,20,1,246824,37,7999.999882,3999.999882,0
68,2,4,246824,8,3999.999882,3999.999882,0
68,4,2,246824,8,3999.999882,3999.999882,0
68,2,21,246824,35,3999.999882,7999.999882,0
68,21,2,246824,35,7999.999882,3999.999882,0
68,2,29,246824,28,3999.999882,5333.333215,0
68,29,2,246824,28,5333.333215,3999.999882,0
68,3,5,246824,11,3199.999882,2666.666548,0
68,5,3,246824,11,2666.666548,3199.999882,0
68,3,6,246824,11,3199.999882,5333.333215,0
68,6,3,246824,11,5333.333215,3199.999882,0
68,3,27,246824,29,3199.999882,7999.999882,0
68,27,3,246824,29,7999.999882,3199.999882,0
68,3,28,246824,32,3199.999882,7999.999882,0
68,28,3,246824,32,7999.999882,3199.999882,0
68,4,5,246824,9,3999.999882,2666.666548,0
68,5,4,246824,9,2666.666548,3999.999882,0
68,4,7,246824,9,3999.999882,7999.999882,0
68,7,4,246824,9,7999.999882,3999.999882,0
68,4,13,246824,6,3999.999882,2285.714167,0
68,13,4,246824,6,2285.714167,3999.999882,0
68,5,8,246824,12,2666.666548,2666.666548,0
68,8,5,246824,12,2666.666548,2666.666548,0
68,5,19,246824,27,2666.666548,7999.999882,0
68,19,5,246824,27,7999.999882,2666.666548,0
68,5,24,246824,24,2666.666548,5333.333215,0
68,24,5,246824,24,5333.333215,2666.666548,0
68,5,26,246824,29,2666.666548,7999.999882,0
68,26,5,246824,29,7999.999882,2666.666548,0
68,6,9,246824,11,5333.333215,3199.999882,0
68,9,6,246824,11,3199.999882,5333.333215,0
68,6,18,246824,21,5333.333215,5333.333215,0
68,18,6,246824,21,5333.333215,5333.333215,0
68,7,9,246824,12,7999.999882,3199.999882,0
68,9,7,246824,12,3199.999882,7999.999882,0
68,8,9,246824,12,2666.666548,3199.999882,0
68,9,8,246824,12,3199.999882,2666.666548,0
68,8,10,246824,11,2666.666548,3999.999882,0
68,10,8,246824,11,3999.999882,2666.666548,0
68,8,19,246824,27,2666.666548,7999.999882,0
68,19,8,246824,27,7999.999882,2666.666548,0
68,8,20,246824,38,2666.666548,7999.999882,0
68,20,8,246824,38,7999.999882,2666.666548,0
68,8,26,246824,29,2666.666548,7999.999882,0
68,26,8,246824,29,7999.999882,2666.666548,0
68,9,10,246824,11,3199.999882,3999.999882,0
68,10,9,246824,11,3999.999882,3199.999882,0
68,9,24,246824,23,3199.999882,5333.333215,0
68,24,9,246824,23,5333.333215,3199.999882,0
68,10,12,246824,11,3999.999882,5333.333215,0
68,12,10,246824,11,5333.333215,3999.999882,0
68,10,13,246824,8,3999.999882,2285.714167,0
68,13,10,246824,8,2285.714167,3999.999882,0
68,11,13,246824,9,5333.333215,2285.714167,0
68,13,11,246824,9,2285.714167,5333.333215,0
68,11,14,246824,9,5333.333215,3199.999882,0
68,14,11,246824,9,3199.999882,5333.333215,0
68,11,29,246824,30,5333.333215,5333.333215,0
68,29,11,246824,30,5333.333215,5333.333215,0
68,12,13,246824,9,5333.333215,2285.714167,0
68,13,12,246824,9,2285.714167,5333.333215,0
68,12,15,246824,42,5333.333215,7999.999882,0
68,15,12,246824,42,7999.999882,5333.333215,0
68,13,14,246824,7,2285.714167,3199.999882,0
68,14,13,246824,7,3199.999882,2285.714167,0
68,13,16,246824,19,2285.714167,3999.999882,0
68,16,13,246824,19,3999.999882,2285.714167,0
68,13,21,246824,35,2285.714167,7999.999882,0
68,21,13,246824,35,7999.999882,2285.714167,0
68,14,15,246824,39,3199.999882,7999.999882,0
68,15,14,246824,39,7999.999882,3199.999882,0
68,14,17,246824,20,3199.999882,7999.999882,0
68,17,14,246824,20,7999.999882,3199.999882,0
68,14,25,246824,26,3199.999882,7999.999882,0
68,25,14,246824,26,7999.999882,3199.999882,0
68,16,17,246824,24,3999.999882,7999.999882,0
68,17,16,246824,24,7999.999882,3999.999882,0
68,16,18,246824,24,3999.999882,5333.333215,0
68,18,16,246824,24,5333.333215,3999.999882,0
68,18,22,246824,27,5333.333215,5333.333215,0
68,22,18,246824,27,5333.333215,5333.333215,0
68,22,23,246824,29,5333.333215,5333.333215,0
68,23,22,246824,29,5333.333215,5333.333215,0
68,22,24,246824,28,5333.333215,5333.333215,0
68,24,22,246824,28,5333.333215,5333.333215,0
68,23,25,246824,31,5333.333215,7999.999882,0
68,25,23,246824,31,7999.999882,5333.333215,0
68,28,29,246824,37,7999.999882,5333.333215,0
68,29,28,246824,37,5333.333215,7999.999882,0
69,0,1,246824,12,3999.999882,3999.999882,0
69,1,0,246824,12,3999.999882,3999.999882,0
69,0,16,246824,22,3999.999882,3999.999882,0
69,16,0,246824,22,3999.999882,3999.999882,0
69,0,23,246824,25,3999.999882,5333.333215,0
69,23,0,246824,25,5333.333215,3999.999882,0
69,0,27,246824,30,3999.999882,7999.999882,0
69,27,0,246824,30,7999.999882,3999.999882,0
69,1,2,246824,10,3999.999882,3999.999882,0
69,2,1,246824,10,3999.999882,3999.999882,0
69,1,3,246824,11,3999.999882,3999.999882,0
69,3,1,246824,11,3999.999882,3999.999882,0
69,1,20,246824,37,3999.999882,7999.999882,0
69,20,1,246824,37,7999.999882,3999.999882,0
69,2,5,246824,11,3999.999882,1999.999882,0
69,5,2,246824,11,1999.999882,3999.999882,0
69,2,21,246824,35,3999.999882,7999.999882,0
69,21,2,246824,35,7999.999882,3999.999882,0
69,2,29,246824,28,3999.999882,5333.333215,0
69,29,2,246824,28,5333.333215,3999.999882,0
69,3,5,246824,11,3999.999882,1999.999882,0
69,5,3,246824,11,1999.999882,3999.999882,0
69,3,27,246824,29,3999.999882,7999.999882,0
69,27,3,246824,29,7999.999882,3999.999882,0
69,3,28,246824,32,3999.999882,7999.999882,0
69,28,3,246824,32,7999.999882,3999.999882,0
69,4,5,246824,9,7999.999882,1999.999882,0
69,5,4,246824,9,1999.999882,7999.999882,0
69,4,13,246824,6,7999.999882,2285.714167,0
69,13,4,246824,6,2285.714167,7999.999882,0
69,5,6,246824,12,1999.999882,5333.333215,0
69,6,5,246824,12,5333.333215,1999.999882,0
69,5,8,246824,12,1999.999882,2666.666548,0
69,8,5,246824,12,2666.666548,1999.999882,0
69,5,19,246824,27,1999.999882,7999.999882,0
69,19,5,246824,27,7999.999882,1999.999882,0
69,5,24,246824,24,1999.999882,5333.333215,0
69,24,5,246824,24,5333.333215,1999.999882,0
69,5,26,246824,29,1999.999882,7999.999882,0
69,26,5,246824,29,7999.999882,1999.999882,0
69,6,9,246824,11,5333.333215,3199.999882,0
69,9,6,246824,11,3199.999882,5333.333215,0
69,6,18,246824,21,5333.333215,5333.333215,0
69,18,6,246824,21,5333.333215,5333.333215,0
69,7,9,246824,12,7999.999882,3199.999882,0
69,9,7,246824,12,3199.999882,7999.999882,0
69,7,10,246824,11,7999.999882,3199.999882,0
69,10,7,246824,11,3199.999882,7999.999882,0
69,8,9,246824,12,2666.666548,3199.999882,0
69,9,8,246824,12,3199.999882,2666.666548,0
69,8,10,246824,11,2666.666548,3199.999882,0
69,10,8,246824,11,3199.999882,2666.666548,0
69,8,19,246824,27,2666.666548,7999.999882,0
69,19,8,246824,27,7999.999882,2666.666548,0
69,8,20,246824,38,2666.666548,7999.999882,0
69,20,8,246824,38,7999.999882,2666.666548,0
69,8,26,246824,29,2666.666548,7999.999882,0
69,26,8,246824,29,7999.999882,2666.666548,0
69,9,10,246824,11,3199.999882,3199.999882,0
69,10,9,246824,11,3199.999882,3199.999882,0
69,9,24,246824,23,3199.999882,5333.333215,0
69,24,9,246824,23,5333.333215,3199.999882,0
69,10,12,246824,11,3199.999882,5333.333215,0
69,12,10,246824,11,5333.333215,3199.999882,0
69,10,13,246824,8,3199.999882,2285.714167,0
69,13,10,246824,8,2285.714167,3199.999882,0
69,11,13,246824,9,5333.333215,2285.714167,0
69,13,11,246824,9,2285.714167,5333.333215,0
69,11,14,246824,9,5333.333215,3199.999882,0
69,14,11,246824,9,3199.999882,5333.333215,0
69,11,29,246824,30,5333.333215,5333.333215,0
69,29,11,246824,30,5333.333215,5333.333215,0
69,12,13,246824,9,5333.333215,2285.714167,0
69,13,12,246824,9,2285.714167,5333.333215,0
69,12,15,246824,42,5333.333215,7999.999882,0
69,15,12,246824,42,7999.999882,5333.333215,0
69,13,14,246824,7,2285.714167,3199.999882,0
69,14,13,246824,7,3199.999882,2285.714167,0
69,13,16,246824,19,2285.714167,3999.999882,0
69,16,13,246824,19,3999.999882,2285.714167,0
69,13,21,246824,35,2285.714167,7999.999882,0
69,21,13,246824,35,7999.999882,2285.714167,0
69,14,15,246824,39,3199.999882,7999.999882,0
69,15,14,246824,39,7999.999882,3199.999882,0
69,14,17,246824,20,3199.999882,7999.999882,0
69,17,14,246824,20,7999.999882,3199.999882,0
69,14,25,246824,26,3199.999882,7999.999882,0
69,25,14,246824,26,7999.999882,3199.999882,0
69,16,17,246824,24,3999.999882,7999.999882,0
69,17,16,246824,24,7999.999882,3999.999882,0
69,16,18,246824,24,3999.999882,5333.333215,0
69,18,16,246824,24,5333.333215,3999.999882,0
69,18,22,246824,27,5333.333215,5333.333215,0
69,22,18,246824,27,5333.333215,5333.333215,0
69,22,23,246824,29,5333.333215,5333.333215,0
69,23,22,246824,29,5333.333215,5333.333215,0
69,22,24,246824,28,5333.333215,5333.333215,0
69,24,22,246824,28,5333.333215,5333.333215,0
69,23,25,246824,31,5333.333215,7999.999882,0
69,25,23,246824,31,7999.999882,5333.333215,0
69,28,29,246824,37,7999.999882,5333.333215,0
69,29,28,246824,37,5333.333215,7999.999882,0
70,0,1,246824,12,3999.999882,3999.999882,0
70,1,0,246824,12,3999.999882,3999.999882,0
70,0,16,246824,22,3999.999882,3999.999882,0
70,16,0,246824,22,3999.999882,3999.999882,0
70,0,23,246824,25,3999.999882,5333.333215,0
70,23,0,246824,25,5333.333215,3999.999882,0
70,0,27,246824,30,3999.999882,7999.999882,0
70,27,0,246824,30,7999.999882,3999.999882,0
70,1,2,246824,10,3999.999882,3999.999882,0
70,2,1,246824,10,3999.999882,3999.999882,0
70,1,3,246824,11,3999.999882,3199.999882,0
70,3,1,246824,11,3199.999882,3999.999882,0
70,1,20,246824,37,3999.999882,7999.999882,0
70,20,1,246824,37,7999.999882,3999.999882,0
70,2,5,246824,11,3999.999882,1999.999882,0
70,5,2,246824,11,1999.999882,3999.999882,0
70,2,21,246824,35,3999.999882,7999.999882,0
70,21,2,246824,35,7999.999882,3999.999882,0
70,2,29,246824,28,3999.999882,5333.333215,0
70,29,2,246824,28,5333.333215,3999.999882,0
70,3,5,246824,11,3199.999882,1999.999882,0
70,5,3,246824,11,1999.999882,3199.999882,0
70,3,6,246824,11,3199.999882,5333.333215,0
70,6,3,246824,11,5333.333215,3199.999882,0
70,3,27,246824,29,3199.999882,7999.999882,0
70,27,3,246824,29,7999.999882,3199.999882,0
70,3,28,246824,32,3199.999882,7999.999882,0
70,28,3,246824,32,7999.999882,3199.999882,0
70,4,5,246824,9,7999.999882,1999.999882,0
70,5,4,246824,9,1999.999882,7999.999882,0
70,4,13,246824,6,7999.999882,2285.714167,0
70,13,4,246824,6,2285.714167,7999.999882,0
70,5,6,246824,12,1999.999882,5333.333215,0
70,6,5,246824,12,5333.333215,1999.999882,0
70,5,8,246824,12,1999.999882,3199.999882,0
70,8,5,246824,12,3199.999882,1999.999882,0
70,5,19,246824,27,1999.999882,7999.999882,0
70,19,5,246824,27,7999.999882,1999.999882,0
70,5,24,246824,24,1999.999882,5333.333215,0
70,24,5,246824,24,5333.333215,1999.999882,0
70,5,26,246824,29,1999.999882,7999.999882,0
70,26,5,246824,29,7999.999882,1999.999882,0
70,6,18,246824,21,5333.333215,5333.333215,0
70,18,6,246824,21,5333.333215,5333.333215,0
70,7,9,246824,12,7999.999882,3999.999882,0
70,9,7,246824,12,3999.999882,7999.999882,0
70,7,10,246824,11,7999.999882,3199.999882,0
70,10,7,246824,11,3199.999882,7999.999882,0
70,8,10,246824,11,3199.999882,3199.999882,0
70,10,8,246824,11,3199.999882,3199.999882,0
70,8,19,246824,27,3199.999882,7999.999882,0
70,19,8,246824,27,7999.999882,3199.999882,0
70,8,20,246824,38,3199.999882,7999.999882,0
70,20,8,246824,38,7999.999882,3199.999882,0
70,8,26,246824,29,3199.999882,7999.999882,0
70,26,8,246824,29,7999.999882,3199.999882,0
70,9,10,246824,11,3999.999882,3199.999882,0
70,10,9,246824,11,3199.999882,3999.999882,0
70,9,12,246824,12,3999.999882,3999.999882,0
70,12,9,246824,12,3999.999882,3999.999882,0
70,9,24,246824,23,3999.999882,5333.333215,0
70,24,9,246824,23,5333.333215,3999.999882,0
70,10,12,246824,11,3199.999882,3999.999882,0
70,12,10,246824,11,3999.999882,3199.999882,0
70,10,13,246824,8,3199.999882,2285.714167,0
70,13,10,246824,8,2285.714167,3199.999882,0
70,11,13,246824,9,5333.333215,2285.714167,0
70,13,11,246824,9,2285.714167,5333.333215,0
70,11,14,246824,9,5333.333215,3199.999882,0
70,14,11,246824,9,3199.999882,5333.333215,0
70,11,29,246824,30,5333.333215,5333.333215,0
70,29,11,246824,30,5333.333215,5333.333215,0
70,12,13,246824,9,3999.999882,2285.714167,0
70,13,12,246824,9,2285.714167,3999.999882,0
70,12,15,246824,42,3999.999882,7999.999882,0
70,15,12,246824,42,7999.999882,3999.999882,0
70,13,14,246824,7,2285.714167,3199.999882,0
70,14,13,246824,7,3199.999882,2285.714167,0
70,13,16,246824,19,2285.714167,3999.999882,0
70,16,13,246824,19,3999.999882,2285.714167,0
70,13,21,246824,35,2285.714167,7999.999882,0
70,21,13,246824,35,7999.999882,2285.714167,0
70,14,15,246824,39,3199.999882,7999.999882,0
70,15,14,246824,39,7999.999882,3199.999882,0
70,14,17,246824,20,3199.999882,7999.999882,0
70,17,14,246824,20,7999.999882,3199.999882,0
70,14,25,246824,26,3199.999882,7999.999882,0
70,25,14,246824,26,7999.999882,3199.999882,0
70,16,17,246824,24,3999.999882,7999.999882,0
70,17,16,246824,24,7999.999882,3999.999882,0
70,16,18,246824,24,3999.999882,5333.333215,0
70,18,16,246824,24,5333.333215,3999.999882,0
70,18,22,246824,27,5333.333215,5333.333215,0
70,22,18,246824,27,5333.333215,5333.333215,0
70,22,23,246824,29,5333.333215,5333.333215,0
70,23,22,246824,29,5333.333215,5333.333215,0
70,22,24,246824,28,5333.333215,5333.333215,0
70,24,22,246824,28,5333.333215,5333.333215,0
70,23,25,246824,31,5333.333215,7999.999882,0
70,25,23,246824,31,7999.999882,5333.333215,0
70,28,29,246824,37,7999.999882,5333.333215,0
70,29,28,246824,37,5333.333215,7999.999882,0
71,0,1,246824,12,3999.999882,3999.999882,0
71,1,0,246824,12,3999.999882,3999.999882,0
71,0,16,246824,22,3999.999882,3999.999882,0
71,16,0,246824,22,3999.999882,3999.999882,0
71,0,23,246824,25,3999.999882,5333.333215,0
71,23,0,246824,25,5333.333215,3999.999882,0
71,0,27,246824,30,3999.999882,7999.999882,0
71,27,0,246824,30,7999.999882,3999.999882,0
71,1,2,246824,10,3999.999882,3999.999882,0
71,2,1,246824,10,3999.999882,3999.999882,0
71,1,3,246824,11,3999.999882,3999.999882,0
71,3,1,246824,11,3999.999882,3999.999882,0
71,1,20,246824,37,3999.999882,7999.999882,0
71,20,1,246824,37,7999.999882,3999.999882,0
71,2,5,246824,11,3999.999882,2285.714167,0
71,5,2,246824,11,2285.714167,3999.999882,0
71,2,21,246824,35,3999.999882,7999.999882,0
71,21,2,246824,35,7999.999882,3999.999882,0
71,2,29,246824,28,3999.999882,5333.333215,0
71,29,2,246824,28,5333.333215,3999.999882,0
71,3,5,246824,11,3999.999882,2285.714167,0
71,5,3,246824,11,2285.714167,3999.999882,0
71,3,27,246824,29,3999.999882,7999.999882,0
71,27,3,246824,29,7999.999882,3999.999882,0
71,3,28,246824,32,3999.999882,7999.999882,0
71,28,3,246824,32,7999.999882,3999.999882,0
71,4,7,246824,9,7999.999882,3999.999882,0
71,7,4,246824,9,3999.999882,7999.999882,0
71,4,13,246824,6,7999.999882,2285.714167,0
71,13,4,246824,6,2285.714167,7999.999882,0
71,5,6,246824,12,2285.714167,3999.999882,0
71,6,5,246824,12,3999.999882,2285.714167,0
71,5,8,246824,12,2285.714167,2666.666548,0
71,8,5,246824,12,2666.666548,2285.714167,0
71,5,19,246824,27,2285.714167,5333.333215,0
71,19,5,246824,27,5333.333215,2285.714167,0
71,5,24,246824,24,2285.714167,5333.333215,0
71,24,5,246824,24,5333.333215,2285.714167,0
71,5,26,246824,29,2285.714167,7999.999882,0
71,26,5,246824,29,7999.999882,2285.714167,0
71,6,7,246824,12,3999.999882,3999.999882,0
71,7,6,246824,12,3999.999882,3999.999882,0
71,6,9,246824,11,3999.999882,2666.666548,0
71,9,6,246824,11,2666.666548,3999.999882,0
71,6,18,246824,21,3999.999882,5333.333215,0
71,18,6,246824,21,5333.333215,3999.999882,0
71,7,9,246824,12,3999.999882,2666.666548,0
71,9,7,246824,12,2666.666548,3999.999882,0
71,7,10,246824,11,3999.999882,3999.999882,0
71,10,7,246824,11,3999.999882,3999.999882,0
71,8,9,246824,12,2666.666548,2666.666548,0
71,9,8,246824,12,2666.666548,2666.666548,0
71,8,10,246824,11,2666.666548,3999.999882,0
71,10,8,246824,11,3999.999882,2666.666548,0
71,8,19,246824,27,2666.666548,5333.333215,0
71,19,8,246824,27,5333.333215,2666.666548,0
71,8,20,246824,38,2666.666548,7999.999882,0
71,20,8,246824,38,7999.999882,2666.666548,0
71,8,26,246824,29,2666.666548,7999.999882,0
71,26,8,246824,29,7999.999882,2666.666548,0
71,9,10,246824,11,2666.666548,3999.999882,0
71,10,9,246824,11,3999.999882,2666.666548,0
71,9,12,246824,12,2666.666548,5333.333215,0
71,12,9,246824,12,5333.333215,2666.666548,0
71,9,24,246824,23,2666.666548,5333.333215,0
71,24,9,246824,23,5333.333215,2666.666548,0
71,10,13,246824,8,3999.999882,2285.714167,0
71,13,10,246824,8,2285.714167,3999.999882,0
71,11,13,246824,9,5333.333215,2285.714167,0
71,13,11,246824,9,2285.714167,5333.333215,0
71,11,14,246824,9,5333.333215,3199.999882,0
71,14,11,246824,9,3199.999882,5333.333215,0
71,11,29,246824,30,5333.333215,5333.333215,0
71,29,11,246824,30,5333.333215,5333.333215,0
71,12,13,246824,9,5333.333215,2285.714167,0
71,13,12,246824,9,2285.714167,5333.333215,0
71,12,15,246824,42,5333.333215,7999.999882,0
71,15,12,246824,42,7999.999882,5333.333215,0
71,13,14,246824,7,2285.714167,3199.999882,0
71,14,13,246824,7,3199.999882,2285.714167,0
71,13,16,246824,19,2285.714167,3999.999882,0
71,16,13,246824,19,3999.999882,2285.714167,0
71,13,21,246824,35,2285.714167,7999.999882,0
71,21,13,246824,35,7999.999882,2285.714167,0
71,14,15,246824,39,3199.999882,7999.999882,0
71,15,14,246824,39,7999.999882,3199.999882,0
71,14,17,246824,20,3199.999882,7999.999882,0
71,17,14,246824,20,7999.999882,3199.999882,0
71,14,25,246824,26,3199.999882,7999.999882,0
71,25,14,246824,26,7999.999882,3199.999882,0
71,16,17,246824,24,3999.999882,7999.999882,0
71,17,16,246824,24,7999.999882,3999.999882,0
71,16,18,246824,24,3999.999882,5333.333215,0
71,18,16,246824,24,5333.333215,3999.999882,0
71,18,22,246824,27,5333.333215,7999.999882,0
71,22,18,246824,27,7999.999882,5333.333215,0
71,19,23,246824,30,5333.333215,5333.333215,0
71,23,19,246824,30,5333.333215,5333.333215,0
71,22,24,246824,28,7999.999882,5333.333215,0
71,24,22,246824,28,5333.333215,7999.999882,0
71,23,25,246824,31,5333.333215,7999.999882,0
71,25,23,246824,31,7999.999882,5333.333215,0
71,28,29,246824,37,7999.999882,5333.333215,0
71,29,28,246824,37,5333.333215,7999.999882,0
72,0,1,246824,12,3999.999882,3999.999882,0
72,1,0,246824,12,3999.999882,3999.999882,0
72,0,16,246824,22,3999.999882,3999.999882,0
72,16,0,246824,22,3999.999882,3999.999882,0
72,0,23,246824,25,3999.999882,5333.333215,0
72,23,0,246824,25,5333.333215,3999.999882,0
72,0,27,246824,30,3999.999882,7999.999882,0
72,27,0,246824,30,7999.999882,3999.999882,0
72,1,2,246824,10,3999.999882,3999.999882,0
72,2,1,246824,10,3999.999882,3999.999882,0
72,1,3,246824,11,3999.999882,3199.999882,0
72,3,1,246824,11,3199.999882,3999.999882,0
72,1,20,246824,37,3999.999882,7999.999882,0
72,20,1,246824,37,7999.999882,3999.999882,0
72,2,5,246824,11,3999.999882,2285.714167,0
72,5,2,246824,11,2285.714167,3999.999882,0
72,2,21,246824,35,3999.999882,7999.999882,0
72,21,2,246824,35,7999.999882,3999.999882,0
72,2,29,246824,28,3999.999882,5333.333215,0
72,29,2,246824,28,5333.333215,3999.999882,0
72,3,5,246824,11,3199.999882,2285.714167,0
72,5,3,246824,11,2285.714167,3199.999882,0
72,3,6,246824,11,3199.999882,3999.999882,0
72,6,3,246824,11,3999.999882,3199.999882,0
72,3,27,246824,29,3199.999882,7999.999882,0
72,27,3,246824,29,7999.999882,3199.999882,0
72,3,28,246824,32,3199.999882,7999.999882,0
72,28,3,246824,32,7999.999882,3199.999882,0
72,4,7,246824,9,7999.999882,5333.333215,0
72,7,4,246824,9,5333.333215,7999.999882,0
72,4,13,246824,6,7999.999882,2666.666548,0
72,13,4,246824,6,2666.666548,7999.999882,0
72,5,6,246824,12,2285.714167,3999.999882,0
72,6,5,246824,12,3999.999882,2285.714167,0
72,5,8,246824,12,2285.714167,3199.999882,0
72,8,5,246824,12,3199.999882,2285.714167,0
72,5,19,246824,27,2285.714167,5333.333215,0
72,19,5,246824,27,5333.333215,2285.714167,0
72,5,24,246824,24,2285.714167,5333.333215,0
72,24,5,246824,24,5333.333215,2285.714167,0
72,5,26,246824,29,2285.714167,7999.999882,0
72,26,5,246824,29,7999.999882,2285.714167,0
72,6,9,246824,11,3999.999882,3199.999882,0
72,9,6,246824,11,3199.999882,3999.999882,0
72,6,18,246824,21,3999.999882,5333.333215,0
72,18,6,246824,21,5333.333215,3999.999882,0
72,7,9,246824,12,5333.333215,3199.999882,0
72,9,7,246824,12,3199.999882,5333.333215,0
72,7,10,246824,11,5333.333215,3199.999882,0
72,10,7,246824,11,3199.999882,5333.333215,0
72,8,10,246824,11,3199.999882,3199.999882,0
72,10,8,246824,11,3199.999882,3199.999882,0
72,8,19,246824,27,3199.999882,5333.333215,0
72,19,8,246824,27,5333.333215,3199.999882,0
72,8,20,246824,38,3199.999882,7999.999882,0
72,20,8,246824,38,7999.999882,3199.999882,0
72,8,26,246824,29,3199.999882,7999.999882,0
72,26,8,246824,29,7999.999882,3199.999882,0
72,9,10,246824,11,3199.999882,3199.999882,0
72,10,9,246824,11,3199.999882,3199.999882,0
72,9,12,246824,12,3199.999882,5333.333215,0
72,12,9,246824,12,5333.333215,3199.999882,0
72,9,24,246824,23,3199.999882,5333.333215,0
72,24,9,246824,23,5333.333215,3199.999882,0
72,10,12,246824,11,3199.999882,5333.333215,0
72,12,10,246824,11,5333.333215,3199.999882,0
72,10,13,246824,8,3199.999882,2666.666548,0
72,13,10,246824,8,2666.666548,3199.999882,0
72,11,13,246824,9,5333.333215,2666.666548,0
72,13,11,246824,9,2666.666548,5333.333215,0
72,11,14,246824,9,5333.333215,3199.999882,0
72,14,11,246824,9,3199.999882,5333.333215,0
72,11,29,246824,30,5333.333215,5333.333215,0
72,29,11,246824,30,5333.333215,5333.333215,0
72,12,15,246824,42,5333.333215,7999.999882,0
72,15,12,246824,42,7999.999882,5333.333215,0
72,13,14,246824,7,2666.666548,3199.999882,0
72,14,13,246824,7,3199.999882,2666.666548,0
72,13,16,246824,19,2666.666548,3999.999882,0
72,16,13,246824,19,3999.999882,2666.666548,0
72,13,21,246824,35,2666.666548,7999.999882,0
72,21,13,246824,35,7999.999882,2666.666548,0
72,14,15,246824,39,3199.999882,7999.999882,0
72,15,14,246824,39,7999.999882,3199.999882,0
72,14,17,246824,20,3199.999882,7999.999882,0
72,17,14,246824,20,7999.999882,3199.999882,0
72,14,25,246824,26,3199.999882,7999.999882,0
72,25,14,246824,26,7999.999882,3199.999882,0
72,16,17,246824,24,3999.999882,7999.999882,0
72,17,16,246824,24,7999.999882,3999.999882,0
72,16,18,246824,24,3999.999882,5333.333215,0
72,18,16,246824,24,5333.333215,3999.999882,0
72,18,22,246824,27,5333.333215,7999.999882,0
72,22,18,246824,27,7999.999882,5333.333215,0
72,19,23,246824,30,5333.333215,5333.333215,0
72,23,19,246824,30,5333.333215,5333.333215,0
72,22,24,246824,28,7999.999882,5333.333215,0
72,24,22,246824,28,5333.333215,7999.999882,0
72,23,25,246824,31,5333.333215,7999.999882,0
72,25,23,246824,31,7999.999882,5333.333215,0
72,28,29,246824,37,7999.999882,5333.333215,0
72,29,28,246824,37,5333.333215,7999.999882,0
73,0,1,246824,12,3999.999882,3999.999882,0
73,1,0,246824,12,3999.999882,3999.999882,0
73,0,16,246824,22,3999.999882,3999.999882,0
73,16,0,246824,22,3999.999882,3999.999882,0
73,0,23,246824,25,3999.999882,5333.333215,0
73,23,0,246824,25,5333.333215,3999.999882,0
73,0,27,246824,30,3999.999882,7999.999882,0
73,27,0,246824,30,7999.999882,3999.999882,0
73,1,2,246824,10,3999.999882,3999.999882,0
73,2,1,246824,10,3999.999882,3999.999882,0
73,1,3,246824,11,3999.999882,3199.999882,0
73,3,1,246824,11,3199.999882,3999.999882,0
73,1,20,246824,37,3999.999882,7999.999882,0
73,20,1,246824,37,7999.999882,3999.999882,0
73,2,4,246824,8,3999.999882,5333.333215,0
73,4,2,246824,8,5333.333215,3999.999882,0
73,2,21,246824,35,3999.999882,7999.999882,0
73,21,2,246824,35,7999.999882,3999.999882,0
73,2,29,246824,28,3999.999882,5333.333215,0
73,29,2,246824,28,5333.333215,3999.999882,0
73,3,5,246824,11,3199.999882,2666.666548,0
73,5,3,246824,11,2666.666548,3199.999882,0
73,3,6,246824,11,3199.999882,3999.999882,0
73,6,3,246824,11,3999.999882,3199.999882,0
73,3,27,246824,29,3199.999882,7999.999882,0
73,27,3,246824,29,7999.999882,3199.999882,0
73,3,28,246824,32,3199.999882,7999.999882,0
73,28,3,246824,32,7999.999882,3199.999882,0
73,4,7,246824,9,5333.333215,5333.333215,0
73,7,4,246824,9,5333.333215,5333.333215,0
73,4,13,246824,6,5333.333215,2285.714167,0
73,13,4,246824,6,2285.714167,5333.333215,0
73,5,6,246824,12,2666.666548,3999.999882,0
73,6,5,246824,12,3999.999882,2666.666548,0
73,5,8,246824,12,2666.666548,2666.666548,0
73,8,5,246824,12,2666.666548,2666.666548,0
73,5,19,246824,27,2666.666548,5333.333215,0
73,19,5,246824,27,5333.333215,2666.666548,0
73,5,24,246824,24,2666.666548,5333.333215,0
73,24,5,246824,24,5333.333215,2666.666548,0
73,5,26,246824,29,2666.666548,7999.999882,0
73,26,5,246824,29,7999.999882,2666.666548,0
73,6,9,246824,11,3999.999882,3199.999882,0
73,9,6,246824,11,3199.999882,3999.999882,0
73,6,18,246824,21,3999.999882,5333.333215,0
73,18,6,246824,21,5333.333215,3999.999882,0
73,7,9,246824,12,5333.333215,3199.999882,0
73,9,7,246824,12,3199.999882,5333.333215,0
73,7,10,246824,11,5333.333215,5333.333215,0
73,10,7,246824,11,5333.333215,5333.333215,0
73,8,9,246824,12,2666.666548,3199.999882,0
73,9,8,246824,12,3199.999882,2666.666548,0
73,8,10,246824,11,2666.666548,5333.333215,0
73,10,8,246824,11,5333.333215,2666.666548,0
73,8,19,246824,27,2666.666548,5333.333215,0
73,19,8,246824,27,5333.333215,2666.666548,0
73,8,20,246824,38,2666.666548,7999.999882,0
73,20,8,246824,38,7999.999882,2666.666548,0
73,8,26,246824,29,2666.666548,7999.999882,0
73,26,8,246824,29,7999.999882,2666.666548,0
73,9,12,246824,12,3199.999882,5333.333215,0
73,12,9,246824,12,5333.333215,3199.999882,0
73,9,24,246824,23,3199.999882,5333.333215,0
73,24,9,246824,23,5333.333215,3199.999882,0
73,10,13,246824,8,5333.333215,2285.714167,0
73,13,10,246824,8,2285.714167,5333.333215,0
73,11,13,246824,9,5333.333215,2285.714167,0
73,13,11,246824,9,2285.714167,5333.333215,0
73,11,14,246824,9,5333.333215,3199.999882,0
73,14,11,246824,9,3199.999882,5333.333215,0
73,11,29,246824,30,5333.333215,5333.333215,0
73,29,11,246824,30,5333.333215,5333.333215,0
73,12,13,246824,9,5333.333215,2285.714167,0
73,13,12,246824,9,2285.714167,5333.333215,0
73,12,15,246824,42,5333.333215,7999.999882,0
73,15,12,246824,42,7999.999882,5333.333215,0
73,13,14,246824,7,2285.714167,3199.999882,0
73,14,13,246824,7,3199.999882,2285.714167,0
73,13,16,246824,19,2285.714167,3999.999882,0
73,16,13,246824,19,3999.999882,2285.714167,0
73,13,21,246824,35,2285.714167,7999.999882,0
73,21,13,246824,35,7999.999882,2285.714167,0
73,14,15,246824,39,3199.999882,7999.999882,0
73,15,14,246824,39,7999.999882,3199.999882,0
73,14,17,246824,20,3199.999882,7999.999882,0
73,17,14,246824,20,7999.999882,3199.999882,0
73,14,25,246824,26,3199.999882,7999.999882,0
73,25,14,246824,26,7999.999882,3199.999882,0
73,16,17,246824,24,3999.999882,7999.999882,0
73,17,16,246824,24,7999.999882,3999.999882,0
73,16,18,246824,24,3999.999882,5333.333215,0
73,18,16,246824,24,5333.333215,3999.999882,0
73,18,22,246824,27,5333.333215,7999.999882,0
73,22,18,246824,27,7999.999882,5333.333215,0
73,19,23,246824,30,5333.333215,5333.333215,0
73,23,19,246824,30,5333.333215,5333.333215,0
73,22,24,246824,28,7999.999882,5333.333215,0
73,24,22,246824,28,5333.333215,7999.999882,0
73,23,25,246824,31,5333.333215,7999.999882,0
73,25,23,246824,31,7999.999882,5333.333215,0
73,28,29,246824,37,7999.999882,5333.333215,0
73,29,28,246824,37,5333.333215,7999.999882,0
74,0,1,246824,12,3999.999882,3999.999882,0
74,1,0,246824,12,3999.999882,3999.999882,0
74,0,16,246824,22,3999.999882,3999.999882,0
74,16,0,246824,22,3999.999882,3999.999882,0
74,0,23,246824,25,3999.999882,5333.333215,0
74,23,0,246824,25,5333.333215,3999.999882,0
74,0,27,246824,30,3999.999882,7999.999882,0
74,27,0,246824,30,7999.999882,3999.999882,0
74,1,2,246824,10,3999.999882,3999.999882,0
74,2,1,246824,10,3999.999882,3999.999882,0
74,1,3,246824,11,3999.999882,3999.999882,0
74,3,1,246824,11,3999.999882,3999.999882,0
74,1,20,246824,37,3999.999882,7999.999882,0
74,20,1,246824,37,7999.999882,3999.999882,0
74,2,5,246824,11,3999.999882,2285.714167,0
74,5,2,246824,11,2285.714167,3999.999882,0
74,2,21,246824,35,3999.999882,7999.999882,0
74,21,2,246824,35,7999.999882,3999.999882,0
74,2,29,246824,28,3999.999882,5333.333215,0
74,29,2,246824,28,5333.333215,3999.999882,0
74,3,5,246824,11,3999.999882,2285.714167,0
74,5,3,246824,11,2285.714167,3999.999882,0
74,3,27,246824,29,3999.999882,7999.999882,0
74,27,3,246824,29,7999.999882,3999.999882,0
74,3,28,246824,32,3999.999882,7999.999882,0
74,28,3,246824,32,7999.999882,3999.999882,0
74,4,7,246824,9,7999.999882,3999.999882,0
74,7,4,246824,9,3999.999882,7999.999882,0
74,4,13,246824,6,7999.999882,2285.714167,0
74,13,4,246824,6,2285.714167,7999.999882,0
74,5,6,246824,12,2285.714167,5333.333215,0
74,6,5,246824,12,5333.333215,2285.714167,0
74,5,8,246824,12,2285.714167,2666.666548,0
74,8,5,246824,12,2666.666548,2285.714167,0
74,5,19,246824,27,2285.714167,7999.999882,0
74,19,5,246824,27,7999.999882,2285.714167,0
74,5,24,246824,24,2285.714167,5333.333215,0
74,24,5,246824,24,5333.333215,2285.714167,0
74,5,26,246824,29,2285.714167,7999.999882,0
74,26,5,246824,29,7999.999882,2285.714167,0
74,6,7,246824,12,5333.333215,3999.999882,0
74,7,6,246824,12,3999.999882,5333.333215,0
74,6,18,246824,21,5333.333215,5333.333215,0
74,18,6,246824,21,5333.333215,5333.333215,0
74,7,9,246824,12,3999.999882,3999.999882,0
74,9,7,246824,12,3999.999882,3999.999882,0
74,7,10,246824,11,3999.999882,3199.999882,0
74,10,7,246824,11,3199.999882,3999.999882,0
74,8,9,246824,12,2666.666548,3999.999882,0
74,9,8,246824,12,3999.999882,2666.666548,0
74,8,10,246824,11,2666.666548,3199.999882,0
74,10,8,246824,11,3199.999882,2666.666548,0
74,8,19,246824,27,2666.666548,7999.999882,0
74,19,8,246824,27,7999.999882,2666.666548,0
74,8,20,246824,38,2666.666548,7999.999882,0
74,20,8,246824,38,7999.999882,2666.666548,0
74,8,26,246824,29,2666.666548,7999.999882,0
74,26,8,246824,29,7999.999882,2666.666548,0
74,9,10,246824,11,3999.999882,3199.999882,0
74,10,9,246824,11,3199.999882,3999.999882,0
74,9,24,246824,23,3999.999882,5333.333215,0
74,24,9,246824,23,5333.333215,3999.999882,0
74,10,12,246824,11,3199.999882,5333.333215,0
74,12,10,246824,11,5333.333215,3199.999882,0
74,10,13,246824,8,3199.999882,2285.714167,0
74,13,10,246824,8,2285.714167,3199.999882,0
74,11,13,246824,9,5333.333215,2285.714167,0
74,13,11,246824,9,2285.714167,5333.333215,0
74,11,14,246824,9,5333.333215,3199.999882,0
74,14,11,246824,9,3199.999882,5333.333215,0
74,11,29,246824,30,5333.333215,5333.333215,0
74,29,11,246824,30,5333.333215,5333.333215,0
74,12,13,246824,9,5333.333215,2285.714167,0
74,13,12,246824,9,2285.714167,5333.333215,0
74,12,15,246824,42,5333.333215,7999.999882,0
74,15,12,246824,42,7999.999882,5333.333215,0
74,13,14,246824,7,2285.714167,3199.999882,0
74,14,13,246824,7,3199.999882,2285.714167,0
74,13,16,246824,19,2285.714167,3999.999882,0
74,16,13,246824,19,3999.999882,2285.714167,0
74,13,21,246824,35,2285.714167,7999.999882,0
74,21,13,246824,35,7999.999882,2285.714167,0
74,14,15,246824,39,3199.999882,7999.999882,0
74,15,14,246824,39,7999.999882,3199.999882,0
74,14,17,246824,20,3199.999882,7999.999882,0
74,17,14,246824,20,7999.999882,3199.999882,0
74,14,25,246824,26,3199.999882,7999.999882,0
74,25,14,246824,26,7999.999882,3199.999882,0
74,16,17,246824,24,3999.999882,7999.999882,0
74,17,16,246824,24,7999.999882,3999.999882,0
74,16,18,246824,24,3999.999882,5333.333215,0
74,18,16,246824,24,5333.333215,3999.999882,0
74,18,22,246824,27,5333.333215,5333.333215,0
74,22,18,246824,27,5333.333215,5333.333215,0
74,22,23,246824,29,5333.333215,5333.333215,0
74,23,22,246824,29,5333.333215,5333.333215,0
74,22,24,246824,28,5333.333215,5333.333215,0
74,24,22,246824,28,5333.333215,5333.333215,0
74,23,25,246824,31,5333.333215,7999.999882,0
74,25,23,246824,31,7999.999882,5333.333215,0
74,28,29,246824,37,7999.999882,5333.333215,0
74,29,28,246824,37,5333.333215,7999.999882,0
75,0,1,246824,12,3999.999882,3999.999882,0
75,1,0,246824,12,3999.999882,3999.999882,0
75,0,16,246824,22,3999.999882,5333.333215,0
75,16,0,246824,22,5333.333215,3999.999882,0
75,0,23,246824,25,3999.999882,5333.333215,0
75,23,0,246824,25,5333.333215,3999.999882,0
75,0,27,246824,30,3999.999882,7999.999882,0
75,27,0,246824,30,7999.999882,3999.999882,0
75,1,2,246824,10,3999.999882,3999.999882,0
75,2,1,246824,10,3999.999882,3999.999882,0
75,1,3,246824,11,3999.999882,3199.999882,0
75,3,1,246824,11,3199.999882,3999.999882,0
75,1,20,246824,37,3999.999882,7999.999882,0
75,20,1,246824,37,7999.999882,3999.999882,0
75,2,4,246824,8,3999.999882,5333.333215,0
75,4,2,246824,8,5333.333215,3999.999882,0
75,2,21,246824,35,3999.999882,7999.999882,0
75,21,2,246824,35,7999.999882,3999.999882,0
75,2,29,246824,28,3999.999882,7999.999882,0
75,29,2,246824,28,7999.999882,3999.999882,0
75,3,5,246824,11,3199.999882,3199.999882,0
75,5,3,246824,11,3199.999882,3199.999882,0
75,3,6,246824,11,3199.999882,5333.333215,0
75,6,3,246824,11,5333.333215,3199.999882,0
75,3,27,246824,29,3199.999882,7999.999882,0
75,27,3,246824,29,7999.999882,3199.999882,0
75,3,28,246824,32,3199.999882,7999.999882,0
75,28,3,246824,32,7999.999882,3199.999882,0
75,4,7,246824,9,5333.333215,3999.999882,0
75,7,4,246824,9,3999.999882,5333.333215,0
75,4,13,246824,6,5333.333215,2285.714167,0
75,13,4,246824,6,2285.714167,5333.333215,0
75,5,8,246824,12,3199.999882,3199.999882,0
75,8,5,246824,12,3199.999882,3199.999882,0
75,5,19,246824,27,3199.999882,7999.999882,0
75,19,5,246824,27,7999.999882,3199.999882,0
75,5,24,246824,24,3199.999882,5333.333215,0
75,24,5,246824,24,5333.333215,3199.999882,0
75,5,26,246824,29,3199.999882,7999.999882,0
75,26,5,246824,29,7999.999882,3199.999882,0
75,6,7,246824,12,5333.333215,3999.999882,0
75,7,6,246824,12,3999.999882,5333.333215,0
75,6,18,246824,21,5333.333215,5333.333215,0
75,18,6,246824,21,5333.333215,5333.333215,0
75,7,9,246824,12,3999.999882,3999.999882,0
75,9,7,246824,12,3999.999882,3999.999882,0
75,7,10,246824,11,3999.999882,3199.999882,0
75,10,7,246824,11,3199.999882,3999.999882,0
75,8,10,246824,11,3199.999882,3199.999882,0
75,10,8,246824,11,3199.999882,3199.999882,0
75,8,19,246824,27,3199.999882,7999.999882,0
75,19,8,246824,27,7999.999882,3199.999882,0
75,8,20,246824,38,3199.999882,7999.999882,0
75,20,8,246824,38,7999.999882,3199.999882,0
75,8,26,246824,29,3199.999882,7999.999882,0
75,26,8,246824,29,7999.999882,3199.999882,0
75,9,10,246824,11,3999.999882,3199.999882,0
75,10,9,246824,11,3199.999882,3999.999882,0
75,9,12,246824,12,3999.999882,3999.999882,0
75,12,9,246824,12,3999.999882,3999.999882,0
75,9,24,246824,23,3999.999882,5333.333215,0
75,24,9,246824,23,5333.333215,3999.999882,0
75,10,12,246824,11,3199.999882,3999.999882,0
75,12,10,246824,11,3999.999882,3199.999882,0
75,10,13,246824,8,3199.999882,2285.714167,0
75,13,10,246824,8,2285.714167,3199.999882,0
75,11,13,246824,9,5333.333215,2285.714167,0
75,13,11,246824,9,2285.714167,5333.333215,0
75,11,14,246824,9,5333.333215,3199.999882,0
75,14,11,246824,9,3199.999882,5333.333215,0
75,11,29,246824,30,5333.333215,7999.999882,0
75,29,11,246824,30,7999.999882,5333.333215,0
75,12,13,246824,9,3999.999882,2285.714167,0
75,13,12,246824,9,2285.714167,3999.999882,0
75,12,15,246824,42,3999.999882,7999.999882,0
75,15,12,246824,42,7999.999882,3999.999882,0
75,13,14,246824,7,2285.714167,3199.999882,0
75,14,13,246824,7,3199.999882,2285.714167,0
75,13,16,246824,19,2285.714167,5333.333215,0
75,16,13,246824,19,5333.333215,2285.714167,0
75,13,21,246824,35,2285.714167,7999.999882,0
75,21,13,246824,35,7999.999882,2285.714167,0
75,14,15,246824,39,3199.999882,7999.999882,0
75,15,14,246824,39,7999.999882,3199.999882,0
75,14,17,246824,20,3199.999882,3999.999882,0
75,17,14,246824,20,3999.999882,3199.999882,0
75,14,25,246824,26,3199.999882,7999.999882,0
75,25,14,246824,26,7999.999882,3199.999882,0
75,16,17,246824,24,5333.333215,3999.999882,0
75,17,16,246824,24,3999.999882,5333.333215,0
75,17,18,246824,24,3999.999882,5333.333215,0
75,18,17,246824,24,5333.333215,3999.999882,0
75,17,28,246824,34,3999.999882,7999.999882,0
75,28,17,246824,34,7999.999882,3999.999882,0
75,18,22,246824,27,5333.333215,5333.333215,0
75,22,18,246824,27,5333.333215,5333.333215,0
75,22,23,246824,29,5333.333215,5333.333215,0
75,23,22,246824,29,5333.333215,5333.333215,0
75,22,24,246824,28,5333.333215,5333.333215,0
75,24,22,246824,28,5333.333215,5333.333215,0
75,23,25,246824,31,5333.333215,7999.999882,0
75,25,23,246824,31,7999.999882,5333.333215,0
76,0,1,246824,12,3999.999882,3999.999882,0
76,1,0,246824,12,3999.999882,3999.999882,0
76,0,16,246824,22,3999.999882,5333.333215,0
76,16,0,246824,22,5333.333215,3999.999882,0
76,0,23,246824,25,3999.999882,5333.333215,0
76,23,0,246824,25,5333.333215,3999.999882,0
76,0,27,246824,30,3999.999882,7999.999882,0
76,27,0,246824,30,7999.999882,3999.999882,0
76,1,2,246824,10,3999.999882,3999.999882,0
76,2,1,246824,10,3999.999882,3999.999882,0
76,1,3,246824,11,3999.999882,3199.999882,0
76,3,1,246824,11,3199.999882,3999.999882,0
76,1,20,246824,37,3999.999882,7999.999882,0
76,20,1,246824,37,7999.999882,3999.999882,0
76,2,5,246824,11,3999.999882,2285.714167,0
76,5,2,246824,11,2285.714167,3999.999882,0
76,2,21,246824,35,3999.999882,7999.999882,0
76,21,2,246824,35,7999.999882,3999.999882,0
76,2,29,246824,28,3999.999882,7999.999882,0
76,29,2,246824,28,7999.999882,3999.999882,0
76,3,5,246824,11,3199.999882,2285.714167,0
76,5,3,246824,11,2285.714167,3199.999882,0
76,3,6,246824,11,3199.999882,5333.333215,0
76,6,3,246824,11,5333.333215,3199.999882,0
76,3,27,246824,29,3199.999882,7999.999882,0
76,27,3,246824,29,7999.999882,3199.999882,0
76,3,28,246824,32,3199.999882,7999.999882,0
76,28,3,246824,32,7999.999882,3199.999882,0
76,4,5,246824,9,7999.999882,2285.714167,0
76,5,4,246824,9,2285.714167,7999.999882,0
76,4,13,246824,6,7999.999882,2285.714167,0
76,13,4,246824,6,2285.714167,7999.999882,0
76,5,8,246824,12,2285.714167,2666.666548,0
76,8,5,246824,12,2666.666548,2285.714167,0
76,5,19,246824,27,2285.714167,5333.333215,0
76,19,5,246824,27,5333.333215,2285.714167,0
76,5,24,246824,24,2285.714167,7999.999882,0
76,24,5,246824,24,7999.999882,2285.714167,0
76,5,26,246824,29,2285.714167,7999.999882,0
76,26,5,246824,29,7999.999882,2285.714167,0
76,6,9,246824,11,5333.333215,3199.999882,0
76,9,6,246824,11,3199.999882,5333.333215,0
76,6,18,246824,21,5333.333215,5333.333215,0
76,18,6,246824,21,5333.333215,5333.333215,0
76,7,9,246824,12,7999.999882,3199.999882,0
76,9,7,246824,12,3199.999882,7999.999882,0
76,7,10,246824,11,7999.999882,3999.999882,0
76,10,7,246824,11,3999.999882,7999.999882,0
76,8,9,246824,12,2666.666548,3199.999882,0
76,9,8,246824,12,3199.999882,2666.666548,0
76,8,10,246824,11,2666.666548,3999.999882,0
76,10,8,246824,11,3999.999882,2666.666548,0
76,8,19,246824,27,2666.666548,5333.333215,0
76,19,8,246824,27,5333.333215,2666.666548,0
76,8,20,246824,38,2666.666548,7999.999882,0
76,20,8,246824,38,7999.999882,2666.666548,0
76,8,26,246824,29,2666.666548,7999.999882,0
76,26,8,246824,29,7999.999882,2666.666548,0
76,9,12,246824,12,3199.999882,3999.999882,0
76,12,9,246824,12,3999.999882,3199.999882,0
76,9,24,246824,23,3199.999882,7999.999882,0
76,24,9,246824,23,7999.999882,3199.999882,0
76,10,12,246824,11,3999.999882,3999.999882,0
76,12,10,246824,11,3999.999882,3999.999882,0
76,10,13,246824,8,3999.999882,2285.714167,0
76,13,10,246824,8,2285.714167,3999.999882,0
76,11,13,246824,9,5333.333215,2285.714167,0
76,13,11,246824,9,2285.714167,5333.333215,0
76,11,14,246824,9,5333.333215,3199.999882,0
76,14,11,246824,9,3199.999882,5333.333215,0
76,11,29,246824,30,5333.333215,7999.999882,0
76,29,11,246824,30,7999.999882,5333.333215,0
76,12,13,246824,9,3999.999882,2285.714167,0
76,13,12,246824,9,2285.714167,3999.999882,0
76,12,15,246824,42,3999.999882,7999.999882,0
76,15,12,246824,42,7999.999882,3999.999882,0
76,13,14,246824,7,2285.714167,3199.999882,0
76,14,13,246824,7,3199.999882,2285.714167,0
76,13,16,246824,19,2285.714167,5333.333215,0
76,16,13,246824,19,5333.333215,2285.714167,0
76,13,21,246824,35,2285.714167,7999.999882,0
76,21,13,246824,35,7999.999882,2285.714167,0
76,14,15,246824,39,3199.999882,7999.999882,0
76,15,14,246824,39,7999.999882,3199.999882,0
76,14,17,246824,20,3199.999882,3999.999882,0
76,17,14,246824,20,3999.999882,3199.999882,0
76,14,25,246824,26,3199.999882,7999.999882,0
76,25,14,246824,26,7999.999882,3199.999882,0
76,16,17,246824,24,5333.333215,3999.999882,0
76,17,16,246824,24,3999.999882,5333.333215,0
76,17,18,246824,24,3999.999882,5333.333215,0
76,18,17,246824,24,5333.333215,3999.999882,0
76,17,28,246824,34,3999.999882,7999.999882,0
76,28,17,246824,34,7999.999882,3999.999882,0
76,18,22,246824,27,5333.333215,5333.333215,0
76,22,18,246824,27,5333.333215,5333.333215,0
76,19,22,246824,31,5333.333215,5333.333215,0
76,22,19,246824,31,5333.333215,5333.333215,0
76,22,23,246824,29,5333.333215,5333.333215,0
76,23,22,246824,29,5333.333215,5333.333215,0
76,23,25,246824,31,5333.333215,7999.999882,0
76,25,23,246824,31,7999.999882,5333.333215,0
77,0,1,246824,12,3999.999882,3999.999882,0
77,1,0,246824,12,3999.999882,3999.999882,0
77,0,16,246824,22,3999.999882,3999.999882,0
77,16,0,246824,22,3999.999882,3999.999882,0
77,0,23,246824,25,3999.999882,5333.333215,0
77,23,0,246824,25,5333.333215,3999.999882,0
77,0,27,246824,30,3999.999882,7999.999882,0
77,27,0,246824,30,7999.999882,3999.999882,0
77,1,2,246824,10,3999.999882,3999.999882,0
77,2,1,246824,10,3999.999882,3999.999882,0
77,1,3,246824,11,3999.999882,3199.999882,0
77,3,1,246824,11,3199.999882,3999.999882,0
77,1,20,246824,37,3999.999882,7999.999882,0
77,20,1,246824,37,7999.999882,3999.999882,0
77,2,5,246824,11,3999.999882,1999.999882,0
77,5,2,246824,11,1999.999882,3999.999882,0
77,2,21,246824,35,3999.999882,7999.999882,0
77,21,2,246824,35,7999.999882,3999.999882,0
77,2,29,246824,28,3999.999882,5333.333215,0
77,29,2,246824,28,5333.333215,3999.999882,0
77,3,5,246824,11,3199.999882,1999.999882,0
77,5,3,246824,11,1999.999882,3199.999882,0
77,3,6,246824,11,3199.999882,5333.333215,0
77,6,3,246824,11,5333.333215,3199.999882,0
77,3,27,246824,29,3199.999882,7999.999882,0
77,27,3,246824,29,7999.999882,3199.999882,0
77,3,28,246824,32,3199.999882,7999.999882,0
77,28,3,246824,32,7999.999882,3199.999882,0
77,4,5,246824,9,5333.333215,1999.999882,0
77,5,4,246824,9,1999.999882,5333.333215,0
77,4,7,246824,9,5333.333215,7999.999882,0
77,7,4,246824,9,7999.999882,5333.333215,0
77,4,13,246824,6,5333.333215,2285.714167,0
77,13,4,246824,6,2285.714167,5333.333215,0
77,5,6,246824,12,1999.999882,5333.333215,0
77,6,5,246824,12,5333.333215,1999.999882,0
77,5,8,246824,12,1999.999882,2666.666548,0
77,8,5,246824,12,2666.666548,1999.999882,0
77,5,19,246824,27,1999.999882,7999.999882,0
77,19,5,246824,27,7999.999882,1999.999882,0
77,5,24,246824,24,1999.999882,5333.333215,0
77,24,5,246824,24,5333.333215,1999.999882,0
77,5,26,246824,29,1999.999882,7999.999882,0
77,26,5,246824,29,7999.999882,1999.999882,0
77,6,18,246824,21,5333.333215,5333.333215,0
77,18,6,246824,21,5333.333215,5333.333215,0
77,7,10,246824,11,7999.999882,3199.999882,0
77,10,7,246824,11,3199.999882,7999.999882,0
77,8,9,246824,12,2666.666548,7999.999882,0
77,9,8,246824,12,7999.999882,2666.666548,0
77,8,10,246824,11,2666.666548,3199.999882,0
77,10,8,246824,11,3199.999882,2666.666548,0
77,8,19,246824,27,2666.666548,7999.999882,0
77,19,8,246824,27,7999.999882,2666.666548,0
77,8,20,246824,38,2666.666548,7999.999882,0
77,20,8,246824,38,7999.999882,2666.666548,0
77,8,26,246824,29,2666.666548,7999.999882,0
77,26,8,246824,29,7999.999882,2666.666548,0
77,9,10,246824,11,7999.999882,3199.999882,0
77,10,9,246824,11,3199.999882,7999.999882,0
77,10,12,246824,11,3199.999882,5333.333215,0
77,12,10,246824,11,5333.333215,3199.999882,0
77,10,13,246824,8,3199.999882,2285.714167,0
77,13,10,246824,8,2285.714167,3199.999882,0
77,11,13,246824,9,5333.333215,2285.714167,0
77,13,11,246824,9,2285.714167,5333.333215,0
77,11,14,246824,9,5333.333215,2666.666548,0
77,14,11,246824,9,2666.666548,5333.333215,0
77,11,29,246824,30,5333.333215,5333.333215,0
77,29,11,246824,30,5333.333215,5333.333215,0
77,12,13,246824,9,5333.333215,2285.714167,0
77,13,12,246824,9,2285.714167,5333.333215,0
77,12,15,246824,42,5333.333215,7999.999882,0
77,15,12,246824,42,7999.999882,5333.333215,0
77,13,14,246824,7,2285.714167,2666.666548,0
77,14,13,246824,7,2666.666548,2285.714167,0
77,13,16,246824,19,2285.714167,3999.999882,0
77,16,13,246824,19,3999.999882,2285.714167,0
77,13,21,246824,35,2285.714167,7999.999882,0
77,21,13,246824,35,7999.999882,2285.714167,0
77,14,15,246824,39,2666.666548,7999.999882,0
77,15,14,246824,39,7999.999882,2666.666548,0
77,14,17,246824,20,2666.666548,7999.999882,0
77,17,14,246824,20,7999.999882,2666.666548,0
77,14,24,246824,21,2666.666548,5333.333215,0
77,24,14,246824,21,5333.333215,2666.666548,0
77,14,25,246824,26,2666.666548,7999.999882,0
77,25,14,246824,26,7999.999882,2666.666548,0
77,16,17,246824,24,3999.999882,7999.999882,0
77,17,16,246824,24,7999.999882,3999.999882,0
77,16,18,246824,24,3999.999882,5333.333215,0
77,18,16,246824,24,5333.333215,3999.999882,0
77,18,22,246824,27,5333.333215,5333.333215,0
77,22,18,246824,27,5333.333215,5333.333215,0
77,22,23,246824,29,5333.333215,5333.333215,0
77,23,22,246824,29,5333.333215,5333.333215,0
77,22,24,246824,28,5333.333215,5333.333215,0
77,24,22,246824,28,5333.333215,5333.333215,0
77,23,25,246824,31,5333.333215,7999.999882,0
77,25,23,246824,31,7999.999882,5333.333215,0
77,28,29,246824,37,7999.999882,5333.333215,0
77,29,28,246824,37,5333.333215,7999.999882,0
78,0,1,246824,12,3999.999882,3999.999882,0
78,1,0,246824,12,3999.999882,3999.999882,0
78,0,16,246824,22,3999.999882,3999.999882,0
78,16,0,246824,22,3999.999882,3999.999882,0
78,0,23,246824,25,3999.999882,5333.333215,0
78,23,0,246824,25,5333.333215,3999.999882,0
78,0,27,246824,30,3999.999882,7999.999882,0
78,27,0,246824,30,7999.999882,3999.999882,0
78,1,2,246824,10,3999.999882,3199.999882,0
78,2,1,246824,10,3199.999882,3999.999882,0
78,1,3,246824,11,3999.999882,3199.999882,0
78,3,1,246824,11,3199.999882,3999.999882,0
78,1,20,246824,37,3999.999882,7999.999882,0
78,20,1,246824,37,7999.999882,3999.999882,0
78,2,4,246824,8,3199.999882,5333.333215,0
78,4,2,246824,8,5333.333215,3199.999882,0
78,2,5,246824,11,3199.999882,2666.666548,0
78,5,2,246824,11,2666.666548,3199.999882,0
78,2,21,246824,35,3199.999882,7999.999882,0
78,21,2,246824,35,7999.999882,3199.999882,0
78,2,29,246824,28,3199.999882,7999.999882,0
78,29,2,246824,28,7999.999882,3199.999882,0
78,3,5,246824,11,3199.999882,2666.666548,0
78,5,3,246824,11,2666.666548,3199.999882,0
78,3,6,246824,11,3199.999882,5333.333215,0
78,6,3,246824,11,5333.333215,3199.999882,0
78,3,27,246824,29,3199.999882,7999.999882,0
78,27,3,246824,29,7999.999882,3199.999882,0
78,3,28,246824,32,3199.999882,7999.999882,0
78,28,3,246824,32,7999.999882,3199.999882,0
78,4,7,246824,9,5333.333215,5333.333215,0
78,7,4,246824,9,5333.333215,5333.333215,0
78,4,13,246824,6,5333.333215,2285.714167,0
78,13,4,246824,6,2285.714167,5333.333215,0
78,5,8,246824,12,2666.666548,2666.666548,0
78,8,5,246824,12,2666.666548,2666.666548,0
78,5,19,246824,27,2666.666548,7999.999882,0
78,19,5,246824,27,7999.999882,2666.666548,0
78,5,24,246824,24,2666.666548,5333.333215,0
78,24,5,246824,24,5333.333215,2666.666548,0
78,5,26,246824,29,2666.666548,7999.999882,0
78,26,5,246824,29,7999.999882,2666.666548,0
78,6,7,246824,12,5333.333215,5333.333215,0
78,7,6,246824,12,5333.333215,5333.333215,0
78,6,18,246824,21,5333.333215,5333.333215,0
78,18,6,246824,21,5333.333215,5333.333215,0
78,7,10,246824,11,5333.333215,3999.999882,0
78,10,7,246824,11,3999.999882,5333.333215,0
78,8,9,246824,12,2666.666548,7999.999882,0
78,9,8,246824,12,7999.999882,2666.666548,0
78,8,10,246824,11,2666.666548,3999.999882,0
78,10,8,246824,11,3999.999882,2666.666548,0
78,8,19,246824,27,2666.666548,7999.999882,0
78,19,8,246824,27,7999.999882,2666.666548,0
78,8,20,246824,38,2666.666548,7999.999882,0
78,20,8,246824,38,7999.999882,2666.666548,0
78,8,26,246824,29,2666.666548,7999.999882,0
78,26,8,246824,29,7999.999882,2666.666548,0
78,9,12,246824,12,7999.999882,3999.999882,0
78,12,9,246824,12,3999.999882,7999.999882,0
78,10,12,246824,11,3999.999882,3999.999882,0
78,12,10,246824,11,3999.999882,3999.999882,0
78,10,13,246824,8,3999.999882,2285.714167,0
78,13,10,246824,8,2285.714167,3999.999882,0
78,11,13,246824,9,5333.333215,2285.714167,0
78,13,11,246824,9,2285.714167,5333.333215,0
78,11,14,246824,9,5333.333215,2666.666548,0
78,14,11,246824,9,2666.666548,5333.333215,0
78,11,29,246824,30,5333.333215,7999.999882,0
78,29,11,246824,30,7999.999882,5333.333215,0
78,12,13,246824,9,3999.999882,2285.714167,0
78,13,12,246824,9,2285.714167,3999.999882,0
78,12,15,246824,42,3999.999882,7999.999882,0
78,15,12,246824,42,7999.999882,3999.999882,0
78,13,14,246824,7,2285.714167,2666.666548,0
78,14,13,246824,7,2666.666548,2285.714167,0
78,13,16,246824,19,2285.714167,3999.999882,0
78,16,13,246824,19,3999.999882,2285.714167,0
78,13,21,246824,35,2285.714167,7999.999882,0
78,21,13,246824,35,7999.999882,2285.714167,0
78,14,15,246824,39,2666.666548,7999.999882,0
78,15,14,246824,39,7999.999882,2666.666548,0
78,14,17,246824,20,2666.666548,5333.333215,0
78,17,14,246824,20,5333.333215,2666.666548,0
78,14,24,246824,21,2666.666548,5333.333215,0
78,24,14,246824,21,5333.333215,2666.666548,0
78,14,25,246824,26,2666.666548,7999.999882,0
78,25,14,246824,26,7999.999882,2666.666548,0
78,16,17,246824,24,3999.999882,5333.333215,0
78,17,16,246824,24,5333.333215,3999.999882,0
78,16,18,246824,24,3999.999882,5333.333215,0
78,18,16,246824,24,5333.333215,3999.999882,0
78,17,28,246824,34,5333.333215,7999.999882,0
78,28,17,246824,34,7999.999882,5333.333215,0
78,18,22,246824,27,5333.333215,5333.333215,0
78,22,18,246824,27,5333.333215,5333.333215,0
78,22,23,246824,29,5333.333215,5333.333215,0
78,23,22,246824,29,5333.333215,5333.333215,0
78,22,24,246824,28,5333.333215,5333.333215,0
78,24,22,246824,28,5333.333215,5333.333215,0
78,23,25,246824,31,5333.333215,7999.999882,0
78,25,23,246824,31,7999.999882,5333.333215,0
79,0,1,246824,12,3999.999882,3999.999882,0
79,1,0,246824,12,3999.999882,3999.999882,0
79,0,16,246824,22,3999.999882,3999.999882,0
79,16,0,246824,22,3999.999882,3999.999882,0
79,0,23,246824,25,3999.999882,7999.999882,0
79,23,0,246824,25,7999.999882,3999.999882,0
79,0,27,246824,30,3999.999882,7999.999882,0
79,27,0,246824,30,7999.999882,3999.999882,0
79,1,2,246824,10,3999.999882,3999.999882,0
79,2,1,246824,10,3999.999882,3999.999882,0
79,1,3,246824,11,3999.999882,3199.999882,0
79,3,1,246824,11,3199.999882,3999.999882,0
79,1,20,246824,37,3999.999882,7999.999882,0
79,20,1,246824,37,7999.999882,3999.999882,0
79,2,4,246824,8,3999.999882,5333.333215,0
79,4,2,246824,8,5333.333215,3999.999882,0
79,2,21,246824,35,3999.999882,7999.999882,0
79,21,2,246824,35,7999.999882,3999.999882,0
79,2,29,246824,28,3999.999882,7999.999882,0
79,29,2,246824,28,7999.999882,3999.999882,0
79,3,5,246824,11,3199.999882,3199.999882,0
79,5,3,246824,11,3199.999882,3199.999882,0
79,3,6,246824,11,3199.999882,5333.333215,0
79,6,3,246824,11,5333.333215,3199.999882,0
79,3,27,246824,29,3199.999882,7999.999882,0
79,27,3,246824,29,7999.999882,3199.999882,0
79,3,28,246824,32,3199.999882,7999.999882,0
79,28,3,246824,32,7999.999882,3199.999882,0
79,4,7,246824,9,5333.333215,5333.333215,0
79,7,4,246824,9,5333.333215,5333.333215,0
79,4,13,246824,6,5333.333215,2285.714167,0
79,13,4,246824,6,2285.714167,5333.333215,0
79,5,8,246824,12,3199.999882,3199.999882,0
79,8,5,246824,12,3199.999882,3199.999882,0
79,5,19,246824,27,3199.999882,3999.999882,0
79,19,5,246824,27,3999.999882,3199.999882,0
79,5,24,246824,24,3199.999882,7999.999882,0
79,24,5,246824,24,7999.999882,3199.999882,0
79,5,26,246824,29,3199.999882,7999.999882,0
79,26,5,246824,29,7999.999882,3199.999882,0
79,6,7,246824,12,5333.333215,5333.333215,0
79,7,6,246824,12,5333.333215,5333.333215,0
79,6,18,246824,21,5333.333215,5333.333215,0
79,18,6,246824,21,5333.333215,5333.333215,0
79,7,10,246824,11,5333.333215,3199.999882,0
79,10,7,246824,11,3199.999882,5333.333215,0
79,8,10,246824,11,3199.999882,3199.999882,0
79,10,8,246824,11,3199.999882,3199.999882,0
79,8,19,246824,27,3199.999882,3999.999882,0
79,19,8,246824,27,3999.999882,3199.999882,0
79,8,20,246824,38,3199.999882,7999.999882,0
79,20,8,246824,38,7999.999882,3199.999882,0
79,8,26,246824,29,3199.999882,7999.999882,0
79,26,8,246824,29,7999.999882,3199.999882,0
79,9,10,246824,11,7999.999882,3199.999882,0
79,10,9,246824,11,3199.999882,7999.999882,0
79,9,12,246824,12,7999.999882,3999.999882,0
79,12,9,246824,12,3999.999882,7999.999882,0
79,10,12,246824,11,3199.999882,3999.999882,0
79,12,10,246824,11,3999.999882,3199.999882,0
79,10,13,246824,8,3199.999882,2285.714167,0
79,13,10,246824,8,2285.714167,3199.999882,0
79,11,13,246824,9,5333.333215,2285.714167,0
79,13,11,246824,9,2285.714167,5333.333215,0
79,11,14,246824,9,5333.333215,2666.666548,0
79,14,11,246824,9,2666.666548,5333.333215,0
79,11,29,246824,30,5333.333215,7999.999882,0
79,29,11,246824,30,7999.999882,5333.333215,0
79,12,13,246824,9,3999.999882,2285.714167,0
79,13,12,246824,9,2285.714167,3999.999882,0
79,12,15,246824,42,3999.999882,7999.999882,0
79,15,12,246824,42,7999.999882,3999.999882,0
79,13,14,246824,7,2285.714167,2666.666548,0
79,14,13,246824,7,2666.666548,2285.714167,0
79,13,16,246824,19,2285.714167,3999.999882,0
79,16,13,246824,19,3999.999882,2285.714167,0
79,13,21,246824,35,2285.714167,7999.999882,0
79,21,13,246824,35,7999.999882,2285.714167,0
79,14,15,246824,39,2666.666548,7999.999882,0
79,15,14,246824,39,7999.999882,2666.666548,0
79,14,17,246824,20,2666.666548,5333.333215,0
79,17,14,246824,20,5333.333215,2666.666548,0
79,14,24,246824,21,2666.666548,7999.999882,0
79,24,14,246824,21,7999.999882,2666.666548,0
79,14,25,246824,26,2666.666548,7999.999882,0
79,25,14,246824,26,7999.999882,2666.666548,0
79,16,17,246824,24,3999.999882,5333.333215,0
79,17,16,246824,24,5333.333215,3999.999882,0
79,16,18,246824,24,3999.999882,5333.333215,0
79,18,16,246824,24,5333.333215,3999.999882,0
79,17,28,246824,34,5333.333215,7999.999882,0
79,28,17,246824,34,7999.999882,5333.333215,0
79,18,22,246824,27,5333.333215,5333.333215,0
79,22,18,246824,27,5333.333215,5333.333215,0
79,19,22,246824,31,3999.999882,5333.333215,0
79,22,19,246824,31,5333.333215,3999.999882,0
79,19,23,246824,30,3999.999882,7999.999882,0
79,23,19,246824,30,7999.999882,3999.999882,0
79,22,25,246824,33,5333.333215,7999.999882,0
79,25,22,246824,33,7999.999882,5333.333215,0
80,0,1,246824,12,3999.999882,3999.999882,0
80,1,0,246824,12,3999.999882,3999.999882,0
80,0,16,246824,22,3999.999882,3999.999882,0
80,16,0,246824,22,3999.999882,3999.999882,0
80,0,23,246824,25,3999.999882,7999.999882,0
80,23,0,246824,25,7999.999882,3999.999882,0
80,0,27,246824,30,3999.999882,7999.999882,0
80,27,0,246824,30,7999.999882,3999.999882,0
80,1,2,246824,10,3999.999882,3199.999882,0
80,2,1,246824,10,3199.999882,3999.999882,0
80,1,3,246824,11,3999.999882,3199.999882,0
80,3,1,246824,11,3199.999882,3999.999882,0
80,1,20,246824,37,3999.999882,7999.999882,0
80,20,1,246824,37,7999.999882,3999.999882,0
80,2,4,246824,8,3199.999882,7999.999882,0
80,4,2,246824,8,7999.999882,3199.999882,0
80,2,5,246824,11,3199.999882,2285.714167,0
80,5,2,246824,11,2285.714167,3199.999882,0
80,2,21,246824,35,3199.999882,7999.999882,0
80,21,2,246824,35,7999.999882,3199.999882,0
80,2,29,246824,28,3199.999882,7999.999882,0
80,29,2,246824,28,7999.999882,3199.999882,0
80,3,5,246824,11,3199.999882,2285.714167,0
80,5,3,246824,11,2285.714167,3199.999882,0
80,3,6,246824,11,3199.999882,3999.999882,0
80,6,3,246824,11,3999.999882,3199.999882,0
80,3,27,246824,29,3199.999882,7999.999882,0
80,27,3,246824,29,7999.999882,3199.999882,0
80,3,28,246824,32,3199.999882,7999.999882,0
80,28,3,246824,32,7999.999882,3199.999882,0
80,4,13,246824,6,7999.999882,2285.714167,0
80,13,4,246824,6,2285.714167,7999.999882,0
80,5,6,246824,12,2285.714167,3999.999882,0
80,6,5,246824,12,3999.999882,2285.714167,0
80,5,8,246824,12,2285.714167,2666.666548,0
80,8,5,246824,12,2666.666548,2285.714167,0
80,5,19,246824,27,2285.714167,7999.999882,0
80,19,5,246824,27,7999.999882,2285.714167,0
80,5,24,246824,24,2285.714167,5333.333215,0
80,24,5,246824,24,5333.333215,2285.714167,0
80,5,26,246824,29,2285.714167,7999.999882,0
80,26,5,246824,29,7999.999882,2285.714167,0
80,6,7,246824,12,3999.999882,7999.999882,0
80,7,6,246824,12,7999.999882,3999.999882,0
80,6,18,246824,21,3999.999882,5333.333215,0
80,18,6,246824,21,5333.333215,3999.999882,0
80,7,10,246824,11,7999.999882,3999.999882,0
80,10,7,246824,11,3999.999882,7999.999882,0
80,8,9,246824,12,2666.666548,7999.999882,0
80,9,8,246824,12,7999.999882,2666.666548,0
80,8,10,246824,11,2666.666548,3999.999882,0
80,10,8,246824,11,3999.999882,2666.666548,0
80,8,19,246824,27,2666.666548,7999.999882,0
80,19,8,246824,27,7999.999882,2666.666548,0
80,8,20,246824,38,2666.666548,7999.999882,0
80,20,8,246824,38,7999.999882,2666.666548,0
80,8,26,246824,29,2666.666548,7999.999882,0
80,26,8,246824,29,7999.999882,2666.666548,0
80,9,12,246824,12,7999.999882,3999.999882,0
80,12,9,246824,12,3999.999882,7999.999882,0
80,10,12,246824,11,3999.999882,3999.999882,0
80,12,10,246824,11,3999.999882,3999.999882,0
80,10,13,246824,8,3999.999882,2285.714167,0
80,13,10,246824,8,2285.714167,3999.999882,0
80,11,13,246824,9,5333.333215,2285.714167,0
80,13,11,246824,9,2285.714167,5333.333215,0
80,11,14,246824,9,5333.333215,2666.666548,0
80,14,11,246824,9,2666.666548,5333.333215,0
80,11,29,246824,30,5333.333215,7999.999882,0
80,29,11,246824,30,7999.999882,5333.333215,0
80,12,13,246824,9,3999.999882,2285.714167,0
80,13,12,246824,9,2285.714167,3999.999882,0
80,12,15,246824,42,3999.999882,7999.999882,0
80,15,12,246824,42,7999.999882,3999.999882,0
80,13,14,246824,7,2285.714167,2666.666548,0
80,14,13,246824,7,2666.666548,2285.714167,0
80,13,16,246824,19,2285.714167,3999.999882,0
80,16,13,246824,19,3999.999882,2285.714167,0
80,13,21,246824,35,2285.714167,7999.999882,0
80,21,13,246824,35,7999.999882,2285.714167,0
80,14,15,246824,39,2666.666548,7999.999882,0
80,15,14,246824,39,7999.999882,2666.666548,0
80,14,17,246824,20,2666.666548,5333.333215,0
80,17,14,246824,20,5333.333215,2666.666548,0
80,14,24,246824,21,2666.666548,5333.333215,0
80,24,14,246824,21,5333.333215,2666.666548,0
80,14,25,246824,26,2666.666548,7999.999882,0
80,25,14,246824,26,7999.999882,2666.666548,0
80,16,17,246824,24,3999.999882,5333.333215,0
80,17,16,246824,24,5333.333215,3999.999882,0
80,16,18,246824,24,3999.999882,5333.333215,0
80,18,16,246824,24,5333.333215,3999.999882,0
80,17,28,246824,34,5333.333215,7999.999882,0
80,28,17,246824,34,7999.999882,5333.333215,0
80,18,22,246824,27,5333.333215,3999.999882,0
80,22,18,246824,27,3999.999882,5333.333215,0
80,22,23,246824,29,3999.999882,7999.999882,0
80,23,22,246824,29,7999.999882,3999.999882,0
80,22,24,246824,28,3999.999882,5333.333215,0
80,24,22,246824,28,5333.333215,3999.999882,0
80,22,25,246824,33,3999.999882,7999.999882,0
80,25,22,246824,33,7999.999882,3999.999882,0
81,0,1,246824,12,3999.999882,3999.999882,0
81,1,0,246824,12,3999.999882,3999.999882,0
81,0,16,246824,22,3999.999882,3999.999882,0
81,16,0,246824,22,3999.999882,3999.999882,0
81,0,23,246824,25,3999.999882,5333.333215,0
81,23,0,246824,25,5333.333215,3999.999882,0
81,0,27,246824,30,3999.999882,7999.999882,0
81,27,0,246824,30,7999.999882,3999.999882,0
81,1,2,246824,10,3999.999882,3999.999882,0
81,2,1,246824,10,3999.999882,3999.999882,0
81,1,3,246824,11,3999.999882,3999.999882,0
81,3,1,246824,11,3999.999882,3999.999882,0
81,1,20,246824,37,3999.999882,7999.999882,0
81,20,1,246824,37,7999.999882,3999.999882,0
81,2,4,246824,8,3999.999882,5333.333215,0
81,4,2,246824,8,5333.333215,3999.999882,0
81,2,21,246824,35,3999.999882,7999.999882,0
81,21,2,246824,35,7999.999882,3999.999882,0
81,2,29,246824,28,3999.999882,7999.999882,0
81,29,2,246824,28,7999.999882,3999.999882,0
81,3,5,246824,11,3999.999882,2666.666548,0
81,5,3,246824,11,2666.666548,3999.999882,0
81,3,27,246824,29,3999.999882,7999.999882,0
81,27,3,246824,29,7999.999882,3999.999882,0
81,3,28,246824,32,3999.999882,7999.999882,0
81,28,3,246824,32,7999.999882,3999.999882,0
81,4,7,246824,9,5333.333215,5333.333215,0
81,7,4,246824,9,5333.333215,5333.333215,0
81,4,13,246824,6,5333.333215,2285.714167,0
81,13,4,246824,6,2285.714167,5333.333215,0
81,5,6,246824,12,2666.666548,5333.333215,0
81,6,5,246824,12,5333.333215,2666.666548,0
81,5,8,246824,12,2666.666548,2666.666548,0
81,8,5,246824,12,2666.666548,2666.666548,0
81,5,19,246824,27,2666.666548,7999.999882,0
81,19,5,246824,27,7999.999882,2666.666548,0
81,5,24,246824,24,2666.666548,5333.333215,0
81,24,5,246824,24,5333.333215,2666.666548,0
81,5,26,246824,29,2666.666548,7999.999882,0
81,26,5,246824,29,7999.999882,2666.666548,0
81,6,7,246824,12,5333.333215,5333.333215,0
81,7,6,246824,12,5333.333215,5333.333215,0
81,6,18,246824,21,5333.333215,5333.333215,0
81,18,6,246824,21,5333.333215,5333.333215,0
81,7,10,246824,11,5333.333215,3999.999882,0
81,10,7,246824,11,3999.999882,5333.333215,0
81,8,9,246824,12,2666.666548,7999.999882,0
81,9,8,246824,12,7999.999882,2666.666548,0
81,8,10,246824,11,2666.666548,3999.999882,0
81,10,8,246824,11,3999.999882,2666.666548,0
81,8,19,246824,27,2666.666548,7999.999882,0
81,19,8,246824,27,7999.999882,2666.666548,0
81,8,20,246824,38,2666.666548,7999.999882,0
81,20,8,246824,38,7999.999882,2666.666548,0
81,8,26,246824,29,2666.666548,7999.999882,0
81,26,8,246824,29,7999.999882,2666.666548,0
81,9,12,246824,12,7999.999882,3999.999882,0
81,12,9,246824,12,3999.999882,7999.999882,0
81,10,12,246824,11,3999.999882,3999.999882,0
81,12,10,246824,11,3999.999882,3999.999882,0
81,10,13,246824,8,3999.999882,2285.714167,0
81,13,10,246824,8,2285.714167,3999.999882,0
81,11,13,246824,9,5333.333215,2285.714167,0
81,13,11,246824,9,2285.714167,5333.333215,0
81,11,14,246824,9,5333.333215,2666.666548,0
81,14,11,246824,9,2666.666548,5333.333215,0
81,11,29,246824,30,5333.333215,7999.999882,0
81,29,11,246824,30,7999.999882,5333.333215,0
81,12,13,246824,9,3999.999882,2285.714167,0
81,13,12,246824,9,2285.714167,3999.999882,0
81,12,15,246824,42,3999.999882,7999.999882,0
81,15,12,246824,42,7999.999882,3999.999882,0
81,13,14,246824,7,2285.714167,2666.666548,0
81,14,13,246824,7,2666.666548,2285.714167,0
81,13,16,246824,19,2285.714167,3999.999882,0
81,16,13,246824,19,3999.999882,2285.714167,0
81,13,21,246824,35,2285.714167,7999.999882,0
81,21,13,246824,35,7999.999882,2285.714167,0
81,14,15,246824,39,2666.666548,7999.999882,0
81,15,14,246824,39,7999.999882,2666.666548,0
81,14,17,246824,20,2666.666548,5333.333215,0
81,17,14,246824,20,5333.333215,2666.666548,0
81,14,24,246824,21,2666.666548,5333.333215,0
81,24,14,246824,21,5333.333215,2666.666548,0
81,14,25,246824,26,2666.666548,7999.999882,0
81,25,14,246824,26,7999.999882,2666.666548,0
81,16,17,246824,24,3999.999882,5333.333215,0
81,17,16,246824,24,5333.333215,3999.999882,0
81,16,18,246824,24,3999.999882,5333.333215,0
81,18,16,246824,24,5333.333215,3999.999882,0
81,17,28,246824,34,5333.333215,7999.999882,0
81,28,17,246824,34,7999.999882,5333.333215,0
81,18,22,246824,27,5333.333215,5333.333215,0
81,22,18,246824,27,5333.333215,5333.333215,0
81,22,23,246824,29,5333.333215,5333.333215,0
81,23,22,246824,29,5333.333215,5333.333215,0
81,22,24,246824,28,5333.333215,5333.333215,0
81,24,22,246824,28,5333.333215,5333.333215,0
81,23,25,246824,31,5333.333215,7999.999882,0
81,25,23,246824,31,7999.999882,5333.333215,0
82,0,1,246824,12,3999.999882,3999.999882,0
82,1,0,246824,12,3999.999882,3999.999882,0
82,0,16,246824,22,3999.999882,3999.999882,0
82,16,0,246824,22,3999.999882,3999.999882,0
82,0,23,246824,25,3999.999882,7999.999882,0
82,23,0,246824,25,7999.999882,3999.999882,0
82,0,27,246824,30,3999.999882,7999.999882,0
82,27,0,246824,30,7999.999882,3999.999882,0
82,1,2,246824,10,3999.999882,3999.999882,0
82,2,1,246824,10,3999.999882,3999.999882,0
82,1,3,246824,11,3999.999882,3999.999882,0
82,3,1,246824,11,3999.999882,3999.999882,0
82,1,20,246824,37,3999.999882,7999.999882,0
82,20,1,246824,37,7999.999882,3999.999882,0
82,2,4,246824,8,3999.999882,5333.333215,0
82,4,2,246824,8,5333.333215,3999.999882,0
82,2,21,246824,35,3999.999882,7999.999882,0
82,21,2,246824,35,7999.999882,3999.999882,0
82,2,29,246824,28,3999.999882,7999.999882,0
82,29,2,246824,28,7999.999882,3999.999882,0
82,3,5,246824,11,3999.999882,2666.666548,0
82,5,3,246824,11,2666.666548,3999.999882,0
82,3,27,246824,29,3999.999882,7999.999882,0
82,27,3,246824,29,7999.999882,3999.999882,0
82,3,28,246824,32,3999.999882,7999.999882,0
82,28,3,246824,32,7999.999882,3999.999882,0
82,4,7,246824,9,5333.333215,5333.333215,0
82,7,4,246824,9,5333.333215,5333.333215,0
82,4,13,246824,6,5333.333215,2285.714167,0
82,13,4,246824,6,2285.714167,5333.333215,0
82,5,6,246824,12,2666.666548,5333.333215,0
82,6,5,246824,12,5333.333215,2666.666548,0
82,5,8,246824,12,2666.666548,3199.999882,0
82,8,5,246824,12,3199.999882,2666.666548,0
82,5,19,246824,27,2666.666548,7999.999882,0
82,19,5,246824,27,7999.999882,2666.666548,0
82,5,24,246824,24,2666.666548,5333.333215,0
82,24,5,246824,24,5333.333215,2666.666548,0
82,5,26,246824,29,2666.666548,7999.999882,0
82,26,5,246824,29,7999.999882,2666.666548,0
82,6,7,246824,12,5333.333215,5333.333215,0
82,7,6,246824,12,5333.333215,5333.333215,0
82,6,18,246824,21,5333.333215,5333.333215,0
82,18,6,246824,21,5333.333215,5333.333215,0
82,7,10,246824,11,5333.333215,3199.999882,0
82,10,7,246824,11,3199.999882,5333.333215,0
82,8,10,246824,11,3199.999882,3199.999882,0
82,10,8,246824,11,3199.999882,3199.999882,0
82,8,19,246824,27,3199.999882,7999.999882,0
82,19,8,246824,27,7999.999882,3199.999882,0
82,8,20,246824,38,3199.999882,7999.999882,0
82,20,8,246824,38,7999.999882,3199.999882,0
82,8,26,246824,29,3199.999882,7999.999882,0
82,26,8,246824,29,7999.999882,3199.999882,0
82,9,10,246824,11,7999.999882,3199.999882,0
82,10,9,246824,11,3199.999882,7999.999882,0
82,9,12,246824,12,7999.999882,3999.999882,0
82,12,9,246824,12,3999.999882,7999.999882,0
82,10,12,246824,11,3199.999882,3999.999882,0
82,12,10,246824,11,3999.999882,3199.999882,0
82,10,13,246824,8,3199.999882,2285.714167,0
82,13,10,246824,8,2285.714167,3199.999882,0
82,11,13,246824,9,5333.333215,2285.714167,0
82,13,11,246824,9,2285.714167,5333.333215,0
82,11,14,246824,9,5333.333215,2666.666548,0
82,14,11,246824,9,2666.666548,5333.333215,0
82,11,29,246824,30,5333.333215,7999.999882,0
82,29,11,246824,30,7999.999882,5333.333215,0
82,12,13,246824,9,3999.999882,2285.714167,0
82,13,12,246824,9,2285.714167,3999.999882,0
82,12,15,246824,42,3999.999882,7999.999882,0
82,15,12,246824,42,7999.999882,3999.999882,0
82,13,14,246824,7,2285.714167,2666.666548,0
82,14,13,246824,7,2666.666548,2285.714167,0
82,13,16,246824,19,2285.714167,3999.999882,0
82,16,13,246824,19,3999.999882,2285.714167,0
82,13,21,246824,35,2285.714167,7999.999882,0
82,21,13,246824,35,7999.999882,2285.714167,0
82,14,15,246824,39,2666.666548,7999.999882,0
82,15,14,246824,39,7999.999882,2666.666548,0
82,14,17,246824,20,2666.666548,5333.333215,0
82,17,14,246824,20,5333.333215,2666.666548,0
82,14,24,246824,21,2666.666548,5333.333215,0
82,24,14,246824,21,5333.333215,2666.666548,0
82,14,25,246824,26,2666.666548,7999.999882,0
82,25,14,246824,26,7999.999882,2666.666548,0
82,16,17,246824,24,3999.999882,5333.333215,0
82,17,16,246824,24,5333.333215,3999.999882,0
82,16,18,246824,24,3999.999882,5333.333215,0
82,18,16,246824,24,5333.333215,3999.999882,0
82,17,28,246824,34,5333.333215,7999.999882,0
82,28,17,246824,34,7999.999882,5333.333215,0
82,18,22,246824,27,5333.333215,3999.999882,0
82,22,18,246824,27,3999.999882,5333.333215,0
82,22,23,246824,29,3999.999882,7999.999882,0
82,23,22,246824,29,7999.999882,3999.999882,0
82,22,24,246824,28,3999.999882,5333.333215,0
82,24,22,246824,28,5333.333215,3999.999882,0
82,22,25,246824,33,3999.999882,7999.999882,0
82,25,22,246824,33,7999.999882,3999.999882,0
83,0,1,246824,12,3999.999882,3999.999882,0
83,1,0,246824,12,3999.999882,3999.999882,0
83,0,16,246824,22,3999.999882,7999.999882,0
83,16,0,246824,22,7999.999882,3999.999882,0
83,0,23,246824,25,3999.999882,7999.999882,0
83,23,0,246824,25,7999.999882,3999.999882,0
83,0,27,246824,30,3999.999882,7999.999882,0
83,27,0,246824,30,7999.999882,3999.999882,0
83,1,2,246824,10,3999.999882,3999.999882,0
83,2,1,246824,10,3999.999882,3999.999882,0
83,1,3,246824,11,3999.999882,3199.999882,0
83,3,1,246824,11,3199.999882,3999.999882,0
83,1,20,246824,37,3999.999882,7999.999882,0
83,20,1,246824,37,7999.999882,3999.999882,0
83,2,4,246824,8,3999.999882,3999.999882,0
83,4,2,246824,8,3999.999882,3999.999882,0
83,2,21,246824,35,3999.999882,7999.999882,0
83,21,2,246824,35,7999.999882,3999.999882,0
83,2,29,246824,28,3999.999882,7999.999882,0
83,29,2,246824,28,7999.999882,3999.999882,0
83,3,5,246824,11,3199.999882,2285.714167,0
83,5,3,246824,11,2285.714167,3199.999882,0
83,3,6,246824,11,3199.999882,5333.333215,0
83,6,3,246824,11,5333.333215,3199.999882,0
83,3,27,246824,29,3199.999882,7999.999882,0
83,27,3,246824,29,7999.999882,3199.999882,0
83,3,28,246824,32,3199.999882,7999.999882,0
83,28,3,246824,32,7999.999882,3199.999882,0
83,4,5,246824,9,3999.999882,2285.714167,0
83,5,4,246824,9,2285.714167,3999.999882,0
83,4,7,246824,9,3999.999882,5333.333215,0
83,7,4,246824,9,5333.333215,3999.999882,0
83,4,13,246824,6,3999.999882,2285.714167,0
83,13,4,246824,6,2285.714167,3999.999882,0
83,5,6,246824,12,2285.714167,5333.333215,0
83,6,5,246824,12,5333.333215,2285.714167,0
83,5,8,246824,12,2285.714167,2666.666548,0
83,8,5,246824,12,2666.666548,2285.714167,0
83,5,19,246824,27,2285.714167,7999.999882,0
83,19,5,246824,27,7999.999882,2285.714167,0
83,5,24,246824,24,2285.714167,5333.333215,0
83,24,5,246824,24,5333.333215,2285.714167,0
83,5,26,246824,29,2285.714167,7999.999882,0
83,26,5,246824,29,7999.999882,2285.714167,0
83,6,18,246824,21,5333.333215,5333.333215,0
83,18,6,246824,21,5333.333215,5333.333215,0
83,7,9,246824,12,5333.333215,7999.999882,0
83,9,7,246824,12,7999.999882,5333.333215,0
83,7,10,246824,11,5333.333215,3999.999882,0
83,10,7,246824,11,3999.999882,5333.333215,0
83,8,9,246824,12,2666.666548,7999.999882,0
83,9,8,246824,12,7999.999882,2666.666548,0
83,8,10,246824,11,2666.666548,3999.999882,0
83,10,8,246824,11,3999.999882,2666.666548,0
83,8,19,246824,27,2666.666548,7999.999882,0
83,19,8,246824,27,7999.999882,2666.666548,0
83,8,20,246824,38,2666.666548,7999.999882,0
83,20,8,246824,38,7999.999882,2666.666548,0
83,8,26,246824,29,2666.666548,7999.999882,0
83,26,8,246824,29,7999.999882,2666.666548,0
83,10,12,246824,11,3999.999882,5333.333215,0
83,12,10,246824,11,5333.333215,3999.999882,0
83,10,13,246824,8,3999.999882,2285.714167,0
83,13,10,246824,8,2285.714167,3999.999882,0
83,11,13,246824,9,5333.333215,2285.714167,0
83,13,11,246824,9,2285.714167,5333.333215,0
83,11,14,246824,9,5333.333215,2666.666548,0
83,14,11,246824,9,2666.666548,5333.333215,0
83,11,29,246824,30,5333.333215,7999.999882,0
83,29,11,246824,30,7999.999882,5333.333215,0
83,12,13,246824,9,5333.333215,2285.714167,0
83,13,12,246824,9,2285.714167,5333.333215,0
83,12,15,246824,42,5333.333215,7999.999882,0
83,15,12,246824,42,7999.999882,5333.333215,0
83,13,14,246824,7,2285.714167,2666.666548,0
83,14,13,246824,7,2666.666548,2285.714167,0
83,13,16,246824,19,2285.714167,7999.999882,0
83,16,13,246824,19,7999.999882,2285.714167,0
83,13,21,246824,35,2285.714167,7999.999882,0
83,21,13,246824,35,7999.999882,2285.714167,0
83,14,15,246824,39,2666.666548,7999.999882,0
83,15,14,246824,39,7999.999882,2666.666548,0
83,14,17,246824,20,2666.666548,3999.999882,0
83,17,14,246824,20,3999.999882,2666.666548,0
83,14,24,246824,21,2666.666548,5333.333215,0
83,24,14,246824,21,5333.333215,2666.666548,0
83,14,25,246824,26,2666.666548,7999.999882,0
83,25,14,246824,26,7999.999882,2666.666548,0
83,17,18,246824,24,3999.999882,5333.333215,0
83,18,17,246824,24,5333.333215,3999.999882,0
83,17,25,246824,30,3999.999882,7999.999882,0
83,25,17,246824,30,7999.999882,3999.999882,0
83,17,28,246824,34,3999.999882,7999.999882,0
83,28,17,246824,34,7999.999882,3999.999882,0
83,18,22,246824,27,5333.333215,5333.333215,0
83,22,18,246824,27,5333.333215,5333.333215,0
83,22,23,246824,29,5333.333215,7999.999882,0
83,23,22,246824,29,7999.999882,5333.333215,0
83,22,24,246824,28,5333.333215,5333.333215,0
83,24,22,246824,28,5333.333215,5333.333215,0
84,0,1,246824,12,3999.999882,3999.999882,0
84,1,0,246824,12,3999.999882,3999.999882,0
84,0,16,246824,22,3999.999882,3999.999882,0
84,16,0,246824,22,3999.999882,3999.999882,0
84,0,23,246824,25,3999.999882,7999.999882,0
84,23,0,246824,25,7999.999882,3999.999882,0
84,0,27,246824,30,3999.999882,7999.999882,0
84,27,0,246824,30,7999.999882,3999.999882,0
84,1,2,246824,10,3999.999882,3199.999882,0
84,2,1,246824,10,3199.999882,3999.999882,0
84,1,3,246824,11,3999.999882,3199.999882,0
84,3,1,246824,11,3199.999882,3999.999882,0
84,1,20,246824,37,3999.999882,7999.999882,0
84,20,1,246824,37,7999.999882,3999.999882,0
84,2,4,246824,8,3199.999882,5333.333215,0
84,4,2,246824,8,5333.333215,3199.999882,0
84,2,5,246824,11,3199.999882,2666.666548,0
84,5,2,246824,11,2666.666548,3199.999882,0
84,2,21,246824,35,3199.999882,7999.999882,0
84,21,2,246824,35,7999.999882,3199.999882,0
84,2,29,246824,28,3199.999882,5333.333215,0
84,29,2,246824,28,5333.333215,3199.999882,0
84,3,5,246824,11,3199.999882,2666.666548,0
84,5,3,246824,11,2666.666548,3199.999882,0
84,3,6,246824,11,3199.999882,5333.333215,0
84,6,3,246824,11,5333.333215,3199.999882,0
84,3,27,246824,29,3199.999882,7999.999882,0
84,27,3,246824,29,7999.999882,3199.999882,0
84,3,28,246824,32,3199.999882,7999.999882,0
84,28,3,246824,32,7999.999882,3199.999882,0
84,4,7,246824,9,5333.333215,3999.999882,0
84,7,4,246824,9,3999.999882,5333.333215,0
84,4,13,246824,6,5333.333215,2285.714167,0
84,13,4,246824,6,2285.714167,5333.333215,0
84,5,8,246824,12,2666.666548,3199.999882,0
84,8,5,246824,12,3199.999882,2666.666548,0
84,5,19,246824,27,2666.666548,7999.999882,0
84,19,5,246824,27,7999.999882,2666.666548,0
84,5,24,246824,24,2666.666548,5333.333215,0
84,24,5,246824,24,5333.333215,2666.666548,0
84,5,26,246824,29,2666.666548,7999.999882,0
84,26,5,246824,29,7999.999882,2666.666548,0
84,6,7,246824,12,5333.333215,3999.999882,0
84,7,6,246824,12,3999.999882,5333.333215,0
84,6,18,246824,21,5333.333215,5333.333215,0
84,18,6,246824,21,5333.333215,5333.333215,0
84,7,9,246824,12,3999.999882,7999.999882,0
84,9,7,246824,12,7999.999882,3999.999882,0
84,7,10,246824,11,3999.999882,3199.999882,0
84,10,7,246824,11,3199.999882,3999.999882,0
84,8,10,246824,11,3199.999882,3199.999882,0
84,10,8,246824,11,3199.999882,3199.999882,0
84,8,19,246824,27,3199.999882,7999.999882,0
84,19,8,246824,27,7999.999882,3199.999882,0
84,8,20,246824,38,3199.999882,7999.999882,0
84,20,8,246824,38,7999.999882,3199.999882,0
84,8,26,246824,29,3199.999882,7999.999882,0
84,26,8,246824,29,7999.999882,3199.999882,0
84,9,10,246824,11,7999.999882,3199.999882,0
84,10,9,246824,11,3199.999882,7999.999882,0
84,10,12,246824,11,3199.999882,5333.333215,0
84,12,10,246824,11,5333.333215,3199.999882,0
84,10,13,246824,8,3199.999882,2285.714167,0
84,13,10,246824,8,2285.714167,3199.999882,0
84,11,13,246824,9,5333.333215,2285.714167,0
84,13,11,246824,9,2285.714167,5333.333215,0
84,11,14,246824,9,5333.333215,2666.666548,0
84,14,11,246824,9,2666.666548,5333.333215,0
84,11,29,246824,30,5333.333215,5333.333215,0
84,29,11,246824,30,5333.333215,5333.333215,0
84,12,13,246824,9,5333.333215,2285.714167,0
84,13,12,246824,9,2285.714167,5333.333215,0
84,12,15,246824,42,5333.333215,7999.999882,0
84,15,12,246824,42,7999.999882,5333.333215,0
84,13,14,246824,7,2285.714167,2666.666548,0
84,14,13,246824,7,2666.666548,2285.714167,0
84,13,16,246824,19,2285.714167,3999.999882,0
84,16,13,246824,19,3999.999882,2285.714167,0
84,13,21,246824,35,2285.714167,7999.999882,0
84,21,13,246824,35,7999.999882,2285.714167,0
84,14,15,246824,39,2666.666548,7999.999882,0
84,15,14,246824,39,7999.999882,2666.666548,0
84,14,17,246824,20,2666.666548,7999.999882,0
84,17,14,246824,20,7999.999882,2666.666548,0
84,14,24,246824,21,2666.666548,5333.333215,0
84,24,14,246824,21,5333.333215,2666.666548,0
84,14,25,246824,26,2666.666548,7999.999882,0
84,25,14,246824,26,7999.999882,2666.666548,0
84,16,17,246824,24,3999.999882,7999.999882,0
84,17,16,246824,24,7999.999882,3999.999882,0
84,16,18,246824,24,3999.999882,5333.333215,0
84,18,16,246824,24,5333.333215,3999.999882,0
84,18,22,246824,27,5333.333215,3999.999882,0
84,22,18,246824,27,3999.999882,5333.333215,0
84,22,23,246824,29,3999.999882,7999.999882,0
84,23,22,246824,29,7999.999882,3999.999882,0
84,22,24,246824,28,3999.999882,5333.333215,0
84,24,22,246824,28,5333.333215,3999.999882,0
84,22,25,246824,33,3999.999882,7999.999882,0
84,25,22,246824,33,7999.999882,3999.999882,0
84,28,29,246824,37,7999.999882,5333.333215,0
84,29,28,246824,37,5333.333215,7999.999882,0
85,0,1,246824,12,3999.999882,3199.999882,0
85,1,0,246824,12,3199.999882,3999.999882,0
85,0,16,246824,22,3999.999882,3999.999882,0
85,16,0,246824,22,3999.999882,3999.999882,0
85,0,23,246824,25,3999.999882,7999.999882,0
85,23,0,246824,25,7999.999882,3999.999882,0
85,0,27,246824,30,3999.999882,7999.999882,0
85,27,0,246824,30,7999.999882,3999.999882,0
85,1,2,246824,10,3199.999882,3199.999882,0
85,2,1,246824,10,3199.999882,3199.999882,0
85,1,3,246824,11,3199.999882,3999.999882,0
85,3,1,246824,11,3999.999882,3199.999882,0
85,1,4,246824,9,3199.999882,3199.999882,0
85,4,1,246824,9,3199.999882,3199.999882,0
85,1,20,246824,37,3199.999882,7999.999882,0
85,20,1,246824,37,7999.999882,3199.999882,0
85,2,4,246824,8,3199.999882,3199.999882,0
85,4,2,246824,8,3199.999882,3199.999882,0
85,2,5,246824,11,3199.999882,1999.999882,0
85,5,2,246824,11,1999.999882,3199.999882,0
85,2,21,246824,35,3199.999882,7999.999882,0
85,21,2,246824,35,7999.999882,3199.999882,0
85,2,29,246824,28,3199.999882,7999.999882,0
85,29,2,246824,28,7999.999882,3199.999882,0
85,3,5,246824,11,3999.999882,1999.999882,0
85,5,3,246824,11,1999.999882,3999.999882,0
85,3,27,246824,29,3999.999882,7999.999882,0
85,27,3,246824,29,7999.999882,3999.999882,0
85,3,28,246824,32,3999.999882,7999.999882,0
85,28,3,246824,32,7999.999882,3999.999882,0
85,4,5,246824,9,3199.999882,1999.999882,0
85,5,4,246824,9,1999.999882,3199.999882,0
85,4,7,246824,9,3199.999882,3999.999882,0
85,7,4,246824,9,3999.999882,3199.999882,0
85,4,13,246824,6,3199.999882,2285.714167,0
85,13,4,246824,6,2285.714167,3199.999882,0
85,5,6,246824,12,1999.999882,5333.333215,0
85,6,5,246824,12,5333.333215,1999.999882,0
85,5,8,246824,12,1999.999882,3199.999882,0
85,8,5,246824,12,3199.999882,1999.999882,0
85,5,19,246824,27,1999.999882,7999.999882,0
85,19,5,246824,27,7999.999882,1999.999882,0
85,5,24,246824,24,1999.999882,5333.333215,0
85,24,5,246824,24,5333.333215,1999.999882,0
85,5,26,246824,29,1999.999882,7999.999882,0
85,26,5,246824,29,7999.999882,1999.999882,0
85,6,7,246824,12,5333.333215,3999.999882,0
85,7,6,246824,12,3999.999882,5333.333215,0
85,6,18,246824,21,5333.333215,5333.333215,0
85,18,6,246824,21,5333.333215,5333.333215,0
85,7,9,246824,12,3999.999882,7999.999882,0
85,9,7,246824,12,7999.999882,3999.999882,0
85,7,10,246824,11,3999.999882,3999.999882,0
85,10,7,246824,11,3999.999882,3999.999882,0
85,8,10,246824,11,3199.999882,3999.999882,0
85,10,8,246824,11,3999.999882,3199.999882,0
85,8,19,246824,27,3199.999882,7999.999882,0
85,19,8,246824,27,7999.999882,3199.999882,0
85,8,20,246824,38,3199.999882,7999.999882,0
85,20,8,246824,38,7999.999882,3199.999882,0
85,8,26,246824,29,3199.999882,7999.999882,0
85,26,8,246824,29,7999.999882,3199.999882,0
85,9,12,246824,12,7999.999882,3999.999882,0
85,12,9,246824,12,3999.999882,7999.999882,0
85,10,12,246824,11,3999.999882,3999.999882,0
85,12,10,246824,11,3999.999882,3999.999882,0
85,10,13,246824,8,3999.999882,2285.714167,0
85,13,10,246824,8,2285.714167,3999.999882,0
85,11,13,246824,9,5333.333215,2285.714167,0
85,13,11,246824,9,2285.714167,5333.333215,0
85,11,14,246824,9,5333.333215,2666.666548,0
85,14,11,246824,9,2666.666548,5333.333215,0
85,11,29,246824,30,5333.333215,7999.999882,0
85,29,11,246824,30,7999.999882,5333.333215,0
85,12,13,246824,9,3999.999882,2285.714167,0
85,13,12,246824,9,2285.714167,3999.999882,0
85,12,15,246824,42,3999.999882,7999.999882,0
85,15,12,246824,42,7999.999882,3999.999882,0
85,13,14,246824,7,2285.714167,2666.666548,0
85,14,13,246824,7,2666.666548,2285.714167,0
85,13,16,246824,19,2285.714167,3999.999882,0
85,16,13,246824,19,3999.999882,2285.714167,0
85,13,21,246824,35,2285.714167,7999.999882,0
85,21,13,246824,35,7999.999882,2285.714167,0
85,14,15,246824,39,2666.666548,7999.999882,0
85,15,14,246824,39,7999.999882,2666.666548,0
85,14,17,246824,20,2666.666548,7999.999882,0
85,17,14,246824,20,7999.999882,2666.666548,0
85,14,24,246824,21,2666.666548,5333.333215,0
85,24,14,246824,21,5333.333215,2666.666548,0
85,14,25,246824,26,2666.666548,5333.333215,0
85,25,14,246824,26,5333.333215,2666.666548,0
85,16,17,246824,24,3999.999882,7999.999882,0
85,17,16,246824,24,7999.999882,3999.999882,0
85,16,18,246824,24,3999.999882,5333.333215,0
85,18,16,246824,24,5333.333215,3999.999882,0
85,18,22,246824,27,5333.333215,3999.999882,0
85,22,18,246824,27,3999.999882,5333.333215,0
85,22,23,246824,29,3999.999882,7999.999882,0
85,23,22,246824,29,7999.999882,3999.999882,0
85,22,24,246824,28,3999.999882,5333.333215,0
85,24,22,246824,28,5333.333215,3999.999882,0
85,22,25,246824,33,3999.999882,5333.333215,0
85,25,22,246824,33,5333.333215,3999.999882,0
85,25,28,246824,37,5333.333215,7999.999882,0
85,28,25,246824,37,7999.999882,5333.333215,0
86,0,1,246824,12,3999.999882,3999.999882,0
86,1,0,246824,12,3999.999882,3999.999882,0
86,0,16,246824,22,3999.999882,3999.999882,0
86,16,0,246824,22,3999.999882,3999.999882,0
86,0,23,246824,25,3999.999882,7999.999882,0
86,23,0,246824,25,7999.999882,3999.999882,0
86,0,27,246824,30,3999.999882,7999.999882,0
86,27,0,246824,30,7999.999882,3999.999882,0
86,1,2,246824,10,3999.999882,3999.999882,0
86,2,1,246824,10,3999.999882,3999.999882,0
86,1,3,246824,11,3999.999882,3199.999882,0
86,3,1,246824,11,3199.999882,3999.999882,0
86,1,20,246824,37,3999.999882,7999.999882,0
86,20,1,246824,37,7999.999882,3999.999882,0
86,2,5,246824,11,3999.999882,2666.666548,0
86,5,2,246824,11,2666.666548,3999.999882,0
86,2,21,246824,35,3999.999882,7999.999882,0
86,21,2,246824,35,7999.999882,3999.999882,0
86,2,29,246824,28,3999.999882,5333.333215,0
86,29,2,246824,28,5333.333215,3999.999882,0
86,3,5,246824,11,3199.999882,2666.666548,0
86,5,3,246824,11,2666.666548,3199.999882,0
86,3,6,246824,11,3199.999882,5333.333215,0
86,6,3,246824,11,5333.333215,3199.999882,0
86,3,27,246824,29,3199.999882,7999.999882,0
86,27,3,246824,29,7999.999882,3199.999882,0
86,3,28,246824,32,3199.999882,7999.999882,0
86,28,3,246824,32,7999.999882,3199.999882,0
86,4,7,246824,9,7999.999882,3999.999882,0
86,7,4,246824,9,3999.999882,7999.999882,0
86,4,13,246824,6,7999.999882,2285.714167,0
86,13,4,246824,6,2285.714167,7999.999882,0
86,5,8,246824,12,2666.666548,2666.666548,0
86,8,5,246824,12,2666.666548,2666.666548,0
86,5,19,246824,27,2666.666548,7999.999882,0
86,19,5,246824,27,7999.999882,2666.666548,0
86,5,24,246824,24,2666.666548,5333.333215,0
86,24,5,246824,24,5333.333215,2666.666548,0
86,5,26,246824,29,2666.666548,7999.999882,0
86,26,5,246824,29,7999.999882,2666.666548,0
86,6,7,246824,12,5333.333215,3999.999882,0
86,7,6,246824,12,3999.999882,5333.333215,0
86,6,18,246824,21,5333.333215,5333.333215,0
86,18,6,246824,21,5333.333215,5333.333215,0
86,7,9,246824,12,3999.999882,7999.999882,0
86,9,7,246824,12,7999.999882,3999.999882,0
86,7,10,246824,11,3999.999882,3999.999882,0
86,10,7,246824,11,3999.999882,3999.999882,0
86,8,9,246824,12,2666.666548,7999.999882,0
86,9,8,246824,12,7999.999882,2666.666548,0
86,8,10,246824,11,2666.666548,3999.999882,0
86,10,8,246824,11,3999.999882,2666.666548,0
86,8,19,246824,27,2666.666548,7999.999882,0
86,19,8,246824,27,7999.999882,2666.666548,0
86,8,20,246824,38,2666.666548,7999.999882,0
86,20,8,246824,38,7999.999882,2666.666548,0
86,8,26,246824,29,2666.666548,7999.999882,0
86,26,8,246824,29,7999.999882,2666.666548,0
86,10,12,246824,11,3999.999882,5333.333215,0
86,12,10,246824,11,5333.333215,3999.999882,0
86,10,13,246824,8,3999.999882,2285.714167,0
86,13,10,246824,8,2285.714167,3999.999882,0
86,11,13,246824,9,5333.333215,2285.714167,0
86,13,11,246824,9,2285.714167,5333.333215,0
86,11,14,246824,9,5333.333215,2666.666548,0
86,14,11,246824,9,2666.666548,5333.333215,0
86,11,29,246824,30,5333.333215,5333.333215,0
86,29,11,246824,30,5333.333215,5333.333215,0
86,12,13,246824,9,5333.333215,2285.714167,0
86,13,12,246824,9,2285.714167,5333.333215,0
86,12,15,246824,42,5333.333215,7999.999882,0
86,15,12,246824,42,7999.999882,5333.333215,0
86,13,14,246824,7,2285.714167,2666.666548,0
86,14,13,246824,7,2666.666548,2285.714167,0
86,13,16,246824,19,2285.714167,3999.999882,0
86,16,13,246824,19,3999.999882,2285.714167,0
86,13,21,246824,35,2285.714167,7999.999882,0
86,21,13,246824,35,7999.999882,2285.714167,0
86,14,15,246824,39,2666.666548,7999.999882,0
86,15,14,246824,39,7999.999882,2666.666548,0
86,14,17,246824,20,2666.666548,7999.999882,0
86,17,14,246824,20,7999.999882,2666.666548,0
86,14,24,246824,21,2666.666548,5333.333215,0
86,24,14,246824,21,5333.333215,2666.666548,0
86,14,25,246824,26,2666.666548,7999.999882,0
86,25,14,246824,26,7999.999882,2666.666548,0
86,16,17,246824,24,3999.999882,7999.999882,0
86,17,16,246824,24,7999.999882,3999.999882,0
86,16,18,246824,24,3999.999882,5333.333215,0
86,18,16,246824,24,5333.333215,3999.999882,0
86,18,22,246824,27,5333.333215,3999.999882,0
86,22,18,246824,27,3999.999882,5333.333215,0
86,22,23,246824,29,3999.999882,7999.999882,0
86,23,22,246824,29,7999.999882,3999.999882,0
86,22,24,246824,28,3999.999882,5333.333215,0
86,24,22,246824,28,5333.333215,3999.999882,0
86,22,25,246824,33,3999.999882,7999.999882,0
86,25,22,246824,33,7999.999882,3999.999882,0
86,28,29,246824,37,7999.999882,5333.333215,0
86,29,28,246824,37,5333.333215,7999.999882,0
87,0,1,246824,12,3999.999882,3199.999882,0
87,1,0,246824,12,3199.999882,3999.999882,0
87,0,16,246824,22,3999.999882,5333.333215,0
87,16,0,246824,22,5333.333215,3999.999882,0
87,0,23,246824,25,3999.999882,7999.999882,0
87,23,0,246824,25,7999.999882,3999.999882,0
87,0,27,246824,30,3999.999882,7999.999882,0
87,27,0,246824,30,7999.999882,3999.999882,0
87,1,2,246824,10,3199.999882,3999.999882,0
87,2,1,246824,10,3999.999882,3199.999882,0
87,1,3,246824,11,3199.999882,3199.999882,0
87,3,1,246824,11,3199.999882,3199.999882,0
87,1,4,246824,9,3199.999882,3999.999882,0
87,4,1,246824,9,3999.999882,3199.999882,0
87,1,20,246824,37,3199.999882,7999.999882,0
87,20,1,246824,37,7999.999882,3199.999882,0
87,2,5,246824,11,3999.999882,2285.714167,0
87,5,2,246824,11,2285.714167,3999.999882,0
87,2,21,246824,35,3999.999882,7999.999882,0
87,21,2,246824,35,7999.999882,3999.999882,0
87,2,29,246824,28,3999.999882,5333.333215,0
87,29,2,246824,28,5333.333215,3999.999882,0
87,3,5,246824,11,3199.999882,2285.714167,0
87,5,3,246824,11,2285.714167,3199.999882,0
87,3,6,246824,11,3199.999882,3199.999882,0
87,6,3,246824,11,3199.999882,3199.999882,0
87,3,27,246824,29,3199.999882,7999.999882,0
87,27,3,246824,29,7999.999882,3199.999882,0
87,3,28,246824,32,3199.999882,7999.999882,0
87,28,3,246824,32,7999.999882,3199.999882,0
87,4,6,246824,9,3999.999882,3199.999882,0
87,6,4,246824,9,3199.999882,3999.999882,0
87,4,7,246824,9,3999.999882,7999.999882,0
87,7,4,246824,9,7999.999882,3999.999882,0
87,4,13,246824,6,3999.999882,2285.714167,0
87,13,4,246824,6,2285.714167,3999.999882,0
87,5,6,246824,12,2285.714167,3199.999882,0
87,6,5,246824,12,3199.999882,2285.714167,0
87,5,8,246824,12,2285.714167,2666.666548,0
87,8,5,246824,12,2666.666548,2285.714167,0
87,5,19,246824,27,2285.714167,7999.999882,0
87,19,5,246824,27,7999.999882,2285.714167,0
87,5,24,246824,24,2285.714167,5333.333215,0
87,24,5,246824,24,5333.333215,2285.714167,0
87,5,26,246824,29,2285.714167,7999.999882,0
87,26,5,246824,29,7999.999882,2285.714167,0
87,6,7,246824,12,3199.999882,7999.999882,0
87,7,6,246824,12,7999.999882,3199.999882,0
87,6,18,246824,21,3199.999882,3999.999882,0
87,18,6,246824,21,3999.999882,3199.999882,0
87,8,9,246824,12,2666.666548,7999.999882,0
87,9,8,246824,12,7999.999882,2666.666548,0
87,8,10,246824,11,2666.666548,3999.999882,0
87,10,8,246824,11,3999.999882,2666.666548,0
87,8,19,246824,27,2666.666548,7999.999882,0
87,19,8,246824,27,7999.999882,2666.666548,0
87,8,20,246824,38,2666.666548,7999.999882,0
87,20,8,246824,38,7999.999882,2666.666548,0
87,8,26,246824,29,2666.666548,7999.999882,0
87,26,8,246824,29,7999.999882,2666.666548,0
87,9,10,246824,11,7999.999882,3999.999882,0
87,10,9,246824,11,3999.999882,7999.999882,0
87,10,12,246824,11,3999.999882,5333.333215,0
87,12,10,246824,11,5333.333215,3999.999882,0
87,10,13,246824,8,3999.999882,2285.714167,0
87,13,10,246824,8,2285.714167,3999.999882,0
87,11,13,246824,9,5333.333215,2285.714167,0
87,13,11,246824,9,2285.714167,5333.333215,0
87,11,14,246824,9,5333.333215,2666.666548,0
87,14,11,246824,9,2666.666548,5333.333215,0
87,11,29,246824,30,5333.333215,5333.333215,0
87,29,11,246824,30,5333.333215,5333.333215,0
87,12,13,246824,9,5333.333215,2285.714167,0
87,13,12,246824,9,2285.714167,5333.333215,0
87,12,15,246824,42,5333.333215,7999.999882,0
87,15,12,246824,42,7999.999882,5333.333215,0
87,13,14,246824,7,2285.714167,2666.666548,0
87,14,13,246824,7,2666.666548,2285.714167,0
87,13,16,246824,19,2285.714167,5333.333215,0
87,16,13,246824,19,5333.333215,2285.714167,0
87,13,21,246824,35,2285.714167,7999.999882,0
87,21,13,246824,35,7999.999882,2285.714167,0
87,14,15,246824,39,2666.666548,7999.999882,0
87,15,14,246824,39,7999.999882,2666.666548,0
87,14,17,246824,20,2666.666548,7999.999882,0
87,17,14,246824,20,7999.999882,2666.666548,0
87,14,24,246824,21,2666.666548,5333.333215,0
87,24,14,246824,21,5333.333215,2666.666548,0
87,14,25,246824,26,2666.666548,7999.999882,0
87,25,14,246824,26,7999.999882,2666.666548,0
87,16,18,246824,24,5333.333215,3999.999882,0
87,18,16,246824,24,3999.999882,5333.333215,0
87,17,18,246824,24,7999.999882,3999.999882,0
87,18,17,246824,24,3999.999882,7999.999882,0
87,18,22,246824,27,3999.999882,3999.999882,0
87,22,18,246824,27,3999.999882,3999.999882,0
87,22,23,246824,29,3999.999882,7999.999882,0
87,23,22,246824,29,7999.999882,3999.999882,0
87,22,24,246824,28,3999.999882,5333.333215,0
87,24,22,246824,28,5333.333215,3999.999882,0
87,22,25,246824,33,3999.999882,7999.999882,0
87,25,22,246824,33,7999.999882,3999.999882,0
87,28,29,246824,37,7999.999882,5333.333215,0
87,29,28,246824,37,5333.333215,7999.999882,0
88,0,1,246824,12,3999.999882,3199.999882,0
88,1,0,246824,12,3199.999882,3999.999882,0
88,0,16,246824,22,3999.999882,5333.333215,0
88,16,0,246824,22,5333.333215,3999.999882,0
88,0,23,246824,25,3999.999882,7999.999882,0
88,23,0,246824,25,7999.999882,3999.999882,0
88,0,27,246824,30,3999.999882,7999.999882,0
88,27,0,246824,30,7999.999882,3999.999882,0
88,1,2,246824,10,3199.999882,3999.999882,0
88,2,1,246824,10,3999.999882,3199.999882,0
88,1,3,246824,11,3199.999882,3999.999882,0
88,3,1,246824,11,3999.999882,3199.999882,0
88,1,4,246824,9,3199.999882,3999.999882,0
88,4,1,246824,9,3999.999882,3199.999882,0
88,1,20,246824,37,3199.999882,7999.999882,0
88,20,1,246824,37,7999.999882,3199.999882,0
88,2,5,246824,11,3999.999882,2666.666548,0
88,5,2,246824,11,2666.666548,3999.999882,0
88,2,21,246824,35,3999.999882,7999.999882,0
88,21,2,246824,35,7999.999882,3999.999882,0
88,2,29,246824,28,3999.999882,5333.333215,0
88,29,2,246824,28,5333.333215,3999.999882,0
88,3,5,246824,11,3999.999882,2666.666548,0
88,5,3,246824,11,2666.666548,3999.999882,0
88,3,27,246824,29,3999.999882,7999.999882,0
88,27,3,246824,29,7999.999882,3999.999882,0
88,3,28,246824,32,3999.999882,7999.999882,0
88,28,3,246824,32,7999.999882,3999.999882,0
88,4,6,246824,9,3999.999882,5333.333215,0
88,6,4,246824,9,5333.333215,3999.999882,0
88,4,7,246824,9,3999.999882,3999.999882,0
88,7,4,246824,9,3999.999882,3999.999882,0
88,4,13,246824,6,3999.999882,2285.714167,0
88,13,4,246824,6,2285.714167,3999.999882,0
88,5,8,246824,12,2666.666548,3199.999882,0
88,8,5,246824,12,3199.999882,2666.666548,0
88,5,19,246824,27,2666.666548,7999.999882,0
88,19,5,246824,27,7999.999882,2666.666548,0
88,5,24,246824,24,2666.666548,5333.333215,0
88,24,5,246824,24,5333.333215,2666.666548,0
88,5,26,246824,29,2666.666548,7999.999882,0
88,26,5,246824,29,7999.999882,2666.666548,0
88,6,7,246824,12,5333.333215,3999.999882,0
88,7,6,246824,12,3999.999882,5333.333215,0
88,6,18,246824,21,5333.333215,3999.999882,0
88,18,6,246824,21,3999.999882,5333.333215,0
88,7,9,246824,12,3999.999882,7999.999882,0
88,9,7,246824,12,7999.999882,3999.999882,0
88,7,10,246824,11,3999.999882,3199.999882,0
88,10,7,246824,11,3199.999882,3999.999882,0
88,8,10,246824,11,3199.999882,3199.999882,0
88,10,8,246824,11,3199.999882,3199.999882,0
88,8,19,246824,27,3199.999882,7999.999882,0
88,19,8,246824,27,7999.999882,3199.999882,0
88,8,20,246824,38,3199.999882,7999.999882,0
88,20,8,246824,38,7999.999882,3199.999882,0
88,8,26,246824,29,3199.999882,7999.999882,0
88,26,8,246824,29,7999.999882,3199.999882,0
88,9,10,246824,11,7999.999882,3199.999882,0
88,10,9,246824,11,3199.999882,7999.999882,0
88,10,12,246824,11,3199.999882,5333.333215,0
88,12,10,246824,11,5333.333215,3199.999882,0
88,10,13,246824,8,3199.999882,2285.714167,0
88,13,10,246824,8,2285.714167,3199.999882,0
88,11,13,246824,9,5333.333215,2285.714167,0
88,13,11,246824,9,2285.714167,5333.333215,0
88,11,14,246824,9,5333.333215,2666.666548,0
88,14,11,246824,9,2666.666548,5333.333215,0
88,11,29,246824,30,5333.333215,5333.333215,0
88,29,11,246824,30,5333.333215,5333.333215,0
88,12,13,246824,9,5333.333215,2285.714167,0
88,13,12,246824,9,2285.714167,5333.333215,0
88,12,15,246824,42,5333.333215,7999.999882,0
88,15,12,246824,42,7999.999882,5333.333215,0
88,13,14,246824,7,2285.714167,2666.666548,0
88,14,13,246824,7,2666.666548,2285.714167,0
88,13,16,246824,19,2285.714167,5333.333215,0
88,16,13,246824,19,5333.333215,2285.714167,0
88,13,21,246824,35,2285.714167,7999.999882,0
88,21,13,246824,35,7999.999882,2285.714167,0
88,14,15,246824,39,2666.666548,7999.999882,0
88,15,14,246824,39,7999.999882,2666.666548,0
88,14,17,246824,20,2666.666548,7999.999882,0
88,17,14,246824,20,7999.999882,2666.666548,0
88,14,24,246824,21,2666.666548,5333.333215,0
88,24,14,246824,21,5333.333215,2666.666548,0
88,14,25,246824,26,2666.666548,7999.999882,0
88,25,14,246824,26,7999.999882,2666.666548,0
88,16,18,246824,24,5333.333215,3999.999882,0
88,18,16,246824,24,3999.999882,5333.333215,0
88,17,18,246824,24,7999.999882,3999.999882,0
88,18,17,246824,24,3999.999882,7999.999882,0
88,18,22,246824,27,3999.999882,3999.999882,0
88,22,18,246824,27,3999.999882,3999.999882,0
88,22,23,246824,29,3999.999882,7999.999882,0
88,23,22,246824,29,7999.999882,3999.999882,0
88,22,24,246824,28,3999.999882,5333.333215,0
88,24,22,246824,28,5333.333215,3999.999882,0
88,22,25,246824,33,3999.999882,7999.999882,0
88,25,22,246824,33,7999.999882,3999.999882,0
88,28,29,246824,37,7999.999882,5333.333215,0
88,29,28,246824,37,5333.333215,7999.999882,0
89,0,1,246824,12,3999.999882,3199.999882,0
89,1,0,246824,12,3199.999882,3999.999882,0
89,0,16,246824,22,3999.999882,3999.999882,0
89,16,0,246824,22,3999.999882,3999.999882,0
89,0,23,246824,25,3999.999882,7999.999882,0
89,23,0,246824,25,7999.999882,3999.999882,0
89,0,27,246824,30,3999.999882,7999.999882,0
89,27,0,246824,30,7999.999882,3999.999882,0
89,1,2,246824,10,3199.999882,3199.999882,0
89,2,1,246824,10,3199.999882,3199.999882,0
89,1,3,246824,11,3199.999882,3999.999882,0
89,3,1,246824,11,3999.999882,3199.999882,0
89,1,4,246824,9,3199.999882,3199.999882,0
89,4,1,246824,9,3199.999882,3199.999882,0
89,1,20,246824,37,3199.999882,7999.999882,0
89,20,1,246824,37,7999.999882,3199.999882,0
89,2,4,246824,8,3199.999882,3199.999882,0
89,4,2,246824,8,3199.999882,3199.999882,0
89,2,5,246824,11,3199.999882,2285.714167,0
89,5,2,246824,11,2285.714167,3199.999882,0
89,2,21,246824,35,3199.999882,7999.999882,0
89,21,2,246824,35,7999.999882,3199.999882,0
89,2,29,246824,28,3199.999882,7999.999882,0
89,29,2,246824,28,7999.999882,3199.999882,0
89,3,5,246824,11,3999.999882,2285.714167,0
89,5,3,246824,11,2285.714167,3999.999882,0
89,3,27,246824,29,3999.999882,7999.999882,0
89,27,3,246824,29,7999.999882,3999.999882,0
89,3,28,246824,32,3999.999882,7999.999882,0
89,28,3,246824,32,7999.999882,3999.999882,0
89,4,6,246824,9,3199.999882,3999.999882,0
89,6,4,246824,9,3999.999882,3199.999882,0
89,4,7,246824,9,3199.999882,5333.333215,0
89,7,4,246824,9,5333.333215,3199.999882,0
89,4,13,246824,6,3199.999882,2285.714167,0
89,13,4,246824,6,2285.714167,3199.999882,0
89,5,6,246824,12,2285.714167,3999.999882,0
89,6,5,246824,12,3999.999882,2285.714167,0
89,5,8,246824,12,2285.714167,3199.999882,0
89,8,5,246824,12,3199.999882,2285.714167,0
89,5,19,246824,27,2285.714167,5333.333215,0
89,19,5,246824,27,5333.333215,2285.714167,0
89,5,24,246824,24,2285.714167,7999.999882,0
89,24,5,246824,24,7999.999882,2285.714167,0
89,5,26,246824,29,2285.714167,7999.999882,0
89,26,5,246824,29,7999.999882,2285.714167,0
89,6,7,246824,12,3999.999882,5333.333215,0
89,7,6,246824,12,5333.333215,3999.999882,0
89,6,18,246824,21,3999.999882,5333.333215,0
89,18,6,246824,21,5333.333215,3999.999882,0
89,7,9,246824,12,5333.333215,7999.999882,0
89,9,7,246824,12,7999.999882,5333.333215,0
89,8,10,246824,11,3199.999882,5333.333215,0
89,10,8,246824,11,5333.333215,3199.999882,0
89,8,19,246824,27,3199.999882,5333.333215,0
89,19,8,246824,27,5333.333215,3199.999882,0
89,8,20,246824,38,3199.999882,7999.999882,0
89,20,8,246824,38,7999.999882,3199.999882,0
89,8,26,246824,29,3199.999882,7999.999882,0
89,26,8,246824,29,7999.999882,3199.999882,0
89,9,12,246824,12,7999.999882,3999.999882,0
89,12,9,246824,12,3999.999882,7999.999882,0
89,10,12,246824,11,5333.333215,3999.999882,0
89,12,10,246824,11,3999.999882,5333.333215,0
89,10,13,246824,8,5333.333215,2285.714167,0
89,13,10,246824,8,2285.714167,5333.333215,0
89,11,13,246824,9,5333.333215,2285.714167,0
89,13,11,246824,9,2285.714167,5333.333215,0
89,11,14,246824,9,5333.333215,2666.666548,0
89,14,11,246824,9,2666.666548,5333.333215,0
89,11,29,246824,30,5333.333215,7999.999882,0
89,29,11,246824,30,7999.999882,5333.333215,0
89,12,13,246824,9,3999.999882,2285.714167,0
89,13,12,246824,9,2285.714167,3999.999882,0
89,12,15,246824,42,3999.999882,7999.999882,0
89,15,12,246824,42,7999.999882,3999.999882,0
89,13,14,246824,7,2285.714167,2666.666548,0
89,14,13,246824,7,2666.666548,2285.714167,0
89,13,16,246824,19,2285.714167,3999.999882,0
89,16,13,246824,19,3999.999882,2285.714167,0
89,13,21,246824,35,2285.714167,7999.999882,0
89,21,13,246824,35,7999.999882,2285.714167,0
89,14,15,246824,39,2666.666548,7999.999882,0
89,15,14,246824,39,7999.999882,2666.666548,0
89,14,17,246824,20,2666.666548,7999.999882,0
89,17,14,246824,20,7999.999882,2666.666548,0
89,14,24,246824,21,2666.666548,7999.999882,0
89,24,14,246824,21,7999.999882,2666.666548,0
89,14,25,246824,26,2666.666548,7999.999882,0
89,25,14,246824,26,7999.999882,2666.666548,0
89,16,17,246824,24,3999.999882,7999.999882,0
89,17,16,246824,24,7999.999882,3999.999882,0
89,16,18,246824,24,3999.999882,5333.333215,0
89,18,16,246824,24,5333.333215,3999.999882,0
89,18,22,246824,27,5333.333215,5333.333215,0
89,22,18,246824,27,5333.333215,5333.333215,0
89,19,22,246824,31,5333.333215,5333.333215,0
89,22,19,246824,31,5333.333215,5333.333215,0
89,22,23,246824,29,5333.333215,7999.999882,0
89,23,22,246824,29,7999.999882,5333.333215,0
89,25,28,246824,37,7999.999882,7999.999882,0
89,28,25,246824,37,7999.999882,7999.999882,0
90,0,1,246824,12,3999.999882,3199.999882,0
90,1,0,246824,12,3199.999882,3999.999882,0
90,0,16,246824,22,3999.999882,5333.333215,0
90,16,0,246824,22,5333.333215,3999.999882,0
90,0,23,246824,25,3999.999882,7999.999882,0
90,23,0,246824,25,7999.999882,3999.999882,0
90,0,27,246824,30,3999.999882,7999.999882,0
90,27,0,246824,30,7999.999882,3999.999882,0
90,1,2,246824,10,3199.999882,3199.999882,0
90,2,1,246824,10,3199.999882,3199.999882,0
90,1,3,246824,11,3199.999882,3999.999882,0
90,3,1,246824,11,3999.999882,3199.999882,0
90,1,4,246824,9,3199.999882,3199.999882,0
90,4,1,246824,9,3199.999882,3199.999882,0
90,1,20,246824,37,3199.999882,7999.999882,0
90,20,1,246824,37,7999.999882,3199.999882,0
90,2,4,246824,8,3199.999882,3199.999882,0
90,4,2,246824,8,3199.999882,3199.999882,0
90,2,5,246824,11,3199.999882,2285.714167,0
90,5,2,246824,11,2285.714167,3199.999882,0
90,2,21,246824,35,3199.999882,7999.999882,0
90,21,2,246824,35,7999.999882,3199.999882,0
90,2,29,246824,28,3199.999882,7999.999882,0
90,29,2,246824,28,7999.999882,3199.999882,0
90,3,5,246824,11,3999.999882,2285.714167,0
90,5,3,246824,11,2285.714167,3999.999882,0
90,3,27,246824,29,3999.999882,7999.999882,0
90,27,3,246824,29,7999.999882,3999.999882,0
90,3,28,246824,32,3999.999882,7999.999882,0
90,28,3,246824,32,7999.999882,3999.999882,0
90,4,6,246824,9,3199.999882,3999.999882,0
90,6,4,246824,9,3999.999882,3199.999882,0
90,4,7,246824,9,3199.999882,5333.333215,0
90,7,4,246824,9,5333.333215,3199.999882,0
90,4,13,246824,6,3199.999882,2285.714167,0
90,13,4,246824,6,2285.714167,3199.999882,0
90,5,6,246824,12,2285.714167,3999.999882,0
90,6,5,246824,12,3999.999882,2285.714167,0
90,5,8,246824,12,2285.714167,3199.999882,0
90,8,5,246824,12,3199.999882,2285.714167,0
90,5,19,246824,27,2285.714167,7999.999882,0
90,19,5,246824,27,7999.999882,2285.714167,0
90,5,24,246824,24,2285.714167,5333.333215,0
90,24,5,246824,24,5333.333215,2285.714167,0
90,5,26,246824,29,2285.714167,7999.999882,0
90,26,5,246824,29,7999.999882,2285.714167,0
90,6,7,246824,12,3999.999882,5333.333215,0
90,7,6,246824,12,5333.333215,3999.999882,0
90,6,18,246824,21,3999.999882,3999.999882,0
90,18,6,246824,21,3999.999882,3999.999882,0
90,7,10,246824,11,5333.333215,3199.999882,0
90,10,7,246824,11,3199.999882,5333.333215,0
90,8,10,246824,11,3199.999882,3199.999882,0
90,10,8,246824,11,3199.999882,3199.999882,0
90,8,19,246824,27,3199.999882,7999.999882,0
90,19,8,246824,27,7999.999882,3199.999882,0
90,8,20,246824,38,3199.999882,7999.999882,0
90,20,8,246824,38,7999.999882,3199.999882,0
90,8,26,246824,29,3199.999882,7999.999882,0
90,26,8,246824,29,7999.999882,3199.999882,0
90,9,10,246824,11,7999.999882,3199.999882,0
90,10,9,246824,11,3199.999882,7999.999882,0
90,9,12,246824,12,7999.999882,3999.999882,0
90,12,9,246824,12,3999.999882,7999.999882,0
90,10,12,246824,11,3199.999882,3999.999882,0
90,12,10,246824,11,3999.999882,3199.999882,0
90,10,13,246824,8,3199.999882,2285.714167,0
90,13,10,246824,8,2285.714167,3199.999882,0
90,11,13,246824,9,5333.333215,2285.714167,0
90,13,11,246824,9,2285.714167,5333.333215,0
90,11,14,246824,9,5333.333215,2666.666548,0
90,14,11,246824,9,2666.666548,5333.333215,0
90,11,29,246824,30,5333.333215,7999.999882,0
90,29,11,246824,30,7999.999882,5333.333215,0
90,12,13,246824,9,3999.999882,2285.714167,0
90,13,12,246824,9,2285.714167,3999.999882,0
90,12,15,246824,42,3999.999882,7999.999882,0
90,15,12,246824,42,7999.999882,3999.999882,0
90,13,14,246824,7,2285.714167,2666.666548,0
90,14,13,246824,7,2666.666548,2285.714167,0
90,13,16,246824,19,2285.714167,5333.333215,0
90,16,13,246824,19,5333.333215,2285.714167,0
90,13,21,246824,35,2285.714167,7999.999882,0
90,21,13,246824,35,7999.999882,2285.714167,0
90,14,15,246824,39,2666.666548,7999.999882,0
90,15,14,246824,39,7999.999882,2666.666548,0
90,14,17,246824,20,2666.666548,7999.999882,0
90,17,14,246824,20,7999.999882,2666.666548,0
90,14,24,246824,21,2666.666548,5333.333215,0
90,24,14,246824,21,5333.333215,2666.666548,0
90,14,25,246824,26,2666.666548,5333.333215,0
90,25,14,246824,26,5333.333215,2666.666548,0
90,16,18,246824,24,5333.333215,3999.999882,0
90,18,16,246824,24,3999.999882,5333.333215,0
90,17,18,246824,24,7999.999882,3999.999882,0
90,18,17,246824,24,3999.999882,7999.999882,0
90,18,22,246824,27,3999.999882,3999.999882,0
90,22,18,246824,27,3999.999882,3999.999882,0
90,22,23,246824,29,3999.999882,7999.999882,0
90,23,22,246824,29,7999.999882,3999.999882,0
90,22,24,246824,28,3999.999882,5333.333215,0
90,24,22,246824,28,5333.333215,3999.999882,0
90,22,25,246824,33,3999.999882,5333.333215,0
90,25,22,246824,33,5333.333215,3999.999882,0
90,25,28,246824,37,5333.333215,7999.999882,0
90,28,25,246824,37,7999.999882,5333.333215,0
91,0,1,246824,12,3999.999882,3199.999882,0
91,1,0,246824,12,3199.999882,3999.999882,0
91,0,16,246824,22,3999.999882,5333.333215,0
91,16,0,246824,22,5333.333215,3999.999882,0
91,0,23,246824,25,3999.999882,5333.333215,0
91,23,0,246824,25,5333.333215,3999.999882,0
91,0,27,246824,30,3999.999882,7999.999882,0
91,27,0,246824,30,7999.999882,3999.999882,0
91,1,2,246824,10,3199.999882,3999.999882,0
91,2,1,246824,10,3999.999882,3199.999882,0
91,1,3,246824,11,3199.999882,3199.999882,0
91,3,1,246824,11,3199.999882,3199.999882,0
91,1,4,246824,9,3199.999882,3199.999882,0
91,4,1,246824,9,3199.999882,3199.999882,0
91,1,20,246824,37,3199.999882,7999.999882,0
91,20,1,246824,37,7999.999882,3199.999882,0
91,2,5,246824,11,3999.999882,2666.666548,0
91,5,2,246824,11,2666.666548,3999.999882,0
91,2,21,246824,35,3999.999882,7999.999882,0
91,21,2,246824,35,7999.999882,3999.999882,0
91,2,29,246824,28,3999.999882,7999.999882,0
91,29,2,246824,28,7999.999882,3999.999882,0
91,3,5,246824,11,3199.999882,2666.666548,0
91,5,3,246824,11,2666.666548,3199.999882,0
91,3,6,246824,11,3199.999882,5333.333215,0
91,6,3,246824,11,5333.333215,3199.999882,0
91,3,27,246824,29,3199.999882,7999.999882,0
91,27,3,246824,29,7999.999882,3199.999882,0
91,3,28,246824,32,3199.999882,7999.999882,0
91,28,3,246824,32,7999.999882,3199.999882,0
91,4,6,246824,9,3199.999882,5333.333215,0
91,6,4,246824,9,5333.333215,3199.999882,0
91,4,7,246824,9,3199.999882,7999.999882,0
91,7,4,246824,9,7999.999882,3199.999882,0
91,4,12,246824,9,3199.999882,3199.999882,0
91,12,4,246824,9,3199.999882,3199.999882,0
91,4,13,246824,6,3199.999882,2285.714167,0
91,13,4,246824,6,2285.714167,3199.999882,0
91,5,8,246824,12,2666.666548,2666.666548,0
91,8,5,246824,12,2666.666548,2666.666548,0
91,5,19,246824,27,2666.666548,7999.999882,0
91,19,5,246824,27,7999.999882,2666.666548,0
91,5,24,246824,24,2666.666548,5333.333215,0
91,24,5,246824,24,5333.333215,2666.666548,0
91,5,26,246824,29,2666.666548,7999.999882,0
91,26,5,246824,29,7999.999882,2666.666548,0
91,6,18,246824,21,5333.333215,3999.999882,0
91,18,6,246824,21,3999.999882,5333.333215,0
91,7,10,246824,11,7999.999882,3999.999882,0
91,10,7,246824,11,3999.999882,7999.999882,0
91,8,9,246824,12,2666.666548,7999.999882,0
91,9,8,246824,12,7999.999882,2666.666548,0
91,8,10,246824,11,2666.666548,3999.999882,0
91,10,8,246824,11,3999.999882,2666.666548,0
91,8,19,246824,27,2666.666548,7999.999882,0
91,19,8,246824,27,7999.999882,2666.666548,0
91,8,20,246824,38,2666.666548,7999.999882,0
91,20,8,246824,38,7999.999882,2666.666548,0
91,8,26,246824,29,2666.666548,7999.999882,0
91,26,8,246824,29,7999.999882,2666.666548,0
91,9,12,246824,12,7999.999882,3199.999882,0
91,12,9,246824,12,3199.999882,7999.999882,0
91,10,12,246824,11,3999.999882,3199.999882,0
91,12,10,246824,11,3199.999882,3999.999882,0
91,10,13,246824,8,3999.999882,2285.714167,0
91,13,10,246824,8,2285.714167,3999.999882,0
91,11,13,246824,9,5333.333215,2285.714167,0
91,13,11,246824,9,2285.714167,5333.333215,0
91,11,14,246824,9,5333.333215,2666.666548,0
91,14,11,246824,9,2666.666548,5333.333215,0
91,11,29,246824,30,5333.333215,7999.999882,0
91,29,11,246824,30,7999.999882,5333.333215,0
91,12,13,246824,9,3199.999882,2285.714167,0
91,13,12,246824,9,2285.714167,3199.999882,0
91,12,15,246824,42,3199.999882,7999.999882,0
91,15,12,246824,42,7999.999882,3199.999882,0
91,13,14,246824,7,2285.714167,2666.666548,0
91,14,13,246824,7,2666.666548,2285.714167,0
91,13,16,246824,19,2285.714167,5333.333215,0
91,16,13,246824,19,5333.333215,2285.714167,0
91,13,21,246824,35,2285.714167,7999.999882,0
91,21,13,246824,35,7999.999882,2285.714167,0
91,14,15,246824,39,2666.666548,7999.999882,0
91,15,14,246824,39,7999.999882,2666.666548,0
91,14,17,246824,20,2666.666548,7999.999882,0
91,17,14,246824,20,7999.999882,2666.666548,0
91,14,24,246824,21,2666.666548,5333.333215,0
91,24,14,246824,21,5333.333215,2666.666548,0
91,14,25,246824,26,2666.666548,5333.333215,0
91,25,14,246824,26,5333.333215,2666.666548,0
91,16,18,246824,24,5333.333215,3999.999882,0
91,18,16,246824,24,3999.999882,5333.333215,0
91,17,18,246824,24,7999.999882,3999.999882,0
91,18,17,246824,24,3999.999882,7999.999882,0
91,18,22,246824,27,3999.999882,5333.333215,0
91,22,18,246824,27,5333.333215,3999.999882,0
91,22,23,246824,29,5333.333215,5333.333215,0
91,23,22,246824,29,5333.333215,5333.333215,0
91,22,24,246824,28,5333.333215,5333.333215,0
91,24,22,246824,28,5333.333215,5333.333215,0
91,23,25,246824,31,5333.333215,5333.333215,0
91,25,23,246824,31,5333.333215,5333.333215,0
91,25,28,246824,37,5333.333215,7999.999882,0
91,28,25,246824,37,7999.999882,5333.333215,0
92,0,1,246824,12,3999.999882,3199.999882,0
92,1,0,246824,12,3199.999882,3999.999882,0
92,0,16,246824,22,3999.999882,3999.999882,0
92,16,0,246824,22,3999.999882,3999.999882,0
92,0,23,246824,25,3999.999882,5333.333215,0
92,23,0,246824,25,5333.333215,3999.999882,0
92,0,27,246824,30,3999.999882,7999.999882,0
92,27,0,246824,30,7999.999882,3999.999882,0
92,1,2,246824,10,3199.999882,3199.999882,0
92,2,1,246824,10,3199.999882,3199.999882,0
92,1,3,246824,11,3199.999882,3999.999882,0
92,3,1,246824,11,3999.999882,3199.999882,0
92,1,4,246824,9,3199.999882,3199.999882,0
92,4,1,246824,9,3199.999882,3199.999882,0
92,1,20,246824,37,3199.999882,7999.999882,0
92,20,1,246824,37,7999.999882,3199.999882,0
92,2,4,246824,8,3199.999882,3199.999882,0
92,4,2,246824,8,3199.999882,3199.999882,0
92,2,5,246824,11,3199.999882,2666.666548,0
92,5,2,246824,11,2666.666548,3199.999882,0
92,2,21,246824,35,3199.999882,7999.999882,0
92,21,2,246824,35,7999.999882,3199.999882,0
92,2,29,246824,28,3199.999882,7999.999882,0
92,29,2,246824,28,7999.999882,3199.999882,0
92,3,5,246824,11,3999.999882,2666.666548,0
92,5,3,246824,11,2666.666548,3999.999882,0
92,3,27,246824,29,3999.999882,7999.999882,0
92,27,3,246824,29,7999.999882,3999.999882,0
92,3,28,246824,32,3999.999882,7999.999882,0
92,28,3,246824,32,7999.999882,3999.999882,0
92,4,6,246824,9,3199.999882,5333.333215,0
92,6,4,246824,9,5333.333215,3199.999882,0
92,4,7,246824,9,3199.999882,3999.999882,0
92,7,4,246824,9,3999.999882,3199.999882,0
92,4,13,246824,6,3199.999882,2285.714167,0
92,13,4,246824,6,2285.714167,3199.999882,0
92,5,8,246824,12,2666.666548,3199.999882,0
92,8,5,246824,12,3199.999882,2666.666548,0
92,5,19,246824,27,2666.666548,7999.999882,0
92,19,5,246824,27,7999.999882,2666.666548,0
92,5,24,246824,24,2666.666548,5333.333215,0
92,24,5,246824,24,5333.333215,2666.666548,0
92,5,26,246824,29,2666.666548,7999.999882,0
92,26,5,246824,29,7999.999882,2666.666548,0
92,6,7,246824,12,5333.333215,3999.999882,0
92,7,6,246824,12,3999.999882,5333.333215,0
92,6,18,246824,21,5333.333215,5333.333215,0
92,18,6,246824,21,5333.333215,5333.333215,0
92,7,9,246824,12,3999.999882,7999.999882,0
92,9,7,246824,12,7999.999882,3999.999882,0
92,7,10,246824,11,3999.999882,3199.999882,0
92,10,7,246824,11,3199.999882,3999.999882,0
92,8,10,246824,11,3199.999882,3199.999882,0
92,10,8,246824,11,3199.999882,3199.999882,0
92,8,19,246824,27,3199.999882,7999.999882,0
92,19,8,246824,27,7999.999882,3199.999882,0
92,8,20,246824,38,3199.999882,7999.999882,0
92,20,8,246824,38,7999.999882,3199.999882,0
92,8,26,246824,29,3199.999882,7999.999882,0
92,26,8,246824,29,7999.999882,3199.999882,0
92,9,10,246824,11,7999.999882,3199.999882,0
92,10,9,246824,11,3199.999882,7999.999882,0
92,10,12,246824,11,3199.999882,5333.333215,0
92,12,10,246824,11,5333.333215,3199.999882,0
92,10,13,246824,8,3199.999882,2285.714167,0
92,13,10,246824,8,2285.714167,3199.999882,0
92,11,13,246824,9,5333.333215,2285.714167,0
92,13,11,246824,9,2285.714167,5333.333215,0
92,11,14,246824,9,5333.333215,2666.666548,0
92,14,11,246824,9,2666.666548,5333.333215,0
92,11,29,246824,30,5333.333215,7999.999882,0
92,29,11,246824,30,7999.999882,5333.333215,0
92,12,13,246824,9,5333.333215,2285.714167,0
92,13,12,246824,9,2285.714167,5333.333215,0
92,12,15,246824,42,5333.333215,7999.999882,0
92,15,12,246824,42,7999.999882,5333.333215,0
92,13,14,246824,7,2285.714167,2666.666548,0
92,14,13,246824,7,2666.666548,2285.714167,0
92,13,16,246824,19,2285.714167,3999.999882,0
92,16,13,246824,19,3999.999882,2285.714167,0
92,13,21,246824,35,2285.714167,7999.999882,0
92,21,13,246824,35,7999.999882,2285.714167,0
92,14,15,246824,39,2666.666548,7999.999882,0
92,15,14,246824,39,7999.999882,2666.666548,0
92,14,17,246824,20,2666.666548,5333.333215,0
92,17,14,246824,20,5333.333215,2666.666548,0
92,14,24,246824,21,2666.666548,5333.333215,0
92,24,14,246824,21,5333.333215,2666.666548,0
92,14,25,246824,26,2666.666548,7999.999882,0
92,25,14,246824,26,7999.999882,2666.666548,0
92,16,17,246824,24,3999.999882,5333.333215,0
92,17,16,246824,24,5333.333215,3999.999882,0
92,16,18,246824,24,3999.999882,5333.333215,0
92,18,16,246824,24,5333.333215,3999.999882,0
92,17,28,246824,34,5333.333215,7999.999882,0
92,28,17,246824,34,7999.999882,5333.333215,0
92,18,22,246824,27,5333.333215,5333.333215,0
92,22,18,246824,27,5333.333215,5333.333215,0
92,22,23,246824,29,5333.333215,5333.333215,0
92,23,22,246824,29,5333.333215,5333.333215,0
92,22,24,246824,28,5333.333215,5333.333215,0
92,24,22,246824,28,5333.333215,5333.333215,0
92,23,25,246824,31,5333.333215,7999.999882,0
92,25,23,246824,31,7999.999882,5333.333215,0
93,0,1,246824,12,3999.999906,3999.999906,0
93,1,0,246824,12,3999.999906,3999.999906,0
93,0,16,246824,22,3999.999906,3999.999906,0
93,16,0,246824,22,3999.999906,3999.999906,0
93,0,23,246824,25,3999.999906,7999.999906,0
93,23,0,246824,25,7999.999906,3999.999906,0
93,0,27,246824,30,3999.999906,7999.999906,0
93,27,0,246824,30,7999.999906,3999.999906,0
93,1,2,246824,10,3999.999906,3999.999906,0
93,2,1,246824,10,3999.999906,3999.999906,0
93,1,3,246824,11,3999.999906,3199.999906,0
93,3,1,246824,11,3199.999906,3999.999906,0
93,1,20,246824,37,3999.999906,7999.999906,0
93,20,1,246824,37,7999.999906,3999.999906,0
93,2,5,246824,11,3999.999906,1999.999906,0
93,5,2,246824,11,1999.999906,3999.999906,0
93,2,21,246824,35,3999.999906,7999.999906,0
93,21,2,246824,35,7999.999906,3999.999906,0
93,2,29,246824,28,3999.999906,7999.999906,0
93,29,2,246824,28,7999.999906,3999.999906,0
93,3,5,246824,11,3199.999906,1999.999906,0
93,5,3,246824,11,1999.999906,3199.999906,0
93,3,6,246824,11,3199.999906,3199.999906,0
93,6,3,246824,11,3199.999906,3199.999906,0
93,3,27,246824,29,3199.999906,7999.999906,0
93,27,3,246824,29,7999.999906,3199.999906,0
93,3,28,246824,32,3199.999906,7999.999906,0
93,28,3,246824,32,7999.999906,3199.999906,0
93,4,5,246824,9,3999.999906,1999.999906,0
93,5,4,246824,9,1999.999906,3999.999906,0
93,4,6,246824,9,3999.999906,3199.999906,0
93,6,4,246824,9,3199.999906,3999.999906,0
93,4,7,246824,9,3999.999906,5333.333240,0
93,7,4,246824,9,5333.333240,3999.999906,0
93,4,13,246824,6,3999.999906,2285.714192,0
93,13,4,246824,6,2285.714192,3999.999906,0
93,5,6,246824,12,1999.999906,3199.999906,0
93,6,5,246824,12,3199.999906,1999.999906,0
93,5,8,246824,12,1999.999906,3199.999906,0
93,8,5,246824,12,3199.999906,1999.999906,0
93,5,19,246824,27,1999.999906,7999.999906,0
93,19,5,246824,27,7999.999906,1999.999906,0
93,5,24,246824,24,1999.999906,5333.333240,0
93,24,5,246824,24,5333.333240,1999.999906,0
93,5,26,246824,29,1999.999906,7999.999906,0
93,26,5,246824,29,7999.999906,1999.999906,0
93,6,7,246824,12,3199.999906,5333.333240,0
93,7,6,246824,12,5333.333240,3199.999906,0
93,6,18,246824,21,3199.999906,5333.333240,0
93,18,6,246824,21,5333.333240,3199.999906,0
93,7,9,246824,12,5333.333240,7999.999906,0
93,9,7,246824,12,7999.999906,5333.333240,0
93,8,10,246824,11,3199.999906,5333.333240,0
93,10,8,246824,11,5333.333240,3199.999906,0
93,8,19,246824,27,3199.999906,7999.999906,0
93,19,8,246824,27,7999.999906,3199.999906,0
93,8,20,246824,38,3199.999906,7999.999906,0
93,20,8,246824,38,7999.999906,3199.999906,0
93,8,26,246824,29,3199.999906,7999.999906,0
93,26,8,246824,29,7999.999906,3199.999906,0
93,9,12,246824,12,7999.999906,3999.999906,0
93,12,9,246824,12,3999.999906,7999.999906,0
93,10,12,246824,11,5333.333240,3999.999906,0
93,12,10,246824,11,3999.999906,5333.333240,0
93,10,13,246824,8,5333.333240,2285.714192,0
93,13,10,246824,8,2285.714192,5333.333240,0
93,11,13,246824,9,5333.333240,2285.714192,0
93,13,11,246824,9,2285.714192,5333.333240,0
93,11,14,246824,9,5333.333240,2666.666573,0
93,14,11,246824,9,2666.666573,5333.333240,0
93,11,29,246824,30,5333.333240,7999.999906,0
93,29,11,246824,30,7999.999906,5333.333240,0
93,12,13,246824,9,3999.999906,2285.714192,0
93,13,12,246824,9,2285.714192,3999.999906,0
93,12,15,246824,42,3999.999906,7999.999906,0
93,15,12,246824,42,7999.999906,3999.999906,0
93,13,14,246824,7,2285.714192,2666.666573,0
93,14,13,246824,7,2666.666573,2285.714192,0
93,13,16,246824,19,2285.714192,3999.999906,0
93,16,13,246824,19,3999.999906,2285.714192,0
93,13,21,246824,35,2285.714192,7999.999906,0
93,21,13,246824,35,7999.999906,2285.714192,0
93,14,15,246824,39,2666.666573,7999.999906,0
93,15,14,246824,39,7999.999906,2666.666573,0
93,14,17,246824,20,2666.666573,5333.333240,0
93,17,14,246824,20,5333.333240,2666.666573,0
93,14,24,246824,21,2666.666573,5333.333240,0
93,24,14,246824,21,5333.333240,2666.666573,0
93,14,25,246824,26,2666.666573,7999.999906,0
93,25,14,246824,26,7999.999906,2666.666573,0
93,16,17,246824,24,3999.999906,5333.333240,0
93,17,16,246824,24,5333.333240,3999.999906,0
93,16,18,246824,24,3999.999906,5333.333240,0
93,18,16,246824,24,5333.333240,3999.999906,0
93,17,28,246824,34,5333.333240,7999.999906,0
93,28,17,246824,34,7999.999906,5333.333240,0
93,18,22,246824,27,5333.333240,3999.999906,0
93,22,18,246824,27,3999.999906,5333.333240,0
93,22,23,246824,29,3999.999906,7999.999906,0
93,23,22,246824,29,7999.999906,3999.999906,0
93,22,24,246824,28,3999.999906,5333.333240,0
93,24,22,246824,28,5333.333240,3999.999906,0
93,22,25,246824,33,3999.999906,7999.999906,0
93,25,22,246824,33,7999.999906,3999.999906,0
94,0,1,246824,12,3999.999882,3999.999882,0
94,1,0,246824,12,3999.999882,3999.999882,0
94,0,16,246824,22,3999.999882,3999.999882,0
94,16,0,246824,22,3999.999882,3999.999882,0
94,0,23,246824,25,3999.999882,5333.333215,0
94,23,0,246824,25,5333.333215,3999.999882,0
94,0,27,246824,30,3999.999882,7999.999882,0
94,27,0,246824,30,7999.999882,3999.999882,0
94,1,2,246824,10,3999.999882,3199.999882,0
94,2,1,246824,10,3199.999882,3999.999882,0
94,1,3,246824,11,3999.999882,3199.999882,0
94,3,1,246824,11,3199.999882,3999.999882,0
94,1,20,246824,37,3999.999882,7999.999882,0
94,20,1,246824,37,7999.999882,3999.999882,0
94,2,4,246824,8,3199.999882,5333.333215,0
94,4,2,246824,8,5333.333215,3199.999882,0
94,2,5,246824,11,3199.999882,2666.666548,0
94,5,2,246824,11,2666.666548,3199.999882,0
94,2,21,246824,35,3199.999882,7999.999882,0
94,21,2,246824,35,7999.999882,3199.999882,0
94,2,29,246824,28,3199.999882,7999.999882,0
94,29,2,246824,28,7999.999882,3199.999882,0
94,3,5,246824,11,3199.999882,2666.666548,0
94,5,3,246824,11,2666.666548,3199.999882,0
94,3,6,246824,11,3199.999882,5333.333215,0
94,6,3,246824,11,5333.333215,3199.999882,0
94,3,27,246824,29,3199.999882,7999.999882,0
94,27,3,246824,29,7999.999882,3199.999882,0
94,3,28,246824,32,3199.999882,7999.999882,0
94,28,3,246824,32,7999.999882,3199.999882,0
94,4,7,246824,9,5333.333215,3999.999882,0
94,7,4,246824,9,3999.999882,5333.333215,0
94,4,13,246824,6,5333.333215,2285.714167,0
94,13,4,246824,6,2285.714167,5333.333215,0
94,5,8,246824,12,2666.666548,2666.666548,0
94,8,5,246824,12,2666.666548,2666.666548,0
94,5,19,246824,27,2666.666548,7999.999882,0
94,19,5,246824,27,7999.999882,2666.666548,0
94,5,24,246824,24,2666.666548,5333.333215,0
94,24,5,246824,24,5333.333215,2666.666548,0
94,5,26,246824,29,2666.666548,7999.999882,0
94,26,5,246824,29,7999.999882,2666.666548,0
94,6,7,246824,12,5333.333215,3999.999882,0
94,7,6,246824,12,3999.999882,5333.333215,0
94,6,18,246824,21,5333.333215,5333.333215,0
94,18,6,246824,21,5333.333215,5333.333215,0
94,7,9,246824,12,3999.999882,7999.999882,0
94,9,7,246824,12,7999.999882,3999.999882,0
94,7,10,246824,11,3999.999882,3999.999882,0
94,10,7,246824,11,3999.999882,3999.999882,0
94,8,9,246824,12,2666.666548,7999.999882,0
94,9,8,246824,12,7999.999882,2666.666548,0
94,8,10,246824,11,2666.666548,3999.999882,0
94,10,8,246824,11,3999.999882,2666.666548,0
94,8,19,246824,27,2666.666548,7999.999882,0
94,19,8,246824,27,7999.999882,2666.666548,0
94,8,20,246824,38,2666.666548,7999.999882,0
94,20,8,246824,38,7999.999882,2666.666548,0
94,8,26,246824,29,2666.666548,7999.999882,0
94,26,8,246824,29,7999.999882,2666.666548,0
94,10,12,246824,11,3999.999882,5333.333215,0
94,12,10,246824,11,5333.333215,3999.999882,0
94,10,13,246824,8,3999.999882,2285.714167,0
94,13,10,246824,8,2285.714167,3999.999882,0
94,11,13,246824,9,5333.333215,2285.714167,0
94,13,11,246824,9,2285.714167,5333.333215,0
94,11,14,246824,9,5333.333215,2666.666548,0
94,14,11,246824,9,2666.666548,5333.333215,0
94,11,29,246824,30,5333.333215,7999.999882,0
94,29,11,246824,30,7999.999882,5333.333215,0
94,12,13,246824,9,5333.333215,2285.714167,0
94,13,12,246824,9,2285.714167,5333.333215,0
94,12,15,246824,42,5333.333215,7999.999882,0
94,15,12,246824,42,7999.999882,5333.333215,0
94,13,14,246824,7,2285.714167,2666.666548,0
94,14,13,246824,7,2666.666548,2285.714167,0
94,13,16,246824,19,2285.714167,3999.999882,0
94,16,13,246824,19,3999.999882,2285.714167,0
94,13,21,246824,35,2285.714167,7999.999882,0
94,21,13,246824,35,7999.999882,2285.714167,0
94,14,15,246824,39,2666.666548,7999.999882,0
94,15,14,246824,39,7999.999882,2666.666548,0
94,14,17,246824,20,2666.666548,7999.999882,0
94,17,14,246824,20,7999.999882,2666.666548,0
94,14,24,246824,21,2666.666548,5333.333215,0
94,24,14,246824,21,5333.333215,2666.666548,0
94,14,25,246824,26,2666.666548,5333.333215,0
94,25,14,246824,26,5333.333215,2666.666548,0
94,16,17,246824,24,3999.999882,7999.999882,0
94,17,16,246824,24,7999.999882,3999.999882,0
94,16,18,246824,24,3999.999882,5333.333215,0
94,18,16,246824,24,5333.333215,3999.999882,0
94,18,22,246824,27,5333.333215,5333.333215,0
94,22,18,246824,27,5333.333215,5333.333215,0
94,22,23,246824,29,5333.333215,5333.333215,0
94,23,22,246824,29,5333.333215,5333.333215,0
94,22,24,246824,28,5333.333215,5333.333215,0
94,24,22,246824,28,5333.333215,5333.333215,0
94,23,25,246824,31,5333.333215,5333.333215,0
94,25,23,246824,31,5333.333215,5333.333215,0
94,25,28,246824,37,5333.333215,7999.999882,0
94,28,25,246824,37,7999.999882,5333.333215,0
95,0,1,246824,12,3999.999882,3999.999882,0
95,1,0,246824,12,3999.999882,3999.999882,0
95,0,16,246824,22,3999.999882,5333.333215,0
95,16,0,246824,22,5333.333215,3999.999882,0
95,0,23,246824,25,3999.999882,5333.333215,0
95,23,0,246824,25,5333.333215,3999.999882,0
95,0,27,246824,30,3999.999882,7999.999882,0
95,27,0,246824,30,7999.999882,3999.999882,0
95,1,2,246824,10,3999.999882,3999.999882,0
95,2,1,246824,10,3999.999882,3999.999882,0
95,1,3,246824,11,3999.999882,3199.999882,0
95,3,1,246824,11,3199.999882,3999.999882,0
95,1,20,246824,37,3999.999882,7999.999882,0
95,20,1,246824,37,7999.999882,3999.999882,0
95,2,5,246824,11,3999.999882,2285.714167,0
95,5,2,246824,11,2285.714167,3999.999882,0
95,2,21,246824,35,3999.999882,7999.999882,0
95,21,2,246824,35,7999.999882,3999.999882,0
95,2,29,246824,28,3999.999882,7999.999882,0
95,29,2,246824,28,7999.999882,3999.999882,0
95,3,5,246824,11,3199.999882,2285.714167,0
95,5,3,246824,11,2285.714167,3199.999882,0
95,3,6,246824,11,3199.999882,3999.999882,0
95,6,3,246824,11,3999.999882,3199.999882,0
95,3,27,246824,29,3199.999882,7999.999882,0
95,27,3,246824,29,7999.999882,3199.999882,0
95,3,28,246824,32,3199.999882,7999.999882,0
95,28,3,246824,32,7999.999882,3199.999882,0
95,4,6,246824,9,3999.999882,3999.999882,0
95,6,4,246824,9,3999.999882,3999.999882,0
95,4,7,246824,9,3999.999882,7999.999882,0
95,7,4,246824,9,7999.999882,3999.999882,0
95,4,12,246824,9,3999.999882,3199.999882,0
95,12,4,246824,9,3199.999882,3999.999882,0
95,4,13,246824,6,3999.999882,2285.714167,0
95,13,4,246824,6,2285.714167,3999.999882,0
95,5,6,246824,12,2285.714167,3999.999882,0
95,6,5,246824,12,3999.999882,2285.714167,0
95,5,8,246824,12,2285.714167,3199.999882,0
95,8,5,246824,12,3199.999882,2285.714167,0
95,5,19,246824,27,2285.714167,7999.999882,0
95,19,5,246824,27,7999.999882,2285.714167,0
95,5,24,246824,24,2285.714167,5333.333215,0
95,24,5,246824,24,5333.333215,2285.714167,0
95,5,26,246824,29,2285.714167,7999.999882,0
95,26,5,246824,29,7999.999882,2285.714167,0
95,6,18,246824,21,3999.999882,3999.999882,0
95,18,6,246824,21,3999.999882,3999.999882,0
95,7,10,246824,11,7999.999882,3199.999882,0
95,10,7,246824,11,3199.999882,7999.999882,0
95,8,10,246824,11,3199.999882,3199.999882,0
95,10,8,246824,11,3199.999882,3199.999882,0
95,8,19,246824,27,3199.999882,7999.999882,0
95,19,8,246824,27,7999.999882,3199.999882,0
95,8,20,246824,38,3199.999882,7999.999882,0
95,20,8,246824,38,7999.999882,3199.999882,0
95,8,26,246824,29,3199.999882,7999.999882,0
95,26,8,246824,29,7999.999882,3199.999882,0
95,9,10,246824,11,7999.999882,3199.999882,0
95,10,9,246824,11,3199.999882,7999.999882,0
95,9,12,246824,12,7999.999882,3199.999882,0
95,12,9,246824,12,3199.999882,7999.999882,0
95,10,12,246824,11,3199.999882,3199.999882,0
95,12,10,246824,11,3199.999882,3199.999882,0
95,10,13,246824,8,3199.999882,2285.714167,0
95,13,10,246824,8,2285.714167,3199.999882,0
95,11,13,246824,9,5333.333215,2285.714167,0
95,13,11,246824,9,2285.714167,5333.333215,0
95,11,14,246824,9,5333.333215,2666.666548,0
95,14,11,246824,9,2666.666548,5333.333215,0
95,11,29,246824,30,5333.333215,7999.999882,0
95,29,11,246824,30,7999.999882,5333.333215,0
95,12,13,246824,9,3199.999882,2285.714167,0
95,13,12,246824,9,2285.714167,3199.999882,0
95,12,15,246824,42,3199.999882,7999.999882,0
95,15,12,246824,42,7999.999882,3199.999882,0
95,13,14,246824,7,2285.714167,2666.666548,0
95,14,13,246824,7,2666.666548,2285.714167,0
95,13,16,246824,19,2285.714167,5333.333215,0
95,16,13,246824,19,5333.333215,2285.714167,0
95,13,21,246824,35,2285.714167,7999.999882,0
95,21,13,246824,35,7999.999882,2285.714167,0
95,14,15,246824,39,2666.666548,7999.999882,0
95,15,14,246824,39,7999.999882,2666.666548,0
95,14,17,246824,20,2666.666548,5333.333215,0
95,17,14,246824,20,5333.333215,2666.666548,0
95,14,24,246824,21,2666.666548,5333.333215,0
95,24,14,246824,21,5333.333215,2666.666548,0
95,14,25,246824,26,2666.666548,7999.999882,0
95,25,14,246824,26,7999.999882,2666.666548,0
95,16,18,246824,24,5333.333215,3999.999882,0
95,18,16,246824,24,3999.999882,5333.333215,0
95,17,18,246824,24,5333.333215,3999.999882,0
95,18,17,246824,24,3999.999882,5333.333215,0
95,17,28,246824,34,5333.333215,7999.999882,0
95,28,17,246824,34,7999.999882,5333.333215,0
95,18,22,246824,27,3999.999882,5333.333215,0
95,22,18,246824,27,5333.333215,3999.999882,0
95,22,23,246824,29,5333.333215,5333.333215,0
95,23,22,246824,29,5333.333215,5333.333215,0
95,22,24,246824,28,5333.333215,5333.333215,0
95,24,22,246824,28,5333.333215,5333.333215,0
95,23,25,246824,31,5333.333215,7999.999882,0
95,25,23,246824,31,7999.999882,5333.333215,0
96,0,1,246824,12,3999.999882,3999.999882,0
96,1,0,246824,12,3999.999882,3999.999882,0
96,0,16,246824,22,3999.999882,3999.999882,0
96,16,0,246824,22,3999.999882,3999.999882,0
96,0,23,246824,25,3999.999882,7999.999882,0
96,23,0,246824,25,7999.999882,3999.999882,0
96,0,27,246824,30,3999.999882,7999.999882,0
96,27,0,246824,30,7999.999882,3999.999882,0
96,1,2,246824,10,3999.999882,3999.999882,0
96,2,1,246824,10,3999.999882,3999.999882,0
96,1,3,246824,11,3999.999882,3199.999882,0
96,3,1,246824,11,3199.999882,3999.999882,0
96,1,20,246824,37,3999.999882,7999.999882,0
96,20,1,246824,37,7999.999882,3999.999882,0
96,2,5,246824,11,3999.999882,2666.666548,0
96,5,2,246824,11,2666.666548,3999.999882,0
96,2,21,246824,35,3999.999882,7999.999882,0
96,21,2,246824,35,7999.999882,3999.999882,0
96,2,29,246824,28,3999.999882,7999.999882,0
96,29,2,246824,28,7999.999882,3999.999882,0
96,3,5,246824,11,3199.999882,2666.666548,0
96,5,3,246824,11,2666.666548,3199.999882,0
96,3,6,246824,11,3199.999882,5333.333215,0
96,6,3,246824,11,5333.333215,3199.999882,0
96,3,27,246824,29,3199.999882,7999.999882,0
96,27,3,246824,29,7999.999882,3199.999882,0
96,3,28,246824,32,3199.999882,5333.333215,0
96,28,3,246824,32,5333.333215,3199.999882,0
96,4,6,246824,9,3999.999882,5333.333215,0
96,6,4,246824,9,5333.333215,3999.999882,0
96,4,7,246824,9,3999.999882,7999.999882,0
96,7,4,246824,9,7999.999882,3999.999882,0
96,4,12,246824,9,3999.999882,3199.999882,0
96,12,4,246824,9,3199.999882,3999.999882,0
96,4,13,246824,6,3999.999882,2285.714167,0
96,13,4,246824,6,2285.714167,3999.999882,0
96,5,8,246824,12,2666.666548,3199.999882,0
96,8,5,246824,12,3199.999882,2666.666548,0
96,5,19,246824,27,2666.666548,7999.999882,0
96,19,5,246824,27,7999.999882,2666.666548,0
96,5,24,246824,24,2666.666548,5333.333215,0
96,24,5,246824,24,5333.333215,2666.666548,0
96,5,26,246824,29,2666.666548,7999.999882,0
96,26,5,246824,29,7999.999882,2666.666548,0
96,6,18,246824,21,5333.333215,5333.333215,0
96,18,6,246824,21,5333.333215,5333.333215,0
96,7,10,246824,11,7999.999882,3199.999882,0
96,10,7,246824,11,3199.999882,7999.999882,0
96,8,10,246824,11,3199.999882,3199.999882,0
96,10,8,246824,11,3199.999882,3199.999882,0
96,8,19,246824,27,3199.999882,7999.999882,0
96,19,8,246824,27,7999.999882,3199.999882,0
96,8,20,246824,38,3199.999882,7999.999882,0
96,20,8,246824,38,7999.999882,3199.999882,0
96,8,26,246824,29,3199.999882,7999.999882,0
96,26,8,246824,29,7999.999882,3199.999882,0
96,9,10,246824,11,7999.999882,3199.999882,0
96,10,9,246824,11,3199.999882,7999.999882,0
96,9,12,246824,12,7999.999882,3199.999882,0
96,12,9,246824,12,3199.999882,7999.999882,0
96,10,12,246824,11,3199.999882,3199.999882,0
96,12,10,246824,11,3199.999882,3199.999882,0
96,10,13,246824,8,3199.999882,2285.714167,0
96,13,10,246824,8,2285.714167,3199.999882,0
96,11,13,246824,9,5333.333215,2285.714167,0
96,13,11,246824,9,2285.714167,5333.333215,0
96,11,14,246824,9,5333.333215,2666.666548,0
96,14,11,246824,9,2666.666548,5333.333215,0
96,11,29,246824,30,5333.333215,7999.999882,0
96,29,11,246824,30,7999.999882,5333.333215,0
96,12,13,246824,9,3199.999882,2285.714167,0
96,13,12,246824,9,2285.714167,3199.999882,0
96,12,15,246824,42,3199.999882,7999.999882,0
96,15,12,246824,42,7999.999882,3199.999882,0
96,13,14,246824,7,2285.714167,2666.666548,0
96,14,13,246824,7,2666.666548,2285.714167,0
96,13,16,246824,19,2285.714167,3999.999882,0
96,16,13,246824,19,3999.999882,2285.714167,0
96,13,21,246824,35,2285.714167,7999.999882,0
96,21,13,246824,35,7999.999882,2285.714167,0
96,14,15,246824,39,2666.666548,7999.999882,0
96,15,14,246824,39,7999.999882,2666.666548,0
96,14,17,246824,20,2666.666548,5333.333215,0
96,17,14,246824,20,5333.333215,2666.666548,0
96,14,24,246824,21,2666.666548,5333.333215,0
96,24,14,246824,21,5333.333215,2666.666548,0
96,14,25,246824,26,2666.666548,7999.999882,0
96,25,14,246824,26,7999.999882,2666.666548,0
96,16,17,246824,24,3999.999882,5333.333215,0
96,17,16,246824,24,5333.333215,3999.999882,0
96,16,18,246824,24,3999.999882,5333.333215,0
96,18,16,246824,24,5333.333215,3999.999882,0
96,17,28,246824,34,5333.333215,5333.333215,0
96,28,17,246824,34,5333.333215,5333.333215,0
96,18,22,246824,27,5333.333215,5333.333215,0
96,22,18,246824,27,5333.333215,5333.333215,0
96,22,23,246824,29,5333.333215,7999.999882,0
96,23,22,246824,29,7999.999882,5333.333215,0
96,22,24,246824,28,5333.333215,5333.333215,0
96,24,22,246824,28,5333.333215,5333.333215,0
96,25,28,246824,37,7999.999882,5333.333215,0
96,28,25,246824,37,5333.333215,7999.999882,0
97,0,1,246824,12,3999.999882,3199.999882,0
97,1,0,246824,12,3199.999882,3999.999882,0
97,0,16,246824,22,3999.999882,5333.333215,0
97,16,0,246824,22,5333.333215,3999.999882,0
97,0,23,246824,25,3999.999882,7999.999882,0
97,23,0,246824,25,7999.999882,3999.999882,0
97,0,27,246824,30,3999.999882,7999.999882,0
97,27,0,246824,30,7999.999882,3999.999882,0
97,1,2,246824,10,3199.999882,3999.999882,0
97,2,1,246824,10,3999.999882,3199.999882,0
97,1,3,246824,11,3199.999882,3999.999882,0
97,3,1,246824,11,3999.999882,3199.999882,0
97,1,4,246824,9,3199.999882,2666.666548,0
97,4,1,246824,9,2666.666548,3199.999882,0
97,1,20,246824,37,3199.999882,7999.999882,0
97,20,1,246824,37,7999.999882,3199.999882,0
97,2,5,246824,11,3999.999882,1999.999882,0
97,5,2,246824,11,1999.999882,3999.999882,0
97,2,21,246824,35,3999.999882,7999.999882,0
97,21,2,246824,35,7999.999882,3999.999882,0
97,2,29,246824,28,3999.999882,7999.999882,0
97,29,2,246824,28,7999.999882,3999.999882,0
97,3,5,246824,11,3999.999882,1999.999882,0
97,5,3,246824,11,1999.999882,3999.999882,0
97,3,27,246824,29,3999.999882,7999.999882,0
97,27,3,246824,29,7999.999882,3999.999882,0
97,3,28,246824,32,3999.999882,7999.999882,0
97,28,3,246824,32,7999.999882,3999.999882,0
97,4,5,246824,9,2666.666548,1999.999882,0
97,5,4,246824,9,1999.999882,2666.666548,0
97,4,6,246824,9,2666.666548,3999.999882,0
97,6,4,246824,9,3999.999882,2666.666548,0
97,4,7,246824,9,2666.666548,7999.999882,0
97,7,4,246824,9,7999.999882,2666.666548,0
97,4,12,246824,9,2666.666548,3999.999882,0
97,12,4,246824,9,3999.999882,2666.666548,0
97,4,13,246824,6,2666.666548,2285.714167,0
97,13,4,246824,6,2285.714167,2666.666548,0
97,5,6,246824,12,1999.999882,3999.999882,0
97,6,5,246824,12,3999.999882,1999.999882,0
97,5,8,246824,12,1999.999882,2666.666548,0
97,8,5,246824,12,2666.666548,1999.999882,0
97,5,19,246824,27,1999.999882,7999.999882,0
97,19,5,246824,27,7999.999882,1999.999882,0
97,5,24,246824,24,1999.999882,5333.333215,0
97,24,5,246824,24,5333.333215,1999.999882,0
97,5,26,246824,29,1999.999882,7999.999882,0
97,26,5,246824,29,7999.999882,1999.999882,0
97,6,7,246824,12,3999.999882,7999.999882,0
97,7,6,246824,12,7999.999882,3999.999882,0
97,6,18,246824,21,3999.999882,3999.999882,0
97,18,6,246824,21,3999.999882,3999.999882,0
97,8,9,246824,12,2666.666548,7999.999882,0
97,9,8,246824,12,7999.999882,2666.666548,0
97,8,10,246824,11,2666.666548,7999.999882,0
97,10,8,246824,11,7999.999882,2666.666548,0
97,8,19,246824,27,2666.666548,7999.999882,0
97,19,8,246824,27,7999.999882,2666.666548,0
97,8,20,246824,38,2666.666548,7999.999882,0
97,20,8,246824,38,7999.999882,2666.666548,0
97,8,26,246824,29,2666.666548,7999.999882,0
97,26,8,246824,29,7999.999882,2666.666548,0
97,9,12,246824,12,7999.999882,3999.999882,0
97,12,9,246824,12,3999.999882,7999.999882,0
97,10,13,246824,8,7999.999882,2285.714167,0
97,13,10,246824,8,2285.714167,7999.999882,0
97,11,13,246824,9,5333.333215,2285.714167,0
97,13,11,246824,9,2285.714167,5333.333215,0
97,11,14,246824,9,5333.333215,2666.666548,0
97,14,11,246824,9,2666.666548,5333.333215,0
97,11,29,246824,30,5333.333215,7999.999882,0
97,29,11,246824,30,7999.999882,5333.333215,0
97,12,13,246824,9,3999.999882,2285.714167,0
97,13,12,246824,9,2285.714167,3999.999882,0
97,12,15,246824,42,3999.999882,7999.999882,0
97,15,12,246824,42,7999.999882,3999.999882,0
97,13,14,246824,7,2285.714167,2666.666548,0
97,14,13,246824,7,2666.666548,2285.714167,0
97,13,16,246824,19,2285.714167,5333.333215,0
97,16,13,246824,19,5333.333215,2285.714167,0
97,13,21,246824,35,2285.714167,7999.999882,0
97,21,13,246824,35,7999.999882,2285.714167,0
97,14,15,246824,39,2666.666548,7999.999882,0
97,15,14,246824,39,7999.999882,2666.666548,0
97,14,17,246824,20,2666.666548,5333.333215,0
97,17,14,246824,20,5333.333215,2666.666548,0
97,14,24,246824,21,2666.666548,5333.333215,0
97,24,14,246824,21,5333.333215,2666.666548,0
97,14,25,246824,26,2666.666548,7999.999882,0
97,25,14,246824,26,7999.999882,2666.666548,0
97,16,18,246824,24,5333.333215,3999.999882,0
97,18,16,246824,24,3999.999882,5333.333215,0
97,17,18,246824,24,5333.333215,3999.999882,0
97,18,17,246824,24,3999.999882,5333.333215,0
97,17,28,246824,34,5333.333215,7999.999882,0
97,28,17,246824,34,7999.999882,5333.333215,0
97,18,22,246824,27,3999.999882,3999.999882,0
97,22,18,246824,27,3999.999882,3999.999882,0
97,22,23,246824,29,3999.999882,7999.999882,0
97,23,22,246824,29,7999.999882,3999.999882,0
97,22,24,246824,28,3999.999882,5333.333215,0
97,24,22,246824,28,5333.333215,3999.999882,0
97,22,25,246824,33,3999.999882,7999.999882,0
97,25,22,246824,33,7999.999882,3999.999882,0
98,0,1,246824,12,5333.333215,3199.999882,0
98,1,0,246824,12,3199.999882,5333.333215,0
98,0,16,246824,22,5333.333215,3999.999882,0
98,16,0,246824,22,3999.999882,5333.333215,0
98,0,23,246824,25,5333.333215,5333.333215,0
98,23,0,246824,25,5333.333215,5333.333215,0
98,1,2,246824,10,3199.999882,3999.999882,0
98,2,1,246824,10,3999.999882,3199.999882,0
98,1,3,246824,11,3199.999882,3999.999882,0
98,3,1,246824,11,3999.999882,3199.999882,0
98,1,4,246824,9,3199.999882,2666.666548,0
98,4,1,246824,9,2666.666548,3199.999882,0
98,1,20,246824,37,3199.999882,7999.999882,0
98,20,1,246824,37,7999.999882,3199.999882,0
98,2,5,246824,11,3999.999882,1999.999882,0
98,5,2,246824,11,1999.999882,3999.999882,0
98,2,21,246824,35,3999.999882,7999.999882,0
98,21,2,246824,35,7999.999882,3999.999882,0
98,2,29,246824,28,3999.999882,7999.999882,0
98,29,2,246824,28,7999.999882,3999.999882,0
98,3,5,246824,11,3999.999882,1999.999882,0
98,5,3,246824,11,1999.999882,3999.999882,0
98,3,27,246824,29,3999.999882,7999.999882,0
98,27,3,246824,29,7999.999882,3999.999882,0
98,3,28,246824,32,3999.999882,7999.999882,0
98,28,3,246824,32,7999.999882,3999.999882,0
98,4,5,246824,9,2666.666548,1999.999882,0
98,5,4,246824,9,1999.999882,2666.666548,0
98,4,6,246824,9,2666.666548,5333.333215,0
98,6,4,246824,9,5333.333215,2666.666548,0
98,4,7,246824,9,2666.666548,7999.999882,0
98,7,4,246824,9,7999.999882,2666.666548,0
98,4,12,246824,9,2666.666548,5333.333215,0
98,12,4,246824,9,5333.333215,2666.666548,0
98,4,13,246824,6,2666.666548,2666.666548,0
98,13,4,246824,6,2666.666548,2666.666548,0
98,5,6,246824,12,1999.999882,5333.333215,0
98,6,5,246824,12,5333.333215,1999.999882,0
98,5,8,246824,12,1999.999882,2666.666548,0
98,8,5,246824,12,2666.666548,1999.999882,0
98,5,19,246824,27,1999.999882,5333.333215,0
98,19,5,246824,27,5333.333215,1999.999882,0
98,5,24,246824,24,1999.999882,5333.333215,0
98,24,5,246824,24,5333.333215,1999.999882,0
98,5,26,246824,29,1999.999882,7999.999882,0
98,26,5,246824,29,7999.999882,1999.999882,0
98,6,18,246824,21,5333.333215,5333.333215,0
98,18,6,246824,21,5333.333215,5333.333215,0
98,7,10,246824,11,7999.999882,3199.999882,0
98,10,7,246824,11,3199.999882,7999.999882,0
98,8,9,246824,12,2666.666548,7999.999882,0
98,9,8,246824,12,7999.999882,2666.666548,0
98,8,10,246824,11,2666.666548,3199.999882,0
98,10,8,246824,11,3199.999882,2666.666548,0
98,8,19,246824,27,2666.666548,5333.333215,0
98,19,8,246824,27,5333.333215,2666.666548,0
98,8,20,246824,38,2666.666548,7999.999882,0
98,20,8,246824,38,7999.999882,2666.666548,0
98,8,26,246824,29,2666.666548,7999.999882,0
98,26,8,246824,29,7999.999882,2666.666548,0
98,9,10,246824,11,7999.999882,3199.999882,0
98,10,9,246824,11,3199.999882,7999.999882,0
98,10,12,246824,11,3199.999882,5333.333215,0
98,12,10,246824,11,5333.333215,3199.999882,0
98,10,13,246824,8,3199.999882,2666.666548,0
98,13,10,246824,8,2666.666548,3199.999882,0
98,11,13,246824,9,3999.999882,2666.666548,0
98,13,11,246824,9,2666.666548,3999.999882,0
98,11,14,246824,9,3999.999882,2666.666548,0
98,14,11,246824,9,2666.666548,3999.999882,0
98,11,27,246824,29,3999.999882,7999.999882,0
98,27,11,246824,29,7999.999882,3999.999882,0
98,11,29,246824,30,3999.999882,7999.999882,0
98,29,11,246824,30,7999.999882,3999.999882,0
98,12,15,246824,42,5333.333215,7999.999882,0
98,15,12,246824,42,7999.999882,5333.333215,0
98,13,14,246824,7,2666.666548,2666.666548,0
98,14,13,246824,7,2666.666548,2666.666548,0
98,13,16,246824,19,2666.666548,3999.999882,0
98,16,13,246824,19,3999.999882,2666.666548,0
98,13,21,246824,35,2666.666548,7999.999882,0
98,21,13,246824,35,7999.999882,2666.666548,0
98,14,15,246824,39,2666.666548,7999.999882,0
98,15,14,246824,39,7999.999882,2666.666548,0
98,14,17,246824,20,2666.666548,5333.333215,0
98,17,14,246824,20,5333.333215,2666.666548,0
98,14,24,246824,21,2666.666548,5333.333215,0
98,24,14,246824,21,5333.333215,2666.666548,0
98,14,25,246824,26,2666.666548,7999.999882,0
98,25,14,246824,26,7999.999882,2666.666548,0
98,16,17,246824,24,3999.999882,5333.333215,0
98,17,16,246824,24,5333.333215,3999.999882,0
98,16,18,246824,24,3999.999882,5333.333215,0
98,18,16,246824,24,5333.333215,3999.999882,0
98,17,28,246824,34,5333.333215,7999.999882,0
98,28,17,246824,34,7999.999882,5333.333215,0
98,18,22,246824,27,5333.333215,7999.999882,0
98,22,18,246824,27,7999.999882,5333.333215,0
98,19,23,246824,30,5333.333215,5333.333215,0
98,23,19,246824,30,5333.333215,5333.333215,0
98,22,24,246824,28,7999.999882,5333.333215,0
98,24,22,246824,28,5333.333215,7999.999882,0
98,23,25,246824,31,5333.333215,7999.999882,0
98,25,23,246824,31,7999.999882,5333.333215,0
99,0,1,246824,12,3999.999882,3199.999882,0
99,1,0,246824,12,3199.999882,3999.999882,0
99,0,16,246824,22,3999.999882,3999.999882,0
99,16,0,246824,22,3999.999882,3999.999882,0
99,0,23,246824,25,3999.999882,5333.333215,0
99,23,0,246824,25,5333.333215,3999.999882,0
99,0,27,246824,30,3999.999882,7999.999882,0
99,27,0,246824,30,7999.999882,3999.999882,0
99,1,2,246824,10,3199.999882,3199.999882,0
99,2,1,246824,10,3199.999882,3199.999882,0
99,1,3,246824,11,3199.999882,5333.333215,0
99,3,1,246824,11,5333.333215,3199.999882,0
99,1,4,246824,9,3199.999882,3199.999882,0
99,4,1,246824,9,3199.999882,3199.999882,0
99,1,20,246824,37,3199.999882,7999.999882,0
99,20,1,246824,37,7999.999882,3199.999882,0
99,2,4,246824,8,3199.999882,3199.999882,0
99,4,2,246824,8,3199.999882,3199.999882,0
99,2,5,246824,11,3199.999882,3199.999882,0
99,5,2,246824,11,3199.999882,3199.999882,0
99,2,21,246824,35,3199.999882,7999.999882,0
99,21,2,246824,35,7999.999882,3199.999882,0
99,2,29,246824,28,3199.999882,7999.999882,0
99,29,2,246824,28,7999.999882,3199.999882,0
99,3,5,246824,11,5333.333215,3199.999882,0
99,5,3,246824,11,3199.999882,5333.333215,0
99,3,28,246824,32,5333.333215,7999.999882,0
99,28,3,246824,32,7999.999882,5333.333215,0
99,4,6,246824,9,3199.999882,5333.333215,0
99,6,4,246824,9,5333.333215,3199.999882,0
99,4,7,246824,9,3199.999882,5333.333215,0
99,7,4,246824,9,5333.333215,3199.999882,0
99,4,13,246824,6,3199.999882,2285.714167,0
99,13,4,246824,6,2285.714167,3199.999882,0
99,5,8,246824,12,3199.999882,2666.666548,0
99,8,5,246824,12,2666.666548,3199.999882,0
99,5,19,246824,27,3199.999882,7999.999882,0
99,19,5,246824,27,7999.999882,3199.999882,0
99,5,26,246824,29,3199.999882,7999.999882,0
99,26,5,246824,29,7999.999882,3199.999882,0
99,6,7,246824,12,5333.333215,5333.333215,0
99,7,6,246824,12,5333.333215,5333.333215,0
99,6,18,246824,21,5333.333215,5333.333215,0
99,18,6,246824,21,5333.333215,5333.333215,0
99,7,10,246824,11,5333.333215,3199.999882,0
99,10,7,246824,11,3199.999882,5333.333215,0
99,8,9,246824,12,2666.666548,3999.999882,0
99,9,8,246824,12,3999.999882,2666.666548,0
99,8,10,246824,11,2666.666548,3199.999882,0
99,10,8,246824,11,3199.999882,2666.666548,0
99,8,19,246824,27,2666.666548,7999.999882,0
99,19,8,246824,27,7999.999882,2666.666548,0
99,8,20,246824,38,2666.666548,7999.999882,0
99,20,8,246824,38,7999.999882,2666.666548,0
99,8,26,246824,29,2666.666548,7999.999882,0
99,26,8,246824,29,7999.999882,2666.666548,0
99,9,10,246824,11,3999.999882,3199.999882,0
99,10,9,246824,11,3199.999882,3999.999882,0
99,9,12,246824,12,3999.999882,3999.999882,0
99,12,9,246824,12,3999.999882,3999.999882,0
99,9,24,246824,23,3999.999882,5333.333215,0
99,24,9,246824,23,5333.333215,3999.999882,0
99,10,12,246824,11,3199.999882,3999.999882,0
99,12,10,246824,11,3999.999882,3199.999882,0
99,10,13,246824,8,3199.999882,2285.714167,0
99,13,10,246824,8,2285.714167,3199.999882,0
99,11,13,246824,9,3999.999882,2285.714167,0
99,13,11,246824,9,2285.714167,3999.999882,0
99,11,14,246824,9,3999.999882,2666.666548,0
99,14,11,246824,9,2666.666548,3999.999882,0
99,11,27,246824,29,3999.999882,7999.999882,0
99,27,11,246824,29,7999.999882,3999.999882,0
99,11,29,246824,30,3999.999882,7999.999882,0
99,29,11,246824,30,7999.999882,3999.999882,0
99,12,13,246824,9,3999.999882,2285.714167,0
99,13,12,246824,9,2285.714167,3999.999882,0
99,12,15,246824,42,3999.999882,7999.999882,0
99,15,12,246824,42,7999.999882,3999.999882,0
99,13,14,246824,7,2285.714167,2666.666548,0
99,14,13,246824,7,2666.666548,2285.714167,0
99,13,16,246824,19,2285.714167,3999.999882,0
99,16,13,246824,19,3999.999882,2285.714167,0
99,13,21,246824,35,2285.714167,7999.999882,0
99,21,13,246824,35,7999.999882,2285.714167,0
99,14,15,246824,39,2666.666548,7999.999882,0
99,15,14,246824,39,7999.999882,2666.666548,0
99,14,17,246824,20,2666.666548,5333.333215,0
99,17,14,246824,20,5333.333215,2666.666548,0
99,14,24,246824,21,2666.666548,5333.333215,0
99,24,14,246824,21,5333.333215,2666.666548,0
99,14,25,246824,26,2666.666548,7999.999882,0
99,25,14,246824,26,7999.999882,2666.666548,0
99,16,17,246824,24,3999.999882,5333.333215,0
99,17,16,246824,24,5333.333215,3999.999882,0
99,16,18,246824,24,3999.999882,5333.333215,0
99,18,16,246824,24,5333.333215,3999.999882,0
99,17,28,246824,34,5333.333215,7999.999882,0
99,28,17,246824,34,7999.999882,5333.333215,0
99,18,22,246824,27,5333.333215,5333.333215,0
99,22,18,246824,27,5333.333215,5333.333215,0
99,22,23,246824,29,5333.333215,5333.333215,0
99,23,22,246824,29,5333.333215,5333.333215,0
99,22,24,246824,28,5333.333215,5333.333215,0
99,24,22,246824,28,5333.333215,5333.333215,0
99,23,25,246824,31,5333.333215,7999.999882,0
99,25,23,246824,31,7999.999882,5333.333215,0
