round,node,peers,ul_bytes,dl_bytes,busy_ticks,train_ticks,round_duration_ticks,idle_ticks
0,0,10;12,1480944,1480944,82,48,935,853
0,1,8;13,2221416,2221416,64,24,935,871
0,2,18;21,1480944,1480944,71,33,935,864
0,3,0;5,1480944,1480944,88,53,935,847
0,4,3;14,740472,740472,87,75,935,848
0,5,1;13,740472,740472,89,78,935,846
0,6,20;21,987296,987296,133,92,935,802
0,7,1;6,493648,493648,89,78,935,846
0,8,0;1,493648,493648,100,91,935,835
0,9,4;11,740472,740472,40,28,935,895
0,10,9;18,1480944,1480944,68,43,935,867
0,11,1;15,987296,987296,59,32,935,876
0,12,3;24,987296,987296,116,80,935,819
0,13,1;5,493648,493648,31,21,935,904
0,14,10;17,740472,740472,100,77,935,835
0,15,11;28,987296,987296,722,676,935,213
0,16,2;3,740472,740472,623,580,935,312
0,17,10;14,493648,493648,913,889,935,22
0,18,2;10,493648,493648,435,413,935,500
0,19,0;1,493648,493648,521,495,935,414
0,20,1;6,493648,493648,548,507,935,387
0,21,2;6,493648,493648,467,444,935,468
0,22,0;15,493648,493648,860,817,935,75
0,23,2;12,493648,493648,889,854,935,46
0,24,2;12,493648,493648,364,326,935,571
0,25,6;16,493648,493648,466,423,935,469
0,26,1;11,493648,493648,366,340,935,569
0,27,3;10,493648,493648,478,453,935,457
0,28,1;15,493648,493648,644,598,935,291
0,29,2;15,493648,493648,750,716,935,185
1,0,8;10,1480944,1480944,82,48,935,853
1,1,2;3,2468240,2468240,64,24,935,871
1,2,23;24,1727768,1727768,71,33,935,864
1,3,5;16,987296,987296,88,53,935,847
1,4,9;14,493648,493648,87,75,935,848
1,5,3;13,493648,493648,88,78,935,847
1,6,7;20,987296,987296,133,92,935,802
1,7,1;6,493648,493648,89,78,935,846
1,8,0;1,493648,493648,100,91,935,835
1,9,10;11,740472,740472,40,28,935,895
1,10,14;18,1480944,1480944,68,43,935,867
1,11,1;15,987296,987296,59,32,935,876
1,12,0;24,740472,740472,116,80,935,819
1,13,1;5,493648,493648,31,21,935,904
1,14,4;10,740472,740472,100,77,935,835
1,15,0;29,1234120,1234120,722,676,935,213
1,16,2;3,740472,740472,623,580,935,312
1,17,10;14,493648,493648,913,889,935,22
1,18,2;10,493648,493648,435,413,935,500
1,19,0;1,493648,493648,521,495,935,414
1,20,1;6,493648,493648,548,507,935,387
1,21,2;6,493648,493648,467,444,935,468
1,22,0;15,493648,493648,860,817,935,75
1,23,2;12,493648,493648,889,854,935,46
1,24,2;12,493648,493648,364,326,935,571
1,25,6;16,493648,493648,466,423,935,469
1,26,1;11,493648,493648,366,340,935,569
1,27,3;10,493648,493648,478,453,935,457
1,28,1;15,493648,493648,644,598,935,291
1,29,2;15,493648,493648,750,716,935,185
2,0,2;19,1234120,1234120,82,48,935,853
2,1,9;20,2468240,2468240,64,24,935,871
2,2,0;1,1727768,1727768,71,33,935,864
2,3,16;27,740472,740472,88,53,935,847
2,4,3;9,740472,740472,87,75,935,848
2,5,1;13,493648,493648,89,78,935,846
2,6,7;21,987296,987296,133,92,935,802
2,7,1;6,493648,493648,89,78,935,846
2,8,0;1,493648,493648,100,91,935,835
2,9,10;11,987296,987296,40,28,935,895
2,10,17;18,1234120,1234120,68,43,935,867
2,11,15;26,740472,740472,59,32,935,876
2,12,0;23,740472,740472,116,80,935,819
2,13,1;5,493648,493648,31,21,935,904
2,14,4;10,740472,740472,100,77,935,835
2,15,11;22,987296,987296,722,676,935,213
2,16,3;25,493648,493648,623,580,935,312
2,17,10;14,493648,493648,913,889,935,22
2,18,2;10,493648,493648,435,413,935,500
2,19,0;1,493648,493648,521,495,935,414
2,20,1;6,493648,493648,548,507,935,387
2,21,2;6,493648,493648,467,444,935,468
2,22,0;15,493648,493648,860,817,935,75
2,23,2;12,493648,493648,889,854,935,46
2,24,2;12,493648,493648,364,326,935,571
2,25,6;16,493648,493648,466,423,935,469
2,26,1;11,493648,493648,366,340,935,569
2,27,3;10,493648,493648,478,453,935,457
2,28,1;15,493648,493648,644,598,935,291
2,29,2;15,493648,493648,750,716,935,185
3,0,1;12,1480944,1480944,82,48,935,853
3,1,13;19,2961888,2961888,64,24,935,871
3,2,16;23,1480944,1480944,71,33,935,864
3,3,4;5,1234120,1234120,77,53,935,858
3,4,1;3,740472,740472,86,75,935,849
3,5,1;13,740472,740472,89,78,935,846
3,6,3;20,1234120,1234120,133,92,935,802
3,7,1;6,493648,493648,89,78,935,846
3,8,0;1,493648,493648,100,91,935,835
3,9,1;10,493648,493648,40,28,935,895
3,10,0;17,1234120,1234120,68,43,935,867
3,11,1;26,740472,740472,59,32,935,876
3,12,3;23,987296,987296,116,80,935,819
3,13,1;5,493648,493648,31,21,935,904
3,14,4;17,493648,493648,100,77,935,835
3,15,11;28,987296,987296,722,676,935,213
3,16,2;25,493648,493648,623,580,935,312
3,17,10;14,493648,493648,913,889,935,22
3,18,2;10,493648,493648,435,413,935,500
3,19,0;1,493648,493648,521,495,935,414
3,20,1;6,493648,493648,548,507,935,387
3,21,2;6,493648,493648,467,444,935,468
3,22,0;15,493648,493648,860,817,935,75
3,23,2;12,493648,493648,889,854,935,46
3,24,2;12,493648,493648,364,326,935,571
3,25,6;16,493648,493648,466,423,935,469
3,26,1;11,493648,493648,366,340,935,569
3,27,3;10,493648,493648,478,453,935,457
3,28,1;15,493648,493648,644,598,935,291
3,29,2;15,493648,493648,750,716,935,185
4,0,1;19,1480944,1480944,82,48,935,853
4,1,19;26,2221416,2221416,64,24,935,871
4,2,1;23,1480944,1480944,71,33,935,864
4,3,12;27,1234120,1234120,88,53,935,847
4,4,3;9,493648,493648,87,75,935,848
4,5,3;13,493648,493648,88,78,935,847
4,6,7;21,987296,987296,133,92,935,802
4,7,1;6,493648,493648,89,78,935,846
4,8,0;1,493648,493648,100,91,935,835
4,9,4;11,740472,740472,40,28,935,895
4,10,0;9,1480944,1480944,68,43,935,867
4,11,15;26,740472,740472,59,32,935,876
4,12,0;24,987296,987296,116,80,935,819
4,13,1;5,493648,493648,31,21,935,904
4,14,10;17,493648,493648,100,77,935,835
4,15,11;28,987296,987296,722,676,935,213
4,16,3;25,493648,493648,623,580,935,312
4,17,10;14,493648,493648,913,889,935,22
4,18,2;10,493648,493648,435,413,935,500
4,19,0;1,493648,493648,521,495,935,414
4,20,1;6,493648,493648,548,507,935,387
4,21,2;6,493648,493648,467,444,935,468
4,22,0;15,493648,493648,860,817,935,75
4,23,2;12,493648,493648,889,854,935,46
4,24,2;12,493648,493648,364,326,935,571
4,25,6;16,493648,493648,466,423,935,469
4,26,1;11,493648,493648,366,340,935,569
4,27,3;10,493648,493648,478,453,935,457
4,28,1;15,493648,493648,644,598,935,291
4,29,2;15,493648,493648,750,716,935,185
5,0,2;15,1234120,1234120,82,48,935,853
5,1,5;26,2468240,2468240,64,24,935,871
5,2,16;24,1727768,1727768,71,33,935,864
5,3,6;27,1234120,1234120,88,53,935,847
5,4,9;14,493648,493648,87,75,935,848
5,5,1;3,740472,740472,89,78,935,846
5,6,20;25,1234120,1234120,133,92,935,802
5,7,1;6,493648,493648,89,78,935,846
5,8,0;1,493648,493648,100,91,935,835
5,9,1;4,987296,987296,40,28,935,895
5,10,9;18,1234120,1234120,68,43,935,867
5,11,1;9,987296,987296,59,32,935,876
5,12,3;24,740472,740472,116,80,935,819
5,13,1;5,493648,493648,31,21,935,904
5,14,10;17,740472,740472,100,77,935,835
5,15,11;28,1234120,1234120,722,676,935,213
5,16,2;3,740472,740472,623,580,935,312
5,17,10;14,493648,493648,913,889,935,22
5,18,2;10,493648,493648,435,413,935,500
5,19,0;1,493648,493648,521,495,935,414
5,20,1;6,493648,493648,548,507,935,387
5,21,2;6,493648,493648,467,444,935,468
5,22,0;15,493648,493648,860,817,935,75
5,23,2;12,493648,493648,889,854,935,46
5,24,2;12,493648,493648,364,326,935,571
5,25,6;16,493648,493648,466,423,935,469
5,26,1;11,493648,493648,366,340,935,569
5,27,3;10,493648,493648,478,453,935,457
5,28,1;15,493648,493648,644,598,935,291
5,29,2;15,493648,493648,750,716,935,185
6,0,3;8,1727768,1727768,82,48,935,853
6,1,3;20,2715064,2715064,64,24,935,871
6,2,1;24,1727768,1727768,71,33,935,864
6,3,4;12,1480944,1480944,88,53,935,847
6,4,9;14,740472,740472,87,75,935,848
6,5,1;13,493648,493648,89,78,935,846
6,6,20;25,987296,987296,133,92,935,802
6,7,1;6,493648,493648,89,78,935,846
6,8,0;1,493648,493648,100,91,935,835
6,9,1;4,493648,493648,40,28,935,895
6,10,0;27,1234120,1234120,68,43,935,867
6,11,15;26,493648,493648,59,32,935,876
6,12,0;23,987296,987296,116,80,935,819
6,13,1;5,493648,493648,31,21,935,904
6,14,10;17,740472,740472,100,77,935,835
6,15,0;29,1234120,1234120,722,676,935,213
6,16,2;3,740472,740472,623,580,935,312
6,17,10;14,493648,493648,913,889,935,22
6,18,2;10,493648,493648,435,413,935,500
6,19,0;1,493648,493648,521,495,935,414
6,20,1;6,493648,493648,548,507,935,387
6,21,2;6,493648,493648,467,444,935,468
6,22,0;15,493648,493648,860,817,935,75
6,23,2;12,493648,493648,889,854,935,46
6,24,2;12,493648,493648,364,326,935,571
6,25,6;16,493648,493648,466,423,935,469
6,26,1;11,493648,493648,366,340,935,569
6,27,3;10,493648,493648,478,453,935,457
6,28,1;15,493648,493648,644,598,935,291
6,29,2;15,493648,493648,750,716,935,185
7,0,8;12,1234120,1234120,82,48,935,853
7,1,3;28,2468240,2468240,64,24,935,871
7,2,21;29,1727768,1727768,71,33,935,864
7,3,1;5,987296,987296,77,53,935,858
7,4,1;9,493648,493648,87,75,935,848
7,5,3;13,493648,493648,88,78,935,847
7,6,2;3,1480944,1480944,133,92,935,802
7,7,1;6,493648,493648,89,78,935,846
7,8,0;1,493648,493648,100,91,935,835
7,9,4;10,740472,740472,40,28,935,895
7,10,17;27,1234120,1234120,68,43,935,867
7,11,1;9,740472,740472,57,32,935,878
7,12,0;24,740472,740472,116,80,935,819
7,13,1;5,493648,493648,31,21,935,904
7,14,10;17,493648,493648,100,77,935,835
7,15,0;22,987296,987296,722,676,935,213
7,16,2;25,493648,493648,623,580,935,312
7,17,10;14,493648,493648,913,889,935,22
7,18,2;10,493648,493648,435,413,935,500
7,19,0;1,493648,493648,521,495,935,414
7,20,1;6,493648,493648,548,507,935,387
7,21,2;6,493648,493648,467,444,935,468
7,22,0;15,493648,493648,860,817,935,75
7,23,2;12,493648,493648,889,854,935,46
7,24,2;12,493648,493648,364,326,935,571
7,25,6;16,493648,493648,466,423,935,469
7,26,1;11,493648,493648,366,340,935,569
7,27,3;10,493648,493648,478,453,935,457
7,28,1;15,493648,493648,644,598,935,291
7,29,2;15,493648,493648,750,716,935,185
8,0,10;22,1480944,1480944,82,48,935,853
8,1,0;28,2221416,2221416,64,24,935,871
8,2,18;21,1234120,1234120,71,33,935,864
8,3,6;27,1480944,1480944,88,53,935,847
8,4,3;9,740472,740472,87,75,935,848
8,5,3;13,493648,493648,88,78,935,847
8,6,7;20,1234120,1234120,133,92,935,802
8,7,1;6,493648,493648,89,78,935,846
8,8,0;1,493648,493648,100,91,935,835
8,9,4;11,493648,493648,40,28,935,895
8,10,17;27,987296,987296,68,43,935,867
8,11,1;15,987296,987296,59,32,935,876
8,12,3;24,740472,740472,116,80,935,819
8,13,1;5,493648,493648,31,21,935,904
8,14,4;17,493648,493648,100,77,935,835
8,15,0;28,1234120,1234120,722,676,935,213
8,16,3;25,493648,493648,623,580,935,312
8,17,10;14,493648,493648,913,889,935,22
8,18,2;10,493648,493648,435,413,935,500
8,19,0;1,493648,493648,521,495,935,414
8,20,1;6,493648,493648,548,507,935,387
8,21,2;6,493648,493648,467,444,935,468
8,22,0;15,493648,493648,860,817,935,75
8,23,2;12,493648,493648,889,854,935,46
8,24,2;12,493648,493648,364,326,935,571
8,25,6;16,493648,493648,466,423,935,469
8,26,1;11,493648,493648,366,340,935,569
8,27,3;10,493648,493648,478,453,935,457
8,28,1;15,493648,493648,644,598,935,291
8,29,2;15,493648,493648,750,716,935,185
9,0,19;22,1480944,1480944,82,48,935,853
9,1,13;20,1974592,1974592,64,24,935,871
9,2,18;29,1234120,1234120,71,33,935,864
9,3,0;6,1480944,1480944,88,53,935,847
9,4,3;14,493648,493648,86,75,935,849
9,5,3;13,493648,493648,88,78,935,847
9,6,3;25,1234120,1234120,133,92,935,802
9,7,1;6,493648,493648,89,78,935,846
9,8,0;1,493648,493648,100,91,935,835
9,9,1;11,740472,740472,40,28,935,895
9,10,9;17,1234120,1234120,68,43,935,867
9,11,9;15,740472,740472,59,32,935,876
9,12,0;23,740472,740472,116,80,935,819
9,13,1;5,493648,493648,31,21,935,904
9,14,10;17,740472,740472,100,77,935,835
9,15,0;28,1234120,1234120,722,676,935,213
9,16,3;25,493648,493648,623,580,935,312
9,17,10;14,493648,493648,913,889,935,22
9,18,2;10,493648,493648,435,413,935,500
9,19,0;1,493648,493648,521,495,935,414
9,20,1;6,493648,493648,548,507,935,387
9,21,2;6,493648,493648,467,444,935,468
9,22,0;15,493648,493648,860,817,935,75
9,23,2;12,493648,493648,889,854,935,46
9,24,2;12,493648,493648,364,326,935,571
9,25,6;16,493648,493648,466,423,935,469
9,26,1;11,493648,493648,366,340,935,569
9,27,3;10,493648,493648,478,453,935,457
9,28,1;15,493648,493648,644,598,935,291
9,29,2;15,493648,493648,750,716,935,185
10,0,10;22,1727768,1727768,82,48,935,853
10,1,0;19,2468240,2468240,64,24,935,871
10,2,23;29,1480944,1480944,71,33,935,864
10,3,6;16,987296,987296,88,53,935,847
10,4,3;14,493648,493648,86,75,935,849
10,5,1;13,493648,493648,89,78,935,846
10,6,2;21,1480944,1480944,133,92,935,802
10,7,1;6,493648,493648,89,78,935,846
10,8,0;1,493648,493648,100,91,935,835
10,9,1;11,493648,493648,38,28,935,897
10,10,0;17,1234120,1234120,68,43,935,867
10,11,15;26,740472,740472,59,32,935,876
10,12,0;24,740472,740472,116,80,935,819
10,13,1;5,493648,493648,31,21,935,904
10,14,4;10,740472,740472,100,77,935,835
10,15,0;22,1234120,1234120,722,676,935,213
10,16,3;25,493648,493648,623,580,935,312
10,17,10;14,493648,493648,913,889,935,22
10,18,2;10,493648,493648,435,413,935,500
10,19,0;1,493648,493648,521,495,935,414
10,20,1;6,493648,493648,548,507,935,387
10,21,2;6,493648,493648,467,444,935,468
10,22,0;15,493648,493648,860,817,935,75
10,23,2;12,493648,493648,889,854,935,46
10,24,2;12,493648,493648,364,326,935,571
10,25,6;16,493648,493648,466,423,935,469
10,26,1;11,493648,493648,366,340,935,569
10,27,3;10,493648,493648,478,453,935,457
10,28,1;15,493648,493648,644,598,935,291
10,29,2;15,493648,493648,750,716,935,185
11,0,3;8,1480944,1480944,82,48,935,853
11,1,0;20,3208712,3208712,64,24,935,871
11,2,1;16,1974592,1974592,71,33,935,864
11,3,1;6,1480944,1480944,77,53,935,858
11,4,1;3,987296,987296,87,75,935,848
11,5,1;3,740472,740472,89,78,935,846
11,6,2;20,1480944,1480944,133,92,935,802
11,7,1;6,493648,493648,89,78,935,846
11,8,0;1,493648,493648,100,91,935,835
11,9,1;4,987296,987296,40,28,935,895
11,10,9;27,1234120,1234120,68,43,935,867
11,11,9;26,740472,740472,59,32,935,876
11,12,0;24,740472,740472,116,80,935,819
11,13,1;5,493648,493648,31,21,935,904
11,14,4;10,740472,740472,100,77,935,835
11,15,11;28,987296,987296,722,676,935,213
11,16,2;25,493648,493648,623,580,935,312
11,17,10;14,493648,493648,913,889,935,22
11,18,2;10,493648,493648,435,413,935,500
11,19,0;1,493648,493648,521,495,935,414
11,20,1;6,493648,493648,548,507,935,387
11,21,2;6,493648,493648,467,444,935,468
11,22,0;15,493648,493648,860,817,935,75
11,23,2;12,493648,493648,889,854,935,46
11,24,2;12,493648,493648,364,326,935,571
11,25,6;16,493648,493648,466,423,935,469
11,26,1;11,493648,493648,366,340,935,569
11,27,3;10,493648,493648,478,453,935,457
11,28,1;15,493648,493648,644,598,935,291
11,29,2;15,493648,493648,750,716,935,185
12,0,8;15,987296,987296,82,48,935,853
12,1,4;8,2961888,2961888,64,24,935,871
12,2,1;21,1727768,1727768,71,33,935,864
12,3,5;27,740472,740472,77,53,935,858
12,4,1;3,493648,493648,86,75,935,849
12,5,1;3,740472,740472,89,78,935,846
12,6,7;25,987296,987296,133,92,935,802
12,7,1;6,493648,493648,89,78,935,846
12,8,0;1,493648,493648,100,91,935,835
12,9,1;11,493648,493648,38,28,935,897
12,10,14;17,987296,987296,68,43,935,867
12,11,1;9,740472,740472,57,32,935,878
12,12,23;24,493648,493648,116,80,935,819
12,13,1;5,493648,493648,31,21,935,904
12,14,10;17,493648,493648,100,77,935,835
12,15,28;29,987296,987296,722,676,935,213
12,16,2;25,493648,493648,623,580,935,312
12,17,10;14,493648,493648,913,889,935,22
12,18,2;10,493648,493648,435,413,935,500
12,19,0;1,493648,493648,521,495,935,414
12,20,1;6,493648,493648,548,507,935,387
12,21,2;6,493648,493648,467,444,935,468
12,22,0;15,493648,493648,860,817,935,75
12,23,2;12,493648,493648,889,854,935,46
12,24,2;12,493648,493648,364,326,935,571
12,25,6;16,493648,493648,466,423,935,469
12,26,1;11,493648,493648,366,340,935,569
12,27,3;10,493648,493648,478,453,935,457
12,28,1;15,493648,493648,644,598,935,291
12,29,2;15,493648,493648,750,716,935,185
13,0,2;19,1480944,1480944,82,48,935,853
13,1,8;11,2221416,2221416,64,24,935,871
13,2,6;21,1974592,1974592,71,33,935,864
13,3,0;12,1480944,1480944,88,53,935,847
13,4,3;14,740472,740472,87,75,935,848
13,5,1;3,740472,740472,89,78,935,846
13,6,2;25,1234120,1234120,133,92,935,802
13,7,1;6,493648,493648,89,78,935,846
13,8,0;1,493648,493648,100,91,935,835
13,9,4;11,493648,493648,40,28,935,895
13,10,0;18,987296,987296,68,43,935,867
13,11,15;26,987296,987296,59,32,935,876
13,12,3;24,740472,740472,116,80,935,819
13,13,1;5,493648,493648,31,21,935,904
13,14,4;17,493648,493648,100,77,935,835
13,15,22;29,987296,987296,722,676,935,213
13,16,2;3,740472,740472,623,580,935,312
13,17,10;14,493648,493648,913,889,935,22
13,18,2;10,493648,493648,435,413,935,500
13,19,0;1,493648,493648,521,495,935,414
13,20,1;6,493648,493648,548,507,935,387
13,21,2;6,493648,493648,467,444,935,468
13,22,0;15,493648,493648,860,817,935,75
13,23,2;12,493648,493648,889,854,935,46
13,24,2;12,493648,493648,364,326,935,571
13,25,6;16,493648,493648,466,423,935,469
13,26,1;11,493648,493648,366,340,935,569
13,27,3;10,493648,493648,478,453,935,457
13,28,1;15,493648,493648,644,598,935,291
13,29,2;15,493648,493648,750,716,935,185
14,0,10;12,1727768,1727768,82,48,935,853
14,1,0;4,2715064,2715064,64,24,935,871
14,2,1;18,1727768,1727768,71,33,935,864
14,3,0;16,1234120,1234120,88,53,935,847
14,4,1;14,493648,493648,86,75,935,849
14,5,3;13,493648,493648,88,78,935,847
14,6,2;21,1234120,1234120,133,92,935,802
14,7,1;6,493648,493648,89,78,935,846
14,8,0;1,493648,493648,100,91,935,835
14,9,10;11,493648,493648,40,28,935,895
14,10,0;17,1234120,1234120,68,43,935,867
14,11,1;9,987296,987296,59,32,935,876
14,12,3;23,987296,987296,116,80,935,819
14,13,1;5,493648,493648,31,21,935,904
14,14,4;17,493648,493648,100,77,935,835
14,15,11;22,987296,987296,722,676,935,213
14,16,3;25,493648,493648,623,580,935,312
14,17,10;14,493648,493648,913,889,935,22
14,18,2;10,493648,493648,435,413,935,500
14,19,0;1,493648,493648,521,495,935,414
14,20,1;6,493648,493648,548,507,935,387
14,21,2;6,493648,493648,467,444,935,468
14,22,0;15,493648,493648,860,817,935,75
14,23,2;12,493648,493648,889,854,935,46
14,24,2;12,493648,493648,364,326,935,571
14,25,6;16,493648,493648,466,423,935,469
14,26,1;11,493648,493648,366,340,935,569
14,27,3;10,493648,493648,478,453,935,457
14,28,1;15,493648,493648,644,598,935,291
14,29,2;15,493648,493648,750,716,935,185
15,0,10;22,1974592,1974592,82,48,935,853
15,1,13;20,2468240,2468240,64,24,935,871
15,2,0;29,1727768,1727768,71,33,935,864
15,3,0;5,987296,987296,77,53,935,858
15,4,9;14,493648,493648,87,75,935,848
15,5,1;13,740472,740472,89,78,935,846
15,6,7;25,987296,987296,133,92,935,802
15,7,1;6,493648,493648,89,78,935,846
15,8,0;1,493648,493648,100,91,935,835
15,9,1;10,740472,740472,40,28,935,895
15,10,0;17,1234120,1234120,68,43,935,867
15,11,1;15,740472,740472,59,32,935,876
15,12,0;3,987296,987296,116,80,935,819
15,13,1;5,493648,493648,31,21,935,904
15,14,4;17,493648,493648,100,77,935,835
15,15,0;28,1234120,1234120,722,676,935,213
15,16,2;25,493648,493648,623,580,935,312
15,17,10;14,493648,493648,913,889,935,22
15,18,2;10,493648,493648,435,413,935,500
15,19,0;1,493648,493648,521,495,935,414
15,20,1;6,493648,493648,548,507,935,387
15,21,2;6,493648,493648,467,444,935,468
15,22,0;15,493648,493648,860,817,935,75
15,23,2;12,493648,493648,889,854,935,46
15,24,2;12,493648,493648,364,326,935,571
15,25,6;16,493648,493648,466,423,935,469
15,26,1;11,493648,493648,366,340,935,569
15,27,3;10,493648,493648,478,453,935,457
15,28,1;15,493648,493648,644,598,935,291
15,29,2;15,493648,493648,750,716,935,185
16,0,8;22,987296,987296,82,48,935,853
16,1,3;5,2468240,2468240,64,24,935,871
16,2,16;24,1480944,1480944,71,33,935,864
16,3,1;4,987296,987296,77,53,935,858
16,4,1;3,493648,493648,86,75,935,849
16,5,1;13,493648,493648,89,78,935,846
16,6,3;21,1234120,1234120,133,92,935,802
16,7,1;6,493648,493648,89,78,935,846
16,8,0;1,493648,493648,100,91,935,835
16,9,10;11,493648,493648,40,28,935,895
16,10,14;17,1234120,1234120,68,43,935,867
16,11,15;26,740472,740472,59,32,935,876
16,12,23;24,493648,493648,116,80,935,819
16,13,1;5,493648,493648,31,21,935,904
16,14,10;17,493648,493648,100,77,935,835
16,15,0;22,1234120,1234120,722,676,935,213
16,16,2;25,493648,493648,623,580,935,312
16,17,10;14,493648,493648,913,889,935,22
16,18,2;10,493648,493648,435,413,935,500
16,19,0;1,493648,493648,521,495,935,414
16,20,1;6,493648,493648,548,507,935,387
16,21,2;6,493648,493648,467,444,935,468
16,22,0;15,493648,493648,860,817,935,75
16,23,2;12,493648,493648,889,854,935,46
16,24,2;12,493648,493648,364,326,935,571
16,25,6;16,493648,493648,466,423,935,469
16,26,1;11,493648,493648,366,340,935,569
16,27,3;10,493648,493648,478,453,935,457
16,28,1;15,493648,493648,644,598,935,291
16,29,2;15,493648,493648,750,716,935,185
17,0,3;10,1480944,1480944,82,48,935,853
17,1,13;19,2221416,2221416,64,24,935,871
17,2,23;29,1727768,1727768,71,33,935,864
17,3,4;27,1234120,1234120,88,53,935,847
17,4,1;14,987296,987296,87,75,935,848
17,5,3;13,493648,493648,88,78,935,847
17,6,2;21,1234120,1234120,133,92,935,802
17,7,1;6,493648,493648,89,78,935,846
17,8,0;1,493648,493648,100,91,935,835
17,9,4;10,740472,740472,40,28,935,895
17,10,14;18,1480944,1480944,68,43,935,867
17,11,1;9,740472,740472,57,32,935,878
17,12,0;24,740472,740472,116,80,935,819
17,13,1;5,493648,493648,31,21,935,904
17,14,4;17,740472,740472,100,77,935,835
17,15,22;29,740472,740472,722,676,935,213
17,16,2;3,740472,740472,623,580,935,312
17,17,10;14,493648,493648,913,889,935,22
17,18,2;10,493648,493648,435,413,935,500
17,19,0;1,493648,493648,521,495,935,414
17,20,1;6,493648,493648,548,507,935,387
17,21,2;6,493648,493648,467,444,935,468
17,22,0;15,493648,493648,860,817,935,75
17,23,2;12,493648,493648,889,854,935,46
17,24,2;12,493648,493648,364,326,935,571
17,25,6;16,493648,493648,466,423,935,469
17,26,1;11,493648,493648,366,340,935,569
17,27,3;10,493648,493648,478,453,935,457
17,28,1;15,493648,493648,644,598,935,291
17,29,2;15,493648,493648,750,716,935,185
18,0,1;2,1480944,1480944,82,48,935,853
18,1,5;28,2961888,2961888,64,24,935,871
18,2,0;1,2221416,2221416,71,33,935,864
18,3,6;12,1234120,1234120,77,53,935,858
18,4,3;9,493648,493648,87,75,935,848
18,5,1;3,740472,740472,89,78,935,846
18,6,2;7,1480944,1480944,133,92,935,802
18,7,1;6,493648,493648,89,78,935,846
18,8,0;1,493648,493648,100,91,935,835
18,9,1;10,740472,740472,40,28,935,895
18,10,14;17,1234120,1234120,68,43,935,867
18,11,1;15,740472,740472,59,32,935,876
18,12,0;3,987296,987296,116,80,935,819
18,13,1;5,493648,493648,31,21,935,904
18,14,10;17,493648,493648,100,77,935,835
18,15,11;29,987296,987296,722,676,935,213
18,16,2;25,493648,493648,623,580,935,312
18,17,10;14,493648,493648,913,889,935,22
18,18,2;10,493648,493648,435,413,935,500
18,19,0;1,493648,493648,521,495,935,414
18,20,1;6,493648,493648,548,507,935,387
18,21,2;6,493648,493648,467,444,935,468
18,22,0;15,493648,493648,860,817,935,75
18,23,2;12,493648,493648,889,854,935,46
18,24,2;12,493648,493648,364,326,935,571
18,25,6;16,493648,493648,466,423,935,469
18,26,1;11,493648,493648,366,340,935,569
18,27,3;10,493648,493648,478,453,935,457
18,28,1;15,493648,493648,644,598,935,291
18,29,2;15,493648,493648,750,716,935,185
19,0,12;19,1234120,1234120,82,48,935,853
19,1,3;8,2468240,2468240,64,24,935,871
19,2,23;24,1727768,1727768,71,33,935,864
19,3,6;16,1480944,1480944,88,53,935,847
19,4,3;9,740472,740472,87,75,935,848
19,5,3;13,493648,493648,88,78,935,847
19,6,2;3,1480944,1480944,133,92,935,802
19,7,1;6,493648,493648,89,78,935,846
19,8,0;1,493648,493648,100,91,935,835
19,9,1;11,987296,987296,40,28,935,895
19,10,0;9,1480944,1480944,68,43,935,867
19,11,1;26,987296,987296,59,32,935,876
19,12,0;23,740472,740472,116,80,935,819
19,13,1;5,493648,493648,31,21,935,904
19,14,4;10,740472,740472,100,77,935,835
19,15,11;22,987296,987296,722,676,935,213
19,16,2;3,740472,740472,623,580,935,312
19,17,10;14,493648,493648,913,889,935,22
19,18,2;10,493648,493648,435,413,935,500
19,19,0;1,493648,493648,521,495,935,414
19,20,1;6,493648,493648,548,507,935,387
19,21,2;6,493648,493648,467,444,935,468
19,22,0;15,493648,493648,860,817,935,75
19,23,2;12,493648,493648,889,854,935,46
19,24,2;12,493648,493648,364,326,935,571
19,25,6;16,493648,493648,466,423,935,469
19,26,1;11,493648,493648,366,340,935,569
19,27,3;10,493648,493648,478,453,935,457
19,28,1;15,493648,493648,644,598,935,291
19,29,2;15,493648,493648,750,716,935,185
20,0,2;19,987296,987296,82,48,935,853
20,1,11;20,2715064,2715064,64,24,935,871
20,2,16;21,1727768,1727768,71,33,935,864
20,3,4;27,1234120,1234120,88,53,935,847
20,4,1;9,740472,740472,87,75,935,848
20,5,1;3,740472,740472,89,78,935,846
20,6,20;21,987296,987296,133,92,935,802
20,7,1;6,493648,493648,89,78,935,846
20,8,0;1,493648,493648,100,91,935,835
20,9,1;4,493648,493648,40,28,935,895
20,10,17;18,987296,987296,68,43,935,867
20,11,1;15,740472,740472,59,32,935,876
20,12,3;23,740472,740472,116,80,935,819
20,13,1;5,493648,493648,31,21,935,904
20,14,10;17,493648,493648,100,77,935,835
20,15,28;29,987296,987296,722,676,935,213
20,16,2;3,740472,740472,623,580,935,312
20,17,10;14,493648,493648,913,889,935,22
20,18,2;10,493648,493648,435,413,935,500
20,19,0;1,493648,493648,521,495,935,414
20,20,1;6,493648,493648,548,507,935,387
20,21,2;6,493648,493648,467,444,935,468
20,22,0;15,493648,493648,860,817,935,75
20,23,2;12,493648,493648,889,854,935,46
20,24,2;12,493648,493648,364,326,935,571
20,25,6;16,493648,493648,466,423,935,469
20,26,1;11,493648,493648,366,340,935,569
20,27,3;10,493648,493648,478,453,935,457
20,28,1;15,493648,493648,644,598,935,291
20,29,2;15,493648,493648,750,716,935,185
21,0,1;10,1480944,1480944,82,48,935,853
21,1,2;19,3208712,3208712,64,24,935,871
21,2,23;29,1974592,1974592,71,33,935,864
21,3,1;6,1234120,1234120,88,53,935,847
21,4,1;3,987296,987296,87,75,935,848
21,5,1;13,493648,493648,89,78,935,846
21,6,2;20,1480944,1480944,133,92,935,802
21,7,1;6,493648,493648,89,78,935,846
21,8,0;1,493648,493648,100,91,935,835
21,9,4;10,740472,740472,40,28,935,895
21,10,14;17,1480944,1480944,68,43,935,867
21,11,1;9,740472,740472,57,32,935,878
21,12,0;24,740472,740472,116,80,935,819
21,13,1;5,493648,493648,31,21,935,904
21,14,4;17,740472,740472,100,77,935,835
21,15,22;29,740472,740472,722,676,935,213
21,16,2;3,740472,740472,623,580,935,312
21,17,10;14,493648,493648,913,889,935,22
21,18,2;10,493648,493648,435,413,935,500
21,19,0;1,493648,493648,521,495,935,414
21,20,1;6,493648,493648,548,507,935,387
21,21,2;6,493648,493648,467,444,935,468
21,22,0;15,493648,493648,860,817,935,75
21,23,2;12,493648,493648,889,854,935,46
21,24,2;12,493648,493648,364,326,935,571
21,25,6;16,493648,493648,466,423,935,469
21,26,1;11,493648,493648,366,340,935,569
21,27,3;10,493648,493648,478,453,935,457
21,28,1;15,493648,493648,644,598,935,291
21,29,2;15,493648,493648,750,716,935,185
22,0,1;2,1727768,1727768,82,48,935,853
22,1,5;26,2961888,2961888,64,24,935,871
22,2,18;21,1480944,1480944,71,33,935,864
22,3,0;12,987296,987296,88,53,935,847
22,4,1;14,493648,493648,86,75,935,849
22,5,1;13,493648,493648,89,78,935,846
22,6,7;21,987296,987296,133,92,935,802
22,7,1;6,493648,493648,89,78,935,846
22,8,0;1,493648,493648,100,91,935,835
22,9,1;11,493648,493648,38,28,935,897
22,10,0;17,1234120,1234120,68,43,935,867
22,11,1;26,987296,987296,59,32,935,876
22,12,3;24,740472,740472,116,80,935,819
22,13,1;5,493648,493648,31,21,935,904
22,14,4;10,740472,740472,100,77,935,835
22,15,11;28,987296,987296,722,676,935,213
22,16,3;25,493648,493648,623,580,935,312
22,17,10;14,493648,493648,913,889,935,22
22,18,2;10,493648,493648,435,413,935,500
22,19,0;1,493648,493648,521,495,935,414
22,20,1;6,493648,493648,548,507,935,387
22,21,2;6,493648,493648,467,444,935,468
22,22,0;15,493648,493648,860,817,935,75
22,23,2;12,493648,493648,889,854,935,46
22,24,2;12,493648,493648,364,326,935,571
22,25,6;16,493648,493648,466,423,935,469
22,26,1;11,493648,493648,366,340,935,569
22,27,3;10,493648,493648,478,453,935,457
22,28,1;15,493648,493648,644,598,935,291
22,29,2;15,493648,493648,750,716,935,185
23,0,12;15,1234120,1234120,82,48,935,853
23,1,3;20,2468240,2468240,64,24,935,871
23,2,21;23,1480944,1480944,71,33,935,864
23,3,6;16,1480944,1480944,88,53,935,847
23,4,3;9,740472,740472,87,75,935,848
23,5,1;13,493648,493648,89,78,935,846
23,6,3;25,1234120,1234120,133,92,935,802
23,7,1;6,493648,493648,89,78,935,846
23,8,0;1,493648,493648,100,91,935,835
23,9,4;11,493648,493648,40,28,935,895
23,10,14;17,987296,987296,68,43,935,867
23,11,1;9,740472,740472,57,32,935,878
23,12,3;23,987296,987296,116,80,935,819
23,13,1;5,493648,493648,31,21,935,904
23,14,4;17,740472,740472,100,77,935,835
23,15,0;28,987296,987296,722,676,935,213
23,16,2;25,740472,740472,623,580,935,312
23,17,10;14,493648,493648,913,889,935,22
23,18,2;10,493648,493648,435,413,935,500
23,19,0;1,493648,493648,521,495,935,414
23,20,1;6,493648,493648,548,507,935,387
23,21,2;6,493648,493648,467,444,935,468
23,22,0;15,493648,493648,860,817,935,75
23,23,2;12,493648,493648,889,854,935,46
23,24,2;12,493648,493648,364,326,935,571
23,25,6;16,493648,493648,466,423,935,469
23,26,1;11,493648,493648,366,340,935,569
23,27,3;10,493648,493648,478,453,935,457
23,28,1;15,493648,493648,644,598,935,291
23,29,2;15,493648,493648,750,716,935,185
24,0,2;8,1480944,1480944,82,48,935,853
24,1,13;19,1974592,1974592,64,24,935,871
24,2,0;18,1727768,1727768,71,33,935,864
24,3,1;27,987296,987296,88,53,935,847
24,4,9;14,493648,493648,87,75,935,848
24,5,3;13,493648,493648,88,78,935,847
24,6,20;25,987296,987296,133,92,935,802
24,7,1;6,493648,493648,89,78,935,846
24,8,0;1,493648,493648,100,91,935,835
24,9,4;10,740472,740472,40,28,935,895
24,10,0;18,1480944,1480944,68,43,935,867
24,11,9;26,493648,493648,57,32,935,878
24,12,23;24,493648,493648,116,80,935,819
24,13,1;5,493648,493648,31,21,935,904
24,14,4;10,740472,740472,100,77,935,835
24,15,0;29,987296,987296,722,676,935,213
24,16,2;3,740472,740472,623,580,935,312
24,17,10;14,493648,493648,913,889,935,22
24,18,2;10,493648,493648,435,413,935,500
24,19,0;1,493648,493648,521,495,935,414
24,20,1;6,493648,493648,548,507,935,387
24,21,2;6,493648,493648,467,444,935,468
24,22,0;15,493648,493648,860,817,935,75
24,23,2;12,493648,493648,889,854,935,46
24,24,2;12,493648,493648,364,326,935,571
24,25,6;16,493648,493648,466,423,935,469
24,26,1;11,493648,493648,366,340,935,569
24,27,3;10,493648,493648,478,453,935,457
24,28,1;15,493648,493648,644,598,935,291
24,29,2;15,493648,493648,750,716,935,185
25,0,2;8,1234120,1234120,82,48,935,853
25,1,4;26,2468240,2468240,64,24,935,871
25,2,18;29,1727768,1727768,71,33,935,864
25,3,0;1,987296,987296,77,53,935,858
25,4,1;14,740472,740472,87,75,935,848
25,5,1;13,493648,493648,89,78,935,846
25,6,7;20,987296,987296,133,92,935,802
25,7,1;6,493648,493648,89,78,935,846
25,8,0;1,493648,493648,100,91,935,835
25,9,4;10,493648,493648,40,28,935,895
25,10,9;27,1234120,1234120,68,43,935,867
25,11,15;26,493648,493648,59,32,935,876
25,12,3;24,740472,740472,116,80,935,819
25,13,1;5,493648,493648,31,21,935,904
25,14,10;17,740472,740472,100,77,935,835
25,15,22;29,987296,987296,722,676,935,213
25,16,2;25,493648,493648,623,580,935,312
25,17,10;14,493648,493648,913,889,935,22
25,18,2;10,493648,493648,435,413,935,500
25,19,0;1,493648,493648,521,495,935,414
25,20,1;6,493648,493648,548,507,935,387
25,21,2;6,493648,493648,467,444,935,468
25,22,0;15,493648,493648,860,817,935,75
25,23,2;12,493648,493648,889,854,935,46
25,24,2;12,493648,493648,364,326,935,571
25,25,6;16,493648,493648,466,423,935,469
25,26,1;11,493648,493648,366,340,935,569
25,27,3;10,493648,493648,478,453,935,457
25,28,1;15,493648,493648,644,598,935,291
25,29,2;15,493648,493648,750,716,935,185
26,0,15;22,1234120,1234120,82,48,935,853
26,1,7;26,1974592,1974592,64,24,935,871
26,2,6;23,1480944,1480944,71,33,935,864
26,3,5;27,1234120,1234120,88,53,935,847
26,4,3;14,740472,740472,87,75,935,848
26,5,3;13,493648,493648,88,78,935,847
26,6,7;25,1234120,1234120,133,92,935,802
26,7,1;6,493648,493648,89,78,935,846
26,8,0;1,493648,493648,100,91,935,835
26,9,4;10,740472,740472,40,28,935,895
26,10,17;27,1234120,1234120,68,43,935,867
26,11,1;9,740472,740472,57,32,935,878
26,12,0;3,987296,987296,116,80,935,819
26,13,1;5,493648,493648,31,21,935,904
26,14,4;10,740472,740472,100,77,935,835
26,15,0;28,987296,987296,722,676,935,213
26,16,3;25,493648,493648,623,580,935,312
26,17,10;14,493648,493648,913,889,935,22
26,18,2;10,493648,493648,435,413,935,500
26,19,0;1,493648,493648,521,495,935,414
26,20,1;6,493648,493648,548,507,935,387
26,21,2;6,493648,493648,467,444,935,468
26,22,0;15,493648,493648,860,817,935,75
26,23,2;12,493648,493648,889,854,935,46
26,24,2;12,493648,493648,364,326,935,571
26,25,6;16,493648,493648,466,423,935,469
26,26,1;11,493648,493648,366,340,935,569
26,27,3;10,493648,493648,478,453,935,457
26,28,1;15,493648,493648,644,598,935,291
26,29,2;15,493648,493648,750,716,935,185
27,0,10;19,1480944,1480944,82,48,935,853
27,1,7;28,2961888,2961888,64,24,935,871
27,2,1;23,1974592,1974592,71,33,935,864
27,3,12;16,987296,987296,88,53,935,847
27,4,1;14,493648,493648,86,75,935,849
27,5,1;3,740472,740472,89,78,935,846
27,6,2;7,1234120,1234120,133,92,935,802
27,7,1;6,493648,493648,89,78,935,846
27,8,0;1,493648,493648,100,91,935,835
27,9,1;11,493648,493648,38,28,935,897
27,10,0;14,1234120,1234120,68,43,935,867
27,11,1;15,987296,987296,59,32,935,876
27,12,0;24,987296,987296,116,80,935,819
27,13,1;5,493648,493648,31,21,935,904
27,14,4;17,740472,740472,100,77,935,835
27,15,0;28,1234120,1234120,722,676,935,213
27,16,2;3,740472,740472,623,580,935,312
27,17,10;14,493648,493648,913,889,935,22
27,18,2;10,493648,493648,435,413,935,500
27,19,0;1,493648,493648,521,495,935,414
27,20,1;6,493648,493648,548,507,935,387
27,21,2;6,493648,493648,467,444,935,468
27,22,0;15,493648,493648,860,817,935,75
27,23,2;12,493648,493648,889,854,935,46
27,24,2;12,493648,493648,364,326,935,571
27,25,6;16,493648,493648,466,423,935,469
27,26,1;11,493648,493648,366,340,935,569
27,27,3;10,493648,493648,478,453,935,457
27,28,1;15,493648,493648,644,598,935,291
27,29,2;15,493648,493648,750,716,935,185
28,0,10;22,1234120,1234120,82,48,935,853
28,1,5;7,2715064,2715064,64,24,935,871
28,2,0;1,1974592,1974592,71,33,935,864
28,3,1;5,1480944,1480944,88,53,935,847
28,4,3;14,740472,740472,87,75,935,848
28,5,1;3,740472,740472,89,78,935,846
28,6,7;20,987296,987296,133,92,935,802
28,7,1;6,493648,493648,89,78,935,846
28,8,0;1,493648,493648,100,91,935,835
28,9,4;11,493648,493648,40,28,935,895
28,10,0;14,1234120,1234120,68,43,935,867
28,11,1;9,987296,987296,59,32,935,876
28,12,3;24,740472,740472,116,80,935,819
28,13,1;5,493648,493648,31,21,935,904
28,14,10;17,740472,740472,100,77,935,835
28,15,11;28,987296,987296,722,676,935,213
28,16,2;3,740472,740472,623,580,935,312
28,17,10;14,493648,493648,913,889,935,22
28,18,2;10,493648,493648,435,413,935,500
28,19,0;1,493648,493648,521,495,935,414
28,20,1;6,493648,493648,548,507,935,387
28,21,2;6,493648,493648,467,444,935,468
28,22,0;15,493648,493648,860,817,935,75
28,23,2;12,493648,493648,889,854,935,46
28,24,2;12,493648,493648,364,326,935,571
28,25,6;16,493648,493648,466,423,935,469
28,26,1;11,493648,493648,366,340,935,569
28,27,3;10,493648,493648,478,453,935,457
28,28,1;15,493648,493648,644,598,935,291
28,29,2;15,493648,493648,750,716,935,185
29,0,1;3,1727768,1727768,82,48,935,853
29,1,13;20,2221416,2221416,64,24,935,871
29,2,21;24,1480944,1480944,71,33,935,864
29,3,5;6,1234120,1234120,77,53,935,858
29,4,3;14,740472,740472,87,75,935,848
29,5,3;13,493648,493648,88,78,935,847
29,6,21;25,1234120,1234120,133,92,935,802
29,7,1;6,493648,493648,89,78,935,846
29,8,0;1,493648,493648,100,91,935,835
29,9,1;4,740472,740472,40,28,935,895
29,10,0;27,987296,987296,68,43,935,867
29,11,9;15,740472,740472,59,32,935,876
29,12,0;24,740472,740472,116,80,935,819
29,13,1;5,493648,493648,31,21,935,904
29,14,4;17,493648,493648,100,77,935,835
29,15,28;29,987296,987296,722,676,935,213
29,16,2;25,493648,493648,623,580,935,312
29,17,10;14,493648,493648,913,889,935,22
29,18,2;10,493648,493648,435,413,935,500
29,19,0;1,493648,493648,521,495,935,414
29,20,1;6,493648,493648,548,507,935,387
29,21,2;6,493648,493648,467,444,935,468
29,22,0;15,493648,493648,860,817,935,75
29,23,2;12,493648,493648,889,854,935,46
29,24,2;12,493648,493648,364,326,935,571
29,25,6;16,493648,493648,466,423,935,469
29,26,1;11,493648,493648,366,340,935,569
29,27,3;10,493648,493648,478,453,935,457
29,28,1;15,493648,493648,644,598,935,291
29,29,2;15,493648,493648,750,716,935,185
30,0,1;2,1727768,1727768,82,48,935,853
30,1,5;9,2715064,2715064,64,24,935,871
30,2,24;29,1727768,1727768,71,33,935,864
30,3,6;27,740472,740472,77,53,935,858
30,4,9;14,493648,493648,87,75,935,848
30,5,3;13,740472,740472,89,78,935,846
30,6,3;20,1234120,1234120,133,92,935,802
30,7,1;6,493648,493648,89,78,935,846
30,8,0;1,493648,493648,100,91,935,835
30,9,1;10,740472,740472,40,28,935,895
30,10,0;9,1480944,1480944,68,43,935,867
30,11,1;26,493648,493648,57,32,935,878
30,12,23;24,493648,493648,116,80,935,819
30,13,1;5,493648,493648,31,21,935,904
30,14,10;17,740472,740472,100,77,935,835
30,15,0;28,987296,987296,722,676,935,213
30,16,2;25,493648,493648,623,580,935,312
30,17,10;14,493648,493648,913,889,935,22
30,18,2;10,493648,493648,435,413,935,500
30,19,0;1,493648,493648,521,495,935,414
30,20,1;6,493648,493648,548,507,935,387
30,21,2;6,493648,493648,467,444,935,468
30,22,0;15,493648,493648,860,817,935,75
30,23,2;12,493648,493648,889,854,935,46
30,24,2;12,493648,493648,364,326,935,571
30,25,6;16,493648,493648,466,423,935,469
30,26,1;11,493648,493648,366,340,935,569
30,27,3;10,493648,493648,478,453,935,457
30,28,1;15,493648,493648,644,598,935,291
30,29,2;15,493648,493648,750,716,935,185
31,0,1;3,1727768,1727768,82,48,935,853
31,1,7;9,2961888,2961888,64,24,935,871
31,2,0;18,1727768,1727768,71,33,935,864
31,3,0;6,1234120,1234120,88,53,935,847
31,4,1;9,740472,740472,87,75,935,848
31,5,1;3,740472,740472,89,78,935,846
31,6,3;20,1234120,1234120,133,92,935,802
31,7,1;6,493648,493648,89,78,935,846
31,8,0;1,493648,493648,100,91,935,835
31,9,4;10,987296,987296,40,28,935,895
31,10,17;18,987296,987296,68,43,935,867
31,11,1;9,987296,987296,59,32,935,876
31,12,0;23,740472,740472,116,80,935,819
31,13,1;5,493648,493648,31,21,935,904
31,14,4;17,493648,493648,100,77,935,835
31,15,11;28,987296,987296,722,676,935,213
31,16,2;3,740472,740472,623,580,935,312
31,17,10;14,493648,493648,913,889,935,22
31,18,2;10,493648,493648,435,413,935,500
31,19,0;1,493648,493648,521,495,935,414
31,20,1;6,493648,493648,548,507,935,387
31,21,2;6,493648,493648,467,444,935,468
31,22,0;15,493648,493648,860,817,935,75
31,23,2;12,493648,493648,889,854,935,46
31,24,2;12,493648,493648,364,326,935,571
31,25,6;16,493648,493648,466,423,935,469
31,26,1;11,493648,493648,366,340,935,569
31,27,3;10,493648,493648,478,453,935,457
31,28,1;15,493648,493648,644,598,935,291
31,29,2;15,493648,493648,750,716,935,185
32,0,2;15,1480944,1480944,82,48,935,853
32,1,2;7,2468240,2468240,64,24,935,871
32,2,1;29,1974592,1974592,71,33,935,864
32,3,16;27,987296,987296,88,53,935,847
32,4,1;14,740472,740472,87,75,935,848
32,5,1;13,493648,493648,89,78,935,846
32,6,3;20,1234120,1234120,133,92,935,802
32,7,1;6,493648,493648,89,78,935,846
32,8,0;1,493648,493648,100,91,935,835
32,9,4;10,740472,740472,40,28,935,895
32,10,0;14,1480944,1480944,68,43,935,867
32,11,9;26,493648,493648,57,32,935,878
32,12,3;23,740472,740472,116,80,935,819
32,13,1;5,493648,493648,31,21,935,904
32,14,10;17,740472,740472,100,77,935,835
32,15,0;29,987296,987296,722,676,935,213
32,16,2;25,740472,740472,623,580,935,312
32,17,10;14,493648,493648,913,889,935,22
32,18,2;10,493648,493648,435,413,935,500
32,19,0;1,493648,493648,521,495,935,414
32,20,1;6,493648,493648,548,507,935,387
32,21,2;6,493648,493648,467,444,935,468
32,22,0;15,493648,493648,860,817,935,75
32,23,2;12,493648,493648,889,854,935,46
32,24,2;12,493648,493648,364,326,935,571
32,25,6;16,493648,493648,466,423,935,469
32,26,1;11,493648,493648,366,340,935,569
32,27,3;10,493648,493648,478,453,935,457
32,28,1;15,493648,493648,644,598,935,291
32,29,2;15,493648,493648,750,716,935,185
33,0,19;22,1480944,1480944,82,48,935,853
33,1,7;19,2221416,2221416,64,24,935,871
33,2,21;23,1480944,1480944,71,33,935,864
33,3,1;6,1480944,1480944,88,53,935,847
33,4,1;3,740472,740472,86,75,935,849
33,5,3;13,493648,493648,88,78,935,847
33,6,2;25,1480944,1480944,133,92,935,802
33,7,1;6,493648,493648,89,78,935,846
33,8,0;1,493648,493648,100,91,935,835
33,9,10;11,493648,493648,40,28,935,895
33,10,0;18,1234120,1234120,68,43,935,867
33,11,9;26,493648,493648,57,32,935,878
33,12,0;24,740472,740472,116,80,935,819
33,13,1;5,493648,493648,31,21,935,904
33,14,4;17,493648,493648,100,77,935,835
33,15,0;29,987296,987296,722,676,935,213
33,16,3;25,493648,493648,623,580,935,312
33,17,10;14,493648,493648,913,889,935,22
33,18,2;10,493648,493648,435,413,935,500
33,19,0;1,493648,493648,521,495,935,414
33,20,1;6,493648,493648,548,507,935,387
33,21,2;6,493648,493648,467,444,935,468
33,22,0;15,493648,493648,860,817,935,75
33,23,2;12,493648,493648,889,854,935,46
33,24,2;12,493648,493648,364,326,935,571
33,25,6;16,493648,493648,466,423,935,469
33,26,1;11,493648,493648,366,340,935,569
33,27,3;10,493648,493648,478,453,935,457
33,28,1;15,493648,493648,644,598,935,291
33,29,2;15,493648,493648,750,716,935,185
34,0,2;15,1727768,1727768,82,48,935,853
34,1,2;9,2468240,2468240,64,24,935,871
34,2,1;24,1974592,1974592,71,33,935,864
34,3,0;12,1480944,1480944,77,53,935,858
34,4,1;3,987296,987296,87,75,935,848
34,5,3;13,493648,493648,88,78,935,847
34,6,3;25,1234120,1234120,133,92,935,802
34,7,1;6,493648,493648,89,78,935,846
34,8,0;1,493648,493648,100,91,935,835
34,9,1;4,493648,493648,40,28,935,895
34,10,14;27,987296,987296,68,43,935,867
34,11,15;26,493648,493648,59,32,935,876
34,12,0;3,987296,987296,116,80,935,819
34,13,1;5,493648,493648,31,21,935,904
34,14,4;17,740472,740472,100,77,935,835
34,15,0;11,1234120,1234120,722,676,935,213
34,16,2;25,493648,493648,623,580,935,312
34,17,10;14,493648,493648,913,889,935,22
34,18,2;10,493648,493648,435,413,935,500
34,19,0;1,493648,493648,521,495,935,414
34,20,1;6,493648,493648,548,507,935,387
34,21,2;6,493648,493648,467,444,935,468
34,22,0;15,493648,493648,860,817,935,75
34,23,2;12,493648,493648,889,854,935,46
34,24,2;12,493648,493648,364,326,935,571
34,25,6;16,493648,493648,466,423,935,469
34,26,1;11,493648,493648,366,340,935,569
34,27,3;10,493648,493648,478,453,935,457
34,28,1;15,493648,493648,644,598,935,291
34,29,2;15,493648,493648,750,716,935,185
35,0,1;22,987296,987296,82,48,935,853
35,1,2;19,2468240,2468240,64,24,935,871
35,2,21;24,1727768,1727768,71,33,935,864
35,3,12;16,1234120,1234120,88,53,935,847
35,4,9;14,493648,493648,87,75,935,848
35,5,1;3,740472,740472,89,78,935,846
35,6,3;7,1234120,1234120,133,92,935,802
35,7,1;6,493648,493648,89,78,935,846
35,8,0;1,493648,493648,100,91,935,835
35,9,4;10,740472,740472,40,28,935,895
35,10,17;27,1234120,1234120,68,43,935,867
35,11,9;26,493648,493648,57,32,935,878
35,12,23;24,740472,740472,116,80,935,819
35,13,1;5,493648,493648,31,21,935,904
35,14,4;10,740472,740472,100,77,935,835
35,15,22;29,740472,740472,722,676,935,213
35,16,2;3,740472,740472,623,580,935,312
35,17,10;14,493648,493648,913,889,935,22
35,18,2;10,493648,493648,435,413,935,500
35,19,0;1,493648,493648,521,495,935,414
35,20,1;6,493648,493648,548,507,935,387
35,21,2;6,493648,493648,467,444,935,468
35,22,0;15,493648,493648,860,817,935,75
35,23,2;12,493648,493648,889,854,935,46
35,24,2;12,493648,493648,364,326,935,571
35,25,6;16,493648,493648,466,423,935,469
35,26,1;11,493648,493648,366,340,935,569
35,27,3;10,493648,493648,478,453,935,457
35,28,1;15,493648,493648,644,598,935,291
35,29,2;15,493648,493648,750,716,935,185
36,0,2;10,1480944,1480944,82,48,935,853
36,1,3;13,2468240,2468240,64,24,935,871
36,2,21;23,1727768,1727768,71,33,935,864
36,3,0;27,1727768,1727768,88,53,935,847
36,4,3;14,493648,493648,86,75,935,849
36,5,3;13,493648,493648,88,78,935,847
36,6,2;7,1234120,1234120,133,92,935,802
36,7,1;6,493648,493648,89,78,935,846
36,8,0;1,493648,493648,100,91,935,835
36,9,1;10,740472,740472,40,28,935,895
36,10,0;18,1480944,1480944,68,43,935,867
36,11,1;9,987296,987296,59,32,935,876
36,12,3;24,740472,740472,116,80,935,819
36,13,1;5,493648,493648,31,21,935,904
36,14,4;10,740472,740472,100,77,935,835
36,15,11;22,987296,987296,722,676,935,213
36,16,3;25,493648,493648,623,580,935,312
36,17,10;14,493648,493648,913,889,935,22
36,18,2;10,493648,493648,435,413,935,500
36,19,0;1,493648,493648,521,495,935,414
36,20,1;6,493648,493648,548,507,935,387
36,21,2;6,493648,493648,467,444,935,468
36,22,0;15,493648,493648,860,817,935,75
36,23,2;12,493648,493648,889,854,935,46
36,24,2;12,493648,493648,364,326,935,571
36,25,6;16,493648,493648,466,423,935,469
36,26,1;11,493648,493648,366,340,935,569
36,27,3;10,493648,493648,478,453,935,457
36,28,1;15,493648,493648,644,598,935,291
36,29,2;15,493648,493648,750,716,935,185
37,0,2;19,987296,987296,82,48,935,853
37,1,5;26,2468240,2468240,64,24,935,871
37,2,21;29,1727768,1727768,71,33,935,864
37,3,6;12,1480944,1480944,88,53,935,847
37,4,1;3,493648,493648,86,75,935,849
37,5,1;3,740472,740472,89,78,935,846
37,6,2;21,1480944,1480944,133,92,935,802
37,7,1;6,493648,493648,89,78,935,846
37,8,0;1,493648,493648,100,91,935,835
37,9,10;11,493648,493648,40,28,935,895
37,10,14;17,1234120,1234120,68,43,935,867
37,11,1;15,987296,987296,59,32,935,876
37,12,3;24,740472,740472,116,80,935,819
37,13,1;5,493648,493648,31,21,935,904
37,14,10;17,493648,493648,100,77,935,835
37,15,28;29,987296,987296,722,676,935,213
37,16,3;25,493648,493648,623,580,935,312
37,17,10;14,493648,493648,913,889,935,22
37,18,2;10,493648,493648,435,413,935,500
37,19,0;1,493648,493648,521,495,935,414
37,20,1;6,493648,493648,548,507,935,387
37,21,2;6,493648,493648,467,444,935,468
37,22,0;15,493648,493648,860,817,935,75
37,23,2;12,493648,493648,889,854,935,46
37,24,2;12,493648,493648,364,326,935,571
37,25,6;16,493648,493648,466,423,935,469
37,26,1;11,493648,493648,366,340,935,569
37,27,3;10,493648,493648,478,453,935,457
37,28,1;15,493648,493648,644,598,935,291
37,29,2;15,493648,493648,750,716,935,185
38,0,10;15,1234120,1234120,82,48,935,853
38,1,2;7,2961888,2961888,64,24,935,871
38,2,1;24,1727768,1727768,71,33,935,864
38,3,1;4,1480944,1480944,77,53,935,858
38,4,1;9,987296,987296,87,75,935,848
38,5,1;3,740472,740472,89,78,935,846
38,6,3;20,1234120,1234120,133,92,935,802
38,7,1;6,493648,493648,89,78,935,846
38,8,0;1,493648,493648,100,91,935,835
38,9,4;10,740472,740472,40,28,935,895
38,10,14;18,1480944,1480944,68,43,935,867
38,11,1;9,987296,987296,59,32,935,876
38,12,3;24,740472,740472,116,80,935,819
38,13,1;5,493648,493648,31,21,935,904
38,14,4;10,740472,740472,100,77,935,835
38,15,11;28,1234120,1234120,722,676,935,213
38,16,2;25,493648,493648,623,580,935,312
38,17,10;14,493648,493648,913,889,935,22
38,18,2;10,493648,493648,435,413,935,500
38,19,0;1,493648,493648,521,495,935,414
38,20,1;6,493648,493648,548,507,935,387
38,21,2;6,493648,493648,467,444,935,468
38,22,0;15,493648,493648,860,817,935,75
38,23,2;12,493648,493648,889,854,935,46
38,24,2;12,493648,493648,364,326,935,571
38,25,6;16,493648,493648,466,423,935,469
38,26,1;11,493648,493648,366,340,935,569
38,27,3;10,493648,493648,478,453,935,457
38,28,1;15,493648,493648,644,598,935,291
38,29,2;15,493648,493648,750,716,935,185
39,0,1;22,1727768,1727768,82,48,935,853
39,1,7;8,2221416,2221416,64,24,935,871
39,2,0;21,1727768,1727768,71,33,935,864
39,3,4;16,1234120,1234120,88,53,935,847
39,4,1;14,987296,987296,87,75,935,848
39,5,3;13,493648,493648,88,78,935,847
39,6,3;7,1234120,1234120,133,92,935,802
39,7,1;6,493648,493648,89,78,935,846
39,8,0;1,493648,493648,100,91,935,835
39,9,4;11,493648,493648,40,28,935,895
39,10,18;27,987296,987296,68,43,935,867
39,11,9;15,740472,740472,59,32,935,876
39,12,0;24,740472,740472,116,80,935,819
39,13,1;5,493648,493648,31,21,935,904
39,14,4;10,740472,740472,100,77,935,835
39,15,0;29,1234120,1234120,722,676,935,213
39,16,2;3,740472,740472,623,580,935,312
39,17,10;14,493648,493648,913,889,935,22
39,18,2;10,493648,493648,435,413,935,500
39,19,0;1,493648,493648,521,495,935,414
39,20,1;6,493648,493648,548,507,935,387
39,21,2;6,493648,493648,467,444,935,468
39,22,0;15,493648,493648,860,817,935,75
39,23,2;12,493648,493648,889,854,935,46
39,24,2;12,493648,493648,364,326,935,571
39,25,6;16,493648,493648,466,423,935,469
39,26,1;11,493648,493648,366,340,935,569
39,27,3;10,493648,493648,478,453,935,457
39,28,1;15,493648,493648,644,598,935,291
39,29,2;15,493648,493648,750,716,935,185
40,0,12;19,1480944,1480944,82,48,935,853
40,1,5;19,2961888,2961888,64,24,935,871
40,2,0;1,2221416,2221416,71,33,935,864
40,3,0;12,987296,987296,88,53,935,847
40,4,1;9,740472,740472,87,75,935,848
40,5,1;13,493648,493648,89,78,935,846
40,6,2;25,1234120,1234120,133,92,935,802
40,7,1;6,493648,493648,89,78,935,846
40,8,0;1,493648,493648,100,91,935,835
40,9,1;10,987296,987296,40,28,935,895
40,10,18;27,987296,987296,68,43,935,867
40,11,1;9,740472,740472,57,32,935,878
40,12,0;23,987296,987296,116,80,935,819
40,13,1;5,493648,493648,31,21,935,904
40,14,4;17,493648,493648,100,77,935,835
40,15,22;28,740472,740472,722,676,935,213
40,16,2;3,740472,740472,623,580,935,312
40,17,10;14,493648,493648,913,889,935,22
40,18,2;10,493648,493648,435,413,935,500
40,19,0;1,493648,493648,521,495,935,414
40,20,1;6,493648,493648,548,507,935,387
40,21,2;6,493648,493648,467,444,935,468
40,22,0;15,493648,493648,860,817,935,75
40,23,2;12,493648,493648,889,854,935,46
40,24,2;12,493648,493648,364,326,935,571
40,25,6;16,493648,493648,466,423,935,469
40,26,1;11,493648,493648,366,340,935,569
40,27,3;10,493648,493648,478,453,935,457
40,28,1;15,493648,493648,644,598,935,291
40,29,2;15,493648,493648,750,716,935,185
41,0,3;22,1974592,1974592,82,48,935,853
41,1,5;8,2221416,2221416,64,24,935,871
41,2,0;29,1974592,1974592,71,33,935,864
41,3,0;1,987296,987296,77,53,935,858
41,4,9;14,493648,493648,87,75,935,848
41,5,3;13,740472,740472,89,78,935,846
41,6,2;21,1234120,1234120,133,92,935,802
41,7,1;6,493648,493648,89,78,935,846
41,8,0;1,493648,493648,100,91,935,835
41,9,4;11,493648,493648,40,28,935,895
41,10,0;14,1234120,1234120,68,43,935,867
41,11,9;15,740472,740472,59,32,935,876
41,12,0;23,740472,740472,116,80,935,819
41,13,1;5,493648,493648,31,21,935,904
41,14,10;17,740472,740472,100,77,935,835
41,15,0;11,1234120,1234120,722,676,935,213
41,16,2;25,493648,493648,623,580,935,312
41,17,10;14,493648,493648,913,889,935,22
41,18,2;10,493648,493648,435,413,935,500
41,19,0;1,493648,493648,521,495,935,414
41,20,1;6,493648,493648,548,507,935,387
41,21,2;6,493648,493648,467,444,935,468
41,22,0;15,493648,493648,860,817,935,75
41,23,2;12,493648,493648,889,854,935,46
41,24,2;12,493648,493648,364,326,935,571
41,25,6;16,493648,493648,466,423,935,469
41,26,1;11,493648,493648,366,340,935,569
41,27,3;10,493648,493648,478,453,935,457
41,28,1;15,493648,493648,644,598,935,291
41,29,2;15,493648,493648,750,716,935,185
42,0,15;19,1480944,1480944,82,48,935,853
42,1,5;13,2221416,2221416,64,24,935,871
42,2,6;16,1727768,1727768,71,33,935,864
42,3,4;5,987296,987296,77,53,935,858
42,4,9;14,740472,740472,87,75,935,848
42,5,1;3,740472,740472,89,78,935,846
42,6,7;21,1234120,1234120,133,92,935,802
42,7,1;6,493648,493648,89,78,935,846
42,8,0;1,493648,493648,100,91,935,835
42,9,1;10,740472,740472,40,28,935,895
42,10,0;14,1480944,1480944,68,43,935,867
42,11,15;26,493648,493648,59,32,935,876
42,12,0;3,987296,987296,116,80,935,819
42,13,1;5,493648,493648,31,21,935,904
42,14,10;17,740472,740472,100,77,935,835
42,15,0;29,1234120,1234120,722,676,935,213
42,16,2;25,493648,493648,623,580,935,312
42,17,10;14,493648,493648,913,889,935,22
42,18,2;10,493648,493648,435,413,935,500
42,19,0;1,493648,493648,521,495,935,414
42,20,1;6,493648,493648,548,507,935,387
42,21,2;6,493648,493648,467,444,935,468
42,22,0;15,493648,493648,860,817,935,75
42,23,2;12,493648,493648,889,854,935,46
42,24,2;12,493648,493648,364,326,935,571
42,25,6;16,493648,493648,466,423,935,469
42,26,1;11,493648,493648,366,340,935,569
42,27,3;10,493648,493648,478,453,935,457
42,28,1;15,493648,493648,644,598,935,291
42,29,2;15,493648,493648,750,716,935,185
43,0,2;3,1234120,1234120,82,48,935,853
43,1,3;26,2961888,2961888,64,24,935,871
43,2,16;18,1974592,1974592,71,33,935,864
43,3,0;5,1234120,1234120,88,53,935,847
43,4,1;9,740472,740472,87,75,935,848
43,5,1;13,740472,740472,89,78,935,846
43,6,2;7,1234120,1234120,133,92,935,802
43,7,1;6,493648,493648,89,78,935,846
43,8,0;1,493648,493648,100,91,935,835
43,9,1;10,987296,987296,40,28,935,895
43,10,14;17,1234120,1234120,68,43,935,867
43,11,1;9,740472,740472,57,32,935,878
43,12,23;24,493648,493648,116,80,935,819
43,13,1;5,493648,493648,31,21,935,904
43,14,4;17,740472,740472,100,77,935,835
43,15,22;29,740472,740472,722,676,935,213
43,16,3;25,740472,740472,623,580,935,312
43,17,10;14,493648,493648,913,889,935,22
43,18,2;10,493648,493648,435,413,935,500
43,19,0;1,493648,493648,521,495,935,414
43,20,1;6,493648,493648,548,507,935,387
43,21,2;6,493648,493648,467,444,935,468
43,22,0;15,493648,493648,860,817,935,75
43,23,2;12,493648,493648,889,854,935,46
43,24,2;12,493648,493648,364,326,935,571
43,25,6;16,493648,493648,466,423,935,469
43,26,1;11,493648,493648,366,340,935,569
43,27,3;10,493648,493648,478,453,935,457
43,28,1;15,493648,493648,644,598,935,291
43,29,2;15,493648,493648,750,716,935,185
44,0,1;2,1974592,1974592,82,48,935,853
44,1,3;4,2468240,2468240,64,24,935,871
44,2,0;29,1727768,1727768,71,33,935,864
44,3,0;6,1480944,1480944,77,53,935,858
44,4,1;3,987296,987296,87,75,935,848
44,5,3;13,493648,493648,88,78,935,847
44,6,7;25,1234120,1234120,133,92,935,802
44,7,1;6,493648,493648,89,78,935,846
44,8,0;1,493648,493648,100,91,935,835
44,9,4;11,493648,493648,40,28,935,895
44,10,17;18,740472,740472,68,43,935,867
44,11,15;26,740472,740472,59,32,935,876
44,12,0;24,740472,740472,116,80,935,819
44,13,1;5,493648,493648,31,21,935,904
44,14,4;17,493648,493648,100,77,935,835
44,15,0;22,1234120,1234120,722,676,935,213
44,16,2;25,493648,493648,623,580,935,312
44,17,10;14,493648,493648,913,889,935,22
44,18,2;10,493648,493648,435,413,935,500
44,19,0;1,493648,493648,521,495,935,414
44,20,1;6,493648,493648,548,507,935,387
44,21,2;6,493648,493648,467,444,935,468
44,22,0;15,493648,493648,860,817,935,75
44,23,2;12,493648,493648,889,854,935,46
44,24,2;12,493648,493648,364,326,935,571
44,25,6;16,493648,493648,466,423,935,469
44,26,1;11,493648,493648,366,340,935,569
44,27,3;10,493648,493648,478,453,935,457
44,28,1;15,493648,493648,644,598,935,291
44,29,2;15,493648,493648,750,716,935,185
45,0,3;19,987296,987296,82,48,935,853
45,1,3;20,1974592,1974592,64,24,935,871
45,2,18;23,1234120,1234120,71,33,935,864
45,3,5;6,1727768,1727768,88,53,935,847
45,4,9;14,493648,493648,87,75,935,848
45,5,3;13,493648,493648,88,78,935,847
45,6,3;20,1234120,1234120,133,92,935,802
45,7,1;6,493648,493648,89,78,935,846
45,8,0;1,493648,493648,100,91,935,835
45,9,4;10,493648,493648,40,28,935,895
45,10,14;17,1234120,1234120,68,43,935,867
45,11,15;26,493648,493648,59,32,935,876
45,12,3;24,740472,740472,116,80,935,819
45,13,1;5,493648,493648,31,21,935,904
45,14,10;17,740472,740472,100,77,935,835
45,15,22;29,987296,987296,722,676,935,213
45,16,3;25,493648,493648,623,580,935,312
45,17,10;14,493648,493648,913,889,935,22
45,18,2;10,493648,493648,435,413,935,500
45,19,0;1,493648,493648,521,495,935,414
45,20,1;6,493648,493648,548,507,935,387
45,21,2;6,493648,493648,467,444,935,468
45,22,0;15,493648,493648,860,817,935,75
45,23,2;12,493648,493648,889,854,935,46
45,24,2;12,493648,493648,364,326,935,571
45,25,6;16,493648,493648,466,423,935,469
45,26,1;11,493648,493648,366,340,935,569
45,27,3;10,493648,493648,478,453,935,457
45,28,1;15,493648,493648,644,598,935,291
45,29,2;15,493648,493648,750,716,935,185
46,0,8;19,987296,987296,82,48,935,853
46,1,19;26,2715064,2715064,64,24,935,871
46,2,1;24,1727768,1727768,71,33,935,864
46,3,0;1,1480944,1480944,88,53,935,847
46,4,1;14,493648,493648,86,75,935,849
46,5,1;13,493648,493648,89,78,935,846
46,6,3;21,1234120,1234120,133,92,935,802
46,7,1;6,493648,493648,89,78,935,846
46,8,0;1,493648,493648,100,91,935,835
46,9,10;11,493648,493648,40,28,935,895
46,10,9;27,1234120,1234120,68,43,935,867
46,11,9;26,493648,493648,57,32,935,878
46,12,3;24,740472,740472,116,80,935,819
46,13,1;5,493648,493648,31,21,935,904
46,14,4;10,740472,740472,100,77,935,835
46,15,22;29,740472,740472,722,676,935,213
46,16,2;3,740472,740472,623,580,935,312
46,17,10;14,493648,493648,913,889,935,22
46,18,2;10,493648,493648,435,413,935,500
46,19,0;1,493648,493648,521,495,935,414
46,20,1;6,493648,493648,548,507,935,387
46,21,2;6,493648,493648,467,444,935,468
46,22,0;15,493648,493648,860,817,935,75
46,23,2;12,493648,493648,889,854,935,46
46,24,2;12,493648,493648,364,326,935,571
46,25,6;16,493648,493648,466,423,935,469
46,26,1;11,493648,493648,366,340,935,569
46,27,3;10,493648,493648,478,453,935,457
46,28,1;15,493648,493648,644,598,935,291
46,29,2;15,493648,493648,750,716,935,185
47,0,2;8,1727768,1727768,82,48,935,853
47,1,19;28,2221416,2221416,64,24,935,871
47,2,16;24,1727768,1727768,71,33,935,864
47,3,0;4,1234120,1234120,88,53,935,847
47,4,1;3,740472,740472,86,75,935,849
47,5,3;13,493648,493648,88,78,935,847
47,6,20;21,987296,987296,133,92,935,802
47,7,1;6,493648,493648,89,78,935,846
47,8,0;1,493648,493648,100,91,935,835
47,9,1;11,493648,493648,38,28,935,897
47,10,17;18,740472,740472,68,43,935,867
47,11,9;15,740472,740472,59,32,935,876
47,12,0;24,740472,740472,116,80,935,819
47,13,1;5,493648,493648,31,21,935,904
47,14,4;17,493648,493648,100,77,935,835
47,15,0;29,1234120,1234120,722,676,935,213
47,16,2;3,740472,740472,623,580,935,312
47,17,10;14,493648,493648,913,889,935,22
47,18,2;10,493648,493648,435,413,935,500
47,19,0;1,493648,493648,521,495,935,414
47,20,1;6,493648,493648,548,507,935,387
47,21,2;6,493648,493648,467,444,935,468
47,22,0;15,493648,493648,860,817,935,75
47,23,2;12,493648,493648,889,854,935,46
47,24,2;12,493648,493648,364,326,935,571
47,25,6;16,493648,493648,466,423,935,469
47,26,1;11,493648,493648,366,340,935,569
47,27,3;10,493648,493648,478,453,935,457
47,28,1;15,493648,493648,644,598,935,291
47,29,2;15,493648,493648,750,716,935,185
48,0,8;12,1234120,1234120,82,48,935,853
48,1,2;3,2715064,2715064,64,24,935,871
48,2,18;23,1480944,1480944,71,33,935,864
48,3,12;16,1234120,1234120,88,53,935,847
48,4,1;9,493648,493648,87,75,935,848
48,5,3;13,493648,493648,88,78,935,847
48,6,20;21,987296,987296,133,92,935,802
48,7,1;6,493648,493648,89,78,935,846
48,8,0;1,493648,493648,100,91,935,835
48,9,10;11,740472,740472,40,28,935,895
48,10,0;14,1480944,1480944,68,43,935,867
48,11,1;15,987296,987296,59,32,935,876
48,12,0;24,987296,987296,116,80,935,819
48,13,1;5,493648,493648,31,21,935,904
48,14,10;17,493648,493648,100,77,935,835
48,15,11;29,987296,987296,722,676,935,213
48,16,3;25,493648,493648,623,580,935,312
48,17,10;14,493648,493648,913,889,935,22
48,18,2;10,493648,493648,435,413,935,500
48,19,0;1,493648,493648,521,495,935,414
48,20,1;6,493648,493648,548,507,935,387
48,21,2;6,493648,493648,467,444,935,468
48,22,0;15,493648,493648,860,817,935,75
48,23,2;12,493648,493648,889,854,935,46
48,24,2;12,493648,493648,364,326,935,571
48,25,6;16,493648,493648,466,423,935,469
48,26,1;11,493648,493648,366,340,935,569
48,27,3;10,493648,493648,478,453,935,457
48,28,1;15,493648,493648,644,598,935,291
48,29,2;15,493648,493648,750,716,935,185
49,0,8;22,1480944,1480944,82,48,935,853
49,1,8;13,1974592,1974592,64,24,935,871
49,2,21;23,1480944,1480944,71,33,935,864
49,3,0;16,1234120,1234120,88,53,935,847
49,4,3;9,740472,740472,87,75,935,848
49,5,3;13,493648,493648,88,78,935,847
49,6,7;21,987296,987296,133,92,935,802
49,7,1;6,493648,493648,89,78,935,846
49,8,0;1,493648,493648,100,91,935,835
49,9,4;10,493648,493648,40,28,935,895
49,10,0;17,1480944,1480944,68,43,935,867
49,11,1;26,493648,493648,57,32,935,878
49,12,0;23,740472,740472,116,80,935,819
49,13,1;5,493648,493648,31,21,935,904
49,14,4;10,740472,740472,100,77,935,835
49,15,22;29,740472,740472,722,676,935,213
49,16,2;25,740472,740472,623,580,935,312
49,17,10;14,493648,493648,913,889,935,22
49,18,2;10,493648,493648,435,413,935,500
49,19,0;1,493648,493648,521,495,935,414
49,20,1;6,493648,493648,548,507,935,387
49,21,2;6,493648,493648,467,444,935,468
49,22,0;15,493648,493648,860,817,935,75
49,23,2;12,493648,493648,889,854,935,46
49,24,2;12,493648,493648,364,326,935,571
49,25,6;16,493648,493648,466,423,935,469
49,26,1;11,493648,493648,366,340,935,569
49,27,3;10,493648,493648,478,453,935,457
49,28,1;15,493648,493648,644,598,935,291
49,29,2;15,493648,493648,750,716,935,185
50,0,3;22,1727768,1727768,82,48,935,853
50,1,5;13,2961888,2961888,64,24,935,871
50,2,1;29,1727768,1727768,71,33,935,864
50,3,5;16,1234120,1234120,88,53,935,847
50,4,1;3,987296,987296,87,75,935,848
50,5,1;3,740472,740472,89,78,935,846
50,6,7;21,987296,987296,133,92,935,802
50,7,1;6,493648,493648,89,78,935,846
50,8,0;1,493648,493648,100,91,935,835
50,9,1;4,740472,740472,40,28,935,895
50,10,0;14,1234120,1234120,68,43,935,867
50,11,1;9,740472,740472,57,32,935,878
50,12,0;24,740472,740472,116,80,935,819
50,13,1;5,493648,493648,31,21,935,904
50,14,4;10,740472,740472,100,77,935,835
50,15,0;29,987296,987296,722,676,935,213
50,16,2;25,740472,740472,623,580,935,312
50,17,10;14,493648,493648,913,889,935,22
50,18,2;10,493648,493648,435,413,935,500
50,19,0;1,493648,493648,521,495,935,414
50,20,1;6,493648,493648,548,507,935,387
50,21,2;6,493648,493648,467,444,935,468
50,22,0;15,493648,493648,860,817,935,75
50,23,2;12,493648,493648,889,854,935,46
50,24,2;12,493648,493648,364,326,935,571
50,25,6;16,493648,493648,466,423,935,469
50,26,1;11,493648,493648,366,340,935,569
50,27,3;10,493648,493648,478,453,935,457
50,28,1;15,493648,493648,644,598,935,291
50,29,2;15,493648,493648,750,716,935,185
51,0,12;15,1480944,1480944,82,48,935,853
51,1,7;11,2961888,2961888,64,24,935,871
51,2,1;21,1727768,1727768,71,33,935,864
51,3,0;16,1480944,1480944,88,53,935,847
51,4,1;3,987296,987296,87,75,935,848
51,5,1;13,493648,493648,89,78,935,846
51,6,3;21,1234120,1234120,133,92,935,802
51,7,1;6,493648,493648,89,78,935,846
51,8,0;1,493648,493648,100,91,935,835
51,9,1;4,493648,493648,40,28,935,895
51,10,14;17,987296,987296,68,43,935,867
51,11,15;26,740472,740472,59,32,935,876
51,12,0;3,987296,987296,116,80,935,819
51,13,1;5,493648,493648,31,21,935,904
51,14,4;10,740472,740472,100,77,935,835
51,15,0;29,1234120,1234120,722,676,935,213
51,16,2;25,740472,740472,623,580,935,312
51,17,10;14,493648,493648,913,889,935,22
51,18,2;10,493648,493648,435,413,935,500
51,19,0;1,493648,493648,521,495,935,414
51,20,1;6,493648,493648,548,507,935,387
51,21,2;6,493648,493648,467,444,935,468
51,22,0;15,493648,493648,860,817,935,75
51,23,2;12,493648,493648,889,854,935,46
51,24,2;12,493648,493648,364,326,935,571
51,25,6;16,493648,493648,466,423,935,469
51,26,1;11,493648,493648,366,340,935,569
51,27,3;10,493648,493648,478,453,935,457
51,28,1;15,493648,493648,644,598,935,291
51,29,2;15,493648,493648,750,716,935,185
52,0,2;10,1727768,1727768,82,48,935,853
52,1,8;9,2468240,2468240,64,24,935,871
52,2,24;29,1727768,1727768,71,33,935,864
52,3,0;4,1480944,1480944,88,53,935,847
52,4,1;9,987296,987296,87,75,935,848
52,5,1;3,740472,740472,89,78,935,846
52,6,7;25,987296,987296,133,92,935,802
52,7,1;6,493648,493648,89,78,935,846
52,8,0;1,493648,493648,100,91,935,835
52,9,1;4,493648,493648,40,28,935,895
52,10,0;18,1234120,1234120,68,43,935,867
52,11,15;26,493648,493648,59,32,935,876
52,12,3;23,740472,740472,116,80,935,819
52,13,1;5,493648,493648,31,21,935,904
52,14,4;10,740472,740472,100,77,935,835
52,15,0;29,1234120,1234120,722,676,935,213
52,16,2;3,740472,740472,623,580,935,312
52,17,10;14,493648,493648,913,889,935,22
52,18,2;10,493648,493648,435,413,935,500
52,19,0;1,493648,493648,521,495,935,414
52,20,1;6,493648,493648,548,507,935,387
52,21,2;6,493648,493648,467,444,935,468
52,22,0;15,493648,493648,860,817,935,75
52,23,2;12,493648,493648,889,854,935,46
52,24,2;12,493648,493648,364,326,935,571
52,25,6;16,493648,493648,466,423,935,469
52,26,1;11,493648,493648,366,340,935,569
52,27,3;10,493648,493648,478,453,935,457
52,28,1;15,493648,493648,644,598,935,291
52,29,2;15,493648,493648,750,716,935,185
53,0,15;19,1480944,1480944,82,48,935,853
53,1,13;20,2221416,2221416,64,24,935,871
53,2,16;23,1727768,1727768,71,33,935,864
53,3,12;27,740472,740472,77,53,935,858
53,4,1;9,493648,493648,87,75,935,848
53,5,3;13,493648,493648,88,78,935,847
53,6,2;25,1234120,1234120,133,92,935,802
53,7,1;6,493648,493648,89,78,935,846
53,8,0;1,493648,493648,100,91,935,835
53,9,10;11,740472,740472,40,28,935,895
53,10,0;14,1480944,1480944,68,43,935,867
53,11,1;9,740472,740472,57,32,935,878
53,12,0;3,987296,987296,116,80,935,819
53,13,1;5,493648,493648,31,21,935,904
53,14,10;17,493648,493648,100,77,935,835
53,15,28;29,987296,987296,722,676,935,213
53,16,2;25,493648,493648,623,580,935,312
53,17,10;14,493648,493648,913,889,935,22
53,18,2;10,493648,493648,435,413,935,500
53,19,0;1,493648,493648,521,495,935,414
53,20,1;6,493648,493648,548,507,935,387
53,21,2;6,493648,493648,467,444,935,468
53,22,0;15,493648,493648,860,817,935,75
53,23,2;12,493648,493648,889,854,935,46
53,24,2;12,493648,493648,364,326,935,571
53,25,6;16,493648,493648,466,423,935,469
53,26,1;11,493648,493648,366,340,935,569
53,27,3;10,493648,493648,478,453,935,457
53,28,1;15,493648,493648,644,598,935,291
53,29,2;15,493648,493648,750,716,935,185
54,0,1;15,1480944,1480944,82,48,935,853
54,1,8;19,2961888,2961888,64,24,935,871
54,2,16;23,1480944,1480944,71,33,935,864
54,3,12;16,1234120,1234120,88,53,935,847
54,4,1;3,740472,740472,86,75,935,849
54,5,1;3,740472,740472,89,78,935,846
54,6,20;21,987296,987296,133,92,935,802
54,7,1;6,493648,493648,89,78,935,846
54,8,0;1,493648,493648,100,91,935,835
54,9,1;11,493648,493648,38,28,935,897
54,10,18;27,740472,740472,68,43,935,867
54,11,1;26,987296,987296,59,32,935,876
54,12,0;24,987296,987296,116,80,935,819
54,13,1;5,493648,493648,31,21,935,904
54,14,4;17,493648,493648,100,77,935,835
54,15,11;22,1234120,1234120,722,676,935,213
54,16,2;25,740472,740472,623,580,935,312
54,17,10;14,493648,493648,913,889,935,22
54,18,2;10,493648,493648,435,413,935,500
54,19,0;1,493648,493648,521,495,935,414
54,20,1;6,493648,493648,548,507,935,387
54,21,2;6,493648,493648,467,444,935,468
54,22,0;15,493648,493648,860,817,935,75
54,23,2;12,493648,493648,889,854,935,46
54,24,2;12,493648,493648,364,326,935,571
54,25,6;16,493648,493648,466,423,935,469
54,26,1;11,493648,493648,366,340,935,569
54,27,3;10,493648,493648,478,453,935,457
54,28,1;15,493648,493648,644,598,935,291
54,29,2;15,493648,493648,750,716,935,185
55,0,15;22,987296,987296,82,48,935,853
55,1,7;8,2221416,2221416,64,24,935,871
55,2,6;21,1727768,1727768,71,33,935,864
55,3,5;12,740472,740472,77,53,935,858
55,4,1;9,493648,493648,87,75,935,848
55,5,3;13,493648,493648,88,78,935,847
55,6,21;25,1234120,1234120,133,92,935,802
55,7,1;6,493648,493648,89,78,935,846
55,8,0;1,493648,493648,100,91,935,835
55,9,1;10,987296,987296,40,28,935,895
55,10,9;17,1234120,1234120,68,43,935,867
55,11,9;26,493648,493648,57,32,935,878
55,12,3;24,740472,740472,116,80,935,819
55,13,1;5,493648,493648,31,21,935,904
55,14,10;17,493648,493648,100,77,935,835
55,15,0;22,987296,987296,722,676,935,213
55,16,2;25,493648,493648,623,580,935,312
55,17,10;14,493648,493648,913,889,935,22
55,18,2;10,493648,493648,435,413,935,500
55,19,0;1,493648,493648,521,495,935,414
55,20,1;6,493648,493648,548,507,935,387
55,21,2;6,493648,493648,467,444,935,468
55,22,0;15,493648,493648,860,817,935,75
55,23,2;12,493648,493648,889,854,935,46
55,24,2;12,493648,493648,364,326,935,571
55,25,6;16,493648,493648,466,423,935,469
55,26,1;11,493648,493648,366,340,935,569
55,27,3;10,493648,493648,478,453,935,457
55,28,1;15,493648,493648,644,598,935,291
55,29,2;15,493648,493648,750,716,935,185
56,0,3;12,1234120,1234120,82,48,935,853
56,1,13;28,2715064,2715064,64,24,935,871
56,2,21;29,1727768,1727768,71,33,935,864
56,3,1;27,1480944,1480944,88,53,935,847
56,4,1;14,740472,740472,87,75,935,848
56,5,3;13,493648,493648,88,78,935,847
56,6,2;3,1480944,1480944,133,92,935,802
56,7,1;6,493648,493648,89,78,935,846
56,8,0;1,493648,493648,100,91,935,835
56,9,1;4,493648,493648,40,28,935,895
56,10,18;27,740472,740472,68,43,935,867
56,11,1;26,493648,493648,57,32,935,878
56,12,0;23,740472,740472,116,80,935,819
56,13,1;5,493648,493648,31,21,935,904
56,14,4;17,493648,493648,100,77,935,835
56,15,28;29,740472,740472,722,676,935,213
56,16,2;3,740472,740472,623,580,935,312
56,17,10;14,493648,493648,913,889,935,22
56,18,2;10,493648,493648,435,413,935,500
56,19,0;1,493648,493648,521,495,935,414
56,20,1;6,493648,493648,548,507,935,387
56,21,2;6,493648,493648,467,444,935,468
56,22,0;15,493648,493648,860,817,935,75
56,23,2;12,493648,493648,889,854,935,46
56,24,2;12,493648,493648,364,326,935,571
56,25,6;16,493648,493648,466,423,935,469
56,26,1;11,493648,493648,366,340,935,569
56,27,3;10,493648,493648,478,453,935,457
56,28,1;15,493648,493648,644,598,935,291
56,29,2;15,493648,493648,750,716,935,185
57,0,2;8,1480944,1480944,82,48,935,853
57,1,4;28,2961888,2961888,64,24,935,871
57,2,16;29,1727768,1727768,71,33,935,864
57,3,1;4,987296,987296,88,53,935,847
57,4,9;14,987296,987296,87,75,935,848
57,5,1;13,493648,493648,89,78,935,846
57,6,7;20,987296,987296,133,92,935,802
57,7,1;6,493648,493648,89,78,935,846
57,8,0;1,493648,493648,100,91,935,835
57,9,1;11,740472,740472,40,28,935,895
57,10,0;14,1234120,1234120,68,43,935,867
57,11,1;26,740472,740472,57,32,935,878
57,12,0;24,740472,740472,116,80,935,819
57,13,1;5,493648,493648,31,21,935,904
57,14,4;10,740472,740472,100,77,935,835
57,15,22;29,740472,740472,722,676,935,213
57,16,2;3,740472,740472,623,580,935,312
57,17,10;14,493648,493648,913,889,935,22
57,18,2;10,493648,493648,435,413,935,500
57,19,0;1,493648,493648,521,495,935,414
57,20,1;6,493648,493648,548,507,935,387
57,21,2;6,493648,493648,467,444,935,468
57,22,0;15,493648,493648,860,817,935,75
57,23,2;12,493648,493648,889,854,935,46
57,24,2;12,493648,493648,364,326,935,571
57,25,6;16,493648,493648,466,423,935,469
57,26,1;11,493648,493648,366,340,935,569
57,27,3;10,493648,493648,478,453,935,457
57,28,1;15,493648,493648,644,598,935,291
57,29,2;15,493648,493648,750,716,935,185
58,0,8;12,1234120,1234120,82,48,935,853
58,1,3;26,2715064,2715064,64,24,935,871
58,2,23;24,1480944,1480944,71,33,935,864
58,3,1;4,1234120,1234120,88,53,935,847
58,4,3;9,740472,740472,87,75,935,848
58,5,1;13,493648,493648,89,78,935,846
58,6,3;7,1234120,1234120,133,92,935,802
58,7,1;6,493648,493648,89,78,935,846
58,8,0;1,493648,493648,100,91,935,835
58,9,1;4,740472,740472,40,28,935,895
58,10,14;27,987296,987296,68,43,935,867
58,11,1;9,740472,740472,57,32,935,878
58,12,0;24,740472,740472,116,80,935,819
58,13,1;5,493648,493648,31,21,935,904
58,14,4;10,740472,740472,100,77,935,835
58,15,0;22,987296,987296,722,676,935,213
58,16,2;3,740472,740472,623,580,935,312
58,17,10;14,493648,493648,913,889,935,22
58,18,2;10,493648,493648,435,413,935,500
58,19,0;1,493648,493648,521,495,935,414
58,20,1;6,493648,493648,548,507,935,387
58,21,2;6,493648,493648,467,444,935,468
58,22,0;15,493648,493648,860,817,935,75
58,23,2;12,493648,493648,889,854,935,46
58,24,2;12,493648,493648,364,326,935,571
58,25,6;16,493648,493648,466,423,935,469
58,26,1;11,493648,493648,366,340,935,569
58,27,3;10,493648,493648,478,453,935,457
58,28,1;15,493648,493648,644,598,935,291
58,29,2;15,493648,493648,750,716,935,185
59,0,15;19,1727768,1727768,82,48,935,853
59,1,5;9,2715064,2715064,64,24,935,871
59,2,6;24,1727768,1727768,71,33,935,864
59,3,0;1,1480944,1480944,88,53,935,847
59,4,3;14,493648,493648,86,75,935,849
59,5,1;13,493648,493648,89,78,935,846
59,6,2;7,1234120,1234120,133,92,935,802
59,7,1;6,493648,493648,89,78,935,846
59,8,0;1,493648,493648,100,91,935,835
59,9,1;11,493648,493648,38,28,935,897
59,10,0;18,1234120,1234120,68,43,935,867
59,11,1;9,987296,987296,59,32,935,876
59,12,0;3,987296,987296,116,80,935,819
59,13,1;5,493648,493648,31,21,935,904
59,14,10;17,740472,740472,100,77,935,835
59,15,11;29,1234120,1234120,722,676,935,213
59,16,2;3,740472,740472,623,580,935,312
59,17,10;14,493648,493648,913,889,935,22
59,18,2;10,493648,493648,435,413,935,500
59,19,0;1,493648,493648,521,495,935,414
59,20,1;6,493648,493648,548,507,935,387
59,21,2;6,493648,493648,467,444,935,468
59,22,0;15,493648,493648,860,817,935,75
59,23,2;12,493648,493648,889,854,935,46
59,24,2;12,493648,493648,364,326,935,571
59,25,6;16,493648,493648,466,423,935,469
59,26,1;11,493648,493648,366,340,935,569
59,27,3;10,493648,493648,478,453,935,457
59,28,1;15,493648,493648,644,598,935,291
59,29,2;15,493648,493648,750,716,935,185
60,0,3;12,1480944,1480944,82,48,935,853
60,1,4;20,2715064,2715064,64,24,935,871
60,2,6;18,1727768,1727768,71,33,935,864
60,3,1;6,1727768,1727768,88,53,935,847
60,4,1;3,740472,740472,86,75,935,849
60,5,1;13,493648,493648,89,78,935,846
60,6,2;20,1480944,1480944,133,92,935,802
60,7,1;6,493648,493648,89,78,935,846
60,8,0;1,493648,493648,100,91,935,835
60,9,1;10,740472,740472,40,28,935,895
60,10,9;17,987296,987296,68,43,935,867
60,11,9;15,740472,740472,59,32,935,876
60,12,3;24,987296,987296,116,80,935,819
60,13,1;5,493648,493648,31,21,935,904
60,14,4;17,493648,493648,100,77,935,835
60,15,0;11,1234120,1234120,722,676,935,213
60,16,2;3,740472,740472,623,580,935,312
60,17,10;14,493648,493648,913,889,935,22
60,18,2;10,493648,493648,435,413,935,500
60,19,0;1,493648,493648,521,495,935,414
60,20,1;6,493648,493648,548,507,935,387
60,21,2;6,493648,493648,467,444,935,468
60,22,0;15,493648,493648,860,817,935,75
60,23,2;12,493648,493648,889,854,935,46
60,24,2;12,493648,493648,364,326,935,571
60,25,6;16,493648,493648,466,423,935,469
60,26,1;11,493648,493648,366,340,935,569
60,27,3;10,493648,493648,478,453,935,457
60,28,1;15,493648,493648,644,598,935,291
60,29,2;15,493648,493648,750,716,935,185
61,0,1;12,1480944,1480944,82,48,935,853
61,1,2;28,2961888,2961888,64,24,935,871
61,2,1;29,1974592,1974592,71,33,935,864
61,3,1;27,1234120,1234120,88,53,935,847
61,4,3;9,740472,740472,87,75,935,848
61,5,3;13,493648,493648,88,78,935,847
61,6,2;20,1234120,1234120,133,92,935,802
61,7,1;6,493648,493648,89,78,935,846
61,8,0;1,493648,493648,100,91,935,835
61,9,1;10,740472,740472,40,28,935,895
61,10,0;27,1234120,1234120,68,43,935,867
61,11,1;15,740472,740472,59,32,935,876
61,12,0;23,740472,740472,116,80,935,819
61,13,1;5,493648,493648,31,21,935,904
61,14,4;17,493648,493648,100,77,935,835
61,15,22;28,987296,987296,722,676,935,213
61,16,2;3,740472,740472,623,580,935,312
61,17,10;14,493648,493648,913,889,935,22
61,18,2;10,493648,493648,435,413,935,500
61,19,0;1,493648,493648,521,495,935,414
61,20,1;6,493648,493648,548,507,935,387
61,21,2;6,493648,493648,467,444,935,468
61,22,0;15,493648,493648,860,817,935,75
61,23,2;12,493648,493648,889,854,935,46
61,24,2;12,493648,493648,364,326,935,571
61,25,6;16,493648,493648,466,423,935,469
61,26,1;11,493648,493648,366,340,935,569
61,27,3;10,493648,493648,478,453,935,457
61,28,1;15,493648,493648,644,598,935,291
61,29,2;15,493648,493648,750,716,935,185
62,0,3;12,1480944,1480944,82,48,935,853
62,1,3;26,2715064,2715064,64,24,935,871
62,2,1;21,1480944,1480944,71,33,935,864
62,3,0;16,1234120,1234120,88,53,935,847
62,4,9;14,493648,493648,87,75,935,848
62,5,1;13,493648,493648,89,78,935,846
62,6,20;21,987296,987296,133,92,935,802
62,7,1;6,493648,493648,89,78,935,846
62,8,0;1,493648,493648,100,91,935,835
62,9,10;11,740472,740472,40,28,935,895
62,10,17;18,1234120,1234120,68,43,935,867
62,11,1;15,987296,987296,59,32,935,876
62,12,3;24,987296,987296,116,80,935,819
62,13,1;5,493648,493648,31,21,935,904
62,14,10;17,740472,740472,100,77,935,835
62,15,0;11,1234120,1234120,722,676,935,213
62,16,3;25,493648,493648,623,580,935,312
62,17,10;14,493648,493648,913,889,935,22
62,18,2;10,493648,493648,435,413,935,500
62,19,0;1,493648,493648,521,495,935,414
62,20,1;6,493648,493648,548,507,935,387
62,21,2;6,493648,493648,467,444,935,468
62,22,0;15,493648,493648,860,817,935,75
62,23,2;12,493648,493648,889,854,935,46
62,24,2;12,493648,493648,364,326,935,571
62,25,6;16,493648,493648,466,423,935,469
62,26,1;11,493648,493648,366,340,935,569
62,27,3;10,493648,493648,478,453,935,457
62,28,1;15,493648,493648,644,598,935,291
62,29,2;15,493648,493648,750,716,935,185
63,0,1;19,987296,987296,82,48,935,853
63,1,3;28,2468240,2468240,64,24,935,871
63,2,6;24,1727768,1727768,71,33,935,864
63,3,4;27,987296,987296,77,53,935,858
63,4,3;14,493648,493648,86,75,935,849
63,5,1;13,493648,493648,89,78,935,846
63,6,20;21,1234120,1234120,133,92,935,802
63,7,1;6,493648,493648,89,78,935,846
63,8,0;1,493648,493648,100,91,935,835
63,9,10;11,493648,493648,40,28,935,895
63,10,14;18,1234120,1234120,68,43,935,867
63,11,15;26,740472,740472,59,32,935,876
63,12,3;23,740472,740472,116,80,935,819
63,13,1;5,493648,493648,31,21,935,904
63,14,10;17,740472,740472,100,77,935,835
63,15,28;29,987296,987296,722,676,935,213
63,16,2;25,493648,493648,623,580,935,312
63,17,10;14,493648,493648,913,889,935,22
63,18,2;10,493648,493648,435,413,935,500
63,19,0;1,493648,493648,521,495,935,414
63,20,1;6,493648,493648,548,507,935,387
63,21,2;6,493648,493648,467,444,935,468
63,22,0;15,493648,493648,860,817,935,75
63,23,2;12,493648,493648,889,854,935,46
63,24,2;12,493648,493648,364,326,935,571
63,25,6;16,493648,493648,466,423,935,469
63,26,1;11,493648,493648,366,340,935,569
63,27,3;10,493648,493648,478,453,935,457
63,28,1;15,493648,493648,644,598,935,291
63,29,2;15,493648,493648,750,716,935,185
64,0,10;12,1480944,1480944,82,48,935,853
64,1,4;11,2715064,2715064,64,24,935,871
64,2,1;29,1727768,1727768,71,33,935,864
64,3,0;4,1234120,1234120,88,53,935,847
64,4,3;14,987296,987296,87,75,935,848
64,5,1;3,740472,740472,89,78,935,846
64,6,2;7,1234120,1234120,133,92,935,802
64,7,1;6,493648,493648,89,78,935,846
64,8,0;1,493648,493648,100,91,935,835
64,9,4;11,493648,493648,40,28,935,895
64,10,14;17,1234120,1234120,68,43,935,867
64,11,15;26,987296,987296,59,32,935,876
64,12,0;23,740472,740472,116,80,935,819
64,13,1;5,493648,493648,31,21,935,904
64,14,4;17,740472,740472,100,77,935,835
64,15,22;28,987296,987296,722,676,935,213
64,16,3;25,493648,493648,623,580,935,312
64,17,10;14,493648,493648,913,889,935,22
64,18,2;10,493648,493648,435,413,935,500
64,19,0;1,493648,493648,521,495,935,414
64,20,1;6,493648,493648,548,507,935,387
64,21,2;6,493648,493648,467,444,935,468
64,22,0;15,493648,493648,860,817,935,75
64,23,2;12,493648,493648,889,854,935,46
64,24,2;12,493648,493648,364,326,935,571
64,25,6;16,493648,493648,466,423,935,469
64,26,1;11,493648,493648,366,340,935,569
64,27,3;10,493648,493648,478,453,935,457
64,28,1;15,493648,493648,644,598,935,291
64,29,2;15,493648,493648,750,716,935,185
65,0,2;12,1234120,1234120,82,48,935,853
65,1,7;19,1727768,1727768,64,24,935,871
65,2,6;23,1974592,1974592,71,33,935,864
65,3,4;27,1234120,1234120,88,53,935,847
65,4,3;14,740472,740472,87,75,935,848
65,5,3;13,493648,493648,88,78,935,847
65,6,3;25,1480944,1480944,133,92,935,802
65,7,1;6,493648,493648,89,78,935,846
65,8,0;1,493648,493648,100,91,935,835
65,9,4;10,740472,740472,40,28,935,895
65,10,17;18,1234120,1234120,68,43,935,867
65,11,9;15,740472,740472,59,32,935,876
65,12,0;24,740472,740472,116,80,935,819
65,13,1;5,493648,493648,31,21,935,904
65,14,4;10,740472,740472,100,77,935,835
65,15,28;29,987296,987296,722,676,935,213
65,16,2;3,740472,740472,623,580,935,312
65,17,10;14,493648,493648,913,889,935,22
65,18,2;10,493648,493648,435,413,935,500
65,19,0;1,493648,493648,521,495,935,414
65,20,1;6,493648,493648,548,507,935,387
65,21,2;6,493648,493648,467,444,935,468
65,22,0;15,493648,493648,860,817,935,75
65,23,2;12,493648,493648,889,854,935,46
65,24,2;12,493648,493648,364,326,935,571
65,25,6;16,493648,493648,466,423,935,469
65,26,1;11,493648,493648,366,340,935,569
65,27,3;10,493648,493648,478,453,935,457
65,28,1;15,493648,493648,644,598,935,291
65,29,2;15,493648,493648,750,716,935,185
66,0,3;12,1480944,1480944,82,48,935,853
66,1,4;9,2715064,2715064,64,24,935,871
66,2,0;24,1974592,1974592,71,33,935,864
66,3,0;6,1234120,1234120,77,53,935,858
66,4,3;14,740472,740472,86,75,935,849
66,5,1;13,493648,493648,89,78,935,846
66,6,2;25,1480944,1480944,133,92,935,802
66,7,1;6,493648,493648,89,78,935,846
66,8,0;1,493648,493648,100,91,935,835
66,9,10;11,740472,740472,40,28,935,895
66,10,9;18,1234120,1234120,68,43,935,867
66,11,1;26,987296,987296,59,32,935,876
66,12,0;3,987296,987296,116,80,935,819
66,13,1;5,493648,493648,31,21,935,904
66,14,4;10,740472,740472,100,77,935,835
66,15,11;28,987296,987296,722,676,935,213
66,16,2;25,493648,493648,623,580,935,312
66,17,10;14,493648,493648,913,889,935,22
66,18,2;10,493648,493648,435,413,935,500
66,19,0;1,493648,493648,521,495,935,414
66,20,1;6,493648,493648,548,507,935,387
66,21,2;6,493648,493648,467,444,935,468
66,22,0;15,493648,493648,860,817,935,75
66,23,2;12,493648,493648,889,854,935,46
66,24,2;12,493648,493648,364,326,935,571
66,25,6;16,493648,493648,466,423,935,469
66,26,1;11,493648,493648,366,340,935,569
66,27,3;10,493648,493648,478,453,935,457
66,28,1;15,493648,493648,644,598,935,291
66,29,2;15,493648,493648,750,716,935,185
67,0,1;15,1974592,1974592,82,48,935,853
67,1,2;19,2468240,2468240,64,24,935,871
67,2,1;21,1974592,1974592,71,33,935,864
67,3,0;4,1234120,1234120,88,53,935,847
67,4,3;9,740472,740472,87,75,935,848
67,5,3;13,493648,493648,88,78,935,847
67,6,2;21,1234120,1234120,133,92,935,802
67,7,1;6,493648,493648,89,78,935,846
67,8,0;1,493648,493648,100,91,935,835
67,9,1;4,740472,740472,40,28,935,895
67,10,0;27,987296,987296,68,43,935,867
67,11,9;26,740472,740472,59,32,935,876
67,12,0;24,740472,740472,116,80,935,819
67,13,1;5,493648,493648,31,21,935,904
67,14,4;17,493648,493648,100,77,935,835
67,15,11;22,1234120,1234120,722,676,935,213
67,16,2;3,740472,740472,623,580,935,312
67,17,10;14,493648,493648,913,889,935,22
67,18,2;10,493648,493648,435,413,935,500
67,19,0;1,493648,493648,521,495,935,414
67,20,1;6,493648,493648,548,507,935,387
67,21,2;6,493648,493648,467,444,935,468
67,22,0;15,493648,493648,860,817,935,75
67,23,2;12,493648,493648,889,854,935,46
67,24,2;12,493648,493648,364,326,935,571
67,25,6;16,493648,493648,466,423,935,469
67,26,1;11,493648,493648,366,340,935,569
67,27,3;10,493648,493648,478,453,935,457
67,28,1;15,493648,493648,644,598,935,291
67,29,2;15,493648,493648,750,716,935,185
68,0,3;15,1234120,1234120,82,48,935,853
68,1,7;28,2468240,2468240,64,24,935,871
68,2,21;29,1234120,1234120,71,33,935,864
68,3,5;16,1480944,1480944,88,53,935,847
68,4,1;3,740472,740472,87,75,935,848
68,5,1;3,740472,740472,89,78,935,846
68,6,7;21,987296,987296,133,92,935,802
68,7,1;6,493648,493648,89,78,935,846
68,8,0;1,493648,493648,100,91,935,835
68,9,1;4,493648,493648,40,28,935,895
68,10,14;27,987296,987296,68,43,935,867
68,11,15;26,493648,493648,59,32,935,876
68,12,3;23,740472,740472,116,80,935,819
68,13,1;5,493648,493648,31,21,935,904
68,14,10;17,493648,493648,100,77,935,835
68,15,22;28,1234120,1234120,722,676,935,213
68,16,3;25,493648,493648,623,580,935,312
68,17,10;14,493648,493648,913,889,935,22
68,18,2;10,493648,493648,435,413,935,500
68,19,0;1,493648,493648,521,495,935,414
68,20,1;6,493648,493648,548,507,935,387
68,21,2;6,493648,493648,467,444,935,468
68,22,0;15,493648,493648,860,817,935,75
68,23,2;12,493648,493648,889,854,935,46
68,24,2;12,493648,493648,364,326,935,571
68,25,6;16,493648,493648,466,423,935,469
68,26,1;11,493648,493648,366,340,935,569
68,27,3;10,493648,493648,478,453,935,457
68,28,1;15,493648,493648,644,598,935,291
68,29,2;15,493648,493648,750,716,935,185
69,0,2;12,1727768,1727768,82,48,935,853
69,1,0;5,2468240,2468240,64,24,935,871
69,2,23;24,1727768,1727768,71,33,935,864
69,3,5;27,1234120,1234120,88,53,935,847
69,4,9;14,493648,493648,87,75,935,848
69,5,1;13,740472,740472,89,78,935,846
69,6,3;7,1234120,1234120,133,92,935,802
69,7,1;6,493648,493648,89,78,935,846
69,8,0;1,493648,493648,100,91,935,835
69,9,10;11,740472,740472,40,28,935,895
69,10,9;18,1234120,1234120,68,43,935,867
69,11,1;26,740472,740472,57,32,935,878
69,12,0;3,987296,987296,116,80,935,819
69,13,1;5,493648,493648,31,21,935,904
69,14,4;10,740472,740472,100,77,935,835
69,15,0;22,987296,987296,722,676,935,213
69,16,2;3,740472,740472,623,580,935,312
69,17,10;14,493648,493648,913,889,935,22
69,18,2;10,493648,493648,435,413,935,500
69,19,0;1,493648,493648,521,495,935,414
69,20,1;6,493648,493648,548,507,935,387
69,21,2;6,493648,493648,467,444,935,468
69,22,0;15,493648,493648,860,817,935,75
69,23,2;12,493648,493648,889,854,935,46
69,24,2;12,493648,493648,364,326,935,571
69,25,6;16,493648,493648,466,423,935,469
69,26,1;11,493648,493648,366,340,935,569
69,27,3;10,493648,493648,478,453,935,457
69,28,1;15,493648,493648,644,598,935,291
69,29,2;15,493648,493648,750,716,935,185
70,0,15;22,1727768,1727768,82,48,935,853
70,1,0;7,2715064,2715064,64,24,935,871
70,2,18;24,1480944,1480944,71,33,935,864
70,3,0;5,1234120,1234120,88,53,935,847
70,4,1;9,740472,740472,87,75,935,848
70,5,3;13,493648,493648,88,78,935,847
70,6,2;25,1234120,1234120,133,92,935,802
70,7,1;6,493648,493648,89,78,935,846
70,8,0;1,493648,493648,100,91,935,835
70,9,1;4,493648,493648,40,28,935,895
70,10,17;18,987296,987296,68,43,935,867
70,11,1;26,740472,740472,59,32,935,876
70,12,0;3,987296,987296,116,80,935,819
70,13,1;5,493648,493648,31,21,935,904
70,14,4;10,740472,740472,100,77,935,835
70,15,11;29,1234120,1234120,722,676,935,213
70,16,3;25,493648,493648,623,580,935,312
70,17,10;14,493648,493648,913,889,935,22
70,18,2;10,493648,493648,435,413,935,500
70,19,0;1,493648,493648,521,495,935,414
70,20,1;6,493648,493648,548,507,935,387
70,21,2;6,493648,493648,467,444,935,468
70,22,0;15,493648,493648,860,817,935,75
70,23,2;12,493648,493648,889,854,935,46
70,24,2;12,493648,493648,364,326,935,571
70,25,6;16,493648,493648,466,423,935,469
70,26,1;11,493648,493648,366,340,935,569
70,27,3;10,493648,493648,478,453,935,457
70,28,1;15,493648,493648,644,598,935,291
70,29,2;15,493648,493648,750,716,935,185
71,0,1;22,1727768,1727768,82,48,935,853
71,1,5;19,2468240,2468240,64,24,935,871
71,2,16;18,1480944,1480944,71,33,935,864
71,3,4;12,1234120,1234120,88,53,935,847
71,4,3;9,740472,740472,87,75,935,848
71,5,3;13,740472,740472,89,78,935,846
71,6,7;21,987296,987296,133,92,935,802
71,7,1;6,493648,493648,89,78,935,846
71,8,0;1,493648,493648,100,91,935,835
71,9,1;10,740472,740472,40,28,935,895
71,10,0;17,1480944,1480944,68,43,935,867
71,11,15;26,493648,493648,59,32,935,876
71,12,0;3,987296,987296,116,80,935,819
71,13,1;5,493648,493648,31,21,935,904
71,14,4;10,740472,740472,100,77,935,835
71,15,0;28,1234120,1234120,722,676,935,213
71,16,2;3,740472,740472,623,580,935,312
71,17,10;14,493648,493648,913,889,935,22
71,18,2;10,493648,493648,435,413,935,500
71,19,0;1,493648,493648,521,495,935,414
71,20,1;6,493648,493648,548,507,935,387
71,21,2;6,493648,493648,467,444,935,468
71,22,0;15,493648,493648,860,817,935,75
71,23,2;12,493648,493648,889,854,935,46
71,24,2;12,493648,493648,364,326,935,571
71,25,6;16,493648,493648,466,423,935,469
71,26,1;11,493648,493648,366,340,935,569
71,27,3;10,493648,493648,478,453,935,457
71,28,1;15,493648,493648,644,598,935,291
71,29,2;15,493648,493648,750,716,935,185
72,0,2;10,1727768,1727768,82,48,935,853
72,1,26;28,2221416,2221416,64,24,935,871
72,2,1;23,2221416,2221416,71,33,935,864
72,3,0;5,1234120,1234120,77,53,935,858
72,4,3;9,740472,740472,87,75,935,848
72,5,3;13,493648,493648,88,78,935,847
72,6,2;7,1234120,1234120,133,92,935,802
72,7,1;6,493648,493648,89,78,935,846
72,8,0;1,493648,493648,100,91,935,835
72,9,1;4,740472,740472,40,28,935,895
72,10,9;18,1234120,1234120,68,43,935,867
72,11,15;26,493648,493648,59,32,935,876
72,12,3;23,740472,740472,116,80,935,819
72,13,1;5,493648,493648,31,21,935,904
72,14,4;17,493648,493648,100,77,935,835
72,15,0;11,1234120,1234120,722,676,935,213
72,16,2;25,493648,493648,623,580,935,312
72,17,10;14,493648,493648,913,889,935,22
72,18,2;10,493648,493648,435,413,935,500
72,19,0;1,493648,493648,521,495,935,414
72,20,1;6,493648,493648,548,507,935,387
72,21,2;6,493648,493648,467,444,935,468
72,22,0;15,493648,493648,860,817,935,75
72,23,2;12,493648,493648,889,854,935,46
72,24,2;12,493648,493648,364,326,935,571
72,25,6;16,493648,493648,466,423,935,469
72,26,1;11,493648,493648,366,340,935,569
72,27,3;10,493648,493648,478,453,935,457
72,28,1;15,493648,493648,644,598,935,291
72,29,2;15,493648,493648,750,716,935,185
73,0,8;12,1480944,1480944,82,48,935,853
73,1,2;4,2961888,2961888,64,24,935,871
73,2,16;21,1727768,1727768,71,33,935,864
73,3,0;27,740472,740472,77,53,935,858
73,4,3;14,740472,740472,86,75,935,849
73,5,1;13,493648,493648,89,78,935,846
73,6,7;25,987296,987296,133,92,935,802
73,7,1;6,493648,493648,89,78,935,846
73,8,0;1,493648,493648,100,91,935,835
73,9,1;11,493648,493648,38,28,935,897
73,10,0;14,1234120,1234120,68,43,935,867
73,11,1;26,987296,987296,59,32,935,876
73,12,0;24,740472,740472,116,80,935,819
73,13,1;5,493648,493648,31,21,935,904
73,14,10;17,740472,740472,100,77,935,835
73,15,11;29,987296,987296,722,676,935,213
73,16,2;25,493648,493648,623,580,935,312
73,17,10;14,493648,493648,913,889,935,22
73,18,2;10,493648,493648,435,413,935,500
73,19,0;1,493648,493648,521,495,935,414
73,20,1;6,493648,493648,548,507,935,387
73,21,2;6,493648,493648,467,444,935,468
73,22,0;15,493648,493648,860,817,935,75
73,23,2;12,493648,493648,889,854,935,46
73,24,2;12,493648,493648,364,326,935,571
73,25,6;16,493648,493648,466,423,935,469
73,26,1;11,493648,493648,366,340,935,569
73,27,3;10,493648,493648,478,453,935,457
73,28,1;15,493648,493648,644,598,935,291
73,29,2;15,493648,493648,750,716,935,185
74,0,12;19,1480944,1480944,82,48,935,853
74,1,3;11,2468240,2468240,64,24,935,871
74,2,18;24,1234120,1234120,71,33,935,864
74,3,0;27,1727768,1727768,88,53,935,847
74,4,9;14,493648,493648,87,75,935,848
74,5,1;3,740472,740472,89,78,935,846
74,6,3;7,1234120,1234120,133,92,935,802
74,7,1;6,493648,493648,89,78,935,846
74,8,0;1,493648,493648,100,91,935,835
74,9,10;11,740472,740472,40,28,935,895
74,10,14;17,1234120,1234120,68,43,935,867
74,11,1;15,987296,987296,59,32,935,876
74,12,3;24,987296,987296,116,80,935,819
74,13,1;5,493648,493648,31,21,935,904
74,14,4;17,740472,740472,100,77,935,835
74,15,0;29,1234120,1234120,722,676,935,213
74,16,3;25,493648,493648,623,580,935,312
74,17,10;14,493648,493648,913,889,935,22
74,18,2;10,493648,493648,435,413,935,500
74,19,0;1,493648,493648,521,495,935,414
74,20,1;6,493648,493648,548,507,935,387
74,21,2;6,493648,493648,467,444,935,468
74,22,0;15,493648,493648,860,817,935,75
74,23,2;12,493648,493648,889,854,935,46
74,24,2;12,493648,493648,364,326,935,571
74,25,6;16,493648,493648,466,423,935,469
74,26,1;11,493648,493648,366,340,935,569
74,27,3;10,493648,493648,478,453,935,457
74,28,1;15,493648,493648,644,598,935,291
74,29,2;15,493648,493648,750,716,935,185
75,0,1;8,1480944,1480944,82,48,935,853
75,1,9;26,2961888,2961888,64,24,935,871
75,2,1;23,1974592,1974592,71,33,935,864
75,3,6;12,1234120,1234120,88,53,935,847
75,4,3;14,740472,740472,87,75,935,848
75,5,1;13,493648,493648,89,78,935,846
75,6,2;25,1480944,1480944,133,92,935,802
75,7,1;6,493648,493648,89,78,935,846
75,8,0;1,493648,493648,100,91,935,835
75,9,1;4,493648,493648,40,28,935,895
75,10,17;27,987296,987296,68,43,935,867
75,11,1;26,493648,493648,57,32,935,878
75,12,0;24,987296,987296,116,80,935,819
75,13,1;5,493648,493648,31,21,935,904
75,14,10;17,740472,740472,100,77,935,835
75,15,0;28,987296,987296,722,676,935,213
75,16,2;3,740472,740472,623,580,935,312
75,17,10;14,493648,493648,913,889,935,22
75,18,2;10,493648,493648,435,413,935,500
75,19,0;1,493648,493648,521,495,935,414
75,20,1;6,493648,493648,548,507,935,387
75,21,2;6,493648,493648,467,444,935,468
75,22,0;15,493648,493648,860,817,935,75
75,23,2;12,493648,493648,889,854,935,46
75,24,2;12,493648,493648,364,326,935,571
75,25,6;16,493648,493648,466,423,935,469
75,26,1;11,493648,493648,366,340,935,569
75,27,3;10,493648,493648,478,453,935,457
75,28,1;15,493648,493648,644,598,935,291
75,29,2;15,493648,493648,750,716,935,185
76,0,2;10,1234120,1234120,82,48,935,853
76,1,2;26,2468240,2468240,64,24,935,871
76,2,16;29,1974592,1974592,71,33,935,864
76,3,4;12,1234120,1234120,77,53,935,858
76,4,1;3,740472,740472,86,75,935,849
76,5,3;13,493648,493648,88,78,935,847
76,6,3;20,1234120,1234120,133,92,935,802
76,7,1;6,493648,493648,89,78,935,846
76,8,0;1,493648,493648,100,91,935,835
76,9,1;10,740472,740472,40,28,935,895
76,10,9;27,1234120,1234120,68,43,935,867
76,11,9;15,740472,740472,59,32,935,876
76,12,3;23,740472,740472,116,80,935,819
76,13,1;5,493648,493648,31,21,935,904
76,14,4;17,493648,493648,100,77,935,835
76,15,11;29,987296,987296,722,676,935,213
76,16,2;25,493648,493648,623,580,935,312
76,17,10;14,493648,493648,913,889,935,22
76,18,2;10,493648,493648,435,413,935,500
76,19,0;1,493648,493648,521,495,935,414
76,20,1;6,493648,493648,548,507,935,387
76,21,2;6,493648,493648,467,444,935,468
76,22,0;15,493648,493648,860,817,935,75
76,23,2;12,493648,493648,889,854,935,46
76,24,2;12,493648,493648,364,326,935,571
76,25,6;16,493648,493648,466,423,935,469
76,26,1;11,493648,493648,366,340,935,569
76,27,3;10,493648,493648,478,453,935,457
76,28,1;15,493648,493648,644,598,935,291
76,29,2;15,493648,493648,750,716,935,185
77,0,8;10,1727768,1727768,82,48,935,853
77,1,0;13,2221416,2221416,64,24,935,871
77,2,23;24,1480944,1480944,71,33,935,864
77,3,0;27,1480944,1480944,88,53,935,847
77,4,3;9,493648,493648,87,75,935,848
77,5,3;13,493648,493648,88,78,935,847
77,6,3;25,1234120,1234120,133,92,935,802
77,7,1;6,493648,493648,89,78,935,846
77,8,0;1,493648,493648,100,91,935,835
77,9,1;11,987296,987296,40,28,935,895
77,10,9;17,1480944,1480944,68,43,935,867
77,11,9;26,740472,740472,59,32,935,876
77,12,0;23,740472,740472,116,80,935,819
77,13,1;5,493648,493648,31,21,935,904
77,14,10;17,493648,493648,100,77,935,835
77,15,11;22,987296,987296,722,676,935,213
77,16,2;3,740472,740472,623,580,935,312
77,17,10;14,493648,493648,913,889,935,22
77,18,2;10,493648,493648,435,413,935,500
77,19,0;1,493648,493648,521,495,935,414
77,20,1;6,493648,493648,548,507,935,387
77,21,2;6,493648,493648,467,444,935,468
77,22,0;15,493648,493648,860,817,935,75
77,23,2;12,493648,493648,889,854,935,46
77,24,2;12,493648,493648,364,326,935,571
77,25,6;16,493648,493648,466,423,935,469
77,26,1;11,493648,493648,366,340,935,569
77,27,3;10,493648,493648,478,453,935,457
77,28,1;15,493648,493648,644,598,935,291
77,29,2;15,493648,493648,750,716,935,185
78,0,3;22,1234120,1234120,82,48,935,853
78,1,11;28,1974592,1974592,64,24,935,871
78,2,6;29,1480944,1480944,71,33,935,864
78,3,4;27,1234120,1234120,88,53,935,847
78,4,9;14,740472,740472,87,75,935,848
78,5,3;13,493648,493648,88,78,935,847
78,6,7;21,1234120,1234120,133,92,935,802
78,7,1;6,493648,493648,89,78,935,846
78,8,0;1,493648,493648,100,91,935,835
78,9,4;11,740472,740472,40,28,935,895
78,10,9;27,1234120,1234120,68,43,935,867
78,11,9;26,740472,740472,57,32,935,878
78,12,0;24,740472,740472,116,80,935,819
78,13,1;5,493648,493648,31,21,935,904
78,14,4;10,740472,740472,100,77,935,835
78,15,22;29,740472,740472,722,676,935,213
78,16,3;25,493648,493648,623,580,935,312
78,17,10;14,493648,493648,913,889,935,22
78,18,2;10,493648,493648,435,413,935,500
78,19,0;1,493648,493648,521,495,935,414
78,20,1;6,493648,493648,548,507,935,387
78,21,2;6,493648,493648,467,444,935,468
78,22,0;15,493648,493648,860,817,935,75
78,23,2;12,493648,493648,889,854,935,46
78,24,2;12,493648,493648,364,326,935,571
78,25,6;16,493648,493648,466,423,935,469
78,26,1;11,493648,493648,366,340,935,569
78,27,3;10,493648,493648,478,453,935,457
78,28,1;15,493648,493648,644,598,935,291
78,29,2;15,493648,493648,750,716,935,185
79,0,19;22,1727768,1727768,82,48,935,853
79,1,4;8,2221416,2221416,64,24,935,871
79,2,1;23,1727768,1727768,71,33,935,864
79,3,0;5,1480944,1480944,88,53,935,847
79,4,3;14,740472,740472,86,75,935,849
79,5,3;13,493648,493648,88,78,935,847
79,6,3;25,1234120,1234120,133,92,935,802
79,7,1;6,493648,493648,89,78,935,846
79,8,0;1,493648,493648,100,91,935,835
79,9,10;11,493648,493648,40,28,935,895
79,10,0;9,1480944,1480944,68,43,935,867
79,11,15;26,740472,740472,59,32,935,876
79,12,0;24,740472,740472,116,80,935,819
79,13,1;5,493648,493648,31,21,935,904
79,14,10;17,740472,740472,100,77,935,835
79,15,0;11,1234120,1234120,722,676,935,213
79,16,2;3,740472,740472,623,580,935,312
79,17,10;14,493648,493648,913,889,935,22
79,18,2;10,493648,493648,435,413,935,500
79,19,0;1,493648,493648,521,495,935,414
79,20,1;6,493648,493648,548,507,935,387
79,21,2;6,493648,493648,467,444,935,468
79,22,0;15,493648,493648,860,817,935,75
79,23,2;12,493648,493648,889,854,935,46
79,24,2;12,493648,493648,364,326,935,571
79,25,6;16,493648,493648,466,423,935,469
79,26,1;11,493648,493648,366,340,935,569
79,27,3;10,493648,493648,478,453,935,457
79,28,1;15,493648,493648,644,598,935,291
79,29,2;15,493648,493648,750,716,935,185
80,0,12;19,987296,987296,82,48,935,853
80,1,7;8,1974592,1974592,64,24,935,871
80,2,21;23,1480944,1480944,71,33,935,864
80,3,5;12,1234120,1234120,88,53,935,847
80,4,3;9,493648,493648,87,75,935,848
80,5,3;13,493648,493648,88,78,935,847
80,6,7;20,987296,987296,133,92,935,802
80,7,1;6,493648,493648,89,78,935,846
80,8,0;1,493648,493648,100,91,935,835
80,9,1;11,987296,987296,40,28,935,895
80,10,9;17,1234120,1234120,68,43,935,867
80,11,9;26,740472,740472,59,32,935,876
80,12,0;23,987296,987296,116,80,935,819
80,13,1;5,493648,493648,31,21,935,904
80,14,10;17,493648,493648,100,77,935,835
80,15,11;28,987296,987296,722,676,935,213
80,16,2;3,740472,740472,623,580,935,312
80,17,10;14,493648,493648,913,889,935,22
80,18,2;10,493648,493648,435,413,935,500
80,19,0;1,493648,493648,521,495,935,414
80,20,1;6,493648,493648,548,507,935,387
80,21,2;6,493648,493648,467,444,935,468
80,22,0;15,493648,493648,860,817,935,75
80,23,2;12,493648,493648,889,854,935,46
80,24,2;12,493648,493648,364,326,935,571
80,25,6;16,493648,493648,466,423,935,469
80,26,1;11,493648,493648,366,340,935,569
80,27,3;10,493648,493648,478,453,935,457
80,28,1;15,493648,493648,644,598,935,291
80,29,2;15,493648,493648,750,716,935,185
81,0,1;10,1480944,1480944,82,48,935,853
81,1,9;26,2961888,2961888,64,24,935,871
81,2,1;18,1727768,1727768,71,33,935,864
81,3,12;16,987296,987296,88,53,935,847
81,4,1;14,493648,493648,86,75,935,849
81,5,3;13,493648,493648,88,78,935,847
81,6,2;25,1234120,1234120,133,92,935,802
81,7,1;6,493648,493648,89,78,935,846
81,8,0;1,493648,493648,100,91,935,835
81,9,1;11,493648,493648,38,28,935,897
81,10,17;18,987296,987296,68,43,935,867
81,11,1;15,987296,987296,59,32,935,876
81,12,3;24,740472,740472,116,80,935,819
81,13,1;5,493648,493648,31,21,935,904
81,14,4;17,493648,493648,100,77,935,835
81,15,0;28,1234120,1234120,722,676,935,213
81,16,3;25,493648,493648,623,580,935,312
81,17,10;14,493648,493648,913,889,935,22
81,18,2;10,493648,493648,435,413,935,500
81,19,0;1,493648,493648,521,495,935,414
81,20,1;6,493648,493648,548,507,935,387
81,21,2;6,493648,493648,467,444,935,468
81,22,0;15,493648,493648,860,817,935,75
81,23,2;12,493648,493648,889,854,935,46
81,24,2;12,493648,493648,364,326,935,571
81,25,6;16,493648,493648,466,423,935,469
81,26,1;11,493648,493648,366,340,935,569
81,27,3;10,493648,493648,478,453,935,457
81,28,1;15,493648,493648,644,598,935,291
81,29,2;15,493648,493648,750,716,935,185
82,0,19;22,740472,740472,82,48,935,853
82,1,4;5,2715064,2715064,64,24,935,871
82,2,6;18,1480944,1480944,71,33,935,864
82,3,4;6,1234120,1234120,88,53,935,847
82,4,9;14,987296,987296,87,75,935,848
82,5,3;13,740472,740472,89,78,935,846
82,6,20;21,1480944,1480944,133,92,935,802
82,7,1;6,493648,493648,89,78,935,846
82,8,0;1,493648,493648,100,91,935,835
82,9,1;11,740472,740472,40,28,935,895
82,10,17;18,987296,987296,68,43,935,867
82,11,1;9,987296,987296,59,32,935,876
82,12,23;24,493648,493648,116,80,935,819
82,13,1;5,493648,493648,31,21,935,904
82,14,10;17,740472,740472,100,77,935,835
82,15,11;22,987296,987296,722,676,935,213
82,16,3;25,493648,493648,623,580,935,312
82,17,10;14,493648,493648,913,889,935,22
82,18,2;10,493648,493648,435,413,935,500
82,19,0;1,493648,493648,521,495,935,414
82,20,1;6,493648,493648,548,507,935,387
82,21,2;6,493648,493648,467,444,935,468
82,22,0;15,493648,493648,860,817,935,75
82,23,2;12,493648,493648,889,854,935,46
82,24,2;12,493648,493648,364,326,935,571
82,25,6;16,493648,493648,466,423,935,469
82,26,1;11,493648,493648,366,340,935,569
82,27,3;10,493648,493648,478,453,935,457
82,28,1;15,493648,493648,644,598,935,291
82,29,2;15,493648,493648,750,716,935,185
83,0,2;12,1480944,1480944,82,48,935,853
83,1,4;7,2221416,2221416,64,24,935,871
83,2,16;21,1727768,1727768,71,33,935,864
83,3,0;6,987296,987296,77,53,935,858
83,4,3;9,987296,987296,87,75,935,848
83,5,1;13,493648,493648,89,78,935,846
83,6,21;25,1234120,1234120,133,92,935,802
83,7,1;6,493648,493648,89,78,935,846
83,8,0;1,493648,493648,100,91,935,835
83,9,4;10,493648,493648,40,28,935,895
83,10,18;27,987296,987296,68,43,935,867
83,11,15;26,493648,493648,59,32,935,876
83,12,0;23,740472,740472,116,80,935,819
83,13,1;5,493648,493648,31,21,935,904
83,14,4;17,493648,493648,100,77,935,835
83,15,11;29,987296,987296,722,676,935,213
83,16,2;25,493648,493648,623,580,935,312
83,17,10;14,493648,493648,913,889,935,22
83,18,2;10,493648,493648,435,413,935,500
83,19,0;1,493648,493648,521,495,935,414
83,20,1;6,493648,493648,548,507,935,387
83,21,2;6,493648,493648,467,444,935,468
83,22,0;15,493648,493648,860,817,935,75
83,23,2;12,493648,493648,889,854,935,46
83,24,2;12,493648,493648,364,326,935,571
83,25,6;16,493648,493648,466,423,935,469
83,26,1;11,493648,493648,366,340,935,569
83,27,3;10,493648,493648,478,453,935,457
83,28,1;15,493648,493648,644,598,935,291
83,29,2;15,493648,493648,750,716,935,185
84,0,10;15,1480944,1480944,82,48,935,853
84,1,20;26,2221416,2221416,64,24,935,871
84,2,21;24,1480944,1480944,71,33,935,864
84,3,6;12,1234120,1234120,88,53,935,847
84,4,1;9,740472,740472,87,75,935,848
84,5,3;13,493648,493648,88,78,935,847
84,6,2;3,1480944,1480944,133,92,935,802
84,7,1;6,493648,493648,89,78,935,846
84,8,0;1,493648,493648,100,91,935,835
84,9,1;4,493648,493648,40,28,935,895
84,10,14;17,1234120,1234120,68,43,935,867
84,11,15;26,493648,493648,59,32,935,876
84,12,0;23,987296,987296,116,80,935,819
84,13,1;5,493648,493648,31,21,935,904
84,14,4;17,740472,740472,100,77,935,835
84,15,0;11,1234120,1234120,722,676,935,213
84,16,3;25,493648,493648,623,580,935,312
84,17,10;14,493648,493648,913,889,935,22
84,18,2;10,493648,493648,435,413,935,500
84,19,0;1,493648,493648,521,495,935,414
84,20,1;6,493648,493648,548,507,935,387
84,21,2;6,493648,493648,467,444,935,468
84,22,0;15,493648,493648,860,817,935,75
84,23,2;12,493648,493648,889,854,935,46
84,24,2;12,493648,493648,364,326,935,571
84,25,6;16,493648,493648,466,423,935,469
84,26,1;11,493648,493648,366,340,935,569
84,27,3;10,493648,493648,478,453,935,457
84,28,1;15,493648,493648,644,598,935,291
84,29,2;15,493648,493648,750,716,935,185
85,0,15;19,1480944,1480944,82,48,935,853
85,1,0;4,3208712,3208712,64,24,935,871
85,2,1;23,1974592,1974592,71,33,935,864
85,3,1;27,740472,740472,77,53,935,858
85,4,1;9,740472,740472,87,75,935,848
85,5,3;13,493648,493648,88,78,935,847
85,6,2;20,1234120,1234120,133,92,935,802
85,7,1;6,493648,493648,89,78,935,846
85,8,0;1,493648,493648,100,91,935,835
85,9,1;11,987296,987296,40,28,935,895
85,10,9;14,1234120,1234120,68,43,935,867
85,11,1;15,987296,987296,59,32,935,876
85,12,0;23,740472,740472,116,80,935,819
85,13,1;5,493648,493648,31,21,935,904
85,14,4;17,740472,740472,100,77,935,835
85,15,11;29,1234120,1234120,722,676,935,213
85,16,2;25,493648,493648,623,580,935,312
85,17,10;14,493648,493648,913,889,935,22
85,18,2;10,493648,493648,435,413,935,500
85,19,0;1,493648,493648,521,495,935,414
85,20,1;6,493648,493648,548,507,935,387
85,21,2;6,493648,493648,467,444,935,468
85,22,0;15,493648,493648,860,817,935,75
85,23,2;12,493648,493648,889,854,935,46
85,24,2;12,493648,493648,364,326,935,571
85,25,6;16,493648,493648,466,423,935,469
85,26,1;11,493648,493648,366,340,935,569
85,27,3;10,493648,493648,478,453,935,457
85,28,1;15,493648,493648,644,598,935,291
85,29,2;15,493648,493648,750,716,935,185
86,0,2;12,1234120,1234120,82,48,935,853
86,1,19;26,1974592,1974592,64,24,935,871
86,2,18;21,1727768,1727768,71,33,935,864
86,3,4;6,1234120,1234120,88,53,935,847
86,4,3;9,740472,740472,87,75,935,848
86,5,1;3,740472,740472,89,78,935,846
86,6,20;21,1234120,1234120,133,92,935,802
86,7,1;6,493648,493648,89,78,935,846
86,8,0;1,493648,493648,100,91,935,835
86,9,4;10,740472,740472,40,28,935,895
86,10,18;27,987296,987296,68,43,935,867
86,11,9;15,740472,740472,59,32,935,876
86,12,0;23,740472,740472,116,80,935,819
86,13,1;5,493648,493648,31,21,935,904
86,14,4;17,493648,493648,100,77,935,835
86,15,22;29,987296,987296,722,676,935,213
86,16,2;3,740472,740472,623,580,935,312
86,17,10;14,493648,493648,913,889,935,22
86,18,2;10,493648,493648,435,413,935,500
86,19,0;1,493648,493648,521,495,935,414
86,20,1;6,493648,493648,548,507,935,387
86,21,2;6,493648,493648,467,444,935,468
86,22,0;15,493648,493648,860,817,935,75
86,23,2;12,493648,493648,889,854,935,46
86,24,2;12,493648,493648,364,326,935,571
86,25,6;16,493648,493648,466,423,935,469
86,26,1;11,493648,493648,366,340,935,569
86,27,3;10,493648,493648,478,453,935,457
86,28,1;15,493648,493648,644,598,935,291
86,29,2;15,493648,493648,750,716,935,185
87,0,3;15,1480944,1480944,82,48,935,853
87,1,3;7,2468240,2468240,64,24,935,871
87,2,6;21,1480944,1480944,71,33,935,864
87,3,5;16,1480944,1480944,88,53,935,847
87,4,3;9,740472,740472,87,75,935,848
87,5,1;13,740472,740472,89,78,935,846
87,6,2;20,1234120,1234120,133,92,935,802
87,7,1;6,493648,493648,89,78,935,846
87,8,0;1,493648,493648,100,91,935,835
87,9,1;4,740472,740472,40,28,935,895
87,10,17;27,987296,987296,68,43,935,867
87,11,9;26,740472,740472,59,32,935,876
87,12,0;24,740472,740472,116,80,935,819
87,13,1;5,493648,493648,31,21,935,904
87,14,4;10,740472,740472,100,77,935,835
87,15,0;11,1234120,1234120,722,676,935,213
87,16,3;25,493648,493648,623,580,935,312
87,17,10;14,493648,493648,913,889,935,22
87,18,2;10,493648,493648,435,413,935,500
87,19,0;1,493648,493648,521,495,935,414
87,20,1;6,493648,493648,548,507,935,387
87,21,2;6,493648,493648,467,444,935,468
87,22,0;15,493648,493648,860,817,935,75
87,23,2;12,493648,493648,889,854,935,46
87,24,2;12,493648,493648,364,326,935,571
87,25,6;16,493648,493648,466,423,935,469
87,26,1;11,493648,493648,366,340,935,569
87,27,3;10,493648,493648,478,453,935,457
87,28,1;15,493648,493648,644,598,935,291
87,29,2;15,493648,493648,750,716,935,185
88,0,1;8,1234120,1234120,82,48,935,853
88,1,5;20,2715064,2715064,64,24,935,871
88,2,16;23,1727768,1727768,71,33,935,864
88,3,5;12,740472,740472,77,53,935,858
88,4,9;14,493648,493648,87,75,935,848
88,5,1;13,740472,740472,89,78,935,846
88,6,2;21,1234120,1234120,133,92,935,802
88,7,1;6,493648,493648,89,78,935,846
88,8,0;1,493648,493648,100,91,935,835
88,9,1;4,740472,740472,40,28,935,895
88,10,14;17,987296,987296,68,43,935,867
88,11,1;9,740472,740472,57,32,935,878
88,12,3;24,740472,740472,116,80,935,819
88,13,1;5,493648,493648,31,21,935,904
88,14,10;17,740472,740472,100,77,935,835
88,15,0;29,987296,987296,722,676,935,213
88,16,2;25,493648,493648,623,580,935,312
88,17,10;14,493648,493648,913,889,935,22
88,18,2;10,493648,493648,435,413,935,500
88,19,0;1,493648,493648,521,495,935,414
88,20,1;6,493648,493648,548,507,935,387
88,21,2;6,493648,493648,467,444,935,468
88,22,0;15,493648,493648,860,817,935,75
88,23,2;12,493648,493648,889,854,935,46
88,24,2;12,493648,493648,364,326,935,571
88,25,6;16,493648,493648,466,423,935,469
88,26,1;11,493648,493648,366,340,935,569
88,27,3;10,493648,493648,478,453,935,457
88,28,1;15,493648,493648,644,598,935,291
88,29,2;15,493648,493648,750,716,935,185
89,0,12;19,1234120,1234120,82,48,935,853
89,1,7;20,2221416,2221416,64,24,935,871
89,2,0;18,1974592,1974592,71,33,935,864
89,3,6;27,1234120,1234120,77,53,935,858
89,4,3;14,493648,493648,86,75,935,849
89,5,1;3,740472,740472,89,78,935,846
89,6,2;21,1480944,1480944,133,92,935,802
89,7,1;6,493648,493648,89,78,935,846
89,8,0;1,493648,493648,100,91,935,835
89,9,10;11,493648,493648,40,28,935,895
89,10,9;14,1234120,1234120,68,43,935,867
89,11,1;9,987296,987296,59,32,935,876
89,12,0;3,987296,987296,116,80,935,819
89,13,1;5,493648,493648,31,21,935,904
89,14,4;17,740472,740472,100,77,935,835
89,15,11;28,987296,987296,722,676,935,213
89,16,2;25,493648,493648,623,580,935,312
89,17,10;14,493648,493648,913,889,935,22
89,18,2;10,493648,493648,435,413,935,500
89,19,0;1,493648,493648,521,495,935,414
89,20,1;6,493648,493648,548,507,935,387
89,21,2;6,493648,493648,467,444,935,468
89,22,0;15,493648,493648,860,817,935,75
89,23,2;12,493648,493648,889,854,935,46
89,24,2;12,493648,493648,364,326,935,571
89,25,6;16,493648,493648,466,423,935,469
89,26,1;11,493648,493648,366,340,935,569
89,27,3;10,493648,493648,478,453,935,457
89,28,1;15,493648,493648,644,598,935,291
89,29,2;15,493648,493648,750,716,935,185
90,0,1;12,1480944,1480944,82,48,935,853
90,1,9;20,3208712,3208712,64,24,935,871
90,2,1;6,1974592,1974592,71,33,935,864
90,3,1;6,1480944,1480944,88,53,935,847
90,4,3;9,740472,740472,87,75,935,848
90,5,1;13,493648,493648,89,78,935,846
90,6,20;25,1480944,1480944,133,92,935,802
90,7,1;6,493648,493648,89,78,935,846
90,8,0;1,493648,493648,100,91,935,835
90,9,10;11,987296,987296,40,28,935,895
90,10,0;9,1234120,1234120,68,43,935,867
90,11,1;26,987296,987296,59,32,935,876
90,12,3;23,987296,987296,116,80,935,819
90,13,1;5,493648,493648,31,21,935,904
90,14,4;17,493648,493648,100,77,935,835
90,15,11;29,987296,987296,722,676,935,213
90,16,2;3,740472,740472,623,580,935,312
90,17,10;14,493648,493648,913,889,935,22
90,18,2;10,493648,493648,435,413,935,500
90,19,0;1,493648,493648,521,495,935,414
90,20,1;6,493648,493648,548,507,935,387
90,21,2;6,493648,493648,467,444,935,468
90,22,0;15,493648,493648,860,817,935,75
90,23,2;12,493648,493648,889,854,935,46
90,24,2;12,493648,493648,364,326,935,571
90,25,6;16,493648,493648,466,423,935,469
90,26,1;11,493648,493648,366,340,935,569
90,27,3;10,493648,493648,478,453,935,457
90,28,1;15,493648,493648,644,598,935,291
90,29,2;15,493648,493648,750,716,935,185
91,0,3;22,1480944,1480944,82,48,935,853
91,1,3;5,2715064,2715064,64,24,935,871
91,2,24;29,1234120,1234120,71,33,935,864
91,3,6;27,1234120,1234120,88,53,935,847
91,4,1;9,740472,740472,87,75,935,848
91,5,1;13,493648,493648,89,78,935,846
91,6,20;25,1234120,1234120,133,92,935,802
91,7,1;6,493648,493648,89,78,935,846
91,8,0;1,493648,493648,100,91,935,835
91,9,10;11,740472,740472,40,28,935,895
91,10,14;18,1234120,1234120,68,43,935,867
91,11,1;26,987296,987296,59,32,935,876
91,12,0;23,740472,740472,116,80,935,819
91,13,1;5,493648,493648,31,21,935,904
91,14,4;17,740472,740472,100,77,935,835
91,15,0;11,1234120,1234120,722,676,935,213
91,16,3;25,493648,493648,623,580,935,312
91,17,10;14,493648,493648,913,889,935,22
91,18,2;10,493648,493648,435,413,935,500
91,19,0;1,493648,493648,521,495,935,414
91,20,1;6,493648,493648,548,507,935,387
91,21,2;6,493648,493648,467,444,935,468
91,22,0;15,493648,493648,860,817,935,75
91,23,2;12,493648,493648,889,854,935,46
91,24,2;12,493648,493648,364,326,935,571
91,25,6;16,493648,493648,466,423,935,469
91,26,1;11,493648,493648,366,340,935,569
91,27,3;10,493648,493648,478,453,935,457
91,28,1;15,493648,493648,644,598,935,291
91,29,2;15,493648,493648,750,716,935,185
92,0,12;22,1234120,1234120,82,48,935,853
92,1,5;20,2221416,2221416,64,24,935,871
92,2,16;23,1480944,1480944,71,33,935,864
92,3,6;27,987296,987296,88,53,935,847
92,4,3;9,493648,493648,87,75,935,848
92,5,1;13,493648,493648,89,78,935,846
92,6,3;25,1234120,1234120,133,92,935,802
92,7,1;6,493648,493648,89,78,935,846
92,8,0;1,493648,493648,100,91,935,835
92,9,4;10,493648,493648,40,28,935,895
92,10,9;18,1234120,1234120,68,43,935,867
92,11,1;26,493648,493648,57,32,935,878
92,12,0;24,740472,740472,116,80,935,819
92,13,1;5,493648,493648,31,21,935,904
92,14,10;17,493648,493648,100,77,935,835
92,15,0;28,987296,987296,722,676,935,213
92,16,2;3,740472,740472,623,580,935,312
92,17,10;14,493648,493648,913,889,935,22
92,18,2;10,493648,493648,435,413,935,500
92,19,0;1,493648,493648,521,495,935,414
92,20,1;6,493648,493648,548,507,935,387
92,21,2;6,493648,493648,467,444,935,468
92,22,0;15,493648,493648,860,817,935,75
92,23,2;12,493648,493648,889,854,935,46
92,24,2;12,493648,493648,364,326,935,571
92,25,6;16,493648,493648,466,423,935,469
92,26,1;11,493648,493648,366,340,935,569
92,27,3;10,493648,493648,478,453,935,457
92,28,1;15,493648,493648,644,598,935,291
92,29,2;15,493648,493648,750,716,935,185
93,0,3;8,1480944,1480944,82,48,935,853
93,1,4;28,2715064,2715064,64,24,935,871
93,2,1;16,1727768,1727768,71,33,935,864
93,3,4;5,987296,987296,77,53,935,858
93,4,3;9,987296,987296,87,75,935,848
93,5,1;3,740472,740472,89,78,935,846
93,6,20;25,987296,987296,133,92,935,802
93,7,1;6,493648,493648,89,78,935,846
93,8,0;1,493648,493648,100,91,935,835
93,9,1;10,987296,987296,40,28,935,895
93,10,0;14,1480944,1480944,68,43,935,867
93,11,9;15,740472,740472,59,32,935,876
93,12,0;23,740472,740472,116,80,935,819
93,13,1;5,493648,493648,31,21,935,904
93,14,4;10,740472,740472,100,77,935,835
93,15,28;29,987296,987296,722,676,935,213
93,16,2;25,493648,493648,623,580,935,312
93,17,10;14,493648,493648,913,889,935,22
93,18,2;10,493648,493648,435,413,935,500
93,19,0;1,493648,493648,521,495,935,414
93,20,1;6,493648,493648,548,507,935,387
93,21,2;6,493648,493648,467,444,935,468
93,22,0;15,493648,493648,860,817,935,75
93,23,2;12,493648,493648,889,854,935,46
93,24,2;12,493648,493648,364,326,935,571
93,25,6;16,493648,493648,466,423,935,469
93,26,1;11,493648,493648,366,340,935,569
93,27,3;10,493648,493648,478,453,935,457
93,28,1;15,493648,493648,644,598,935,291
93,29,2;15,493648,493648,750,716,935,185
94,0,1;19,987296,987296,82,48,935,853
94,1,7;19,2468240,2468240,64,24,935,871
94,2,6;16,1727768,1727768,71,33,935,864
94,3,4;16,1234120,1234120,88,53,935,847
94,4,1;9,987296,987296,87,75,935,848
94,5,3;13,493648,493648,88,78,935,847
94,6,7;20,1234120,1234120,133,92,935,802
94,7,1;6,493648,493648,89,78,935,846
94,8,0;1,493648,493648,100,91,935,835
94,9,10;11,740472,740472,40,28,935,895
94,10,9;14,1234120,1234120,68,43,935,867
94,11,1;15,987296,987296,59,32,935,876
94,12,3;23,740472,740472,116,80,935,819
94,13,1;5,493648,493648,31,21,935,904
94,14,4;10,740472,740472,100,77,935,835
94,15,22;29,987296,987296,722,676,935,213
94,16,2;3,740472,740472,623,580,935,312
94,17,10;14,493648,493648,913,889,935,22
94,18,2;10,493648,493648,435,413,935,500
94,19,0;1,493648,493648,521,495,935,414
94,20,1;6,493648,493648,548,507,935,387
94,21,2;6,493648,493648,467,444,935,468
94,22,0;15,493648,493648,860,817,935,75
94,23,2;12,493648,493648,889,854,935,46
94,24,2;12,493648,493648,364,326,935,571
94,25,6;16,493648,493648,466,423,935,469
94,26,1;11,493648,493648,366,340,935,569
94,27,3;10,493648,493648,478,453,935,457
94,28,1;15,493648,493648,644,598,935,291
94,29,2;15,493648,493648,750,716,935,185
95,0,10;12,1727768,1727768,82,48,935,853
95,1,11;13,2715064,2715064,64,24,935,871
95,2,0;18,1727768,1727768,71,33,935,864
95,3,1;16,987296,987296,88,53,935,847
95,4,9;14,493648,493648,87,75,935,848
95,5,1;13,493648,493648,89,78,935,846
95,6,21;25,987296,987296,133,92,935,802
95,7,1;6,493648,493648,89,78,935,846
95,8,0;1,493648,493648,100,91,935,835
95,9,1;10,740472,740472,40,28,935,895
95,10,14;18,1480944,1480944,68,43,935,867
95,11,1;15,740472,740472,59,32,935,876
95,12,3;24,987296,987296,116,80,935,819
95,13,1;5,493648,493648,31,21,935,904
95,14,10;17,740472,740472,100,77,935,835
95,15,0;11,1234120,1234120,722,676,935,213
95,16,2;3,740472,740472,623,580,935,312
95,17,10;14,493648,493648,913,889,935,22
95,18,2;10,493648,493648,435,413,935,500
95,19,0;1,493648,493648,521,495,935,414
95,20,1;6,493648,493648,548,507,935,387
95,21,2;6,493648,493648,467,444,935,468
95,22,0;15,493648,493648,860,817,935,75
95,23,2;12,493648,493648,889,854,935,46
95,24,2;12,493648,493648,364,326,935,571
95,25,6;16,493648,493648,466,423,935,469
95,26,1;11,493648,493648,366,340,935,569
95,27,3;10,493648,493648,478,453,935,457
95,28,1;15,493648,493648,644,598,935,291
95,29,2;15,493648,493648,750,716,935,185
96,0,8;15,1234120,1234120,82,48,935,853
96,1,9;13,2468240,2468240,64,24,935,871
96,2,16;21,1480944,1480944,71,33,935,864
96,3,1;5,1234120,1234120,88,53,935,847
96,4,3;9,493648,493648,87,75,935,848
96,5,1;13,740472,740472,89,78,935,846
96,6,7;21,987296,987296,133,92,935,802
96,7,1;6,493648,493648,89,78,935,846
96,8,0;1,493648,493648,100,91,935,835
96,9,4;11,740472,740472,40,28,935,895
96,10,18;27,987296,987296,68,43,935,867
96,11,9;26,740472,740472,59,32,935,876
96,12,0;23,740472,740472,116,80,935,819
96,13,1;5,493648,493648,31,21,935,904
96,14,10;17,493648,493648,100,77,935,835
96,15,0;11,1234120,1234120,722,676,935,213
96,16,3;25,740472,740472,623,580,935,312
96,17,10;14,493648,493648,913,889,935,22
96,18,2;10,493648,493648,435,413,935,500
96,19,0;1,493648,493648,521,495,935,414
96,20,1;6,493648,493648,548,507,935,387
96,21,2;6,493648,493648,467,444,935,468
96,22,0;15,493648,493648,860,817,935,75
96,23,2;12,493648,493648,889,854,935,46
96,24,2;12,493648,493648,364,326,935,571
96,25,6;16,493648,493648,466,423,935,469
96,26,1;11,493648,493648,366,340,935,569
96,27,3;10,493648,493648,478,453,935,457
96,28,1;15,493648,493648,644,598,935,291
96,29,2;15,493648,493648,750,716,935,185
97,0,3;15,1480944,1480944,82,48,935,853
97,1,9;11,2715064,2715064,64,24,935,871
97,2,0;1,1974592,1974592,71,33,935,864
97,3,0;27,1480944,1480944,88,53,935,847
97,4,3;14,740472,740472,87,75,935,848
97,5,1;3,740472,740472,89,78,935,846
97,6,2;3,1480944,1480944,133,92,935,802
97,7,1;6,493648,493648,89,78,935,846
97,8,0;1,493648,493648,100,91,935,835
97,9,4;11,987296,987296,40,28,935,895
97,10,9;14,1234120,1234120,68,43,935,867
97,11,9;15,987296,987296,59,32,935,876
97,12,23;24,493648,493648,116,80,935,819
97,13,1;5,493648,493648,31,21,935,904
97,14,4;17,740472,740472,100,77,935,835
97,15,0;11,1234120,1234120,722,676,935,213
97,16,3;25,493648,493648,623,580,935,312
97,17,10;14,493648,493648,913,889,935,22
97,18,2;10,493648,493648,435,413,935,500
97,19,0;1,493648,493648,521,495,935,414
97,20,1;6,493648,493648,548,507,935,387
97,21,2;6,493648,493648,467,444,935,468
97,22,0;15,493648,493648,860,817,935,75
97,23,2;12,493648,493648,889,854,935,46
97,24,2;12,493648,493648,364,326,935,571
97,25,6;16,493648,493648,466,423,935,469
97,26,1;11,493648,493648,366,340,935,569
97,27,3;10,493648,493648,478,453,935,457
97,28,1;15,493648,493648,644,598,935,291
97,29,2;15,493648,493648,750,716,935,185
98,0,8;12,987296,987296,82,48,935,853
98,1,13;28,2468240,2468240,64,24,935,871
98,2,6;23,1727768,1727768,71,33,935,864
98,3,1;16,1234120,1234120,88,53,935,847
98,4,3;14,493648,493648,86,75,935,849
98,5,1;13,493648,493648,89,78,935,846
98,6,3;20,1480944,1480944,133,92,935,802
98,7,1;6,493648,493648,89,78,935,846
98,8,0;1,493648,493648,100,91,935,835
98,9,1;11,493648,493648,38,28,935,897
98,10,14;27,987296,987296,68,43,935,867
98,11,15;26,740472,740472,59,32,935,876
98,12,0;23,740472,740472,116,80,935,819
98,13,1;5,493648,493648,31,21,935,904
98,14,4;17,740472,740472,100,77,935,835
98,15,22;29,987296,987296,722,676,935,213
98,16,2;25,740472,740472,623,580,935,312
98,17,10;14,493648,493648,913,889,935,22
98,18,2;10,493648,493648,435,413,935,500
98,19,0;1,493648,493648,521,495,935,414
98,20,1;6,493648,493648,548,507,935,387
98,21,2;6,493648,493648,467,444,935,468
98,22,0;15,493648,493648,860,817,935,75
98,23,2;12,493648,493648,889,854,935,46
98,24,2;12,493648,493648,364,326,935,571
98,25,6;16,493648,493648,466,423,935,469
98,26,1;11,493648,493648,366,340,935,569
98,27,3;10,493648,493648,478,453,935,457
98,28,1;15,493648,493648,644,598,935,291
98,29,2;15,493648,493648,750,716,935,185
99,0,10;15,1234120,1234120,82,48,935,853
99,1,5;8,2715064,2715064,64,24,935,871
99,2,1;29,1727768,1727768,71,33,935,864
99,3,4;5,1234120,1234120,88,53,935,847
99,4,3;9,740472,740472,87,75,935,848
99,5,1;3,740472,740472,89,78,935,846
99,6,2;7,1234120,1234120,133,92,935,802
99,7,1;6,493648,493648,89,78,935,846
99,8,0;1,493648,493648,100,91,935,835
99,9,1;10,740472,740472,40,28,935,895
99,10,17;27,1234120,1234120,68,43,935,867
99,11,1;15,740472,740472,59,32,935,876
99,12,3;23,740472,740472,116,80,935,819
99,13,1;5,493648,493648,31,21,935,904
99,14,4;17,493648,493648,100,77,935,835
99,15,0;11,1234120,1234120,722,676,935,213
99,16,3;25,493648,493648,623,580,935,312
99,17,10;14,493648,493648,913,889,935,22
99,18,2;10,493648,493648,435,413,935,500
99,19,0;1,493648,493648,521,495,935,414
99,20,1;6,493648,493648,548,507,935,387
99,21,2;6,493648,493648,467,444,935,468
99,22,0;15,493648,493648,860,817,935,75
99,23,2;12,493648,493648,889,854,935,46
99,24,2;12,493648,493648,364,326,935,571
99,25,6;16,493648,493648,466,423,935,469
99,26,1;11,493648,493648,366,340,935,569
99,27,3;10,493648,493648,478,453,935,457
99,28,1;15,493648,493648,644,598,935,291
99,29,2;15,493648,493648,750,716,935,185
