round,src,dst,bytes,delay_ticks,src_mj,dst_mj,failed
0,0,2,246824,11,2687.499881,2015.624881,0
0,2,0,246824,11,2015.624881,2687.499881,0
0,0,8,246824,8,2687.499881,8062.499881,0
0,8,0,246824,8,8062.499881,2687.499881,0
0,0,12,246824,6,2687.499881,4031.249881,0
0,12,0,246824,6,4031.249881,2687.499881,0
0,0,15,246824,27,2687.499881,3224.999881,0
0,15,0,246824,27,3224.999881,2687.499881,0
0,0,19,246824,25,2687.499881,8062.499881,0
0,19,0,246824,25,8062.499881,2687.499881,0
0,0,22,246824,34,2687.499881,8062.499881,0
0,22,0,246824,34,8062.499881,2687.499881,0
0,1,7,246824,10,1791.666547,8062.499881,0
0,7,1,246824,10,8062.499881,1791.666547,0
0,1,8,246824,9,1791.666547,8062.499881,0
0,8,1,246824,9,8062.499881,1791.666547,0
0,1,9,246824,10,1791.666547,5374.999881,0
0,9,1,246824,10,5374.999881,1791.666547,0
0,1,11,246824,8,1791.666547,4031.249881,0
0,11,1,246824,8,4031.249881,1791.666547,0
0,1,13,246824,9,1791.666547,8062.499881,0
0,13,1,246824,9,8062.499881,1791.666547,0
0,1,19,246824,26,1791.666547,8062.499881,0
0,19,1,246824,26,8062.499881,1791.666547,0
0,1,20,246824,40,1791.666547,8062.499881,0
0,20,1,246824,40,8062.499881,1791.666547,0
0,1,26,246824,26,1791.666547,8062.499881,0
0,26,1,246824,26,8062.499881,1791.666547,0
0,1,28,246824,38,1791.666547,8062.499881,0
0,28,1,246824,38,8062.499881,1791.666547,0
0,2,6,246824,13,2015.624881,2687.499881,0
0,6,2,246824,13,2687.499881,2015.624881,0
0,2,16,246824,36,2015.624881,5374.999881,0
0,16,2,246824,36,5374.999881,2015.624881,0
0,2,18,246824,22,2015.624881,8062.499881,0
0,18,2,246824,22,8062.499881,2015.624881,0
0,2,21,246824,23,2015.624881,8062.499881,0
0,21,2,246824,23,8062.499881,2015.624881,0
0,2,23,246824,35,2015.624881,8062.499881,0
0,23,2,246824,35,8062.499881,2015.624881,0
0,2,24,246824,38,2015.624881,8062.499881,0
0,24,2,246824,38,8062.499881,2015.624881,0
0,2,29,246824,27,2015.624881,8062.499881,0
0,29,2,246824,27,8062.499881,2015.624881,0
0,3,4,246824,11,2687.499881,8062.499881,0
0,4,3,246824,11,8062.499881,2687.499881,0
0,3,5,246824,10,2687.499881,8062.499881,0
0,5,3,246824,10,8062.499881,2687.499881,0
0,3,6,246824,10,2687.499881,2687.499881,0
0,6,3,246824,10,2687.499881,2687.499881,0
0,3,12,246824,7,2687.499881,4031.249881,0
0,12,3,246824,7,4031.249881,2687.499881,0
0,3,16,246824,35,2687.499881,5374.999881,0
0,16,3,246824,35,5374.999881,2687.499881,0
0,3,27,246824,24,2687.499881,8062.499881,0
0,27,3,246824,24,8062.499881,2687.499881,0
0,4,14,246824,11,8062.499881,5374.999881,0
0,14,4,246824,11,5374.999881,8062.499881,0
0,5,13,246824,10,8062.499881,8062.499881,0
0,13,5,246824,10,8062.499881,8062.499881,0
0,6,7,246824,11,2687.499881,8062.499881,0
0,7,6,246824,11,8062.499881,2687.499881,0
0,6,20,246824,41,2687.499881,8062.499881,0
0,20,6,246824,41,8062.499881,2687.499881,0
0,6,21,246824,23,2687.499881,8062.499881,0
0,21,6,246824,23,8062.499881,2687.499881,0
0,6,25,246824,29,2687.499881,8062.499881,0
0,25,6,246824,29,8062.499881,2687.499881,0
0,9,10,246824,12,5374.999881,3224.999881,0
0,10,9,246824,12,3224.999881,5374.999881,0
0,9,11,246824,9,5374.999881,4031.249881,0
0,11,9,246824,9,4031.249881,5374.999881,0
0,10,14,246824,11,3224.999881,5374.999881,0
0,14,10,246824,11,5374.999881,3224.999881,0
0,10,17,246824,24,3224.999881,8062.499881,0
0,17,10,246824,24,8062.499881,3224.999881,0
0,10,18,246824,22,3224.999881,8062.499881,0
0,18,10,246824,22,8062.499881,3224.999881,0
0,10,27,246824,25,3224.999881,8062.499881,0
0,27,10,246824,25,8062.499881,3224.999881,0
0,11,15,246824,27,4031.249881,3224.999881,0
0,15,11,246824,27,3224.999881,4031.249881,0
0,11,26,246824,25,4031.249881,8062.499881,0
0,26,11,246824,25,8062.499881,4031.249881,0
0,12,23,246824,33,4031.249881,8062.499881,0
0,23,12,246824,33,8062.499881,4031.249881,0
0,12,24,246824,36,4031.249881,8062.499881,0
0,24,12,246824,36,8062.499881,4031.249881,0
0,14,17,246824,23,5374.999881,8062.499881,0
0,17,14,246824,23,8062.499881,5374.999881,0
0,15,22,246824,43,3224.999881,8062.499881,0
0,22,15,246824,43,8062.499881,3224.999881,0
0,15,28,246824,46,3224.999881,8062.499881,0
0,28,15,246824,46,8062.499881,3224.999881,0
0,15,29,246824,34,3224.999881,8062.499881,0
0,29,15,246824,34,8062.499881,3224.999881,0
0,16,25,246824,43,5374.999881,8062.499881,0
0,25,16,246824,43,8062.499881,5374.999881,0
1,0,1,246824,8,1791.666547,1151.785595,0
1,1,0,246824,8,1151.785595,1791.666547,0
1,0,2,246824,11,1791.666547,1791.666547,0
1,2,0,246824,11,1791.666547,1791.666547,0
1,0,3,246824,7,1791.666547,3224.999881,0
1,3,0,246824,7,3224.999881,1791.666547,0
1,0,8,246824,8,1791.666547,8062.499881,0
1,8,0,246824,8,8062.499881,1791.666547,0
1,0,10,246824,10,1791.666547,2687.499881,0
1,10,0,246824,10,2687.499881,1791.666547,0
1,0,12,246824,6,1791.666547,4031.249881,0
1,12,0,246824,6,4031.249881,1791.666547,0
1,0,15,246824,27,1791.666547,3224.999881,0
1,15,0,246824,27,3224.999881,1791.666547,0
1,0,19,246824,25,1791.666547,8062.499881,0
1,19,0,246824,25,8062.499881,1791.666547,0
1,0,22,246824,34,1791.666547,8062.499881,0
1,22,0,246824,34,8062.499881,1791.666547,0
1,1,2,246824,12,1151.785595,1791.666547,0
1,2,1,246824,12,1791.666547,1151.785595,0
1,1,3,246824,9,1151.785595,3224.999881,0
1,3,1,246824,9,3224.999881,1151.785595,0
1,1,4,246824,11,1151.785595,5374.999881,0
1,4,1,246824,11,5374.999881,1151.785595,0
1,1,5,246824,11,1151.785595,8062.499881,0
1,5,1,246824,11,8062.499881,1151.785595,0
1,1,7,246824,10,1151.785595,8062.499881,0
1,7,1,246824,10,8062.499881,1151.785595,0
1,1,8,246824,9,1151.785595,8062.499881,0
1,8,1,246824,9,8062.499881,1151.785595,0
1,1,9,246824,10,1151.785595,4031.249881,0
1,9,1,246824,10,4031.249881,1151.785595,0
1,1,11,246824,8,1151.785595,4031.249881,0
1,11,1,246824,8,4031.249881,1151.785595,0
1,1,13,246824,9,1151.785595,8062.499881,0
1,13,1,246824,9,8062.499881,1151.785595,0
1,1,19,246824,26,1151.785595,8062.499881,0
1,19,1,246824,26,8062.499881,1151.785595,0
1,1,20,246824,40,1151.785595,8062.499881,0
1,20,1,246824,40,8062.499881,1151.785595,0
1,1,26,246824,26,1151.785595,8062.499881,0
1,26,1,246824,26,8062.499881,1151.785595,0
1,1,28,246824,38,1151.785595,8062.499881,0
1,28,1,246824,38,8062.499881,1151.785595,0
1,2,6,246824,13,1791.666547,3224.999881,0
1,6,2,246824,13,3224.999881,1791.666547,0
1,2,16,246824,36,1791.666547,5374.999881,0
1,16,2,246824,36,5374.999881,1791.666547,0
1,2,18,246824,22,1791.666547,8062.499881,0
1,18,2,246824,22,8062.499881,1791.666547,0
1,2,21,246824,23,1791.666547,8062.499881,0
1,21,2,246824,23,8062.499881,1791.666547,0
1,2,23,246824,35,1791.666547,8062.499881,0
1,23,2,246824,35,8062.499881,1791.666547,0
1,2,24,246824,38,1791.666547,8062.499881,0
1,24,2,246824,38,8062.499881,1791.666547,0
1,2,29,246824,27,1791.666547,8062.499881,0
1,29,2,246824,27,8062.499881,1791.666547,0
1,3,12,246824,7,3224.999881,4031.249881,0
1,12,3,246824,7,4031.249881,3224.999881,0
1,3,16,246824,35,3224.999881,5374.999881,0
1,16,3,246824,35,5374.999881,3224.999881,0
1,3,27,246824,24,3224.999881,8062.499881,0
1,27,3,246824,24,8062.499881,3224.999881,0
1,4,9,246824,12,5374.999881,4031.249881,0
1,9,4,246824,12,4031.249881,5374.999881,0
1,4,14,246824,11,5374.999881,5374.999881,0
1,14,4,246824,11,5374.999881,5374.999881,0
1,5,13,246824,10,8062.499881,8062.499881,0
1,13,5,246824,10,8062.499881,8062.499881,0
1,6,7,246824,11,3224.999881,8062.499881,0
1,7,6,246824,11,8062.499881,3224.999881,0
1,6,20,246824,41,3224.999881,8062.499881,0
1,20,6,246824,41,8062.499881,3224.999881,0
1,6,21,246824,23,3224.999881,8062.499881,0
1,21,6,246824,23,8062.499881,3224.999881,0
1,6,25,246824,29,3224.999881,8062.499881,0
1,25,6,246824,29,8062.499881,3224.999881,0
1,9,10,246824,12,4031.249881,2687.499881,0
1,10,9,246824,12,2687.499881,4031.249881,0
1,9,11,246824,9,4031.249881,4031.249881,0
1,11,9,246824,9,4031.249881,4031.249881,0
1,10,14,246824,11,2687.499881,5374.999881,0
1,14,10,246824,11,5374.999881,2687.499881,0
1,10,17,246824,24,2687.499881,8062.499881,0
1,17,10,246824,24,8062.499881,2687.499881,0
1,10,18,246824,22,2687.499881,8062.499881,0
1,18,10,246824,22,8062.499881,2687.499881,0
1,10,27,246824,25,2687.499881,8062.499881,0
1,27,10,246824,25,8062.499881,2687.499881,0
1,11,15,246824,27,4031.249881,3224.999881,0
1,15,11,246824,27,3224.999881,4031.249881,0
1,11,26,246824,25,4031.249881,8062.499881,0
1,26,11,246824,25,8062.499881,4031.249881,0
1,12,23,246824,33,4031.249881,8062.499881,0
1,23,12,246824,33,8062.499881,4031.249881,0
1,12,24,246824,36,4031.249881,8062.499881,0
1,24,12,246824,36,8062.499881,4031.249881,0
1,14,17,246824,23,5374.999881,8062.499881,0
1,17,14,246824,23,8062.499881,5374.999881,0
1,15,22,246824,43,3224.999881,8062.499881,0
1,22,15,246824,43,8062.499881,3224.999881,0
1,15,28,246824,46,3224.999881,8062.499881,0
1,28,15,246824,46,8062.499881,3224.999881,0
1,15,29,246824,34,3224.999881,8062.499881,0
1,29,15,246824,34,8062.499881,3224.999881,0
1,16,25,246824,43,5374.999881,8062.499881,0
1,25,16,246824,43,8062.499881,5374.999881,0
2,0,1,246824,8,2015.624881,1240.384496,0
2,1,0,246824,8,1240.384496,2015.624881,0
2,0,2,246824,11,2015.624881,2015.624881,0
2,2,0,246824,11,2015.624881,2015.624881,0
2,0,8,246824,8,2015.624881,8062.499881,0
2,8,0,246824,8,8062.499881,2015.624881,0
2,0,10,246824,10,2015.624881,3224.999881,0
2,10,0,246824,10,3224.999881,2015.624881,0
2,0,12,246824,6,2015.624881,4031.249881,0
2,12,0,246824,6,4031.249881,2015.624881,0
2,0,15,246824,27,2015.624881,3224.999881,0
2,15,0,246824,27,3224.999881,2015.624881,0
2,0,19,246824,25,2015.624881,8062.499881,0
2,19,0,246824,25,8062.499881,2015.624881,0
2,0,22,246824,34,2015.624881,8062.499881,0
2,22,0,246824,34,8062.499881,2015.624881,0
2,1,2,246824,12,1240.384496,2015.624881,0
2,2,1,246824,12,2015.624881,1240.384496,0
2,1,3,246824,9,1240.384496,2687.499881,0
2,3,1,246824,9,2687.499881,1240.384496,0
2,1,4,246824,11,1240.384496,8062.499881,0
2,4,1,246824,11,8062.499881,1240.384496,0
2,1,7,246824,10,1240.384496,8062.499881,0
2,7,1,246824,10,8062.499881,1240.384496,0
2,1,8,246824,9,1240.384496,8062.499881,0
2,8,1,246824,9,8062.499881,1240.384496,0
2,1,9,246824,10,1240.384496,8062.499881,0
2,9,1,246824,10,8062.499881,1240.384496,0
2,1,11,246824,8,1240.384496,4031.249881,0
2,11,1,246824,8,4031.249881,1240.384496,0
2,1,13,246824,9,1240.384496,8062.499881,0
2,13,1,246824,9,8062.499881,1240.384496,0
2,1,19,246824,26,1240.384496,8062.499881,0
2,19,1,246824,26,8062.499881,1240.384496,0
2,1,20,246824,40,1240.384496,8062.499881,0
2,20,1,246824,40,8062.499881,1240.384496,0
2,1,26,246824,26,1240.384496,8062.499881,0
2,26,1,246824,26,8062.499881,1240.384496,0
2,1,28,246824,38,1240.384496,8062.499881,0
2,28,1,246824,38,8062.499881,1240.384496,0
2,2,16,246824,36,2015.624881,5374.999881,0
2,16,2,246824,36,5374.999881,2015.624881,0
2,2,18,246824,22,2015.624881,8062.499881,0
2,18,2,246824,22,8062.499881,2015.624881,0
2,2,21,246824,23,2015.624881,8062.499881,0
2,21,2,246824,23,8062.499881,2015.624881,0
2,2,23,246824,35,2015.624881,8062.499881,0
2,23,2,246824,35,8062.499881,2015.624881,0
2,2,24,246824,38,2015.624881,8062.499881,0
2,24,2,246824,38,8062.499881,2015.624881,0
2,2,29,246824,27,2015.624881,8062.499881,0
2,29,2,246824,27,8062.499881,2015.624881,0
2,3,5,246824,10,2687.499881,8062.499881,0
2,5,3,246824,10,8062.499881,2687.499881,0
2,3,6,246824,10,2687.499881,3224.999881,0
2,6,3,246824,10,3224.999881,2687.499881,0
2,3,12,246824,7,2687.499881,4031.249881,0
2,12,3,246824,7,4031.249881,2687.499881,0
2,3,16,246824,35,2687.499881,5374.999881,0
2,16,3,246824,35,5374.999881,2687.499881,0
2,3,27,246824,24,2687.499881,8062.499881,0
2,27,3,246824,24,8062.499881,2687.499881,0
2,4,14,246824,11,8062.499881,5374.999881,0
2,14,4,246824,11,5374.999881,8062.499881,0
2,5,13,246824,10,8062.499881,8062.499881,0
2,13,5,246824,10,8062.499881,8062.499881,0
2,6,7,246824,11,3224.999881,8062.499881,0
2,7,6,246824,11,8062.499881,3224.999881,0
2,6,20,246824,41,3224.999881,8062.499881,0
2,20,6,246824,41,8062.499881,3224.999881,0
2,6,21,246824,23,3224.999881,8062.499881,0
2,21,6,246824,23,8062.499881,3224.999881,0
2,6,25,246824,29,3224.999881,8062.499881,0
2,25,6,246824,29,8062.499881,3224.999881,0
2,9,11,246824,9,8062.499881,4031.249881,0
2,11,9,246824,9,4031.249881,8062.499881,0
2,10,14,246824,11,3224.999881,5374.999881,0
2,14,10,246824,11,5374.999881,3224.999881,0
2,10,17,246824,24,3224.999881,8062.499881,0
2,17,10,246824,24,8062.499881,3224.999881,0
2,10,18,246824,22,3224.999881,8062.499881,0
2,18,10,246824,22,8062.499881,3224.999881,0
2,10,27,246824,25,3224.999881,8062.499881,0
2,27,10,246824,25,8062.499881,3224.999881,0
2,11,15,246824,27,4031.249881,3224.999881,0
2,15,11,246824,27,3224.999881,4031.249881,0
2,11,26,246824,25,4031.249881,8062.499881,0
2,26,11,246824,25,8062.499881,4031.249881,0
2,12,23,246824,33,4031.249881,8062.499881,0
2,23,12,246824,33,8062.499881,4031.249881,0
2,12,24,246824,36,4031.249881,8062.499881,0
2,24,12,246824,36,8062.499881,4031.249881,0
2,14,17,246824,23,5374.999881,8062.499881,0
2,17,14,246824,23,8062.499881,5374.999881,0
2,15,22,246824,43,3224.999881,8062.499881,0
2,22,15,246824,43,8062.499881,3224.999881,0
2,15,28,246824,46,3224.999881,8062.499881,0
2,28,15,246824,46,8062.499881,3224.999881,0
2,15,29,246824,34,3224.999881,8062.499881,0
2,29,15,246824,34,8062.499881,3224.999881,0
2,16,25,246824,43,5374.999881,8062.499881,0
2,25,16,246824,43,8062.499881,5374.999881,0
3,0,1,246824,8,1791.666547,1151.785595,0
3,1,0,246824,8,1151.785595,1791.666547,0
3,0,2,246824,11,1791.666547,1791.666547,0
3,2,0,246824,11,1791.666547,1791.666547,0
3,0,3,246824,7,1791.666547,2015.624881,0
3,3,0,246824,7,2015.624881,1791.666547,0
3,0,8,246824,8,1791.666547,8062.499881,0
3,8,0,246824,8,8062.499881,1791.666547,0
3,0,10,246824,10,1791.666547,3224.999881,0
3,10,0,246824,10,3224.999881,1791.666547,0
3,0,12,246824,6,1791.666547,4031.249881,0
3,12,0,246824,6,4031.249881,1791.666547,0
3,0,15,246824,27,1791.666547,3224.999881,0
3,15,0,246824,27,3224.999881,1791.666547,0
3,0,19,246824,25,1791.666547,8062.499881,0
3,19,0,246824,25,8062.499881,1791.666547,0
3,0,22,246824,34,1791.666547,8062.499881,0
3,22,0,246824,34,8062.499881,1791.666547,0
3,1,2,246824,12,1151.785595,1791.666547,0
3,2,1,246824,12,1791.666547,1151.785595,0
3,1,3,246824,9,1151.785595,2015.624881,0
3,3,1,246824,9,2015.624881,1151.785595,0
3,1,4,246824,11,1151.785595,5374.999881,0
3,4,1,246824,11,5374.999881,1151.785595,0
3,1,5,246824,11,1151.785595,5374.999881,0
3,5,1,246824,11,5374.999881,1151.785595,0
3,1,7,246824,10,1151.785595,8062.499881,0
3,7,1,246824,10,8062.499881,1151.785595,0
3,1,8,246824,9,1151.785595,8062.499881,0
3,8,1,246824,9,8062.499881,1151.785595,0
3,1,9,246824,10,1151.785595,8062.499881,0
3,9,1,246824,10,8062.499881,1151.785595,0
3,1,11,246824,8,1151.785595,4031.249881,0
3,11,1,246824,8,4031.249881,1151.785595,0
3,1,13,246824,9,1151.785595,8062.499881,0
3,13,1,246824,9,8062.499881,1151.785595,0
3,1,19,246824,26,1151.785595,8062.499881,0
3,19,1,246824,26,8062.499881,1151.785595,0
3,1,20,246824,40,1151.785595,8062.499881,0
3,20,1,246824,40,8062.499881,1151.785595,0
3,1,26,246824,26,1151.785595,8062.499881,0
3,26,1,246824,26,8062.499881,1151.785595,0
3,1,28,246824,38,1151.785595,8062.499881,0
3,28,1,246824,38,8062.499881,1151.785595,0
3,2,6,246824,13,1791.666547,2687.499881,0
3,6,2,246824,13,2687.499881,1791.666547,0
3,2,16,246824,36,1791.666547,5374.999881,0
3,16,2,246824,36,5374.999881,1791.666547,0
3,2,18,246824,22,1791.666547,8062.499881,0
3,18,2,246824,22,8062.499881,1791.666547,0
3,2,21,246824,23,1791.666547,8062.499881,0
3,21,2,246824,23,8062.499881,1791.666547,0
3,2,23,246824,35,1791.666547,8062.499881,0
3,23,2,246824,35,8062.499881,1791.666547,0
3,2,24,246824,38,1791.666547,8062.499881,0
3,24,2,246824,38,8062.499881,1791.666547,0
3,2,29,246824,27,1791.666547,8062.499881,0
3,29,2,246824,27,8062.499881,1791.666547,0
3,3,4,246824,11,2015.624881,5374.999881,0
3,4,3,246824,11,5374.999881,2015.624881,0
3,3,5,246824,10,2015.624881,5374.999881,0
3,5,3,246824,10,5374.999881,2015.624881,0
3,3,6,246824,10,2015.624881,2687.499881,0
3,6,3,246824,10,2687.499881,2015.624881,0
3,3,12,246824,7,2015.624881,4031.249881,0
3,12,3,246824,7,4031.249881,2015.624881,0
3,3,16,246824,35,2015.624881,5374.999881,0
3,16,3,246824,35,5374.999881,2015.624881,0
3,3,27,246824,24,2015.624881,8062.499881,0
3,27,3,246824,24,8062.499881,2015.624881,0
3,4,14,246824,11,5374.999881,5374.999881,0
3,14,4,246824,11,5374.999881,5374.999881,0
3,5,13,246824,10,5374.999881,8062.499881,0
3,13,5,246824,10,8062.499881,5374.999881,0
3,6,7,246824,11,2687.499881,8062.499881,0
3,7,6,246824,11,8062.499881,2687.499881,0
3,6,20,246824,41,2687.499881,8062.499881,0
3,20,6,246824,41,8062.499881,2687.499881,0
3,6,21,246824,23,2687.499881,8062.499881,0
3,21,6,246824,23,8062.499881,2687.499881,0
3,6,25,246824,29,2687.499881,8062.499881,0
3,25,6,246824,29,8062.499881,2687.499881,0
3,9,11,246824,9,8062.499881,4031.249881,0
3,11,9,246824,9,4031.249881,8062.499881,0
3,10,14,246824,11,3224.999881,5374.999881,0
3,14,10,246824,11,5374.999881,3224.999881,0
3,10,17,246824,24,3224.999881,8062.499881,0
3,17,10,246824,24,8062.499881,3224.999881,0
3,10,18,246824,22,3224.999881,8062.499881,0
3,18,10,246824,22,8062.499881,3224.999881,0
3,10,27,246824,25,3224.999881,8062.499881,0
3,27,10,246824,25,8062.499881,3224.999881,0
3,11,15,246824,27,4031.249881,3224.999881,0
3,15,11,246824,27,3224.999881,4031.249881,0
3,11,26,246824,25,4031.249881,8062.499881,0
3,26,11,246824,25,8062.499881,4031.249881,0
3,12,23,246824,33,4031.249881,8062.499881,0
3,23,12,246824,33,8062.499881,4031.249881,0
3,12,24,246824,36,4031.249881,8062.499881,0
3,24,12,246824,36,8062.499881,4031.249881,0
3,14,17,246824,23,5374.999881,8062.499881,0
3,17,14,246824,23,8062.499881,5374.999881,0
3,15,22,246824,43,3224.999881,8062.499881,0
3,22,15,246824,43,8062.499881,3224.999881,0
3,15,28,246824,46,3224.999881,8062.499881,0
3,28,15,246824,46,8062.499881,3224.999881,0
3,15,29,246824,34,3224.999881,8062.499881,0
3,29,15,246824,34,8062.499881,3224.999881,0
3,16,25,246824,43,5374.999881,8062.499881,0
3,25,16,246824,43,8062.499881,5374.999881,0
4,0,2,246824,11,2303.571309,2015.624881,0
4,2,0,246824,11,2015.624881,2303.571309,0
4,0,8,246824,8,2303.571309,8062.499881,0
4,8,0,246824,8,8062.499881,2303.571309,0
4,0,10,246824,10,2303.571309,3224.999881,0
4,10,0,246824,10,3224.999881,2303.571309,0
4,0,12,246824,6,2303.571309,4031.249881,0
4,12,0,246824,6,4031.249881,2303.571309,0
4,0,15,246824,27,2303.571309,3224.999881,0
4,15,0,246824,27,3224.999881,2303.571309,0
4,0,19,246824,25,2303.571309,8062.499881,0
4,19,0,246824,25,8062.499881,2303.571309,0
4,0,22,246824,34,2303.571309,8062.499881,0
4,22,0,246824,34,8062.499881,2303.571309,0
4,1,4,246824,11,1465.908972,5374.999881,0
4,4,1,246824,11,5374.999881,1465.908972,0
4,1,5,246824,11,1465.908972,5374.999881,0
4,5,1,246824,11,5374.999881,1465.908972,0
4,1,7,246824,10,1465.908972,8062.499881,0
4,7,1,246824,10,8062.499881,1465.908972,0
4,1,8,246824,9,1465.908972,8062.499881,0
4,8,1,246824,9,8062.499881,1465.908972,0
4,1,9,246824,10,1465.908972,8062.499881,0
4,9,1,246824,10,8062.499881,1465.908972,0
4,1,11,246824,8,1465.908972,4031.249881,0
4,11,1,246824,8,4031.249881,1465.908972,0
4,1,13,246824,9,1465.908972,8062.499881,0
4,13,1,246824,9,8062.499881,1465.908972,0
4,1,19,246824,26,1465.908972,8062.499881,0
4,19,1,246824,26,8062.499881,1465.908972,0
4,1,20,246824,40,1465.908972,8062.499881,0
4,20,1,246824,40,8062.499881,1465.908972,0
4,1,26,246824,26,1465.908972,8062.499881,0
4,26,1,246824,26,8062.499881,1465.908972,0
4,1,28,246824,38,1465.908972,8062.499881,0
4,28,1,246824,38,8062.499881,1465.908972,0
4,2,6,246824,13,2015.624881,2687.499881,0
4,6,2,246824,13,2687.499881,2015.624881,0
4,2,16,246824,36,2015.624881,5374.999881,0
4,16,2,246824,36,5374.999881,2015.624881,0
4,2,18,246824,22,2015.624881,8062.499881,0
4,18,2,246824,22,8062.499881,2015.624881,0
4,2,21,246824,23,2015.624881,8062.499881,0
4,21,2,246824,23,8062.499881,2015.624881,0
4,2,23,246824,35,2015.624881,8062.499881,0
4,23,2,246824,35,8062.499881,2015.624881,0
4,2,24,246824,38,2015.624881,8062.499881,0
4,24,2,246824,38,8062.499881,2015.624881,0
4,2,29,246824,27,2015.624881,8062.499881,0
4,29,2,246824,27,8062.499881,2015.624881,0
4,3,4,246824,11,2687.499881,5374.999881,0
4,4,3,246824,11,5374.999881,2687.499881,0
4,3,5,246824,10,2687.499881,5374.999881,0
4,5,3,246824,10,5374.999881,2687.499881,0
4,3,6,246824,10,2687.499881,2687.499881,0
4,6,3,246824,10,2687.499881,2687.499881,0
4,3,12,246824,7,2687.499881,4031.249881,0
4,12,3,246824,7,4031.249881,2687.499881,0
4,3,16,246824,35,2687.499881,5374.999881,0
4,16,3,246824,35,5374.999881,2687.499881,0
4,3,27,246824,24,2687.499881,8062.499881,0
4,27,3,246824,24,8062.499881,2687.499881,0
4,4,14,246824,11,5374.999881,5374.999881,0
4,14,4,246824,11,5374.999881,5374.999881,0
4,5,13,246824,10,5374.999881,8062.499881,0
4,13,5,246824,10,8062.499881,5374.999881,0
4,6,7,246824,11,2687.499881,8062.499881,0
4,7,6,246824,11,8062.499881,2687.499881,0
4,6,20,246824,41,2687.499881,8062.499881,0
4,20,6,246824,41,8062.499881,2687.499881,0
4,6,21,246824,23,2687.499881,8062.499881,0
4,21,6,246824,23,8062.499881,2687.499881,0
4,6,25,246824,29,2687.499881,8062.499881,0
4,25,6,246824,29,8062.499881,2687.499881,0
4,9,11,246824,9,8062.499881,4031.249881,0
4,11,9,246824,9,4031.249881,8062.499881,0
4,10,14,246824,11,3224.999881,5374.999881,0
4,14,10,246824,11,5374.999881,3224.999881,0
4,10,17,246824,24,3224.999881,8062.499881,0
4,17,10,246824,24,8062.499881,3224.999881,0
4,10,18,246824,22,3224.999881,8062.499881,0
4,18,10,246824,22,8062.499881,3224.999881,0
4,10,27,246824,25,3224.999881,8062.499881,0
4,27,10,246824,25,8062.499881,3224.999881,0
4,11,15,246824,27,4031.249881,3224.999881,0
4,15,11,246824,27,3224.999881,4031.249881,0
4,11,26,246824,25,4031.249881,8062.499881,0
4,26,11,246824,25,8062.499881,4031.249881,0
4,12,23,246824,33,4031.249881,8062.499881,0
4,23,12,246824,33,8062.499881,4031.249881,0
4,12,24,246824,36,4031.249881,8062.499881,0
4,24,12,246824,36,8062.499881,4031.249881,0
4,14,17,246824,23,5374.999881,8062.499881,0
4,17,14,246824,23,8062.499881,5374.999881,0
4,15,22,246824,43,3224.999881,8062.499881,0
4,22,15,246824,43,8062.499881,3224.999881,0
4,15,28,246824,46,3224.999881,8062.499881,0
4,28,15,246824,46,8062.499881,3224.999881,0
4,15,29,246824,34,3224.999881,8062.499881,0
4,29,15,246824,34,8062.499881,3224.999881,0
4,16,25,246824,43,5374.999881,8062.499881,0
4,25,16,246824,43,8062.499881,5374.999881,0
5,0,1,246824,8,1791.666547,1343.749881,0
5,1,0,246824,8,1343.749881,1791.666547,0
5,0,2,246824,11,1791.666547,1791.666547,0
5,2,0,246824,11,1791.666547,1791.666547,0
5,0,3,246824,7,1791.666547,2687.499881,0
5,3,0,246824,7,2687.499881,1791.666547,0
5,0,8,246824,8,1791.666547,8062.499881,0
5,8,0,246824,8,8062.499881,1791.666547,0
5,0,10,246824,10,1791.666547,2687.499881,0
5,10,0,246824,10,2687.499881,1791.666547,0
5,0,12,246824,6,1791.666547,4031.249881,0
5,12,0,246824,6,4031.249881,1791.666547,0
5,0,15,246824,27,1791.666547,3224.999881,0
5,15,0,246824,27,3224.999881,1791.666547,0
5,0,19,246824,25,1791.666547,8062.499881,0
5,19,0,246824,25,8062.499881,1791.666547,0
5,0,22,246824,34,1791.666547,8062.499881,0
5,22,0,246824,34,8062.499881,1791.666547,0
5,1,2,246824,12,1343.749881,1791.666547,0
5,2,1,246824,12,1791.666547,1343.749881,0
5,1,4,246824,11,1343.749881,5374.999881,0
5,4,1,246824,11,5374.999881,1343.749881,0
5,1,7,246824,10,1343.749881,8062.499881,0
5,7,1,246824,10,8062.499881,1343.749881,0
5,1,8,246824,9,1343.749881,8062.499881,0
5,8,1,246824,9,8062.499881,1343.749881,0
5,1,9,246824,10,1343.749881,4031.249881,0
5,9,1,246824,10,4031.249881,1343.749881,0
5,1,11,246824,8,1343.749881,4031.249881,0
5,11,1,246824,8,4031.249881,1343.749881,0
5,1,13,246824,9,1343.749881,8062.499881,0
5,13,1,246824,9,8062.499881,1343.749881,0
5,1,19,246824,26,1343.749881,8062.499881,0
5,19,1,246824,26,8062.499881,1343.749881,0
5,1,20,246824,40,1343.749881,8062.499881,0
5,20,1,246824,40,8062.499881,1343.749881,0
5,1,26,246824,26,1343.749881,8062.499881,0
5,26,1,246824,26,8062.499881,1343.749881,0
5,1,28,246824,38,1343.749881,8062.499881,0
5,28,1,246824,38,8062.499881,1343.749881,0
5,2,6,246824,13,1791.666547,2687.499881,0
5,6,2,246824,13,2687.499881,1791.666547,0
5,2,16,246824,36,1791.666547,5374.999881,0
5,16,2,246824,36,5374.999881,1791.666547,0
5,2,18,246824,22,1791.666547,8062.499881,0
5,18,2,246824,22,8062.499881,1791.666547,0
5,2,21,246824,23,1791.666547,8062.499881,0
5,21,2,246824,23,8062.499881,1791.666547,0
5,2,23,246824,35,1791.666547,8062.499881,0
5,23,2,246824,35,8062.499881,1791.666547,0
5,2,24,246824,38,1791.666547,8062.499881,0
5,24,2,246824,38,8062.499881,1791.666547,0
5,2,29,246824,27,1791.666547,8062.499881,0
5,29,2,246824,27,8062.499881,1791.666547,0
5,3,5,246824,10,2687.499881,8062.499881,0
5,5,3,246824,10,8062.499881,2687.499881,0
5,3,6,246824,10,2687.499881,2687.499881,0
5,6,3,246824,10,2687.499881,2687.499881,0
5,3,12,246824,7,2687.499881,4031.249881,0
5,12,3,246824,7,4031.249881,2687.499881,0
5,3,16,246824,35,2687.499881,5374.999881,0
5,16,3,246824,35,5374.999881,2687.499881,0
5,3,27,246824,24,2687.499881,8062.499881,0
5,27,3,246824,24,8062.499881,2687.499881,0
5,4,9,246824,12,5374.999881,4031.249881,0
5,9,4,246824,12,4031.249881,5374.999881,0
5,4,14,246824,11,5374.999881,5374.999881,0
5,14,4,246824,11,5374.999881,5374.999881,0
5,5,13,246824,10,8062.499881,8062.499881,0
5,13,5,246824,10,8062.499881,8062.499881,0
5,6,7,246824,11,2687.499881,8062.499881,0
5,7,6,246824,11,8062.499881,2687.499881,0
5,6,20,246824,41,2687.499881,8062.499881,0
5,20,6,246824,41,8062.499881,2687.499881,0
5,6,21,246824,23,2687.499881,8062.499881,0
5,21,6,246824,23,8062.499881,2687.499881,0
5,6,25,246824,29,2687.499881,8062.499881,0
5,25,6,246824,29,8062.499881,2687.499881,0
5,9,10,246824,12,4031.249881,2687.499881,0
5,10,9,246824,12,2687.499881,4031.249881,0
5,9,11,246824,9,4031.249881,4031.249881,0
5,11,9,246824,9,4031.249881,4031.249881,0
5,10,14,246824,11,2687.499881,5374.999881,0
5,14,10,246824,11,5374.999881,2687.499881,0
5,10,17,246824,24,2687.499881,8062.499881,0
5,17,10,246824,24,8062.499881,2687.499881,0
5,10,18,246824,22,2687.499881,8062.499881,0
5,18,10,246824,22,8062.499881,2687.499881,0
5,10,27,246824,25,2687.499881,8062.499881,0
5,27,10,246824,25,8062.499881,2687.499881,0
5,11,15,246824,27,4031.249881,3224.999881,0
5,15,11,246824,27,3224.999881,4031.249881,0
5,11,26,246824,25,4031.249881,8062.499881,0
5,26,11,246824,25,8062.499881,4031.249881,0
5,12,23,246824,33,4031.249881,8062.499881,0
5,23,12,246824,33,8062.499881,4031.249881,0
5,12,24,246824,36,4031.249881,8062.499881,0
5,24,12,246824,36,8062.499881,4031.249881,0
5,14,17,246824,23,5374.999881,8062.499881,0
5,17,14,246824,23,8062.499881,5374.999881,0
5,15,22,246824,43,3224.999881,8062.499881,0
5,22,15,246824,43,8062.499881,3224.999881,0
5,15,28,246824,46,3224.999881,8062.499881,0
5,28,15,246824,46,8062.499881,3224.999881,0
5,15,29,246824,34,3224.999881,8062.499881,0
5,29,15,246824,34,8062.499881,3224.999881,0
5,16,25,246824,43,5374.999881,8062.499881,0
5,25,16,246824,43,8062.499881,5374.999881,0
6,0,2,246824,11,2015.624881,2015.624881,0
6,2,0,246824,11,2015.624881,2015.624881,0
6,0,3,246824,7,2015.624881,2015.624881,0
6,3,0,246824,7,2015.624881,2015.624881,0
6,0,8,246824,8,2015.624881,8062.499881,0
6,8,0,246824,8,8062.499881,2015.624881,0
6,0,10,246824,10,2015.624881,2687.499881,0
6,10,0,246824,10,2687.499881,2015.624881,0
6,0,12,246824,6,2015.624881,4031.249881,0
6,12,0,246824,6,4031.249881,2015.624881,0
6,0,15,246824,27,2015.624881,3224.999881,0
6,15,0,246824,27,3224.999881,2015.624881,0
6,0,19,246824,25,2015.624881,8062.499881,0
6,19,0,246824,25,8062.499881,2015.624881,0
6,0,22,246824,34,2015.624881,8062.499881,0
6,22,0,246824,34,8062.499881,2015.624881,0
6,1,2,246824,12,1343.749881,2015.624881,0
6,2,1,246824,12,2015.624881,1343.749881,0
6,1,3,246824,9,1343.749881,2015.624881,0
6,3,1,246824,9,2015.624881,1343.749881,0
6,1,4,246824,11,1343.749881,5374.999881,0
6,4,1,246824,11,5374.999881,1343.749881,0
6,1,7,246824,10,1343.749881,8062.499881,0
6,7,1,246824,10,8062.499881,1343.749881,0
6,1,8,246824,9,1343.749881,8062.499881,0
6,8,1,246824,9,8062.499881,1343.749881,0
6,1,9,246824,10,1343.749881,5374.999881,0
6,9,1,246824,10,5374.999881,1343.749881,0
6,1,11,246824,8,1343.749881,4031.249881,0
6,11,1,246824,8,4031.249881,1343.749881,0
6,1,13,246824,9,1343.749881,8062.499881,0
6,13,1,246824,9,8062.499881,1343.749881,0
6,1,19,246824,26,1343.749881,8062.499881,0
6,19,1,246824,26,8062.499881,1343.749881,0
6,1,20,246824,40,1343.749881,8062.499881,0
6,20,1,246824,40,8062.499881,1343.749881,0
6,1,26,246824,26,1343.749881,8062.499881,0
6,26,1,246824,26,8062.499881,1343.749881,0
6,1,28,246824,38,1343.749881,8062.499881,0
6,28,1,246824,38,8062.499881,1343.749881,0
6,2,16,246824,36,2015.624881,5374.999881,0
6,16,2,246824,36,5374.999881,2015.624881,0
6,2,18,246824,22,2015.624881,8062.499881,0
6,18,2,246824,22,8062.499881,2015.624881,0
6,2,21,246824,23,2015.624881,8062.499881,0
6,21,2,246824,23,8062.499881,2015.624881,0
6,2,23,246824,35,2015.624881,8062.499881,0
6,23,2,246824,35,8062.499881,2015.624881,0
6,2,24,246824,38,2015.624881,8062.499881,0
6,24,2,246824,38,8062.499881,2015.624881,0
6,2,29,246824,27,2015.624881,8062.499881,0
6,29,2,246824,27,8062.499881,2015.624881,0
6,3,4,246824,11,2015.624881,5374.999881,0
6,4,3,246824,11,5374.999881,2015.624881,0
6,3,5,246824,10,2015.624881,8062.499881,0
6,5,3,246824,10,8062.499881,2015.624881,0
6,3,6,246824,10,2015.624881,3224.999881,0
6,6,3,246824,10,3224.999881,2015.624881,0
6,3,12,246824,7,2015.624881,4031.249881,0
6,12,3,246824,7,4031.249881,2015.624881,0
6,3,16,246824,35,2015.624881,5374.999881,0
6,16,3,246824,35,5374.999881,2015.624881,0
6,3,27,246824,24,2015.624881,8062.499881,0
6,27,3,246824,24,8062.499881,2015.624881,0
6,4,14,246824,11,5374.999881,5374.999881,0
6,14,4,246824,11,5374.999881,5374.999881,0
6,5,13,246824,10,8062.499881,8062.499881,0
6,13,5,246824,10,8062.499881,8062.499881,0
6,6,7,246824,11,3224.999881,8062.499881,0
6,7,6,246824,11,8062.499881,3224.999881,0
6,6,20,246824,41,3224.999881,8062.499881,0
6,20,6,246824,41,8062.499881,3224.999881,0
6,6,21,246824,23,3224.999881,8062.499881,0
6,21,6,246824,23,8062.499881,3224.999881,0
6,6,25,246824,29,3224.999881,8062.499881,0
6,25,6,246824,29,8062.499881,3224.999881,0
6,9,10,246824,12,5374.999881,2687.499881,0
6,10,9,246824,12,2687.499881,5374.999881,0
6,9,11,246824,9,5374.999881,4031.249881,0
6,11,9,246824,9,4031.249881,5374.999881,0
6,10,14,246824,11,2687.499881,5374.999881,0
6,14,10,246824,11,5374.999881,2687.499881,0
6,10,17,246824,24,2687.499881,8062.499881,0
6,17,10,246824,24,8062.499881,2687.499881,0
6,10,18,246824,22,2687.499881,8062.499881,0
6,18,10,246824,22,8062.499881,2687.499881,0
6,10,27,246824,25,2687.499881,8062.499881,0
6,27,10,246824,25,8062.499881,2687.499881,0
6,11,15,246824,27,4031.249881,3224.999881,0
6,15,11,246824,27,3224.999881,4031.249881,0
6,11,26,246824,25,4031.249881,8062.499881,0
6,26,11,246824,25,8062.499881,4031.249881,0
6,12,23,246824,33,4031.249881,8062.499881,0
6,23,12,246824,33,8062.499881,4031.249881,0
6,12,24,246824,36,4031.249881,8062.499881,0
6,24,12,246824,36,8062.499881,4031.249881,0
6,14,17,246824,23,5374.999881,8062.499881,0
6,17,14,246824,23,8062.499881,5374.999881,0
6,15,22,246824,43,3224.999881,8062.499881,0
6,22,15,246824,43,8062.499881,3224.999881,0
6,15,28,246824,46,3224.999881,8062.499881,0
6,28,15,246824,46,8062.499881,3224.999881,0
6,15,29,246824,34,3224.999881,8062.499881,0
6,29,15,246824,34,8062.499881,3224.999881,0
6,16,25,246824,43,5374.999881,8062.499881,0
6,25,16,246824,43,8062.499881,5374.999881,0
7,0,1,246824,8,2015.624881,1240.384496,0
7,1,0,246824,8,1240.384496,2015.624881,0
7,0,3,246824,7,2015.624881,3224.999881,0
7,3,0,246824,7,3224.999881,2015.624881,0
7,0,8,246824,8,2015.624881,8062.499881,0
7,8,0,246824,8,8062.499881,2015.624881,0
7,0,10,246824,10,2015.624881,3224.999881,0
7,10,0,246824,10,3224.999881,2015.624881,0
7,0,12,246824,6,2015.624881,4031.249881,0
7,12,0,246824,6,4031.249881,2015.624881,0
7,0,15,246824,27,2015.624881,3224.999881,0
7,15,0,246824,27,3224.999881,2015.624881,0
7,0,19,246824,25,2015.624881,8062.499881,0
7,19,0,246824,25,8062.499881,2015.624881,0
7,0,22,246824,34,2015.624881,8062.499881,0
7,22,0,246824,34,8062.499881,2015.624881,0
7,1,2,246824,12,1240.384496,2015.624881,0
7,2,1,246824,12,2015.624881,1240.384496,0
7,1,4,246824,11,1240.384496,5374.999881,0
7,4,1,246824,11,5374.999881,1240.384496,0
7,1,5,246824,11,1240.384496,8062.499881,0
7,5,1,246824,11,8062.499881,1240.384496,0
7,1,7,246824,10,1240.384496,8062.499881,0
7,7,1,246824,10,8062.499881,1240.384496,0
7,1,8,246824,9,1240.384496,8062.499881,0
7,8,1,246824,9,8062.499881,1240.384496,0
7,1,9,246824,10,1240.384496,5374.999881,0
7,9,1,246824,10,5374.999881,1240.384496,0
7,1,11,246824,8,1240.384496,4031.249881,0
7,11,1,246824,8,4031.249881,1240.384496,0
7,1,13,246824,9,1240.384496,8062.499881,0
7,13,1,246824,9,8062.499881,1240.384496,0
7,1,19,246824,26,1240.384496,8062.499881,0
7,19,1,246824,26,8062.499881,1240.384496,0
7,1,20,246824,40,1240.384496,8062.499881,0
7,20,1,246824,40,8062.499881,1240.384496,0
7,1,26,246824,26,1240.384496,8062.499881,0
7,26,1,246824,26,8062.499881,1240.384496,0
7,1,28,246824,38,1240.384496,8062.499881,0
7,28,1,246824,38,8062.499881,1240.384496,0
7,2,6,246824,13,2015.624881,2687.499881,0
7,6,2,246824,13,2687.499881,2015.624881,0
7,2,16,246824,36,2015.624881,5374.999881,0
7,16,2,246824,36,5374.999881,2015.624881,0
7,2,18,246824,22,2015.624881,8062.499881,0
7,18,2,246824,22,8062.499881,2015.624881,0
7,2,21,246824,23,2015.624881,8062.499881,0
7,21,2,246824,23,8062.499881,2015.624881,0
7,2,23,246824,35,2015.624881,8062.499881,0
7,23,2,246824,35,8062.499881,2015.624881,0
7,2,24,246824,38,2015.624881,8062.499881,0
7,24,2,246824,38,8062.499881,2015.624881,0
7,2,29,246824,27,2015.624881,8062.499881,0
7,29,2,246824,27,8062.499881,2015.624881,0
7,3,6,246824,10,3224.999881,2687.499881,0
7,6,3,246824,10,2687.499881,3224.999881,0
7,3,12,246824,7,3224.999881,4031.249881,0
7,12,3,246824,7,4031.249881,3224.999881,0
7,3,16,246824,35,3224.999881,5374.999881,0
7,16,3,246824,35,5374.999881,3224.999881,0
7,3,27,246824,24,3224.999881,8062.499881,0
7,27,3,246824,24,8062.499881,3224.999881,0
7,4,9,246824,12,5374.999881,5374.999881,0
7,9,4,246824,12,5374.999881,5374.999881,0
7,4,14,246824,11,5374.999881,5374.999881,0
7,14,4,246824,11,5374.999881,5374.999881,0
7,5,13,246824,10,8062.499881,8062.499881,0
7,13,5,246824,10,8062.499881,8062.499881,0
7,6,7,246824,11,2687.499881,8062.499881,0
7,7,6,246824,11,8062.499881,2687.499881,0
7,6,20,246824,41,2687.499881,8062.499881,0
7,20,6,246824,41,8062.499881,2687.499881,0
7,6,21,246824,23,2687.499881,8062.499881,0
7,21,6,246824,23,8062.499881,2687.499881,0
7,6,25,246824,29,2687.499881,8062.499881,0
7,25,6,246824,29,8062.499881,2687.499881,0
7,9,11,246824,9,5374.999881,4031.249881,0
7,11,9,246824,9,4031.249881,5374.999881,0
7,10,14,246824,11,3224.999881,5374.999881,0
7,14,10,246824,11,5374.999881,3224.999881,0
7,10,17,246824,24,3224.999881,8062.499881,0
7,17,10,246824,24,8062.499881,3224.999881,0
7,10,18,246824,22,3224.999881,8062.499881,0
7,18,10,246824,22,8062.499881,3224.999881,0
7,10,27,246824,25,3224.999881,8062.499881,0
7,27,10,246824,25,8062.499881,3224.999881,0
7,11,15,246824,27,4031.249881,3224.999881,0
7,15,11,246824,27,3224.999881,4031.249881,0
7,11,26,246824,25,4031.249881,8062.499881,0
7,26,11,246824,25,8062.499881,4031.249881,0
7,12,23,246824,33,4031.249881,8062.499881,0
7,23,12,246824,33,8062.499881,4031.249881,0
7,12,24,246824,36,4031.249881,8062.499881,0
7,24,12,246824,36,8062.499881,4031.249881,0
7,14,17,246824,23,5374.999881,8062.499881,0
7,17,14,246824,23,8062.499881,5374.999881,0
7,15,22,246824,43,3224.999881,8062.499881,0
7,22,15,246824,43,8062.499881,3224.999881,0
7,15,28,246824,46,3224.999881,8062.499881,0
7,28,15,246824,46,8062.499881,3224.999881,0
7,15,29,246824,34,3224.999881,8062.499881,0
7,29,15,246824,34,8062.499881,3224.999881,0
7,16,25,246824,43,5374.999881,8062.499881,0
7,25,16,246824,43,8062.499881,5374.999881,0
8,0,2,246824,11,2303.571309,1791.666547,0
8,2,0,246824,11,1791.666547,2303.571309,0
8,0,8,246824,8,2303.571309,8062.499881,0
8,8,0,246824,8,8062.499881,2303.571309,0
8,0,10,246824,10,2303.571309,2687.499881,0
8,10,0,246824,10,2687.499881,2303.571309,0
8,0,12,246824,6,2303.571309,4031.249881,0
8,12,0,246824,6,4031.249881,2303.571309,0
8,0,15,246824,27,2303.571309,3224.999881,0
8,15,0,246824,27,3224.999881,2303.571309,0
8,0,19,246824,25,2303.571309,8062.499881,0
8,19,0,246824,25,8062.499881,2303.571309,0
8,0,22,246824,34,2303.571309,8062.499881,0
8,22,0,246824,34,8062.499881,2303.571309,0
8,1,2,246824,12,1343.749881,1791.666547,0
8,2,1,246824,12,1791.666547,1343.749881,0
8,1,4,246824,11,1343.749881,8062.499881,0
8,4,1,246824,11,8062.499881,1343.749881,0
8,1,5,246824,11,1343.749881,5374.999881,0
8,5,1,246824,11,5374.999881,1343.749881,0
8,1,7,246824,10,1343.749881,8062.499881,0
8,7,1,246824,10,8062.499881,1343.749881,0
8,1,8,246824,9,1343.749881,8062.499881,0
8,8,1,246824,9,8062.499881,1343.749881,0
8,1,9,246824,10,1343.749881,5374.999881,0
8,9,1,246824,10,5374.999881,1343.749881,0
8,1,11,246824,8,1343.749881,4031.249881,0
8,11,1,246824,8,4031.249881,1343.749881,0
8,1,13,246824,9,1343.749881,8062.499881,0
8,13,1,246824,9,8062.499881,1343.749881,0
8,1,19,246824,26,1343.749881,8062.499881,0
8,19,1,246824,26,8062.499881,1343.749881,0
8,1,20,246824,40,1343.749881,8062.499881,0
8,20,1,246824,40,8062.499881,1343.749881,0
8,1,26,246824,26,1343.749881,8062.499881,0
8,26,1,246824,26,8062.499881,1343.749881,0
8,1,28,246824,38,1343.749881,8062.499881,0
8,28,1,246824,38,8062.499881,1343.749881,0
8,2,6,246824,13,1791.666547,2687.499881,0
8,6,2,246824,13,2687.499881,1791.666547,0
8,2,16,246824,36,1791.666547,5374.999881,0
8,16,2,246824,36,5374.999881,1791.666547,0
8,2,18,246824,22,1791.666547,8062.499881,0
8,18,2,246824,22,8062.499881,1791.666547,0
8,2,21,246824,23,1791.666547,8062.499881,0
8,21,2,246824,23,8062.499881,1791.666547,0
8,2,23,246824,35,1791.666547,8062.499881,0
8,23,2,246824,35,8062.499881,1791.666547,0
8,2,24,246824,38,1791.666547,8062.499881,0
8,24,2,246824,38,8062.499881,1791.666547,0
8,2,29,246824,27,1791.666547,8062.499881,0
8,29,2,246824,27,8062.499881,1791.666547,0
8,3,5,246824,10,3224.999881,5374.999881,0
8,5,3,246824,10,5374.999881,3224.999881,0
8,3,6,246824,10,3224.999881,2687.499881,0
8,6,3,246824,10,2687.499881,3224.999881,0
8,3,12,246824,7,3224.999881,4031.249881,0
8,12,3,246824,7,4031.249881,3224.999881,0
8,3,16,246824,35,3224.999881,5374.999881,0
8,16,3,246824,35,5374.999881,3224.999881,0
8,3,27,246824,24,3224.999881,8062.499881,0
8,27,3,246824,24,8062.499881,3224.999881,0
8,4,14,246824,11,8062.499881,5374.999881,0
8,14,4,246824,11,5374.999881,8062.499881,0
8,5,13,246824,10,5374.999881,8062.499881,0
8,13,5,246824,10,8062.499881,5374.999881,0
8,6,7,246824,11,2687.499881,8062.499881,0
8,7,6,246824,11,8062.499881,2687.499881,0
8,6,20,246824,41,2687.499881,8062.499881,0
8,20,6,246824,41,8062.499881,2687.499881,0
8,6,21,246824,23,2687.499881,8062.499881,0
8,21,6,246824,23,8062.499881,2687.499881,0
8,6,25,246824,29,2687.499881,8062.499881,0
8,25,6,246824,29,8062.499881,2687.499881,0
8,9,10,246824,12,5374.999881,2687.499881,0
8,10,9,246824,12,2687.499881,5374.999881,0
8,9,11,246824,9,5374.999881,4031.249881,0
8,11,9,246824,9,4031.249881,5374.999881,0
8,10,14,246824,11,2687.499881,5374.999881,0
8,14,10,246824,11,5374.999881,2687.499881,0
8,10,17,246824,24,2687.499881,8062.499881,0
8,17,10,246824,24,8062.499881,2687.499881,0
8,10,18,246824,22,2687.499881,8062.499881,0
8,18,10,246824,22,8062.499881,2687.499881,0
8,10,27,246824,25,2687.499881,8062.499881,0
8,27,10,246824,25,8062.499881,2687.499881,0
8,11,15,246824,27,4031.249881,3224.999881,0
8,15,11,246824,27,3224.999881,4031.249881,0
8,11,26,246824,25,4031.249881,8062.499881,0
8,26,11,246824,25,8062.499881,4031.249881,0
8,12,23,246824,33,4031.249881,8062.499881,0
8,23,12,246824,33,8062.499881,4031.249881,0
8,12,24,246824,36,4031.249881,8062.499881,0
8,24,12,246824,36,8062.499881,4031.249881,0
8,14,17,246824,23,5374.999881,8062.499881,0
8,17,14,246824,23,8062.499881,5374.999881,0
8,15,22,246824,43,3224.999881,8062.499881,0
8,22,15,246824,43,8062.499881,3224.999881,0
8,15,28,246824,46,3224.999881,8062.499881,0
8,28,15,246824,46,8062.499881,3224.999881,0
8,15,29,246824,34,3224.999881,8062.499881,0
8,29,15,246824,34,8062.499881,3224.999881,0
8,16,25,246824,43,5374.999881,8062.499881,0
8,25,16,246824,43,8062.499881,5374.999881,0
9,0,1,246824,8,2303.571309,1240.384496,0
9,1,0,246824,8,1240.384496,2303.571309,0
9,0,8,246824,8,2303.571309,8062.499881,0
9,8,0,246824,8,8062.499881,2303.571309,0
9,0,10,246824,10,2303.571309,2687.499881,0
9,10,0,246824,10,2687.499881,2303.571309,0
9,0,12,246824,6,2303.571309,4031.249881,0
9,12,0,246824,6,4031.249881,2303.571309,0
9,0,15,246824,27,2303.571309,3224.999881,0
9,15,0,246824,27,3224.999881,2303.571309,0
9,0,19,246824,25,2303.571309,8062.499881,0
9,19,0,246824,25,8062.499881,2303.571309,0
9,0,22,246824,34,2303.571309,8062.499881,0
9,22,0,246824,34,8062.499881,2303.571309,0
9,1,2,246824,12,1240.384496,2015.624881,0
9,2,1,246824,12,2015.624881,1240.384496,0
9,1,4,246824,11,1240.384496,5374.999881,0
9,4,1,246824,11,5374.999881,1240.384496,0
9,1,5,246824,11,1240.384496,5374.999881,0
9,5,1,246824,11,5374.999881,1240.384496,0
9,1,7,246824,10,1240.384496,8062.499881,0
9,7,1,246824,10,8062.499881,1240.384496,0
9,1,8,246824,9,1240.384496,8062.499881,0
9,8,1,246824,9,8062.499881,1240.384496,0
9,1,9,246824,10,1240.384496,5374.999881,0
9,9,1,246824,10,5374.999881,1240.384496,0
9,1,11,246824,8,1240.384496,4031.249881,0
9,11,1,246824,8,4031.249881,1240.384496,0
9,1,13,246824,9,1240.384496,8062.499881,0
9,13,1,246824,9,8062.499881,1240.384496,0
9,1,19,246824,26,1240.384496,8062.499881,0
9,19,1,246824,26,8062.499881,1240.384496,0
9,1,20,246824,40,1240.384496,8062.499881,0
9,20,1,246824,40,8062.499881,1240.384496,0
9,1,26,246824,26,1240.384496,8062.499881,0
9,26,1,246824,26,8062.499881,1240.384496,0
9,1,28,246824,38,1240.384496,8062.499881,0
9,28,1,246824,38,8062.499881,1240.384496,0
9,2,6,246824,13,2015.624881,2687.499881,0
9,6,2,246824,13,2687.499881,2015.624881,0
9,2,16,246824,36,2015.624881,5374.999881,0
9,16,2,246824,36,5374.999881,2015.624881,0
9,2,18,246824,22,2015.624881,8062.499881,0
9,18,2,246824,22,8062.499881,2015.624881,0
9,2,21,246824,23,2015.624881,8062.499881,0
9,21,2,246824,23,8062.499881,2015.624881,0
9,2,23,246824,35,2015.624881,8062.499881,0
9,23,2,246824,35,8062.499881,2015.624881,0
9,2,24,246824,38,2015.624881,8062.499881,0
9,24,2,246824,38,8062.499881,2015.624881,0
9,2,29,246824,27,2015.624881,8062.499881,0
9,29,2,246824,27,8062.499881,2015.624881,0
9,3,4,246824,11,2687.499881,5374.999881,0
9,4,3,246824,11,5374.999881,2687.499881,0
9,3,5,246824,10,2687.499881,5374.999881,0
9,5,3,246824,10,5374.999881,2687.499881,0
9,3,6,246824,10,2687.499881,2687.499881,0
9,6,3,246824,10,2687.499881,2687.499881,0
9,3,12,246824,7,2687.499881,4031.249881,0
9,12,3,246824,7,4031.249881,2687.499881,0
9,3,16,246824,35,2687.499881,5374.999881,0
9,16,3,246824,35,5374.999881,2687.499881,0
9,3,27,246824,24,2687.499881,8062.499881,0
9,27,3,246824,24,8062.499881,2687.499881,0
9,4,14,246824,11,5374.999881,5374.999881,0
9,14,4,246824,11,5374.999881,5374.999881,0
9,5,13,246824,10,5374.999881,8062.499881,0
9,13,5,246824,10,8062.499881,5374.999881,0
9,6,7,246824,11,2687.499881,8062.499881,0
9,7,6,246824,11,8062.499881,2687.499881,0
9,6,20,246824,41,2687.499881,8062.499881,0
9,20,6,246824,41,8062.499881,2687.499881,0
9,6,21,246824,23,2687.499881,8062.499881,0
9,21,6,246824,23,8062.499881,2687.499881,0
9,6,25,246824,29,2687.499881,8062.499881,0
9,25,6,246824,29,8062.499881,2687.499881,0
9,9,10,246824,12,5374.999881,2687.499881,0
9,10,9,246824,12,2687.499881,5374.999881,0
9,9,11,246824,9,5374.999881,4031.249881,0
9,11,9,246824,9,4031.249881,5374.999881,0
9,10,14,246824,11,2687.499881,5374.999881,0
9,14,10,246824,11,5374.999881,2687.499881,0
9,10,17,246824,24,2687.499881,8062.499881,0
9,17,10,246824,24,8062.499881,2687.499881,0
9,10,18,246824,22,2687.499881,8062.499881,0
9,18,10,246824,22,8062.499881,2687.499881,0
9,10,27,246824,25,2687.499881,8062.499881,0
9,27,10,246824,25,8062.499881,2687.499881,0
9,11,15,246824,27,4031.249881,3224.999881,0
9,15,11,246824,27,3224.999881,4031.249881,0
9,11,26,246824,25,4031.249881,8062.499881,0
9,26,11,246824,25,8062.499881,4031.249881,0
9,12,23,246824,33,4031.249881,8062.499881,0
9,23,12,246824,33,8062.499881,4031.249881,0
9,12,24,246824,36,4031.249881,8062.499881,0
9,24,12,246824,36,8062.499881,4031.249881,0
9,14,17,246824,23,5374.999881,8062.499881,0
9,17,14,246824,23,8062.499881,5374.999881,0
9,15,22,246824,43,3224.999881,8062.499881,0
9,22,15,246824,43,8062.499881,3224.999881,0
9,15,28,246824,46,3224.999881,8062.499881,0
9,28,15,246824,46,8062.499881,3224.999881,0
9,15,29,246824,34,3224.999881,8062.499881,0
9,29,15,246824,34,8062.499881,3224.999881,0
9,16,25,246824,43,5374.999881,8062.499881,0
9,25,16,246824,43,8062.499881,5374.999881,0
10,0,1,246824,8,1791.666547,1240.384496,0
10,1,0,246824,8,1240.384496,1791.666547,0
10,0,2,246824,11,1791.666547,1791.666547,0
10,2,0,246824,11,1791.666547,1791.666547,0
10,0,3,246824,7,1791.666547,2015.624881,0
10,3,0,246824,7,2015.624881,1791.666547,0
10,0,8,246824,8,1791.666547,8062.499881,0
10,8,0,246824,8,8062.499881,1791.666547,0
10,0,10,246824,10,1791.666547,2687.499881,0
10,10,0,246824,10,2687.499881,1791.666547,0
10,0,12,246824,6,1791.666547,4031.249881,0
10,12,0,246824,6,4031.249881,1791.666547,0
10,0,15,246824,27,1791.666547,3224.999881,0
10,15,0,246824,27,3224.999881,1791.666547,0
10,0,19,246824,25,1791.666547,8062.499881,0
10,19,0,246824,25,8062.499881,1791.666547,0
10,0,22,246824,34,1791.666547,8062.499881,0
10,22,0,246824,34,8062.499881,1791.666547,0
10,1,2,246824,12,1240.384496,1791.666547,0
10,2,1,246824,12,1791.666547,1240.384496,0
10,1,3,246824,9,1240.384496,2015.624881,0
10,3,1,246824,9,2015.624881,1240.384496,0
10,1,4,246824,11,1240.384496,5374.999881,0
10,4,1,246824,11,5374.999881,1240.384496,0
10,1,7,246824,10,1240.384496,8062.499881,0
10,7,1,246824,10,8062.499881,1240.384496,0
10,1,8,246824,9,1240.384496,8062.499881,0
10,8,1,246824,9,8062.499881,1240.384496,0
10,1,9,246824,10,1240.384496,5374.999881,0
10,9,1,246824,10,5374.999881,1240.384496,0
10,1,11,246824,8,1240.384496,4031.249881,0
10,11,1,246824,8,4031.249881,1240.384496,0
10,1,13,246824,9,1240.384496,8062.499881,0
10,13,1,246824,9,8062.499881,1240.384496,0
10,1,19,246824,26,1240.384496,8062.499881,0
10,19,1,246824,26,8062.499881,1240.384496,0
10,1,20,246824,40,1240.384496,8062.499881,0
10,20,1,246824,40,8062.499881,1240.384496,0
10,1,26,246824,26,1240.384496,8062.499881,0
10,26,1,246824,26,8062.499881,1240.384496,0
10,1,28,246824,38,1240.384496,8062.499881,0
10,28,1,246824,38,8062.499881,1240.384496,0
10,2,6,246824,13,1791.666547,2687.499881,0
10,6,2,246824,13,2687.499881,1791.666547,0
10,2,16,246824,36,1791.666547,5374.999881,0
10,16,2,246824,36,5374.999881,1791.666547,0
10,2,18,246824,22,1791.666547,8062.499881,0
10,18,2,246824,22,8062.499881,1791.666547,0
10,2,21,246824,23,1791.666547,8062.499881,0
10,21,2,246824,23,8062.499881,1791.666547,0
10,2,23,246824,35,1791.666547,8062.499881,0
10,23,2,246824,35,8062.499881,1791.666547,0
10,2,24,246824,38,1791.666547,8062.499881,0
10,24,2,246824,38,8062.499881,1791.666547,0
10,2,29,246824,27,1791.666547,8062.499881,0
10,29,2,246824,27,8062.499881,1791.666547,0
10,3,4,246824,11,2015.624881,5374.999881,0
10,4,3,246824,11,5374.999881,2015.624881,0
10,3,5,246824,10,2015.624881,8062.499881,0
10,5,3,246824,10,8062.499881,2015.624881,0
10,3,6,246824,10,2015.624881,2687.499881,0
10,6,3,246824,10,2687.499881,2015.624881,0
10,3,12,246824,7,2015.624881,4031.249881,0
10,12,3,246824,7,4031.249881,2015.624881,0
10,3,16,246824,35,2015.624881,5374.999881,0
10,16,3,246824,35,5374.999881,2015.624881,0
10,3,27,246824,24,2015.624881,8062.499881,0
10,27,3,246824,24,8062.499881,2015.624881,0
10,4,14,246824,11,5374.999881,5374.999881,0
10,14,4,246824,11,5374.999881,5374.999881,0
10,5,13,246824,10,8062.499881,8062.499881,0
10,13,5,246824,10,8062.499881,8062.499881,0
10,6,7,246824,11,2687.499881,8062.499881,0
10,7,6,246824,11,8062.499881,2687.499881,0
10,6,20,246824,41,2687.499881,8062.499881,0
10,20,6,246824,41,8062.499881,2687.499881,0
10,6,21,246824,23,2687.499881,8062.499881,0
10,21,6,246824,23,8062.499881,2687.499881,0
10,6,25,246824,29,2687.499881,8062.499881,0
10,25,6,246824,29,8062.499881,2687.499881,0
10,9,10,246824,12,5374.999881,2687.499881,0
10,10,9,246824,12,2687.499881,5374.999881,0
10,9,11,246824,9,5374.999881,4031.249881,0
10,11,9,246824,9,4031.249881,5374.999881,0
10,10,14,246824,11,2687.499881,5374.999881,0
10,14,10,246824,11,5374.999881,2687.499881,0
10,10,17,246824,24,2687.499881,8062.499881,0
10,17,10,246824,24,8062.499881,2687.499881,0
10,10,18,246824,22,2687.499881,8062.499881,0
10,18,10,246824,22,8062.499881,2687.499881,0
10,10,27,246824,25,2687.499881,8062.499881,0
10,27,10,246824,25,8062.499881,2687.499881,0
10,11,15,246824,27,4031.249881,3224.999881,0
10,15,11,246824,27,3224.999881,4031.249881,0
10,11,26,246824,25,4031.249881,8062.499881,0
10,26,11,246824,25,8062.499881,4031.249881,0
10,12,23,246824,33,4031.249881,8062.499881,0
10,23,12,246824,33,8062.499881,4031.249881,0
10,12,24,246824,36,4031.249881,8062.499881,0
10,24,12,246824,36,8062.499881,4031.249881,0
10,14,17,246824,23,5374.999881,8062.499881,0
10,17,14,246824,23,8062.499881,5374.999881,0
10,15,22,246824,43,3224.999881,8062.499881,0
10,22,15,246824,43,8062.499881,3224.999881,0
10,15,28,246824,46,3224.999881,8062.499881,0
10,28,15,246824,46,8062.499881,3224.999881,0
10,15,29,246824,34,3224.999881,8062.499881,0
10,29,15,246824,34,8062.499881,3224.999881,0
10,16,25,246824,43,5374.999881,8062.499881,0
10,25,16,246824,43,8062.499881,5374.999881,0
11,0,1,246824,8,2687.499881,1240.384496,0
11,1,0,246824,8,1240.384496,2687.499881,0
11,0,8,246824,8,2687.499881,8062.499881,0
11,8,0,246824,8,8062.499881,2687.499881,0
11,0,12,246824,6,2687.499881,4031.249881,0
11,12,0,246824,6,4031.249881,2687.499881,0
11,0,15,246824,27,2687.499881,3224.999881,0
11,15,0,246824,27,3224.999881,2687.499881,0
11,0,19,246824,25,2687.499881,8062.499881,0
11,19,0,246824,25,8062.499881,2687.499881,0
11,0,22,246824,34,2687.499881,8062.499881,0
11,22,0,246824,34,8062.499881,2687.499881,0
11,1,2,246824,12,1240.384496,2015.624881,0
11,2,1,246824,12,2015.624881,1240.384496,0
11,1,4,246824,11,1240.384496,5374.999881,0
11,4,1,246824,11,5374.999881,1240.384496,0
11,1,5,246824,11,1240.384496,5374.999881,0
11,5,1,246824,11,5374.999881,1240.384496,0
11,1,7,246824,10,1240.384496,8062.499881,0
11,7,1,246824,10,8062.499881,1240.384496,0
11,1,8,246824,9,1240.384496,8062.499881,0
11,8,1,246824,9,8062.499881,1240.384496,0
11,1,9,246824,10,1240.384496,5374.999881,0
11,9,1,246824,10,5374.999881,1240.384496,0
11,1,11,246824,8,1240.384496,4031.249881,0
11,11,1,246824,8,4031.249881,1240.384496,0
11,1,13,246824,9,1240.384496,8062.499881,0
11,13,1,246824,9,8062.499881,1240.384496,0
11,1,19,246824,26,1240.384496,8062.499881,0
11,19,1,246824,26,8062.499881,1240.384496,0
11,1,20,246824,40,1240.384496,8062.499881,0
11,20,1,246824,40,8062.499881,1240.384496,0
11,1,26,246824,26,1240.384496,8062.499881,0
11,26,1,246824,26,8062.499881,1240.384496,0
11,1,28,246824,38,1240.384496,8062.499881,0
11,28,1,246824,38,8062.499881,1240.384496,0
11,2,6,246824,13,2015.624881,2687.499881,0
11,6,2,246824,13,2687.499881,2015.624881,0
11,2,16,246824,36,2015.624881,5374.999881,0
11,16,2,246824,36,5374.999881,2015.624881,0
11,2,18,246824,22,2015.624881,8062.499881,0
11,18,2,246824,22,8062.499881,2015.624881,0
11,2,21,246824,23,2015.624881,8062.499881,0
11,21,2,246824,23,8062.499881,2015.624881,0
11,2,23,246824,35,2015.624881,8062.499881,0
11,23,2,246824,35,8062.499881,2015.624881,0
11,2,24,246824,38,2015.624881,8062.499881,0
11,24,2,246824,38,8062.499881,2015.624881,0
11,2,29,246824,27,2015.624881,8062.499881,0
11,29,2,246824,27,8062.499881,2015.624881,0
11,3,4,246824,11,2687.499881,5374.999881,0
11,4,3,246824,11,5374.999881,2687.499881,0
11,3,5,246824,10,2687.499881,5374.999881,0
11,5,3,246824,10,5374.999881,2687.499881,0
11,3,6,246824,10,2687.499881,2687.499881,0
11,6,3,246824,10,2687.499881,2687.499881,0
11,3,12,246824,7,2687.499881,4031.249881,0
11,12,3,246824,7,4031.249881,2687.499881,0
11,3,16,246824,35,2687.499881,5374.999881,0
11,16,3,246824,35,5374.999881,2687.499881,0
11,3,27,246824,24,2687.499881,8062.499881,0
11,27,3,246824,24,8062.499881,2687.499881,0
11,4,14,246824,11,5374.999881,5374.999881,0
11,14,4,246824,11,5374.999881,5374.999881,0
11,5,13,246824,10,5374.999881,8062.499881,0
11,13,5,246824,10,8062.499881,5374.999881,0
11,6,7,246824,11,2687.499881,8062.499881,0
11,7,6,246824,11,8062.499881,2687.499881,0
11,6,20,246824,41,2687.499881,8062.499881,0
11,20,6,246824,41,8062.499881,2687.499881,0
11,6,21,246824,23,2687.499881,8062.499881,0
11,21,6,246824,23,8062.499881,2687.499881,0
11,6,25,246824,29,2687.499881,8062.499881,0
11,25,6,246824,29,8062.499881,2687.499881,0
11,9,10,246824,12,5374.999881,3224.999881,0
11,10,9,246824,12,3224.999881,5374.999881,0
11,9,11,246824,9,5374.999881,4031.249881,0
11,11,9,246824,9,4031.249881,5374.999881,0
11,10,14,246824,11,3224.999881,5374.999881,0
11,14,10,246824,11,5374.999881,3224.999881,0
11,10,17,246824,24,3224.999881,8062.499881,0
11,17,10,246824,24,8062.499881,3224.999881,0
11,10,18,246824,22,3224.999881,8062.499881,0
11,18,10,246824,22,8062.499881,3224.999881,0
11,10,27,246824,25,3224.999881,8062.499881,0
11,27,10,246824,25,8062.499881,3224.999881,0
11,11,15,246824,27,4031.249881,3224.999881,0
11,15,11,246824,27,3224.999881,4031.249881,0
11,11,26,246824,25,4031.249881,8062.499881,0
11,26,11,246824,25,8062.499881,4031.249881,0
11,12,23,246824,33,4031.249881,8062.499881,0
11,23,12,246824,33,8062.499881,4031.249881,0
11,12,24,246824,36,4031.249881,8062.499881,0
11,24,12,246824,36,8062.499881,4031.249881,0
11,14,17,246824,23,5374.999881,8062.499881,0
11,17,14,246824,23,8062.499881,5374.999881,0
11,15,22,246824,43,3224.999881,8062.499881,0
11,22,15,246824,43,8062.499881,3224.999881,0
11,15,28,246824,46,3224.999881,8062.499881,0
11,28,15,246824,46,8062.499881,3224.999881,0
11,15,29,246824,34,3224.999881,8062.499881,0
11,29,15,246824,34,8062.499881,3224.999881,0
11,16,25,246824,43,5374.999881,8062.499881,0
11,25,16,246824,43,8062.499881,5374.999881,0
12,0,2,246824,11,2303.571309,1791.666547,0
12,2,0,246824,11,1791.666547,2303.571309,0
12,0,8,246824,8,2303.571309,8062.499881,0
12,8,0,246824,8,8062.499881,2303.571309,0
12,0,10,246824,10,2303.571309,2687.499881,0
12,10,0,246824,10,2687.499881,2303.571309,0
12,0,12,246824,6,2303.571309,4031.249881,0
12,12,0,246824,6,4031.249881,2303.571309,0
12,0,15,246824,27,2303.571309,3224.999881,0
12,15,0,246824,27,3224.999881,2303.571309,0
12,0,19,246824,25,2303.571309,8062.499881,0
12,19,0,246824,25,8062.499881,2303.571309,0
12,0,22,246824,34,2303.571309,8062.499881,0
12,22,0,246824,34,8062.499881,2303.571309,0
12,1,2,246824,12,1343.749881,1791.666547,0
12,2,1,246824,12,1791.666547,1343.749881,0
12,1,3,246824,9,1343.749881,2303.571309,0
12,3,1,246824,9,2303.571309,1343.749881,0
12,1,4,246824,11,1343.749881,5374.999881,0
12,4,1,246824,11,5374.999881,1343.749881,0
12,1,7,246824,10,1343.749881,8062.499881,0
12,7,1,246824,10,8062.499881,1343.749881,0
12,1,8,246824,9,1343.749881,8062.499881,0
12,8,1,246824,9,8062.499881,1343.749881,0
12,1,9,246824,10,1343.749881,5374.999881,0
12,9,1,246824,10,5374.999881,1343.749881,0
12,1,11,246824,8,1343.749881,4031.249881,0
12,11,1,246824,8,4031.249881,1343.749881,0
12,1,13,246824,9,1343.749881,8062.499881,0
12,13,1,246824,9,8062.499881,1343.749881,0
12,1,19,246824,26,1343.749881,8062.499881,0
12,19,1,246824,26,8062.499881,1343.749881,0
12,1,20,246824,40,1343.749881,8062.499881,0
12,20,1,246824,40,8062.499881,1343.749881,0
12,1,26,246824,26,1343.749881,8062.499881,0
12,26,1,246824,26,8062.499881,1343.749881,0
12,1,28,246824,38,1343.749881,8062.499881,0
12,28,1,246824,38,8062.499881,1343.749881,0
12,2,6,246824,13,1791.666547,2687.499881,0
12,6,2,246824,13,2687.499881,1791.666547,0
12,2,16,246824,36,1791.666547,5374.999881,0
12,16,2,246824,36,5374.999881,1791.666547,0
12,2,18,246824,22,1791.666547,8062.499881,0
12,18,2,246824,22,8062.499881,1791.666547,0
12,2,21,246824,23,1791.666547,8062.499881,0
12,21,2,246824,23,8062.499881,1791.666547,0
12,2,23,246824,35,1791.666547,8062.499881,0
12,23,2,246824,35,8062.499881,1791.666547,0
12,2,24,246824,38,1791.666547,8062.499881,0
12,24,2,246824,38,8062.499881,1791.666547,0
12,2,29,246824,27,1791.666547,8062.499881,0
12,29,2,246824,27,8062.499881,1791.666547,0
12,3,4,246824,11,2303.571309,5374.999881,0
12,4,3,246824,11,5374.999881,2303.571309,0
12,3,5,246824,10,2303.571309,8062.499881,0
12,5,3,246824,10,8062.499881,2303.571309,0
12,3,6,246824,10,2303.571309,2687.499881,0
12,6,3,246824,10,2687.499881,2303.571309,0
12,3,12,246824,7,2303.571309,4031.249881,0
12,12,3,246824,7,4031.249881,2303.571309,0
12,3,16,246824,35,2303.571309,5374.999881,0
12,16,3,246824,35,5374.999881,2303.571309,0
12,3,27,246824,24,2303.571309,8062.499881,0
12,27,3,246824,24,8062.499881,2303.571309,0
12,4,14,246824,11,5374.999881,5374.999881,0
12,14,4,246824,11,5374.999881,5374.999881,0
12,5,13,246824,10,8062.499881,8062.499881,0
12,13,5,246824,10,8062.499881,8062.499881,0
12,6,7,246824,11,2687.499881,8062.499881,0
12,7,6,246824,11,8062.499881,2687.499881,0
12,6,20,246824,41,2687.499881,8062.499881,0
12,20,6,246824,41,8062.499881,2687.499881,0
12,6,21,246824,23,2687.499881,8062.499881,0
12,21,6,246824,23,8062.499881,2687.499881,0
12,6,25,246824,29,2687.499881,8062.499881,0
12,25,6,246824,29,8062.499881,2687.499881,0
12,9,10,246824,12,5374.999881,2687.499881,0
12,10,9,246824,12,2687.499881,5374.999881,0
12,9,11,246824,9,5374.999881,4031.249881,0
12,11,9,246824,9,4031.249881,5374.999881,0
12,10,14,246824,11,2687.499881,5374.999881,0
12,14,10,246824,11,5374.999881,2687.499881,0
12,10,17,246824,24,2687.499881,8062.499881,0
12,17,10,246824,24,8062.499881,2687.499881,0
12,10,18,246824,22,2687.499881,8062.499881,0
12,18,10,246824,22,8062.499881,2687.499881,0
12,10,27,246824,25,2687.499881,8062.499881,0
12,27,10,246824,25,8062.499881,2687.499881,0
12,11,15,246824,27,4031.249881,3224.999881,0
12,15,11,246824,27,3224.999881,4031.249881,0
12,11,26,246824,25,4031.249881,8062.499881,0
12,26,11,246824,25,8062.499881,4031.249881,0
12,12,23,246824,33,4031.249881,8062.499881,0
12,23,12,246824,33,8062.499881,4031.249881,0
12,12,24,246824,36,4031.249881,8062.499881,0
12,24,12,246824,36,8062.499881,4031.249881,0
12,14,17,246824,23,5374.999881,8062.499881,0
12,17,14,246824,23,8062.499881,5374.999881,0
12,15,22,246824,43,3224.999881,8062.499881,0
12,22,15,246824,43,8062.499881,3224.999881,0
12,15,28,246824,46,3224.999881,8062.499881,0
12,28,15,246824,46,8062.499881,3224.999881,0
12,15,29,246824,34,3224.999881,8062.499881,0
12,29,15,246824,34,8062.499881,3224.999881,0
12,16,25,246824,43,5374.999881,8062.499881,0
12,25,16,246824,43,8062.499881,5374.999881,0
13,0,1,246824,8,2015.624881,1465.908972,0
13,1,0,246824,8,1465.908972,2015.624881,0
13,0,3,246824,7,2015.624881,3224.999881,0
13,3,0,246824,7,3224.999881,2015.624881,0
13,0,8,246824,8,2015.624881,8062.499881,0
13,8,0,246824,8,8062.499881,2015.624881,0
13,0,10,246824,10,2015.624881,2687.499881,0
13,10,0,246824,10,2687.499881,2015.624881,0
13,0,12,246824,6,2015.624881,4031.249881,0
13,12,0,246824,6,4031.249881,2015.624881,0
13,0,15,246824,27,2015.624881,3224.999881,0
13,15,0,246824,27,3224.999881,2015.624881,0
13,0,19,246824,25,2015.624881,8062.499881,0
13,19,0,246824,25,8062.499881,2015.624881,0
13,0,22,246824,34,2015.624881,8062.499881,0
13,22,0,246824,34,8062.499881,2015.624881,0
13,1,2,246824,12,1465.908972,2015.624881,0
13,2,1,246824,12,2015.624881,1465.908972,0
13,1,7,246824,10,1465.908972,8062.499881,0
13,7,1,246824,10,8062.499881,1465.908972,0
13,1,8,246824,9,1465.908972,8062.499881,0
13,8,1,246824,9,8062.499881,1465.908972,0
13,1,9,246824,10,1465.908972,4031.249881,0
13,9,1,246824,10,4031.249881,1465.908972,0
13,1,11,246824,8,1465.908972,4031.249881,0
13,11,1,246824,8,4031.249881,1465.908972,0
13,1,13,246824,9,1465.908972,8062.499881,0
13,13,1,246824,9,8062.499881,1465.908972,0
13,1,19,246824,26,1465.908972,8062.499881,0
13,19,1,246824,26,8062.499881,1465.908972,0
13,1,20,246824,40,1465.908972,8062.499881,0
13,20,1,246824,40,8062.499881,1465.908972,0
13,1,26,246824,26,1465.908972,8062.499881,0
13,26,1,246824,26,8062.499881,1465.908972,0
13,1,28,246824,38,1465.908972,8062.499881,0
13,28,1,246824,38,8062.499881,1465.908972,0
13,2,6,246824,13,2015.624881,2687.499881,0
13,6,2,246824,13,2687.499881,2015.624881,0
13,2,16,246824,36,2015.624881,8062.499881,0
13,16,2,246824,36,8062.499881,2015.624881,0
13,2,18,246824,22,2015.624881,8062.499881,0
13,18,2,246824,22,8062.499881,2015.624881,0
13,2,21,246824,23,2015.624881,8062.499881,0
13,21,2,246824,23,8062.499881,2015.624881,0
13,2,23,246824,35,2015.624881,8062.499881,0
13,23,2,246824,35,8062.499881,2015.624881,0
13,2,24,246824,38,2015.624881,8062.499881,0
13,24,2,246824,38,8062.499881,2015.624881,0
13,2,29,246824,27,2015.624881,8062.499881,0
13,29,2,246824,27,8062.499881,2015.624881,0
13,3,5,246824,10,3224.999881,8062.499881,0
13,5,3,246824,10,8062.499881,3224.999881,0
13,3,6,246824,10,3224.999881,2687.499881,0
13,6,3,246824,10,2687.499881,3224.999881,0
13,3,12,246824,7,3224.999881,4031.249881,0
13,12,3,246824,7,4031.249881,3224.999881,0
13,3,27,246824,24,3224.999881,8062.499881,0
13,27,3,246824,24,8062.499881,3224.999881,0
13,4,9,246824,12,8062.499881,4031.249881,0
13,9,4,246824,12,4031.249881,8062.499881,0
13,4,14,246824,11,8062.499881,5374.999881,0
13,14,4,246824,11,5374.999881,8062.499881,0
13,5,13,246824,10,8062.499881,8062.499881,0
13,13,5,246824,10,8062.499881,8062.499881,0
13,6,7,246824,11,2687.499881,8062.499881,0
13,7,6,246824,11,8062.499881,2687.499881,0
13,6,20,246824,41,2687.499881,8062.499881,0
13,20,6,246824,41,8062.499881,2687.499881,0
13,6,21,246824,23,2687.499881,8062.499881,0
13,21,6,246824,23,8062.499881,2687.499881,0
13,6,25,246824,29,2687.499881,8062.499881,0
13,25,6,246824,29,8062.499881,2687.499881,0
13,9,10,246824,12,4031.249881,2687.499881,0
13,10,9,246824,12,2687.499881,4031.249881,0
13,9,11,246824,9,4031.249881,4031.249881,0
13,11,9,246824,9,4031.249881,4031.249881,0
13,10,14,246824,11,2687.499881,5374.999881,0
13,14,10,246824,11,5374.999881,2687.499881,0
13,10,17,246824,24,2687.499881,8062.499881,0
13,17,10,246824,24,8062.499881,2687.499881,0
13,10,18,246824,22,2687.499881,8062.499881,0
13,18,10,246824,22,8062.499881,2687.499881,0
13,10,27,246824,25,2687.499881,8062.499881,0
13,27,10,246824,25,8062.499881,2687.499881,0
13,11,15,246824,27,4031.249881,3224.999881,0
13,15,11,246824,27,3224.999881,4031.249881,0
13,11,26,246824,25,4031.249881,8062.499881,0
13,26,11,246824,25,8062.499881,4031.249881,0
13,12,23,246824,33,4031.249881,8062.499881,0
13,23,12,246824,33,8062.499881,4031.249881,0
13,12,24,246824,36,4031.249881,8062.499881,0
13,24,12,246824,36,8062.499881,4031.249881,0
13,14,17,246824,23,5374.999881,8062.499881,0
13,17,14,246824,23,8062.499881,5374.999881,0
13,15,22,246824,43,3224.999881,8062.499881,0
13,22,15,246824,43,8062.499881,3224.999881,0
13,15,28,246824,46,3224.999881,8062.499881,0
13,28,15,246824,46,8062.499881,3224.999881,0
13,15,29,246824,34,3224.999881,8062.499881,0
13,29,15,246824,34,8062.499881,3224.999881,0
13,16,25,246824,43,8062.499881,8062.499881,0
13,25,16,246824,43,8062.499881,8062.499881,0
14,0,2,246824,11,2015.624881,1791.666547,0
14,2,0,246824,11,1791.666547,2015.624881,0
14,0,3,246824,7,2015.624881,2015.624881,0
14,3,0,246824,7,2015.624881,2015.624881,0
14,0,8,246824,8,2015.624881,8062.499881,0
14,8,0,246824,8,8062.499881,2015.624881,0
14,0,10,246824,10,2015.624881,2687.499881,0
14,10,0,246824,10,2687.499881,2015.624881,0
14,0,12,246824,6,2015.624881,4031.249881,0
14,12,0,246824,6,4031.249881,2015.624881,0
14,0,15,246824,27,2015.624881,3224.999881,0
14,15,0,246824,27,3224.999881,2015.624881,0
14,0,19,246824,25,2015.624881,8062.499881,0
14,19,0,246824,25,8062.499881,2015.624881,0
14,0,22,246824,34,2015.624881,8062.499881,0
14,22,0,246824,34,8062.499881,2015.624881,0
14,1,2,246824,12,1343.749881,1791.666547,0
14,2,1,246824,12,1791.666547,1343.749881,0
14,1,3,246824,9,1343.749881,2015.624881,0
14,3,1,246824,9,2015.624881,1343.749881,0
14,1,4,246824,11,1343.749881,5374.999881,0
14,4,1,246824,11,5374.999881,1343.749881,0
14,1,7,246824,10,1343.749881,8062.499881,0
14,7,1,246824,10,8062.499881,1343.749881,0
14,1,8,246824,9,1343.749881,8062.499881,0
14,8,1,246824,9,8062.499881,1343.749881,0
14,1,9,246824,10,1343.749881,5374.999881,0
14,9,1,246824,10,5374.999881,1343.749881,0
14,1,11,246824,8,1343.749881,4031.249881,0
14,11,1,246824,8,4031.249881,1343.749881,0
14,1,13,246824,9,1343.749881,8062.499881,0
14,13,1,246824,9,8062.499881,1343.749881,0
14,1,19,246824,26,1343.749881,8062.499881,0
14,19,1,246824,26,8062.499881,1343.749881,0
14,1,20,246824,40,1343.749881,8062.499881,0
14,20,1,246824,40,8062.499881,1343.749881,0
14,1,26,246824,26,1343.749881,8062.499881,0
14,26,1,246824,26,8062.499881,1343.749881,0
14,1,28,246824,38,1343.749881,8062.499881,0
14,28,1,246824,38,8062.499881,1343.749881,0
14,2,6,246824,13,1791.666547,2687.499881,0
14,6,2,246824,13,2687.499881,1791.666547,0
14,2,16,246824,36,1791.666547,5374.999881,0
14,16,2,246824,36,5374.999881,1791.666547,0
14,2,18,246824,22,1791.666547,8062.499881,0
14,18,2,246824,22,8062.499881,1791.666547,0
14,2,21,246824,23,1791.666547,8062.499881,0
14,21,2,246824,23,8062.499881,1791.666547,0
14,2,23,246824,35,1791.666547,8062.499881,0
14,23,2,246824,35,8062.499881,1791.666547,0
14,2,24,246824,38,1791.666547,8062.499881,0
14,24,2,246824,38,8062.499881,1791.666547,0
14,2,29,246824,27,1791.666547,8062.499881,0
14,29,2,246824,27,8062.499881,1791.666547,0
14,3,4,246824,11,2015.624881,5374.999881,0
14,4,3,246824,11,5374.999881,2015.624881,0
14,3,5,246824,10,2015.624881,8062.499881,0
14,5,3,246824,10,8062.499881,2015.624881,0
14,3,6,246824,10,2015.624881,2687.499881,0
14,6,3,246824,10,2687.499881,2015.624881,0
14,3,12,246824,7,2015.624881,4031.249881,0
14,12,3,246824,7,4031.249881,2015.624881,0
14,3,16,246824,35,2015.624881,5374.999881,0
14,16,3,246824,35,5374.999881,2015.624881,0
14,3,27,246824,24,2015.624881,8062.499881,0
14,27,3,246824,24,8062.499881,2015.624881,0
14,4,14,246824,11,5374.999881,5374.999881,0
14,14,4,246824,11,5374.999881,5374.999881,0
14,5,13,246824,10,8062.499881,8062.499881,0
14,13,5,246824,10,8062.499881,8062.499881,0
14,6,7,246824,11,2687.499881,8062.499881,0
14,7,6,246824,11,8062.499881,2687.499881,0
14,6,20,246824,41,2687.499881,8062.499881,0
14,20,6,246824,41,8062.499881,2687.499881,0
14,6,21,246824,23,2687.499881,8062.499881,0
14,21,6,246824,23,8062.499881,2687.499881,0
14,6,25,246824,29,2687.499881,8062.499881,0
14,25,6,246824,29,8062.499881,2687.499881,0
14,9,10,246824,12,5374.999881,2687.499881,0
14,10,9,246824,12,2687.499881,5374.999881,0
14,9,11,246824,9,5374.999881,4031.249881,0
14,11,9,246824,9,4031.249881,5374.999881,0
14,10,14,246824,11,2687.499881,5374.999881,0
14,14,10,246824,11,5374.999881,2687.499881,0
14,10,17,246824,24,2687.499881,8062.499881,0
14,17,10,246824,24,8062.499881,2687.499881,0
14,10,18,246824,22,2687.499881,8062.499881,0
14,18,10,246824,22,8062.499881,2687.499881,0
14,10,27,246824,25,2687.499881,8062.499881,0
14,27,10,246824,25,8062.499881,2687.499881,0
14,11,15,246824,27,4031.249881,3224.999881,0
14,15,11,246824,27,3224.999881,4031.249881,0
14,11,26,246824,25,4031.249881,8062.499881,0
14,26,11,246824,25,8062.499881,4031.249881,0
14,12,23,246824,33,4031.249881,8062.499881,0
14,23,12,246824,33,8062.499881,4031.249881,0
14,12,24,246824,36,4031.249881,8062.499881,0
14,24,12,246824,36,8062.499881,4031.249881,0
14,14,17,246824,23,5374.999881,8062.499881,0
14,17,14,246824,23,8062.499881,5374.999881,0
14,15,22,246824,43,3224.999881,8062.499881,0
14,22,15,246824,43,8062.499881,3224.999881,0
14,15,28,246824,46,3224.999881,8062.499881,0
14,28,15,246824,46,8062.499881,3224.999881,0
14,15,29,246824,34,3224.999881,8062.499881,0
14,29,15,246824,34,8062.499881,3224.999881,0
14,16,25,246824,43,5374.999881,8062.499881,0
14,25,16,246824,43,8062.499881,5374.999881,0
15,0,1,246824,8,2015.624881,1240.384496,0
15,1,0,246824,8,1240.384496,2015.624881,0
15,0,3,246824,7,2015.624881,2015.624881,0
15,3,0,246824,7,2015.624881,2015.624881,0
15,0,8,246824,8,2015.624881,8062.499881,0
15,8,0,246824,8,8062.499881,2015.624881,0
15,0,10,246824,10,2015.624881,2687.499881,0
15,10,0,246824,10,2687.499881,2015.624881,0
15,0,12,246824,6,2015.624881,4031.249881,0
15,12,0,246824,6,4031.249881,2015.624881,0
15,0,15,246824,27,2015.624881,3224.999881,0
15,15,0,246824,27,3224.999881,2015.624881,0
15,0,19,246824,25,2015.624881,8062.499881,0
15,19,0,246824,25,8062.499881,2015.624881,0
15,0,22,246824,34,2015.624881,8062.499881,0
15,22,0,246824,34,8062.499881,2015.624881,0
15,1,2,246824,12,1240.384496,2015.624881,0
15,2,1,246824,12,2015.624881,1240.384496,0
15,1,3,246824,9,1240.384496,2015.624881,0
15,3,1,246824,9,2015.624881,1240.384496,0
15,1,5,246824,11,1240.384496,5374.999881,0
15,5,1,246824,11,5374.999881,1240.384496,0
15,1,7,246824,10,1240.384496,8062.499881,0
15,7,1,246824,10,8062.499881,1240.384496,0
15,1,8,246824,9,1240.384496,8062.499881,0
15,8,1,246824,9,8062.499881,1240.384496,0
15,1,9,246824,10,1240.384496,5374.999881,0
15,9,1,246824,10,5374.999881,1240.384496,0
15,1,11,246824,8,1240.384496,4031.249881,0
15,11,1,246824,8,4031.249881,1240.384496,0
15,1,13,246824,9,1240.384496,8062.499881,0
15,13,1,246824,9,8062.499881,1240.384496,0
15,1,19,246824,26,1240.384496,8062.499881,0
15,19,1,246824,26,8062.499881,1240.384496,0
15,1,20,246824,40,1240.384496,8062.499881,0
15,20,1,246824,40,8062.499881,1240.384496,0
15,1,26,246824,26,1240.384496,8062.499881,0
15,26,1,246824,26,8062.499881,1240.384496,0
15,1,28,246824,38,1240.384496,8062.499881,0
15,28,1,246824,38,8062.499881,1240.384496,0
15,2,6,246824,13,2015.624881,2687.499881,0
15,6,2,246824,13,2687.499881,2015.624881,0
15,2,16,246824,36,2015.624881,5374.999881,0
15,16,2,246824,36,5374.999881,2015.624881,0
15,2,18,246824,22,2015.624881,8062.499881,0
15,18,2,246824,22,8062.499881,2015.624881,0
15,2,21,246824,23,2015.624881,8062.499881,0
15,21,2,246824,23,8062.499881,2015.624881,0
15,2,23,246824,35,2015.624881,8062.499881,0
15,23,2,246824,35,8062.499881,2015.624881,0
15,2,24,246824,38,2015.624881,8062.499881,0
15,24,2,246824,38,8062.499881,2015.624881,0
15,2,29,246824,27,2015.624881,8062.499881,0
15,29,2,246824,27,8062.499881,2015.624881,0
15,3,4,246824,11,2015.624881,8062.499881,0
15,4,3,246824,11,8062.499881,2015.624881,0
15,3,5,246824,10,2015.624881,5374.999881,0
15,5,3,246824,10,5374.999881,2015.624881,0
15,3,6,246824,10,2015.624881,2687.499881,0
15,6,3,246824,10,2687.499881,2015.624881,0
15,3,12,246824,7,2015.624881,4031.249881,0
15,12,3,246824,7,4031.249881,2015.624881,0
15,3,16,246824,35,2015.624881,5374.999881,0
15,16,3,246824,35,5374.999881,2015.624881,0
15,3,27,246824,24,2015.624881,8062.499881,0
15,27,3,246824,24,8062.499881,2015.624881,0
15,4,14,246824,11,8062.499881,5374.999881,0
15,14,4,246824,11,5374.999881,8062.499881,0
15,5,13,246824,10,5374.999881,8062.499881,0
15,13,5,246824,10,8062.499881,5374.999881,0
15,6,7,246824,11,2687.499881,8062.499881,0
15,7,6,246824,11,8062.499881,2687.499881,0
15,6,20,246824,41,2687.499881,8062.499881,0
15,20,6,246824,41,8062.499881,2687.499881,0
15,6,21,246824,23,2687.499881,8062.499881,0
15,21,6,246824,23,8062.499881,2687.499881,0
15,6,25,246824,29,2687.499881,8062.499881,0
15,25,6,246824,29,8062.499881,2687.499881,0
15,9,10,246824,12,5374.999881,2687.499881,0
15,10,9,246824,12,2687.499881,5374.999881,0
15,9,11,246824,9,5374.999881,4031.249881,0
15,11,9,246824,9,4031.249881,5374.999881,0
15,10,14,246824,11,2687.499881,5374.999881,0
15,14,10,246824,11,5374.999881,2687.499881,0
15,10,17,246824,24,2687.499881,8062.499881,0
15,17,10,246824,24,8062.499881,2687.499881,0
15,10,18,246824,22,2687.499881,8062.499881,0
15,18,10,246824,22,8062.499881,2687.499881,0
15,10,27,246824,25,2687.499881,8062.499881,0
15,27,10,246824,25,8062.499881,2687.499881,0
15,11,15,246824,27,4031.249881,3224.999881,0
15,15,11,246824,27,3224.999881,4031.249881,0
15,11,26,246824,25,4031.249881,8062.499881,0
15,26,11,246824,25,8062.499881,4031.249881,0
15,12,23,246824,33,4031.249881,8062.499881,0
15,23,12,246824,33,8062.499881,4031.249881,0
15,12,24,246824,36,4031.249881,8062.499881,0
15,24,12,246824,36,8062.499881,4031.249881,0
15,14,17,246824,23,5374.999881,8062.499881,0
15,17,14,246824,23,8062.499881,5374.999881,0
15,15,22,246824,43,3224.999881,8062.499881,0
15,22,15,246824,43,8062.499881,3224.999881,0
15,15,28,246824,46,3224.999881,8062.499881,0
15,28,15,246824,46,8062.499881,3224.999881,0
15,15,29,246824,34,3224.999881,8062.499881,0
15,29,15,246824,34,8062.499881,3224.999881,0
15,16,25,246824,43,5374.999881,8062.499881,0
15,25,16,246824,43,8062.499881,5374.999881,0
16,0,1,246824,8,1791.666547,1240.384496,0
16,1,0,246824,8,1240.384496,1791.666547,0
16,0,2,246824,11,1791.666547,1791.666547,0
16,2,0,246824,11,1791.666547,1791.666547,0
16,0,3,246824,7,1791.666547,2303.571309,0
16,3,0,246824,7,2303.571309,1791.666547,0
16,0,8,246824,8,1791.666547,8062.499881,0
16,8,0,246824,8,8062.499881,1791.666547,0
16,0,10,246824,10,1791.666547,2687.499881,0
16,10,0,246824,10,2687.499881,1791.666547,0
16,0,12,246824,6,1791.666547,4031.249881,0
16,12,0,246824,6,4031.249881,1791.666547,0
16,0,15,246824,27,1791.666547,3224.999881,0
16,15,0,246824,27,3224.999881,1791.666547,0
16,0,19,246824,25,1791.666547,8062.499881,0
16,19,0,246824,25,8062.499881,1791.666547,0
16,0,22,246824,34,1791.666547,8062.499881,0
16,22,0,246824,34,8062.499881,1791.666547,0
16,1,2,246824,12,1240.384496,1791.666547,0
16,2,1,246824,12,1791.666547,1240.384496,0
16,1,4,246824,11,1240.384496,5374.999881,0
16,4,1,246824,11,5374.999881,1240.384496,0
16,1,5,246824,11,1240.384496,5374.999881,0
16,5,1,246824,11,5374.999881,1240.384496,0
16,1,7,246824,10,1240.384496,8062.499881,0
16,7,1,246824,10,8062.499881,1240.384496,0
16,1,8,246824,9,1240.384496,8062.499881,0
16,8,1,246824,9,8062.499881,1240.384496,0
16,1,9,246824,10,1240.384496,5374.999881,0
16,9,1,246824,10,5374.999881,1240.384496,0
16,1,11,246824,8,1240.384496,4031.249881,0
16,11,1,246824,8,4031.249881,1240.384496,0
16,1,13,246824,9,1240.384496,8062.499881,0
16,13,1,246824,9,8062.499881,1240.384496,0
16,1,19,246824,26,1240.384496,8062.499881,0
16,19,1,246824,26,8062.499881,1240.384496,0
16,1,20,246824,40,1240.384496,8062.499881,0
16,20,1,246824,40,8062.499881,1240.384496,0
16,1,26,246824,26,1240.384496,8062.499881,0
16,26,1,246824,26,8062.499881,1240.384496,0
16,1,28,246824,38,1240.384496,8062.499881,0
16,28,1,246824,38,8062.499881,1240.384496,0
16,2,6,246824,13,1791.666547,2687.499881,0
16,6,2,246824,13,2687.499881,1791.666547,0
16,2,16,246824,36,1791.666547,5374.999881,0
16,16,2,246824,36,5374.999881,1791.666547,0
16,2,18,246824,22,1791.666547,8062.499881,0
16,18,2,246824,22,8062.499881,1791.666547,0
16,2,21,246824,23,1791.666547,8062.499881,0
16,21,2,246824,23,8062.499881,1791.666547,0
16,2,23,246824,35,1791.666547,8062.499881,0
16,23,2,246824,35,8062.499881,1791.666547,0
16,2,24,246824,38,1791.666547,8062.499881,0
16,24,2,246824,38,8062.499881,1791.666547,0
16,2,29,246824,27,1791.666547,8062.499881,0
16,29,2,246824,27,8062.499881,1791.666547,0
16,3,4,246824,11,2303.571309,5374.999881,0
16,4,3,246824,11,5374.999881,2303.571309,0
16,3,5,246824,10,2303.571309,5374.999881,0
16,5,3,246824,10,5374.999881,2303.571309,0
16,3,6,246824,10,2303.571309,2687.499881,0
16,6,3,246824,10,2687.499881,2303.571309,0
16,3,12,246824,7,2303.571309,4031.249881,0
16,12,3,246824,7,4031.249881,2303.571309,0
16,3,16,246824,35,2303.571309,5374.999881,0
16,16,3,246824,35,5374.999881,2303.571309,0
16,3,27,246824,24,2303.571309,8062.499881,0
16,27,3,246824,24,8062.499881,2303.571309,0
16,4,14,246824,11,5374.999881,5374.999881,0
16,14,4,246824,11,5374.999881,5374.999881,0
16,5,13,246824,10,5374.999881,8062.499881,0
16,13,5,246824,10,8062.499881,5374.999881,0
16,6,7,246824,11,2687.499881,8062.499881,0
16,7,6,246824,11,8062.499881,2687.499881,0
16,6,20,246824,41,2687.499881,8062.499881,0
16,20,6,246824,41,8062.499881,2687.499881,0
16,6,21,246824,23,2687.499881,8062.499881,0
16,21,6,246824,23,8062.499881,2687.499881,0
16,6,25,246824,29,2687.499881,8062.499881,0
16,25,6,246824,29,8062.499881,2687.499881,0
16,9,10,246824,12,5374.999881,2687.499881,0
16,10,9,246824,12,2687.499881,5374.999881,0
16,9,11,246824,9,5374.999881,4031.249881,0
16,11,9,246824,9,4031.249881,5374.999881,0
16,10,14,246824,11,2687.499881,5374.999881,0
16,14,10,246824,11,5374.999881,2687.499881,0
16,10,17,246824,24,2687.499881,8062.499881,0
16,17,10,246824,24,8062.499881,2687.499881,0
16,10,18,246824,22,2687.499881,8062.499881,0
16,18,10,246824,22,8062.499881,2687.499881,0
16,10,27,246824,25,2687.499881,8062.499881,0
16,27,10,246824,25,8062.499881,2687.499881,0
16,11,15,246824,27,4031.249881,3224.999881,0
16,15,11,246824,27,3224.999881,4031.249881,0
16,11,26,246824,25,4031.249881,8062.499881,0
16,26,11,246824,25,8062.499881,4031.249881,0
16,12,23,246824,33,4031.249881,8062.499881,0
16,23,12,246824,33,8062.499881,4031.249881,0
16,12,24,246824,36,4031.249881,8062.499881,0
16,24,12,246824,36,8062.499881,4031.249881,0
16,14,17,246824,23,5374.999881,8062.499881,0
16,17,14,246824,23,8062.499881,5374.999881,0
16,15,22,246824,43,3224.999881,8062.499881,0
16,22,15,246824,43,8062.499881,3224.999881,0
16,15,28,246824,46,3224.999881,8062.499881,0
16,28,15,246824,46,8062.499881,3224.999881,0
16,15,29,246824,34,3224.999881,8062.499881,0
16,29,15,246824,34,8062.499881,3224.999881,0
16,16,25,246824,43,5374.999881,8062.499881,0
16,25,16,246824,43,8062.499881,5374.999881,0
17,0,8,246824,8,2687.499881,8062.499881,0
17,8,0,246824,8,8062.499881,2687.499881,0
17,0,10,246824,10,2687.499881,2687.499881,0
17,10,0,246824,10,2687.499881,2687.499881,0
17,0,12,246824,6,2687.499881,4031.249881,0
17,12,0,246824,6,4031.249881,2687.499881,0
17,0,15,246824,27,2687.499881,3224.999881,0
17,15,0,246824,27,3224.999881,2687.499881,0
17,0,19,246824,25,2687.499881,8062.499881,0
17,19,0,246824,25,8062.499881,2687.499881,0
17,0,22,246824,34,2687.499881,8062.499881,0
17,22,0,246824,34,8062.499881,2687.499881,0
17,1,2,246824,12,1465.908972,2015.624881,0
17,2,1,246824,12,2015.624881,1465.908972,0
17,1,4,246824,11,1465.908972,5374.999881,0
17,4,1,246824,11,5374.999881,1465.908972,0
17,1,7,246824,10,1465.908972,8062.499881,0
17,7,1,246824,10,8062.499881,1465.908972,0
17,1,8,246824,9,1465.908972,8062.499881,0
17,8,1,246824,9,8062.499881,1465.908972,0
17,1,9,246824,10,1465.908972,5374.999881,0
17,9,1,246824,10,5374.999881,1465.908972,0
17,1,11,246824,8,1465.908972,4031.249881,0
17,11,1,246824,8,4031.249881,1465.908972,0
17,1,13,246824,9,1465.908972,8062.499881,0
17,13,1,246824,9,8062.499881,1465.908972,0
17,1,19,246824,26,1465.908972,8062.499881,0
17,19,1,246824,26,8062.499881,1465.908972,0
17,1,20,246824,40,1465.908972,8062.499881,0
17,20,1,246824,40,8062.499881,1465.908972,0
17,1,26,246824,26,1465.908972,8062.499881,0
17,26,1,246824,26,8062.499881,1465.908972,0
17,1,28,246824,38,1465.908972,8062.499881,0
17,28,1,246824,38,8062.499881,1465.908972,0
17,2,6,246824,13,2015.624881,2687.499881,0
17,6,2,246824,13,2687.499881,2015.624881,0
17,2,16,246824,36,2015.624881,5374.999881,0
17,16,2,246824,36,5374.999881,2015.624881,0
17,2,18,246824,22,2015.624881,8062.499881,0
17,18,2,246824,22,8062.499881,2015.624881,0
17,2,21,246824,23,2015.624881,8062.499881,0
17,21,2,246824,23,8062.499881,2015.624881,0
17,2,23,246824,35,2015.624881,8062.499881,0
17,23,2,246824,35,8062.499881,2015.624881,0
17,2,24,246824,38,2015.624881,8062.499881,0
17,24,2,246824,38,8062.499881,2015.624881,0
17,2,29,246824,27,2015.624881,8062.499881,0
17,29,2,246824,27,8062.499881,2015.624881,0
17,3,4,246824,11,2687.499881,5374.999881,0
17,4,3,246824,11,5374.999881,2687.499881,0
17,3,5,246824,10,2687.499881,8062.499881,0
17,5,3,246824,10,8062.499881,2687.499881,0
17,3,6,246824,10,2687.499881,2687.499881,0
17,6,3,246824,10,2687.499881,2687.499881,0
17,3,12,246824,7,2687.499881,4031.249881,0
17,12,3,246824,7,4031.249881,2687.499881,0
17,3,16,246824,35,2687.499881,5374.999881,0
17,16,3,246824,35,5374.999881,2687.499881,0
17,3,27,246824,24,2687.499881,8062.499881,0
17,27,3,246824,24,8062.499881,2687.499881,0
17,4,14,246824,11,5374.999881,5374.999881,0
17,14,4,246824,11,5374.999881,5374.999881,0
17,5,13,246824,10,8062.499881,8062.499881,0
17,13,5,246824,10,8062.499881,8062.499881,0
17,6,7,246824,11,2687.499881,8062.499881,0
17,7,6,246824,11,8062.499881,2687.499881,0
17,6,20,246824,41,2687.499881,8062.499881,0
17,20,6,246824,41,8062.499881,2687.499881,0
17,6,21,246824,23,2687.499881,8062.499881,0
17,21,6,246824,23,8062.499881,2687.499881,0
17,6,25,246824,29,2687.499881,8062.499881,0
17,25,6,246824,29,8062.499881,2687.499881,0
17,9,10,246824,12,5374.999881,2687.499881,0
17,10,9,246824,12,2687.499881,5374.999881,0
17,9,11,246824,9,5374.999881,4031.249881,0
17,11,9,246824,9,4031.249881,5374.999881,0
17,10,14,246824,11,2687.499881,5374.999881,0
17,14,10,246824,11,5374.999881,2687.499881,0
17,10,17,246824,24,2687.499881,8062.499881,0
17,17,10,246824,24,8062.499881,2687.499881,0
17,10,18,246824,22,2687.499881,8062.499881,0
17,18,10,246824,22,8062.499881,2687.499881,0
17,10,27,246824,25,2687.499881,8062.499881,0
17,27,10,246824,25,8062.499881,2687.499881,0
17,11,15,246824,27,4031.249881,3224.999881,0
17,15,11,246824,27,3224.999881,4031.249881,0
17,11,26,246824,25,4031.249881,8062.499881,0
17,26,11,246824,25,8062.499881,4031.249881,0
17,12,23,246824,33,4031.249881,8062.499881,0
17,23,12,246824,33,8062.499881,4031.249881,0
17,12,24,246824,36,4031.249881,8062.499881,0
17,24,12,246824,36,8062.499881,4031.249881,0
17,14,17,246824,23,5374.999881,8062.499881,0
17,17,14,246824,23,8062.499881,5374.999881,0
17,15,22,246824,43,3224.999881,8062.499881,0
17,22,15,246824,43,8062.499881,3224.999881,0
17,15,28,246824,46,3224.999881,8062.499881,0
17,28,15,246824,46,8062.499881,3224.999881,0
17,15,29,246824,34,3224.999881,8062.499881,0
17,29,15,246824,34,8062.499881,3224.999881,0
17,16,25,246824,43,5374.999881,8062.499881,0
17,25,16,246824,43,8062.499881,5374.999881,0
18,0,2,246824,11,2303.571309,1791.666547,0
18,2,0,246824,11,1791.666547,2303.571309,0
18,0,8,246824,8,2303.571309,8062.499881,0
18,8,0,246824,8,8062.499881,2303.571309,0
18,0,10,246824,10,2303.571309,2687.499881,0
18,10,0,246824,10,2687.499881,2303.571309,0
18,0,12,246824,6,2303.571309,4031.249881,0
18,12,0,246824,6,4031.249881,2303.571309,0
18,0,15,246824,27,2303.571309,3224.999881,0
18,15,0,246824,27,3224.999881,2303.571309,0
18,0,19,246824,25,2303.571309,8062.499881,0
18,19,0,246824,25,8062.499881,2303.571309,0
18,0,22,246824,34,2303.571309,8062.499881,0
18,22,0,246824,34,8062.499881,2303.571309,0
18,1,2,246824,12,1240.384496,1791.666547,0
18,2,1,246824,12,1791.666547,1240.384496,0
18,1,3,246824,9,1240.384496,3224.999881,0
18,3,1,246824,9,3224.999881,1240.384496,0
18,1,4,246824,11,1240.384496,5374.999881,0
18,4,1,246824,11,5374.999881,1240.384496,0
18,1,5,246824,11,1240.384496,8062.499881,0
18,5,1,246824,11,8062.499881,1240.384496,0
18,1,7,246824,10,1240.384496,8062.499881,0
18,7,1,246824,10,8062.499881,1240.384496,0
18,1,8,246824,9,1240.384496,8062.499881,0
18,8,1,246824,9,8062.499881,1240.384496,0
18,1,9,246824,10,1240.384496,4031.249881,0
18,9,1,246824,10,4031.249881,1240.384496,0
18,1,11,246824,8,1240.384496,4031.249881,0
18,11,1,246824,8,4031.249881,1240.384496,0
18,1,13,246824,9,1240.384496,8062.499881,0
18,13,1,246824,9,8062.499881,1240.384496,0
18,1,19,246824,26,1240.384496,8062.499881,0
18,19,1,246824,26,8062.499881,1240.384496,0
18,1,20,246824,40,1240.384496,8062.499881,0
18,20,1,246824,40,8062.499881,1240.384496,0
18,1,26,246824,26,1240.384496,8062.499881,0
18,26,1,246824,26,8062.499881,1240.384496,0
18,1,28,246824,38,1240.384496,8062.499881,0
18,28,1,246824,38,8062.499881,1240.384496,0
18,2,6,246824,13,1791.666547,2687.499881,0
18,6,2,246824,13,2687.499881,1791.666547,0
18,2,16,246824,36,1791.666547,5374.999881,0
18,16,2,246824,36,5374.999881,1791.666547,0
18,2,18,246824,22,1791.666547,8062.499881,0
18,18,2,246824,22,8062.499881,1791.666547,0
18,2,21,246824,23,1791.666547,8062.499881,0
18,21,2,246824,23,8062.499881,1791.666547,0
18,2,23,246824,35,1791.666547,8062.499881,0
18,23,2,246824,35,8062.499881,1791.666547,0
18,2,24,246824,38,1791.666547,8062.499881,0
18,24,2,246824,38,8062.499881,1791.666547,0
18,2,29,246824,27,1791.666547,8062.499881,0
18,29,2,246824,27,8062.499881,1791.666547,0
18,3,6,246824,10,3224.999881,2687.499881,0
18,6,3,246824,10,2687.499881,3224.999881,0
18,3,12,246824,7,3224.999881,4031.249881,0
18,12,3,246824,7,4031.249881,3224.999881,0
18,3,16,246824,35,3224.999881,5374.999881,0
18,16,3,246824,35,5374.999881,3224.999881,0
18,3,27,246824,24,3224.999881,8062.499881,0
18,27,3,246824,24,8062.499881,3224.999881,0
18,4,9,246824,12,5374.999881,4031.249881,0
18,9,4,246824,12,4031.249881,5374.999881,0
18,4,14,246824,11,5374.999881,5374.999881,0
18,14,4,246824,11,5374.999881,5374.999881,0
18,5,13,246824,10,8062.499881,8062.499881,0
18,13,5,246824,10,8062.499881,8062.499881,0
18,6,7,246824,11,2687.499881,8062.499881,0
18,7,6,246824,11,8062.499881,2687.499881,0
18,6,20,246824,41,2687.499881,8062.499881,0
18,20,6,246824,41,8062.499881,2687.499881,0
18,6,21,246824,23,2687.499881,8062.499881,0
18,21,6,246824,23,8062.499881,2687.499881,0
18,6,25,246824,29,2687.499881,8062.499881,0
18,25,6,246824,29,8062.499881,2687.499881,0
18,9,10,246824,12,4031.249881,2687.499881,0
18,10,9,246824,12,2687.499881,4031.249881,0
18,9,11,246824,9,4031.249881,4031.249881,0
18,11,9,246824,9,4031.249881,4031.249881,0
18,10,14,246824,11,2687.499881,5374.999881,0
18,14,10,246824,11,5374.999881,2687.499881,0
18,10,17,246824,24,2687.499881,8062.499881,0
18,17,10,246824,24,8062.499881,2687.499881,0
18,10,18,246824,22,2687.499881,8062.499881,0
18,18,10,246824,22,8062.499881,2687.499881,0
18,10,27,246824,25,2687.499881,8062.499881,0
18,27,10,246824,25,8062.499881,2687.499881,0
18,11,15,246824,27,4031.249881,3224.999881,0
18,15,11,246824,27,3224.999881,4031.249881,0
18,11,26,246824,25,4031.249881,8062.499881,0
18,26,11,246824,25,8062.499881,4031.249881,0
18,12,23,246824,33,4031.249881,8062.499881,0
18,23,12,246824,33,8062.499881,4031.249881,0
18,12,24,246824,36,4031.249881,8062.499881,0
18,24,12,246824,36,8062.499881,4031.249881,0
18,14,17,246824,23,5374.999881,8062.499881,0
18,17,14,246824,23,8062.499881,5374.999881,0
18,15,22,246824,43,3224.999881,8062.499881,0
18,22,15,246824,43,8062.499881,3224.999881,0
18,15,28,246824,46,3224.999881,8062.499881,0
18,28,15,246824,46,8062.499881,3224.999881,0
18,15,29,246824,34,3224.999881,8062.499881,0
18,29,15,246824,34,8062.499881,3224.999881,0
18,16,25,246824,43,5374.999881,8062.499881,0
18,25,16,246824,43,8062.499881,5374.999881,0
19,0,3,246824,7,2303.571309,2303.571309,0
19,3,0,246824,7,2303.571309,2303.571309,0
19,0,8,246824,8,2303.571309,8062.499881,0
19,8,0,246824,8,8062.499881,2303.571309,0
19,0,10,246824,10,2303.571309,2687.499881,0
19,10,0,246824,10,2687.499881,2303.571309,0
19,0,12,246824,6,2303.571309,4031.249881,0
19,12,0,246824,6,4031.249881,2303.571309,0
19,0,15,246824,27,2303.571309,3224.999881,0
19,15,0,246824,27,3224.999881,2303.571309,0
19,0,19,246824,25,2303.571309,8062.499881,0
19,19,0,246824,25,8062.499881,2303.571309,0
19,0,22,246824,34,2303.571309,8062.499881,0
19,22,0,246824,34,8062.499881,2303.571309,0
19,1,2,246824,12,1343.749881,2303.571309,0
19,2,1,246824,12,2303.571309,1343.749881,0
19,1,3,246824,9,1343.749881,2303.571309,0
19,3,1,246824,9,2303.571309,1343.749881,0
19,1,4,246824,11,1343.749881,8062.499881,0
19,4,1,246824,11,8062.499881,1343.749881,0
19,1,7,246824,10,1343.749881,8062.499881,0
19,7,1,246824,10,8062.499881,1343.749881,0
19,1,8,246824,9,1343.749881,8062.499881,0
19,8,1,246824,9,8062.499881,1343.749881,0
19,1,9,246824,10,1343.749881,5374.999881,0
19,9,1,246824,10,5374.999881,1343.749881,0
19,1,11,246824,8,1343.749881,4031.249881,0
19,11,1,246824,8,4031.249881,1343.749881,0
19,1,13,246824,9,1343.749881,8062.499881,0
19,13,1,246824,9,8062.499881,1343.749881,0
19,1,19,246824,26,1343.749881,8062.499881,0
19,19,1,246824,26,8062.499881,1343.749881,0
19,1,20,246824,40,1343.749881,8062.499881,0
19,20,1,246824,40,8062.499881,1343.749881,0
19,1,26,246824,26,1343.749881,8062.499881,0
19,26,1,246824,26,8062.499881,1343.749881,0
19,1,28,246824,38,1343.749881,8062.499881,0
19,28,1,246824,38,8062.499881,1343.749881,0
19,2,6,246824,13,2303.571309,2687.499881,0
19,6,2,246824,13,2687.499881,2303.571309,0
19,2,18,246824,22,2303.571309,8062.499881,0
19,18,2,246824,22,8062.499881,2303.571309,0
19,2,21,246824,23,2303.571309,8062.499881,0
19,21,2,246824,23,8062.499881,2303.571309,0
19,2,23,246824,35,2303.571309,8062.499881,0
19,23,2,246824,35,8062.499881,2303.571309,0
19,2,24,246824,38,2303.571309,8062.499881,0
19,24,2,246824,38,8062.499881,2303.571309,0
19,2,29,246824,27,2303.571309,8062.499881,0
19,29,2,246824,27,8062.499881,2303.571309,0
19,3,5,246824,10,2303.571309,8062.499881,0
19,5,3,246824,10,8062.499881,2303.571309,0
19,3,6,246824,10,2303.571309,2687.499881,0
19,6,3,246824,10,2687.499881,2303.571309,0
19,3,12,246824,7,2303.571309,4031.249881,0
19,12,3,246824,7,4031.249881,2303.571309,0
19,3,16,246824,35,2303.571309,8062.499881,0
19,16,3,246824,35,8062.499881,2303.571309,0
19,3,27,246824,24,2303.571309,8062.499881,0
19,27,3,246824,24,8062.499881,2303.571309,0
19,4,14,246824,11,8062.499881,5374.999881,0
19,14,4,246824,11,5374.999881,8062.499881,0
19,5,13,246824,10,8062.499881,8062.499881,0
19,13,5,246824,10,8062.499881,8062.499881,0
19,6,7,246824,11,2687.499881,8062.499881,0
19,7,6,246824,11,8062.499881,2687.499881,0
19,6,20,246824,41,2687.499881,8062.499881,0
19,20,6,246824,41,8062.499881,2687.499881,0
19,6,21,246824,23,2687.499881,8062.499881,0
19,21,6,246824,23,8062.499881,2687.499881,0
19,6,25,246824,29,2687.499881,8062.499881,0
19,25,6,246824,29,8062.499881,2687.499881,0
19,9,10,246824,12,5374.999881,2687.499881,0
19,10,9,246824,12,2687.499881,5374.999881,0
19,9,11,246824,9,5374.999881,4031.249881,0
19,11,9,246824,9,4031.249881,5374.999881,0
19,10,14,246824,11,2687.499881,5374.999881,0
19,14,10,246824,11,5374.999881,2687.499881,0
19,10,17,246824,24,2687.499881,8062.499881,0
19,17,10,246824,24,8062.499881,2687.499881,0
19,10,18,246824,22,2687.499881,8062.499881,0
19,18,10,246824,22,8062.499881,2687.499881,0
19,10,27,246824,25,2687.499881,8062.499881,0
19,27,10,246824,25,8062.499881,2687.499881,0
19,11,15,246824,27,4031.249881,3224.999881,0
19,15,11,246824,27,3224.999881,4031.249881,0
19,11,26,246824,25,4031.249881,8062.499881,0
19,26,11,246824,25,8062.499881,4031.249881,0
19,12,23,246824,33,4031.249881,8062.499881,0
19,23,12,246824,33,8062.499881,4031.249881,0
19,12,24,246824,36,4031.249881,8062.499881,0
19,24,12,246824,36,8062.499881,4031.249881,0
19,14,17,246824,23,5374.999881,8062.499881,0
19,17,14,246824,23,8062.499881,5374.999881,0
19,15,22,246824,43,3224.999881,8062.499881,0
19,22,15,246824,43,8062.499881,3224.999881,0
19,15,28,246824,46,3224.999881,8062.499881,0
19,28,15,246824,46,8062.499881,3224.999881,0
19,15,29,246824,34,3224.999881,8062.499881,0
19,29,15,246824,34,8062.499881,3224.999881,0
19,16,25,246824,43,8062.499881,8062.499881,0
19,25,16,246824,43,8062.499881,8062.499881,0
20,0,1,246824,8,2015.624881,1151.785595,0
20,1,0,246824,8,1151.785595,2015.624881,0
20,0,2,246824,11,2015.624881,2015.624881,0
20,2,0,246824,11,2015.624881,2015.624881,0
20,0,8,246824,8,2015.624881,8062.499881,0
20,8,0,246824,8,8062.499881,2015.624881,0
20,0,10,246824,10,2015.624881,2687.499881,0
20,10,0,246824,10,2687.499881,2015.624881,0
20,0,12,246824,6,2015.624881,4031.249881,0
20,12,0,246824,6,4031.249881,2015.624881,0
20,0,15,246824,27,2015.624881,3224.999881,0
20,15,0,246824,27,3224.999881,2015.624881,0
20,0,19,246824,25,2015.624881,8062.499881,0
20,19,0,246824,25,8062.499881,2015.624881,0
20,0,22,246824,34,2015.624881,8062.499881,0
20,22,0,246824,34,8062.499881,2015.624881,0
20,1,2,246824,12,1151.785595,2015.624881,0
20,2,1,246824,12,2015.624881,1151.785595,0
20,1,3,246824,9,1151.785595,3224.999881,0
20,3,1,246824,9,3224.999881,1151.785595,0
20,1,4,246824,11,1151.785595,8062.499881,0
20,4,1,246824,11,8062.499881,1151.785595,0
20,1,5,246824,11,1151.785595,8062.499881,0
20,5,1,246824,11,8062.499881,1151.785595,0
20,1,7,246824,10,1151.785595,8062.499881,0
20,7,1,246824,10,8062.499881,1151.785595,0
20,1,8,246824,9,1151.785595,8062.499881,0
20,8,1,246824,9,8062.499881,1151.785595,0
20,1,9,246824,10,1151.785595,5374.999881,0
20,9,1,246824,10,5374.999881,1151.785595,0
20,1,11,246824,8,1151.785595,4031.249881,0
20,11,1,246824,8,4031.249881,1151.785595,0
20,1,13,246824,9,1151.785595,8062.499881,0
20,13,1,246824,9,8062.499881,1151.785595,0
20,1,19,246824,26,1151.785595,8062.499881,0
20,19,1,246824,26,8062.499881,1151.785595,0
20,1,20,246824,40,1151.785595,8062.499881,0
20,20,1,246824,40,8062.499881,1151.785595,0
20,1,26,246824,26,1151.785595,8062.499881,0
20,26,1,246824,26,8062.499881,1151.785595,0
20,1,28,246824,38,1151.785595,8062.499881,0
20,28,1,246824,38,8062.499881,1151.785595,0
20,2,16,246824,36,2015.624881,5374.999881,0
20,16,2,246824,36,5374.999881,2015.624881,0
20,2,18,246824,22,2015.624881,8062.499881,0
20,18,2,246824,22,8062.499881,2015.624881,0
20,2,21,246824,23,2015.624881,8062.499881,0
20,21,2,246824,23,8062.499881,2015.624881,0
20,2,23,246824,35,2015.624881,8062.499881,0
20,23,2,246824,35,8062.499881,2015.624881,0
20,2,24,246824,38,2015.624881,8062.499881,0
20,24,2,246824,38,8062.499881,2015.624881,0
20,2,29,246824,27,2015.624881,8062.499881,0
20,29,2,246824,27,8062.499881,2015.624881,0
20,3,6,246824,10,3224.999881,3224.999881,0
20,6,3,246824,10,3224.999881,3224.999881,0
20,3,12,246824,7,3224.999881,4031.249881,0
20,12,3,246824,7,4031.249881,3224.999881,0
20,3,16,246824,35,3224.999881,5374.999881,0
20,16,3,246824,35,5374.999881,3224.999881,0
20,3,27,246824,24,3224.999881,8062.499881,0
20,27,3,246824,24,8062.499881,3224.999881,0
20,4,14,246824,11,8062.499881,5374.999881,0
20,14,4,246824,11,5374.999881,8062.499881,0
20,5,13,246824,10,8062.499881,8062.499881,0
20,13,5,246824,10,8062.499881,8062.499881,0
20,6,7,246824,11,3224.999881,8062.499881,0
20,7,6,246824,11,8062.499881,3224.999881,0
20,6,20,246824,41,3224.999881,8062.499881,0
20,20,6,246824,41,8062.499881,3224.999881,0
20,6,21,246824,23,3224.999881,8062.499881,0
20,21,6,246824,23,8062.499881,3224.999881,0
20,6,25,246824,29,3224.999881,8062.499881,0
20,25,6,246824,29,8062.499881,3224.999881,0
20,9,10,246824,12,5374.999881,2687.499881,0
20,10,9,246824,12,2687.499881,5374.999881,0
20,9,11,246824,9,5374.999881,4031.249881,0
20,11,9,246824,9,4031.249881,5374.999881,0
20,10,14,246824,11,2687.499881,5374.999881,0
20,14,10,246824,11,5374.999881,2687.499881,0
20,10,17,246824,24,2687.499881,8062.499881,0
20,17,10,246824,24,8062.499881,2687.499881,0
20,10,18,246824,22,2687.499881,8062.499881,0
20,18,10,246824,22,8062.499881,2687.499881,0
20,10,27,246824,25,2687.499881,8062.499881,0
20,27,10,246824,25,8062.499881,2687.499881,0
20,11,15,246824,27,4031.249881,3224.999881,0
20,15,11,246824,27,3224.999881,4031.249881,0
20,11,26,246824,25,4031.249881,8062.499881,0
20,26,11,246824,25,8062.499881,4031.249881,0
20,12,23,246824,33,4031.249881,8062.499881,0
20,23,12,246824,33,8062.499881,4031.249881,0
20,12,24,246824,36,4031.249881,8062.499881,0
20,24,12,246824,36,8062.499881,4031.249881,0
20,14,17,246824,23,5374.999881,8062.499881,0
20,17,14,246824,23,8062.499881,5374.999881,0
20,15,22,246824,43,3224.999881,8062.499881,0
20,22,15,246824,43,8062.499881,3224.999881,0
20,15,28,246824,46,3224.999881,8062.499881,0
20,28,15,246824,46,8062.499881,3224.999881,0
20,15,29,246824,34,3224.999881,8062.499881,0
20,29,15,246824,34,8062.499881,3224.999881,0
20,16,25,246824,43,5374.999881,8062.499881,0
20,25,16,246824,43,8062.499881,5374.999881,0
21,0,8,246824,8,2687.499881,8062.499881,0
21,8,0,246824,8,8062.499881,2687.499881,0
21,0,10,246824,10,2687.499881,2687.499881,0
21,10,0,246824,10,2687.499881,2687.499881,0
21,0,12,246824,6,2687.499881,4031.249881,0
21,12,0,246824,6,4031.249881,2687.499881,0
21,0,15,246824,27,2687.499881,3224.999881,0
21,15,0,246824,27,3224.999881,2687.499881,0
21,0,19,246824,25,2687.499881,8062.499881,0
21,19,0,246824,25,8062.499881,2687.499881,0
21,0,22,246824,34,2687.499881,8062.499881,0
21,22,0,246824,34,8062.499881,2687.499881,0
21,1,2,246824,12,1612.499881,2015.624881,0
21,2,1,246824,12,2015.624881,1612.499881,0
21,1,7,246824,10,1612.499881,8062.499881,0
21,7,1,246824,10,8062.499881,1612.499881,0
21,1,8,246824,9,1612.499881,8062.499881,0
21,8,1,246824,9,8062.499881,1612.499881,0
21,1,9,246824,10,1612.499881,4031.249881,0
21,9,1,246824,10,4031.249881,1612.499881,0
21,1,11,246824,8,1612.499881,4031.249881,0
21,11,1,246824,8,4031.249881,1612.499881,0
21,1,13,246824,9,1612.499881,8062.499881,0
21,13,1,246824,9,8062.499881,1612.499881,0
21,1,19,246824,26,1612.499881,8062.499881,0
21,19,1,246824,26,8062.499881,1612.499881,0
21,1,20,246824,40,1612.499881,8062.499881,0
21,20,1,246824,40,8062.499881,1612.499881,0
21,1,26,246824,26,1612.499881,8062.499881,0
21,26,1,246824,26,8062.499881,1612.499881,0
21,1,28,246824,38,1612.499881,8062.499881,0
21,28,1,246824,38,8062.499881,1612.499881,0
21,2,6,246824,13,2015.624881,2687.499881,0
21,6,2,246824,13,2687.499881,2015.624881,0
21,2,16,246824,36,2015.624881,5374.999881,0
21,16,2,246824,36,5374.999881,2015.624881,0
21,2,18,246824,22,2015.624881,8062.499881,0
21,18,2,246824,22,8062.499881,2015.624881,0
21,2,21,246824,23,2015.624881,8062.499881,0
21,21,2,246824,23,8062.499881,2015.624881,0
21,2,23,246824,35,2015.624881,8062.499881,0
21,23,2,246824,35,8062.499881,2015.624881,0
21,2,24,246824,38,2015.624881,8062.499881,0
21,24,2,246824,38,8062.499881,2015.624881,0
21,2,29,246824,27,2015.624881,8062.499881,0
21,29,2,246824,27,8062.499881,2015.624881,0
21,3,4,246824,11,2687.499881,5374.999881,0
21,4,3,246824,11,5374.999881,2687.499881,0
21,3,5,246824,10,2687.499881,8062.499881,0
21,5,3,246824,10,8062.499881,2687.499881,0
21,3,6,246824,10,2687.499881,2687.499881,0
21,6,3,246824,10,2687.499881,2687.499881,0
21,3,12,246824,7,2687.499881,4031.249881,0
21,12,3,246824,7,4031.249881,2687.499881,0
21,3,16,246824,35,2687.499881,5374.999881,0
21,16,3,246824,35,5374.999881,2687.499881,0
21,3,27,246824,24,2687.499881,8062.499881,0
21,27,3,246824,24,8062.499881,2687.499881,0
21,4,9,246824,12,5374.999881,4031.249881,0
21,9,4,246824,12,4031.249881,5374.999881,0
21,4,14,246824,11,5374.999881,5374.999881,0
21,14,4,246824,11,5374.999881,5374.999881,0
21,5,13,246824,10,8062.499881,8062.499881,0
21,13,5,246824,10,8062.499881,8062.499881,0
21,6,7,246824,11,2687.499881,8062.499881,0
21,7,6,246824,11,8062.499881,2687.499881,0
21,6,20,246824,41,2687.499881,8062.499881,0
21,20,6,246824,41,8062.499881,2687.499881,0
21,6,21,246824,23,2687.499881,8062.499881,0
21,21,6,246824,23,8062.499881,2687.499881,0
21,6,25,246824,29,2687.499881,8062.499881,0
21,25,6,246824,29,8062.499881,2687.499881,0
21,9,10,246824,12,4031.249881,2687.499881,0
21,10,9,246824,12,2687.499881,4031.249881,0
21,9,11,246824,9,4031.249881,4031.249881,0
21,11,9,246824,9,4031.249881,4031.249881,0
21,10,14,246824,11,2687.499881,5374.999881,0
21,14,10,246824,11,5374.999881,2687.499881,0
21,10,17,246824,24,2687.499881,8062.499881,0
21,17,10,246824,24,8062.499881,2687.499881,0
21,10,18,246824,22,2687.499881,8062.499881,0
21,18,10,246824,22,8062.499881,2687.499881,0
21,10,27,246824,25,2687.499881,8062.499881,0
21,27,10,246824,25,8062.499881,2687.499881,0
21,11,15,246824,27,4031.249881,3224.999881,0
21,15,11,246824,27,3224.999881,4031.249881,0
21,11,26,246824,25,4031.249881,8062.499881,0
21,26,11,246824,25,8062.499881,4031.249881,0
21,12,23,246824,33,4031.249881,8062.499881,0
21,23,12,246824,33,8062.499881,4031.249881,0
21,12,24,246824,36,4031.249881,8062.499881,0
21,24,12,246824,36,8062.499881,4031.249881,0
21,14,17,246824,23,5374.999881,8062.499881,0
21,17,14,246824,23,8062.499881,5374.999881,0
21,15,22,246824,43,3224.999881,8062.499881,0
21,22,15,246824,43,8062.499881,3224.999881,0
21,15,28,246824,46,3224.999881,8062.499881,0
21,28,15,246824,46,8062.499881,3224.999881,0
21,15,29,246824,34,3224.999881,8062.499881,0
21,29,15,246824,34,8062.499881,3224.999881,0
21,16,25,246824,43,5374.999881,8062.499881,0
21,25,16,246824,43,8062.499881,5374.999881,0
22,0,1,246824,8,2015.624881,1343.749881,0
22,1,0,246824,8,1343.749881,2015.624881,0
22,0,2,246824,11,2015.624881,1791.666547,0
22,2,0,246824,11,1791.666547,2015.624881,0
22,0,3,246824,7,2015.624881,2303.571309,0
22,3,0,246824,7,2303.571309,2015.624881,0
22,0,8,246824,8,2015.624881,8062.499881,0
22,8,0,246824,8,8062.499881,2015.624881,0
22,0,12,246824,6,2015.624881,4031.249881,0
22,12,0,246824,6,4031.249881,2015.624881,0
22,0,15,246824,27,2015.624881,3224.999881,0
22,15,0,246824,27,3224.999881,2015.624881,0
22,0,19,246824,25,2015.624881,8062.499881,0
22,19,0,246824,25,8062.499881,2015.624881,0
22,0,22,246824,34,2015.624881,8062.499881,0
22,22,0,246824,34,8062.499881,2015.624881,0
22,1,2,246824,12,1343.749881,1791.666547,0
22,2,1,246824,12,1791.666547,1343.749881,0
22,1,4,246824,11,1343.749881,5374.999881,0
22,4,1,246824,11,5374.999881,1343.749881,0
22,1,7,246824,10,1343.749881,8062.499881,0
22,7,1,246824,10,8062.499881,1343.749881,0
22,1,8,246824,9,1343.749881,8062.499881,0
22,8,1,246824,9,8062.499881,1343.749881,0
22,1,9,246824,10,1343.749881,5374.999881,0
22,9,1,246824,10,5374.999881,1343.749881,0
22,1,11,246824,8,1343.749881,4031.249881,0
22,11,1,246824,8,4031.249881,1343.749881,0
22,1,13,246824,9,1343.749881,8062.499881,0
22,13,1,246824,9,8062.499881,1343.749881,0
22,1,19,246824,26,1343.749881,8062.499881,0
22,19,1,246824,26,8062.499881,1343.749881,0
22,1,20,246824,40,1343.749881,8062.499881,0
22,20,1,246824,40,8062.499881,1343.749881,0
22,1,26,246824,26,1343.749881,8062.499881,0
22,26,1,246824,26,8062.499881,1343.749881,0
22,1,28,246824,38,1343.749881,8062.499881,0
22,28,1,246824,38,8062.499881,1343.749881,0
22,2,6,246824,13,1791.666547,2687.499881,0
22,6,2,246824,13,2687.499881,1791.666547,0
22,2,16,246824,36,1791.666547,5374.999881,0
22,16,2,246824,36,5374.999881,1791.666547,0
22,2,18,246824,22,1791.666547,8062.499881,0
22,18,2,246824,22,8062.499881,1791.666547,0
22,2,21,246824,23,1791.666547,8062.499881,0
22,21,2,246824,23,8062.499881,1791.666547,0
22,2,23,246824,35,1791.666547,8062.499881,0
22,23,2,246824,35,8062.499881,1791.666547,0
22,2,24,246824,38,1791.666547,8062.499881,0
22,24,2,246824,38,8062.499881,1791.666547,0
22,2,29,246824,27,1791.666547,8062.499881,0
22,29,2,246824,27,8062.499881,1791.666547,0
22,3,4,246824,11,2303.571309,5374.999881,0
22,4,3,246824,11,5374.999881,2303.571309,0
22,3,5,246824,10,2303.571309,8062.499881,0
22,5,3,246824,10,8062.499881,2303.571309,0
22,3,6,246824,10,2303.571309,2687.499881,0
22,6,3,246824,10,2687.499881,2303.571309,0
22,3,12,246824,7,2303.571309,4031.249881,0
22,12,3,246824,7,4031.249881,2303.571309,0
22,3,16,246824,35,2303.571309,5374.999881,0
22,16,3,246824,35,5374.999881,2303.571309,0
22,3,27,246824,24,2303.571309,8062.499881,0
22,27,3,246824,24,8062.499881,2303.571309,0
22,4,14,246824,11,5374.999881,5374.999881,0
22,14,4,246824,11,5374.999881,5374.999881,0
22,5,13,246824,10,8062.499881,8062.499881,0
22,13,5,246824,10,8062.499881,8062.499881,0
22,6,7,246824,11,2687.499881,8062.499881,0
22,7,6,246824,11,8062.499881,2687.499881,0
22,6,20,246824,41,2687.499881,8062.499881,0
22,20,6,246824,41,8062.499881,2687.499881,0
22,6,21,246824,23,2687.499881,8062.499881,0
22,21,6,246824,23,8062.499881,2687.499881,0
22,6,25,246824,29,2687.499881,8062.499881,0
22,25,6,246824,29,8062.499881,2687.499881,0
22,9,10,246824,12,5374.999881,3224.999881,0
22,10,9,246824,12,3224.999881,5374.999881,0
22,9,11,246824,9,5374.999881,4031.249881,0
22,11,9,246824,9,4031.249881,5374.999881,0
22,10,14,246824,11,3224.999881,5374.999881,0
22,14,10,246824,11,5374.999881,3224.999881,0
22,10,17,246824,24,3224.999881,8062.499881,0
22,17,10,246824,24,8062.499881,3224.999881,0
22,10,18,246824,22,3224.999881,8062.499881,0
22,18,10,246824,22,8062.499881,3224.999881,0
22,10,27,246824,25,3224.999881,8062.499881,0
22,27,10,246824,25,8062.499881,3224.999881,0
22,11,15,246824,27,4031.249881,3224.999881,0
22,15,11,246824,27,3224.999881,4031.249881,0
22,11,26,246824,25,4031.249881,8062.499881,0
22,26,11,246824,25,8062.499881,4031.249881,0
22,12,23,246824,33,4031.249881,8062.499881,0
22,23,12,246824,33,8062.499881,4031.249881,0
22,12,24,246824,36,4031.249881,8062.499881,0
22,24,12,246824,36,8062.499881,4031.249881,0
22,14,17,246824,23,5374.999881,8062.499881,0
22,17,14,246824,23,8062.499881,5374.999881,0
22,15,22,246824,43,3224.999881,8062.499881,0
22,22,15,246824,43,8062.499881,3224.999881,0
22,15,28,246824,46,3224.999881,8062.499881,0
22,28,15,246824,46,8062.499881,3224.999881,0
22,15,29,246824,34,3224.999881,8062.499881,0
22,29,15,246824,34,8062.499881,3224.999881,0
22,16,25,246824,43,5374.999881,8062.499881,0
22,25,16,246824,43,8062.499881,5374.999881,0
23,0,2,246824,11,2015.624881,2015.624881,0
23,2,0,246824,11,2015.624881,2015.624881,0
23,0,3,246824,7,2015.624881,2303.571309,0
23,3,0,246824,7,2303.571309,2015.624881,0
23,0,8,246824,8,2015.624881,8062.499881,0
23,8,0,246824,8,8062.499881,2015.624881,0
23,0,10,246824,10,2015.624881,2687.499881,0
23,10,0,246824,10,2687.499881,2015.624881,0
23,0,12,246824,6,2015.624881,4031.249881,0
23,12,0,246824,6,4031.249881,2015.624881,0
23,0,15,246824,27,2015.624881,3224.999881,0
23,15,0,246824,27,3224.999881,2015.624881,0
23,0,19,246824,25,2015.624881,8062.499881,0
23,19,0,246824,25,8062.499881,2015.624881,0
23,0,22,246824,34,2015.624881,8062.499881,0
23,22,0,246824,34,8062.499881,2015.624881,0
23,1,7,246824,10,1791.666547,8062.499881,0
23,7,1,246824,10,8062.499881,1791.666547,0
23,1,8,246824,9,1791.666547,8062.499881,0
23,8,1,246824,9,8062.499881,1791.666547,0
23,1,9,246824,10,1791.666547,5374.999881,0
23,9,1,246824,10,5374.999881,1791.666547,0
23,1,11,246824,8,1791.666547,4031.249881,0
23,11,1,246824,8,4031.249881,1791.666547,0
23,1,13,246824,9,1791.666547,8062.499881,0
23,13,1,246824,9,8062.499881,1791.666547,0
23,1,19,246824,26,1791.666547,8062.499881,0
23,19,1,246824,26,8062.499881,1791.666547,0
23,1,20,246824,40,1791.666547,8062.499881,0
23,20,1,246824,40,8062.499881,1791.666547,0
23,1,26,246824,26,1791.666547,8062.499881,0
23,26,1,246824,26,8062.499881,1791.666547,0
23,1,28,246824,38,1791.666547,8062.499881,0
23,28,1,246824,38,8062.499881,1791.666547,0
23,2,6,246824,13,2015.624881,2687.499881,0
23,6,2,246824,13,2687.499881,2015.624881,0
23,2,16,246824,36,2015.624881,5374.999881,0
23,16,2,246824,36,5374.999881,2015.624881,0
23,2,18,246824,22,2015.624881,8062.499881,0
23,18,2,246824,22,8062.499881,2015.624881,0
23,2,21,246824,23,2015.624881,8062.499881,0
23,21,2,246824,23,8062.499881,2015.624881,0
23,2,23,246824,35,2015.624881,8062.499881,0
23,23,2,246824,35,8062.499881,2015.624881,0
23,2,24,246824,38,2015.624881,8062.499881,0
23,24,2,246824,38,8062.499881,2015.624881,0
23,2,29,246824,27,2015.624881,8062.499881,0
23,29,2,246824,27,8062.499881,2015.624881,0
23,3,4,246824,11,2303.571309,8062.499881,0
23,4,3,246824,11,8062.499881,2303.571309,0
23,3,5,246824,10,2303.571309,8062.499881,0
23,5,3,246824,10,8062.499881,2303.571309,0
23,3,6,246824,10,2303.571309,2687.499881,0
23,6,3,246824,10,2687.499881,2303.571309,0
23,3,12,246824,7,2303.571309,4031.249881,0
23,12,3,246824,7,4031.249881,2303.571309,0
23,3,16,246824,35,2303.571309,5374.999881,0
23,16,3,246824,35,5374.999881,2303.571309,0
23,3,27,246824,24,2303.571309,8062.499881,0
23,27,3,246824,24,8062.499881,2303.571309,0
23,4,14,246824,11,8062.499881,5374.999881,0
23,14,4,246824,11,5374.999881,8062.499881,0
23,5,13,246824,10,8062.499881,8062.499881,0
23,13,5,246824,10,8062.499881,8062.499881,0
23,6,7,246824,11,2687.499881,8062.499881,0
23,7,6,246824,11,8062.499881,2687.499881,0
23,6,20,246824,41,2687.499881,8062.499881,0
23,20,6,246824,41,8062.499881,2687.499881,0
23,6,21,246824,23,2687.499881,8062.499881,0
23,21,6,246824,23,8062.499881,2687.499881,0
23,6,25,246824,29,2687.499881,8062.499881,0
23,25,6,246824,29,8062.499881,2687.499881,0
23,9,10,246824,12,5374.999881,2687.499881,0
23,10,9,246824,12,2687.499881,5374.999881,0
23,9,11,246824,9,5374.999881,4031.249881,0
23,11,9,246824,9,4031.249881,5374.999881,0
23,10,14,246824,11,2687.499881,5374.999881,0
23,14,10,246824,11,5374.999881,2687.499881,0
23,10,17,246824,24,2687.499881,8062.499881,0
23,17,10,246824,24,8062.499881,2687.499881,0
23,10,18,246824,22,2687.499881,8062.499881,0
23,18,10,246824,22,8062.499881,2687.499881,0
23,10,27,246824,25,2687.499881,8062.499881,0
23,27,10,246824,25,8062.499881,2687.499881,0
23,11,15,246824,27,4031.249881,3224.999881,0
23,15,11,246824,27,3224.999881,4031.249881,0
23,11,26,246824,25,4031.249881,8062.499881,0
23,26,11,246824,25,8062.499881,4031.249881,0
23,12,23,246824,33,4031.249881,8062.499881,0
23,23,12,246824,33,8062.499881,4031.249881,0
23,12,24,246824,36,4031.249881,8062.499881,0
23,24,12,246824,36,8062.499881,4031.249881,0
23,14,17,246824,23,5374.999881,8062.499881,0
23,17,14,246824,23,8062.499881,5374.999881,0
23,15,22,246824,43,3224.999881,8062.499881,0
23,22,15,246824,43,8062.499881,3224.999881,0
23,15,28,246824,46,3224.999881,8062.499881,0
23,28,15,246824,46,8062.499881,3224.999881,0
23,15,29,246824,34,3224.999881,8062.499881,0
23,29,15,246824,34,8062.499881,3224.999881,0
23,16,25,246824,43,5374.999881,8062.499881,0
23,25,16,246824,43,8062.499881,5374.999881,0
24,0,1,246824,8,2015.624881,1151.785595,0
24,1,0,246824,8,1151.785595,2015.624881,0
24,0,2,246824,11,2015.624881,1791.666547,0
24,2,0,246824,11,1791.666547,2015.624881,0
24,0,8,246824,8,2015.624881,8062.499881,0
24,8,0,246824,8,8062.499881,2015.624881,0
24,0,10,246824,10,2015.624881,3224.999881,0
24,10,0,246824,10,3224.999881,2015.624881,0
24,0,12,246824,6,2015.624881,4031.249881,0
24,12,0,246824,6,4031.249881,2015.624881,0
24,0,15,246824,27,2015.624881,3224.999881,0
24,15,0,246824,27,3224.999881,2015.624881,0
24,0,19,246824,25,2015.624881,8062.499881,0
24,19,0,246824,25,8062.499881,2015.624881,0
24,0,22,246824,34,2015.624881,8062.499881,0
24,22,0,246824,34,8062.499881,2015.624881,0
24,1,2,246824,12,1151.785595,1791.666547,0
24,2,1,246824,12,1791.666547,1151.785595,0
24,1,3,246824,9,1151.785595,2303.571309,0
24,3,1,246824,9,2303.571309,1151.785595,0
24,1,4,246824,11,1151.785595,5374.999881,0
24,4,1,246824,11,5374.999881,1151.785595,0
24,1,5,246824,11,1151.785595,5374.999881,0
24,5,1,246824,11,5374.999881,1151.785595,0
24,1,7,246824,10,1151.785595,8062.499881,0
24,7,1,246824,10,8062.499881,1151.785595,0
24,1,8,246824,9,1151.785595,8062.499881,0
24,8,1,246824,9,8062.499881,1151.785595,0
24,1,9,246824,10,1151.785595,8062.499881,0
24,9,1,246824,10,8062.499881,1151.785595,0
24,1,11,246824,8,1151.785595,4031.249881,0
24,11,1,246824,8,4031.249881,1151.785595,0
24,1,13,246824,9,1151.785595,8062.499881,0
24,13,1,246824,9,8062.499881,1151.785595,0
24,1,19,246824,26,1151.785595,8062.499881,0
24,19,1,246824,26,8062.499881,1151.785595,0
24,1,20,246824,40,1151.785595,8062.499881,0
24,20,1,246824,40,8062.499881,1151.785595,0
24,1,26,246824,26,1151.785595,8062.499881,0
24,26,1,246824,26,8062.499881,1151.785595,0
24,1,28,246824,38,1151.785595,8062.499881,0
24,28,1,246824,38,8062.499881,1151.785595,0
24,2,6,246824,13,1791.666547,2687.499881,0
24,6,2,246824,13,2687.499881,1791.666547,0
24,2,16,246824,36,1791.666547,5374.999881,0
24,16,2,246824,36,5374.999881,1791.666547,0
24,2,18,246824,22,1791.666547,8062.499881,0
24,18,2,246824,22,8062.499881,1791.666547,0
24,2,21,246824,23,1791.666547,8062.499881,0
24,21,2,246824,23,8062.499881,1791.666547,0
24,2,23,246824,35,1791.666547,8062.499881,0
24,23,2,246824,35,8062.499881,1791.666547,0
24,2,24,246824,38,1791.666547,8062.499881,0
24,24,2,246824,38,8062.499881,1791.666547,0
24,2,29,246824,27,1791.666547,8062.499881,0
24,29,2,246824,27,8062.499881,1791.666547,0
24,3,4,246824,11,2303.571309,5374.999881,0
24,4,3,246824,11,5374.999881,2303.571309,0
24,3,5,246824,10,2303.571309,5374.999881,0
24,5,3,246824,10,5374.999881,2303.571309,0
24,3,6,246824,10,2303.571309,2687.499881,0
24,6,3,246824,10,2687.499881,2303.571309,0
24,3,12,246824,7,2303.571309,4031.249881,0
24,12,3,246824,7,4031.249881,2303.571309,0
24,3,16,246824,35,2303.571309,5374.999881,0
24,16,3,246824,35,5374.999881,2303.571309,0
24,3,27,246824,24,2303.571309,8062.499881,0
24,27,3,246824,24,8062.499881,2303.571309,0
24,4,14,246824,11,5374.999881,5374.999881,0
24,14,4,246824,11,5374.999881,5374.999881,0
24,5,13,246824,10,5374.999881,8062.499881,0
24,13,5,246824,10,8062.499881,5374.999881,0
24,6,7,246824,11,2687.499881,8062.499881,0
24,7,6,246824,11,8062.499881,2687.499881,0
24,6,20,246824,41,2687.499881,8062.499881,0
24,20,6,246824,41,8062.499881,2687.499881,0
24,6,21,246824,23,2687.499881,8062.499881,0
24,21,6,246824,23,8062.499881,2687.499881,0
24,6,25,246824,29,2687.499881,8062.499881,0
24,25,6,246824,29,8062.499881,2687.499881,0
24,9,11,246824,9,8062.499881,4031.249881,0
24,11,9,246824,9,4031.249881,8062.499881,0
24,10,14,246824,11,3224.999881,5374.999881,0
24,14,10,246824,11,5374.999881,3224.999881,0
24,10,17,246824,24,3224.999881,8062.499881,0
24,17,10,246824,24,8062.499881,3224.999881,0
24,10,18,246824,22,3224.999881,8062.499881,0
24,18,10,246824,22,8062.499881,3224.999881,0
24,10,27,246824,25,3224.999881,8062.499881,0
24,27,10,246824,25,8062.499881,3224.999881,0
24,11,15,246824,27,4031.249881,3224.999881,0
24,15,11,246824,27,3224.999881,4031.249881,0
24,11,26,246824,25,4031.249881,8062.499881,0
24,26,11,246824,25,8062.499881,4031.249881,0
24,12,23,246824,33,4031.249881,8062.499881,0
24,23,12,246824,33,8062.499881,4031.249881,0
24,12,24,246824,36,4031.249881,8062.499881,0
24,24,12,246824,36,8062.499881,4031.249881,0
24,14,17,246824,23,5374.999881,8062.499881,0
24,17,14,246824,23,8062.499881,5374.999881,0
24,15,22,246824,43,3224.999881,8062.499881,0
24,22,15,246824,43,8062.499881,3224.999881,0
24,15,28,246824,46,3224.999881,8062.499881,0
24,28,15,246824,46,8062.499881,3224.999881,0
24,15,29,246824,34,3224.999881,8062.499881,0
24,29,15,246824,34,8062.499881,3224.999881,0
24,16,25,246824,43,5374.999881,8062.499881,0
24,25,16,246824,43,8062.499881,5374.999881,0
25,0,1,246824,8,2015.624881,1240.384496,0
25,1,0,246824,8,1240.384496,2015.624881,0
25,0,2,246824,11,2015.624881,2015.624881,0
25,2,0,246824,11,2015.624881,2015.624881,0
25,0,8,246824,8,2015.624881,8062.499881,0
25,8,0,246824,8,8062.499881,2015.624881,0
25,0,10,246824,10,2015.624881,2687.499881,0
25,10,0,246824,10,2687.499881,2015.624881,0
25,0,12,246824,6,2015.624881,4031.249881,0
25,12,0,246824,6,4031.249881,2015.624881,0
25,0,15,246824,27,2015.624881,3224.999881,0
25,15,0,246824,27,3224.999881,2015.624881,0
25,0,19,246824,25,2015.624881,8062.499881,0
25,19,0,246824,25,8062.499881,2015.624881,0
25,0,22,246824,34,2015.624881,8062.499881,0
25,22,0,246824,34,8062.499881,2015.624881,0
25,1,2,246824,12,1240.384496,2015.624881,0
25,2,1,246824,12,2015.624881,1240.384496,0
25,1,3,246824,9,1240.384496,2687.499881,0
25,3,1,246824,9,2687.499881,1240.384496,0
25,1,4,246824,11,1240.384496,5374.999881,0
25,4,1,246824,11,5374.999881,1240.384496,0
25,1,7,246824,10,1240.384496,8062.499881,0
25,7,1,246824,10,8062.499881,1240.384496,0
25,1,8,246824,9,1240.384496,8062.499881,0
25,8,1,246824,9,8062.499881,1240.384496,0
25,1,9,246824,10,1240.384496,4031.249881,0
25,9,1,246824,10,4031.249881,1240.384496,0
25,1,11,246824,8,1240.384496,4031.249881,0
25,11,1,246824,8,4031.249881,1240.384496,0
25,1,13,246824,9,1240.384496,8062.499881,0
25,13,1,246824,9,8062.499881,1240.384496,0
25,1,19,246824,26,1240.384496,8062.499881,0
25,19,1,246824,26,8062.499881,1240.384496,0
25,1,20,246824,40,1240.384496,8062.499881,0
25,20,1,246824,40,8062.499881,1240.384496,0
25,1,26,246824,26,1240.384496,8062.499881,0
25,26,1,246824,26,8062.499881,1240.384496,0
25,1,28,246824,38,1240.384496,8062.499881,0
25,28,1,246824,38,8062.499881,1240.384496,0
25,2,16,246824,36,2015.624881,5374.999881,0
25,16,2,246824,36,5374.999881,2015.624881,0
25,2,18,246824,22,2015.624881,8062.499881,0
25,18,2,246824,22,8062.499881,2015.624881,0
25,2,21,246824,23,2015.624881,8062.499881,0
25,21,2,246824,23,8062.499881,2015.624881,0
25,2,23,246824,35,2015.624881,8062.499881,0
25,23,2,246824,35,8062.499881,2015.624881,0
25,2,24,246824,38,2015.624881,8062.499881,0
25,24,2,246824,38,8062.499881,2015.624881,0
25,2,29,246824,27,2015.624881,8062.499881,0
25,29,2,246824,27,8062.499881,2015.624881,0
25,3,5,246824,10,2687.499881,8062.499881,0
25,5,3,246824,10,8062.499881,2687.499881,0
25,3,6,246824,10,2687.499881,3224.999881,0
25,6,3,246824,10,3224.999881,2687.499881,0
25,3,12,246824,7,2687.499881,4031.249881,0
25,12,3,246824,7,4031.249881,2687.499881,0
25,3,16,246824,35,2687.499881,5374.999881,0
25,16,3,246824,35,5374.999881,2687.499881,0
25,3,27,246824,24,2687.499881,8062.499881,0
25,27,3,246824,24,8062.499881,2687.499881,0
25,4,9,246824,12,5374.999881,4031.249881,0
25,9,4,246824,12,4031.249881,5374.999881,0
25,4,14,246824,11,5374.999881,5374.999881,0
25,14,4,246824,11,5374.999881,5374.999881,0
25,5,13,246824,10,8062.499881,8062.499881,0
25,13,5,246824,10,8062.499881,8062.499881,0
25,6,7,246824,11,3224.999881,8062.499881,0
25,7,6,246824,11,8062.499881,3224.999881,0
25,6,20,246824,41,3224.999881,8062.499881,0
25,20,6,246824,41,8062.499881,3224.999881,0
25,6,21,246824,23,3224.999881,8062.499881,0
25,21,6,246824,23,8062.499881,3224.999881,0
25,6,25,246824,29,3224.999881,8062.499881,0
25,25,6,246824,29,8062.499881,3224.999881,0
25,9,10,246824,12,4031.249881,2687.499881,0
25,10,9,246824,12,2687.499881,4031.249881,0
25,9,11,246824,9,4031.249881,4031.249881,0
25,11,9,246824,9,4031.249881,4031.249881,0
25,10,14,246824,11,2687.499881,5374.999881,0
25,14,10,246824,11,5374.999881,2687.499881,0
25,10,17,246824,24,2687.499881,8062.499881,0
25,17,10,246824,24,8062.499881,2687.499881,0
25,10,18,246824,22,2687.499881,8062.499881,0
25,18,10,246824,22,8062.499881,2687.499881,0
25,10,27,246824,25,2687.499881,8062.499881,0
25,27,10,246824,25,8062.499881,2687.499881,0
25,11,15,246824,27,4031.249881,3224.999881,0
25,15,11,246824,27,3224.999881,4031.249881,0
25,11,26,246824,25,4031.249881,8062.499881,0
25,26,11,246824,25,8062.499881,4031.249881,0
25,12,23,246824,33,4031.249881,8062.499881,0
25,23,12,246824,33,8062.499881,4031.249881,0
25,12,24,246824,36,4031.249881,8062.499881,0
25,24,12,246824,36,8062.499881,4031.249881,0
25,14,17,246824,23,5374.999881,8062.499881,0
25,17,14,246824,23,8062.499881,5374.999881,0
25,15,22,246824,43,3224.999881,8062.499881,0
25,22,15,246824,43,8062.499881,3224.999881,0
25,15,28,246824,46,3224.999881,8062.499881,0
25,28,15,246824,46,8062.499881,3224.999881,0
25,15,29,246824,34,3224.999881,8062.499881,0
25,29,15,246824,34,8062.499881,3224.999881,0
25,16,25,246824,43,5374.999881,8062.499881,0
25,25,16,246824,43,8062.499881,5374.999881,0
26,0,2,246824,11,2303.571309,2015.624881,0
26,2,0,246824,11,2015.624881,2303.571309,0
26,0,8,246824,8,2303.571309,8062.499881,0
26,8,0,246824,8,8062.499881,2303.571309,0
26,0,10,246824,10,2303.571309,3224.999881,0
26,10,0,246824,10,3224.999881,2303.571309,0
26,0,12,246824,6,2303.571309,4031.249881,0
26,12,0,246824,6,4031.249881,2303.571309,0
26,0,15,246824,27,2303.571309,3224.999881,0
26,15,0,246824,27,3224.999881,2303.571309,0
26,0,19,246824,25,2303.571309,8062.499881,0
26,19,0,246824,25,8062.499881,2303.571309,0
26,0,22,246824,34,2303.571309,8062.499881,0
26,22,0,246824,34,8062.499881,2303.571309,0
26,1,4,246824,11,1612.499881,5374.999881,0
26,4,1,246824,11,5374.999881,1612.499881,0
26,1,7,246824,10,1612.499881,8062.499881,0
26,7,1,246824,10,8062.499881,1612.499881,0
26,1,8,246824,9,1612.499881,8062.499881,0
26,8,1,246824,9,8062.499881,1612.499881,0
26,1,9,246824,10,1612.499881,8062.499881,0
26,9,1,246824,10,8062.499881,1612.499881,0
26,1,11,246824,8,1612.499881,4031.249881,0
26,11,1,246824,8,4031.249881,1612.499881,0
26,1,13,246824,9,1612.499881,8062.499881,0
26,13,1,246824,9,8062.499881,1612.499881,0
26,1,19,246824,26,1612.499881,8062.499881,0
26,19,1,246824,26,8062.499881,1612.499881,0
26,1,20,246824,40,1612.499881,8062.499881,0
26,20,1,246824,40,8062.499881,1612.499881,0
26,1,26,246824,26,1612.499881,8062.499881,0
26,26,1,246824,26,8062.499881,1612.499881,0
26,1,28,246824,38,1612.499881,8062.499881,0
26,28,1,246824,38,8062.499881,1612.499881,0
26,2,6,246824,13,2015.624881,2687.499881,0
26,6,2,246824,13,2687.499881,2015.624881,0
26,2,16,246824,36,2015.624881,5374.999881,0
26,16,2,246824,36,5374.999881,2015.624881,0
26,2,18,246824,22,2015.624881,8062.499881,0
26,18,2,246824,22,8062.499881,2015.624881,0
26,2,21,246824,23,2015.624881,8062.499881,0
26,21,2,246824,23,8062.499881,2015.624881,0
26,2,23,246824,35,2015.624881,8062.499881,0
26,23,2,246824,35,8062.499881,2015.624881,0
26,2,24,246824,38,2015.624881,8062.499881,0
26,24,2,246824,38,8062.499881,2015.624881,0
26,2,29,246824,27,2015.624881,8062.499881,0
26,29,2,246824,27,8062.499881,2015.624881,0
26,3,4,246824,11,2687.499881,5374.999881,0
26,4,3,246824,11,5374.999881,2687.499881,0
26,3,5,246824,10,2687.499881,8062.499881,0
26,5,3,246824,10,8062.499881,2687.499881,0
26,3,6,246824,10,2687.499881,2687.499881,0
26,6,3,246824,10,2687.499881,2687.499881,0
26,3,12,246824,7,2687.499881,4031.249881,0
26,12,3,246824,7,4031.249881,2687.499881,0
26,3,16,246824,35,2687.499881,5374.999881,0
26,16,3,246824,35,5374.999881,2687.499881,0
26,3,27,246824,24,2687.499881,8062.499881,0
26,27,3,246824,24,8062.499881,2687.499881,0
26,4,14,246824,11,5374.999881,5374.999881,0
26,14,4,246824,11,5374.999881,5374.999881,0
26,5,13,246824,10,8062.499881,8062.499881,0
26,13,5,246824,10,8062.499881,8062.499881,0
26,6,7,246824,11,2687.499881,8062.499881,0
26,7,6,246824,11,8062.499881,2687.499881,0
26,6,20,246824,41,2687.499881,8062.499881,0
26,20,6,246824,41,8062.499881,2687.499881,0
26,6,21,246824,23,2687.499881,8062.499881,0
26,21,6,246824,23,8062.499881,2687.499881,0
26,6,25,246824,29,2687.499881,8062.499881,0
26,25,6,246824,29,8062.499881,2687.499881,0
26,9,11,246824,9,8062.499881,4031.249881,0
26,11,9,246824,9,4031.249881,8062.499881,0
26,10,14,246824,11,3224.999881,5374.999881,0
26,14,10,246824,11,5374.999881,3224.999881,0
26,10,17,246824,24,3224.999881,8062.499881,0
26,17,10,246824,24,8062.499881,3224.999881,0
26,10,18,246824,22,3224.999881,8062.499881,0
26,18,10,246824,22,8062.499881,3224.999881,0
26,10,27,246824,25,3224.999881,8062.499881,0
26,27,10,246824,25,8062.499881,3224.999881,0
26,11,15,246824,27,4031.249881,3224.999881,0
26,15,11,246824,27,3224.999881,4031.249881,0
26,11,26,246824,25,4031.249881,8062.499881,0
26,26,11,246824,25,8062.499881,4031.249881,0
26,12,23,246824,33,4031.249881,8062.499881,0
26,23,12,246824,33,8062.499881,4031.249881,0
26,12,24,246824,36,4031.249881,8062.499881,0
26,24,12,246824,36,8062.499881,4031.249881,0
26,14,17,246824,23,5374.999881,8062.499881,0
26,17,14,246824,23,8062.499881,5374.999881,0
26,15,22,246824,43,3224.999881,8062.499881,0
26,22,15,246824,43,8062.499881,3224.999881,0
26,15,28,246824,46,3224.999881,8062.499881,0
26,28,15,246824,46,8062.499881,3224.999881,0
26,15,29,246824,34,3224.999881,8062.499881,0
26,29,15,246824,34,8062.499881,3224.999881,0
26,16,25,246824,43,5374.999881,8062.499881,0
26,25,16,246824,43,8062.499881,5374.999881,0
27,0,1,246824,8,1791.666547,1151.785595,0
27,1,0,246824,8,1151.785595,1791.666547,0
27,0,2,246824,11,1791.666547,1791.666547,0
27,2,0,246824,11,1791.666547,1791.666547,0
27,0,3,246824,7,1791.666547,2687.499881,0
27,3,0,246824,7,2687.499881,1791.666547,0
27,0,8,246824,8,1791.666547,8062.499881,0
27,8,0,246824,8,8062.499881,1791.666547,0
27,0,10,246824,10,1791.666547,2687.499881,0
27,10,0,246824,10,2687.499881,1791.666547,0
27,0,12,246824,6,1791.666547,4031.249881,0
27,12,0,246824,6,4031.249881,1791.666547,0
27,0,15,246824,27,1791.666547,3224.999881,0
27,15,0,246824,27,3224.999881,1791.666547,0
27,0,19,246824,25,1791.666547,8062.499881,0
27,19,0,246824,25,8062.499881,1791.666547,0
27,0,22,246824,34,1791.666547,8062.499881,0
27,22,0,246824,34,8062.499881,1791.666547,0
27,1,2,246824,12,1151.785595,1791.666547,0
27,2,1,246824,12,1791.666547,1151.785595,0
27,1,3,246824,9,1151.785595,2687.499881,0
27,3,1,246824,9,2687.499881,1151.785595,0
27,1,4,246824,11,1151.785595,5374.999881,0
27,4,1,246824,11,5374.999881,1151.785595,0
27,1,5,246824,11,1151.785595,8062.499881,0
27,5,1,246824,11,8062.499881,1151.785595,0
27,1,7,246824,10,1151.785595,8062.499881,0
27,7,1,246824,10,8062.499881,1151.785595,0
27,1,8,246824,9,1151.785595,8062.499881,0
27,8,1,246824,9,8062.499881,1151.785595,0
27,1,9,246824,10,1151.785595,4031.249881,0
27,9,1,246824,10,4031.249881,1151.785595,0
27,1,11,246824,8,1151.785595,4031.249881,0
27,11,1,246824,8,4031.249881,1151.785595,0
27,1,13,246824,9,1151.785595,8062.499881,0
27,13,1,246824,9,8062.499881,1151.785595,0
27,1,19,246824,26,1151.785595,8062.499881,0
27,19,1,246824,26,8062.499881,1151.785595,0
27,1,20,246824,40,1151.785595,8062.499881,0
27,20,1,246824,40,8062.499881,1151.785595,0
27,1,26,246824,26,1151.785595,8062.499881,0
27,26,1,246824,26,8062.499881,1151.785595,0
27,1,28,246824,38,1151.785595,8062.499881,0
27,28,1,246824,38,8062.499881,1151.785595,0
27,2,6,246824,13,1791.666547,2687.499881,0
27,6,2,246824,13,2687.499881,1791.666547,0
27,2,16,246824,36,1791.666547,5374.999881,0
27,16,2,246824,36,5374.999881,1791.666547,0
27,2,18,246824,22,1791.666547,8062.499881,0
27,18,2,246824,22,8062.499881,1791.666547,0
27,2,21,246824,23,1791.666547,8062.499881,0
27,21,2,246824,23,8062.499881,1791.666547,0
27,2,23,246824,35,1791.666547,8062.499881,0
27,23,2,246824,35,8062.499881,1791.666547,0
27,2,24,246824,38,1791.666547,8062.499881,0
27,24,2,246824,38,8062.499881,1791.666547,0
27,2,29,246824,27,1791.666547,8062.499881,0
27,29,2,246824,27,8062.499881,1791.666547,0
27,3,6,246824,10,2687.499881,2687.499881,0
27,6,3,246824,10,2687.499881,2687.499881,0
27,3,12,246824,7,2687.499881,4031.249881,0
27,12,3,246824,7,4031.249881,2687.499881,0
27,3,16,246824,35,2687.499881,5374.999881,0
27,16,3,246824,35,5374.999881,2687.499881,0
27,3,27,246824,24,2687.499881,8062.499881,0
27,27,3,246824,24,8062.499881,2687.499881,0
27,4,9,246824,12,5374.999881,4031.249881,0
27,9,4,246824,12,4031.249881,5374.999881,0
27,4,14,246824,11,5374.999881,5374.999881,0
27,14,4,246824,11,5374.999881,5374.999881,0
27,5,13,246824,10,8062.499881,8062.499881,0
27,13,5,246824,10,8062.499881,8062.499881,0
27,6,7,246824,11,2687.499881,8062.499881,0
27,7,6,246824,11,8062.499881,2687.499881,0
27,6,20,246824,41,2687.499881,8062.499881,0
27,20,6,246824,41,8062.499881,2687.499881,0
27,6,21,246824,23,2687.499881,8062.499881,0
27,21,6,246824,23,8062.499881,2687.499881,0
27,6,25,246824,29,2687.499881,8062.499881,0
27,25,6,246824,29,8062.499881,2687.499881,0
27,9,10,246824,12,4031.249881,2687.499881,0
27,10,9,246824,12,2687.499881,4031.249881,0
27,9,11,246824,9,4031.249881,4031.249881,0
27,11,9,246824,9,4031.249881,4031.249881,0
27,10,14,246824,11,2687.499881,5374.999881,0
27,14,10,246824,11,5374.999881,2687.499881,0
27,10,17,246824,24,2687.499881,8062.499881,0
27,17,10,246824,24,8062.499881,2687.499881,0
27,10,18,246824,22,2687.499881,8062.499881,0
27,18,10,246824,22,8062.499881,2687.499881,0
27,10,27,246824,25,2687.499881,8062.499881,0
27,27,10,246824,25,8062.499881,2687.499881,0
27,11,15,246824,27,4031.249881,3224.999881,0
27,15,11,246824,27,3224.999881,4031.249881,0
27,11,26,246824,25,4031.249881,8062.499881,0
27,26,11,246824,25,8062.499881,4031.249881,0
27,12,23,246824,33,4031.249881,8062.499881,0
27,23,12,246824,33,8062.499881,4031.249881,0
27,12,24,246824,36,4031.249881,8062.499881,0
27,24,12,246824,36,8062.499881,4031.249881,0
27,14,17,246824,23,5374.999881,8062.499881,0
27,17,14,246824,23,8062.499881,5374.999881,0
27,15,22,246824,43,3224.999881,8062.499881,0
27,22,15,246824,43,8062.499881,3224.999881,0
27,15,28,246824,46,3224.999881,8062.499881,0
27,28,15,246824,46,8062.499881,3224.999881,0
27,15,29,246824,34,3224.999881,8062.499881,0
27,29,15,246824,34,8062.499881,3224.999881,0
27,16,25,246824,43,5374.999881,8062.499881,0
27,25,16,246824,43,8062.499881,5374.999881,0
28,0,2,246824,11,2303.571309,1791.666547,0
28,2,0,246824,11,1791.666547,2303.571309,0
28,0,3,246824,7,2303.571309,2015.624881,0
28,3,0,246824,7,2015.624881,2303.571309,0
28,0,8,246824,8,2303.571309,8062.499881,0
28,8,0,246824,8,8062.499881,2303.571309,0
28,0,12,246824,6,2303.571309,4031.249881,0
28,12,0,246824,6,4031.249881,2303.571309,0
28,0,15,246824,27,2303.571309,3224.999881,0
28,15,0,246824,27,3224.999881,2303.571309,0
28,0,19,246824,25,2303.571309,8062.499881,0
28,19,0,246824,25,8062.499881,2303.571309,0
28,0,22,246824,34,2303.571309,8062.499881,0
28,22,0,246824,34,8062.499881,2303.571309,0
28,1,2,246824,12,1240.384496,1791.666547,0
28,2,1,246824,12,1791.666547,1240.384496,0
28,1,3,246824,9,1240.384496,2015.624881,0
28,3,1,246824,9,2015.624881,1240.384496,0
28,1,4,246824,11,1240.384496,5374.999881,0
28,4,1,246824,11,5374.999881,1240.384496,0
28,1,5,246824,11,1240.384496,5374.999881,0
28,5,1,246824,11,5374.999881,1240.384496,0
28,1,7,246824,10,1240.384496,8062.499881,0
28,7,1,246824,10,8062.499881,1240.384496,0
28,1,8,246824,9,1240.384496,8062.499881,0
28,8,1,246824,9,8062.499881,1240.384496,0
28,1,9,246824,10,1240.384496,5374.999881,0
28,9,1,246824,10,5374.999881,1240.384496,0
28,1,11,246824,8,1240.384496,4031.249881,0
28,11,1,246824,8,4031.249881,1240.384496,0
28,1,13,246824,9,1240.384496,8062.499881,0
28,13,1,246824,9,8062.499881,1240.384496,0
28,1,19,246824,26,1240.384496,8062.499881,0
28,19,1,246824,26,8062.499881,1240.384496,0
28,1,20,246824,40,1240.384496,8062.499881,0
28,20,1,246824,40,8062.499881,1240.384496,0
28,1,26,246824,26,1240.384496,8062.499881,0
28,26,1,246824,26,8062.499881,1240.384496,0
28,1,28,246824,38,1240.384496,8062.499881,0
28,28,1,246824,38,8062.499881,1240.384496,0
28,2,6,246824,13,1791.666547,2687.499881,0
28,6,2,246824,13,2687.499881,1791.666547,0
28,2,16,246824,36,1791.666547,5374.999881,0
28,16,2,246824,36,5374.999881,1791.666547,0
28,2,18,246824,22,1791.666547,8062.499881,0
28,18,2,246824,22,8062.499881,1791.666547,0
28,2,21,246824,23,1791.666547,8062.499881,0
28,21,2,246824,23,8062.499881,1791.666547,0
28,2,23,246824,35,1791.666547,8062.499881,0
28,23,2,246824,35,8062.499881,1791.666547,0
28,2,24,246824,38,1791.666547,8062.499881,0
28,24,2,246824,38,8062.499881,1791.666547,0
28,2,29,246824,27,1791.666547,8062.499881,0
28,29,2,246824,27,8062.499881,1791.666547,0
28,3,4,246824,11,2015.624881,5374.999881,0
28,4,3,246824,11,5374.999881,2015.624881,0
28,3,5,246824,10,2015.624881,5374.999881,0
28,5,3,246824,10,5374.999881,2015.624881,0
28,3,6,246824,10,2015.624881,2687.499881,0
28,6,3,246824,10,2687.499881,2015.624881,0
28,3,12,246824,7,2015.624881,4031.249881,0
28,12,3,246824,7,4031.249881,2015.624881,0
28,3,16,246824,35,2015.624881,5374.999881,0
28,16,3,246824,35,5374.999881,2015.624881,0
28,3,27,246824,24,2015.624881,8062.499881,0
28,27,3,246824,24,8062.499881,2015.624881,0
28,4,14,246824,11,5374.999881,5374.999881,0
28,14,4,246824,11,5374.999881,5374.999881,0
28,5,13,246824,10,5374.999881,8062.499881,0
28,13,5,246824,10,8062.499881,5374.999881,0
28,6,7,246824,11,2687.499881,8062.499881,0
28,7,6,246824,11,8062.499881,2687.499881,0
28,6,20,246824,41,2687.499881,8062.499881,0
28,20,6,246824,41,8062.499881,2687.499881,0
28,6,21,246824,23,2687.499881,8062.499881,0
28,21,6,246824,23,8062.499881,2687.499881,0
28,6,25,246824,29,2687.499881,8062.499881,0
28,25,6,246824,29,8062.499881,2687.499881,0
28,9,10,246824,12,5374.999881,3224.999881,0
28,10,9,246824,12,3224.999881,5374.999881,0
28,9,11,246824,9,5374.999881,4031.249881,0
28,11,9,246824,9,4031.249881,5374.999881,0
28,10,14,246824,11,3224.999881,5374.999881,0
28,14,10,246824,11,5374.999881,3224.999881,0
28,10,17,246824,24,3224.999881,8062.499881,0
28,17,10,246824,24,8062.499881,3224.999881,0
28,10,18,246824,22,3224.999881,8062.499881,0
28,18,10,246824,22,8062.499881,3224.999881,0
28,10,27,246824,25,3224.999881,8062.499881,0
28,27,10,246824,25,8062.499881,3224.999881,0
28,11,15,246824,27,4031.249881,3224.999881,0
28,15,11,246824,27,3224.999881,4031.249881,0
28,11,26,246824,25,4031.249881,8062.499881,0
28,26,11,246824,25,8062.499881,4031.249881,0
28,12,23,246824,33,4031.249881,8062.499881,0
28,23,12,246824,33,8062.499881,4031.249881,0
28,12,24,246824,36,4031.249881,8062.499881,0
28,24,12,246824,36,8062.499881,4031.249881,0
28,14,17,246824,23,5374.999881,8062.499881,0
28,17,14,246824,23,8062.499881,5374.999881,0
28,15,22,246824,43,3224.999881,8062.499881,0
28,22,15,246824,43,8062.499881,3224.999881,0
28,15,28,246824,46,3224.999881,8062.499881,0
28,28,15,246824,46,8062.499881,3224.999881,0
28,15,29,246824,34,3224.999881,8062.499881,0
28,29,15,246824,34,8062.499881,3224.999881,0
28,16,25,246824,43,5374.999881,8062.499881,0
28,25,16,246824,43,8062.499881,5374.999881,0
29,0,1,246824,8,2303.571309,1343.749881,0
29,1,0,246824,8,1343.749881,2303.571309,0
29,0,2,246824,11,2303.571309,1791.666547,0
29,2,0,246824,11,1791.666547,2303.571309,0
29,0,8,246824,8,2303.571309,8062.499881,0
29,8,0,246824,8,8062.499881,2303.571309,0
29,0,12,246824,6,2303.571309,4031.249881,0
29,12,0,246824,6,4031.249881,2303.571309,0
29,0,15,246824,27,2303.571309,3224.999881,0
29,15,0,246824,27,3224.999881,2303.571309,0
29,0,19,246824,25,2303.571309,8062.499881,0
29,19,0,246824,25,8062.499881,2303.571309,0
29,0,22,246824,34,2303.571309,8062.499881,0
29,22,0,246824,34,8062.499881,2303.571309,0
29,1,2,246824,12,1343.749881,1791.666547,0
29,2,1,246824,12,1791.666547,1343.749881,0
29,1,4,246824,11,1343.749881,5374.999881,0
29,4,1,246824,11,5374.999881,1343.749881,0
29,1,7,246824,10,1343.749881,8062.499881,0
29,7,1,246824,10,8062.499881,1343.749881,0
29,1,8,246824,9,1343.749881,8062.499881,0
29,8,1,246824,9,8062.499881,1343.749881,0
29,1,9,246824,10,1343.749881,5374.999881,0
29,9,1,246824,10,5374.999881,1343.749881,0
29,1,11,246824,8,1343.749881,4031.249881,0
29,11,1,246824,8,4031.249881,1343.749881,0
29,1,13,246824,9,1343.749881,8062.499881,0
29,13,1,246824,9,8062.499881,1343.749881,0
29,1,19,246824,26,1343.749881,8062.499881,0
29,19,1,246824,26,8062.499881,1343.749881,0
29,1,20,246824,40,1343.749881,8062.499881,0
29,20,1,246824,40,8062.499881,1343.749881,0
29,1,26,246824,26,1343.749881,8062.499881,0
29,26,1,246824,26,8062.499881,1343.749881,0
29,1,28,246824,38,1343.749881,8062.499881,0
29,28,1,246824,38,8062.499881,1343.749881,0
29,2,6,246824,13,1791.666547,2687.499881,0
29,6,2,246824,13,2687.499881,1791.666547,0
29,2,16,246824,36,1791.666547,5374.999881,0
29,16,2,246824,36,5374.999881,1791.666547,0
29,2,18,246824,22,1791.666547,8062.499881,0
29,18,2,246824,22,8062.499881,1791.666547,0
29,2,21,246824,23,1791.666547,8062.499881,0
29,21,2,246824,23,8062.499881,1791.666547,0
29,2,23,246824,35,1791.666547,8062.499881,0
29,23,2,246824,35,8062.499881,1791.666547,0
29,2,24,246824,38,1791.666547,8062.499881,0
29,24,2,246824,38,8062.499881,1791.666547,0
29,2,29,246824,27,1791.666547,8062.499881,0
29,29,2,246824,27,8062.499881,1791.666547,0
29,3,4,246824,11,2687.499881,5374.999881,0
29,4,3,246824,11,5374.999881,2687.499881,0
29,3,5,246824,10,2687.499881,8062.499881,0
29,5,3,246824,10,8062.499881,2687.499881,0
29,3,6,246824,10,2687.499881,2687.499881,0
29,6,3,246824,10,2687.499881,2687.499881,0
29,3,12,246824,7,2687.499881,4031.249881,0
29,12,3,246824,7,4031.249881,2687.499881,0
29,3,16,246824,35,2687.499881,5374.999881,0
29,16,3,246824,35,5374.999881,2687.499881,0
29,3,27,246824,24,2687.499881,8062.499881,0
29,27,3,246824,24,8062.499881,2687.499881,0
29,4,14,246824,11,5374.999881,5374.999881,0
29,14,4,246824,11,5374.999881,5374.999881,0
29,5,13,246824,10,8062.499881,8062.499881,0
29,13,5,246824,10,8062.499881,8062.499881,0
29,6,7,246824,11,2687.499881,8062.499881,0
29,7,6,246824,11,8062.499881,2687.499881,0
29,6,20,246824,41,2687.499881,8062.499881,0
29,20,6,246824,41,8062.499881,2687.499881,0
29,6,21,246824,23,2687.499881,8062.499881,0
29,21,6,246824,23,8062.499881,2687.499881,0
29,6,25,246824,29,2687.499881,8062.499881,0
29,25,6,246824,29,8062.499881,2687.499881,0
29,9,10,246824,12,5374.999881,3224.999881,0
29,10,9,246824,12,3224.999881,5374.999881,0
29,9,11,246824,9,5374.999881,4031.249881,0
29,11,9,246824,9,4031.249881,5374.999881,0
29,10,14,246824,11,3224.999881,5374.999881,0
29,14,10,246824,11,5374.999881,3224.999881,0
29,10,17,246824,24,3224.999881,8062.499881,0
29,17,10,246824,24,8062.499881,3224.999881,0
29,10,18,246824,22,3224.999881,8062.499881,0
29,18,10,246824,22,8062.499881,3224.999881,0
29,10,27,246824,25,3224.999881,8062.499881,0
29,27,10,246824,25,8062.499881,3224.999881,0
29,11,15,246824,27,4031.249881,3224.999881,0
29,15,11,246824,27,3224.999881,4031.249881,0
29,11,26,246824,25,4031.249881,8062.499881,0
29,26,11,246824,25,8062.499881,4031.249881,0
29,12,23,246824,33,4031.249881,8062.499881,0
29,23,12,246824,33,8062.499881,4031.249881,0
29,12,24,246824,36,4031.249881,8062.499881,0
29,24,12,246824,36,8062.499881,4031.249881,0
29,14,17,246824,23,5374.999881,8062.499881,0
29,17,14,246824,23,8062.499881,5374.999881,0
29,15,22,246824,43,3224.999881,8062.499881,0
29,22,15,246824,43,8062.499881,3224.999881,0
29,15,28,246824,46,3224.999881,8062.499881,0
29,28,15,246824,46,8062.499881,3224.999881,0
29,15,29,246824,34,3224.999881,8062.499881,0
29,29,15,246824,34,8062.499881,3224.999881,0
29,16,25,246824,43,5374.999881,8062.499881,0
29,25,16,246824,43,8062.499881,5374.999881,0
30,0,1,246824,8,1791.666547,1465.908972,0
30,1,0,246824,8,1465.908972,1791.666547,0
30,0,2,246824,11,1791.666547,2015.624881,0
30,2,0,246824,11,2015.624881,1791.666547,0
30,0,3,246824,7,1791.666547,2687.499881,0
30,3,0,246824,7,2687.499881,1791.666547,0
30,0,8,246824,8,1791.666547,8062.499881,0
30,8,0,246824,8,8062.499881,1791.666547,0
30,0,10,246824,10,1791.666547,2687.499881,0
30,10,0,246824,10,2687.499881,1791.666547,0
30,0,12,246824,6,1791.666547,4031.249881,0
30,12,0,246824,6,4031.249881,1791.666547,0
30,0,15,246824,27,1791.666547,3224.999881,0
30,15,0,246824,27,3224.999881,1791.666547,0
30,0,19,246824,25,1791.666547,8062.499881,0
30,19,0,246824,25,8062.499881,1791.666547,0
30,0,22,246824,34,1791.666547,8062.499881,0
30,22,0,246824,34,8062.499881,1791.666547,0
30,1,4,246824,11,1465.908972,5374.999881,0
30,4,1,246824,11,5374.999881,1465.908972,0
30,1,7,246824,10,1465.908972,8062.499881,0
30,7,1,246824,10,8062.499881,1465.908972,0
30,1,8,246824,9,1465.908972,8062.499881,0
30,8,1,246824,9,8062.499881,1465.908972,0
30,1,9,246824,10,1465.908972,4031.249881,0
30,9,1,246824,10,4031.249881,1465.908972,0
30,1,11,246824,8,1465.908972,4031.249881,0
30,11,1,246824,8,4031.249881,1465.908972,0
30,1,13,246824,9,1465.908972,8062.499881,0
30,13,1,246824,9,8062.499881,1465.908972,0
30,1,19,246824,26,1465.908972,8062.499881,0
30,19,1,246824,26,8062.499881,1465.908972,0
30,1,20,246824,40,1465.908972,8062.499881,0
30,20,1,246824,40,8062.499881,1465.908972,0
30,1,26,246824,26,1465.908972,8062.499881,0
30,26,1,246824,26,8062.499881,1465.908972,0
30,1,28,246824,38,1465.908972,8062.499881,0
30,28,1,246824,38,8062.499881,1465.908972,0
30,2,6,246824,13,2015.624881,2687.499881,0
30,6,2,246824,13,2687.499881,2015.624881,0
30,2,16,246824,36,2015.624881,5374.999881,0
30,16,2,246824,36,5374.999881,2015.624881,0
30,2,18,246824,22,2015.624881,8062.499881,0
30,18,2,246824,22,8062.499881,2015.624881,0
30,2,21,246824,23,2015.624881,8062.499881,0
30,21,2,246824,23,8062.499881,2015.624881,0
30,2,23,246824,35,2015.624881,8062.499881,0
30,23,2,246824,35,8062.499881,2015.624881,0
30,2,24,246824,38,2015.624881,8062.499881,0
30,24,2,246824,38,8062.499881,2015.624881,0
30,2,29,246824,27,2015.624881,8062.499881,0
30,29,2,246824,27,8062.499881,2015.624881,0
30,3,5,246824,10,2687.499881,8062.499881,0
30,5,3,246824,10,8062.499881,2687.499881,0
30,3,6,246824,10,2687.499881,2687.499881,0
30,6,3,246824,10,2687.499881,2687.499881,0
30,3,12,246824,7,2687.499881,4031.249881,0
30,12,3,246824,7,4031.249881,2687.499881,0
30,3,16,246824,35,2687.499881,5374.999881,0
30,16,3,246824,35,5374.999881,2687.499881,0
30,3,27,246824,24,2687.499881,8062.499881,0
30,27,3,246824,24,8062.499881,2687.499881,0
30,4,9,246824,12,5374.999881,4031.249881,0
30,9,4,246824,12,4031.249881,5374.999881,0
30,4,14,246824,11,5374.999881,5374.999881,0
30,14,4,246824,11,5374.999881,5374.999881,0
30,5,13,246824,10,8062.499881,8062.499881,0
30,13,5,246824,10,8062.499881,8062.499881,0
30,6,7,246824,11,2687.499881,8062.499881,0
30,7,6,246824,11,8062.499881,2687.499881,0
30,6,20,246824,41,2687.499881,8062.499881,0
30,20,6,246824,41,8062.499881,2687.499881,0
30,6,21,246824,23,2687.499881,8062.499881,0
30,21,6,246824,23,8062.499881,2687.499881,0
30,6,25,246824,29,2687.499881,8062.499881,0
30,25,6,246824,29,8062.499881,2687.499881,0
30,9,10,246824,12,4031.249881,2687.499881,0
30,10,9,246824,12,2687.499881,4031.249881,0
30,9,11,246824,9,4031.249881,4031.249881,0
30,11,9,246824,9,4031.249881,4031.249881,0
30,10,14,246824,11,2687.499881,5374.999881,0
30,14,10,246824,11,5374.999881,2687.499881,0
30,10,17,246824,24,2687.499881,8062.499881,0
30,17,10,246824,24,8062.499881,2687.499881,0
30,10,18,246824,22,2687.499881,8062.499881,0
30,18,10,246824,22,8062.499881,2687.499881,0
30,10,27,246824,25,2687.499881,8062.499881,0
30,27,10,246824,25,8062.499881,2687.499881,0
30,11,15,246824,27,4031.249881,3224.999881,0
30,15,11,246824,27,3224.999881,4031.249881,0
30,11,26,246824,25,4031.249881,8062.499881,0
30,26,11,246824,25,8062.499881,4031.249881,0
30,12,23,246824,33,4031.249881,8062.499881,0
30,23,12,246824,33,8062.499881,4031.249881,0
30,12,24,246824,36,4031.249881,8062.499881,0
30,24,12,246824,36,8062.499881,4031.249881,0
30,14,17,246824,23,5374.999881,8062.499881,0
30,17,14,246824,23,8062.499881,5374.999881,0
30,15,22,246824,43,3224.999881,8062.499881,0
30,22,15,246824,43,8062.499881,3224.999881,0
30,15,28,246824,46,3224.999881,8062.499881,0
30,28,15,246824,46,8062.499881,3224.999881,0
30,15,29,246824,34,3224.999881,8062.499881,0
30,29,15,246824,34,8062.499881,3224.999881,0
30,16,25,246824,43,5374.999881,8062.499881,0
30,25,16,246824,43,8062.499881,5374.999881,0
31,0,1,246824,8,2687.499882,1151.785596,0
31,1,0,246824,8,1151.785596,2687.499882,0
31,0,8,246824,8,2687.499882,8062.499882,0
31,8,0,246824,8,8062.499882,2687.499882,0
31,0,12,246824,6,2687.499882,4031.249882,0
31,12,0,246824,6,4031.249882,2687.499882,0
31,0,15,246824,27,2687.499882,3224.999882,0
31,15,0,246824,27,3224.999882,2687.499882,0
31,0,19,246824,25,2687.499882,8062.499882,0
31,19,0,246824,25,8062.499882,2687.499882,0
31,0,22,246824,34,2687.499882,8062.499882,0
31,22,0,246824,34,8062.499882,2687.499882,0
31,1,2,246824,12,1151.785596,2015.624882,0
31,2,1,246824,12,2015.624882,1151.785596,0
31,1,3,246824,9,1151.785596,2303.571310,0
31,3,1,246824,9,2303.571310,1151.785596,0
31,1,4,246824,11,1151.785596,5374.999882,0
31,4,1,246824,11,5374.999882,1151.785596,0
31,1,5,246824,11,1151.785596,5374.999882,0
31,5,1,246824,11,5374.999882,1151.785596,0
31,1,7,246824,10,1151.785596,8062.499882,0
31,7,1,246824,10,8062.499882,1151.785596,0
31,1,8,246824,9,1151.785596,8062.499882,0
31,8,1,246824,9,8062.499882,1151.785596,0
31,1,9,246824,10,1151.785596,5374.999882,0
31,9,1,246824,10,5374.999882,1151.785596,0
31,1,11,246824,8,1151.785596,4031.249882,0
31,11,1,246824,8,4031.249882,1151.785596,0
31,1,13,246824,9,1151.785596,8062.499882,0
31,13,1,246824,9,8062.499882,1151.785596,0
31,1,19,246824,26,1151.785596,8062.499882,0
31,19,1,246824,26,8062.499882,1151.785596,0
31,1,20,246824,40,1151.785596,8062.499882,0
31,20,1,246824,40,8062.499882,1151.785596,0
31,1,26,246824,26,1151.785596,8062.499882,0
31,26,1,246824,26,8062.499882,1151.785596,0
31,1,28,246824,38,1151.785596,8062.499882,0
31,28,1,246824,38,8062.499882,1151.785596,0
31,2,6,246824,13,2015.624882,2687.499882,0
31,6,2,246824,13,2687.499882,2015.624882,0
31,2,16,246824,36,2015.624882,5374.999882,0
31,16,2,246824,36,5374.999882,2015.624882,0
31,2,18,246824,22,2015.624882,8062.499882,0
31,18,2,246824,22,8062.499882,2015.624882,0
31,2,21,246824,23,2015.624882,8062.499882,0
31,21,2,246824,23,8062.499882,2015.624882,0
31,2,23,246824,35,2015.624882,8062.499882,0
31,23,2,246824,35,8062.499882,2015.624882,0
31,2,24,246824,38,2015.624882,8062.499882,0
31,24,2,246824,38,8062.499882,2015.624882,0
31,2,29,246824,27,2015.624882,8062.499882,0
31,29,2,246824,27,8062.499882,2015.624882,0
31,3,4,246824,11,2303.571310,5374.999882,0
31,4,3,246824,11,5374.999882,2303.571310,0
31,3,5,246824,10,2303.571310,5374.999882,0
31,5,3,246824,10,5374.999882,2303.571310,0
31,3,6,246824,10,2303.571310,2687.499882,0
31,6,3,246824,10,2687.499882,2303.571310,0
31,3,12,246824,7,2303.571310,4031.249882,0
31,12,3,246824,7,4031.249882,2303.571310,0
31,3,16,246824,35,2303.571310,5374.999882,0
31,16,3,246824,35,5374.999882,2303.571310,0
31,3,27,246824,24,2303.571310,8062.499882,0
31,27,3,246824,24,8062.499882,2303.571310,0
31,4,14,246824,11,5374.999882,5374.999882,0
31,14,4,246824,11,5374.999882,5374.999882,0
31,5,13,246824,10,5374.999882,8062.499882,0
31,13,5,246824,10,8062.499882,5374.999882,0
31,6,7,246824,11,2687.499882,8062.499882,0
31,7,6,246824,11,8062.499882,2687.499882,0
31,6,20,246824,41,2687.499882,8062.499882,0
31,20,6,246824,41,8062.499882,2687.499882,0
31,6,21,246824,23,2687.499882,8062.499882,0
31,21,6,246824,23,8062.499882,2687.499882,0
31,6,25,246824,29,2687.499882,8062.499882,0
31,25,6,246824,29,8062.499882,2687.499882,0
31,9,10,246824,12,5374.999882,3224.999882,0
31,10,9,246824,12,3224.999882,5374.999882,0
31,9,11,246824,9,5374.999882,4031.249882,0
31,11,9,246824,9,4031.249882,5374.999882,0
31,10,14,246824,11,3224.999882,5374.999882,0
31,14,10,246824,11,5374.999882,3224.999882,0
31,10,17,246824,24,3224.999882,8062.499882,0
31,17,10,246824,24,8062.499882,3224.999882,0
31,10,18,246824,22,3224.999882,8062.499882,0
31,18,10,246824,22,8062.499882,3224.999882,0
31,10,27,246824,25,3224.999882,8062.499882,0
31,27,10,246824,25,8062.499882,3224.999882,0
31,11,15,246824,27,4031.249882,3224.999882,0
31,15,11,246824,27,3224.999882,4031.249882,0
31,11,26,246824,25,4031.249882,8062.499882,0
31,26,11,246824,25,8062.499882,4031.249882,0
31,12,23,246824,33,4031.249882,8062.499882,0
31,23,12,246824,33,8062.499882,4031.249882,0
31,12,24,246824,36,4031.249882,8062.499882,0
31,24,12,246824,36,8062.499882,4031.249882,0
31,14,17,246824,23,5374.999882,8062.499882,0
31,17,14,246824,23,8062.499882,5374.999882,0
31,15,22,246824,43,3224.999882,8062.499882,0
31,22,15,246824,43,8062.499882,3224.999882,0
31,15,28,246824,46,3224.999882,8062.499882,0
31,28,15,246824,46,8062.499882,3224.999882,0
31,15,29,246824,34,3224.999882,8062.499882,0
31,29,15,246824,34,8062.499882,3224.999882,0
31,16,25,246824,43,5374.999882,8062.499882,0
31,25,16,246824,43,8062.499882,5374.999882,0
32,0,2,246824,11,2303.571309,1791.666547,0
32,2,0,246824,11,1791.666547,2303.571309,0
32,0,8,246824,8,2303.571309,8062.499881,0
32,8,0,246824,8,8062.499881,2303.571309,0
32,0,10,246824,10,2303.571309,2687.499881,0
32,10,0,246824,10,2687.499881,2303.571309,0
32,0,12,246824,6,2303.571309,4031.249881,0
32,12,0,246824,6,4031.249881,2303.571309,0
32,0,15,246824,27,2303.571309,3224.999881,0
32,15,0,246824,27,3224.999881,2303.571309,0
32,0,19,246824,25,2303.571309,8062.499881,0
32,19,0,246824,25,8062.499881,2303.571309,0
32,0,22,246824,34,2303.571309,8062.499881,0
32,22,0,246824,34,8062.499881,2303.571309,0
32,1,2,246824,12,1240.384496,1791.666547,0
32,2,1,246824,12,1791.666547,1240.384496,0
32,1,3,246824,9,1240.384496,2687.499881,0
32,3,1,246824,9,2687.499881,1240.384496,0
32,1,4,246824,11,1240.384496,5374.999881,0
32,4,1,246824,11,5374.999881,1240.384496,0
32,1,5,246824,11,1240.384496,5374.999881,0
32,5,1,246824,11,5374.999881,1240.384496,0
32,1,7,246824,10,1240.384496,8062.499881,0
32,7,1,246824,10,8062.499881,1240.384496,0
32,1,8,246824,9,1240.384496,8062.499881,0
32,8,1,246824,9,8062.499881,1240.384496,0
32,1,9,246824,10,1240.384496,4031.249881,0
32,9,1,246824,10,4031.249881,1240.384496,0
32,1,11,246824,8,1240.384496,4031.249881,0
32,11,1,246824,8,4031.249881,1240.384496,0
32,1,13,246824,9,1240.384496,8062.499881,0
32,13,1,246824,9,8062.499881,1240.384496,0
32,1,19,246824,26,1240.384496,8062.499881,0
32,19,1,246824,26,8062.499881,1240.384496,0
32,1,20,246824,40,1240.384496,8062.499881,0
32,20,1,246824,40,8062.499881,1240.384496,0
32,1,26,246824,26,1240.384496,8062.499881,0
32,26,1,246824,26,8062.499881,1240.384496,0
32,1,28,246824,38,1240.384496,8062.499881,0
32,28,1,246824,38,8062.499881,1240.384496,0
32,2,6,246824,13,1791.666547,2687.499881,0
32,6,2,246824,13,2687.499881,1791.666547,0
32,2,16,246824,36,1791.666547,5374.999881,0
32,16,2,246824,36,5374.999881,1791.666547,0
32,2,18,246824,22,1791.666547,8062.499881,0
32,18,2,246824,22,8062.499881,1791.666547,0
32,2,21,246824,23,1791.666547,8062.499881,0
32,21,2,246824,23,8062.499881,1791.666547,0
32,2,23,246824,35,1791.666547,8062.499881,0
32,23,2,246824,35,8062.499881,1791.666547,0
32,2,24,246824,38,1791.666547,8062.499881,0
32,24,2,246824,38,8062.499881,1791.666547,0
32,2,29,246824,27,1791.666547,8062.499881,0
32,29,2,246824,27,8062.499881,1791.666547,0
32,3,5,246824,10,2687.499881,5374.999881,0
32,5,3,246824,10,5374.999881,2687.499881,0
32,3,6,246824,10,2687.499881,2687.499881,0
32,6,3,246824,10,2687.499881,2687.499881,0
32,3,12,246824,7,2687.499881,4031.249881,0
32,12,3,246824,7,4031.249881,2687.499881,0
32,3,16,246824,35,2687.499881,5374.999881,0
32,16,3,246824,35,5374.999881,2687.499881,0
32,3,27,246824,24,2687.499881,8062.499881,0
32,27,3,246824,24,8062.499881,2687.499881,0
32,4,9,246824,12,5374.999881,4031.249881,0
32,9,4,246824,12,4031.249881,5374.999881,0
32,4,14,246824,11,5374.999881,5374.999881,0
32,14,4,246824,11,5374.999881,5374.999881,0
32,5,13,246824,10,5374.999881,8062.499881,0
32,13,5,246824,10,8062.499881,5374.999881,0
32,6,7,246824,11,2687.499881,8062.499881,0
32,7,6,246824,11,8062.499881,2687.499881,0
32,6,20,246824,41,2687.499881,8062.499881,0
32,20,6,246824,41,8062.499881,2687.499881,0
32,6,21,246824,23,2687.499881,8062.499881,0
32,21,6,246824,23,8062.499881,2687.499881,0
32,6,25,246824,29,2687.499881,8062.499881,0
32,25,6,246824,29,8062.499881,2687.499881,0
32,9,10,246824,12,4031.249881,2687.499881,0
32,10,9,246824,12,2687.499881,4031.249881,0
32,9,11,246824,9,4031.249881,4031.249881,0
32,11,9,246824,9,4031.249881,4031.249881,0
32,10,14,246824,11,2687.499881,5374.999881,0
32,14,10,246824,11,5374.999881,2687.499881,0
32,10,17,246824,24,2687.499881,8062.499881,0
32,17,10,246824,24,8062.499881,2687.499881,0
32,10,18,246824,22,2687.499881,8062.499881,0
32,18,10,246824,22,8062.499881,2687.499881,0
32,10,27,246824,25,2687.499881,8062.499881,0
32,27,10,246824,25,8062.499881,2687.499881,0
32,11,15,246824,27,4031.249881,3224.999881,0
32,15,11,246824,27,3224.999881,4031.249881,0
32,11,26,246824,25,4031.249881,8062.499881,0
32,26,11,246824,25,8062.499881,4031.249881,0
32,12,23,246824,33,4031.249881,8062.499881,0
32,23,12,246824,33,8062.499881,4031.249881,0
32,12,24,246824,36,4031.249881,8062.499881,0
32,24,12,246824,36,8062.499881,4031.249881,0
32,14,17,246824,23,5374.999881,8062.499881,0
32,17,14,246824,23,8062.499881,5374.999881,0
32,15,22,246824,43,3224.999881,8062.499881,0
32,22,15,246824,43,8062.499881,3224.999881,0
32,15,28,246824,46,3224.999881,8062.499881,0
32,28,15,246824,46,8062.499881,3224.999881,0
32,15,29,246824,34,3224.999881,8062.499881,0
32,29,15,246824,34,8062.499881,3224.999881,0
32,16,25,246824,43,5374.999881,8062.499881,0
32,25,16,246824,43,8062.499881,5374.999881,0
33,0,1,246824,8,1791.666547,1151.785595,0
33,1,0,246824,8,1151.785595,1791.666547,0
33,0,2,246824,11,1791.666547,1791.666547,0
33,2,0,246824,11,1791.666547,1791.666547,0
33,0,3,246824,7,1791.666547,2303.571309,0
33,3,0,246824,7,2303.571309,1791.666547,0
33,0,8,246824,8,1791.666547,8062.499881,0
33,8,0,246824,8,8062.499881,1791.666547,0
33,0,10,246824,10,1791.666547,3224.999881,0
33,10,0,246824,10,3224.999881,1791.666547,0
33,0,12,246824,6,1791.666547,4031.249881,0
33,12,0,246824,6,4031.249881,1791.666547,0
33,0,15,246824,27,1791.666547,3224.999881,0
33,15,0,246824,27,3224.999881,1791.666547,0
33,0,19,246824,25,1791.666547,8062.499881,0
33,19,0,246824,25,8062.499881,1791.666547,0
33,0,22,246824,34,1791.666547,8062.499881,0
33,22,0,246824,34,8062.499881,1791.666547,0
33,1,2,246824,12,1151.785595,1791.666547,0
33,2,1,246824,12,1791.666547,1151.785595,0
33,1,3,246824,9,1151.785595,2303.571309,0
33,3,1,246824,9,2303.571309,1151.785595,0
33,1,4,246824,11,1151.785595,5374.999881,0
33,4,1,246824,11,5374.999881,1151.785595,0
33,1,5,246824,11,1151.785595,5374.999881,0
33,5,1,246824,11,5374.999881,1151.785595,0
33,1,7,246824,10,1151.785595,8062.499881,0
33,7,1,246824,10,8062.499881,1151.785595,0
33,1,8,246824,9,1151.785595,8062.499881,0
33,8,1,246824,9,8062.499881,1151.785595,0
33,1,9,246824,10,1151.785595,8062.499881,0
33,9,1,246824,10,8062.499881,1151.785595,0
33,1,11,246824,8,1151.785595,4031.249881,0
33,11,1,246824,8,4031.249881,1151.785595,0
33,1,13,246824,9,1151.785595,8062.499881,0
33,13,1,246824,9,8062.499881,1151.785595,0
33,1,19,246824,26,1151.785595,8062.499881,0
33,19,1,246824,26,8062.499881,1151.785595,0
33,1,20,246824,40,1151.785595,8062.499881,0
33,20,1,246824,40,8062.499881,1151.785595,0
33,1,26,246824,26,1151.785595,8062.499881,0
33,26,1,246824,26,8062.499881,1151.785595,0
33,1,28,246824,38,1151.785595,8062.499881,0
33,28,1,246824,38,8062.499881,1151.785595,0
33,2,6,246824,13,1791.666547,3224.999881,0
33,6,2,246824,13,3224.999881,1791.666547,0
33,2,16,246824,36,1791.666547,5374.999881,0
33,16,2,246824,36,5374.999881,1791.666547,0
33,2,18,246824,22,1791.666547,8062.499881,0
33,18,2,246824,22,8062.499881,1791.666547,0
33,2,21,246824,23,1791.666547,8062.499881,0
33,21,2,246824,23,8062.499881,1791.666547,0
33,2,23,246824,35,1791.666547,8062.499881,0
33,23,2,246824,35,8062.499881,1791.666547,0
33,2,24,246824,38,1791.666547,8062.499881,0
33,24,2,246824,38,8062.499881,1791.666547,0
33,2,29,246824,27,1791.666547,8062.499881,0
33,29,2,246824,27,8062.499881,1791.666547,0
33,3,4,246824,11,2303.571309,5374.999881,0
33,4,3,246824,11,5374.999881,2303.571309,0
33,3,5,246824,10,2303.571309,5374.999881,0
33,5,3,246824,10,5374.999881,2303.571309,0
33,3,12,246824,7,2303.571309,4031.249881,0
33,12,3,246824,7,4031.249881,2303.571309,0
33,3,16,246824,35,2303.571309,5374.999881,0
33,16,3,246824,35,5374.999881,2303.571309,0
33,3,27,246824,24,2303.571309,8062.499881,0
33,27,3,246824,24,8062.499881,2303.571309,0
33,4,14,246824,11,5374.999881,5374.999881,0
33,14,4,246824,11,5374.999881,5374.999881,0
33,5,13,246824,10,5374.999881,8062.499881,0
33,13,5,246824,10,8062.499881,5374.999881,0
33,6,7,246824,11,3224.999881,8062.499881,0
33,7,6,246824,11,8062.499881,3224.999881,0
33,6,20,246824,41,3224.999881,8062.499881,0
33,20,6,246824,41,8062.499881,3224.999881,0
33,6,21,246824,23,3224.999881,8062.499881,0
33,21,6,246824,23,8062.499881,3224.999881,0
33,6,25,246824,29,3224.999881,8062.499881,0
33,25,6,246824,29,8062.499881,3224.999881,0
33,9,11,246824,9,8062.499881,4031.249881,0
33,11,9,246824,9,4031.249881,8062.499881,0
33,10,14,246824,11,3224.999881,5374.999881,0
33,14,10,246824,11,5374.999881,3224.999881,0
33,10,17,246824,24,3224.999881,8062.499881,0
33,17,10,246824,24,8062.499881,3224.999881,0
33,10,18,246824,22,3224.999881,8062.499881,0
33,18,10,246824,22,8062.499881,3224.999881,0
33,10,27,246824,25,3224.999881,8062.499881,0
33,27,10,246824,25,8062.499881,3224.999881,0
33,11,15,246824,27,4031.249881,3224.999881,0
33,15,11,246824,27,3224.999881,4031.249881,0
33,11,26,246824,25,4031.249881,8062.499881,0
33,26,11,246824,25,8062.499881,4031.249881,0
33,12,23,246824,33,4031.249881,8062.499881,0
33,23,12,246824,33,8062.499881,4031.249881,0
33,12,24,246824,36,4031.249881,8062.499881,0
33,24,12,246824,36,8062.499881,4031.249881,0
33,14,17,246824,23,5374.999881,8062.499881,0
33,17,14,246824,23,8062.499881,5374.999881,0
33,15,22,246824,43,3224.999881,8062.499881,0
33,22,15,246824,43,8062.499881,3224.999881,0
33,15,28,246824,46,3224.999881,8062.499881,0
33,28,15,246824,46,8062.499881,3224.999881,0
33,15,29,246824,34,3224.999881,8062.499881,0
33,29,15,246824,34,8062.499881,3224.999881,0
33,16,25,246824,43,5374.999881,8062.499881,0
33,25,16,246824,43,8062.499881,5374.999881,0
34,0,2,246824,11,2303.571309,2015.624881,0
34,2,0,246824,11,2015.624881,2303.571309,0
34,0,8,246824,8,2303.571309,8062.499881,0
34,8,0,246824,8,8062.499881,2303.571309,0
34,0,10,246824,10,2303.571309,2687.499881,0
34,10,0,246824,10,2687.499881,2303.571309,0
34,0,12,246824,6,2303.571309,4031.249881,0
34,12,0,246824,6,4031.249881,2303.571309,0
34,0,15,246824,27,2303.571309,3224.999881,0
34,15,0,246824,27,3224.999881,2303.571309,0
34,0,19,246824,25,2303.571309,8062.499881,0
34,19,0,246824,25,8062.499881,2303.571309,0
34,0,22,246824,34,2303.571309,8062.499881,0
34,22,0,246824,34,8062.499881,2303.571309,0
34,1,4,246824,11,1465.908972,5374.999881,0
34,4,1,246824,11,5374.999881,1465.908972,0
34,1,5,246824,11,1465.908972,8062.499881,0
34,5,1,246824,11,8062.499881,1465.908972,0
34,1,7,246824,10,1465.908972,8062.499881,0
34,7,1,246824,10,8062.499881,1465.908972,0
34,1,8,246824,9,1465.908972,8062.499881,0
34,8,1,246824,9,8062.499881,1465.908972,0
34,1,9,246824,10,1465.908972,5374.999881,0
34,9,1,246824,10,5374.999881,1465.908972,0
34,1,11,246824,8,1465.908972,4031.249881,0
34,11,1,246824,8,4031.249881,1465.908972,0
34,1,13,246824,9,1465.908972,8062.499881,0
34,13,1,246824,9,8062.499881,1465.908972,0
34,1,19,246824,26,1465.908972,8062.499881,0
34,19,1,246824,26,8062.499881,1465.908972,0
34,1,20,246824,40,1465.908972,8062.499881,0
34,20,1,246824,40,8062.499881,1465.908972,0
34,1,26,246824,26,1465.908972,8062.499881,0
34,26,1,246824,26,8062.499881,1465.908972,0
34,1,28,246824,38,1465.908972,8062.499881,0
34,28,1,246824,38,8062.499881,1465.908972,0
34,2,6,246824,13,2015.624881,2687.499881,0
34,6,2,246824,13,2687.499881,2015.624881,0
34,2,16,246824,36,2015.624881,5374.999881,0
34,16,2,246824,36,5374.999881,2015.624881,0
34,2,18,246824,22,2015.624881,8062.499881,0
34,18,2,246824,22,8062.499881,2015.624881,0
34,2,21,246824,23,2015.624881,8062.499881,0
34,21,2,246824,23,8062.499881,2015.624881,0
34,2,23,246824,35,2015.624881,8062.499881,0
34,23,2,246824,35,8062.499881,2015.624881,0
34,2,24,246824,38,2015.624881,8062.499881,0
34,24,2,246824,38,8062.499881,2015.624881,0
34,2,29,246824,27,2015.624881,8062.499881,0
34,29,2,246824,27,8062.499881,2015.624881,0
34,3,4,246824,11,3224.999881,5374.999881,0
34,4,3,246824,11,5374.999881,3224.999881,0
34,3,6,246824,10,3224.999881,2687.499881,0
34,6,3,246824,10,2687.499881,3224.999881,0
34,3,12,246824,7,3224.999881,4031.249881,0
34,12,3,246824,7,4031.249881,3224.999881,0
34,3,16,246824,35,3224.999881,5374.999881,0
34,16,3,246824,35,5374.999881,3224.999881,0
34,3,27,246824,24,3224.999881,8062.499881,0
34,27,3,246824,24,8062.499881,3224.999881,0
34,4,14,246824,11,5374.999881,5374.999881,0
34,14,4,246824,11,5374.999881,5374.999881,0
34,5,13,246824,10,8062.499881,8062.499881,0
34,13,5,246824,10,8062.499881,8062.499881,0
34,6,7,246824,11,2687.499881,8062.499881,0
34,7,6,246824,11,8062.499881,2687.499881,0
34,6,20,246824,41,2687.499881,8062.499881,0
34,20,6,246824,41,8062.499881,2687.499881,0
34,6,21,246824,23,2687.499881,8062.499881,0
34,21,6,246824,23,8062.499881,2687.499881,0
34,6,25,246824,29,2687.499881,8062.499881,0
34,25,6,246824,29,8062.499881,2687.499881,0
34,9,10,246824,12,5374.999881,2687.499881,0
34,10,9,246824,12,2687.499881,5374.999881,0
34,9,11,246824,9,5374.999881,4031.249881,0
34,11,9,246824,9,4031.249881,5374.999881,0
34,10,14,246824,11,2687.499881,5374.999881,0
34,14,10,246824,11,5374.999881,2687.499881,0
34,10,17,246824,24,2687.499881,8062.499881,0
34,17,10,246824,24,8062.499881,2687.499881,0
34,10,18,246824,22,2687.499881,8062.499881,0
34,18,10,246824,22,8062.499881,2687.499881,0
34,10,27,246824,25,2687.499881,8062.499881,0
34,27,10,246824,25,8062.499881,2687.499881,0
34,11,15,246824,27,4031.249881,3224.999881,0
34,15,11,246824,27,3224.999881,4031.249881,0
34,11,26,246824,25,4031.249881,8062.499881,0
34,26,11,246824,25,8062.499881,4031.249881,0
34,12,23,246824,33,4031.249881,8062.499881,0
34,23,12,246824,33,8062.499881,4031.249881,0
34,12,24,246824,36,4031.249881,8062.499881,0
34,24,12,246824,36,8062.499881,4031.249881,0
34,14,17,246824,23,5374.999881,8062.499881,0
34,17,14,246824,23,8062.499881,5374.999881,0
34,15,22,246824,43,3224.999881,8062.499881,0
34,22,15,246824,43,8062.499881,3224.999881,0
34,15,28,246824,46,3224.999881,8062.499881,0
34,28,15,246824,46,8062.499881,3224.999881,0
34,15,29,246824,34,3224.999881,8062.499881,0
34,29,15,246824,34,8062.499881,3224.999881,0
34,16,25,246824,43,5374.999881,8062.499881,0
34,25,16,246824,43,8062.499881,5374.999881,0
35,0,2,246824,11,2015.624881,1791.666547,0
35,2,0,246824,11,1791.666547,2015.624881,0
35,0,3,246824,7,2015.624881,2303.571309,0
35,3,0,246824,7,2303.571309,2015.624881,0
35,0,8,246824,8,2015.624881,8062.499881,0
35,8,0,246824,8,8062.499881,2015.624881,0
35,0,10,246824,10,2015.624881,2687.499881,0
35,10,0,246824,10,2687.499881,2015.624881,0
35,0,12,246824,6,2015.624881,4031.249881,0
35,12,0,246824,6,4031.249881,2015.624881,0
35,0,15,246824,27,2015.624881,3224.999881,0
35,15,0,246824,27,3224.999881,2015.624881,0
35,0,19,246824,25,2015.624881,8062.499881,0
35,19,0,246824,25,8062.499881,2015.624881,0
35,0,22,246824,34,2015.624881,8062.499881,0
35,22,0,246824,34,8062.499881,2015.624881,0
35,1,2,246824,12,1465.908972,1791.666547,0
35,2,1,246824,12,1791.666547,1465.908972,0
35,1,4,246824,11,1465.908972,5374.999881,0
35,4,1,246824,11,5374.999881,1465.908972,0
35,1,7,246824,10,1465.908972,8062.499881,0
35,7,1,246824,10,8062.499881,1465.908972,0
35,1,8,246824,9,1465.908972,8062.499881,0
35,8,1,246824,9,8062.499881,1465.908972,0
35,1,9,246824,10,1465.908972,5374.999881,0
35,9,1,246824,10,5374.999881,1465.908972,0
35,1,11,246824,8,1465.908972,4031.249881,0
35,11,1,246824,8,4031.249881,1465.908972,0
35,1,13,246824,9,1465.908972,8062.499881,0
35,13,1,246824,9,8062.499881,1465.908972,0
35,1,19,246824,26,1465.908972,8062.499881,0
35,19,1,246824,26,8062.499881,1465.908972,0
35,1,20,246824,40,1465.908972,8062.499881,0
35,20,1,246824,40,8062.499881,1465.908972,0
35,1,26,246824,26,1465.908972,8062.499881,0
35,26,1,246824,26,8062.499881,1465.908972,0
35,1,28,246824,38,1465.908972,8062.499881,0
35,28,1,246824,38,8062.499881,1465.908972,0
35,2,6,246824,13,1791.666547,2687.499881,0
35,6,2,246824,13,2687.499881,1791.666547,0
35,2,16,246824,36,1791.666547,5374.999881,0
35,16,2,246824,36,5374.999881,1791.666547,0
35,2,18,246824,22,1791.666547,8062.499881,0
35,18,2,246824,22,8062.499881,1791.666547,0
35,2,21,246824,23,1791.666547,8062.499881,0
35,21,2,246824,23,8062.499881,1791.666547,0
35,2,23,246824,35,1791.666547,8062.499881,0
35,23,2,246824,35,8062.499881,1791.666547,0
35,2,24,246824,38,1791.666547,8062.499881,0
35,24,2,246824,38,8062.499881,1791.666547,0
35,2,29,246824,27,1791.666547,8062.499881,0
35,29,2,246824,27,8062.499881,1791.666547,0
35,3,4,246824,11,2303.571309,5374.999881,0
35,4,3,246824,11,5374.999881,2303.571309,0
35,3,5,246824,10,2303.571309,8062.499881,0
35,5,3,246824,10,8062.499881,2303.571309,0
35,3,6,246824,10,2303.571309,2687.499881,0
35,6,3,246824,10,2687.499881,2303.571309,0
35,3,12,246824,7,2303.571309,4031.249881,0
35,12,3,246824,7,4031.249881,2303.571309,0
35,3,16,246824,35,2303.571309,5374.999881,0
35,16,3,246824,35,5374.999881,2303.571309,0
35,3,27,246824,24,2303.571309,8062.499881,0
35,27,3,246824,24,8062.499881,2303.571309,0
35,4,14,246824,11,5374.999881,5374.999881,0
35,14,4,246824,11,5374.999881,5374.999881,0
35,5,13,246824,10,8062.499881,8062.499881,0
35,13,5,246824,10,8062.499881,8062.499881,0
35,6,7,246824,11,2687.499881,8062.499881,0
35,7,6,246824,11,8062.499881,2687.499881,0
35,6,20,246824,41,2687.499881,8062.499881,0
35,20,6,246824,41,8062.499881,2687.499881,0
35,6,21,246824,23,2687.499881,8062.499881,0
35,21,6,246824,23,8062.499881,2687.499881,0
35,6,25,246824,29,2687.499881,8062.499881,0
35,25,6,246824,29,8062.499881,2687.499881,0
35,9,10,246824,12,5374.999881,2687.499881,0
35,10,9,246824,12,2687.499881,5374.999881,0
35,9,11,246824,9,5374.999881,4031.249881,0
35,11,9,246824,9,4031.249881,5374.999881,0
35,10,14,246824,11,2687.499881,5374.999881,0
35,14,10,246824,11,5374.999881,2687.499881,0
35,10,17,246824,24,2687.499881,8062.499881,0
35,17,10,246824,24,8062.499881,2687.499881,0
35,10,18,246824,22,2687.499881,8062.499881,0
35,18,10,246824,22,8062.499881,2687.499881,0
35,10,27,246824,25,2687.499881,8062.499881,0
35,27,10,246824,25,8062.499881,2687.499881,0
35,11,15,246824,27,4031.249881,3224.999881,0
35,15,11,246824,27,3224.999881,4031.249881,0
35,11,26,246824,25,4031.249881,8062.499881,0
35,26,11,246824,25,8062.499881,4031.249881,0
35,12,23,246824,33,4031.249881,8062.499881,0
35,23,12,246824,33,8062.499881,4031.249881,0
35,12,24,246824,36,4031.249881,8062.499881,0
35,24,12,246824,36,8062.499881,4031.249881,0
35,14,17,246824,23,5374.999881,8062.499881,0
35,17,14,246824,23,8062.499881,5374.999881,0
35,15,22,246824,43,3224.999881,8062.499881,0
35,22,15,246824,43,8062.499881,3224.999881,0
35,15,28,246824,46,3224.999881,8062.499881,0
35,28,15,246824,46,8062.499881,3224.999881,0
35,15,29,246824,34,3224.999881,8062.499881,0
35,29,15,246824,34,8062.499881,3224.999881,0
35,16,25,246824,43,5374.999881,8062.499881,0
35,25,16,246824,43,8062.499881,5374.999881,0
36,0,1,246824,8,1791.666547,1343.749881,0
36,1,0,246824,8,1343.749881,1791.666547,0
36,0,2,246824,11,1791.666547,2015.624881,0
36,2,0,246824,11,2015.624881,1791.666547,0
36,0,3,246824,7,1791.666547,2687.499881,0
36,3,0,246824,7,2687.499881,1791.666547,0
36,0,8,246824,8,1791.666547,8062.499881,0
36,8,0,246824,8,8062.499881,1791.666547,0
36,0,10,246824,10,1791.666547,3224.999881,0
36,10,0,246824,10,3224.999881,1791.666547,0
36,0,12,246824,6,1791.666547,4031.249881,0
36,12,0,246824,6,4031.249881,1791.666547,0
36,0,15,246824,27,1791.666547,3224.999881,0
36,15,0,246824,27,3224.999881,1791.666547,0
36,0,19,246824,25,1791.666547,8062.499881,0
36,19,0,246824,25,8062.499881,1791.666547,0
36,0,22,246824,34,1791.666547,8062.499881,0
36,22,0,246824,34,8062.499881,1791.666547,0
36,1,4,246824,11,1343.749881,8062.499881,0
36,4,1,246824,11,8062.499881,1343.749881,0
36,1,5,246824,11,1343.749881,5374.999881,0
36,5,1,246824,11,5374.999881,1343.749881,0
36,1,7,246824,10,1343.749881,8062.499881,0
36,7,1,246824,10,8062.499881,1343.749881,0
36,1,8,246824,9,1343.749881,8062.499881,0
36,8,1,246824,9,8062.499881,1343.749881,0
36,1,9,246824,10,1343.749881,8062.499881,0
36,9,1,246824,10,8062.499881,1343.749881,0
36,1,11,246824,8,1343.749881,4031.249881,0
36,11,1,246824,8,4031.249881,1343.749881,0
36,1,13,246824,9,1343.749881,8062.499881,0
36,13,1,246824,9,8062.499881,1343.749881,0
36,1,19,246824,26,1343.749881,8062.499881,0
36,19,1,246824,26,8062.499881,1343.749881,0
36,1,20,246824,40,1343.749881,8062.499881,0
36,20,1,246824,40,8062.499881,1343.749881,0
36,1,26,246824,26,1343.749881,8062.499881,0
36,26,1,246824,26,8062.499881,1343.749881,0
36,1,28,246824,38,1343.749881,8062.499881,0
36,28,1,246824,38,8062.499881,1343.749881,0
36,2,6,246824,13,2015.624881,2687.499881,0
36,6,2,246824,13,2687.499881,2015.624881,0
36,2,16,246824,36,2015.624881,5374.999881,0
36,16,2,246824,36,5374.999881,2015.624881,0
36,2,18,246824,22,2015.624881,8062.499881,0
36,18,2,246824,22,8062.499881,2015.624881,0
36,2,21,246824,23,2015.624881,8062.499881,0
36,21,2,246824,23,8062.499881,2015.624881,0
36,2,23,246824,35,2015.624881,8062.499881,0
36,23,2,246824,35,8062.499881,2015.624881,0
36,2,24,246824,38,2015.624881,8062.499881,0
36,24,2,246824,38,8062.499881,2015.624881,0
36,2,29,246824,27,2015.624881,8062.499881,0
36,29,2,246824,27,8062.499881,2015.624881,0
36,3,5,246824,10,2687.499881,5374.999881,0
36,5,3,246824,10,5374.999881,2687.499881,0
36,3,6,246824,10,2687.499881,2687.499881,0
36,6,3,246824,10,2687.499881,2687.499881,0
36,3,12,246824,7,2687.499881,4031.249881,0
36,12,3,246824,7,4031.249881,2687.499881,0
36,3,16,246824,35,2687.499881,5374.999881,0
36,16,3,246824,35,5374.999881,2687.499881,0
36,3,27,246824,24,2687.499881,8062.499881,0
36,27,3,246824,24,8062.499881,2687.499881,0
36,4,14,246824,11,8062.499881,5374.999881,0
36,14,4,246824,11,5374.999881,8062.499881,0
36,5,13,246824,10,5374.999881,8062.499881,0
36,13,5,246824,10,8062.499881,5374.999881,0
36,6,7,246824,11,2687.499881,8062.499881,0
36,7,6,246824,11,8062.499881,2687.499881,0
36,6,20,246824,41,2687.499881,8062.499881,0
36,20,6,246824,41,8062.499881,2687.499881,0
36,6,21,246824,23,2687.499881,8062.499881,0
36,21,6,246824,23,8062.499881,2687.499881,0
36,6,25,246824,29,2687.499881,8062.499881,0
36,25,6,246824,29,8062.499881,2687.499881,0
36,9,11,246824,9,8062.499881,4031.249881,0
36,11,9,246824,9,4031.249881,8062.499881,0
36,10,14,246824,11,3224.999881,5374.999881,0
36,14,10,246824,11,5374.999881,3224.999881,0
36,10,17,246824,24,3224.999881,8062.499881,0
36,17,10,246824,24,8062.499881,3224.999881,0
36,10,18,246824,22,3224.999881,8062.499881,0
36,18,10,246824,22,8062.499881,3224.999881,0
36,10,27,246824,25,3224.999881,8062.499881,0
36,27,10,246824,25,8062.499881,3224.999881,0
36,11,15,246824,27,4031.249881,3224.999881,0
36,15,11,246824,27,3224.999881,4031.249881,0
36,11,26,246824,25,4031.249881,8062.499881,0
36,26,11,246824,25,8062.499881,4031.249881,0
36,12,23,246824,33,4031.249881,8062.499881,0
36,23,12,246824,33,8062.499881,4031.249881,0
36,12,24,246824,36,4031.249881,8062.499881,0
36,24,12,246824,36,8062.499881,4031.249881,0
36,14,17,246824,23,5374.999881,8062.499881,0
36,17,14,246824,23,8062.499881,5374.999881,0
36,15,22,246824,43,3224.999881,8062.499881,0
36,22,15,246824,43,8062.499881,3224.999881,0
36,15,28,246824,46,3224.999881,8062.499881,0
36,28,15,246824,46,8062.499881,3224.999881,0
36,15,29,246824,34,3224.999881,8062.499881,0
36,29,15,246824,34,8062.499881,3224.999881,0
36,16,25,246824,43,5374.999881,8062.499881,0
36,25,16,246824,43,8062.499881,5374.999881,0
37,0,1,246824,8,1791.666547,1240.384496,0
37,1,0,246824,8,1240.384496,1791.666547,0
37,0,2,246824,11,1791.666547,1791.666547,0
37,2,0,246824,11,1791.666547,1791.666547,0
37,0,3,246824,7,1791.666547,2015.624881,0
37,3,0,246824,7,2015.624881,1791.666547,0
37,0,8,246824,8,1791.666547,8062.499881,0
37,8,0,246824,8,8062.499881,1791.666547,0
37,0,10,246824,10,1791.666547,2687.499881,0
37,10,0,246824,10,2687.499881,1791.666547,0
37,0,12,246824,6,1791.666547,4031.249881,0
37,12,0,246824,6,4031.249881,1791.666547,0
37,0,15,246824,27,1791.666547,3224.999881,0
37,15,0,246824,27,3224.999881,1791.666547,0
37,0,19,246824,25,1791.666547,8062.499881,0
37,19,0,246824,25,8062.499881,1791.666547,0
37,0,22,246824,34,1791.666547,8062.499881,0
37,22,0,246824,34,8062.499881,1791.666547,0
37,1,2,246824,12,1240.384496,1791.666547,0
37,2,1,246824,12,1791.666547,1240.384496,0
37,1,3,246824,9,1240.384496,2015.624881,0
37,3,1,246824,9,2015.624881,1240.384496,0
37,1,4,246824,11,1240.384496,5374.999881,0
37,4,1,246824,11,5374.999881,1240.384496,0
37,1,7,246824,10,1240.384496,8062.499881,0
37,7,1,246824,10,8062.499881,1240.384496,0
37,1,8,246824,9,1240.384496,8062.499881,0
37,8,1,246824,9,8062.499881,1240.384496,0
37,1,9,246824,10,1240.384496,5374.999881,0
37,9,1,246824,10,5374.999881,1240.384496,0
37,1,11,246824,8,1240.384496,4031.249881,0
37,11,1,246824,8,4031.249881,1240.384496,0
37,1,13,246824,9,1240.384496,8062.499881,0
37,13,1,246824,9,8062.499881,1240.384496,0
37,1,19,246824,26,1240.384496,8062.499881,0
37,19,1,246824,26,8062.499881,1240.384496,0
37,1,20,246824,40,1240.384496,8062.499881,0
37,20,1,246824,40,8062.499881,1240.384496,0
37,1,26,246824,26,1240.384496,8062.499881,0
37,26,1,246824,26,8062.499881,1240.384496,0
37,1,28,246824,38,1240.384496,8062.499881,0
37,28,1,246824,38,8062.499881,1240.384496,0
37,2,6,246824,13,1791.666547,2687.499881,0
37,6,2,246824,13,2687.499881,1791.666547,0
37,2,16,246824,36,1791.666547,5374.999881,0
37,16,2,246824,36,5374.999881,1791.666547,0
37,2,18,246824,22,1791.666547,8062.499881,0
37,18,2,246824,22,8062.499881,1791.666547,0
37,2,21,246824,23,1791.666547,8062.499881,0
37,21,2,246824,23,8062.499881,1791.666547,0
37,2,23,246824,35,1791.666547,8062.499881,0
37,23,2,246824,35,8062.499881,1791.666547,0
37,2,24,246824,38,1791.666547,8062.499881,0
37,24,2,246824,38,8062.499881,1791.666547,0
37,2,29,246824,27,1791.666547,8062.499881,0
37,29,2,246824,27,8062.499881,1791.666547,0
37,3,4,246824,11,2015.624881,5374.999881,0
37,4,3,246824,11,5374.999881,2015.624881,0
37,3,5,246824,10,2015.624881,8062.499881,0
37,5,3,246824,10,8062.499881,2015.624881,0
37,3,6,246824,10,2015.624881,2687.499881,0
37,6,3,246824,10,2687.499881,2015.624881,0
37,3,12,246824,7,2015.624881,4031.249881,0
37,12,3,246824,7,4031.249881,2015.624881,0
37,3,16,246824,35,2015.624881,5374.999881,0
37,16,3,246824,35,5374.999881,2015.624881,0
37,3,27,246824,24,2015.624881,8062.499881,0
37,27,3,246824,24,8062.499881,2015.624881,0
37,4,14,246824,11,5374.999881,5374.999881,0
37,14,4,246824,11,5374.999881,5374.999881,0
37,5,13,246824,10,8062.499881,8062.499881,0
37,13,5,246824,10,8062.499881,8062.499881,0
37,6,7,246824,11,2687.499881,8062.499881,0
37,7,6,246824,11,8062.499881,2687.499881,0
37,6,20,246824,41,2687.499881,8062.499881,0
37,20,6,246824,41,8062.499881,2687.499881,0
37,6,21,246824,23,2687.499881,8062.499881,0
37,21,6,246824,23,8062.499881,2687.499881,0
37,6,25,246824,29,2687.499881,8062.499881,0
37,25,6,246824,29,8062.499881,2687.499881,0
37,9,10,246824,12,5374.999881,2687.499881,0
37,10,9,246824,12,2687.499881,5374.999881,0
37,9,11,246824,9,5374.999881,4031.249881,0
37,11,9,246824,9,4031.249881,5374.999881,0
37,10,14,246824,11,2687.499881,5374.999881,0
37,14,10,246824,11,5374.999881,2687.499881,0
37,10,17,246824,24,2687.499881,8062.499881,0
37,17,10,246824,24,8062.499881,2687.499881,0
37,10,18,246824,22,2687.499881,8062.499881,0
37,18,10,246824,22,8062.499881,2687.499881,0
37,10,27,246824,25,2687.499881,8062.499881,0
37,27,10,246824,25,8062.499881,2687.499881,0
37,11,15,246824,27,4031.249881,3224.999881,0
37,15,11,246824,27,3224.999881,4031.249881,0
37,11,26,246824,25,4031.249881,8062.499881,0
37,26,11,246824,25,8062.499881,4031.249881,0
37,12,23,246824,33,4031.249881,8062.499881,0
37,23,12,246824,33,8062.499881,4031.249881,0
37,12,24,246824,36,4031.249881,8062.499881,0
37,24,12,246824,36,8062.499881,4031.249881,0
37,14,17,246824,23,5374.999881,8062.499881,0
37,17,14,246824,23,8062.499881,5374.999881,0
37,15,22,246824,43,3224.999881,8062.499881,0
37,22,15,246824,43,8062.499881,3224.999881,0
37,15,28,246824,46,3224.999881,8062.499881,0
37,28,15,246824,46,8062.499881,3224.999881,0
37,15,29,246824,34,3224.999881,8062.499881,0
37,29,15,246824,34,8062.499881,3224.999881,0
37,16,25,246824,43,5374.999881,8062.499881,0
37,25,16,246824,43,8062.499881,5374.999881,0
38,0,1,246824,8,2015.624881,1151.785595,0
38,1,0,246824,8,1151.785595,2015.624881,0
38,0,2,246824,11,2015.624881,2015.624881,0
38,2,0,246824,11,2015.624881,2015.624881,0
38,0,8,246824,8,2015.624881,8062.499881,0
38,8,0,246824,8,8062.499881,2015.624881,0
38,0,10,246824,10,2015.624881,2687.499881,0
38,10,0,246824,10,2687.499881,2015.624881,0
38,0,12,246824,6,2015.624881,4031.249881,0
38,12,0,246824,6,4031.249881,2015.624881,0
38,0,15,246824,27,2015.624881,3224.999881,0
38,15,0,246824,27,3224.999881,2015.624881,0
38,0,19,246824,25,2015.624881,8062.499881,0
38,19,0,246824,25,8062.499881,2015.624881,0
38,0,22,246824,34,2015.624881,8062.499881,0
38,22,0,246824,34,8062.499881,2015.624881,0
38,1,2,246824,12,1151.785595,2015.624881,0
38,2,1,246824,12,2015.624881,1151.785595,0
38,1,3,246824,9,1151.785595,2687.499881,0
38,3,1,246824,9,2687.499881,1151.785595,0
38,1,4,246824,11,1151.785595,5374.999881,0
38,4,1,246824,11,5374.999881,1151.785595,0
38,1,5,246824,11,1151.785595,5374.999881,0
38,5,1,246824,11,5374.999881,1151.785595,0
38,1,7,246824,10,1151.785595,8062.499881,0
38,7,1,246824,10,8062.499881,1151.785595,0
38,1,8,246824,9,1151.785595,8062.499881,0
38,8,1,246824,9,8062.499881,1151.785595,0
38,1,9,246824,10,1151.785595,4031.249881,0
38,9,1,246824,10,4031.249881,1151.785595,0
38,1,11,246824,8,1151.785595,4031.249881,0
38,11,1,246824,8,4031.249881,1151.785595,0
38,1,13,246824,9,1151.785595,8062.499881,0
38,13,1,246824,9,8062.499881,1151.785595,0
38,1,19,246824,26,1151.785595,8062.499881,0
38,19,1,246824,26,8062.499881,1151.785595,0
38,1,20,246824,40,1151.785595,8062.499881,0
38,20,1,246824,40,8062.499881,1151.785595,0
38,1,26,246824,26,1151.785595,8062.499881,0
38,26,1,246824,26,8062.499881,1151.785595,0
38,1,28,246824,38,1151.785595,8062.499881,0
38,28,1,246824,38,8062.499881,1151.785595,0
38,2,16,246824,36,2015.624881,5374.999881,0
38,16,2,246824,36,5374.999881,2015.624881,0
38,2,18,246824,22,2015.624881,8062.499881,0
38,18,2,246824,22,8062.499881,2015.624881,0
38,2,21,246824,23,2015.624881,8062.499881,0
38,21,2,246824,23,8062.499881,2015.624881,0
38,2,23,246824,35,2015.624881,8062.499881,0
38,23,2,246824,35,8062.499881,2015.624881,0
38,2,24,246824,38,2015.624881,8062.499881,0
38,24,2,246824,38,8062.499881,2015.624881,0
38,2,29,246824,27,2015.624881,8062.499881,0
38,29,2,246824,27,8062.499881,2015.624881,0
38,3,5,246824,10,2687.499881,5374.999881,0
38,5,3,246824,10,5374.999881,2687.499881,0
38,3,6,246824,10,2687.499881,3224.999881,0
38,6,3,246824,10,3224.999881,2687.499881,0
38,3,12,246824,7,2687.499881,4031.249881,0
38,12,3,246824,7,4031.249881,2687.499881,0
38,3,16,246824,35,2687.499881,5374.999881,0
38,16,3,246824,35,5374.999881,2687.499881,0
38,3,27,246824,24,2687.499881,8062.499881,0
38,27,3,246824,24,8062.499881,2687.499881,0
38,4,9,246824,12,5374.999881,4031.249881,0
38,9,4,246824,12,4031.249881,5374.999881,0
38,4,14,246824,11,5374.999881,5374.999881,0
38,14,4,246824,11,5374.999881,5374.999881,0
38,5,13,246824,10,5374.999881,8062.499881,0
38,13,5,246824,10,8062.499881,5374.999881,0
38,6,7,246824,11,3224.999881,8062.499881,0
38,7,6,246824,11,8062.499881,3224.999881,0
38,6,20,246824,41,3224.999881,8062.499881,0
38,20,6,246824,41,8062.499881,3224.999881,0
38,6,21,246824,23,3224.999881,8062.499881,0
38,21,6,246824,23,8062.499881,3224.999881,0
38,6,25,246824,29,3224.999881,8062.499881,0
38,25,6,246824,29,8062.499881,3224.999881,0
38,9,10,246824,12,4031.249881,2687.499881,0
38,10,9,246824,12,2687.499881,4031.249881,0
38,9,11,246824,9,4031.249881,4031.249881,0
38,11,9,246824,9,4031.249881,4031.249881,0
38,10,14,246824,11,2687.499881,5374.999881,0
38,14,10,246824,11,5374.999881,2687.499881,0
38,10,17,246824,24,2687.499881,8062.499881,0
38,17,10,246824,24,8062.499881,2687.499881,0
38,10,18,246824,22,2687.499881,8062.499881,0
38,18,10,246824,22,8062.499881,2687.499881,0
38,10,27,246824,25,2687.499881,8062.499881,0
38,27,10,246824,25,8062.499881,2687.499881,0
38,11,15,246824,27,4031.249881,3224.999881,0
38,15,11,246824,27,3224.999881,4031.249881,0
38,11,26,246824,25,4031.249881,8062.499881,0
38,26,11,246824,25,8062.499881,4031.249881,0
38,12,23,246824,33,4031.249881,8062.499881,0
38,23,12,246824,33,8062.499881,4031.249881,0
38,12,24,246824,36,4031.249881,8062.499881,0
38,24,12,246824,36,8062.499881,4031.249881,0
38,14,17,246824,23,5374.999881,8062.499881,0
38,17,14,246824,23,8062.499881,5374.999881,0
38,15,22,246824,43,3224.999881,8062.499881,0
38,22,15,246824,43,8062.499881,3224.999881,0
38,15,28,246824,46,3224.999881,8062.499881,0
38,28,15,246824,46,8062.499881,3224.999881,0
38,15,29,246824,34,3224.999881,8062.499881,0
38,29,15,246824,34,8062.499881,3224.999881,0
38,16,25,246824,43,5374.999881,8062.499881,0
38,25,16,246824,43,8062.499881,5374.999881,0
39,0,1,246824,8,1791.666547,1343.749881,0
39,1,0,246824,8,1343.749881,1791.666547,0
39,0,2,246824,11,1791.666547,2015.624881,0
39,2,0,246824,11,2015.624881,1791.666547,0
39,0,3,246824,7,1791.666547,2303.571309,0
39,3,0,246824,7,2303.571309,1791.666547,0
39,0,8,246824,8,1791.666547,8062.499881,0
39,8,0,246824,8,8062.499881,1791.666547,0
39,0,10,246824,10,1791.666547,2687.499881,0
39,10,0,246824,10,2687.499881,1791.666547,0
39,0,12,246824,6,1791.666547,4031.249881,0
39,12,0,246824,6,4031.249881,1791.666547,0
39,0,15,246824,27,1791.666547,3224.999881,0
39,15,0,246824,27,3224.999881,1791.666547,0
39,0,19,246824,25,1791.666547,8062.499881,0
39,19,0,246824,25,8062.499881,1791.666547,0
39,0,22,246824,34,1791.666547,8062.499881,0
39,22,0,246824,34,8062.499881,1791.666547,0
39,1,4,246824,11,1343.749881,5374.999881,0
39,4,1,246824,11,5374.999881,1343.749881,0
39,1,5,246824,11,1343.749881,5374.999881,0
39,5,1,246824,11,5374.999881,1343.749881,0
39,1,7,246824,10,1343.749881,8062.499881,0
39,7,1,246824,10,8062.499881,1343.749881,0
39,1,8,246824,9,1343.749881,8062.499881,0
39,8,1,246824,9,8062.499881,1343.749881,0
39,1,9,246824,10,1343.749881,5374.999881,0
39,9,1,246824,10,5374.999881,1343.749881,0
39,1,11,246824,8,1343.749881,4031.249881,0
39,11,1,246824,8,4031.249881,1343.749881,0
39,1,13,246824,9,1343.749881,8062.499881,0
39,13,1,246824,9,8062.499881,1343.749881,0
39,1,19,246824,26,1343.749881,8062.499881,0
39,19,1,246824,26,8062.499881,1343.749881,0
39,1,20,246824,40,1343.749881,8062.499881,0
39,20,1,246824,40,8062.499881,1343.749881,0
39,1,26,246824,26,1343.749881,8062.499881,0
39,26,1,246824,26,8062.499881,1343.749881,0
39,1,28,246824,38,1343.749881,8062.499881,0
39,28,1,246824,38,8062.499881,1343.749881,0
39,2,6,246824,13,2015.624881,2687.499881,0
39,6,2,246824,13,2687.499881,2015.624881,0
39,2,16,246824,36,2015.624881,5374.999881,0
39,16,2,246824,36,5374.999881,2015.624881,0
39,2,18,246824,22,2015.624881,8062.499881,0
39,18,2,246824,22,8062.499881,2015.624881,0
39,2,21,246824,23,2015.624881,8062.499881,0
39,21,2,246824,23,8062.499881,2015.624881,0
39,2,23,246824,35,2015.624881,8062.499881,0
39,23,2,246824,35,8062.499881,2015.624881,0
39,2,24,246824,38,2015.624881,8062.499881,0
39,24,2,246824,38,8062.499881,2015.624881,0
39,2,29,246824,27,2015.624881,8062.499881,0
39,29,2,246824,27,8062.499881,2015.624881,0
39,3,4,246824,11,2303.571309,5374.999881,0
39,4,3,246824,11,5374.999881,2303.571309,0
39,3,5,246824,10,2303.571309,5374.999881,0
39,5,3,246824,10,5374.999881,2303.571309,0
39,3,6,246824,10,2303.571309,2687.499881,0
39,6,3,246824,10,2687.499881,2303.571309,0
39,3,12,246824,7,2303.571309,4031.249881,0
39,12,3,246824,7,4031.249881,2303.571309,0
39,3,16,246824,35,2303.571309,5374.999881,0
39,16,3,246824,35,5374.999881,2303.571309,0
39,3,27,246824,24,2303.571309,8062.499881,0
39,27,3,246824,24,8062.499881,2303.571309,0
39,4,14,246824,11,5374.999881,5374.999881,0
39,14,4,246824,11,5374.999881,5374.999881,0
39,5,13,246824,10,5374.999881,8062.499881,0
39,13,5,246824,10,8062.499881,5374.999881,0
39,6,7,246824,11,2687.499881,8062.499881,0
39,7,6,246824,11,8062.499881,2687.499881,0
39,6,20,246824,41,2687.499881,8062.499881,0
39,20,6,246824,41,8062.499881,2687.499881,0
39,6,21,246824,23,2687.499881,8062.499881,0
39,21,6,246824,23,8062.499881,2687.499881,0
39,6,25,246824,29,2687.499881,8062.499881,0
39,25,6,246824,29,8062.499881,2687.499881,0
39,9,10,246824,12,5374.999881,2687.499881,0
39,10,9,246824,12,2687.499881,5374.999881,0
39,9,11,246824,9,5374.999881,4031.249881,0
39,11,9,246824,9,4031.249881,5374.999881,0
39,10,14,246824,11,2687.499881,5374.999881,0
39,14,10,246824,11,5374.999881,2687.499881,0
39,10,17,246824,24,2687.499881,8062.499881,0
39,17,10,246824,24,8062.499881,2687.499881,0
39,10,18,246824,22,2687.499881,8062.499881,0
39,18,10,246824,22,8062.499881,2687.499881,0
39,10,27,246824,25,2687.499881,8062.499881,0
39,27,10,246824,25,8062.499881,2687.499881,0
39,11,15,246824,27,4031.249881,3224.999881,0
39,15,11,246824,27,3224.999881,4031.249881,0
39,11,26,246824,25,4031.249881,8062.499881,0
39,26,11,246824,25,8062.499881,4031.249881,0
39,12,23,246824,33,4031.249881,8062.499881,0
39,23,12,246824,33,8062.499881,4031.249881,0
39,12,24,246824,36,4031.249881,8062.499881,0
39,24,12,246824,36,8062.499881,4031.249881,0
39,14,17,246824,23,5374.999881,8062.499881,0
39,17,14,246824,23,8062.499881,5374.999881,0
39,15,22,246824,43,3224.999881,8062.499881,0
39,22,15,246824,43,8062.499881,3224.999881,0
39,15,28,246824,46,3224.999881,8062.499881,0
39,28,15,246824,46,8062.499881,3224.999881,0
39,15,29,246824,34,3224.999881,8062.499881,0
39,29,15,246824,34,8062.499881,3224.999881,0
39,16,25,246824,43,5374.999881,8062.499881,0
39,25,16,246824,43,8062.499881,5374.999881,0
40,0,2,246824,11,2015.624881,1791.666547,0
40,2,0,246824,11,1791.666547,2015.624881,0
40,0,3,246824,7,2015.624881,2687.499881,0
40,3,0,246824,7,2687.499881,2015.624881,0
40,0,8,246824,8,2015.624881,8062.499881,0
40,8,0,246824,8,8062.499881,2015.624881,0
40,0,10,246824,10,2015.624881,3224.999881,0
40,10,0,246824,10,3224.999881,2015.624881,0
40,0,12,246824,6,2015.624881,4031.249881,0
40,12,0,246824,6,4031.249881,2015.624881,0
40,0,15,246824,27,2015.624881,3224.999881,0
40,15,0,246824,27,3224.999881,2015.624881,0
40,0,19,246824,25,2015.624881,8062.499881,0
40,19,0,246824,25,8062.499881,2015.624881,0
40,0,22,246824,34,2015.624881,8062.499881,0
40,22,0,246824,34,8062.499881,2015.624881,0
40,1,2,246824,12,1343.749881,1791.666547,0
40,2,1,246824,12,1791.666547,1343.749881,0
40,1,4,246824,11,1343.749881,5374.999881,0
40,4,1,246824,11,5374.999881,1343.749881,0
40,1,5,246824,11,1343.749881,8062.499881,0
40,5,1,246824,11,8062.499881,1343.749881,0
40,1,7,246824,10,1343.749881,8062.499881,0
40,7,1,246824,10,8062.499881,1343.749881,0
40,1,8,246824,9,1343.749881,8062.499881,0
40,8,1,246824,9,8062.499881,1343.749881,0
40,1,9,246824,10,1343.749881,8062.499881,0
40,9,1,246824,10,8062.499881,1343.749881,0
40,1,11,246824,8,1343.749881,4031.249881,0
40,11,1,246824,8,4031.249881,1343.749881,0
40,1,13,246824,9,1343.749881,8062.499881,0
40,13,1,246824,9,8062.499881,1343.749881,0
40,1,19,246824,26,1343.749881,8062.499881,0
40,19,1,246824,26,8062.499881,1343.749881,0
40,1,20,246824,40,1343.749881,8062.499881,0
40,20,1,246824,40,8062.499881,1343.749881,0
40,1,26,246824,26,1343.749881,8062.499881,0
40,26,1,246824,26,8062.499881,1343.749881,0
40,1,28,246824,38,1343.749881,8062.499881,0
40,28,1,246824,38,8062.499881,1343.749881,0
40,2,6,246824,13,1791.666547,2687.499881,0
40,6,2,246824,13,2687.499881,1791.666547,0
40,2,16,246824,36,1791.666547,5374.999881,0
40,16,2,246824,36,5374.999881,1791.666547,0
40,2,18,246824,22,1791.666547,8062.499881,0
40,18,2,246824,22,8062.499881,1791.666547,0
40,2,21,246824,23,1791.666547,8062.499881,0
40,21,2,246824,23,8062.499881,1791.666547,0
40,2,23,246824,35,1791.666547,8062.499881,0
40,23,2,246824,35,8062.499881,1791.666547,0
40,2,24,246824,38,1791.666547,8062.499881,0
40,24,2,246824,38,8062.499881,1791.666547,0
40,2,29,246824,27,1791.666547,8062.499881,0
40,29,2,246824,27,8062.499881,1791.666547,0
40,3,4,246824,11,2687.499881,5374.999881,0
40,4,3,246824,11,5374.999881,2687.499881,0
40,3,6,246824,10,2687.499881,2687.499881,0
40,6,3,246824,10,2687.499881,2687.499881,0
40,3,12,246824,7,2687.499881,4031.249881,0
40,12,3,246824,7,4031.249881,2687.499881,0
40,3,16,246824,35,2687.499881,5374.999881,0
40,16,3,246824,35,5374.999881,2687.499881,0
40,3,27,246824,24,2687.499881,8062.499881,0
40,27,3,246824,24,8062.499881,2687.499881,0
40,4,14,246824,11,5374.999881,5374.999881,0
40,14,4,246824,11,5374.999881,5374.999881,0
40,5,13,246824,10,8062.499881,8062.499881,0
40,13,5,246824,10,8062.499881,8062.499881,0
40,6,7,246824,11,2687.499881,8062.499881,0
40,7,6,246824,11,8062.499881,2687.499881,0
40,6,20,246824,41,2687.499881,8062.499881,0
40,20,6,246824,41,8062.499881,2687.499881,0
40,6,21,246824,23,2687.499881,8062.499881,0
40,21,6,246824,23,8062.499881,2687.499881,0
40,6,25,246824,29,2687.499881,8062.499881,0
40,25,6,246824,29,8062.499881,2687.499881,0
40,9,11,246824,9,8062.499881,4031.249881,0
40,11,9,246824,9,4031.249881,8062.499881,0
40,10,14,246824,11,3224.999881,5374.999881,0
40,14,10,246824,11,5374.999881,3224.999881,0
40,10,17,246824,24,3224.999881,8062.499881,0
40,17,10,246824,24,8062.499881,3224.999881,0
40,10,18,246824,22,3224.999881,8062.499881,0
40,18,10,246824,22,8062.499881,3224.999881,0
40,10,27,246824,25,3224.999881,8062.499881,0
40,27,10,246824,25,8062.499881,3224.999881,0
40,11,15,246824,27,4031.249881,3224.999881,0
40,15,11,246824,27,3224.999881,4031.249881,0
40,11,26,246824,25,4031.249881,8062.499881,0
40,26,11,246824,25,8062.499881,4031.249881,0
40,12,23,246824,33,4031.249881,8062.499881,0
40,23,12,246824,33,8062.499881,4031.249881,0
40,12,24,246824,36,4031.249881,8062.499881,0
40,24,12,246824,36,8062.499881,4031.249881,0
40,14,17,246824,23,5374.999881,8062.499881,0
40,17,14,246824,23,8062.499881,5374.999881,0
40,15,22,246824,43,3224.999881,8062.499881,0
40,22,15,246824,43,8062.499881,3224.999881,0
40,15,28,246824,46,3224.999881,8062.499881,0
40,28,15,246824,46,8062.499881,3224.999881,0
40,15,29,246824,34,3224.999881,8062.499881,0
40,29,15,246824,34,8062.499881,3224.999881,0
40,16,25,246824,43,5374.999881,8062.499881,0
40,25,16,246824,43,8062.499881,5374.999881,0
41,0,1,246824,8,2687.499881,1240.384496,0
41,1,0,246824,8,1240.384496,2687.499881,0
41,0,8,246824,8,2687.499881,8062.499881,0
41,8,0,246824,8,8062.499881,2687.499881,0
41,0,12,246824,6,2687.499881,4031.249881,0
41,12,0,246824,6,4031.249881,2687.499881,0
41,0,15,246824,27,2687.499881,3224.999881,0
41,15,0,246824,27,3224.999881,2687.499881,0
41,0,19,246824,25,2687.499881,8062.499881,0
41,19,0,246824,25,8062.499881,2687.499881,0
41,0,22,246824,34,2687.499881,8062.499881,0
41,22,0,246824,34,8062.499881,2687.499881,0
41,1,2,246824,12,1240.384496,2015.624881,0
41,2,1,246824,12,2015.624881,1240.384496,0
41,1,4,246824,11,1240.384496,8062.499881,0
41,4,1,246824,11,8062.499881,1240.384496,0
41,1,5,246824,11,1240.384496,8062.499881,0
41,5,1,246824,11,8062.499881,1240.384496,0
41,1,7,246824,10,1240.384496,8062.499881,0
41,7,1,246824,10,8062.499881,1240.384496,0
41,1,8,246824,9,1240.384496,8062.499881,0
41,8,1,246824,9,8062.499881,1240.384496,0
41,1,9,246824,10,1240.384496,5374.999881,0
41,9,1,246824,10,5374.999881,1240.384496,0
41,1,11,246824,8,1240.384496,4031.249881,0
41,11,1,246824,8,4031.249881,1240.384496,0
41,1,13,246824,9,1240.384496,8062.499881,0
41,13,1,246824,9,8062.499881,1240.384496,0
41,1,19,246824,26,1240.384496,8062.499881,0
41,19,1,246824,26,8062.499881,1240.384496,0
41,1,20,246824,40,1240.384496,8062.499881,0
41,20,1,246824,40,8062.499881,1240.384496,0
41,1,26,246824,26,1240.384496,8062.499881,0
41,26,1,246824,26,8062.499881,1240.384496,0
41,1,28,246824,38,1240.384496,8062.499881,0
41,28,1,246824,38,8062.499881,1240.384496,0
41,2,6,246824,13,2015.624881,2687.499881,0
41,6,2,246824,13,2687.499881,2015.624881,0
41,2,16,246824,36,2015.624881,5374.999881,0
41,16,2,246824,36,5374.999881,2015.624881,0
41,2,18,246824,22,2015.624881,8062.499881,0
41,18,2,246824,22,8062.499881,2015.624881,0
41,2,21,246824,23,2015.624881,8062.499881,0
41,21,2,246824,23,8062.499881,2015.624881,0
41,2,23,246824,35,2015.624881,8062.499881,0
41,23,2,246824,35,8062.499881,2015.624881,0
41,2,24,246824,38,2015.624881,8062.499881,0
41,24,2,246824,38,8062.499881,2015.624881,0
41,2,29,246824,27,2015.624881,8062.499881,0
41,29,2,246824,27,8062.499881,2015.624881,0
41,3,6,246824,10,4031.249881,2687.499881,0
41,6,3,246824,10,2687.499881,4031.249881,0
41,3,12,246824,7,4031.249881,4031.249881,0
41,12,3,246824,7,4031.249881,4031.249881,0
41,3,16,246824,35,4031.249881,5374.999881,0
41,16,3,246824,35,5374.999881,4031.249881,0
41,3,27,246824,24,4031.249881,8062.499881,0
41,27,3,246824,24,8062.499881,4031.249881,0
41,4,14,246824,11,8062.499881,5374.999881,0
41,14,4,246824,11,5374.999881,8062.499881,0
41,5,13,246824,10,8062.499881,8062.499881,0
41,13,5,246824,10,8062.499881,8062.499881,0
41,6,7,246824,11,2687.499881,8062.499881,0
41,7,6,246824,11,8062.499881,2687.499881,0
41,6,20,246824,41,2687.499881,8062.499881,0
41,20,6,246824,41,8062.499881,2687.499881,0
41,6,21,246824,23,2687.499881,8062.499881,0
41,21,6,246824,23,8062.499881,2687.499881,0
41,6,25,246824,29,2687.499881,8062.499881,0
41,25,6,246824,29,8062.499881,2687.499881,0
41,9,10,246824,12,5374.999881,3224.999881,0
41,10,9,246824,12,3224.999881,5374.999881,0
41,9,11,246824,9,5374.999881,4031.249881,0
41,11,9,246824,9,4031.249881,5374.999881,0
41,10,14,246824,11,3224.999881,5374.999881,0
41,14,10,246824,11,5374.999881,3224.999881,0
41,10,17,246824,24,3224.999881,8062.499881,0
41,17,10,246824,24,8062.499881,3224.999881,0
41,10,18,246824,22,3224.999881,8062.499881,0
41,18,10,246824,22,8062.499881,3224.999881,0
41,10,27,246824,25,3224.999881,8062.499881,0
41,27,10,246824,25,8062.499881,3224.999881,0
41,11,15,246824,27,4031.249881,3224.999881,0
41,15,11,246824,27,3224.999881,4031.249881,0
41,11,26,246824,25,4031.249881,8062.499881,0
41,26,11,246824,25,8062.499881,4031.249881,0
41,12,23,246824,33,4031.249881,8062.499881,0
41,23,12,246824,33,8062.499881,4031.249881,0
41,12,24,246824,36,4031.249881,8062.499881,0
41,24,12,246824,36,8062.499881,4031.249881,0
41,14,17,246824,23,5374.999881,8062.499881,0
41,17,14,246824,23,8062.499881,5374.999881,0
41,15,22,246824,43,3224.999881,8062.499881,0
41,22,15,246824,43,8062.499881,3224.999881,0
41,15,28,246824,46,3224.999881,8062.499881,0
41,28,15,246824,46,8062.499881,3224.999881,0
41,15,29,246824,34,3224.999881,8062.499881,0
41,29,15,246824,34,8062.499881,3224.999881,0
41,16,25,246824,43,5374.999881,8062.499881,0
41,25,16,246824,43,8062.499881,5374.999881,0
42,0,1,246824,8,1791.666547,1240.384496,0
42,1,0,246824,8,1240.384496,1791.666547,0
42,0,2,246824,11,1791.666547,2015.624881,0
42,2,0,246824,11,2015.624881,1791.666547,0
42,0,3,246824,7,1791.666547,3224.999881,0
42,3,0,246824,7,3224.999881,1791.666547,0
42,0,8,246824,8,1791.666547,8062.499881,0
42,8,0,246824,8,8062.499881,1791.666547,0
42,0,10,246824,10,1791.666547,2687.499881,0
42,10,0,246824,10,2687.499881,1791.666547,0
42,0,12,246824,6,1791.666547,4031.249881,0
42,12,0,246824,6,4031.249881,1791.666547,0
42,0,15,246824,27,1791.666547,3224.999881,0
42,15,0,246824,27,3224.999881,1791.666547,0
42,0,19,246824,25,1791.666547,8062.499881,0
42,19,0,246824,25,8062.499881,1791.666547,0
42,0,22,246824,34,1791.666547,8062.499881,0
42,22,0,246824,34,8062.499881,1791.666547,0
42,1,2,246824,12,1240.384496,2015.624881,0
42,2,1,246824,12,2015.624881,1240.384496,0
42,1,4,246824,11,1240.384496,8062.499881,0
42,4,1,246824,11,8062.499881,1240.384496,0
42,1,5,246824,11,1240.384496,8062.499881,0
42,5,1,246824,11,8062.499881,1240.384496,0
42,1,7,246824,10,1240.384496,8062.499881,0
42,7,1,246824,10,8062.499881,1240.384496,0
42,1,8,246824,9,1240.384496,8062.499881,0
42,8,1,246824,9,8062.499881,1240.384496,0
42,1,9,246824,10,1240.384496,5374.999881,0
42,9,1,246824,10,5374.999881,1240.384496,0
42,1,11,246824,8,1240.384496,4031.249881,0
42,11,1,246824,8,4031.249881,1240.384496,0
42,1,13,246824,9,1240.384496,8062.499881,0
42,13,1,246824,9,8062.499881,1240.384496,0
42,1,19,246824,26,1240.384496,8062.499881,0
42,19,1,246824,26,8062.499881,1240.384496,0
42,1,20,246824,40,1240.384496,8062.499881,0
42,20,1,246824,40,8062.499881,1240.384496,0
42,1,26,246824,26,1240.384496,8062.499881,0
42,26,1,246824,26,8062.499881,1240.384496,0
42,1,28,246824,38,1240.384496,8062.499881,0
42,28,1,246824,38,8062.499881,1240.384496,0
42,2,16,246824,36,2015.624881,5374.999881,0
42,16,2,246824,36,5374.999881,2015.624881,0
42,2,18,246824,22,2015.624881,8062.499881,0
42,18,2,246824,22,8062.499881,2015.624881,0
42,2,21,246824,23,2015.624881,8062.499881,0
42,21,2,246824,23,8062.499881,2015.624881,0
42,2,23,246824,35,2015.624881,8062.499881,0
42,23,2,246824,35,8062.499881,2015.624881,0
42,2,24,246824,38,2015.624881,8062.499881,0
42,24,2,246824,38,8062.499881,2015.624881,0
42,2,29,246824,27,2015.624881,8062.499881,0
42,29,2,246824,27,8062.499881,2015.624881,0
42,3,6,246824,10,3224.999881,3224.999881,0
42,6,3,246824,10,3224.999881,3224.999881,0
42,3,12,246824,7,3224.999881,4031.249881,0
42,12,3,246824,7,4031.249881,3224.999881,0
42,3,16,246824,35,3224.999881,5374.999881,0
42,16,3,246824,35,5374.999881,3224.999881,0
42,3,27,246824,24,3224.999881,8062.499881,0
42,27,3,246824,24,8062.499881,3224.999881,0
42,4,14,246824,11,8062.499881,5374.999881,0
42,14,4,246824,11,5374.999881,8062.499881,0
42,5,13,246824,10,8062.499881,8062.499881,0
42,13,5,246824,10,8062.499881,8062.499881,0
42,6,7,246824,11,3224.999881,8062.499881,0
42,7,6,246824,11,8062.499881,3224.999881,0
42,6,20,246824,41,3224.999881,8062.499881,0
42,20,6,246824,41,8062.499881,3224.999881,0
42,6,21,246824,23,3224.999881,8062.499881,0
42,21,6,246824,23,8062.499881,3224.999881,0
42,6,25,246824,29,3224.999881,8062.499881,0
42,25,6,246824,29,8062.499881,3224.999881,0
42,9,10,246824,12,5374.999881,2687.499881,0
42,10,9,246824,12,2687.499881,5374.999881,0
42,9,11,246824,9,5374.999881,4031.249881,0
42,11,9,246824,9,4031.249881,5374.999881,0
42,10,14,246824,11,2687.499881,5374.999881,0
42,14,10,246824,11,5374.999881,2687.499881,0
42,10,17,246824,24,2687.499881,8062.499881,0
42,17,10,246824,24,8062.499881,2687.499881,0
42,10,18,246824,22,2687.499881,8062.499881,0
42,18,10,246824,22,8062.499881,2687.499881,0
42,10,27,246824,25,2687.499881,8062.499881,0
42,27,10,246824,25,8062.499881,2687.499881,0
42,11,15,246824,27,4031.249881,3224.999881,0
42,15,11,246824,27,3224.999881,4031.249881,0
42,11,26,246824,25,4031.249881,8062.499881,0
42,26,11,246824,25,8062.499881,4031.249881,0
42,12,23,246824,33,4031.249881,8062.499881,0
42,23,12,246824,33,8062.499881,4031.249881,0
42,12,24,246824,36,4031.249881,8062.499881,0
42,24,12,246824,36,8062.499881,4031.249881,0
42,14,17,246824,23,5374.999881,8062.499881,0
42,17,14,246824,23,8062.499881,5374.999881,0
42,15,22,246824,43,3224.999881,8062.499881,0
42,22,15,246824,43,8062.499881,3224.999881,0
42,15,28,246824,46,3224.999881,8062.499881,0
42,28,15,246824,46,8062.499881,3224.999881,0
42,15,29,246824,34,3224.999881,8062.499881,0
42,29,15,246824,34,8062.499881,3224.999881,0
42,16,25,246824,43,5374.999881,8062.499881,0
42,25,16,246824,43,8062.499881,5374.999881,0
43,0,2,246824,11,2303.571309,1791.666547,0
43,2,0,246824,11,1791.666547,2303.571309,0
43,0,8,246824,8,2303.571309,8062.499881,0
43,8,0,246824,8,8062.499881,2303.571309,0
43,0,10,246824,10,2303.571309,3224.999881,0
43,10,0,246824,10,3224.999881,2303.571309,0
43,0,12,246824,6,2303.571309,4031.249881,0
43,12,0,246824,6,4031.249881,2303.571309,0
43,0,15,246824,27,2303.571309,3224.999881,0
43,15,0,246824,27,3224.999881,2303.571309,0
43,0,19,246824,25,2303.571309,8062.499881,0
43,19,0,246824,25,8062.499881,2303.571309,0
43,0,22,246824,34,2303.571309,8062.499881,0
43,22,0,246824,34,8062.499881,2303.571309,0
43,1,2,246824,12,1465.908972,1791.666547,0
43,2,1,246824,12,1791.666547,1465.908972,0
43,1,4,246824,11,1465.908972,5374.999881,0
43,4,1,246824,11,5374.999881,1465.908972,0
43,1,7,246824,10,1465.908972,8062.499881,0
43,7,1,246824,10,8062.499881,1465.908972,0
43,1,8,246824,9,1465.908972,8062.499881,0
43,8,1,246824,9,8062.499881,1465.908972,0
43,1,9,246824,10,1465.908972,8062.499881,0
43,9,1,246824,10,8062.499881,1465.908972,0
43,1,11,246824,8,1465.908972,4031.249881,0
43,11,1,246824,8,4031.249881,1465.908972,0
43,1,13,246824,9,1465.908972,8062.499881,0
43,13,1,246824,9,8062.499881,1465.908972,0
43,1,19,246824,26,1465.908972,8062.499881,0
43,19,1,246824,26,8062.499881,1465.908972,0
43,1,20,246824,40,1465.908972,8062.499881,0
43,20,1,246824,40,8062.499881,1465.908972,0
43,1,26,246824,26,1465.908972,8062.499881,0
43,26,1,246824,26,8062.499881,1465.908972,0
43,1,28,246824,38,1465.908972,8062.499881,0
43,28,1,246824,38,8062.499881,1465.908972,0
43,2,6,246824,13,1791.666547,2687.499881,0
43,6,2,246824,13,2687.499881,1791.666547,0
43,2,16,246824,36,1791.666547,5374.999881,0
43,16,2,246824,36,5374.999881,1791.666547,0
43,2,18,246824,22,1791.666547,8062.499881,0
43,18,2,246824,22,8062.499881,1791.666547,0
43,2,21,246824,23,1791.666547,8062.499881,0
43,21,2,246824,23,8062.499881,1791.666547,0
43,2,23,246824,35,1791.666547,8062.499881,0
43,23,2,246824,35,8062.499881,1791.666547,0
43,2,24,246824,38,1791.666547,8062.499881,0
43,24,2,246824,38,8062.499881,1791.666547,0
43,2,29,246824,27,1791.666547,8062.499881,0
43,29,2,246824,27,8062.499881,1791.666547,0
43,3,4,246824,11,2687.499881,5374.999881,0
43,4,3,246824,11,5374.999881,2687.499881,0
43,3,5,246824,10,2687.499881,8062.499881,0
43,5,3,246824,10,8062.499881,2687.499881,0
43,3,6,246824,10,2687.499881,2687.499881,0
43,6,3,246824,10,2687.499881,2687.499881,0
43,3,12,246824,7,2687.499881,4031.249881,0
43,12,3,246824,7,4031.249881,2687.499881,0
43,3,16,246824,35,2687.499881,5374.999881,0
43,16,3,246824,35,5374.999881,2687.499881,0
43,3,27,246824,24,2687.499881,8062.499881,0
43,27,3,246824,24,8062.499881,2687.499881,0
43,4,14,246824,11,5374.999881,5374.999881,0
43,14,4,246824,11,5374.999881,5374.999881,0
43,5,13,246824,10,8062.499881,8062.499881,0
43,13,5,246824,10,8062.499881,8062.499881,0
43,6,7,246824,11,2687.499881,8062.499881,0
43,7,6,246824,11,8062.499881,2687.499881,0
43,6,20,246824,41,2687.499881,8062.499881,0
43,20,6,246824,41,8062.499881,2687.499881,0
43,6,21,246824,23,2687.499881,8062.499881,0
43,21,6,246824,23,8062.499881,2687.499881,0
43,6,25,246824,29,2687.499881,8062.499881,0
43,25,6,246824,29,8062.499881,2687.499881,0
43,9,11,246824,9,8062.499881,4031.249881,0
43,11,9,246824,9,4031.249881,8062.499881,0
43,10,14,246824,11,3224.999881,5374.999881,0
43,14,10,246824,11,5374.999881,3224.999881,0
43,10,17,246824,24,3224.999881,8062.499881,0
43,17,10,246824,24,8062.499881,3224.999881,0
43,10,18,246824,22,3224.999881,8062.499881,0
43,18,10,246824,22,8062.499881,3224.999881,0
43,10,27,246824,25,3224.999881,8062.499881,0
43,27,10,246824,25,8062.499881,3224.999881,0
43,11,15,246824,27,4031.249881,3224.999881,0
43,15,11,246824,27,3224.999881,4031.249881,0
43,11,26,246824,25,4031.249881,8062.499881,0
43,26,11,246824,25,8062.499881,4031.249881,0
43,12,23,246824,33,4031.249881,8062.499881,0
43,23,12,246824,33,8062.499881,4031.249881,0
43,12,24,246824,36,4031.249881,8062.499881,0
43,24,12,246824,36,8062.499881,4031.249881,0
43,14,17,246824,23,5374.999881,8062.499881,0
43,17,14,246824,23,8062.499881,5374.999881,0
43,15,22,246824,43,3224.999881,8062.499881,0
43,22,15,246824,43,8062.499881,3224.999881,0
43,15,28,246824,46,3224.999881,8062.499881,0
43,28,15,246824,46,8062.499881,3224.999881,0
43,15,29,246824,34,3224.999881,8062.499881,0
43,29,15,246824,34,8062.499881,3224.999881,0
43,16,25,246824,43,5374.999881,8062.499881,0
43,25,16,246824,43,8062.499881,5374.999881,0
44,0,2,246824,11,2015.624881,2015.624881,0
44,2,0,246824,11,2015.624881,2015.624881,0
44,0,3,246824,7,2015.624881,2015.624881,0
44,3,0,246824,7,2015.624881,2015.624881,0
44,0,8,246824,8,2015.624881,8062.499881,0
44,8,0,246824,8,8062.499881,2015.624881,0
44,0,10,246824,10,2015.624881,2687.499881,0
44,10,0,246824,10,2687.499881,2015.624881,0
44,0,12,246824,6,2015.624881,4031.249881,0
44,12,0,246824,6,4031.249881,2015.624881,0
44,0,15,246824,27,2015.624881,3224.999881,0
44,15,0,246824,27,3224.999881,2015.624881,0
44,0,19,246824,25,2015.624881,8062.499881,0
44,19,0,246824,25,8062.499881,2015.624881,0
44,0,22,246824,34,2015.624881,8062.499881,0
44,22,0,246824,34,8062.499881,2015.624881,0
44,1,2,246824,12,1240.384496,2015.624881,0
44,2,1,246824,12,2015.624881,1240.384496,0
44,1,3,246824,9,1240.384496,2015.624881,0
44,3,1,246824,9,2015.624881,1240.384496,0
44,1,4,246824,11,1240.384496,5374.999881,0
44,4,1,246824,11,5374.999881,1240.384496,0
44,1,5,246824,11,1240.384496,5374.999881,0
44,5,1,246824,11,5374.999881,1240.384496,0
44,1,7,246824,10,1240.384496,8062.499881,0
44,7,1,246824,10,8062.499881,1240.384496,0
44,1,8,246824,9,1240.384496,8062.499881,0
44,8,1,246824,9,8062.499881,1240.384496,0
44,1,9,246824,10,1240.384496,5374.999881,0
44,9,1,246824,10,5374.999881,1240.384496,0
44,1,11,246824,8,1240.384496,4031.249881,0
44,11,1,246824,8,4031.249881,1240.384496,0
44,1,13,246824,9,1240.384496,8062.499881,0
44,13,1,246824,9,8062.499881,1240.384496,0
44,1,19,246824,26,1240.384496,8062.499881,0
44,19,1,246824,26,8062.499881,1240.384496,0
44,1,20,246824,40,1240.384496,8062.499881,0
44,20,1,246824,40,8062.499881,1240.384496,0
44,1,26,246824,26,1240.384496,8062.499881,0
44,26,1,246824,26,8062.499881,1240.384496,0
44,1,28,246824,38,1240.384496,8062.499881,0
44,28,1,246824,38,8062.499881,1240.384496,0
44,2,16,246824,36,2015.624881,5374.999881,0
44,16,2,246824,36,5374.999881,2015.624881,0
44,2,18,246824,22,2015.624881,8062.499881,0
44,18,2,246824,22,8062.499881,2015.624881,0
44,2,21,246824,23,2015.624881,8062.499881,0
44,21,2,246824,23,8062.499881,2015.624881,0
44,2,23,246824,35,2015.624881,8062.499881,0
44,23,2,246824,35,8062.499881,2015.624881,0
44,2,24,246824,38,2015.624881,8062.499881,0
44,24,2,246824,38,8062.499881,2015.624881,0
44,2,29,246824,27,2015.624881,8062.499881,0
44,29,2,246824,27,8062.499881,2015.624881,0
44,3,4,246824,11,2015.624881,5374.999881,0
44,4,3,246824,11,5374.999881,2015.624881,0
44,3,5,246824,10,2015.624881,5374.999881,0
44,5,3,246824,10,5374.999881,2015.624881,0
44,3,6,246824,10,2015.624881,3224.999881,0
44,6,3,246824,10,3224.999881,2015.624881,0
44,3,12,246824,7,2015.624881,4031.249881,0
44,12,3,246824,7,4031.249881,2015.624881,0
44,3,16,246824,35,2015.624881,5374.999881,0
44,16,3,246824,35,5374.999881,2015.624881,0
44,3,27,246824,24,2015.624881,8062.499881,0
44,27,3,246824,24,8062.499881,2015.624881,0
44,4,14,246824,11,5374.999881,5374.999881,0
44,14,4,246824,11,5374.999881,5374.999881,0
44,5,13,246824,10,5374.999881,8062.499881,0
44,13,5,246824,10,8062.499881,5374.999881,0
44,6,7,246824,11,3224.999881,8062.499881,0
44,7,6,246824,11,8062.499881,3224.999881,0
44,6,20,246824,41,3224.999881,8062.499881,0
44,20,6,246824,41,8062.499881,3224.999881,0
44,6,21,246824,23,3224.999881,8062.499881,0
44,21,6,246824,23,8062.499881,3224.999881,0
44,6,25,246824,29,3224.999881,8062.499881,0
44,25,6,246824,29,8062.499881,3224.999881,0
44,9,10,246824,12,5374.999881,2687.499881,0
44,10,9,246824,12,2687.499881,5374.999881,0
44,9,11,246824,9,5374.999881,4031.249881,0
44,11,9,246824,9,4031.249881,5374.999881,0
44,10,14,246824,11,2687.499881,5374.999881,0
44,14,10,246824,11,5374.999881,2687.499881,0
44,10,17,246824,24,2687.499881,8062.499881,0
44,17,10,246824,24,8062.499881,2687.499881,0
44,10,18,246824,22,2687.499881,8062.499881,0
44,18,10,246824,22,8062.499881,2687.499881,0
44,10,27,246824,25,2687.499881,8062.499881,0
44,27,10,246824,25,8062.499881,2687.499881,0
44,11,15,246824,27,4031.249881,3224.999881,0
44,15,11,246824,27,3224.999881,4031.249881,0
44,11,26,246824,25,4031.249881,8062.499881,0
44,26,11,246824,25,8062.499881,4031.249881,0
44,12,23,246824,33,4031.249881,8062.499881,0
44,23,12,246824,33,8062.499881,4031.249881,0
44,12,24,246824,36,4031.249881,8062.499881,0
44,24,12,246824,36,8062.499881,4031.249881,0
44,14,17,246824,23,5374.999881,8062.499881,0
44,17,14,246824,23,8062.499881,5374.999881,0
44,15,22,246824,43,3224.999881,8062.499881,0
44,22,15,246824,43,8062.499881,3224.999881,0
44,15,28,246824,46,3224.999881,8062.499881,0
44,28,15,246824,46,8062.499881,3224.999881,0
44,15,29,246824,34,3224.999881,8062.499881,0
44,29,15,246824,34,8062.499881,3224.999881,0
44,16,25,246824,43,5374.999881,8062.499881,0
44,25,16,246824,43,8062.499881,5374.999881,0
45,0,1,246824,8,2303.571309,1151.785595,0
45,1,0,246824,8,1151.785595,2303.571309,0
45,0,8,246824,8,2303.571309,8062.499881,0
45,8,0,246824,8,8062.499881,2303.571309,0
45,0,10,246824,10,2303.571309,2687.499881,0
45,10,0,246824,10,2687.499881,2303.571309,0
45,0,12,246824,6,2303.571309,4031.249881,0
45,12,0,246824,6,4031.249881,2303.571309,0
45,0,15,246824,27,2303.571309,3224.999881,0
45,15,0,246824,27,3224.999881,2303.571309,0
45,0,19,246824,25,2303.571309,8062.499881,0
45,19,0,246824,25,8062.499881,2303.571309,0
45,0,22,246824,34,2303.571309,8062.499881,0
45,22,0,246824,34,8062.499881,2303.571309,0
45,1,2,246824,12,1151.785595,2015.624881,0
45,2,1,246824,12,2015.624881,1151.785595,0
45,1,3,246824,9,1151.785595,2303.571309,0
45,3,1,246824,9,2303.571309,1151.785595,0
45,1,4,246824,11,1151.785595,5374.999881,0
45,4,1,246824,11,5374.999881,1151.785595,0
45,1,5,246824,11,1151.785595,5374.999881,0
45,5,1,246824,11,5374.999881,1151.785595,0
45,1,7,246824,10,1151.785595,8062.499881,0
45,7,1,246824,10,8062.499881,1151.785595,0
45,1,8,246824,9,1151.785595,8062.499881,0
45,8,1,246824,9,8062.499881,1151.785595,0
45,1,9,246824,10,1151.785595,5374.999881,0
45,9,1,246824,10,5374.999881,1151.785595,0
45,1,11,246824,8,1151.785595,4031.249881,0
45,11,1,246824,8,4031.249881,1151.785595,0
45,1,13,246824,9,1151.785595,8062.499881,0
45,13,1,246824,9,8062.499881,1151.785595,0
45,1,19,246824,26,1151.785595,8062.499881,0
45,19,1,246824,26,8062.499881,1151.785595,0
45,1,20,246824,40,1151.785595,8062.499881,0
45,20,1,246824,40,8062.499881,1151.785595,0
45,1,26,246824,26,1151.785595,8062.499881,0
45,26,1,246824,26,8062.499881,1151.785595,0
45,1,28,246824,38,1151.785595,8062.499881,0
45,28,1,246824,38,8062.499881,1151.785595,0
45,2,6,246824,13,2015.624881,2687.499881,0
45,6,2,246824,13,2687.499881,2015.624881,0
45,2,16,246824,36,2015.624881,5374.999881,0
45,16,2,246824,36,5374.999881,2015.624881,0
45,2,18,246824,22,2015.624881,8062.499881,0
45,18,2,246824,22,8062.499881,2015.624881,0
45,2,21,246824,23,2015.624881,8062.499881,0
45,21,2,246824,23,8062.499881,2015.624881,0
45,2,23,246824,35,2015.624881,8062.499881,0
45,23,2,246824,35,8062.499881,2015.624881,0
45,2,24,246824,38,2015.624881,8062.499881,0
45,24,2,246824,38,8062.499881,2015.624881,0
45,2,29,246824,27,2015.624881,8062.499881,0
45,29,2,246824,27,8062.499881,2015.624881,0
45,3,4,246824,11,2303.571309,5374.999881,0
45,4,3,246824,11,5374.999881,2303.571309,0
45,3,5,246824,10,2303.571309,5374.999881,0
45,5,3,246824,10,5374.999881,2303.571309,0
45,3,6,246824,10,2303.571309,2687.499881,0
45,6,3,246824,10,2687.499881,2303.571309,0
45,3,12,246824,7,2303.571309,4031.249881,0
45,12,3,246824,7,4031.249881,2303.571309,0
45,3,16,246824,35,2303.571309,5374.999881,0
45,16,3,246824,35,5374.999881,2303.571309,0
45,3,27,246824,24,2303.571309,8062.499881,0
45,27,3,246824,24,8062.499881,2303.571309,0
45,4,14,246824,11,5374.999881,5374.999881,0
45,14,4,246824,11,5374.999881,5374.999881,0
45,5,13,246824,10,5374.999881,8062.499881,0
45,13,5,246824,10,8062.499881,5374.999881,0
45,6,7,246824,11,2687.499881,8062.499881,0
45,7,6,246824,11,8062.499881,2687.499881,0
45,6,20,246824,41,2687.499881,8062.499881,0
45,20,6,246824,41,8062.499881,2687.499881,0
45,6,21,246824,23,2687.499881,8062.499881,0
45,21,6,246824,23,8062.499881,2687.499881,0
45,6,25,246824,29,2687.499881,8062.499881,0
45,25,6,246824,29,8062.499881,2687.499881,0
45,9,10,246824,12,5374.999881,2687.499881,0
45,10,9,246824,12,2687.499881,5374.999881,0
45,9,11,246824,9,5374.999881,4031.249881,0
45,11,9,246824,9,4031.249881,5374.999881,0
45,10,14,246824,11,2687.499881,5374.999881,0
45,14,10,246824,11,5374.999881,2687.499881,0
45,10,17,246824,24,2687.499881,8062.499881,0
45,17,10,246824,24,8062.499881,2687.499881,0
45,10,18,246824,22,2687.499881,8062.499881,0
45,18,10,246824,22,8062.499881,2687.499881,0
45,10,27,246824,25,2687.499881,8062.499881,0
45,27,10,246824,25,8062.499881,2687.499881,0
45,11,15,246824,27,4031.249881,3224.999881,0
45,15,11,246824,27,3224.999881,4031.249881,0
45,11,26,246824,25,4031.249881,8062.499881,0
45,26,11,246824,25,8062.499881,4031.249881,0
45,12,23,246824,33,4031.249881,8062.499881,0
45,23,12,246824,33,8062.499881,4031.249881,0
45,12,24,246824,36,4031.249881,8062.499881,0
45,24,12,246824,36,8062.499881,4031.249881,0
45,14,17,246824,23,5374.999881,8062.499881,0
45,17,14,246824,23,8062.499881,5374.999881,0
45,15,22,246824,43,3224.999881,8062.499881,0
45,22,15,246824,43,8062.499881,3224.999881,0
45,15,28,246824,46,3224.999881,8062.499881,0
45,28,15,246824,46,8062.499881,3224.999881,0
45,15,29,246824,34,3224.999881,8062.499881,0
45,29,15,246824,34,8062.499881,3224.999881,0
45,16,25,246824,43,5374.999881,8062.499881,0
45,25,16,246824,43,8062.499881,5374.999881,0
46,0,1,246824,8,1791.666547,1151.785595,0
46,1,0,246824,8,1151.785595,1791.666547,0
46,0,2,246824,11,1791.666547,1791.666547,0
46,2,0,246824,11,1791.666547,1791.666547,0
46,0,3,246824,7,1791.666547,2303.571309,0
46,3,0,246824,7,2303.571309,1791.666547,0
46,0,8,246824,8,1791.666547,8062.499881,0
46,8,0,246824,8,8062.499881,1791.666547,0
46,0,10,246824,10,1791.666547,2687.499881,0
46,10,0,246824,10,2687.499881,1791.666547,0
46,0,12,246824,6,1791.666547,4031.249881,0
46,12,0,246824,6,4031.249881,1791.666547,0
46,0,15,246824,27,1791.666547,3224.999881,0
46,15,0,246824,27,3224.999881,1791.666547,0
46,0,19,246824,25,1791.666547,8062.499881,0
46,19,0,246824,25,8062.499881,1791.666547,0
46,0,22,246824,34,1791.666547,8062.499881,0
46,22,0,246824,34,8062.499881,1791.666547,0
46,1,2,246824,12,1151.785595,1791.666547,0
46,2,1,246824,12,1791.666547,1151.785595,0
46,1,3,246824,9,1151.785595,2303.571309,0
46,3,1,246824,9,2303.571309,1151.785595,0
46,1,4,246824,11,1151.785595,5374.999881,0
46,4,1,246824,11,5374.999881,1151.785595,0
46,1,5,246824,11,1151.785595,5374.999881,0
46,5,1,246824,11,5374.999881,1151.785595,0
46,1,7,246824,10,1151.785595,8062.499881,0
46,7,1,246824,10,8062.499881,1151.785595,0
46,1,8,246824,9,1151.785595,8062.499881,0
46,8,1,246824,9,8062.499881,1151.785595,0
46,1,9,246824,10,1151.785595,4031.249881,0
46,9,1,246824,10,4031.249881,1151.785595,0
46,1,11,246824,8,1151.785595,4031.249881,0
46,11,1,246824,8,4031.249881,1151.785595,0
46,1,13,246824,9,1151.785595,8062.499881,0
46,13,1,246824,9,8062.499881,1151.785595,0
46,1,19,246824,26,1151.785595,8062.499881,0
46,19,1,246824,26,8062.499881,1151.785595,0
46,1,20,246824,40,1151.785595,8062.499881,0
46,20,1,246824,40,8062.499881,1151.785595,0
46,1,26,246824,26,1151.785595,8062.499881,0
46,26,1,246824,26,8062.499881,1151.785595,0
46,1,28,246824,38,1151.785595,8062.499881,0
46,28,1,246824,38,8062.499881,1151.785595,0
46,2,6,246824,13,1791.666547,2687.499881,0
46,6,2,246824,13,2687.499881,1791.666547,0
46,2,16,246824,36,1791.666547,5374.999881,0
46,16,2,246824,36,5374.999881,1791.666547,0
46,2,18,246824,22,1791.666547,8062.499881,0
46,18,2,246824,22,8062.499881,1791.666547,0
46,2,21,246824,23,1791.666547,8062.499881,0
46,21,2,246824,23,8062.499881,1791.666547,0
46,2,23,246824,35,1791.666547,8062.499881,0
46,23,2,246824,35,8062.499881,1791.666547,0
46,2,24,246824,38,1791.666547,8062.499881,0
46,24,2,246824,38,8062.499881,1791.666547,0
46,2,29,246824,27,1791.666547,8062.499881,0
46,29,2,246824,27,8062.499881,1791.666547,0
46,3,5,246824,10,2303.571309,5374.999881,0
46,5,3,246824,10,5374.999881,2303.571309,0
46,3,6,246824,10,2303.571309,2687.499881,0
46,6,3,246824,10,2687.499881,2303.571309,0
46,3,12,246824,7,2303.571309,4031.249881,0
46,12,3,246824,7,4031.249881,2303.571309,0
46,3,16,246824,35,2303.571309,5374.999881,0
46,16,3,246824,35,5374.999881,2303.571309,0
46,3,27,246824,24,2303.571309,8062.499881,0
46,27,3,246824,24,8062.499881,2303.571309,0
46,4,9,246824,12,5374.999881,4031.249881,0
46,9,4,246824,12,4031.249881,5374.999881,0
46,4,14,246824,11,5374.999881,5374.999881,0
46,14,4,246824,11,5374.999881,5374.999881,0
46,5,13,246824,10,5374.999881,8062.499881,0
46,13,5,246824,10,8062.499881,5374.999881,0
46,6,7,246824,11,2687.499881,8062.499881,0
46,7,6,246824,11,8062.499881,2687.499881,0
46,6,20,246824,41,2687.499881,8062.499881,0
46,20,6,246824,41,8062.499881,2687.499881,0
46,6,21,246824,23,2687.499881,8062.499881,0
46,21,6,246824,23,8062.499881,2687.499881,0
46,6,25,246824,29,2687.499881,8062.499881,0
46,25,6,246824,29,8062.499881,2687.499881,0
46,9,10,246824,12,4031.249881,2687.499881,0
46,10,9,246824,12,2687.499881,4031.249881,0
46,9,11,246824,9,4031.249881,4031.249881,0
46,11,9,246824,9,4031.249881,4031.249881,0
46,10,14,246824,11,2687.499881,5374.999881,0
46,14,10,246824,11,5374.999881,2687.499881,0
46,10,17,246824,24,2687.499881,8062.499881,0
46,17,10,246824,24,8062.499881,2687.499881,0
46,10,18,246824,22,2687.499881,8062.499881,0
46,18,10,246824,22,8062.499881,2687.499881,0
46,10,27,246824,25,2687.499881,8062.499881,0
46,27,10,246824,25,8062.499881,2687.499881,0
46,11,15,246824,27,4031.249881,3224.999881,0
46,15,11,246824,27,3224.999881,4031.249881,0
46,11,26,246824,25,4031.249881,8062.499881,0
46,26,11,246824,25,8062.499881,4031.249881,0
46,12,23,246824,33,4031.249881,8062.499881,0
46,23,12,246824,33,8062.499881,4031.249881,0
46,12,24,246824,36,4031.249881,8062.499881,0
46,24,12,246824,36,8062.499881,4031.249881,0
46,14,17,246824,23,5374.999881,8062.499881,0
46,17,14,246824,23,8062.499881,5374.999881,0
46,15,22,246824,43,3224.999881,8062.499881,0
46,22,15,246824,43,8062.499881,3224.999881,0
46,15,28,246824,46,3224.999881,8062.499881,0
46,28,15,246824,46,8062.499881,3224.999881,0
46,15,29,246824,34,3224.999881,8062.499881,0
46,29,15,246824,34,8062.499881,3224.999881,0
46,16,25,246824,43,5374.999881,8062.499881,0
46,25,16,246824,43,8062.499881,5374.999881,0
47,0,2,246824,11,2303.571309,2303.571309,0
47,2,0,246824,11,2303.571309,2303.571309,0
47,0,8,246824,8,2303.571309,8062.499881,0
47,8,0,246824,8,8062.499881,2303.571309,0
47,0,10,246824,10,2303.571309,3224.999881,0
47,10,0,246824,10,3224.999881,2303.571309,0
47,0,12,246824,6,2303.571309,4031.249881,0
47,12,0,246824,6,4031.249881,2303.571309,0
47,0,15,246824,27,2303.571309,3224.999881,0
47,15,0,246824,27,3224.999881,2303.571309,0
47,0,19,246824,25,2303.571309,8062.499881,0
47,19,0,246824,25,8062.499881,2303.571309,0
47,0,22,246824,34,2303.571309,8062.499881,0
47,22,0,246824,34,8062.499881,2303.571309,0
47,1,4,246824,11,1465.908972,5374.999881,0
47,4,1,246824,11,5374.999881,1465.908972,0
47,1,5,246824,11,1465.908972,8062.499881,0
47,5,1,246824,11,8062.499881,1465.908972,0
47,1,7,246824,10,1465.908972,8062.499881,0
47,7,1,246824,10,8062.499881,1465.908972,0
47,1,8,246824,9,1465.908972,8062.499881,0
47,8,1,246824,9,8062.499881,1465.908972,0
47,1,9,246824,10,1465.908972,8062.499881,0
47,9,1,246824,10,8062.499881,1465.908972,0
47,1,11,246824,8,1465.908972,4031.249881,0
47,11,1,246824,8,4031.249881,1465.908972,0
47,1,13,246824,9,1465.908972,8062.499881,0
47,13,1,246824,9,8062.499881,1465.908972,0
47,1,19,246824,26,1465.908972,8062.499881,0
47,19,1,246824,26,8062.499881,1465.908972,0
47,1,20,246824,40,1465.908972,8062.499881,0
47,20,1,246824,40,8062.499881,1465.908972,0
47,1,26,246824,26,1465.908972,8062.499881,0
47,26,1,246824,26,8062.499881,1465.908972,0
47,1,28,246824,38,1465.908972,8062.499881,0
47,28,1,246824,38,8062.499881,1465.908972,0
47,2,6,246824,13,2303.571309,2687.499881,0
47,6,2,246824,13,2687.499881,2303.571309,0
47,2,18,246824,22,2303.571309,8062.499881,0
47,18,2,246824,22,8062.499881,2303.571309,0
47,2,21,246824,23,2303.571309,8062.499881,0
47,21,2,246824,23,8062.499881,2303.571309,0
47,2,23,246824,35,2303.571309,8062.499881,0
47,23,2,246824,35,8062.499881,2303.571309,0
47,2,24,246824,38,2303.571309,8062.499881,0
47,24,2,246824,38,8062.499881,2303.571309,0
47,2,29,246824,27,2303.571309,8062.499881,0
47,29,2,246824,27,8062.499881,2303.571309,0
47,3,4,246824,11,3224.999881,5374.999881,0
47,4,3,246824,11,5374.999881,3224.999881,0
47,3,6,246824,10,3224.999881,2687.499881,0
47,6,3,246824,10,2687.499881,3224.999881,0
47,3,12,246824,7,3224.999881,4031.249881,0
47,12,3,246824,7,4031.249881,3224.999881,0
47,3,16,246824,35,3224.999881,8062.499881,0
47,16,3,246824,35,8062.499881,3224.999881,0
47,3,27,246824,24,3224.999881,8062.499881,0
47,27,3,246824,24,8062.499881,3224.999881,0
47,4,14,246824,11,5374.999881,5374.999881,0
47,14,4,246824,11,5374.999881,5374.999881,0
47,5,13,246824,10,8062.499881,8062.499881,0
47,13,5,246824,10,8062.499881,8062.499881,0
47,6,7,246824,11,2687.499881,8062.499881,0
47,7,6,246824,11,8062.499881,2687.499881,0
47,6,20,246824,41,2687.499881,8062.499881,0
47,20,6,246824,41,8062.499881,2687.499881,0
47,6,21,246824,23,2687.499881,8062.499881,0
47,21,6,246824,23,8062.499881,2687.499881,0
47,6,25,246824,29,2687.499881,8062.499881,0
47,25,6,246824,29,8062.499881,2687.499881,0
47,9,11,246824,9,8062.499881,4031.249881,0
47,11,9,246824,9,4031.249881,8062.499881,0
47,10,14,246824,11,3224.999881,5374.999881,0
47,14,10,246824,11,5374.999881,3224.999881,0
47,10,17,246824,24,3224.999881,8062.499881,0
47,17,10,246824,24,8062.499881,3224.999881,0
47,10,18,246824,22,3224.999881,8062.499881,0
47,18,10,246824,22,8062.499881,3224.999881,0
47,10,27,246824,25,3224.999881,8062.499881,0
47,27,10,246824,25,8062.499881,3224.999881,0
47,11,15,246824,27,4031.249881,3224.999881,0
47,15,11,246824,27,3224.999881,4031.249881,0
47,11,26,246824,25,4031.249881,8062.499881,0
47,26,11,246824,25,8062.499881,4031.249881,0
47,12,23,246824,33,4031.249881,8062.499881,0
47,23,12,246824,33,8062.499881,4031.249881,0
47,12,24,246824,36,4031.249881,8062.499881,0
47,24,12,246824,36,8062.499881,4031.249881,0
47,14,17,246824,23,5374.999881,8062.499881,0
47,17,14,246824,23,8062.499881,5374.999881,0
47,15,22,246824,43,3224.999881,8062.499881,0
47,22,15,246824,43,8062.499881,3224.999881,0
47,15,28,246824,46,3224.999881,8062.499881,0
47,28,15,246824,46,8062.499881,3224.999881,0
47,15,29,246824,34,3224.999881,8062.499881,0
47,29,15,246824,34,8062.499881,3224.999881,0
47,16,25,246824,43,8062.499881,8062.499881,0
47,25,16,246824,43,8062.499881,8062.499881,0
48,0,2,246824,11,2015.624881,2015.624881,0
48,2,0,246824,11,2015.624881,2015.624881,0
48,0,3,246824,7,2015.624881,2015.624881,0
48,3,0,246824,7,2015.624881,2015.624881,0
48,0,8,246824,8,2015.624881,8062.499881,0
48,8,0,246824,8,8062.499881,2015.624881,0
48,0,10,246824,10,2015.624881,2687.499881,0
48,10,0,246824,10,2687.499881,2015.624881,0
48,0,12,246824,6,2015.624881,4031.249881,0
48,12,0,246824,6,4031.249881,2015.624881,0
48,0,15,246824,27,2015.624881,3224.999881,0
48,15,0,246824,27,3224.999881,2015.624881,0
48,0,19,246824,25,2015.624881,8062.499881,0
48,19,0,246824,25,8062.499881,2015.624881,0
48,0,22,246824,34,2015.624881,8062.499881,0
48,22,0,246824,34,8062.499881,2015.624881,0
48,1,2,246824,12,1343.749881,2015.624881,0
48,2,1,246824,12,2015.624881,1343.749881,0
48,1,3,246824,9,1343.749881,2015.624881,0
48,3,1,246824,9,2015.624881,1343.749881,0
48,1,4,246824,11,1343.749881,5374.999881,0
48,4,1,246824,11,5374.999881,1343.749881,0
48,1,7,246824,10,1343.749881,8062.499881,0
48,7,1,246824,10,8062.499881,1343.749881,0
48,1,8,246824,9,1343.749881,8062.499881,0
48,8,1,246824,9,8062.499881,1343.749881,0
48,1,9,246824,10,1343.749881,5374.999881,0
48,9,1,246824,10,5374.999881,1343.749881,0
48,1,11,246824,8,1343.749881,4031.249881,0
48,11,1,246824,8,4031.249881,1343.749881,0
48,1,13,246824,9,1343.749881,8062.499881,0
48,13,1,246824,9,8062.499881,1343.749881,0
48,1,19,246824,26,1343.749881,8062.499881,0
48,19,1,246824,26,8062.499881,1343.749881,0
48,1,20,246824,40,1343.749881,8062.499881,0
48,20,1,246824,40,8062.499881,1343.749881,0
48,1,26,246824,26,1343.749881,8062.499881,0
48,26,1,246824,26,8062.499881,1343.749881,0
48,1,28,246824,38,1343.749881,8062.499881,0
48,28,1,246824,38,8062.499881,1343.749881,0
48,2,16,246824,36,2015.624881,5374.999881,0
48,16,2,246824,36,5374.999881,2015.624881,0
48,2,18,246824,22,2015.624881,8062.499881,0
48,18,2,246824,22,8062.499881,2015.624881,0
48,2,21,246824,23,2015.624881,8062.499881,0
48,21,2,246824,23,8062.499881,2015.624881,0
48,2,23,246824,35,2015.624881,8062.499881,0
48,23,2,246824,35,8062.499881,2015.624881,0
48,2,24,246824,38,2015.624881,8062.499881,0
48,24,2,246824,38,8062.499881,2015.624881,0
48,2,29,246824,27,2015.624881,8062.499881,0
48,29,2,246824,27,8062.499881,2015.624881,0
48,3,4,246824,11,2015.624881,5374.999881,0
48,4,3,246824,11,5374.999881,2015.624881,0
48,3,5,246824,10,2015.624881,8062.499881,0
48,5,3,246824,10,8062.499881,2015.624881,0
48,3,6,246824,10,2015.624881,3224.999881,0
48,6,3,246824,10,3224.999881,2015.624881,0
48,3,12,246824,7,2015.624881,4031.249881,0
48,12,3,246824,7,4031.249881,2015.624881,0
48,3,16,246824,35,2015.624881,5374.999881,0
48,16,3,246824,35,5374.999881,2015.624881,0
48,3,27,246824,24,2015.624881,8062.499881,0
48,27,3,246824,24,8062.499881,2015.624881,0
48,4,14,246824,11,5374.999881,5374.999881,0
48,14,4,246824,11,5374.999881,5374.999881,0
48,5,13,246824,10,8062.499881,8062.499881,0
48,13,5,246824,10,8062.499881,8062.499881,0
48,6,7,246824,11,3224.999881,8062.499881,0
48,7,6,246824,11,8062.499881,3224.999881,0
48,6,20,246824,41,3224.999881,8062.499881,0
48,20,6,246824,41,8062.499881,3224.999881,0
48,6,21,246824,23,3224.999881,8062.499881,0
48,21,6,246824,23,8062.499881,3224.999881,0
48,6,25,246824,29,3224.999881,8062.499881,0
48,25,6,246824,29,8062.499881,3224.999881,0
48,9,10,246824,12,5374.999881,2687.499881,0
48,10,9,246824,12,2687.499881,5374.999881,0
48,9,11,246824,9,5374.999881,4031.249881,0
48,11,9,246824,9,4031.249881,5374.999881,0
48,10,14,246824,11,2687.499881,5374.999881,0
48,14,10,246824,11,5374.999881,2687.499881,0
48,10,17,246824,24,2687.499881,8062.499881,0
48,17,10,246824,24,8062.499881,2687.499881,0
48,10,18,246824,22,2687.499881,8062.499881,0
48,18,10,246824,22,8062.499881,2687.499881,0
48,10,27,246824,25,2687.499881,8062.499881,0
48,27,10,246824,25,8062.499881,2687.499881,0
48,11,15,246824,27,4031.249881,3224.999881,0
48,15,11,246824,27,3224.999881,4031.249881,0
48,11,26,246824,25,4031.249881,8062.499881,0
48,26,11,246824,25,8062.499881,4031.249881,0
48,12,23,246824,33,4031.249881,8062.499881,0
48,23,12,246824,33,8062.499881,4031.249881,0
48,12,24,246824,36,4031.249881,8062.499881,0
48,24,12,246824,36,8062.499881,4031.249881,0
48,14,17,246824,23,5374.999881,8062.499881,0
48,17,14,246824,23,8062.499881,5374.999881,0
48,15,22,246824,43,3224.999881,8062.499881,0
48,22,15,246824,43,8062.499881,3224.999881,0
48,15,28,246824,46,3224.999881,8062.499881,0
48,28,15,246824,46,8062.499881,3224.999881,0
48,15,29,246824,34,3224.999881,8062.499881,0
48,29,15,246824,34,8062.499881,3224.999881,0
48,16,25,246824,43,5374.999881,8062.499881,0
48,25,16,246824,43,8062.499881,5374.999881,0
49,0,1,246824,8,2015.624881,1465.908972,0
49,1,0,246824,8,1465.908972,2015.624881,0
49,0,2,246824,11,2015.624881,2015.624881,0
49,2,0,246824,11,2015.624881,2015.624881,0
49,0,3,246824,7,2015.624881,2687.499881,0
49,3,0,246824,7,2687.499881,2015.624881,0
49,0,8,246824,8,2015.624881,8062.499881,0
49,8,0,246824,8,8062.499881,2015.624881,0
49,0,12,246824,6,2015.624881,4031.249881,0
49,12,0,246824,6,4031.249881,2015.624881,0
49,0,15,246824,27,2015.624881,3224.999881,0
49,15,0,246824,27,3224.999881,2015.624881,0
49,0,19,246824,25,2015.624881,8062.499881,0
49,19,0,246824,25,8062.499881,2015.624881,0
49,0,22,246824,34,2015.624881,8062.499881,0
49,22,0,246824,34,8062.499881,2015.624881,0
49,1,4,246824,11,1465.908972,8062.499881,0
49,4,1,246824,11,8062.499881,1465.908972,0
49,1,7,246824,10,1465.908972,8062.499881,0
49,7,1,246824,10,8062.499881,1465.908972,0
49,1,8,246824,9,1465.908972,8062.499881,0
49,8,1,246824,9,8062.499881,1465.908972,0
49,1,9,246824,10,1465.908972,5374.999881,0
49,9,1,246824,10,5374.999881,1465.908972,0
49,1,11,246824,8,1465.908972,4031.249881,0
49,11,1,246824,8,4031.249881,1465.908972,0
49,1,13,246824,9,1465.908972,8062.499881,0
49,13,1,246824,9,8062.499881,1465.908972,0
49,1,19,246824,26,1465.908972,8062.499881,0
49,19,1,246824,26,8062.499881,1465.908972,0
49,1,20,246824,40,1465.908972,8062.499881,0
49,20,1,246824,40,8062.499881,1465.908972,0
49,1,26,246824,26,1465.908972,8062.499881,0
49,26,1,246824,26,8062.499881,1465.908972,0
49,1,28,246824,38,1465.908972,8062.499881,0
49,28,1,246824,38,8062.499881,1465.908972,0
49,2,6,246824,13,2015.624881,2687.499881,0
49,6,2,246824,13,2687.499881,2015.624881,0
49,2,16,246824,36,2015.624881,5374.999881,0
49,16,2,246824,36,5374.999881,2015.624881,0
49,2,18,246824,22,2015.624881,8062.499881,0
49,18,2,246824,22,8062.499881,2015.624881,0
49,2,21,246824,23,2015.624881,8062.499881,0
49,21,2,246824,23,8062.499881,2015.624881,0
49,2,23,246824,35,2015.624881,8062.499881,0
49,23,2,246824,35,8062.499881,2015.624881,0
49,2,24,246824,38,2015.624881,8062.499881,0
49,24,2,246824,38,8062.499881,2015.624881,0
49,2,29,246824,27,2015.624881,8062.499881,0
49,29,2,246824,27,8062.499881,2015.624881,0
49,3,5,246824,10,2687.499881,8062.499881,0
49,5,3,246824,10,8062.499881,2687.499881,0
49,3,6,246824,10,2687.499881,2687.499881,0
49,6,3,246824,10,2687.499881,2687.499881,0
49,3,12,246824,7,2687.499881,4031.249881,0
49,12,3,246824,7,4031.249881,2687.499881,0
49,3,16,246824,35,2687.499881,5374.999881,0
49,16,3,246824,35,5374.999881,2687.499881,0
49,3,27,246824,24,2687.499881,8062.499881,0
49,27,3,246824,24,8062.499881,2687.499881,0
49,4,14,246824,11,8062.499881,5374.999881,0
49,14,4,246824,11,5374.999881,8062.499881,0
49,5,13,246824,10,8062.499881,8062.499881,0
49,13,5,246824,10,8062.499881,8062.499881,0
49,6,7,246824,11,2687.499881,8062.499881,0
49,7,6,246824,11,8062.499881,2687.499881,0
49,6,20,246824,41,2687.499881,8062.499881,0
49,20,6,246824,41,8062.499881,2687.499881,0
49,6,21,246824,23,2687.499881,8062.499881,0
49,21,6,246824,23,8062.499881,2687.499881,0
49,6,25,246824,29,2687.499881,8062.499881,0
49,25,6,246824,29,8062.499881,2687.499881,0
49,9,10,246824,12,5374.999881,3224.999881,0
49,10,9,246824,12,3224.999881,5374.999881,0
49,9,11,246824,9,5374.999881,4031.249881,0
49,11,9,246824,9,4031.249881,5374.999881,0
49,10,14,246824,11,3224.999881,5374.999881,0
49,14,10,246824,11,5374.999881,3224.999881,0
49,10,17,246824,24,3224.999881,8062.499881,0
49,17,10,246824,24,8062.499881,3224.999881,0
49,10,18,246824,22,3224.999881,8062.499881,0
49,18,10,246824,22,8062.499881,3224.999881,0
49,10,27,246824,25,3224.999881,8062.499881,0
49,27,10,246824,25,8062.499881,3224.999881,0
49,11,15,246824,27,4031.249881,3224.999881,0
49,15,11,246824,27,3224.999881,4031.249881,0
49,11,26,246824,25,4031.249881,8062.499881,0
49,26,11,246824,25,8062.499881,4031.249881,0
49,12,23,246824,33,4031.249881,8062.499881,0
49,23,12,246824,33,8062.499881,4031.249881,0
49,12,24,246824,36,4031.249881,8062.499881,0
49,24,12,246824,36,8062.499881,4031.249881,0
49,14,17,246824,23,5374.999881,8062.499881,0
49,17,14,246824,23,8062.499881,5374.999881,0
49,15,22,246824,43,3224.999881,8062.499881,0
49,22,15,246824,43,8062.499881,3224.999881,0
49,15,28,246824,46,3224.999881,8062.499881,0
49,28,15,246824,46,8062.499881,3224.999881,0
49,15,29,246824,34,3224.999881,8062.499881,0
49,29,15,246824,34,8062.499881,3224.999881,0
49,16,25,246824,43,5374.999881,8062.499881,0
49,25,16,246824,43,8062.499881,5374.999881,0
50,0,2,246824,11,2303.571309,1791.666547,0
50,2,0,246824,11,1791.666547,2303.571309,0
50,0,8,246824,8,2303.571309,8062.499881,0
50,8,0,246824,8,8062.499881,2303.571309,0
50,0,10,246824,10,2303.571309,2687.499881,0
50,10,0,246824,10,2687.499881,2303.571309,0
50,0,12,246824,6,2303.571309,4031.249881,0
50,12,0,246824,6,4031.249881,2303.571309,0
50,0,15,246824,27,2303.571309,3224.999881,0
50,15,0,246824,27,3224.999881,2303.571309,0
50,0,19,246824,25,2303.571309,8062.499881,0
50,19,0,246824,25,8062.499881,2303.571309,0
50,0,22,246824,34,2303.571309,8062.499881,0
50,22,0,246824,34,8062.499881,2303.571309,0
50,1,2,246824,12,1240.384496,1791.666547,0
50,2,1,246824,12,1791.666547,1240.384496,0
50,1,3,246824,9,1240.384496,2303.571309,0
50,3,1,246824,9,2303.571309,1240.384496,0
50,1,4,246824,11,1240.384496,5374.999881,0
50,4,1,246824,11,5374.999881,1240.384496,0
50,1,5,246824,11,1240.384496,5374.999881,0
50,5,1,246824,11,5374.999881,1240.384496,0
50,1,7,246824,10,1240.384496,8062.499881,0
50,7,1,246824,10,8062.499881,1240.384496,0
50,1,8,246824,9,1240.384496,8062.499881,0
50,8,1,246824,9,8062.499881,1240.384496,0
50,1,9,246824,10,1240.384496,5374.999881,0
50,9,1,246824,10,5374.999881,1240.384496,0
50,1,11,246824,8,1240.384496,4031.249881,0
50,11,1,246824,8,4031.249881,1240.384496,0
50,1,13,246824,9,1240.384496,8062.499881,0
50,13,1,246824,9,8062.499881,1240.384496,0
50,1,19,246824,26,1240.384496,8062.499881,0
50,19,1,246824,26,8062.499881,1240.384496,0
50,1,20,246824,40,1240.384496,8062.499881,0
50,20,1,246824,40,8062.499881,1240.384496,0
50,1,26,246824,26,1240.384496,8062.499881,0
50,26,1,246824,26,8062.499881,1240.384496,0
50,1,28,246824,38,1240.384496,8062.499881,0
50,28,1,246824,38,8062.499881,1240.384496,0
50,2,6,246824,13,1791.666547,2687.499881,0
50,6,2,246824,13,2687.499881,1791.666547,0
50,2,16,246824,36,1791.666547,5374.999881,0
50,16,2,246824,36,5374.999881,1791.666547,0
50,2,18,246824,22,1791.666547,8062.499881,0
50,18,2,246824,22,8062.499881,1791.666547,0
50,2,21,246824,23,1791.666547,8062.499881,0
50,21,2,246824,23,8062.499881,1791.666547,0
50,2,23,246824,35,1791.666547,8062.499881,0
50,23,2,246824,35,8062.499881,1791.666547,0
50,2,24,246824,38,1791.666547,8062.499881,0
50,24,2,246824,38,8062.499881,1791.666547,0
50,2,29,246824,27,1791.666547,8062.499881,0
50,29,2,246824,27,8062.499881,1791.666547,0
50,3,4,246824,11,2303.571309,5374.999881,0
50,4,3,246824,11,5374.999881,2303.571309,0
50,3,5,246824,10,2303.571309,5374.999881,0
50,5,3,246824,10,5374.999881,2303.571309,0
50,3,6,246824,10,2303.571309,2687.499881,0
50,6,3,246824,10,2687.499881,2303.571309,0
50,3,12,246824,7,2303.571309,4031.249881,0
50,12,3,246824,7,4031.249881,2303.571309,0
50,3,16,246824,35,2303.571309,5374.999881,0
50,16,3,246824,35,5374.999881,2303.571309,0
50,3,27,246824,24,2303.571309,8062.499881,0
50,27,3,246824,24,8062.499881,2303.571309,0
50,4,14,246824,11,5374.999881,5374.999881,0
50,14,4,246824,11,5374.999881,5374.999881,0
50,5,13,246824,10,5374.999881,8062.499881,0
50,13,5,246824,10,8062.499881,5374.999881,0
50,6,7,246824,11,2687.499881,8062.499881,0
50,7,6,246824,11,8062.499881,2687.499881,0
50,6,20,246824,41,2687.499881,8062.499881,0
50,20,6,246824,41,8062.499881,2687.499881,0
50,6,21,246824,23,2687.499881,8062.499881,0
50,21,6,246824,23,8062.499881,2687.499881,0
50,6,25,246824,29,2687.499881,8062.499881,0
50,25,6,246824,29,8062.499881,2687.499881,0
50,9,10,246824,12,5374.999881,2687.499881,0
50,10,9,246824,12,2687.499881,5374.999881,0
50,9,11,246824,9,5374.999881,4031.249881,0
50,11,9,246824,9,4031.249881,5374.999881,0
50,10,14,246824,11,2687.499881,5374.999881,0
50,14,10,246824,11,5374.999881,2687.499881,0
50,10,17,246824,24,2687.499881,8062.499881,0
50,17,10,246824,24,8062.499881,2687.499881,0
50,10,18,246824,22,2687.499881,8062.499881,0
50,18,10,246824,22,8062.499881,2687.499881,0
50,10,27,246824,25,2687.499881,8062.499881,0
50,27,10,246824,25,8062.499881,2687.499881,0
50,11,15,246824,27,4031.249881,3224.999881,0
50,15,11,246824,27,3224.999881,4031.249881,0
50,11,26,246824,25,4031.249881,8062.499881,0
50,26,11,246824,25,8062.499881,4031.249881,0
50,12,23,246824,33,4031.249881,8062.499881,0
50,23,12,246824,33,8062.499881,4031.249881,0
50,12,24,246824,36,4031.249881,8062.499881,0
50,24,12,246824,36,8062.499881,4031.249881,0
50,14,17,246824,23,5374.999881,8062.499881,0
50,17,14,246824,23,8062.499881,5374.999881,0
50,15,22,246824,43,3224.999881,8062.499881,0
50,22,15,246824,43,8062.499881,3224.999881,0
50,15,28,246824,46,3224.999881,8062.499881,0
50,28,15,246824,46,8062.499881,3224.999881,0
50,15,29,246824,34,3224.999881,8062.499881,0
50,29,15,246824,34,8062.499881,3224.999881,0
50,16,25,246824,43,5374.999881,8062.499881,0
50,25,16,246824,43,8062.499881,5374.999881,0
51,0,1,246824,8,1791.666547,1343.749881,0
51,1,0,246824,8,1343.749881,1791.666547,0
51,0,2,246824,11,1791.666547,2015.624881,0
51,2,0,246824,11,2015.624881,1791.666547,0
51,0,3,246824,7,1791.666547,3224.999881,0
51,3,0,246824,7,3224.999881,1791.666547,0
51,0,8,246824,8,1791.666547,8062.499881,0
51,8,0,246824,8,8062.499881,1791.666547,0
51,0,10,246824,10,1791.666547,3224.999881,0
51,10,0,246824,10,3224.999881,1791.666547,0
51,0,12,246824,6,1791.666547,4031.249881,0
51,12,0,246824,6,4031.249881,1791.666547,0
51,0,15,246824,27,1791.666547,3224.999881,0
51,15,0,246824,27,3224.999881,1791.666547,0
51,0,19,246824,25,1791.666547,8062.499881,0
51,19,0,246824,25,8062.499881,1791.666547,0
51,0,22,246824,34,1791.666547,8062.499881,0
51,22,0,246824,34,8062.499881,1791.666547,0
51,1,4,246824,11,1343.749881,8062.499881,0
51,4,1,246824,11,8062.499881,1343.749881,0
51,1,5,246824,11,1343.749881,8062.499881,0
51,5,1,246824,11,8062.499881,1343.749881,0
51,1,7,246824,10,1343.749881,8062.499881,0
51,7,1,246824,10,8062.499881,1343.749881,0
51,1,8,246824,9,1343.749881,8062.499881,0
51,8,1,246824,9,8062.499881,1343.749881,0
51,1,9,246824,10,1343.749881,8062.499881,0
51,9,1,246824,10,8062.499881,1343.749881,0
51,1,11,246824,8,1343.749881,4031.249881,0
51,11,1,246824,8,4031.249881,1343.749881,0
51,1,13,246824,9,1343.749881,8062.499881,0
51,13,1,246824,9,8062.499881,1343.749881,0
51,1,19,246824,26,1343.749881,8062.499881,0
51,19,1,246824,26,8062.499881,1343.749881,0
51,1,20,246824,40,1343.749881,8062.499881,0
51,20,1,246824,40,8062.499881,1343.749881,0
51,1,26,246824,26,1343.749881,8062.499881,0
51,26,1,246824,26,8062.499881,1343.749881,0
51,1,28,246824,38,1343.749881,8062.499881,0
51,28,1,246824,38,8062.499881,1343.749881,0
51,2,6,246824,13,2015.624881,2687.499881,0
51,6,2,246824,13,2687.499881,2015.624881,0
51,2,16,246824,36,2015.624881,5374.999881,0
51,16,2,246824,36,5374.999881,2015.624881,0
51,2,18,246824,22,2015.624881,8062.499881,0
51,18,2,246824,22,8062.499881,2015.624881,0
51,2,21,246824,23,2015.624881,8062.499881,0
51,21,2,246824,23,8062.499881,2015.624881,0
51,2,23,246824,35,2015.624881,8062.499881,0
51,23,2,246824,35,8062.499881,2015.624881,0
51,2,24,246824,38,2015.624881,8062.499881,0
51,24,2,246824,38,8062.499881,2015.624881,0
51,2,29,246824,27,2015.624881,8062.499881,0
51,29,2,246824,27,8062.499881,2015.624881,0
51,3,6,246824,10,3224.999881,2687.499881,0
51,6,3,246824,10,2687.499881,3224.999881,0
51,3,12,246824,7,3224.999881,4031.249881,0
51,12,3,246824,7,4031.249881,3224.999881,0
51,3,16,246824,35,3224.999881,5374.999881,0
51,16,3,246824,35,5374.999881,3224.999881,0
51,3,27,246824,24,3224.999881,8062.499881,0
51,27,3,246824,24,8062.499881,3224.999881,0
51,4,14,246824,11,8062.499881,5374.999881,0
51,14,4,246824,11,5374.999881,8062.499881,0
51,5,13,246824,10,8062.499881,8062.499881,0
51,13,5,246824,10,8062.499881,8062.499881,0
51,6,7,246824,11,2687.499881,8062.499881,0
51,7,6,246824,11,8062.499881,2687.499881,0
51,6,20,246824,41,2687.499881,8062.499881,0
51,20,6,246824,41,8062.499881,2687.499881,0
51,6,21,246824,23,2687.499881,8062.499881,0
51,21,6,246824,23,8062.499881,2687.499881,0
51,6,25,246824,29,2687.499881,8062.499881,0
51,25,6,246824,29,8062.499881,2687.499881,0
51,9,11,246824,9,8062.499881,4031.249881,0
51,11,9,246824,9,4031.249881,8062.499881,0
51,10,14,246824,11,3224.999881,5374.999881,0
51,14,10,246824,11,5374.999881,3224.999881,0
51,10,17,246824,24,3224.999881,8062.499881,0
51,17,10,246824,24,8062.499881,3224.999881,0
51,10,18,246824,22,3224.999881,8062.499881,0
51,18,10,246824,22,8062.499881,3224.999881,0
51,10,27,246824,25,3224.999881,8062.499881,0
51,27,10,246824,25,8062.499881,3224.999881,0
51,11,15,246824,27,4031.249881,3224.999881,0
51,15,11,246824,27,3224.999881,4031.249881,0
51,11,26,246824,25,4031.249881,8062.499881,0
51,26,11,246824,25,8062.499881,4031.249881,0
51,12,23,246824,33,4031.249881,8062.499881,0
51,23,12,246824,33,8062.499881,4031.249881,0
51,12,24,246824,36,4031.249881,8062.499881,0
51,24,12,246824,36,8062.499881,4031.249881,0
51,14,17,246824,23,5374.999881,8062.499881,0
51,17,14,246824,23,8062.499881,5374.999881,0
51,15,22,246824,43,3224.999881,8062.499881,0
51,22,15,246824,43,8062.499881,3224.999881,0
51,15,28,246824,46,3224.999881,8062.499881,0
51,28,15,246824,46,8062.499881,3224.999881,0
51,15,29,246824,34,3224.999881,8062.499881,0
51,29,15,246824,34,8062.499881,3224.999881,0
51,16,25,246824,43,5374.999881,8062.499881,0
51,25,16,246824,43,8062.499881,5374.999881,0
52,0,1,246824,8,1791.666547,1240.384496,0
52,1,0,246824,8,1240.384496,1791.666547,0
52,0,2,246824,11,1791.666547,1791.666547,0
52,2,0,246824,11,1791.666547,1791.666547,0
52,0,3,246824,7,1791.666547,2015.624881,0
52,3,0,246824,7,2015.624881,1791.666547,0
52,0,8,246824,8,1791.666547,8062.499881,0
52,8,0,246824,8,8062.499881,1791.666547,0
52,0,10,246824,10,1791.666547,3224.999881,0
52,10,0,246824,10,3224.999881,1791.666547,0
52,0,12,246824,6,1791.666547,4031.249881,0
52,12,0,246824,6,4031.249881,1791.666547,0
52,0,15,246824,27,1791.666547,3224.999881,0
52,15,0,246824,27,3224.999881,1791.666547,0
52,0,19,246824,25,1791.666547,8062.499881,0
52,19,0,246824,25,8062.499881,1791.666547,0
52,0,22,246824,34,1791.666547,8062.499881,0
52,22,0,246824,34,8062.499881,1791.666547,0
52,1,2,246824,12,1240.384496,1791.666547,0
52,2,1,246824,12,1791.666547,1240.384496,0
52,1,3,246824,9,1240.384496,2015.624881,0
52,3,1,246824,9,2015.624881,1240.384496,0
52,1,4,246824,11,1240.384496,5374.999881,0
52,4,1,246824,11,5374.999881,1240.384496,0
52,1,7,246824,10,1240.384496,8062.499881,0
52,7,1,246824,10,8062.499881,1240.384496,0
52,1,8,246824,9,1240.384496,8062.499881,0
52,8,1,246824,9,8062.499881,1240.384496,0
52,1,9,246824,10,1240.384496,8062.499881,0
52,9,1,246824,10,8062.499881,1240.384496,0
52,1,11,246824,8,1240.384496,4031.249881,0
52,11,1,246824,8,4031.249881,1240.384496,0
52,1,13,246824,9,1240.384496,8062.499881,0
52,13,1,246824,9,8062.499881,1240.384496,0
52,1,19,246824,26,1240.384496,8062.499881,0
52,19,1,246824,26,8062.499881,1240.384496,0
52,1,20,246824,40,1240.384496,8062.499881,0
52,20,1,246824,40,8062.499881,1240.384496,0
52,1,26,246824,26,1240.384496,8062.499881,0
52,26,1,246824,26,8062.499881,1240.384496,0
52,1,28,246824,38,1240.384496,8062.499881,0
52,28,1,246824,38,8062.499881,1240.384496,0
52,2,6,246824,13,1791.666547,2687.499881,0
52,6,2,246824,13,2687.499881,1791.666547,0
52,2,16,246824,36,1791.666547,5374.999881,0
52,16,2,246824,36,5374.999881,1791.666547,0
52,2,18,246824,22,1791.666547,8062.499881,0
52,18,2,246824,22,8062.499881,1791.666547,0
52,2,21,246824,23,1791.666547,8062.499881,0
52,21,2,246824,23,8062.499881,1791.666547,0
52,2,23,246824,35,1791.666547,8062.499881,0
52,23,2,246824,35,8062.499881,1791.666547,0
52,2,24,246824,38,1791.666547,8062.499881,0
52,24,2,246824,38,8062.499881,1791.666547,0
52,2,29,246824,27,1791.666547,8062.499881,0
52,29,2,246824,27,8062.499881,1791.666547,0
52,3,4,246824,11,2015.624881,5374.999881,0
52,4,3,246824,11,5374.999881,2015.624881,0
52,3,5,246824,10,2015.624881,8062.499881,0
52,5,3,246824,10,8062.499881,2015.624881,0
52,3,6,246824,10,2015.624881,2687.499881,0
52,6,3,246824,10,2687.499881,2015.624881,0
52,3,12,246824,7,2015.624881,4031.249881,0
52,12,3,246824,7,4031.249881,2015.624881,0
52,3,16,246824,35,2015.624881,5374.999881,0
52,16,3,246824,35,5374.999881,2015.624881,0
52,3,27,246824,24,2015.624881,8062.499881,0
52,27,3,246824,24,8062.499881,2015.624881,0
52,4,14,246824,11,5374.999881,5374.999881,0
52,14,4,246824,11,5374.999881,5374.999881,0
52,5,13,246824,10,8062.499881,8062.499881,0
52,13,5,246824,10,8062.499881,8062.499881,0
52,6,7,246824,11,2687.499881,8062.499881,0
52,7,6,246824,11,8062.499881,2687.499881,0
52,6,20,246824,41,2687.499881,8062.499881,0
52,20,6,246824,41,8062.499881,2687.499881,0
52,6,21,246824,23,2687.499881,8062.499881,0
52,21,6,246824,23,8062.499881,2687.499881,0
52,6,25,246824,29,2687.499881,8062.499881,0
52,25,6,246824,29,8062.499881,2687.499881,0
52,9,11,246824,9,8062.499881,4031.249881,0
52,11,9,246824,9,4031.249881,8062.499881,0
52,10,14,246824,11,3224.999881,5374.999881,0
52,14,10,246824,11,5374.999881,3224.999881,0
52,10,17,246824,24,3224.999881,8062.499881,0
52,17,10,246824,24,8062.499881,3224.999881,0
52,10,18,246824,22,3224.999881,8062.499881,0
52,18,10,246824,22,8062.499881,3224.999881,0
52,10,27,246824,25,3224.999881,8062.499881,0
52,27,10,246824,25,8062.499881,3224.999881,0
52,11,15,246824,27,4031.249881,3224.999881,0
52,15,11,246824,27,3224.999881,4031.249881,0
52,11,26,246824,25,4031.249881,8062.499881,0
52,26,11,246824,25,8062.499881,4031.249881,0
52,12,23,246824,33,4031.249881,8062.499881,0
52,23,12,246824,33,8062.499881,4031.249881,0
52,12,24,246824,36,4031.249881,8062.499881,0
52,24,12,246824,36,8062.499881,4031.249881,0
52,14,17,246824,23,5374.999881,8062.499881,0
52,17,14,246824,23,8062.499881,5374.999881,0
52,15,22,246824,43,3224.999881,8062.499881,0
52,22,15,246824,43,8062.499881,3224.999881,0
52,15,28,246824,46,3224.999881,8062.499881,0
52,28,15,246824,46,8062.499881,3224.999881,0
52,15,29,246824,34,3224.999881,8062.499881,0
52,29,15,246824,34,8062.499881,3224.999881,0
52,16,25,246824,43,5374.999881,8062.499881,0
52,25,16,246824,43,8062.499881,5374.999881,0
53,0,2,246824,11,3224.999881,1791.666547,0
53,2,0,246824,11,1791.666547,3224.999881,0
53,0,8,246824,8,3224.999881,8062.499881,0
53,8,0,246824,8,8062.499881,3224.999881,0
53,0,12,246824,6,3224.999881,4031.249881,0
53,12,0,246824,6,4031.249881,3224.999881,0
53,0,19,246824,25,3224.999881,8062.499881,0
53,19,0,246824,25,8062.499881,3224.999881,0
53,0,22,246824,34,3224.999881,8062.499881,0
53,22,0,246824,34,8062.499881,3224.999881,0
53,1,2,246824,12,1612.499881,1791.666547,0
53,2,1,246824,12,1791.666547,1612.499881,0
53,1,7,246824,10,1612.499881,8062.499881,0
53,7,1,246824,10,8062.499881,1612.499881,0
53,1,8,246824,9,1612.499881,8062.499881,0
53,8,1,246824,9,8062.499881,1612.499881,0
53,1,9,246824,10,1612.499881,4031.249881,0
53,9,1,246824,10,4031.249881,1612.499881,0
53,1,11,246824,8,1612.499881,4031.249881,0
53,11,1,246824,8,4031.249881,1612.499881,0
53,1,13,246824,9,1612.499881,8062.499881,0
53,13,1,246824,9,8062.499881,1612.499881,0
53,1,19,246824,26,1612.499881,8062.499881,0
53,19,1,246824,26,8062.499881,1612.499881,0
53,1,20,246824,40,1612.499881,8062.499881,0
53,20,1,246824,40,8062.499881,1612.499881,0
53,1,26,246824,26,1612.499881,8062.499881,0
53,26,1,246824,26,8062.499881,1612.499881,0
53,1,28,246824,38,1612.499881,8062.499881,0
53,28,1,246824,38,8062.499881,1612.499881,0
53,2,6,246824,13,1791.666547,2687.499881,0
53,6,2,246824,13,2687.499881,1791.666547,0
53,2,16,246824,36,1791.666547,5374.999881,0
53,16,2,246824,36,5374.999881,1791.666547,0
53,2,18,246824,22,1791.666547,8062.499881,0
53,18,2,246824,22,8062.499881,1791.666547,0
53,2,21,246824,23,1791.666547,8062.499881,0
53,21,2,246824,23,8062.499881,1791.666547,0
53,2,23,246824,35,1791.666547,8062.499881,0
53,23,2,246824,35,8062.499881,1791.666547,0
53,2,24,246824,38,1791.666547,8062.499881,0
53,24,2,246824,38,8062.499881,1791.666547,0
53,2,29,246824,27,1791.666547,8062.499881,0
53,29,2,246824,27,8062.499881,1791.666547,0
53,3,4,246824,11,2687.499881,5374.999881,0
53,4,3,246824,11,5374.999881,2687.499881,0
53,3,5,246824,10,2687.499881,8062.499881,0
53,5,3,246824,10,8062.499881,2687.499881,0
53,3,6,246824,10,2687.499881,2687.499881,0
53,6,3,246824,10,2687.499881,2687.499881,0
53,3,12,246824,7,2687.499881,4031.249881,0
53,12,3,246824,7,4031.249881,2687.499881,0
53,3,16,246824,35,2687.499881,5374.999881,0
53,16,3,246824,35,5374.999881,2687.499881,0
53,3,27,246824,24,2687.499881,8062.499881,0
53,27,3,246824,24,8062.499881,2687.499881,0
53,4,9,246824,12,5374.999881,4031.249881,0
53,9,4,246824,12,4031.249881,5374.999881,0
53,4,14,246824,11,5374.999881,5374.999881,0
53,14,4,246824,11,5374.999881,5374.999881,0
53,5,13,246824,10,8062.499881,8062.499881,0
53,13,5,246824,10,8062.499881,8062.499881,0
53,6,7,246824,11,2687.499881,8062.499881,0
53,7,6,246824,11,8062.499881,2687.499881,0
53,6,20,246824,41,2687.499881,8062.499881,0
53,20,6,246824,41,8062.499881,2687.499881,0
53,6,21,246824,23,2687.499881,8062.499881,0
53,21,6,246824,23,8062.499881,2687.499881,0
53,6,25,246824,29,2687.499881,8062.499881,0
53,25,6,246824,29,8062.499881,2687.499881,0
53,9,10,246824,12,4031.249881,3224.999881,0
53,10,9,246824,12,3224.999881,4031.249881,0
53,9,11,246824,9,4031.249881,4031.249881,0
53,11,9,246824,9,4031.249881,4031.249881,0
53,10,14,246824,11,3224.999881,5374.999881,0
53,14,10,246824,11,5374.999881,3224.999881,0
53,10,17,246824,24,3224.999881,8062.499881,0
53,17,10,246824,24,8062.499881,3224.999881,0
53,10,18,246824,22,3224.999881,8062.499881,0
53,18,10,246824,22,8062.499881,3224.999881,0
53,10,27,246824,25,3224.999881,8062.499881,0
53,27,10,246824,25,8062.499881,3224.999881,0
53,11,15,246824,27,4031.249881,4031.249881,0
53,15,11,246824,27,4031.249881,4031.249881,0
53,11,26,246824,25,4031.249881,8062.499881,0
53,26,11,246824,25,8062.499881,4031.249881,0
53,12,23,246824,33,4031.249881,8062.499881,0
53,23,12,246824,33,8062.499881,4031.249881,0
53,12,24,246824,36,4031.249881,8062.499881,0
53,24,12,246824,36,8062.499881,4031.249881,0
53,14,17,246824,23,5374.999881,8062.499881,0
53,17,14,246824,23,8062.499881,5374.999881,0
53,15,22,246824,43,4031.249881,8062.499881,0
53,22,15,246824,43,8062.499881,4031.249881,0
53,15,28,246824,46,4031.249881,8062.499881,0
53,28,15,246824,46,8062.499881,4031.249881,0
53,15,29,246824,34,4031.249881,8062.499881,0
53,29,15,246824,34,8062.499881,4031.249881,0
53,16,25,246824,43,5374.999881,8062.499881,0
53,25,16,246824,43,8062.499881,5374.999881,0
54,0,2,246824,11,2303.571309,1791.666547,0
54,2,0,246824,11,1791.666547,2303.571309,0
54,0,8,246824,8,2303.571309,8062.499881,0
54,8,0,246824,8,8062.499881,2303.571309,0
54,0,10,246824,10,2303.571309,2687.499881,0
54,10,0,246824,10,2687.499881,2303.571309,0
54,0,12,246824,6,2303.571309,4031.249881,0
54,12,0,246824,6,4031.249881,2303.571309,0
54,0,15,246824,27,2303.571309,3224.999881,0
54,15,0,246824,27,3224.999881,2303.571309,0
54,0,19,246824,25,2303.571309,8062.499881,0
54,19,0,246824,25,8062.499881,2303.571309,0
54,0,22,246824,34,2303.571309,8062.499881,0
54,22,0,246824,34,8062.499881,2303.571309,0
54,1,2,246824,12,1465.908972,1791.666547,0
54,2,1,246824,12,1791.666547,1465.908972,0
54,1,4,246824,11,1465.908972,5374.999881,0
54,4,1,246824,11,5374.999881,1465.908972,0
54,1,7,246824,10,1465.908972,8062.499881,0
54,7,1,246824,10,8062.499881,1465.908972,0
54,1,8,246824,9,1465.908972,8062.499881,0
54,8,1,246824,9,8062.499881,1465.908972,0
54,1,9,246824,10,1465.908972,5374.999881,0
54,9,1,246824,10,5374.999881,1465.908972,0
54,1,11,246824,8,1465.908972,4031.249881,0
54,11,1,246824,8,4031.249881,1465.908972,0
54,1,13,246824,9,1465.908972,8062.499881,0
54,13,1,246824,9,8062.499881,1465.908972,0
54,1,19,246824,26,1465.908972,8062.499881,0
54,19,1,246824,26,8062.499881,1465.908972,0
54,1,20,246824,40,1465.908972,8062.499881,0
54,20,1,246824,40,8062.499881,1465.908972,0
54,1,26,246824,26,1465.908972,8062.499881,0
54,26,1,246824,26,8062.499881,1465.908972,0
54,1,28,246824,38,1465.908972,8062.499881,0
54,28,1,246824,38,8062.499881,1465.908972,0
54,2,6,246824,13,1791.666547,3224.999881,0
54,6,2,246824,13,3224.999881,1791.666547,0
54,2,16,246824,36,1791.666547,5374.999881,0
54,16,2,246824,36,5374.999881,1791.666547,0
54,2,18,246824,22,1791.666547,8062.499881,0
54,18,2,246824,22,8062.499881,1791.666547,0
54,2,21,246824,23,1791.666547,8062.499881,0
54,21,2,246824,23,8062.499881,1791.666547,0
54,2,23,246824,35,1791.666547,8062.499881,0
54,23,2,246824,35,8062.499881,1791.666547,0
54,2,24,246824,38,1791.666547,8062.499881,0
54,24,2,246824,38,8062.499881,1791.666547,0
54,2,29,246824,27,1791.666547,8062.499881,0
54,29,2,246824,27,8062.499881,1791.666547,0
54,3,4,246824,11,3224.999881,5374.999881,0
54,4,3,246824,11,5374.999881,3224.999881,0
54,3,5,246824,10,3224.999881,8062.499881,0
54,5,3,246824,10,8062.499881,3224.999881,0
54,3,12,246824,7,3224.999881,4031.249881,0
54,12,3,246824,7,4031.249881,3224.999881,0
54,3,16,246824,35,3224.999881,5374.999881,0
54,16,3,246824,35,5374.999881,3224.999881,0
54,3,27,246824,24,3224.999881,8062.499881,0
54,27,3,246824,24,8062.499881,3224.999881,0
54,4,14,246824,11,5374.999881,5374.999881,0
54,14,4,246824,11,5374.999881,5374.999881,0
54,5,13,246824,10,8062.499881,8062.499881,0
54,13,5,246824,10,8062.499881,8062.499881,0
54,6,7,246824,11,3224.999881,8062.499881,0
54,7,6,246824,11,8062.499881,3224.999881,0
54,6,20,246824,41,3224.999881,8062.499881,0
54,20,6,246824,41,8062.499881,3224.999881,0
54,6,21,246824,23,3224.999881,8062.499881,0
54,21,6,246824,23,8062.499881,3224.999881,0
54,6,25,246824,29,3224.999881,8062.499881,0
54,25,6,246824,29,8062.499881,3224.999881,0
54,9,10,246824,12,5374.999881,2687.499881,0
54,10,9,246824,12,2687.499881,5374.999881,0
54,9,11,246824,9,5374.999881,4031.249881,0
54,11,9,246824,9,4031.249881,5374.999881,0
54,10,14,246824,11,2687.499881,5374.999881,0
54,14,10,246824,11,5374.999881,2687.499881,0
54,10,17,246824,24,2687.499881,8062.499881,0
54,17,10,246824,24,8062.499881,2687.499881,0
54,10,18,246824,22,2687.499881,8062.499881,0
54,18,10,246824,22,8062.499881,2687.499881,0
54,10,27,246824,25,2687.499881,8062.499881,0
54,27,10,246824,25,8062.499881,2687.499881,0
54,11,15,246824,27,4031.249881,3224.999881,0
54,15,11,246824,27,3224.999881,4031.249881,0
54,11,26,246824,25,4031.249881,8062.499881,0
54,26,11,246824,25,8062.499881,4031.249881,0
54,12,23,246824,33,4031.249881,8062.499881,0
54,23,12,246824,33,8062.499881,4031.249881,0
54,12,24,246824,36,4031.249881,8062.499881,0
54,24,12,246824,36,8062.499881,4031.249881,0
54,14,17,246824,23,5374.999881,8062.499881,0
54,17,14,246824,23,8062.499881,5374.999881,0
54,15,22,246824,43,3224.999881,8062.499881,0
54,22,15,246824,43,8062.499881,3224.999881,0
54,15,28,246824,46,3224.999881,8062.499881,0
54,28,15,246824,46,8062.499881,3224.999881,0
54,15,29,246824,34,3224.999881,8062.499881,0
54,29,15,246824,34,8062.499881,3224.999881,0
54,16,25,246824,43,5374.999881,8062.499881,0
54,25,16,246824,43,8062.499881,5374.999881,0
55,0,2,246824,11,2303.571309,1791.666547,0
55,2,0,246824,11,1791.666547,2303.571309,0
55,0,8,246824,8,2303.571309,8062.499881,0
55,8,0,246824,8,8062.499881,2303.571309,0
55,0,10,246824,10,2303.571309,3224.999881,0
55,10,0,246824,10,3224.999881,2303.571309,0
55,0,12,246824,6,2303.571309,4031.249881,0
55,12,0,246824,6,4031.249881,2303.571309,0
55,0,15,246824,27,2303.571309,3224.999881,0
55,15,0,246824,27,3224.999881,2303.571309,0
55,0,19,246824,25,2303.571309,8062.499881,0
55,19,0,246824,25,8062.499881,2303.571309,0
55,0,22,246824,34,2303.571309,8062.499881,0
55,22,0,246824,34,8062.499881,2303.571309,0
55,1,2,246824,12,1465.908972,1791.666547,0
55,2,1,246824,12,1791.666547,1465.908972,0
55,1,4,246824,11,1465.908972,5374.999881,0
55,4,1,246824,11,5374.999881,1465.908972,0
55,1,7,246824,10,1465.908972,8062.499881,0
55,7,1,246824,10,8062.499881,1465.908972,0
55,1,8,246824,9,1465.908972,8062.499881,0
55,8,1,246824,9,8062.499881,1465.908972,0
55,1,9,246824,10,1465.908972,8062.499881,0
55,9,1,246824,10,8062.499881,1465.908972,0
55,1,11,246824,8,1465.908972,4031.249881,0
55,11,1,246824,8,4031.249881,1465.908972,0
55,1,13,246824,9,1465.908972,8062.499881,0
55,13,1,246824,9,8062.499881,1465.908972,0
55,1,19,246824,26,1465.908972,8062.499881,0
55,19,1,246824,26,8062.499881,1465.908972,0
55,1,20,246824,40,1465.908972,8062.499881,0
55,20,1,246824,40,8062.499881,1465.908972,0
55,1,26,246824,26,1465.908972,8062.499881,0
55,26,1,246824,26,8062.499881,1465.908972,0
55,1,28,246824,38,1465.908972,8062.499881,0
55,28,1,246824,38,8062.499881,1465.908972,0
55,2,6,246824,13,1791.666547,2687.499881,0
55,6,2,246824,13,2687.499881,1791.666547,0
55,2,16,246824,36,1791.666547,5374.999881,0
55,16,2,246824,36,5374.999881,1791.666547,0
55,2,18,246824,22,1791.666547,8062.499881,0
55,18,2,246824,22,8062.499881,1791.666547,0
55,2,21,246824,23,1791.666547,8062.499881,0
55,21,2,246824,23,8062.499881,1791.666547,0
55,2,23,246824,35,1791.666547,8062.499881,0
55,23,2,246824,35,8062.499881,1791.666547,0
55,2,24,246824,38,1791.666547,8062.499881,0
55,24,2,246824,38,8062.499881,1791.666547,0
55,2,29,246824,27,1791.666547,8062.499881,0
55,29,2,246824,27,8062.499881,1791.666547,0
55,3,4,246824,11,2687.499881,5374.999881,0
55,4,3,246824,11,5374.999881,2687.499881,0
55,3,5,246824,10,2687.499881,8062.499881,0
55,5,3,246824,10,8062.499881,2687.499881,0
55,3,6,246824,10,2687.499881,2687.499881,0
55,6,3,246824,10,2687.499881,2687.499881,0
55,3,12,246824,7,2687.499881,4031.249881,0
55,12,3,246824,7,4031.249881,2687.499881,0
55,3,16,246824,35,2687.499881,5374.999881,0
55,16,3,246824,35,5374.999881,2687.499881,0
55,3,27,246824,24,2687.499881,8062.499881,0
55,27,3,246824,24,8062.499881,2687.499881,0
55,4,14,246824,11,5374.999881,5374.999881,0
55,14,4,246824,11,5374.999881,5374.999881,0
55,5,13,246824,10,8062.499881,8062.499881,0
55,13,5,246824,10,8062.499881,8062.499881,0
55,6,7,246824,11,2687.499881,8062.499881,0
55,7,6,246824,11,8062.499881,2687.499881,0
55,6,20,246824,41,2687.499881,8062.499881,0
55,20,6,246824,41,8062.499881,2687.499881,0
55,6,21,246824,23,2687.499881,8062.499881,0
55,21,6,246824,23,8062.499881,2687.499881,0
55,6,25,246824,29,2687.499881,8062.499881,0
55,25,6,246824,29,8062.499881,2687.499881,0
55,9,11,246824,9,8062.499881,4031.249881,0
55,11,9,246824,9,4031.249881,8062.499881,0
55,10,14,246824,11,3224.999881,5374.999881,0
55,14,10,246824,11,5374.999881,3224.999881,0
55,10,17,246824,24,3224.999881,8062.499881,0
55,17,10,246824,24,8062.499881,3224.999881,0
55,10,18,246824,22,3224.999881,8062.499881,0
55,18,10,246824,22,8062.499881,3224.999881,0
55,10,27,246824,25,3224.999881,8062.499881,0
55,27,10,246824,25,8062.499881,3224.999881,0
55,11,15,246824,27,4031.249881,3224.999881,0
55,15,11,246824,27,3224.999881,4031.249881,0
55,11,26,246824,25,4031.249881,8062.499881,0
55,26,11,246824,25,8062.499881,4031.249881,0
55,12,23,246824,33,4031.249881,8062.499881,0
55,23,12,246824,33,8062.499881,4031.249881,0
55,12,24,246824,36,4031.249881,8062.499881,0
55,24,12,246824,36,8062.499881,4031.249881,0
55,14,17,246824,23,5374.999881,8062.499881,0
55,17,14,246824,23,8062.499881,5374.999881,0
55,15,22,246824,43,3224.999881,8062.499881,0
55,22,15,246824,43,8062.499881,3224.999881,0
55,15,28,246824,46,3224.999881,8062.499881,0
55,28,15,246824,46,8062.499881,3224.999881,0
55,15,29,246824,34,3224.999881,8062.499881,0
55,29,15,246824,34,8062.499881,3224.999881,0
55,16,25,246824,43,5374.999881,8062.499881,0
55,25,16,246824,43,8062.499881,5374.999881,0
56,0,1,246824,8,2303.571309,1240.384496,0
56,1,0,246824,8,1240.384496,2303.571309,0
56,0,8,246824,8,2303.571309,8062.499881,0
56,8,0,246824,8,8062.499881,2303.571309,0
56,0,10,246824,10,2303.571309,2687.499881,0
56,10,0,246824,10,2687.499881,2303.571309,0
56,0,12,246824,6,2303.571309,4031.249881,0
56,12,0,246824,6,4031.249881,2303.571309,0
56,0,15,246824,27,2303.571309,3224.999881,0
56,15,0,246824,27,3224.999881,2303.571309,0
56,0,19,246824,25,2303.571309,8062.499881,0
56,19,0,246824,25,8062.499881,2303.571309,0
56,0,22,246824,34,2303.571309,8062.499881,0
56,22,0,246824,34,8062.499881,2303.571309,0
56,1,2,246824,12,1240.384496,2015.624881,0
56,2,1,246824,12,2015.624881,1240.384496,0
56,1,3,246824,9,1240.384496,2687.499881,0
56,3,1,246824,9,2687.499881,1240.384496,0
56,1,4,246824,11,1240.384496,5374.999881,0
56,4,1,246824,11,5374.999881,1240.384496,0
56,1,7,246824,10,1240.384496,8062.499881,0
56,7,1,246824,10,8062.499881,1240.384496,0
56,1,8,246824,9,1240.384496,8062.499881,0
56,8,1,246824,9,8062.499881,1240.384496,0
56,1,9,246824,10,1240.384496,4031.249881,0
56,9,1,246824,10,4031.249881,1240.384496,0
56,1,11,246824,8,1240.384496,4031.249881,0
56,11,1,246824,8,4031.249881,1240.384496,0
56,1,13,246824,9,1240.384496,8062.499881,0
56,13,1,246824,9,8062.499881,1240.384496,0
56,1,19,246824,26,1240.384496,8062.499881,0
56,19,1,246824,26,8062.499881,1240.384496,0
56,1,20,246824,40,1240.384496,8062.499881,0
56,20,1,246824,40,8062.499881,1240.384496,0
56,1,26,246824,26,1240.384496,8062.499881,0
56,26,1,246824,26,8062.499881,1240.384496,0
56,1,28,246824,38,1240.384496,8062.499881,0
56,28,1,246824,38,8062.499881,1240.384496,0
56,2,6,246824,13,2015.624881,2687.499881,0
56,6,2,246824,13,2687.499881,2015.624881,0
56,2,16,246824,36,2015.624881,5374.999881,0
56,16,2,246824,36,5374.999881,2015.624881,0
56,2,18,246824,22,2015.624881,8062.499881,0
56,18,2,246824,22,8062.499881,2015.624881,0
56,2,21,246824,23,2015.624881,8062.499881,0
56,21,2,246824,23,8062.499881,2015.624881,0
56,2,23,246824,35,2015.624881,8062.499881,0
56,23,2,246824,35,8062.499881,2015.624881,0
56,2,24,246824,38,2015.624881,8062.499881,0
56,24,2,246824,38,8062.499881,2015.624881,0
56,2,29,246824,27,2015.624881,8062.499881,0
56,29,2,246824,27,8062.499881,2015.624881,0
56,3,5,246824,10,2687.499881,8062.499881,0
56,5,3,246824,10,8062.499881,2687.499881,0
56,3,6,246824,10,2687.499881,2687.499881,0
56,6,3,246824,10,2687.499881,2687.499881,0
56,3,12,246824,7,2687.499881,4031.249881,0
56,12,3,246824,7,4031.249881,2687.499881,0
56,3,16,246824,35,2687.499881,5374.999881,0
56,16,3,246824,35,5374.999881,2687.499881,0
56,3,27,246824,24,2687.499881,8062.499881,0
56,27,3,246824,24,8062.499881,2687.499881,0
56,4,9,246824,12,5374.999881,4031.249881,0
56,9,4,246824,12,4031.249881,5374.999881,0
56,4,14,246824,11,5374.999881,5374.999881,0
56,14,4,246824,11,5374.999881,5374.999881,0
56,5,13,246824,10,8062.499881,8062.499881,0
56,13,5,246824,10,8062.499881,8062.499881,0
56,6,7,246824,11,2687.499881,8062.499881,0
56,7,6,246824,11,8062.499881,2687.499881,0
56,6,20,246824,41,2687.499881,8062.499881,0
56,20,6,246824,41,8062.499881,2687.499881,0
56,6,21,246824,23,2687.499881,8062.499881,0
56,21,6,246824,23,8062.499881,2687.499881,0
56,6,25,246824,29,2687.499881,8062.499881,0
56,25,6,246824,29,8062.499881,2687.499881,0
56,9,10,246824,12,4031.249881,2687.499881,0
56,10,9,246824,12,2687.499881,4031.249881,0
56,9,11,246824,9,4031.249881,4031.249881,0
56,11,9,246824,9,4031.249881,4031.249881,0
56,10,14,246824,11,2687.499881,5374.999881,0
56,14,10,246824,11,5374.999881,2687.499881,0
56,10,17,246824,24,2687.499881,8062.499881,0
56,17,10,246824,24,8062.499881,2687.499881,0
56,10,18,246824,22,2687.499881,8062.499881,0
56,18,10,246824,22,8062.499881,2687.499881,0
56,10,27,246824,25,2687.499881,8062.499881,0
56,27,10,246824,25,8062.499881,2687.499881,0
56,11,15,246824,27,4031.249881,3224.999881,0
56,15,11,246824,27,3224.999881,4031.249881,0
56,11,26,246824,25,4031.249881,8062.499881,0
56,26,11,246824,25,8062.499881,4031.249881,0
56,12,23,246824,33,4031.249881,8062.499881,0
56,23,12,246824,33,8062.499881,4031.249881,0
56,12,24,246824,36,4031.249881,8062.499881,0
56,24,12,246824,36,8062.499881,4031.249881,0
56,14,17,246824,23,5374.999881,8062.499881,0
56,17,14,246824,23,8062.499881,5374.999881,0
56,15,22,246824,43,3224.999881,8062.499881,0
56,22,15,246824,43,8062.499881,3224.999881,0
56,15,28,246824,46,3224.999881,8062.499881,0
56,28,15,246824,46,8062.499881,3224.999881,0
56,15,29,246824,34,3224.999881,8062.499881,0
56,29,15,246824,34,8062.499881,3224.999881,0
56,16,25,246824,43,5374.999881,8062.499881,0
56,25,16,246824,43,8062.499881,5374.999881,0
57,0,1,246824,8,2015.624881,1151.785595,0
57,1,0,246824,8,1151.785595,2015.624881,0
57,0,2,246824,11,2015.624881,1791.666547,0
57,2,0,246824,11,1791.666547,2015.624881,0
57,0,8,246824,8,2015.624881,8062.499881,0
57,8,0,246824,8,8062.499881,2015.624881,0
57,0,10,246824,10,2015.624881,3224.999881,0
57,10,0,246824,10,3224.999881,2015.624881,0
57,0,12,246824,6,2015.624881,4031.249881,0
57,12,0,246824,6,4031.249881,2015.624881,0
57,0,15,246824,27,2015.624881,3224.999881,0
57,15,0,246824,27,3224.999881,2015.624881,0
57,0,19,246824,25,2015.624881,8062.499881,0
57,19,0,246824,25,8062.499881,2015.624881,0
57,0,22,246824,34,2015.624881,8062.499881,0
57,22,0,246824,34,8062.499881,2015.624881,0
57,1,2,246824,12,1151.785595,1791.666547,0
57,2,1,246824,12,1791.666547,1151.785595,0
57,1,3,246824,9,1151.785595,3224.999881,0
57,3,1,246824,9,3224.999881,1151.785595,0
57,1,4,246824,11,1151.785595,8062.499881,0
57,4,1,246824,11,8062.499881,1151.785595,0
57,1,5,246824,11,1151.785595,8062.499881,0
57,5,1,246824,11,8062.499881,1151.785595,0
57,1,7,246824,10,1151.785595,8062.499881,0
57,7,1,246824,10,8062.499881,1151.785595,0
57,1,8,246824,9,1151.785595,8062.499881,0
57,8,1,246824,9,8062.499881,1151.785595,0
57,1,9,246824,10,1151.785595,8062.499881,0
57,9,1,246824,10,8062.499881,1151.785595,0
57,1,11,246824,8,1151.785595,4031.249881,0
57,11,1,246824,8,4031.249881,1151.785595,0
57,1,13,246824,9,1151.785595,8062.499881,0
57,13,1,246824,9,8062.499881,1151.785595,0
57,1,19,246824,26,1151.785595,8062.499881,0
57,19,1,246824,26,8062.499881,1151.785595,0
57,1,20,246824,40,1151.785595,8062.499881,0
57,20,1,246824,40,8062.499881,1151.785595,0
57,1,26,246824,26,1151.785595,8062.499881,0
57,26,1,246824,26,8062.499881,1151.785595,0
57,1,28,246824,38,1151.785595,8062.499881,0
57,28,1,246824,38,8062.499881,1151.785595,0
57,2,6,246824,13,1791.666547,2687.499881,0
57,6,2,246824,13,2687.499881,1791.666547,0
57,2,16,246824,36,1791.666547,5374.999881,0
57,16,2,246824,36,5374.999881,1791.666547,0
57,2,18,246824,22,1791.666547,8062.499881,0
57,18,2,246824,22,8062.499881,1791.666547,0
57,2,21,246824,23,1791.666547,8062.499881,0
57,21,2,246824,23,8062.499881,1791.666547,0
57,2,23,246824,35,1791.666547,8062.499881,0
57,23,2,246824,35,8062.499881,1791.666547,0
57,2,24,246824,38,1791.666547,8062.499881,0
57,24,2,246824,38,8062.499881,1791.666547,0
57,2,29,246824,27,1791.666547,8062.499881,0
57,29,2,246824,27,8062.499881,1791.666547,0
57,3,6,246824,10,3224.999881,2687.499881,0
57,6,3,246824,10,2687.499881,3224.999881,0
57,3,12,246824,7,3224.999881,4031.249881,0
57,12,3,246824,7,4031.249881,3224.999881,0
57,3,16,246824,35,3224.999881,5374.999881,0
57,16,3,246824,35,5374.999881,3224.999881,0
57,3,27,246824,24,3224.999881,8062.499881,0
57,27,3,246824,24,8062.499881,3224.999881,0
57,4,14,246824,11,8062.499881,5374.999881,0
57,14,4,246824,11,5374.999881,8062.499881,0
57,5,13,246824,10,8062.499881,8062.499881,0
57,13,5,246824,10,8062.499881,8062.499881,0
57,6,7,246824,11,2687.499881,8062.499881,0
57,7,6,246824,11,8062.499881,2687.499881,0
57,6,20,246824,41,2687.499881,8062.499881,0
57,20,6,246824,41,8062.499881,2687.499881,0
57,6,21,246824,23,2687.499881,8062.499881,0
57,21,6,246824,23,8062.499881,2687.499881,0
57,6,25,246824,29,2687.499881,8062.499881,0
57,25,6,246824,29,8062.499881,2687.499881,0
57,9,11,246824,9,8062.499881,4031.249881,0
57,11,9,246824,9,4031.249881,8062.499881,0
57,10,14,246824,11,3224.999881,5374.999881,0
57,14,10,246824,11,5374.999881,3224.999881,0
57,10,17,246824,24,3224.999881,8062.499881,0
57,17,10,246824,24,8062.499881,3224.999881,0
57,10,18,246824,22,3224.999881,8062.499881,0
57,18,10,246824,22,8062.499881,3224.999881,0
57,10,27,246824,25,3224.999881,8062.499881,0
57,27,10,246824,25,8062.499881,3224.999881,0
57,11,15,246824,27,4031.249881,3224.999881,0
57,15,11,246824,27,3224.999881,4031.249881,0
57,11,26,246824,25,4031.249881,8062.499881,0
57,26,11,246824,25,8062.499881,4031.249881,0
57,12,23,246824,33,4031.249881,8062.499881,0
57,23,12,246824,33,8062.499881,4031.249881,0
57,12,24,246824,36,4031.249881,8062.499881,0
57,24,12,246824,36,8062.499881,4031.249881,0
57,14,17,246824,23,5374.999881,8062.499881,0
57,17,14,246824,23,8062.499881,5374.999881,0
57,15,22,246824,43,3224.999881,8062.499881,0
57,22,15,246824,43,8062.499881,3224.999881,0
57,15,28,246824,46,3224.999881,8062.499881,0
57,28,15,246824,46,8062.499881,3224.999881,0
57,15,29,246824,34,3224.999881,8062.499881,0
57,29,15,246824,34,8062.499881,3224.999881,0
57,16,25,246824,43,5374.999881,8062.499881,0
57,25,16,246824,43,8062.499881,5374.999881,0
58,0,1,246824,8,2015.624881,1240.384496,0
58,1,0,246824,8,1240.384496,2015.624881,0
58,0,2,246824,11,2015.624881,2015.624881,0
58,2,0,246824,11,2015.624881,2015.624881,0
58,0,8,246824,8,2015.624881,8062.499881,0
58,8,0,246824,8,8062.499881,2015.624881,0
58,0,10,246824,10,2015.624881,2687.499881,0
58,10,0,246824,10,2687.499881,2015.624881,0
58,0,12,246824,6,2015.624881,4031.249881,0
58,12,0,246824,6,4031.249881,2015.624881,0
58,0,15,246824,27,2015.624881,3224.999881,0
58,15,0,246824,27,3224.999881,2015.624881,0
58,0,19,246824,25,2015.624881,8062.499881,0
58,19,0,246824,25,8062.499881,2015.624881,0
58,0,22,246824,34,2015.624881,8062.499881,0
58,22,0,246824,34,8062.499881,2015.624881,0
58,1,3,246824,9,1240.384496,2303.571309,0
58,3,1,246824,9,2303.571309,1240.384496,0
58,1,4,246824,11,1240.384496,5374.999881,0
58,4,1,246824,11,5374.999881,1240.384496,0
58,1,5,246824,11,1240.384496,5374.999881,0
58,5,1,246824,11,5374.999881,1240.384496,0
58,1,7,246824,10,1240.384496,8062.499881,0
58,7,1,246824,10,8062.499881,1240.384496,0
58,1,8,246824,9,1240.384496,8062.499881,0
58,8,1,246824,9,8062.499881,1240.384496,0
58,1,9,246824,10,1240.384496,5374.999881,0
58,9,1,246824,10,5374.999881,1240.384496,0
58,1,11,246824,8,1240.384496,4031.249881,0
58,11,1,246824,8,4031.249881,1240.384496,0
58,1,13,246824,9,1240.384496,8062.499881,0
58,13,1,246824,9,8062.499881,1240.384496,0
58,1,19,246824,26,1240.384496,8062.499881,0
58,19,1,246824,26,8062.499881,1240.384496,0
58,1,20,246824,40,1240.384496,8062.499881,0
58,20,1,246824,40,8062.499881,1240.384496,0
58,1,26,246824,26,1240.384496,8062.499881,0
58,26,1,246824,26,8062.499881,1240.384496,0
58,1,28,246824,38,1240.384496,8062.499881,0
58,28,1,246824,38,8062.499881,1240.384496,0
58,2,6,246824,13,2015.624881,2687.499881,0
58,6,2,246824,13,2687.499881,2015.624881,0
58,2,16,246824,36,2015.624881,5374.999881,0
58,16,2,246824,36,5374.999881,2015.624881,0
58,2,18,246824,22,2015.624881,8062.499881,0
58,18,2,246824,22,8062.499881,2015.624881,0
58,2,21,246824,23,2015.624881,8062.499881,0
58,21,2,246824,23,8062.499881,2015.624881,0
58,2,23,246824,35,2015.624881,8062.499881,0
58,23,2,246824,35,8062.499881,2015.624881,0
58,2,24,246824,38,2015.624881,8062.499881,0
58,24,2,246824,38,8062.499881,2015.624881,0
58,2,29,246824,27,2015.624881,8062.499881,0
58,29,2,246824,27,8062.499881,2015.624881,0
58,3,4,246824,11,2303.571309,5374.999881,0
58,4,3,246824,11,5374.999881,2303.571309,0
58,3,5,246824,10,2303.571309,5374.999881,0
58,5,3,246824,10,5374.999881,2303.571309,0
58,3,6,246824,10,2303.571309,2687.499881,0
58,6,3,246824,10,2687.499881,2303.571309,0
58,3,12,246824,7,2303.571309,4031.249881,0
58,12,3,246824,7,4031.249881,2303.571309,0
58,3,16,246824,35,2303.571309,5374.999881,0
58,16,3,246824,35,5374.999881,2303.571309,0
58,3,27,246824,24,2303.571309,8062.499881,0
58,27,3,246824,24,8062.499881,2303.571309,0
58,4,14,246824,11,5374.999881,5374.999881,0
58,14,4,246824,11,5374.999881,5374.999881,0
58,5,13,246824,10,5374.999881,8062.499881,0
58,13,5,246824,10,8062.499881,5374.999881,0
58,6,7,246824,11,2687.499881,8062.499881,0
58,7,6,246824,11,8062.499881,2687.499881,0
58,6,20,246824,41,2687.499881,8062.499881,0
58,20,6,246824,41,8062.499881,2687.499881,0
58,6,21,246824,23,2687.499881,8062.499881,0
58,21,6,246824,23,8062.499881,2687.499881,0
58,6,25,246824,29,2687.499881,8062.499881,0
58,25,6,246824,29,8062.499881,2687.499881,0
58,9,10,246824,12,5374.999881,2687.499881,0
58,10,9,246824,12,2687.499881,5374.999881,0
58,9,11,246824,9,5374.999881,4031.249881,0
58,11,9,246824,9,4031.249881,5374.999881,0
58,10,14,246824,11,2687.499881,5374.999881,0
58,14,10,246824,11,5374.999881,2687.499881,0
58,10,17,246824,24,2687.499881,8062.499881,0
58,17,10,246824,24,8062.499881,2687.499881,0
58,10,18,246824,22,2687.499881,8062.499881,0
58,18,10,246824,22,8062.499881,2687.499881,0
58,10,27,246824,25,2687.499881,8062.499881,0
58,27,10,246824,25,8062.499881,2687.499881,0
58,11,15,246824,27,4031.249881,3224.999881,0
58,15,11,246824,27,3224.999881,4031.249881,0
58,11,26,246824,25,4031.249881,8062.499881,0
58,26,11,246824,25,8062.499881,4031.249881,0
58,12,23,246824,33,4031.249881,8062.499881,0
58,23,12,246824,33,8062.499881,4031.249881,0
58,12,24,246824,36,4031.249881,8062.499881,0
58,24,12,246824,36,8062.499881,4031.249881,0
58,14,17,246824,23,5374.999881,8062.499881,0
58,17,14,246824,23,8062.499881,5374.999881,0
58,15,22,246824,43,3224.999881,8062.499881,0
58,22,15,246824,43,8062.499881,3224.999881,0
58,15,28,246824,46,3224.999881,8062.499881,0
58,28,15,246824,46,8062.499881,3224.999881,0
58,15,29,246824,34,3224.999881,8062.499881,0
58,29,15,246824,34,8062.499881,3224.999881,0
58,16,25,246824,43,5374.999881,8062.499881,0
58,25,16,246824,43,8062.499881,5374.999881,0
59,0,1,246824,8,1791.666547,1151.785595,0
59,1,0,246824,8,1151.785595,1791.666547,0
59,0,2,246824,11,1791.666547,2015.624881,0
59,2,0,246824,11,2015.624881,1791.666547,0
59,0,3,246824,7,1791.666547,2015.624881,0
59,3,0,246824,7,2015.624881,1791.666547,0
59,0,8,246824,8,1791.666547,8062.499881,0
59,8,0,246824,8,8062.499881,1791.666547,0
59,0,10,246824,10,1791.666547,2687.499881,0
59,10,0,246824,10,2687.499881,1791.666547,0
59,0,12,246824,6,1791.666547,4031.249881,0
59,12,0,246824,6,4031.249881,1791.666547,0
59,0,15,246824,27,1791.666547,3224.999881,0
59,15,0,246824,27,3224.999881,1791.666547,0
59,0,19,246824,25,1791.666547,8062.499881,0
59,19,0,246824,25,8062.499881,1791.666547,0
59,0,22,246824,34,1791.666547,8062.499881,0
59,22,0,246824,34,8062.499881,1791.666547,0
59,1,2,246824,12,1151.785595,2015.624881,0
59,2,1,246824,12,2015.624881,1151.785595,0
59,1,3,246824,9,1151.785595,2015.624881,0
59,3,1,246824,9,2015.624881,1151.785595,0
59,1,4,246824,11,1151.785595,5374.999881,0
59,4,1,246824,11,5374.999881,1151.785595,0
59,1,5,246824,11,1151.785595,5374.999881,0
59,5,1,246824,11,5374.999881,1151.785595,0
59,1,7,246824,10,1151.785595,8062.499881,0
59,7,1,246824,10,8062.499881,1151.785595,0
59,1,8,246824,9,1151.785595,8062.499881,0
59,8,1,246824,9,8062.499881,1151.785595,0
59,1,9,246824,10,1151.785595,5374.999881,0
59,9,1,246824,10,5374.999881,1151.785595,0
59,1,11,246824,8,1151.785595,4031.249881,0
59,11,1,246824,8,4031.249881,1151.785595,0
59,1,13,246824,9,1151.785595,8062.499881,0
59,13,1,246824,9,8062.499881,1151.785595,0
59,1,19,246824,26,1151.785595,8062.499881,0
59,19,1,246824,26,8062.499881,1151.785595,0
59,1,20,246824,40,1151.785595,8062.499881,0
59,20,1,246824,40,8062.499881,1151.785595,0
59,1,26,246824,26,1151.785595,8062.499881,0
59,26,1,246824,26,8062.499881,1151.785595,0
59,1,28,246824,38,1151.785595,8062.499881,0
59,28,1,246824,38,8062.499881,1151.785595,0
59,2,16,246824,36,2015.624881,5374.999881,0
59,16,2,246824,36,5374.999881,2015.624881,0
59,2,18,246824,22,2015.624881,8062.499881,0
59,18,2,246824,22,8062.499881,2015.624881,0
59,2,21,246824,23,2015.624881,8062.499881,0
59,21,2,246824,23,8062.499881,2015.624881,0
59,2,23,246824,35,2015.624881,8062.499881,0
59,23,2,246824,35,8062.499881,2015.624881,0
59,2,24,246824,38,2015.624881,8062.499881,0
59,24,2,246824,38,8062.499881,2015.624881,0
59,2,29,246824,27,2015.624881,8062.499881,0
59,29,2,246824,27,8062.499881,2015.624881,0
59,3,4,246824,11,2015.624881,5374.999881,0
59,4,3,246824,11,5374.999881,2015.624881,0
59,3,5,246824,10,2015.624881,5374.999881,0
59,5,3,246824,10,5374.999881,2015.624881,0
59,3,6,246824,10,2015.624881,3224.999881,0
59,6,3,246824,10,3224.999881,2015.624881,0
59,3,12,246824,7,2015.624881,4031.249881,0
59,12,3,246824,7,4031.249881,2015.624881,0
59,3,16,246824,35,2015.624881,5374.999881,0
59,16,3,246824,35,5374.999881,2015.624881,0
59,3,27,246824,24,2015.624881,8062.499881,0
59,27,3,246824,24,8062.499881,2015.624881,0
59,4,14,246824,11,5374.999881,5374.999881,0
59,14,4,246824,11,5374.999881,5374.999881,0
59,5,13,246824,10,5374.999881,8062.499881,0
59,13,5,246824,10,8062.499881,5374.999881,0
59,6,7,246824,11,3224.999881,8062.499881,0
59,7,6,246824,11,8062.499881,3224.999881,0
59,6,20,246824,41,3224.999881,8062.499881,0
59,20,6,246824,41,8062.499881,3224.999881,0
59,6,21,246824,23,3224.999881,8062.499881,0
59,21,6,246824,23,8062.499881,3224.999881,0
59,6,25,246824,29,3224.999881,8062.499881,0
59,25,6,246824,29,8062.499881,3224.999881,0
59,9,10,246824,12,5374.999881,2687.499881,0
59,10,9,246824,12,2687.499881,5374.999881,0
59,9,11,246824,9,5374.999881,4031.249881,0
59,11,9,246824,9,4031.249881,5374.999881,0
59,10,14,246824,11,2687.499881,5374.999881,0
59,14,10,246824,11,5374.999881,2687.499881,0
59,10,17,246824,24,2687.499881,8062.499881,0
59,17,10,246824,24,8062.499881,2687.499881,0
59,10,18,246824,22,2687.499881,8062.499881,0
59,18,10,246824,22,8062.499881,2687.499881,0
59,10,27,246824,25,2687.499881,8062.499881,0
59,27,10,246824,25,8062.499881,2687.499881,0
59,11,15,246824,27,4031.249881,3224.999881,0
59,15,11,246824,27,3224.999881,4031.249881,0
59,11,26,246824,25,4031.249881,8062.499881,0
59,26,11,246824,25,8062.499881,4031.249881,0
59,12,23,246824,33,4031.249881,8062.499881,0
59,23,12,246824,33,8062.499881,4031.249881,0
59,12,24,246824,36,4031.249881,8062.499881,0
59,24,12,246824,36,8062.499881,4031.249881,0
59,14,17,246824,23,5374.999881,8062.499881,0
59,17,14,246824,23,8062.499881,5374.999881,0
59,15,22,246824,43,3224.999881,8062.499881,0
59,22,15,246824,43,8062.499881,3224.999881,0
59,15,28,246824,46,3224.999881,8062.499881,0
59,28,15,246824,46,8062.499881,3224.999881,0
59,15,29,246824,34,3224.999881,8062.499881,0
59,29,15,246824,34,8062.499881,3224.999881,0
59,16,25,246824,43,5374.999881,8062.499881,0
59,25,16,246824,43,8062.499881,5374.999881,0
60,0,2,246824,11,2303.571309,1791.666547,0
60,2,0,246824,11,1791.666547,2303.571309,0
60,0,3,246824,7,2303.571309,2687.499881,0
60,3,0,246824,7,2687.499881,2303.571309,0
60,0,8,246824,8,2303.571309,8062.499881,0
60,8,0,246824,8,8062.499881,2303.571309,0
60,0,12,246824,6,2303.571309,4031.249881,0
60,12,0,246824,6,4031.249881,2303.571309,0
60,0,15,246824,27,2303.571309,3224.999881,0
60,15,0,246824,27,3224.999881,2303.571309,0
60,0,19,246824,25,2303.571309,8062.499881,0
60,19,0,246824,25,8062.499881,2303.571309,0
60,0,22,246824,34,2303.571309,8062.499881,0
60,22,0,246824,34,8062.499881,2303.571309,0
60,1,2,246824,12,1343.749881,1791.666547,0
60,2,1,246824,12,1791.666547,1343.749881,0
60,1,4,246824,11,1343.749881,8062.499881,0
60,4,1,246824,11,8062.499881,1343.749881,0
60,1,5,246824,11,1343.749881,5374.999881,0
60,5,1,246824,11,5374.999881,1343.749881,0
60,1,7,246824,10,1343.749881,8062.499881,0
60,7,1,246824,10,8062.499881,1343.749881,0
60,1,8,246824,9,1343.749881,8062.499881,0
60,8,1,246824,9,8062.499881,1343.749881,0
60,1,9,246824,10,1343.749881,5374.999881,0
60,9,1,246824,10,5374.999881,1343.749881,0
60,1,11,246824,8,1343.749881,4031.249881,0
60,11,1,246824,8,4031.249881,1343.749881,0
60,1,13,246824,9,1343.749881,8062.499881,0
60,13,1,246824,9,8062.499881,1343.749881,0
60,1,19,246824,26,1343.749881,8062.499881,0
60,19,1,246824,26,8062.499881,1343.749881,0
60,1,20,246824,40,1343.749881,8062.499881,0
60,20,1,246824,40,8062.499881,1343.749881,0
60,1,26,246824,26,1343.749881,8062.499881,0
60,26,1,246824,26,8062.499881,1343.749881,0
60,1,28,246824,38,1343.749881,8062.499881,0
60,28,1,246824,38,8062.499881,1343.749881,0
60,2,6,246824,13,1791.666547,2687.499881,0
60,6,2,246824,13,2687.499881,1791.666547,0
60,2,16,246824,36,1791.666547,5374.999881,0
60,16,2,246824,36,5374.999881,1791.666547,0
60,2,18,246824,22,1791.666547,8062.499881,0
60,18,2,246824,22,8062.499881,1791.666547,0
60,2,21,246824,23,1791.666547,8062.499881,0
60,21,2,246824,23,8062.499881,1791.666547,0
60,2,23,246824,35,1791.666547,8062.499881,0
60,23,2,246824,35,8062.499881,1791.666547,0
60,2,24,246824,38,1791.666547,8062.499881,0
60,24,2,246824,38,8062.499881,1791.666547,0
60,2,29,246824,27,1791.666547,8062.499881,0
60,29,2,246824,27,8062.499881,1791.666547,0
60,3,5,246824,10,2687.499881,5374.999881,0
60,5,3,246824,10,5374.999881,2687.499881,0
60,3,6,246824,10,2687.499881,2687.499881,0
60,6,3,246824,10,2687.499881,2687.499881,0
60,3,12,246824,7,2687.499881,4031.249881,0
60,12,3,246824,7,4031.249881,2687.499881,0
60,3,16,246824,35,2687.499881,5374.999881,0
60,16,3,246824,35,5374.999881,2687.499881,0
60,3,27,246824,24,2687.499881,8062.499881,0
60,27,3,246824,24,8062.499881,2687.499881,0
60,4,14,246824,11,8062.499881,5374.999881,0
60,14,4,246824,11,5374.999881,8062.499881,0
60,5,13,246824,10,5374.999881,8062.499881,0
60,13,5,246824,10,8062.499881,5374.999881,0
60,6,7,246824,11,2687.499881,8062.499881,0
60,7,6,246824,11,8062.499881,2687.499881,0
60,6,20,246824,41,2687.499881,8062.499881,0
60,20,6,246824,41,8062.499881,2687.499881,0
60,6,21,246824,23,2687.499881,8062.499881,0
60,21,6,246824,23,8062.499881,2687.499881,0
60,6,25,246824,29,2687.499881,8062.499881,0
60,25,6,246824,29,8062.499881,2687.499881,0
60,9,10,246824,12,5374.999881,3224.999881,0
60,10,9,246824,12,3224.999881,5374.999881,0
60,9,11,246824,9,5374.999881,4031.249881,0
60,11,9,246824,9,4031.249881,5374.999881,0
60,10,14,246824,11,3224.999881,5374.999881,0
60,14,10,246824,11,5374.999881,3224.999881,0
60,10,17,246824,24,3224.999881,8062.499881,0
60,17,10,246824,24,8062.499881,3224.999881,0
60,10,18,246824,22,3224.999881,8062.499881,0
60,18,10,246824,22,8062.499881,3224.999881,0
60,10,27,246824,25,3224.999881,8062.499881,0
60,27,10,246824,25,8062.499881,3224.999881,0
60,11,15,246824,27,4031.249881,3224.999881,0
60,15,11,246824,27,3224.999881,4031.249881,0
60,11,26,246824,25,4031.249881,8062.499881,0
60,26,11,246824,25,8062.499881,4031.249881,0
60,12,23,246824,33,4031.249881,8062.499881,0
60,23,12,246824,33,8062.499881,4031.249881,0
60,12,24,246824,36,4031.249881,8062.499881,0
60,24,12,246824,36,8062.499881,4031.249881,0
60,14,17,246824,23,5374.999881,8062.499881,0
60,17,14,246824,23,8062.499881,5374.999881,0
60,15,22,246824,43,3224.999881,8062.499881,0
60,22,15,246824,43,8062.499881,3224.999881,0
60,15,28,246824,46,3224.999881,8062.499881,0
60,28,15,246824,46,8062.499881,3224.999881,0
60,15,29,246824,34,3224.999881,8062.499881,0
60,29,15,246824,34,8062.499881,3224.999881,0
60,16,25,246824,43,5374.999881,8062.499881,0
60,25,16,246824,43,8062.499881,5374.999881,0
61,0,2,246824,11,2303.571309,2015.624881,0
61,2,0,246824,11,2015.624881,2303.571309,0
61,0,8,246824,8,2303.571309,8062.499881,0
61,8,0,246824,8,8062.499881,2303.571309,0
61,0,10,246824,10,2303.571309,2687.499881,0
61,10,0,246824,10,2687.499881,2303.571309,0
61,0,12,246824,6,2303.571309,4031.249881,0
61,12,0,246824,6,4031.249881,2303.571309,0
61,0,15,246824,27,2303.571309,3224.999881,0
61,15,0,246824,27,3224.999881,2303.571309,0
61,0,19,246824,25,2303.571309,8062.499881,0
61,19,0,246824,25,8062.499881,2303.571309,0
61,0,22,246824,34,2303.571309,8062.499881,0
61,22,0,246824,34,8062.499881,2303.571309,0
61,1,4,246824,11,1465.908972,5374.999881,0
61,4,1,246824,11,5374.999881,1465.908972,0
61,1,5,246824,11,1465.908972,5374.999881,0
61,5,1,246824,11,5374.999881,1465.908972,0
61,1,7,246824,10,1465.908972,8062.499881,0
61,7,1,246824,10,8062.499881,1465.908972,0
61,1,8,246824,9,1465.908972,8062.499881,0
61,8,1,246824,9,8062.499881,1465.908972,0
61,1,9,246824,10,1465.908972,5374.999881,0
61,9,1,246824,10,5374.999881,1465.908972,0
61,1,11,246824,8,1465.908972,4031.249881,0
61,11,1,246824,8,4031.249881,1465.908972,0
61,1,13,246824,9,1465.908972,8062.499881,0
61,13,1,246824,9,8062.499881,1465.908972,0
61,1,19,246824,26,1465.908972,8062.499881,0
61,19,1,246824,26,8062.499881,1465.908972,0
61,1,20,246824,40,1465.908972,8062.499881,0
61,20,1,246824,40,8062.499881,1465.908972,0
61,1,26,246824,26,1465.908972,8062.499881,0
61,26,1,246824,26,8062.499881,1465.908972,0
61,1,28,246824,38,1465.908972,8062.499881,0
61,28,1,246824,38,8062.499881,1465.908972,0
61,2,6,246824,13,2015.624881,2687.499881,0
61,6,2,246824,13,2687.499881,2015.624881,0
61,2,16,246824,36,2015.624881,5374.999881,0
61,16,2,246824,36,5374.999881,2015.624881,0
61,2,18,246824,22,2015.624881,8062.499881,0
61,18,2,246824,22,8062.499881,2015.624881,0
61,2,21,246824,23,2015.624881,8062.499881,0
61,21,2,246824,23,8062.499881,2015.624881,0
61,2,23,246824,35,2015.624881,8062.499881,0
61,23,2,246824,35,8062.499881,2015.624881,0
61,2,24,246824,38,2015.624881,8062.499881,0
61,24,2,246824,38,8062.499881,2015.624881,0
61,2,29,246824,27,2015.624881,8062.499881,0
61,29,2,246824,27,8062.499881,2015.624881,0
61,3,4,246824,11,2687.499881,5374.999881,0
61,4,3,246824,11,5374.999881,2687.499881,0
61,3,5,246824,10,2687.499881,5374.999881,0
61,5,3,246824,10,5374.999881,2687.499881,0
61,3,6,246824,10,2687.499881,2687.499881,0
61,6,3,246824,10,2687.499881,2687.499881,0
61,3,12,246824,7,2687.499881,4031.249881,0
61,12,3,246824,7,4031.249881,2687.499881,0
61,3,16,246824,35,2687.499881,5374.999881,0
61,16,3,246824,35,5374.999881,2687.499881,0
61,3,27,246824,24,2687.499881,8062.499881,0
61,27,3,246824,24,8062.499881,2687.499881,0
61,4,14,246824,11,5374.999881,5374.999881,0
61,14,4,246824,11,5374.999881,5374.999881,0
61,5,13,246824,10,5374.999881,8062.499881,0
61,13,5,246824,10,8062.499881,5374.999881,0
61,6,7,246824,11,2687.499881,8062.499881,0
61,7,6,246824,11,8062.499881,2687.499881,0
61,6,20,246824,41,2687.499881,8062.499881,0
61,20,6,246824,41,8062.499881,2687.499881,0
61,6,21,246824,23,2687.499881,8062.499881,0
61,21,6,246824,23,8062.499881,2687.499881,0
61,6,25,246824,29,2687.499881,8062.499881,0
61,25,6,246824,29,8062.499881,2687.499881,0
61,9,10,246824,12,5374.999881,2687.499881,0
61,10,9,246824,12,2687.499881,5374.999881,0
61,9,11,246824,9,5374.999881,4031.249881,0
61,11,9,246824,9,4031.249881,5374.999881,0
61,10,14,246824,11,2687.499881,5374.999881,0
61,14,10,246824,11,5374.999881,2687.499881,0
61,10,17,246824,24,2687.499881,8062.499881,0
61,17,10,246824,24,8062.499881,2687.499881,0
61,10,18,246824,22,2687.499881,8062.499881,0
61,18,10,246824,22,8062.499881,2687.499881,0
61,10,27,246824,25,2687.499881,8062.499881,0
61,27,10,246824,25,8062.499881,2687.499881,0
61,11,15,246824,27,4031.249881,3224.999881,0
61,15,11,246824,27,3224.999881,4031.249881,0
61,11,26,246824,25,4031.249881,8062.499881,0
61,26,11,246824,25,8062.499881,4031.249881,0
61,12,23,246824,33,4031.249881,8062.499881,0
61,23,12,246824,33,8062.499881,4031.249881,0
61,12,24,246824,36,4031.249881,8062.499881,0
61,24,12,246824,36,8062.499881,4031.249881,0
61,14,17,246824,23,5374.999881,8062.499881,0
61,17,14,246824,23,8062.499881,5374.999881,0
61,15,22,246824,43,3224.999881,8062.499881,0
61,22,15,246824,43,8062.499881,3224.999881,0
61,15,28,246824,46,3224.999881,8062.499881,0
61,28,15,246824,46,8062.499881,3224.999881,0
61,15,29,246824,34,3224.999881,8062.499881,0
61,29,15,246824,34,8062.499881,3224.999881,0
61,16,25,246824,43,5374.999881,8062.499881,0
61,25,16,246824,43,8062.499881,5374.999881,0
62,0,2,246824,11,2015.624882,1791.666549,0
62,2,0,246824,11,1791.666549,2015.624882,0
62,0,3,246824,7,2015.624882,2015.624882,0
62,3,0,246824,7,2015.624882,2015.624882,0
62,0,8,246824,8,2015.624882,8062.499882,0
62,8,0,246824,8,8062.499882,2015.624882,0
62,0,10,246824,10,2015.624882,3224.999882,0
62,10,0,246824,10,3224.999882,2015.624882,0
62,0,12,246824,6,2015.624882,4031.249882,0
62,12,0,246824,6,4031.249882,2015.624882,0
62,0,15,246824,27,2015.624882,3224.999882,0
62,15,0,246824,27,3224.999882,2015.624882,0
62,0,19,246824,25,2015.624882,8062.499882,0
62,19,0,246824,25,8062.499882,2015.624882,0
62,0,22,246824,34,2015.624882,8062.499882,0
62,22,0,246824,34,8062.499882,2015.624882,0
62,1,2,246824,12,1240.384498,1791.666549,0
62,2,1,246824,12,1791.666549,1240.384498,0
62,1,3,246824,9,1240.384498,2015.624882,0
62,3,1,246824,9,2015.624882,1240.384498,0
62,1,4,246824,11,1240.384498,5374.999882,0
62,4,1,246824,11,5374.999882,1240.384498,0
62,1,5,246824,11,1240.384498,5374.999882,0
62,5,1,246824,11,5374.999882,1240.384498,0
62,1,7,246824,10,1240.384498,8062.499882,0
62,7,1,246824,10,8062.499882,1240.384498,0
62,1,8,246824,9,1240.384498,8062.499882,0
62,8,1,246824,9,8062.499882,1240.384498,0
62,1,9,246824,10,1240.384498,8062.499882,0
62,9,1,246824,10,8062.499882,1240.384498,0
62,1,11,246824,8,1240.384498,4031.249882,0
62,11,1,246824,8,4031.249882,1240.384498,0
62,1,13,246824,9,1240.384498,8062.499882,0
62,13,1,246824,9,8062.499882,1240.384498,0
62,1,19,246824,26,1240.384498,8062.499882,0
62,19,1,246824,26,8062.499882,1240.384498,0
62,1,20,246824,40,1240.384498,8062.499882,0
62,20,1,246824,40,8062.499882,1240.384498,0
62,1,26,246824,26,1240.384498,8062.499882,0
62,26,1,246824,26,8062.499882,1240.384498,0
62,1,28,246824,38,1240.384498,8062.499882,0
62,28,1,246824,38,8062.499882,1240.384498,0
62,2,6,246824,13,1791.666549,2687.499882,0
62,6,2,246824,13,2687.499882,1791.666549,0
62,2,16,246824,36,1791.666549,5374.999882,0
62,16,2,246824,36,5374.999882,1791.666549,0
62,2,18,246824,22,1791.666549,8062.499882,0
62,18,2,246824,22,8062.499882,1791.666549,0
62,2,21,246824,23,1791.666549,8062.499882,0
62,21,2,246824,23,8062.499882,1791.666549,0
62,2,23,246824,35,1791.666549,8062.499882,0
62,23,2,246824,35,8062.499882,1791.666549,0
62,2,24,246824,38,1791.666549,8062.499882,0
62,24,2,246824,38,8062.499882,1791.666549,0
62,2,29,246824,27,1791.666549,8062.499882,0
62,29,2,246824,27,8062.499882,1791.666549,0
62,3,4,246824,11,2015.624882,5374.999882,0
62,4,3,246824,11,5374.999882,2015.624882,0
62,3,5,246824,10,2015.624882,5374.999882,0
62,5,3,246824,10,5374.999882,2015.624882,0
62,3,6,246824,10,2015.624882,2687.499882,0
62,6,3,246824,10,2687.499882,2015.624882,0
62,3,12,246824,7,2015.624882,4031.249882,0
62,12,3,246824,7,4031.249882,2015.624882,0
62,3,16,246824,35,2015.624882,5374.999882,0
62,16,3,246824,35,5374.999882,2015.624882,0
62,3,27,246824,24,2015.624882,8062.499882,0
62,27,3,246824,24,8062.499882,2015.624882,0
62,4,14,246824,11,5374.999882,5374.999882,0
62,14,4,246824,11,5374.999882,5374.999882,0
62,5,13,246824,10,5374.999882,8062.499882,0
62,13,5,246824,10,8062.499882,5374.999882,0
62,6,7,246824,11,2687.499882,8062.499882,0
62,7,6,246824,11,8062.499882,2687.499882,0
62,6,20,246824,41,2687.499882,8062.499882,0
62,20,6,246824,41,8062.499882,2687.499882,0
62,6,21,246824,23,2687.499882,8062.499882,0
62,21,6,246824,23,8062.499882,2687.499882,0
62,6,25,246824,29,2687.499882,8062.499882,0
62,25,6,246824,29,8062.499882,2687.499882,0
62,9,11,246824,9,8062.499882,4031.249882,0
62,11,9,246824,9,4031.249882,8062.499882,0
62,10,14,246824,11,3224.999882,5374.999882,0
62,14,10,246824,11,5374.999882,3224.999882,0
62,10,17,246824,24,3224.999882,8062.499882,0
62,17,10,246824,24,8062.499882,3224.999882,0
62,10,18,246824,22,3224.999882,8062.499882,0
62,18,10,246824,22,8062.499882,3224.999882,0
62,10,27,246824,25,3224.999882,8062.499882,0
62,27,10,246824,25,8062.499882,3224.999882,0
62,11,15,246824,27,4031.249882,3224.999882,0
62,15,11,246824,27,3224.999882,4031.249882,0
62,11,26,246824,25,4031.249882,8062.499882,0
62,26,11,246824,25,8062.499882,4031.249882,0
62,12,23,246824,33,4031.249882,8062.499882,0
62,23,12,246824,33,8062.499882,4031.249882,0
62,12,24,246824,36,4031.249882,8062.499882,0
62,24,12,246824,36,8062.499882,4031.249882,0
62,14,17,246824,23,5374.999882,8062.499882,0
62,17,14,246824,23,8062.499882,5374.999882,0
62,15,22,246824,43,3224.999882,8062.499882,0
62,22,15,246824,43,8062.499882,3224.999882,0
62,15,28,246824,46,3224.999882,8062.499882,0
62,28,15,246824,46,8062.499882,3224.999882,0
62,15,29,246824,34,3224.999882,8062.499882,0
62,29,15,246824,34,8062.499882,3224.999882,0
62,16,25,246824,43,5374.999882,8062.499882,0
62,25,16,246824,43,8062.499882,5374.999882,0
63,0,2,246824,11,2303.571309,1791.666547,0
63,2,0,246824,11,1791.666547,2303.571309,0
63,0,8,246824,8,2303.571309,8062.499881,0
63,8,0,246824,8,8062.499881,2303.571309,0
63,0,10,246824,10,2303.571309,2687.499881,0
63,10,0,246824,10,2687.499881,2303.571309,0
63,0,12,246824,6,2303.571309,4031.249881,0
63,12,0,246824,6,4031.249881,2303.571309,0
63,0,15,246824,27,2303.571309,3224.999881,0
63,15,0,246824,27,3224.999881,2303.571309,0
63,0,19,246824,25,2303.571309,8062.499881,0
63,19,0,246824,25,8062.499881,2303.571309,0
63,0,22,246824,34,2303.571309,8062.499881,0
63,22,0,246824,34,8062.499881,2303.571309,0
63,1,2,246824,12,1240.384496,1791.666547,0
63,2,1,246824,12,1791.666547,1240.384496,0
63,1,3,246824,9,1240.384496,5374.999881,0
63,3,1,246824,9,5374.999881,1240.384496,0
63,1,4,246824,11,1240.384496,8062.499881,0
63,4,1,246824,11,8062.499881,1240.384496,0
63,1,5,246824,11,1240.384496,8062.499881,0
63,5,1,246824,11,8062.499881,1240.384496,0
63,1,7,246824,10,1240.384496,8062.499881,0
63,7,1,246824,10,8062.499881,1240.384496,0
63,1,8,246824,9,1240.384496,8062.499881,0
63,8,1,246824,9,8062.499881,1240.384496,0
63,1,9,246824,10,1240.384496,5374.999881,0
63,9,1,246824,10,5374.999881,1240.384496,0
63,1,11,246824,8,1240.384496,4031.249881,0
63,11,1,246824,8,4031.249881,1240.384496,0
63,1,13,246824,9,1240.384496,8062.499881,0
63,13,1,246824,9,8062.499881,1240.384496,0
63,1,19,246824,26,1240.384496,8062.499881,0
63,19,1,246824,26,8062.499881,1240.384496,0
63,1,20,246824,40,1240.384496,8062.499881,0
63,20,1,246824,40,8062.499881,1240.384496,0
63,1,26,246824,26,1240.384496,8062.499881,0
63,26,1,246824,26,8062.499881,1240.384496,0
63,1,28,246824,38,1240.384496,8062.499881,0
63,28,1,246824,38,8062.499881,1240.384496,0
63,2,6,246824,13,1791.666547,3224.999881,0
63,6,2,246824,13,3224.999881,1791.666547,0
63,2,16,246824,36,1791.666547,8062.499881,0
63,16,2,246824,36,8062.499881,1791.666547,0
63,2,18,246824,22,1791.666547,8062.499881,0
63,18,2,246824,22,8062.499881,1791.666547,0
63,2,21,246824,23,1791.666547,8062.499881,0
63,21,2,246824,23,8062.499881,1791.666547,0
63,2,23,246824,35,1791.666547,8062.499881,0
63,23,2,246824,35,8062.499881,1791.666547,0
63,2,24,246824,38,1791.666547,8062.499881,0
63,24,2,246824,38,8062.499881,1791.666547,0
63,2,29,246824,27,1791.666547,8062.499881,0
63,29,2,246824,27,8062.499881,1791.666547,0
63,3,12,246824,7,5374.999881,4031.249881,0
63,12,3,246824,7,4031.249881,5374.999881,0
63,3,27,246824,24,5374.999881,8062.499881,0
63,27,3,246824,24,8062.499881,5374.999881,0
63,4,14,246824,11,8062.499881,5374.999881,0
63,14,4,246824,11,5374.999881,8062.499881,0
63,5,13,246824,10,8062.499881,8062.499881,0
63,13,5,246824,10,8062.499881,8062.499881,0
63,6,7,246824,11,3224.999881,8062.499881,0
63,7,6,246824,11,8062.499881,3224.999881,0
63,6,20,246824,41,3224.999881,8062.499881,0
63,20,6,246824,41,8062.499881,3224.999881,0
63,6,21,246824,23,3224.999881,8062.499881,0
63,21,6,246824,23,8062.499881,3224.999881,0
63,6,25,246824,29,3224.999881,8062.499881,0
63,25,6,246824,29,8062.499881,3224.999881,0
63,9,10,246824,12,5374.999881,2687.499881,0
63,10,9,246824,12,2687.499881,5374.999881,0
63,9,11,246824,9,5374.999881,4031.249881,0
63,11,9,246824,9,4031.249881,5374.999881,0
63,10,14,246824,11,2687.499881,5374.999881,0
63,14,10,246824,11,5374.999881,2687.499881,0
63,10,17,246824,24,2687.499881,8062.499881,0
63,17,10,246824,24,8062.499881,2687.499881,0
63,10,18,246824,22,2687.499881,8062.499881,0
63,18,10,246824,22,8062.499881,2687.499881,0
63,10,27,246824,25,2687.499881,8062.499881,0
63,27,10,246824,25,8062.499881,2687.499881,0
63,11,15,246824,27,4031.249881,3224.999881,0
63,15,11,246824,27,3224.999881,4031.249881,0
63,11,26,246824,25,4031.249881,8062.499881,0
63,26,11,246824,25,8062.499881,4031.249881,0
63,12,23,246824,33,4031.249881,8062.499881,0
63,23,12,246824,33,8062.499881,4031.249881,0
63,12,24,246824,36,4031.249881,8062.499881,0
63,24,12,246824,36,8062.499881,4031.249881,0
63,14,17,246824,23,5374.999881,8062.499881,0
63,17,14,246824,23,8062.499881,5374.999881,0
63,15,22,246824,43,3224.999881,8062.499881,0
63,22,15,246824,43,8062.499881,3224.999881,0
63,15,28,246824,46,3224.999881,8062.499881,0
63,28,15,246824,46,8062.499881,3224.999881,0
63,15,29,246824,34,3224.999881,8062.499881,0
63,29,15,246824,34,8062.499881,3224.999881,0
63,16,25,246824,43,8062.499881,8062.499881,0
63,25,16,246824,43,8062.499881,8062.499881,0
64,0,2,246824,11,2303.571309,1791.666547,0
64,2,0,246824,11,1791.666547,2303.571309,0
64,0,8,246824,8,2303.571309,8062.499881,0
64,8,0,246824,8,8062.499881,2303.571309,0
64,0,10,246824,10,2303.571309,2687.499881,0
64,10,0,246824,10,2687.499881,2303.571309,0
64,0,12,246824,6,2303.571309,4031.249881,0
64,12,0,246824,6,4031.249881,2303.571309,0
64,0,15,246824,27,2303.571309,3224.999881,0
64,15,0,246824,27,3224.999881,2303.571309,0
64,0,19,246824,25,2303.571309,8062.499881,0
64,19,0,246824,25,8062.499881,2303.571309,0
64,0,22,246824,34,2303.571309,8062.499881,0
64,22,0,246824,34,8062.499881,2303.571309,0
64,1,2,246824,12,1343.749881,1791.666547,0
64,2,1,246824,12,1791.666547,1343.749881,0
64,1,3,246824,9,1343.749881,2303.571309,0
64,3,1,246824,9,2303.571309,1343.749881,0
64,1,4,246824,11,1343.749881,5374.999881,0
64,4,1,246824,11,5374.999881,1343.749881,0
64,1,7,246824,10,1343.749881,8062.499881,0
64,7,1,246824,10,8062.499881,1343.749881,0
64,1,8,246824,9,1343.749881,8062.499881,0
64,8,1,246824,9,8062.499881,1343.749881,0
64,1,9,246824,10,1343.749881,5374.999881,0
64,9,1,246824,10,5374.999881,1343.749881,0
64,1,11,246824,8,1343.749881,4031.249881,0
64,11,1,246824,8,4031.249881,1343.749881,0
64,1,13,246824,9,1343.749881,8062.499881,0
64,13,1,246824,9,8062.499881,1343.749881,0
64,1,19,246824,26,1343.749881,8062.499881,0
64,19,1,246824,26,8062.499881,1343.749881,0
64,1,20,246824,40,1343.749881,8062.499881,0
64,20,1,246824,40,8062.499881,1343.749881,0
64,1,26,246824,26,1343.749881,8062.499881,0
64,26,1,246824,26,8062.499881,1343.749881,0
64,1,28,246824,38,1343.749881,8062.499881,0
64,28,1,246824,38,8062.499881,1343.749881,0
64,2,6,246824,13,1791.666547,2687.499881,0
64,6,2,246824,13,2687.499881,1791.666547,0
64,2,16,246824,36,1791.666547,5374.999881,0
64,16,2,246824,36,5374.999881,1791.666547,0
64,2,18,246824,22,1791.666547,8062.499881,0
64,18,2,246824,22,8062.499881,1791.666547,0
64,2,21,246824,23,1791.666547,8062.499881,0
64,21,2,246824,23,8062.499881,1791.666547,0
64,2,23,246824,35,1791.666547,8062.499881,0
64,23,2,246824,35,8062.499881,1791.666547,0
64,2,24,246824,38,1791.666547,8062.499881,0
64,24,2,246824,38,8062.499881,1791.666547,0
64,2,29,246824,27,1791.666547,8062.499881,0
64,29,2,246824,27,8062.499881,1791.666547,0
64,3,4,246824,11,2303.571309,5374.999881,0
64,4,3,246824,11,5374.999881,2303.571309,0
64,3,5,246824,10,2303.571309,8062.499881,0
64,5,3,246824,10,8062.499881,2303.571309,0
64,3,6,246824,10,2303.571309,2687.499881,0
64,6,3,246824,10,2687.499881,2303.571309,0
64,3,12,246824,7,2303.571309,4031.249881,0
64,12,3,246824,7,4031.249881,2303.571309,0
64,3,16,246824,35,2303.571309,5374.999881,0
64,16,3,246824,35,5374.999881,2303.571309,0
64,3,27,246824,24,2303.571309,8062.499881,0
64,27,3,246824,24,8062.499881,2303.571309,0
64,4,14,246824,11,5374.999881,5374.999881,0
64,14,4,246824,11,5374.999881,5374.999881,0
64,5,13,246824,10,8062.499881,8062.499881,0
64,13,5,246824,10,8062.499881,8062.499881,0
64,6,7,246824,11,2687.499881,8062.499881,0
64,7,6,246824,11,8062.499881,2687.499881,0
64,6,20,246824,41,2687.499881,8062.499881,0
64,20,6,246824,41,8062.499881,2687.499881,0
64,6,21,246824,23,2687.499881,8062.499881,0
64,21,6,246824,23,8062.499881,2687.499881,0
64,6,25,246824,29,2687.499881,8062.499881,0
64,25,6,246824,29,8062.499881,2687.499881,0
64,9,10,246824,12,5374.999881,2687.499881,0
64,10,9,246824,12,2687.499881,5374.999881,0
64,9,11,246824,9,5374.999881,4031.249881,0
64,11,9,246824,9,4031.249881,5374.999881,0
64,10,14,246824,11,2687.499881,5374.999881,0
64,14,10,246824,11,5374.999881,2687.499881,0
64,10,17,246824,24,2687.499881,8062.499881,0
64,17,10,246824,24,8062.499881,2687.499881,0
64,10,18,246824,22,2687.499881,8062.499881,0
64,18,10,246824,22,8062.499881,2687.499881,0
64,10,27,246824,25,2687.499881,8062.499881,0
64,27,10,246824,25,8062.499881,2687.499881,0
64,11,15,246824,27,4031.249881,3224.999881,0
64,15,11,246824,27,3224.999881,4031.249881,0
64,11,26,246824,25,4031.249881,8062.499881,0
64,26,11,246824,25,8062.499881,4031.249881,0
64,12,23,246824,33,4031.249881,8062.499881,0
64,23,12,246824,33,8062.499881,4031.249881,0
64,12,24,246824,36,4031.249881,8062.499881,0
64,24,12,246824,36,8062.499881,4031.249881,0
64,14,17,246824,23,5374.999881,8062.499881,0
64,17,14,246824,23,8062.499881,5374.999881,0
64,15,22,246824,43,3224.999881,8062.499881,0
64,22,15,246824,43,8062.499881,3224.999881,0
64,15,28,246824,46,3224.999881,8062.499881,0
64,28,15,246824,46,8062.499881,3224.999881,0
64,15,29,246824,34,3224.999881,8062.499881,0
64,29,15,246824,34,8062.499881,3224.999881,0
64,16,25,246824,43,5374.999881,8062.499881,0
64,25,16,246824,43,8062.499881,5374.999881,0
65,0,1,246824,8,1791.666547,1240.384496,0
65,1,0,246824,8,1240.384496,1791.666547,0
65,0,2,246824,11,1791.666547,2015.624881,0
65,2,0,246824,11,2015.624881,1791.666547,0
65,0,3,246824,7,1791.666547,3224.999881,0
65,3,0,246824,7,3224.999881,1791.666547,0
65,0,8,246824,8,1791.666547,8062.499881,0
65,8,0,246824,8,8062.499881,1791.666547,0
65,0,10,246824,10,1791.666547,2687.499881,0
65,10,0,246824,10,2687.499881,1791.666547,0
65,0,12,246824,6,1791.666547,4031.249881,0
65,12,0,246824,6,4031.249881,1791.666547,0
65,0,15,246824,27,1791.666547,3224.999881,0
65,15,0,246824,27,3224.999881,1791.666547,0
65,0,19,246824,25,1791.666547,8062.499881,0
65,19,0,246824,25,8062.499881,1791.666547,0
65,0,22,246824,34,1791.666547,8062.499881,0
65,22,0,246824,34,8062.499881,1791.666547,0
65,1,2,246824,12,1240.384496,2015.624881,0
65,2,1,246824,12,2015.624881,1240.384496,0
65,1,4,246824,11,1240.384496,8062.499881,0
65,4,1,246824,11,8062.499881,1240.384496,0
65,1,5,246824,11,1240.384496,8062.499881,0
65,5,1,246824,11,8062.499881,1240.384496,0
65,1,7,246824,10,1240.384496,8062.499881,0
65,7,1,246824,10,8062.499881,1240.384496,0
65,1,8,246824,9,1240.384496,8062.499881,0
65,8,1,246824,9,8062.499881,1240.384496,0
65,1,9,246824,10,1240.384496,5374.999881,0
65,9,1,246824,10,5374.999881,1240.384496,0
65,1,11,246824,8,1240.384496,4031.249881,0
65,11,1,246824,8,4031.249881,1240.384496,0
65,1,13,246824,9,1240.384496,8062.499881,0
65,13,1,246824,9,8062.499881,1240.384496,0
65,1,19,246824,26,1240.384496,8062.499881,0
65,19,1,246824,26,8062.499881,1240.384496,0
65,1,20,246824,40,1240.384496,8062.499881,0
65,20,1,246824,40,8062.499881,1240.384496,0
65,1,26,246824,26,1240.384496,8062.499881,0
65,26,1,246824,26,8062.499881,1240.384496,0
65,1,28,246824,38,1240.384496,8062.499881,0
65,28,1,246824,38,8062.499881,1240.384496,0
65,2,16,246824,36,2015.624881,5374.999881,0
65,16,2,246824,36,5374.999881,2015.624881,0
65,2,18,246824,22,2015.624881,8062.499881,0
65,18,2,246824,22,8062.499881,2015.624881,0
65,2,21,246824,23,2015.624881,8062.499881,0
65,21,2,246824,23,8062.499881,2015.624881,0
65,2,23,246824,35,2015.624881,8062.499881,0
65,23,2,246824,35,8062.499881,2015.624881,0
65,2,24,246824,38,2015.624881,8062.499881,0
65,24,2,246824,38,8062.499881,2015.624881,0
65,2,29,246824,27,2015.624881,8062.499881,0
65,29,2,246824,27,8062.499881,2015.624881,0
65,3,6,246824,10,3224.999881,3224.999881,0
65,6,3,246824,10,3224.999881,3224.999881,0
65,3,12,246824,7,3224.999881,4031.249881,0
65,12,3,246824,7,4031.249881,3224.999881,0
65,3,16,246824,35,3224.999881,5374.999881,0
65,16,3,246824,35,5374.999881,3224.999881,0
65,3,27,246824,24,3224.999881,8062.499881,0
65,27,3,246824,24,8062.499881,3224.999881,0
65,4,14,246824,11,8062.499881,5374.999881,0
65,14,4,246824,11,5374.999881,8062.499881,0
65,5,13,246824,10,8062.499881,8062.499881,0
65,13,5,246824,10,8062.499881,8062.499881,0
65,6,7,246824,11,3224.999881,8062.499881,0
65,7,6,246824,11,8062.499881,3224.999881,0
65,6,20,246824,41,3224.999881,8062.499881,0
65,20,6,246824,41,8062.499881,3224.999881,0
65,6,21,246824,23,3224.999881,8062.499881,0
65,21,6,246824,23,8062.499881,3224.999881,0
65,6,25,246824,29,3224.999881,8062.499881,0
65,25,6,246824,29,8062.499881,3224.999881,0
65,9,10,246824,12,5374.999881,2687.499881,0
65,10,9,246824,12,2687.499881,5374.999881,0
65,9,11,246824,9,5374.999881,4031.249881,0
65,11,9,246824,9,4031.249881,5374.999881,0
65,10,14,246824,11,2687.499881,5374.999881,0
65,14,10,246824,11,5374.999881,2687.499881,0
65,10,17,246824,24,2687.499881,8062.499881,0
65,17,10,246824,24,8062.499881,2687.499881,0
65,10,18,246824,22,2687.499881,8062.499881,0
65,18,10,246824,22,8062.499881,2687.499881,0
65,10,27,246824,25,2687.499881,8062.499881,0
65,27,10,246824,25,8062.499881,2687.499881,0
65,11,15,246824,27,4031.249881,3224.999881,0
65,15,11,246824,27,3224.999881,4031.249881,0
65,11,26,246824,25,4031.249881,8062.499881,0
65,26,11,246824,25,8062.499881,4031.249881,0
65,12,23,246824,33,4031.249881,8062.499881,0
65,23,12,246824,33,8062.499881,4031.249881,0
65,12,24,246824,36,4031.249881,8062.499881,0
65,24,12,246824,36,8062.499881,4031.249881,0
65,14,17,246824,23,5374.999881,8062.499881,0
65,17,14,246824,23,8062.499881,5374.999881,0
65,15,22,246824,43,3224.999881,8062.499881,0
65,22,15,246824,43,8062.499881,3224.999881,0
65,15,28,246824,46,3224.999881,8062.499881,0
65,28,15,246824,46,8062.499881,3224.999881,0
65,15,29,246824,34,3224.999881,8062.499881,0
65,29,15,246824,34,8062.499881,3224.999881,0
65,16,25,246824,43,5374.999881,8062.499881,0
65,25,16,246824,43,8062.499881,5374.999881,0
66,0,2,246824,11,2687.499881,1791.666547,0
66,2,0,246824,11,1791.666547,2687.499881,0
66,0,8,246824,8,2687.499881,8062.499881,0
66,8,0,246824,8,8062.499881,2687.499881,0
66,0,12,246824,6,2687.499881,4031.249881,0
66,12,0,246824,6,4031.249881,2687.499881,0
66,0,15,246824,27,2687.499881,3224.999881,0
66,15,0,246824,27,3224.999881,2687.499881,0
66,0,19,246824,25,2687.499881,8062.499881,0
66,19,0,246824,25,8062.499881,2687.499881,0
66,0,22,246824,34,2687.499881,8062.499881,0
66,22,0,246824,34,8062.499881,2687.499881,0
66,1,2,246824,12,1240.384496,1791.666547,0
66,2,1,246824,12,1791.666547,1240.384496,0
66,1,3,246824,9,1240.384496,3224.999881,0
66,3,1,246824,9,3224.999881,1240.384496,0
66,1,4,246824,11,1240.384496,5374.999881,0
66,4,1,246824,11,5374.999881,1240.384496,0
66,1,5,246824,11,1240.384496,5374.999881,0
66,5,1,246824,11,5374.999881,1240.384496,0
66,1,7,246824,10,1240.384496,8062.499881,0
66,7,1,246824,10,8062.499881,1240.384496,0
66,1,8,246824,9,1240.384496,8062.499881,0
66,8,1,246824,9,8062.499881,1240.384496,0
66,1,9,246824,10,1240.384496,4031.249881,0
66,9,1,246824,10,4031.249881,1240.384496,0
66,1,11,246824,8,1240.384496,4031.249881,0
66,11,1,246824,8,4031.249881,1240.384496,0
66,1,13,246824,9,1240.384496,8062.499881,0
66,13,1,246824,9,8062.499881,1240.384496,0
66,1,19,246824,26,1240.384496,8062.499881,0
66,19,1,246824,26,8062.499881,1240.384496,0
66,1,20,246824,40,1240.384496,8062.499881,0
66,20,1,246824,40,8062.499881,1240.384496,0
66,1,26,246824,26,1240.384496,8062.499881,0
66,26,1,246824,26,8062.499881,1240.384496,0
66,1,28,246824,38,1240.384496,8062.499881,0
66,28,1,246824,38,8062.499881,1240.384496,0
66,2,6,246824,13,1791.666547,3224.999881,0
66,6,2,246824,13,3224.999881,1791.666547,0
66,2,16,246824,36,1791.666547,5374.999881,0
66,16,2,246824,36,5374.999881,1791.666547,0
66,2,18,246824,22,1791.666547,8062.499881,0
66,18,2,246824,22,8062.499881,1791.666547,0
66,2,21,246824,23,1791.666547,8062.499881,0
66,21,2,246824,23,8062.499881,1791.666547,0
66,2,23,246824,35,1791.666547,8062.499881,0
66,23,2,246824,35,8062.499881,1791.666547,0
66,2,24,246824,38,1791.666547,8062.499881,0
66,24,2,246824,38,8062.499881,1791.666547,0
66,2,29,246824,27,1791.666547,8062.499881,0
66,29,2,246824,27,8062.499881,1791.666547,0
66,3,5,246824,10,3224.999881,5374.999881,0
66,5,3,246824,10,5374.999881,3224.999881,0
66,3,12,246824,7,3224.999881,4031.249881,0
66,12,3,246824,7,4031.249881,3224.999881,0
66,3,16,246824,35,3224.999881,5374.999881,0
66,16,3,246824,35,5374.999881,3224.999881,0
66,3,27,246824,24,3224.999881,8062.499881,0
66,27,3,246824,24,8062.499881,3224.999881,0
66,4,9,246824,12,5374.999881,4031.249881,0
66,9,4,246824,12,4031.249881,5374.999881,0
66,4,14,246824,11,5374.999881,5374.999881,0
66,14,4,246824,11,5374.999881,5374.999881,0
66,5,13,246824,10,5374.999881,8062.499881,0
66,13,5,246824,10,8062.499881,5374.999881,0
66,6,7,246824,11,3224.999881,8062.499881,0
66,7,6,246824,11,8062.499881,3224.999881,0
66,6,20,246824,41,3224.999881,8062.499881,0
66,20,6,246824,41,8062.499881,3224.999881,0
66,6,21,246824,23,3224.999881,8062.499881,0
66,21,6,246824,23,8062.499881,3224.999881,0
66,6,25,246824,29,3224.999881,8062.499881,0
66,25,6,246824,29,8062.499881,3224.999881,0
66,9,10,246824,12,4031.249881,3224.999881,0
66,10,9,246824,12,3224.999881,4031.249881,0
66,9,11,246824,9,4031.249881,4031.249881,0
66,11,9,246824,9,4031.249881,4031.249881,0
66,10,14,246824,11,3224.999881,5374.999881,0
66,14,10,246824,11,5374.999881,3224.999881,0
66,10,17,246824,24,3224.999881,8062.499881,0
66,17,10,246824,24,8062.499881,3224.999881,0
66,10,18,246824,22,3224.999881,8062.499881,0
66,18,10,246824,22,8062.499881,3224.999881,0
66,10,27,246824,25,3224.999881,8062.499881,0
66,27,10,246824,25,8062.499881,3224.999881,0
66,11,15,246824,27,4031.249881,3224.999881,0
66,15,11,246824,27,3224.999881,4031.249881,0
66,11,26,246824,25,4031.249881,8062.499881,0
66,26,11,246824,25,8062.499881,4031.249881,0
66,12,23,246824,33,4031.249881,8062.499881,0
66,23,12,246824,33,8062.499881,4031.249881,0
66,12,24,246824,36,4031.249881,8062.499881,0
66,24,12,246824,36,8062.499881,4031.249881,0
66,14,17,246824,23,5374.999881,8062.499881,0
66,17,14,246824,23,8062.499881,5374.999881,0
66,15,22,246824,43,3224.999881,8062.499881,0
66,22,15,246824,43,8062.499881,3224.999881,0
66,15,28,246824,46,3224.999881,8062.499881,0
66,28,15,246824,46,8062.499881,3224.999881,0
66,15,29,246824,34,3224.999881,8062.499881,0
66,29,15,246824,34,8062.499881,3224.999881,0
66,16,25,246824,43,5374.999881,8062.499881,0
66,25,16,246824,43,8062.499881,5374.999881,0
67,0,1,246824,8,2015.624881,1151.785595,0
67,1,0,246824,8,1151.785595,2015.624881,0
67,0,2,246824,11,2015.624881,1791.666547,0
67,2,0,246824,11,1791.666547,2015.624881,0
67,0,8,246824,8,2015.624881,8062.499881,0
67,8,0,246824,8,8062.499881,2015.624881,0
67,0,10,246824,10,2015.624881,2687.499881,0
67,10,0,246824,10,2687.499881,2015.624881,0
67,0,12,246824,6,2015.624881,4031.249881,0
67,12,0,246824,6,4031.249881,2015.624881,0
67,0,15,246824,27,2015.624881,3224.999881,0
67,15,0,246824,27,3224.999881,2015.624881,0
67,0,19,246824,25,2015.624881,8062.499881,0
67,19,0,246824,25,8062.499881,2015.624881,0
67,0,22,246824,34,2015.624881,8062.499881,0
67,22,0,246824,34,8062.499881,2015.624881,0
67,1,2,246824,12,1151.785595,1791.666547,0
67,2,1,246824,12,1791.666547,1151.785595,0
67,1,3,246824,9,1151.785595,3224.999881,0
67,3,1,246824,9,3224.999881,1151.785595,0
67,1,4,246824,11,1151.785595,8062.499881,0
67,4,1,246824,11,8062.499881,1151.785595,0
67,1,5,246824,11,1151.785595,8062.499881,0
67,5,1,246824,11,8062.499881,1151.785595,0
67,1,7,246824,10,1151.785595,8062.499881,0
67,7,1,246824,10,8062.499881,1151.785595,0
67,1,8,246824,9,1151.785595,8062.499881,0
67,8,1,246824,9,8062.499881,1151.785595,0
67,1,9,246824,10,1151.785595,5374.999881,0
67,9,1,246824,10,5374.999881,1151.785595,0
67,1,11,246824,8,1151.785595,4031.249881,0
67,11,1,246824,8,4031.249881,1151.785595,0
67,1,13,246824,9,1151.785595,8062.499881,0
67,13,1,246824,9,8062.499881,1151.785595,0
67,1,19,246824,26,1151.785595,8062.499881,0
67,19,1,246824,26,8062.499881,1151.785595,0
67,1,20,246824,40,1151.785595,8062.499881,0
67,20,1,246824,40,8062.499881,1151.785595,0
67,1,26,246824,26,1151.785595,8062.499881,0
67,26,1,246824,26,8062.499881,1151.785595,0
67,1,28,246824,38,1151.785595,8062.499881,0
67,28,1,246824,38,8062.499881,1151.785595,0
67,2,6,246824,13,1791.666547,2687.499881,0
67,6,2,246824,13,2687.499881,1791.666547,0
67,2,16,246824,36,1791.666547,5374.999881,0
67,16,2,246824,36,5374.999881,1791.666547,0
67,2,18,246824,22,1791.666547,8062.499881,0
67,18,2,246824,22,8062.499881,1791.666547,0
67,2,21,246824,23,1791.666547,8062.499881,0
67,21,2,246824,23,8062.499881,1791.666547,0
67,2,23,246824,35,1791.666547,8062.499881,0
67,23,2,246824,35,8062.499881,1791.666547,0
67,2,24,246824,38,1791.666547,8062.499881,0
67,24,2,246824,38,8062.499881,1791.666547,0
67,2,29,246824,27,1791.666547,8062.499881,0
67,29,2,246824,27,8062.499881,1791.666547,0
67,3,6,246824,10,3224.999881,2687.499881,0
67,6,3,246824,10,2687.499881,3224.999881,0
67,3,12,246824,7,3224.999881,4031.249881,0
67,12,3,246824,7,4031.249881,3224.999881,0
67,3,16,246824,35,3224.999881,5374.999881,0
67,16,3,246824,35,5374.999881,3224.999881,0
67,3,27,246824,24,3224.999881,8062.499881,0
67,27,3,246824,24,8062.499881,3224.999881,0
67,4,14,246824,11,8062.499881,5374.999881,0
67,14,4,246824,11,5374.999881,8062.499881,0
67,5,13,246824,10,8062.499881,8062.499881,0
67,13,5,246824,10,8062.499881,8062.499881,0
67,6,7,246824,11,2687.499881,8062.499881,0
67,7,6,246824,11,8062.499881,2687.499881,0
67,6,20,246824,41,2687.499881,8062.499881,0
67,20,6,246824,41,8062.499881,2687.499881,0
67,6,21,246824,23,2687.499881,8062.499881,0
67,21,6,246824,23,8062.499881,2687.499881,0
67,6,25,246824,29,2687.499881,8062.499881,0
67,25,6,246824,29,8062.499881,2687.499881,0
67,9,10,246824,12,5374.999881,2687.499881,0
67,10,9,246824,12,2687.499881,5374.999881,0
67,9,11,246824,9,5374.999881,4031.249881,0
67,11,9,246824,9,4031.249881,5374.999881,0
67,10,14,246824,11,2687.499881,5374.999881,0
67,14,10,246824,11,5374.999881,2687.499881,0
67,10,17,246824,24,2687.499881,8062.499881,0
67,17,10,246824,24,8062.499881,2687.499881,0
67,10,18,246824,22,2687.499881,8062.499881,0
67,18,10,246824,22,8062.499881,2687.499881,0
67,10,27,246824,25,2687.499881,8062.499881,0
67,27,10,246824,25,8062.499881,2687.499881,0
67,11,15,246824,27,4031.249881,3224.999881,0
67,15,11,246824,27,3224.999881,4031.249881,0
67,11,26,246824,25,4031.249881,8062.499881,0
67,26,11,246824,25,8062.499881,4031.249881,0
67,12,23,246824,33,4031.249881,8062.499881,0
67,23,12,246824,33,8062.499881,4031.249881,0
67,12,24,246824,36,4031.249881,8062.499881,0
67,24,12,246824,36,8062.499881,4031.249881,0
67,14,17,246824,23,5374.999881,8062.499881,0
67,17,14,246824,23,8062.499881,5374.999881,0
67,15,22,246824,43,3224.999881,8062.499881,0
67,22,15,246824,43,8062.499881,3224.999881,0
67,15,28,246824,46,3224.999881,8062.499881,0
67,28,15,246824,46,8062.499881,3224.999881,0
67,15,29,246824,34,3224.999881,8062.499881,0
67,29,15,246824,34,8062.499881,3224.999881,0
67,16,25,246824,43,5374.999881,8062.499881,0
67,25,16,246824,43,8062.499881,5374.999881,0
68,0,1,246824,8,2303.571309,1151.785595,0
68,1,0,246824,8,1151.785595,2303.571309,0
68,0,3,246824,7,2303.571309,2015.624881,0
68,3,0,246824,7,2015.624881,2303.571309,0
68,0,8,246824,8,2303.571309,8062.499881,0
68,8,0,246824,8,8062.499881,2303.571309,0
68,0,12,246824,6,2303.571309,4031.249881,0
68,12,0,246824,6,4031.249881,2303.571309,0
68,0,15,246824,27,2303.571309,3224.999881,0
68,15,0,246824,27,3224.999881,2303.571309,0
68,0,19,246824,25,2303.571309,8062.499881,0
68,19,0,246824,25,8062.499881,2303.571309,0
68,0,22,246824,34,2303.571309,8062.499881,0
68,22,0,246824,34,8062.499881,2303.571309,0
68,1,2,246824,12,1151.785595,2015.624881,0
68,2,1,246824,12,2015.624881,1151.785595,0
68,1,3,246824,9,1151.785595,2015.624881,0
68,3,1,246824,9,2015.624881,1151.785595,0
68,1,4,246824,11,1151.785595,5374.999881,0
68,4,1,246824,11,5374.999881,1151.785595,0
68,1,5,246824,11,1151.785595,5374.999881,0
68,5,1,246824,11,5374.999881,1151.785595,0
68,1,7,246824,10,1151.785595,8062.499881,0
68,7,1,246824,10,8062.499881,1151.785595,0
68,1,8,246824,9,1151.785595,8062.499881,0
68,8,1,246824,9,8062.499881,1151.785595,0
68,1,9,246824,10,1151.785595,5374.999881,0
68,9,1,246824,10,5374.999881,1151.785595,0
68,1,11,246824,8,1151.785595,4031.249881,0
68,11,1,246824,8,4031.249881,1151.785595,0
68,1,13,246824,9,1151.785595,8062.499881,0
68,13,1,246824,9,8062.499881,1151.785595,0
68,1,19,246824,26,1151.785595,8062.499881,0
68,19,1,246824,26,8062.499881,1151.785595,0
68,1,20,246824,40,1151.785595,8062.499881,0
68,20,1,246824,40,8062.499881,1151.785595,0
68,1,26,246824,26,1151.785595,8062.499881,0
68,26,1,246824,26,8062.499881,1151.785595,0
68,1,28,246824,38,1151.785595,8062.499881,0
68,28,1,246824,38,8062.499881,1151.785595,0
68,2,6,246824,13,2015.624881,2687.499881,0
68,6,2,246824,13,2687.499881,2015.624881,0
68,2,16,246824,36,2015.624881,5374.999881,0
68,16,2,246824,36,5374.999881,2015.624881,0
68,2,18,246824,22,2015.624881,8062.499881,0
68,18,2,246824,22,8062.499881,2015.624881,0
68,2,21,246824,23,2015.624881,8062.499881,0
68,21,2,246824,23,8062.499881,2015.624881,0
68,2,23,246824,35,2015.624881,8062.499881,0
68,23,2,246824,35,8062.499881,2015.624881,0
68,2,24,246824,38,2015.624881,8062.499881,0
68,24,2,246824,38,8062.499881,2015.624881,0
68,2,29,246824,27,2015.624881,8062.499881,0
68,29,2,246824,27,8062.499881,2015.624881,0
68,3,4,246824,11,2015.624881,5374.999881,0
68,4,3,246824,11,5374.999881,2015.624881,0
68,3,5,246824,10,2015.624881,5374.999881,0
68,5,3,246824,10,5374.999881,2015.624881,0
68,3,6,246824,10,2015.624881,2687.499881,0
68,6,3,246824,10,2687.499881,2015.624881,0
68,3,12,246824,7,2015.624881,4031.249881,0
68,12,3,246824,7,4031.249881,2015.624881,0
68,3,16,246824,35,2015.624881,5374.999881,0
68,16,3,246824,35,5374.999881,2015.624881,0
68,3,27,246824,24,2015.624881,8062.499881,0
68,27,3,246824,24,8062.499881,2015.624881,0
68,4,14,246824,11,5374.999881,5374.999881,0
68,14,4,246824,11,5374.999881,5374.999881,0
68,5,13,246824,10,5374.999881,8062.499881,0
68,13,5,246824,10,8062.499881,5374.999881,0
68,6,7,246824,11,2687.499881,8062.499881,0
68,7,6,246824,11,8062.499881,2687.499881,0
68,6,20,246824,41,2687.499881,8062.499881,0
68,20,6,246824,41,8062.499881,2687.499881,0
68,6,21,246824,23,2687.499881,8062.499881,0
68,21,6,246824,23,8062.499881,2687.499881,0
68,6,25,246824,29,2687.499881,8062.499881,0
68,25,6,246824,29,8062.499881,2687.499881,0
68,9,10,246824,12,5374.999881,3224.999881,0
68,10,9,246824,12,3224.999881,5374.999881,0
68,9,11,246824,9,5374.999881,4031.249881,0
68,11,9,246824,9,4031.249881,5374.999881,0
68,10,14,246824,11,3224.999881,5374.999881,0
68,14,10,246824,11,5374.999881,3224.999881,0
68,10,17,246824,24,3224.999881,8062.499881,0
68,17,10,246824,24,8062.499881,3224.999881,0
68,10,18,246824,22,3224.999881,8062.499881,0
68,18,10,246824,22,8062.499881,3224.999881,0
68,10,27,246824,25,3224.999881,8062.499881,0
68,27,10,246824,25,8062.499881,3224.999881,0
68,11,15,246824,27,4031.249881,3224.999881,0
68,15,11,246824,27,3224.999881,4031.249881,0
68,11,26,246824,25,4031.249881,8062.499881,0
68,26,11,246824,25,8062.499881,4031.249881,0
68,12,23,246824,33,4031.249881,8062.499881,0
68,23,12,246824,33,8062.499881,4031.249881,0
68,12,24,246824,36,4031.249881,8062.499881,0
68,24,12,246824,36,8062.499881,4031.249881,0
68,14,17,246824,23,5374.999881,8062.499881,0
68,17,14,246824,23,8062.499881,5374.999881,0
68,15,22,246824,43,3224.999881,8062.499881,0
68,22,15,246824,43,8062.499881,3224.999881,0
68,15,28,246824,46,3224.999881,8062.499881,0
68,28,15,246824,46,8062.499881,3224.999881,0
68,15,29,246824,34,3224.999881,8062.499881,0
68,29,15,246824,34,8062.499881,3224.999881,0
68,16,25,246824,43,5374.999881,8062.499881,0
68,25,16,246824,43,8062.499881,5374.999881,0
69,0,2,246824,11,2303.571309,1791.666547,0
69,2,0,246824,11,1791.666547,2303.571309,0
69,0,8,246824,8,2303.571309,8062.499881,0
69,8,0,246824,8,8062.499881,2303.571309,0
69,0,10,246824,10,2303.571309,2687.499881,0
69,10,0,246824,10,2687.499881,2303.571309,0
69,0,12,246824,6,2303.571309,4031.249881,0
69,12,0,246824,6,4031.249881,2303.571309,0
69,0,15,246824,27,2303.571309,3224.999881,0
69,15,0,246824,27,3224.999881,2303.571309,0
69,0,19,246824,25,2303.571309,8062.499881,0
69,19,0,246824,25,8062.499881,2303.571309,0
69,0,22,246824,34,2303.571309,8062.499881,0
69,22,0,246824,34,8062.499881,2303.571309,0
69,1,2,246824,12,1465.908972,1791.666547,0
69,2,1,246824,12,1791.666547,1465.908972,0
69,1,5,246824,11,1465.908972,5374.999881,0
69,5,1,246824,11,5374.999881,1465.908972,0
69,1,7,246824,10,1465.908972,8062.499881,0
69,7,1,246824,10,8062.499881,1465.908972,0
69,1,8,246824,9,1465.908972,8062.499881,0
69,8,1,246824,9,8062.499881,1465.908972,0
69,1,9,246824,10,1465.908972,4031.249881,0
69,9,1,246824,10,4031.249881,1465.908972,0
69,1,11,246824,8,1465.908972,4031.249881,0
69,11,1,246824,8,4031.249881,1465.908972,0
69,1,13,246824,9,1465.908972,8062.499881,0
69,13,1,246824,9,8062.499881,1465.908972,0
69,1,19,246824,26,1465.908972,8062.499881,0
69,19,1,246824,26,8062.499881,1465.908972,0
69,1,20,246824,40,1465.908972,8062.499881,0
69,20,1,246824,40,8062.499881,1465.908972,0
69,1,26,246824,26,1465.908972,8062.499881,0
69,26,1,246824,26,8062.499881,1465.908972,0
69,1,28,246824,38,1465.908972,8062.499881,0
69,28,1,246824,38,8062.499881,1465.908972,0
69,2,6,246824,13,1791.666547,2687.499881,0
69,6,2,246824,13,2687.499881,1791.666547,0
69,2,16,246824,36,1791.666547,5374.999881,0
69,16,2,246824,36,5374.999881,1791.666547,0
69,2,18,246824,22,1791.666547,8062.499881,0
69,18,2,246824,22,8062.499881,1791.666547,0
69,2,21,246824,23,1791.666547,8062.499881,0
69,21,2,246824,23,8062.499881,1791.666547,0
69,2,23,246824,35,1791.666547,8062.499881,0
69,23,2,246824,35,8062.499881,1791.666547,0
69,2,24,246824,38,1791.666547,8062.499881,0
69,24,2,246824,38,8062.499881,1791.666547,0
69,2,29,246824,27,1791.666547,8062.499881,0
69,29,2,246824,27,8062.499881,1791.666547,0
69,3,4,246824,11,2687.499881,5374.999881,0
69,4,3,246824,11,5374.999881,2687.499881,0
69,3,5,246824,10,2687.499881,5374.999881,0
69,5,3,246824,10,5374.999881,2687.499881,0
69,3,6,246824,10,2687.499881,2687.499881,0
69,6,3,246824,10,2687.499881,2687.499881,0
69,3,12,246824,7,2687.499881,4031.249881,0
69,12,3,246824,7,4031.249881,2687.499881,0
69,3,16,246824,35,2687.499881,5374.999881,0
69,16,3,246824,35,5374.999881,2687.499881,0
69,3,27,246824,24,2687.499881,8062.499881,0
69,27,3,246824,24,8062.499881,2687.499881,0
69,4,9,246824,12,5374.999881,4031.249881,0
69,9,4,246824,12,4031.249881,5374.999881,0
69,4,14,246824,11,5374.999881,5374.999881,0
69,14,4,246824,11,5374.999881,5374.999881,0
69,5,13,246824,10,5374.999881,8062.499881,0
69,13,5,246824,10,8062.499881,5374.999881,0
69,6,7,246824,11,2687.499881,8062.499881,0
69,7,6,246824,11,8062.499881,2687.499881,0
69,6,20,246824,41,2687.499881,8062.499881,0
69,20,6,246824,41,8062.499881,2687.499881,0
69,6,21,246824,23,2687.499881,8062.499881,0
69,21,6,246824,23,8062.499881,2687.499881,0
69,6,25,246824,29,2687.499881,8062.499881,0
69,25,6,246824,29,8062.499881,2687.499881,0
69,9,10,246824,12,4031.249881,2687.499881,0
69,10,9,246824,12,2687.499881,4031.249881,0
69,9,11,246824,9,4031.249881,4031.249881,0
69,11,9,246824,9,4031.249881,4031.249881,0
69,10,14,246824,11,2687.499881,5374.999881,0
69,14,10,246824,11,5374.999881,2687.499881,0
69,10,17,246824,24,2687.499881,8062.499881,0
69,17,10,246824,24,8062.499881,2687.499881,0
69,10,18,246824,22,2687.499881,8062.499881,0
69,18,10,246824,22,8062.499881,2687.499881,0
69,10,27,246824,25,2687.499881,8062.499881,0
69,27,10,246824,25,8062.499881,2687.499881,0
69,11,15,246824,27,4031.249881,3224.999881,0
69,15,11,246824,27,3224.999881,4031.249881,0
69,11,26,246824,25,4031.249881,8062.499881,0
69,26,11,246824,25,8062.499881,4031.249881,0
69,12,23,246824,33,4031.249881,8062.499881,0
69,23,12,246824,33,8062.499881,4031.249881,0
69,12,24,246824,36,4031.249881,8062.499881,0
69,24,12,246824,36,8062.499881,4031.249881,0
69,14,17,246824,23,5374.999881,8062.499881,0
69,17,14,246824,23,8062.499881,5374.999881,0
69,15,22,246824,43,3224.999881,8062.499881,0
69,22,15,246824,43,8062.499881,3224.999881,0
69,15,28,246824,46,3224.999881,8062.499881,0
69,28,15,246824,46,8062.499881,3224.999881,0
69,15,29,246824,34,3224.999881,8062.499881,0
69,29,15,246824,34,8062.499881,3224.999881,0
69,16,25,246824,43,5374.999881,8062.499881,0
69,25,16,246824,43,8062.499881,5374.999881,0
70,0,2,246824,11,2303.571309,1791.666547,0
70,2,0,246824,11,1791.666547,2303.571309,0
70,0,3,246824,7,2303.571309,2015.624881,0
70,3,0,246824,7,2015.624881,2303.571309,0
70,0,8,246824,8,2303.571309,8062.499881,0
70,8,0,246824,8,8062.499881,2303.571309,0
70,0,12,246824,6,2303.571309,4031.249881,0
70,12,0,246824,6,4031.249881,2303.571309,0
70,0,15,246824,27,2303.571309,3224.999881,0
70,15,0,246824,27,3224.999881,2303.571309,0
70,0,19,246824,25,2303.571309,8062.499881,0
70,19,0,246824,25,8062.499881,2303.571309,0
70,0,22,246824,34,2303.571309,8062.499881,0
70,22,0,246824,34,8062.499881,2303.571309,0
70,1,2,246824,12,1240.384496,1791.666547,0
70,2,1,246824,12,1791.666547,1240.384496,0
70,1,3,246824,9,1240.384496,2015.624881,0
70,3,1,246824,9,2015.624881,1240.384496,0
70,1,4,246824,11,1240.384496,4031.249881,0
70,4,1,246824,11,4031.249881,1240.384496,0
70,1,5,246824,11,1240.384496,5374.999881,0
70,5,1,246824,11,5374.999881,1240.384496,0
70,1,7,246824,10,1240.384496,8062.499881,0
70,7,1,246824,10,8062.499881,1240.384496,0
70,1,8,246824,9,1240.384496,8062.499881,0
70,8,1,246824,9,8062.499881,1240.384496,0
70,1,9,246824,10,1240.384496,4031.249881,0
70,9,1,246824,10,4031.249881,1240.384496,0
70,1,11,246824,8,1240.384496,4031.249881,0
70,11,1,246824,8,4031.249881,1240.384496,0
70,1,13,246824,9,1240.384496,8062.499881,0
70,13,1,246824,9,8062.499881,1240.384496,0
70,1,19,246824,26,1240.384496,8062.499881,0
70,19,1,246824,26,8062.499881,1240.384496,0
70,1,20,246824,40,1240.384496,8062.499881,0
70,20,1,246824,40,8062.499881,1240.384496,0
70,1,26,246824,26,1240.384496,8062.499881,0
70,26,1,246824,26,8062.499881,1240.384496,0
70,1,28,246824,38,1240.384496,8062.499881,0
70,28,1,246824,38,8062.499881,1240.384496,0
70,2,6,246824,13,1791.666547,2687.499881,0
70,6,2,246824,13,2687.499881,1791.666547,0
70,2,16,246824,36,1791.666547,5374.999881,0
70,16,2,246824,36,5374.999881,1791.666547,0
70,2,18,246824,22,1791.666547,8062.499881,0
70,18,2,246824,22,8062.499881,1791.666547,0
70,2,21,246824,23,1791.666547,8062.499881,0
70,21,2,246824,23,8062.499881,1791.666547,0
70,2,23,246824,35,1791.666547,8062.499881,0
70,23,2,246824,35,8062.499881,1791.666547,0
70,2,24,246824,38,1791.666547,8062.499881,0
70,24,2,246824,38,8062.499881,1791.666547,0
70,2,29,246824,27,1791.666547,8062.499881,0
70,29,2,246824,27,8062.499881,1791.666547,0
70,3,4,246824,11,2015.624881,4031.249881,0
70,4,3,246824,11,4031.249881,2015.624881,0
70,3,5,246824,10,2015.624881,5374.999881,0
70,5,3,246824,10,5374.999881,2015.624881,0
70,3,6,246824,10,2015.624881,2687.499881,0
70,6,3,246824,10,2687.499881,2015.624881,0
70,3,12,246824,7,2015.624881,4031.249881,0
70,12,3,246824,7,4031.249881,2015.624881,0
70,3,16,246824,35,2015.624881,5374.999881,0
70,16,3,246824,35,5374.999881,2015.624881,0
70,3,27,246824,24,2015.624881,8062.499881,0
70,27,3,246824,24,8062.499881,2015.624881,0
70,4,9,246824,12,4031.249881,4031.249881,0
70,9,4,246824,12,4031.249881,4031.249881,0
70,4,14,246824,11,4031.249881,5374.999881,0
70,14,4,246824,11,5374.999881,4031.249881,0
70,5,13,246824,10,5374.999881,8062.499881,0
70,13,5,246824,10,8062.499881,5374.999881,0
70,6,7,246824,11,2687.499881,8062.499881,0
70,7,6,246824,11,8062.499881,2687.499881,0
70,6,20,246824,41,2687.499881,8062.499881,0
70,20,6,246824,41,8062.499881,2687.499881,0
70,6,21,246824,23,2687.499881,8062.499881,0
70,21,6,246824,23,8062.499881,2687.499881,0
70,6,25,246824,29,2687.499881,8062.499881,0
70,25,6,246824,29,8062.499881,2687.499881,0
70,9,10,246824,12,4031.249881,3224.999881,0
70,10,9,246824,12,3224.999881,4031.249881,0
70,9,11,246824,9,4031.249881,4031.249881,0
70,11,9,246824,9,4031.249881,4031.249881,0
70,10,14,246824,11,3224.999881,5374.999881,0
70,14,10,246824,11,5374.999881,3224.999881,0
70,10,17,246824,24,3224.999881,8062.499881,0
70,17,10,246824,24,8062.499881,3224.999881,0
70,10,18,246824,22,3224.999881,8062.499881,0
70,18,10,246824,22,8062.499881,3224.999881,0
70,10,27,246824,25,3224.999881,8062.499881,0
70,27,10,246824,25,8062.499881,3224.999881,0
70,11,15,246824,27,4031.249881,3224.999881,0
70,15,11,246824,27,3224.999881,4031.249881,0
70,11,26,246824,25,4031.249881,8062.499881,0
70,26,11,246824,25,8062.499881,4031.249881,0
70,12,23,246824,33,4031.249881,8062.499881,0
70,23,12,246824,33,8062.499881,4031.249881,0
70,12,24,246824,36,4031.249881,8062.499881,0
70,24,12,246824,36,8062.499881,4031.249881,0
70,14,17,246824,23,5374.999881,8062.499881,0
70,17,14,246824,23,8062.499881,5374.999881,0
70,15,22,246824,43,3224.999881,8062.499881,0
70,22,15,246824,43,8062.499881,3224.999881,0
70,15,28,246824,46,3224.999881,8062.499881,0
70,28,15,246824,46,8062.499881,3224.999881,0
70,15,29,246824,34,3224.999881,8062.499881,0
70,29,15,246824,34,8062.499881,3224.999881,0
70,16,25,246824,43,5374.999881,8062.499881,0
70,25,16,246824,43,8062.499881,5374.999881,0
71,0,8,246824,8,3224.999881,8062.499881,0
71,8,0,246824,8,8062.499881,3224.999881,0
71,0,10,246824,10,3224.999881,2687.499881,0
71,10,0,246824,10,2687.499881,3224.999881,0
71,0,12,246824,6,3224.999881,4031.249881,0
71,12,0,246824,6,4031.249881,3224.999881,0
71,0,19,246824,25,3224.999881,8062.499881,0
71,19,0,246824,25,8062.499881,3224.999881,0
71,0,22,246824,34,3224.999881,8062.499881,0
71,22,0,246824,34,8062.499881,3224.999881,0
71,1,2,246824,12,1240.384496,2015.624881,0
71,2,1,246824,12,2015.624881,1240.384496,0
71,1,3,246824,9,1240.384496,3224.999881,0
71,3,1,246824,9,3224.999881,1240.384496,0
71,1,4,246824,11,1240.384496,8062.499881,0
71,4,1,246824,11,8062.499881,1240.384496,0
71,1,5,246824,11,1240.384496,8062.499881,0
71,5,1,246824,11,8062.499881,1240.384496,0
71,1,7,246824,10,1240.384496,8062.499881,0
71,7,1,246824,10,8062.499881,1240.384496,0
71,1,8,246824,9,1240.384496,8062.499881,0
71,8,1,246824,9,8062.499881,1240.384496,0
71,1,9,246824,10,1240.384496,5374.999881,0
71,9,1,246824,10,5374.999881,1240.384496,0
71,1,11,246824,8,1240.384496,4031.249881,0
71,11,1,246824,8,4031.249881,1240.384496,0
71,1,13,246824,9,1240.384496,8062.499881,0
71,13,1,246824,9,8062.499881,1240.384496,0
71,1,19,246824,26,1240.384496,8062.499881,0
71,19,1,246824,26,8062.499881,1240.384496,0
71,1,20,246824,40,1240.384496,8062.499881,0
71,20,1,246824,40,8062.499881,1240.384496,0
71,1,26,246824,26,1240.384496,8062.499881,0
71,26,1,246824,26,8062.499881,1240.384496,0
71,1,28,246824,38,1240.384496,8062.499881,0
71,28,1,246824,38,8062.499881,1240.384496,0
71,2,6,246824,13,2015.624881,2687.499881,0
71,6,2,246824,13,2687.499881,2015.624881,0
71,2,16,246824,36,2015.624881,5374.999881,0
71,16,2,246824,36,5374.999881,2015.624881,0
71,2,18,246824,22,2015.624881,8062.499881,0
71,18,2,246824,22,8062.499881,2015.624881,0
71,2,21,246824,23,2015.624881,8062.499881,0
71,21,2,246824,23,8062.499881,2015.624881,0
71,2,23,246824,35,2015.624881,8062.499881,0
71,23,2,246824,35,8062.499881,2015.624881,0
71,2,24,246824,38,2015.624881,8062.499881,0
71,24,2,246824,38,8062.499881,2015.624881,0
71,2,29,246824,27,2015.624881,8062.499881,0
71,29,2,246824,27,8062.499881,2015.624881,0
71,3,6,246824,10,3224.999881,2687.499881,0
71,6,3,246824,10,2687.499881,3224.999881,0
71,3,12,246824,7,3224.999881,4031.249881,0
71,12,3,246824,7,4031.249881,3224.999881,0
71,3,16,246824,35,3224.999881,5374.999881,0
71,16,3,246824,35,5374.999881,3224.999881,0
71,3,27,246824,24,3224.999881,8062.499881,0
71,27,3,246824,24,8062.499881,3224.999881,0
71,4,14,246824,11,8062.499881,5374.999881,0
71,14,4,246824,11,5374.999881,8062.499881,0
71,5,13,246824,10,8062.499881,8062.499881,0
71,13,5,246824,10,8062.499881,8062.499881,0
71,6,7,246824,11,2687.499881,8062.499881,0
71,7,6,246824,11,8062.499881,2687.499881,0
71,6,20,246824,41,2687.499881,8062.499881,0
71,20,6,246824,41,8062.499881,2687.499881,0
71,6,21,246824,23,2687.499881,8062.499881,0
71,21,6,246824,23,8062.499881,2687.499881,0
71,6,25,246824,29,2687.499881,8062.499881,0
71,25,6,246824,29,8062.499881,2687.499881,0
71,9,10,246824,12,5374.999881,2687.499881,0
71,10,9,246824,12,2687.499881,5374.999881,0
71,9,11,246824,9,5374.999881,4031.249881,0
71,11,9,246824,9,4031.249881,5374.999881,0
71,10,14,246824,11,2687.499881,5374.999881,0
71,14,10,246824,11,5374.999881,2687.499881,0
71,10,17,246824,24,2687.499881,8062.499881,0
71,17,10,246824,24,8062.499881,2687.499881,0
71,10,18,246824,22,2687.499881,8062.499881,0
71,18,10,246824,22,8062.499881,2687.499881,0
71,10,27,246824,25,2687.499881,8062.499881,0
71,27,10,246824,25,8062.499881,2687.499881,0
71,11,15,246824,27,4031.249881,4031.249881,0
71,15,11,246824,27,4031.249881,4031.249881,0
71,11,26,246824,25,4031.249881,8062.499881,0
71,26,11,246824,25,8062.499881,4031.249881,0
71,12,23,246824,33,4031.249881,8062.499881,0
71,23,12,246824,33,8062.499881,4031.249881,0
71,12,24,246824,36,4031.249881,8062.499881,0
71,24,12,246824,36,8062.499881,4031.249881,0
71,14,17,246824,23,5374.999881,8062.499881,0
71,17,14,246824,23,8062.499881,5374.999881,0
71,15,22,246824,43,4031.249881,8062.499881,0
71,22,15,246824,43,8062.499881,4031.249881,0
71,15,28,246824,46,4031.249881,8062.499881,0
71,28,15,246824,46,8062.499881,4031.249881,0
71,15,29,246824,34,4031.249881,8062.499881,0
71,29,15,246824,34,8062.499881,4031.249881,0
71,16,25,246824,43,5374.999881,8062.499881,0
71,25,16,246824,43,8062.499881,5374.999881,0
72,0,2,246824,11,2303.571309,2015.624881,0
72,2,0,246824,11,2015.624881,2303.571309,0
72,0,8,246824,8,2303.571309,8062.499881,0
72,8,0,246824,8,8062.499881,2303.571309,0
72,0,10,246824,10,2303.571309,2687.499881,0
72,10,0,246824,10,2687.499881,2303.571309,0
72,0,12,246824,6,2303.571309,4031.249881,0
72,12,0,246824,6,4031.249881,2303.571309,0
72,0,15,246824,27,2303.571309,3224.999881,0
72,15,0,246824,27,3224.999881,2303.571309,0
72,0,19,246824,25,2303.571309,8062.499881,0
72,19,0,246824,25,8062.499881,2303.571309,0
72,0,22,246824,34,2303.571309,8062.499881,0
72,22,0,246824,34,8062.499881,2303.571309,0
72,1,2,246824,12,1612.499881,2015.624881,0
72,2,1,246824,12,2015.624881,1612.499881,0
72,1,7,246824,10,1612.499881,8062.499881,0
72,7,1,246824,10,8062.499881,1612.499881,0
72,1,8,246824,9,1612.499881,8062.499881,0
72,8,1,246824,9,8062.499881,1612.499881,0
72,1,9,246824,10,1612.499881,4031.249881,0
72,9,1,246824,10,4031.249881,1612.499881,0
72,1,11,246824,8,1612.499881,4031.249881,0
72,11,1,246824,8,4031.249881,1612.499881,0
72,1,13,246824,9,1612.499881,8062.499881,0
72,13,1,246824,9,8062.499881,1612.499881,0
72,1,19,246824,26,1612.499881,8062.499881,0
72,19,1,246824,26,8062.499881,1612.499881,0
72,1,20,246824,40,1612.499881,8062.499881,0
72,20,1,246824,40,8062.499881,1612.499881,0
72,1,26,246824,26,1612.499881,8062.499881,0
72,26,1,246824,26,8062.499881,1612.499881,0
72,1,28,246824,38,1612.499881,8062.499881,0
72,28,1,246824,38,8062.499881,1612.499881,0
72,2,6,246824,13,2015.624881,3224.999881,0
72,6,2,246824,13,3224.999881,2015.624881,0
72,2,18,246824,22,2015.624881,8062.499881,0
72,18,2,246824,22,8062.499881,2015.624881,0
72,2,21,246824,23,2015.624881,8062.499881,0
72,21,2,246824,23,8062.499881,2015.624881,0
72,2,23,246824,35,2015.624881,8062.499881,0
72,23,2,246824,35,8062.499881,2015.624881,0
72,2,24,246824,38,2015.624881,8062.499881,0
72,24,2,246824,38,8062.499881,2015.624881,0
72,2,29,246824,27,2015.624881,8062.499881,0
72,29,2,246824,27,8062.499881,2015.624881,0
72,3,4,246824,11,3224.999881,5374.999881,0
72,4,3,246824,11,5374.999881,3224.999881,0
72,3,5,246824,10,3224.999881,8062.499881,0
72,5,3,246824,10,8062.499881,3224.999881,0
72,3,12,246824,7,3224.999881,4031.249881,0
72,12,3,246824,7,4031.249881,3224.999881,0
72,3,16,246824,35,3224.999881,8062.499881,0
72,16,3,246824,35,8062.499881,3224.999881,0
72,3,27,246824,24,3224.999881,8062.499881,0
72,27,3,246824,24,8062.499881,3224.999881,0
72,4,9,246824,12,5374.999881,4031.249881,0
72,9,4,246824,12,4031.249881,5374.999881,0
72,4,14,246824,11,5374.999881,5374.999881,0
72,14,4,246824,11,5374.999881,5374.999881,0
72,5,13,246824,10,8062.499881,8062.499881,0
72,13,5,246824,10,8062.499881,8062.499881,0
72,6,7,246824,11,3224.999881,8062.499881,0
72,7,6,246824,11,8062.499881,3224.999881,0
72,6,20,246824,41,3224.999881,8062.499881,0
72,20,6,246824,41,8062.499881,3224.999881,0
72,6,21,246824,23,3224.999881,8062.499881,0
72,21,6,246824,23,8062.499881,3224.999881,0
72,6,25,246824,29,3224.999881,8062.499881,0
72,25,6,246824,29,8062.499881,3224.999881,0
72,9,10,246824,12,4031.249881,2687.499881,0
72,10,9,246824,12,2687.499881,4031.249881,0
72,9,11,246824,9,4031.249881,4031.249881,0
72,11,9,246824,9,4031.249881,4031.249881,0
72,10,14,246824,11,2687.499881,5374.999881,0
72,14,10,246824,11,5374.999881,2687.499881,0
72,10,17,246824,24,2687.499881,8062.499881,0
72,17,10,246824,24,8062.499881,2687.499881,0
72,10,18,246824,22,2687.499881,8062.499881,0
72,18,10,246824,22,8062.499881,2687.499881,0
72,10,27,246824,25,2687.499881,8062.499881,0
72,27,10,246824,25,8062.499881,2687.499881,0
72,11,15,246824,27,4031.249881,3224.999881,0
72,15,11,246824,27,3224.999881,4031.249881,0
72,11,26,246824,25,4031.249881,8062.499881,0
72,26,11,246824,25,8062.499881,4031.249881,0
72,12,23,246824,33,4031.249881,8062.499881,0
72,23,12,246824,33,8062.499881,4031.249881,0
72,12,24,246824,36,4031.249881,8062.499881,0
72,24,12,246824,36,8062.499881,4031.249881,0
72,14,17,246824,23,5374.999881,8062.499881,0
72,17,14,246824,23,8062.499881,5374.999881,0
72,15,22,246824,43,3224.999881,8062.499881,0
72,22,15,246824,43,8062.499881,3224.999881,0
72,15,28,246824,46,3224.999881,8062.499881,0
72,28,15,246824,46,8062.499881,3224.999881,0
72,15,29,246824,34,3224.999881,8062.499881,0
72,29,15,246824,34,8062.499881,3224.999881,0
72,16,25,246824,43,8062.499881,8062.499881,0
72,25,16,246824,43,8062.499881,8062.499881,0
73,0,2,246824,11,2303.571309,2015.624881,0
73,2,0,246824,11,2015.624881,2303.571309,0
73,0,8,246824,8,2303.571309,8062.499881,0
73,8,0,246824,8,8062.499881,2303.571309,0
73,0,10,246824,10,2303.571309,2687.499881,0
73,10,0,246824,10,2687.499881,2303.571309,0
73,0,12,246824,6,2303.571309,4031.249881,0
73,12,0,246824,6,4031.249881,2303.571309,0
73,0,15,246824,27,2303.571309,3224.999881,0
73,15,0,246824,27,3224.999881,2303.571309,0
73,0,19,246824,25,2303.571309,8062.499881,0
73,19,0,246824,25,8062.499881,2303.571309,0
73,0,22,246824,34,2303.571309,8062.499881,0
73,22,0,246824,34,8062.499881,2303.571309,0
73,1,7,246824,10,1791.666547,8062.499881,0
73,7,1,246824,10,8062.499881,1791.666547,0
73,1,8,246824,9,1791.666547,8062.499881,0
73,8,1,246824,9,8062.499881,1791.666547,0
73,1,9,246824,10,1791.666547,4031.249881,0
73,9,1,246824,10,4031.249881,1791.666547,0
73,1,11,246824,8,1791.666547,4031.249881,0
73,11,1,246824,8,4031.249881,1791.666547,0
73,1,13,246824,9,1791.666547,8062.499881,0
73,13,1,246824,9,8062.499881,1791.666547,0
73,1,19,246824,26,1791.666547,8062.499881,0
73,19,1,246824,26,8062.499881,1791.666547,0
73,1,20,246824,40,1791.666547,8062.499881,0
73,20,1,246824,40,8062.499881,1791.666547,0
73,1,26,246824,26,1791.666547,8062.499881,0
73,26,1,246824,26,8062.499881,1791.666547,0
73,1,28,246824,38,1791.666547,8062.499881,0
73,28,1,246824,38,8062.499881,1791.666547,0
73,2,6,246824,13,2015.624881,2687.499881,0
73,6,2,246824,13,2687.499881,2015.624881,0
73,2,16,246824,36,2015.624881,5374.999881,0
73,16,2,246824,36,5374.999881,2015.624881,0
73,2,18,246824,22,2015.624881,8062.499881,0
73,18,2,246824,22,8062.499881,2015.624881,0
73,2,21,246824,23,2015.624881,8062.499881,0
73,21,2,246824,23,8062.499881,2015.624881,0
73,2,23,246824,35,2015.624881,8062.499881,0
73,23,2,246824,35,8062.499881,2015.624881,0
73,2,24,246824,38,2015.624881,8062.499881,0
73,24,2,246824,38,8062.499881,2015.624881,0
73,2,29,246824,27,2015.624881,8062.499881,0
73,29,2,246824,27,8062.499881,2015.624881,0
73,3,4,246824,11,2687.499881,5374.999881,0
73,4,3,246824,11,5374.999881,2687.499881,0
73,3,5,246824,10,2687.499881,8062.499881,0
73,5,3,246824,10,8062.499881,2687.499881,0
73,3,6,246824,10,2687.499881,2687.499881,0
73,6,3,246824,10,2687.499881,2687.499881,0
73,3,12,246824,7,2687.499881,4031.249881,0
73,12,3,246824,7,4031.249881,2687.499881,0
73,3,16,246824,35,2687.499881,5374.999881,0
73,16,3,246824,35,5374.999881,2687.499881,0
73,3,27,246824,24,2687.499881,8062.499881,0
73,27,3,246824,24,8062.499881,2687.499881,0
73,4,9,246824,12,5374.999881,4031.249881,0
73,9,4,246824,12,4031.249881,5374.999881,0
73,4,14,246824,11,5374.999881,5374.999881,0
73,14,4,246824,11,5374.999881,5374.999881,0
73,5,13,246824,10,8062.499881,8062.499881,0
73,13,5,246824,10,8062.499881,8062.499881,0
73,6,7,246824,11,2687.499881,8062.499881,0
73,7,6,246824,11,8062.499881,2687.499881,0
73,6,20,246824,41,2687.499881,8062.499881,0
73,20,6,246824,41,8062.499881,2687.499881,0
73,6,21,246824,23,2687.499881,8062.499881,0
73,21,6,246824,23,8062.499881,2687.499881,0
73,6,25,246824,29,2687.499881,8062.499881,0
73,25,6,246824,29,8062.499881,2687.499881,0
73,9,10,246824,12,4031.249881,2687.499881,0
73,10,9,246824,12,2687.499881,4031.249881,0
73,9,11,246824,9,4031.249881,4031.249881,0
73,11,9,246824,9,4031.249881,4031.249881,0
73,10,14,246824,11,2687.499881,5374.999881,0
73,14,10,246824,11,5374.999881,2687.499881,0
73,10,17,246824,24,2687.499881,8062.499881,0
73,17,10,246824,24,8062.499881,2687.499881,0
73,10,18,246824,22,2687.499881,8062.499881,0
73,18,10,246824,22,8062.499881,2687.499881,0
73,10,27,246824,25,2687.499881,8062.499881,0
73,27,10,246824,25,8062.499881,2687.499881,0
73,11,15,246824,27,4031.249881,3224.999881,0
73,15,11,246824,27,3224.999881,4031.249881,0
73,11,26,246824,25,4031.249881,8062.499881,0
73,26,11,246824,25,8062.499881,4031.249881,0
73,12,23,246824,33,4031.249881,8062.499881,0
73,23,12,246824,33,8062.499881,4031.249881,0
73,12,24,246824,36,4031.249881,8062.499881,0
73,24,12,246824,36,8062.499881,4031.249881,0
73,14,17,246824,23,5374.999881,8062.499881,0
73,17,14,246824,23,8062.499881,5374.999881,0
73,15,22,246824,43,3224.999881,8062.499881,0
73,22,15,246824,43,8062.499881,3224.999881,0
73,15,28,246824,46,3224.999881,8062.499881,0
73,28,15,246824,46,8062.499881,3224.999881,0
73,15,29,246824,34,3224.999881,8062.499881,0
73,29,15,246824,34,8062.499881,3224.999881,0
73,16,25,246824,43,5374.999881,8062.499881,0
73,25,16,246824,43,8062.499881,5374.999881,0
74,0,2,246824,11,2303.571309,2015.624881,0
74,2,0,246824,11,2015.624881,2303.571309,0
74,0,8,246824,8,2303.571309,8062.499881,0
74,8,0,246824,8,8062.499881,2303.571309,0
74,0,10,246824,10,2303.571309,2687.499881,0
74,10,0,246824,10,2687.499881,2303.571309,0
74,0,12,246824,6,2303.571309,4031.249881,0
74,12,0,246824,6,4031.249881,2303.571309,0
74,0,15,246824,27,2303.571309,3224.999881,0
74,15,0,246824,27,3224.999881,2303.571309,0
74,0,19,246824,25,2303.571309,8062.499881,0
74,19,0,246824,25,8062.499881,2303.571309,0
74,0,22,246824,34,2303.571309,8062.499881,0
74,22,0,246824,34,8062.499881,2303.571309,0
74,1,2,246824,12,1343.749881,2015.624881,0
74,2,1,246824,12,2015.624881,1343.749881,0
74,1,4,246824,11,1343.749881,5374.999881,0
74,4,1,246824,11,5374.999881,1343.749881,0
74,1,5,246824,11,1343.749881,5374.999881,0
74,5,1,246824,11,5374.999881,1343.749881,0
74,1,7,246824,10,1343.749881,8062.499881,0
74,7,1,246824,10,8062.499881,1343.749881,0
74,1,8,246824,9,1343.749881,8062.499881,0
74,8,1,246824,9,8062.499881,1343.749881,0
74,1,9,246824,10,1343.749881,5374.999881,0
74,9,1,246824,10,5374.999881,1343.749881,0
74,1,11,246824,8,1343.749881,4031.249881,0
74,11,1,246824,8,4031.249881,1343.749881,0
74,1,13,246824,9,1343.749881,8062.499881,0
74,13,1,246824,9,8062.499881,1343.749881,0
74,1,19,246824,26,1343.749881,8062.499881,0
74,19,1,246824,26,8062.499881,1343.749881,0
74,1,20,246824,40,1343.749881,8062.499881,0
74,20,1,246824,40,8062.499881,1343.749881,0
74,1,26,246824,26,1343.749881,8062.499881,0
74,26,1,246824,26,8062.499881,1343.749881,0
74,1,28,246824,38,1343.749881,8062.499881,0
74,28,1,246824,38,8062.499881,1343.749881,0
74,2,16,246824,36,2015.624881,5374.999881,0
74,16,2,246824,36,5374.999881,2015.624881,0
74,2,18,246824,22,2015.624881,8062.499881,0
74,18,2,246824,22,8062.499881,2015.624881,0
74,2,21,246824,23,2015.624881,8062.499881,0
74,21,2,246824,23,8062.499881,2015.624881,0
74,2,23,246824,35,2015.624881,8062.499881,0
74,23,2,246824,35,8062.499881,2015.624881,0
74,2,24,246824,38,2015.624881,8062.499881,0
74,24,2,246824,38,8062.499881,2015.624881,0
74,2,29,246824,27,2015.624881,8062.499881,0
74,29,2,246824,27,8062.499881,2015.624881,0
74,3,4,246824,11,2687.499881,5374.999881,0
74,4,3,246824,11,5374.999881,2687.499881,0
74,3,5,246824,10,2687.499881,5374.999881,0
74,5,3,246824,10,5374.999881,2687.499881,0
74,3,6,246824,10,2687.499881,3224.999881,0
74,6,3,246824,10,3224.999881,2687.499881,0
74,3,12,246824,7,2687.499881,4031.249881,0
74,12,3,246824,7,4031.249881,2687.499881,0
74,3,16,246824,35,2687.499881,5374.999881,0
74,16,3,246824,35,5374.999881,2687.499881,0
74,3,27,246824,24,2687.499881,8062.499881,0
74,27,3,246824,24,8062.499881,2687.499881,0
74,4,14,246824,11,5374.999881,5374.999881,0
74,14,4,246824,11,5374.999881,5374.999881,0
74,5,13,246824,10,5374.999881,8062.499881,0
74,13,5,246824,10,8062.499881,5374.999881,0
74,6,7,246824,11,3224.999881,8062.499881,0
74,7,6,246824,11,8062.499881,3224.999881,0
74,6,20,246824,41,3224.999881,8062.499881,0
74,20,6,246824,41,8062.499881,3224.999881,0
74,6,21,246824,23,3224.999881,8062.499881,0
74,21,6,246824,23,8062.499881,3224.999881,0
74,6,25,246824,29,3224.999881,8062.499881,0
74,25,6,246824,29,8062.499881,3224.999881,0
74,9,10,246824,12,5374.999881,2687.499881,0
74,10,9,246824,12,2687.499881,5374.999881,0
74,9,11,246824,9,5374.999881,4031.249881,0
74,11,9,246824,9,4031.249881,5374.999881,0
74,10,14,246824,11,2687.499881,5374.999881,0
74,14,10,246824,11,5374.999881,2687.499881,0
74,10,17,246824,24,2687.499881,8062.499881,0
74,17,10,246824,24,8062.499881,2687.499881,0
74,10,18,246824,22,2687.499881,8062.499881,0
74,18,10,246824,22,8062.499881,2687.499881,0
74,10,27,246824,25,2687.499881,8062.499881,0
74,27,10,246824,25,8062.499881,2687.499881,0
74,11,15,246824,27,4031.249881,3224.999881,0
74,15,11,246824,27,3224.999881,4031.249881,0
74,11,26,246824,25,4031.249881,8062.499881,0
74,26,11,246824,25,8062.499881,4031.249881,0
74,12,23,246824,33,4031.249881,8062.499881,0
74,23,12,246824,33,8062.499881,4031.249881,0
74,12,24,246824,36,4031.249881,8062.499881,0
74,24,12,246824,36,8062.499881,4031.249881,0
74,14,17,246824,23,5374.999881,8062.499881,0
74,17,14,246824,23,8062.499881,5374.999881,0
74,15,22,246824,43,3224.999881,8062.499881,0
74,22,15,246824,43,8062.499881,3224.999881,0
74,15,28,246824,46,3224.999881,8062.499881,0
74,28,15,246824,46,8062.499881,3224.999881,0
74,15,29,246824,34,3224.999881,8062.499881,0
74,29,15,246824,34,8062.499881,3224.999881,0
74,16,25,246824,43,5374.999881,8062.499881,0
74,25,16,246824,43,8062.499881,5374.999881,0
75,0,1,246824,8,1791.666547,1465.908972,0
75,1,0,246824,8,1465.908972,1791.666547,0
75,0,2,246824,11,1791.666547,2015.624881,0
75,2,0,246824,11,2015.624881,1791.666547,0
75,0,3,246824,7,1791.666547,2687.499881,0
75,3,0,246824,7,2687.499881,1791.666547,0
75,0,8,246824,8,1791.666547,8062.499881,0
75,8,0,246824,8,8062.499881,1791.666547,0
75,0,10,246824,10,1791.666547,2687.499881,0
75,10,0,246824,10,2687.499881,1791.666547,0
75,0,12,246824,6,1791.666547,4031.249881,0
75,12,0,246824,6,4031.249881,1791.666547,0
75,0,15,246824,27,1791.666547,3224.999881,0
75,15,0,246824,27,3224.999881,1791.666547,0
75,0,19,246824,25,1791.666547,8062.499881,0
75,19,0,246824,25,8062.499881,1791.666547,0
75,0,22,246824,34,1791.666547,8062.499881,0
75,22,0,246824,34,8062.499881,1791.666547,0
75,1,4,246824,11,1465.908972,8062.499881,0
75,4,1,246824,11,8062.499881,1465.908972,0
75,1,7,246824,10,1465.908972,8062.499881,0
75,7,1,246824,10,8062.499881,1465.908972,0
75,1,8,246824,9,1465.908972,8062.499881,0
75,8,1,246824,9,8062.499881,1465.908972,0
75,1,9,246824,10,1465.908972,5374.999881,0
75,9,1,246824,10,5374.999881,1465.908972,0
75,1,11,246824,8,1465.908972,4031.249881,0
75,11,1,246824,8,4031.249881,1465.908972,0
75,1,13,246824,9,1465.908972,8062.499881,0
75,13,1,246824,9,8062.499881,1465.908972,0
75,1,19,246824,26,1465.908972,8062.499881,0
75,19,1,246824,26,8062.499881,1465.908972,0
75,1,20,246824,40,1465.908972,8062.499881,0
75,20,1,246824,40,8062.499881,1465.908972,0
75,1,26,246824,26,1465.908972,8062.499881,0
75,26,1,246824,26,8062.499881,1465.908972,0
75,1,28,246824,38,1465.908972,8062.499881,0
75,28,1,246824,38,8062.499881,1465.908972,0
75,2,6,246824,13,2015.624881,2687.499881,0
75,6,2,246824,13,2687.499881,2015.624881,0
75,2,16,246824,36,2015.624881,5374.999881,0
75,16,2,246824,36,5374.999881,2015.624881,0
75,2,18,246824,22,2015.624881,8062.499881,0
75,18,2,246824,22,8062.499881,2015.624881,0
75,2,21,246824,23,2015.624881,8062.499881,0
75,21,2,246824,23,8062.499881,2015.624881,0
75,2,23,246824,35,2015.624881,8062.499881,0
75,23,2,246824,35,8062.499881,2015.624881,0
75,2,24,246824,38,2015.624881,8062.499881,0
75,24,2,246824,38,8062.499881,2015.624881,0
75,2,29,246824,27,2015.624881,8062.499881,0
75,29,2,246824,27,8062.499881,2015.624881,0
75,3,5,246824,10,2687.499881,8062.499881,0
75,5,3,246824,10,8062.499881,2687.499881,0
75,3,6,246824,10,2687.499881,2687.499881,0
75,6,3,246824,10,2687.499881,2687.499881,0
75,3,12,246824,7,2687.499881,4031.249881,0
75,12,3,246824,7,4031.249881,2687.499881,0
75,3,16,246824,35,2687.499881,5374.999881,0
75,16,3,246824,35,5374.999881,2687.499881,0
75,3,27,246824,24,2687.499881,8062.499881,0
75,27,3,246824,24,8062.499881,2687.499881,0
75,4,14,246824,11,8062.499881,5374.999881,0
75,14,4,246824,11,5374.999881,8062.499881,0
75,5,13,246824,10,8062.499881,8062.499881,0
75,13,5,246824,10,8062.499881,8062.499881,0
75,6,7,246824,11,2687.499881,8062.499881,0
75,7,6,246824,11,8062.499881,2687.499881,0
75,6,20,246824,41,2687.499881,8062.499881,0
75,20,6,246824,41,8062.499881,2687.499881,0
75,6,21,246824,23,2687.499881,8062.499881,0
75,21,6,246824,23,8062.499881,2687.499881,0
75,6,25,246824,29,2687.499881,8062.499881,0
75,25,6,246824,29,8062.499881,2687.499881,0
75,9,10,246824,12,5374.999881,2687.499881,0
75,10,9,246824,12,2687.499881,5374.999881,0
75,9,11,246824,9,5374.999881,4031.249881,0
75,11,9,246824,9,4031.249881,5374.999881,0
75,10,14,246824,11,2687.499881,5374.999881,0
75,14,10,246824,11,5374.999881,2687.499881,0
75,10,17,246824,24,2687.499881,8062.499881,0
75,17,10,246824,24,8062.499881,2687.499881,0
75,10,18,246824,22,2687.499881,8062.499881,0
75,18,10,246824,22,8062.499881,2687.499881,0
75,10,27,246824,25,2687.499881,8062.499881,0
75,27,10,246824,25,8062.499881,2687.499881,0
75,11,15,246824,27,4031.249881,3224.999881,0
75,15,11,246824,27,3224.999881,4031.249881,0
75,11,26,246824,25,4031.249881,8062.499881,0
75,26,11,246824,25,8062.499881,4031.249881,0
75,12,23,246824,33,4031.249881,8062.499881,0
75,23,12,246824,33,8062.499881,4031.249881,0
75,12,24,246824,36,4031.249881,8062.499881,0
75,24,12,246824,36,8062.499881,4031.249881,0
75,14,17,246824,23,5374.999881,8062.499881,0
75,17,14,246824,23,8062.499881,5374.999881,0
75,15,22,246824,43,3224.999881,8062.499881,0
75,22,15,246824,43,8062.499881,3224.999881,0
75,15,28,246824,46,3224.999881,8062.499881,0
75,28,15,246824,46,8062.499881,3224.999881,0
75,15,29,246824,34,3224.999881,8062.499881,0
75,29,15,246824,34,8062.499881,3224.999881,0
75,16,25,246824,43,5374.999881,8062.499881,0
75,25,16,246824,43,8062.499881,5374.999881,0
76,0,2,246824,11,2015.624881,1791.666547,0
76,2,0,246824,11,1791.666547,2015.624881,0
76,0,3,246824,7,2015.624881,2015.624881,0
76,3,0,246824,7,2015.624881,2015.624881,0
76,0,8,246824,8,2015.624881,8062.499881,0
76,8,0,246824,8,8062.499881,2015.624881,0
76,0,10,246824,10,2015.624881,2687.499881,0
76,10,0,246824,10,2687.499881,2015.624881,0
76,0,12,246824,6,2015.624881,4031.249881,0
76,12,0,246824,6,4031.249881,2015.624881,0
76,0,15,246824,27,2015.624881,3224.999881,0
76,15,0,246824,27,3224.999881,2015.624881,0
76,0,19,246824,25,2015.624881,8062.499881,0
76,19,0,246824,25,8062.499881,2015.624881,0
76,0,22,246824,34,2015.624881,8062.499881,0
76,22,0,246824,34,8062.499881,2015.624881,0
76,1,2,246824,12,1343.749881,1791.666547,0
76,2,1,246824,12,1791.666547,1343.749881,0
76,1,3,246824,9,1343.749881,2015.624881,0
76,3,1,246824,9,2015.624881,1343.749881,0
76,1,4,246824,11,1343.749881,5374.999881,0
76,4,1,246824,11,5374.999881,1343.749881,0
76,1,7,246824,10,1343.749881,8062.499881,0
76,7,1,246824,10,8062.499881,1343.749881,0
76,1,8,246824,9,1343.749881,8062.499881,0
76,8,1,246824,9,8062.499881,1343.749881,0
76,1,9,246824,10,1343.749881,5374.999881,0
76,9,1,246824,10,5374.999881,1343.749881,0
76,1,11,246824,8,1343.749881,4031.249881,0
76,11,1,246824,8,4031.249881,1343.749881,0
76,1,13,246824,9,1343.749881,8062.499881,0
76,13,1,246824,9,8062.499881,1343.749881,0
76,1,19,246824,26,1343.749881,8062.499881,0
76,19,1,246824,26,8062.499881,1343.749881,0
76,1,20,246824,40,1343.749881,8062.499881,0
76,20,1,246824,40,8062.499881,1343.749881,0
76,1,26,246824,26,1343.749881,8062.499881,0
76,26,1,246824,26,8062.499881,1343.749881,0
76,1,28,246824,38,1343.749881,8062.499881,0
76,28,1,246824,38,8062.499881,1343.749881,0
76,2,6,246824,13,1791.666547,2687.499881,0
76,6,2,246824,13,2687.499881,1791.666547,0
76,2,16,246824,36,1791.666547,5374.999881,0
76,16,2,246824,36,5374.999881,1791.666547,0
76,2,18,246824,22,1791.666547,8062.499881,0
76,18,2,246824,22,8062.499881,1791.666547,0
76,2,21,246824,23,1791.666547,8062.499881,0
76,21,2,246824,23,8062.499881,1791.666547,0
76,2,23,246824,35,1791.666547,8062.499881,0
76,23,2,246824,35,8062.499881,1791.666547,0
76,2,24,246824,38,1791.666547,8062.499881,0
76,24,2,246824,38,8062.499881,1791.666547,0
76,2,29,246824,27,1791.666547,8062.499881,0
76,29,2,246824,27,8062.499881,1791.666547,0
76,3,4,246824,11,2015.624881,5374.999881,0
76,4,3,246824,11,5374.999881,2015.624881,0
76,3,5,246824,10,2015.624881,8062.499881,0
76,5,3,246824,10,8062.499881,2015.624881,0
76,3,6,246824,10,2015.624881,2687.499881,0
76,6,3,246824,10,2687.499881,2015.624881,0
76,3,12,246824,7,2015.624881,4031.249881,0
76,12,3,246824,7,4031.249881,2015.624881,0
76,3,16,246824,35,2015.624881,5374.999881,0
76,16,3,246824,35,5374.999881,2015.624881,0
76,3,27,246824,24,2015.624881,8062.499881,0
76,27,3,246824,24,8062.499881,2015.624881,0
76,4,14,246824,11,5374.999881,5374.999881,0
76,14,4,246824,11,5374.999881,5374.999881,0
76,5,13,246824,10,8062.499881,8062.499881,0
76,13,5,246824,10,8062.499881,8062.499881,0
76,6,7,246824,11,2687.499881,8062.499881,0
76,7,6,246824,11,8062.499881,2687.499881,0
76,6,20,246824,41,2687.499881,8062.499881,0
76,20,6,246824,41,8062.499881,2687.499881,0
76,6,21,246824,23,2687.499881,8062.499881,0
76,21,6,246824,23,8062.499881,2687.499881,0
76,6,25,246824,29,2687.499881,8062.499881,0
76,25,6,246824,29,8062.499881,2687.499881,0
76,9,10,246824,12,5374.999881,2687.499881,0
76,10,9,246824,12,2687.499881,5374.999881,0
76,9,11,246824,9,5374.999881,4031.249881,0
76,11,9,246824,9,4031.249881,5374.999881,0
76,10,14,246824,11,2687.499881,5374.999881,0
76,14,10,246824,11,5374.999881,2687.499881,0
76,10,17,246824,24,2687.499881,8062.499881,0
76,17,10,246824,24,8062.499881,2687.499881,0
76,10,18,246824,22,2687.499881,8062.499881,0
76,18,10,246824,22,8062.499881,2687.499881,0
76,10,27,246824,25,2687.499881,8062.499881,0
76,27,10,246824,25,8062.499881,2687.499881,0
76,11,15,246824,27,4031.249881,3224.999881,0
76,15,11,246824,27,3224.999881,4031.249881,0
76,11,26,246824,25,4031.249881,8062.499881,0
76,26,11,246824,25,8062.499881,4031.249881,0
76,12,23,246824,33,4031.249881,8062.499881,0
76,23,12,246824,33,8062.499881,4031.249881,0
76,12,24,246824,36,4031.249881,8062.499881,0
76,24,12,246824,36,8062.499881,4031.249881,0
76,14,17,246824,23,5374.999881,8062.499881,0
76,17,14,246824,23,8062.499881,5374.999881,0
76,15,22,246824,43,3224.999881,8062.499881,0
76,22,15,246824,43,8062.499881,3224.999881,0
76,15,28,246824,46,3224.999881,8062.499881,0
76,28,15,246824,46,8062.499881,3224.999881,0
76,15,29,246824,34,3224.999881,8062.499881,0
76,29,15,246824,34,8062.499881,3224.999881,0
76,16,25,246824,43,5374.999881,8062.499881,0
76,25,16,246824,43,8062.499881,5374.999881,0
77,0,1,246824,8,2687.499881,1151.785595,0
77,1,0,246824,8,1151.785595,2687.499881,0
77,0,8,246824,8,2687.499881,8062.499881,0
77,8,0,246824,8,8062.499881,2687.499881,0
77,0,12,246824,6,2687.499881,4031.249881,0
77,12,0,246824,6,4031.249881,2687.499881,0
77,0,15,246824,27,2687.499881,3224.999881,0
77,15,0,246824,27,3224.999881,2687.499881,0
77,0,19,246824,25,2687.499881,8062.499881,0
77,19,0,246824,25,8062.499881,2687.499881,0
77,0,22,246824,34,2687.499881,8062.499881,0
77,22,0,246824,34,8062.499881,2687.499881,0
77,1,2,246824,12,1151.785595,2015.624881,0
77,2,1,246824,12,2015.624881,1151.785595,0
77,1,3,246824,9,1151.785595,2687.499881,0
77,3,1,246824,9,2687.499881,1151.785595,0
77,1,4,246824,11,1151.785595,5374.999881,0
77,4,1,246824,11,5374.999881,1151.785595,0
77,1,5,246824,11,1151.785595,8062.499881,0
77,5,1,246824,11,8062.499881,1151.785595,0
77,1,7,246824,10,1151.785595,8062.499881,0
77,7,1,246824,10,8062.499881,1151.785595,0
77,1,8,246824,9,1151.785595,8062.499881,0
77,8,1,246824,9,8062.499881,1151.785595,0
77,1,9,246824,10,1151.785595,5374.999881,0
77,9,1,246824,10,5374.999881,1151.785595,0
77,1,11,246824,8,1151.785595,4031.249881,0
77,11,1,246824,8,4031.249881,1151.785595,0
77,1,13,246824,9,1151.785595,8062.499881,0
77,13,1,246824,9,8062.499881,1151.785595,0
77,1,19,246824,26,1151.785595,8062.499881,0
77,19,1,246824,26,8062.499881,1151.785595,0
77,1,20,246824,40,1151.785595,8062.499881,0
77,20,1,246824,40,8062.499881,1151.785595,0
77,1,26,246824,26,1151.785595,8062.499881,0
77,26,1,246824,26,8062.499881,1151.785595,0
77,1,28,246824,38,1151.785595,8062.499881,0
77,28,1,246824,38,8062.499881,1151.785595,0
77,2,6,246824,13,2015.624881,2687.499881,0
77,6,2,246824,13,2687.499881,2015.624881,0
77,2,16,246824,36,2015.624881,5374.999881,0
77,16,2,246824,36,5374.999881,2015.624881,0
77,2,18,246824,22,2015.624881,8062.499881,0
77,18,2,246824,22,8062.499881,2015.624881,0
77,2,21,246824,23,2015.624881,8062.499881,0
77,21,2,246824,23,8062.499881,2015.624881,0
77,2,23,246824,35,2015.624881,8062.499881,0
77,23,2,246824,35,8062.499881,2015.624881,0
77,2,24,246824,38,2015.624881,8062.499881,0
77,24,2,246824,38,8062.499881,2015.624881,0
77,2,29,246824,27,2015.624881,8062.499881,0
77,29,2,246824,27,8062.499881,2015.624881,0
77,3,4,246824,11,2687.499881,5374.999881,0
77,4,3,246824,11,5374.999881,2687.499881,0
77,3,6,246824,10,2687.499881,2687.499881,0
77,6,3,246824,10,2687.499881,2687.499881,0
77,3,12,246824,7,2687.499881,4031.249881,0
77,12,3,246824,7,4031.249881,2687.499881,0
77,3,16,246824,35,2687.499881,5374.999881,0
77,16,3,246824,35,5374.999881,2687.499881,0
77,3,27,246824,24,2687.499881,8062.499881,0
77,27,3,246824,24,8062.499881,2687.499881,0
77,4,14,246824,11,5374.999881,5374.999881,0
77,14,4,246824,11,5374.999881,5374.999881,0
77,5,13,246824,10,8062.499881,8062.499881,0
77,13,5,246824,10,8062.499881,8062.499881,0
77,6,7,246824,11,2687.499881,8062.499881,0
77,7,6,246824,11,8062.499881,2687.499881,0
77,6,20,246824,41,2687.499881,8062.499881,0
77,20,6,246824,41,8062.499881,2687.499881,0
77,6,21,246824,23,2687.499881,8062.499881,0
77,21,6,246824,23,8062.499881,2687.499881,0
77,6,25,246824,29,2687.499881,8062.499881,0
77,25,6,246824,29,8062.499881,2687.499881,0
77,9,10,246824,12,5374.999881,3224.999881,0
77,10,9,246824,12,3224.999881,5374.999881,0
77,9,11,246824,9,5374.999881,4031.249881,0
77,11,9,246824,9,4031.249881,5374.999881,0
77,10,14,246824,11,3224.999881,5374.999881,0
77,14,10,246824,11,5374.999881,3224.999881,0
77,10,17,246824,24,3224.999881,8062.499881,0
77,17,10,246824,24,8062.499881,3224.999881,0
77,10,18,246824,22,3224.999881,8062.499881,0
77,18,10,246824,22,8062.499881,3224.999881,0
77,10,27,246824,25,3224.999881,8062.499881,0
77,27,10,246824,25,8062.499881,3224.999881,0
77,11,15,246824,27,4031.249881,3224.999881,0
77,15,11,246824,27,3224.999881,4031.249881,0
77,11,26,246824,25,4031.249881,8062.499881,0
77,26,11,246824,25,8062.499881,4031.249881,0
77,12,23,246824,33,4031.249881,8062.499881,0
77,23,12,246824,33,8062.499881,4031.249881,0
77,12,24,246824,36,4031.249881,8062.499881,0
77,24,12,246824,36,8062.499881,4031.249881,0
77,14,17,246824,23,5374.999881,8062.499881,0
77,17,14,246824,23,8062.499881,5374.999881,0
77,15,22,246824,43,3224.999881,8062.499881,0
77,22,15,246824,43,8062.499881,3224.999881,0
77,15,28,246824,46,3224.999881,8062.499881,0
77,28,15,246824,46,8062.499881,3224.999881,0
77,15,29,246824,34,3224.999881,8062.499881,0
77,29,15,246824,34,8062.499881,3224.999881,0
77,16,25,246824,43,5374.999881,8062.499881,0
77,25,16,246824,43,8062.499881,5374.999881,0
78,0,1,246824,8,2015.624881,1151.785595,0
78,1,0,246824,8,1151.785595,2015.624881,0
78,0,2,246824,11,2015.624881,1791.666547,0
78,2,0,246824,11,1791.666547,2015.624881,0
78,0,8,246824,8,2015.624881,8062.499881,0
78,8,0,246824,8,8062.499881,2015.624881,0
78,0,10,246824,10,2015.624881,2687.499881,0
78,10,0,246824,10,2687.499881,2015.624881,0
78,0,12,246824,6,2015.624881,4031.249881,0
78,12,0,246824,6,4031.249881,2015.624881,0
78,0,15,246824,27,2015.624881,3224.999881,0
78,15,0,246824,27,3224.999881,2015.624881,0
78,0,19,246824,25,2015.624881,8062.499881,0
78,19,0,246824,25,8062.499881,2015.624881,0
78,0,22,246824,34,2015.624881,8062.499881,0
78,22,0,246824,34,8062.499881,2015.624881,0
78,1,2,246824,12,1151.785595,1791.666547,0
78,2,1,246824,12,1791.666547,1151.785595,0
78,1,3,246824,9,1151.785595,2687.499881,0
78,3,1,246824,9,2687.499881,1151.785595,0
78,1,4,246824,11,1151.785595,8062.499881,0
78,4,1,246824,11,8062.499881,1151.785595,0
78,1,5,246824,11,1151.785595,5374.999881,0
78,5,1,246824,11,5374.999881,1151.785595,0
78,1,7,246824,10,1151.785595,8062.499881,0
78,7,1,246824,10,8062.499881,1151.785595,0
78,1,8,246824,9,1151.785595,8062.499881,0
78,8,1,246824,9,8062.499881,1151.785595,0
78,1,9,246824,10,1151.785595,5374.999881,0
78,9,1,246824,10,5374.999881,1151.785595,0
78,1,11,246824,8,1151.785595,4031.249881,0
78,11,1,246824,8,4031.249881,1151.785595,0
78,1,13,246824,9,1151.785595,8062.499881,0
78,13,1,246824,9,8062.499881,1151.785595,0
78,1,19,246824,26,1151.785595,8062.499881,0
78,19,1,246824,26,8062.499881,1151.785595,0
78,1,20,246824,40,1151.785595,8062.499881,0
78,20,1,246824,40,8062.499881,1151.785595,0
78,1,26,246824,26,1151.785595,8062.499881,0
78,26,1,246824,26,8062.499881,1151.785595,0
78,1,28,246824,38,1151.785595,8062.499881,0
78,28,1,246824,38,8062.499881,1151.785595,0
78,2,6,246824,13,1791.666547,2687.499881,0
78,6,2,246824,13,2687.499881,1791.666547,0
78,2,16,246824,36,1791.666547,5374.999881,0
78,16,2,246824,36,5374.999881,1791.666547,0
78,2,18,246824,22,1791.666547,8062.499881,0
78,18,2,246824,22,8062.499881,1791.666547,0
78,2,21,246824,23,1791.666547,8062.499881,0
78,21,2,246824,23,8062.499881,1791.666547,0
78,2,23,246824,35,1791.666547,8062.499881,0
78,23,2,246824,35,8062.499881,1791.666547,0
78,2,24,246824,38,1791.666547,8062.499881,0
78,24,2,246824,38,8062.499881,1791.666547,0
78,2,29,246824,27,1791.666547,8062.499881,0
78,29,2,246824,27,8062.499881,1791.666547,0
78,3,5,246824,10,2687.499881,5374.999881,0
78,5,3,246824,10,5374.999881,2687.499881,0
78,3,6,246824,10,2687.499881,2687.499881,0
78,6,3,246824,10,2687.499881,2687.499881,0
78,3,12,246824,7,2687.499881,4031.249881,0
78,12,3,246824,7,4031.249881,2687.499881,0
78,3,16,246824,35,2687.499881,5374.999881,0
78,16,3,246824,35,5374.999881,2687.499881,0
78,3,27,246824,24,2687.499881,8062.499881,0
78,27,3,246824,24,8062.499881,2687.499881,0
78,4,14,246824,11,8062.499881,5374.999881,0
78,14,4,246824,11,5374.999881,8062.499881,0
78,5,13,246824,10,5374.999881,8062.499881,0
78,13,5,246824,10,8062.499881,5374.999881,0
78,6,7,246824,11,2687.499881,8062.499881,0
78,7,6,246824,11,8062.499881,2687.499881,0
78,6,20,246824,41,2687.499881,8062.499881,0
78,20,6,246824,41,8062.499881,2687.499881,0
78,6,21,246824,23,2687.499881,8062.499881,0
78,21,6,246824,23,8062.499881,2687.499881,0
78,6,25,246824,29,2687.499881,8062.499881,0
78,25,6,246824,29,8062.499881,2687.499881,0
78,9,10,246824,12,5374.999881,2687.499881,0
78,10,9,246824,12,2687.499881,5374.999881,0
78,9,11,246824,9,5374.999881,4031.249881,0
78,11,9,246824,9,4031.249881,5374.999881,0
78,10,14,246824,11,2687.499881,5374.999881,0
78,14,10,246824,11,5374.999881,2687.499881,0
78,10,17,246824,24,2687.499881,8062.499881,0
78,17,10,246824,24,8062.499881,2687.499881,0
78,10,18,246824,22,2687.499881,8062.499881,0
78,18,10,246824,22,8062.499881,2687.499881,0
78,10,27,246824,25,2687.499881,8062.499881,0
78,27,10,246824,25,8062.499881,2687.499881,0
78,11,15,246824,27,4031.249881,3224.999881,0
78,15,11,246824,27,3224.999881,4031.249881,0
78,11,26,246824,25,4031.249881,8062.499881,0
78,26,11,246824,25,8062.499881,4031.249881,0
78,12,23,246824,33,4031.249881,8062.499881,0
78,23,12,246824,33,8062.499881,4031.249881,0
78,12,24,246824,36,4031.249881,8062.499881,0
78,24,12,246824,36,8062.499881,4031.249881,0
78,14,17,246824,23,5374.999881,8062.499881,0
78,17,14,246824,23,8062.499881,5374.999881,0
78,15,22,246824,43,3224.999881,8062.499881,0
78,22,15,246824,43,8062.499881,3224.999881,0
78,15,28,246824,46,3224.999881,8062.499881,0
78,28,15,246824,46,8062.499881,3224.999881,0
78,15,29,246824,34,3224.999881,8062.499881,0
78,29,15,246824,34,8062.499881,3224.999881,0
78,16,25,246824,43,5374.999881,8062.499881,0
78,25,16,246824,43,8062.499881,5374.999881,0
79,0,1,246824,8,2015.624881,1151.785595,0
79,1,0,246824,8,1151.785595,2015.624881,0
79,0,2,246824,11,2015.624881,2015.624881,0
79,2,0,246824,11,2015.624881,2015.624881,0
79,0,3,246824,7,2015.624881,2015.624881,0
79,3,0,246824,7,2015.624881,2015.624881,0
79,0,8,246824,8,2015.624881,8062.499881,0
79,8,0,246824,8,8062.499881,2015.624881,0
79,0,12,246824,6,2015.624881,4031.249881,0
79,12,0,246824,6,4031.249881,2015.624881,0
79,0,15,246824,27,2015.624881,3224.999881,0
79,15,0,246824,27,3224.999881,2015.624881,0
79,0,19,246824,25,2015.624881,8062.499881,0
79,19,0,246824,25,8062.499881,2015.624881,0
79,0,22,246824,34,2015.624881,8062.499881,0
79,22,0,246824,34,8062.499881,2015.624881,0
79,1,2,246824,12,1151.785595,2015.624881,0
79,2,1,246824,12,2015.624881,1151.785595,0
79,1,3,246824,9,1151.785595,2015.624881,0
79,3,1,246824,9,2015.624881,1151.785595,0
79,1,4,246824,11,1151.785595,5374.999881,0
79,4,1,246824,11,5374.999881,1151.785595,0
79,1,5,246824,11,1151.785595,5374.999881,0
79,5,1,246824,11,5374.999881,1151.785595,0
79,1,7,246824,10,1151.785595,8062.499881,0
79,7,1,246824,10,8062.499881,1151.785595,0
79,1,8,246824,9,1151.785595,8062.499881,0
79,8,1,246824,9,8062.499881,1151.785595,0
79,1,9,246824,10,1151.785595,5374.999881,0
79,9,1,246824,10,5374.999881,1151.785595,0
79,1,11,246824,8,1151.785595,4031.249881,0
79,11,1,246824,8,4031.249881,1151.785595,0
79,1,13,246824,9,1151.785595,8062.499881,0
79,13,1,246824,9,8062.499881,1151.785595,0
79,1,19,246824,26,1151.785595,8062.499881,0
79,19,1,246824,26,8062.499881,1151.785595,0
79,1,20,246824,40,1151.785595,8062.499881,0
79,20,1,246824,40,8062.499881,1151.785595,0
79,1,26,246824,26,1151.785595,8062.499881,0
79,26,1,246824,26,8062.499881,1151.785595,0
79,1,28,246824,38,1151.785595,8062.499881,0
79,28,1,246824,38,8062.499881,1151.785595,0
79,2,16,246824,36,2015.624881,5374.999881,0
79,16,2,246824,36,5374.999881,2015.624881,0
79,2,18,246824,22,2015.624881,8062.499881,0
79,18,2,246824,22,8062.499881,2015.624881,0
79,2,21,246824,23,2015.624881,8062.499881,0
79,21,2,246824,23,8062.499881,2015.624881,0
79,2,23,246824,35,2015.624881,8062.499881,0
79,23,2,246824,35,8062.499881,2015.624881,0
79,2,24,246824,38,2015.624881,8062.499881,0
79,24,2,246824,38,8062.499881,2015.624881,0
79,2,29,246824,27,2015.624881,8062.499881,0
79,29,2,246824,27,8062.499881,2015.624881,0
79,3,4,246824,11,2015.624881,5374.999881,0
79,4,3,246824,11,5374.999881,2015.624881,0
79,3,5,246824,10,2015.624881,5374.999881,0
79,5,3,246824,10,5374.999881,2015.624881,0
79,3,6,246824,10,2015.624881,3224.999881,0
79,6,3,246824,10,3224.999881,2015.624881,0
79,3,12,246824,7,2015.624881,4031.249881,0
79,12,3,246824,7,4031.249881,2015.624881,0
79,3,16,246824,35,2015.624881,5374.999881,0
79,16,3,246824,35,5374.999881,2015.624881,0
79,3,27,246824,24,2015.624881,8062.499881,0
79,27,3,246824,24,8062.499881,2015.624881,0
79,4,14,246824,11,5374.999881,5374.999881,0
79,14,4,246824,11,5374.999881,5374.999881,0
79,5,13,246824,10,5374.999881,8062.499881,0
79,13,5,246824,10,8062.499881,5374.999881,0
79,6,7,246824,11,3224.999881,8062.499881,0
79,7,6,246824,11,8062.499881,3224.999881,0
79,6,20,246824,41,3224.999881,8062.499881,0
79,20,6,246824,41,8062.499881,3224.999881,0
79,6,21,246824,23,3224.999881,8062.499881,0
79,21,6,246824,23,8062.499881,3224.999881,0
79,6,25,246824,29,3224.999881,8062.499881,0
79,25,6,246824,29,8062.499881,3224.999881,0
79,9,10,246824,12,5374.999881,3224.999881,0
79,10,9,246824,12,3224.999881,5374.999881,0
79,9,11,246824,9,5374.999881,4031.249881,0
79,11,9,246824,9,4031.249881,5374.999881,0
79,10,14,246824,11,3224.999881,5374.999881,0
79,14,10,246824,11,5374.999881,3224.999881,0
79,10,17,246824,24,3224.999881,8062.499881,0
79,17,10,246824,24,8062.499881,3224.999881,0
79,10,18,246824,22,3224.999881,8062.499881,0
79,18,10,246824,22,8062.499881,3224.999881,0
79,10,27,246824,25,3224.999881,8062.499881,0
79,27,10,246824,25,8062.499881,3224.999881,0
79,11,15,246824,27,4031.249881,3224.999881,0
79,15,11,246824,27,3224.999881,4031.249881,0
79,11,26,246824,25,4031.249881,8062.499881,0
79,26,11,246824,25,8062.499881,4031.249881,0
79,12,23,246824,33,4031.249881,8062.499881,0
79,23,12,246824,33,8062.499881,4031.249881,0
79,12,24,246824,36,4031.249881,8062.499881,0
79,24,12,246824,36,8062.499881,4031.249881,0
79,14,17,246824,23,5374.999881,8062.499881,0
79,17,14,246824,23,8062.499881,5374.999881,0
79,15,22,246824,43,3224.999881,8062.499881,0
79,22,15,246824,43,8062.499881,3224.999881,0
79,15,28,246824,46,3224.999881,8062.499881,0
79,28,15,246824,46,8062.499881,3224.999881,0
79,15,29,246824,34,3224.999881,8062.499881,0
79,29,15,246824,34,8062.499881,3224.999881,0
79,16,25,246824,43,5374.999881,8062.499881,0
79,25,16,246824,43,8062.499881,5374.999881,0
80,0,2,246824,11,2303.571309,1791.666547,0
80,2,0,246824,11,1791.666547,2303.571309,0
80,0,8,246824,8,2303.571309,8062.499881,0
80,8,0,246824,8,8062.499881,2303.571309,0
80,0,10,246824,10,2303.571309,2687.499881,0
80,10,0,246824,10,2687.499881,2303.571309,0
80,0,12,246824,6,2303.571309,4031.249881,0
80,12,0,246824,6,4031.249881,2303.571309,0
80,0,15,246824,27,2303.571309,3224.999881,0
80,15,0,246824,27,3224.999881,2303.571309,0
80,0,19,246824,25,2303.571309,8062.499881,0
80,19,0,246824,25,8062.499881,2303.571309,0
80,0,22,246824,34,2303.571309,8062.499881,0
80,22,0,246824,34,8062.499881,2303.571309,0
80,1,2,246824,12,1465.908972,1791.666547,0
80,2,1,246824,12,1791.666547,1465.908972,0
80,1,4,246824,11,1465.908972,8062.499881,0
80,4,1,246824,11,8062.499881,1465.908972,0
80,1,7,246824,10,1465.908972,8062.499881,0
80,7,1,246824,10,8062.499881,1465.908972,0
80,1,8,246824,9,1465.908972,8062.499881,0
80,8,1,246824,9,8062.499881,1465.908972,0
80,1,9,246824,10,1465.908972,5374.999881,0
80,9,1,246824,10,5374.999881,1465.908972,0
80,1,11,246824,8,1465.908972,4031.249881,0
80,11,1,246824,8,4031.249881,1465.908972,0
80,1,13,246824,9,1465.908972,8062.499881,0
80,13,1,246824,9,8062.499881,1465.908972,0
80,1,19,246824,26,1465.908972,8062.499881,0
80,19,1,246824,26,8062.499881,1465.908972,0
80,1,20,246824,40,1465.908972,8062.499881,0
80,20,1,246824,40,8062.499881,1465.908972,0
80,1,26,246824,26,1465.908972,8062.499881,0
80,26,1,246824,26,8062.499881,1465.908972,0
80,1,28,246824,38,1465.908972,8062.499881,0
80,28,1,246824,38,8062.499881,1465.908972,0
80,2,6,246824,13,1791.666547,2687.499881,0
80,6,2,246824,13,2687.499881,1791.666547,0
80,2,16,246824,36,1791.666547,5374.999881,0
80,16,2,246824,36,5374.999881,1791.666547,0
80,2,18,246824,22,1791.666547,8062.499881,0
80,18,2,246824,22,8062.499881,1791.666547,0
80,2,21,246824,23,1791.666547,8062.499881,0
80,21,2,246824,23,8062.499881,1791.666547,0
80,2,23,246824,35,1791.666547,8062.499881,0
80,23,2,246824,35,8062.499881,1791.666547,0
80,2,24,246824,38,1791.666547,8062.499881,0
80,24,2,246824,38,8062.499881,1791.666547,0
80,2,29,246824,27,1791.666547,8062.499881,0
80,29,2,246824,27,8062.499881,1791.666547,0
80,3,5,246824,10,3224.999881,8062.499881,0
80,5,3,246824,10,8062.499881,3224.999881,0
80,3,6,246824,10,3224.999881,2687.499881,0
80,6,3,246824,10,2687.499881,3224.999881,0
80,3,12,246824,7,3224.999881,4031.249881,0
80,12,3,246824,7,4031.249881,3224.999881,0
80,3,16,246824,35,3224.999881,5374.999881,0
80,16,3,246824,35,5374.999881,3224.999881,0
80,3,27,246824,24,3224.999881,8062.499881,0
80,27,3,246824,24,8062.499881,3224.999881,0
80,4,14,246824,11,8062.499881,5374.999881,0
80,14,4,246824,11,5374.999881,8062.499881,0
80,5,13,246824,10,8062.499881,8062.499881,0
80,13,5,246824,10,8062.499881,8062.499881,0
80,6,7,246824,11,2687.499881,8062.499881,0
80,7,6,246824,11,8062.499881,2687.499881,0
80,6,20,246824,41,2687.499881,8062.499881,0
80,20,6,246824,41,8062.499881,2687.499881,0
80,6,21,246824,23,2687.499881,8062.499881,0
80,21,6,246824,23,8062.499881,2687.499881,0
80,6,25,246824,29,2687.499881,8062.499881,0
80,25,6,246824,29,8062.499881,2687.499881,0
80,9,10,246824,12,5374.999881,2687.499881,0
80,10,9,246824,12,2687.499881,5374.999881,0
80,9,11,246824,9,5374.999881,4031.249881,0
80,11,9,246824,9,4031.249881,5374.999881,0
80,10,14,246824,11,2687.499881,5374.999881,0
80,14,10,246824,11,5374.999881,2687.499881,0
80,10,17,246824,24,2687.499881,8062.499881,0
80,17,10,246824,24,8062.499881,2687.499881,0
80,10,18,246824,22,2687.499881,8062.499881,0
80,18,10,246824,22,8062.499881,2687.499881,0
80,10,27,246824,25,2687.499881,8062.499881,0
80,27,10,246824,25,8062.499881,2687.499881,0
80,11,15,246824,27,4031.249881,3224.999881,0
80,15,11,246824,27,3224.999881,4031.249881,0
80,11,26,246824,25,4031.249881,8062.499881,0
80,26,11,246824,25,8062.499881,4031.249881,0
80,12,23,246824,33,4031.249881,8062.499881,0
80,23,12,246824,33,8062.499881,4031.249881,0
80,12,24,246824,36,4031.249881,8062.499881,0
80,24,12,246824,36,8062.499881,4031.249881,0
80,14,17,246824,23,5374.999881,8062.499881,0
80,17,14,246824,23,8062.499881,5374.999881,0
80,15,22,246824,43,3224.999881,8062.499881,0
80,22,15,246824,43,8062.499881,3224.999881,0
80,15,28,246824,46,3224.999881,8062.499881,0
80,28,15,246824,46,8062.499881,3224.999881,0
80,15,29,246824,34,3224.999881,8062.499881,0
80,29,15,246824,34,8062.499881,3224.999881,0
80,16,25,246824,43,5374.999881,8062.499881,0
80,25,16,246824,43,8062.499881,5374.999881,0
81,0,1,246824,8,2303.571309,1240.384496,0
81,1,0,246824,8,1240.384496,2303.571309,0
81,0,2,246824,11,2303.571309,1791.666547,0
81,2,0,246824,11,1791.666547,2303.571309,0
81,0,8,246824,8,2303.571309,8062.499881,0
81,8,0,246824,8,8062.499881,2303.571309,0
81,0,12,246824,6,2303.571309,4031.249881,0
81,12,0,246824,6,4031.249881,2303.571309,0
81,0,15,246824,27,2303.571309,3224.999881,0
81,15,0,246824,27,3224.999881,2303.571309,0
81,0,19,246824,25,2303.571309,8062.499881,0
81,19,0,246824,25,8062.499881,2303.571309,0
81,0,22,246824,34,2303.571309,8062.499881,0
81,22,0,246824,34,8062.499881,2303.571309,0
81,1,2,246824,12,1240.384496,1791.666547,0
81,2,1,246824,12,1791.666547,1240.384496,0
81,1,3,246824,9,1240.384496,2303.571309,0
81,3,1,246824,9,2303.571309,1240.384496,0
81,1,4,246824,11,1240.384496,5374.999881,0
81,4,1,246824,11,5374.999881,1240.384496,0
81,1,7,246824,10,1240.384496,8062.499881,0
81,7,1,246824,10,8062.499881,1240.384496,0
81,1,8,246824,9,1240.384496,8062.499881,0
81,8,1,246824,9,8062.499881,1240.384496,0
81,1,9,246824,10,1240.384496,5374.999881,0
81,9,1,246824,10,5374.999881,1240.384496,0
81,1,11,246824,8,1240.384496,4031.249881,0
81,11,1,246824,8,4031.249881,1240.384496,0
81,1,13,246824,9,1240.384496,8062.499881,0
81,13,1,246824,9,8062.499881,1240.384496,0
81,1,19,246824,26,1240.384496,8062.499881,0
81,19,1,246824,26,8062.499881,1240.384496,0
81,1,20,246824,40,1240.384496,8062.499881,0
81,20,1,246824,40,8062.499881,1240.384496,0
81,1,26,246824,26,1240.384496,8062.499881,0
81,26,1,246824,26,8062.499881,1240.384496,0
81,1,28,246824,38,1240.384496,8062.499881,0
81,28,1,246824,38,8062.499881,1240.384496,0
81,2,6,246824,13,1791.666547,2687.499881,0
81,6,2,246824,13,2687.499881,1791.666547,0
81,2,16,246824,36,1791.666547,5374.999881,0
81,16,2,246824,36,5374.999881,1791.666547,0
81,2,18,246824,22,1791.666547,8062.499881,0
81,18,2,246824,22,8062.499881,1791.666547,0
81,2,21,246824,23,1791.666547,8062.499881,0
81,21,2,246824,23,8062.499881,1791.666547,0
81,2,23,246824,35,1791.666547,8062.499881,0
81,23,2,246824,35,8062.499881,1791.666547,0
81,2,24,246824,38,1791.666547,8062.499881,0
81,24,2,246824,38,8062.499881,1791.666547,0
81,2,29,246824,27,1791.666547,8062.499881,0
81,29,2,246824,27,8062.499881,1791.666547,0
81,3,4,246824,11,2303.571309,5374.999881,0
81,4,3,246824,11,5374.999881,2303.571309,0
81,3,5,246824,10,2303.571309,8062.499881,0
81,5,3,246824,10,8062.499881,2303.571309,0
81,3,6,246824,10,2303.571309,2687.499881,0
81,6,3,246824,10,2687.499881,2303.571309,0
81,3,12,246824,7,2303.571309,4031.249881,0
81,12,3,246824,7,4031.249881,2303.571309,0
81,3,16,246824,35,2303.571309,5374.999881,0
81,16,3,246824,35,5374.999881,2303.571309,0
81,3,27,246824,24,2303.571309,8062.499881,0
81,27,3,246824,24,8062.499881,2303.571309,0
81,4,14,246824,11,5374.999881,5374.999881,0
81,14,4,246824,11,5374.999881,5374.999881,0
81,5,13,246824,10,8062.499881,8062.499881,0
81,13,5,246824,10,8062.499881,8062.499881,0
81,6,7,246824,11,2687.499881,8062.499881,0
81,7,6,246824,11,8062.499881,2687.499881,0
81,6,20,246824,41,2687.499881,8062.499881,0
81,20,6,246824,41,8062.499881,2687.499881,0
81,6,21,246824,23,2687.499881,8062.499881,0
81,21,6,246824,23,8062.499881,2687.499881,0
81,6,25,246824,29,2687.499881,8062.499881,0
81,25,6,246824,29,8062.499881,2687.499881,0
81,9,10,246824,12,5374.999881,3224.999881,0
81,10,9,246824,12,3224.999881,5374.999881,0
81,9,11,246824,9,5374.999881,4031.249881,0
81,11,9,246824,9,4031.249881,5374.999881,0
81,10,14,246824,11,3224.999881,5374.999881,0
81,14,10,246824,11,5374.999881,3224.999881,0
81,10,17,246824,24,3224.999881,8062.499881,0
81,17,10,246824,24,8062.499881,3224.999881,0
81,10,18,246824,22,3224.999881,8062.499881,0
81,18,10,246824,22,8062.499881,3224.999881,0
81,10,27,246824,25,3224.999881,8062.499881,0
81,27,10,246824,25,8062.499881,3224.999881,0
81,11,15,246824,27,4031.249881,3224.999881,0
81,15,11,246824,27,3224.999881,4031.249881,0
81,11,26,246824,25,4031.249881,8062.499881,0
81,26,11,246824,25,8062.499881,4031.249881,0
81,12,23,246824,33,4031.249881,8062.499881,0
81,23,12,246824,33,8062.499881,4031.249881,0
81,12,24,246824,36,4031.249881,8062.499881,0
81,24,12,246824,36,8062.499881,4031.249881,0
81,14,17,246824,23,5374.999881,8062.499881,0
81,17,14,246824,23,8062.499881,5374.999881,0
81,15,22,246824,43,3224.999881,8062.499881,0
81,22,15,246824,43,8062.499881,3224.999881,0
81,15,28,246824,46,3224.999881,8062.499881,0
81,28,15,246824,46,8062.499881,3224.999881,0
81,15,29,246824,34,3224.999881,8062.499881,0
81,29,15,246824,34,8062.499881,3224.999881,0
81,16,25,246824,43,5374.999881,8062.499881,0
81,25,16,246824,43,8062.499881,5374.999881,0
82,0,1,246824,8,2303.571309,1151.785595,0
82,1,0,246824,8,1151.785595,2303.571309,0
82,0,8,246824,8,2303.571309,8062.499881,0
82,8,0,246824,8,8062.499881,2303.571309,0
82,0,10,246824,10,2303.571309,2687.499881,0
82,10,0,246824,10,2687.499881,2303.571309,0
82,0,12,246824,6,2303.571309,4031.249881,0
82,12,0,246824,6,4031.249881,2303.571309,0
82,0,15,246824,27,2303.571309,3224.999881,0
82,15,0,246824,27,3224.999881,2303.571309,0
82,0,19,246824,25,2303.571309,8062.499881,0
82,19,0,246824,25,8062.499881,2303.571309,0
82,0,22,246824,34,2303.571309,8062.499881,0
82,22,0,246824,34,8062.499881,2303.571309,0
82,1,2,246824,12,1151.785595,2015.624881,0
82,2,1,246824,12,2015.624881,1151.785595,0
82,1,3,246824,9,1151.785595,2687.499881,0
82,3,1,246824,9,2687.499881,1151.785595,0
82,1,4,246824,11,1151.785595,5374.999881,0
82,4,1,246824,11,5374.999881,1151.785595,0
82,1,5,246824,11,1151.785595,5374.999881,0
82,5,1,246824,11,5374.999881,1151.785595,0
82,1,7,246824,10,1151.785595,8062.499881,0
82,7,1,246824,10,8062.499881,1151.785595,0
82,1,8,246824,9,1151.785595,8062.499881,0
82,8,1,246824,9,8062.499881,1151.785595,0
82,1,9,246824,10,1151.785595,5374.999881,0
82,9,1,246824,10,5374.999881,1151.785595,0
82,1,11,246824,8,1151.785595,4031.249881,0
82,11,1,246824,8,4031.249881,1151.785595,0
82,1,13,246824,9,1151.785595,8062.499881,0
82,13,1,246824,9,8062.499881,1151.785595,0
82,1,19,246824,26,1151.785595,8062.499881,0
82,19,1,246824,26,8062.499881,1151.785595,0
82,1,20,246824,40,1151.785595,8062.499881,0
82,20,1,246824,40,8062.499881,1151.785595,0
82,1,26,246824,26,1151.785595,8062.499881,0
82,26,1,246824,26,8062.499881,1151.785595,0
82,1,28,246824,38,1151.785595,8062.499881,0
82,28,1,246824,38,8062.499881,1151.785595,0
82,2,6,246824,13,2015.624881,3224.999881,0
82,6,2,246824,13,3224.999881,2015.624881,0
82,2,16,246824,36,2015.624881,5374.999881,0
82,16,2,246824,36,5374.999881,2015.624881,0
82,2,18,246824,22,2015.624881,8062.499881,0
82,18,2,246824,22,8062.499881,2015.624881,0
82,2,21,246824,23,2015.624881,8062.499881,0
82,21,2,246824,23,8062.499881,2015.624881,0
82,2,23,246824,35,2015.624881,8062.499881,0
82,23,2,246824,35,8062.499881,2015.624881,0
82,2,24,246824,38,2015.624881,8062.499881,0
82,24,2,246824,38,8062.499881,2015.624881,0
82,2,29,246824,27,2015.624881,8062.499881,0
82,29,2,246824,27,8062.499881,2015.624881,0
82,3,4,246824,11,2687.499881,5374.999881,0
82,4,3,246824,11,5374.999881,2687.499881,0
82,3,5,246824,10,2687.499881,5374.999881,0
82,5,3,246824,10,5374.999881,2687.499881,0
82,3,12,246824,7,2687.499881,4031.249881,0
82,12,3,246824,7,4031.249881,2687.499881,0
82,3,16,246824,35,2687.499881,5374.999881,0
82,16,3,246824,35,5374.999881,2687.499881,0
82,3,27,246824,24,2687.499881,8062.499881,0
82,27,3,246824,24,8062.499881,2687.499881,0
82,4,14,246824,11,5374.999881,5374.999881,0
82,14,4,246824,11,5374.999881,5374.999881,0
82,5,13,246824,10,5374.999881,8062.499881,0
82,13,5,246824,10,8062.499881,5374.999881,0
82,6,7,246824,11,3224.999881,8062.499881,0
82,7,6,246824,11,8062.499881,3224.999881,0
82,6,20,246824,41,3224.999881,8062.499881,0
82,20,6,246824,41,8062.499881,3224.999881,0
82,6,21,246824,23,3224.999881,8062.499881,0
82,21,6,246824,23,8062.499881,3224.999881,0
82,6,25,246824,29,3224.999881,8062.499881,0
82,25,6,246824,29,8062.499881,3224.999881,0
82,9,10,246824,12,5374.999881,2687.499881,0
82,10,9,246824,12,2687.499881,5374.999881,0
82,9,11,246824,9,5374.999881,4031.249881,0
82,11,9,246824,9,4031.249881,5374.999881,0
82,10,14,246824,11,2687.499881,5374.999881,0
82,14,10,246824,11,5374.999881,2687.499881,0
82,10,17,246824,24,2687.499881,8062.499881,0
82,17,10,246824,24,8062.499881,2687.499881,0
82,10,18,246824,22,2687.499881,8062.499881,0
82,18,10,246824,22,8062.499881,2687.499881,0
82,10,27,246824,25,2687.499881,8062.499881,0
82,27,10,246824,25,8062.499881,2687.499881,0
82,11,15,246824,27,4031.249881,3224.999881,0
82,15,11,246824,27,3224.999881,4031.249881,0
82,11,26,246824,25,4031.249881,8062.499881,0
82,26,11,246824,25,8062.499881,4031.249881,0
82,12,23,246824,33,4031.249881,8062.499881,0
82,23,12,246824,33,8062.499881,4031.249881,0
82,12,24,246824,36,4031.249881,8062.499881,0
82,24,12,246824,36,8062.499881,4031.249881,0
82,14,17,246824,23,5374.999881,8062.499881,0
82,17,14,246824,23,8062.499881,5374.999881,0
82,15,22,246824,43,3224.999881,8062.499881,0
82,22,15,246824,43,8062.499881,3224.999881,0
82,15,28,246824,46,3224.999881,8062.499881,0
82,28,15,246824,46,8062.499881,3224.999881,0
82,15,29,246824,34,3224.999881,8062.499881,0
82,29,15,246824,34,8062.499881,3224.999881,0
82,16,25,246824,43,5374.999881,8062.499881,0
82,25,16,246824,43,8062.499881,5374.999881,0
83,0,2,246824,11,2687.499881,1791.666547,0
83,2,0,246824,11,1791.666547,2687.499881,0
83,0,8,246824,8,2687.499881,8062.499881,0
83,8,0,246824,8,8062.499881,2687.499881,0
83,0,12,246824,6,2687.499881,4031.249881,0
83,12,0,246824,6,4031.249881,2687.499881,0
83,0,15,246824,27,2687.499881,3224.999881,0
83,15,0,246824,27,3224.999881,2687.499881,0
83,0,19,246824,25,2687.499881,8062.499881,0
83,19,0,246824,25,8062.499881,2687.499881,0
83,0,22,246824,34,2687.499881,8062.499881,0
83,22,0,246824,34,8062.499881,2687.499881,0
83,1,2,246824,12,1465.908972,1791.666547,0
83,2,1,246824,12,1791.666547,1465.908972,0
83,1,4,246824,11,1465.908972,4031.249881,0
83,4,1,246824,11,4031.249881,1465.908972,0
83,1,7,246824,10,1465.908972,8062.499881,0
83,7,1,246824,10,8062.499881,1465.908972,0
83,1,8,246824,9,1465.908972,8062.499881,0
83,8,1,246824,9,8062.499881,1465.908972,0
83,1,9,246824,10,1465.908972,4031.249881,0
83,9,1,246824,10,4031.249881,1465.908972,0
83,1,11,246824,8,1465.908972,4031.249881,0
83,11,1,246824,8,4031.249881,1465.908972,0
83,1,13,246824,9,1465.908972,8062.499881,0
83,13,1,246824,9,8062.499881,1465.908972,0
83,1,19,246824,26,1465.908972,8062.499881,0
83,19,1,246824,26,8062.499881,1465.908972,0
83,1,20,246824,40,1465.908972,8062.499881,0
83,20,1,246824,40,8062.499881,1465.908972,0
83,1,26,246824,26,1465.908972,8062.499881,0
83,26,1,246824,26,8062.499881,1465.908972,0
83,1,28,246824,38,1465.908972,8062.499881,0
83,28,1,246824,38,8062.499881,1465.908972,0
83,2,6,246824,13,1791.666547,3224.999881,0
83,6,2,246824,13,3224.999881,1791.666547,0
83,2,16,246824,36,1791.666547,5374.999881,0
83,16,2,246824,36,5374.999881,1791.666547,0
83,2,18,246824,22,1791.666547,8062.499881,0
83,18,2,246824,22,8062.499881,1791.666547,0
83,2,21,246824,23,1791.666547,8062.499881,0
83,21,2,246824,23,8062.499881,1791.666547,0
83,2,23,246824,35,1791.666547,8062.499881,0
83,23,2,246824,35,8062.499881,1791.666547,0
83,2,24,246824,38,1791.666547,8062.499881,0
83,24,2,246824,38,8062.499881,1791.666547,0
83,2,29,246824,27,1791.666547,8062.499881,0
83,29,2,246824,27,8062.499881,1791.666547,0
83,3,4,246824,11,3224.999881,4031.249881,0
83,4,3,246824,11,4031.249881,3224.999881,0
83,3,5,246824,10,3224.999881,8062.499881,0
83,5,3,246824,10,8062.499881,3224.999881,0
83,3,12,246824,7,3224.999881,4031.249881,0
83,12,3,246824,7,4031.249881,3224.999881,0
83,3,16,246824,35,3224.999881,5374.999881,0
83,16,3,246824,35,5374.999881,3224.999881,0
83,3,27,246824,24,3224.999881,8062.499881,0
83,27,3,246824,24,8062.499881,3224.999881,0
83,4,9,246824,12,4031.249881,4031.249881,0
83,9,4,246824,12,4031.249881,4031.249881,0
83,4,14,246824,11,4031.249881,5374.999881,0
83,14,4,246824,11,5374.999881,4031.249881,0
83,5,13,246824,10,8062.499881,8062.499881,0
83,13,5,246824,10,8062.499881,8062.499881,0
83,6,7,246824,11,3224.999881,8062.499881,0
83,7,6,246824,11,8062.499881,3224.999881,0
83,6,20,246824,41,3224.999881,8062.499881,0
83,20,6,246824,41,8062.499881,3224.999881,0
83,6,21,246824,23,3224.999881,8062.499881,0
83,21,6,246824,23,8062.499881,3224.999881,0
83,6,25,246824,29,3224.999881,8062.499881,0
83,25,6,246824,29,8062.499881,3224.999881,0
83,9,10,246824,12,4031.249881,3224.999881,0
83,10,9,246824,12,3224.999881,4031.249881,0
83,9,11,246824,9,4031.249881,4031.249881,0
83,11,9,246824,9,4031.249881,4031.249881,0
83,10,14,246824,11,3224.999881,5374.999881,0
83,14,10,246824,11,5374.999881,3224.999881,0
83,10,17,246824,24,3224.999881,8062.499881,0
83,17,10,246824,24,8062.499881,3224.999881,0
83,10,18,246824,22,3224.999881,8062.499881,0
83,18,10,246824,22,8062.499881,3224.999881,0
83,10,27,246824,25,3224.999881,8062.499881,0
83,27,10,246824,25,8062.499881,3224.999881,0
83,11,15,246824,27,4031.249881,3224.999881,0
83,15,11,246824,27,3224.999881,4031.249881,0
83,11,26,246824,25,4031.249881,8062.499881,0
83,26,11,246824,25,8062.499881,4031.249881,0
83,12,23,246824,33,4031.249881,8062.499881,0
83,23,12,246824,33,8062.499881,4031.249881,0
83,12,24,246824,36,4031.249881,8062.499881,0
83,24,12,246824,36,8062.499881,4031.249881,0
83,14,17,246824,23,5374.999881,8062.499881,0
83,17,14,246824,23,8062.499881,5374.999881,0
83,15,22,246824,43,3224.999881,8062.499881,0
83,22,15,246824,43,8062.499881,3224.999881,0
83,15,28,246824,46,3224.999881,8062.499881,0
83,28,15,246824,46,8062.499881,3224.999881,0
83,15,29,246824,34,3224.999881,8062.499881,0
83,29,15,246824,34,8062.499881,3224.999881,0
83,16,25,246824,43,5374.999881,8062.499881,0
83,25,16,246824,43,8062.499881,5374.999881,0
84,0,2,246824,11,2015.624881,1791.666547,0
84,2,0,246824,11,1791.666547,2015.624881,0
84,0,3,246824,7,2015.624881,2015.624881,0
84,3,0,246824,7,2015.624881,2015.624881,0
84,0,8,246824,8,2015.624881,8062.499881,0
84,8,0,246824,8,8062.499881,2015.624881,0
84,0,10,246824,10,2015.624881,2687.499881,0
84,10,0,246824,10,2687.499881,2015.624881,0
84,0,12,246824,6,2015.624881,4031.249881,0
84,12,0,246824,6,4031.249881,2015.624881,0
84,0,15,246824,27,2015.624881,3224.999881,0
84,15,0,246824,27,3224.999881,2015.624881,0
84,0,19,246824,25,2015.624881,8062.499881,0
84,19,0,246824,25,8062.499881,2015.624881,0
84,0,22,246824,34,2015.624881,8062.499881,0
84,22,0,246824,34,8062.499881,2015.624881,0
84,1,2,246824,12,1240.384496,1791.666547,0
84,2,1,246824,12,1791.666547,1240.384496,0
84,1,3,246824,9,1240.384496,2015.624881,0
84,3,1,246824,9,2015.624881,1240.384496,0
84,1,4,246824,11,1240.384496,5374.999881,0
84,4,1,246824,11,5374.999881,1240.384496,0
84,1,5,246824,11,1240.384496,5374.999881,0
84,5,1,246824,11,5374.999881,1240.384496,0
84,1,7,246824,10,1240.384496,8062.499881,0
84,7,1,246824,10,8062.499881,1240.384496,0
84,1,8,246824,9,1240.384496,8062.499881,0
84,8,1,246824,9,8062.499881,1240.384496,0
84,1,9,246824,10,1240.384496,5374.999881,0
84,9,1,246824,10,5374.999881,1240.384496,0
84,1,11,246824,8,1240.384496,4031.249881,0
84,11,1,246824,8,4031.249881,1240.384496,0
84,1,13,246824,9,1240.384496,8062.499881,0
84,13,1,246824,9,8062.499881,1240.384496,0
84,1,19,246824,26,1240.384496,8062.499881,0
84,19,1,246824,26,8062.499881,1240.384496,0
84,1,20,246824,40,1240.384496,8062.499881,0
84,20,1,246824,40,8062.499881,1240.384496,0
84,1,26,246824,26,1240.384496,8062.499881,0
84,26,1,246824,26,8062.499881,1240.384496,0
84,1,28,246824,38,1240.384496,8062.499881,0
84,28,1,246824,38,8062.499881,1240.384496,0
84,2,6,246824,13,1791.666547,2687.499881,0
84,6,2,246824,13,2687.499881,1791.666547,0
84,2,16,246824,36,1791.666547,5374.999881,0
84,16,2,246824,36,5374.999881,1791.666547,0
84,2,18,246824,22,1791.666547,8062.499881,0
84,18,2,246824,22,8062.499881,1791.666547,0
84,2,21,246824,23,1791.666547,8062.499881,0
84,21,2,246824,23,8062.499881,1791.666547,0
84,2,23,246824,35,1791.666547,8062.499881,0
84,23,2,246824,35,8062.499881,1791.666547,0
84,2,24,246824,38,1791.666547,8062.499881,0
84,24,2,246824,38,8062.499881,1791.666547,0
84,2,29,246824,27,1791.666547,8062.499881,0
84,29,2,246824,27,8062.499881,1791.666547,0
84,3,4,246824,11,2015.624881,5374.999881,0
84,4,3,246824,11,5374.999881,2015.624881,0
84,3,5,246824,10,2015.624881,5374.999881,0
84,5,3,246824,10,5374.999881,2015.624881,0
84,3,6,246824,10,2015.624881,2687.499881,0
84,6,3,246824,10,2687.499881,2015.624881,0
84,3,12,246824,7,2015.624881,4031.249881,0
84,12,3,246824,7,4031.249881,2015.624881,0
84,3,16,246824,35,2015.624881,5374.999881,0
84,16,3,246824,35,5374.999881,2015.624881,0
84,3,27,246824,24,2015.624881,8062.499881,0
84,27,3,246824,24,8062.499881,2015.624881,0
84,4,14,246824,11,5374.999881,5374.999881,0
84,14,4,246824,11,5374.999881,5374.999881,0
84,5,13,246824,10,5374.999881,8062.499881,0
84,13,5,246824,10,8062.499881,5374.999881,0
84,6,7,246824,11,2687.499881,8062.499881,0
84,7,6,246824,11,8062.499881,2687.499881,0
84,6,20,246824,41,2687.499881,8062.499881,0
84,20,6,246824,41,8062.499881,2687.499881,0
84,6,21,246824,23,2687.499881,8062.499881,0
84,21,6,246824,23,8062.499881,2687.499881,0
84,6,25,246824,29,2687.499881,8062.499881,0
84,25,6,246824,29,8062.499881,2687.499881,0
84,9,10,246824,12,5374.999881,2687.499881,0
84,10,9,246824,12,2687.499881,5374.999881,0
84,9,11,246824,9,5374.999881,4031.249881,0
84,11,9,246824,9,4031.249881,5374.999881,0
84,10,14,246824,11,2687.499881,5374.999881,0
84,14,10,246824,11,5374.999881,2687.499881,0
84,10,17,246824,24,2687.499881,8062.499881,0
84,17,10,246824,24,8062.499881,2687.499881,0
84,10,18,246824,22,2687.499881,8062.499881,0
84,18,10,246824,22,8062.499881,2687.499881,0
84,10,27,246824,25,2687.499881,8062.499881,0
84,27,10,246824,25,8062.499881,2687.499881,0
84,11,15,246824,27,4031.249881,3224.999881,0
84,15,11,246824,27,3224.999881,4031.249881,0
84,11,26,246824,25,4031.249881,8062.499881,0
84,26,11,246824,25,8062.499881,4031.249881,0
84,12,23,246824,33,4031.249881,8062.499881,0
84,23,12,246824,33,8062.499881,4031.249881,0
84,12,24,246824,36,4031.249881,8062.499881,0
84,24,12,246824,36,8062.499881,4031.249881,0
84,14,17,246824,23,5374.999881,8062.499881,0
84,17,14,246824,23,8062.499881,5374.999881,0
84,15,22,246824,43,3224.999881,8062.499881,0
84,22,15,246824,43,8062.499881,3224.999881,0
84,15,28,246824,46,3224.999881,8062.499881,0
84,28,15,246824,46,8062.499881,3224.999881,0
84,15,29,246824,34,3224.999881,8062.499881,0
84,29,15,246824,34,8062.499881,3224.999881,0
84,16,25,246824,43,5374.999881,8062.499881,0
84,25,16,246824,43,8062.499881,5374.999881,0
85,0,2,246824,11,2015.624881,1791.666547,0
85,2,0,246824,11,1791.666547,2015.624881,0
85,0,3,246824,7,2015.624881,2303.571309,0
85,3,0,246824,7,2303.571309,2015.624881,0
85,0,8,246824,8,2015.624881,8062.499881,0
85,8,0,246824,8,8062.499881,2015.624881,0
85,0,10,246824,10,2015.624881,2687.499881,0
85,10,0,246824,10,2687.499881,2015.624881,0
85,0,12,246824,6,2015.624881,4031.249881,0
85,12,0,246824,6,4031.249881,2015.624881,0
85,0,15,246824,27,2015.624881,3224.999881,0
85,15,0,246824,27,3224.999881,2015.624881,0
85,0,19,246824,25,2015.624881,8062.499881,0
85,19,0,246824,25,8062.499881,2015.624881,0
85,0,22,246824,34,2015.624881,8062.499881,0
85,22,0,246824,34,8062.499881,2015.624881,0
85,1,2,246824,12,1465.908972,1791.666547,0
85,2,1,246824,12,1791.666547,1465.908972,0
85,1,4,246824,11,1465.908972,4031.249881,0
85,4,1,246824,11,4031.249881,1465.908972,0
85,1,7,246824,10,1465.908972,8062.499881,0
85,7,1,246824,10,8062.499881,1465.908972,0
85,1,8,246824,9,1465.908972,8062.499881,0
85,8,1,246824,9,8062.499881,1465.908972,0
85,1,9,246824,10,1465.908972,4031.249881,0
85,9,1,246824,10,4031.249881,1465.908972,0
85,1,11,246824,8,1465.908972,4031.249881,0
85,11,1,246824,8,4031.249881,1465.908972,0
85,1,13,246824,9,1465.908972,8062.499881,0
85,13,1,246824,9,8062.499881,1465.908972,0
85,1,19,246824,26,1465.908972,8062.499881,0
85,19,1,246824,26,8062.499881,1465.908972,0
85,1,20,246824,40,1465.908972,8062.499881,0
85,20,1,246824,40,8062.499881,1465.908972,0
85,1,26,246824,26,1465.908972,8062.499881,0
85,26,1,246824,26,8062.499881,1465.908972,0
85,1,28,246824,38,1465.908972,8062.499881,0
85,28,1,246824,38,8062.499881,1465.908972,0
85,2,6,246824,13,1791.666547,2687.499881,0
85,6,2,246824,13,2687.499881,1791.666547,0
85,2,16,246824,36,1791.666547,5374.999881,0
85,16,2,246824,36,5374.999881,1791.666547,0
85,2,18,246824,22,1791.666547,8062.499881,0
85,18,2,246824,22,8062.499881,1791.666547,0
85,2,21,246824,23,1791.666547,8062.499881,0
85,21,2,246824,23,8062.499881,1791.666547,0
85,2,23,246824,35,1791.666547,8062.499881,0
85,23,2,246824,35,8062.499881,1791.666547,0
85,2,24,246824,38,1791.666547,8062.499881,0
85,24,2,246824,38,8062.499881,1791.666547,0
85,2,29,246824,27,1791.666547,8062.499881,0
85,29,2,246824,27,8062.499881,1791.666547,0
85,3,4,246824,11,2303.571309,4031.249881,0
85,4,3,246824,11,4031.249881,2303.571309,0
85,3,5,246824,10,2303.571309,8062.499881,0
85,5,3,246824,10,8062.499881,2303.571309,0
85,3,6,246824,10,2303.571309,2687.499881,0
85,6,3,246824,10,2687.499881,2303.571309,0
85,3,12,246824,7,2303.571309,4031.249881,0
85,12,3,246824,7,4031.249881,2303.571309,0
85,3,16,246824,35,2303.571309,5374.999881,0
85,16,3,246824,35,5374.999881,2303.571309,0
85,3,27,246824,24,2303.571309,8062.499881,0
85,27,3,246824,24,8062.499881,2303.571309,0
85,4,9,246824,12,4031.249881,4031.249881,0
85,9,4,246824,12,4031.249881,4031.249881,0
85,4,14,246824,11,4031.249881,5374.999881,0
85,14,4,246824,11,5374.999881,4031.249881,0
85,5,13,246824,10,8062.499881,8062.499881,0
85,13,5,246824,10,8062.499881,8062.499881,0
85,6,7,246824,11,2687.499881,8062.499881,0
85,7,6,246824,11,8062.499881,2687.499881,0
85,6,20,246824,41,2687.499881,8062.499881,0
85,20,6,246824,41,8062.499881,2687.499881,0
85,6,21,246824,23,2687.499881,8062.499881,0
85,21,6,246824,23,8062.499881,2687.499881,0
85,6,25,246824,29,2687.499881,8062.499881,0
85,25,6,246824,29,8062.499881,2687.499881,0
85,9,10,246824,12,4031.249881,2687.499881,0
85,10,9,246824,12,2687.499881,4031.249881,0
85,9,11,246824,9,4031.249881,4031.249881,0
85,11,9,246824,9,4031.249881,4031.249881,0
85,10,14,246824,11,2687.499881,5374.999881,0
85,14,10,246824,11,5374.999881,2687.499881,0
85,10,17,246824,24,2687.499881,8062.499881,0
85,17,10,246824,24,8062.499881,2687.499881,0
85,10,18,246824,22,2687.499881,8062.499881,0
85,18,10,246824,22,8062.499881,2687.499881,0
85,10,27,246824,25,2687.499881,8062.499881,0
85,27,10,246824,25,8062.499881,2687.499881,0
85,11,15,246824,27,4031.249881,3224.999881,0
85,15,11,246824,27,3224.999881,4031.249881,0
85,11,26,246824,25,4031.249881,8062.499881,0
85,26,11,246824,25,8062.499881,4031.249881,0
85,12,23,246824,33,4031.249881,8062.499881,0
85,23,12,246824,33,8062.499881,4031.249881,0
85,12,24,246824,36,4031.249881,8062.499881,0
85,24,12,246824,36,8062.499881,4031.249881,0
85,14,17,246824,23,5374.999881,8062.499881,0
85,17,14,246824,23,8062.499881,5374.999881,0
85,15,22,246824,43,3224.999881,8062.499881,0
85,22,15,246824,43,8062.499881,3224.999881,0
85,15,28,246824,46,3224.999881,8062.499881,0
85,28,15,246824,46,8062.499881,3224.999881,0
85,15,29,246824,34,3224.999881,8062.499881,0
85,29,15,246824,34,8062.499881,3224.999881,0
85,16,25,246824,43,5374.999881,8062.499881,0
85,25,16,246824,43,8062.499881,5374.999881,0
86,0,2,246824,11,2303.571309,1791.666547,0
86,2,0,246824,11,1791.666547,2303.571309,0
86,0,8,246824,8,2303.571309,8062.499881,0
86,8,0,246824,8,8062.499881,2303.571309,0
86,0,10,246824,10,2303.571309,2687.499881,0
86,10,0,246824,10,2687.499881,2303.571309,0
86,0,12,246824,6,2303.571309,4031.249881,0
86,12,0,246824,6,4031.249881,2303.571309,0
86,0,15,246824,27,2303.571309,3224.999881,0
86,15,0,246824,27,3224.999881,2303.571309,0
86,0,19,246824,25,2303.571309,8062.499881,0
86,19,0,246824,25,8062.499881,2303.571309,0
86,0,22,246824,34,2303.571309,8062.499881,0
86,22,0,246824,34,8062.499881,2303.571309,0
86,1,2,246824,12,1612.499881,1791.666547,0
86,2,1,246824,12,1791.666547,1612.499881,0
86,1,7,246824,10,1612.499881,8062.499881,0
86,7,1,246824,10,8062.499881,1612.499881,0
86,1,8,246824,9,1612.499881,8062.499881,0
86,8,1,246824,9,8062.499881,1612.499881,0
86,1,9,246824,10,1612.499881,4031.249881,0
86,9,1,246824,10,4031.249881,1612.499881,0
86,1,11,246824,8,1612.499881,4031.249881,0
86,11,1,246824,8,4031.249881,1612.499881,0
86,1,13,246824,9,1612.499881,8062.499881,0
86,13,1,246824,9,8062.499881,1612.499881,0
86,1,19,246824,26,1612.499881,8062.499881,0
86,19,1,246824,26,8062.499881,1612.499881,0
86,1,20,246824,40,1612.499881,8062.499881,0
86,20,1,246824,40,8062.499881,1612.499881,0
86,1,26,246824,26,1612.499881,8062.499881,0
86,26,1,246824,26,8062.499881,1612.499881,0
86,1,28,246824,38,1612.499881,8062.499881,0
86,28,1,246824,38,8062.499881,1612.499881,0
86,2,6,246824,13,1791.666547,2687.499881,0
86,6,2,246824,13,2687.499881,1791.666547,0
86,2,16,246824,36,1791.666547,5374.999881,0
86,16,2,246824,36,5374.999881,1791.666547,0
86,2,18,246824,22,1791.666547,8062.499881,0
86,18,2,246824,22,8062.499881,1791.666547,0
86,2,21,246824,23,1791.666547,8062.499881,0
86,21,2,246824,23,8062.499881,1791.666547,0
86,2,23,246824,35,1791.666547,8062.499881,0
86,23,2,246824,35,8062.499881,1791.666547,0
86,2,24,246824,38,1791.666547,8062.499881,0
86,24,2,246824,38,8062.499881,1791.666547,0
86,2,29,246824,27,1791.666547,8062.499881,0
86,29,2,246824,27,8062.499881,1791.666547,0
86,3,4,246824,11,2687.499881,5374.999881,0
86,4,3,246824,11,5374.999881,2687.499881,0
86,3,5,246824,10,2687.499881,8062.499881,0
86,5,3,246824,10,8062.499881,2687.499881,0
86,3,6,246824,10,2687.499881,2687.499881,0
86,6,3,246824,10,2687.499881,2687.499881,0
86,3,12,246824,7,2687.499881,4031.249881,0
86,12,3,246824,7,4031.249881,2687.499881,0
86,3,16,246824,35,2687.499881,5374.999881,0
86,16,3,246824,35,5374.999881,2687.499881,0
86,3,27,246824,24,2687.499881,8062.499881,0
86,27,3,246824,24,8062.499881,2687.499881,0
86,4,9,246824,12,5374.999881,4031.249881,0
86,9,4,246824,12,4031.249881,5374.999881,0
86,4,14,246824,11,5374.999881,5374.999881,0
86,14,4,246824,11,5374.999881,5374.999881,0
86,5,13,246824,10,8062.499881,8062.499881,0
86,13,5,246824,10,8062.499881,8062.499881,0
86,6,7,246824,11,2687.499881,8062.499881,0
86,7,6,246824,11,8062.499881,2687.499881,0
86,6,20,246824,41,2687.499881,8062.499881,0
86,20,6,246824,41,8062.499881,2687.499881,0
86,6,21,246824,23,2687.499881,8062.499881,0
86,21,6,246824,23,8062.499881,2687.499881,0
86,6,25,246824,29,2687.499881,8062.499881,0
86,25,6,246824,29,8062.499881,2687.499881,0
86,9,10,246824,12,4031.249881,2687.499881,0
86,10,9,246824,12,2687.499881,4031.249881,0
86,9,11,246824,9,4031.249881,4031.249881,0
86,11,9,246824,9,4031.249881,4031.249881,0
86,10,14,246824,11,2687.499881,5374.999881,0
86,14,10,246824,11,5374.999881,2687.499881,0
86,10,17,246824,24,2687.499881,8062.499881,0
86,17,10,246824,24,8062.499881,2687.499881,0
86,10,18,246824,22,2687.499881,8062.499881,0
86,18,10,246824,22,8062.499881,2687.499881,0
86,10,27,246824,25,2687.499881,8062.499881,0
86,27,10,246824,25,8062.499881,2687.499881,0
86,11,15,246824,27,4031.249881,3224.999881,0
86,15,11,246824,27,3224.999881,4031.249881,0
86,11,26,246824,25,4031.249881,8062.499881,0
86,26,11,246824,25,8062.499881,4031.249881,0
86,12,23,246824,33,4031.249881,8062.499881,0
86,23,12,246824,33,8062.499881,4031.249881,0
86,12,24,246824,36,4031.249881,8062.499881,0
86,24,12,246824,36,8062.499881,4031.249881,0
86,14,17,246824,23,5374.999881,8062.499881,0
86,17,14,246824,23,8062.499881,5374.999881,0
86,15,22,246824,43,3224.999881,8062.499881,0
86,22,15,246824,43,8062.499881,3224.999881,0
86,15,28,246824,46,3224.999881,8062.499881,0
86,28,15,246824,46,8062.499881,3224.999881,0
86,15,29,246824,34,3224.999881,8062.499881,0
86,29,15,246824,34,8062.499881,3224.999881,0
86,16,25,246824,43,5374.999881,8062.499881,0
86,25,16,246824,43,8062.499881,5374.999881,0
87,0,1,246824,8,2015.624881,1151.785595,0
87,1,0,246824,8,1151.785595,2015.624881,0
87,0,2,246824,11,2015.624881,1791.666547,0
87,2,0,246824,11,1791.666547,2015.624881,0
87,0,8,246824,8,2015.624881,8062.499881,0
87,8,0,246824,8,8062.499881,2015.624881,0
87,0,10,246824,10,2015.624881,2687.499881,0
87,10,0,246824,10,2687.499881,2015.624881,0
87,0,12,246824,6,2015.624881,4031.249881,0
87,12,0,246824,6,4031.249881,2015.624881,0
87,0,15,246824,27,2015.624881,3224.999881,0
87,15,0,246824,27,3224.999881,2015.624881,0
87,0,19,246824,25,2015.624881,8062.499881,0
87,19,0,246824,25,8062.499881,2015.624881,0
87,0,22,246824,34,2015.624881,8062.499881,0
87,22,0,246824,34,8062.499881,2015.624881,0
87,1,2,246824,12,1151.785595,1791.666547,0
87,2,1,246824,12,1791.666547,1151.785595,0
87,1,3,246824,9,1151.785595,3224.999881,0
87,3,1,246824,9,3224.999881,1151.785595,0
87,1,4,246824,11,1151.785595,8062.499881,0
87,4,1,246824,11,8062.499881,1151.785595,0
87,1,5,246824,11,1151.785595,5374.999881,0
87,5,1,246824,11,5374.999881,1151.785595,0
87,1,7,246824,10,1151.785595,8062.499881,0
87,7,1,246824,10,8062.499881,1151.785595,0
87,1,8,246824,9,1151.785595,8062.499881,0
87,8,1,246824,9,8062.499881,1151.785595,0
87,1,9,246824,10,1151.785595,5374.999881,0
87,9,1,246824,10,5374.999881,1151.785595,0
87,1,11,246824,8,1151.785595,4031.249881,0
87,11,1,246824,8,4031.249881,1151.785595,0
87,1,13,246824,9,1151.785595,8062.499881,0
87,13,1,246824,9,8062.499881,1151.785595,0
87,1,19,246824,26,1151.785595,8062.499881,0
87,19,1,246824,26,8062.499881,1151.785595,0
87,1,20,246824,40,1151.785595,8062.499881,0
87,20,1,246824,40,8062.499881,1151.785595,0
87,1,26,246824,26,1151.785595,8062.499881,0
87,26,1,246824,26,8062.499881,1151.785595,0
87,1,28,246824,38,1151.785595,8062.499881,0
87,28,1,246824,38,8062.499881,1151.785595,0
87,2,6,246824,13,1791.666547,3224.999881,0
87,6,2,246824,13,3224.999881,1791.666547,0
87,2,16,246824,36,1791.666547,5374.999881,0
87,16,2,246824,36,5374.999881,1791.666547,0
87,2,18,246824,22,1791.666547,8062.499881,0
87,18,2,246824,22,8062.499881,1791.666547,0
87,2,21,246824,23,1791.666547,8062.499881,0
87,21,2,246824,23,8062.499881,1791.666547,0
87,2,23,246824,35,1791.666547,8062.499881,0
87,23,2,246824,35,8062.499881,1791.666547,0
87,2,24,246824,38,1791.666547,8062.499881,0
87,24,2,246824,38,8062.499881,1791.666547,0
87,2,29,246824,27,1791.666547,8062.499881,0
87,29,2,246824,27,8062.499881,1791.666547,0
87,3,5,246824,10,3224.999881,5374.999881,0
87,5,3,246824,10,5374.999881,3224.999881,0
87,3,12,246824,7,3224.999881,4031.249881,0
87,12,3,246824,7,4031.249881,3224.999881,0
87,3,16,246824,35,3224.999881,5374.999881,0
87,16,3,246824,35,5374.999881,3224.999881,0
87,3,27,246824,24,3224.999881,8062.499881,0
87,27,3,246824,24,8062.499881,3224.999881,0
87,4,14,246824,11,8062.499881,5374.999881,0
87,14,4,246824,11,5374.999881,8062.499881,0
87,5,13,246824,10,5374.999881,8062.499881,0
87,13,5,246824,10,8062.499881,5374.999881,0
87,6,7,246824,11,3224.999881,8062.499881,0
87,7,6,246824,11,8062.499881,3224.999881,0
87,6,20,246824,41,3224.999881,8062.499881,0
87,20,6,246824,41,8062.499881,3224.999881,0
87,6,21,246824,23,3224.999881,8062.499881,0
87,21,6,246824,23,8062.499881,3224.999881,0
87,6,25,246824,29,3224.999881,8062.499881,0
87,25,6,246824,29,8062.499881,3224.999881,0
87,9,10,246824,12,5374.999881,2687.499881,0
87,10,9,246824,12,2687.499881,5374.999881,0
87,9,11,246824,9,5374.999881,4031.249881,0
87,11,9,246824,9,4031.249881,5374.999881,0
87,10,14,246824,11,2687.499881,5374.999881,0
87,14,10,246824,11,5374.999881,2687.499881,0
87,10,17,246824,24,2687.499881,8062.499881,0
87,17,10,246824,24,8062.499881,2687.499881,0
87,10,18,246824,22,2687.499881,8062.499881,0
87,18,10,246824,22,8062.499881,2687.499881,0
87,10,27,246824,25,2687.499881,8062.499881,0
87,27,10,246824,25,8062.499881,2687.499881,0
87,11,15,246824,27,4031.249881,3224.999881,0
87,15,11,246824,27,3224.999881,4031.249881,0
87,11,26,246824,25,4031.249881,8062.499881,0
87,26,11,246824,25,8062.499881,4031.249881,0
87,12,23,246824,33,4031.249881,8062.499881,0
87,23,12,246824,33,8062.499881,4031.249881,0
87,12,24,246824,36,4031.249881,8062.499881,0
87,24,12,246824,36,8062.499881,4031.249881,0
87,14,17,246824,23,5374.999881,8062.499881,0
87,17,14,246824,23,8062.499881,5374.999881,0
87,15,22,246824,43,3224.999881,8062.499881,0
87,22,15,246824,43,8062.499881,3224.999881,0
87,15,28,246824,46,3224.999881,8062.499881,0
87,28,15,246824,46,8062.499881,3224.999881,0
87,15,29,246824,34,3224.999881,8062.499881,0
87,29,15,246824,34,8062.499881,3224.999881,0
87,16,25,246824,43,5374.999881,8062.499881,0
87,25,16,246824,43,8062.499881,5374.999881,0
88,0,1,246824,8,2303.571309,1240.384496,0
88,1,0,246824,8,1240.384496,2303.571309,0
88,0,2,246824,11,2303.571309,2015.624881,0
88,2,0,246824,11,2015.624881,2303.571309,0
88,0,8,246824,8,2303.571309,8062.499881,0
88,8,0,246824,8,8062.499881,2303.571309,0
88,0,12,246824,6,2303.571309,4031.249881,0
88,12,0,246824,6,4031.249881,2303.571309,0
88,0,15,246824,27,2303.571309,3224.999881,0
88,15,0,246824,27,3224.999881,2303.571309,0
88,0,19,246824,25,2303.571309,8062.499881,0
88,19,0,246824,25,8062.499881,2303.571309,0
88,0,22,246824,34,2303.571309,8062.499881,0
88,22,0,246824,34,8062.499881,2303.571309,0
88,1,2,246824,12,1240.384496,2015.624881,0
88,2,1,246824,12,2015.624881,1240.384496,0
88,1,3,246824,9,1240.384496,2303.571309,0
88,3,1,246824,9,2303.571309,1240.384496,0
88,1,4,246824,11,1240.384496,5374.999881,0
88,4,1,246824,11,5374.999881,1240.384496,0
88,1,7,246824,10,1240.384496,8062.499881,0
88,7,1,246824,10,8062.499881,1240.384496,0
88,1,8,246824,9,1240.384496,8062.499881,0
88,8,1,246824,9,8062.499881,1240.384496,0
88,1,9,246824,10,1240.384496,5374.999881,0
88,9,1,246824,10,5374.999881,1240.384496,0
88,1,11,246824,8,1240.384496,4031.249881,0
88,11,1,246824,8,4031.249881,1240.384496,0
88,1,13,246824,9,1240.384496,8062.499881,0
88,13,1,246824,9,8062.499881,1240.384496,0
88,1,19,246824,26,1240.384496,8062.499881,0
88,19,1,246824,26,8062.499881,1240.384496,0
88,1,20,246824,40,1240.384496,8062.499881,0
88,20,1,246824,40,8062.499881,1240.384496,0
88,1,26,246824,26,1240.384496,8062.499881,0
88,26,1,246824,26,8062.499881,1240.384496,0
88,1,28,246824,38,1240.384496,8062.499881,0
88,28,1,246824,38,8062.499881,1240.384496,0
88,2,16,246824,36,2015.624881,5374.999881,0
88,16,2,246824,36,5374.999881,2015.624881,0
88,2,18,246824,22,2015.624881,8062.499881,0
88,18,2,246824,22,8062.499881,2015.624881,0
88,2,21,246824,23,2015.624881,8062.499881,0
88,21,2,246824,23,8062.499881,2015.624881,0
88,2,23,246824,35,2015.624881,8062.499881,0
88,23,2,246824,35,8062.499881,2015.624881,0
88,2,24,246824,38,2015.624881,8062.499881,0
88,24,2,246824,38,8062.499881,2015.624881,0
88,2,29,246824,27,2015.624881,8062.499881,0
88,29,2,246824,27,8062.499881,2015.624881,0
88,3,4,246824,11,2303.571309,5374.999881,0
88,4,3,246824,11,5374.999881,2303.571309,0
88,3,5,246824,10,2303.571309,8062.499881,0
88,5,3,246824,10,8062.499881,2303.571309,0
88,3,6,246824,10,2303.571309,3224.999881,0
88,6,3,246824,10,3224.999881,2303.571309,0
88,3,12,246824,7,2303.571309,4031.249881,0
88,12,3,246824,7,4031.249881,2303.571309,0
88,3,16,246824,35,2303.571309,5374.999881,0
88,16,3,246824,35,5374.999881,2303.571309,0
88,3,27,246824,24,2303.571309,8062.499881,0
88,27,3,246824,24,8062.499881,2303.571309,0
88,4,14,246824,11,5374.999881,5374.999881,0
88,14,4,246824,11,5374.999881,5374.999881,0
88,5,13,246824,10,8062.499881,8062.499881,0
88,13,5,246824,10,8062.499881,8062.499881,0
88,6,7,246824,11,3224.999881,8062.499881,0
88,7,6,246824,11,8062.499881,3224.999881,0
88,6,20,246824,41,3224.999881,8062.499881,0
88,20,6,246824,41,8062.499881,3224.999881,0
88,6,21,246824,23,3224.999881,8062.499881,0
88,21,6,246824,23,8062.499881,3224.999881,0
88,6,25,246824,29,3224.999881,8062.499881,0
88,25,6,246824,29,8062.499881,3224.999881,0
88,9,10,246824,12,5374.999881,3224.999881,0
88,10,9,246824,12,3224.999881,5374.999881,0
88,9,11,246824,9,5374.999881,4031.249881,0
88,11,9,246824,9,4031.249881,5374.999881,0
88,10,14,246824,11,3224.999881,5374.999881,0
88,14,10,246824,11,5374.999881,3224.999881,0
88,10,17,246824,24,3224.999881,8062.499881,0
88,17,10,246824,24,8062.499881,3224.999881,0
88,10,18,246824,22,3224.999881,8062.499881,0
88,18,10,246824,22,8062.499881,3224.999881,0
88,10,27,246824,25,3224.999881,8062.499881,0
88,27,10,246824,25,8062.499881,3224.999881,0
88,11,15,246824,27,4031.249881,3224.999881,0
88,15,11,246824,27,3224.999881,4031.249881,0
88,11,26,246824,25,4031.249881,8062.499881,0
88,26,11,246824,25,8062.499881,4031.249881,0
88,12,23,246824,33,4031.249881,8062.499881,0
88,23,12,246824,33,8062.499881,4031.249881,0
88,12,24,246824,36,4031.249881,8062.499881,0
88,24,12,246824,36,8062.499881,4031.249881,0
88,14,17,246824,23,5374.999881,8062.499881,0
88,17,14,246824,23,8062.499881,5374.999881,0
88,15,22,246824,43,3224.999881,8062.499881,0
88,22,15,246824,43,8062.499881,3224.999881,0
88,15,28,246824,46,3224.999881,8062.499881,0
88,28,15,246824,46,8062.499881,3224.999881,0
88,15,29,246824,34,3224.999881,8062.499881,0
88,29,15,246824,34,8062.499881,3224.999881,0
88,16,25,246824,43,5374.999881,8062.499881,0
88,25,16,246824,43,8062.499881,5374.999881,0
89,0,1,246824,8,2015.624881,1240.384496,0
89,1,0,246824,8,1240.384496,2015.624881,0
89,0,3,246824,7,2015.624881,2015.624881,0
89,3,0,246824,7,2015.624881,2015.624881,0
89,0,8,246824,8,2015.624881,8062.499881,0
89,8,0,246824,8,8062.499881,2015.624881,0
89,0,10,246824,10,2015.624881,2687.499881,0
89,10,0,246824,10,2687.499881,2015.624881,0
89,0,12,246824,6,2015.624881,4031.249881,0
89,12,0,246824,6,4031.249881,2015.624881,0
89,0,15,246824,27,2015.624881,4031.249881,0
89,15,0,246824,27,4031.249881,2015.624881,0
89,0,19,246824,25,2015.624881,8062.499881,0
89,19,0,246824,25,8062.499881,2015.624881,0
89,0,22,246824,34,2015.624881,8062.499881,0
89,22,0,246824,34,8062.499881,2015.624881,0
89,1,2,246824,12,1240.384496,2015.624881,0
89,2,1,246824,12,2015.624881,1240.384496,0
89,1,3,246824,9,1240.384496,2015.624881,0
89,3,1,246824,9,2015.624881,1240.384496,0
89,1,4,246824,11,1240.384496,5374.999881,0
89,4,1,246824,11,5374.999881,1240.384496,0
89,1,7,246824,10,1240.384496,8062.499881,0
89,7,1,246824,10,8062.499881,1240.384496,0
89,1,8,246824,9,1240.384496,8062.499881,0
89,8,1,246824,9,8062.499881,1240.384496,0
89,1,9,246824,10,1240.384496,5374.999881,0
89,9,1,246824,10,5374.999881,1240.384496,0
89,1,11,246824,8,1240.384496,5374.999881,0
89,11,1,246824,8,5374.999881,1240.384496,0
89,1,13,246824,9,1240.384496,8062.499881,0
89,13,1,246824,9,8062.499881,1240.384496,0
89,1,19,246824,26,1240.384496,8062.499881,0
89,19,1,246824,26,8062.499881,1240.384496,0
89,1,20,246824,40,1240.384496,8062.499881,0
89,20,1,246824,40,8062.499881,1240.384496,0
89,1,26,246824,26,1240.384496,8062.499881,0
89,26,1,246824,26,8062.499881,1240.384496,0
89,1,28,246824,38,1240.384496,8062.499881,0
89,28,1,246824,38,8062.499881,1240.384496,0
89,2,6,246824,13,2015.624881,2687.499881,0
89,6,2,246824,13,2687.499881,2015.624881,0
89,2,16,246824,36,2015.624881,5374.999881,0
89,16,2,246824,36,5374.999881,2015.624881,0
89,2,18,246824,22,2015.624881,8062.499881,0
89,18,2,246824,22,8062.499881,2015.624881,0
89,2,21,246824,23,2015.624881,8062.499881,0
89,21,2,246824,23,8062.499881,2015.624881,0
89,2,23,246824,35,2015.624881,8062.499881,0
89,23,2,246824,35,8062.499881,2015.624881,0
89,2,24,246824,38,2015.624881,8062.499881,0
89,24,2,246824,38,8062.499881,2015.624881,0
89,2,29,246824,27,2015.624881,8062.499881,0
89,29,2,246824,27,8062.499881,2015.624881,0
89,3,4,246824,11,2015.624881,5374.999881,0
89,4,3,246824,11,5374.999881,2015.624881,0
89,3,5,246824,10,2015.624881,8062.499881,0
89,5,3,246824,10,8062.499881,2015.624881,0
89,3,6,246824,10,2015.624881,2687.499881,0
89,6,3,246824,10,2687.499881,2015.624881,0
89,3,12,246824,7,2015.624881,4031.249881,0
89,12,3,246824,7,4031.249881,2015.624881,0
89,3,16,246824,35,2015.624881,5374.999881,0
89,16,3,246824,35,5374.999881,2015.624881,0
89,3,27,246824,24,2015.624881,8062.499881,0
89,27,3,246824,24,8062.499881,2015.624881,0
89,4,14,246824,11,5374.999881,5374.999881,0
89,14,4,246824,11,5374.999881,5374.999881,0
89,5,13,246824,10,8062.499881,8062.499881,0
89,13,5,246824,10,8062.499881,8062.499881,0
89,6,7,246824,11,2687.499881,8062.499881,0
89,7,6,246824,11,8062.499881,2687.499881,0
89,6,20,246824,41,2687.499881,8062.499881,0
89,20,6,246824,41,8062.499881,2687.499881,0
89,6,21,246824,23,2687.499881,8062.499881,0
89,21,6,246824,23,8062.499881,2687.499881,0
89,6,25,246824,29,2687.499881,8062.499881,0
89,25,6,246824,29,8062.499881,2687.499881,0
89,9,10,246824,12,5374.999881,2687.499881,0
89,10,9,246824,12,2687.499881,5374.999881,0
89,9,11,246824,9,5374.999881,5374.999881,0
89,11,9,246824,9,5374.999881,5374.999881,0
89,10,14,246824,11,2687.499881,5374.999881,0
89,14,10,246824,11,5374.999881,2687.499881,0
89,10,17,246824,24,2687.499881,8062.499881,0
89,17,10,246824,24,8062.499881,2687.499881,0
89,10,18,246824,22,2687.499881,8062.499881,0
89,18,10,246824,22,8062.499881,2687.499881,0
89,10,27,246824,25,2687.499881,8062.499881,0
89,27,10,246824,25,8062.499881,2687.499881,0
89,11,26,246824,25,5374.999881,8062.499881,0
89,26,11,246824,25,8062.499881,5374.999881,0
89,12,23,246824,33,4031.249881,8062.499881,0
89,23,12,246824,33,8062.499881,4031.249881,0
89,12,24,246824,36,4031.249881,8062.499881,0
89,24,12,246824,36,8062.499881,4031.249881,0
89,14,17,246824,23,5374.999881,8062.499881,0
89,17,14,246824,23,8062.499881,5374.999881,0
89,15,22,246824,43,4031.249881,8062.499881,0
89,22,15,246824,43,8062.499881,4031.249881,0
89,15,28,246824,46,4031.249881,8062.499881,0
89,28,15,246824,46,8062.499881,4031.249881,0
89,15,29,246824,34,4031.249881,8062.499881,0
89,29,15,246824,34,8062.499881,4031.249881,0
89,16,25,246824,43,5374.999881,8062.499881,0
89,25,16,246824,43,8062.499881,5374.999881,0
90,0,1,246824,8,2303.571309,1151.785595,0
90,1,0,246824,8,1151.785595,2303.571309,0
90,0,2,246824,11,2303.571309,1791.666547,0
90,2,0,246824,11,1791.666547,2303.571309,0
90,0,8,246824,8,2303.571309,8062.499881,0
90,8,0,246824,8,8062.499881,2303.571309,0
90,0,12,246824,6,2303.571309,4031.249881,0
90,12,0,246824,6,4031.249881,2303.571309,0
90,0,15,246824,27,2303.571309,3224.999881,0
90,15,0,246824,27,3224.999881,2303.571309,0
90,0,19,246824,25,2303.571309,8062.499881,0
90,19,0,246824,25,8062.499881,2303.571309,0
90,0,22,246824,34,2303.571309,8062.499881,0
90,22,0,246824,34,8062.499881,2303.571309,0
90,1,2,246824,12,1151.785595,1791.666547,0
90,2,1,246824,12,1791.666547,1151.785595,0
90,1,3,246824,9,1151.785595,2687.499881,0
90,3,1,246824,9,2687.499881,1151.785595,0
90,1,4,246824,11,1151.785595,8062.499881,0
90,4,1,246824,11,8062.499881,1151.785595,0
90,1,5,246824,11,1151.785595,5374.999881,0
90,5,1,246824,11,5374.999881,1151.785595,0
90,1,7,246824,10,1151.785595,8062.499881,0
90,7,1,246824,10,8062.499881,1151.785595,0
90,1,8,246824,9,1151.785595,8062.499881,0
90,8,1,246824,9,8062.499881,1151.785595,0
90,1,9,246824,10,1151.785595,5374.999881,0
90,9,1,246824,10,5374.999881,1151.785595,0
90,1,11,246824,8,1151.785595,4031.249881,0
90,11,1,246824,8,4031.249881,1151.785595,0
90,1,13,246824,9,1151.785595,8062.499881,0
90,13,1,246824,9,8062.499881,1151.785595,0
90,1,19,246824,26,1151.785595,8062.499881,0
90,19,1,246824,26,8062.499881,1151.785595,0
90,1,20,246824,40,1151.785595,8062.499881,0
90,20,1,246824,40,8062.499881,1151.785595,0
90,1,26,246824,26,1151.785595,8062.499881,0
90,26,1,246824,26,8062.499881,1151.785595,0
90,1,28,246824,38,1151.785595,8062.499881,0
90,28,1,246824,38,8062.499881,1151.785595,0
90,2,6,246824,13,1791.666547,2687.499881,0
90,6,2,246824,13,2687.499881,1791.666547,0
90,2,16,246824,36,1791.666547,5374.999881,0
90,16,2,246824,36,5374.999881,1791.666547,0
90,2,18,246824,22,1791.666547,8062.499881,0
90,18,2,246824,22,8062.499881,1791.666547,0
90,2,21,246824,23,1791.666547,8062.499881,0
90,21,2,246824,23,8062.499881,1791.666547,0
90,2,23,246824,35,1791.666547,8062.499881,0
90,23,2,246824,35,8062.499881,1791.666547,0
90,2,24,246824,38,1791.666547,8062.499881,0
90,24,2,246824,38,8062.499881,1791.666547,0
90,2,29,246824,27,1791.666547,8062.499881,0
90,29,2,246824,27,8062.499881,1791.666547,0
90,3,5,246824,10,2687.499881,5374.999881,0
90,5,3,246824,10,5374.999881,2687.499881,0
90,3,6,246824,10,2687.499881,2687.499881,0
90,6,3,246824,10,2687.499881,2687.499881,0
90,3,12,246824,7,2687.499881,4031.249881,0
90,12,3,246824,7,4031.249881,2687.499881,0
90,3,16,246824,35,2687.499881,5374.999881,0
90,16,3,246824,35,5374.999881,2687.499881,0
90,3,27,246824,24,2687.499881,8062.499881,0
90,27,3,246824,24,8062.499881,2687.499881,0
90,4,14,246824,11,8062.499881,5374.999881,0
90,14,4,246824,11,5374.999881,8062.499881,0
90,5,13,246824,10,5374.999881,8062.499881,0
90,13,5,246824,10,8062.499881,5374.999881,0
90,6,7,246824,11,2687.499881,8062.499881,0
90,7,6,246824,11,8062.499881,2687.499881,0
90,6,20,246824,41,2687.499881,8062.499881,0
90,20,6,246824,41,8062.499881,2687.499881,0
90,6,21,246824,23,2687.499881,8062.499881,0
90,21,6,246824,23,8062.499881,2687.499881,0
90,6,25,246824,29,2687.499881,8062.499881,0
90,25,6,246824,29,8062.499881,2687.499881,0
90,9,10,246824,12,5374.999881,3224.999881,0
90,10,9,246824,12,3224.999881,5374.999881,0
90,9,11,246824,9,5374.999881,4031.249881,0
90,11,9,246824,9,4031.249881,5374.999881,0
90,10,14,246824,11,3224.999881,5374.999881,0
90,14,10,246824,11,5374.999881,3224.999881,0
90,10,17,246824,24,3224.999881,8062.499881,0
90,17,10,246824,24,8062.499881,3224.999881,0
90,10,18,246824,22,3224.999881,8062.499881,0
90,18,10,246824,22,8062.499881,3224.999881,0
90,10,27,246824,25,3224.999881,8062.499881,0
90,27,10,246824,25,8062.499881,3224.999881,0
90,11,15,246824,27,4031.249881,3224.999881,0
90,15,11,246824,27,3224.999881,4031.249881,0
90,11,26,246824,25,4031.249881,8062.499881,0
90,26,11,246824,25,8062.499881,4031.249881,0
90,12,23,246824,33,4031.249881,8062.499881,0
90,23,12,246824,33,8062.499881,4031.249881,0
90,12,24,246824,36,4031.249881,8062.499881,0
90,24,12,246824,36,8062.499881,4031.249881,0
90,14,17,246824,23,5374.999881,8062.499881,0
90,17,14,246824,23,8062.499881,5374.999881,0
90,15,22,246824,43,3224.999881,8062.499881,0
90,22,15,246824,43,8062.499881,3224.999881,0
90,15,28,246824,46,3224.999881,8062.499881,0
90,28,15,246824,46,8062.499881,3224.999881,0
90,15,29,246824,34,3224.999881,8062.499881,0
90,29,15,246824,34,8062.499881,3224.999881,0
90,16,25,246824,43,5374.999881,8062.499881,0
90,25,16,246824,43,8062.499881,5374.999881,0
91,0,3,246824,7,2687.499881,2303.571309,0
91,3,0,246824,7,2303.571309,2687.499881,0
91,0,8,246824,8,2687.499881,8062.499881,0
91,8,0,246824,8,8062.499881,2687.499881,0
91,0,10,246824,10,2687.499881,2687.499881,0
91,10,0,246824,10,2687.499881,2687.499881,0
91,0,12,246824,6,2687.499881,4031.249881,0
91,12,0,246824,6,4031.249881,2687.499881,0
91,0,19,246824,25,2687.499881,8062.499881,0
91,19,0,246824,25,8062.499881,2687.499881,0
91,0,22,246824,34,2687.499881,8062.499881,0
91,22,0,246824,34,8062.499881,2687.499881,0
91,1,2,246824,12,1343.749881,2303.571309,0
91,2,1,246824,12,2303.571309,1343.749881,0
91,1,4,246824,11,1343.749881,5374.999881,0
91,4,1,246824,11,5374.999881,1343.749881,0
91,1,5,246824,11,1343.749881,5374.999881,0
91,5,1,246824,11,5374.999881,1343.749881,0
91,1,7,246824,10,1343.749881,8062.499881,0
91,7,1,246824,10,8062.499881,1343.749881,0
91,1,8,246824,9,1343.749881,8062.499881,0
91,8,1,246824,9,8062.499881,1343.749881,0
91,1,9,246824,10,1343.749881,5374.999881,0
91,9,1,246824,10,5374.999881,1343.749881,0
91,1,11,246824,8,1343.749881,4031.249881,0
91,11,1,246824,8,4031.249881,1343.749881,0
91,1,13,246824,9,1343.749881,8062.499881,0
91,13,1,246824,9,8062.499881,1343.749881,0
91,1,19,246824,26,1343.749881,8062.499881,0
91,19,1,246824,26,8062.499881,1343.749881,0
91,1,20,246824,40,1343.749881,8062.499881,0
91,20,1,246824,40,8062.499881,1343.749881,0
91,1,26,246824,26,1343.749881,8062.499881,0
91,26,1,246824,26,8062.499881,1343.749881,0
91,1,28,246824,38,1343.749881,8062.499881,0
91,28,1,246824,38,8062.499881,1343.749881,0
91,2,6,246824,13,2303.571309,2687.499881,0
91,6,2,246824,13,2687.499881,2303.571309,0
91,2,18,246824,22,2303.571309,8062.499881,0
91,18,2,246824,22,8062.499881,2303.571309,0
91,2,21,246824,23,2303.571309,8062.499881,0
91,21,2,246824,23,8062.499881,2303.571309,0
91,2,23,246824,35,2303.571309,8062.499881,0
91,23,2,246824,35,8062.499881,2303.571309,0
91,2,24,246824,38,2303.571309,8062.499881,0
91,24,2,246824,38,8062.499881,2303.571309,0
91,2,29,246824,27,2303.571309,8062.499881,0
91,29,2,246824,27,8062.499881,2303.571309,0
91,3,4,246824,11,2303.571309,5374.999881,0
91,4,3,246824,11,5374.999881,2303.571309,0
91,3,5,246824,10,2303.571309,5374.999881,0
91,5,3,246824,10,5374.999881,2303.571309,0
91,3,6,246824,10,2303.571309,2687.499881,0
91,6,3,246824,10,2687.499881,2303.571309,0
91,3,12,246824,7,2303.571309,4031.249881,0
91,12,3,246824,7,4031.249881,2303.571309,0
91,3,16,246824,35,2303.571309,8062.499881,0
91,16,3,246824,35,8062.499881,2303.571309,0
91,3,27,246824,24,2303.571309,8062.499881,0
91,27,3,246824,24,8062.499881,2303.571309,0
91,4,14,246824,11,5374.999881,5374.999881,0
91,14,4,246824,11,5374.999881,5374.999881,0
91,5,13,246824,10,5374.999881,8062.499881,0
91,13,5,246824,10,8062.499881,5374.999881,0
91,6,7,246824,11,2687.499881,8062.499881,0
91,7,6,246824,11,8062.499881,2687.499881,0
91,6,20,246824,41,2687.499881,8062.499881,0
91,20,6,246824,41,8062.499881,2687.499881,0
91,6,21,246824,23,2687.499881,8062.499881,0
91,21,6,246824,23,8062.499881,2687.499881,0
91,6,25,246824,29,2687.499881,8062.499881,0
91,25,6,246824,29,8062.499881,2687.499881,0
91,9,10,246824,12,5374.999881,2687.499881,0
91,10,9,246824,12,2687.499881,5374.999881,0
91,9,11,246824,9,5374.999881,4031.249881,0
91,11,9,246824,9,4031.249881,5374.999881,0
91,10,14,246824,11,2687.499881,5374.999881,0
91,14,10,246824,11,5374.999881,2687.499881,0
91,10,17,246824,24,2687.499881,8062.499881,0
91,17,10,246824,24,8062.499881,2687.499881,0
91,10,18,246824,22,2687.499881,8062.499881,0
91,18,10,246824,22,8062.499881,2687.499881,0
91,10,27,246824,25,2687.499881,8062.499881,0
91,27,10,246824,25,8062.499881,2687.499881,0
91,11,15,246824,27,4031.249881,4031.249881,0
91,15,11,246824,27,4031.249881,4031.249881,0
91,11,26,246824,25,4031.249881,8062.499881,0
91,26,11,246824,25,8062.499881,4031.249881,0
91,12,23,246824,33,4031.249881,8062.499881,0
91,23,12,246824,33,8062.499881,4031.249881,0
91,12,24,246824,36,4031.249881,8062.499881,0
91,24,12,246824,36,8062.499881,4031.249881,0
91,14,17,246824,23,5374.999881,8062.499881,0
91,17,14,246824,23,8062.499881,5374.999881,0
91,15,22,246824,43,4031.249881,8062.499881,0
91,22,15,246824,43,8062.499881,4031.249881,0
91,15,28,246824,46,4031.249881,8062.499881,0
91,28,15,246824,46,8062.499881,4031.249881,0
91,15,29,246824,34,4031.249881,8062.499881,0
91,29,15,246824,34,8062.499881,4031.249881,0
91,16,25,246824,43,8062.499881,8062.499881,0
91,25,16,246824,43,8062.499881,8062.499881,0
92,0,1,246824,8,2015.624881,1240.384496,0
92,1,0,246824,8,1240.384496,2015.624881,0
92,0,2,246824,11,2015.624881,1791.666547,0
92,2,0,246824,11,1791.666547,2015.624881,0
92,0,8,246824,8,2015.624881,8062.499881,0
92,8,0,246824,8,8062.499881,2015.624881,0
92,0,10,246824,10,2015.624881,2687.499881,0
92,10,0,246824,10,2687.499881,2015.624881,0
92,0,12,246824,6,2015.624881,4031.249881,0
92,12,0,246824,6,4031.249881,2015.624881,0
92,0,15,246824,27,2015.624881,3224.999881,0
92,15,0,246824,27,3224.999881,2015.624881,0
92,0,19,246824,25,2015.624881,8062.499881,0
92,19,0,246824,25,8062.499881,2015.624881,0
92,0,22,246824,34,2015.624881,8062.499881,0
92,22,0,246824,34,8062.499881,2015.624881,0
92,1,2,246824,12,1240.384496,1791.666547,0
92,2,1,246824,12,1791.666547,1240.384496,0
92,1,4,246824,11,1240.384496,8062.499881,0
92,4,1,246824,11,8062.499881,1240.384496,0
92,1,5,246824,11,1240.384496,8062.499881,0
92,5,1,246824,11,8062.499881,1240.384496,0
92,1,7,246824,10,1240.384496,8062.499881,0
92,7,1,246824,10,8062.499881,1240.384496,0
92,1,8,246824,9,1240.384496,8062.499881,0
92,8,1,246824,9,8062.499881,1240.384496,0
92,1,9,246824,10,1240.384496,5374.999881,0
92,9,1,246824,10,5374.999881,1240.384496,0
92,1,11,246824,8,1240.384496,4031.249881,0
92,11,1,246824,8,4031.249881,1240.384496,0
92,1,13,246824,9,1240.384496,8062.499881,0
92,13,1,246824,9,8062.499881,1240.384496,0
92,1,19,246824,26,1240.384496,8062.499881,0
92,19,1,246824,26,8062.499881,1240.384496,0
92,1,20,246824,40,1240.384496,8062.499881,0
92,20,1,246824,40,8062.499881,1240.384496,0
92,1,26,246824,26,1240.384496,8062.499881,0
92,26,1,246824,26,8062.499881,1240.384496,0
92,1,28,246824,38,1240.384496,8062.499881,0
92,28,1,246824,38,8062.499881,1240.384496,0
92,2,6,246824,13,1791.666547,2687.499881,0
92,6,2,246824,13,2687.499881,1791.666547,0
92,2,16,246824,36,1791.666547,5374.999881,0
92,16,2,246824,36,5374.999881,1791.666547,0
92,2,18,246824,22,1791.666547,8062.499881,0
92,18,2,246824,22,8062.499881,1791.666547,0
92,2,21,246824,23,1791.666547,8062.499881,0
92,21,2,246824,23,8062.499881,1791.666547,0
92,2,23,246824,35,1791.666547,8062.499881,0
92,23,2,246824,35,8062.499881,1791.666547,0
92,2,24,246824,38,1791.666547,8062.499881,0
92,24,2,246824,38,8062.499881,1791.666547,0
92,2,29,246824,27,1791.666547,8062.499881,0
92,29,2,246824,27,8062.499881,1791.666547,0
92,3,6,246824,10,4031.249881,2687.499881,0
92,6,3,246824,10,2687.499881,4031.249881,0
92,3,12,246824,7,4031.249881,4031.249881,0
92,12,3,246824,7,4031.249881,4031.249881,0
92,3,16,246824,35,4031.249881,5374.999881,0
92,16,3,246824,35,5374.999881,4031.249881,0
92,3,27,246824,24,4031.249881,8062.499881,0
92,27,3,246824,24,8062.499881,4031.249881,0
92,4,14,246824,11,8062.499881,5374.999881,0
92,14,4,246824,11,5374.999881,8062.499881,0
92,5,13,246824,10,8062.499881,8062.499881,0
92,13,5,246824,10,8062.499881,8062.499881,0
92,6,7,246824,11,2687.499881,8062.499881,0
92,7,6,246824,11,8062.499881,2687.499881,0
92,6,20,246824,41,2687.499881,8062.499881,0
92,20,6,246824,41,8062.499881,2687.499881,0
92,6,21,246824,23,2687.499881,8062.499881,0
92,21,6,246824,23,8062.499881,2687.499881,0
92,6,25,246824,29,2687.499881,8062.499881,0
92,25,6,246824,29,8062.499881,2687.499881,0
92,9,10,246824,12,5374.999881,2687.499881,0
92,10,9,246824,12,2687.499881,5374.999881,0
92,9,11,246824,9,5374.999881,4031.249881,0
92,11,9,246824,9,4031.249881,5374.999881,0
92,10,14,246824,11,2687.499881,5374.999881,0
92,14,10,246824,11,5374.999881,2687.499881,0
92,10,17,246824,24,2687.499881,8062.499881,0
92,17,10,246824,24,8062.499881,2687.499881,0
92,10,18,246824,22,2687.499881,8062.499881,0
92,18,10,246824,22,8062.499881,2687.499881,0
92,10,27,246824,25,2687.499881,8062.499881,0
92,27,10,246824,25,8062.499881,2687.499881,0
92,11,15,246824,27,4031.249881,3224.999881,0
92,15,11,246824,27,3224.999881,4031.249881,0
92,11,26,246824,25,4031.249881,8062.499881,0
92,26,11,246824,25,8062.499881,4031.249881,0
92,12,23,246824,33,4031.249881,8062.499881,0
92,23,12,246824,33,8062.499881,4031.249881,0
92,12,24,246824,36,4031.249881,8062.499881,0
92,24,12,246824,36,8062.499881,4031.249881,0
92,14,17,246824,23,5374.999881,8062.499881,0
92,17,14,246824,23,8062.499881,5374.999881,0
92,15,22,246824,43,3224.999881,8062.499881,0
92,22,15,246824,43,8062.499881,3224.999881,0
92,15,28,246824,46,3224.999881,8062.499881,0
92,28,15,246824,46,8062.499881,3224.999881,0
92,15,29,246824,34,3224.999881,8062.499881,0
92,29,15,246824,34,8062.499881,3224.999881,0
92,16,25,246824,43,5374.999881,8062.499881,0
92,25,16,246824,43,8062.499881,5374.999881,0
93,0,2,246824,11,2015.624883,1791.666550,0
93,2,0,246824,11,1791.666550,2015.624883,0
93,0,3,246824,7,2015.624883,2687.499883,0
93,3,0,246824,7,2687.499883,2015.624883,0
93,0,8,246824,8,2015.624883,8062.499883,0
93,8,0,246824,8,8062.499883,2015.624883,0
93,0,10,246824,10,2015.624883,2687.499883,0
93,10,0,246824,10,2687.499883,2015.624883,0
93,0,12,246824,6,2015.624883,4031.249883,0
93,12,0,246824,6,4031.249883,2015.624883,0
93,0,15,246824,27,2015.624883,3224.999883,0
93,15,0,246824,27,3224.999883,2015.624883,0
93,0,19,246824,25,2015.624883,8062.499883,0
93,19,0,246824,25,8062.499883,2015.624883,0
93,0,22,246824,34,2015.624883,8062.499883,0
93,22,0,246824,34,8062.499883,2015.624883,0
93,1,2,246824,12,1240.384499,1791.666550,0
93,2,1,246824,12,1791.666550,1240.384499,0
93,1,3,246824,9,1240.384499,2687.499883,0
93,3,1,246824,9,2687.499883,1240.384499,0
93,1,4,246824,11,1240.384499,5374.999883,0
93,4,1,246824,11,5374.999883,1240.384499,0
93,1,5,246824,11,1240.384499,8062.499883,0
93,5,1,246824,11,8062.499883,1240.384499,0
93,1,7,246824,10,1240.384499,8062.499883,0
93,7,1,246824,10,8062.499883,1240.384499,0
93,1,8,246824,9,1240.384499,8062.499883,0
93,8,1,246824,9,8062.499883,1240.384499,0
93,1,9,246824,10,1240.384499,5374.999883,0
93,9,1,246824,10,5374.999883,1240.384499,0
93,1,11,246824,8,1240.384499,4031.249883,0
93,11,1,246824,8,4031.249883,1240.384499,0
93,1,13,246824,9,1240.384499,8062.499883,0
93,13,1,246824,9,8062.499883,1240.384499,0
93,1,19,246824,26,1240.384499,8062.499883,0
93,19,1,246824,26,8062.499883,1240.384499,0
93,1,20,246824,40,1240.384499,8062.499883,0
93,20,1,246824,40,8062.499883,1240.384499,0
93,1,26,246824,26,1240.384499,8062.499883,0
93,26,1,246824,26,8062.499883,1240.384499,0
93,1,28,246824,38,1240.384499,8062.499883,0
93,28,1,246824,38,8062.499883,1240.384499,0
93,2,6,246824,13,1791.666550,3224.999883,0
93,6,2,246824,13,3224.999883,1791.666550,0
93,2,16,246824,36,1791.666550,5374.999883,0
93,16,2,246824,36,5374.999883,1791.666550,0
93,2,18,246824,22,1791.666550,8062.499883,0
93,18,2,246824,22,8062.499883,1791.666550,0
93,2,21,246824,23,1791.666550,8062.499883,0
93,21,2,246824,23,8062.499883,1791.666550,0
93,2,23,246824,35,1791.666550,8062.499883,0
93,23,2,246824,35,8062.499883,1791.666550,0
93,2,24,246824,38,1791.666550,8062.499883,0
93,24,2,246824,38,8062.499883,1791.666550,0
93,2,29,246824,27,1791.666550,8062.499883,0
93,29,2,246824,27,8062.499883,1791.666550,0
93,3,4,246824,11,2687.499883,5374.999883,0
93,4,3,246824,11,5374.999883,2687.499883,0
93,3,12,246824,7,2687.499883,4031.249883,0
93,12,3,246824,7,4031.249883,2687.499883,0
93,3,16,246824,35,2687.499883,5374.999883,0
93,16,3,246824,35,5374.999883,2687.499883,0
93,3,27,246824,24,2687.499883,8062.499883,0
93,27,3,246824,24,8062.499883,2687.499883,0
93,4,14,246824,11,5374.999883,5374.999883,0
93,14,4,246824,11,5374.999883,5374.999883,0
93,5,13,246824,10,8062.499883,8062.499883,0
93,13,5,246824,10,8062.499883,8062.499883,0
93,6,7,246824,11,3224.999883,8062.499883,0
93,7,6,246824,11,8062.499883,3224.999883,0
93,6,20,246824,41,3224.999883,8062.499883,0
93,20,6,246824,41,8062.499883,3224.999883,0
93,6,21,246824,23,3224.999883,8062.499883,0
93,21,6,246824,23,8062.499883,3224.999883,0
93,6,25,246824,29,3224.999883,8062.499883,0
93,25,6,246824,29,8062.499883,3224.999883,0
93,9,10,246824,12,5374.999883,2687.499883,0
93,10,9,246824,12,2687.499883,5374.999883,0
93,9,11,246824,9,5374.999883,4031.249883,0
93,11,9,246824,9,4031.249883,5374.999883,0
93,10,14,246824,11,2687.499883,5374.999883,0
93,14,10,246824,11,5374.999883,2687.499883,0
93,10,17,246824,24,2687.499883,8062.499883,0
93,17,10,246824,24,8062.499883,2687.499883,0
93,10,18,246824,22,2687.499883,8062.499883,0
93,18,10,246824,22,8062.499883,2687.499883,0
93,10,27,246824,25,2687.499883,8062.499883,0
93,27,10,246824,25,8062.499883,2687.499883,0
93,11,15,246824,27,4031.249883,3224.999883,0
93,15,11,246824,27,3224.999883,4031.249883,0
93,11,26,246824,25,4031.249883,8062.499883,0
93,26,11,246824,25,8062.499883,4031.249883,0
93,12,23,246824,33,4031.249883,8062.499883,0
93,23,12,246824,33,8062.499883,4031.249883,0
93,12,24,246824,36,4031.249883,8062.499883,0
93,24,12,246824,36,8062.499883,4031.249883,0
93,14,17,246824,23,5374.999883,8062.499883,0
93,17,14,246824,23,8062.499883,5374.999883,0
93,15,22,246824,43,3224.999883,8062.499883,0
93,22,15,246824,43,8062.499883,3224.999883,0
93,15,28,246824,46,3224.999883,8062.499883,0
93,28,15,246824,46,8062.499883,3224.999883,0
93,15,29,246824,34,3224.999883,8062.499883,0
93,29,15,246824,34,8062.499883,3224.999883,0
93,16,25,246824,43,5374.999883,8062.499883,0
93,25,16,246824,43,8062.499883,5374.999883,0
94,0,1,246824,8,2303.571309,1343.749881,0
94,1,0,246824,8,1343.749881,2303.571309,0
94,0,2,246824,11,2303.571309,1791.666547,0
94,2,0,246824,11,1791.666547,2303.571309,0
94,0,8,246824,8,2303.571309,8062.499881,0
94,8,0,246824,8,8062.499881,2303.571309,0
94,0,12,246824,6,2303.571309,4031.249881,0
94,12,0,246824,6,4031.249881,2303.571309,0
94,0,15,246824,27,2303.571309,3224.999881,0
94,15,0,246824,27,3224.999881,2303.571309,0
94,0,19,246824,25,2303.571309,8062.499881,0
94,19,0,246824,25,8062.499881,2303.571309,0
94,0,22,246824,34,2303.571309,8062.499881,0
94,22,0,246824,34,8062.499881,2303.571309,0
94,1,2,246824,12,1343.749881,1791.666547,0
94,2,1,246824,12,1791.666547,1343.749881,0
94,1,3,246824,9,1343.749881,2303.571309,0
94,3,1,246824,9,2303.571309,1343.749881,0
94,1,7,246824,10,1343.749881,8062.499881,0
94,7,1,246824,10,8062.499881,1343.749881,0
94,1,8,246824,9,1343.749881,8062.499881,0
94,8,1,246824,9,8062.499881,1343.749881,0
94,1,9,246824,10,1343.749881,4031.249881,0
94,9,1,246824,10,4031.249881,1343.749881,0
94,1,11,246824,8,1343.749881,4031.249881,0
94,11,1,246824,8,4031.249881,1343.749881,0
94,1,13,246824,9,1343.749881,8062.499881,0
94,13,1,246824,9,8062.499881,1343.749881,0
94,1,19,246824,26,1343.749881,8062.499881,0
94,19,1,246824,26,8062.499881,1343.749881,0
94,1,20,246824,40,1343.749881,8062.499881,0
94,20,1,246824,40,8062.499881,1343.749881,0
94,1,26,246824,26,1343.749881,8062.499881,0
94,26,1,246824,26,8062.499881,1343.749881,0
94,1,28,246824,38,1343.749881,8062.499881,0
94,28,1,246824,38,8062.499881,1343.749881,0
94,2,6,246824,13,1791.666547,2687.499881,0
94,6,2,246824,13,2687.499881,1791.666547,0
94,2,16,246824,36,1791.666547,5374.999881,0
94,16,2,246824,36,5374.999881,1791.666547,0
94,2,18,246824,22,1791.666547,8062.499881,0
94,18,2,246824,22,8062.499881,1791.666547,0
94,2,21,246824,23,1791.666547,8062.499881,0
94,21,2,246824,23,8062.499881,1791.666547,0
94,2,23,246824,35,1791.666547,8062.499881,0
94,23,2,246824,35,8062.499881,1791.666547,0
94,2,24,246824,38,1791.666547,8062.499881,0
94,24,2,246824,38,8062.499881,1791.666547,0
94,2,29,246824,27,1791.666547,8062.499881,0
94,29,2,246824,27,8062.499881,1791.666547,0
94,3,4,246824,11,2303.571309,5374.999881,0
94,4,3,246824,11,5374.999881,2303.571309,0
94,3,5,246824,10,2303.571309,8062.499881,0
94,5,3,246824,10,8062.499881,2303.571309,0
94,3,6,246824,10,2303.571309,2687.499881,0
94,6,3,246824,10,2687.499881,2303.571309,0
94,3,12,246824,7,2303.571309,4031.249881,0
94,12,3,246824,7,4031.249881,2303.571309,0
94,3,16,246824,35,2303.571309,5374.999881,0
94,16,3,246824,35,5374.999881,2303.571309,0
94,3,27,246824,24,2303.571309,8062.499881,0
94,27,3,246824,24,8062.499881,2303.571309,0
94,4,9,246824,12,5374.999881,4031.249881,0
94,9,4,246824,12,4031.249881,5374.999881,0
94,4,14,246824,11,5374.999881,5374.999881,0
94,14,4,246824,11,5374.999881,5374.999881,0
94,5,13,246824,10,8062.499881,8062.499881,0
94,13,5,246824,10,8062.499881,8062.499881,0
94,6,7,246824,11,2687.499881,8062.499881,0
94,7,6,246824,11,8062.499881,2687.499881,0
94,6,20,246824,41,2687.499881,8062.499881,0
94,20,6,246824,41,8062.499881,2687.499881,0
94,6,21,246824,23,2687.499881,8062.499881,0
94,21,6,246824,23,8062.499881,2687.499881,0
94,6,25,246824,29,2687.499881,8062.499881,0
94,25,6,246824,29,8062.499881,2687.499881,0
94,9,10,246824,12,4031.249881,3224.999881,0
94,10,9,246824,12,3224.999881,4031.249881,0
94,9,11,246824,9,4031.249881,4031.249881,0
94,11,9,246824,9,4031.249881,4031.249881,0
94,10,14,246824,11,3224.999881,5374.999881,0
94,14,10,246824,11,5374.999881,3224.999881,0
94,10,17,246824,24,3224.999881,8062.499881,0
94,17,10,246824,24,8062.499881,3224.999881,0
94,10,18,246824,22,3224.999881,8062.499881,0
94,18,10,246824,22,8062.499881,3224.999881,0
94,10,27,246824,25,3224.999881,8062.499881,0
94,27,10,246824,25,8062.499881,3224.999881,0
94,11,15,246824,27,4031.249881,3224.999881,0
94,15,11,246824,27,3224.999881,4031.249881,0
94,11,26,246824,25,4031.249881,8062.499881,0
94,26,11,246824,25,8062.499881,4031.249881,0
94,12,23,246824,33,4031.249881,8062.499881,0
94,23,12,246824,33,8062.499881,4031.249881,0
94,12,24,246824,36,4031.249881,8062.499881,0
94,24,12,246824,36,8062.499881,4031.249881,0
94,14,17,246824,23,5374.999881,8062.499881,0
94,17,14,246824,23,8062.499881,5374.999881,0
94,15,22,246824,43,3224.999881,8062.499881,0
94,22,15,246824,43,8062.499881,3224.999881,0
94,15,28,246824,46,3224.999881,8062.499881,0
94,28,15,246824,46,8062.499881,3224.999881,0
94,15,29,246824,34,3224.999881,8062.499881,0
94,29,15,246824,34,8062.499881,3224.999881,0
94,16,25,246824,43,5374.999881,8062.499881,0
94,25,16,246824,43,8062.499881,5374.999881,0
95,0,2,246824,11,2303.571309,1791.666547,0
95,2,0,246824,11,1791.666547,2303.571309,0
95,0,8,246824,8,2303.571309,8062.499881,0
95,8,0,246824,8,8062.499881,2303.571309,0
95,0,10,246824,10,2303.571309,2687.499881,0
95,10,0,246824,10,2687.499881,2303.571309,0
95,0,12,246824,6,2303.571309,4031.249881,0
95,12,0,246824,6,4031.249881,2303.571309,0
95,0,15,246824,27,2303.571309,3224.999881,0
95,15,0,246824,27,3224.999881,2303.571309,0
95,0,19,246824,25,2303.571309,8062.499881,0
95,19,0,246824,25,8062.499881,2303.571309,0
95,0,22,246824,34,2303.571309,8062.499881,0
95,22,0,246824,34,8062.499881,2303.571309,0
95,1,2,246824,12,1343.749881,1791.666547,0
95,2,1,246824,12,1791.666547,1343.749881,0
95,1,3,246824,9,1343.749881,2303.571309,0
95,3,1,246824,9,2303.571309,1343.749881,0
95,1,4,246824,11,1343.749881,5374.999881,0
95,4,1,246824,11,5374.999881,1343.749881,0
95,1,7,246824,10,1343.749881,8062.499881,0
95,7,1,246824,10,8062.499881,1343.749881,0
95,1,8,246824,9,1343.749881,8062.499881,0
95,8,1,246824,9,8062.499881,1343.749881,0
95,1,9,246824,10,1343.749881,5374.999881,0
95,9,1,246824,10,5374.999881,1343.749881,0
95,1,11,246824,8,1343.749881,4031.249881,0
95,11,1,246824,8,4031.249881,1343.749881,0
95,1,13,246824,9,1343.749881,8062.499881,0
95,13,1,246824,9,8062.499881,1343.749881,0
95,1,19,246824,26,1343.749881,8062.499881,0
95,19,1,246824,26,8062.499881,1343.749881,0
95,1,20,246824,40,1343.749881,8062.499881,0
95,20,1,246824,40,8062.499881,1343.749881,0
95,1,26,246824,26,1343.749881,8062.499881,0
95,26,1,246824,26,8062.499881,1343.749881,0
95,1,28,246824,38,1343.749881,8062.499881,0
95,28,1,246824,38,8062.499881,1343.749881,0
95,2,6,246824,13,1791.666547,2687.499881,0
95,6,2,246824,13,2687.499881,1791.666547,0
95,2,16,246824,36,1791.666547,5374.999881,0
95,16,2,246824,36,5374.999881,1791.666547,0
95,2,18,246824,22,1791.666547,8062.499881,0
95,18,2,246824,22,8062.499881,1791.666547,0
95,2,21,246824,23,1791.666547,8062.499881,0
95,21,2,246824,23,8062.499881,1791.666547,0
95,2,23,246824,35,1791.666547,8062.499881,0
95,23,2,246824,35,8062.499881,1791.666547,0
95,2,24,246824,38,1791.666547,8062.499881,0
95,24,2,246824,38,8062.499881,1791.666547,0
95,2,29,246824,27,1791.666547,8062.499881,0
95,29,2,246824,27,8062.499881,1791.666547,0
95,3,4,246824,11,2303.571309,5374.999881,0
95,4,3,246824,11,5374.999881,2303.571309,0
95,3,5,246824,10,2303.571309,8062.499881,0
95,5,3,246824,10,8062.499881,2303.571309,0
95,3,6,246824,10,2303.571309,2687.499881,0
95,6,3,246824,10,2687.499881,2303.571309,0
95,3,12,246824,7,2303.571309,4031.249881,0
95,12,3,246824,7,4031.249881,2303.571309,0
95,3,16,246824,35,2303.571309,5374.999881,0
95,16,3,246824,35,5374.999881,2303.571309,0
95,3,27,246824,24,2303.571309,8062.499881,0
95,27,3,246824,24,8062.499881,2303.571309,0
95,4,14,246824,11,5374.999881,5374.999881,0
95,14,4,246824,11,5374.999881,5374.999881,0
95,5,13,246824,10,8062.499881,8062.499881,0
95,13,5,246824,10,8062.499881,8062.499881,0
95,6,7,246824,11,2687.499881,8062.499881,0
95,7,6,246824,11,8062.499881,2687.499881,0
95,6,20,246824,41,2687.499881,8062.499881,0
95,20,6,246824,41,8062.499881,2687.499881,0
95,6,21,246824,23,2687.499881,8062.499881,0
95,21,6,246824,23,8062.499881,2687.499881,0
95,6,25,246824,29,2687.499881,8062.499881,0
95,25,6,246824,29,8062.499881,2687.499881,0
95,9,10,246824,12,5374.999881,2687.499881,0
95,10,9,246824,12,2687.499881,5374.999881,0
95,9,11,246824,9,5374.999881,4031.249881,0
95,11,9,246824,9,4031.249881,5374.999881,0
95,10,14,246824,11,2687.499881,5374.999881,0
95,14,10,246824,11,5374.999881,2687.499881,0
95,10,17,246824,24,2687.499881,8062.499881,0
95,17,10,246824,24,8062.499881,2687.499881,0
95,10,18,246824,22,2687.499881,8062.499881,0
95,18,10,246824,22,8062.499881,2687.499881,0
95,10,27,246824,25,2687.499881,8062.499881,0
95,27,10,246824,25,8062.499881,2687.499881,0
95,11,15,246824,27,4031.249881,3224.999881,0
95,15,11,246824,27,3224.999881,4031.249881,0
95,11,26,246824,25,4031.249881,8062.499881,0
95,26,11,246824,25,8062.499881,4031.249881,0
95,12,23,246824,33,4031.249881,8062.499881,0
95,23,12,246824,33,8062.499881,4031.249881,0
95,12,24,246824,36,4031.249881,8062.499881,0
95,24,12,246824,36,8062.499881,4031.249881,0
95,14,17,246824,23,5374.999881,8062.499881,0
95,17,14,246824,23,8062.499881,5374.999881,0
95,15,22,246824,43,3224.999881,8062.499881,0
95,22,15,246824,43,8062.499881,3224.999881,0
95,15,28,246824,46,3224.999881,8062.499881,0
95,28,15,246824,46,8062.499881,3224.999881,0
95,15,29,246824,34,3224.999881,8062.499881,0
95,29,15,246824,34,8062.499881,3224.999881,0
95,16,25,246824,43,5374.999881,8062.499881,0
95,25,16,246824,43,8062.499881,5374.999881,0
96,0,2,246824,11,2015.624881,1791.666547,0
96,2,0,246824,11,1791.666547,2015.624881,0
96,0,3,246824,7,2015.624881,2303.571309,0
96,3,0,246824,7,2303.571309,2015.624881,0
96,0,8,246824,8,2015.624881,8062.499881,0
96,8,0,246824,8,8062.499881,2015.624881,0
96,0,10,246824,10,2015.624881,2687.499881,0
96,10,0,246824,10,2687.499881,2015.624881,0
96,0,12,246824,6,2015.624881,4031.249881,0
96,12,0,246824,6,4031.249881,2015.624881,0
96,0,15,246824,27,2015.624881,3224.999881,0
96,15,0,246824,27,3224.999881,2015.624881,0
96,0,19,246824,25,2015.624881,8062.499881,0
96,19,0,246824,25,8062.499881,2015.624881,0
96,0,22,246824,34,2015.624881,8062.499881,0
96,22,0,246824,34,8062.499881,2015.624881,0
96,1,2,246824,12,1240.384496,1791.666547,0
96,2,1,246824,12,1791.666547,1240.384496,0
96,1,3,246824,9,1240.384496,2303.571309,0
96,3,1,246824,9,2303.571309,1240.384496,0
96,1,4,246824,11,1240.384496,5374.999881,0
96,4,1,246824,11,5374.999881,1240.384496,0
96,1,5,246824,11,1240.384496,5374.999881,0
96,5,1,246824,11,5374.999881,1240.384496,0
96,1,7,246824,10,1240.384496,8062.499881,0
96,7,1,246824,10,8062.499881,1240.384496,0
96,1,8,246824,9,1240.384496,8062.499881,0
96,8,1,246824,9,8062.499881,1240.384496,0
96,1,9,246824,10,1240.384496,4031.249881,0
96,9,1,246824,10,4031.249881,1240.384496,0
96,1,11,246824,8,1240.384496,4031.249881,0
96,11,1,246824,8,4031.249881,1240.384496,0
96,1,13,246824,9,1240.384496,8062.499881,0
96,13,1,246824,9,8062.499881,1240.384496,0
96,1,19,246824,26,1240.384496,8062.499881,0
96,19,1,246824,26,8062.499881,1240.384496,0
96,1,20,246824,40,1240.384496,8062.499881,0
96,20,1,246824,40,8062.499881,1240.384496,0
96,1,26,246824,26,1240.384496,8062.499881,0
96,26,1,246824,26,8062.499881,1240.384496,0
96,1,28,246824,38,1240.384496,8062.499881,0
96,28,1,246824,38,8062.499881,1240.384496,0
96,2,6,246824,13,1791.666547,2687.499881,0
96,6,2,246824,13,2687.499881,1791.666547,0
96,2,16,246824,36,1791.666547,5374.999881,0
96,16,2,246824,36,5374.999881,1791.666547,0
96,2,18,246824,22,1791.666547,8062.499881,0
96,18,2,246824,22,8062.499881,1791.666547,0
96,2,21,246824,23,1791.666547,8062.499881,0
96,21,2,246824,23,8062.499881,1791.666547,0
96,2,23,246824,35,1791.666547,8062.499881,0
96,23,2,246824,35,8062.499881,1791.666547,0
96,2,24,246824,38,1791.666547,8062.499881,0
96,24,2,246824,38,8062.499881,1791.666547,0
96,2,29,246824,27,1791.666547,8062.499881,0
96,29,2,246824,27,8062.499881,1791.666547,0
96,3,5,246824,10,2303.571309,5374.999881,0
96,5,3,246824,10,5374.999881,2303.571309,0
96,3,6,246824,10,2303.571309,2687.499881,0
96,6,3,246824,10,2687.499881,2303.571309,0
96,3,12,246824,7,2303.571309,4031.249881,0
96,12,3,246824,7,4031.249881,2303.571309,0
96,3,16,246824,35,2303.571309,5374.999881,0
96,16,3,246824,35,5374.999881,2303.571309,0
96,3,27,246824,24,2303.571309,8062.499881,0
96,27,3,246824,24,8062.499881,2303.571309,0
96,4,9,246824,12,5374.999881,4031.249881,0
96,9,4,246824,12,4031.249881,5374.999881,0
96,4,14,246824,11,5374.999881,5374.999881,0
96,14,4,246824,11,5374.999881,5374.999881,0
96,5,13,246824,10,5374.999881,8062.499881,0
96,13,5,246824,10,8062.499881,5374.999881,0
96,6,7,246824,11,2687.499881,8062.499881,0
96,7,6,246824,11,8062.499881,2687.499881,0
96,6,20,246824,41,2687.499881,8062.499881,0
96,20,6,246824,41,8062.499881,2687.499881,0
96,6,21,246824,23,2687.499881,8062.499881,0
96,21,6,246824,23,8062.499881,2687.499881,0
96,6,25,246824,29,2687.499881,8062.499881,0
96,25,6,246824,29,8062.499881,2687.499881,0
96,9,10,246824,12,4031.249881,2687.499881,0
96,10,9,246824,12,2687.499881,4031.249881,0
96,9,11,246824,9,4031.249881,4031.249881,0
96,11,9,246824,9,4031.249881,4031.249881,0
96,10,14,246824,11,2687.499881,5374.999881,0
96,14,10,246824,11,5374.999881,2687.499881,0
96,10,17,246824,24,2687.499881,8062.499881,0
96,17,10,246824,24,8062.499881,2687.499881,0
96,10,18,246824,22,2687.499881,8062.499881,0
96,18,10,246824,22,8062.499881,2687.499881,0
96,10,27,246824,25,2687.499881,8062.499881,0
96,27,10,246824,25,8062.499881,2687.499881,0
96,11,15,246824,27,4031.249881,3224.999881,0
96,15,11,246824,27,3224.999881,4031.249881,0
96,11,26,246824,25,4031.249881,8062.499881,0
96,26,11,246824,25,8062.499881,4031.249881,0
96,12,23,246824,33,4031.249881,8062.499881,0
96,23,12,246824,33,8062.499881,4031.249881,0
96,12,24,246824,36,4031.249881,8062.499881,0
96,24,12,246824,36,8062.499881,4031.249881,0
96,14,17,246824,23,5374.999881,8062.499881,0
96,17,14,246824,23,8062.499881,5374.999881,0
96,15,22,246824,43,3224.999881,8062.499881,0
96,22,15,246824,43,8062.499881,3224.999881,0
96,15,28,246824,46,3224.999881,8062.499881,0
96,28,15,246824,46,8062.499881,3224.999881,0
96,15,29,246824,34,3224.999881,8062.499881,0
96,29,15,246824,34,8062.499881,3224.999881,0
96,16,25,246824,43,5374.999881,8062.499881,0
96,25,16,246824,43,8062.499881,5374.999881,0
97,0,3,246824,7,2303.571309,2687.499881,0
97,3,0,246824,7,2687.499881,2303.571309,0
97,0,8,246824,8,2303.571309,8062.499881,0
97,8,0,246824,8,8062.499881,2303.571309,0
97,0,10,246824,10,2303.571309,2687.499881,0
97,10,0,246824,10,2687.499881,2303.571309,0
97,0,12,246824,6,2303.571309,4031.249881,0
97,12,0,246824,6,4031.249881,2303.571309,0
97,0,15,246824,27,2303.571309,3224.999881,0
97,15,0,246824,27,3224.999881,2303.571309,0
97,0,19,246824,25,2303.571309,8062.499881,0
97,19,0,246824,25,8062.499881,2303.571309,0
97,0,22,246824,34,2303.571309,8062.499881,0
97,22,0,246824,34,8062.499881,2303.571309,0
97,1,2,246824,12,1240.384496,2015.624881,0
97,2,1,246824,12,2015.624881,1240.384496,0
97,1,3,246824,9,1240.384496,2687.499881,0
97,3,1,246824,9,2687.499881,1240.384496,0
97,1,4,246824,11,1240.384496,5374.999881,0
97,4,1,246824,11,5374.999881,1240.384496,0
97,1,5,246824,11,1240.384496,8062.499881,0
97,5,1,246824,11,8062.499881,1240.384496,0
97,1,7,246824,10,1240.384496,8062.499881,0
97,7,1,246824,10,8062.499881,1240.384496,0
97,1,8,246824,9,1240.384496,8062.499881,0
97,8,1,246824,9,8062.499881,1240.384496,0
97,1,9,246824,10,1240.384496,5374.999881,0
97,9,1,246824,10,5374.999881,1240.384496,0
97,1,11,246824,8,1240.384496,4031.249881,0
97,11,1,246824,8,4031.249881,1240.384496,0
97,1,13,246824,9,1240.384496,8062.499881,0
97,13,1,246824,9,8062.499881,1240.384496,0
97,1,19,246824,26,1240.384496,8062.499881,0
97,19,1,246824,26,8062.499881,1240.384496,0
97,1,20,246824,40,1240.384496,8062.499881,0
97,20,1,246824,40,8062.499881,1240.384496,0
97,1,26,246824,26,1240.384496,8062.499881,0
97,26,1,246824,26,8062.499881,1240.384496,0
97,1,28,246824,38,1240.384496,8062.499881,0
97,28,1,246824,38,8062.499881,1240.384496,0
97,2,6,246824,13,2015.624881,3224.999881,0
97,6,2,246824,13,3224.999881,2015.624881,0
97,2,16,246824,36,2015.624881,5374.999881,0
97,16,2,246824,36,5374.999881,2015.624881,0
97,2,18,246824,22,2015.624881,8062.499881,0
97,18,2,246824,22,8062.499881,2015.624881,0
97,2,21,246824,23,2015.624881,8062.499881,0
97,21,2,246824,23,8062.499881,2015.624881,0
97,2,23,246824,35,2015.624881,8062.499881,0
97,23,2,246824,35,8062.499881,2015.624881,0
97,2,24,246824,38,2015.624881,8062.499881,0
97,24,2,246824,38,8062.499881,2015.624881,0
97,2,29,246824,27,2015.624881,8062.499881,0
97,29,2,246824,27,8062.499881,2015.624881,0
97,3,4,246824,11,2687.499881,5374.999881,0
97,4,3,246824,11,5374.999881,2687.499881,0
97,3,12,246824,7,2687.499881,4031.249881,0
97,12,3,246824,7,4031.249881,2687.499881,0
97,3,16,246824,35,2687.499881,5374.999881,0
97,16,3,246824,35,5374.999881,2687.499881,0
97,3,27,246824,24,2687.499881,8062.499881,0
97,27,3,246824,24,8062.499881,2687.499881,0
97,4,14,246824,11,5374.999881,5374.999881,0
97,14,4,246824,11,5374.999881,5374.999881,0
97,5,13,246824,10,8062.499881,8062.499881,0
97,13,5,246824,10,8062.499881,8062.499881,0
97,6,7,246824,11,3224.999881,8062.499881,0
97,7,6,246824,11,8062.499881,3224.999881,0
97,6,20,246824,41,3224.999881,8062.499881,0
97,20,6,246824,41,8062.499881,3224.999881,0
97,6,21,246824,23,3224.999881,8062.499881,0
97,21,6,246824,23,8062.499881,3224.999881,0
97,6,25,246824,29,3224.999881,8062.499881,0
97,25,6,246824,29,8062.499881,3224.999881,0
97,9,10,246824,12,5374.999881,2687.499881,0
97,10,9,246824,12,2687.499881,5374.999881,0
97,9,11,246824,9,5374.999881,4031.249881,0
97,11,9,246824,9,4031.249881,5374.999881,0
97,10,14,246824,11,2687.499881,5374.999881,0
97,14,10,246824,11,5374.999881,2687.499881,0
97,10,17,246824,24,2687.499881,8062.499881,0
97,17,10,246824,24,8062.499881,2687.499881,0
97,10,18,246824,22,2687.499881,8062.499881,0
97,18,10,246824,22,8062.499881,2687.499881,0
97,10,27,246824,25,2687.499881,8062.499881,0
97,27,10,246824,25,8062.499881,2687.499881,0
97,11,15,246824,27,4031.249881,3224.999881,0
97,15,11,246824,27,3224.999881,4031.249881,0
97,11,26,246824,25,4031.249881,8062.499881,0
97,26,11,246824,25,8062.499881,4031.249881,0
97,12,23,246824,33,4031.249881,8062.499881,0
97,23,12,246824,33,8062.499881,4031.249881,0
97,12,24,246824,36,4031.249881,8062.499881,0
97,24,12,246824,36,8062.499881,4031.249881,0
97,14,17,246824,23,5374.999881,8062.499881,0
97,17,14,246824,23,8062.499881,5374.999881,0
97,15,22,246824,43,3224.999881,8062.499881,0
97,22,15,246824,43,8062.499881,3224.999881,0
97,15,28,246824,46,3224.999881,8062.499881,0
97,28,15,246824,46,8062.499881,3224.999881,0
97,15,29,246824,34,3224.999881,8062.499881,0
97,29,15,246824,34,8062.499881,3224.999881,0
97,16,25,246824,43,5374.999881,8062.499881,0
97,25,16,246824,43,8062.499881,5374.999881,0
98,0,2,246824,11,2303.571309,1791.666547,0
98,2,0,246824,11,1791.666547,2303.571309,0
98,0,8,246824,8,2303.571309,8062.499881,0
98,8,0,246824,8,8062.499881,2303.571309,0
98,0,10,246824,10,2303.571309,2687.499881,0
98,10,0,246824,10,2687.499881,2303.571309,0
98,0,12,246824,6,2303.571309,4031.249881,0
98,12,0,246824,6,4031.249881,2303.571309,0
98,0,15,246824,27,2303.571309,3224.999881,0
98,15,0,246824,27,3224.999881,2303.571309,0
98,0,19,246824,25,2303.571309,8062.499881,0
98,19,0,246824,25,8062.499881,2303.571309,0
98,0,22,246824,34,2303.571309,8062.499881,0
98,22,0,246824,34,8062.499881,2303.571309,0
98,1,2,246824,12,1343.749881,1791.666547,0
98,2,1,246824,12,1791.666547,1343.749881,0
98,1,4,246824,11,1343.749881,5374.999881,0
98,4,1,246824,11,5374.999881,1343.749881,0
98,1,5,246824,11,1343.749881,5374.999881,0
98,5,1,246824,11,5374.999881,1343.749881,0
98,1,7,246824,10,1343.749881,8062.499881,0
98,7,1,246824,10,8062.499881,1343.749881,0
98,1,8,246824,9,1343.749881,8062.499881,0
98,8,1,246824,9,8062.499881,1343.749881,0
98,1,9,246824,10,1343.749881,4031.249881,0
98,9,1,246824,10,4031.249881,1343.749881,0
98,1,11,246824,8,1343.749881,4031.249881,0
98,11,1,246824,8,4031.249881,1343.749881,0
98,1,13,246824,9,1343.749881,8062.499881,0
98,13,1,246824,9,8062.499881,1343.749881,0
98,1,19,246824,26,1343.749881,8062.499881,0
98,19,1,246824,26,8062.499881,1343.749881,0
98,1,20,246824,40,1343.749881,8062.499881,0
98,20,1,246824,40,8062.499881,1343.749881,0
98,1,26,246824,26,1343.749881,8062.499881,0
98,26,1,246824,26,8062.499881,1343.749881,0
98,1,28,246824,38,1343.749881,8062.499881,0
98,28,1,246824,38,8062.499881,1343.749881,0
98,2,6,246824,13,1791.666547,2687.499881,0
98,6,2,246824,13,2687.499881,1791.666547,0
98,2,16,246824,36,1791.666547,5374.999881,0
98,16,2,246824,36,5374.999881,1791.666547,0
98,2,18,246824,22,1791.666547,8062.499881,0
98,18,2,246824,22,8062.499881,1791.666547,0
98,2,21,246824,23,1791.666547,8062.499881,0
98,21,2,246824,23,8062.499881,1791.666547,0
98,2,23,246824,35,1791.666547,8062.499881,0
98,23,2,246824,35,8062.499881,1791.666547,0
98,2,24,246824,38,1791.666547,8062.499881,0
98,24,2,246824,38,8062.499881,1791.666547,0
98,2,29,246824,27,1791.666547,8062.499881,0
98,29,2,246824,27,8062.499881,1791.666547,0
98,3,5,246824,10,3224.999881,5374.999881,0
98,5,3,246824,10,5374.999881,3224.999881,0
98,3,6,246824,10,3224.999881,2687.499881,0
98,6,3,246824,10,2687.499881,3224.999881,0
98,3,12,246824,7,3224.999881,4031.249881,0
98,12,3,246824,7,4031.249881,3224.999881,0
98,3,16,246824,35,3224.999881,5374.999881,0
98,16,3,246824,35,5374.999881,3224.999881,0
98,3,27,246824,24,3224.999881,8062.499881,0
98,27,3,246824,24,8062.499881,3224.999881,0
98,4,9,246824,12,5374.999881,4031.249881,0
98,9,4,246824,12,4031.249881,5374.999881,0
98,4,14,246824,11,5374.999881,5374.999881,0
98,14,4,246824,11,5374.999881,5374.999881,0
98,5,13,246824,10,5374.999881,8062.499881,0
98,13,5,246824,10,8062.499881,5374.999881,0
98,6,7,246824,11,2687.499881,8062.499881,0
98,7,6,246824,11,8062.499881,2687.499881,0
98,6,20,246824,41,2687.499881,8062.499881,0
98,20,6,246824,41,8062.499881,2687.499881,0
98,6,21,246824,23,2687.499881,8062.499881,0
98,21,6,246824,23,8062.499881,2687.499881,0
98,6,25,246824,29,2687.499881,8062.499881,0
98,25,6,246824,29,8062.499881,2687.499881,0
98,9,10,246824,12,4031.249881,2687.499881,0
98,10,9,246824,12,2687.499881,4031.249881,0
98,9,11,246824,9,4031.249881,4031.249881,0
98,11,9,246824,9,4031.249881,4031.249881,0
98,10,14,246824,11,2687.499881,5374.999881,0
98,14,10,246824,11,5374.999881,2687.499881,0
98,10,17,246824,24,2687.499881,8062.499881,0
98,17,10,246824,24,8062.499881,2687.499881,0
98,10,18,246824,22,2687.499881,8062.499881,0
98,18,10,246824,22,8062.499881,2687.499881,0
98,10,27,246824,25,2687.499881,8062.499881,0
98,27,10,246824,25,8062.499881,2687.499881,0
98,11,15,246824,27,4031.249881,3224.999881,0
98,15,11,246824,27,3224.999881,4031.249881,0
98,11,26,246824,25,4031.249881,8062.499881,0
98,26,11,246824,25,8062.499881,4031.249881,0
98,12,23,246824,33,4031.249881,8062.499881,0
98,23,12,246824,33,8062.499881,4031.249881,0
98,12,24,246824,36,4031.249881,8062.499881,0
98,24,12,246824,36,8062.499881,4031.249881,0
98,14,17,246824,23,5374.999881,8062.499881,0
98,17,14,246824,23,8062.499881,5374.999881,0
98,15,22,246824,43,3224.999881,8062.499881,0
98,22,15,246824,43,8062.499881,3224.999881,0
98,15,28,246824,46,3224.999881,8062.499881,0
98,28,15,246824,46,8062.499881,3224.999881,0
98,15,29,246824,34,3224.999881,8062.499881,0
98,29,15,246824,34,8062.499881,3224.999881,0
98,16,25,246824,43,5374.999881,8062.499881,0
98,25,16,246824,43,8062.499881,5374.999881,0
99,0,1,246824,8,2015.624881,1240.384496,0
99,1,0,246824,8,1240.384496,2015.624881,0
99,0,2,246824,11,2015.624881,2015.624881,0
99,2,0,246824,11,2015.624881,2015.624881,0
99,0,3,246824,7,2015.624881,2303.571309,0
99,3,0,246824,7,2303.571309,2015.624881,0
99,0,8,246824,8,2015.624881,8062.499881,0
99,8,0,246824,8,8062.499881,2015.624881,0
99,0,12,246824,6,2015.624881,4031.249881,0
99,12,0,246824,6,4031.249881,2015.624881,0
99,0,15,246824,27,2015.624881,3224.999881,0
99,15,0,246824,27,3224.999881,2015.624881,0
99,0,19,246824,25,2015.624881,8062.499881,0
99,19,0,246824,25,8062.499881,2015.624881,0
99,0,22,246824,34,2015.624881,8062.499881,0
99,22,0,246824,34,8062.499881,2015.624881,0
99,1,3,246824,9,1240.384496,2303.571309,0
99,3,1,246824,9,2303.571309,1240.384496,0
99,1,4,246824,11,1240.384496,8062.499881,0
99,4,1,246824,11,8062.499881,1240.384496,0
99,1,5,246824,11,1240.384496,5374.999881,0
99,5,1,246824,11,5374.999881,1240.384496,0
99,1,7,246824,10,1240.384496,8062.499881,0
99,7,1,246824,10,8062.499881,1240.384496,0
99,1,8,246824,9,1240.384496,8062.499881,0
99,8,1,246824,9,8062.499881,1240.384496,0
99,1,9,246824,10,1240.384496,5374.999881,0
99,9,1,246824,10,5374.999881,1240.384496,0
99,1,11,246824,8,1240.384496,4031.249881,0
99,11,1,246824,8,4031.249881,1240.384496,0
99,1,13,246824,9,1240.384496,8062.499881,0
99,13,1,246824,9,8062.499881,1240.384496,0
99,1,19,246824,26,1240.384496,8062.499881,0
99,19,1,246824,26,8062.499881,1240.384496,0
99,1,20,246824,40,1240.384496,8062.499881,0
99,20,1,246824,40,8062.499881,1240.384496,0
99,1,26,246824,26,1240.384496,8062.499881,0
99,26,1,246824,26,8062.499881,1240.384496,0
99,1,28,246824,38,1240.384496,8062.499881,0
99,28,1,246824,38,8062.499881,1240.384496,0
99,2,6,246824,13,2015.624881,2687.499881,0
99,6,2,246824,13,2687.499881,2015.624881,0
99,2,16,246824,36,2015.624881,5374.999881,0
99,16,2,246824,36,5374.999881,2015.624881,0
99,2,18,246824,22,2015.624881,8062.499881,0
99,18,2,246824,22,8062.499881,2015.624881,0
99,2,21,246824,23,2015.624881,8062.499881,0
99,21,2,246824,23,8062.499881,2015.624881,0
99,2,23,246824,35,2015.624881,8062.499881,0
99,23,2,246824,35,8062.499881,2015.624881,0
99,2,24,246824,38,2015.624881,8062.499881,0
99,24,2,246824,38,8062.499881,2015.624881,0
99,2,29,246824,27,2015.624881,8062.499881,0
99,29,2,246824,27,8062.499881,2015.624881,0
99,3,5,246824,10,2303.571309,5374.999881,0
99,5,3,246824,10,5374.999881,2303.571309,0
99,3,6,246824,10,2303.571309,2687.499881,0
99,6,3,246824,10,2687.499881,2303.571309,0
99,3,12,246824,7,2303.571309,4031.249881,0
99,12,3,246824,7,4031.249881,2303.571309,0
99,3,16,246824,35,2303.571309,5374.999881,0
99,16,3,246824,35,5374.999881,2303.571309,0
99,3,27,246824,24,2303.571309,8062.499881,0
99,27,3,246824,24,8062.499881,2303.571309,0
99,4,14,246824,11,8062.499881,5374.999881,0
99,14,4,246824,11,5374.999881,8062.499881,0
99,5,13,246824,10,5374.999881,8062.499881,0
99,13,5,246824,10,8062.499881,5374.999881,0
99,6,7,246824,11,2687.499881,8062.499881,0
99,7,6,246824,11,8062.499881,2687.499881,0
99,6,20,246824,41,2687.499881,8062.499881,0
99,20,6,246824,41,8062.499881,2687.499881,0
99,6,21,246824,23,2687.499881,8062.499881,0
99,21,6,246824,23,8062.499881,2687.499881,0
99,6,25,246824,29,2687.499881,8062.499881,0
99,25,6,246824,29,8062.499881,2687.499881,0
99,9,10,246824,12,5374.999881,3224.999881,0
99,10,9,246824,12,3224.999881,5374.999881,0
99,9,11,246824,9,5374.999881,4031.249881,0
99,11,9,246824,9,4031.249881,5374.999881,0
99,10,14,246824,11,3224.999881,5374.999881,0
99,14,10,246824,11,5374.999881,3224.999881,0
99,10,17,246824,24,3224.999881,8062.499881,0
99,17,10,246824,24,8062.499881,3224.999881,0
99,10,18,246824,22,3224.999881,8062.499881,0
99,18,10,246824,22,8062.499881,3224.999881,0
99,10,27,246824,25,3224.999881,8062.499881,0
99,27,10,246824,25,8062.499881,3224.999881,0
99,11,15,246824,27,4031.249881,3224.999881,0
99,15,11,246824,27,3224.999881,4031.249881,0
99,11,26,246824,25,4031.249881,8062.499881,0
99,26,11,246824,25,8062.499881,4031.249881,0
99,12,23,246824,33,4031.249881,8062.499881,0
99,23,12,246824,33,8062.499881,4031.249881,0
99,12,24,246824,36,4031.249881,8062.499881,0
99,24,12,246824,36,8062.499881,4031.249881,0
99,14,17,246824,23,5374.999881,8062.499881,0
99,17,14,246824,23,8062.499881,5374.999881,0
99,15,22,246824,43,3224.999881,8062.499881,0
99,22,15,246824,43,8062.499881,3224.999881,0
99,15,28,246824,46,3224.999881,8062.499881,0
99,28,15,246824,46,8062.499881,3224.999881,0
99,15,29,246824,34,3224.999881,8062.499881,0
99,29,15,246824,34,8062.499881,3224.999881,0
99,16,25,246824,43,5374.999881,8062.499881,0
99,25,16,246824,43,8062.499881,5374.999881,0
