round,node,peers,ul_bytes,dl_bytes,busy_ticks,train_ticks,round_duration_ticks,idle_ticks
0,0,2;3,987296,987296,75,48,931,856
0,1,0;2,1234120,1234120,62,24,931,869
0,2,3;12,1234120,1234120,60,33,931,871
0,3,0;2,1480944,1480944,90,53,931,841
0,4,3;7,740472,740472,114,75,931,817
0,5,6;7,740472,740472,115,78,931,816
0,6,7;9,987296,987296,121,92,931,810
0,7,8;12,1727768,1727768,107,78,931,824
0,8,9;11,1727768,1727768,125,91,931,806
0,9,8;12,987296,987296,39,28,931,892
0,10,8;13,740472,740472,66,43,931,865
0,11,12;13,987296,987296,53,32,931,878
0,12,11;13,1234120,1234120,91,80,931,840
0,13,12;14,1727768,1727768,56,21,931,875
0,14,9;13,987296,987296,112,77,931,819
0,15,6;13,493648,493648,705,676,931,226
0,16,13;14,493648,493648,615,580,931,316
0,17,14;18,1234120,1234120,931,889,931,0
0,18,3;8,987296,987296,443,413,931,488
0,19,17;18,493648,493648,525,495,931,406
0,20,17;21,493648,493648,549,507,931,382
0,21,10;11,740472,740472,486,444,931,445
0,22,1;5,493648,493648,854,817,931,77
0,23,8;17,493648,493648,890,854,931,41
0,24,1;3,493648,493648,363,326,931,568
0,25,0;7,740472,740472,460,423,931,471
0,26,8;25,493648,493648,377,340,931,554
0,27,3;13,493648,493648,477,453,931,454
0,28,1;4,493648,493648,637,598,931,294
0,29,2;7,493648,493648,743,716,931,188
1,0,1;2,987296,987296,75,48,935,860
1,1,0;4,1727768,1727768,62,24,935,873
1,2,0;1,1234120,1234120,60,33,935,875
1,3,0;4,987296,987296,90,53,935,845
1,4,1;2,1480944,1480944,114,75,935,821
1,5,2;4,1234120,1234120,115,78,935,820
1,6,5;9,493648,493648,104,92,935,831
1,7,5;9,1727768,1727768,107,78,935,828
1,8,7;10,987296,987296,125,91,935,810
1,9,7;11,1480944,1480944,40,28,935,895
1,10,9;11,987296,987296,55,43,935,880
1,11,9;14,1234120,1234120,53,32,935,882
1,12,7;9,493648,493648,89,80,935,846
1,13,10;11,1234120,1234120,56,21,935,879
1,14,9;11,740472,740472,100,77,935,835
1,15,13;18,493648,493648,708,676,935,227
1,16,13;18,493648,493648,619,580,935,316
1,17,14;19,493648,493648,917,889,935,18
1,18,1;7,1234120,1234120,452,413,935,483
1,19,18;21,987296,987296,540,495,935,395
1,20,19;29,493648,493648,553,507,935,382
1,21,4;11,987296,987296,480,444,935,455
1,22,1;5,493648,493648,854,817,935,81
1,23,8;21,493648,493648,890,854,935,45
1,24,1;3,493648,493648,363,326,935,572
1,25,0;7,493648,493648,452,423,935,483
1,26,8;29,493648,493648,375,340,935,560
1,27,3;13,493648,493648,477,453,935,458
1,28,1;4,493648,493648,637,598,935,298
1,29,2;7,987296,987296,762,716,935,173
2,0,2;3,987296,987296,75,48,935,860
2,1,0;4,1234120,1234120,62,24,935,873
2,2,0;12,1234120,1234120,60,33,935,875
2,3,0;2,987296,987296,90,53,935,845
2,4,1;5,740472,740472,114,75,935,821
2,5,2;4,740472,740472,115,78,935,820
2,6,7;9,740472,740472,121,92,935,814
2,7,8;12,1480944,1480944,107,78,935,828
2,8,9;10,1480944,1480944,125,91,935,810
2,9,8;12,740472,740472,39,28,935,896
2,10,8;13,740472,740472,66,43,935,869
2,11,12;14,740472,740472,53,32,935,882
2,12,11;13,1234120,1234120,91,80,935,844
2,13,10;12,1480944,1480944,56,21,935,879
2,14,11;13,987296,987296,112,77,935,823
2,15,6;13,493648,493648,705,676,935,230
2,16,13;14,493648,493648,615,580,935,320
2,17,14;18,740472,740472,917,889,935,18
2,18,7;8,740472,740472,440,413,935,495
2,19,17;21,740472,740472,540,495,935,395
2,20,19;29,493648,493648,553,507,935,382
2,21,10;11,987296,987296,480,444,935,455
2,22,1;5,493648,493648,854,817,935,81
2,23,8;21,493648,493648,890,854,935,45
2,24,1;3,493648,493648,363,326,935,572
2,25,0;7,493648,493648,452,423,935,483
2,26,8;29,493648,493648,375,340,935,560
2,27,3;13,493648,493648,477,453,935,458
2,28,1;4,493648,493648,637,598,935,298
2,29,2;7,987296,987296,762,716,935,173
3,0,1;3,987296,987296,75,48,931,856
3,1,0;4,1727768,1727768,62,24,931,869
3,2,0;1,987296,987296,60,33,931,871
3,3,0;4,987296,987296,90,53,931,841
3,4,3;7,1234120,1234120,114,75,931,817
3,5,2;7,740472,740472,115,78,931,816
3,6,7;9,740472,740472,121,92,931,810
3,7,8;9,1974592,1974592,107,78,931,824
3,8,10;11,1234120,1234120,125,91,931,806
3,9,7;11,987296,987296,39,28,931,892
3,10,8;11,987296,987296,66,43,931,865
3,11,8;13,1480944,1480944,42,32,931,889
3,12,11;13,493648,493648,87,80,931,844
3,13,10;11,1480944,1480944,56,21,931,875
3,14,9;11,987296,987296,112,77,931,819
3,15,6;13,493648,493648,705,676,931,226
3,16,13;14,493648,493648,615,580,931,316
3,17,14;19,987296,987296,931,889,931,0
3,18,1;7,740472,740472,443,413,931,488
3,19,18;21,740472,740472,525,495,931,406
3,20,17;21,493648,493648,549,507,931,382
3,21,4;10,987296,987296,486,444,931,445
3,22,1;5,493648,493648,854,817,931,77
3,23,8;17,493648,493648,890,854,931,41
3,24,1;3,493648,493648,363,326,931,568
3,25,0;7,493648,493648,452,423,931,479
3,26,8;29,493648,493648,375,340,931,556
3,27,3;13,493648,493648,477,453,931,454
3,28,1;4,493648,493648,637,598,931,294
3,29,2;7,740472,740472,751,716,931,180
4,0,1;2,740472,740472,75,48,934,859
4,1,0;2,1480944,1480944,62,24,934,872
4,2,0;12,1480944,1480944,60,33,934,874
4,3,2;4,1234120,1234120,90,53,934,844
4,4,1;2,1480944,1480944,114,75,934,820
4,5,4;6,987296,987296,115,78,934,819
4,6,7;9,987296,987296,121,92,934,813
4,7,5;6,1974592,1974592,107,78,934,827
4,8,7;11,1480944,1480944,125,91,934,809
4,9,7;8,987296,987296,39,28,934,895
4,10,8;11,493648,493648,54,43,934,880
4,11,12;14,1234120,1234120,53,32,934,881
4,12,7;11,987296,987296,91,80,934,843
4,13,12;14,1234120,1234120,56,21,934,878
4,14,9;13,1234120,1234120,112,77,934,822
4,15,6;13,493648,493648,705,676,934,229
4,16,13;14,493648,493648,615,580,934,319
4,17,14;18,740472,740472,917,889,934,17
4,18,3;7,740472,740472,440,413,934,494
4,19,17;21,740472,740472,540,495,934,394
4,20,19;21,493648,493648,552,507,934,382
4,21,4;11,1234120,1234120,486,444,934,448
4,22,1;5,493648,493648,854,817,934,80
4,23,8;21,493648,493648,890,854,934,44
4,24,1;3,493648,493648,363,326,934,571
4,25,0;7,493648,493648,452,423,934,482
4,26,8;29,493648,493648,375,340,934,559
4,27,3;13,493648,493648,477,453,934,457
4,28,1;4,493648,493648,637,598,934,297
4,29,2;7,740472,740472,751,716,934,183
5,0,1;2,987296,987296,75,48,935,860
5,1,0;4,1480944,1480944,62,24,935,873
5,2,0;3,1234120,1234120,60,33,935,875
5,3,0;2,987296,987296,90,53,935,845
5,4,2;5,987296,987296,114,75,935,821
5,5,2;6,987296,987296,115,78,935,820
5,6,5;9,493648,493648,104,92,935,831
5,7,8;9,987296,987296,107,78,935,828
5,8,9;10,1727768,1727768,125,91,935,810
5,9,12;14,1727768,1727768,40,28,935,895
5,10,9;13,987296,987296,66,43,935,869
5,11,8;9,1234120,1234120,53,32,935,882
5,12,9;13,493648,493648,89,80,935,846
5,13,10;11,1480944,1480944,56,21,935,879
5,14,9;11,740472,740472,100,77,935,835
5,15,13;18,493648,493648,708,676,935,227
5,16,13;18,493648,493648,619,580,935,316
5,17,14;18,493648,493648,916,889,935,19
5,18,1;8,1480944,1480944,452,413,935,483
5,19,18;21,493648,493648,525,495,935,410
5,20,21;29,493648,493648,553,507,935,382
5,21,10;11,1234120,1234120,486,444,935,449
5,22,1;5,493648,493648,854,817,935,81
5,23,8;21,493648,493648,890,854,935,45
5,24,1;3,493648,493648,363,326,935,572
5,25,0;7,740472,740472,460,423,935,475
5,26,8;25,493648,493648,377,340,935,558
5,27,3;13,493648,493648,477,453,935,458
5,28,1;4,493648,493648,637,598,935,298
5,29,2;7,740472,740472,762,716,935,173
6,0,2;3,987296,987296,75,48,934,859
6,1,0;2,1727768,1727768,62,24,934,872
6,2,5;12,1480944,1480944,60,33,934,874
6,3,2;4,1480944,1480944,90,53,934,844
6,4,1;3,987296,987296,98,75,934,836
6,5,2;4,740472,740472,115,78,934,819
6,6,7;9,493648,493648,103,92,934,831
6,7,6;12,987296,987296,107,78,934,827
6,8,10;11,987296,987296,125,91,934,809
6,9,11;12,987296,987296,39,28,934,895
6,10,8;13,740472,740472,66,43,934,868
6,11,12;13,987296,987296,41,32,934,893
6,12,11;13,1234120,1234120,91,80,934,843
6,13,10;12,1727768,1727768,56,21,934,878
6,14,9;13,987296,987296,112,77,934,822
6,15,13;17,493648,493648,707,676,934,227
6,16,13;14,493648,493648,615,580,934,319
6,17,14;19,1234120,1234120,929,889,934,5
6,18,1;3,493648,493648,434,413,934,500
6,19,17;21,740472,740472,540,495,934,394
6,20,19;21,493648,493648,552,507,934,382
6,21,4;10,987296,987296,486,444,934,448
6,22,1;5,493648,493648,854,817,934,80
6,23,8;17,493648,493648,890,854,934,44
6,24,1;3,493648,493648,363,326,934,571
6,25,0;7,493648,493648,452,423,934,482
6,26,8;29,493648,493648,375,340,934,559
6,27,3;13,493648,493648,477,453,934,457
6,28,1;17,493648,493648,638,598,934,296
6,29,2;7,740472,740472,751,716,934,183
7,0,1;2,987296,987296,75,48,935,860
7,1,0;4,1727768,1727768,62,24,935,873
7,2,0;1,1234120,1234120,60,33,935,875
7,3,0;2,987296,987296,90,53,935,845
7,4,2;7,740472,740472,88,75,935,847
7,5,6;7,493648,493648,90,78,935,845
7,6,7;9,987296,987296,121,92,935,814
7,7,9;12,2221416,2221416,107,78,935,828
7,8,7;9,987296,987296,125,91,935,810
7,9,7;12,987296,987296,39,28,935,896
7,10,11;13,740472,740472,66,43,935,869
7,11,12;14,987296,987296,53,32,935,882
7,12,7;9,987296,987296,89,80,935,846
7,13,12;14,1480944,1480944,56,21,935,879
7,14,11;13,987296,987296,112,77,935,823
7,15,6;13,493648,493648,705,676,935,230
7,16,13;14,493648,493648,615,580,935,320
7,17,14;19,740472,740472,929,889,935,6
7,18,1;7,740472,740472,443,413,935,492
7,19,18;21,987296,987296,535,495,935,400
7,20,21;29,493648,493648,553,507,935,382
7,21,10;11,1234120,1234120,486,444,935,449
7,22,1;19,493648,493648,857,817,935,78
7,23,8;21,493648,493648,890,854,935,45
7,24,1;3,493648,493648,363,326,935,572
7,25,0;7,493648,493648,452,423,935,483
7,26,8;29,493648,493648,375,340,935,560
7,27,3;13,493648,493648,477,453,935,458
7,28,1;17,493648,493648,638,598,935,297
7,29,2;7,987296,987296,762,716,935,173
8,0,2;3,987296,987296,75,48,935,860
8,1,0;2,1480944,1480944,62,24,935,873
8,2,5;12,1480944,1480944,60,33,935,875
8,3,2;4,1480944,1480944,90,53,935,845
8,4,3;7,987296,987296,114,75,935,821
8,5,2;7,740472,740472,115,78,935,820
8,6,7;9,740472,740472,121,92,935,814
8,7,5;6,1480944,1480944,107,78,935,828
8,8,7;10,987296,987296,125,91,935,810
8,9,12;14,1234120,1234120,40,28,935,895
8,10,9;11,1234120,1234120,66,43,935,869
8,11,9;13,1234120,1234120,42,32,935,893
8,12,11;13,987296,987296,91,80,935,844
8,13,10;11,1234120,1234120,56,21,935,879
8,14,9;11,987296,987296,112,77,935,823
8,15,6;17,493648,493648,707,676,935,228
8,16,13;14,493648,493648,615,580,935,320
8,17,14;18,1480944,1480944,931,889,935,4
8,18,1;3,740472,740472,440,413,935,495
8,19,17;21,493648,493648,523,495,935,412
8,20,17;29,493648,493648,553,507,935,382
8,21,4;10,740472,740472,472,444,935,463
8,22,1;5,493648,493648,854,817,935,81
8,23,8;17,493648,493648,890,854,935,45
8,24,1;3,493648,493648,363,326,935,572
8,25,0;7,740472,740472,460,423,935,475
8,26,8;25,493648,493648,377,340,935,558
8,27,3;13,493648,493648,477,453,935,458
8,28,1;4,493648,493648,637,598,935,298
8,29,2;7,740472,740472,762,716,935,173
9,0,1;3,740472,740472,75,48,934,859
9,1,0;4,1480944,1480944,62,24,934,872
9,2,1;3,987296,987296,60,33,934,874
9,3,0;2,987296,987296,90,53,934,844
9,4,1;5,493648,493648,88,75,934,846
9,5,2;4,740472,740472,92,78,934,842
9,6,5;9,493648,493648,104,92,934,830
9,7,9;12,1234120,1234120,107,78,934,827
9,8,9;11,1480944,1480944,125,91,934,809
9,9,8;12,1234120,1234120,39,28,934,895
9,10,8;13,740472,740472,66,43,934,868
9,11,8;12,740472,740472,53,32,934,881
9,12,9;13,987296,987296,89,80,934,845
9,13,10;12,1480944,1480944,56,21,934,878
9,14,9;13,493648,493648,87,77,934,847
9,15,13;18,493648,493648,708,676,934,226
9,16,13;18,493648,493648,619,580,934,315
9,17,18;19,740472,740472,929,889,934,5
9,18,7;8,1480944,1480944,452,413,934,482
9,19,18;21,1234120,1234120,540,495,934,394
9,20,19;21,493648,493648,552,507,934,382
9,21,10;11,1234120,1234120,486,444,934,448
9,22,1;19,493648,493648,857,817,934,77
9,23,8;21,493648,493648,890,854,934,44
9,24,1;3,493648,493648,363,326,934,571
9,25,0;7,740472,740472,460,423,934,474
9,26,8;25,493648,493648,377,340,934,557
9,27,3;13,493648,493648,477,453,934,457
9,28,1;17,493648,493648,638,598,934,296
9,29,2;7,493648,493648,743,716,934,191
10,0,2;3,987296,987296,75,48,931,856
10,1,0;2,1480944,1480944,62,24,931,869
10,2,0;12,1480944,1480944,60,33,931,871
10,3,0;2,1234120,1234120,90,53,931,841
10,4,2;7,987296,987296,114,75,931,817
10,5,6;7,740472,740472,115,78,931,816
10,6,5;9,493648,493648,104,92,931,827
10,7,4;8,1234120,1234120,107,78,931,824
10,8,10;11,1234120,1234120,125,91,931,806
10,9,11;14,740472,740472,39,28,931,892
10,10,11;13,740472,740472,54,43,931,877
10,11,13;14,1727768,1727768,53,32,931,878
10,12,11;13,740472,740472,91,80,931,840
10,13,10;14,1727768,1727768,56,21,931,875
10,14,11;13,1234120,1234120,112,77,931,819
10,15,13;17,493648,493648,707,676,931,224
10,16,13;14,493648,493648,615,580,931,316
10,17,14;18,1480944,1480944,931,889,931,0
10,18,1;3,740472,740472,440,413,931,491
10,19,17;21,493648,493648,523,495,931,408
10,20,17;21,493648,493648,549,507,931,382
10,21,4;11,987296,987296,486,444,931,445
10,22,1;5,493648,493648,854,817,931,77
10,23,8;17,493648,493648,890,854,931,41
10,24,1;3,493648,493648,363,326,931,568
10,25,0;7,740472,740472,460,423,931,471
10,26,8;25,493648,493648,377,340,931,554
10,27,3;13,493648,493648,477,453,931,454
10,28,1;4,493648,493648,637,598,931,294
10,29,2;7,493648,493648,743,716,931,188
11,0,1;2,987296,987296,75,48,935,860
11,1,0;4,1480944,1480944,62,24,935,873
11,2,1;5,987296,987296,60,33,935,875
11,3,0;4,987296,987296,90,53,935,845
11,4,1;3,987296,987296,98,75,935,837
11,5,2;4,493648,493648,92,78,935,843
11,6,7;9,740472,740472,121,92,935,814
11,7,6;9,1727768,1727768,107,78,935,828
11,8,7;9,1727768,1727768,125,91,935,810
11,9,8;12,1727768,1727768,40,28,935,895
11,10,8;9,740472,740472,66,43,935,869
11,11,8;9,987296,987296,41,32,935,894
11,12,7;13,740472,740472,89,80,935,846
11,13,11;12,1234120,1234120,56,21,935,879
11,14,9;11,987296,987296,112,77,935,823
11,15,6;13,493648,493648,705,676,935,230
11,16,13;14,493648,493648,615,580,935,320
11,17,14;18,987296,987296,929,889,935,6
11,18,7;8,740472,740472,440,413,935,495
11,19,17;21,740472,740472,535,495,935,400
11,20,21;29,493648,493648,553,507,935,382
11,21,4;10,1234120,1234120,486,444,935,449
11,22,1;19,493648,493648,857,817,935,78
11,23,8;21,493648,493648,890,854,935,45
11,24,1;3,493648,493648,363,326,935,572
11,25,0;7,493648,493648,452,423,935,483
11,26,8;29,493648,493648,375,340,935,560
11,27,3;13,493648,493648,477,453,935,458
11,28,1;17,493648,493648,638,598,935,297
11,29,2;7,987296,987296,762,716,935,173
12,0,2;3,987296,987296,75,48,934,859
12,1,0;2,1480944,1480944,62,24,934,872
12,2,3;12,1480944,1480944,60,33,934,874
12,3,2;4,1480944,1480944,90,53,934,844
12,4,5;7,987296,987296,114,75,934,820
12,5,2;7,987296,987296,115,78,934,819
12,6,7;9,493648,493648,103,92,934,831
12,7,8;12,1974592,1974592,107,78,934,827
12,8,7;10,987296,987296,125,91,934,809
12,9,7;12,740472,740472,39,28,934,895
12,10,8;13,740472,740472,66,43,934,868
12,11,12;13,987296,987296,53,32,934,881
12,12,7;11,1234120,1234120,91,80,934,843
12,13,10;12,1727768,1727768,56,21,934,878
12,14,11;13,987296,987296,112,77,934,822
12,15,13;18,493648,493648,708,676,934,226
12,16,13;14,493648,493648,615,580,934,319
12,17,14;19,987296,987296,931,889,934,3
12,18,1;3,987296,987296,445,413,934,489
12,19,17;18,740472,740472,540,495,934,394
12,20,17;19,493648,493648,552,507,934,382
12,21,10;11,493648,493648,467,444,934,467
12,22,1;5,493648,493648,854,817,934,80
12,23,8;17,493648,493648,890,854,934,44
12,24,1;3,493648,493648,363,326,934,571
12,25,0;7,493648,493648,452,423,934,482
12,26,8;29,493648,493648,375,340,934,559
12,27,3;13,493648,493648,477,453,934,457
12,28,1;4,493648,493648,637,598,934,297
12,29,2;7,740472,740472,751,716,934,183
13,0,1;2,987296,987296,75,48,935,860
13,1,2;4,1234120,1234120,61,24,935,874
13,2,0;4,1234120,1234120,60,33,935,875
13,3,0;2,987296,987296,77,53,935,858
13,4,1;3,1727768,1727768,114,75,935,821
13,5,4;6,740472,740472,91,78,935,844
13,6,5;9,740472,740472,121,92,935,814
13,7,4;5,1234120,1234120,107,78,935,828
13,8,9;11,1234120,1234120,125,91,935,810
13,9,8;14,1234120,1234120,40,28,935,895
13,10,9;13,493648,493648,55,43,935,880
13,11,8;14,987296,987296,53,32,935,882
13,12,9;13,493648,493648,89,80,935,846
13,13,11;14,1727768,1727768,56,21,935,879
13,14,11;13,1234120,1234120,112,77,935,823
13,15,6;13,493648,493648,705,676,935,230
13,16,13;14,493648,493648,615,580,935,320
13,17,14;18,1480944,1480944,931,889,935,4
13,18,7;8,740472,740472,440,413,935,495
13,19,17;21,740472,740472,535,495,935,400
13,20,17;29,493648,493648,553,507,935,382
13,21,4;11,740472,740472,472,444,935,463
13,22,1;19,493648,493648,857,817,935,78
13,23,8;17,493648,493648,890,854,935,45
13,24,1;26,493648,493648,372,326,935,563
13,25,0;7,740472,740472,460,423,935,475
13,26,8;25,740472,740472,386,340,935,549
13,27,3;13,493648,493648,477,453,935,458
13,28,4;17,493648,493648,638,598,935,297
13,29,2;7,740472,740472,762,716,935,173
14,0,2;3,987296,987296,75,48,935,860
14,1,0;2,1480944,1480944,62,24,935,873
14,2,1;12,1727768,1727768,60,33,935,875
14,3,0;2,1234120,1234120,90,53,935,845
14,4,2;7,740472,740472,114,75,935,821
14,5,2;7,740472,740472,115,78,935,820
14,6,7;9,493648,493648,103,92,935,832
14,7,8;12,1974592,1974592,107,78,935,828
14,8,7;11,987296,987296,125,91,935,810
14,9,7;12,987296,987296,39,28,935,896
14,10,11;13,740472,740472,66,43,935,869
14,11,12;13,1234120,1234120,53,32,935,882
14,12,7;11,1234120,1234120,91,80,935,844
14,13,10;12,1727768,1727768,56,21,935,879
14,14,9;13,740472,740472,100,77,935,835
14,15,13;17,493648,493648,707,676,935,228
14,16,13;18,493648,493648,619,580,935,316
14,17,14;18,740472,740472,920,889,935,15
14,18,1;3,1234120,1234120,452,413,935,483
14,19,18;21,493648,493648,525,495,935,410
14,20,21;29,493648,493648,553,507,935,382
14,21,10;11,1234120,1234120,486,444,935,449
14,22,1;5,493648,493648,854,817,935,81
14,23,8;21,493648,493648,890,854,935,45
14,24,1;3,493648,493648,363,326,935,572
14,25,0;7,493648,493648,452,423,935,483
14,26,8;29,493648,493648,375,340,935,560
14,27,3;13,493648,493648,477,453,935,458
14,28,1;4,493648,493648,637,598,935,298
14,29,2;7,987296,987296,762,716,935,173
15,0,1;3,987296,987296,75,48,931,856
15,1,0;4,987296,987296,61,24,931,870
15,2,0;3,740472,740472,60,33,931,871
15,3,0;4,1480944,1480944,90,53,931,841
15,4,1;3,1234120,1234120,114,75,931,817
15,5,4;6,493648,493648,91,78,931,840
15,6,7;9,987296,987296,121,92,931,810
15,7,6;9,1480944,1480944,107,78,931,824
15,8,7;9,987296,987296,117,91,931,814
15,9,11;14,1480944,1480944,40,28,931,891
15,10,9;13,493648,493648,55,43,931,876
15,11,9;14,987296,987296,53,32,931,878
15,12,7;13,493648,493648,88,80,931,843
15,13,11;14,1480944,1480944,49,21,931,882
15,14,9;11,1234120,1234120,112,77,931,819
15,15,6;13,493648,493648,705,676,931,226
15,16,14;17,493648,493648,617,580,931,314
15,17,14;19,1480944,1480944,931,889,931,0
15,18,3;8,493648,493648,434,413,931,497
15,19,17;21,740472,740472,535,495,931,396
15,20,17;21,493648,493648,549,507,931,382
15,21,4;11,1234120,1234120,486,444,931,445
15,22,1;19,493648,493648,857,817,931,74
15,23,17;21,493648,493648,890,854,931,41
15,24,1;3,493648,493648,363,326,931,568
15,25,0;7,740472,740472,460,423,931,471
15,26,8;25,493648,493648,377,340,931,554
15,27,3;13,493648,493648,477,453,931,454
15,28,4;17,493648,493648,638,598,931,293
15,29,2;7,493648,493648,743,716,931,188
16,0,1;2,987296,987296,75,48,935,860
16,1,0;4,1480944,1480944,62,24,935,873
16,2,0;5,740472,740472,60,33,935,875
16,3,0;4,1234120,1234120,90,53,935,845
16,4,5;7,1234120,1234120,114,75,935,821
16,5,2;4,987296,987296,115,78,935,820
16,6,5;9,740472,740472,121,92,935,814
16,7,4;8,987296,987296,107,78,935,828
16,8,10;11,1480944,1480944,125,91,935,810
16,9,6;8,987296,987296,40,28,935,895
16,10,8;9,987296,987296,66,43,935,869
16,11,8;12,740472,740472,53,32,935,882
16,12,11;13,493648,493648,87,80,935,848
16,13,10;12,1480944,1480944,56,21,935,879
16,14,9;13,493648,493648,87,77,935,848
16,15,6;13,493648,493648,705,676,935,230
16,16,13;18,493648,493648,619,580,935,316
16,17,18;19,493648,493648,917,889,935,18
16,18,1;3,1234120,1234120,452,413,935,483
16,19,18;21,987296,987296,540,495,935,395
16,20,19;29,493648,493648,553,507,935,382
16,21,10;11,987296,987296,480,444,935,455
16,22,1;5,493648,493648,854,817,935,81
16,23,8;21,493648,493648,890,854,935,45
16,24,1;3,493648,493648,363,326,935,572
16,25,0;7,493648,493648,452,423,935,483
16,26,8;29,493648,493648,375,340,935,560
16,27,3;13,493648,493648,477,453,935,458
16,28,1;4,493648,493648,637,598,935,298
16,29,2;7,987296,987296,762,716,935,173
17,0,2;3,987296,987296,75,48,935,860
17,1,0;2,987296,987296,59,24,935,876
17,2,0;12,1480944,1480944,60,33,935,875
17,3,0;2,1234120,1234120,90,53,935,845
17,4,1;3,987296,987296,114,75,935,821
17,5,2;6,987296,987296,115,78,935,820
17,6,5;9,493648,493648,104,92,935,831
17,7,5;12,987296,987296,105,78,935,830
17,8,10;11,1234120,1234120,125,91,935,810
17,9,11;12,987296,987296,39,28,935,896
17,10,11;13,987296,987296,66,43,935,869
17,11,13;14,1480944,1480944,42,32,935,893
17,12,11;13,1234120,1234120,91,80,935,844
17,13,11;14,1727768,1727768,56,21,935,879
17,14,9;11,1234120,1234120,112,77,935,823
17,15,13;17,493648,493648,707,676,935,228
17,16,13;14,493648,493648,615,580,935,320
17,17,14;18,1727768,1727768,931,889,935,4
17,18,7;8,740472,740472,440,413,935,495
17,19,17;22,493648,493648,535,495,935,400
17,20,17;29,493648,493648,553,507,935,382
17,21,4;10,493648,493648,467,444,935,468
17,22,1;5,740472,740472,857,817,935,78
17,23,8;17,493648,493648,890,854,935,45
17,24,3;27,493648,493648,369,326,935,566
17,25,0;27,493648,493648,457,423,935,478
17,26,8;29,493648,493648,375,340,935,560
17,27,3;13,987296,987296,496,453,935,439
17,28,4;17,493648,493648,638,598,935,297
17,29,2;7,987296,987296,762,716,935,173
18,0,1;2,740472,740472,75,48,935,860
18,1,2;4,1727768,1727768,62,24,935,873
18,2,1;12,1234120,1234120,60,33,935,875
18,3,2;4,1234120,1234120,90,53,935,845
18,4,5;7,1234120,1234120,114,75,935,821
18,5,4;7,987296,987296,115,78,935,820
18,6,5;7,740472,740472,121,92,935,814
18,7,4;9,1974592,1974592,107,78,935,828
18,8,7;9,1480944,1480944,125,91,935,810
18,9,7;12,1234120,1234120,40,28,935,895
18,10,8;9,987296,987296,66,43,935,869
18,11,8;12,987296,987296,53,32,935,882
18,12,7;11,1234120,1234120,91,80,935,844
18,13,10;12,1234120,1234120,56,21,935,879
18,14,9;11,740472,740472,100,77,935,835
18,15,6;13,493648,493648,705,676,935,230
18,16,13;18,493648,493648,619,580,935,316
18,17,14;18,493648,493648,916,889,935,19
18,18,1;3,1234120,1234120,452,413,935,483
18,19,18;21,493648,493648,525,495,935,410
18,20,21;29,493648,493648,553,507,935,382
18,21,10;11,1234120,1234120,486,444,935,449
18,22,1;5,493648,493648,854,817,935,81
18,23,8;21,493648,493648,890,854,935,45
18,24,1;3,493648,493648,363,326,935,572
18,25,0;7,493648,493648,452,423,935,483
18,26,8;29,493648,493648,375,340,935,560
18,27,3;13,493648,493648,477,453,935,458
18,28,1;4,493648,493648,637,598,935,298
18,29,2;7,987296,987296,762,716,935,173
19,0,1;3,740472,740472,75,48,934,859
19,1,0;2,1480944,1480944,62,24,934,872
19,2,1;3,987296,987296,60,33,934,874
19,3,0;2,1480944,1480944,90,53,934,844
19,4,1;3,740472,740472,98,75,934,836
19,5,2;6,493648,493648,92,78,934,842
19,6,7;9,987296,987296,121,92,934,813
19,7,6;8,987296,987296,105,78,934,829
19,8,7;10,1480944,1480944,125,91,934,809
19,9,8;14,1234120,1234120,39,28,934,895
19,10,8;13,740472,740472,66,43,934,868
19,11,9;14,493648,493648,41,32,934,893
19,12,7;9,493648,493648,89,80,934,845
19,13,10;14,987296,987296,49,21,934,885
19,14,9;13,1234120,1234120,112,77,934,822
19,15,6;13,493648,493648,705,676,934,229
19,16,14;17,493648,493648,617,580,934,317
19,17,14;18,1727768,1727768,931,889,934,3
19,18,3;8,740472,740472,440,413,934,494
19,19,17;21,987296,987296,540,495,934,394
19,20,17;19,493648,493648,552,507,934,382
19,21,4;10,740472,740472,472,444,934,462
19,22,1;19,493648,493648,857,817,934,77
19,23,8;17,493648,493648,890,854,934,44
19,24,1;3,493648,493648,363,326,934,571
19,25,0;27,740472,740472,460,423,934,474
19,26,8;25,493648,493648,377,340,934,557
19,27,3;13,740472,740472,487,453,934,447
19,28,1;17,493648,493648,638,598,934,296
19,29,2;7,493648,493648,743,716,934,191
20,0,1;2,987296,987296,75,48,935,860
20,1,0;2,1727768,1727768,62,24,935,873
20,2,4;12,1727768,1727768,60,33,935,875
20,3,0;2,740472,740472,77,53,935,858
20,4,1;2,740472,740472,88,75,935,847
20,5,2;6,740472,740472,115,78,935,820
20,6,7;9,740472,740472,104,92,935,831
20,7,4;12,1480944,1480944,107,78,935,828
20,8,7;11,1234120,1234120,125,91,935,810
20,9,6;12,740472,740472,39,28,935,896
20,10,11;13,740472,740472,66,43,935,869
20,11,8;13,1234120,1234120,53,32,935,882
20,12,11;13,1234120,1234120,91,80,935,844
20,13,10;12,1727768,1727768,56,21,935,879
20,14,9;13,987296,987296,112,77,935,823
20,15,13;18,493648,493648,708,676,935,227
20,16,13;14,493648,493648,615,580,935,320
20,17,14;18,1234120,1234120,931,889,935,4
20,18,1;8,1234120,1234120,445,413,935,490
20,19,17;18,493648,493648,525,495,935,410
20,20,17;29,493648,493648,553,507,935,382
20,21,10;11,740472,740472,480,444,935,455
20,22,1;5,493648,493648,854,817,935,81
20,23,8;21,493648,493648,890,854,935,45
20,24,1;26,493648,493648,372,326,935,563
20,25,0;7,493648,493648,452,423,935,483
20,26,8;29,740472,740472,386,340,935,549
20,27,3;13,493648,493648,477,453,935,458
20,28,1;17,493648,493648,638,598,935,297
20,29,2;7,987296,987296,762,716,935,173
21,0,2;3,740472,740472,75,48,931,856
21,1,2;4,1234120,1234120,62,24,931,869
21,2,0;5,1480944,1480944,60,33,931,871
21,3,0;2,1234120,1234120,90,53,931,841
21,4,2;7,1234120,1234120,114,75,931,817
21,5,2;7,987296,987296,115,78,931,816
21,6,5;9,493648,493648,104,92,931,827
21,7,5;9,1727768,1727768,107,78,931,824
21,8,9;11,1234120,1234120,125,91,931,806
21,9,12;14,1480944,1480944,40,28,931,891
21,10,8;9,493648,493648,55,43,931,876
21,11,12;14,1234120,1234120,53,32,931,878
21,12,7;13,987296,987296,89,80,931,842
21,13,11;14,1234120,1234120,49,21,931,882
21,14,9;11,1234120,1234120,112,77,931,819
21,15,13;17,493648,493648,707,676,931,224
21,16,14;18,493648,493648,619,580,931,312
21,17,14;18,1480944,1480944,931,889,931,0
21,18,3;7,1234120,1234120,452,413,931,479
21,19,17;18,493648,493648,525,495,931,406
21,20,17;21,493648,493648,549,507,931,382
21,21,4;11,740472,740472,486,444,931,445
21,22,1;5,493648,493648,854,817,931,77
21,23,8;17,493648,493648,890,854,931,41
21,24,1;3,493648,493648,363,326,931,568
21,25,0;7,740472,740472,460,423,931,471
21,26,8;25,493648,493648,377,340,931,554
21,27,3;13,493648,493648,477,453,931,454
21,28,1;4,493648,493648,637,598,931,294
21,29,2;7,493648,493648,743,716,931,188
22,0,2;3,987296,987296,75,48,935,860
22,1,0;2,987296,987296,62,24,935,873
22,2,1;3,1234120,1234120,60,33,935,875
22,3,2;4,1480944,1480944,90,53,935,845
22,4,3;5,987296,987296,114,75,935,821
22,5,2;4,740472,740472,115,78,935,820
22,6,7;9,740472,740472,121,92,935,814
22,7,8;9,1234120,1234120,107,78,935,828
22,8,7;9,1480944,1480944,125,91,935,810
22,9,8;14,987296,987296,39,28,935,896
22,10,11;13,740472,740472,66,43,935,869
22,11,8;14,987296,987296,42,32,935,893
22,12,11;13,493648,493648,87,80,935,848
22,13,10;12,987296,987296,49,21,935,886
22,14,9;11,987296,987296,112,77,935,823
22,15,6;13,493648,493648,705,676,935,230
22,16,14;18,493648,493648,619,580,935,316
22,17,14;19,493648,493648,917,889,935,18
22,18,3;8,987296,987296,452,413,935,483
22,19,18;21,987296,987296,540,495,935,395
22,20,19;21,493648,493648,552,507,935,383
22,21,4;10,1234120,1234120,486,444,935,449
22,22,1;5,493648,493648,854,817,935,81
22,23,8;21,493648,493648,890,854,935,45
22,24,3;26,493648,493648,372,326,935,563
22,25,0;7,740472,740472,460,423,935,475
22,26,8;25,740472,740472,386,340,935,549
22,27,3;13,493648,493648,477,453,935,458
22,28,1;4,493648,493648,637,598,935,298
22,29,2;7,493648,493648,743,716,935,192
23,0,1;3,987296,987296,75,48,935,860
23,1,0;4,987296,987296,59,24,935,876
23,2,0;12,740472,740472,60,33,935,875
23,3,0;4,1234120,1234120,90,53,935,845
23,4,1;3,987296,987296,114,75,935,821
23,5,6;7,493648,493648,90,78,935,845
23,6,7;9,987296,987296,121,92,935,814
23,7,4;6,1480944,1480944,105,78,935,830
23,8,7;9,1234120,1234120,125,91,935,810
23,9,11;12,1234120,1234120,40,28,935,895
23,10,8;9,740472,740472,66,43,935,869
23,11,9;12,987296,987296,53,32,935,882
23,12,7;11,1234120,1234120,91,80,935,844
23,13,12;14,740472,740472,45,21,935,890
23,14,11;13,987296,987296,112,77,935,823
23,15,6;17,493648,493648,707,676,935,228
23,16,14;18,493648,493648,619,580,935,316
23,17,14;18,1727768,1727768,931,889,935,4
23,18,1;3,987296,987296,452,413,935,483
23,19,17;22,493648,493648,535,495,935,400
23,20,17;29,493648,493648,553,507,935,382
23,21,10;11,493648,493648,467,444,935,468
23,22,1;19,493648,493648,857,817,935,78
23,23,8;17,493648,493648,890,854,935,45
23,24,3;27,493648,493648,369,326,935,566
23,25,0;27,493648,493648,457,423,935,478
23,26,8;29,493648,493648,375,340,935,560
23,27,3;13,987296,987296,496,453,935,439
23,28,4;17,493648,493648,638,598,935,297
23,29,2;7,987296,987296,762,716,935,173
24,0,1;3,740472,740472,75,48,935,860
24,1,0;2,1480944,1480944,62,24,935,873
24,2,5;12,1234120,1234120,60,33,935,875
24,3,0;2,987296,987296,90,53,935,845
24,4,1;7,987296,987296,98,75,935,837
24,5,2;4,740472,740472,115,78,935,820
24,6,7;9,740472,740472,121,92,935,814
24,7,9;12,1727768,1727768,107,78,935,828
24,8,10;11,987296,987296,117,91,935,818
24,9,6;14,740472,740472,39,28,935,896
24,10,11;13,740472,740472,54,43,935,881
24,11,13;14,1480944,1480944,53,32,935,882
24,12,11;13,987296,987296,91,80,935,844
24,13,10;11,1727768,1727768,56,21,935,879
24,14,9;13,987296,987296,100,77,935,835
24,15,6;13,493648,493648,705,676,935,230
24,16,13;17,493648,493648,617,580,935,318
24,17,14;18,1234120,1234120,929,889,935,6
24,18,7;8,987296,987296,443,413,935,492
24,19,18;21,493648,493648,525,495,935,410
24,20,21;29,493648,493648,553,507,935,382
24,21,4;11,1234120,1234120,486,444,935,449
24,22,1;5,493648,493648,854,817,935,81
24,23,17;21,493648,493648,890,854,935,45
24,24,1;3,493648,493648,363,326,935,572
24,25,0;7,740472,740472,460,423,935,475
24,26,8;25,493648,493648,377,340,935,558
24,27,3;13,493648,493648,477,453,935,458
24,28,1;17,493648,493648,638,598,935,297
24,29,2;7,740472,740472,762,716,935,173
25,0,1;2,987296,987296,75,48,934,859
25,1,0;4,1480944,1480944,62,24,934,872
25,2,3;4,987296,987296,60,33,934,874
25,3,0;4,1480944,1480944,90,53,934,844
25,4,1;7,1480944,1480944,114,75,934,820
25,5,6;7,740472,740472,115,78,934,819
25,6,7;9,740472,740472,104,92,934,830
25,7,4;8,1974592,1974592,107,78,934,827
25,8,7;11,1234120,1234120,125,91,934,809
25,9,7;12,987296,987296,39,28,934,895
25,10,8;11,740472,740472,66,43,934,868
25,11,8;12,987296,987296,42,32,934,892
25,12,7;9,987296,987296,89,80,934,845
25,13,12;14,1234120,1234120,56,21,934,878
25,14,9;11,1234120,1234120,112,77,934,822
25,15,13;18,493648,493648,708,676,934,226
25,16,13;14,493648,493648,615,580,934,319
25,17,14;18,987296,987296,931,889,934,3
25,18,1;3,1234120,1234120,445,413,934,489
25,19,17;18,740472,740472,540,495,934,394
25,20,17;19,493648,493648,552,507,934,382
25,21,4;10,740472,740472,480,444,934,454
25,22,1;5,493648,493648,854,817,934,80
25,23,8;21,493648,493648,890,854,934,44
25,24,1;3,493648,493648,363,326,934,571
25,25,0;7,740472,740472,460,423,934,474
25,26,8;25,493648,493648,377,340,934,557
25,27,3;13,493648,493648,477,453,934,457
25,28,1;4,493648,493648,637,598,934,297
25,29,2;7,493648,493648,743,716,934,191
26,0,2;3,987296,987296,75,48,935,860
26,1,0;2,1480944,1480944,62,24,935,873
26,2,5;12,1480944,1480944,60,33,935,875
26,3,0;4,1234120,1234120,90,53,935,845
26,4,1;2,1234120,1234120,114,75,935,821
26,5,2;4,987296,987296,92,78,935,843
26,6,5;9,740472,740472,121,92,935,814
26,7,5;8,987296,987296,107,78,935,828
26,8,7;11,1480944,1480944,125,91,935,810
26,9,8;14,740472,740472,39,28,935,896
26,10,11;13,740472,740472,66,43,935,869
26,11,13;14,1480944,1480944,53,32,935,882
26,12,11;13,740472,740472,91,80,935,844
26,13,10;14,1727768,1727768,56,21,935,879
26,14,9;13,1234120,1234120,112,77,935,823
26,15,6;13,493648,493648,705,676,935,230
26,16,13;14,493648,493648,615,580,935,320
26,17,14;18,493648,493648,916,889,935,19
26,18,3;8,987296,987296,443,413,935,492
26,19,18;21,987296,987296,540,495,935,395
26,20,19;29,493648,493648,553,507,935,382
26,21,10;11,987296,987296,480,444,935,455
26,22,1;19,493648,493648,857,817,935,78
26,23,8;21,493648,493648,890,854,935,45
26,24,1;3,493648,493648,363,326,935,572
26,25,0;7,493648,493648,452,423,935,483
26,26,8;29,493648,493648,375,340,935,560
26,27,3;13,493648,493648,477,453,935,458
26,28,1;4,493648,493648,637,598,935,298
26,29,2;7,987296,987296,762,716,935,173
27,0,1;2,987296,987296,75,48,931,856
27,1,0;4,1727768,1727768,62,24,931,869
27,2,0;1,987296,987296,60,33,931,871
27,3,0;2,987296,987296,90,53,931,841
27,4,5;7,987296,987296,98,75,931,833
27,5,6;7,987296,987296,115,78,931,816
27,6,7;9,740472,740472,104,92,931,827
27,7,4;9,2221416,2221416,107,78,931,824
27,8,7;9,1234120,1234120,125,91,931,806
27,9,11;12,1727768,1727768,40,28,931,891
27,10,9;13,493648,493648,55,43,931,876
27,11,8;12,1234120,1234120,53,32,931,878
27,12,7;11,987296,987296,89,80,931,842
27,13,10;12,1234120,1234120,56,21,931,875
27,14,9;11,740472,740472,100,77,931,831
27,15,13;17,493648,493648,707,676,931,224
27,16,13;18,493648,493648,619,580,931,312
27,17,14;18,1727768,1727768,931,889,931,0
27,18,1;7,987296,987296,452,413,931,479
27,19,17;21,493648,493648,523,495,931,408
27,20,17;21,493648,493648,549,507,931,382
27,21,4;11,987296,987296,486,444,931,445
27,22,1;5,493648,493648,854,817,931,77
27,23,8;17,493648,493648,890,854,931,41
27,24,1;3,493648,493648,363,326,931,568
27,25,0;7,493648,493648,452,423,931,479
27,26,8;29,493648,493648,375,340,931,556
27,27,3;13,493648,493648,477,453,931,454
27,28,1;17,493648,493648,638,598,931,293
27,29,2;7,740472,740472,751,716,931,180
28,0,2;3,740472,740472,75,48,935,860
28,1,2;4,1480944,1480944,62,24,935,873
28,2,3;12,1480944,1480944,60,33,935,875
28,3,2;4,1480944,1480944,90,53,935,845
28,4,1;3,493648,493648,86,75,935,849
28,5,2;6,740472,740472,115,78,935,820
28,6,7;9,987296,987296,121,92,935,814
28,7,6;12,1234120,1234120,107,78,935,828
28,8,7;11,987296,987296,125,91,935,810
28,9,6;12,987296,987296,40,28,935,895
28,10,9;11,740472,740472,66,43,935,869
28,11,10;14,1480944,1480944,53,32,935,882
28,12,9;11,987296,987296,91,80,935,844
28,13,11;14,740472,740472,45,21,935,890
28,14,9;11,1234120,1234120,112,77,935,823
28,15,6;17,493648,493648,707,676,935,228
28,16,14;18,493648,493648,619,580,935,316
28,17,14;18,1480944,1480944,931,889,935,4
28,18,1;3,1234120,1234120,452,413,935,483
28,19,17;18,493648,493648,525,495,935,410
28,20,17;29,493648,493648,553,507,935,382
28,21,10;11,740472,740472,480,444,935,455
28,22,1;5,493648,493648,854,817,935,81
28,23,8;21,493648,493648,890,854,935,45
28,24,1;3,493648,493648,363,326,935,572
28,25,0;7,740472,740472,460,423,935,475
28,26,8;25,493648,493648,377,340,935,558
28,27,3;13,493648,493648,477,453,935,458
28,28,1;17,493648,493648,638,598,935,297
28,29,2;7,740472,740472,762,716,935,173
29,0,1;3,740472,740472,75,48,935,860
29,1,0;4,1727768,1727768,62,24,935,873
29,2,1;4,987296,987296,60,33,935,875
29,3,0;4,1234120,1234120,90,53,935,845
29,4,1;7,1727768,1727768,114,75,935,821
29,5,2;4,740472,740472,115,78,935,820
29,6,7;9,493648,493648,103,92,935,832
29,7,4;9,1234120,1234120,105,78,935,830
29,8,7;10,740472,740472,117,91,935,818
29,9,11;14,987296,987296,39,28,935,896
29,10,8;11,987296,987296,66,43,935,869
29,11,12;14,987296,987296,42,32,935,893
29,12,11;13,493648,493648,87,80,935,848
29,13,10;12,1480944,1480944,56,21,935,879
29,14,11;13,1234120,1234120,112,77,935,823
29,15,13;18,493648,493648,708,676,935,227
29,16,13;14,493648,493648,615,580,935,320
29,17,14;18,1234120,1234120,931,889,935,4
29,18,1;3,1234120,1234120,445,413,935,490
29,19,17;18,493648,493648,525,495,935,410
29,20,17;29,493648,493648,553,507,935,382
29,21,4;10,740472,740472,480,444,935,455
29,22,1;5,493648,493648,854,817,935,81
29,23,17;21,493648,493648,890,854,935,45
29,24,1;3,493648,493648,363,326,935,572
29,25,0;27,493648,493648,457,423,935,478
29,26,8;29,493648,493648,375,340,935,560
29,27,3;13,740472,740472,487,453,935,448
29,28,1;4,493648,493648,637,598,935,298
29,29,2;7,987296,987296,762,716,935,173
30,0,1;2,987296,987296,75,48,934,859
30,1,0;4,1234120,1234120,62,24,934,872
30,2,0;12,1234120,1234120,60,33,934,874
30,3,0;2,1234120,1234120,90,53,934,844
30,4,2;3,1234120,1234120,98,75,934,836
30,5,4;7,740472,740472,91,78,934,843
30,6,5;9,493648,493648,104,92,934,830
30,7,8;9,1480944,1480944,107,78,934,827
30,8,9;10,1480944,1480944,125,91,934,809
30,9,12;14,1480944,1480944,39,28,934,895
30,10,11;13,987296,987296,66,43,934,868
30,11,9;10,987296,987296,42,32,934,892
30,12,11;13,987296,987296,91,80,934,843
30,13,10;14,1480944,1480944,56,21,934,878
30,14,9;11,1234120,1234120,112,77,934,822
30,15,13;17,493648,493648,707,676,934,227
30,16,13;14,493648,493648,615,580,934,319
30,17,14;18,987296,987296,929,889,934,5
30,18,7;8,987296,987296,443,413,934,491
30,19,18;21,987296,987296,540,495,934,394
30,20,19;21,493648,493648,552,507,934,382
30,21,4;10,1234120,1234120,486,444,934,448
30,22,1;19,493648,493648,857,817,934,77
30,23,8;21,493648,493648,890,854,934,44
30,24,1;3,493648,493648,363,326,934,571
30,25,0;7,740472,740472,460,423,934,474
30,26,8;25,493648,493648,377,340,934,557
30,27,3;13,493648,493648,477,453,934,457
30,28,1;17,493648,493648,638,598,934,296
30,29,2;7,493648,493648,743,716,934,191
31,0,1;3,740472,740472,75,48,935,860
31,1,2;4,1727768,1727768,62,24,935,873
31,2,1;12,987296,987296,60,33,935,875
31,3,2;4,1234120,1234120,77,53,935,858
31,4,1;7,987296,987296,114,75,935,821
31,5,6;7,740472,740472,115,78,935,820
31,6,7;9,987296,987296,121,92,935,814
31,7,4;9,1974592,1974592,107,78,935,828
31,8,7;11,1234120,1234120,125,91,935,810
31,9,7;11,740472,740472,39,28,935,896
31,10,8;11,740472,740472,66,43,935,869
31,11,12;14,1727768,1727768,53,32,935,882
31,12,7;11,987296,987296,91,80,935,844
31,13,11;12,1234120,1234120,49,21,935,886
31,14,11;13,740472,740472,100,77,935,835
31,15,6;13,493648,493648,705,676,935,230
31,16,17;18,493648,493648,619,580,935,316
31,17,14;18,1480944,1480944,931,889,935,4
31,18,1;3,987296,987296,452,413,935,483
31,19,17;21,493648,493648,523,495,935,412
31,20,17;21,493648,493648,549,507,935,386
31,21,10;11,987296,987296,486,444,935,449
31,22,1;5,493648,493648,854,817,935,81
31,23,8;17,493648,493648,890,854,935,45
31,24,1;26,493648,493648,372,326,935,563
31,25,0;7,740472,740472,460,423,935,475
31,26,8;25,740472,740472,386,340,935,549
31,27,3;13,493648,493648,477,453,935,458
31,28,1;4,493648,493648,637,598,935,298
31,29,2;7,493648,493648,743,716,935,192
32,0,1;2,987296,987296,75,48,935,860
32,1,0;2,1234120,1234120,62,24,935,873
32,2,3;12,1480944,1480944,60,33,935,875
32,3,0;2,1480944,1480944,90,53,935,845
32,4,3;7,740472,740472,98,75,935,837
32,5,2;6,493648,493648,92,78,935,843
32,6,7;9,987296,987296,121,92,935,814
32,7,9;12,1727768,1727768,107,78,935,828
32,8,7;9,1480944,1480944,125,91,935,810
32,9,8;12,1234120,1234120,40,28,935,895
32,10,9;13,493648,493648,55,43,935,880
32,11,8;12,987296,987296,53,32,935,882
32,12,7;11,1234120,1234120,91,80,935,844
32,13,12;14,1234120,1234120,56,21,935,879
32,14,11;13,987296,987296,112,77,935,823
32,15,6;18,493648,493648,708,676,935,227
32,16,13;14,493648,493648,615,580,935,320
32,17,14;18,740472,740472,929,889,935,6
32,18,3;8,1234120,1234120,445,413,935,490
32,19,18;21,740472,740472,535,495,935,400
32,20,21;29,493648,493648,553,507,935,382
32,21,4;11,1234120,1234120,486,444,935,449
32,22,1;19,493648,493648,857,817,935,78
32,23,8;21,493648,493648,890,854,935,45
32,24,1;3,493648,493648,363,326,935,572
32,25,0;7,740472,740472,460,423,935,475
32,26,8;25,493648,493648,377,340,935,558
32,27,3;13,493648,493648,477,453,935,458
32,28,1;17,493648,493648,638,598,935,297
32,29,2;7,740472,740472,762,716,935,173
33,0,1;2,987296,987296,75,48,931,856
33,1,0;2,1727768,1727768,62,24,931,869
33,2,0;1,1234120,1234120,60,33,931,871
33,3,0;2,1234120,1234120,90,53,931,841
33,4,1;7,987296,987296,114,75,931,817
33,5,2;7,740472,740472,115,78,931,816
33,6,7;9,493648,493648,103,92,931,828
33,7,4;5,1727768,1727768,107,78,931,824
33,8,7;11,987296,987296,125,91,931,806
33,9,11;14,740472,740472,39,28,931,892
33,10,11;13,493648,493648,54,43,931,877
33,11,12;14,1480944,1480944,53,32,931,878
33,12,7;11,493648,493648,88,80,931,843
33,13,10;14,1234120,1234120,56,21,931,875
33,14,11;13,1234120,1234120,112,77,931,819
33,15,13;17,493648,493648,707,676,931,224
33,16,13;14,493648,493648,615,580,931,316
33,17,14;15,1234120,1234120,931,889,931,0
33,18,1;3,493648,493648,434,413,931,497
33,19,17;21,493648,493648,523,495,931,408
33,20,17;21,493648,493648,549,507,931,382
33,21,4;11,987296,987296,486,444,931,445
33,22,1;5,493648,493648,854,817,931,77
33,23,8;17,493648,493648,890,854,931,41
33,24,1;3,493648,493648,363,326,931,568
33,25,0;7,493648,493648,452,423,931,479
33,26,8;29,493648,493648,375,340,931,556
33,27,3;13,493648,493648,477,453,931,454
33,28,1;4,493648,493648,637,598,931,294
33,29,2;7,740472,740472,751,716,931,180
34,0,2;3,740472,740472,75,48,935,860
34,1,2;4,1234120,1234120,62,24,935,873
34,2,4;12,1727768,1727768,60,33,935,875
34,3,2;4,987296,987296,77,53,935,858
34,4,1;5,1234120,1234120,114,75,935,821
34,5,2;4,740472,740472,115,78,935,820
34,6,7;9,740472,740472,121,92,935,814
34,7,6;8,1234120,1234120,107,78,935,828
34,8,10;11,1480944,1480944,125,91,935,810
34,9,6;14,493648,493648,39,28,935,896
34,10,11;13,987296,987296,66,43,935,869
34,11,8;14,1480944,1480944,53,32,935,882
34,12,11;13,740472,740472,91,80,935,844
34,13,11;12,987296,987296,45,21,935,890
34,14,9;11,987296,987296,112,77,935,823
34,15,6;18,493648,493648,708,676,935,227
34,16,14;18,493648,493648,619,580,935,316
34,17,14;19,493648,493648,917,889,935,18
34,18,7;8,1234120,1234120,452,413,935,483
34,19,18;21,987296,987296,540,495,935,395
34,20,19;29,493648,493648,553,507,935,382
34,21,10;11,987296,987296,480,444,935,455
34,22,1;5,493648,493648,854,817,935,81
34,23,8;21,493648,493648,890,854,935,45
34,24,1;27,493648,493648,369,326,935,566
34,25,0;7,493648,493648,452,423,935,483
34,26,8;29,493648,493648,375,340,935,560
34,27,3;13,740472,740472,496,453,935,439
34,28,1;4,493648,493648,637,598,935,298
34,29,2;7,987296,987296,762,716,935,173
35,0,1;3,987296,987296,75,48,935,860
35,1,0;4,1480944,1480944,62,24,935,873
35,2,0;5,987296,987296,60,33,935,875
35,3,0;2,1480944,1480944,90,53,935,845
35,4,1;3,740472,740472,98,75,935,837
35,5,2;6,740472,740472,115,78,935,820
35,6,5;9,740472,740472,121,92,935,814
35,7,9;12,987296,987296,105,78,935,830
35,8,7;11,1480944,1480944,125,91,935,810
35,9,8;12,1234120,1234120,39,28,935,896
35,10,8;11,987296,987296,66,43,935,869
35,11,12;13,1234120,1234120,42,32,935,893
35,12,9;13,987296,987296,89,80,935,846
35,13,10;14,1727768,1727768,56,21,935,879
35,14,9;11,987296,987296,100,77,935,835
35,15,6;13,493648,493648,705,676,935,230
35,16,13;18,493648,493648,619,580,935,316
35,17,14;18,987296,987296,929,889,935,6
35,18,1;3,1234120,1234120,452,413,935,483
35,19,18;22,493648,493648,535,495,935,400
35,20,21;29,493648,493648,553,507,935,382
35,21,4;10,740472,740472,486,444,935,449
35,22,1;5,740472,740472,857,817,935,78
35,23,8;17,493648,493648,890,854,935,45
35,24,1;3,493648,493648,363,326,935,572
35,25,0;27,740472,740472,460,423,935,475
35,26,8;25,493648,493648,377,340,935,558
35,27,3;13,740472,740472,487,453,935,448
35,28,1;17,493648,493648,638,598,935,297
35,29,2;7,740472,740472,762,716,935,173
36,0,1;3,740472,740472,75,48,934,859
36,1,0;2,1727768,1727768,62,24,934,872
36,2,3;12,987296,987296,60,33,934,874
36,3,2;4,1234120,1234120,90,53,934,844
36,4,1;7,1234120,1234120,114,75,934,820
36,5,4;7,493648,493648,91,78,934,843
36,6,7;9,740472,740472,121,92,934,813
36,7,4;5,1727768,1727768,107,78,934,827
36,8,7;11,1480944,1480944,125,91,934,809
36,9,6;14,493648,493648,39,28,934,895
36,10,8;11,740472,740472,66,43,934,868
36,11,8;14,1480944,1480944,53,32,934,881
36,12,7;11,987296,987296,91,80,934,843
36,13,11;12,1234120,1234120,49,21,934,885
36,14,11;13,1234120,1234120,112,77,934,822
36,15,6;13,493648,493648,705,676,934,229
36,16,14;17,493648,493648,617,580,934,317
36,17,14;18,1234120,1234120,931,889,934,3
36,18,1;8,740472,740472,440,413,934,494
36,19,17;21,987296,987296,540,495,934,394
36,20,17;19,493648,493648,552,507,934,382
36,21,10;11,987296,987296,480,444,934,454
36,22,1;19,493648,493648,857,817,934,77
36,23,8;21,493648,493648,890,854,934,44
36,24,1;3,493648,493648,363,326,934,571
36,25,0;7,740472,740472,460,423,934,474
36,26,8;25,493648,493648,377,340,934,557
36,27,3;13,493648,493648,477,453,934,457
36,28,1;4,493648,493648,637,598,934,297
36,29,2;7,493648,493648,743,716,934,191
37,0,1;3,987296,987296,75,48,935,860
37,1,0;4,1727768,1727768,62,24,935,873
37,2,0;1,987296,987296,60,33,935,875
37,3,0;2,1480944,1480944,90,53,935,845
37,4,3;7,987296,987296,98,75,935,837
37,5,6;7,740472,740472,115,78,935,820
37,6,7;9,740472,740472,104,92,935,831
37,7,8;12,1727768,1727768,107,78,935,828
37,8,7;9,1234120,1234120,125,91,935,810
37,9,8;12,740472,740472,39,28,935,896
37,10,11;13,493648,493648,54,43,935,881
37,11,8;14,987296,987296,53,32,935,882
37,12,7;13,740472,740472,89,80,935,846
37,13,10;14,1480944,1480944,56,21,935,879
37,14,11;13,987296,987296,112,77,935,823
37,15,13;17,493648,493648,707,676,935,228
37,16,13;14,493648,493648,615,580,935,320
37,17,14;18,987296,987296,929,889,935,6
37,18,1;3,987296,987296,443,413,935,492
37,19,18;21,493648,493648,525,495,935,410
37,20,21;29,493648,493648,553,507,935,382
37,21,4;11,1234120,1234120,486,444,935,449
37,22,1;5,493648,493648,854,817,935,81
37,23,8;21,493648,493648,890,854,935,45
37,24,1;3,493648,493648,363,326,935,572
37,25,0;7,493648,493648,452,423,935,483
37,26,8;29,493648,493648,375,340,935,560
37,27,3;13,493648,493648,477,453,935,458
37,28,1;17,493648,493648,638,598,935,297
37,29,2;7,987296,987296,762,716,935,173
38,0,1;2,740472,740472,75,48,931,856
38,1,0;2,1480944,1480944,62,24,931,869
38,2,1;12,1727768,1727768,60,33,931,871
38,3,2;4,987296,987296,90,53,931,841
38,4,2;7,1480944,1480944,114,75,931,817
38,5,2;4,987296,987296,115,78,931,816
38,6,5;9,493648,493648,104,92,931,827
38,7,4;9,1480944,1480944,107,78,931,824
38,8,7;10,987296,987296,125,91,931,806
38,9,7;12,1480944,1480944,40,28,931,891
38,10,9;13,1234120,1234120,66,43,931,865
38,11,9;10,493648,493648,42,32,931,889
38,12,9;13,740472,740472,91,80,931,840
38,13,10;12,1480944,1480944,56,21,931,875
38,14,9;13,740472,740472,100,77,931,831
38,15,13;18,740472,740472,708,676,931,223
38,16,13;18,493648,493648,619,580,931,312
38,17,14;15,1234120,1234120,931,889,931,0
38,18,1;7,987296,987296,452,413,931,479
38,19,17;21,493648,493648,523,495,931,408
38,20,17;21,493648,493648,549,507,931,382
38,21,4;10,987296,987296,486,444,931,445
38,22,1;5,493648,493648,854,817,931,77
38,23,8;17,493648,493648,890,854,931,41
38,24,1;3,493648,493648,363,326,931,568
38,25,0;7,740472,740472,460,423,931,471
38,26,8;25,493648,493648,377,340,931,554
38,27,3;13,493648,493648,477,453,931,454
38,28,1;4,493648,493648,637,598,931,294
38,29,2;7,493648,493648,743,716,931,188
39,0,2;3,987296,987296,75,48,935,860
39,1,0;4,1234120,1234120,62,24,935,873
39,2,0;4,987296,987296,60,33,935,875
39,3,0;4,1234120,1234120,90,53,935,845
39,4,3;7,1234120,1234120,114,75,935,821
39,5,2;6,740472,740472,115,78,935,820
39,6,7;9,740472,740472,104,92,935,831
39,7,6;12,1727768,1727768,107,78,935,828
39,8,7;10,740472,740472,117,91,935,818
39,9,11;12,987296,987296,39,28,935,896
39,10,8;11,987296,987296,66,43,935,869
39,11,10;12,1234120,1234120,53,32,935,882
39,12,11;13,987296,987296,89,80,935,846
39,13,10;12,987296,987296,49,21,935,886
39,14,9;11,987296,987296,112,77,935,823
39,15,13;18,493648,493648,708,676,935,227
39,16,14;18,493648,493648,619,580,935,316
39,17,14;18,740472,740472,925,889,935,10
39,18,3;7,1480944,1480944,452,413,935,483
39,19,18;21,740472,740472,540,495,935,395
39,20,19;29,493648,493648,553,507,935,382
39,21,10;11,987296,987296,480,444,935,455
39,22,1;5,493648,493648,854,817,935,81
39,23,17;21,493648,493648,890,854,935,45
39,24,1;3,493648,493648,363,326,935,572
39,25,0;7,740472,740472,460,423,935,475
39,26,8;25,493648,493648,377,340,935,558
39,27,3;13,493648,493648,477,453,935,458
39,28,1;4,493648,493648,637,598,935,298
39,29,2;7,740472,740472,762,716,935,173
40,0,1;2,987296,987296,75,48,931,856
40,1,2;4,1480944,1480944,62,24,931,869
40,2,0;12,1727768,1727768,60,33,931,871
40,3,0;2,1234120,1234120,90,53,931,841
40,4,1;2,1234120,1234120,98,75,931,833
40,5,2;4,740472,740472,115,78,931,816
40,6,7;9,740472,740472,121,92,931,810
40,7,4;12,1234120,1234120,107,78,931,824
40,8,10;11,1234120,1234120,125,91,931,806
40,9,12;14,987296,987296,40,28,931,891
40,10,9;13,987296,987296,66,43,931,865
40,11,12;14,740472,740472,40,32,931,891
40,12,7;13,1234120,1234120,91,80,931,840
40,13,12;14,1234120,1234120,49,21,931,882
40,14,9;11,1234120,1234120,112,77,931,819
40,15,6;13,493648,493648,705,676,931,226
40,16,14;17,493648,493648,617,580,931,314
40,17,14;18,1480944,1480944,931,889,931,0
40,18,3;8,740472,740472,440,413,931,491
40,19,17;21,493648,493648,523,495,931,408
40,20,17;21,493648,493648,549,507,931,382
40,21,4;10,1234120,1234120,486,444,931,445
40,22,1;5,493648,493648,854,817,931,77
40,23,8;21,493648,493648,890,854,931,41
40,24,1;3,493648,493648,363,326,931,568
40,25,0;7,493648,493648,452,423,931,479
40,26,8;29,493648,493648,375,340,931,556
40,27,3;13,493648,493648,477,453,931,454
40,28,1;17,493648,493648,638,598,931,293
40,29,2;7,740472,740472,751,716,931,180
41,0,1;2,740472,740472,75,48,935,860
41,1,0;2,1727768,1727768,62,24,935,873
41,2,1;12,1480944,1480944,60,33,935,875
41,3,2;4,1234120,1234120,90,53,935,845
41,4,1;7,1234120,1234120,114,75,935,821
41,5,2;6,740472,740472,115,78,935,820
41,6,7;9,740472,740472,104,92,935,831
41,7,8;12,1480944,1480944,107,78,935,828
41,8,7;11,1234120,1234120,125,91,935,810
41,9,6;12,740472,740472,39,28,935,896
41,10,8;13,493648,493648,54,43,935,881
41,11,8;12,1234120,1234120,53,32,935,882
41,12,7;11,1234120,1234120,91,80,935,844
41,13,11;12,1480944,1480944,56,21,935,879
41,14,9;11,987296,987296,112,77,935,823
41,15,13;17,493648,493648,707,676,935,228
41,16,13;14,493648,493648,615,580,935,320
41,17,14;18,1234120,1234120,925,889,935,10
41,18,1;3,740472,740472,440,413,935,495
41,19,17;21,493648,493648,523,495,935,412
41,20,21;29,493648,493648,553,507,935,382
41,21,4;11,987296,987296,486,444,935,449
41,22,1;5,493648,493648,854,817,935,81
41,23,8;17,493648,493648,890,854,935,45
41,24,1;3,493648,493648,363,326,935,572
41,25,0;7,740472,740472,460,423,935,475
41,26,8;25,493648,493648,377,340,935,558
41,27,3;13,493648,493648,477,453,935,458
41,28,1;4,493648,493648,637,598,935,298
41,29,2;7,740472,740472,762,716,935,173
42,0,1;3,987296,987296,75,48,935,860
42,1,2;4,1727768,1727768,62,24,935,873
42,2,0;1,1234120,1234120,60,33,935,875
42,3,0;2,740472,740472,77,53,935,858
42,4,1;5,740472,740472,114,75,935,821
42,5,2;4,1234120,1234120,115,78,935,820
42,6,5;9,987296,987296,121,92,935,814
42,7,5;6,987296,987296,105,78,935,830
42,8,7;11,1480944,1480944,125,91,935,810
42,9,8;14,740472,740472,39,28,935,896
42,10,11;13,740472,740472,66,43,935,869
42,11,13;14,1480944,1480944,53,32,935,882
42,12,11;13,493648,493648,87,80,935,848
42,13,10;14,1727768,1727768,56,21,935,879
42,14,11;13,1234120,1234120,112,77,935,823
42,15,6;13,740472,740472,707,676,935,228
42,16,13;14,493648,493648,615,580,935,320
42,17,14;15,740472,740472,931,889,935,4
42,18,1;8,493648,493648,434,413,935,501
42,19,21;22,493648,493648,535,495,935,400
42,20,17;21,493648,493648,549,507,935,386
42,21,10;11,1234120,1234120,486,444,935,449
42,22,1;5,740472,740472,857,817,935,78
42,23,8;21,493648,493648,890,854,935,45
42,24,1;26,493648,493648,372,326,935,563
42,25,0;27,493648,493648,457,423,935,478
42,26,8;29,740472,740472,386,340,935,549
42,27,3;13,740472,740472,487,453,935,448
42,28,1;4,493648,493648,637,598,935,298
42,29,2;7,740472,740472,751,716,935,184
43,0,1;2,987296,987296,75,48,935,860
43,1,0;2,987296,987296,62,24,935,873
43,2,3;12,1727768,1727768,60,33,935,875
43,3,0;2,1234120,1234120,90,53,935,845
43,4,2;7,493648,493648,88,75,935,847
43,5,2;7,740472,740472,115,78,935,820
43,6,7;9,493648,493648,103,92,935,832
43,7,8;12,2221416,2221416,107,78,935,828
43,8,9;11,1234120,1234120,125,91,935,810
43,9,7;12,987296,987296,39,28,935,896
43,10,11;13,740472,740472,66,43,935,869
43,11,8;12,1234120,1234120,53,32,935,882
43,12,7;11,1234120,1234120,91,80,935,844
43,13,10;12,1480944,1480944,56,21,935,879
43,14,11;13,740472,740472,100,77,935,835
43,15,13;17,493648,493648,707,676,935,228
43,16,13;17,493648,493648,617,580,935,318
43,17,14;18,1974592,1974592,931,889,935,4
43,18,3;7,740472,740472,440,413,935,495
43,19,17;21,493648,493648,523,495,935,412
43,20,17;29,493648,493648,553,507,935,382
43,21,10;11,740472,740472,472,444,935,463
43,22,1;5,493648,493648,854,817,935,81
43,23,8;17,493648,493648,890,854,935,45
43,24,3;27,493648,493648,369,326,935,566
43,25,0;7,740472,740472,460,423,935,475
43,26,8;25,493648,493648,377,340,935,558
43,27,3;13,740472,740472,496,453,935,439
43,28,1;17,493648,493648,638,598,935,297
43,29,2;7,740472,740472,762,716,935,173
44,0,1;3,740472,740472,75,48,935,860
44,1,0;4,1727768,1727768,62,24,935,873
44,2,1;4,1234120,1234120,60,33,935,875
44,3,2;4,1480944,1480944,90,53,935,845
44,4,1;3,1480944,1480944,114,75,935,821
44,5,2;6,740472,740472,115,78,935,820
44,6,7;9,987296,987296,121,92,935,814
44,7,4;9,1727768,1727768,107,78,935,828
44,8,7;10,987296,987296,125,91,935,810
44,9,6;7,1234120,1234120,40,28,935,895
44,10,8;9,987296,987296,66,43,935,869
44,11,12;14,493648,493648,40,32,935,895
44,12,7;9,987296,987296,89,80,935,846
44,13,10;12,1234120,1234120,56,21,935,879
44,14,9;11,987296,987296,112,77,935,823
44,15,6;13,493648,493648,705,676,935,230
44,16,13;14,493648,493648,615,580,935,320
44,17,14;18,740472,740472,917,889,935,18
44,18,1;3,987296,987296,443,413,935,492
44,19,17;18,493648,493648,525,495,935,410
44,20,21;29,493648,493648,553,507,935,382
44,21,4;10,987296,987296,486,444,935,449
44,22,1;5,493648,493648,854,817,935,81
44,23,8;21,493648,493648,890,854,935,45
44,24,1;3,493648,493648,363,326,935,572
44,25,0;7,493648,493648,452,423,935,483
44,26,8;29,493648,493648,375,340,935,560
44,27,3;13,493648,493648,477,453,935,458
44,28,1;4,493648,493648,637,598,935,298
44,29,2;7,987296,987296,762,716,935,173
45,0,1;3,740472,740472,75,48,935,860
45,1,0;2,1480944,1480944,62,24,935,873
45,2,5;12,1234120,1234120,60,33,935,875
45,3,0;2,987296,987296,90,53,935,845
45,4,1;7,987296,987296,98,75,935,837
45,5,4;7,740472,740472,92,78,935,843
45,6,7;9,740472,740472,121,92,935,814
45,7,9;12,2221416,2221416,107,78,935,828
45,8,7;11,1234120,1234120,125,91,935,810
45,9,11;12,1480944,1480944,40,28,935,895
45,10,9;11,493648,493648,55,43,935,880
45,11,8;10,1727768,1727768,53,32,935,882
45,12,11;13,1234120,1234120,91,80,935,844
45,13,11;14,1480944,1480944,56,21,935,879
45,14,9;11,1234120,1234120,112,77,935,823
45,15,6;13,493648,493648,705,676,935,230
45,16,13;14,493648,493648,615,580,935,320
45,17,14;19,987296,987296,929,889,935,6
45,18,7;8,740472,740472,443,413,935,492
45,19,18;21,1234120,1234120,540,495,935,395
45,20,19;21,493648,493648,552,507,935,383
45,21,4;11,987296,987296,486,444,935,449
45,22,1;19,493648,493648,857,817,935,78
45,23,8;17,493648,493648,890,854,935,45
45,24,1;3,740472,740472,372,326,935,563
45,25,0;7,493648,493648,452,423,935,483
45,26,8;24,493648,493648,386,340,935,549
45,27,3;13,493648,493648,477,453,935,458
45,28,1;17,493648,493648,638,598,935,297
45,29,2;7,493648,493648,743,716,935,192
46,0,1;2,987296,987296,75,48,935,860
46,1,0;4,1480944,1480944,62,24,935,873
46,2,0;3,987296,987296,60,33,935,875
46,3,0;4,1480944,1480944,90,53,935,845
46,4,3;7,740472,740472,87,75,935,848
46,5,2;6,740472,740472,92,78,935,843
46,6,5;7,493648,493648,104,92,935,831
46,7,5;6,1234120,1234120,107,78,935,828
46,8,10;11,1234120,1234120,125,91,935,810
46,9,8;11,987296,987296,38,28,935,897
46,10,8;11,987296,987296,66,43,935,869
46,11,9;13,1727768,1727768,53,32,935,882
46,12,9;11,740472,740472,89,80,935,846
46,13,10;12,1480944,1480944,56,21,935,879
46,14,9;11,740472,740472,100,77,935,835
46,15,13;17,493648,493648,707,676,935,228
46,16,13;17,493648,493648,617,580,935,318
46,17,14;15,1727768,1727768,931,889,935,4
46,18,1;3,493648,493648,434,413,935,501
46,19,17;22,740472,740472,540,495,935,395
46,20,17;19,493648,493648,552,507,935,383
46,21,10;11,493648,493648,467,444,935,468
46,22,1;19,493648,493648,857,817,935,78
46,23,8;17,493648,493648,890,854,935,45
46,24,1;3,740472,740472,372,326,935,563
46,25,0;7,493648,493648,452,423,935,483
46,26,8;24,493648,493648,386,340,935,549
46,27,3;13,493648,493648,477,453,935,458
46,28,1;17,493648,493648,638,598,935,297
46,29,2;7,493648,493648,743,716,935,192
47,0,1;3,740472,740472,75,48,935,860
47,1,0;2,1480944,1480944,62,24,935,873
47,2,1;12,987296,987296,60,33,935,875
47,3,2;4,1234120,1234120,90,53,935,845
47,4,1;7,1480944,1480944,114,75,935,821
47,5,4;7,987296,987296,115,78,935,820
47,6,5;7,493648,493648,104,92,935,831
47,7,4;8,1727768,1727768,107,78,935,828
47,8,7;11,1234120,1234120,125,91,935,810
47,9,11;12,493648,493648,37,28,935,898
47,10,11;13,493648,493648,54,43,935,881
47,11,8;12,1727768,1727768,53,32,935,882
47,12,11;13,987296,987296,91,80,935,844
47,13,10;11,1727768,1727768,56,21,935,879
47,14,11;13,987296,987296,112,77,935,823
47,15,13;18,740472,740472,708,676,935,227
47,16,13;14,493648,493648,615,580,935,320
47,17,14;15,740472,740472,920,889,935,15
47,18,7;8,987296,987296,445,413,935,490
47,19,17;18,740472,740472,540,495,935,395
47,20,19;29,493648,493648,553,507,935,382
47,21,4;11,740472,740472,480,444,935,455
47,22,1;5,493648,493648,854,817,935,81
47,23,8;21,493648,493648,890,854,935,45
47,24,1;3,493648,493648,363,326,935,572
47,25,0;7,740472,740472,460,423,935,475
47,26,8;25,493648,493648,377,340,935,558
47,27,3;13,493648,493648,477,453,935,458
47,28,1;4,493648,493648,637,598,935,298
47,29,2;7,740472,740472,762,716,935,173
48,0,1;2,987296,987296,75,48,935,860
48,1,2;4,1727768,1727768,62,24,935,873
48,2,4;12,1234120,1234120,60,33,935,875
48,3,0;4,1234120,1234120,90,53,935,845
48,4,1;7,1480944,1480944,98,75,935,837
48,5,4;7,740472,740472,115,78,935,820
48,6,7;9,740472,740472,121,92,935,814
48,7,8;9,1974592,1974592,107,78,935,828
48,8,7;9,987296,987296,125,91,935,810
48,9,8;12,1234120,1234120,40,28,935,895
48,10,9;13,740472,740472,66,43,935,869
48,11,12;13,740472,740472,40,32,935,895
48,12,7;13,1234120,1234120,91,80,935,844
48,13,12;14,1727768,1727768,56,21,935,879
48,14,11;13,740472,740472,100,77,935,835
48,15,6;13,493648,493648,705,676,935,230
48,16,13;18,493648,493648,619,580,935,316
48,17,14;18,987296,987296,931,889,935,4
48,18,1;3,1234120,1234120,452,413,935,483
48,19,18;21,493648,493648,525,495,935,410
48,20,17;21,493648,493648,549,507,935,386
48,21,4;10,1234120,1234120,486,444,935,449
48,22,1;5,493648,493648,854,817,935,81
48,23,8;21,493648,493648,890,854,935,45
48,24,1;3,740472,740472,372,326,935,563
48,25,0;7,493648,493648,452,423,935,483
48,26,8;24,493648,493648,386,340,935,549
48,27,3;13,493648,493648,477,453,935,458
48,28,1;17,493648,493648,638,598,935,297
48,29,2;7,493648,493648,743,716,935,192
49,0,2;3,987296,987296,75,48,935,860
49,1,0;2,1727768,1727768,62,24,935,873
49,2,0;12,1480944,1480944,60,33,935,875
49,3,2;4,1234120,1234120,90,53,935,845
49,4,1;3,987296,987296,114,75,935,821
49,5,2;6,740472,740472,115,78,935,820
49,6,7;9,740472,740472,104,92,935,831
49,7,4;12,1480944,1480944,105,78,935,830
49,8,7;11,1234120,1234120,125,91,935,810
49,9,12;14,987296,987296,40,28,935,895
49,10,8;9,987296,987296,66,43,935,869
49,11,8;14,1234120,1234120,53,32,935,882
49,12,11;13,1234120,1234120,91,80,935,844
49,13,10;11,1234120,1234120,49,21,935,886
49,14,9;11,987296,987296,112,77,935,823
49,15,13;17,493648,493648,707,676,935,228
49,16,14;17,493648,493648,617,580,935,318
49,17,14;18,1727768,1727768,931,889,935,4
49,18,1;7,740472,740472,440,413,935,495
49,19,17;21,493648,493648,523,495,935,412
49,20,17;29,493648,493648,553,507,935,382
49,21,10;11,740472,740472,472,444,935,463
49,22,1;5,493648,493648,854,817,935,81
49,23,8;17,493648,493648,890,854,935,45
49,24,1;3,740472,740472,372,326,935,563
49,25,0;27,493648,493648,457,423,935,478
49,26,8;24,493648,493648,386,340,935,549
49,27,3;13,740472,740472,487,453,935,448
49,28,1;4,493648,493648,637,598,935,298
49,29,2;7,740472,740472,762,716,935,173
50,0,2;3,987296,987296,75,48,934,859
50,1,0;4,1234120,1234120,62,24,934,872
50,2,0;12,740472,740472,60,33,934,874
50,3,0;4,987296,987296,90,53,934,844
50,4,3;7,987296,987296,114,75,934,820
50,5,6;7,740472,740472,115,78,934,819
50,6,5;7,493648,493648,104,92,934,830
50,7,8;12,1974592,1974592,107,78,934,827
50,8,7;11,1480944,1480944,125,91,934,809
50,9,11;12,740472,740472,38,28,934,896
50,10,8;13,740472,740472,66,43,934,868
50,11,12;13,1234120,1234120,53,32,934,881
50,12,11;13,1234120,1234120,91,80,934,843
50,13,11;12,1727768,1727768,56,21,934,878
50,14,9;13,987296,987296,112,77,934,822
50,15,13;17,493648,493648,707,676,934,227
50,16,13;14,493648,493648,615,580,934,319
50,17,14;19,1234120,1234120,931,889,934,3
50,18,7;8,740472,740472,443,413,934,491
50,19,17;18,740472,740472,540,495,934,394
50,20,17;19,493648,493648,552,507,934,382
50,21,10;11,493648,493648,467,444,934,467
50,22,1;5,493648,493648,854,817,934,80
50,23,8;17,493648,493648,890,854,934,44
50,24,1;3,493648,493648,363,326,934,571
50,25,0;7,740472,740472,460,423,934,474
50,26,8;25,493648,493648,377,340,934,557
50,27,3;13,493648,493648,477,453,934,457
50,28,1;4,493648,493648,637,598,934,297
50,29,2;7,493648,493648,743,716,934,191
51,0,2;3,987296,987296,75,48,934,859
51,1,0;4,1234120,1234120,62,24,934,872
51,2,0;12,740472,740472,60,33,934,874
51,3,0;4,987296,987296,90,53,934,844
51,4,3;7,987296,987296,114,75,934,820
51,5,6;7,740472,740472,115,78,934,819
51,6,5;7,493648,493648,104,92,934,830
51,7,8;12,1974592,1974592,107,78,934,827
51,8,7;9,1480944,1480944,125,91,934,809
51,9,12;14,987296,987296,40,28,934,894
51,10,8;9,740472,740472,66,43,934,868
51,11,12;14,740472,740472,53,32,934,881
51,12,11;13,1234120,1234120,91,80,934,843
51,13,12;14,1234120,1234120,56,21,934,878
51,14,9;13,1234120,1234120,112,77,934,822
51,15,13;17,493648,493648,707,676,934,227
51,16,13;14,493648,493648,615,580,934,319
51,17,14;19,1234120,1234120,931,889,934,3
51,18,7;8,493648,493648,435,413,934,499
51,19,17;21,740472,740472,540,495,934,394
51,20,17;19,493648,493648,552,507,934,382
51,21,10;11,740472,740472,472,444,934,462
51,22,1;5,493648,493648,854,817,934,80
51,23,8;17,493648,493648,890,854,934,44
51,24,1;3,493648,493648,363,326,934,571
51,25,0;7,740472,740472,460,423,934,474
51,26,8;25,493648,493648,377,340,934,557
51,27,3;13,493648,493648,477,453,934,457
51,28,1;4,493648,493648,637,598,934,297
51,29,2;7,493648,493648,743,716,934,191
52,0,2;3,987296,987296,75,48,934,859
52,1,0;4,1480944,1480944,62,24,934,872
52,2,0;1,740472,740472,60,33,934,874
52,3,0;4,987296,987296,90,53,934,844
52,4,1;3,740472,740472,114,75,934,820
52,5,6;7,740472,740472,115,78,934,819
52,6,5;7,493648,493648,104,92,934,830
52,7,8;12,1727768,1727768,107,78,934,827
52,8,7;11,1234120,1234120,125,91,934,809
52,9,11;12,740472,740472,38,28,934,896
52,10,11;13,740472,740472,66,43,934,868
52,11,12;14,1480944,1480944,53,32,934,881
52,12,11;13,987296,987296,89,80,934,845
52,13,12;14,1480944,1480944,56,21,934,878
52,14,9;11,1234120,1234120,112,77,934,822
52,15,13;17,493648,493648,707,676,934,227
52,16,13;14,493648,493648,615,580,934,319
52,17,14;19,1234120,1234120,931,889,934,3
52,18,7;8,493648,493648,435,413,934,499
52,19,17;21,740472,740472,540,495,934,394
52,20,17;19,493648,493648,552,507,934,382
52,21,10;11,740472,740472,472,444,934,462
52,22,1;5,493648,493648,854,817,934,80
52,23,8;17,493648,493648,890,854,934,44
52,24,1;3,493648,493648,363,326,934,571
52,25,0;7,493648,493648,452,423,934,482
52,26,8;29,493648,493648,375,340,934,559
52,27,3;13,493648,493648,477,453,934,457
52,28,1;4,493648,493648,637,598,934,297
52,29,2;7,740472,740472,751,716,934,183
53,0,2;3,987296,987296,75,48,934,859
53,1,0;4,1234120,1234120,62,24,934,872
53,2,0;12,740472,740472,60,33,934,874
53,3,0;4,987296,987296,90,53,934,844
53,4,3;7,1234120,1234120,114,75,934,820
53,5,6;7,740472,740472,115,78,934,819
53,6,5;7,740472,740472,121,92,934,813
53,7,8;12,1974592,1974592,107,78,934,827
53,8,7;9,1480944,1480944,125,91,934,809
53,9,12;14,740472,740472,38,28,934,896
53,10,8;11,493648,493648,54,43,934,880
53,11,12;14,987296,987296,53,32,934,881
53,12,11;13,1234120,1234120,91,80,934,843
53,13,12;14,1234120,1234120,56,21,934,878
53,14,9;11,1234120,1234120,112,77,934,822
53,15,6;13,493648,493648,705,676,934,229
53,16,13;14,493648,493648,615,580,934,319
53,17,14;19,987296,987296,931,889,934,3
53,18,7;8,740472,740472,443,413,934,491
53,19,17;18,740472,740472,540,495,934,394
53,20,17;19,493648,493648,552,507,934,382
53,21,4;11,493648,493648,467,444,934,467
53,22,1;5,493648,493648,854,817,934,80
53,23,8;17,493648,493648,890,854,934,44
53,24,1;3,493648,493648,363,326,934,571
53,25,0;7,493648,493648,452,423,934,482
53,26,8;29,493648,493648,375,340,934,559
53,27,3;13,493648,493648,477,453,934,457
53,28,1;4,493648,493648,637,598,934,297
53,29,2;7,740472,740472,751,716,934,183
54,0,2;3,987296,987296,75,48,934,859
54,1,0;4,1234120,1234120,62,24,934,872
54,2,0;4,740472,740472,60,33,934,874
54,3,0;4,987296,987296,90,53,934,844
54,4,1;3,1480944,1480944,114,75,934,820
54,5,4;6,740472,740472,115,78,934,819
54,6,5;7,740472,740472,121,92,934,813
54,7,8;12,1480944,1480944,107,78,934,827
54,8,7;11,1480944,1480944,125,91,934,809
54,9,11;12,740472,740472,38,28,934,896
54,10,8;11,493648,493648,54,43,934,880
54,11,12;13,1727768,1727768,53,32,934,881
54,12,11;13,987296,987296,89,80,934,845
54,13,12;14,1480944,1480944,56,21,934,878
54,14,9;11,1234120,1234120,112,77,934,822
54,15,6;13,493648,493648,705,676,934,229
54,16,13;14,493648,493648,615,580,934,319
54,17,14;19,987296,987296,931,889,934,3
54,18,7;8,740472,740472,443,413,934,491
54,19,17;18,740472,740472,540,495,934,394
54,20,17;19,493648,493648,552,507,934,382
54,21,4;11,493648,493648,467,444,934,467
54,22,1;5,493648,493648,854,817,934,80
54,23,8;17,493648,493648,890,854,934,44
54,24,1;3,493648,493648,363,326,934,571
54,25,0;7,493648,493648,452,423,934,482
54,26,8;29,493648,493648,375,340,934,559
54,27,3;13,493648,493648,477,453,934,457
54,28,1;4,493648,493648,637,598,934,297
54,29,2;7,740472,740472,751,716,934,183
55,0,2;3,987296,987296,75,48,934,859
55,1,0;4,1234120,1234120,62,24,934,872
55,2,0;4,740472,740472,60,33,934,874
55,3,0;4,987296,987296,90,53,934,844
55,4,1;3,1480944,1480944,114,75,934,820
55,5,4;7,987296,987296,115,78,934,819
55,6,5;7,740472,740472,121,92,934,813
55,7,8;12,1727768,1727768,107,78,934,827
55,8,7;11,1727768,1727768,125,91,934,809
55,9,8;12,493648,493648,38,28,934,896
55,10,8;13,493648,493648,54,43,934,880
55,11,12;13,1234120,1234120,53,32,934,881
55,12,11;13,987296,987296,89,80,934,845
55,13,12;14,1727768,1727768,56,21,934,878
55,14,11;13,987296,987296,112,77,934,822
55,15,6;13,493648,493648,705,676,934,229
55,16,13;14,493648,493648,615,580,934,319
55,17,14;19,987296,987296,931,889,934,3
55,18,7;8,740472,740472,443,413,934,491
55,19,17;18,740472,740472,540,495,934,394
55,20,17;19,493648,493648,552,507,934,382
55,21,4;11,493648,493648,467,444,934,467
55,22,1;5,493648,493648,854,817,934,80
55,23,8;17,493648,493648,890,854,934,44
55,24,1;3,493648,493648,363,326,934,571
55,25,0;7,493648,493648,452,423,934,482
55,26,8;29,493648,493648,375,340,934,559
55,27,3;13,493648,493648,477,453,934,457
55,28,1;4,493648,493648,637,598,934,297
55,29,2;7,740472,740472,751,716,934,183
56,0,2;3,987296,987296,75,48,934,859
56,1,0;4,1480944,1480944,62,24,934,872
56,2,0;1,740472,740472,60,33,934,874
56,3,0;4,987296,987296,90,53,934,844
56,4,1;3,987296,987296,114,75,934,820
56,5,6;7,740472,740472,115,78,934,819
56,6,5;7,740472,740472,121,92,934,813
56,7,8;9,1727768,1727768,107,78,934,827
56,8,7;9,1480944,1480944,125,91,934,809
56,9,8;11,987296,987296,40,28,934,894
56,10,8;9,493648,493648,55,43,934,879
56,11,12;13,1234120,1234120,53,32,934,881
56,12,11;13,493648,493648,87,80,934,847
56,13,12;14,1480944,1480944,56,21,934,878
56,14,11;13,987296,987296,112,77,934,822
56,15,6;13,493648,493648,705,676,934,229
56,16,13;14,493648,493648,615,580,934,319
56,17,14;19,987296,987296,931,889,934,3
56,18,7;8,493648,493648,435,413,934,499
56,19,17;21,740472,740472,540,495,934,394
56,20,17;19,493648,493648,552,507,934,382
56,21,4;11,740472,740472,472,444,934,462
56,22,1;5,493648,493648,854,817,934,80
56,23,8;17,493648,493648,890,854,934,44
56,24,1;3,493648,493648,363,326,934,571
56,25,0;7,493648,493648,452,423,934,482
56,26,8;29,493648,493648,375,340,934,559
56,27,3;13,493648,493648,477,453,934,457
56,28,1;4,493648,493648,637,598,934,297
56,29,2;7,740472,740472,751,716,934,183
57,0,2;3,987296,987296,75,48,934,859
57,1,0;4,1234120,1234120,62,24,934,872
57,2,0;12,987296,987296,60,33,934,874
57,3,0;4,987296,987296,90,53,934,844
57,4,2;3,1234120,1234120,114,75,934,820
57,5,6;7,740472,740472,115,78,934,819
57,6,5;9,740472,740472,121,92,934,813
57,7,9;12,1727768,1727768,107,78,934,827
57,8,7;9,1234120,1234120,125,91,934,809
57,9,12;14,1480944,1480944,40,28,934,894
57,10,9;11,493648,493648,55,43,934,879
57,11,12;13,1234120,1234120,53,32,934,881
57,12,11;13,1234120,1234120,91,80,934,843
57,13,12;14,1480944,1480944,56,21,934,878
57,14,11;13,1234120,1234120,112,77,934,822
57,15,6;13,493648,493648,705,676,934,229
57,16,13;14,493648,493648,615,580,934,319
57,17,14;19,987296,987296,931,889,934,3
57,18,7;8,740472,740472,443,413,934,491
57,19,17;18,740472,740472,540,495,934,394
57,20,17;19,493648,493648,552,507,934,382
57,21,4;11,493648,493648,467,444,934,467
57,22,1;5,493648,493648,854,817,934,80
57,23,8;17,493648,493648,890,854,934,44
57,24,1;3,493648,493648,363,326,934,571
57,25,0;7,493648,493648,452,423,934,482
57,26,8;29,493648,493648,375,340,934,559
57,27,3;13,493648,493648,477,453,934,457
57,28,1;4,493648,493648,637,598,934,297
57,29,2;7,740472,740472,751,716,934,183
58,0,2;3,987296,987296,75,48,934,859
58,1,0;4,1234120,1234120,62,24,934,872
58,2,0;4,740472,740472,60,33,934,874
58,3,0;4,987296,987296,90,53,934,844
58,4,3;7,1480944,1480944,114,75,934,820
58,5,6;7,740472,740472,115,78,934,819
58,6,5;7,740472,740472,121,92,934,813
58,7,9;12,2221416,2221416,107,78,934,827
58,8,7;9,1234120,1234120,125,91,934,809
58,9,11;12,1234120,1234120,40,28,934,894
58,10,9;11,493648,493648,55,43,934,879
58,11,12;13,1480944,1480944,53,32,934,881
58,12,11;13,987296,987296,89,80,934,845
58,13,11;12,1480944,1480944,56,21,934,878
58,14,11;13,987296,987296,112,77,934,822
58,15,6;13,493648,493648,705,676,934,229
58,16,13;14,493648,493648,615,580,934,319
58,17,14;19,987296,987296,931,889,934,3
58,18,7;8,740472,740472,443,413,934,491
58,19,17;18,740472,740472,540,495,934,394
58,20,17;19,493648,493648,552,507,934,382
58,21,4;11,493648,493648,467,444,934,467
58,22,1;5,493648,493648,854,817,934,80
58,23,8;17,493648,493648,890,854,934,44
58,24,1;3,493648,493648,363,326,934,571
58,25,0;7,493648,493648,452,423,934,482
58,26,8;29,493648,493648,375,340,934,559
58,27,3;13,493648,493648,477,453,934,457
58,28,1;4,493648,493648,637,598,934,297
58,29,2;7,740472,740472,751,716,934,183
59,0,1;3,987296,987296,75,48,934,859
59,1,0;4,1234120,1234120,62,24,934,872
59,2,0;4,987296,987296,60,33,934,874
59,3,0;4,987296,987296,90,53,934,844
59,4,2;3,1234120,1234120,114,75,934,820
59,5,2;6,740472,740472,115,78,934,819
59,6,5;7,740472,740472,121,92,934,813
59,7,6;12,1480944,1480944,107,78,934,827
59,8,7;11,1234120,1234120,125,91,934,809
59,9,11;14,493648,493648,38,28,934,896
59,10,11;13,493648,493648,54,43,934,880
59,11,12;14,1727768,1727768,53,32,934,881
59,12,11;13,740472,740472,88,80,934,846
59,13,11;12,1727768,1727768,56,21,934,878
59,14,11;13,1234120,1234120,112,77,934,822
59,15,6;13,493648,493648,705,676,934,229
59,16,13;14,493648,493648,615,580,934,319
59,17,14;19,987296,987296,931,889,934,3
59,18,7;8,740472,740472,443,413,934,491
59,19,18;21,987296,987296,540,495,934,394
59,20,17;19,493648,493648,552,507,934,382
59,21,4;11,740472,740472,472,444,934,462
59,22,1;5,493648,493648,854,817,934,80
59,23,8;17,493648,493648,890,854,934,44
59,24,1;3,493648,493648,363,326,934,571
59,25,0;7,493648,493648,452,423,934,482
59,26,8;29,493648,493648,375,340,934,559
59,27,3;13,493648,493648,477,453,934,457
59,28,1;4,493648,493648,637,598,934,297
59,29,2;7,740472,740472,751,716,934,183
60,0,1;3,740472,740472,75,48,934,859
60,1,0;4,1234120,1234120,62,24,934,872
60,2,3;4,740472,740472,60,33,934,874
60,3,0;4,1234120,1234120,90,53,934,844
60,4,3;5,1480944,1480944,114,75,934,820
60,5,4;7,987296,987296,115,78,934,819
60,6,5;7,740472,740472,121,92,934,813
60,7,9;12,1974592,1974592,107,78,934,827
60,8,7;10,1234120,1234120,125,91,934,809
60,9,12;14,740472,740472,39,28,934,895
60,10,11;13,740472,740472,54,43,934,880
60,11,13;14,1234120,1234120,53,32,934,881
60,12,11;13,987296,987296,89,80,934,845
60,13,12;14,1727768,1727768,56,21,934,878
60,14,11;13,1234120,1234120,112,77,934,822
60,15,6;13,493648,493648,705,676,934,229
60,16,13;14,493648,493648,615,580,934,319
60,17,14;19,987296,987296,931,889,934,3
60,18,7;8,740472,740472,443,413,934,491
60,19,17;18,740472,740472,540,495,934,394
60,20,17;19,493648,493648,552,507,934,382
60,21,4;11,493648,493648,467,444,934,467
60,22,1;5,493648,493648,854,817,934,80
60,23,8;17,493648,493648,890,854,934,44
60,24,1;3,493648,493648,363,326,934,571
60,25,0;7,493648,493648,452,423,934,482
60,26,8;29,493648,493648,375,340,934,559
60,27,3;13,493648,493648,477,453,934,457
60,28,1;4,493648,493648,637,598,934,297
60,29,2;7,740472,740472,751,716,934,183
61,0,1;3,740472,740472,75,48,934,859
61,1,0;4,1234120,1234120,62,24,934,872
61,2,3;4,740472,740472,60,33,934,874
61,3,0;4,1234120,1234120,90,53,934,844
61,4,3;7,1480944,1480944,114,75,934,820
61,5,6;7,740472,740472,115,78,934,819
61,6,5;7,740472,740472,121,92,934,813
61,7,9;12,2221416,2221416,107,78,934,827
61,8,7;9,1234120,1234120,125,91,934,809
61,9,12;14,1234120,1234120,40,28,934,894
61,10,9;11,493648,493648,55,43,934,879
61,11,12;14,987296,987296,53,32,934,881
61,12,11;13,987296,987296,89,80,934,845
61,13,12;14,1234120,1234120,56,21,934,878
61,14,11;13,1234120,1234120,112,77,934,822
61,15,6;13,493648,493648,705,676,934,229
61,16,13;14,493648,493648,615,580,934,319
61,17,14;19,987296,987296,931,889,934,3
61,18,7;8,740472,740472,443,413,934,491
61,19,17;18,740472,740472,540,495,934,394
61,20,17;19,493648,493648,552,507,934,382
61,21,4;11,493648,493648,467,444,934,467
61,22,1;5,493648,493648,854,817,934,80
61,23,8;17,493648,493648,890,854,934,44
61,24,1;3,493648,493648,363,326,934,571
61,25,0;7,493648,493648,452,423,934,482
61,26,8;29,493648,493648,375,340,934,559
61,27,3;13,493648,493648,477,453,934,457
61,28,1;4,493648,493648,637,598,934,297
61,29,2;7,740472,740472,751,716,934,183
62,0,1;3,740472,740472,75,48,934,859
62,1,0;4,1234120,1234120,62,24,934,872
62,2,3;4,740472,740472,60,33,934,874
62,3,0;4,1234120,1234120,90,53,934,844
62,4,3;5,1480944,1480944,114,75,934,820
62,5,4;6,740472,740472,115,78,934,819
62,6,5;7,740472,740472,121,92,934,813
62,7,9;12,1727768,1727768,107,78,934,827
62,8,7;9,1234120,1234120,125,91,934,809
62,9,11;12,1234120,1234120,40,28,934,894
62,10,9;11,493648,493648,55,43,934,879
62,11,12;14,1234120,1234120,53,32,934,881
62,12,11;13,987296,987296,89,80,934,845
62,13,12;14,1234120,1234120,56,21,934,878
62,14,11;13,987296,987296,112,77,934,822
62,15,6;13,493648,493648,705,676,934,229
62,16,13;14,493648,493648,615,580,934,319
62,17,14;19,987296,987296,931,889,934,3
62,18,7;8,740472,740472,443,413,934,491
62,19,17;18,740472,740472,540,495,934,394
62,20,17;19,493648,493648,552,507,934,382
62,21,4;11,493648,493648,467,444,934,467
62,22,1;5,493648,493648,854,817,934,80
62,23,8;17,493648,493648,890,854,934,44
62,24,1;3,493648,493648,363,326,934,571
62,25,0;7,493648,493648,452,423,934,482
62,26,8;29,493648,493648,375,340,934,559
62,27,3;13,493648,493648,477,453,934,457
62,28,1;4,493648,493648,637,598,934,297
62,29,2;7,740472,740472,751,716,934,183
63,0,1;3,740472,740472,75,48,934,859
63,1,0;4,1234120,1234120,62,24,934,872
63,2,3;12,740472,740472,60,33,934,874
63,3,0;4,1234120,1234120,90,53,934,844
63,4,3;7,1480944,1480944,114,75,934,820
63,5,4;7,987296,987296,115,78,934,819
63,6,5;7,740472,740472,121,92,934,813
63,7,8;12,1974592,1974592,107,78,934,827
63,8,7;11,1234120,1234120,125,91,934,809
63,9,11;12,493648,493648,37,28,934,897
63,10,11;13,493648,493648,54,43,934,880
63,11,12;13,1727768,1727768,53,32,934,881
63,12,11;13,1234120,1234120,91,80,934,843
63,13,12;14,1727768,1727768,56,21,934,878
63,14,11;13,987296,987296,112,77,934,822
63,15,6;13,493648,493648,705,676,934,229
63,16,13;14,493648,493648,615,580,934,319
63,17,14;19,987296,987296,931,889,934,3
63,18,7;8,493648,493648,435,413,934,499
63,19,17;21,740472,740472,540,495,934,394
63,20,17;19,493648,493648,552,507,934,382
63,21,4;11,740472,740472,472,444,934,462
63,22,1;5,493648,493648,854,817,934,80
63,23,8;17,493648,493648,890,854,934,44
63,24,1;3,493648,493648,363,326,934,571
63,25,0;7,493648,493648,452,423,934,482
63,26,8;29,493648,493648,375,340,934,559
63,27,3;13,493648,493648,477,453,934,457
63,28,1;4,493648,493648,637,598,934,297
63,29,2;7,740472,740472,751,716,934,183
64,0,1;3,740472,740472,75,48,934,859
64,1,0;4,1234120,1234120,62,24,934,872
64,2,3;4,740472,740472,60,33,934,874
64,3,0;4,1234120,1234120,90,53,934,844
64,4,3;7,1727768,1727768,114,75,934,820
64,5,4;6,740472,740472,115,78,934,819
64,6,7;9,987296,987296,121,92,934,813
64,7,8;12,1727768,1727768,107,78,934,827
64,8,7;9,1234120,1234120,125,91,934,809
64,9,11;12,1234120,1234120,40,28,934,894
64,10,9;11,493648,493648,55,43,934,879
64,11,12;13,1480944,1480944,53,32,934,881
64,12,11;13,987296,987296,89,80,934,845
64,13,12;14,1480944,1480944,56,21,934,878
64,14,11;13,987296,987296,112,77,934,822
64,15,6;13,493648,493648,705,676,934,229
64,16,13;14,493648,493648,615,580,934,319
64,17,14;19,987296,987296,931,889,934,3
64,18,7;8,493648,493648,435,413,934,499
64,19,17;21,740472,740472,540,495,934,394
64,20,17;19,493648,493648,552,507,934,382
64,21,4;11,740472,740472,472,444,934,462
64,22,1;5,493648,493648,854,817,934,80
64,23,8;17,493648,493648,890,854,934,44
64,24,1;3,493648,493648,363,326,934,571
64,25,0;7,493648,493648,452,423,934,482
64,26,8;29,493648,493648,375,340,934,559
64,27,3;13,493648,493648,477,453,934,457
64,28,1;4,493648,493648,637,598,934,297
64,29,2;7,740472,740472,751,716,934,183
65,0,1;3,987296,987296,75,48,934,859
65,1,0;4,1234120,1234120,62,24,934,872
65,2,0;12,740472,740472,60,33,934,874
65,3,0;4,987296,987296,90,53,934,844
65,4,3;7,1234120,1234120,114,75,934,820
65,5,6;7,740472,740472,115,78,934,819
65,6,5;7,740472,740472,121,92,934,813
65,7,6;12,1974592,1974592,107,78,934,827
65,8,7;11,1234120,1234120,125,91,934,809
65,9,12;14,493648,493648,38,28,934,896
65,10,11;13,493648,493648,54,43,934,880
65,11,12;14,1234120,1234120,53,32,934,881
65,12,11;13,1234120,1234120,91,80,934,843
65,13,12;14,1480944,1480944,56,21,934,878
65,14,11;13,1234120,1234120,112,77,934,822
65,15,6;13,493648,493648,705,676,934,229
65,16,13;14,493648,493648,615,580,934,319
65,17,14;19,987296,987296,931,889,934,3
65,18,7;8,740472,740472,443,413,934,491
65,19,17;18,740472,740472,540,495,934,394
65,20,17;19,493648,493648,552,507,934,382
65,21,4;11,493648,493648,467,444,934,467
65,22,1;5,493648,493648,854,817,934,80
65,23,8;17,493648,493648,890,854,934,44
65,24,1;3,493648,493648,363,326,934,571
65,25,0;7,493648,493648,452,423,934,482
65,26,8;29,493648,493648,375,340,934,559
65,27,3;13,493648,493648,477,453,934,457
65,28,1;4,493648,493648,637,598,934,297
65,29,2;7,740472,740472,751,716,934,183
66,0,1;3,740472,740472,75,48,931,856
66,1,0;4,1234120,1234120,62,24,931,869
66,2,3;12,740472,740472,60,33,931,871
66,3,0;4,1234120,1234120,90,53,931,841
66,4,3;7,1234120,1234120,114,75,931,817
66,5,6;7,740472,740472,115,78,931,816
66,6,5;7,740472,740472,121,92,931,810
66,7,6;12,1974592,1974592,107,78,931,824
66,8,7;9,1234120,1234120,125,91,931,806
66,9,11;12,987296,987296,40,28,931,891
66,10,9;11,493648,493648,55,43,931,876
66,11,12;14,1234120,1234120,53,32,931,878
66,12,11;13,1234120,1234120,91,80,931,840
66,13,12;14,1234120,1234120,56,21,931,875
66,14,11;13,987296,987296,112,77,931,819
66,15,6;13,493648,493648,705,676,931,226
66,16,13;14,493648,493648,615,580,931,316
66,17,14;19,987296,987296,931,889,931,0
66,18,7;8,493648,493648,435,413,931,496
66,19,17;21,493648,493648,523,495,931,408
66,20,17;21,493648,493648,549,507,931,382
66,21,4;11,987296,987296,486,444,931,445
66,22,1;5,493648,493648,854,817,931,77
66,23,8;17,493648,493648,890,854,931,41
66,24,1;3,493648,493648,363,326,931,568
66,25,0;7,493648,493648,452,423,931,479
66,26,8;29,493648,493648,375,340,931,556
66,27,3;13,493648,493648,477,453,931,454
66,28,1;4,493648,493648,637,598,931,294
66,29,2;7,740472,740472,751,716,931,180
67,0,1;3,987296,987296,75,48,934,859
67,1,0;4,1234120,1234120,62,24,934,872
67,2,0;12,740472,740472,60,33,934,874
67,3,0;4,987296,987296,90,53,934,844
67,4,3;5,1234120,1234120,114,75,934,820
67,5,6;7,987296,987296,115,78,934,819
67,6,5;7,740472,740472,121,92,934,813
67,7,6;12,1727768,1727768,107,78,934,827
67,8,7;11,1234120,1234120,125,91,934,809
67,9,12;14,493648,493648,38,28,934,896
67,10,11;13,493648,493648,54,43,934,880
67,11,12;14,1234120,1234120,53,32,934,881
67,12,11;13,1234120,1234120,91,80,934,843
67,13,12;14,1480944,1480944,56,21,934,878
67,14,11;13,1234120,1234120,112,77,934,822
67,15,6;13,493648,493648,705,676,934,229
67,16,13;14,493648,493648,615,580,934,319
67,17,14;19,987296,987296,931,889,934,3
67,18,7;8,740472,740472,443,413,934,491
67,19,17;18,740472,740472,540,495,934,394
67,20,17;19,493648,493648,552,507,934,382
67,21,4;11,493648,493648,467,444,934,467
67,22,1;5,493648,493648,854,817,934,80
67,23,8;17,493648,493648,890,854,934,44
67,24,1;3,493648,493648,363,326,934,571
67,25,0;7,493648,493648,452,423,934,482
67,26,8;29,493648,493648,375,340,934,559
67,27,3;13,493648,493648,477,453,934,457
67,28,1;4,493648,493648,637,598,934,297
67,29,2;7,740472,740472,751,716,934,183
68,0,1;3,987296,987296,75,48,934,859
68,1,0;4,1234120,1234120,62,24,934,872
68,2,0;3,740472,740472,60,33,934,874
68,3,0;4,1234120,1234120,90,53,934,844
68,4,3;5,1234120,1234120,114,75,934,820
68,5,4;7,987296,987296,115,78,934,819
68,6,5;7,740472,740472,121,92,934,813
68,7,6;12,1727768,1727768,107,78,934,827
68,8,7;11,1234120,1234120,125,91,934,809
68,9,11;12,493648,493648,37,28,934,897
68,10,11;13,493648,493648,54,43,934,880
68,11,12;13,1727768,1727768,53,32,934,881
68,12,11;13,987296,987296,89,80,934,845
68,13,12;14,1727768,1727768,56,21,934,878
68,14,11;13,987296,987296,112,77,934,822
68,15,6;13,493648,493648,705,676,934,229
68,16,13;14,493648,493648,615,580,934,319
68,17,14;19,740472,740472,925,889,934,9
68,18,7;8,493648,493648,435,413,934,499
68,19,17;21,740472,740472,540,495,934,394
68,20,19;21,493648,493648,552,507,934,382
68,21,4;11,987296,987296,486,444,934,448
68,22,1;5,493648,493648,854,817,934,80
68,23,8;17,493648,493648,890,854,934,44
68,24,1;3,493648,493648,363,326,934,571
68,25,0;7,493648,493648,452,423,934,482
68,26,8;29,493648,493648,375,340,934,559
68,27,3;13,493648,493648,477,453,934,457
68,28,1;4,493648,493648,637,598,934,297
68,29,2;7,740472,740472,751,716,934,183
69,0,1;3,740472,740472,75,48,934,859
69,1,0;4,1234120,1234120,62,24,934,872
69,2,3;12,740472,740472,60,33,934,874
69,3,0;4,1234120,1234120,90,53,934,844
69,4,3;5,1234120,1234120,114,75,934,820
69,5,6;7,987296,987296,115,78,934,819
69,6,5;7,740472,740472,121,92,934,813
69,7,6;12,1480944,1480944,107,78,934,827
69,8,9;11,1234120,1234120,125,91,934,809
69,9,11;12,987296,987296,40,28,934,894
69,10,9;11,493648,493648,55,43,934,879
69,11,12;14,1480944,1480944,53,32,934,881
69,12,11;13,1234120,1234120,91,80,934,843
69,13,12;14,1234120,1234120,56,21,934,878
69,14,11;13,987296,987296,112,77,934,822
69,15,6;13,493648,493648,705,676,934,229
69,16,13;14,493648,493648,615,580,934,319
69,17,14;19,987296,987296,931,889,934,3
69,18,7;8,493648,493648,435,413,934,499
69,19,17;21,740472,740472,540,495,934,394
69,20,17;19,493648,493648,552,507,934,382
69,21,4;11,740472,740472,472,444,934,462
69,22,1;5,493648,493648,854,817,934,80
69,23,8;17,493648,493648,890,854,934,44
69,24,1;3,493648,493648,363,326,934,571
69,25,0;7,493648,493648,452,423,934,482
69,26,8;29,493648,493648,375,340,934,559
69,27,3;13,493648,493648,477,453,934,457
69,28,1;4,493648,493648,637,598,934,297
69,29,2;7,740472,740472,751,716,934,183
70,0,1;3,740472,740472,75,48,934,859
70,1,0;4,1234120,1234120,62,24,934,872
70,2,3;4,740472,740472,60,33,934,874
70,3,0;4,1234120,1234120,90,53,934,844
70,4,3;5,1480944,1480944,114,75,934,820
70,5,4;7,987296,987296,115,78,934,819
70,6,5;7,740472,740472,121,92,934,813
70,7,6;12,1727768,1727768,107,78,934,827
70,8,7;11,1234120,1234120,125,91,934,809
70,9,12;14,493648,493648,38,28,934,896
70,10,11;13,493648,493648,54,43,934,880
70,11,12;14,1234120,1234120,53,32,934,881
70,12,11;13,987296,987296,89,80,934,845
70,13,12;14,1480944,1480944,56,21,934,878
70,14,11;13,1234120,1234120,112,77,934,822
70,15,6;13,493648,493648,705,676,934,229
70,16,13;14,493648,493648,615,580,934,319
70,17,14;19,987296,987296,931,889,934,3
70,18,7;8,493648,493648,435,413,934,499
70,19,17;21,740472,740472,540,495,934,394
70,20,17;19,493648,493648,552,507,934,382
70,21,4;11,740472,740472,472,444,934,462
70,22,1;5,493648,493648,854,817,934,80
70,23,8;17,493648,493648,890,854,934,44
70,24,1;3,493648,493648,363,326,934,571
70,25,0;7,740472,740472,460,423,934,474
70,26,8;25,493648,493648,377,340,934,557
70,27,3;13,493648,493648,477,453,934,457
70,28,1;4,493648,493648,637,598,934,297
70,29,2;7,493648,493648,743,716,934,191
71,0,1;3,740472,740472,75,48,934,859
71,1,0;4,1234120,1234120,62,24,934,872
71,2,3;12,740472,740472,60,33,934,874
71,3,0;4,1234120,1234120,90,53,934,844
71,4,3;5,1234120,1234120,114,75,934,820
71,5,6;7,987296,987296,115,78,934,819
71,6,5;7,740472,740472,121,92,934,813
71,7,9;12,1974592,1974592,107,78,934,827
71,8,7;11,1234120,1234120,125,91,934,809
71,9,12;14,740472,740472,39,28,934,895
71,10,11;13,493648,493648,54,43,934,880
71,11,12;13,1480944,1480944,53,32,934,881
71,12,11;13,1234120,1234120,91,80,934,843
71,13,12;14,1727768,1727768,56,21,934,878
71,14,11;13,1234120,1234120,112,77,934,822
71,15,6;13,493648,493648,705,676,934,229
71,16,13;14,493648,493648,615,580,934,319
71,17,14;19,740472,740472,925,889,934,9
71,18,7;8,493648,493648,435,413,934,499
71,19,17;21,740472,740472,540,495,934,394
71,20,19;21,493648,493648,552,507,934,382
71,21,4;11,987296,987296,486,444,934,448
71,22,1;5,493648,493648,854,817,934,80
71,23,8;17,493648,493648,890,854,934,44
71,24,1;3,493648,493648,363,326,934,571
71,25,0;7,493648,493648,452,423,934,482
71,26,8;29,493648,493648,375,340,934,559
71,27,3;13,493648,493648,477,453,934,457
71,28,1;4,493648,493648,637,598,934,297
71,29,2;7,740472,740472,751,716,934,183
72,0,1;3,740472,740472,75,48,934,859
72,1,0;4,1234120,1234120,62,24,934,872
72,2,4;12,740472,740472,60,33,934,874
72,3,0;4,987296,987296,90,53,934,844
72,4,5;7,1727768,1727768,114,75,934,820
72,5,6;7,987296,987296,115,78,934,819
72,6,5;7,740472,740472,121,92,934,813
72,7,8;12,1974592,1974592,107,78,934,827
72,8,7;9,1480944,1480944,125,91,934,809
72,9,11;12,987296,987296,38,28,934,896
72,10,8;13,493648,493648,54,43,934,880
72,11,12;13,987296,987296,53,32,934,881
72,12,11;13,1234120,1234120,91,80,934,843
72,13,12;14,1727768,1727768,56,21,934,878
72,14,9;13,987296,987296,112,77,934,822
72,15,6;13,493648,493648,705,676,934,229
72,16,13;14,493648,493648,615,580,934,319
72,17,14;18,1234120,1234120,931,889,934,3
72,18,7;8,987296,987296,443,413,934,491
72,19,17;18,740472,740472,540,495,934,394
72,20,17;19,493648,493648,552,507,934,382
72,21,4;11,493648,493648,467,444,934,467
72,22,1;5,493648,493648,854,817,934,80
72,23,8;17,493648,493648,890,854,934,44
72,24,1;3,493648,493648,363,326,934,571
72,25,0;7,493648,493648,452,423,934,482
72,26,8;29,493648,493648,375,340,934,559
72,27,3;13,493648,493648,477,453,934,457
72,28,1;4,493648,493648,637,598,934,297
72,29,2;7,740472,740472,751,716,934,183
73,0,1;3,740472,740472,75,48,931,856
73,1,0;4,1234120,1234120,62,24,931,869
73,2,3;4,740472,740472,60,33,931,871
73,3,0;4,1234120,1234120,90,53,931,841
73,4,3;5,1480944,1480944,114,75,931,817
73,5,4;6,740472,740472,115,78,931,816
73,6,5;9,740472,740472,121,92,931,810
73,7,8;12,1234120,1234120,107,78,931,824
73,8,7;9,1480944,1480944,125,91,931,806
73,9,11;12,1480944,1480944,40,28,931,891
73,10,8;9,493648,493648,55,43,931,876
73,11,12;14,987296,987296,53,32,931,878
73,12,11;13,987296,987296,89,80,931,842
73,13,12;14,1234120,1234120,56,21,931,875
73,14,9;13,1234120,1234120,112,77,931,819
73,15,6;13,493648,493648,705,676,931,226
73,16,13;14,493648,493648,615,580,931,316
73,17,14;18,1234120,1234120,931,889,931,0
73,18,7;8,987296,987296,443,413,931,488
73,19,17;18,493648,493648,525,495,931,406
73,20,17;21,493648,493648,549,507,931,382
73,21,4;11,740472,740472,486,444,931,445
73,22,1;5,493648,493648,854,817,931,77
73,23,8;17,493648,493648,890,854,931,41
73,24,1;3,493648,493648,363,326,931,568
73,25,0;7,493648,493648,452,423,931,479
73,26,8;29,493648,493648,375,340,931,556
73,27,3;13,493648,493648,477,453,931,454
73,28,1;4,493648,493648,637,598,931,294
73,29,2;7,740472,740472,751,716,931,180
74,0,1;3,987296,987296,75,48,931,856
74,1,0;4,1234120,1234120,62,24,931,869
74,2,0;4,740472,740472,60,33,931,871
74,3,0;4,987296,987296,90,53,931,841
74,4,3;5,1480944,1480944,114,75,931,817
74,5,4;6,740472,740472,115,78,931,816
74,6,5;7,740472,740472,121,92,931,810
74,7,8;12,1480944,1480944,107,78,931,824
74,8,7;9,1480944,1480944,125,91,931,806
74,9,11;12,1234120,1234120,40,28,931,891
74,10,8;9,493648,493648,55,43,931,876
74,11,12;14,987296,987296,53,32,931,878
74,12,11;13,987296,987296,89,80,931,842
74,13,12;14,1234120,1234120,56,21,931,875
74,14,9;11,1234120,1234120,112,77,931,819
74,15,6;13,493648,493648,705,676,931,226
74,16,13;14,493648,493648,615,580,931,316
74,17,14;18,1234120,1234120,931,889,931,0
74,18,7;8,740472,740472,440,413,931,491
74,19,17;21,493648,493648,523,495,931,408
74,20,17;21,493648,493648,549,507,931,382
74,21,4;11,987296,987296,486,444,931,445
74,22,1;5,493648,493648,854,817,931,77
74,23,8;17,493648,493648,890,854,931,41
74,24,1;3,493648,493648,363,326,931,568
74,25,0;7,493648,493648,452,423,931,479
74,26,8;29,493648,493648,375,340,931,556
74,27,3;13,493648,493648,477,453,931,454
74,28,1;4,493648,493648,637,598,931,294
74,29,2;7,740472,740472,751,716,931,180
75,0,1;3,987296,987296,75,48,934,859
75,1,0;4,1234120,1234120,62,24,934,872
75,2,0;3,740472,740472,60,33,934,874
75,3,0;4,1234120,1234120,90,53,934,844
75,4,3;5,1234120,1234120,114,75,934,820
75,5,6;7,987296,987296,115,78,934,819
75,6,5;7,740472,740472,121,92,934,813
75,7,8;12,1727768,1727768,107,78,934,827
75,8,7;9,1480944,1480944,125,91,934,809
75,9,12;14,740472,740472,38,28,934,896
75,10,8;13,493648,493648,54,43,934,880
75,11,13;14,987296,987296,53,32,934,881
75,12,11;13,987296,987296,89,80,934,845
75,13,12;14,1727768,1727768,56,21,934,878
75,14,11;13,1234120,1234120,112,77,934,822
75,15,6;13,493648,493648,705,676,934,229
75,16,13;14,493648,493648,615,580,934,319
75,17,14;19,987296,987296,931,889,934,3
75,18,7;8,740472,740472,443,413,934,491
75,19,17;18,740472,740472,540,495,934,394
75,20,17;19,493648,493648,552,507,934,382
75,21,4;11,493648,493648,467,444,934,467
75,22,1;5,493648,493648,854,817,934,80
75,23,8;17,493648,493648,890,854,934,44
75,24,1;3,493648,493648,363,326,934,571
75,25,0;7,493648,493648,452,423,934,482
75,26,8;29,493648,493648,375,340,934,559
75,27,3;13,493648,493648,477,453,934,457
75,28,1;4,493648,493648,637,598,934,297
75,29,2;7,740472,740472,751,716,934,183
76,0,1;3,987296,987296,75,48,931,856
76,1,0;4,1234120,1234120,62,24,931,869
76,2,0;3,740472,740472,60,33,931,871
76,3,0;4,1234120,1234120,90,53,931,841
76,4,3;5,1234120,1234120,114,75,931,817
76,5,6;7,987296,987296,115,78,931,816
76,6,5;7,740472,740472,121,92,931,810
76,7,8;12,1727768,1727768,107,78,931,824
76,8,7;9,1480944,1480944,125,91,931,806
76,9,11;12,740472,740472,38,28,931,893
76,10,8;13,493648,493648,54,43,931,877
76,11,12;13,1234120,1234120,53,32,931,878
76,12,11;13,987296,987296,89,80,931,842
76,13,12;14,1727768,1727768,56,21,931,875
76,14,11;13,987296,987296,112,77,931,819
76,15,6;13,493648,493648,705,676,931,226
76,16,13;14,493648,493648,615,580,931,316
76,17,14;19,987296,987296,931,889,931,0
76,18,7;8,493648,493648,435,413,931,496
76,19,17;21,493648,493648,523,495,931,408
76,20,17;21,493648,493648,549,507,931,382
76,21,4;11,987296,987296,486,444,931,445
76,22,1;5,493648,493648,854,817,931,77
76,23,8;17,493648,493648,890,854,931,41
76,24,1;3,493648,493648,363,326,931,568
76,25,0;7,493648,493648,452,423,931,479
76,26,8;29,493648,493648,375,340,931,556
76,27,3;13,493648,493648,477,453,931,454
76,28,1;4,493648,493648,637,598,931,294
76,29,2;7,740472,740472,751,716,931,180
77,0,1;3,987296,987296,75,48,934,859
77,1,0;4,1234120,1234120,62,24,934,872
77,2,0;4,740472,740472,60,33,934,874
77,3,0;4,987296,987296,90,53,934,844
77,4,3;5,1480944,1480944,114,75,934,820
77,5,4;6,740472,740472,115,78,934,819
77,6,5;7,740472,740472,121,92,934,813
77,7,8;12,1480944,1480944,107,78,934,827
77,8,7;10,1234120,1234120,125,91,934,809
77,9,11;12,493648,493648,37,28,934,897
77,10,8;13,493648,493648,54,43,934,880
77,11,12;13,1234120,1234120,53,32,934,881
77,12,11;13,987296,987296,89,80,934,845
77,13,12;14,1727768,1727768,56,21,934,878
77,14,11;13,987296,987296,112,77,934,822
77,15,6;13,493648,493648,705,676,934,229
77,16,13;14,493648,493648,615,580,934,319
77,17,14;19,987296,987296,931,889,934,3
77,18,7;8,740472,740472,443,413,934,491
77,19,17;18,740472,740472,540,495,934,394
77,20,17;19,493648,493648,552,507,934,382
77,21,4;11,493648,493648,467,444,934,467
77,22,1;5,493648,493648,854,817,934,80
77,23,8;17,493648,493648,890,854,934,44
77,24,1;3,493648,493648,363,326,934,571
77,25,0;7,493648,493648,452,423,934,482
77,26,8;29,493648,493648,375,340,934,559
77,27,3;13,493648,493648,477,453,934,457
77,28,1;4,493648,493648,637,598,934,297
77,29,2;7,740472,740472,751,716,934,183
78,0,1;3,987296,987296,75,48,931,856
78,1,0;4,1234120,1234120,62,24,931,869
78,2,0;3,740472,740472,60,33,931,871
78,3,0;4,1234120,1234120,90,53,931,841
78,4,3;5,1234120,1234120,114,75,931,817
78,5,4;6,740472,740472,115,78,931,816
78,6,5;7,740472,740472,121,92,931,810
78,7,8;12,1480944,1480944,107,78,931,824
78,8,7;10,1234120,1234120,125,91,931,806
78,9,11;12,493648,493648,37,28,931,894
78,10,8;11,493648,493648,54,43,931,877
78,11,12;14,1234120,1234120,53,32,931,878
78,12,11;13,987296,987296,89,80,931,842
78,13,12;14,1234120,1234120,56,21,931,875
78,14,11;13,987296,987296,112,77,931,819
78,15,6;13,493648,493648,705,676,931,226
78,16,13;14,493648,493648,615,580,931,316
78,17,14;18,1234120,1234120,931,889,931,0
78,18,7;8,987296,987296,443,413,931,488
78,19,17;18,493648,493648,525,495,931,406
78,20,17;21,493648,493648,549,507,931,382
78,21,4;11,740472,740472,486,444,931,445
78,22,1;5,493648,493648,854,817,931,77
78,23,8;17,493648,493648,890,854,931,41
78,24,1;3,493648,493648,363,326,931,568
78,25,0;7,493648,493648,452,423,931,479
78,26,8;29,493648,493648,375,340,931,556
78,27,3;13,493648,493648,477,453,931,454
78,28,1;4,493648,493648,637,598,931,294
78,29,2;7,740472,740472,751,716,931,180
79,0,1;3,987296,987296,75,48,934,859
79,1,0;4,1234120,1234120,62,24,934,872
79,2,0;3,740472,740472,60,33,934,874
79,3,0;4,1234120,1234120,90,53,934,844
79,4,3;5,1234120,1234120,114,75,934,820
79,5,4;6,740472,740472,115,78,934,819
79,6,5;9,740472,740472,121,92,934,813
79,7,8;12,1234120,1234120,107,78,934,827
79,8,9;10,1480944,1480944,125,91,934,809
79,9,12;14,1234120,1234120,40,28,934,894
79,10,8;9,493648,493648,55,43,934,879
79,11,12;14,740472,740472,53,32,934,881
79,12,11;13,987296,987296,89,80,934,845
79,13,12;14,1234120,1234120,56,21,934,878
79,14,11;13,1234120,1234120,112,77,934,822
79,15,6;13,493648,493648,705,676,934,229
79,16,13;14,493648,493648,615,580,934,319
79,17,14;19,987296,987296,931,889,934,3
79,18,7;8,493648,493648,435,413,934,499
79,19,17;21,740472,740472,540,495,934,394
79,20,17;19,493648,493648,552,507,934,382
79,21,4;11,740472,740472,472,444,934,462
79,22,1;5,493648,493648,854,817,934,80
79,23,8;17,493648,493648,890,854,934,44
79,24,1;3,493648,493648,363,326,934,571
79,25,0;7,493648,493648,452,423,934,482
79,26,8;29,493648,493648,375,340,934,559
79,27,3;13,493648,493648,477,453,934,457
79,28,1;4,493648,493648,637,598,934,297
79,29,2;7,740472,740472,751,716,934,183
80,0,1;3,987296,987296,75,48,934,859
80,1,0;4,1234120,1234120,62,24,934,872
80,2,0;12,740472,740472,60,33,934,874
80,3,0;4,987296,987296,90,53,934,844
80,4,3;5,1234120,1234120,114,75,934,820
80,5,4;6,740472,740472,115,78,934,819
80,6,5;7,740472,740472,121,92,934,813
80,7,8;12,1480944,1480944,107,78,934,827
80,8,7;10,1234120,1234120,125,91,934,809
80,9,12;14,493648,493648,38,28,934,896
80,10,11;13,740472,740472,54,43,934,880
80,11,12;13,1234120,1234120,53,32,934,881
80,12,11;13,1234120,1234120,91,80,934,843
80,13,12;14,1727768,1727768,56,21,934,878
80,14,11;13,1234120,1234120,112,77,934,822
80,15,6;13,493648,493648,705,676,934,229
80,16,13;14,493648,493648,615,580,934,319
80,17,14;18,1234120,1234120,931,889,934,3
80,18,7;8,987296,987296,443,413,934,491
80,19,17;18,740472,740472,540,495,934,394
80,20,17;19,493648,493648,552,507,934,382
80,21,4;11,493648,493648,467,444,934,467
80,22,1;5,493648,493648,854,817,934,80
80,23,8;17,493648,493648,890,854,934,44
80,24,1;3,493648,493648,363,326,934,571
80,25,0;7,493648,493648,452,423,934,482
80,26,8;29,493648,493648,375,340,934,559
80,27,3;13,493648,493648,477,453,934,457
80,28,1;4,493648,493648,637,598,934,297
80,29,2;7,740472,740472,751,716,934,183
81,0,1;3,740472,740472,75,48,934,859
81,1,0;4,1234120,1234120,62,24,934,872
81,2,3;12,740472,740472,60,33,934,874
81,3,0;4,1234120,1234120,90,53,934,844
81,4,3;5,1234120,1234120,114,75,934,820
81,5,4;7,987296,987296,115,78,934,819
81,6,5;7,740472,740472,121,92,934,813
81,7,8;12,1727768,1727768,107,78,934,827
81,8,7;10,1234120,1234120,125,91,934,809
81,9,11;12,740472,740472,38,28,934,896
81,10,8;11,493648,493648,54,43,934,880
81,11,12;14,1234120,1234120,53,32,934,881
81,12,11;13,1234120,1234120,91,80,934,843
81,13,12;14,1234120,1234120,56,21,934,878
81,14,9;11,1234120,1234120,112,77,934,822
81,15,6;13,493648,493648,705,676,934,229
81,16,13;14,493648,493648,615,580,934,319
81,17,14;18,1234120,1234120,931,889,934,3
81,18,7;8,987296,987296,443,413,934,491
81,19,17;18,740472,740472,540,495,934,394
81,20,17;19,493648,493648,552,507,934,382
81,21,4;11,493648,493648,467,444,934,467
81,22,1;5,493648,493648,854,817,934,80
81,23,8;17,493648,493648,890,854,934,44
81,24,1;3,493648,493648,363,326,934,571
81,25,0;7,493648,493648,452,423,934,482
81,26,8;29,493648,493648,375,340,934,559
81,27,3;13,493648,493648,477,453,934,457
81,28,1;4,493648,493648,637,598,934,297
81,29,2;7,740472,740472,751,716,934,183
82,0,1;3,740472,740472,75,48,931,856
82,1,0;4,1234120,1234120,62,24,931,869
82,2,3;12,740472,740472,60,33,931,871
82,3,0;4,1234120,1234120,90,53,931,841
82,4,3;5,1234120,1234120,114,75,931,817
82,5,4;6,740472,740472,115,78,931,816
82,6,5;7,740472,740472,121,92,931,810
82,7,8;12,1480944,1480944,107,78,931,824
82,8,7;10,1234120,1234120,125,91,931,806
82,9,11;12,740472,740472,38,28,931,893
82,10,8;11,493648,493648,54,43,931,877
82,11,12;13,1480944,1480944,53,32,931,878
82,12,11;13,1234120,1234120,91,80,931,840
82,13,12;14,1480944,1480944,56,21,931,875
82,14,9;11,1234120,1234120,112,77,931,819
82,15,6;13,493648,493648,705,676,931,226
82,16,13;14,493648,493648,615,580,931,316
82,17,14;19,987296,987296,931,889,931,0
82,18,7;8,493648,493648,435,413,931,496
82,19,17;21,493648,493648,523,495,931,408
82,20,17;21,493648,493648,549,507,931,382
82,21,4;11,987296,987296,486,444,931,445
82,22,1;5,493648,493648,854,817,931,77
82,23,8;17,493648,493648,890,854,931,41
82,24,1;3,493648,493648,363,326,931,568
82,25,0;7,493648,493648,452,423,931,479
82,26,8;29,493648,493648,375,340,931,556
82,27,3;13,493648,493648,477,453,931,454
82,28,1;4,493648,493648,637,598,931,294
82,29,2;7,740472,740472,751,716,931,180
83,0,1;3,740472,740472,75,48,934,859
83,1,0;4,1480944,1480944,62,24,934,872
83,2,1;12,740472,740472,60,33,934,874
83,3,0;4,987296,987296,90,53,934,844
83,4,3;7,1480944,1480944,114,75,934,820
83,5,4;7,987296,987296,115,78,934,819
83,6,5;7,740472,740472,121,92,934,813
83,7,8;12,1974592,1974592,107,78,934,827
83,8,7;10,1234120,1234120,125,91,934,809
83,9,12;14,493648,493648,38,28,934,896
83,10,8;11,493648,493648,54,43,934,880
83,11,12;14,987296,987296,53,32,934,881
83,12,11;13,1234120,1234120,91,80,934,843
83,13,12;14,1234120,1234120,56,21,934,878
83,14,9;11,1234120,1234120,112,77,934,822
83,15,6;13,493648,493648,705,676,934,229
83,16,13;14,493648,493648,615,580,934,319
83,17,14;19,987296,987296,931,889,934,3
83,18,7;8,493648,493648,435,413,934,499
83,19,17;21,740472,740472,540,495,934,394
83,20,17;19,493648,493648,552,507,934,382
83,21,4;11,740472,740472,472,444,934,462
83,22,1;5,493648,493648,854,817,934,80
83,23,8;17,493648,493648,890,854,934,44
83,24,1;3,493648,493648,363,326,934,571
83,25,0;7,493648,493648,452,423,934,482
83,26,8;29,493648,493648,375,340,934,559
83,27,3;13,493648,493648,477,453,934,457
83,28,1;4,493648,493648,637,598,934,297
83,29,2;7,740472,740472,751,716,934,183
84,0,1;3,740472,740472,75,48,934,859
84,1,0;4,1480944,1480944,62,24,934,872
84,2,1;3,740472,740472,60,33,934,874
84,3,0;4,1234120,1234120,90,53,934,844
84,4,3;5,1234120,1234120,114,75,934,820
84,5,4;6,740472,740472,115,78,934,819
84,6,5;7,740472,740472,121,92,934,813
84,7,8;12,1480944,1480944,107,78,934,827
84,8,7;10,1234120,1234120,125,91,934,809
84,9,11;12,740472,740472,38,28,934,896
84,10,8;11,493648,493648,54,43,934,880
84,11,12;14,1234120,1234120,53,32,934,881
84,12,11;13,987296,987296,89,80,934,845
84,13,12;14,1234120,1234120,56,21,934,878
84,14,9;11,1234120,1234120,112,77,934,822
84,15,6;13,493648,493648,705,676,934,229
84,16,13;14,493648,493648,615,580,934,319
84,17,14;19,987296,987296,931,889,934,3
84,18,7;8,493648,493648,435,413,934,499
84,19,17;21,740472,740472,540,495,934,394
84,20,17;19,493648,493648,552,507,934,382
84,21,4;11,740472,740472,472,444,934,462
84,22,1;5,493648,493648,854,817,934,80
84,23,8;17,493648,493648,890,854,934,44
84,24,1;3,493648,493648,363,326,934,571
84,25,0;7,493648,493648,452,423,934,482
84,26,8;29,493648,493648,375,340,934,559
84,27,3;13,493648,493648,477,453,934,457
84,28,1;4,493648,493648,637,598,934,297
84,29,2;7,740472,740472,751,716,934,183
85,0,1;3,740472,740472,75,48,934,859
85,1,0;4,1480944,1480944,62,24,934,872
85,2,1;4,740472,740472,60,33,934,874
85,3,0;4,987296,987296,90,53,934,844
85,4,3;5,1480944,1480944,114,75,934,820
85,5,4;7,987296,987296,115,78,934,819
85,6,5;7,740472,740472,121,92,934,813
85,7,8;12,1727768,1727768,107,78,934,827
85,8,7;10,1234120,1234120,125,91,934,809
85,9,11;12,493648,493648,37,28,934,897
85,10,8;11,493648,493648,54,43,934,880
85,11,12;13,1480944,1480944,53,32,934,881
85,12,11;13,987296,987296,89,80,934,845
85,13,12;14,1480944,1480944,56,21,934,878
85,14,11;13,987296,987296,112,77,934,822
85,15,6;13,493648,493648,705,676,934,229
85,16,13;14,493648,493648,615,580,934,319
85,17,14;19,987296,987296,931,889,934,3
85,18,7;8,493648,493648,435,413,934,499
85,19,17;21,740472,740472,540,495,934,394
85,20,17;19,493648,493648,552,507,934,382
85,21,4;11,740472,740472,472,444,934,462
85,22,1;5,493648,493648,854,817,934,80
85,23,8;17,493648,493648,890,854,934,44
85,24,1;3,493648,493648,363,326,934,571
85,25,0;7,493648,493648,452,423,934,482
85,26,8;29,493648,493648,375,340,934,559
85,27,3;13,493648,493648,477,453,934,457
85,28,1;4,493648,493648,637,598,934,297
85,29,2;7,740472,740472,751,716,934,183
86,0,1;3,987296,987296,75,48,934,859
86,1,0;4,1234120,1234120,62,24,934,872
86,2,0;3,740472,740472,60,33,934,874
86,3,0;4,1234120,1234120,90,53,934,844
86,4,3;5,1234120,1234120,114,75,934,820
86,5,4;7,987296,987296,115,78,934,819
86,6,5;7,740472,740472,121,92,934,813
86,7,8;12,1727768,1727768,107,78,934,827
86,8,7;10,1234120,1234120,125,91,934,809
86,9,11;12,493648,493648,37,28,934,897
86,10,8;11,493648,493648,54,43,934,880
86,11,12;14,1234120,1234120,53,32,934,881
86,12,11;13,987296,987296,89,80,934,845
86,13,12;14,1234120,1234120,56,21,934,878
86,14,11;13,987296,987296,112,77,934,822
86,15,6;13,493648,493648,705,676,934,229
86,16,13;14,493648,493648,615,580,934,319
86,17,14;19,987296,987296,931,889,934,3
86,18,7;8,740472,740472,443,413,934,491
86,19,18;21,987296,987296,540,495,934,394
86,20,17;19,493648,493648,552,507,934,382
86,21,4;11,740472,740472,472,444,934,462
86,22,1;5,493648,493648,854,817,934,80
86,23,8;17,493648,493648,890,854,934,44
86,24,1;3,493648,493648,363,326,934,571
86,25,0;7,493648,493648,452,423,934,482
86,26,8;29,493648,493648,375,340,934,559
86,27,3;13,493648,493648,477,453,934,457
86,28,1;4,493648,493648,637,598,934,297
86,29,2;7,740472,740472,751,716,934,183
87,0,1;3,987296,987296,75,48,934,859
87,1,0;4,1234120,1234120,62,24,934,872
87,2,0;3,740472,740472,60,33,934,874
87,3,0;4,1234120,1234120,90,53,934,844
87,4,3;5,1234120,1234120,114,75,934,820
87,5,6;7,987296,987296,115,78,934,819
87,6,5;7,740472,740472,121,92,934,813
87,7,8;12,1727768,1727768,107,78,934,827
87,8,7;10,1234120,1234120,125,91,934,809
87,9,11;12,493648,493648,37,28,934,897
87,10,8;11,493648,493648,54,43,934,880
87,11,12;14,1234120,1234120,53,32,934,881
87,12,11;13,987296,987296,89,80,934,845
87,13,12;14,1234120,1234120,56,21,934,878
87,14,11;13,987296,987296,112,77,934,822
87,15,6;13,493648,493648,705,676,934,229
87,16,13;14,493648,493648,615,580,934,319
87,17,14;19,740472,740472,925,889,934,9
87,18,7;8,493648,493648,435,413,934,499
87,19,17;21,740472,740472,540,495,934,394
87,20,19;21,493648,493648,552,507,934,382
87,21,4;11,987296,987296,486,444,934,448
87,22,1;5,493648,493648,854,817,934,80
87,23,8;17,493648,493648,890,854,934,44
87,24,1;3,493648,493648,363,326,934,571
87,25,0;7,493648,493648,452,423,934,482
87,26,8;29,493648,493648,375,340,934,559
87,27,3;13,493648,493648,477,453,934,457
87,28,1;4,493648,493648,637,598,934,297
87,29,2;7,740472,740472,751,716,934,183
88,0,1;3,740472,740472,75,48,934,859
88,1,0;4,1234120,1234120,62,24,934,872
88,2,3;4,740472,740472,60,33,934,874
88,3,0;4,1234120,1234120,90,53,934,844
88,4,3;7,1727768,1727768,114,75,934,820
88,5,4;7,987296,987296,115,78,934,819
88,6,5;7,740472,740472,121,92,934,813
88,7,8;12,1974592,1974592,107,78,934,827
88,8,7;10,1234120,1234120,125,91,934,809
88,9,11;14,493648,493648,38,28,934,896
88,10,8;11,493648,493648,54,43,934,880
88,11,13;14,1480944,1480944,53,32,934,881
88,12,11;13,740472,740472,88,80,934,846
88,13,12;14,1480944,1480944,56,21,934,878
88,14,11;13,1234120,1234120,112,77,934,822
88,15,6;13,493648,493648,705,676,934,229
88,16,13;14,493648,493648,615,580,934,319
88,17,14;19,987296,987296,931,889,934,3
88,18,7;8,740472,740472,443,413,934,491
88,19,17;18,740472,740472,540,495,934,394
88,20,17;19,493648,493648,552,507,934,382
88,21,4;11,493648,493648,467,444,934,467
88,22,1;5,493648,493648,854,817,934,80
88,23,8;17,493648,493648,890,854,934,44
88,24,1;3,493648,493648,363,326,934,571
88,25,0;7,493648,493648,452,423,934,482
88,26,8;29,493648,493648,375,340,934,559
88,27,3;13,493648,493648,477,453,934,457
88,28,1;4,493648,493648,637,598,934,297
88,29,2;7,740472,740472,751,716,934,183
89,0,1;3,987296,987296,75,48,931,856
89,1,0;4,1234120,1234120,62,24,931,869
89,2,0;4,740472,740472,60,33,931,871
89,3,0;4,987296,987296,90,53,931,841
89,4,3;7,1727768,1727768,114,75,931,817
89,5,4;7,987296,987296,115,78,931,816
89,6,5;7,740472,740472,121,92,931,810
89,7,8;12,1974592,1974592,107,78,931,824
89,8,7;10,1234120,1234120,125,91,931,806
89,9,11;12,493648,493648,37,28,931,894
89,10,8;11,493648,493648,54,43,931,877
89,11,12;13,1480944,1480944,53,32,931,878
89,12,11;13,987296,987296,89,80,931,842
89,13,12;14,1480944,1480944,56,21,931,875
89,14,11;13,987296,987296,112,77,931,819
89,15,6;13,493648,493648,705,676,931,226
89,16,13;14,493648,493648,615,580,931,316
89,17,14;19,987296,987296,931,889,931,0
89,18,7;8,493648,493648,435,413,931,496
89,19,17;21,493648,493648,523,495,931,408
89,20,17;21,493648,493648,549,507,931,382
89,21,4;11,987296,987296,486,444,931,445
89,22,1;5,493648,493648,854,817,931,77
89,23,8;17,493648,493648,890,854,931,41
89,24,1;3,493648,493648,363,326,931,568
89,25,0;7,493648,493648,452,423,931,479
89,26,8;29,493648,493648,375,340,931,556
89,27,3;13,493648,493648,477,453,931,454
89,28,1;4,493648,493648,637,598,931,294
89,29,2;7,740472,740472,751,716,931,180
90,0,1;3,987296,987296,75,48,934,859
90,1,0;4,1234120,1234120,62,24,934,872
90,2,0;3,740472,740472,60,33,934,874
90,3,0;4,1234120,1234120,90,53,934,844
90,4,3;5,1234120,1234120,114,75,934,820
90,5,4;6,740472,740472,115,78,934,819
90,6,5;7,740472,740472,121,92,934,813
90,7,8;12,1480944,1480944,107,78,934,827
90,8,7;10,1234120,1234120,125,91,934,809
90,9,12;14,493648,493648,38,28,934,896
90,10,8;11,493648,493648,54,43,934,880
90,11,12;14,987296,987296,53,32,934,881
90,12,11;13,987296,987296,89,80,934,845
90,13,12;14,1234120,1234120,56,21,934,878
90,14,11;13,1234120,1234120,112,77,934,822
90,15,6;13,493648,493648,705,676,934,229
90,16,13;14,493648,493648,615,580,934,319
90,17,14;19,493648,493648,917,889,934,17
90,18,7;8,740472,740472,443,413,934,491
90,19,18;21,987296,987296,540,495,934,394
90,20,19;21,493648,493648,552,507,934,382
90,21,4;11,1234120,1234120,486,444,934,448
90,22,1;5,493648,493648,854,817,934,80
90,23,8;21,493648,493648,890,854,934,44
90,24,1;3,493648,493648,363,326,934,571
90,25,0;7,493648,493648,452,423,934,482
90,26,8;29,493648,493648,375,340,934,559
90,27,3;13,493648,493648,477,453,934,457
90,28,1;4,493648,493648,637,598,934,297
90,29,2;7,740472,740472,751,716,934,183
91,0,1;3,740472,740472,75,48,934,859
91,1,0;4,1234120,1234120,62,24,934,872
91,2,3;4,740472,740472,60,33,934,874
91,3,0;4,1234120,1234120,90,53,934,844
91,4,3;5,1480944,1480944,114,75,934,820
91,5,4;7,987296,987296,115,78,934,819
91,6,5;7,740472,740472,121,92,934,813
91,7,8;12,1727768,1727768,107,78,934,827
91,8,7;10,1234120,1234120,125,91,934,809
91,9,11;12,493648,493648,37,28,934,897
91,10,8;11,493648,493648,54,43,934,880
91,11,12;14,1234120,1234120,53,32,934,881
91,12,11;13,987296,987296,89,80,934,845
91,13,12;14,1234120,1234120,56,21,934,878
91,14,11;13,987296,987296,112,77,934,822
91,15,6;13,493648,493648,705,676,934,229
91,16,13;14,493648,493648,615,580,934,319
91,17,14;19,493648,493648,917,889,934,17
91,18,7;8,493648,493648,435,413,934,499
91,19,17;21,740472,740472,540,495,934,394
91,20,19;21,493648,493648,552,507,934,382
91,21,4;11,1234120,1234120,486,444,934,448
91,22,1;5,493648,493648,854,817,934,80
91,23,8;21,493648,493648,890,854,934,44
91,24,1;3,493648,493648,363,326,934,571
91,25,0;7,493648,493648,452,423,934,482
91,26,8;29,493648,493648,375,340,934,559
91,27,3;13,493648,493648,477,453,934,457
91,28,1;4,493648,493648,637,598,934,297
91,29,2;7,740472,740472,751,716,934,183
92,0,1;3,987296,987296,75,48,934,859
92,1,0;4,1234120,1234120,62,24,934,872
92,2,0;3,740472,740472,60,33,934,874
92,3,0;4,1234120,1234120,90,53,934,844
92,4,3;7,1480944,1480944,114,75,934,820
92,5,4;7,987296,987296,115,78,934,819
92,6,5;7,740472,740472,121,92,934,813
92,7,8;12,1974592,1974592,107,78,934,827
92,8,7;10,1234120,1234120,125,91,934,809
92,9,12;14,493648,493648,38,28,934,896
92,10,8;11,493648,493648,54,43,934,880
92,11,12;13,1234120,1234120,53,32,934,881
92,12,11;13,987296,987296,89,80,934,845
92,13,12;14,1480944,1480944,56,21,934,878
92,14,11;13,1234120,1234120,112,77,934,822
92,15,6;13,493648,493648,705,676,934,229
92,16,13;14,493648,493648,615,580,934,319
92,17,14;18,740472,740472,917,889,934,17
92,18,7;8,987296,987296,443,413,934,491
92,19,17;18,740472,740472,540,495,934,394
92,20,19;21,493648,493648,552,507,934,382
92,21,4;11,987296,987296,486,444,934,448
92,22,1;5,493648,493648,854,817,934,80
92,23,8;21,493648,493648,890,854,934,44
92,24,1;3,493648,493648,363,326,934,571
92,25,0;7,493648,493648,452,423,934,482
92,26,8;29,493648,493648,375,340,934,559
92,27,3;13,493648,493648,477,453,934,457
92,28,1;4,493648,493648,637,598,934,297
92,29,2;7,740472,740472,751,716,934,183
93,0,1;3,987296,987296,75,48,934,859
93,1,0;4,1234120,1234120,62,24,934,872
93,2,0;4,740472,740472,60,33,934,874
93,3,0;4,987296,987296,90,53,934,844
93,4,3;7,1727768,1727768,114,75,934,820
93,5,4;7,987296,987296,115,78,934,819
93,6,5;7,740472,740472,121,92,934,813
93,7,8;12,1974592,1974592,107,78,934,827
93,8,7;10,1234120,1234120,125,91,934,809
93,9,12;14,493648,493648,38,28,934,896
93,10,8;11,493648,493648,54,43,934,880
93,11,12;14,987296,987296,53,32,934,881
93,12,11;13,987296,987296,89,80,934,845
93,13,12;14,1234120,1234120,56,21,934,878
93,14,11;13,1234120,1234120,112,77,934,822
93,15,6;13,493648,493648,705,676,934,229
93,16,13;14,493648,493648,615,580,934,319
93,17,14;19,493648,493648,917,889,934,17
93,18,7;8,740472,740472,443,413,934,491
93,19,17;18,740472,740472,540,495,934,394
93,20,19;21,493648,493648,552,507,934,382
93,21,4;11,987296,987296,486,444,934,448
93,22,1;5,493648,493648,854,817,934,80
93,23,8;21,493648,493648,890,854,934,44
93,24,1;3,493648,493648,363,326,934,571
93,25,0;7,493648,493648,452,423,934,482
93,26,8;29,493648,493648,375,340,934,559
93,27,3;13,493648,493648,477,453,934,457
93,28,1;4,493648,493648,637,598,934,297
93,29,2;7,740472,740472,751,716,934,183
94,0,1;3,987296,987296,75,48,934,859
94,1,0;4,1234120,1234120,62,24,934,872
94,2,0;3,740472,740472,60,33,934,874
94,3,0;4,1234120,1234120,90,53,934,844
94,4,3;5,1234120,1234120,114,75,934,820
94,5,4;7,987296,987296,115,78,934,819
94,6,5;7,740472,740472,121,92,934,813
94,7,8;12,1727768,1727768,107,78,934,827
94,8,7;9,1480944,1480944,125,91,934,809
94,9,11;12,740472,740472,38,28,934,896
94,10,8;11,493648,493648,54,43,934,880
94,11,12;14,1234120,1234120,53,32,934,881
94,12,11;13,987296,987296,89,80,934,845
94,13,12;14,1234120,1234120,56,21,934,878
94,14,11;13,987296,987296,112,77,934,822
94,15,6;13,493648,493648,705,676,934,229
94,16,13;14,493648,493648,615,580,934,319
94,17,14;19,493648,493648,917,889,934,17
94,18,7;8,493648,493648,435,413,934,499
94,19,17;21,740472,740472,540,495,934,394
94,20,19;21,493648,493648,552,507,934,382
94,21,4;11,1234120,1234120,486,444,934,448
94,22,1;5,493648,493648,854,817,934,80
94,23,8;21,493648,493648,890,854,934,44
94,24,1;3,493648,493648,363,326,934,571
94,25,0;7,493648,493648,452,423,934,482
94,26,8;29,493648,493648,375,340,934,559
94,27,3;13,493648,493648,477,453,934,457
94,28,1;4,493648,493648,637,598,934,297
94,29,2;7,740472,740472,751,716,934,183
95,0,1;3,987296,987296,75,48,934,859
95,1,0;4,1234120,1234120,62,24,934,872
95,2,0;3,740472,740472,60,33,934,874
95,3,0;4,1234120,1234120,90,53,934,844
95,4,3;5,1234120,1234120,114,75,934,820
95,5,4;6,740472,740472,115,78,934,819
95,6,5;7,740472,740472,121,92,934,813
95,7,8;12,1480944,1480944,107,78,934,827
95,8,9;10,1480944,1480944,125,91,934,809
95,9,11;12,740472,740472,38,28,934,896
95,10,8;11,493648,493648,54,43,934,880
95,11,12;14,1234120,1234120,53,32,934,881
95,12,11;13,987296,987296,89,80,934,845
95,13,12;14,1234120,1234120,56,21,934,878
95,14,11;13,987296,987296,112,77,934,822
95,15,6;13,493648,493648,705,676,934,229
95,16,13;14,493648,493648,615,580,934,319
95,17,14;19,493648,493648,917,889,934,17
95,18,7;8,493648,493648,435,413,934,499
95,19,17;21,740472,740472,540,495,934,394
95,20,19;21,493648,493648,552,507,934,382
95,21,4;11,1234120,1234120,486,444,934,448
95,22,1;5,493648,493648,854,817,934,80
95,23,8;21,493648,493648,890,854,934,44
95,24,1;3,493648,493648,363,326,934,571
95,25,0;7,493648,493648,452,423,934,482
95,26,8;29,493648,493648,375,340,934,559
95,27,3;13,493648,493648,477,453,934,457
95,28,1;4,493648,493648,637,598,934,297
95,29,2;7,740472,740472,751,716,934,183
96,0,1;3,987296,987296,75,48,931,856
96,1,0;4,1234120,1234120,62,24,931,869
96,2,0;3,740472,740472,60,33,931,871
96,3,0;4,1234120,1234120,90,53,931,841
96,4,3;5,1234120,1234120,114,75,931,817
96,5,4;6,740472,740472,115,78,931,816
96,6,5;7,740472,740472,121,92,931,810
96,7,8;12,1480944,1480944,107,78,931,824
96,8,9;10,1480944,1480944,125,91,931,806
96,9,11;12,740472,740472,38,28,931,893
96,10,8;11,493648,493648,54,43,931,877
96,11,12;14,1234120,1234120,53,32,931,878
96,12,11;13,987296,987296,89,80,931,842
96,13,12;14,1234120,1234120,56,21,931,875
96,14,11;13,987296,987296,112,77,931,819
96,15,6;13,493648,493648,705,676,931,226
96,16,13;14,493648,493648,615,580,931,316
96,17,14;19,740472,740472,931,889,931,0
96,18,7;8,493648,493648,435,413,931,496
96,19,17;21,493648,493648,523,495,931,408
96,20,17;21,493648,493648,549,507,931,382
96,21,4;11,1234120,1234120,486,444,931,445
96,22,1;5,493648,493648,854,817,931,77
96,23,8;21,493648,493648,890,854,931,41
96,24,1;3,493648,493648,363,326,931,568
96,25,0;7,493648,493648,452,423,931,479
96,26,8;29,493648,493648,375,340,931,556
96,27,3;13,493648,493648,477,453,931,454
96,28,1;4,493648,493648,637,598,931,294
96,29,2;7,740472,740472,751,716,931,180
97,0,1;3,987296,987296,75,48,934,859
97,1,0;4,1234120,1234120,62,24,934,872
97,2,0;3,740472,740472,60,33,934,874
97,3,0;4,1234120,1234120,90,53,934,844
97,4,3;5,1234120,1234120,114,75,934,820
97,5,4;6,740472,740472,115,78,934,819
97,6,5;7,740472,740472,121,92,934,813
97,7,8;12,1480944,1480944,107,78,934,827
97,8,7;10,1234120,1234120,125,91,934,809
97,9,11;12,493648,493648,37,28,934,897
97,10,8;11,493648,493648,54,43,934,880
97,11,12;13,1480944,1480944,53,32,934,881
97,12,11;13,987296,987296,89,80,934,845
97,13,12;14,1480944,1480944,56,21,934,878
97,14,11;13,987296,987296,112,77,934,822
97,15,6;13,493648,493648,705,676,934,229
97,16,13;14,493648,493648,615,580,934,319
97,17,14;19,493648,493648,917,889,934,17
97,18,7;8,740472,740472,443,413,934,491
97,19,17;18,740472,740472,540,495,934,394
97,20,19;21,493648,493648,552,507,934,382
97,21,4;11,987296,987296,486,444,934,448
97,22,1;5,493648,493648,854,817,934,80
97,23,8;21,493648,493648,890,854,934,44
97,24,1;3,493648,493648,363,326,934,571
97,25,0;7,493648,493648,452,423,934,482
97,26,8;29,493648,493648,375,340,934,559
97,27,3;13,493648,493648,477,453,934,457
97,28,1;4,493648,493648,637,598,934,297
97,29,2;7,740472,740472,751,716,934,183
98,0,1;3,740472,740472,75,48,934,859
98,1,0;4,1234120,1234120,62,24,934,872
98,2,3;12,740472,740472,60,33,934,874
98,3,0;4,1234120,1234120,90,53,934,844
98,4,3;5,1234120,1234120,114,75,934,820
98,5,4;7,987296,987296,115,78,934,819
98,6,5;7,740472,740472,121,92,934,813
98,7,8;12,1727768,1727768,107,78,934,827
98,8,7;9,1480944,1480944,125,91,934,809
98,9,11;12,740472,740472,38,28,934,896
98,10,8;11,493648,493648,54,43,934,880
98,11,12;13,1480944,1480944,53,32,934,881
98,12,11;13,1234120,1234120,91,80,934,843
98,13,12;14,1480944,1480944,56,21,934,878
98,14,11;13,987296,987296,112,77,934,822
98,15,6;13,493648,493648,705,676,934,229
98,16,13;14,493648,493648,615,580,934,319
98,17,14;19,740472,740472,931,889,934,3
98,18,7;8,493648,493648,435,413,934,499
98,19,17;21,740472,740472,540,495,934,394
98,20,17;19,493648,493648,552,507,934,382
98,21,4;11,987296,987296,480,444,934,454
98,22,1;5,493648,493648,854,817,934,80
98,23,8;21,493648,493648,890,854,934,44
98,24,1;3,493648,493648,363,326,934,571
98,25,0;7,493648,493648,452,423,934,482
98,26,8;29,493648,493648,375,340,934,559
98,27,3;13,493648,493648,477,453,934,457
98,28,1;4,493648,493648,637,598,934,297
98,29,2;7,740472,740472,751,716,934,183
99,0,1;3,987296,987296,75,48,934,859
99,1,0;4,1234120,1234120,62,24,934,872
99,2,0;3,740472,740472,60,33,934,874
99,3,0;4,1234120,1234120,90,53,934,844
99,4,3;7,1234120,1234120,114,75,934,820
99,5,6;7,740472,740472,115,78,934,819
99,6,5;7,740472,740472,121,92,934,813
99,7,8;12,1974592,1974592,107,78,934,827
99,8,7;10,1234120,1234120,125,91,934,809
99,9,12;14,493648,493648,38,28,934,896
99,10,8;11,493648,493648,54,43,934,880
99,11,12;14,987296,987296,53,32,934,881
99,12,11;13,987296,987296,89,80,934,845
99,13,12;14,1234120,1234120,56,21,934,878
99,14,11;13,1234120,1234120,112,77,934,822
99,15,6;13,493648,493648,705,676,934,229
99,16,13;14,493648,493648,615,580,934,319
99,17,14;19,740472,740472,931,889,934,3
99,18,7;8,493648,493648,435,413,934,499
99,19,17;21,740472,740472,540,495,934,394
99,20,17;19,493648,493648,552,507,934,382
99,21,4;11,987296,987296,480,444,934,454
99,22,1;5,493648,493648,854,817,934,80
99,23,8;21,493648,493648,890,854,934,44
99,24,1;3,493648,493648,363,326,934,571
99,25,0;7,493648,493648,452,423,934,482
99,26,8;29,493648,493648,375,340,934,559
99,27,3;13,493648,493648,477,453,934,457
99,28,1;4,493648,493648,637,598,934,297
99,29,2;7,740472,740472,751,716,934,183
