round,src,dst,bytes,delay_ticks,src_mj,dst_mj,failed
0,0,1,246824,8,4022.916548,3218.333214,0
0,1,0,246824,8,3218.333214,4022.916548,0
0,0,2,246824,11,4022.916548,3218.333214,0
0,2,0,246824,11,3218.333214,4022.916548,0
0,0,3,246824,7,4022.916548,2681.944325,0
0,3,0,246824,7,2681.944325,4022.916548,0
0,0,25,246824,27,4022.916548,5363.888770,0
0,25,0,246824,27,5363.888770,4022.916548,0
0,1,2,246824,12,3218.333214,3218.333214,0
0,2,1,246824,12,3218.333214,3218.333214,0
0,1,22,246824,35,3218.333214,8045.833214,0
0,22,1,246824,35,8045.833214,3218.333214,0
0,1,24,246824,37,3218.333214,8045.833214,0
0,24,1,246824,37,8045.833214,3218.333214,0
0,1,28,246824,38,3218.333214,8045.833214,0
0,28,1,246824,38,8045.833214,3218.333214,0
0,2,3,246824,12,3218.333214,2681.944325,0
0,3,2,246824,12,2681.944325,3218.333214,0
0,2,12,246824,11,3218.333214,3218.333214,0
0,12,2,246824,11,3218.333214,3218.333214,0
0,2,29,246824,27,3218.333214,8045.833214,0
0,29,2,246824,27,8045.833214,3218.333214,0
0,3,4,246824,11,2681.944325,5363.888770,0
0,4,3,246824,11,5363.888770,2681.944325,0
0,3,18,246824,21,2681.944325,4022.916548,0
0,18,3,246824,21,4022.916548,2681.944325,0
0,3,24,246824,37,2681.944325,8045.833214,0
0,24,3,246824,37,8045.833214,2681.944325,0
0,3,27,246824,24,2681.944325,8045.833214,0
0,27,3,246824,24,8045.833214,2681.944325,0
0,4,7,246824,12,5363.888770,2298.809405,0
0,7,4,246824,12,2298.809405,5363.888770,0
0,4,28,246824,39,5363.888770,8045.833214,0
0,28,4,246824,39,8045.833214,5363.888770,0
0,5,6,246824,12,5363.888770,4022.916548,0
0,6,5,246824,12,4022.916548,5363.888770,0
0,5,7,246824,11,5363.888770,2298.809405,0
0,7,5,246824,11,2298.809405,5363.888770,0
0,5,22,246824,37,5363.888770,8045.833214,0
0,22,5,246824,37,8045.833214,5363.888770,0
0,6,7,246824,11,4022.916548,2298.809405,0
0,7,6,246824,11,2298.809405,4022.916548,0
0,6,9,246824,11,4022.916548,4022.916548,0
0,9,6,246824,11,4022.916548,4022.916548,0
0,6,15,246824,29,4022.916548,8045.833214,0
0,15,6,246824,29,8045.833214,4022.916548,0
0,7,8,246824,10,2298.809405,2298.809405,0
0,8,7,246824,10,2298.809405,2298.809405,0
0,7,12,246824,8,2298.809405,3218.333214,0
0,12,7,246824,8,3218.333214,2298.809405,0
0,7,25,246824,29,2298.809405,5363.888770,0
0,25,7,246824,29,5363.888770,2298.809405,0
0,7,29,246824,27,2298.809405,8045.833214,0
0,29,7,246824,27,8045.833214,2298.809405,0
0,8,9,246824,10,2298.809405,4022.916548,0
0,9,8,246824,10,4022.916548,2298.809405,0
0,8,10,246824,11,2298.809405,5363.888770,0
0,10,8,246824,11,5363.888770,2298.809405,0
0,8,11,246824,8,2298.809405,4022.916548,0
0,11,8,246824,8,4022.916548,2298.809405,0
0,8,18,246824,21,2298.809405,4022.916548,0
0,18,8,246824,21,4022.916548,2298.809405,0
0,8,23,246824,34,2298.809405,8045.833214,0
0,23,8,246824,34,8045.833214,2298.809405,0
0,8,26,246824,26,2298.809405,8045.833214,0
0,26,8,246824,26,8045.833214,2298.809405,0
0,9,12,246824,9,4022.916548,3218.333214,0
0,12,9,246824,9,3218.333214,4022.916548,0
0,9,14,246824,10,4022.916548,4022.916548,0
0,14,9,246824,10,4022.916548,4022.916548,0
0,10,13,246824,11,5363.888770,2298.809405,0
0,13,10,246824,11,2298.809405,5363.888770,0
0,10,21,246824,23,5363.888770,5363.888770,0
0,21,10,246824,23,5363.888770,5363.888770,0
0,11,12,246824,7,4022.916548,3218.333214,0
0,12,11,246824,7,3218.333214,4022.916548,0
0,11,13,246824,8,4022.916548,2298.809405,0
0,13,11,246824,8,2298.809405,4022.916548,0
0,11,21,246824,21,4022.916548,5363.888770,0
0,21,11,246824,21,5363.888770,4022.916548,0
0,12,13,246824,7,3218.333214,2298.809405,0
0,13,12,246824,7,2298.809405,3218.333214,0
0,13,14,246824,9,2298.809405,4022.916548,0
0,14,13,246824,9,4022.916548,2298.809405,0
0,13,15,246824,28,2298.809405,8045.833214,0
0,15,13,246824,28,8045.833214,2298.809405,0
0,13,16,246824,35,2298.809405,8045.833214,0
0,16,13,246824,35,8045.833214,2298.809405,0
0,13,27,246824,24,2298.809405,8045.833214,0
0,27,13,246824,24,8045.833214,2298.809405,0
0,14,16,246824,35,4022.916548,8045.833214,0
0,16,14,246824,35,8045.833214,4022.916548,0
0,14,17,246824,23,4022.916548,3218.333214,0
0,17,14,246824,23,3218.333214,4022.916548,0
0,17,18,246824,27,3218.333214,4022.916548,0
0,18,17,246824,27,4022.916548,3218.333214,0
0,17,19,246824,28,3218.333214,8045.833214,0
0,19,17,246824,28,8045.833214,3218.333214,0
0,17,20,246824,42,3218.333214,8045.833214,0
0,20,17,246824,42,8045.833214,3218.333214,0
0,17,23,246824,36,3218.333214,8045.833214,0
0,23,17,246824,36,8045.833214,3218.333214,0
0,18,19,246824,30,4022.916548,8045.833214,0
0,19,18,246824,30,8045.833214,4022.916548,0
0,20,21,246824,42,8045.833214,5363.888770,0
0,21,20,246824,42,5363.888770,8045.833214,0
0,25,26,246824,37,5363.888770,8045.833214,0
0,26,25,246824,37,8045.833214,5363.888770,0
1,0,1,246824,8,4031.249881,2303.571309,0
1,1,0,246824,8,2303.571309,4031.249881,0
1,0,2,246824,11,4031.249881,3224.999881,0
1,2,0,246824,11,3224.999881,4031.249881,0
1,0,3,246824,7,4031.249881,4031.249881,0
1,3,0,246824,7,4031.249881,4031.249881,0
1,0,25,246824,27,4031.249881,8062.499881,0
1,25,0,246824,27,8062.499881,4031.249881,0
1,1,2,246824,12,2303.571309,3224.999881,0
1,2,1,246824,12,3224.999881,2303.571309,0
1,1,4,246824,11,2303.571309,2687.499881,0
1,4,1,246824,11,2687.499881,2303.571309,0
1,1,18,246824,21,2303.571309,3224.999881,0
1,18,1,246824,21,3224.999881,2303.571309,0
1,1,22,246824,35,2303.571309,8062.499881,0
1,22,1,246824,35,8062.499881,2303.571309,0
1,1,24,246824,37,2303.571309,8062.499881,0
1,24,1,246824,37,8062.499881,2303.571309,0
1,1,28,246824,38,2303.571309,8062.499881,0
1,28,1,246824,38,8062.499881,2303.571309,0
1,2,4,246824,13,3224.999881,2687.499881,0
1,4,2,246824,13,2687.499881,3224.999881,0
1,2,5,246824,14,3224.999881,3224.999881,0
1,5,2,246824,14,3224.999881,3224.999881,0
1,2,29,246824,27,3224.999881,4031.249881,0
1,29,2,246824,27,4031.249881,3224.999881,0
1,3,4,246824,11,4031.249881,2687.499881,0
1,4,3,246824,11,2687.499881,4031.249881,0
1,3,24,246824,37,4031.249881,8062.499881,0
1,24,3,246824,37,8062.499881,4031.249881,0
1,3,27,246824,24,4031.249881,8062.499881,0
1,27,3,246824,24,8062.499881,4031.249881,0
1,4,5,246824,13,2687.499881,3224.999881,0
1,5,4,246824,13,3224.999881,2687.499881,0
1,4,21,246824,23,2687.499881,4031.249881,0
1,21,4,246824,23,4031.249881,2687.499881,0
1,4,28,246824,39,2687.499881,8062.499881,0
1,28,4,246824,39,8062.499881,2687.499881,0
1,5,6,246824,12,3224.999881,8062.499881,0
1,6,5,246824,12,8062.499881,3224.999881,0
1,5,7,246824,11,3224.999881,2303.571309,0
1,7,5,246824,11,2303.571309,3224.999881,0
1,5,22,246824,37,3224.999881,8062.499881,0
1,22,5,246824,37,8062.499881,3224.999881,0
1,6,9,246824,11,8062.499881,2687.499881,0
1,9,6,246824,11,2687.499881,8062.499881,0
1,7,8,246824,10,2303.571309,4031.249881,0
1,8,7,246824,10,4031.249881,2303.571309,0
1,7,9,246824,11,2303.571309,2687.499881,0
1,9,7,246824,11,2687.499881,2303.571309,0
1,7,12,246824,8,2303.571309,8062.499881,0
1,12,7,246824,8,8062.499881,2303.571309,0
1,7,18,246824,22,2303.571309,3224.999881,0
1,18,7,246824,22,3224.999881,2303.571309,0
1,7,25,246824,29,2303.571309,8062.499881,0
1,25,7,246824,29,8062.499881,2303.571309,0
1,7,29,246824,27,2303.571309,4031.249881,0
1,29,7,246824,27,4031.249881,2303.571309,0
1,8,10,246824,11,4031.249881,4031.249881,0
1,10,8,246824,11,4031.249881,4031.249881,0
1,8,23,246824,34,4031.249881,8062.499881,0
1,23,8,246824,34,8062.499881,4031.249881,0
1,8,26,246824,26,4031.249881,8062.499881,0
1,26,8,246824,26,8062.499881,4031.249881,0
1,9,10,246824,12,2687.499881,4031.249881,0
1,10,9,246824,12,4031.249881,2687.499881,0
1,9,11,246824,9,2687.499881,3224.999881,0
1,11,9,246824,9,3224.999881,2687.499881,0
1,9,12,246824,9,2687.499881,8062.499881,0
1,12,9,246824,9,8062.499881,2687.499881,0
1,9,14,246824,10,2687.499881,5374.999881,0
1,14,9,246824,10,5374.999881,2687.499881,0
1,10,11,246824,10,4031.249881,3224.999881,0
1,11,10,246824,10,3224.999881,4031.249881,0
1,10,13,246824,11,4031.249881,3224.999881,0
1,13,10,246824,11,3224.999881,4031.249881,0
1,11,13,246824,8,3224.999881,3224.999881,0
1,13,11,246824,8,3224.999881,3224.999881,0
1,11,14,246824,8,3224.999881,5374.999881,0
1,14,11,246824,8,5374.999881,3224.999881,0
1,11,21,246824,21,3224.999881,4031.249881,0
1,21,11,246824,21,4031.249881,3224.999881,0
1,13,15,246824,28,3224.999881,8062.499881,0
1,15,13,246824,28,8062.499881,3224.999881,0
1,13,16,246824,35,3224.999881,8062.499881,0
1,16,13,246824,35,8062.499881,3224.999881,0
1,13,27,246824,24,3224.999881,8062.499881,0
1,27,13,246824,24,8062.499881,3224.999881,0
1,14,17,246824,23,5374.999881,8062.499881,0
1,17,14,246824,23,8062.499881,5374.999881,0
1,15,18,246824,32,8062.499881,3224.999881,0
1,18,15,246824,32,3224.999881,8062.499881,0
1,16,18,246824,39,8062.499881,3224.999881,0
1,18,16,246824,39,3224.999881,8062.499881,0
1,17,19,246824,28,8062.499881,4031.249881,0
1,19,17,246824,28,4031.249881,8062.499881,0
1,18,19,246824,30,3224.999881,4031.249881,0
1,19,18,246824,30,4031.249881,3224.999881,0
1,19,20,246824,45,4031.249881,8062.499881,0
1,20,19,246824,45,8062.499881,4031.249881,0
1,19,21,246824,28,4031.249881,4031.249881,0
1,21,19,246824,28,4031.249881,4031.249881,0
1,20,29,246824,46,8062.499881,4031.249881,0
1,29,20,246824,46,4031.249881,8062.499881,0
1,21,23,246824,36,4031.249881,8062.499881,0
1,23,21,246824,36,8062.499881,4031.249881,0
1,26,29,246824,35,8062.499881,4031.249881,0
1,29,26,246824,35,4031.249881,8062.499881,0
2,0,1,246824,8,4031.249881,3224.999881,0
2,1,0,246824,8,3224.999881,4031.249881,0
2,0,2,246824,11,4031.249881,3224.999881,0
2,2,0,246824,11,3224.999881,4031.249881,0
2,0,3,246824,7,4031.249881,4031.249881,0
2,3,0,246824,7,4031.249881,4031.249881,0
2,0,25,246824,27,4031.249881,8062.499881,0
2,25,0,246824,27,8062.499881,4031.249881,0
2,1,4,246824,11,3224.999881,5374.999881,0
2,4,1,246824,11,5374.999881,3224.999881,0
2,1,22,246824,35,3224.999881,8062.499881,0
2,22,1,246824,35,8062.499881,3224.999881,0
2,1,24,246824,37,3224.999881,8062.499881,0
2,24,1,246824,37,8062.499881,3224.999881,0
2,1,28,246824,38,3224.999881,8062.499881,0
2,28,1,246824,38,8062.499881,3224.999881,0
2,2,3,246824,12,3224.999881,4031.249881,0
2,3,2,246824,12,4031.249881,3224.999881,0
2,2,5,246824,14,3224.999881,5374.999881,0
2,5,2,246824,14,5374.999881,3224.999881,0
2,2,12,246824,11,3224.999881,3224.999881,0
2,12,2,246824,11,3224.999881,3224.999881,0
2,2,29,246824,27,3224.999881,4031.249881,0
2,29,2,246824,27,4031.249881,3224.999881,0
2,3,24,246824,37,4031.249881,8062.499881,0
2,24,3,246824,37,8062.499881,4031.249881,0
2,3,27,246824,24,4031.249881,8062.499881,0
2,27,3,246824,24,8062.499881,4031.249881,0
2,4,5,246824,13,5374.999881,5374.999881,0
2,5,4,246824,13,5374.999881,5374.999881,0
2,4,28,246824,39,5374.999881,8062.499881,0
2,28,4,246824,39,8062.499881,5374.999881,0
2,5,22,246824,37,5374.999881,8062.499881,0
2,22,5,246824,37,8062.499881,5374.999881,0
2,6,7,246824,11,5374.999881,2687.499881,0
2,7,6,246824,11,2687.499881,5374.999881,0
2,6,9,246824,11,5374.999881,5374.999881,0
2,9,6,246824,11,5374.999881,5374.999881,0
2,6,15,246824,29,5374.999881,8062.499881,0
2,15,6,246824,29,8062.499881,5374.999881,0
2,7,8,246824,10,2687.499881,2687.499881,0
2,8,7,246824,10,2687.499881,2687.499881,0
2,7,12,246824,8,2687.499881,3224.999881,0
2,12,7,246824,8,3224.999881,2687.499881,0
2,7,18,246824,22,2687.499881,5374.999881,0
2,18,7,246824,22,5374.999881,2687.499881,0
2,7,25,246824,29,2687.499881,8062.499881,0
2,25,7,246824,29,8062.499881,2687.499881,0
2,7,29,246824,27,2687.499881,4031.249881,0
2,29,7,246824,27,4031.249881,2687.499881,0
2,8,9,246824,10,2687.499881,5374.999881,0
2,9,8,246824,10,5374.999881,2687.499881,0
2,8,10,246824,11,2687.499881,5374.999881,0
2,10,8,246824,11,5374.999881,2687.499881,0
2,8,18,246824,21,2687.499881,5374.999881,0
2,18,8,246824,21,5374.999881,2687.499881,0
2,8,23,246824,34,2687.499881,8062.499881,0
2,23,8,246824,34,8062.499881,2687.499881,0
2,8,26,246824,26,2687.499881,8062.499881,0
2,26,8,246824,26,8062.499881,2687.499881,0
2,9,12,246824,9,5374.999881,3224.999881,0
2,12,9,246824,9,3224.999881,5374.999881,0
2,10,13,246824,11,5374.999881,2687.499881,0
2,13,10,246824,11,2687.499881,5374.999881,0
2,10,21,246824,23,5374.999881,4031.249881,0
2,21,10,246824,23,4031.249881,5374.999881,0
2,11,12,246824,7,5374.999881,3224.999881,0
2,12,11,246824,7,3224.999881,5374.999881,0
2,11,14,246824,8,5374.999881,4031.249881,0
2,14,11,246824,8,4031.249881,5374.999881,0
2,11,21,246824,21,5374.999881,4031.249881,0
2,21,11,246824,21,4031.249881,5374.999881,0
2,12,13,246824,7,3224.999881,2687.499881,0
2,13,12,246824,7,2687.499881,3224.999881,0
2,13,14,246824,9,2687.499881,4031.249881,0
2,14,13,246824,9,4031.249881,2687.499881,0
2,13,15,246824,28,2687.499881,8062.499881,0
2,15,13,246824,28,8062.499881,2687.499881,0
2,13,16,246824,35,2687.499881,8062.499881,0
2,16,13,246824,35,8062.499881,2687.499881,0
2,13,27,246824,24,2687.499881,8062.499881,0
2,27,13,246824,24,8062.499881,2687.499881,0
2,14,16,246824,35,4031.249881,8062.499881,0
2,16,14,246824,35,8062.499881,4031.249881,0
2,14,17,246824,23,4031.249881,5374.999881,0
2,17,14,246824,23,5374.999881,4031.249881,0
2,17,18,246824,27,5374.999881,5374.999881,0
2,18,17,246824,27,5374.999881,5374.999881,0
2,17,19,246824,28,5374.999881,5374.999881,0
2,19,17,246824,28,5374.999881,5374.999881,0
2,19,20,246824,45,5374.999881,8062.499881,0
2,20,19,246824,45,8062.499881,5374.999881,0
2,19,21,246824,28,5374.999881,4031.249881,0
2,21,19,246824,28,4031.249881,5374.999881,0
2,20,29,246824,46,8062.499881,4031.249881,0
2,29,20,246824,46,4031.249881,8062.499881,0
2,21,23,246824,36,4031.249881,8062.499881,0
2,23,21,246824,36,8062.499881,4031.249881,0
2,26,29,246824,35,8062.499881,4031.249881,0
2,29,26,246824,35,4031.249881,8062.499881,0
3,0,1,246824,8,4022.916548,2298.809405,0
3,1,0,246824,8,2298.809405,4022.916548,0
3,0,2,246824,11,4022.916548,4022.916548,0
3,2,0,246824,11,4022.916548,4022.916548,0
3,0,3,246824,7,4022.916548,4022.916548,0
3,3,0,246824,7,4022.916548,4022.916548,0
3,0,25,246824,27,4022.916548,8045.833214,0
3,25,0,246824,27,8045.833214,4022.916548,0
3,1,2,246824,12,2298.809405,4022.916548,0
3,2,1,246824,12,4022.916548,2298.809405,0
3,1,4,246824,11,2298.809405,3218.333214,0
3,4,1,246824,11,3218.333214,2298.809405,0
3,1,18,246824,21,2298.809405,5363.888770,0
3,18,1,246824,21,5363.888770,2298.809405,0
3,1,22,246824,35,2298.809405,8045.833214,0
3,22,1,246824,35,8045.833214,2298.809405,0
3,1,24,246824,37,2298.809405,8045.833214,0
3,24,1,246824,37,8045.833214,2298.809405,0
3,1,28,246824,38,2298.809405,8045.833214,0
3,28,1,246824,38,8045.833214,2298.809405,0
3,2,5,246824,14,4022.916548,5363.888770,0
3,5,2,246824,14,5363.888770,4022.916548,0
3,2,29,246824,27,4022.916548,5363.888770,0
3,29,2,246824,27,5363.888770,4022.916548,0
3,3,4,246824,11,4022.916548,3218.333214,0
3,4,3,246824,11,3218.333214,4022.916548,0
3,3,24,246824,37,4022.916548,8045.833214,0
3,24,3,246824,37,8045.833214,4022.916548,0
3,3,27,246824,24,4022.916548,8045.833214,0
3,27,3,246824,24,8045.833214,4022.916548,0
3,4,7,246824,12,3218.333214,2011.458214,0
3,7,4,246824,12,2011.458214,3218.333214,0
3,4,21,246824,23,3218.333214,4022.916548,0
3,21,4,246824,23,4022.916548,3218.333214,0
3,4,28,246824,39,3218.333214,8045.833214,0
3,28,4,246824,39,8045.833214,3218.333214,0
3,5,7,246824,11,5363.888770,2011.458214,0
3,7,5,246824,11,2011.458214,5363.888770,0
3,5,22,246824,37,5363.888770,8045.833214,0
3,22,5,246824,37,8045.833214,5363.888770,0
3,6,7,246824,11,5363.888770,2011.458214,0
3,7,6,246824,11,2011.458214,5363.888770,0
3,6,9,246824,11,5363.888770,4022.916548,0
3,9,6,246824,11,4022.916548,5363.888770,0
3,6,15,246824,29,5363.888770,8045.833214,0
3,15,6,246824,29,8045.833214,5363.888770,0
3,7,8,246824,10,2011.458214,3218.333214,0
3,8,7,246824,10,3218.333214,2011.458214,0
3,7,9,246824,11,2011.458214,4022.916548,0
3,9,7,246824,11,4022.916548,2011.458214,0
3,7,18,246824,22,2011.458214,5363.888770,0
3,18,7,246824,22,5363.888770,2011.458214,0
3,7,25,246824,29,2011.458214,8045.833214,0
3,25,7,246824,29,8045.833214,2011.458214,0
3,7,29,246824,27,2011.458214,5363.888770,0
3,29,7,246824,27,5363.888770,2011.458214,0
3,8,10,246824,11,3218.333214,4022.916548,0
3,10,8,246824,11,4022.916548,3218.333214,0
3,8,11,246824,8,3218.333214,2681.944325,0
3,11,8,246824,8,2681.944325,3218.333214,0
3,8,23,246824,34,3218.333214,8045.833214,0
3,23,8,246824,34,8045.833214,3218.333214,0
3,8,26,246824,26,3218.333214,8045.833214,0
3,26,8,246824,26,8045.833214,3218.333214,0
3,9,11,246824,9,4022.916548,2681.944325,0
3,11,9,246824,9,2681.944325,4022.916548,0
3,9,14,246824,10,4022.916548,4022.916548,0
3,14,9,246824,10,4022.916548,4022.916548,0
3,10,11,246824,10,4022.916548,2681.944325,0
3,11,10,246824,10,2681.944325,4022.916548,0
3,10,13,246824,11,4022.916548,2681.944325,0
3,13,10,246824,11,2681.944325,4022.916548,0
3,10,21,246824,23,4022.916548,4022.916548,0
3,21,10,246824,23,4022.916548,4022.916548,0
3,11,12,246824,7,2681.944325,8045.833214,0
3,12,11,246824,7,8045.833214,2681.944325,0
3,11,13,246824,8,2681.944325,2681.944325,0
3,13,11,246824,8,2681.944325,2681.944325,0
3,11,14,246824,8,2681.944325,4022.916548,0
3,14,11,246824,8,4022.916548,2681.944325,0
3,12,13,246824,7,8045.833214,2681.944325,0
3,13,12,246824,7,2681.944325,8045.833214,0
3,13,15,246824,28,2681.944325,8045.833214,0
3,15,13,246824,28,8045.833214,2681.944325,0
3,13,16,246824,35,2681.944325,8045.833214,0
3,16,13,246824,35,8045.833214,2681.944325,0
3,13,27,246824,24,2681.944325,8045.833214,0
3,27,13,246824,24,8045.833214,2681.944325,0
3,14,16,246824,35,4022.916548,8045.833214,0
3,16,14,246824,35,8045.833214,4022.916548,0
3,14,17,246824,23,4022.916548,4022.916548,0
3,17,14,246824,23,4022.916548,4022.916548,0
3,17,19,246824,28,4022.916548,5363.888770,0
3,19,17,246824,28,5363.888770,4022.916548,0
3,17,20,246824,42,4022.916548,8045.833214,0
3,20,17,246824,42,8045.833214,4022.916548,0
3,17,23,246824,36,4022.916548,8045.833214,0
3,23,17,246824,36,8045.833214,4022.916548,0
3,18,19,246824,30,5363.888770,5363.888770,0
3,19,18,246824,30,5363.888770,5363.888770,0
3,19,21,246824,28,5363.888770,4022.916548,0
3,21,19,246824,28,4022.916548,5363.888770,0
3,20,21,246824,42,8045.833214,4022.916548,0
3,21,20,246824,42,4022.916548,8045.833214,0
3,26,29,246824,35,8045.833214,5363.888770,0
3,29,26,246824,35,5363.888770,8045.833214,0
4,0,1,246824,8,5372.222103,2686.110992,0
4,1,0,246824,8,2686.110992,5372.222103,0
4,0,2,246824,11,5372.222103,2686.110992,0
4,2,0,246824,11,2686.110992,5372.222103,0
4,0,25,246824,27,5372.222103,8058.333214,0
4,25,0,246824,27,8058.333214,5372.222103,0
4,1,2,246824,12,2686.110992,2686.110992,0
4,2,1,246824,12,2686.110992,2686.110992,0
4,1,4,246824,11,2686.110992,2686.110992,0
4,4,1,246824,11,2686.110992,2686.110992,0
4,1,22,246824,35,2686.110992,8058.333214,0
4,22,1,246824,35,8058.333214,2686.110992,0
4,1,24,246824,37,2686.110992,8058.333214,0
4,24,1,246824,37,8058.333214,2686.110992,0
4,1,28,246824,38,2686.110992,8058.333214,0
4,28,1,246824,38,8058.333214,2686.110992,0
4,2,3,246824,12,2686.110992,3223.333214,0
4,3,2,246824,12,3223.333214,2686.110992,0
4,2,4,246824,13,2686.110992,2686.110992,0
4,4,2,246824,13,2686.110992,2686.110992,0
4,2,12,246824,11,2686.110992,4029.166547,0
4,12,2,246824,11,4029.166547,2686.110992,0
4,2,29,246824,27,2686.110992,5372.222103,0
4,29,2,246824,27,5372.222103,2686.110992,0
4,3,4,246824,11,3223.333214,2686.110992,0
4,4,3,246824,11,2686.110992,3223.333214,0
4,3,18,246824,21,3223.333214,5372.222103,0
4,18,3,246824,21,5372.222103,3223.333214,0
4,3,24,246824,37,3223.333214,8058.333214,0
4,24,3,246824,37,8058.333214,3223.333214,0
4,3,27,246824,24,3223.333214,8058.333214,0
4,27,3,246824,24,8058.333214,3223.333214,0
4,4,5,246824,13,2686.110992,4029.166547,0
4,5,4,246824,13,4029.166547,2686.110992,0
4,4,21,246824,23,2686.110992,3223.333214,0
4,21,4,246824,23,3223.333214,2686.110992,0
4,4,28,246824,39,2686.110992,8058.333214,0
4,28,4,246824,39,8058.333214,2686.110992,0
4,5,6,246824,12,4029.166547,4029.166547,0
4,6,5,246824,12,4029.166547,4029.166547,0
4,5,7,246824,11,4029.166547,2014.583214,0
4,7,5,246824,11,2014.583214,4029.166547,0
4,5,22,246824,37,4029.166547,8058.333214,0
4,22,5,246824,37,8058.333214,4029.166547,0
4,6,7,246824,11,4029.166547,2014.583214,0
4,7,6,246824,11,2014.583214,4029.166547,0
4,6,9,246824,11,4029.166547,4029.166547,0
4,9,6,246824,11,4029.166547,4029.166547,0
4,6,15,246824,29,4029.166547,8058.333214,0
4,15,6,246824,29,8058.333214,4029.166547,0
4,7,8,246824,10,2014.583214,2686.110992,0
4,8,7,246824,10,2686.110992,2014.583214,0
4,7,9,246824,11,2014.583214,4029.166547,0
4,9,7,246824,11,4029.166547,2014.583214,0
4,7,12,246824,8,2014.583214,4029.166547,0
4,12,7,246824,8,4029.166547,2014.583214,0
4,7,18,246824,22,2014.583214,5372.222103,0
4,18,7,246824,22,5372.222103,2014.583214,0
4,7,25,246824,29,2014.583214,8058.333214,0
4,25,7,246824,29,8058.333214,2014.583214,0
4,7,29,246824,27,2014.583214,5372.222103,0
4,29,7,246824,27,5372.222103,2014.583214,0
4,8,9,246824,10,2686.110992,4029.166547,0
4,9,8,246824,10,4029.166547,2686.110992,0
4,8,10,246824,11,2686.110992,8058.333214,0
4,10,8,246824,11,8058.333214,2686.110992,0
4,8,11,246824,8,2686.110992,3223.333214,0
4,11,8,246824,8,3223.333214,2686.110992,0
4,8,23,246824,34,2686.110992,8058.333214,0
4,23,8,246824,34,8058.333214,2686.110992,0
4,8,26,246824,26,2686.110992,8058.333214,0
4,26,8,246824,26,8058.333214,2686.110992,0
4,9,14,246824,10,4029.166547,3223.333214,0
4,14,9,246824,10,3223.333214,4029.166547,0
4,10,11,246824,10,8058.333214,3223.333214,0
4,11,10,246824,10,3223.333214,8058.333214,0
4,11,12,246824,7,3223.333214,4029.166547,0
4,12,11,246824,7,4029.166547,3223.333214,0
4,11,14,246824,8,3223.333214,3223.333214,0
4,14,11,246824,8,3223.333214,3223.333214,0
4,11,21,246824,21,3223.333214,3223.333214,0
4,21,11,246824,21,3223.333214,3223.333214,0
4,12,13,246824,7,4029.166547,3223.333214,0
4,13,12,246824,7,3223.333214,4029.166547,0
4,13,14,246824,9,3223.333214,3223.333214,0
4,14,13,246824,9,3223.333214,3223.333214,0
4,13,15,246824,28,3223.333214,8058.333214,0
4,15,13,246824,28,8058.333214,3223.333214,0
4,13,16,246824,35,3223.333214,8058.333214,0
4,16,13,246824,35,8058.333214,3223.333214,0
4,13,27,246824,24,3223.333214,8058.333214,0
4,27,13,246824,24,8058.333214,3223.333214,0
4,14,16,246824,35,3223.333214,8058.333214,0
4,16,14,246824,35,8058.333214,3223.333214,0
4,14,17,246824,23,3223.333214,5372.222103,0
4,17,14,246824,23,5372.222103,3223.333214,0
4,17,18,246824,27,5372.222103,5372.222103,0
4,18,17,246824,27,5372.222103,5372.222103,0
4,17,19,246824,28,5372.222103,5372.222103,0
4,19,17,246824,28,5372.222103,5372.222103,0
4,19,20,246824,45,5372.222103,8058.333214,0
4,20,19,246824,45,8058.333214,5372.222103,0
4,19,21,246824,28,5372.222103,3223.333214,0
4,21,19,246824,28,3223.333214,5372.222103,0
4,20,21,246824,42,8058.333214,3223.333214,0
4,21,20,246824,42,3223.333214,8058.333214,0
4,21,23,246824,36,3223.333214,8058.333214,0
4,23,21,246824,36,8058.333214,3223.333214,0
4,26,29,246824,35,8058.333214,5372.222103,0
4,29,26,246824,35,5372.222103,8058.333214,0
5,0,1,246824,8,4031.249881,2687.499881,0
5,1,0,246824,8,2687.499881,4031.249881,0
5,0,2,246824,11,4031.249881,3224.999881,0
5,2,0,246824,11,3224.999881,4031.249881,0
5,0,3,246824,7,4031.249881,4031.249881,0
5,3,0,246824,7,4031.249881,4031.249881,0
5,0,25,246824,27,4031.249881,5374.999881,0
5,25,0,246824,27,5374.999881,4031.249881,0
5,1,4,246824,11,2687.499881,4031.249881,0
5,4,1,246824,11,4031.249881,2687.499881,0
5,1,18,246824,21,2687.499881,2687.499881,0
5,18,1,246824,21,2687.499881,2687.499881,0
5,1,22,246824,35,2687.499881,8062.499881,0
5,22,1,246824,35,8062.499881,2687.499881,0
5,1,24,246824,37,2687.499881,8062.499881,0
5,24,1,246824,37,8062.499881,2687.499881,0
5,1,28,246824,38,2687.499881,8062.499881,0
5,28,1,246824,38,8062.499881,2687.499881,0
5,2,3,246824,12,3224.999881,4031.249881,0
5,3,2,246824,12,4031.249881,3224.999881,0
5,2,4,246824,13,3224.999881,4031.249881,0
5,4,2,246824,13,4031.249881,3224.999881,0
5,2,5,246824,14,3224.999881,4031.249881,0
5,5,2,246824,14,4031.249881,3224.999881,0
5,2,29,246824,27,3224.999881,5374.999881,0
5,29,2,246824,27,5374.999881,3224.999881,0
5,3,24,246824,37,4031.249881,8062.499881,0
5,24,3,246824,37,8062.499881,4031.249881,0
5,3,27,246824,24,4031.249881,8062.499881,0
5,27,3,246824,24,8062.499881,4031.249881,0
5,4,5,246824,13,4031.249881,4031.249881,0
5,5,4,246824,13,4031.249881,4031.249881,0
5,4,28,246824,39,4031.249881,8062.499881,0
5,28,4,246824,39,8062.499881,4031.249881,0
5,5,6,246824,12,4031.249881,8062.499881,0
5,6,5,246824,12,8062.499881,4031.249881,0
5,5,22,246824,37,4031.249881,8062.499881,0
5,22,5,246824,37,8062.499881,4031.249881,0
5,6,9,246824,11,8062.499881,2303.571309,0
5,9,6,246824,11,2303.571309,8062.499881,0
5,7,8,246824,10,4031.249881,2303.571309,0
5,8,7,246824,10,2303.571309,4031.249881,0
5,7,9,246824,11,4031.249881,2303.571309,0
5,9,7,246824,11,2303.571309,4031.249881,0
5,7,25,246824,29,4031.249881,5374.999881,0
5,25,7,246824,29,5374.999881,4031.249881,0
5,7,29,246824,27,4031.249881,5374.999881,0
5,29,7,246824,27,5374.999881,4031.249881,0
5,8,9,246824,10,2303.571309,2303.571309,0
5,9,8,246824,10,2303.571309,2303.571309,0
5,8,10,246824,11,2303.571309,4031.249881,0
5,10,8,246824,11,4031.249881,2303.571309,0
5,8,11,246824,8,2303.571309,3224.999881,0
5,11,8,246824,8,3224.999881,2303.571309,0
5,8,18,246824,21,2303.571309,2687.499881,0
5,18,8,246824,21,2687.499881,2303.571309,0
5,8,23,246824,34,2303.571309,8062.499881,0
5,23,8,246824,34,8062.499881,2303.571309,0
5,8,26,246824,26,2303.571309,8062.499881,0
5,26,8,246824,26,8062.499881,2303.571309,0
5,9,10,246824,12,2303.571309,4031.249881,0
5,10,9,246824,12,4031.249881,2303.571309,0
5,9,11,246824,9,2303.571309,3224.999881,0
5,11,9,246824,9,3224.999881,2303.571309,0
5,9,12,246824,9,2303.571309,8062.499881,0
5,12,9,246824,9,8062.499881,2303.571309,0
5,9,14,246824,10,2303.571309,5374.999881,0
5,14,9,246824,10,5374.999881,2303.571309,0
5,10,13,246824,11,4031.249881,2687.499881,0
5,13,10,246824,11,2687.499881,4031.249881,0
5,10,21,246824,23,4031.249881,3224.999881,0
5,21,10,246824,23,3224.999881,4031.249881,0
5,11,13,246824,8,3224.999881,2687.499881,0
5,13,11,246824,8,2687.499881,3224.999881,0
5,11,14,246824,8,3224.999881,5374.999881,0
5,14,11,246824,8,5374.999881,3224.999881,0
5,11,21,246824,21,3224.999881,3224.999881,0
5,21,11,246824,21,3224.999881,3224.999881,0
5,12,13,246824,7,8062.499881,2687.499881,0
5,13,12,246824,7,2687.499881,8062.499881,0
5,13,15,246824,28,2687.499881,8062.499881,0
5,15,13,246824,28,8062.499881,2687.499881,0
5,13,16,246824,35,2687.499881,8062.499881,0
5,16,13,246824,35,8062.499881,2687.499881,0
5,13,27,246824,24,2687.499881,8062.499881,0
5,27,13,246824,24,8062.499881,2687.499881,0
5,14,17,246824,23,5374.999881,8062.499881,0
5,17,14,246824,23,8062.499881,5374.999881,0
5,15,18,246824,32,8062.499881,2687.499881,0
5,18,15,246824,32,2687.499881,8062.499881,0
5,16,18,246824,39,8062.499881,2687.499881,0
5,18,16,246824,39,2687.499881,8062.499881,0
5,17,18,246824,27,8062.499881,2687.499881,0
5,18,17,246824,27,2687.499881,8062.499881,0
5,18,19,246824,30,2687.499881,8062.499881,0
5,19,18,246824,30,8062.499881,2687.499881,0
5,19,21,246824,28,8062.499881,3224.999881,0
5,21,19,246824,28,3224.999881,8062.499881,0
5,20,21,246824,42,8062.499881,3224.999881,0
5,21,20,246824,42,3224.999881,8062.499881,0
5,20,29,246824,46,8062.499881,5374.999881,0
5,29,20,246824,46,5374.999881,8062.499881,0
5,21,23,246824,36,3224.999881,8062.499881,0
5,23,21,246824,36,8062.499881,3224.999881,0
5,25,26,246824,37,5374.999881,8062.499881,0
5,26,25,246824,37,8062.499881,5374.999881,0
6,0,1,246824,8,4029.166547,2302.380833,0
6,1,0,246824,8,2302.380833,4029.166547,0
6,0,2,246824,11,4029.166547,2686.110992,0
6,2,0,246824,11,2686.110992,4029.166547,0
6,0,3,246824,7,4029.166547,2686.110992,0
6,3,0,246824,7,2686.110992,4029.166547,0
6,0,25,246824,27,4029.166547,8058.333214,0
6,25,0,246824,27,8058.333214,4029.166547,0
6,1,2,246824,12,2302.380833,2686.110992,0
6,2,1,246824,12,2686.110992,2302.380833,0
6,1,4,246824,11,2302.380833,4029.166547,0
6,4,1,246824,11,4029.166547,2302.380833,0
6,1,18,246824,21,2302.380833,8058.333214,0
6,18,1,246824,21,8058.333214,2302.380833,0
6,1,22,246824,35,2302.380833,8058.333214,0
6,22,1,246824,35,8058.333214,2302.380833,0
6,1,24,246824,37,2302.380833,8058.333214,0
6,24,1,246824,37,8058.333214,2302.380833,0
6,1,28,246824,38,2302.380833,8058.333214,0
6,28,1,246824,38,8058.333214,2302.380833,0
6,2,3,246824,12,2686.110992,2686.110992,0
6,3,2,246824,12,2686.110992,2686.110992,0
6,2,5,246824,14,2686.110992,5372.222103,0
6,5,2,246824,14,5372.222103,2686.110992,0
6,2,12,246824,11,2686.110992,3223.333214,0
6,12,2,246824,11,3223.333214,2686.110992,0
6,2,29,246824,27,2686.110992,5372.222103,0
6,29,2,246824,27,5372.222103,2686.110992,0
6,3,4,246824,11,2686.110992,4029.166547,0
6,4,3,246824,11,4029.166547,2686.110992,0
6,3,18,246824,21,2686.110992,8058.333214,0
6,18,3,246824,21,8058.333214,2686.110992,0
6,3,24,246824,37,2686.110992,8058.333214,0
6,24,3,246824,37,8058.333214,2686.110992,0
6,3,27,246824,24,2686.110992,8058.333214,0
6,27,3,246824,24,8058.333214,2686.110992,0
6,4,5,246824,13,4029.166547,5372.222103,0
6,5,4,246824,13,5372.222103,4029.166547,0
6,4,21,246824,23,4029.166547,4029.166547,0
6,21,4,246824,23,4029.166547,4029.166547,0
6,5,22,246824,37,5372.222103,8058.333214,0
6,22,5,246824,37,8058.333214,5372.222103,0
6,6,7,246824,11,8058.333214,4029.166547,0
6,7,6,246824,11,4029.166547,8058.333214,0
6,6,9,246824,11,8058.333214,4029.166547,0
6,9,6,246824,11,4029.166547,8058.333214,0
6,7,12,246824,8,4029.166547,3223.333214,0
6,12,7,246824,8,3223.333214,4029.166547,0
6,7,25,246824,29,4029.166547,8058.333214,0
6,25,7,246824,29,8058.333214,4029.166547,0
6,7,29,246824,27,4029.166547,5372.222103,0
6,29,7,246824,27,5372.222103,4029.166547,0
6,8,10,246824,11,4029.166547,5372.222103,0
6,10,8,246824,11,5372.222103,4029.166547,0
6,8,11,246824,8,4029.166547,4029.166547,0
6,11,8,246824,8,4029.166547,4029.166547,0
6,8,23,246824,34,4029.166547,8058.333214,0
6,23,8,246824,34,8058.333214,4029.166547,0
6,8,26,246824,26,4029.166547,8058.333214,0
6,26,8,246824,26,8058.333214,4029.166547,0
6,9,11,246824,9,4029.166547,4029.166547,0
6,11,9,246824,9,4029.166547,4029.166547,0
6,9,12,246824,9,4029.166547,3223.333214,0
6,12,9,246824,9,3223.333214,4029.166547,0
6,9,14,246824,10,4029.166547,4029.166547,0
6,14,9,246824,10,4029.166547,4029.166547,0
6,10,13,246824,11,5372.222103,2302.380833,0
6,13,10,246824,11,2302.380833,5372.222103,0
6,10,21,246824,23,5372.222103,4029.166547,0
6,21,10,246824,23,4029.166547,5372.222103,0
6,11,12,246824,7,4029.166547,3223.333214,0
6,12,11,246824,7,3223.333214,4029.166547,0
6,11,13,246824,8,4029.166547,2302.380833,0
6,13,11,246824,8,2302.380833,4029.166547,0
6,12,13,246824,7,3223.333214,2302.380833,0
6,13,12,246824,7,2302.380833,3223.333214,0
6,13,14,246824,9,2302.380833,4029.166547,0
6,14,13,246824,9,4029.166547,2302.380833,0
6,13,15,246824,28,2302.380833,8058.333214,0
6,15,13,246824,28,8058.333214,2302.380833,0
6,13,16,246824,35,2302.380833,8058.333214,0
6,16,13,246824,35,8058.333214,2302.380833,0
6,13,27,246824,24,2302.380833,8058.333214,0
6,27,13,246824,24,8058.333214,2302.380833,0
6,14,16,246824,35,4029.166547,8058.333214,0
6,16,14,246824,35,8058.333214,4029.166547,0
6,14,17,246824,23,4029.166547,3223.333214,0
6,17,14,246824,23,3223.333214,4029.166547,0
6,15,17,246824,31,8058.333214,3223.333214,0
6,17,15,246824,31,3223.333214,8058.333214,0
6,17,19,246824,28,3223.333214,5372.222103,0
6,19,17,246824,28,5372.222103,3223.333214,0
6,17,23,246824,36,3223.333214,8058.333214,0
6,23,17,246824,36,8058.333214,3223.333214,0
6,17,28,246824,40,3223.333214,8058.333214,0
6,28,17,246824,40,8058.333214,3223.333214,0
6,19,20,246824,45,5372.222103,8058.333214,0
6,20,19,246824,45,8058.333214,5372.222103,0
6,19,21,246824,28,5372.222103,4029.166547,0
6,21,19,246824,28,4029.166547,5372.222103,0
6,20,21,246824,42,8058.333214,4029.166547,0
6,21,20,246824,42,4029.166547,8058.333214,0
6,26,29,246824,35,8058.333214,5372.222103,0
6,29,26,246824,35,5372.222103,8058.333214,0
7,0,1,246824,8,4031.249881,2303.571309,0
7,1,0,246824,8,2303.571309,4031.249881,0
7,0,2,246824,11,4031.249881,3224.999881,0
7,2,0,246824,11,3224.999881,4031.249881,0
7,0,3,246824,7,4031.249881,4031.249881,0
7,3,0,246824,7,4031.249881,4031.249881,0
7,0,25,246824,27,4031.249881,8062.499881,0
7,25,0,246824,27,8062.499881,4031.249881,0
7,1,2,246824,12,2303.571309,3224.999881,0
7,2,1,246824,12,3224.999881,2303.571309,0
7,1,4,246824,11,2303.571309,5374.999881,0
7,4,1,246824,11,5374.999881,2303.571309,0
7,1,18,246824,21,2303.571309,5374.999881,0
7,18,1,246824,21,5374.999881,2303.571309,0
7,1,22,246824,35,2303.571309,8062.499881,0
7,22,1,246824,35,8062.499881,2303.571309,0
7,1,24,246824,37,2303.571309,8062.499881,0
7,24,1,246824,37,8062.499881,2303.571309,0
7,1,28,246824,38,2303.571309,8062.499881,0
7,28,1,246824,38,8062.499881,2303.571309,0
7,2,3,246824,12,3224.999881,4031.249881,0
7,3,2,246824,12,4031.249881,3224.999881,0
7,2,4,246824,13,3224.999881,5374.999881,0
7,4,2,246824,13,5374.999881,3224.999881,0
7,2,29,246824,27,3224.999881,4031.249881,0
7,29,2,246824,27,4031.249881,3224.999881,0
7,3,24,246824,37,4031.249881,8062.499881,0
7,24,3,246824,37,8062.499881,4031.249881,0
7,3,27,246824,24,4031.249881,8062.499881,0
7,27,3,246824,24,8062.499881,4031.249881,0
7,4,7,246824,12,5374.999881,1791.666547,0
7,7,4,246824,12,1791.666547,5374.999881,0
7,5,6,246824,12,8062.499881,4031.249881,0
7,6,5,246824,12,4031.249881,8062.499881,0
7,5,7,246824,11,8062.499881,1791.666547,0
7,7,5,246824,11,1791.666547,8062.499881,0
7,6,7,246824,11,4031.249881,1791.666547,0
7,7,6,246824,11,1791.666547,4031.249881,0
7,6,9,246824,11,4031.249881,4031.249881,0
7,9,6,246824,11,4031.249881,4031.249881,0
7,6,15,246824,29,4031.249881,8062.499881,0
7,15,6,246824,29,8062.499881,4031.249881,0
7,7,8,246824,10,1791.666547,4031.249881,0
7,8,7,246824,10,4031.249881,1791.666547,0
7,7,9,246824,11,1791.666547,4031.249881,0
7,9,7,246824,11,4031.249881,1791.666547,0
7,7,12,246824,8,1791.666547,4031.249881,0
7,12,7,246824,8,4031.249881,1791.666547,0
7,7,18,246824,22,1791.666547,5374.999881,0
7,18,7,246824,22,5374.999881,1791.666547,0
7,7,25,246824,29,1791.666547,8062.499881,0
7,25,7,246824,29,8062.499881,1791.666547,0
7,7,29,246824,27,1791.666547,4031.249881,0
7,29,7,246824,27,4031.249881,1791.666547,0
7,8,9,246824,10,4031.249881,4031.249881,0
7,9,8,246824,10,4031.249881,4031.249881,0
7,8,23,246824,34,4031.249881,8062.499881,0
7,23,8,246824,34,8062.499881,4031.249881,0
7,8,26,246824,26,4031.249881,8062.499881,0
7,26,8,246824,26,8062.499881,4031.249881,0
7,9,12,246824,9,4031.249881,4031.249881,0
7,12,9,246824,9,4031.249881,4031.249881,0
7,10,11,246824,10,5374.999881,4031.249881,0
7,11,10,246824,10,4031.249881,5374.999881,0
7,10,13,246824,11,5374.999881,2687.499881,0
7,13,10,246824,11,2687.499881,5374.999881,0
7,10,21,246824,23,5374.999881,3224.999881,0
7,21,10,246824,23,3224.999881,5374.999881,0
7,11,12,246824,7,4031.249881,4031.249881,0
7,12,11,246824,7,4031.249881,4031.249881,0
7,11,14,246824,8,4031.249881,4031.249881,0
7,14,11,246824,8,4031.249881,4031.249881,0
7,11,21,246824,21,4031.249881,3224.999881,0
7,21,11,246824,21,3224.999881,4031.249881,0
7,12,13,246824,7,4031.249881,2687.499881,0
7,13,12,246824,7,2687.499881,4031.249881,0
7,13,14,246824,9,2687.499881,4031.249881,0
7,14,13,246824,9,4031.249881,2687.499881,0
7,13,15,246824,28,2687.499881,8062.499881,0
7,15,13,246824,28,8062.499881,2687.499881,0
7,13,16,246824,35,2687.499881,8062.499881,0
7,16,13,246824,35,8062.499881,2687.499881,0
7,13,27,246824,24,2687.499881,8062.499881,0
7,27,13,246824,24,8062.499881,2687.499881,0
7,14,16,246824,35,4031.249881,8062.499881,0
7,16,14,246824,35,8062.499881,4031.249881,0
7,14,17,246824,23,4031.249881,5374.999881,0
7,17,14,246824,23,5374.999881,4031.249881,0
7,17,19,246824,28,5374.999881,4031.249881,0
7,19,17,246824,28,4031.249881,5374.999881,0
7,17,28,246824,40,5374.999881,8062.499881,0
7,28,17,246824,40,8062.499881,5374.999881,0
7,18,19,246824,30,5374.999881,4031.249881,0
7,19,18,246824,30,4031.249881,5374.999881,0
7,19,21,246824,28,4031.249881,3224.999881,0
7,21,19,246824,28,3224.999881,4031.249881,0
7,19,22,246824,40,4031.249881,8062.499881,0
7,22,19,246824,40,8062.499881,4031.249881,0
7,20,21,246824,42,8062.499881,3224.999881,0
7,21,20,246824,42,3224.999881,8062.499881,0
7,20,29,246824,46,8062.499881,4031.249881,0
7,29,20,246824,46,4031.249881,8062.499881,0
7,21,23,246824,36,3224.999881,8062.499881,0
7,23,21,246824,36,8062.499881,3224.999881,0
7,26,29,246824,35,8062.499881,4031.249881,0
7,29,26,246824,35,4031.249881,8062.499881,0
8,0,1,246824,8,4031.249881,2687.499881,0
8,1,0,246824,8,2687.499881,4031.249881,0
8,0,2,246824,11,4031.249881,2687.499881,0
8,2,0,246824,11,2687.499881,4031.249881,0
8,0,3,246824,7,4031.249881,2687.499881,0
8,3,0,246824,7,2687.499881,4031.249881,0
8,0,25,246824,27,4031.249881,5374.999881,0
8,25,0,246824,27,5374.999881,4031.249881,0
8,1,2,246824,12,2687.499881,2687.499881,0
8,2,1,246824,12,2687.499881,2687.499881,0
8,1,18,246824,21,2687.499881,5374.999881,0
8,18,1,246824,21,5374.999881,2687.499881,0
8,1,22,246824,35,2687.499881,8062.499881,0
8,22,1,246824,35,8062.499881,2687.499881,0
8,1,24,246824,37,2687.499881,8062.499881,0
8,24,1,246824,37,8062.499881,2687.499881,0
8,1,28,246824,38,2687.499881,8062.499881,0
8,28,1,246824,38,8062.499881,2687.499881,0
8,2,3,246824,12,2687.499881,2687.499881,0
8,3,2,246824,12,2687.499881,2687.499881,0
8,2,5,246824,14,2687.499881,5374.999881,0
8,5,2,246824,14,5374.999881,2687.499881,0
8,2,12,246824,11,2687.499881,4031.249881,0
8,12,2,246824,11,4031.249881,2687.499881,0
8,2,29,246824,27,2687.499881,5374.999881,0
8,29,2,246824,27,5374.999881,2687.499881,0
8,3,4,246824,11,2687.499881,4031.249881,0
8,4,3,246824,11,4031.249881,2687.499881,0
8,3,18,246824,21,2687.499881,5374.999881,0
8,18,3,246824,21,5374.999881,2687.499881,0
8,3,24,246824,37,2687.499881,8062.499881,0
8,24,3,246824,37,8062.499881,2687.499881,0
8,3,27,246824,24,2687.499881,8062.499881,0
8,27,3,246824,24,8062.499881,2687.499881,0
8,4,7,246824,12,4031.249881,2687.499881,0
8,7,4,246824,12,2687.499881,4031.249881,0
8,4,21,246824,23,4031.249881,5374.999881,0
8,21,4,246824,23,5374.999881,4031.249881,0
8,4,28,246824,39,4031.249881,8062.499881,0
8,28,4,246824,39,8062.499881,4031.249881,0
8,5,7,246824,11,5374.999881,2687.499881,0
8,7,5,246824,11,2687.499881,5374.999881,0
8,5,22,246824,37,5374.999881,8062.499881,0
8,22,5,246824,37,8062.499881,5374.999881,0
8,6,7,246824,11,5374.999881,2687.499881,0
8,7,6,246824,11,2687.499881,5374.999881,0
8,6,9,246824,11,5374.999881,3224.999881,0
8,9,6,246824,11,3224.999881,5374.999881,0
8,6,15,246824,29,5374.999881,8062.499881,0
8,15,6,246824,29,8062.499881,5374.999881,0
8,7,8,246824,10,2687.499881,4031.249881,0
8,8,7,246824,10,4031.249881,2687.499881,0
8,7,25,246824,29,2687.499881,5374.999881,0
8,25,7,246824,29,5374.999881,2687.499881,0
8,7,29,246824,27,2687.499881,5374.999881,0
8,29,7,246824,27,5374.999881,2687.499881,0
8,8,10,246824,11,4031.249881,3224.999881,0
8,10,8,246824,11,3224.999881,4031.249881,0
8,8,23,246824,34,4031.249881,8062.499881,0
8,23,8,246824,34,8062.499881,4031.249881,0
8,8,26,246824,26,4031.249881,8062.499881,0
8,26,8,246824,26,8062.499881,4031.249881,0
8,9,10,246824,12,3224.999881,3224.999881,0
8,10,9,246824,12,3224.999881,3224.999881,0
8,9,11,246824,9,3224.999881,3224.999881,0
8,11,9,246824,9,3224.999881,3224.999881,0
8,9,12,246824,9,3224.999881,4031.249881,0
8,12,9,246824,9,4031.249881,3224.999881,0
8,9,14,246824,10,3224.999881,4031.249881,0
8,14,9,246824,10,4031.249881,3224.999881,0
8,10,11,246824,10,3224.999881,3224.999881,0
8,11,10,246824,10,3224.999881,3224.999881,0
8,10,13,246824,11,3224.999881,3224.999881,0
8,13,10,246824,11,3224.999881,3224.999881,0
8,10,21,246824,23,3224.999881,5374.999881,0
8,21,10,246824,23,5374.999881,3224.999881,0
8,11,12,246824,7,3224.999881,4031.249881,0
8,12,11,246824,7,4031.249881,3224.999881,0
8,11,13,246824,8,3224.999881,3224.999881,0
8,13,11,246824,8,3224.999881,3224.999881,0
8,11,14,246824,8,3224.999881,4031.249881,0
8,14,11,246824,8,4031.249881,3224.999881,0
8,12,13,246824,7,4031.249881,3224.999881,0
8,13,12,246824,7,3224.999881,4031.249881,0
8,13,16,246824,35,3224.999881,8062.499881,0
8,16,13,246824,35,8062.499881,3224.999881,0
8,13,27,246824,24,3224.999881,8062.499881,0
8,27,13,246824,24,8062.499881,3224.999881,0
8,14,16,246824,35,4031.249881,8062.499881,0
8,16,14,246824,35,8062.499881,4031.249881,0
8,14,17,246824,23,4031.249881,2687.499881,0
8,17,14,246824,23,2687.499881,4031.249881,0
8,15,17,246824,31,8062.499881,2687.499881,0
8,17,15,246824,31,2687.499881,8062.499881,0
8,17,18,246824,27,2687.499881,5374.999881,0
8,18,17,246824,27,5374.999881,2687.499881,0
8,17,19,246824,28,2687.499881,8062.499881,0
8,19,17,246824,28,8062.499881,2687.499881,0
8,17,20,246824,42,2687.499881,8062.499881,0
8,20,17,246824,42,8062.499881,2687.499881,0
8,17,23,246824,36,2687.499881,8062.499881,0
8,23,17,246824,36,8062.499881,2687.499881,0
8,19,21,246824,28,8062.499881,5374.999881,0
8,21,19,246824,28,5374.999881,8062.499881,0
8,20,29,246824,46,8062.499881,5374.999881,0
8,29,20,246824,46,5374.999881,8062.499881,0
8,25,26,246824,37,5374.999881,8062.499881,0
8,26,25,246824,37,8062.499881,5374.999881,0
9,0,1,246824,8,5372.222103,2686.110992,0
9,1,0,246824,8,2686.110992,5372.222103,0
9,0,3,246824,7,5372.222103,4029.166547,0
9,3,0,246824,7,4029.166547,5372.222103,0
9,0,25,246824,27,5372.222103,5372.222103,0
9,25,0,246824,27,5372.222103,5372.222103,0
9,1,2,246824,12,2686.110992,4029.166547,0
9,2,1,246824,12,4029.166547,2686.110992,0
9,1,4,246824,11,2686.110992,8058.333214,0
9,4,1,246824,11,8058.333214,2686.110992,0
9,1,22,246824,35,2686.110992,8058.333214,0
9,22,1,246824,35,8058.333214,2686.110992,0
9,1,24,246824,37,2686.110992,8058.333214,0
9,24,1,246824,37,8058.333214,2686.110992,0
9,1,28,246824,38,2686.110992,8058.333214,0
9,28,1,246824,38,8058.333214,2686.110992,0
9,2,3,246824,12,4029.166547,4029.166547,0
9,3,2,246824,12,4029.166547,4029.166547,0
9,2,5,246824,14,4029.166547,5372.222103,0
9,5,2,246824,14,5372.222103,4029.166547,0
9,2,29,246824,27,4029.166547,8058.333214,0
9,29,2,246824,27,8058.333214,4029.166547,0
9,3,24,246824,37,4029.166547,8058.333214,0
9,24,3,246824,37,8058.333214,4029.166547,0
9,3,27,246824,24,4029.166547,8058.333214,0
9,27,3,246824,24,8058.333214,4029.166547,0
9,4,5,246824,13,8058.333214,5372.222103,0
9,5,4,246824,13,5372.222103,8058.333214,0
9,5,6,246824,12,5372.222103,8058.333214,0
9,6,5,246824,12,8058.333214,5372.222103,0
9,6,9,246824,11,8058.333214,3223.333214,0
9,9,6,246824,11,3223.333214,8058.333214,0
9,7,9,246824,11,3223.333214,3223.333214,0
9,9,7,246824,11,3223.333214,3223.333214,0
9,7,12,246824,8,3223.333214,4029.166547,0
9,12,7,246824,8,4029.166547,3223.333214,0
9,7,18,246824,22,3223.333214,2686.110992,0
9,18,7,246824,22,2686.110992,3223.333214,0
9,7,25,246824,29,3223.333214,5372.222103,0
9,25,7,246824,29,5372.222103,3223.333214,0
9,7,29,246824,27,3223.333214,8058.333214,0
9,29,7,246824,27,8058.333214,3223.333214,0
9,8,9,246824,10,2686.110992,3223.333214,0
9,9,8,246824,10,3223.333214,2686.110992,0
9,8,10,246824,11,2686.110992,5372.222103,0
9,10,8,246824,11,5372.222103,2686.110992,0
9,8,11,246824,8,2686.110992,5372.222103,0
9,11,8,246824,8,5372.222103,2686.110992,0
9,8,18,246824,21,2686.110992,2686.110992,0
9,18,8,246824,21,2686.110992,2686.110992,0
9,8,23,246824,34,2686.110992,8058.333214,0
9,23,8,246824,34,8058.333214,2686.110992,0
9,8,26,246824,26,2686.110992,8058.333214,0
9,26,8,246824,26,8058.333214,2686.110992,0
9,9,12,246824,9,3223.333214,4029.166547,0
9,12,9,246824,9,4029.166547,3223.333214,0
9,9,14,246824,10,3223.333214,8058.333214,0
9,14,9,246824,10,8058.333214,3223.333214,0
9,10,13,246824,11,5372.222103,2686.110992,0
9,13,10,246824,11,2686.110992,5372.222103,0
9,10,21,246824,23,5372.222103,3223.333214,0
9,21,10,246824,23,3223.333214,5372.222103,0
9,11,12,246824,7,5372.222103,4029.166547,0
9,12,11,246824,7,4029.166547,5372.222103,0
9,11,21,246824,21,5372.222103,3223.333214,0
9,21,11,246824,21,3223.333214,5372.222103,0
9,12,13,246824,7,4029.166547,2686.110992,0
9,13,12,246824,7,2686.110992,4029.166547,0
9,13,14,246824,9,2686.110992,8058.333214,0
9,14,13,246824,9,8058.333214,2686.110992,0
9,13,15,246824,28,2686.110992,8058.333214,0
9,15,13,246824,28,8058.333214,2686.110992,0
9,13,16,246824,35,2686.110992,8058.333214,0
9,16,13,246824,35,8058.333214,2686.110992,0
9,13,27,246824,24,2686.110992,8058.333214,0
9,27,13,246824,24,8058.333214,2686.110992,0
9,15,18,246824,32,8058.333214,2686.110992,0
9,18,15,246824,32,2686.110992,8058.333214,0
9,16,18,246824,39,8058.333214,2686.110992,0
9,18,16,246824,39,2686.110992,8058.333214,0
9,17,18,246824,27,5372.222103,2686.110992,0
9,18,17,246824,27,2686.110992,5372.222103,0
9,17,19,246824,28,5372.222103,3223.333214,0
9,19,17,246824,28,3223.333214,5372.222103,0
9,17,28,246824,40,5372.222103,8058.333214,0
9,28,17,246824,40,8058.333214,5372.222103,0
9,18,19,246824,30,2686.110992,3223.333214,0
9,19,18,246824,30,3223.333214,2686.110992,0
9,19,20,246824,45,3223.333214,8058.333214,0
9,20,19,246824,45,8058.333214,3223.333214,0
9,19,21,246824,28,3223.333214,3223.333214,0
9,21,19,246824,28,3223.333214,3223.333214,0
9,19,22,246824,40,3223.333214,8058.333214,0
9,22,19,246824,40,8058.333214,3223.333214,0
9,20,21,246824,42,8058.333214,3223.333214,0
9,21,20,246824,42,3223.333214,8058.333214,0
9,21,23,246824,36,3223.333214,8058.333214,0
9,23,21,246824,36,8058.333214,3223.333214,0
9,25,26,246824,37,5372.222103,8058.333214,0
9,26,25,246824,37,8058.333214,5372.222103,0
10,0,1,246824,8,4022.916548,2681.944325,0
10,1,0,246824,8,2681.944325,4022.916548,0
10,0,2,246824,11,4022.916548,2681.944325,0
10,2,0,246824,11,2681.944325,4022.916548,0
10,0,3,246824,7,4022.916548,3218.333214,0
10,3,0,246824,7,3218.333214,4022.916548,0
10,0,25,246824,27,4022.916548,5363.888770,0
10,25,0,246824,27,5363.888770,4022.916548,0
10,1,2,246824,12,2681.944325,2681.944325,0
10,2,1,246824,12,2681.944325,2681.944325,0
10,1,18,246824,21,2681.944325,5363.888770,0
10,18,1,246824,21,5363.888770,2681.944325,0
10,1,22,246824,35,2681.944325,8045.833214,0
10,22,1,246824,35,8045.833214,2681.944325,0
10,1,24,246824,37,2681.944325,8045.833214,0
10,24,1,246824,37,8045.833214,2681.944325,0
10,1,28,246824,38,2681.944325,8045.833214,0
10,28,1,246824,38,8045.833214,2681.944325,0
10,2,3,246824,12,2681.944325,3218.333214,0
10,3,2,246824,12,3218.333214,2681.944325,0
10,2,4,246824,13,2681.944325,4022.916548,0
10,4,2,246824,13,4022.916548,2681.944325,0
10,2,12,246824,11,2681.944325,5363.888770,0
10,12,2,246824,11,5363.888770,2681.944325,0
10,2,29,246824,27,2681.944325,8045.833214,0
10,29,2,246824,27,8045.833214,2681.944325,0
10,3,18,246824,21,3218.333214,5363.888770,0
10,18,3,246824,21,5363.888770,3218.333214,0
10,3,24,246824,37,3218.333214,8045.833214,0
10,24,3,246824,37,8045.833214,3218.333214,0
10,3,27,246824,24,3218.333214,8045.833214,0
10,27,3,246824,24,8045.833214,3218.333214,0
10,4,7,246824,12,4022.916548,3218.333214,0
10,7,4,246824,12,3218.333214,4022.916548,0
10,4,21,246824,23,4022.916548,4022.916548,0
10,21,4,246824,23,4022.916548,4022.916548,0
10,4,28,246824,39,4022.916548,8045.833214,0
10,28,4,246824,39,8045.833214,4022.916548,0
10,5,6,246824,12,5363.888770,8045.833214,0
10,6,5,246824,12,8045.833214,5363.888770,0
10,5,7,246824,11,5363.888770,3218.333214,0
10,7,5,246824,11,3218.333214,5363.888770,0
10,5,22,246824,37,5363.888770,8045.833214,0
10,22,5,246824,37,8045.833214,5363.888770,0
10,6,9,246824,11,8045.833214,5363.888770,0
10,9,6,246824,11,5363.888770,8045.833214,0
10,7,8,246824,10,3218.333214,3218.333214,0
10,8,7,246824,10,3218.333214,3218.333214,0
10,7,25,246824,29,3218.333214,5363.888770,0
10,25,7,246824,29,5363.888770,3218.333214,0
10,7,29,246824,27,3218.333214,8045.833214,0
10,29,7,246824,27,8045.833214,3218.333214,0
10,8,10,246824,11,3218.333214,5363.888770,0
10,10,8,246824,11,5363.888770,3218.333214,0
10,8,11,246824,8,3218.333214,2298.809405,0
10,11,8,246824,8,2298.809405,3218.333214,0
10,8,23,246824,34,3218.333214,8045.833214,0
10,23,8,246824,34,8045.833214,3218.333214,0
10,8,26,246824,26,3218.333214,8045.833214,0
10,26,8,246824,26,8045.833214,3218.333214,0
10,9,11,246824,9,5363.888770,2298.809405,0
10,11,9,246824,9,2298.809405,5363.888770,0
10,9,14,246824,10,5363.888770,3218.333214,0
10,14,9,246824,10,3218.333214,5363.888770,0
10,10,11,246824,10,5363.888770,2298.809405,0
10,11,10,246824,10,2298.809405,5363.888770,0
10,10,13,246824,11,5363.888770,2298.809405,0
10,13,10,246824,11,2298.809405,5363.888770,0
10,11,12,246824,7,2298.809405,5363.888770,0
10,12,11,246824,7,5363.888770,2298.809405,0
10,11,13,246824,8,2298.809405,2298.809405,0
10,13,11,246824,8,2298.809405,2298.809405,0
10,11,14,246824,8,2298.809405,3218.333214,0
10,14,11,246824,8,3218.333214,2298.809405,0
10,11,21,246824,21,2298.809405,4022.916548,0
10,21,11,246824,21,4022.916548,2298.809405,0
10,12,13,246824,7,5363.888770,2298.809405,0
10,13,12,246824,7,2298.809405,5363.888770,0
10,13,14,246824,9,2298.809405,3218.333214,0
10,14,13,246824,9,3218.333214,2298.809405,0
10,13,15,246824,28,2298.809405,8045.833214,0
10,15,13,246824,28,8045.833214,2298.809405,0
10,13,16,246824,35,2298.809405,8045.833214,0
10,16,13,246824,35,8045.833214,2298.809405,0
10,13,27,246824,24,2298.809405,8045.833214,0
10,27,13,246824,24,8045.833214,2298.809405,0
10,14,16,246824,35,3218.333214,8045.833214,0
10,16,14,246824,35,8045.833214,3218.333214,0
10,14,17,246824,23,3218.333214,2681.944325,0
10,17,14,246824,23,2681.944325,3218.333214,0
10,15,17,246824,31,8045.833214,2681.944325,0
10,17,15,246824,31,2681.944325,8045.833214,0
10,17,18,246824,27,2681.944325,5363.888770,0
10,18,17,246824,27,5363.888770,2681.944325,0
10,17,19,246824,28,2681.944325,8045.833214,0
10,19,17,246824,28,8045.833214,2681.944325,0
10,17,20,246824,42,2681.944325,8045.833214,0
10,20,17,246824,42,8045.833214,2681.944325,0
10,17,23,246824,36,2681.944325,8045.833214,0
10,23,17,246824,36,8045.833214,2681.944325,0
10,19,21,246824,28,8045.833214,4022.916548,0
10,21,19,246824,28,4022.916548,8045.833214,0
10,20,21,246824,42,8045.833214,4022.916548,0
10,21,20,246824,42,4022.916548,8045.833214,0
10,25,26,246824,37,5363.888770,8045.833214,0
10,26,25,246824,37,8045.833214,5363.888770,0
11,0,1,246824,8,4031.249881,2687.499881,0
11,1,0,246824,8,2687.499881,4031.249881,0
11,0,2,246824,11,4031.249881,4031.249881,0
11,2,0,246824,11,4031.249881,4031.249881,0
11,0,3,246824,7,4031.249881,4031.249881,0
11,3,0,246824,7,4031.249881,4031.249881,0
11,0,25,246824,27,4031.249881,8062.499881,0
11,25,0,246824,27,8062.499881,4031.249881,0
11,1,2,246824,12,2687.499881,4031.249881,0
11,2,1,246824,12,4031.249881,2687.499881,0
11,1,4,246824,11,2687.499881,4031.249881,0
11,4,1,246824,11,4031.249881,2687.499881,0
11,1,22,246824,35,2687.499881,8062.499881,0
11,22,1,246824,35,8062.499881,2687.499881,0
11,1,24,246824,37,2687.499881,8062.499881,0
11,24,1,246824,37,8062.499881,2687.499881,0
11,1,28,246824,38,2687.499881,8062.499881,0
11,28,1,246824,38,8062.499881,2687.499881,0
11,2,5,246824,14,4031.249881,8062.499881,0
11,5,2,246824,14,8062.499881,4031.249881,0
11,2,29,246824,27,4031.249881,4031.249881,0
11,29,2,246824,27,4031.249881,4031.249881,0
11,3,4,246824,11,4031.249881,4031.249881,0
11,4,3,246824,11,4031.249881,4031.249881,0
11,3,24,246824,37,4031.249881,8062.499881,0
11,24,3,246824,37,8062.499881,4031.249881,0
11,3,27,246824,24,4031.249881,8062.499881,0
11,27,3,246824,24,8062.499881,4031.249881,0
11,4,5,246824,13,4031.249881,8062.499881,0
11,5,4,246824,13,8062.499881,4031.249881,0
11,4,21,246824,23,4031.249881,3224.999881,0
11,21,4,246824,23,3224.999881,4031.249881,0
11,6,7,246824,11,5374.999881,2303.571309,0
11,7,6,246824,11,2303.571309,5374.999881,0
11,6,9,246824,11,5374.999881,2303.571309,0
11,9,6,246824,11,2303.571309,5374.999881,0
11,6,15,246824,29,5374.999881,8062.499881,0
11,15,6,246824,29,8062.499881,5374.999881,0
11,7,8,246824,10,2303.571309,2303.571309,0
11,8,7,246824,10,2303.571309,2303.571309,0
11,7,9,246824,11,2303.571309,2303.571309,0
11,9,7,246824,11,2303.571309,2303.571309,0
11,7,12,246824,8,2303.571309,5374.999881,0
11,12,7,246824,8,5374.999881,2303.571309,0
11,7,18,246824,22,2303.571309,5374.999881,0
11,18,7,246824,22,5374.999881,2303.571309,0
11,7,25,246824,29,2303.571309,8062.499881,0
11,25,7,246824,29,8062.499881,2303.571309,0
11,7,29,246824,27,2303.571309,4031.249881,0
11,29,7,246824,27,4031.249881,2303.571309,0
11,8,9,246824,10,2303.571309,2303.571309,0
11,9,8,246824,10,2303.571309,2303.571309,0
11,8,10,246824,11,2303.571309,5374.999881,0
11,10,8,246824,11,5374.999881,2303.571309,0
11,8,11,246824,8,2303.571309,4031.249881,0
11,11,8,246824,8,4031.249881,2303.571309,0
11,8,18,246824,21,2303.571309,5374.999881,0
11,18,8,246824,21,5374.999881,2303.571309,0
11,8,23,246824,34,2303.571309,8062.499881,0
11,23,8,246824,34,8062.499881,2303.571309,0
11,8,26,246824,26,2303.571309,8062.499881,0
11,26,8,246824,26,8062.499881,2303.571309,0
11,9,10,246824,12,2303.571309,5374.999881,0
11,10,9,246824,12,5374.999881,2303.571309,0
11,9,11,246824,9,2303.571309,4031.249881,0
11,11,9,246824,9,4031.249881,2303.571309,0
11,9,12,246824,9,2303.571309,5374.999881,0
11,12,9,246824,9,5374.999881,2303.571309,0
11,9,14,246824,10,2303.571309,4031.249881,0
11,14,9,246824,10,4031.249881,2303.571309,0
11,10,21,246824,23,5374.999881,3224.999881,0
11,21,10,246824,23,3224.999881,5374.999881,0
11,11,13,246824,8,4031.249881,3224.999881,0
11,13,11,246824,8,3224.999881,4031.249881,0
11,11,14,246824,8,4031.249881,4031.249881,0
11,14,11,246824,8,4031.249881,4031.249881,0
11,12,13,246824,7,5374.999881,3224.999881,0
11,13,12,246824,7,3224.999881,5374.999881,0
11,13,15,246824,28,3224.999881,8062.499881,0
11,15,13,246824,28,8062.499881,3224.999881,0
11,13,16,246824,35,3224.999881,8062.499881,0
11,16,13,246824,35,8062.499881,3224.999881,0
11,13,27,246824,24,3224.999881,8062.499881,0
11,27,13,246824,24,8062.499881,3224.999881,0
11,14,16,246824,35,4031.249881,8062.499881,0
11,16,14,246824,35,8062.499881,4031.249881,0
11,14,17,246824,23,4031.249881,4031.249881,0
11,17,14,246824,23,4031.249881,4031.249881,0
11,17,18,246824,27,4031.249881,5374.999881,0
11,18,17,246824,27,5374.999881,4031.249881,0
11,17,19,246824,28,4031.249881,5374.999881,0
11,19,17,246824,28,5374.999881,4031.249881,0
11,17,28,246824,40,4031.249881,8062.499881,0
11,28,17,246824,40,8062.499881,4031.249881,0
11,19,21,246824,28,5374.999881,3224.999881,0
11,21,19,246824,28,3224.999881,5374.999881,0
11,19,22,246824,40,5374.999881,8062.499881,0
11,22,19,246824,40,8062.499881,5374.999881,0
11,20,21,246824,42,8062.499881,3224.999881,0
11,21,20,246824,42,3224.999881,8062.499881,0
11,20,29,246824,46,8062.499881,4031.249881,0
11,29,20,246824,46,4031.249881,8062.499881,0
11,21,23,246824,36,3224.999881,8062.499881,0
11,23,21,246824,36,8062.499881,3224.999881,0
11,26,29,246824,35,8062.499881,4031.249881,0
11,29,26,246824,35,4031.249881,8062.499881,0
12,0,1,246824,8,4029.166547,2686.110992,0
12,1,0,246824,8,2686.110992,4029.166547,0
12,0,2,246824,11,4029.166547,2686.110992,0
12,2,0,246824,11,2686.110992,4029.166547,0
12,0,3,246824,7,4029.166547,2686.110992,0
12,3,0,246824,7,2686.110992,4029.166547,0
12,0,25,246824,27,4029.166547,8058.333214,0
12,25,0,246824,27,8058.333214,4029.166547,0
12,1,2,246824,12,2686.110992,2686.110992,0
12,2,1,246824,12,2686.110992,2686.110992,0
12,1,18,246824,21,2686.110992,4029.166547,0
12,18,1,246824,21,4029.166547,2686.110992,0
12,1,22,246824,35,2686.110992,8058.333214,0
12,22,1,246824,35,8058.333214,2686.110992,0
12,1,24,246824,37,2686.110992,8058.333214,0
12,24,1,246824,37,8058.333214,2686.110992,0
12,1,28,246824,38,2686.110992,8058.333214,0
12,28,1,246824,38,8058.333214,2686.110992,0
12,2,3,246824,12,2686.110992,2686.110992,0
12,3,2,246824,12,2686.110992,2686.110992,0
12,2,5,246824,14,2686.110992,4029.166547,0
12,5,2,246824,14,4029.166547,2686.110992,0
12,2,12,246824,11,2686.110992,3223.333214,0
12,12,2,246824,11,3223.333214,2686.110992,0
12,2,29,246824,27,2686.110992,5372.222103,0
12,29,2,246824,27,5372.222103,2686.110992,0
12,3,4,246824,11,2686.110992,4029.166547,0
12,4,3,246824,11,4029.166547,2686.110992,0
12,3,18,246824,21,2686.110992,4029.166547,0
12,18,3,246824,21,4029.166547,2686.110992,0
12,3,24,246824,37,2686.110992,8058.333214,0
12,24,3,246824,37,8058.333214,2686.110992,0
12,3,27,246824,24,2686.110992,8058.333214,0
12,27,3,246824,24,8058.333214,2686.110992,0
12,4,5,246824,13,4029.166547,4029.166547,0
12,5,4,246824,13,4029.166547,4029.166547,0
12,4,7,246824,12,4029.166547,2014.583214,0
12,7,4,246824,12,2014.583214,4029.166547,0
12,4,28,246824,39,4029.166547,8058.333214,0
12,28,4,246824,39,8058.333214,4029.166547,0
12,5,7,246824,11,4029.166547,2014.583214,0
12,7,5,246824,11,2014.583214,4029.166547,0
12,5,22,246824,37,4029.166547,8058.333214,0
12,22,5,246824,37,8058.333214,4029.166547,0
12,6,7,246824,11,8058.333214,2014.583214,0
12,7,6,246824,11,2014.583214,8058.333214,0
12,6,9,246824,11,8058.333214,5372.222103,0
12,9,6,246824,11,5372.222103,8058.333214,0
12,7,8,246824,10,2014.583214,4029.166547,0
12,8,7,246824,10,4029.166547,2014.583214,0
12,7,9,246824,11,2014.583214,5372.222103,0
12,9,7,246824,11,5372.222103,2014.583214,0
12,7,12,246824,8,2014.583214,3223.333214,0
12,12,7,246824,8,3223.333214,2014.583214,0
12,7,25,246824,29,2014.583214,8058.333214,0
12,25,7,246824,29,8058.333214,2014.583214,0
12,7,29,246824,27,2014.583214,5372.222103,0
12,29,7,246824,27,5372.222103,2014.583214,0
12,8,10,246824,11,4029.166547,5372.222103,0
12,10,8,246824,11,5372.222103,4029.166547,0
12,8,23,246824,34,4029.166547,8058.333214,0
12,23,8,246824,34,8058.333214,4029.166547,0
12,8,26,246824,26,4029.166547,8058.333214,0
12,26,8,246824,26,8058.333214,4029.166547,0
12,9,12,246824,9,5372.222103,3223.333214,0
12,12,9,246824,9,3223.333214,5372.222103,0
12,10,13,246824,11,5372.222103,2302.380833,0
12,13,10,246824,11,2302.380833,5372.222103,0
12,10,21,246824,23,5372.222103,8058.333214,0
12,21,10,246824,23,8058.333214,5372.222103,0
12,11,12,246824,7,4029.166547,3223.333214,0
12,12,11,246824,7,3223.333214,4029.166547,0
12,11,13,246824,8,4029.166547,2302.380833,0
12,13,11,246824,8,2302.380833,4029.166547,0
12,11,14,246824,8,4029.166547,4029.166547,0
12,14,11,246824,8,4029.166547,4029.166547,0
12,11,21,246824,21,4029.166547,8058.333214,0
12,21,11,246824,21,8058.333214,4029.166547,0
12,12,13,246824,7,3223.333214,2302.380833,0
12,13,12,246824,7,2302.380833,3223.333214,0
12,13,14,246824,9,2302.380833,4029.166547,0
12,14,13,246824,9,4029.166547,2302.380833,0
12,13,15,246824,28,2302.380833,8058.333214,0
12,15,13,246824,28,8058.333214,2302.380833,0
12,13,16,246824,35,2302.380833,8058.333214,0
12,16,13,246824,35,8058.333214,2302.380833,0
12,13,27,246824,24,2302.380833,8058.333214,0
12,27,13,246824,24,8058.333214,2302.380833,0
12,14,16,246824,35,4029.166547,8058.333214,0
12,16,14,246824,35,8058.333214,4029.166547,0
12,14,17,246824,23,4029.166547,4029.166547,0
12,17,14,246824,23,4029.166547,4029.166547,0
12,15,18,246824,32,8058.333214,4029.166547,0
12,18,15,246824,32,4029.166547,8058.333214,0
12,17,19,246824,28,4029.166547,5372.222103,0
12,19,17,246824,28,5372.222103,4029.166547,0
12,17,20,246824,42,4029.166547,8058.333214,0
12,20,17,246824,42,8058.333214,4029.166547,0
12,17,23,246824,36,4029.166547,8058.333214,0
12,23,17,246824,36,8058.333214,4029.166547,0
12,18,19,246824,30,4029.166547,5372.222103,0
12,19,18,246824,30,5372.222103,4029.166547,0
12,19,20,246824,45,5372.222103,8058.333214,0
12,20,19,246824,45,8058.333214,5372.222103,0
12,26,29,246824,35,8058.333214,5372.222103,0
12,29,26,246824,35,5372.222103,8058.333214,0
13,0,1,246824,8,4031.249881,3224.999881,0
13,1,0,246824,8,3224.999881,4031.249881,0
13,0,2,246824,11,4031.249881,3224.999881,0
13,2,0,246824,11,3224.999881,4031.249881,0
13,0,3,246824,7,4031.249881,4031.249881,0
13,3,0,246824,7,4031.249881,4031.249881,0
13,0,25,246824,27,4031.249881,5374.999881,0
13,25,0,246824,27,5374.999881,4031.249881,0
13,1,2,246824,12,3224.999881,3224.999881,0
13,2,1,246824,12,3224.999881,3224.999881,0
13,1,4,246824,11,3224.999881,2303.571309,0
13,4,1,246824,11,2303.571309,3224.999881,0
13,1,22,246824,35,3224.999881,8062.499881,0
13,22,1,246824,35,8062.499881,3224.999881,0
13,1,24,246824,37,3224.999881,8062.499881,0
13,24,1,246824,37,8062.499881,3224.999881,0
13,2,3,246824,12,3224.999881,4031.249881,0
13,3,2,246824,12,4031.249881,3224.999881,0
13,2,4,246824,13,3224.999881,2303.571309,0
13,4,2,246824,13,2303.571309,3224.999881,0
13,2,29,246824,27,3224.999881,5374.999881,0
13,29,2,246824,27,5374.999881,3224.999881,0
13,3,4,246824,11,4031.249881,2303.571309,0
13,4,3,246824,11,2303.571309,4031.249881,0
13,3,27,246824,24,4031.249881,8062.499881,0
13,27,3,246824,24,8062.499881,4031.249881,0
13,4,5,246824,13,2303.571309,5374.999881,0
13,5,4,246824,13,5374.999881,2303.571309,0
13,4,7,246824,12,2303.571309,3224.999881,0
13,7,4,246824,12,3224.999881,2303.571309,0
13,4,21,246824,23,2303.571309,5374.999881,0
13,21,4,246824,23,5374.999881,2303.571309,0
13,4,28,246824,39,2303.571309,8062.499881,0
13,28,4,246824,39,8062.499881,2303.571309,0
13,5,6,246824,12,5374.999881,5374.999881,0
13,6,5,246824,12,5374.999881,5374.999881,0
13,5,7,246824,11,5374.999881,3224.999881,0
13,7,5,246824,11,3224.999881,5374.999881,0
13,6,9,246824,11,5374.999881,3224.999881,0
13,9,6,246824,11,3224.999881,5374.999881,0
13,6,15,246824,29,5374.999881,8062.499881,0
13,15,6,246824,29,8062.499881,5374.999881,0
13,7,18,246824,22,3224.999881,5374.999881,0
13,18,7,246824,22,5374.999881,3224.999881,0
13,7,25,246824,29,3224.999881,5374.999881,0
13,25,7,246824,29,5374.999881,3224.999881,0
13,7,29,246824,27,3224.999881,5374.999881,0
13,29,7,246824,27,5374.999881,3224.999881,0
13,8,9,246824,10,3224.999881,3224.999881,0
13,9,8,246824,10,3224.999881,3224.999881,0
13,8,11,246824,8,3224.999881,4031.249881,0
13,11,8,246824,8,4031.249881,3224.999881,0
13,8,18,246824,21,3224.999881,5374.999881,0
13,18,8,246824,21,5374.999881,3224.999881,0
13,8,23,246824,34,3224.999881,8062.499881,0
13,23,8,246824,34,8062.499881,3224.999881,0
13,8,26,246824,26,3224.999881,5374.999881,0
13,26,8,246824,26,5374.999881,3224.999881,0
13,9,10,246824,12,3224.999881,8062.499881,0
13,10,9,246824,12,8062.499881,3224.999881,0
13,9,12,246824,9,3224.999881,8062.499881,0
13,12,9,246824,9,8062.499881,3224.999881,0
13,9,14,246824,10,3224.999881,3224.999881,0
13,14,9,246824,10,3224.999881,3224.999881,0
13,10,13,246824,11,8062.499881,2303.571309,0
13,13,10,246824,11,2303.571309,8062.499881,0
13,11,13,246824,8,4031.249881,2303.571309,0
13,13,11,246824,8,2303.571309,4031.249881,0
13,11,14,246824,8,4031.249881,3224.999881,0
13,14,11,246824,8,3224.999881,4031.249881,0
13,11,21,246824,21,4031.249881,5374.999881,0
13,21,11,246824,21,5374.999881,4031.249881,0
13,12,13,246824,7,8062.499881,2303.571309,0
13,13,12,246824,7,2303.571309,8062.499881,0
13,13,14,246824,9,2303.571309,3224.999881,0
13,14,13,246824,9,3224.999881,2303.571309,0
13,13,15,246824,28,2303.571309,8062.499881,0
13,15,13,246824,28,8062.499881,2303.571309,0
13,13,16,246824,35,2303.571309,8062.499881,0
13,16,13,246824,35,8062.499881,2303.571309,0
13,13,27,246824,24,2303.571309,8062.499881,0
13,27,13,246824,24,8062.499881,2303.571309,0
13,14,16,246824,35,3224.999881,8062.499881,0
13,16,14,246824,35,8062.499881,3224.999881,0
13,14,17,246824,23,3224.999881,2687.499881,0
13,17,14,246824,23,2687.499881,3224.999881,0
13,17,18,246824,27,2687.499881,5374.999881,0
13,18,17,246824,27,5374.999881,2687.499881,0
13,17,19,246824,28,2687.499881,5374.999881,0
13,19,17,246824,28,5374.999881,2687.499881,0
13,17,20,246824,42,2687.499881,8062.499881,0
13,20,17,246824,42,8062.499881,2687.499881,0
13,17,23,246824,36,2687.499881,8062.499881,0
13,23,17,246824,36,8062.499881,2687.499881,0
13,17,28,246824,40,2687.499881,8062.499881,0
13,28,17,246824,40,8062.499881,2687.499881,0
13,19,21,246824,28,5374.999881,5374.999881,0
13,21,19,246824,28,5374.999881,5374.999881,0
13,19,22,246824,40,5374.999881,8062.499881,0
13,22,19,246824,40,8062.499881,5374.999881,0
13,20,29,246824,46,8062.499881,5374.999881,0
13,29,20,246824,46,5374.999881,8062.499881,0
13,24,26,246824,46,8062.499881,5374.999881,0
13,26,24,246824,46,5374.999881,8062.499881,0
13,25,26,246824,37,5374.999881,5374.999881,0
13,26,25,246824,37,5374.999881,5374.999881,0
14,0,1,246824,8,4031.249881,2687.499881,0
14,1,0,246824,8,2687.499881,4031.249881,0
14,0,2,246824,11,4031.249881,2303.571309,0
14,2,0,246824,11,2303.571309,4031.249881,0
14,0,3,246824,7,4031.249881,3224.999881,0
14,3,0,246824,7,3224.999881,4031.249881,0
14,0,25,246824,27,4031.249881,8062.499881,0
14,25,0,246824,27,8062.499881,4031.249881,0
14,1,2,246824,12,2687.499881,2303.571309,0
14,2,1,246824,12,2303.571309,2687.499881,0
14,1,18,246824,21,2687.499881,3224.999881,0
14,18,1,246824,21,3224.999881,2687.499881,0
14,1,22,246824,35,2687.499881,8062.499881,0
14,22,1,246824,35,8062.499881,2687.499881,0
14,1,24,246824,37,2687.499881,8062.499881,0
14,24,1,246824,37,8062.499881,2687.499881,0
14,1,28,246824,38,2687.499881,8062.499881,0
14,28,1,246824,38,8062.499881,2687.499881,0
14,2,3,246824,12,2303.571309,3224.999881,0
14,3,2,246824,12,3224.999881,2303.571309,0
14,2,4,246824,13,2303.571309,5374.999881,0
14,4,2,246824,13,5374.999881,2303.571309,0
14,2,5,246824,14,2303.571309,5374.999881,0
14,5,2,246824,14,5374.999881,2303.571309,0
14,2,12,246824,11,2303.571309,3224.999881,0
14,12,2,246824,11,3224.999881,2303.571309,0
14,2,29,246824,27,2303.571309,4031.249881,0
14,29,2,246824,27,4031.249881,2303.571309,0
14,3,18,246824,21,3224.999881,3224.999881,0
14,18,3,246824,21,3224.999881,3224.999881,0
14,3,24,246824,37,3224.999881,8062.499881,0
14,24,3,246824,37,8062.499881,3224.999881,0
14,3,27,246824,24,3224.999881,8062.499881,0
14,27,3,246824,24,8062.499881,3224.999881,0
14,4,7,246824,12,5374.999881,2015.624881,0
14,7,4,246824,12,2015.624881,5374.999881,0
14,4,28,246824,39,5374.999881,8062.499881,0
14,28,4,246824,39,8062.499881,5374.999881,0
14,5,7,246824,11,5374.999881,2015.624881,0
14,7,5,246824,11,2015.624881,5374.999881,0
14,5,22,246824,37,5374.999881,8062.499881,0
14,22,5,246824,37,8062.499881,5374.999881,0
14,6,7,246824,11,8062.499881,2015.624881,0
14,7,6,246824,11,2015.624881,8062.499881,0
14,6,9,246824,11,8062.499881,4031.249881,0
14,9,6,246824,11,4031.249881,8062.499881,0
14,7,8,246824,10,2015.624881,4031.249881,0
14,8,7,246824,10,4031.249881,2015.624881,0
14,7,9,246824,11,2015.624881,4031.249881,0
14,9,7,246824,11,4031.249881,2015.624881,0
14,7,12,246824,8,2015.624881,3224.999881,0
14,12,7,246824,8,3224.999881,2015.624881,0
14,7,25,246824,29,2015.624881,8062.499881,0
14,25,7,246824,29,8062.499881,2015.624881,0
14,7,29,246824,27,2015.624881,4031.249881,0
14,29,7,246824,27,4031.249881,2015.624881,0
14,8,11,246824,8,4031.249881,3224.999881,0
14,11,8,246824,8,3224.999881,4031.249881,0
14,8,23,246824,34,4031.249881,8062.499881,0
14,23,8,246824,34,8062.499881,4031.249881,0
14,8,26,246824,26,4031.249881,8062.499881,0
14,26,8,246824,26,8062.499881,4031.249881,0
14,9,12,246824,9,4031.249881,3224.999881,0
14,12,9,246824,9,3224.999881,4031.249881,0
14,9,14,246824,10,4031.249881,5374.999881,0
14,14,9,246824,10,5374.999881,4031.249881,0
14,10,11,246824,10,5374.999881,3224.999881,0
14,11,10,246824,10,3224.999881,5374.999881,0
14,10,13,246824,11,5374.999881,2303.571309,0
14,13,10,246824,11,2303.571309,5374.999881,0
14,10,21,246824,23,5374.999881,3224.999881,0
14,21,10,246824,23,3224.999881,5374.999881,0
14,11,12,246824,7,3224.999881,3224.999881,0
14,12,11,246824,7,3224.999881,3224.999881,0
14,11,13,246824,8,3224.999881,2303.571309,0
14,13,11,246824,8,2303.571309,3224.999881,0
14,11,21,246824,21,3224.999881,3224.999881,0
14,21,11,246824,21,3224.999881,3224.999881,0
14,12,13,246824,7,3224.999881,2303.571309,0
14,13,12,246824,7,2303.571309,3224.999881,0
14,13,14,246824,9,2303.571309,5374.999881,0
14,14,13,246824,9,5374.999881,2303.571309,0
14,13,15,246824,28,2303.571309,8062.499881,0
14,15,13,246824,28,8062.499881,2303.571309,0
14,13,16,246824,35,2303.571309,8062.499881,0
14,16,13,246824,35,8062.499881,2303.571309,0
14,13,27,246824,24,2303.571309,8062.499881,0
14,27,13,246824,24,8062.499881,2303.571309,0
14,14,17,246824,23,5374.999881,5374.999881,0
14,17,14,246824,23,5374.999881,5374.999881,0
14,15,17,246824,31,8062.499881,5374.999881,0
14,17,15,246824,31,5374.999881,8062.499881,0
14,16,18,246824,39,8062.499881,3224.999881,0
14,18,16,246824,39,3224.999881,8062.499881,0
14,17,18,246824,27,5374.999881,3224.999881,0
14,18,17,246824,27,3224.999881,5374.999881,0
14,18,19,246824,30,3224.999881,8062.499881,0
14,19,18,246824,30,8062.499881,3224.999881,0
14,19,21,246824,28,8062.499881,3224.999881,0
14,21,19,246824,28,3224.999881,8062.499881,0
14,20,21,246824,42,8062.499881,3224.999881,0
14,21,20,246824,42,3224.999881,8062.499881,0
14,20,29,246824,46,8062.499881,4031.249881,0
14,29,20,246824,46,4031.249881,8062.499881,0
14,21,23,246824,36,3224.999881,8062.499881,0
14,23,21,246824,36,8062.499881,3224.999881,0
14,26,29,246824,35,8062.499881,4031.249881,0
14,29,26,246824,35,4031.249881,8062.499881,0
15,0,1,246824,8,4022.916548,4022.916548,0
15,1,0,246824,8,4022.916548,4022.916548,0
15,0,2,246824,11,4022.916548,5363.888770,0
15,2,0,246824,11,5363.888770,4022.916548,0
15,0,3,246824,7,4022.916548,2681.944325,0
15,3,0,246824,7,2681.944325,4022.916548,0
15,0,25,246824,27,4022.916548,5363.888770,0
15,25,0,246824,27,5363.888770,4022.916548,0
15,1,4,246824,11,4022.916548,3218.333214,0
15,4,1,246824,11,3218.333214,4022.916548,0
15,1,22,246824,35,4022.916548,8045.833214,0
15,22,1,246824,35,8045.833214,4022.916548,0
15,1,24,246824,37,4022.916548,8045.833214,0
15,24,1,246824,37,8045.833214,4022.916548,0
15,2,3,246824,12,5363.888770,2681.944325,0
15,3,2,246824,12,2681.944325,5363.888770,0
15,2,29,246824,27,5363.888770,8045.833214,0
15,29,2,246824,27,8045.833214,5363.888770,0
15,3,4,246824,11,2681.944325,3218.333214,0
15,4,3,246824,11,3218.333214,2681.944325,0
15,3,18,246824,21,2681.944325,8045.833214,0
15,18,3,246824,21,8045.833214,2681.944325,0
15,3,24,246824,37,2681.944325,8045.833214,0
15,24,3,246824,37,8045.833214,2681.944325,0
15,3,27,246824,24,2681.944325,8045.833214,0
15,27,3,246824,24,8045.833214,2681.944325,0
15,4,5,246824,13,3218.333214,8045.833214,0
15,5,4,246824,13,8045.833214,3218.333214,0
15,4,21,246824,23,3218.333214,3218.333214,0
15,21,4,246824,23,3218.333214,3218.333214,0
15,4,28,246824,39,3218.333214,8045.833214,0
15,28,4,246824,39,8045.833214,3218.333214,0
15,5,6,246824,12,8045.833214,4022.916548,0
15,6,5,246824,12,4022.916548,8045.833214,0
15,6,7,246824,11,4022.916548,2681.944325,0
15,7,6,246824,11,2681.944325,4022.916548,0
15,6,9,246824,11,4022.916548,2681.944325,0
15,9,6,246824,11,2681.944325,4022.916548,0
15,6,15,246824,29,4022.916548,8045.833214,0
15,15,6,246824,29,8045.833214,4022.916548,0
15,7,8,246824,10,2681.944325,4022.916548,0
15,8,7,246824,10,4022.916548,2681.944325,0
15,7,9,246824,11,2681.944325,2681.944325,0
15,9,7,246824,11,2681.944325,2681.944325,0
15,7,12,246824,8,2681.944325,8045.833214,0
15,12,7,246824,8,8045.833214,2681.944325,0
15,7,25,246824,29,2681.944325,5363.888770,0
15,25,7,246824,29,5363.888770,2681.944325,0
15,7,29,246824,27,2681.944325,8045.833214,0
15,29,7,246824,27,8045.833214,2681.944325,0
15,8,9,246824,10,4022.916548,2681.944325,0
15,9,8,246824,10,2681.944325,4022.916548,0
15,8,18,246824,21,4022.916548,8045.833214,0
15,18,8,246824,21,8045.833214,4022.916548,0
15,8,26,246824,26,4022.916548,8045.833214,0
15,26,8,246824,26,8045.833214,4022.916548,0
15,9,10,246824,12,2681.944325,8045.833214,0
15,10,9,246824,12,8045.833214,2681.944325,0
15,9,11,246824,9,2681.944325,4022.916548,0
15,11,9,246824,9,4022.916548,2681.944325,0
15,9,14,246824,10,2681.944325,3218.333214,0
15,14,9,246824,10,3218.333214,2681.944325,0
15,10,13,246824,11,8045.833214,2681.944325,0
15,13,10,246824,11,2681.944325,8045.833214,0
15,11,13,246824,8,4022.916548,2681.944325,0
15,13,11,246824,8,2681.944325,4022.916548,0
15,11,14,246824,8,4022.916548,3218.333214,0
15,14,11,246824,8,3218.333214,4022.916548,0
15,11,21,246824,21,4022.916548,3218.333214,0
15,21,11,246824,21,3218.333214,4022.916548,0
15,12,13,246824,7,8045.833214,2681.944325,0
15,13,12,246824,7,2681.944325,8045.833214,0
15,13,14,246824,9,2681.944325,3218.333214,0
15,14,13,246824,9,3218.333214,2681.944325,0
15,13,15,246824,28,2681.944325,8045.833214,0
15,15,13,246824,28,8045.833214,2681.944325,0
15,13,27,246824,24,2681.944325,8045.833214,0
15,27,13,246824,24,8045.833214,2681.944325,0
15,14,16,246824,35,3218.333214,8045.833214,0
15,16,14,246824,35,8045.833214,3218.333214,0
15,14,17,246824,23,3218.333214,2681.944325,0
15,17,14,246824,23,2681.944325,3218.333214,0
15,16,17,246824,37,8045.833214,2681.944325,0
15,17,16,246824,37,2681.944325,8045.833214,0
15,17,19,246824,28,2681.944325,5363.888770,0
15,19,17,246824,28,5363.888770,2681.944325,0
15,17,20,246824,42,2681.944325,8045.833214,0
15,20,17,246824,42,8045.833214,2681.944325,0
15,17,23,246824,36,2681.944325,8045.833214,0
15,23,17,246824,36,8045.833214,2681.944325,0
15,17,28,246824,40,2681.944325,8045.833214,0
15,28,17,246824,40,8045.833214,2681.944325,0
15,19,21,246824,28,5363.888770,3218.333214,0
15,21,19,246824,28,3218.333214,5363.888770,0
15,19,22,246824,40,5363.888770,8045.833214,0
15,22,19,246824,40,8045.833214,5363.888770,0
15,20,21,246824,42,8045.833214,3218.333214,0
15,21,20,246824,42,3218.333214,8045.833214,0
15,21,23,246824,36,3218.333214,8045.833214,0
15,23,21,246824,36,8045.833214,3218.333214,0
15,25,26,246824,37,5363.888770,8045.833214,0
15,26,25,246824,37,8045.833214,5363.888770,0
16,0,1,246824,8,4031.249881,2687.499881,0
16,1,0,246824,8,2687.499881,4031.249881,0
16,0,2,246824,11,4031.249881,5374.999881,0
16,2,0,246824,11,5374.999881,4031.249881,0
16,0,3,246824,7,4031.249881,3224.999881,0
16,3,0,246824,7,3224.999881,4031.249881,0
16,0,25,246824,27,4031.249881,8062.499881,0
16,25,0,246824,27,8062.499881,4031.249881,0
16,1,4,246824,11,2687.499881,3224.999881,0
16,4,1,246824,11,3224.999881,2687.499881,0
16,1,18,246824,21,2687.499881,3224.999881,0
16,18,1,246824,21,3224.999881,2687.499881,0
16,1,22,246824,35,2687.499881,8062.499881,0
16,22,1,246824,35,8062.499881,2687.499881,0
16,1,24,246824,37,2687.499881,8062.499881,0
16,24,1,246824,37,8062.499881,2687.499881,0
16,1,28,246824,38,2687.499881,8062.499881,0
16,28,1,246824,38,8062.499881,2687.499881,0
16,2,5,246824,14,5374.999881,4031.249881,0
16,5,2,246824,14,4031.249881,5374.999881,0
16,2,29,246824,27,5374.999881,4031.249881,0
16,29,2,246824,27,4031.249881,5374.999881,0
16,3,4,246824,11,3224.999881,3224.999881,0
16,4,3,246824,11,3224.999881,3224.999881,0
16,3,18,246824,21,3224.999881,3224.999881,0
16,18,3,246824,21,3224.999881,3224.999881,0
16,3,24,246824,37,3224.999881,8062.499881,0
16,24,3,246824,37,8062.499881,3224.999881,0
16,3,27,246824,24,3224.999881,8062.499881,0
16,27,3,246824,24,8062.499881,3224.999881,0
16,4,5,246824,13,3224.999881,4031.249881,0
16,5,4,246824,13,4031.249881,3224.999881,0
16,4,7,246824,12,3224.999881,4031.249881,0
16,7,4,246824,12,4031.249881,3224.999881,0
16,4,28,246824,39,3224.999881,8062.499881,0
16,28,4,246824,39,8062.499881,3224.999881,0
16,5,6,246824,12,4031.249881,5374.999881,0
16,6,5,246824,12,5374.999881,4031.249881,0
16,5,22,246824,37,4031.249881,8062.499881,0
16,22,5,246824,37,8062.499881,4031.249881,0
16,6,9,246824,11,5374.999881,4031.249881,0
16,9,6,246824,11,4031.249881,5374.999881,0
16,6,15,246824,29,5374.999881,8062.499881,0
16,15,6,246824,29,8062.499881,5374.999881,0
16,7,8,246824,10,4031.249881,2687.499881,0
16,8,7,246824,10,2687.499881,4031.249881,0
16,7,25,246824,29,4031.249881,8062.499881,0
16,25,7,246824,29,8062.499881,4031.249881,0
16,7,29,246824,27,4031.249881,4031.249881,0
16,29,7,246824,27,4031.249881,4031.249881,0
16,8,9,246824,10,2687.499881,4031.249881,0
16,9,8,246824,10,4031.249881,2687.499881,0
16,8,10,246824,11,2687.499881,4031.249881,0
16,10,8,246824,11,4031.249881,2687.499881,0
16,8,11,246824,8,2687.499881,5374.999881,0
16,11,8,246824,8,5374.999881,2687.499881,0
16,8,23,246824,34,2687.499881,8062.499881,0
16,23,8,246824,34,8062.499881,2687.499881,0
16,8,26,246824,26,2687.499881,8062.499881,0
16,26,8,246824,26,8062.499881,2687.499881,0
16,9,10,246824,12,4031.249881,4031.249881,0
16,10,9,246824,12,4031.249881,4031.249881,0
16,9,14,246824,10,4031.249881,8062.499881,0
16,14,9,246824,10,8062.499881,4031.249881,0
16,10,13,246824,11,4031.249881,2687.499881,0
16,13,10,246824,11,2687.499881,4031.249881,0
16,10,21,246824,23,4031.249881,4031.249881,0
16,21,10,246824,23,4031.249881,4031.249881,0
16,11,12,246824,7,5374.999881,8062.499881,0
16,12,11,246824,7,8062.499881,5374.999881,0
16,11,21,246824,21,5374.999881,4031.249881,0
16,21,11,246824,21,4031.249881,5374.999881,0
16,12,13,246824,7,8062.499881,2687.499881,0
16,13,12,246824,7,2687.499881,8062.499881,0
16,13,14,246824,9,2687.499881,8062.499881,0
16,14,13,246824,9,8062.499881,2687.499881,0
16,13,15,246824,28,2687.499881,8062.499881,0
16,15,13,246824,28,8062.499881,2687.499881,0
16,13,16,246824,35,2687.499881,8062.499881,0
16,16,13,246824,35,8062.499881,2687.499881,0
16,13,27,246824,24,2687.499881,8062.499881,0
16,27,13,246824,24,8062.499881,2687.499881,0
16,16,18,246824,39,8062.499881,3224.999881,0
16,18,16,246824,39,3224.999881,8062.499881,0
16,17,18,246824,27,8062.499881,3224.999881,0
16,18,17,246824,27,3224.999881,8062.499881,0
16,17,19,246824,28,8062.499881,4031.249881,0
16,19,17,246824,28,4031.249881,8062.499881,0
16,18,19,246824,30,3224.999881,4031.249881,0
16,19,18,246824,30,4031.249881,3224.999881,0
16,19,20,246824,45,4031.249881,8062.499881,0
16,20,19,246824,45,8062.499881,4031.249881,0
16,19,21,246824,28,4031.249881,4031.249881,0
16,21,19,246824,28,4031.249881,4031.249881,0
16,20,29,246824,46,8062.499881,4031.249881,0
16,29,20,246824,46,4031.249881,8062.499881,0
16,21,23,246824,36,4031.249881,8062.499881,0
16,23,21,246824,36,8062.499881,4031.249881,0
16,26,29,246824,35,8062.499881,4031.249881,0
16,29,26,246824,35,4031.249881,8062.499881,0
17,0,1,246824,8,4031.249881,4031.249881,0
17,1,0,246824,8,4031.249881,4031.249881,0
17,0,2,246824,11,4031.249881,2687.499881,0
17,2,0,246824,11,2687.499881,4031.249881,0
17,0,3,246824,7,4031.249881,3224.999881,0
17,3,0,246824,7,3224.999881,4031.249881,0
17,0,25,246824,27,4031.249881,8062.499881,0
17,25,0,246824,27,8062.499881,4031.249881,0
17,1,2,246824,12,4031.249881,2687.499881,0
17,2,1,246824,12,2687.499881,4031.249881,0
17,1,4,246824,11,4031.249881,4031.249881,0
17,4,1,246824,11,4031.249881,4031.249881,0
17,1,22,246824,35,4031.249881,5374.999881,0
17,22,1,246824,35,5374.999881,4031.249881,0
17,2,3,246824,12,2687.499881,3224.999881,0
17,3,2,246824,12,3224.999881,2687.499881,0
17,2,5,246824,14,2687.499881,4031.249881,0
17,5,2,246824,14,4031.249881,2687.499881,0
17,2,12,246824,11,2687.499881,3224.999881,0
17,12,2,246824,11,3224.999881,2687.499881,0
17,2,29,246824,27,2687.499881,4031.249881,0
17,29,2,246824,27,4031.249881,2687.499881,0
17,3,4,246824,11,3224.999881,4031.249881,0
17,4,3,246824,11,4031.249881,3224.999881,0
17,3,24,246824,37,3224.999881,8062.499881,0
17,24,3,246824,37,8062.499881,3224.999881,0
17,3,27,246824,24,3224.999881,4031.249881,0
17,27,3,246824,24,4031.249881,3224.999881,0
17,4,21,246824,23,4031.249881,8062.499881,0
17,21,4,246824,23,8062.499881,4031.249881,0
17,4,28,246824,39,4031.249881,8062.499881,0
17,28,4,246824,39,8062.499881,4031.249881,0
17,5,6,246824,12,4031.249881,8062.499881,0
17,6,5,246824,12,8062.499881,4031.249881,0
17,5,7,246824,11,4031.249881,4031.249881,0
17,7,5,246824,11,4031.249881,4031.249881,0
17,5,22,246824,37,4031.249881,5374.999881,0
17,22,5,246824,37,5374.999881,4031.249881,0
17,6,9,246824,11,8062.499881,4031.249881,0
17,9,6,246824,11,4031.249881,8062.499881,0
17,7,12,246824,8,4031.249881,3224.999881,0
17,12,7,246824,8,3224.999881,4031.249881,0
17,7,18,246824,22,4031.249881,5374.999881,0
17,18,7,246824,22,5374.999881,4031.249881,0
17,7,29,246824,27,4031.249881,4031.249881,0
17,29,7,246824,27,4031.249881,4031.249881,0
17,8,10,246824,11,3224.999881,4031.249881,0
17,10,8,246824,11,4031.249881,3224.999881,0
17,8,11,246824,8,3224.999881,2687.499881,0
17,11,8,246824,8,2687.499881,3224.999881,0
17,8,18,246824,21,3224.999881,5374.999881,0
17,18,8,246824,21,5374.999881,3224.999881,0
17,8,23,246824,34,3224.999881,8062.499881,0
17,23,8,246824,34,8062.499881,3224.999881,0
17,8,26,246824,26,3224.999881,8062.499881,0
17,26,8,246824,26,8062.499881,3224.999881,0
17,9,11,246824,9,4031.249881,2687.499881,0
17,11,9,246824,9,2687.499881,4031.249881,0
17,9,12,246824,9,4031.249881,3224.999881,0
17,12,9,246824,9,3224.999881,4031.249881,0
17,9,14,246824,10,4031.249881,3224.999881,0
17,14,9,246824,10,3224.999881,4031.249881,0
17,10,11,246824,10,4031.249881,2687.499881,0
17,11,10,246824,10,2687.499881,4031.249881,0
17,10,13,246824,11,4031.249881,2303.571309,0
17,13,10,246824,11,2303.571309,4031.249881,0
17,10,21,246824,23,4031.249881,8062.499881,0
17,21,10,246824,23,8062.499881,4031.249881,0
17,11,12,246824,7,2687.499881,3224.999881,0
17,12,11,246824,7,3224.999881,2687.499881,0
17,11,13,246824,8,2687.499881,2303.571309,0
17,13,11,246824,8,2303.571309,2687.499881,0
17,11,14,246824,8,2687.499881,3224.999881,0
17,14,11,246824,8,3224.999881,2687.499881,0
17,12,13,246824,7,3224.999881,2303.571309,0
17,13,12,246824,7,2303.571309,3224.999881,0
17,13,14,246824,9,2303.571309,3224.999881,0
17,14,13,246824,9,3224.999881,2303.571309,0
17,13,15,246824,28,2303.571309,8062.499881,0
17,15,13,246824,28,8062.499881,2303.571309,0
17,13,16,246824,35,2303.571309,8062.499881,0
17,16,13,246824,35,8062.499881,2303.571309,0
17,13,27,246824,24,2303.571309,4031.249881,0
17,27,13,246824,24,4031.249881,2303.571309,0
17,14,16,246824,35,3224.999881,8062.499881,0
17,16,14,246824,35,8062.499881,3224.999881,0
17,14,17,246824,23,3224.999881,2303.571309,0
17,17,14,246824,23,2303.571309,3224.999881,0
17,15,17,246824,31,8062.499881,2303.571309,0
17,17,15,246824,31,2303.571309,8062.499881,0
17,17,18,246824,27,2303.571309,5374.999881,0
17,18,17,246824,27,5374.999881,2303.571309,0
17,17,19,246824,28,2303.571309,8062.499881,0
17,19,17,246824,28,8062.499881,2303.571309,0
17,17,20,246824,42,2303.571309,8062.499881,0
17,20,17,246824,42,8062.499881,2303.571309,0
17,17,23,246824,36,2303.571309,8062.499881,0
17,23,17,246824,36,8062.499881,2303.571309,0
17,17,28,246824,40,2303.571309,8062.499881,0
17,28,17,246824,40,8062.499881,2303.571309,0
17,19,22,246824,40,8062.499881,5374.999881,0
17,22,19,246824,40,5374.999881,8062.499881,0
17,20,29,246824,46,8062.499881,4031.249881,0
17,29,20,246824,46,4031.249881,8062.499881,0
17,24,27,246824,43,8062.499881,4031.249881,0
17,27,24,246824,43,4031.249881,8062.499881,0
17,25,27,246824,34,8062.499881,4031.249881,0
17,27,25,246824,34,4031.249881,8062.499881,0
17,26,29,246824,35,8062.499881,4031.249881,0
17,29,26,246824,35,4031.249881,8062.499881,0
18,0,1,246824,8,5374.999881,2303.571309,0
18,1,0,246824,8,2303.571309,5374.999881,0
18,0,2,246824,11,5374.999881,3224.999881,0
18,2,0,246824,11,3224.999881,5374.999881,0
18,0,25,246824,27,5374.999881,8062.499881,0
18,25,0,246824,27,8062.499881,5374.999881,0
18,1,2,246824,12,2303.571309,3224.999881,0
18,2,1,246824,12,3224.999881,2303.571309,0
18,1,4,246824,11,2303.571309,3224.999881,0
18,4,1,246824,11,3224.999881,2303.571309,0
18,1,18,246824,21,2303.571309,3224.999881,0
18,18,1,246824,21,3224.999881,2303.571309,0
18,1,22,246824,35,2303.571309,8062.499881,0
18,22,1,246824,35,8062.499881,2303.571309,0
18,1,24,246824,37,2303.571309,8062.499881,0
18,24,1,246824,37,8062.499881,2303.571309,0
18,1,28,246824,38,2303.571309,8062.499881,0
18,28,1,246824,38,8062.499881,2303.571309,0
18,2,3,246824,12,3224.999881,3224.999881,0
18,3,2,246824,12,3224.999881,3224.999881,0
18,2,12,246824,11,3224.999881,3224.999881,0
18,12,2,246824,11,3224.999881,3224.999881,0
18,2,29,246824,27,3224.999881,4031.249881,0
18,29,2,246824,27,4031.249881,3224.999881,0
18,3,4,246824,11,3224.999881,3224.999881,0
18,4,3,246824,11,3224.999881,3224.999881,0
18,3,18,246824,21,3224.999881,3224.999881,0
18,18,3,246824,21,3224.999881,3224.999881,0
18,3,24,246824,37,3224.999881,8062.499881,0
18,24,3,246824,37,8062.499881,3224.999881,0
18,3,27,246824,24,3224.999881,8062.499881,0
18,27,3,246824,24,8062.499881,3224.999881,0
18,4,5,246824,13,3224.999881,4031.249881,0
18,5,4,246824,13,4031.249881,3224.999881,0
18,4,7,246824,12,3224.999881,2015.624881,0
18,7,4,246824,12,2015.624881,3224.999881,0
18,4,28,246824,39,3224.999881,8062.499881,0
18,28,4,246824,39,8062.499881,3224.999881,0
18,5,6,246824,12,4031.249881,5374.999881,0
18,6,5,246824,12,5374.999881,4031.249881,0
18,5,7,246824,11,4031.249881,2015.624881,0
18,7,5,246824,11,2015.624881,4031.249881,0
18,5,22,246824,37,4031.249881,8062.499881,0
18,22,5,246824,37,8062.499881,4031.249881,0
18,6,7,246824,11,5374.999881,2015.624881,0
18,7,6,246824,11,2015.624881,5374.999881,0
18,6,15,246824,29,5374.999881,8062.499881,0
18,15,6,246824,29,8062.499881,5374.999881,0
18,7,8,246824,10,2015.624881,2687.499881,0
18,8,7,246824,10,2687.499881,2015.624881,0
18,7,9,246824,11,2015.624881,3224.999881,0
18,9,7,246824,11,3224.999881,2015.624881,0
18,7,12,246824,8,2015.624881,3224.999881,0
18,12,7,246824,8,3224.999881,2015.624881,0
18,7,25,246824,29,2015.624881,8062.499881,0
18,25,7,246824,29,8062.499881,2015.624881,0
18,7,29,246824,27,2015.624881,4031.249881,0
18,29,7,246824,27,4031.249881,2015.624881,0
18,8,9,246824,10,2687.499881,3224.999881,0
18,9,8,246824,10,3224.999881,2687.499881,0
18,8,10,246824,11,2687.499881,4031.249881,0
18,10,8,246824,11,4031.249881,2687.499881,0
18,8,11,246824,8,2687.499881,4031.249881,0
18,11,8,246824,8,4031.249881,2687.499881,0
18,8,23,246824,34,2687.499881,8062.499881,0
18,23,8,246824,34,8062.499881,2687.499881,0
18,8,26,246824,26,2687.499881,8062.499881,0
18,26,8,246824,26,8062.499881,2687.499881,0
18,9,10,246824,12,3224.999881,4031.249881,0
18,10,9,246824,12,4031.249881,3224.999881,0
18,9,12,246824,9,3224.999881,3224.999881,0
18,12,9,246824,9,3224.999881,3224.999881,0
18,9,14,246824,10,3224.999881,5374.999881,0
18,14,9,246824,10,5374.999881,3224.999881,0
18,10,13,246824,11,4031.249881,3224.999881,0
18,13,10,246824,11,3224.999881,4031.249881,0
18,10,21,246824,23,4031.249881,3224.999881,0
18,21,10,246824,23,3224.999881,4031.249881,0
18,11,12,246824,7,4031.249881,3224.999881,0
18,12,11,246824,7,3224.999881,4031.249881,0
18,11,14,246824,8,4031.249881,5374.999881,0
18,14,11,246824,8,5374.999881,4031.249881,0
18,11,21,246824,21,4031.249881,3224.999881,0
18,21,11,246824,21,3224.999881,4031.249881,0
18,12,13,246824,7,3224.999881,3224.999881,0
18,13,12,246824,7,3224.999881,3224.999881,0
18,13,15,246824,28,3224.999881,8062.499881,0
18,15,13,246824,28,8062.499881,3224.999881,0
18,13,16,246824,35,3224.999881,8062.499881,0
18,16,13,246824,35,8062.499881,3224.999881,0
18,13,27,246824,24,3224.999881,8062.499881,0
18,27,13,246824,24,8062.499881,3224.999881,0
18,14,17,246824,23,5374.999881,8062.499881,0
18,17,14,246824,23,8062.499881,5374.999881,0
18,16,18,246824,39,8062.499881,3224.999881,0
18,18,16,246824,39,3224.999881,8062.499881,0
18,17,18,246824,27,8062.499881,3224.999881,0
18,18,17,246824,27,3224.999881,8062.499881,0
18,18,19,246824,30,3224.999881,8062.499881,0
18,19,18,246824,30,8062.499881,3224.999881,0
18,19,21,246824,28,8062.499881,3224.999881,0
18,21,19,246824,28,3224.999881,8062.499881,0
18,20,21,246824,42,8062.499881,3224.999881,0
18,21,20,246824,42,3224.999881,8062.499881,0
18,20,29,246824,46,8062.499881,4031.249881,0
18,29,20,246824,46,4031.249881,8062.499881,0
18,21,23,246824,36,3224.999881,8062.499881,0
18,23,21,246824,36,8062.499881,3224.999881,0
18,26,29,246824,35,8062.499881,4031.249881,0
18,29,26,246824,35,4031.249881,8062.499881,0
19,0,1,246824,8,5372.222103,2686.110992,0
19,1,0,246824,8,2686.110992,5372.222103,0
19,0,3,246824,7,5372.222103,2686.110992,0
19,3,0,246824,7,2686.110992,5372.222103,0
19,0,25,246824,27,5372.222103,5372.222103,0
19,25,0,246824,27,5372.222103,5372.222103,0
19,1,2,246824,12,2686.110992,4029.166547,0
19,2,1,246824,12,4029.166547,2686.110992,0
19,1,4,246824,11,2686.110992,5372.222103,0
19,4,1,246824,11,5372.222103,2686.110992,0
19,1,22,246824,35,2686.110992,8058.333214,0
19,22,1,246824,35,8058.333214,2686.110992,0
19,1,24,246824,37,2686.110992,8058.333214,0
19,24,1,246824,37,8058.333214,2686.110992,0
19,1,28,246824,38,2686.110992,8058.333214,0
19,28,1,246824,38,8058.333214,2686.110992,0
19,2,3,246824,12,4029.166547,2686.110992,0
19,3,2,246824,12,2686.110992,4029.166547,0
19,2,5,246824,14,4029.166547,8058.333214,0
19,5,2,246824,14,8058.333214,4029.166547,0
19,2,29,246824,27,4029.166547,8058.333214,0
19,29,2,246824,27,8058.333214,4029.166547,0
19,3,4,246824,11,2686.110992,5372.222103,0
19,4,3,246824,11,5372.222103,2686.110992,0
19,3,18,246824,21,2686.110992,5372.222103,0
19,18,3,246824,21,5372.222103,2686.110992,0
19,3,24,246824,37,2686.110992,8058.333214,0
19,24,3,246824,37,8058.333214,2686.110992,0
19,3,27,246824,24,2686.110992,5372.222103,0
19,27,3,246824,24,5372.222103,2686.110992,0
19,4,21,246824,23,5372.222103,5372.222103,0
19,21,4,246824,23,5372.222103,5372.222103,0
19,5,6,246824,12,8058.333214,4029.166547,0
19,6,5,246824,12,4029.166547,8058.333214,0
19,6,7,246824,11,4029.166547,4029.166547,0
19,7,6,246824,11,4029.166547,4029.166547,0
19,6,9,246824,11,4029.166547,3223.333214,0
19,9,6,246824,11,3223.333214,4029.166547,0
19,6,15,246824,29,4029.166547,8058.333214,0
19,15,6,246824,29,8058.333214,4029.166547,0
19,7,8,246824,10,4029.166547,2686.110992,0
19,8,7,246824,10,2686.110992,4029.166547,0
19,7,12,246824,8,4029.166547,8058.333214,0
19,12,7,246824,8,8058.333214,4029.166547,0
19,7,29,246824,27,4029.166547,8058.333214,0
19,29,7,246824,27,8058.333214,4029.166547,0
19,8,9,246824,10,2686.110992,3223.333214,0
19,9,8,246824,10,3223.333214,2686.110992,0
19,8,10,246824,11,2686.110992,5372.222103,0
19,10,8,246824,11,5372.222103,2686.110992,0
19,8,18,246824,21,2686.110992,5372.222103,0
19,18,8,246824,21,5372.222103,2686.110992,0
19,8,23,246824,34,2686.110992,8058.333214,0
19,23,8,246824,34,8058.333214,2686.110992,0
19,8,26,246824,26,2686.110992,8058.333214,0
19,26,8,246824,26,8058.333214,2686.110992,0
19,9,11,246824,9,3223.333214,8058.333214,0
19,11,9,246824,9,8058.333214,3223.333214,0
19,9,12,246824,9,3223.333214,8058.333214,0
19,12,9,246824,9,8058.333214,3223.333214,0
19,9,14,246824,10,3223.333214,3223.333214,0
19,14,9,246824,10,3223.333214,3223.333214,0
19,10,13,246824,11,5372.222103,4029.166547,0
19,13,10,246824,11,4029.166547,5372.222103,0
19,10,21,246824,23,5372.222103,5372.222103,0
19,21,10,246824,23,5372.222103,5372.222103,0
19,11,14,246824,8,8058.333214,3223.333214,0
19,14,11,246824,8,3223.333214,8058.333214,0
19,13,14,246824,9,4029.166547,3223.333214,0
19,14,13,246824,9,3223.333214,4029.166547,0
19,13,15,246824,28,4029.166547,8058.333214,0
19,15,13,246824,28,8058.333214,4029.166547,0
19,13,27,246824,24,4029.166547,5372.222103,0
19,27,13,246824,24,5372.222103,4029.166547,0
19,14,16,246824,35,3223.333214,8058.333214,0
19,16,14,246824,35,8058.333214,3223.333214,0
19,14,17,246824,23,3223.333214,2302.380833,0
19,17,14,246824,23,2302.380833,3223.333214,0
19,16,17,246824,37,8058.333214,2302.380833,0
19,17,16,246824,37,2302.380833,8058.333214,0
19,17,18,246824,27,2302.380833,5372.222103,0
19,18,17,246824,27,5372.222103,2302.380833,0
19,17,19,246824,28,2302.380833,4029.166547,0
19,19,17,246824,28,4029.166547,2302.380833,0
19,17,20,246824,42,2302.380833,8058.333214,0
19,20,17,246824,42,8058.333214,2302.380833,0
19,17,23,246824,36,2302.380833,8058.333214,0
19,23,17,246824,36,8058.333214,2302.380833,0
19,17,28,246824,40,2302.380833,8058.333214,0
19,28,17,246824,40,8058.333214,2302.380833,0
19,19,20,246824,45,4029.166547,8058.333214,0
19,20,19,246824,45,8058.333214,4029.166547,0
19,19,21,246824,28,4029.166547,5372.222103,0
19,21,19,246824,28,5372.222103,4029.166547,0
19,19,22,246824,40,4029.166547,8058.333214,0
19,22,19,246824,40,8058.333214,4029.166547,0
19,25,26,246824,37,5372.222103,8058.333214,0
19,26,25,246824,37,8058.333214,5372.222103,0
19,25,27,246824,34,5372.222103,5372.222103,0
19,27,25,246824,34,5372.222103,5372.222103,0
20,0,1,246824,8,4031.249881,2303.571309,0
20,1,0,246824,8,2303.571309,4031.249881,0
20,0,2,246824,11,4031.249881,2303.571309,0
20,2,0,246824,11,2303.571309,4031.249881,0
20,0,3,246824,7,4031.249881,5374.999881,0
20,3,0,246824,7,5374.999881,4031.249881,0
20,0,25,246824,27,4031.249881,8062.499881,0
20,25,0,246824,27,8062.499881,4031.249881,0
20,1,2,246824,12,2303.571309,2303.571309,0
20,2,1,246824,12,2303.571309,2303.571309,0
20,1,4,246824,11,2303.571309,5374.999881,0
20,4,1,246824,11,5374.999881,2303.571309,0
20,1,18,246824,21,2303.571309,3224.999881,0
20,18,1,246824,21,3224.999881,2303.571309,0
20,1,22,246824,35,2303.571309,8062.499881,0
20,22,1,246824,35,8062.499881,2303.571309,0
20,1,24,246824,37,2303.571309,8062.499881,0
20,24,1,246824,37,8062.499881,2303.571309,0
20,1,28,246824,38,2303.571309,8062.499881,0
20,28,1,246824,38,8062.499881,2303.571309,0
20,2,3,246824,12,2303.571309,5374.999881,0
20,3,2,246824,12,5374.999881,2303.571309,0
20,2,4,246824,13,2303.571309,5374.999881,0
20,4,2,246824,13,5374.999881,2303.571309,0
20,2,5,246824,14,2303.571309,5374.999881,0
20,5,2,246824,14,5374.999881,2303.571309,0
20,2,12,246824,11,2303.571309,3224.999881,0
20,12,2,246824,11,3224.999881,2303.571309,0
20,2,29,246824,27,2303.571309,4031.249881,0
20,29,2,246824,27,4031.249881,2303.571309,0
20,3,27,246824,24,5374.999881,8062.499881,0
20,27,3,246824,24,8062.499881,5374.999881,0
20,4,7,246824,12,5374.999881,2687.499881,0
20,7,4,246824,12,2687.499881,5374.999881,0
20,5,6,246824,12,5374.999881,5374.999881,0
20,6,5,246824,12,5374.999881,5374.999881,0
20,5,22,246824,37,5374.999881,8062.499881,0
20,22,5,246824,37,8062.499881,5374.999881,0
20,6,7,246824,11,5374.999881,2687.499881,0
20,7,6,246824,11,2687.499881,5374.999881,0
20,6,9,246824,11,5374.999881,5374.999881,0
20,9,6,246824,11,5374.999881,5374.999881,0
20,7,8,246824,10,2687.499881,3224.999881,0
20,8,7,246824,10,3224.999881,2687.499881,0
20,7,12,246824,8,2687.499881,3224.999881,0
20,12,7,246824,8,3224.999881,2687.499881,0
20,7,25,246824,29,2687.499881,8062.499881,0
20,25,7,246824,29,8062.499881,2687.499881,0
20,7,29,246824,27,2687.499881,4031.249881,0
20,29,7,246824,27,4031.249881,2687.499881,0
20,8,11,246824,8,3224.999881,3224.999881,0
20,11,8,246824,8,3224.999881,3224.999881,0
20,8,18,246824,21,3224.999881,3224.999881,0
20,18,8,246824,21,3224.999881,3224.999881,0
20,8,23,246824,34,3224.999881,8062.499881,0
20,23,8,246824,34,8062.499881,3224.999881,0
20,8,26,246824,26,3224.999881,5374.999881,0
20,26,8,246824,26,5374.999881,3224.999881,0
20,9,12,246824,9,5374.999881,3224.999881,0
20,12,9,246824,9,3224.999881,5374.999881,0
20,9,14,246824,10,5374.999881,4031.249881,0
20,14,9,246824,10,4031.249881,5374.999881,0
20,10,11,246824,10,5374.999881,3224.999881,0
20,11,10,246824,10,3224.999881,5374.999881,0
20,10,13,246824,11,5374.999881,2303.571309,0
20,13,10,246824,11,2303.571309,5374.999881,0
20,10,21,246824,23,5374.999881,5374.999881,0
20,21,10,246824,23,5374.999881,5374.999881,0
20,11,12,246824,7,3224.999881,3224.999881,0
20,12,11,246824,7,3224.999881,3224.999881,0
20,11,13,246824,8,3224.999881,2303.571309,0
20,13,11,246824,8,2303.571309,3224.999881,0
20,11,21,246824,21,3224.999881,5374.999881,0
20,21,11,246824,21,5374.999881,3224.999881,0
20,12,13,246824,7,3224.999881,2303.571309,0
20,13,12,246824,7,2303.571309,3224.999881,0
20,13,14,246824,9,2303.571309,4031.249881,0
20,14,13,246824,9,4031.249881,2303.571309,0
20,13,15,246824,28,2303.571309,8062.499881,0
20,15,13,246824,28,8062.499881,2303.571309,0
20,13,16,246824,35,2303.571309,8062.499881,0
20,16,13,246824,35,8062.499881,2303.571309,0
20,13,27,246824,24,2303.571309,8062.499881,0
20,27,13,246824,24,8062.499881,2303.571309,0
20,14,16,246824,35,4031.249881,8062.499881,0
20,16,14,246824,35,8062.499881,4031.249881,0
20,14,17,246824,23,4031.249881,3224.999881,0
20,17,14,246824,23,3224.999881,4031.249881,0
20,15,18,246824,32,8062.499881,3224.999881,0
20,18,15,246824,32,3224.999881,8062.499881,0
20,17,18,246824,27,3224.999881,3224.999881,0
20,18,17,246824,27,3224.999881,3224.999881,0
20,17,19,246824,28,3224.999881,8062.499881,0
20,19,17,246824,28,8062.499881,3224.999881,0
20,17,20,246824,42,3224.999881,8062.499881,0
20,20,17,246824,42,8062.499881,3224.999881,0
20,17,28,246824,40,3224.999881,8062.499881,0
20,28,17,246824,40,8062.499881,3224.999881,0
20,18,19,246824,30,3224.999881,8062.499881,0
20,19,18,246824,30,8062.499881,3224.999881,0
20,20,29,246824,46,8062.499881,4031.249881,0
20,29,20,246824,46,4031.249881,8062.499881,0
20,21,23,246824,36,5374.999881,8062.499881,0
20,23,21,246824,36,8062.499881,5374.999881,0
20,24,26,246824,46,8062.499881,5374.999881,0
20,26,24,246824,46,5374.999881,8062.499881,0
20,26,29,246824,35,5374.999881,4031.249881,0
20,29,26,246824,35,4031.249881,5374.999881,0
21,0,2,246824,11,5363.888770,2681.944325,0
21,2,0,246824,11,2681.944325,5363.888770,0
21,0,3,246824,7,5363.888770,3218.333214,0
21,3,0,246824,7,3218.333214,5363.888770,0
21,0,25,246824,27,5363.888770,5363.888770,0
21,25,0,246824,27,5363.888770,5363.888770,0
21,1,2,246824,12,3218.333214,2681.944325,0
21,2,1,246824,12,2681.944325,3218.333214,0
21,1,4,246824,11,3218.333214,3218.333214,0
21,4,1,246824,11,3218.333214,3218.333214,0
21,1,22,246824,35,3218.333214,8045.833214,0
21,22,1,246824,35,8045.833214,3218.333214,0
21,1,24,246824,37,3218.333214,8045.833214,0
21,24,1,246824,37,8045.833214,3218.333214,0
21,1,28,246824,38,3218.333214,8045.833214,0
21,28,1,246824,38,8045.833214,3218.333214,0
21,2,3,246824,12,2681.944325,3218.333214,0
21,3,2,246824,12,3218.333214,2681.944325,0
21,2,4,246824,13,2681.944325,3218.333214,0
21,4,2,246824,13,3218.333214,2681.944325,0
21,2,5,246824,14,2681.944325,4022.916548,0
21,5,2,246824,14,4022.916548,2681.944325,0
21,2,29,246824,27,2681.944325,8045.833214,0
21,29,2,246824,27,8045.833214,2681.944325,0
21,3,18,246824,21,3218.333214,3218.333214,0
21,18,3,246824,21,3218.333214,3218.333214,0
21,3,24,246824,37,3218.333214,8045.833214,0
21,24,3,246824,37,8045.833214,3218.333214,0
21,3,27,246824,24,3218.333214,8045.833214,0
21,27,3,246824,24,8045.833214,3218.333214,0
21,4,7,246824,12,3218.333214,2298.809405,0
21,7,4,246824,12,2298.809405,3218.333214,0
21,4,21,246824,23,3218.333214,5363.888770,0
21,21,4,246824,23,5363.888770,3218.333214,0
21,4,28,246824,39,3218.333214,8045.833214,0
21,28,4,246824,39,8045.833214,3218.333214,0
21,5,6,246824,12,4022.916548,8045.833214,0
21,6,5,246824,12,8045.833214,4022.916548,0
21,5,7,246824,11,4022.916548,2298.809405,0
21,7,5,246824,11,2298.809405,4022.916548,0
21,5,22,246824,37,4022.916548,8045.833214,0
21,22,5,246824,37,8045.833214,4022.916548,0
21,6,9,246824,11,8045.833214,2681.944325,0
21,9,6,246824,11,2681.944325,8045.833214,0
21,7,9,246824,11,2298.809405,2681.944325,0
21,9,7,246824,11,2681.944325,2298.809405,0
21,7,12,246824,8,2298.809405,4022.916548,0
21,12,7,246824,8,4022.916548,2298.809405,0
21,7,18,246824,22,2298.809405,3218.333214,0
21,18,7,246824,22,3218.333214,2298.809405,0
21,7,25,246824,29,2298.809405,5363.888770,0
21,25,7,246824,29,5363.888770,2298.809405,0
21,7,29,246824,27,2298.809405,8045.833214,0
21,29,7,246824,27,8045.833214,2298.809405,0
21,8,9,246824,10,3218.333214,2681.944325,0
21,9,8,246824,10,2681.944325,3218.333214,0
21,8,10,246824,11,3218.333214,8045.833214,0
21,10,8,246824,11,8045.833214,3218.333214,0
21,8,11,246824,8,3218.333214,3218.333214,0
21,11,8,246824,8,3218.333214,3218.333214,0
21,8,23,246824,34,3218.333214,8045.833214,0
21,23,8,246824,34,8045.833214,3218.333214,0
21,8,26,246824,26,3218.333214,8045.833214,0
21,26,8,246824,26,8045.833214,3218.333214,0
21,9,10,246824,12,2681.944325,8045.833214,0
21,10,9,246824,12,8045.833214,2681.944325,0
21,9,12,246824,9,2681.944325,4022.916548,0
21,12,9,246824,9,4022.916548,2681.944325,0
21,9,14,246824,10,2681.944325,3218.333214,0
21,14,9,246824,10,3218.333214,2681.944325,0
21,11,12,246824,7,3218.333214,4022.916548,0
21,12,11,246824,7,4022.916548,3218.333214,0
21,11,13,246824,8,3218.333214,3218.333214,0
21,13,11,246824,8,3218.333214,3218.333214,0
21,11,14,246824,8,3218.333214,3218.333214,0
21,14,11,246824,8,3218.333214,3218.333214,0
21,11,21,246824,21,3218.333214,5363.888770,0
21,21,11,246824,21,5363.888770,3218.333214,0
21,12,13,246824,7,4022.916548,3218.333214,0
21,13,12,246824,7,3218.333214,4022.916548,0
21,13,14,246824,9,3218.333214,3218.333214,0
21,14,13,246824,9,3218.333214,3218.333214,0
21,13,15,246824,28,3218.333214,8045.833214,0
21,15,13,246824,28,8045.833214,3218.333214,0
21,13,27,246824,24,3218.333214,8045.833214,0
21,27,13,246824,24,8045.833214,3218.333214,0
21,14,16,246824,35,3218.333214,8045.833214,0
21,16,14,246824,35,8045.833214,3218.333214,0
21,14,17,246824,23,3218.333214,2681.944325,0
21,17,14,246824,23,2681.944325,3218.333214,0
21,15,17,246824,31,8045.833214,2681.944325,0
21,17,15,246824,31,2681.944325,8045.833214,0
21,16,18,246824,39,8045.833214,3218.333214,0
21,18,16,246824,39,3218.333214,8045.833214,0
21,17,18,246824,27,2681.944325,3218.333214,0
21,18,17,246824,27,3218.333214,2681.944325,0
21,17,19,246824,28,2681.944325,8045.833214,0
21,19,17,246824,28,8045.833214,2681.944325,0
21,17,20,246824,42,2681.944325,8045.833214,0
21,20,17,246824,42,8045.833214,2681.944325,0
21,17,23,246824,36,2681.944325,8045.833214,0
21,23,17,246824,36,8045.833214,2681.944325,0
21,18,19,246824,30,3218.333214,8045.833214,0
21,19,18,246824,30,8045.833214,3218.333214,0
21,20,21,246824,42,8045.833214,5363.888770,0
21,21,20,246824,42,5363.888770,8045.833214,0
21,25,26,246824,37,5363.888770,8045.833214,0
21,26,25,246824,37,8045.833214,5363.888770,0
22,0,1,246824,8,4031.249881,4031.249881,0
22,1,0,246824,8,4031.249881,4031.249881,0
22,0,2,246824,11,4031.249881,3224.999881,0
22,2,0,246824,11,3224.999881,4031.249881,0
22,0,3,246824,7,4031.249881,2687.499881,0
22,3,0,246824,7,2687.499881,4031.249881,0
22,0,25,246824,27,4031.249881,5374.999881,0
22,25,0,246824,27,5374.999881,4031.249881,0
22,1,2,246824,12,4031.249881,3224.999881,0
22,2,1,246824,12,3224.999881,4031.249881,0
22,1,22,246824,35,4031.249881,8062.499881,0
22,22,1,246824,35,8062.499881,4031.249881,0
22,1,28,246824,38,4031.249881,8062.499881,0
22,28,1,246824,38,8062.499881,4031.249881,0
22,2,3,246824,12,3224.999881,2687.499881,0
22,3,2,246824,12,2687.499881,3224.999881,0
22,2,5,246824,14,3224.999881,5374.999881,0
22,5,2,246824,14,5374.999881,3224.999881,0
22,2,29,246824,27,3224.999881,8062.499881,0
22,29,2,246824,27,8062.499881,3224.999881,0
22,3,4,246824,11,2687.499881,4031.249881,0
22,4,3,246824,11,4031.249881,2687.499881,0
22,3,18,246824,21,2687.499881,4031.249881,0
22,18,3,246824,21,4031.249881,2687.499881,0
22,3,24,246824,37,2687.499881,8062.499881,0
22,24,3,246824,37,8062.499881,2687.499881,0
22,3,27,246824,24,2687.499881,8062.499881,0
22,27,3,246824,24,8062.499881,2687.499881,0
22,4,5,246824,13,4031.249881,5374.999881,0
22,5,4,246824,13,5374.999881,4031.249881,0
22,4,21,246824,23,4031.249881,3224.999881,0
22,21,4,246824,23,3224.999881,4031.249881,0
22,4,28,246824,39,4031.249881,8062.499881,0
22,28,4,246824,39,8062.499881,4031.249881,0
22,5,22,246824,37,5374.999881,8062.499881,0
22,22,5,246824,37,8062.499881,5374.999881,0
22,6,7,246824,11,5374.999881,3224.999881,0
22,7,6,246824,11,3224.999881,5374.999881,0
22,6,9,246824,11,5374.999881,4031.249881,0
22,9,6,246824,11,4031.249881,5374.999881,0
22,6,15,246824,29,5374.999881,8062.499881,0
22,15,6,246824,29,8062.499881,5374.999881,0
22,7,8,246824,10,3224.999881,2687.499881,0
22,8,7,246824,10,2687.499881,3224.999881,0
22,7,9,246824,11,3224.999881,4031.249881,0
22,9,7,246824,11,4031.249881,3224.999881,0
22,7,25,246824,29,3224.999881,5374.999881,0
22,25,7,246824,29,5374.999881,3224.999881,0
22,7,29,246824,27,3224.999881,8062.499881,0
22,29,7,246824,27,8062.499881,3224.999881,0
22,8,9,246824,10,2687.499881,4031.249881,0
22,9,8,246824,10,4031.249881,2687.499881,0
22,8,11,246824,8,2687.499881,4031.249881,0
22,11,8,246824,8,4031.249881,2687.499881,0
22,8,18,246824,21,2687.499881,4031.249881,0
22,18,8,246824,21,4031.249881,2687.499881,0
22,8,23,246824,34,2687.499881,8062.499881,0
22,23,8,246824,34,8062.499881,2687.499881,0
22,8,26,246824,26,2687.499881,5374.999881,0
22,26,8,246824,26,5374.999881,2687.499881,0
22,9,14,246824,10,4031.249881,4031.249881,0
22,14,9,246824,10,4031.249881,4031.249881,0
22,10,11,246824,10,5374.999881,4031.249881,0
22,11,10,246824,10,4031.249881,5374.999881,0
22,10,13,246824,11,5374.999881,4031.249881,0
22,13,10,246824,11,4031.249881,5374.999881,0
22,10,21,246824,23,5374.999881,3224.999881,0
22,21,10,246824,23,3224.999881,5374.999881,0
22,11,12,246824,7,4031.249881,8062.499881,0
22,12,11,246824,7,8062.499881,4031.249881,0
22,11,14,246824,8,4031.249881,4031.249881,0
22,14,11,246824,8,4031.249881,4031.249881,0
22,12,13,246824,7,8062.499881,4031.249881,0
22,13,12,246824,7,4031.249881,8062.499881,0
22,13,15,246824,28,4031.249881,8062.499881,0
22,15,13,246824,28,8062.499881,4031.249881,0
22,13,27,246824,24,4031.249881,8062.499881,0
22,27,13,246824,24,8062.499881,4031.249881,0
22,14,16,246824,35,4031.249881,8062.499881,0
22,16,14,246824,35,8062.499881,4031.249881,0
22,14,17,246824,23,4031.249881,8062.499881,0
22,17,14,246824,23,8062.499881,4031.249881,0
22,16,18,246824,39,8062.499881,4031.249881,0
22,18,16,246824,39,4031.249881,8062.499881,0
22,17,19,246824,28,8062.499881,4031.249881,0
22,19,17,246824,28,4031.249881,8062.499881,0
22,18,19,246824,30,4031.249881,4031.249881,0
22,19,18,246824,30,4031.249881,4031.249881,0
22,19,20,246824,45,4031.249881,8062.499881,0
22,20,19,246824,45,8062.499881,4031.249881,0
22,19,21,246824,28,4031.249881,3224.999881,0
22,21,19,246824,28,3224.999881,4031.249881,0
22,20,21,246824,42,8062.499881,3224.999881,0
22,21,20,246824,42,3224.999881,8062.499881,0
22,21,23,246824,36,3224.999881,8062.499881,0
22,23,21,246824,36,8062.499881,3224.999881,0
22,24,26,246824,46,8062.499881,5374.999881,0
22,26,24,246824,46,5374.999881,8062.499881,0
22,25,26,246824,37,5374.999881,5374.999881,0
22,26,25,246824,37,5374.999881,5374.999881,0
23,0,1,246824,8,4031.249881,4031.249881,0
23,1,0,246824,8,4031.249881,4031.249881,0
23,0,2,246824,11,4031.249881,5374.999881,0
23,2,0,246824,11,5374.999881,4031.249881,0
23,0,3,246824,7,4031.249881,3224.999881,0
23,3,0,246824,7,3224.999881,4031.249881,0
23,0,25,246824,27,4031.249881,8062.499881,0
23,25,0,246824,27,8062.499881,4031.249881,0
23,1,4,246824,11,4031.249881,4031.249881,0
23,4,1,246824,11,4031.249881,4031.249881,0
23,1,18,246824,21,4031.249881,4031.249881,0
23,18,1,246824,21,4031.249881,4031.249881,0
23,1,22,246824,35,4031.249881,8062.499881,0
23,22,1,246824,35,8062.499881,4031.249881,0
23,2,12,246824,11,5374.999881,3224.999881,0
23,12,2,246824,11,3224.999881,5374.999881,0
23,2,29,246824,27,5374.999881,4031.249881,0
23,29,2,246824,27,4031.249881,5374.999881,0
23,3,4,246824,11,3224.999881,4031.249881,0
23,4,3,246824,11,4031.249881,3224.999881,0
23,3,18,246824,21,3224.999881,4031.249881,0
23,18,3,246824,21,4031.249881,3224.999881,0
23,3,24,246824,37,3224.999881,8062.499881,0
23,24,3,246824,37,8062.499881,3224.999881,0
23,3,27,246824,24,3224.999881,4031.249881,0
23,27,3,246824,24,4031.249881,3224.999881,0
23,4,7,246824,12,4031.249881,2687.499881,0
23,7,4,246824,12,2687.499881,4031.249881,0
23,4,28,246824,39,4031.249881,8062.499881,0
23,28,4,246824,39,8062.499881,4031.249881,0
23,5,6,246824,12,8062.499881,4031.249881,0
23,6,5,246824,12,4031.249881,8062.499881,0
23,5,7,246824,11,8062.499881,2687.499881,0
23,7,5,246824,11,2687.499881,8062.499881,0
23,6,7,246824,11,4031.249881,2687.499881,0
23,7,6,246824,11,2687.499881,4031.249881,0
23,6,9,246824,11,4031.249881,3224.999881,0
23,9,6,246824,11,3224.999881,4031.249881,0
23,6,15,246824,29,4031.249881,8062.499881,0
23,15,6,246824,29,8062.499881,4031.249881,0
23,7,8,246824,10,2687.499881,3224.999881,0
23,8,7,246824,10,3224.999881,2687.499881,0
23,7,12,246824,8,2687.499881,3224.999881,0
23,12,7,246824,8,3224.999881,2687.499881,0
23,7,29,246824,27,2687.499881,4031.249881,0
23,29,7,246824,27,4031.249881,2687.499881,0
23,8,9,246824,10,3224.999881,3224.999881,0
23,9,8,246824,10,3224.999881,3224.999881,0
23,8,10,246824,11,3224.999881,5374.999881,0
23,10,8,246824,11,5374.999881,3224.999881,0
23,8,23,246824,34,3224.999881,8062.499881,0
23,23,8,246824,34,8062.499881,3224.999881,0
23,8,26,246824,26,3224.999881,8062.499881,0
23,26,8,246824,26,8062.499881,3224.999881,0
23,9,10,246824,12,3224.999881,5374.999881,0
23,10,9,246824,12,5374.999881,3224.999881,0
23,9,11,246824,9,3224.999881,4031.249881,0
23,11,9,246824,9,4031.249881,3224.999881,0
23,9,12,246824,9,3224.999881,3224.999881,0
23,12,9,246824,9,3224.999881,3224.999881,0
23,10,21,246824,23,5374.999881,8062.499881,0
23,21,10,246824,23,8062.499881,5374.999881,0
23,11,12,246824,7,4031.249881,3224.999881,0
23,12,11,246824,7,3224.999881,4031.249881,0
23,11,14,246824,8,4031.249881,4031.249881,0
23,14,11,246824,8,4031.249881,4031.249881,0
23,11,21,246824,21,4031.249881,8062.499881,0
23,21,11,246824,21,8062.499881,4031.249881,0
23,12,13,246824,7,3224.999881,5374.999881,0
23,13,12,246824,7,5374.999881,3224.999881,0
23,13,14,246824,9,5374.999881,4031.249881,0
23,14,13,246824,9,4031.249881,5374.999881,0
23,13,27,246824,24,5374.999881,4031.249881,0
23,27,13,246824,24,4031.249881,5374.999881,0
23,14,16,246824,35,4031.249881,8062.499881,0
23,16,14,246824,35,8062.499881,4031.249881,0
23,14,17,246824,23,4031.249881,2303.571309,0
23,17,14,246824,23,2303.571309,4031.249881,0
23,15,17,246824,31,8062.499881,2303.571309,0
23,17,15,246824,31,2303.571309,8062.499881,0
23,16,18,246824,39,8062.499881,4031.249881,0
23,18,16,246824,39,4031.249881,8062.499881,0
23,17,18,246824,27,2303.571309,4031.249881,0
23,18,17,246824,27,4031.249881,2303.571309,0
23,17,19,246824,28,2303.571309,8062.499881,0
23,19,17,246824,28,8062.499881,2303.571309,0
23,17,20,246824,42,2303.571309,8062.499881,0
23,20,17,246824,42,8062.499881,2303.571309,0
23,17,23,246824,36,2303.571309,8062.499881,0
23,23,17,246824,36,8062.499881,2303.571309,0
23,17,28,246824,40,2303.571309,8062.499881,0
23,28,17,246824,40,8062.499881,2303.571309,0
23,19,22,246824,40,8062.499881,8062.499881,0
23,22,19,246824,40,8062.499881,8062.499881,0
23,20,29,246824,46,8062.499881,4031.249881,0
23,29,20,246824,46,4031.249881,8062.499881,0
23,24,27,246824,43,8062.499881,4031.249881,0
23,27,24,246824,43,4031.249881,8062.499881,0
23,25,27,246824,34,8062.499881,4031.249881,0
23,27,25,246824,34,4031.249881,8062.499881,0
23,26,29,246824,35,8062.499881,4031.249881,0
23,29,26,246824,35,4031.249881,8062.499881,0
24,0,1,246824,8,5374.999881,2687.499881,0
24,1,0,246824,8,2687.499881,5374.999881,0
24,0,3,246824,7,5374.999881,4031.249881,0
24,3,0,246824,7,4031.249881,5374.999881,0
24,0,25,246824,27,5374.999881,5374.999881,0
24,25,0,246824,27,5374.999881,5374.999881,0
24,1,2,246824,12,2687.499881,3224.999881,0
24,2,1,246824,12,3224.999881,2687.499881,0
24,1,4,246824,11,2687.499881,4031.249881,0
24,4,1,246824,11,4031.249881,2687.499881,0
24,1,22,246824,35,2687.499881,8062.499881,0
24,22,1,246824,35,8062.499881,2687.499881,0
24,1,24,246824,37,2687.499881,8062.499881,0
24,24,1,246824,37,8062.499881,2687.499881,0
24,1,28,246824,38,2687.499881,8062.499881,0
24,28,1,246824,38,8062.499881,2687.499881,0
24,2,3,246824,12,3224.999881,4031.249881,0
24,3,2,246824,12,4031.249881,3224.999881,0
24,2,5,246824,14,3224.999881,5374.999881,0
24,5,2,246824,14,5374.999881,3224.999881,0
24,2,12,246824,11,3224.999881,4031.249881,0
24,12,2,246824,11,4031.249881,3224.999881,0
24,2,29,246824,27,3224.999881,5374.999881,0
24,29,2,246824,27,5374.999881,3224.999881,0
24,3,24,246824,37,4031.249881,8062.499881,0
24,24,3,246824,37,8062.499881,4031.249881,0
24,3,27,246824,24,4031.249881,8062.499881,0
24,27,3,246824,24,8062.499881,4031.249881,0
24,4,5,246824,13,4031.249881,5374.999881,0
24,5,4,246824,13,5374.999881,4031.249881,0
24,4,7,246824,12,4031.249881,2303.571309,0
24,7,4,246824,12,2303.571309,4031.249881,0
24,4,21,246824,23,4031.249881,3224.999881,0
24,21,4,246824,23,3224.999881,4031.249881,0
24,5,22,246824,37,5374.999881,8062.499881,0
24,22,5,246824,37,8062.499881,5374.999881,0
24,6,7,246824,11,5374.999881,2303.571309,0
24,7,6,246824,11,2303.571309,5374.999881,0
24,6,9,246824,11,5374.999881,5374.999881,0
24,9,6,246824,11,5374.999881,5374.999881,0
24,6,15,246824,29,5374.999881,8062.499881,0
24,15,6,246824,29,8062.499881,5374.999881,0
24,7,9,246824,11,2303.571309,5374.999881,0
24,9,7,246824,11,5374.999881,2303.571309,0
24,7,12,246824,8,2303.571309,4031.249881,0
24,12,7,246824,8,4031.249881,2303.571309,0
24,7,18,246824,22,2303.571309,4031.249881,0
24,18,7,246824,22,4031.249881,2303.571309,0
24,7,25,246824,29,2303.571309,5374.999881,0
24,25,7,246824,29,5374.999881,2303.571309,0
24,7,29,246824,27,2303.571309,5374.999881,0
24,29,7,246824,27,5374.999881,2303.571309,0
24,8,10,246824,11,4031.249881,5374.999881,0
24,10,8,246824,11,5374.999881,4031.249881,0
24,8,11,246824,8,4031.249881,2687.499881,0
24,11,8,246824,8,2687.499881,4031.249881,0
24,8,18,246824,21,4031.249881,4031.249881,0
24,18,8,246824,21,4031.249881,4031.249881,0
24,8,26,246824,26,4031.249881,8062.499881,0
24,26,8,246824,26,8062.499881,4031.249881,0
24,9,14,246824,10,5374.999881,4031.249881,0
24,14,9,246824,10,4031.249881,5374.999881,0
24,10,11,246824,10,5374.999881,2687.499881,0
24,11,10,246824,10,2687.499881,5374.999881,0
24,10,13,246824,11,5374.999881,2303.571309,0
24,13,10,246824,11,2303.571309,5374.999881,0
24,11,12,246824,7,2687.499881,4031.249881,0
24,12,11,246824,7,4031.249881,2687.499881,0
24,11,13,246824,8,2687.499881,2303.571309,0
24,13,11,246824,8,2303.571309,2687.499881,0
24,11,14,246824,8,2687.499881,4031.249881,0
24,14,11,246824,8,4031.249881,2687.499881,0
24,11,21,246824,21,2687.499881,3224.999881,0
24,21,11,246824,21,3224.999881,2687.499881,0
24,12,13,246824,7,4031.249881,2303.571309,0
24,13,12,246824,7,2303.571309,4031.249881,0
24,13,14,246824,9,2303.571309,4031.249881,0
24,14,13,246824,9,4031.249881,2303.571309,0
24,13,15,246824,28,2303.571309,8062.499881,0
24,15,13,246824,28,8062.499881,2303.571309,0
24,13,16,246824,35,2303.571309,8062.499881,0
24,16,13,246824,35,8062.499881,2303.571309,0
24,13,27,246824,24,2303.571309,8062.499881,0
24,27,13,246824,24,8062.499881,2303.571309,0
24,14,17,246824,23,4031.249881,3224.999881,0
24,17,14,246824,23,3224.999881,4031.249881,0
24,16,17,246824,37,8062.499881,3224.999881,0
24,17,16,246824,37,3224.999881,8062.499881,0
24,17,18,246824,27,3224.999881,4031.249881,0
24,18,17,246824,27,4031.249881,3224.999881,0
24,17,23,246824,36,3224.999881,8062.499881,0
24,23,17,246824,36,8062.499881,3224.999881,0
24,17,28,246824,40,3224.999881,8062.499881,0
24,28,17,246824,40,8062.499881,3224.999881,0
24,18,19,246824,30,4031.249881,8062.499881,0
24,19,18,246824,30,8062.499881,4031.249881,0
24,19,21,246824,28,8062.499881,3224.999881,0
24,21,19,246824,28,3224.999881,8062.499881,0
24,20,21,246824,42,8062.499881,3224.999881,0
24,21,20,246824,42,3224.999881,8062.499881,0
24,20,29,246824,46,8062.499881,5374.999881,0
24,29,20,246824,46,5374.999881,8062.499881,0
24,21,23,246824,36,3224.999881,8062.499881,0
24,23,21,246824,36,8062.499881,3224.999881,0
24,25,26,246824,37,5374.999881,8062.499881,0
24,26,25,246824,37,8062.499881,5374.999881,0
25,0,1,246824,8,4029.166547,2686.110992,0
25,1,0,246824,8,2686.110992,4029.166547,0
25,0,2,246824,11,4029.166547,4029.166547,0
25,2,0,246824,11,4029.166547,4029.166547,0
25,0,3,246824,7,4029.166547,2686.110992,0
25,3,0,246824,7,2686.110992,4029.166547,0
25,0,25,246824,27,4029.166547,5372.222103,0
25,25,0,246824,27,5372.222103,4029.166547,0
25,1,4,246824,11,2686.110992,2686.110992,0
25,4,1,246824,11,2686.110992,2686.110992,0
25,1,18,246824,21,2686.110992,3223.333214,0
25,18,1,246824,21,3223.333214,2686.110992,0
25,1,22,246824,35,2686.110992,8058.333214,0
25,22,1,246824,35,8058.333214,2686.110992,0
25,1,24,246824,37,2686.110992,8058.333214,0
25,24,1,246824,37,8058.333214,2686.110992,0
25,1,28,246824,38,2686.110992,8058.333214,0
25,28,1,246824,38,8058.333214,2686.110992,0
25,2,3,246824,12,4029.166547,2686.110992,0
25,3,2,246824,12,2686.110992,4029.166547,0
25,2,4,246824,13,4029.166547,2686.110992,0
25,4,2,246824,13,2686.110992,4029.166547,0
25,2,29,246824,27,4029.166547,8058.333214,0
25,29,2,246824,27,8058.333214,4029.166547,0
25,3,4,246824,11,2686.110992,2686.110992,0
25,4,3,246824,11,2686.110992,2686.110992,0
25,3,18,246824,21,2686.110992,3223.333214,0
25,18,3,246824,21,3223.333214,2686.110992,0
25,3,24,246824,37,2686.110992,8058.333214,0
25,24,3,246824,37,8058.333214,2686.110992,0
25,3,27,246824,24,2686.110992,8058.333214,0
25,27,3,246824,24,8058.333214,2686.110992,0
25,4,7,246824,12,2686.110992,2014.583214,0
25,7,4,246824,12,2014.583214,2686.110992,0
25,4,21,246824,23,2686.110992,5372.222103,0
25,21,4,246824,23,5372.222103,2686.110992,0
25,4,28,246824,39,2686.110992,8058.333214,0
25,28,4,246824,39,8058.333214,2686.110992,0
25,5,6,246824,12,5372.222103,5372.222103,0
25,6,5,246824,12,5372.222103,5372.222103,0
25,5,7,246824,11,5372.222103,2014.583214,0
25,7,5,246824,11,2014.583214,5372.222103,0
25,5,22,246824,37,5372.222103,8058.333214,0
25,22,5,246824,37,8058.333214,5372.222103,0
25,6,7,246824,11,5372.222103,2014.583214,0
25,7,6,246824,11,2014.583214,5372.222103,0
25,6,9,246824,11,5372.222103,4029.166547,0
25,9,6,246824,11,4029.166547,5372.222103,0
25,7,8,246824,10,2014.583214,3223.333214,0
25,8,7,246824,10,3223.333214,2014.583214,0
25,7,9,246824,11,2014.583214,4029.166547,0
25,9,7,246824,11,4029.166547,2014.583214,0
25,7,12,246824,8,2014.583214,4029.166547,0
25,12,7,246824,8,4029.166547,2014.583214,0
25,7,25,246824,29,2014.583214,5372.222103,0
25,25,7,246824,29,5372.222103,2014.583214,0
25,7,29,246824,27,2014.583214,8058.333214,0
25,29,7,246824,27,8058.333214,2014.583214,0
25,8,10,246824,11,3223.333214,5372.222103,0
25,10,8,246824,11,5372.222103,3223.333214,0
25,8,11,246824,8,3223.333214,4029.166547,0
25,11,8,246824,8,4029.166547,3223.333214,0
25,8,23,246824,34,3223.333214,8058.333214,0
25,23,8,246824,34,8058.333214,3223.333214,0
25,8,26,246824,26,3223.333214,8058.333214,0
25,26,8,246824,26,8058.333214,3223.333214,0
25,9,12,246824,9,4029.166547,4029.166547,0
25,12,9,246824,9,4029.166547,4029.166547,0
25,9,14,246824,10,4029.166547,3223.333214,0
25,14,9,246824,10,3223.333214,4029.166547,0
25,10,11,246824,10,5372.222103,4029.166547,0
25,11,10,246824,10,4029.166547,5372.222103,0
25,10,21,246824,23,5372.222103,5372.222103,0
25,21,10,246824,23,5372.222103,5372.222103,0
25,11,12,246824,7,4029.166547,4029.166547,0
25,12,11,246824,7,4029.166547,4029.166547,0
25,11,14,246824,8,4029.166547,3223.333214,0
25,14,11,246824,8,3223.333214,4029.166547,0
25,12,13,246824,7,4029.166547,3223.333214,0
25,13,12,246824,7,3223.333214,4029.166547,0
25,13,14,246824,9,3223.333214,3223.333214,0
25,14,13,246824,9,3223.333214,3223.333214,0
25,13,15,246824,28,3223.333214,8058.333214,0
25,15,13,246824,28,8058.333214,3223.333214,0
25,13,16,246824,35,3223.333214,8058.333214,0
25,16,13,246824,35,8058.333214,3223.333214,0
25,13,27,246824,24,3223.333214,8058.333214,0
25,27,13,246824,24,8058.333214,3223.333214,0
25,14,16,246824,35,3223.333214,8058.333214,0
25,16,14,246824,35,8058.333214,3223.333214,0
25,14,17,246824,23,3223.333214,4029.166547,0
25,17,14,246824,23,4029.166547,3223.333214,0
25,15,18,246824,32,8058.333214,3223.333214,0
25,18,15,246824,32,3223.333214,8058.333214,0
25,17,18,246824,27,4029.166547,3223.333214,0
25,18,17,246824,27,3223.333214,4029.166547,0
25,17,19,246824,28,4029.166547,5372.222103,0
25,19,17,246824,28,5372.222103,4029.166547,0
25,17,20,246824,42,4029.166547,8058.333214,0
25,20,17,246824,42,8058.333214,4029.166547,0
25,18,19,246824,30,3223.333214,5372.222103,0
25,19,18,246824,30,5372.222103,3223.333214,0
25,19,20,246824,45,5372.222103,8058.333214,0
25,20,19,246824,45,8058.333214,5372.222103,0
25,21,23,246824,36,5372.222103,8058.333214,0
25,23,21,246824,36,8058.333214,5372.222103,0
25,25,26,246824,37,5372.222103,8058.333214,0
25,26,25,246824,37,8058.333214,5372.222103,0
26,0,1,246824,8,4031.249881,2687.499881,0
26,1,0,246824,8,2687.499881,4031.249881,0
26,0,2,246824,11,4031.249881,2687.499881,0
26,2,0,246824,11,2687.499881,4031.249881,0
26,0,3,246824,7,4031.249881,3224.999881,0
26,3,0,246824,7,3224.999881,4031.249881,0
26,0,25,246824,27,4031.249881,8062.499881,0
26,25,0,246824,27,8062.499881,4031.249881,0
26,1,2,246824,12,2687.499881,2687.499881,0
26,2,1,246824,12,2687.499881,2687.499881,0
26,1,4,246824,11,2687.499881,3224.999881,0
26,4,1,246824,11,3224.999881,2687.499881,0
26,1,22,246824,35,2687.499881,8062.499881,0
26,22,1,246824,35,8062.499881,2687.499881,0
26,1,24,246824,37,2687.499881,8062.499881,0
26,24,1,246824,37,8062.499881,2687.499881,0
26,1,28,246824,38,2687.499881,8062.499881,0
26,28,1,246824,38,8062.499881,2687.499881,0
26,2,4,246824,13,2687.499881,3224.999881,0
26,4,2,246824,13,3224.999881,2687.499881,0
26,2,5,246824,14,2687.499881,4031.249881,0
26,5,2,246824,14,4031.249881,2687.499881,0
26,2,12,246824,11,2687.499881,5374.999881,0
26,12,2,246824,11,5374.999881,2687.499881,0
26,2,29,246824,27,2687.499881,4031.249881,0
26,29,2,246824,27,4031.249881,2687.499881,0
26,3,4,246824,11,3224.999881,3224.999881,0
26,4,3,246824,11,3224.999881,3224.999881,0
26,3,18,246824,21,3224.999881,4031.249881,0
26,18,3,246824,21,4031.249881,3224.999881,0
26,3,24,246824,37,3224.999881,8062.499881,0
26,24,3,246824,37,8062.499881,3224.999881,0
26,3,27,246824,24,3224.999881,8062.499881,0
26,27,3,246824,24,8062.499881,3224.999881,0
26,4,5,246824,13,3224.999881,4031.249881,0
26,5,4,246824,13,4031.249881,3224.999881,0
26,4,28,246824,39,3224.999881,8062.499881,0
26,28,4,246824,39,8062.499881,3224.999881,0
26,5,6,246824,12,4031.249881,5374.999881,0
26,6,5,246824,12,5374.999881,4031.249881,0
26,5,7,246824,11,4031.249881,4031.249881,0
26,7,5,246824,11,4031.249881,4031.249881,0
26,6,9,246824,11,5374.999881,5374.999881,0
26,9,6,246824,11,5374.999881,5374.999881,0
26,6,15,246824,29,5374.999881,8062.499881,0
26,15,6,246824,29,8062.499881,5374.999881,0
26,7,8,246824,10,4031.249881,2687.499881,0
26,8,7,246824,10,2687.499881,4031.249881,0
26,7,25,246824,29,4031.249881,8062.499881,0
26,25,7,246824,29,8062.499881,4031.249881,0
26,7,29,246824,27,4031.249881,4031.249881,0
26,29,7,246824,27,4031.249881,4031.249881,0
26,8,9,246824,10,2687.499881,5374.999881,0
26,9,8,246824,10,5374.999881,2687.499881,0
26,8,11,246824,8,2687.499881,2687.499881,0
26,11,8,246824,8,2687.499881,2687.499881,0
26,8,18,246824,21,2687.499881,4031.249881,0
26,18,8,246824,21,4031.249881,2687.499881,0
26,8,23,246824,34,2687.499881,8062.499881,0
26,23,8,246824,34,8062.499881,2687.499881,0
26,8,26,246824,26,2687.499881,8062.499881,0
26,26,8,246824,26,8062.499881,2687.499881,0
26,9,14,246824,10,5374.999881,3224.999881,0
26,14,9,246824,10,3224.999881,5374.999881,0
26,10,11,246824,10,5374.999881,2687.499881,0
26,11,10,246824,10,2687.499881,5374.999881,0
26,10,13,246824,11,5374.999881,2303.571309,0
26,13,10,246824,11,2303.571309,5374.999881,0
26,10,21,246824,23,5374.999881,4031.249881,0
26,21,10,246824,23,4031.249881,5374.999881,0
26,11,12,246824,7,2687.499881,5374.999881,0
26,12,11,246824,7,5374.999881,2687.499881,0
26,11,13,246824,8,2687.499881,2303.571309,0
26,13,11,246824,8,2303.571309,2687.499881,0
26,11,14,246824,8,2687.499881,3224.999881,0
26,14,11,246824,8,3224.999881,2687.499881,0
26,11,21,246824,21,2687.499881,4031.249881,0
26,21,11,246824,21,4031.249881,2687.499881,0
26,12,13,246824,7,5374.999881,2303.571309,0
26,13,12,246824,7,2303.571309,5374.999881,0
26,13,14,246824,9,2303.571309,3224.999881,0
26,14,13,246824,9,3224.999881,2303.571309,0
26,13,15,246824,28,2303.571309,8062.499881,0
26,15,13,246824,28,8062.499881,2303.571309,0
26,13,16,246824,35,2303.571309,8062.499881,0
26,16,13,246824,35,8062.499881,2303.571309,0
26,13,27,246824,24,2303.571309,8062.499881,0
26,27,13,246824,24,8062.499881,2303.571309,0
26,14,16,246824,35,3224.999881,8062.499881,0
26,16,14,246824,35,8062.499881,3224.999881,0
26,14,17,246824,23,3224.999881,8062.499881,0
26,17,14,246824,23,8062.499881,3224.999881,0
26,17,18,246824,27,8062.499881,4031.249881,0
26,18,17,246824,27,4031.249881,8062.499881,0
26,18,19,246824,30,4031.249881,4031.249881,0
26,19,18,246824,30,4031.249881,4031.249881,0
26,19,20,246824,45,4031.249881,8062.499881,0
26,20,19,246824,45,8062.499881,4031.249881,0
26,19,21,246824,28,4031.249881,4031.249881,0
26,21,19,246824,28,4031.249881,4031.249881,0
26,19,22,246824,40,4031.249881,8062.499881,0
26,22,19,246824,40,8062.499881,4031.249881,0
26,20,29,246824,46,8062.499881,4031.249881,0
26,29,20,246824,46,4031.249881,8062.499881,0
26,21,23,246824,36,4031.249881,8062.499881,0
26,23,21,246824,36,8062.499881,4031.249881,0
26,26,29,246824,35,8062.499881,4031.249881,0
26,29,26,246824,35,4031.249881,8062.499881,0
27,0,1,246824,8,4022.916548,2298.809405,0
27,1,0,246824,8,2298.809405,4022.916548,0
27,0,2,246824,11,4022.916548,4022.916548,0
27,2,0,246824,11,4022.916548,4022.916548,0
27,0,3,246824,7,4022.916548,4022.916548,0
27,3,0,246824,7,4022.916548,4022.916548,0
27,0,25,246824,27,4022.916548,8045.833214,0
27,25,0,246824,27,8045.833214,4022.916548,0
27,1,2,246824,12,2298.809405,4022.916548,0
27,2,1,246824,12,4022.916548,2298.809405,0
27,1,4,246824,11,2298.809405,4022.916548,0
27,4,1,246824,11,4022.916548,2298.809405,0
27,1,18,246824,21,2298.809405,4022.916548,0
27,18,1,246824,21,4022.916548,2298.809405,0
27,1,22,246824,35,2298.809405,8045.833214,0
27,22,1,246824,35,8045.833214,2298.809405,0
27,1,24,246824,37,2298.809405,8045.833214,0
27,24,1,246824,37,8045.833214,2298.809405,0
27,1,28,246824,38,2298.809405,8045.833214,0
27,28,1,246824,38,8045.833214,2298.809405,0
27,2,3,246824,12,4022.916548,4022.916548,0
27,3,2,246824,12,4022.916548,4022.916548,0
27,2,29,246824,27,4022.916548,5363.888770,0
27,29,2,246824,27,5363.888770,4022.916548,0
27,3,24,246824,37,4022.916548,8045.833214,0
27,24,3,246824,37,8045.833214,4022.916548,0
27,3,27,246824,24,4022.916548,8045.833214,0
27,27,3,246824,24,8045.833214,4022.916548,0
27,4,5,246824,13,4022.916548,4022.916548,0
27,5,4,246824,13,4022.916548,4022.916548,0
27,4,7,246824,12,4022.916548,1787.962844,0
27,7,4,246824,12,1787.962844,4022.916548,0
27,4,21,246824,23,4022.916548,4022.916548,0
27,21,4,246824,23,4022.916548,4022.916548,0
27,5,6,246824,12,4022.916548,5363.888770,0
27,6,5,246824,12,5363.888770,4022.916548,0
27,5,7,246824,11,4022.916548,1787.962844,0
27,7,5,246824,11,1787.962844,4022.916548,0
27,5,22,246824,37,4022.916548,8045.833214,0
27,22,5,246824,37,8045.833214,4022.916548,0
27,6,7,246824,11,5363.888770,1787.962844,0
27,7,6,246824,11,1787.962844,5363.888770,0
27,6,9,246824,11,5363.888770,2298.809405,0
27,9,6,246824,11,2298.809405,5363.888770,0
27,7,8,246824,10,1787.962844,3218.333214,0
27,8,7,246824,10,3218.333214,1787.962844,0
27,7,9,246824,11,1787.962844,2298.809405,0
27,9,7,246824,11,2298.809405,1787.962844,0
27,7,12,246824,8,1787.962844,4022.916548,0
27,12,7,246824,8,4022.916548,1787.962844,0
27,7,18,246824,22,1787.962844,4022.916548,0
27,18,7,246824,22,4022.916548,1787.962844,0
27,7,25,246824,29,1787.962844,8045.833214,0
27,25,7,246824,29,8045.833214,1787.962844,0
27,7,29,246824,27,1787.962844,5363.888770,0
27,29,7,246824,27,5363.888770,1787.962844,0
27,8,9,246824,10,3218.333214,2298.809405,0
27,9,8,246824,10,2298.809405,3218.333214,0
27,8,11,246824,8,3218.333214,3218.333214,0
27,11,8,246824,8,3218.333214,3218.333214,0
27,8,23,246824,34,3218.333214,8045.833214,0
27,23,8,246824,34,8045.833214,3218.333214,0
27,8,26,246824,26,3218.333214,8045.833214,0
27,26,8,246824,26,8045.833214,3218.333214,0
27,9,10,246824,12,2298.809405,8045.833214,0
27,10,9,246824,12,8045.833214,2298.809405,0
27,9,11,246824,9,2298.809405,3218.333214,0
27,11,9,246824,9,3218.333214,2298.809405,0
27,9,12,246824,9,2298.809405,4022.916548,0
27,12,9,246824,9,4022.916548,2298.809405,0
27,9,14,246824,10,2298.809405,5363.888770,0
27,14,9,246824,10,5363.888770,2298.809405,0
27,10,13,246824,11,8045.833214,3218.333214,0
27,13,10,246824,11,3218.333214,8045.833214,0
27,11,12,246824,7,3218.333214,4022.916548,0
27,12,11,246824,7,4022.916548,3218.333214,0
27,11,14,246824,8,3218.333214,5363.888770,0
27,14,11,246824,8,5363.888770,3218.333214,0
27,11,21,246824,21,3218.333214,4022.916548,0
27,21,11,246824,21,4022.916548,3218.333214,0
27,12,13,246824,7,4022.916548,3218.333214,0
27,13,12,246824,7,3218.333214,4022.916548,0
27,13,15,246824,28,3218.333214,8045.833214,0
27,15,13,246824,28,8045.833214,3218.333214,0
27,13,16,246824,35,3218.333214,8045.833214,0
27,16,13,246824,35,8045.833214,3218.333214,0
27,13,27,246824,24,3218.333214,8045.833214,0
27,27,13,246824,24,8045.833214,3218.333214,0
27,14,17,246824,23,5363.888770,2298.809405,0
27,17,14,246824,23,2298.809405,5363.888770,0
27,15,17,246824,31,8045.833214,2298.809405,0
27,17,15,246824,31,2298.809405,8045.833214,0
27,16,18,246824,39,8045.833214,4022.916548,0
27,18,16,246824,39,4022.916548,8045.833214,0
27,17,18,246824,27,2298.809405,4022.916548,0
27,18,17,246824,27,4022.916548,2298.809405,0
27,17,19,246824,28,2298.809405,8045.833214,0
27,19,17,246824,28,8045.833214,2298.809405,0
27,17,20,246824,42,2298.809405,8045.833214,0
27,20,17,246824,42,8045.833214,2298.809405,0
27,17,23,246824,36,2298.809405,8045.833214,0
27,23,17,246824,36,8045.833214,2298.809405,0
27,17,28,246824,40,2298.809405,8045.833214,0
27,28,17,246824,40,8045.833214,2298.809405,0
27,19,21,246824,28,8045.833214,4022.916548,0
27,21,19,246824,28,4022.916548,8045.833214,0
27,20,21,246824,42,8045.833214,4022.916548,0
27,21,20,246824,42,4022.916548,8045.833214,0
27,26,29,246824,35,8045.833214,5363.888770,0
27,29,26,246824,35,5363.888770,8045.833214,0
28,0,2,246824,11,5374.999881,2687.499881,0
28,2,0,246824,11,2687.499881,5374.999881,0
28,0,3,246824,7,5374.999881,2687.499881,0
28,3,0,246824,7,2687.499881,5374.999881,0
28,0,25,246824,27,5374.999881,5374.999881,0
28,25,0,246824,27,5374.999881,5374.999881,0
28,1,2,246824,12,2687.499881,2687.499881,0
28,2,1,246824,12,2687.499881,2687.499881,0
28,1,4,246824,11,2687.499881,8062.499881,0
28,4,1,246824,11,8062.499881,2687.499881,0
28,1,18,246824,21,2687.499881,3224.999881,0
28,18,1,246824,21,3224.999881,2687.499881,0
28,1,22,246824,35,2687.499881,8062.499881,0
28,22,1,246824,35,8062.499881,2687.499881,0
28,1,24,246824,37,2687.499881,8062.499881,0
28,24,1,246824,37,8062.499881,2687.499881,0
28,1,28,246824,38,2687.499881,8062.499881,0
28,28,1,246824,38,8062.499881,2687.499881,0
28,2,3,246824,12,2687.499881,2687.499881,0
28,3,2,246824,12,2687.499881,2687.499881,0
28,2,5,246824,14,2687.499881,5374.999881,0
28,5,2,246824,14,5374.999881,2687.499881,0
28,2,12,246824,11,2687.499881,4031.249881,0
28,12,2,246824,11,4031.249881,2687.499881,0
28,2,29,246824,27,2687.499881,5374.999881,0
28,29,2,246824,27,5374.999881,2687.499881,0
28,3,4,246824,11,2687.499881,8062.499881,0
28,4,3,246824,11,8062.499881,2687.499881,0
28,3,18,246824,21,2687.499881,3224.999881,0
28,18,3,246824,21,3224.999881,2687.499881,0
28,3,24,246824,37,2687.499881,8062.499881,0
28,24,3,246824,37,8062.499881,2687.499881,0
28,3,27,246824,24,2687.499881,8062.499881,0
28,27,3,246824,24,8062.499881,2687.499881,0
28,5,6,246824,12,5374.999881,4031.249881,0
28,6,5,246824,12,4031.249881,5374.999881,0
28,5,22,246824,37,5374.999881,8062.499881,0
28,22,5,246824,37,8062.499881,5374.999881,0
28,6,7,246824,11,4031.249881,3224.999881,0
28,7,6,246824,11,3224.999881,4031.249881,0
28,6,9,246824,11,4031.249881,4031.249881,0
28,9,6,246824,11,4031.249881,4031.249881,0
28,6,15,246824,29,4031.249881,8062.499881,0
28,15,6,246824,29,8062.499881,4031.249881,0
28,7,8,246824,10,3224.999881,4031.249881,0
28,8,7,246824,10,4031.249881,3224.999881,0
28,7,12,246824,8,3224.999881,4031.249881,0
28,12,7,246824,8,4031.249881,3224.999881,0
28,7,25,246824,29,3224.999881,5374.999881,0
28,25,7,246824,29,5374.999881,3224.999881,0
28,7,29,246824,27,3224.999881,5374.999881,0
28,29,7,246824,27,5374.999881,3224.999881,0
28,8,11,246824,8,4031.249881,2687.499881,0
28,11,8,246824,8,2687.499881,4031.249881,0
28,8,23,246824,34,4031.249881,8062.499881,0
28,23,8,246824,34,8062.499881,4031.249881,0
28,8,26,246824,26,4031.249881,8062.499881,0
28,26,8,246824,26,8062.499881,4031.249881,0
28,9,10,246824,12,4031.249881,5374.999881,0
28,10,9,246824,12,5374.999881,4031.249881,0
28,9,12,246824,9,4031.249881,4031.249881,0
28,12,9,246824,9,4031.249881,4031.249881,0
28,9,14,246824,10,4031.249881,3224.999881,0
28,14,9,246824,10,3224.999881,4031.249881,0
28,10,11,246824,10,5374.999881,2687.499881,0
28,11,10,246824,10,2687.499881,5374.999881,0
28,10,21,246824,23,5374.999881,5374.999881,0
28,21,10,246824,23,5374.999881,5374.999881,0
28,11,12,246824,7,2687.499881,4031.249881,0
28,12,11,246824,7,4031.249881,2687.499881,0
28,11,13,246824,8,2687.499881,5374.999881,0
28,13,11,246824,8,5374.999881,2687.499881,0
28,11,14,246824,8,2687.499881,3224.999881,0
28,14,11,246824,8,3224.999881,2687.499881,0
28,11,21,246824,21,2687.499881,5374.999881,0
28,21,11,246824,21,5374.999881,2687.499881,0
28,13,14,246824,9,5374.999881,3224.999881,0
28,14,13,246824,9,3224.999881,5374.999881,0
28,13,27,246824,24,5374.999881,8062.499881,0
28,27,13,246824,24,8062.499881,5374.999881,0
28,14,16,246824,35,3224.999881,8062.499881,0
28,16,14,246824,35,8062.499881,3224.999881,0
28,14,17,246824,23,3224.999881,2687.499881,0
28,17,14,246824,23,2687.499881,3224.999881,0
28,15,17,246824,31,8062.499881,2687.499881,0
28,17,15,246824,31,2687.499881,8062.499881,0
28,16,18,246824,39,8062.499881,3224.999881,0
28,18,16,246824,39,3224.999881,8062.499881,0
28,17,18,246824,27,2687.499881,3224.999881,0
28,18,17,246824,27,3224.999881,2687.499881,0
28,17,19,246824,28,2687.499881,8062.499881,0
28,19,17,246824,28,8062.499881,2687.499881,0
28,17,20,246824,42,2687.499881,8062.499881,0
28,20,17,246824,42,8062.499881,2687.499881,0
28,17,28,246824,40,2687.499881,8062.499881,0
28,28,17,246824,40,8062.499881,2687.499881,0
28,18,19,246824,30,3224.999881,8062.499881,0
28,19,18,246824,30,8062.499881,3224.999881,0
28,20,29,246824,46,8062.499881,5374.999881,0
28,29,20,246824,46,5374.999881,8062.499881,0
28,21,23,246824,36,5374.999881,8062.499881,0
28,23,21,246824,36,8062.499881,5374.999881,0
28,25,26,246824,37,5374.999881,8062.499881,0
28,26,25,246824,37,8062.499881,5374.999881,0
29,0,1,246824,8,5374.999881,2303.571309,0
29,1,0,246824,8,2303.571309,5374.999881,0
29,0,3,246824,7,5374.999881,3224.999881,0
29,3,0,246824,7,3224.999881,5374.999881,0
29,0,25,246824,27,5374.999881,8062.499881,0
29,25,0,246824,27,8062.499881,5374.999881,0
29,1,2,246824,12,2303.571309,4031.249881,0
29,2,1,246824,12,4031.249881,2303.571309,0
29,1,4,246824,11,2303.571309,2303.571309,0
29,4,1,246824,11,2303.571309,2303.571309,0
29,1,18,246824,21,2303.571309,3224.999881,0
29,18,1,246824,21,3224.999881,2303.571309,0
29,1,22,246824,35,2303.571309,8062.499881,0
29,22,1,246824,35,8062.499881,2303.571309,0
29,1,24,246824,37,2303.571309,8062.499881,0
29,24,1,246824,37,8062.499881,2303.571309,0
29,1,28,246824,38,2303.571309,8062.499881,0
29,28,1,246824,38,8062.499881,2303.571309,0
29,2,4,246824,13,4031.249881,2303.571309,0
29,4,2,246824,13,2303.571309,4031.249881,0
29,2,5,246824,14,4031.249881,5374.999881,0
29,5,2,246824,14,5374.999881,4031.249881,0
29,2,29,246824,27,4031.249881,4031.249881,0
29,29,2,246824,27,4031.249881,4031.249881,0
29,3,4,246824,11,3224.999881,2303.571309,0
29,4,3,246824,11,2303.571309,3224.999881,0
29,3,18,246824,21,3224.999881,3224.999881,0
29,18,3,246824,21,3224.999881,3224.999881,0
29,3,24,246824,37,3224.999881,8062.499881,0
29,24,3,246824,37,8062.499881,3224.999881,0
29,3,27,246824,24,3224.999881,5374.999881,0
29,27,3,246824,24,5374.999881,3224.999881,0
29,4,5,246824,13,2303.571309,5374.999881,0
29,5,4,246824,13,5374.999881,2303.571309,0
29,4,7,246824,12,2303.571309,3224.999881,0
29,7,4,246824,12,3224.999881,2303.571309,0
29,4,21,246824,23,2303.571309,5374.999881,0
29,21,4,246824,23,5374.999881,2303.571309,0
29,4,28,246824,39,2303.571309,8062.499881,0
29,28,4,246824,39,8062.499881,2303.571309,0
29,5,22,246824,37,5374.999881,8062.499881,0
29,22,5,246824,37,8062.499881,5374.999881,0
29,6,7,246824,11,8062.499881,3224.999881,0
29,7,6,246824,11,3224.999881,8062.499881,0
29,6,9,246824,11,8062.499881,4031.249881,0
29,9,6,246824,11,4031.249881,8062.499881,0
29,7,8,246824,10,3224.999881,5374.999881,0
29,8,7,246824,10,5374.999881,3224.999881,0
29,7,9,246824,11,3224.999881,4031.249881,0
29,9,7,246824,11,4031.249881,3224.999881,0
29,7,29,246824,27,3224.999881,4031.249881,0
29,29,7,246824,27,4031.249881,3224.999881,0
29,8,10,246824,11,5374.999881,4031.249881,0
29,10,8,246824,11,4031.249881,5374.999881,0
29,8,26,246824,26,5374.999881,8062.499881,0
29,26,8,246824,26,8062.499881,5374.999881,0
29,9,11,246824,9,4031.249881,4031.249881,0
29,11,9,246824,9,4031.249881,4031.249881,0
29,9,14,246824,10,4031.249881,3224.999881,0
29,14,9,246824,10,3224.999881,4031.249881,0
29,10,11,246824,10,4031.249881,4031.249881,0
29,11,10,246824,10,4031.249881,4031.249881,0
29,10,13,246824,11,4031.249881,2687.499881,0
29,13,10,246824,11,2687.499881,4031.249881,0
29,10,21,246824,23,4031.249881,5374.999881,0
29,21,10,246824,23,5374.999881,4031.249881,0
29,11,12,246824,7,4031.249881,8062.499881,0
29,12,11,246824,7,8062.499881,4031.249881,0
29,11,14,246824,8,4031.249881,3224.999881,0
29,14,11,246824,8,3224.999881,4031.249881,0
29,12,13,246824,7,8062.499881,2687.499881,0
29,13,12,246824,7,2687.499881,8062.499881,0
29,13,14,246824,9,2687.499881,3224.999881,0
29,14,13,246824,9,3224.999881,2687.499881,0
29,13,15,246824,28,2687.499881,8062.499881,0
29,15,13,246824,28,8062.499881,2687.499881,0
29,13,16,246824,35,2687.499881,8062.499881,0
29,16,13,246824,35,8062.499881,2687.499881,0
29,13,27,246824,24,2687.499881,5374.999881,0
29,27,13,246824,24,5374.999881,2687.499881,0
29,14,16,246824,35,3224.999881,8062.499881,0
29,16,14,246824,35,8062.499881,3224.999881,0
29,14,17,246824,23,3224.999881,3224.999881,0
29,17,14,246824,23,3224.999881,3224.999881,0
29,15,18,246824,32,8062.499881,3224.999881,0
29,18,15,246824,32,3224.999881,8062.499881,0
29,17,18,246824,27,3224.999881,3224.999881,0
29,18,17,246824,27,3224.999881,3224.999881,0
29,17,19,246824,28,3224.999881,8062.499881,0
29,19,17,246824,28,8062.499881,3224.999881,0
29,17,20,246824,42,3224.999881,8062.499881,0
29,20,17,246824,42,8062.499881,3224.999881,0
29,17,23,246824,36,3224.999881,8062.499881,0
29,23,17,246824,36,8062.499881,3224.999881,0
29,18,19,246824,30,3224.999881,8062.499881,0
29,19,18,246824,30,8062.499881,3224.999881,0
29,20,29,246824,46,8062.499881,4031.249881,0
29,29,20,246824,46,4031.249881,8062.499881,0
29,21,23,246824,36,5374.999881,8062.499881,0
29,23,21,246824,36,8062.499881,5374.999881,0
29,25,27,246824,34,8062.499881,5374.999881,0
29,27,25,246824,34,5374.999881,8062.499881,0
29,26,29,246824,35,8062.499881,4031.249881,0
29,29,26,246824,35,4031.249881,8062.499881,0
30,0,1,246824,8,4029.166547,3223.333214,0
30,1,0,246824,8,3223.333214,4029.166547,0
30,0,2,246824,11,4029.166547,3223.333214,0
30,2,0,246824,11,3223.333214,4029.166547,0
30,0,3,246824,7,4029.166547,3223.333214,0
30,3,0,246824,7,3223.333214,4029.166547,0
30,0,25,246824,27,4029.166547,5372.222103,0
30,25,0,246824,27,5372.222103,4029.166547,0
30,1,4,246824,11,3223.333214,3223.333214,0
30,4,1,246824,11,3223.333214,3223.333214,0
30,1,22,246824,35,3223.333214,8058.333214,0
30,22,1,246824,35,8058.333214,3223.333214,0
30,1,24,246824,37,3223.333214,8058.333214,0
30,24,1,246824,37,8058.333214,3223.333214,0
30,1,28,246824,38,3223.333214,8058.333214,0
30,28,1,246824,38,8058.333214,3223.333214,0
30,2,3,246824,12,3223.333214,3223.333214,0
30,3,2,246824,12,3223.333214,3223.333214,0
30,2,4,246824,13,3223.333214,3223.333214,0
30,4,2,246824,13,3223.333214,3223.333214,0
30,2,12,246824,11,3223.333214,4029.166547,0
30,12,2,246824,11,4029.166547,3223.333214,0
30,2,29,246824,27,3223.333214,8058.333214,0
30,29,2,246824,27,8058.333214,3223.333214,0
30,3,4,246824,11,3223.333214,3223.333214,0
30,4,3,246824,11,3223.333214,3223.333214,0
30,3,24,246824,37,3223.333214,8058.333214,0
30,24,3,246824,37,8058.333214,3223.333214,0
30,3,27,246824,24,3223.333214,8058.333214,0
30,27,3,246824,24,8058.333214,3223.333214,0
30,4,5,246824,13,3223.333214,5372.222103,0
30,5,4,246824,13,5372.222103,3223.333214,0
30,4,21,246824,23,3223.333214,3223.333214,0
30,21,4,246824,23,3223.333214,3223.333214,0
30,5,6,246824,12,5372.222103,8058.333214,0
30,6,5,246824,12,8058.333214,5372.222103,0
30,5,7,246824,11,5372.222103,2686.110992,0
30,7,5,246824,11,2686.110992,5372.222103,0
30,6,9,246824,11,8058.333214,2686.110992,0
30,9,6,246824,11,2686.110992,8058.333214,0
30,7,8,246824,10,2686.110992,2686.110992,0
30,8,7,246824,10,2686.110992,2686.110992,0
30,7,9,246824,11,2686.110992,2686.110992,0
30,9,7,246824,11,2686.110992,2686.110992,0
30,7,18,246824,22,2686.110992,4029.166547,0
30,18,7,246824,22,4029.166547,2686.110992,0
30,7,25,246824,29,2686.110992,5372.222103,0
30,25,7,246824,29,5372.222103,2686.110992,0
30,7,29,246824,27,2686.110992,8058.333214,0
30,29,7,246824,27,8058.333214,2686.110992,0
30,8,9,246824,10,2686.110992,2686.110992,0
30,9,8,246824,10,2686.110992,2686.110992,0
30,8,10,246824,11,2686.110992,4029.166547,0
30,10,8,246824,11,4029.166547,2686.110992,0
30,8,18,246824,21,2686.110992,4029.166547,0
30,18,8,246824,21,4029.166547,2686.110992,0
30,8,23,246824,34,2686.110992,8058.333214,0
30,23,8,246824,34,8058.333214,2686.110992,0
30,8,26,246824,26,2686.110992,8058.333214,0
30,26,8,246824,26,8058.333214,2686.110992,0
30,9,11,246824,9,2686.110992,4029.166547,0
30,11,9,246824,9,4029.166547,2686.110992,0
30,9,12,246824,9,2686.110992,4029.166547,0
30,12,9,246824,9,4029.166547,2686.110992,0
30,9,14,246824,10,2686.110992,3223.333214,0
30,14,9,246824,10,3223.333214,2686.110992,0
30,10,11,246824,10,4029.166547,4029.166547,0
30,11,10,246824,10,4029.166547,4029.166547,0
30,10,13,246824,11,4029.166547,2686.110992,0
30,13,10,246824,11,2686.110992,4029.166547,0
30,10,21,246824,23,4029.166547,3223.333214,0
30,21,10,246824,23,3223.333214,4029.166547,0
30,11,12,246824,7,4029.166547,4029.166547,0
30,12,11,246824,7,4029.166547,4029.166547,0
30,11,14,246824,8,4029.166547,3223.333214,0
30,14,11,246824,8,3223.333214,4029.166547,0
30,12,13,246824,7,4029.166547,2686.110992,0
30,13,12,246824,7,2686.110992,4029.166547,0
30,13,14,246824,9,2686.110992,3223.333214,0
30,14,13,246824,9,3223.333214,2686.110992,0
30,13,15,246824,28,2686.110992,8058.333214,0
30,15,13,246824,28,8058.333214,2686.110992,0
30,13,16,246824,35,2686.110992,8058.333214,0
30,16,13,246824,35,8058.333214,2686.110992,0
30,13,27,246824,24,2686.110992,8058.333214,0
30,27,13,246824,24,8058.333214,2686.110992,0
30,14,16,246824,35,3223.333214,8058.333214,0
30,16,14,246824,35,8058.333214,3223.333214,0
30,14,17,246824,23,3223.333214,4029.166547,0
30,17,14,246824,23,4029.166547,3223.333214,0
30,15,17,246824,31,8058.333214,4029.166547,0
30,17,15,246824,31,4029.166547,8058.333214,0
30,17,18,246824,27,4029.166547,4029.166547,0
30,18,17,246824,27,4029.166547,4029.166547,0
30,17,28,246824,40,4029.166547,8058.333214,0
30,28,17,246824,40,8058.333214,4029.166547,0
30,18,19,246824,30,4029.166547,4029.166547,0
30,19,18,246824,30,4029.166547,4029.166547,0
30,19,20,246824,45,4029.166547,8058.333214,0
30,20,19,246824,45,8058.333214,4029.166547,0
30,19,21,246824,28,4029.166547,3223.333214,0
30,21,19,246824,28,3223.333214,4029.166547,0
30,19,22,246824,40,4029.166547,8058.333214,0
30,22,19,246824,40,8058.333214,4029.166547,0
30,20,21,246824,42,8058.333214,3223.333214,0
30,21,20,246824,42,3223.333214,8058.333214,0
30,21,23,246824,36,3223.333214,8058.333214,0
30,23,21,246824,36,8058.333214,3223.333214,0
30,25,26,246824,37,5372.222103,8058.333214,0
30,26,25,246824,37,8058.333214,5372.222103,0
31,0,1,246824,8,5374.999883,2303.571312,0
31,1,0,246824,8,2303.571312,5374.999883,0
31,0,3,246824,7,5374.999883,3224.999883,0
31,3,0,246824,7,3224.999883,5374.999883,0
31,0,25,246824,27,5374.999883,5374.999883,0
31,25,0,246824,27,5374.999883,5374.999883,0
31,1,2,246824,12,2303.571312,4031.249883,0
31,2,1,246824,12,4031.249883,2303.571312,0
31,1,4,246824,11,2303.571312,4031.249883,0
31,4,1,246824,11,4031.249883,2303.571312,0
31,1,18,246824,21,2303.571312,4031.249883,0
31,18,1,246824,21,4031.249883,2303.571312,0
31,1,22,246824,35,2303.571312,8062.499883,0
31,22,1,246824,35,8062.499883,2303.571312,0
31,1,24,246824,37,2303.571312,8062.499883,0
31,24,1,246824,37,8062.499883,2303.571312,0
31,1,28,246824,38,2303.571312,8062.499883,0
31,28,1,246824,38,8062.499883,2303.571312,0
31,2,3,246824,12,4031.249883,3224.999883,0
31,3,2,246824,12,3224.999883,4031.249883,0
31,2,12,246824,11,4031.249883,4031.249883,0
31,12,2,246824,11,4031.249883,4031.249883,0
31,2,29,246824,27,4031.249883,8062.499883,0
31,29,2,246824,27,8062.499883,4031.249883,0
31,3,4,246824,11,3224.999883,4031.249883,0
31,4,3,246824,11,4031.249883,3224.999883,0
31,3,18,246824,21,3224.999883,4031.249883,0
31,18,3,246824,21,4031.249883,3224.999883,0
31,3,27,246824,24,3224.999883,8062.499883,0
31,27,3,246824,24,8062.499883,3224.999883,0
31,4,7,246824,12,4031.249883,2015.624883,0
31,7,4,246824,12,2015.624883,4031.249883,0
31,4,28,246824,39,4031.249883,8062.499883,0
31,28,4,246824,39,8062.499883,4031.249883,0
31,5,6,246824,12,5374.999883,4031.249883,0
31,6,5,246824,12,4031.249883,5374.999883,0
31,5,7,246824,11,5374.999883,2015.624883,0
31,7,5,246824,11,2015.624883,5374.999883,0
31,5,22,246824,37,5374.999883,8062.499883,0
31,22,5,246824,37,8062.499883,5374.999883,0
31,6,7,246824,11,4031.249883,2015.624883,0
31,7,6,246824,11,2015.624883,4031.249883,0
31,6,9,246824,11,4031.249883,5374.999883,0
31,9,6,246824,11,5374.999883,4031.249883,0
31,6,15,246824,29,4031.249883,8062.499883,0
31,15,6,246824,29,8062.499883,4031.249883,0
31,7,8,246824,10,2015.624883,3224.999883,0
31,8,7,246824,10,3224.999883,2015.624883,0
31,7,9,246824,11,2015.624883,5374.999883,0
31,9,7,246824,11,5374.999883,2015.624883,0
31,7,12,246824,8,2015.624883,4031.249883,0
31,12,7,246824,8,4031.249883,2015.624883,0
31,7,25,246824,29,2015.624883,5374.999883,0
31,25,7,246824,29,5374.999883,2015.624883,0
31,7,29,246824,27,2015.624883,8062.499883,0
31,29,7,246824,27,8062.499883,2015.624883,0
31,8,10,246824,11,3224.999883,5374.999883,0
31,10,8,246824,11,5374.999883,3224.999883,0
31,8,11,246824,8,3224.999883,2303.571312,0
31,11,8,246824,8,2303.571312,3224.999883,0
31,8,23,246824,34,3224.999883,8062.499883,0
31,23,8,246824,34,8062.499883,3224.999883,0
31,8,26,246824,26,3224.999883,5374.999883,0
31,26,8,246824,26,5374.999883,3224.999883,0
31,9,11,246824,9,5374.999883,2303.571312,0
31,11,9,246824,9,2303.571312,5374.999883,0
31,10,11,246824,10,5374.999883,2303.571312,0
31,11,10,246824,10,2303.571312,5374.999883,0
31,10,21,246824,23,5374.999883,4031.249883,0
31,21,10,246824,23,4031.249883,5374.999883,0
31,11,12,246824,7,2303.571312,4031.249883,0
31,12,11,246824,7,4031.249883,2303.571312,0
31,11,13,246824,8,2303.571312,3224.999883,0
31,13,11,246824,8,3224.999883,2303.571312,0
31,11,14,246824,8,2303.571312,5374.999883,0
31,14,11,246824,8,5374.999883,2303.571312,0
31,11,21,246824,21,2303.571312,4031.249883,0
31,21,11,246824,21,4031.249883,2303.571312,0
31,12,13,246824,7,4031.249883,3224.999883,0
31,13,12,246824,7,3224.999883,4031.249883,0
31,13,14,246824,9,3224.999883,5374.999883,0
31,14,13,246824,9,5374.999883,3224.999883,0
31,13,15,246824,28,3224.999883,8062.499883,0
31,15,13,246824,28,8062.499883,3224.999883,0
31,13,27,246824,24,3224.999883,8062.499883,0
31,27,13,246824,24,8062.499883,3224.999883,0
31,14,17,246824,23,5374.999883,2687.499883,0
31,17,14,246824,23,2687.499883,5374.999883,0
31,16,17,246824,37,8062.499883,2687.499883,0
31,17,16,246824,37,2687.499883,8062.499883,0
31,16,18,246824,39,8062.499883,4031.249883,0
31,18,16,246824,39,4031.249883,8062.499883,0
31,17,18,246824,27,2687.499883,4031.249883,0
31,18,17,246824,27,4031.249883,2687.499883,0
31,17,19,246824,28,2687.499883,8062.499883,0
31,19,17,246824,28,8062.499883,2687.499883,0
31,17,20,246824,42,2687.499883,8062.499883,0
31,20,17,246824,42,8062.499883,2687.499883,0
31,17,23,246824,36,2687.499883,8062.499883,0
31,23,17,246824,36,8062.499883,2687.499883,0
31,19,21,246824,28,8062.499883,4031.249883,0
31,21,19,246824,28,4031.249883,8062.499883,0
31,20,21,246824,42,8062.499883,4031.249883,0
31,21,20,246824,42,4031.249883,8062.499883,0
31,24,26,246824,46,8062.499883,5374.999883,0
31,26,24,246824,46,5374.999883,8062.499883,0
31,25,26,246824,37,5374.999883,5374.999883,0
31,26,25,246824,37,5374.999883,5374.999883,0
32,0,1,246824,8,4031.249881,3224.999881,0
32,1,0,246824,8,3224.999881,4031.249881,0
32,0,2,246824,11,4031.249881,2687.499881,0
32,2,0,246824,11,2687.499881,4031.249881,0
32,0,3,246824,7,4031.249881,2687.499881,0
32,3,0,246824,7,2687.499881,4031.249881,0
32,0,25,246824,27,4031.249881,5374.999881,0
32,25,0,246824,27,5374.999881,4031.249881,0
32,1,2,246824,12,3224.999881,2687.499881,0
32,2,1,246824,12,2687.499881,3224.999881,0
32,1,22,246824,35,3224.999881,8062.499881,0
32,22,1,246824,35,8062.499881,3224.999881,0
32,1,24,246824,37,3224.999881,8062.499881,0
32,24,1,246824,37,8062.499881,3224.999881,0
32,1,28,246824,38,3224.999881,8062.499881,0
32,28,1,246824,38,8062.499881,3224.999881,0
32,2,3,246824,12,2687.499881,2687.499881,0
32,3,2,246824,12,2687.499881,2687.499881,0
32,2,5,246824,14,2687.499881,8062.499881,0
32,5,2,246824,14,8062.499881,2687.499881,0
32,2,12,246824,11,2687.499881,3224.999881,0
32,12,2,246824,11,3224.999881,2687.499881,0
32,2,29,246824,27,2687.499881,5374.999881,0
32,29,2,246824,27,5374.999881,2687.499881,0
32,3,4,246824,11,2687.499881,5374.999881,0
32,4,3,246824,11,5374.999881,2687.499881,0
32,3,18,246824,21,2687.499881,3224.999881,0
32,18,3,246824,21,3224.999881,2687.499881,0
32,3,24,246824,37,2687.499881,8062.499881,0
32,24,3,246824,37,8062.499881,2687.499881,0
32,3,27,246824,24,2687.499881,8062.499881,0
32,27,3,246824,24,8062.499881,2687.499881,0
32,4,7,246824,12,5374.999881,2303.571309,0
32,7,4,246824,12,2303.571309,5374.999881,0
32,4,21,246824,23,5374.999881,3224.999881,0
32,21,4,246824,23,3224.999881,5374.999881,0
32,5,6,246824,12,8062.499881,4031.249881,0
32,6,5,246824,12,4031.249881,8062.499881,0
32,6,7,246824,11,4031.249881,2303.571309,0
32,7,6,246824,11,2303.571309,4031.249881,0
32,6,9,246824,11,4031.249881,3224.999881,0
32,9,6,246824,11,3224.999881,4031.249881,0
32,6,15,246824,29,4031.249881,8062.499881,0
32,15,6,246824,29,8062.499881,4031.249881,0
32,7,8,246824,10,2303.571309,2687.499881,0
32,8,7,246824,10,2687.499881,2303.571309,0
32,7,9,246824,11,2303.571309,3224.999881,0
32,9,7,246824,11,3224.999881,2303.571309,0
32,7,12,246824,8,2303.571309,3224.999881,0
32,12,7,246824,8,3224.999881,2303.571309,0
32,7,25,246824,29,2303.571309,5374.999881,0
32,25,7,246824,29,5374.999881,2303.571309,0
32,7,29,246824,27,2303.571309,5374.999881,0
32,29,7,246824,27,5374.999881,2303.571309,0
32,8,9,246824,10,2687.499881,3224.999881,0
32,9,8,246824,10,3224.999881,2687.499881,0
32,8,11,246824,8,2687.499881,4031.249881,0
32,11,8,246824,8,4031.249881,2687.499881,0
32,8,18,246824,21,2687.499881,3224.999881,0
32,18,8,246824,21,3224.999881,2687.499881,0
32,8,23,246824,34,2687.499881,8062.499881,0
32,23,8,246824,34,8062.499881,2687.499881,0
32,8,26,246824,26,2687.499881,8062.499881,0
32,26,8,246824,26,8062.499881,2687.499881,0
32,9,10,246824,12,3224.999881,8062.499881,0
32,10,9,246824,12,8062.499881,3224.999881,0
32,9,12,246824,9,3224.999881,3224.999881,0
32,12,9,246824,9,3224.999881,3224.999881,0
32,10,13,246824,11,8062.499881,3224.999881,0
32,13,10,246824,11,3224.999881,8062.499881,0
32,11,12,246824,7,4031.249881,3224.999881,0
32,12,11,246824,7,3224.999881,4031.249881,0
32,11,14,246824,8,4031.249881,4031.249881,0
32,14,11,246824,8,4031.249881,4031.249881,0
32,11,21,246824,21,4031.249881,3224.999881,0
32,21,11,246824,21,3224.999881,4031.249881,0
32,12,13,246824,7,3224.999881,3224.999881,0
32,13,12,246824,7,3224.999881,3224.999881,0
32,13,14,246824,9,3224.999881,4031.249881,0
32,14,13,246824,9,4031.249881,3224.999881,0
32,13,16,246824,35,3224.999881,8062.499881,0
32,16,13,246824,35,8062.499881,3224.999881,0
32,13,27,246824,24,3224.999881,8062.499881,0
32,27,13,246824,24,8062.499881,3224.999881,0
32,14,16,246824,35,4031.249881,8062.499881,0
32,16,14,246824,35,8062.499881,4031.249881,0
32,14,17,246824,23,4031.249881,5374.999881,0
32,17,14,246824,23,5374.999881,4031.249881,0
32,15,18,246824,32,8062.499881,3224.999881,0
32,18,15,246824,32,3224.999881,8062.499881,0
32,17,18,246824,27,5374.999881,3224.999881,0
32,18,17,246824,27,3224.999881,5374.999881,0
32,17,28,246824,40,5374.999881,8062.499881,0
32,28,17,246824,40,8062.499881,5374.999881,0
32,18,19,246824,30,3224.999881,5374.999881,0
32,19,18,246824,30,5374.999881,3224.999881,0
32,19,21,246824,28,5374.999881,3224.999881,0
32,21,19,246824,28,3224.999881,5374.999881,0
32,19,22,246824,40,5374.999881,8062.499881,0
32,22,19,246824,40,8062.499881,5374.999881,0
32,20,21,246824,42,8062.499881,3224.999881,0
32,21,20,246824,42,3224.999881,8062.499881,0
32,20,29,246824,46,8062.499881,5374.999881,0
32,29,20,246824,46,5374.999881,8062.499881,0
32,21,23,246824,36,3224.999881,8062.499881,0
32,23,21,246824,36,8062.499881,3224.999881,0
32,25,26,246824,37,5374.999881,8062.499881,0
32,26,25,246824,37,8062.499881,5374.999881,0
33,0,1,246824,8,4022.916548,2298.809405,0
33,1,0,246824,8,2298.809405,4022.916548,0
33,0,2,246824,11,4022.916548,3218.333214,0
33,2,0,246824,11,3218.333214,4022.916548,0
33,0,3,246824,7,4022.916548,3218.333214,0
33,3,0,246824,7,3218.333214,4022.916548,0
33,0,25,246824,27,4022.916548,8045.833214,0
33,25,0,246824,27,8045.833214,4022.916548,0
33,1,2,246824,12,2298.809405,3218.333214,0
33,2,1,246824,12,3218.333214,2298.809405,0
33,1,4,246824,11,2298.809405,4022.916548,0
33,4,1,246824,11,4022.916548,2298.809405,0
33,1,18,246824,21,2298.809405,8045.833214,0
33,18,1,246824,21,8045.833214,2298.809405,0
33,1,22,246824,35,2298.809405,8045.833214,0
33,22,1,246824,35,8045.833214,2298.809405,0
33,1,24,246824,37,2298.809405,8045.833214,0
33,24,1,246824,37,8045.833214,2298.809405,0
33,1,28,246824,38,2298.809405,8045.833214,0
33,28,1,246824,38,8045.833214,2298.809405,0
33,2,3,246824,12,3218.333214,3218.333214,0
33,3,2,246824,12,3218.333214,3218.333214,0
33,2,5,246824,14,3218.333214,5363.888770,0
33,5,2,246824,14,5363.888770,3218.333214,0
33,2,29,246824,27,3218.333214,5363.888770,0
33,29,2,246824,27,5363.888770,3218.333214,0
33,3,18,246824,21,3218.333214,8045.833214,0
33,18,3,246824,21,8045.833214,3218.333214,0
33,3,24,246824,37,3218.333214,8045.833214,0
33,24,3,246824,37,8045.833214,3218.333214,0
33,3,27,246824,24,3218.333214,8045.833214,0
33,27,3,246824,24,8045.833214,3218.333214,0
33,4,7,246824,12,4022.916548,2298.809405,0
33,7,4,246824,12,2298.809405,4022.916548,0
33,4,21,246824,23,4022.916548,4022.916548,0
33,21,4,246824,23,4022.916548,4022.916548,0
33,4,28,246824,39,4022.916548,8045.833214,0
33,28,4,246824,39,8045.833214,4022.916548,0
33,5,7,246824,11,5363.888770,2298.809405,0
33,7,5,246824,11,2298.809405,5363.888770,0
33,5,22,246824,37,5363.888770,8045.833214,0
33,22,5,246824,37,8045.833214,5363.888770,0
33,6,7,246824,11,8045.833214,2298.809405,0
33,7,6,246824,11,2298.809405,8045.833214,0
33,6,9,246824,11,8045.833214,5363.888770,0
33,9,6,246824,11,5363.888770,8045.833214,0
33,7,8,246824,10,2298.809405,4022.916548,0
33,8,7,246824,10,4022.916548,2298.809405,0
33,7,12,246824,8,2298.809405,8045.833214,0
33,12,7,246824,8,8045.833214,2298.809405,0
33,7,25,246824,29,2298.809405,8045.833214,0
33,25,7,246824,29,8045.833214,2298.809405,0
33,7,29,246824,27,2298.809405,5363.888770,0
33,29,7,246824,27,5363.888770,2298.809405,0
33,8,11,246824,8,4022.916548,2681.944325,0
33,11,8,246824,8,2681.944325,4022.916548,0
33,8,23,246824,34,4022.916548,8045.833214,0
33,23,8,246824,34,8045.833214,4022.916548,0
33,8,26,246824,26,4022.916548,8045.833214,0
33,26,8,246824,26,8045.833214,4022.916548,0
33,9,11,246824,9,5363.888770,2681.944325,0
33,11,9,246824,9,2681.944325,5363.888770,0
33,9,14,246824,10,5363.888770,3218.333214,0
33,14,9,246824,10,3218.333214,5363.888770,0
33,10,11,246824,10,8045.833214,2681.944325,0
33,11,10,246824,10,2681.944325,8045.833214,0
33,10,13,246824,11,8045.833214,3218.333214,0
33,13,10,246824,11,3218.333214,8045.833214,0
33,11,12,246824,7,2681.944325,8045.833214,0
33,12,11,246824,7,8045.833214,2681.944325,0
33,11,14,246824,8,2681.944325,3218.333214,0
33,14,11,246824,8,3218.333214,2681.944325,0
33,11,21,246824,21,2681.944325,4022.916548,0
33,21,11,246824,21,4022.916548,2681.944325,0
33,13,14,246824,9,3218.333214,3218.333214,0
33,14,13,246824,9,3218.333214,3218.333214,0
33,13,15,246824,28,3218.333214,8045.833214,0
33,15,13,246824,28,8045.833214,3218.333214,0
33,13,16,246824,35,3218.333214,8045.833214,0
33,16,13,246824,35,8045.833214,3218.333214,0
33,13,27,246824,24,3218.333214,8045.833214,0
33,27,13,246824,24,8045.833214,3218.333214,0
33,14,16,246824,35,3218.333214,8045.833214,0
33,16,14,246824,35,8045.833214,3218.333214,0
33,14,17,246824,23,3218.333214,3218.333214,0
33,17,14,246824,23,3218.333214,3218.333214,0
33,15,17,246824,31,8045.833214,3218.333214,0
33,17,15,246824,31,3218.333214,8045.833214,0
33,17,19,246824,28,3218.333214,8045.833214,0
33,19,17,246824,28,8045.833214,3218.333214,0
33,17,20,246824,42,3218.333214,8045.833214,0
33,20,17,246824,42,8045.833214,3218.333214,0
33,17,23,246824,36,3218.333214,8045.833214,0
33,23,17,246824,36,8045.833214,3218.333214,0
33,19,21,246824,28,8045.833214,4022.916548,0
33,21,19,246824,28,4022.916548,8045.833214,0
33,20,21,246824,42,8045.833214,4022.916548,0
33,21,20,246824,42,4022.916548,8045.833214,0
33,26,29,246824,35,8045.833214,5363.888770,0
33,29,26,246824,35,5363.888770,8045.833214,0
34,0,2,246824,11,5374.999881,2303.571309,0
34,2,0,246824,11,2303.571309,5374.999881,0
34,0,3,246824,7,5374.999881,4031.249881,0
34,3,0,246824,7,4031.249881,5374.999881,0
34,0,25,246824,27,5374.999881,8062.499881,0
34,25,0,246824,27,8062.499881,5374.999881,0
34,1,2,246824,12,3224.999881,2303.571309,0
34,2,1,246824,12,2303.571309,3224.999881,0
34,1,4,246824,11,3224.999881,3224.999881,0
34,4,1,246824,11,3224.999881,3224.999881,0
34,1,22,246824,35,3224.999881,8062.499881,0
34,22,1,246824,35,8062.499881,3224.999881,0
34,1,24,246824,37,3224.999881,8062.499881,0
34,24,1,246824,37,8062.499881,3224.999881,0
34,1,28,246824,38,3224.999881,8062.499881,0
34,28,1,246824,38,8062.499881,3224.999881,0
34,2,3,246824,12,2303.571309,4031.249881,0
34,3,2,246824,12,4031.249881,2303.571309,0
34,2,4,246824,13,2303.571309,3224.999881,0
34,4,2,246824,13,3224.999881,2303.571309,0
34,2,5,246824,14,2303.571309,5374.999881,0
34,5,2,246824,14,5374.999881,2303.571309,0
34,2,12,246824,11,2303.571309,5374.999881,0
34,12,2,246824,11,5374.999881,2303.571309,0
34,2,29,246824,27,2303.571309,4031.249881,0
34,29,2,246824,27,4031.249881,2303.571309,0
34,3,4,246824,11,4031.249881,3224.999881,0
34,4,3,246824,11,3224.999881,4031.249881,0
34,3,27,246824,24,4031.249881,5374.999881,0
34,27,3,246824,24,5374.999881,4031.249881,0
34,4,5,246824,13,3224.999881,5374.999881,0
34,5,4,246824,13,5374.999881,3224.999881,0
34,4,28,246824,39,3224.999881,8062.499881,0
34,28,4,246824,39,8062.499881,3224.999881,0
34,5,22,246824,37,5374.999881,8062.499881,0
34,22,5,246824,37,8062.499881,5374.999881,0
34,6,7,246824,11,5374.999881,3224.999881,0
34,7,6,246824,11,3224.999881,5374.999881,0
34,6,9,246824,11,5374.999881,8062.499881,0
34,9,6,246824,11,8062.499881,5374.999881,0
34,6,15,246824,29,5374.999881,8062.499881,0
34,15,6,246824,29,8062.499881,5374.999881,0
34,7,8,246824,10,3224.999881,2687.499881,0
34,8,7,246824,10,2687.499881,3224.999881,0
34,7,18,246824,22,3224.999881,3224.999881,0
34,18,7,246824,22,3224.999881,3224.999881,0
34,7,25,246824,29,3224.999881,8062.499881,0
34,25,7,246824,29,8062.499881,3224.999881,0
34,7,29,246824,27,3224.999881,4031.249881,0
34,29,7,246824,27,4031.249881,3224.999881,0
34,8,10,246824,11,2687.499881,4031.249881,0
34,10,8,246824,11,4031.249881,2687.499881,0
34,8,11,246824,8,2687.499881,2687.499881,0
34,11,8,246824,8,2687.499881,2687.499881,0
34,8,18,246824,21,2687.499881,3224.999881,0
34,18,8,246824,21,3224.999881,2687.499881,0
34,8,23,246824,34,2687.499881,8062.499881,0
34,23,8,246824,34,8062.499881,2687.499881,0
34,8,26,246824,26,2687.499881,8062.499881,0
34,26,8,246824,26,8062.499881,2687.499881,0
34,9,14,246824,10,8062.499881,4031.249881,0
34,14,9,246824,10,4031.249881,8062.499881,0
34,10,11,246824,10,4031.249881,2687.499881,0
34,11,10,246824,10,2687.499881,4031.249881,0
34,10,13,246824,11,4031.249881,4031.249881,0
34,13,10,246824,11,4031.249881,4031.249881,0
34,10,21,246824,23,4031.249881,4031.249881,0
34,21,10,246824,23,4031.249881,4031.249881,0
34,11,12,246824,7,2687.499881,5374.999881,0
34,12,11,246824,7,5374.999881,2687.499881,0
34,11,13,246824,8,2687.499881,4031.249881,0
34,13,11,246824,8,4031.249881,2687.499881,0
34,11,14,246824,8,2687.499881,4031.249881,0
34,14,11,246824,8,4031.249881,2687.499881,0
34,11,21,246824,21,2687.499881,4031.249881,0
34,21,11,246824,21,4031.249881,2687.499881,0
34,12,13,246824,7,5374.999881,4031.249881,0
34,13,12,246824,7,4031.249881,5374.999881,0
34,13,27,246824,24,4031.249881,5374.999881,0
34,27,13,246824,24,5374.999881,4031.249881,0
34,14,16,246824,35,4031.249881,8062.499881,0
34,16,14,246824,35,8062.499881,4031.249881,0
34,14,17,246824,23,4031.249881,8062.499881,0
34,17,14,246824,23,8062.499881,4031.249881,0
34,15,18,246824,32,8062.499881,3224.999881,0
34,18,15,246824,32,3224.999881,8062.499881,0
34,16,18,246824,39,8062.499881,3224.999881,0
34,18,16,246824,39,3224.999881,8062.499881,0
34,17,19,246824,28,8062.499881,4031.249881,0
34,19,17,246824,28,4031.249881,8062.499881,0
34,18,19,246824,30,3224.999881,4031.249881,0
34,19,18,246824,30,4031.249881,3224.999881,0
34,19,20,246824,45,4031.249881,8062.499881,0
34,20,19,246824,45,8062.499881,4031.249881,0
34,19,21,246824,28,4031.249881,4031.249881,0
34,21,19,246824,28,4031.249881,4031.249881,0
34,20,29,246824,46,8062.499881,4031.249881,0
34,29,20,246824,46,4031.249881,8062.499881,0
34,21,23,246824,36,4031.249881,8062.499881,0
34,23,21,246824,36,8062.499881,4031.249881,0
34,24,27,246824,43,8062.499881,5374.999881,0
34,27,24,246824,43,5374.999881,8062.499881,0
34,26,29,246824,35,8062.499881,4031.249881,0
34,29,26,246824,35,4031.249881,8062.499881,0
35,0,1,246824,8,4031.249881,2687.499881,0
35,1,0,246824,8,2687.499881,4031.249881,0
35,0,2,246824,11,4031.249881,4031.249881,0
35,2,0,246824,11,4031.249881,4031.249881,0
35,0,3,246824,7,4031.249881,2687.499881,0
35,3,0,246824,7,2687.499881,4031.249881,0
35,0,25,246824,27,4031.249881,5374.999881,0
35,25,0,246824,27,5374.999881,4031.249881,0
35,1,4,246824,11,2687.499881,5374.999881,0
35,4,1,246824,11,5374.999881,2687.499881,0
35,1,18,246824,21,2687.499881,3224.999881,0
35,18,1,246824,21,3224.999881,2687.499881,0
35,1,22,246824,35,2687.499881,5374.999881,0
35,22,1,246824,35,5374.999881,2687.499881,0
35,1,24,246824,37,2687.499881,8062.499881,0
35,24,1,246824,37,8062.499881,2687.499881,0
35,1,28,246824,38,2687.499881,8062.499881,0
35,28,1,246824,38,8062.499881,2687.499881,0
35,2,3,246824,12,4031.249881,2687.499881,0
35,3,2,246824,12,2687.499881,4031.249881,0
35,2,5,246824,14,4031.249881,5374.999881,0
35,5,2,246824,14,5374.999881,4031.249881,0
35,2,29,246824,27,4031.249881,5374.999881,0
35,29,2,246824,27,5374.999881,4031.249881,0
35,3,4,246824,11,2687.499881,5374.999881,0
35,4,3,246824,11,5374.999881,2687.499881,0
35,3,18,246824,21,2687.499881,3224.999881,0
35,18,3,246824,21,3224.999881,2687.499881,0
35,3,24,246824,37,2687.499881,8062.499881,0
35,24,3,246824,37,8062.499881,2687.499881,0
35,3,27,246824,24,2687.499881,5374.999881,0
35,27,3,246824,24,5374.999881,2687.499881,0
35,4,21,246824,23,5374.999881,5374.999881,0
35,21,4,246824,23,5374.999881,5374.999881,0
35,5,6,246824,12,5374.999881,5374.999881,0
35,6,5,246824,12,5374.999881,5374.999881,0
35,5,22,246824,37,5374.999881,5374.999881,0
35,22,5,246824,37,5374.999881,5374.999881,0
35,6,9,246824,11,5374.999881,3224.999881,0
35,9,6,246824,11,3224.999881,5374.999881,0
35,6,15,246824,29,5374.999881,8062.499881,0
35,15,6,246824,29,8062.499881,5374.999881,0
35,7,8,246824,10,4031.249881,2687.499881,0
35,8,7,246824,10,2687.499881,4031.249881,0
35,7,9,246824,11,4031.249881,3224.999881,0
35,9,7,246824,11,3224.999881,4031.249881,0
35,7,12,246824,8,4031.249881,4031.249881,0
35,12,7,246824,8,4031.249881,4031.249881,0
35,7,29,246824,27,4031.249881,5374.999881,0
35,29,7,246824,27,5374.999881,4031.249881,0
35,8,9,246824,10,2687.499881,3224.999881,0
35,9,8,246824,10,3224.999881,2687.499881,0
35,8,10,246824,11,2687.499881,4031.249881,0
35,10,8,246824,11,4031.249881,2687.499881,0
35,8,11,246824,8,2687.499881,3224.999881,0
35,11,8,246824,8,3224.999881,2687.499881,0
35,8,23,246824,34,2687.499881,8062.499881,0
35,23,8,246824,34,8062.499881,2687.499881,0
35,8,26,246824,26,2687.499881,8062.499881,0
35,26,8,246824,26,8062.499881,2687.499881,0
35,9,12,246824,9,3224.999881,4031.249881,0
35,12,9,246824,9,4031.249881,3224.999881,0
35,9,14,246824,10,3224.999881,4031.249881,0
35,14,9,246824,10,4031.249881,3224.999881,0
35,10,11,246824,10,4031.249881,3224.999881,0
35,11,10,246824,10,3224.999881,4031.249881,0
35,10,13,246824,11,4031.249881,2303.571309,0
35,13,10,246824,11,2303.571309,4031.249881,0
35,10,21,246824,23,4031.249881,5374.999881,0
35,21,10,246824,23,5374.999881,4031.249881,0
35,11,12,246824,7,3224.999881,4031.249881,0
35,12,11,246824,7,4031.249881,3224.999881,0
35,11,13,246824,8,3224.999881,2303.571309,0
35,13,11,246824,8,2303.571309,3224.999881,0
35,11,14,246824,8,3224.999881,4031.249881,0
35,14,11,246824,8,4031.249881,3224.999881,0
35,12,13,246824,7,4031.249881,2303.571309,0
35,13,12,246824,7,2303.571309,4031.249881,0
35,13,14,246824,9,2303.571309,4031.249881,0
35,14,13,246824,9,4031.249881,2303.571309,0
35,13,15,246824,28,2303.571309,8062.499881,0
35,15,13,246824,28,8062.499881,2303.571309,0
35,13,16,246824,35,2303.571309,8062.499881,0
35,16,13,246824,35,8062.499881,2303.571309,0
35,13,27,246824,24,2303.571309,5374.999881,0
35,27,13,246824,24,5374.999881,2303.571309,0
35,14,17,246824,23,4031.249881,4031.249881,0
35,17,14,246824,23,4031.249881,4031.249881,0
35,16,18,246824,39,8062.499881,3224.999881,0
35,18,16,246824,39,3224.999881,8062.499881,0
35,17,18,246824,27,4031.249881,3224.999881,0
35,18,17,246824,27,3224.999881,4031.249881,0
35,17,23,246824,36,4031.249881,8062.499881,0
35,23,17,246824,36,8062.499881,4031.249881,0
35,17,28,246824,40,4031.249881,8062.499881,0
35,28,17,246824,40,8062.499881,4031.249881,0
35,18,19,246824,30,3224.999881,8062.499881,0
35,19,18,246824,30,8062.499881,3224.999881,0
35,19,22,246824,40,8062.499881,5374.999881,0
35,22,19,246824,40,5374.999881,8062.499881,0
35,20,21,246824,42,8062.499881,5374.999881,0
35,21,20,246824,42,5374.999881,8062.499881,0
35,20,29,246824,46,8062.499881,5374.999881,0
35,29,20,246824,46,5374.999881,8062.499881,0
35,25,26,246824,37,5374.999881,8062.499881,0
35,26,25,246824,37,8062.499881,5374.999881,0
35,25,27,246824,34,5374.999881,5374.999881,0
35,27,25,246824,34,5374.999881,5374.999881,0
36,0,1,246824,8,5372.222103,2302.380833,0
36,1,0,246824,8,2302.380833,5372.222103,0
36,0,3,246824,7,5372.222103,3223.333214,0
36,3,0,246824,7,3223.333214,5372.222103,0
36,0,25,246824,27,5372.222103,5372.222103,0
36,25,0,246824,27,5372.222103,5372.222103,0
36,1,2,246824,12,2302.380833,4029.166547,0
36,2,1,246824,12,4029.166547,2302.380833,0
36,1,4,246824,11,2302.380833,3223.333214,0
36,4,1,246824,11,3223.333214,2302.380833,0
36,1,18,246824,21,2302.380833,5372.222103,0
36,18,1,246824,21,5372.222103,2302.380833,0
36,1,22,246824,35,2302.380833,8058.333214,0
36,22,1,246824,35,8058.333214,2302.380833,0
36,1,24,246824,37,2302.380833,8058.333214,0
36,24,1,246824,37,8058.333214,2302.380833,0
36,1,28,246824,38,2302.380833,8058.333214,0
36,28,1,246824,38,8058.333214,2302.380833,0
36,2,3,246824,12,4029.166547,3223.333214,0
36,3,2,246824,12,3223.333214,4029.166547,0
36,2,12,246824,11,4029.166547,4029.166547,0
36,12,2,246824,11,4029.166547,4029.166547,0
36,2,29,246824,27,4029.166547,8058.333214,0
36,29,2,246824,27,8058.333214,4029.166547,0
36,3,4,246824,11,3223.333214,3223.333214,0
36,4,3,246824,11,3223.333214,3223.333214,0
36,3,24,246824,37,3223.333214,8058.333214,0
36,24,3,246824,37,8058.333214,3223.333214,0
36,3,27,246824,24,3223.333214,8058.333214,0
36,27,3,246824,24,8058.333214,3223.333214,0
36,4,5,246824,13,3223.333214,8058.333214,0
36,5,4,246824,13,8058.333214,3223.333214,0
36,4,7,246824,12,3223.333214,2302.380833,0
36,7,4,246824,12,2302.380833,3223.333214,0
36,4,28,246824,39,3223.333214,8058.333214,0
36,28,4,246824,39,8058.333214,3223.333214,0
36,5,7,246824,11,8058.333214,2302.380833,0
36,7,5,246824,11,2302.380833,8058.333214,0
36,6,7,246824,11,5372.222103,2302.380833,0
36,7,6,246824,11,2302.380833,5372.222103,0
36,6,9,246824,11,5372.222103,8058.333214,0
36,9,6,246824,11,8058.333214,5372.222103,0
36,6,15,246824,29,5372.222103,8058.333214,0
36,15,6,246824,29,8058.333214,5372.222103,0
36,7,8,246824,10,2302.380833,2686.110992,0
36,8,7,246824,10,2686.110992,2302.380833,0
36,7,12,246824,8,2302.380833,4029.166547,0
36,12,7,246824,8,4029.166547,2302.380833,0
36,7,25,246824,29,2302.380833,5372.222103,0
36,25,7,246824,29,5372.222103,2302.380833,0
36,7,29,246824,27,2302.380833,8058.333214,0
36,29,7,246824,27,8058.333214,2302.380833,0
36,8,10,246824,11,2686.110992,5372.222103,0
36,10,8,246824,11,5372.222103,2686.110992,0
36,8,11,246824,8,2686.110992,2686.110992,0
36,11,8,246824,8,2686.110992,2686.110992,0
36,8,18,246824,21,2686.110992,5372.222103,0
36,18,8,246824,21,5372.222103,2686.110992,0
36,8,23,246824,34,2686.110992,8058.333214,0
36,23,8,246824,34,8058.333214,2686.110992,0
36,8,26,246824,26,2686.110992,8058.333214,0
36,26,8,246824,26,8058.333214,2686.110992,0
36,9,14,246824,10,8058.333214,3223.333214,0
36,14,9,246824,10,3223.333214,8058.333214,0
36,10,11,246824,10,5372.222103,2686.110992,0
36,11,10,246824,10,2686.110992,5372.222103,0
36,10,21,246824,23,5372.222103,4029.166547,0
36,21,10,246824,23,4029.166547,5372.222103,0
36,11,12,246824,7,2686.110992,4029.166547,0
36,12,11,246824,7,4029.166547,2686.110992,0
36,11,13,246824,8,2686.110992,3223.333214,0
36,13,11,246824,8,3223.333214,2686.110992,0
36,11,14,246824,8,2686.110992,3223.333214,0
36,14,11,246824,8,3223.333214,2686.110992,0
36,11,21,246824,21,2686.110992,4029.166547,0
36,21,11,246824,21,4029.166547,2686.110992,0
36,12,13,246824,7,4029.166547,3223.333214,0
36,13,12,246824,7,3223.333214,4029.166547,0
36,13,14,246824,9,3223.333214,3223.333214,0
36,14,13,246824,9,3223.333214,3223.333214,0
36,13,15,246824,28,3223.333214,8058.333214,0
36,15,13,246824,28,8058.333214,3223.333214,0
36,13,27,246824,24,3223.333214,8058.333214,0
36,27,13,246824,24,8058.333214,3223.333214,0
36,14,16,246824,35,3223.333214,8058.333214,0
36,16,14,246824,35,8058.333214,3223.333214,0
36,14,17,246824,23,3223.333214,3223.333214,0
36,17,14,246824,23,3223.333214,3223.333214,0
36,16,17,246824,37,8058.333214,3223.333214,0
36,17,16,246824,37,3223.333214,8058.333214,0
36,17,18,246824,27,3223.333214,5372.222103,0
36,18,17,246824,27,5372.222103,3223.333214,0
36,17,19,246824,28,3223.333214,4029.166547,0
36,19,17,246824,28,4029.166547,3223.333214,0
36,17,20,246824,42,3223.333214,8058.333214,0
36,20,17,246824,42,8058.333214,3223.333214,0
36,19,20,246824,45,4029.166547,8058.333214,0
36,20,19,246824,45,8058.333214,4029.166547,0
36,19,21,246824,28,4029.166547,4029.166547,0
36,21,19,246824,28,4029.166547,4029.166547,0
36,19,22,246824,40,4029.166547,8058.333214,0
36,22,19,246824,40,8058.333214,4029.166547,0
36,21,23,246824,36,4029.166547,8058.333214,0
36,23,21,246824,36,8058.333214,4029.166547,0
36,25,26,246824,37,5372.222103,8058.333214,0
36,26,25,246824,37,8058.333214,5372.222103,0
37,0,1,246824,8,4031.249881,2303.571309,0
37,1,0,246824,8,2303.571309,4031.249881,0
37,0,2,246824,11,4031.249881,4031.249881,0
37,2,0,246824,11,4031.249881,4031.249881,0
37,0,3,246824,7,4031.249881,2687.499881,0
37,3,0,246824,7,2687.499881,4031.249881,0
37,0,25,246824,27,4031.249881,8062.499881,0
37,25,0,246824,27,8062.499881,4031.249881,0
37,1,2,246824,12,2303.571309,4031.249881,0
37,2,1,246824,12,4031.249881,2303.571309,0
37,1,4,246824,11,2303.571309,4031.249881,0
37,4,1,246824,11,4031.249881,2303.571309,0
37,1,18,246824,21,2303.571309,4031.249881,0
37,18,1,246824,21,4031.249881,2303.571309,0
37,1,22,246824,35,2303.571309,8062.499881,0
37,22,1,246824,35,8062.499881,2303.571309,0
37,1,24,246824,37,2303.571309,8062.499881,0
37,24,1,246824,37,8062.499881,2303.571309,0
37,1,28,246824,38,2303.571309,8062.499881,0
37,28,1,246824,38,8062.499881,2303.571309,0
37,2,3,246824,12,4031.249881,2687.499881,0
37,3,2,246824,12,2687.499881,4031.249881,0
37,2,29,246824,27,4031.249881,4031.249881,0
37,29,2,246824,27,4031.249881,4031.249881,0
37,3,4,246824,11,2687.499881,4031.249881,0
37,4,3,246824,11,4031.249881,2687.499881,0
37,3,18,246824,21,2687.499881,4031.249881,0
37,18,3,246824,21,4031.249881,2687.499881,0
37,3,24,246824,37,2687.499881,8062.499881,0
37,24,3,246824,37,8062.499881,2687.499881,0
37,3,27,246824,24,2687.499881,8062.499881,0
37,27,3,246824,24,8062.499881,2687.499881,0
37,4,7,246824,12,4031.249881,2303.571309,0
37,7,4,246824,12,2303.571309,4031.249881,0
37,4,21,246824,23,4031.249881,3224.999881,0
37,21,4,246824,23,3224.999881,4031.249881,0
37,5,6,246824,12,5374.999881,5374.999881,0
37,6,5,246824,12,5374.999881,5374.999881,0
37,5,7,246824,11,5374.999881,2303.571309,0
37,7,5,246824,11,2303.571309,5374.999881,0
37,5,22,246824,37,5374.999881,8062.499881,0
37,22,5,246824,37,8062.499881,5374.999881,0
37,6,7,246824,11,5374.999881,2303.571309,0
37,7,6,246824,11,2303.571309,5374.999881,0
37,6,9,246824,11,5374.999881,5374.999881,0
37,9,6,246824,11,5374.999881,5374.999881,0
37,7,8,246824,10,2303.571309,3224.999881,0
37,8,7,246824,10,3224.999881,2303.571309,0
37,7,12,246824,8,2303.571309,5374.999881,0
37,12,7,246824,8,5374.999881,2303.571309,0
37,7,25,246824,29,2303.571309,8062.499881,0
37,25,7,246824,29,8062.499881,2303.571309,0
37,7,29,246824,27,2303.571309,4031.249881,0
37,29,7,246824,27,4031.249881,2303.571309,0
37,8,9,246824,10,3224.999881,5374.999881,0
37,9,8,246824,10,5374.999881,3224.999881,0
37,8,11,246824,8,3224.999881,4031.249881,0
37,11,8,246824,8,4031.249881,3224.999881,0
37,8,23,246824,34,3224.999881,8062.499881,0
37,23,8,246824,34,8062.499881,3224.999881,0
37,8,26,246824,26,3224.999881,8062.499881,0
37,26,8,246824,26,8062.499881,3224.999881,0
37,9,12,246824,9,5374.999881,5374.999881,0
37,12,9,246824,9,5374.999881,5374.999881,0
37,10,11,246824,10,8062.499881,4031.249881,0
37,11,10,246824,10,4031.249881,8062.499881,0
37,10,13,246824,11,8062.499881,2687.499881,0
37,13,10,246824,11,2687.499881,8062.499881,0
37,11,14,246824,8,4031.249881,4031.249881,0
37,14,11,246824,8,4031.249881,4031.249881,0
37,11,21,246824,21,4031.249881,3224.999881,0
37,21,11,246824,21,3224.999881,4031.249881,0
37,12,13,246824,7,5374.999881,2687.499881,0
37,13,12,246824,7,2687.499881,5374.999881,0
37,13,14,246824,9,2687.499881,4031.249881,0
37,14,13,246824,9,4031.249881,2687.499881,0
37,13,15,246824,28,2687.499881,8062.499881,0
37,15,13,246824,28,8062.499881,2687.499881,0
37,13,16,246824,35,2687.499881,8062.499881,0
37,16,13,246824,35,8062.499881,2687.499881,0
37,13,27,246824,24,2687.499881,8062.499881,0
37,27,13,246824,24,8062.499881,2687.499881,0
37,14,16,246824,35,4031.249881,8062.499881,0
37,16,14,246824,35,8062.499881,4031.249881,0
37,14,17,246824,23,4031.249881,4031.249881,0
37,17,14,246824,23,4031.249881,4031.249881,0
37,15,17,246824,31,8062.499881,4031.249881,0
37,17,15,246824,31,4031.249881,8062.499881,0
37,17,18,246824,27,4031.249881,4031.249881,0
37,18,17,246824,27,4031.249881,4031.249881,0
37,17,28,246824,40,4031.249881,8062.499881,0
37,28,17,246824,40,8062.499881,4031.249881,0
37,18,19,246824,30,4031.249881,8062.499881,0
37,19,18,246824,30,8062.499881,4031.249881,0
37,19,21,246824,28,8062.499881,3224.999881,0
37,21,19,246824,28,3224.999881,8062.499881,0
37,20,21,246824,42,8062.499881,3224.999881,0
37,21,20,246824,42,3224.999881,8062.499881,0
37,20,29,246824,46,8062.499881,4031.249881,0
37,29,20,246824,46,4031.249881,8062.499881,0
37,21,23,246824,36,3224.999881,8062.499881,0
37,23,21,246824,36,8062.499881,3224.999881,0
37,26,29,246824,35,8062.499881,4031.249881,0
37,29,26,246824,35,4031.249881,8062.499881,0
38,0,1,246824,8,5363.888770,2681.944325,0
38,1,0,246824,8,2681.944325,5363.888770,0
38,0,2,246824,11,5363.888770,2298.809405,0
38,2,0,246824,11,2298.809405,5363.888770,0
38,0,25,246824,27,5363.888770,5363.888770,0
38,25,0,246824,27,5363.888770,5363.888770,0
38,1,2,246824,12,2681.944325,2298.809405,0
38,2,1,246824,12,2298.809405,2681.944325,0
38,1,18,246824,21,2681.944325,4022.916548,0
38,18,1,246824,21,4022.916548,2681.944325,0
38,1,22,246824,35,2681.944325,8045.833214,0
38,22,1,246824,35,8045.833214,2681.944325,0
38,1,24,246824,37,2681.944325,8045.833214,0
38,24,1,246824,37,8045.833214,2681.944325,0
38,1,28,246824,38,2681.944325,8045.833214,0
38,28,1,246824,38,8045.833214,2681.944325,0
38,2,3,246824,12,2298.809405,4022.916548,0
38,3,2,246824,12,4022.916548,2298.809405,0
38,2,4,246824,13,2298.809405,2681.944325,0
38,4,2,246824,13,2681.944325,2298.809405,0
38,2,5,246824,14,2298.809405,4022.916548,0
38,5,2,246824,14,4022.916548,2298.809405,0
38,2,12,246824,11,2298.809405,5363.888770,0
38,12,2,246824,11,5363.888770,2298.809405,0
38,2,29,246824,27,2298.809405,8045.833214,0
38,29,2,246824,27,8045.833214,2298.809405,0
38,3,4,246824,11,4022.916548,2681.944325,0
38,4,3,246824,11,2681.944325,4022.916548,0
38,3,24,246824,37,4022.916548,8045.833214,0
38,24,3,246824,37,8045.833214,4022.916548,0
38,3,27,246824,24,4022.916548,8045.833214,0
38,27,3,246824,24,8045.833214,4022.916548,0
38,4,5,246824,13,2681.944325,4022.916548,0
38,5,4,246824,13,4022.916548,2681.944325,0
38,4,7,246824,12,2681.944325,2681.944325,0
38,7,4,246824,12,2681.944325,2681.944325,0
38,4,21,246824,23,2681.944325,4022.916548,0
38,21,4,246824,23,4022.916548,2681.944325,0
38,4,28,246824,39,2681.944325,8045.833214,0
38,28,4,246824,39,8045.833214,2681.944325,0
38,5,6,246824,12,4022.916548,8045.833214,0
38,6,5,246824,12,8045.833214,4022.916548,0
38,5,22,246824,37,4022.916548,8045.833214,0
38,22,5,246824,37,8045.833214,4022.916548,0
38,6,9,246824,11,8045.833214,2681.944325,0
38,9,6,246824,11,2681.944325,8045.833214,0
38,7,8,246824,10,2681.944325,4022.916548,0
38,8,7,246824,10,4022.916548,2681.944325,0
38,7,9,246824,11,2681.944325,2681.944325,0
38,9,7,246824,11,2681.944325,2681.944325,0
38,7,18,246824,22,2681.944325,4022.916548,0
38,18,7,246824,22,4022.916548,2681.944325,0
38,7,25,246824,29,2681.944325,5363.888770,0
38,25,7,246824,29,5363.888770,2681.944325,0
38,7,29,246824,27,2681.944325,8045.833214,0
38,29,7,246824,27,8045.833214,2681.944325,0
38,8,10,246824,11,4022.916548,3218.333214,0
38,10,8,246824,11,3218.333214,4022.916548,0
38,8,23,246824,34,4022.916548,8045.833214,0
38,23,8,246824,34,8045.833214,4022.916548,0
38,8,26,246824,26,4022.916548,8045.833214,0
38,26,8,246824,26,8045.833214,4022.916548,0
38,9,10,246824,12,2681.944325,3218.333214,0
38,10,9,246824,12,3218.333214,2681.944325,0
38,9,11,246824,9,2681.944325,8045.833214,0
38,11,9,246824,9,8045.833214,2681.944325,0
38,9,12,246824,9,2681.944325,5363.888770,0
38,12,9,246824,9,5363.888770,2681.944325,0
38,9,14,246824,10,2681.944325,5363.888770,0
38,14,9,246824,10,5363.888770,2681.944325,0
38,10,11,246824,10,3218.333214,8045.833214,0
38,11,10,246824,10,8045.833214,3218.333214,0
38,10,13,246824,11,3218.333214,2681.944325,0
38,13,10,246824,11,2681.944325,3218.333214,0
38,10,21,246824,23,3218.333214,4022.916548,0
38,21,10,246824,23,4022.916548,3218.333214,0
38,12,13,246824,7,5363.888770,2681.944325,0
38,13,12,246824,7,2681.944325,5363.888770,0
38,13,14,246824,9,2681.944325,5363.888770,0
38,14,13,246824,9,5363.888770,2681.944325,0
38,13,15,246824,28,2681.944325,5363.888770,0
38,15,13,246824,28,5363.888770,2681.944325,0
38,13,16,246824,35,2681.944325,8045.833214,0
38,16,13,246824,35,8045.833214,2681.944325,0
38,13,27,246824,24,2681.944325,8045.833214,0
38,27,13,246824,24,8045.833214,2681.944325,0
38,14,17,246824,23,5363.888770,3218.333214,0
38,17,14,246824,23,3218.333214,5363.888770,0
38,15,17,246824,31,5363.888770,3218.333214,0
38,17,15,246824,31,3218.333214,5363.888770,0
38,15,18,246824,32,5363.888770,4022.916548,0
38,18,15,246824,32,4022.916548,5363.888770,0
38,16,18,246824,39,8045.833214,4022.916548,0
38,18,16,246824,39,4022.916548,8045.833214,0
38,17,19,246824,28,3218.333214,8045.833214,0
38,19,17,246824,28,8045.833214,3218.333214,0
38,17,20,246824,42,3218.333214,8045.833214,0
38,20,17,246824,42,8045.833214,3218.333214,0
38,17,23,246824,36,3218.333214,8045.833214,0
38,23,17,246824,36,8045.833214,3218.333214,0
38,19,21,246824,28,8045.833214,4022.916548,0
38,21,19,246824,28,4022.916548,8045.833214,0
38,20,21,246824,42,8045.833214,4022.916548,0
38,21,20,246824,42,4022.916548,8045.833214,0
38,25,26,246824,37,5363.888770,8045.833214,0
38,26,25,246824,37,8045.833214,5363.888770,0
39,0,1,246824,8,4031.249881,3224.999881,0
39,1,0,246824,8,3224.999881,4031.249881,0
39,0,2,246824,11,4031.249881,4031.249881,0
39,2,0,246824,11,4031.249881,4031.249881,0
39,0,3,246824,7,4031.249881,3224.999881,0
39,3,0,246824,7,3224.999881,4031.249881,0
39,0,25,246824,27,4031.249881,5374.999881,0
39,25,0,246824,27,5374.999881,4031.249881,0
39,1,4,246824,11,3224.999881,3224.999881,0
39,4,1,246824,11,3224.999881,3224.999881,0
39,1,22,246824,35,3224.999881,8062.499881,0
39,22,1,246824,35,8062.499881,3224.999881,0
39,1,24,246824,37,3224.999881,8062.499881,0
39,24,1,246824,37,8062.499881,3224.999881,0
39,1,28,246824,38,3224.999881,8062.499881,0
39,28,1,246824,38,8062.499881,3224.999881,0
39,2,4,246824,13,4031.249881,3224.999881,0
39,4,2,246824,13,3224.999881,4031.249881,0
39,2,5,246824,14,4031.249881,5374.999881,0
39,5,2,246824,14,5374.999881,4031.249881,0
39,2,29,246824,27,4031.249881,5374.999881,0
39,29,2,246824,27,5374.999881,4031.249881,0
39,3,4,246824,11,3224.999881,3224.999881,0
39,4,3,246824,11,3224.999881,3224.999881,0
39,3,18,246824,21,3224.999881,2687.499881,0
39,18,3,246824,21,2687.499881,3224.999881,0
39,3,24,246824,37,3224.999881,8062.499881,0
39,24,3,246824,37,8062.499881,3224.999881,0
39,3,27,246824,24,3224.999881,8062.499881,0
39,27,3,246824,24,8062.499881,3224.999881,0
39,4,7,246824,12,3224.999881,2303.571309,0
39,7,4,246824,12,2303.571309,3224.999881,0
39,4,28,246824,39,3224.999881,8062.499881,0
39,28,4,246824,39,8062.499881,3224.999881,0
39,5,6,246824,12,5374.999881,5374.999881,0
39,6,5,246824,12,5374.999881,5374.999881,0
39,5,22,246824,37,5374.999881,8062.499881,0
39,22,5,246824,37,8062.499881,5374.999881,0
39,6,7,246824,11,5374.999881,2303.571309,0
39,7,6,246824,11,2303.571309,5374.999881,0
39,6,9,246824,11,5374.999881,4031.249881,0
39,9,6,246824,11,4031.249881,5374.999881,0
39,7,8,246824,10,2303.571309,5374.999881,0
39,8,7,246824,10,5374.999881,2303.571309,0
39,7,12,246824,8,2303.571309,4031.249881,0
39,12,7,246824,8,4031.249881,2303.571309,0
39,7,18,246824,22,2303.571309,2687.499881,0
39,18,7,246824,22,2687.499881,2303.571309,0
39,7,25,246824,29,2303.571309,5374.999881,0
39,25,7,246824,29,5374.999881,2303.571309,0
39,7,29,246824,27,2303.571309,5374.999881,0
39,29,7,246824,27,5374.999881,2303.571309,0
39,8,10,246824,11,5374.999881,4031.249881,0
39,10,8,246824,11,4031.249881,5374.999881,0
39,8,26,246824,26,5374.999881,8062.499881,0
39,26,8,246824,26,8062.499881,5374.999881,0
39,9,11,246824,9,4031.249881,3224.999881,0
39,11,9,246824,9,3224.999881,4031.249881,0
39,9,12,246824,9,4031.249881,4031.249881,0
39,12,9,246824,9,4031.249881,4031.249881,0
39,9,14,246824,10,4031.249881,4031.249881,0
39,14,9,246824,10,4031.249881,4031.249881,0
39,10,11,246824,10,4031.249881,3224.999881,0
39,11,10,246824,10,3224.999881,4031.249881,0
39,10,13,246824,11,4031.249881,4031.249881,0
39,13,10,246824,11,4031.249881,4031.249881,0
39,10,21,246824,23,4031.249881,4031.249881,0
39,21,10,246824,23,4031.249881,4031.249881,0
39,11,12,246824,7,3224.999881,4031.249881,0
39,12,11,246824,7,4031.249881,3224.999881,0
39,11,14,246824,8,3224.999881,4031.249881,0
39,14,11,246824,8,4031.249881,3224.999881,0
39,11,21,246824,21,3224.999881,4031.249881,0
39,21,11,246824,21,4031.249881,3224.999881,0
39,12,13,246824,7,4031.249881,4031.249881,0
39,13,12,246824,7,4031.249881,4031.249881,0
39,13,15,246824,28,4031.249881,8062.499881,0
39,15,13,246824,28,8062.499881,4031.249881,0
39,13,27,246824,24,4031.249881,8062.499881,0
39,27,13,246824,24,8062.499881,4031.249881,0
39,14,16,246824,35,4031.249881,8062.499881,0
39,16,14,246824,35,8062.499881,4031.249881,0
39,14,17,246824,23,4031.249881,5374.999881,0
39,17,14,246824,23,5374.999881,4031.249881,0
39,15,18,246824,32,8062.499881,2687.499881,0
39,18,15,246824,32,2687.499881,8062.499881,0
39,16,18,246824,39,8062.499881,2687.499881,0
39,18,16,246824,39,2687.499881,8062.499881,0
39,17,18,246824,27,5374.999881,2687.499881,0
39,18,17,246824,27,2687.499881,5374.999881,0
39,17,23,246824,36,5374.999881,8062.499881,0
39,23,17,246824,36,8062.499881,5374.999881,0
39,18,19,246824,30,2687.499881,5374.999881,0
39,19,18,246824,30,5374.999881,2687.499881,0
39,19,20,246824,45,5374.999881,8062.499881,0
39,20,19,246824,45,8062.499881,5374.999881,0
39,19,21,246824,28,5374.999881,4031.249881,0
39,21,19,246824,28,4031.249881,5374.999881,0
39,20,29,246824,46,8062.499881,5374.999881,0
39,29,20,246824,46,5374.999881,8062.499881,0
39,21,23,246824,36,4031.249881,8062.499881,0
39,23,21,246824,36,8062.499881,4031.249881,0
39,25,26,246824,37,5374.999881,8062.499881,0
39,26,25,246824,37,8062.499881,5374.999881,0
40,0,1,246824,8,4022.916548,2681.944325,0
40,1,0,246824,8,2681.944325,4022.916548,0
40,0,2,246824,11,4022.916548,2298.809405,0
40,2,0,246824,11,2298.809405,4022.916548,0
40,0,3,246824,7,4022.916548,3218.333214,0
40,3,0,246824,7,3218.333214,4022.916548,0
40,0,25,246824,27,4022.916548,8045.833214,0
40,25,0,246824,27,8045.833214,4022.916548,0
40,1,2,246824,12,2681.944325,2298.809405,0
40,2,1,246824,12,2298.809405,2681.944325,0
40,1,4,246824,11,2681.944325,3218.333214,0
40,4,1,246824,11,3218.333214,2681.944325,0
40,1,22,246824,35,2681.944325,8045.833214,0
40,22,1,246824,35,8045.833214,2681.944325,0
40,1,24,246824,37,2681.944325,8045.833214,0
40,24,1,246824,37,8045.833214,2681.944325,0
40,1,28,246824,38,2681.944325,8045.833214,0
40,28,1,246824,38,8045.833214,2681.944325,0
40,2,3,246824,12,2298.809405,3218.333214,0
40,3,2,246824,12,3218.333214,2298.809405,0
40,2,4,246824,13,2298.809405,3218.333214,0
40,4,2,246824,13,3218.333214,2298.809405,0
40,2,5,246824,14,2298.809405,5363.888770,0
40,5,2,246824,14,5363.888770,2298.809405,0
40,2,12,246824,11,2298.809405,3218.333214,0
40,12,2,246824,11,3218.333214,2298.809405,0
40,2,29,246824,27,2298.809405,5363.888770,0
40,29,2,246824,27,5363.888770,2298.809405,0
40,3,18,246824,21,3218.333214,5363.888770,0
40,18,3,246824,21,5363.888770,3218.333214,0
40,3,24,246824,37,3218.333214,8045.833214,0
40,24,3,246824,37,8045.833214,3218.333214,0
40,3,27,246824,24,3218.333214,8045.833214,0
40,27,3,246824,24,8045.833214,3218.333214,0
40,4,5,246824,13,3218.333214,5363.888770,0
40,5,4,246824,13,5363.888770,3218.333214,0
40,4,7,246824,12,3218.333214,3218.333214,0
40,7,4,246824,12,3218.333214,3218.333214,0
40,4,21,246824,23,3218.333214,3218.333214,0
40,21,4,246824,23,3218.333214,3218.333214,0
40,5,22,246824,37,5363.888770,8045.833214,0
40,22,5,246824,37,8045.833214,5363.888770,0
40,6,7,246824,11,5363.888770,3218.333214,0
40,7,6,246824,11,3218.333214,5363.888770,0
40,6,9,246824,11,5363.888770,4022.916548,0
40,9,6,246824,11,4022.916548,5363.888770,0
40,6,15,246824,29,5363.888770,8045.833214,0
40,15,6,246824,29,8045.833214,5363.888770,0
40,7,12,246824,8,3218.333214,3218.333214,0
40,12,7,246824,8,3218.333214,3218.333214,0
40,7,25,246824,29,3218.333214,8045.833214,0
40,25,7,246824,29,8045.833214,3218.333214,0
40,7,29,246824,27,3218.333214,5363.888770,0
40,29,7,246824,27,5363.888770,3218.333214,0
40,8,10,246824,11,3218.333214,4022.916548,0
40,10,8,246824,11,4022.916548,3218.333214,0
40,8,11,246824,8,3218.333214,5363.888770,0
40,11,8,246824,8,5363.888770,3218.333214,0
40,8,18,246824,21,3218.333214,5363.888770,0
40,18,8,246824,21,5363.888770,3218.333214,0
40,8,23,246824,34,3218.333214,8045.833214,0
40,23,8,246824,34,8045.833214,3218.333214,0
40,8,26,246824,26,3218.333214,8045.833214,0
40,26,8,246824,26,8045.833214,3218.333214,0
40,9,10,246824,12,4022.916548,4022.916548,0
40,10,9,246824,12,4022.916548,4022.916548,0
40,9,12,246824,9,4022.916548,3218.333214,0
40,12,9,246824,9,3218.333214,4022.916548,0
40,9,14,246824,10,4022.916548,3218.333214,0
40,14,9,246824,10,3218.333214,4022.916548,0
40,10,13,246824,11,4022.916548,3218.333214,0
40,13,10,246824,11,3218.333214,4022.916548,0
40,10,21,246824,23,4022.916548,3218.333214,0
40,21,10,246824,23,3218.333214,4022.916548,0
40,11,12,246824,7,5363.888770,3218.333214,0
40,12,11,246824,7,3218.333214,5363.888770,0
40,11,14,246824,8,5363.888770,3218.333214,0
40,14,11,246824,8,3218.333214,5363.888770,0
40,12,13,246824,7,3218.333214,3218.333214,0
40,13,12,246824,7,3218.333214,3218.333214,0
40,13,14,246824,9,3218.333214,3218.333214,0
40,14,13,246824,9,3218.333214,3218.333214,0
40,13,15,246824,28,3218.333214,8045.833214,0
40,15,13,246824,28,8045.833214,3218.333214,0
40,13,27,246824,24,3218.333214,8045.833214,0
40,27,13,246824,24,8045.833214,3218.333214,0
40,14,16,246824,35,3218.333214,8045.833214,0
40,16,14,246824,35,8045.833214,3218.333214,0
40,14,17,246824,23,3218.333214,2681.944325,0
40,17,14,246824,23,2681.944325,3218.333214,0
40,16,17,246824,37,8045.833214,2681.944325,0
40,17,16,246824,37,2681.944325,8045.833214,0
40,17,18,246824,27,2681.944325,5363.888770,0
40,18,17,246824,27,5363.888770,2681.944325,0
40,17,19,246824,28,2681.944325,8045.833214,0
40,19,17,246824,28,8045.833214,2681.944325,0
40,17,20,246824,42,2681.944325,8045.833214,0
40,20,17,246824,42,8045.833214,2681.944325,0
40,17,28,246824,40,2681.944325,8045.833214,0
40,28,17,246824,40,8045.833214,2681.944325,0
40,19,21,246824,28,8045.833214,3218.333214,0
40,21,19,246824,28,3218.333214,8045.833214,0
40,20,21,246824,42,8045.833214,3218.333214,0
40,21,20,246824,42,3218.333214,8045.833214,0
40,21,23,246824,36,3218.333214,8045.833214,0
40,23,21,246824,36,8045.833214,3218.333214,0
40,26,29,246824,35,8045.833214,5363.888770,0
40,29,26,246824,35,5363.888770,8045.833214,0
41,0,1,246824,8,5374.999881,2303.571309,0
41,1,0,246824,8,2303.571309,5374.999881,0
41,0,2,246824,11,5374.999881,2687.499881,0
41,2,0,246824,11,2687.499881,5374.999881,0
41,0,25,246824,27,5374.999881,5374.999881,0
41,25,0,246824,27,5374.999881,5374.999881,0
41,1,2,246824,12,2303.571309,2687.499881,0
41,2,1,246824,12,2687.499881,2303.571309,0
41,1,4,246824,11,2303.571309,3224.999881,0
41,4,1,246824,11,3224.999881,2303.571309,0
41,1,18,246824,21,2303.571309,5374.999881,0
41,18,1,246824,21,5374.999881,2303.571309,0
41,1,22,246824,35,2303.571309,8062.499881,0
41,22,1,246824,35,8062.499881,2303.571309,0
41,1,24,246824,37,2303.571309,8062.499881,0
41,24,1,246824,37,8062.499881,2303.571309,0
41,1,28,246824,38,2303.571309,8062.499881,0
41,28,1,246824,38,8062.499881,2303.571309,0
41,2,3,246824,12,2687.499881,3224.999881,0
41,3,2,246824,12,3224.999881,2687.499881,0
41,2,5,246824,14,2687.499881,5374.999881,0
41,5,2,246824,14,5374.999881,2687.499881,0
41,2,12,246824,11,2687.499881,3224.999881,0
41,12,2,246824,11,3224.999881,2687.499881,0
41,2,29,246824,27,2687.499881,5374.999881,0
41,29,2,246824,27,5374.999881,2687.499881,0
41,3,4,246824,11,3224.999881,3224.999881,0
41,4,3,246824,11,3224.999881,3224.999881,0
41,3,18,246824,21,3224.999881,5374.999881,0
41,18,3,246824,21,5374.999881,3224.999881,0
41,3,24,246824,37,3224.999881,8062.499881,0
41,24,3,246824,37,8062.499881,3224.999881,0
41,3,27,246824,24,3224.999881,8062.499881,0
41,27,3,246824,24,8062.499881,3224.999881,0
41,4,7,246824,12,3224.999881,2687.499881,0
41,7,4,246824,12,2687.499881,3224.999881,0
41,4,21,246824,23,3224.999881,4031.249881,0
41,21,4,246824,23,4031.249881,3224.999881,0
41,4,28,246824,39,3224.999881,8062.499881,0
41,28,4,246824,39,8062.499881,3224.999881,0
41,5,6,246824,12,5374.999881,5374.999881,0
41,6,5,246824,12,5374.999881,5374.999881,0
41,5,22,246824,37,5374.999881,8062.499881,0
41,22,5,246824,37,8062.499881,5374.999881,0
41,6,7,246824,11,5374.999881,2687.499881,0
41,7,6,246824,11,2687.499881,5374.999881,0
41,6,9,246824,11,5374.999881,5374.999881,0
41,9,6,246824,11,5374.999881,5374.999881,0
41,7,8,246824,10,2687.499881,3224.999881,0
41,8,7,246824,10,3224.999881,2687.499881,0
41,7,12,246824,8,2687.499881,3224.999881,0
41,12,7,246824,8,3224.999881,2687.499881,0
41,7,25,246824,29,2687.499881,5374.999881,0
41,25,7,246824,29,5374.999881,2687.499881,0
41,7,29,246824,27,2687.499881,5374.999881,0
41,29,7,246824,27,5374.999881,2687.499881,0
41,8,10,246824,11,3224.999881,8062.499881,0
41,10,8,246824,11,8062.499881,3224.999881,0
41,8,11,246824,8,3224.999881,3224.999881,0
41,11,8,246824,8,3224.999881,3224.999881,0
41,8,23,246824,34,3224.999881,8062.499881,0
41,23,8,246824,34,8062.499881,3224.999881,0
41,8,26,246824,26,3224.999881,8062.499881,0
41,26,8,246824,26,8062.499881,3224.999881,0
41,9,12,246824,9,5374.999881,3224.999881,0
41,12,9,246824,9,3224.999881,5374.999881,0
41,9,14,246824,10,5374.999881,4031.249881,0
41,14,9,246824,10,4031.249881,5374.999881,0
41,10,13,246824,11,8062.499881,2687.499881,0
41,13,10,246824,11,2687.499881,8062.499881,0
41,11,12,246824,7,3224.999881,3224.999881,0
41,12,11,246824,7,3224.999881,3224.999881,0
41,11,13,246824,8,3224.999881,2687.499881,0
41,13,11,246824,8,2687.499881,3224.999881,0
41,11,14,246824,8,3224.999881,4031.249881,0
41,14,11,246824,8,4031.249881,3224.999881,0
41,11,21,246824,21,3224.999881,4031.249881,0
41,21,11,246824,21,4031.249881,3224.999881,0
41,12,13,246824,7,3224.999881,2687.499881,0
41,13,12,246824,7,2687.499881,3224.999881,0
41,13,15,246824,28,2687.499881,8062.499881,0
41,15,13,246824,28,8062.499881,2687.499881,0
41,13,16,246824,35,2687.499881,8062.499881,0
41,16,13,246824,35,8062.499881,2687.499881,0
41,13,27,246824,24,2687.499881,8062.499881,0
41,27,13,246824,24,8062.499881,2687.499881,0
41,14,16,246824,35,4031.249881,8062.499881,0
41,16,14,246824,35,8062.499881,4031.249881,0
41,14,17,246824,23,4031.249881,3224.999881,0
41,17,14,246824,23,3224.999881,4031.249881,0
41,15,17,246824,31,8062.499881,3224.999881,0
41,17,15,246824,31,3224.999881,8062.499881,0
41,17,18,246824,27,3224.999881,5374.999881,0
41,18,17,246824,27,5374.999881,3224.999881,0
41,17,19,246824,28,3224.999881,8062.499881,0
41,19,17,246824,28,8062.499881,3224.999881,0
41,17,23,246824,36,3224.999881,8062.499881,0
41,23,17,246824,36,8062.499881,3224.999881,0
41,19,21,246824,28,8062.499881,4031.249881,0
41,21,19,246824,28,4031.249881,8062.499881,0
41,20,21,246824,42,8062.499881,4031.249881,0
41,21,20,246824,42,4031.249881,8062.499881,0
41,20,29,246824,46,8062.499881,5374.999881,0
41,29,20,246824,46,5374.999881,8062.499881,0
41,25,26,246824,37,5374.999881,8062.499881,0
41,26,25,246824,37,8062.499881,5374.999881,0
42,0,1,246824,8,4031.249881,2303.571309,0
42,1,0,246824,8,2303.571309,4031.249881,0
42,0,2,246824,11,4031.249881,3224.999881,0
42,2,0,246824,11,3224.999881,4031.249881,0
42,0,3,246824,7,4031.249881,5374.999881,0
42,3,0,246824,7,5374.999881,4031.249881,0
42,0,25,246824,27,4031.249881,8062.499881,0
42,25,0,246824,27,8062.499881,4031.249881,0
42,1,2,246824,12,2303.571309,3224.999881,0
42,2,1,246824,12,3224.999881,2303.571309,0
42,1,4,246824,11,2303.571309,5374.999881,0
42,4,1,246824,11,5374.999881,2303.571309,0
42,1,18,246824,21,2303.571309,8062.499881,0
42,18,1,246824,21,8062.499881,2303.571309,0
42,1,22,246824,35,2303.571309,5374.999881,0
42,22,1,246824,35,5374.999881,2303.571309,0
42,1,24,246824,37,2303.571309,8062.499881,0
42,24,1,246824,37,8062.499881,2303.571309,0
42,1,28,246824,38,2303.571309,8062.499881,0
42,28,1,246824,38,8062.499881,2303.571309,0
42,2,3,246824,12,3224.999881,5374.999881,0
42,3,2,246824,12,5374.999881,3224.999881,0
42,2,5,246824,14,3224.999881,3224.999881,0
42,5,2,246824,14,3224.999881,3224.999881,0
42,2,29,246824,27,3224.999881,5374.999881,0
42,29,2,246824,27,5374.999881,3224.999881,0
42,3,27,246824,24,5374.999881,5374.999881,0
42,27,3,246824,24,5374.999881,5374.999881,0
42,4,5,246824,13,5374.999881,3224.999881,0
42,5,4,246824,13,3224.999881,5374.999881,0
42,4,28,246824,39,5374.999881,8062.499881,0
42,28,4,246824,39,8062.499881,5374.999881,0
42,5,6,246824,12,3224.999881,4031.249881,0
42,6,5,246824,12,4031.249881,3224.999881,0
42,5,7,246824,11,3224.999881,4031.249881,0
42,7,5,246824,11,4031.249881,3224.999881,0
42,5,22,246824,37,3224.999881,5374.999881,0
42,22,5,246824,37,5374.999881,3224.999881,0
42,6,7,246824,11,4031.249881,4031.249881,0
42,7,6,246824,11,4031.249881,4031.249881,0
42,6,9,246824,11,4031.249881,5374.999881,0
42,9,6,246824,11,5374.999881,4031.249881,0
42,6,15,246824,29,4031.249881,5374.999881,0
42,15,6,246824,29,5374.999881,4031.249881,0
42,7,8,246824,10,4031.249881,2687.499881,0
42,8,7,246824,10,2687.499881,4031.249881,0
42,7,29,246824,27,4031.249881,5374.999881,0
42,29,7,246824,27,5374.999881,4031.249881,0
42,8,9,246824,10,2687.499881,5374.999881,0
42,9,8,246824,10,5374.999881,2687.499881,0
42,8,11,246824,8,2687.499881,2687.499881,0
42,11,8,246824,8,2687.499881,2687.499881,0
42,8,18,246824,21,2687.499881,8062.499881,0
42,18,8,246824,21,8062.499881,2687.499881,0
42,8,23,246824,34,2687.499881,8062.499881,0
42,23,8,246824,34,8062.499881,2687.499881,0
42,8,26,246824,26,2687.499881,5374.999881,0
42,26,8,246824,26,5374.999881,2687.499881,0
42,9,14,246824,10,5374.999881,3224.999881,0
42,14,9,246824,10,3224.999881,5374.999881,0
42,10,11,246824,10,5374.999881,2687.499881,0
42,11,10,246824,10,2687.499881,5374.999881,0
42,10,13,246824,11,5374.999881,2303.571309,0
42,13,10,246824,11,2303.571309,5374.999881,0
42,10,21,246824,23,5374.999881,3224.999881,0
42,21,10,246824,23,3224.999881,5374.999881,0
42,11,12,246824,7,2687.499881,8062.499881,0
42,12,11,246824,7,8062.499881,2687.499881,0
42,11,13,246824,8,2687.499881,2303.571309,0
42,13,11,246824,8,2303.571309,2687.499881,0
42,11,14,246824,8,2687.499881,3224.999881,0
42,14,11,246824,8,3224.999881,2687.499881,0
42,11,21,246824,21,2687.499881,3224.999881,0
42,21,11,246824,21,3224.999881,2687.499881,0
42,12,13,246824,7,8062.499881,2303.571309,0
42,13,12,246824,7,2303.571309,8062.499881,0
42,13,14,246824,9,2303.571309,3224.999881,0
42,14,13,246824,9,3224.999881,2303.571309,0
42,13,15,246824,28,2303.571309,5374.999881,0
42,15,13,246824,28,5374.999881,2303.571309,0
42,13,16,246824,35,2303.571309,8062.499881,0
42,16,13,246824,35,8062.499881,2303.571309,0
42,13,27,246824,24,2303.571309,5374.999881,0
42,27,13,246824,24,5374.999881,2303.571309,0
42,14,16,246824,35,3224.999881,8062.499881,0
42,16,14,246824,35,8062.499881,3224.999881,0
42,14,17,246824,23,3224.999881,5374.999881,0
42,17,14,246824,23,5374.999881,3224.999881,0
42,15,17,246824,31,5374.999881,5374.999881,0
42,17,15,246824,31,5374.999881,5374.999881,0
42,17,20,246824,42,5374.999881,8062.499881,0
42,20,17,246824,42,8062.499881,5374.999881,0
42,19,21,246824,28,8062.499881,3224.999881,0
42,21,19,246824,28,3224.999881,8062.499881,0
42,19,22,246824,40,8062.499881,5374.999881,0
42,22,19,246824,40,5374.999881,8062.499881,0
42,20,21,246824,42,8062.499881,3224.999881,0
42,21,20,246824,42,3224.999881,8062.499881,0
42,21,23,246824,36,3224.999881,8062.499881,0
42,23,21,246824,36,8062.499881,3224.999881,0
42,24,26,246824,46,8062.499881,5374.999881,0
42,26,24,246824,46,5374.999881,8062.499881,0
42,25,27,246824,34,8062.499881,5374.999881,0
42,27,25,246824,34,5374.999881,8062.499881,0
42,26,29,246824,35,5374.999881,5374.999881,0
42,29,26,246824,35,5374.999881,5374.999881,0
43,0,1,246824,8,4031.249881,4031.249881,0
43,1,0,246824,8,4031.249881,4031.249881,0
43,0,2,246824,11,4031.249881,2303.571309,0
43,2,0,246824,11,2303.571309,4031.249881,0
43,0,3,246824,7,4031.249881,3224.999881,0
43,3,0,246824,7,3224.999881,4031.249881,0
43,0,25,246824,27,4031.249881,5374.999881,0
43,25,0,246824,27,5374.999881,4031.249881,0
43,1,2,246824,12,4031.249881,2303.571309,0
43,2,1,246824,12,2303.571309,4031.249881,0
43,1,22,246824,35,4031.249881,8062.499881,0
43,22,1,246824,35,8062.499881,4031.249881,0
43,1,28,246824,38,4031.249881,8062.499881,0
43,28,1,246824,38,8062.499881,4031.249881,0
43,2,3,246824,12,2303.571309,3224.999881,0
43,3,2,246824,12,3224.999881,2303.571309,0
43,2,4,246824,13,2303.571309,8062.499881,0
43,4,2,246824,13,8062.499881,2303.571309,0
43,2,5,246824,14,2303.571309,5374.999881,0
43,5,2,246824,14,5374.999881,2303.571309,0
43,2,12,246824,11,2303.571309,3224.999881,0
43,12,2,246824,11,3224.999881,2303.571309,0
43,2,29,246824,27,2303.571309,5374.999881,0
43,29,2,246824,27,5374.999881,2303.571309,0
43,3,18,246824,21,3224.999881,5374.999881,0
43,18,3,246824,21,5374.999881,3224.999881,0
43,3,24,246824,37,3224.999881,8062.499881,0
43,24,3,246824,37,8062.499881,3224.999881,0
43,3,27,246824,24,3224.999881,5374.999881,0
43,27,3,246824,24,5374.999881,3224.999881,0
43,4,7,246824,12,8062.499881,1791.666547,0
43,7,4,246824,12,1791.666547,8062.499881,0
43,5,7,246824,11,5374.999881,1791.666547,0
43,7,5,246824,11,1791.666547,5374.999881,0
43,5,22,246824,37,5374.999881,8062.499881,0
43,22,5,246824,37,8062.499881,5374.999881,0
43,6,7,246824,11,8062.499881,1791.666547,0
43,7,6,246824,11,1791.666547,8062.499881,0
43,6,9,246824,11,8062.499881,4031.249881,0
43,9,6,246824,11,4031.249881,8062.499881,0
43,7,8,246824,10,1791.666547,3224.999881,0
43,8,7,246824,10,3224.999881,1791.666547,0
43,7,9,246824,11,1791.666547,4031.249881,0
43,9,7,246824,11,4031.249881,1791.666547,0
43,7,12,246824,8,1791.666547,3224.999881,0
43,12,7,246824,8,3224.999881,1791.666547,0
43,7,18,246824,22,1791.666547,5374.999881,0
43,18,7,246824,22,5374.999881,1791.666547,0
43,7,25,246824,29,1791.666547,5374.999881,0
43,25,7,246824,29,5374.999881,1791.666547,0
43,7,29,246824,27,1791.666547,5374.999881,0
43,29,7,246824,27,5374.999881,1791.666547,0
43,8,9,246824,10,3224.999881,4031.249881,0
43,9,8,246824,10,4031.249881,3224.999881,0
43,8,11,246824,8,3224.999881,3224.999881,0
43,11,8,246824,8,3224.999881,3224.999881,0
43,8,23,246824,34,3224.999881,8062.499881,0
43,23,8,246824,34,8062.499881,3224.999881,0
43,8,26,246824,26,3224.999881,8062.499881,0
43,26,8,246824,26,8062.499881,3224.999881,0
43,9,12,246824,9,4031.249881,3224.999881,0
43,12,9,246824,9,3224.999881,4031.249881,0
43,10,11,246824,10,5374.999881,3224.999881,0
43,11,10,246824,10,3224.999881,5374.999881,0
43,10,13,246824,11,5374.999881,2687.499881,0
43,13,10,246824,11,2687.499881,5374.999881,0
43,10,21,246824,23,5374.999881,5374.999881,0
43,21,10,246824,23,5374.999881,5374.999881,0
43,11,12,246824,7,3224.999881,3224.999881,0
43,12,11,246824,7,3224.999881,3224.999881,0
43,11,14,246824,8,3224.999881,5374.999881,0
43,14,11,246824,8,5374.999881,3224.999881,0
43,11,21,246824,21,3224.999881,5374.999881,0
43,21,11,246824,21,5374.999881,3224.999881,0
43,12,13,246824,7,3224.999881,2687.499881,0
43,13,12,246824,7,2687.499881,3224.999881,0
43,13,14,246824,9,2687.499881,5374.999881,0
43,14,13,246824,9,5374.999881,2687.499881,0
43,13,15,246824,28,2687.499881,8062.499881,0
43,15,13,246824,28,8062.499881,2687.499881,0
43,13,16,246824,35,2687.499881,8062.499881,0
43,16,13,246824,35,8062.499881,2687.499881,0
43,13,27,246824,24,2687.499881,5374.999881,0
43,27,13,246824,24,5374.999881,2687.499881,0
43,14,17,246824,23,5374.999881,2015.624881,0
43,17,14,246824,23,2015.624881,5374.999881,0
43,15,17,246824,31,8062.499881,2015.624881,0
43,17,15,246824,31,2015.624881,8062.499881,0
43,16,17,246824,37,8062.499881,2015.624881,0
43,17,16,246824,37,2015.624881,8062.499881,0
43,17,18,246824,27,2015.624881,5374.999881,0
43,18,17,246824,27,5374.999881,2015.624881,0
43,17,19,246824,28,2015.624881,8062.499881,0
43,19,17,246824,28,8062.499881,2015.624881,0
43,17,20,246824,42,2015.624881,8062.499881,0
43,20,17,246824,42,8062.499881,2015.624881,0
43,17,23,246824,36,2015.624881,8062.499881,0
43,23,17,246824,36,8062.499881,2015.624881,0
43,17,28,246824,40,2015.624881,8062.499881,0
43,28,17,246824,40,8062.499881,2015.624881,0
43,19,21,246824,28,8062.499881,5374.999881,0
43,21,19,246824,28,5374.999881,8062.499881,0
43,20,29,246824,46,8062.499881,5374.999881,0
43,29,20,246824,46,5374.999881,8062.499881,0
43,24,27,246824,43,8062.499881,5374.999881,0
43,27,24,246824,43,5374.999881,8062.499881,0
43,25,26,246824,37,5374.999881,8062.499881,0
43,26,25,246824,37,8062.499881,5374.999881,0
44,0,1,246824,8,5374.999881,2303.571309,0
44,1,0,246824,8,2303.571309,5374.999881,0
44,0,3,246824,7,5374.999881,2687.499881,0
44,3,0,246824,7,2687.499881,5374.999881,0
44,0,25,246824,27,5374.999881,8062.499881,0
44,25,0,246824,27,8062.499881,5374.999881,0
44,1,2,246824,12,2303.571309,3224.999881,0
44,2,1,246824,12,3224.999881,2303.571309,0
44,1,4,246824,11,2303.571309,2687.499881,0
44,4,1,246824,11,2687.499881,2303.571309,0
44,1,18,246824,21,2303.571309,4031.249881,0
44,18,1,246824,21,4031.249881,2303.571309,0
44,1,22,246824,35,2303.571309,8062.499881,0
44,22,1,246824,35,8062.499881,2303.571309,0
44,1,24,246824,37,2303.571309,8062.499881,0
44,24,1,246824,37,8062.499881,2303.571309,0
44,1,28,246824,38,2303.571309,8062.499881,0
44,28,1,246824,38,8062.499881,2303.571309,0
44,2,3,246824,12,3224.999881,2687.499881,0
44,3,2,246824,12,2687.499881,3224.999881,0
44,2,4,246824,13,3224.999881,2687.499881,0
44,4,2,246824,13,2687.499881,3224.999881,0
44,2,5,246824,14,3224.999881,5374.999881,0
44,5,2,246824,14,5374.999881,3224.999881,0
44,2,29,246824,27,3224.999881,4031.249881,0
44,29,2,246824,27,4031.249881,3224.999881,0
44,3,4,246824,11,2687.499881,2687.499881,0
44,4,3,246824,11,2687.499881,2687.499881,0
44,3,18,246824,21,2687.499881,4031.249881,0
44,18,3,246824,21,4031.249881,2687.499881,0
44,3,24,246824,37,2687.499881,8062.499881,0
44,24,3,246824,37,8062.499881,2687.499881,0
44,3,27,246824,24,2687.499881,8062.499881,0
44,27,3,246824,24,8062.499881,2687.499881,0
44,4,7,246824,12,2687.499881,2303.571309,0
44,7,4,246824,12,2303.571309,2687.499881,0
44,4,21,246824,23,2687.499881,4031.249881,0
44,21,4,246824,23,4031.249881,2687.499881,0
44,4,28,246824,39,2687.499881,8062.499881,0
44,28,4,246824,39,8062.499881,2687.499881,0
44,5,6,246824,12,5374.999881,4031.249881,0
44,6,5,246824,12,4031.249881,5374.999881,0
44,5,22,246824,37,5374.999881,8062.499881,0
44,22,5,246824,37,8062.499881,5374.999881,0
44,6,7,246824,11,4031.249881,2303.571309,0
44,7,6,246824,11,2303.571309,4031.249881,0
44,6,9,246824,11,4031.249881,3224.999881,0
44,9,6,246824,11,3224.999881,4031.249881,0
44,6,15,246824,29,4031.249881,8062.499881,0
44,15,6,246824,29,8062.499881,4031.249881,0
44,7,8,246824,10,2303.571309,4031.249881,0
44,8,7,246824,10,4031.249881,2303.571309,0
44,7,9,246824,11,2303.571309,3224.999881,0
44,9,7,246824,11,3224.999881,2303.571309,0
44,7,12,246824,8,2303.571309,4031.249881,0
44,12,7,246824,8,4031.249881,2303.571309,0
44,7,25,246824,29,2303.571309,8062.499881,0
44,25,7,246824,29,8062.499881,2303.571309,0
44,7,29,246824,27,2303.571309,4031.249881,0
44,29,7,246824,27,4031.249881,2303.571309,0
44,8,10,246824,11,4031.249881,4031.249881,0
44,10,8,246824,11,4031.249881,4031.249881,0
44,8,23,246824,34,4031.249881,8062.499881,0
44,23,8,246824,34,8062.499881,4031.249881,0
44,8,26,246824,26,4031.249881,8062.499881,0
44,26,8,246824,26,8062.499881,4031.249881,0
44,9,10,246824,12,3224.999881,4031.249881,0
44,10,9,246824,12,4031.249881,3224.999881,0
44,9,12,246824,9,3224.999881,4031.249881,0
44,12,9,246824,9,4031.249881,3224.999881,0
44,9,14,246824,10,3224.999881,4031.249881,0
44,14,9,246824,10,4031.249881,3224.999881,0
44,10,13,246824,11,4031.249881,3224.999881,0
44,13,10,246824,11,3224.999881,4031.249881,0
44,10,21,246824,23,4031.249881,4031.249881,0
44,21,10,246824,23,4031.249881,4031.249881,0
44,11,12,246824,7,8062.499881,4031.249881,0
44,12,11,246824,7,4031.249881,8062.499881,0
44,11,14,246824,8,8062.499881,4031.249881,0
44,14,11,246824,8,4031.249881,8062.499881,0
44,12,13,246824,7,4031.249881,3224.999881,0
44,13,12,246824,7,3224.999881,4031.249881,0
44,13,15,246824,28,3224.999881,8062.499881,0
44,15,13,246824,28,8062.499881,3224.999881,0
44,13,16,246824,35,3224.999881,8062.499881,0
44,16,13,246824,35,8062.499881,3224.999881,0
44,13,27,246824,24,3224.999881,8062.499881,0
44,27,13,246824,24,8062.499881,3224.999881,0
44,14,16,246824,35,4031.249881,8062.499881,0
44,16,14,246824,35,8062.499881,4031.249881,0
44,14,17,246824,23,4031.249881,5374.999881,0
44,17,14,246824,23,5374.999881,4031.249881,0
44,17,18,246824,27,5374.999881,4031.249881,0
44,18,17,246824,27,4031.249881,5374.999881,0
44,17,19,246824,28,5374.999881,8062.499881,0
44,19,17,246824,28,8062.499881,5374.999881,0
44,18,19,246824,30,4031.249881,8062.499881,0
44,19,18,246824,30,8062.499881,4031.249881,0
44,20,21,246824,42,8062.499881,4031.249881,0
44,21,20,246824,42,4031.249881,8062.499881,0
44,20,29,246824,46,8062.499881,4031.249881,0
44,29,20,246824,46,4031.249881,8062.499881,0
44,21,23,246824,36,4031.249881,8062.499881,0
44,23,21,246824,36,8062.499881,4031.249881,0
44,26,29,246824,35,8062.499881,4031.249881,0
44,29,26,246824,35,4031.249881,8062.499881,0
45,0,1,246824,8,5374.999881,2687.499881,0
45,1,0,246824,8,2687.499881,5374.999881,0
45,0,3,246824,7,5374.999881,4031.249881,0
45,3,0,246824,7,4031.249881,5374.999881,0
45,0,25,246824,27,5374.999881,8062.499881,0
45,25,0,246824,27,8062.499881,5374.999881,0
45,1,2,246824,12,2687.499881,3224.999881,0
45,2,1,246824,12,3224.999881,2687.499881,0
45,1,4,246824,11,2687.499881,4031.249881,0
45,4,1,246824,11,4031.249881,2687.499881,0
45,1,22,246824,35,2687.499881,8062.499881,0
45,22,1,246824,35,8062.499881,2687.499881,0
45,1,24,246824,37,2687.499881,5374.999881,0
45,24,1,246824,37,5374.999881,2687.499881,0
45,1,28,246824,38,2687.499881,8062.499881,0
45,28,1,246824,38,8062.499881,2687.499881,0
45,2,3,246824,12,3224.999881,4031.249881,0
45,3,2,246824,12,4031.249881,3224.999881,0
45,2,5,246824,14,3224.999881,5374.999881,0
45,5,2,246824,14,5374.999881,3224.999881,0
45,2,12,246824,11,3224.999881,3224.999881,0
45,12,2,246824,11,3224.999881,3224.999881,0
45,2,29,246824,27,3224.999881,8062.499881,0
45,29,2,246824,27,8062.499881,3224.999881,0
45,3,24,246824,37,4031.249881,5374.999881,0
45,24,3,246824,37,5374.999881,4031.249881,0
45,3,27,246824,24,4031.249881,8062.499881,0
45,27,3,246824,24,8062.499881,4031.249881,0
45,4,5,246824,13,4031.249881,5374.999881,0
45,5,4,246824,13,5374.999881,4031.249881,0
45,4,7,246824,12,4031.249881,1791.666547,0
45,7,4,246824,12,1791.666547,4031.249881,0
45,4,21,246824,23,4031.249881,4031.249881,0
45,21,4,246824,23,4031.249881,4031.249881,0
45,5,7,246824,11,5374.999881,1791.666547,0
45,7,5,246824,11,1791.666547,5374.999881,0
45,6,7,246824,11,5374.999881,1791.666547,0
45,7,6,246824,11,1791.666547,5374.999881,0
45,6,9,246824,11,5374.999881,2687.499881,0
45,9,6,246824,11,2687.499881,5374.999881,0
45,6,15,246824,29,5374.999881,8062.499881,0
45,15,6,246824,29,8062.499881,5374.999881,0
45,7,8,246824,10,1791.666547,3224.999881,0
45,8,7,246824,10,3224.999881,1791.666547,0
45,7,9,246824,11,1791.666547,2687.499881,0
45,9,7,246824,11,2687.499881,1791.666547,0
45,7,12,246824,8,1791.666547,3224.999881,0
45,12,7,246824,8,3224.999881,1791.666547,0
45,7,18,246824,22,1791.666547,5374.999881,0
45,18,7,246824,22,5374.999881,1791.666547,0
45,7,25,246824,29,1791.666547,8062.499881,0
45,25,7,246824,29,8062.499881,1791.666547,0
45,7,29,246824,27,1791.666547,8062.499881,0
45,29,7,246824,27,8062.499881,1791.666547,0
45,8,11,246824,8,3224.999881,2303.571309,0
45,11,8,246824,8,2303.571309,3224.999881,0
45,8,18,246824,21,3224.999881,5374.999881,0
45,18,8,246824,21,5374.999881,3224.999881,0
45,8,23,246824,34,3224.999881,8062.499881,0
45,23,8,246824,34,8062.499881,3224.999881,0
45,8,26,246824,26,3224.999881,8062.499881,0
45,26,8,246824,26,8062.499881,3224.999881,0
45,9,10,246824,12,2687.499881,8062.499881,0
45,10,9,246824,12,8062.499881,2687.499881,0
45,9,11,246824,9,2687.499881,2303.571309,0
45,11,9,246824,9,2303.571309,2687.499881,0
45,9,12,246824,9,2687.499881,3224.999881,0
45,12,9,246824,9,3224.999881,2687.499881,0
45,9,14,246824,10,2687.499881,3224.999881,0
45,14,9,246824,10,3224.999881,2687.499881,0
45,10,11,246824,10,8062.499881,2303.571309,0
45,11,10,246824,10,2303.571309,8062.499881,0
45,11,12,246824,7,2303.571309,3224.999881,0
45,12,11,246824,7,3224.999881,2303.571309,0
45,11,13,246824,8,2303.571309,2687.499881,0
45,13,11,246824,8,2687.499881,2303.571309,0
45,11,14,246824,8,2303.571309,3224.999881,0
45,14,11,246824,8,3224.999881,2303.571309,0
45,11,21,246824,21,2303.571309,4031.249881,0
45,21,11,246824,21,4031.249881,2303.571309,0
45,12,13,246824,7,3224.999881,2687.499881,0
45,13,12,246824,7,2687.499881,3224.999881,0
45,13,14,246824,9,2687.499881,3224.999881,0
45,14,13,246824,9,3224.999881,2687.499881,0
45,13,15,246824,28,2687.499881,8062.499881,0
45,15,13,246824,28,8062.499881,2687.499881,0
45,13,16,246824,35,2687.499881,8062.499881,0
45,16,13,246824,35,8062.499881,2687.499881,0
45,13,27,246824,24,2687.499881,8062.499881,0
45,27,13,246824,24,8062.499881,2687.499881,0
45,14,16,246824,35,3224.999881,8062.499881,0
45,16,14,246824,35,8062.499881,3224.999881,0
45,14,17,246824,23,3224.999881,4031.249881,0
45,17,14,246824,23,4031.249881,3224.999881,0
45,17,19,246824,28,4031.249881,3224.999881,0
45,19,17,246824,28,3224.999881,4031.249881,0
45,17,23,246824,36,4031.249881,8062.499881,0
45,23,17,246824,36,8062.499881,4031.249881,0
45,17,28,246824,40,4031.249881,8062.499881,0
45,28,17,246824,40,8062.499881,4031.249881,0
45,18,19,246824,30,5374.999881,3224.999881,0
45,19,18,246824,30,3224.999881,5374.999881,0
45,19,20,246824,45,3224.999881,8062.499881,0
45,20,19,246824,45,8062.499881,3224.999881,0
45,19,21,246824,28,3224.999881,4031.249881,0
45,21,19,246824,28,4031.249881,3224.999881,0
45,19,22,246824,40,3224.999881,8062.499881,0
45,22,19,246824,40,8062.499881,3224.999881,0
45,20,21,246824,42,8062.499881,4031.249881,0
45,21,20,246824,42,4031.249881,8062.499881,0
45,24,26,246824,46,5374.999881,8062.499881,0
45,26,24,246824,46,8062.499881,5374.999881,0
46,0,1,246824,8,4031.249881,2687.499881,0
46,1,0,246824,8,2687.499881,4031.249881,0
46,0,2,246824,11,4031.249881,4031.249881,0
46,2,0,246824,11,4031.249881,4031.249881,0
46,0,3,246824,7,4031.249881,2687.499881,0
46,3,0,246824,7,2687.499881,4031.249881,0
46,0,25,246824,27,4031.249881,8062.499881,0
46,25,0,246824,27,8062.499881,4031.249881,0
46,1,4,246824,11,2687.499881,5374.999881,0
46,4,1,246824,11,5374.999881,2687.499881,0
46,1,18,246824,21,2687.499881,8062.499881,0
46,18,1,246824,21,8062.499881,2687.499881,0
46,1,22,246824,35,2687.499881,8062.499881,0
46,22,1,246824,35,8062.499881,2687.499881,0
46,1,24,246824,37,2687.499881,5374.999881,0
46,24,1,246824,37,5374.999881,2687.499881,0
46,1,28,246824,38,2687.499881,8062.499881,0
46,28,1,246824,38,8062.499881,2687.499881,0
46,2,3,246824,12,4031.249881,2687.499881,0
46,3,2,246824,12,2687.499881,4031.249881,0
46,2,5,246824,14,4031.249881,5374.999881,0
46,5,2,246824,14,5374.999881,4031.249881,0
46,2,29,246824,27,4031.249881,8062.499881,0
46,29,2,246824,27,8062.499881,4031.249881,0
46,3,4,246824,11,2687.499881,5374.999881,0
46,4,3,246824,11,5374.999881,2687.499881,0
46,3,18,246824,21,2687.499881,8062.499881,0
46,18,3,246824,21,8062.499881,2687.499881,0
46,3,24,246824,37,2687.499881,5374.999881,0
46,24,3,246824,37,5374.999881,2687.499881,0
46,3,27,246824,24,2687.499881,8062.499881,0
46,27,3,246824,24,8062.499881,2687.499881,0
46,4,7,246824,12,5374.999881,3224.999881,0
46,7,4,246824,12,3224.999881,5374.999881,0
46,5,6,246824,12,5374.999881,8062.499881,0
46,6,5,246824,12,8062.499881,5374.999881,0
46,5,7,246824,11,5374.999881,3224.999881,0
46,7,5,246824,11,3224.999881,5374.999881,0
46,6,7,246824,11,8062.499881,3224.999881,0
46,7,6,246824,11,3224.999881,8062.499881,0
46,7,25,246824,29,3224.999881,8062.499881,0
46,25,7,246824,29,8062.499881,3224.999881,0
46,7,29,246824,27,3224.999881,8062.499881,0
46,29,7,246824,27,8062.499881,3224.999881,0
46,8,9,246824,10,3224.999881,4031.249881,0
46,9,8,246824,10,4031.249881,3224.999881,0
46,8,10,246824,11,3224.999881,4031.249881,0
46,10,8,246824,11,4031.249881,3224.999881,0
46,8,11,246824,8,3224.999881,2303.571309,0
46,11,8,246824,8,2303.571309,3224.999881,0
46,8,23,246824,34,3224.999881,8062.499881,0
46,23,8,246824,34,8062.499881,3224.999881,0
46,8,26,246824,26,3224.999881,8062.499881,0
46,26,8,246824,26,8062.499881,3224.999881,0
46,9,11,246824,9,4031.249881,2303.571309,0
46,11,9,246824,9,2303.571309,4031.249881,0
46,9,12,246824,9,4031.249881,5374.999881,0
46,12,9,246824,9,5374.999881,4031.249881,0
46,9,14,246824,10,4031.249881,5374.999881,0
46,14,9,246824,10,5374.999881,4031.249881,0
46,10,11,246824,10,4031.249881,2303.571309,0
46,11,10,246824,10,2303.571309,4031.249881,0
46,10,13,246824,11,4031.249881,2687.499881,0
46,13,10,246824,11,2687.499881,4031.249881,0
46,10,21,246824,23,4031.249881,8062.499881,0
46,21,10,246824,23,8062.499881,4031.249881,0
46,11,12,246824,7,2303.571309,5374.999881,0
46,12,11,246824,7,5374.999881,2303.571309,0
46,11,13,246824,8,2303.571309,2687.499881,0
46,13,11,246824,8,2687.499881,2303.571309,0
46,11,14,246824,8,2303.571309,5374.999881,0
46,14,11,246824,8,5374.999881,2303.571309,0
46,11,21,246824,21,2303.571309,8062.499881,0
46,21,11,246824,21,8062.499881,2303.571309,0
46,12,13,246824,7,5374.999881,2687.499881,0
46,13,12,246824,7,2687.499881,5374.999881,0
46,13,15,246824,28,2687.499881,8062.499881,0
46,15,13,246824,28,8062.499881,2687.499881,0
46,13,16,246824,35,2687.499881,8062.499881,0
46,16,13,246824,35,8062.499881,2687.499881,0
46,13,27,246824,24,2687.499881,8062.499881,0
46,27,13,246824,24,8062.499881,2687.499881,0
46,14,17,246824,23,5374.999881,2303.571309,0
46,17,14,246824,23,2303.571309,5374.999881,0
46,15,17,246824,31,8062.499881,2303.571309,0
46,17,15,246824,31,2303.571309,8062.499881,0
46,16,17,246824,37,8062.499881,2303.571309,0
46,17,16,246824,37,2303.571309,8062.499881,0
46,17,19,246824,28,2303.571309,5374.999881,0
46,19,17,246824,28,5374.999881,2303.571309,0
46,17,20,246824,42,2303.571309,8062.499881,0
46,20,17,246824,42,8062.499881,2303.571309,0
46,17,23,246824,36,2303.571309,8062.499881,0
46,23,17,246824,36,8062.499881,2303.571309,0
46,17,28,246824,40,2303.571309,8062.499881,0
46,28,17,246824,40,8062.499881,2303.571309,0
46,19,20,246824,45,5374.999881,8062.499881,0
46,20,19,246824,45,8062.499881,5374.999881,0
46,19,22,246824,40,5374.999881,8062.499881,0
46,22,19,246824,40,8062.499881,5374.999881,0
46,24,26,246824,46,5374.999881,8062.499881,0
46,26,24,246824,46,8062.499881,5374.999881,0
47,0,1,246824,8,5374.999881,2687.499881,0
47,1,0,246824,8,2687.499881,5374.999881,0
47,0,3,246824,7,5374.999881,3224.999881,0
47,3,0,246824,7,3224.999881,5374.999881,0
47,0,25,246824,27,5374.999881,5374.999881,0
47,25,0,246824,27,5374.999881,5374.999881,0
47,1,2,246824,12,2687.499881,4031.249881,0
47,2,1,246824,12,4031.249881,2687.499881,0
47,1,4,246824,11,2687.499881,2687.499881,0
47,4,1,246824,11,2687.499881,2687.499881,0
47,1,22,246824,35,2687.499881,8062.499881,0
47,22,1,246824,35,8062.499881,2687.499881,0
47,1,24,246824,37,2687.499881,8062.499881,0
47,24,1,246824,37,8062.499881,2687.499881,0
47,1,28,246824,38,2687.499881,8062.499881,0
47,28,1,246824,38,8062.499881,2687.499881,0
47,2,3,246824,12,4031.249881,3224.999881,0
47,3,2,246824,12,3224.999881,4031.249881,0
47,2,12,246824,11,4031.249881,4031.249881,0
47,12,2,246824,11,4031.249881,4031.249881,0
47,2,29,246824,27,4031.249881,5374.999881,0
47,29,2,246824,27,5374.999881,4031.249881,0
47,3,4,246824,11,3224.999881,2687.499881,0
47,4,3,246824,11,2687.499881,3224.999881,0
47,3,24,246824,37,3224.999881,8062.499881,0
47,24,3,246824,37,8062.499881,3224.999881,0
47,3,27,246824,24,3224.999881,8062.499881,0
47,27,3,246824,24,8062.499881,3224.999881,0
47,4,5,246824,13,2687.499881,4031.249881,0
47,5,4,246824,13,4031.249881,2687.499881,0
47,4,7,246824,12,2687.499881,2303.571309,0
47,7,4,246824,12,2303.571309,2687.499881,0
47,4,21,246824,23,2687.499881,5374.999881,0
47,21,4,246824,23,5374.999881,2687.499881,0
47,4,28,246824,39,2687.499881,8062.499881,0
47,28,4,246824,39,8062.499881,2687.499881,0
47,5,6,246824,12,4031.249881,8062.499881,0
47,6,5,246824,12,8062.499881,4031.249881,0
47,5,7,246824,11,4031.249881,2303.571309,0
47,7,5,246824,11,2303.571309,4031.249881,0
47,5,22,246824,37,4031.249881,8062.499881,0
47,22,5,246824,37,8062.499881,4031.249881,0
47,6,7,246824,11,8062.499881,2303.571309,0
47,7,6,246824,11,2303.571309,8062.499881,0
47,7,8,246824,10,2303.571309,3224.999881,0
47,8,7,246824,10,3224.999881,2303.571309,0
47,7,18,246824,22,2303.571309,4031.249881,0
47,18,7,246824,22,4031.249881,2303.571309,0
47,7,25,246824,29,2303.571309,5374.999881,0
47,25,7,246824,29,5374.999881,2303.571309,0
47,7,29,246824,27,2303.571309,5374.999881,0
47,29,7,246824,27,5374.999881,2303.571309,0
47,8,11,246824,8,3224.999881,2303.571309,0
47,11,8,246824,8,2303.571309,3224.999881,0
47,8,18,246824,21,3224.999881,4031.249881,0
47,18,8,246824,21,4031.249881,3224.999881,0
47,8,23,246824,34,3224.999881,8062.499881,0
47,23,8,246824,34,8062.499881,3224.999881,0
47,8,26,246824,26,3224.999881,8062.499881,0
47,26,8,246824,26,8062.499881,3224.999881,0
47,9,11,246824,9,8062.499881,2303.571309,0
47,11,9,246824,9,2303.571309,8062.499881,0
47,9,12,246824,9,8062.499881,4031.249881,0
47,12,9,246824,9,4031.249881,8062.499881,0
47,10,11,246824,10,8062.499881,2303.571309,0
47,11,10,246824,10,2303.571309,8062.499881,0
47,10,13,246824,11,8062.499881,2303.571309,0
47,13,10,246824,11,2303.571309,8062.499881,0
47,11,12,246824,7,2303.571309,4031.249881,0
47,12,11,246824,7,4031.249881,2303.571309,0
47,11,13,246824,8,2303.571309,2303.571309,0
47,13,11,246824,8,2303.571309,2303.571309,0
47,11,14,246824,8,2303.571309,4031.249881,0
47,14,11,246824,8,4031.249881,2303.571309,0
47,11,21,246824,21,2303.571309,5374.999881,0
47,21,11,246824,21,5374.999881,2303.571309,0
47,12,13,246824,7,4031.249881,2303.571309,0
47,13,12,246824,7,2303.571309,4031.249881,0
47,13,14,246824,9,2303.571309,4031.249881,0
47,14,13,246824,9,4031.249881,2303.571309,0
47,13,15,246824,28,2303.571309,5374.999881,0
47,15,13,246824,28,5374.999881,2303.571309,0
47,13,16,246824,35,2303.571309,8062.499881,0
47,16,13,246824,35,8062.499881,2303.571309,0
47,13,27,246824,24,2303.571309,8062.499881,0
47,27,13,246824,24,8062.499881,2303.571309,0
47,14,16,246824,35,4031.249881,8062.499881,0
47,16,14,246824,35,8062.499881,4031.249881,0
47,14,17,246824,23,4031.249881,5374.999881,0
47,17,14,246824,23,5374.999881,4031.249881,0
47,15,17,246824,31,5374.999881,5374.999881,0
47,17,15,246824,31,5374.999881,5374.999881,0
47,15,18,246824,32,5374.999881,4031.249881,0
47,18,15,246824,32,4031.249881,5374.999881,0
47,17,19,246824,28,5374.999881,5374.999881,0
47,19,17,246824,28,5374.999881,5374.999881,0
47,18,19,246824,30,4031.249881,5374.999881,0
47,19,18,246824,30,5374.999881,4031.249881,0
47,19,20,246824,45,5374.999881,8062.499881,0
47,20,19,246824,45,8062.499881,5374.999881,0
47,20,29,246824,46,8062.499881,5374.999881,0
47,29,20,246824,46,5374.999881,8062.499881,0
47,21,23,246824,36,5374.999881,8062.499881,0
47,23,21,246824,36,8062.499881,5374.999881,0
47,25,26,246824,37,5374.999881,8062.499881,0
47,26,25,246824,37,8062.499881,5374.999881,0
48,0,1,246824,8,4031.249881,2303.571309,0
48,1,0,246824,8,2303.571309,4031.249881,0
48,0,2,246824,11,4031.249881,3224.999881,0
48,2,0,246824,11,3224.999881,4031.249881,0
48,0,3,246824,7,4031.249881,3224.999881,0
48,3,0,246824,7,3224.999881,4031.249881,0
48,0,25,246824,27,4031.249881,8062.499881,0
48,25,0,246824,27,8062.499881,4031.249881,0
48,1,2,246824,12,2303.571309,3224.999881,0
48,2,1,246824,12,3224.999881,2303.571309,0
48,1,4,246824,11,2303.571309,2687.499881,0
48,4,1,246824,11,2687.499881,2303.571309,0
48,1,18,246824,21,2303.571309,3224.999881,0
48,18,1,246824,21,3224.999881,2303.571309,0
48,1,22,246824,35,2303.571309,8062.499881,0
48,22,1,246824,35,8062.499881,2303.571309,0
48,1,24,246824,37,2303.571309,5374.999881,0
48,24,1,246824,37,5374.999881,2303.571309,0
48,1,28,246824,38,2303.571309,8062.499881,0
48,28,1,246824,38,8062.499881,2303.571309,0
48,2,4,246824,13,3224.999881,2687.499881,0
48,4,2,246824,13,2687.499881,3224.999881,0
48,2,12,246824,11,3224.999881,3224.999881,0
48,12,2,246824,11,3224.999881,3224.999881,0
48,2,29,246824,27,3224.999881,8062.499881,0
48,29,2,246824,27,8062.499881,3224.999881,0
48,3,4,246824,11,3224.999881,2687.499881,0
48,4,3,246824,11,2687.499881,3224.999881,0
48,3,18,246824,21,3224.999881,3224.999881,0
48,18,3,246824,21,3224.999881,3224.999881,0
48,3,24,246824,37,3224.999881,5374.999881,0
48,24,3,246824,37,5374.999881,3224.999881,0
48,3,27,246824,24,3224.999881,8062.499881,0
48,27,3,246824,24,8062.499881,3224.999881,0
48,4,5,246824,13,2687.499881,5374.999881,0
48,5,4,246824,13,5374.999881,2687.499881,0
48,4,7,246824,12,2687.499881,2015.624881,0
48,7,4,246824,12,2015.624881,2687.499881,0
48,4,21,246824,23,2687.499881,3224.999881,0
48,21,4,246824,23,3224.999881,2687.499881,0
48,5,7,246824,11,5374.999881,2015.624881,0
48,7,5,246824,11,2015.624881,5374.999881,0
48,5,22,246824,37,5374.999881,8062.499881,0
48,22,5,246824,37,8062.499881,5374.999881,0
48,6,7,246824,11,5374.999881,2015.624881,0
48,7,6,246824,11,2015.624881,5374.999881,0
48,6,9,246824,11,5374.999881,3224.999881,0
48,9,6,246824,11,3224.999881,5374.999881,0
48,6,15,246824,29,5374.999881,8062.499881,0
48,15,6,246824,29,8062.499881,5374.999881,0
48,7,8,246824,10,2015.624881,4031.249881,0
48,8,7,246824,10,4031.249881,2015.624881,0
48,7,9,246824,11,2015.624881,3224.999881,0
48,9,7,246824,11,3224.999881,2015.624881,0
48,7,12,246824,8,2015.624881,3224.999881,0
48,12,7,246824,8,3224.999881,2015.624881,0
48,7,25,246824,29,2015.624881,8062.499881,0
48,25,7,246824,29,8062.499881,2015.624881,0
48,7,29,246824,27,2015.624881,8062.499881,0
48,29,7,246824,27,8062.499881,2015.624881,0
48,8,9,246824,10,4031.249881,3224.999881,0
48,9,8,246824,10,3224.999881,4031.249881,0
48,8,23,246824,34,4031.249881,8062.499881,0
48,23,8,246824,34,8062.499881,4031.249881,0
48,8,26,246824,26,4031.249881,8062.499881,0
48,26,8,246824,26,8062.499881,4031.249881,0
48,9,10,246824,12,3224.999881,5374.999881,0
48,10,9,246824,12,5374.999881,3224.999881,0
48,9,12,246824,9,3224.999881,3224.999881,0
48,12,9,246824,9,3224.999881,3224.999881,0
48,10,13,246824,11,5374.999881,2303.571309,0
48,13,10,246824,11,2303.571309,5374.999881,0
48,10,21,246824,23,5374.999881,3224.999881,0
48,21,10,246824,23,3224.999881,5374.999881,0
48,11,12,246824,7,5374.999881,3224.999881,0
48,12,11,246824,7,3224.999881,5374.999881,0
48,11,13,246824,8,5374.999881,2303.571309,0
48,13,11,246824,8,2303.571309,5374.999881,0
48,11,14,246824,8,5374.999881,5374.999881,0
48,14,11,246824,8,5374.999881,5374.999881,0
48,12,13,246824,7,3224.999881,2303.571309,0
48,13,12,246824,7,2303.571309,3224.999881,0
48,13,14,246824,9,2303.571309,5374.999881,0
48,14,13,246824,9,5374.999881,2303.571309,0
48,13,15,246824,28,2303.571309,8062.499881,0
48,15,13,246824,28,8062.499881,2303.571309,0
48,13,16,246824,35,2303.571309,8062.499881,0
48,16,13,246824,35,8062.499881,2303.571309,0
48,13,27,246824,24,2303.571309,8062.499881,0
48,27,13,246824,24,8062.499881,2303.571309,0
48,14,17,246824,23,5374.999881,4031.249881,0
48,17,14,246824,23,4031.249881,5374.999881,0
48,16,18,246824,39,8062.499881,3224.999881,0
48,18,16,246824,39,3224.999881,8062.499881,0
48,17,18,246824,27,4031.249881,3224.999881,0
48,18,17,246824,27,3224.999881,4031.249881,0
48,17,20,246824,42,4031.249881,8062.499881,0
48,20,17,246824,42,8062.499881,4031.249881,0
48,17,28,246824,40,4031.249881,8062.499881,0
48,28,17,246824,40,8062.499881,4031.249881,0
48,18,19,246824,30,3224.999881,8062.499881,0
48,19,18,246824,30,8062.499881,3224.999881,0
48,19,21,246824,28,8062.499881,3224.999881,0
48,21,19,246824,28,3224.999881,8062.499881,0
48,20,21,246824,42,8062.499881,3224.999881,0
48,21,20,246824,42,3224.999881,8062.499881,0
48,21,23,246824,36,3224.999881,8062.499881,0
48,23,21,246824,36,8062.499881,3224.999881,0
48,24,26,246824,46,5374.999881,8062.499881,0
48,26,24,246824,46,8062.499881,5374.999881,0
49,0,1,246824,8,4031.249881,2303.571309,0
49,1,0,246824,8,2303.571309,4031.249881,0
49,0,2,246824,11,4031.249881,2687.499881,0
49,2,0,246824,11,2687.499881,4031.249881,0
49,0,3,246824,7,4031.249881,3224.999881,0
49,3,0,246824,7,3224.999881,4031.249881,0
49,0,25,246824,27,4031.249881,8062.499881,0
49,25,0,246824,27,8062.499881,4031.249881,0
49,1,2,246824,12,2303.571309,2687.499881,0
49,2,1,246824,12,2687.499881,2303.571309,0
49,1,4,246824,11,2303.571309,4031.249881,0
49,4,1,246824,11,4031.249881,2303.571309,0
49,1,18,246824,21,2303.571309,5374.999881,0
49,18,1,246824,21,5374.999881,2303.571309,0
49,1,22,246824,35,2303.571309,8062.499881,0
49,22,1,246824,35,8062.499881,2303.571309,0
49,1,24,246824,37,2303.571309,5374.999881,0
49,24,1,246824,37,5374.999881,2303.571309,0
49,1,28,246824,38,2303.571309,8062.499881,0
49,28,1,246824,38,8062.499881,2303.571309,0
49,2,3,246824,12,2687.499881,3224.999881,0
49,3,2,246824,12,3224.999881,2687.499881,0
49,2,5,246824,14,2687.499881,5374.999881,0
49,5,2,246824,14,5374.999881,2687.499881,0
49,2,12,246824,11,2687.499881,3224.999881,0
49,12,2,246824,11,3224.999881,2687.499881,0
49,2,29,246824,27,2687.499881,5374.999881,0
49,29,2,246824,27,5374.999881,2687.499881,0
49,3,4,246824,11,3224.999881,4031.249881,0
49,4,3,246824,11,4031.249881,3224.999881,0
49,3,24,246824,37,3224.999881,5374.999881,0
49,24,3,246824,37,5374.999881,3224.999881,0
49,3,27,246824,24,3224.999881,5374.999881,0
49,27,3,246824,24,5374.999881,3224.999881,0
49,4,7,246824,12,4031.249881,2687.499881,0
49,7,4,246824,12,2687.499881,4031.249881,0
49,4,28,246824,39,4031.249881,8062.499881,0
49,28,4,246824,39,8062.499881,4031.249881,0
49,5,6,246824,12,5374.999881,5374.999881,0
49,6,5,246824,12,5374.999881,5374.999881,0
49,5,22,246824,37,5374.999881,8062.499881,0
49,22,5,246824,37,8062.499881,5374.999881,0
49,6,7,246824,11,5374.999881,2687.499881,0
49,7,6,246824,11,2687.499881,5374.999881,0
49,6,9,246824,11,5374.999881,4031.249881,0
49,9,6,246824,11,4031.249881,5374.999881,0
49,7,8,246824,10,2687.499881,3224.999881,0
49,8,7,246824,10,3224.999881,2687.499881,0
49,7,12,246824,8,2687.499881,3224.999881,0
49,12,7,246824,8,3224.999881,2687.499881,0
49,7,18,246824,22,2687.499881,5374.999881,0
49,18,7,246824,22,5374.999881,2687.499881,0
49,7,29,246824,27,2687.499881,5374.999881,0
49,29,7,246824,27,5374.999881,2687.499881,0
49,8,10,246824,11,3224.999881,4031.249881,0
49,10,8,246824,11,4031.249881,3224.999881,0
49,8,11,246824,8,3224.999881,3224.999881,0
49,11,8,246824,8,3224.999881,3224.999881,0
49,8,23,246824,34,3224.999881,8062.499881,0
49,23,8,246824,34,8062.499881,3224.999881,0
49,8,26,246824,26,3224.999881,8062.499881,0
49,26,8,246824,26,8062.499881,3224.999881,0
49,9,10,246824,12,4031.249881,4031.249881,0
49,10,9,246824,12,4031.249881,4031.249881,0
49,9,12,246824,9,4031.249881,3224.999881,0
49,12,9,246824,9,3224.999881,4031.249881,0
49,9,14,246824,10,4031.249881,4031.249881,0
49,14,9,246824,10,4031.249881,4031.249881,0
49,10,13,246824,11,4031.249881,3224.999881,0
49,13,10,246824,11,3224.999881,4031.249881,0
49,10,21,246824,23,4031.249881,5374.999881,0
49,21,10,246824,23,5374.999881,4031.249881,0
49,11,12,246824,7,3224.999881,3224.999881,0
49,12,11,246824,7,3224.999881,3224.999881,0
49,11,13,246824,8,3224.999881,3224.999881,0
49,13,11,246824,8,3224.999881,3224.999881,0
49,11,14,246824,8,3224.999881,4031.249881,0
49,14,11,246824,8,4031.249881,3224.999881,0
49,11,21,246824,21,3224.999881,5374.999881,0
49,21,11,246824,21,5374.999881,3224.999881,0
49,12,13,246824,7,3224.999881,3224.999881,0
49,13,12,246824,7,3224.999881,3224.999881,0
49,13,15,246824,28,3224.999881,8062.499881,0
49,15,13,246824,28,8062.499881,3224.999881,0
49,13,27,246824,24,3224.999881,5374.999881,0
49,27,13,246824,24,5374.999881,3224.999881,0
49,14,16,246824,35,4031.249881,8062.499881,0
49,16,14,246824,35,8062.499881,4031.249881,0
49,14,17,246824,23,4031.249881,2303.571309,0
49,17,14,246824,23,2303.571309,4031.249881,0
49,15,17,246824,31,8062.499881,2303.571309,0
49,17,15,246824,31,2303.571309,8062.499881,0
49,16,17,246824,37,8062.499881,2303.571309,0
49,17,16,246824,37,2303.571309,8062.499881,0
49,17,18,246824,27,2303.571309,5374.999881,0
49,18,17,246824,27,5374.999881,2303.571309,0
49,17,19,246824,28,2303.571309,8062.499881,0
49,19,17,246824,28,8062.499881,2303.571309,0
49,17,20,246824,42,2303.571309,8062.499881,0
49,20,17,246824,42,8062.499881,2303.571309,0
49,17,23,246824,36,2303.571309,8062.499881,0
49,23,17,246824,36,8062.499881,2303.571309,0
49,19,21,246824,28,8062.499881,5374.999881,0
49,21,19,246824,28,5374.999881,8062.499881,0
49,20,29,246824,46,8062.499881,5374.999881,0
49,29,20,246824,46,5374.999881,8062.499881,0
49,24,26,246824,46,5374.999881,8062.499881,0
49,26,24,246824,46,8062.499881,5374.999881,0
49,25,27,246824,34,8062.499881,5374.999881,0
49,27,25,246824,34,5374.999881,8062.499881,0
50,0,1,246824,8,4029.166547,3223.333214,0
50,1,0,246824,8,3223.333214,4029.166547,0
50,0,2,246824,11,4029.166547,5372.222103,0
50,2,0,246824,11,5372.222103,4029.166547,0
50,0,3,246824,7,4029.166547,4029.166547,0
50,3,0,246824,7,4029.166547,4029.166547,0
50,0,25,246824,27,4029.166547,5372.222103,0
50,25,0,246824,27,5372.222103,4029.166547,0
50,1,4,246824,11,3223.333214,4029.166547,0
50,4,1,246824,11,4029.166547,3223.333214,0
50,1,22,246824,35,3223.333214,8058.333214,0
50,22,1,246824,35,8058.333214,3223.333214,0
50,1,24,246824,37,3223.333214,8058.333214,0
50,24,1,246824,37,8058.333214,3223.333214,0
50,1,28,246824,38,3223.333214,8058.333214,0
50,28,1,246824,38,8058.333214,3223.333214,0
50,2,12,246824,11,5372.222103,3223.333214,0
50,12,2,246824,11,3223.333214,5372.222103,0
50,2,29,246824,27,5372.222103,8058.333214,0
50,29,2,246824,27,8058.333214,5372.222103,0
50,3,4,246824,11,4029.166547,4029.166547,0
50,4,3,246824,11,4029.166547,4029.166547,0
50,3,24,246824,37,4029.166547,8058.333214,0
50,24,3,246824,37,8058.333214,4029.166547,0
50,3,27,246824,24,4029.166547,8058.333214,0
50,27,3,246824,24,8058.333214,4029.166547,0
50,4,7,246824,12,4029.166547,2014.583214,0
50,7,4,246824,12,2014.583214,4029.166547,0
50,4,28,246824,39,4029.166547,8058.333214,0
50,28,4,246824,39,8058.333214,4029.166547,0
50,5,6,246824,12,5372.222103,8058.333214,0
50,6,5,246824,12,8058.333214,5372.222103,0
50,5,7,246824,11,5372.222103,2014.583214,0
50,7,5,246824,11,2014.583214,5372.222103,0
50,5,22,246824,37,5372.222103,8058.333214,0
50,22,5,246824,37,8058.333214,5372.222103,0
50,6,7,246824,11,8058.333214,2014.583214,0
50,7,6,246824,11,2014.583214,8058.333214,0
50,7,8,246824,10,2014.583214,2686.110992,0
50,8,7,246824,10,2686.110992,2014.583214,0
50,7,12,246824,8,2014.583214,3223.333214,0
50,12,7,246824,8,3223.333214,2014.583214,0
50,7,18,246824,22,2014.583214,5372.222103,0
50,18,7,246824,22,5372.222103,2014.583214,0
50,7,25,246824,29,2014.583214,5372.222103,0
50,25,7,246824,29,5372.222103,2014.583214,0
50,7,29,246824,27,2014.583214,8058.333214,0
50,29,7,246824,27,8058.333214,2014.583214,0
50,8,10,246824,11,2686.110992,5372.222103,0
50,10,8,246824,11,5372.222103,2686.110992,0
50,8,11,246824,8,2686.110992,3223.333214,0
50,11,8,246824,8,3223.333214,2686.110992,0
50,8,18,246824,21,2686.110992,5372.222103,0
50,18,8,246824,21,5372.222103,2686.110992,0
50,8,23,246824,34,2686.110992,8058.333214,0
50,23,8,246824,34,8058.333214,2686.110992,0
50,8,26,246824,26,2686.110992,8058.333214,0
50,26,8,246824,26,8058.333214,2686.110992,0
50,9,11,246824,9,5372.222103,3223.333214,0
50,11,9,246824,9,3223.333214,5372.222103,0
50,9,12,246824,9,5372.222103,3223.333214,0
50,12,9,246824,9,3223.333214,5372.222103,0
50,9,14,246824,10,5372.222103,4029.166547,0
50,14,9,246824,10,4029.166547,5372.222103,0
50,10,13,246824,11,5372.222103,2302.380833,0
50,13,10,246824,11,2302.380833,5372.222103,0
50,10,21,246824,23,5372.222103,8058.333214,0
50,21,10,246824,23,8058.333214,5372.222103,0
50,11,12,246824,7,3223.333214,3223.333214,0
50,12,11,246824,7,3223.333214,3223.333214,0
50,11,13,246824,8,3223.333214,2302.380833,0
50,13,11,246824,8,2302.380833,3223.333214,0
50,11,21,246824,21,3223.333214,8058.333214,0
50,21,11,246824,21,8058.333214,3223.333214,0
50,12,13,246824,7,3223.333214,2302.380833,0
50,13,12,246824,7,2302.380833,3223.333214,0
50,13,14,246824,9,2302.380833,4029.166547,0
50,14,13,246824,9,4029.166547,2302.380833,0
50,13,15,246824,28,2302.380833,8058.333214,0
50,15,13,246824,28,8058.333214,2302.380833,0
50,13,16,246824,35,2302.380833,8058.333214,0
50,16,13,246824,35,8058.333214,2302.380833,0
50,13,27,246824,24,2302.380833,8058.333214,0
50,27,13,246824,24,8058.333214,2302.380833,0
50,14,16,246824,35,4029.166547,8058.333214,0
50,16,14,246824,35,8058.333214,4029.166547,0
50,14,17,246824,23,4029.166547,3223.333214,0
50,17,14,246824,23,3223.333214,4029.166547,0
50,15,17,246824,31,8058.333214,3223.333214,0
50,17,15,246824,31,3223.333214,8058.333214,0
50,17,19,246824,28,3223.333214,5372.222103,0
50,19,17,246824,28,5372.222103,3223.333214,0
50,17,20,246824,42,3223.333214,8058.333214,0
50,20,17,246824,42,8058.333214,3223.333214,0
50,17,23,246824,36,3223.333214,8058.333214,0
50,23,17,246824,36,8058.333214,3223.333214,0
50,18,19,246824,30,5372.222103,5372.222103,0
50,19,18,246824,30,5372.222103,5372.222103,0
50,19,20,246824,45,5372.222103,8058.333214,0
50,20,19,246824,45,8058.333214,5372.222103,0
50,25,26,246824,37,5372.222103,8058.333214,0
50,26,25,246824,37,8058.333214,5372.222103,0
51,0,1,246824,8,4029.166547,3223.333214,0
51,1,0,246824,8,3223.333214,4029.166547,0
51,0,2,246824,11,4029.166547,5372.222103,0
51,2,0,246824,11,5372.222103,4029.166547,0
51,0,3,246824,7,4029.166547,4029.166547,0
51,3,0,246824,7,4029.166547,4029.166547,0
51,0,25,246824,27,4029.166547,5372.222103,0
51,25,0,246824,27,5372.222103,4029.166547,0
51,1,4,246824,11,3223.333214,4029.166547,0
51,4,1,246824,11,4029.166547,3223.333214,0
51,1,22,246824,35,3223.333214,8058.333214,0
51,22,1,246824,35,8058.333214,3223.333214,0
51,1,24,246824,37,3223.333214,8058.333214,0
51,24,1,246824,37,8058.333214,3223.333214,0
51,1,28,246824,38,3223.333214,8058.333214,0
51,28,1,246824,38,8058.333214,3223.333214,0
51,2,12,246824,11,5372.222103,3223.333214,0
51,12,2,246824,11,3223.333214,5372.222103,0
51,2,29,246824,27,5372.222103,8058.333214,0
51,29,2,246824,27,8058.333214,5372.222103,0
51,3,4,246824,11,4029.166547,4029.166547,0
51,4,3,246824,11,4029.166547,4029.166547,0
51,3,24,246824,37,4029.166547,8058.333214,0
51,24,3,246824,37,8058.333214,4029.166547,0
51,3,27,246824,24,4029.166547,8058.333214,0
51,27,3,246824,24,8058.333214,4029.166547,0
51,4,7,246824,12,4029.166547,2014.583214,0
51,7,4,246824,12,2014.583214,4029.166547,0
51,4,28,246824,39,4029.166547,8058.333214,0
51,28,4,246824,39,8058.333214,4029.166547,0
51,5,6,246824,12,5372.222103,8058.333214,0
51,6,5,246824,12,8058.333214,5372.222103,0
51,5,7,246824,11,5372.222103,2014.583214,0
51,7,5,246824,11,2014.583214,5372.222103,0
51,5,22,246824,37,5372.222103,8058.333214,0
51,22,5,246824,37,8058.333214,5372.222103,0
51,6,7,246824,11,8058.333214,2014.583214,0
51,7,6,246824,11,2014.583214,8058.333214,0
51,7,8,246824,10,2014.583214,2686.110992,0
51,8,7,246824,10,2686.110992,2014.583214,0
51,7,12,246824,8,2014.583214,3223.333214,0
51,12,7,246824,8,3223.333214,2014.583214,0
51,7,18,246824,22,2014.583214,8058.333214,0
51,18,7,246824,22,8058.333214,2014.583214,0
51,7,25,246824,29,2014.583214,5372.222103,0
51,25,7,246824,29,5372.222103,2014.583214,0
51,7,29,246824,27,2014.583214,8058.333214,0
51,29,7,246824,27,8058.333214,2014.583214,0
51,8,9,246824,10,2686.110992,4029.166547,0
51,9,8,246824,10,4029.166547,2686.110992,0
51,8,10,246824,11,2686.110992,5372.222103,0
51,10,8,246824,11,5372.222103,2686.110992,0
51,8,18,246824,21,2686.110992,8058.333214,0
51,18,8,246824,21,8058.333214,2686.110992,0
51,8,23,246824,34,2686.110992,8058.333214,0
51,23,8,246824,34,8058.333214,2686.110992,0
51,8,26,246824,26,2686.110992,8058.333214,0
51,26,8,246824,26,8058.333214,2686.110992,0
51,9,10,246824,12,4029.166547,5372.222103,0
51,10,9,246824,12,5372.222103,4029.166547,0
51,9,12,246824,9,4029.166547,3223.333214,0
51,12,9,246824,9,3223.333214,4029.166547,0
51,9,14,246824,10,4029.166547,3223.333214,0
51,14,9,246824,10,3223.333214,4029.166547,0
51,10,21,246824,23,5372.222103,5372.222103,0
51,21,10,246824,23,5372.222103,5372.222103,0
51,11,12,246824,7,5372.222103,3223.333214,0
51,12,11,246824,7,3223.333214,5372.222103,0
51,11,14,246824,8,5372.222103,3223.333214,0
51,14,11,246824,8,3223.333214,5372.222103,0
51,11,21,246824,21,5372.222103,5372.222103,0
51,21,11,246824,21,5372.222103,5372.222103,0
51,12,13,246824,7,3223.333214,3223.333214,0
51,13,12,246824,7,3223.333214,3223.333214,0
51,13,14,246824,9,3223.333214,3223.333214,0
51,14,13,246824,9,3223.333214,3223.333214,0
51,13,15,246824,28,3223.333214,8058.333214,0
51,15,13,246824,28,8058.333214,3223.333214,0
51,13,16,246824,35,3223.333214,8058.333214,0
51,16,13,246824,35,8058.333214,3223.333214,0
51,13,27,246824,24,3223.333214,8058.333214,0
51,27,13,246824,24,8058.333214,3223.333214,0
51,14,16,246824,35,3223.333214,8058.333214,0
51,16,14,246824,35,8058.333214,3223.333214,0
51,14,17,246824,23,3223.333214,3223.333214,0
51,17,14,246824,23,3223.333214,3223.333214,0
51,15,17,246824,31,8058.333214,3223.333214,0
51,17,15,246824,31,3223.333214,8058.333214,0
51,17,19,246824,28,3223.333214,5372.222103,0
51,19,17,246824,28,5372.222103,3223.333214,0
51,17,20,246824,42,3223.333214,8058.333214,0
51,20,17,246824,42,8058.333214,3223.333214,0
51,17,23,246824,36,3223.333214,8058.333214,0
51,23,17,246824,36,8058.333214,3223.333214,0
51,19,20,246824,45,5372.222103,8058.333214,0
51,20,19,246824,45,8058.333214,5372.222103,0
51,19,21,246824,28,5372.222103,5372.222103,0
51,21,19,246824,28,5372.222103,5372.222103,0
51,25,26,246824,37,5372.222103,8058.333214,0
51,26,25,246824,37,8058.333214,5372.222103,0
52,0,1,246824,8,4029.166547,2686.110992,0
52,1,0,246824,8,2686.110992,4029.166547,0
52,0,2,246824,11,4029.166547,5372.222103,0
52,2,0,246824,11,5372.222103,4029.166547,0
52,0,3,246824,7,4029.166547,4029.166547,0
52,3,0,246824,7,4029.166547,4029.166547,0
52,0,25,246824,27,4029.166547,8058.333214,0
52,25,0,246824,27,8058.333214,4029.166547,0
52,1,2,246824,12,2686.110992,5372.222103,0
52,2,1,246824,12,5372.222103,2686.110992,0
52,1,4,246824,11,2686.110992,5372.222103,0
52,4,1,246824,11,5372.222103,2686.110992,0
52,1,22,246824,35,2686.110992,8058.333214,0
52,22,1,246824,35,8058.333214,2686.110992,0
52,1,24,246824,37,2686.110992,8058.333214,0
52,24,1,246824,37,8058.333214,2686.110992,0
52,1,28,246824,38,2686.110992,8058.333214,0
52,28,1,246824,38,8058.333214,2686.110992,0
52,2,29,246824,27,5372.222103,5372.222103,0
52,29,2,246824,27,5372.222103,5372.222103,0
52,3,4,246824,11,4029.166547,5372.222103,0
52,4,3,246824,11,5372.222103,4029.166547,0
52,3,24,246824,37,4029.166547,8058.333214,0
52,24,3,246824,37,8058.333214,4029.166547,0
52,3,27,246824,24,4029.166547,8058.333214,0
52,27,3,246824,24,8058.333214,4029.166547,0
52,4,28,246824,39,5372.222103,8058.333214,0
52,28,4,246824,39,8058.333214,5372.222103,0
52,5,6,246824,12,5372.222103,8058.333214,0
52,6,5,246824,12,8058.333214,5372.222103,0
52,5,7,246824,11,5372.222103,2302.380833,0
52,7,5,246824,11,2302.380833,5372.222103,0
52,5,22,246824,37,5372.222103,8058.333214,0
52,22,5,246824,37,8058.333214,5372.222103,0
52,6,7,246824,11,8058.333214,2302.380833,0
52,7,6,246824,11,2302.380833,8058.333214,0
52,7,8,246824,10,2302.380833,3223.333214,0
52,8,7,246824,10,3223.333214,2302.380833,0
52,7,12,246824,8,2302.380833,4029.166547,0
52,12,7,246824,8,4029.166547,2302.380833,0
52,7,18,246824,22,2302.380833,8058.333214,0
52,18,7,246824,22,8058.333214,2302.380833,0
52,7,25,246824,29,2302.380833,8058.333214,0
52,25,7,246824,29,8058.333214,2302.380833,0
52,7,29,246824,27,2302.380833,5372.222103,0
52,29,7,246824,27,5372.222103,2302.380833,0
52,8,11,246824,8,3223.333214,2686.110992,0
52,11,8,246824,8,2686.110992,3223.333214,0
52,8,18,246824,21,3223.333214,8058.333214,0
52,18,8,246824,21,8058.333214,3223.333214,0
52,8,23,246824,34,3223.333214,8058.333214,0
52,23,8,246824,34,8058.333214,3223.333214,0
52,8,26,246824,26,3223.333214,8058.333214,0
52,26,8,246824,26,8058.333214,3223.333214,0
52,9,11,246824,9,5372.222103,2686.110992,0
52,11,9,246824,9,2686.110992,5372.222103,0
52,9,12,246824,9,5372.222103,4029.166547,0
52,12,9,246824,9,4029.166547,5372.222103,0
52,9,14,246824,10,5372.222103,3223.333214,0
52,14,9,246824,10,3223.333214,5372.222103,0
52,10,11,246824,10,5372.222103,2686.110992,0
52,11,10,246824,10,2686.110992,5372.222103,0
52,10,13,246824,11,5372.222103,2686.110992,0
52,13,10,246824,11,2686.110992,5372.222103,0
52,10,21,246824,23,5372.222103,5372.222103,0
52,21,10,246824,23,5372.222103,5372.222103,0
52,11,12,246824,7,2686.110992,4029.166547,0
52,12,11,246824,7,4029.166547,2686.110992,0
52,11,14,246824,8,2686.110992,3223.333214,0
52,14,11,246824,8,3223.333214,2686.110992,0
52,11,21,246824,21,2686.110992,5372.222103,0
52,21,11,246824,21,5372.222103,2686.110992,0
52,12,13,246824,7,4029.166547,2686.110992,0
52,13,12,246824,7,2686.110992,4029.166547,0
52,13,14,246824,9,2686.110992,3223.333214,0
52,14,13,246824,9,3223.333214,2686.110992,0
52,13,15,246824,28,2686.110992,8058.333214,0
52,15,13,246824,28,8058.333214,2686.110992,0
52,13,16,246824,35,2686.110992,8058.333214,0
52,16,13,246824,35,8058.333214,2686.110992,0
52,13,27,246824,24,2686.110992,8058.333214,0
52,27,13,246824,24,8058.333214,2686.110992,0
52,14,16,246824,35,3223.333214,8058.333214,0
52,16,14,246824,35,8058.333214,3223.333214,0
52,14,17,246824,23,3223.333214,3223.333214,0
52,17,14,246824,23,3223.333214,3223.333214,0
52,15,17,246824,31,8058.333214,3223.333214,0
52,17,15,246824,31,3223.333214,8058.333214,0
52,17,19,246824,28,3223.333214,5372.222103,0
52,19,17,246824,28,5372.222103,3223.333214,0
52,17,20,246824,42,3223.333214,8058.333214,0
52,20,17,246824,42,8058.333214,3223.333214,0
52,17,23,246824,36,3223.333214,8058.333214,0
52,23,17,246824,36,8058.333214,3223.333214,0
52,19,20,246824,45,5372.222103,8058.333214,0
52,20,19,246824,45,8058.333214,5372.222103,0
52,19,21,246824,28,5372.222103,5372.222103,0
52,21,19,246824,28,5372.222103,5372.222103,0
52,26,29,246824,35,8058.333214,5372.222103,0
52,29,26,246824,35,5372.222103,8058.333214,0
53,0,1,246824,8,4029.166547,3223.333214,0
53,1,0,246824,8,3223.333214,4029.166547,0
53,0,2,246824,11,4029.166547,5372.222103,0
53,2,0,246824,11,5372.222103,4029.166547,0
53,0,3,246824,7,4029.166547,4029.166547,0
53,3,0,246824,7,4029.166547,4029.166547,0
53,0,25,246824,27,4029.166547,8058.333214,0
53,25,0,246824,27,8058.333214,4029.166547,0
53,1,4,246824,11,3223.333214,3223.333214,0
53,4,1,246824,11,3223.333214,3223.333214,0
53,1,22,246824,35,3223.333214,8058.333214,0
53,22,1,246824,35,8058.333214,3223.333214,0
53,1,24,246824,37,3223.333214,8058.333214,0
53,24,1,246824,37,8058.333214,3223.333214,0
53,1,28,246824,38,3223.333214,8058.333214,0
53,28,1,246824,38,8058.333214,3223.333214,0
53,2,12,246824,11,5372.222103,3223.333214,0
53,12,2,246824,11,3223.333214,5372.222103,0
53,2,29,246824,27,5372.222103,5372.222103,0
53,29,2,246824,27,5372.222103,5372.222103,0
53,3,4,246824,11,4029.166547,3223.333214,0
53,4,3,246824,11,3223.333214,4029.166547,0
53,3,24,246824,37,4029.166547,8058.333214,0
53,24,3,246824,37,8058.333214,4029.166547,0
53,3,27,246824,24,4029.166547,8058.333214,0
53,27,3,246824,24,8058.333214,4029.166547,0
53,4,7,246824,12,3223.333214,2014.583214,0
53,7,4,246824,12,2014.583214,3223.333214,0
53,4,21,246824,23,3223.333214,8058.333214,0
53,21,4,246824,23,8058.333214,3223.333214,0
53,4,28,246824,39,3223.333214,8058.333214,0
53,28,4,246824,39,8058.333214,3223.333214,0
53,5,6,246824,12,5372.222103,5372.222103,0
53,6,5,246824,12,5372.222103,5372.222103,0
53,5,7,246824,11,5372.222103,2014.583214,0
53,7,5,246824,11,2014.583214,5372.222103,0
53,5,22,246824,37,5372.222103,8058.333214,0
53,22,5,246824,37,8058.333214,5372.222103,0
53,6,7,246824,11,5372.222103,2014.583214,0
53,7,6,246824,11,2014.583214,5372.222103,0
53,6,15,246824,29,5372.222103,8058.333214,0
53,15,6,246824,29,8058.333214,5372.222103,0
53,7,8,246824,10,2014.583214,2686.110992,0
53,8,7,246824,10,2686.110992,2014.583214,0
53,7,12,246824,8,2014.583214,3223.333214,0
53,12,7,246824,8,3223.333214,2014.583214,0
53,7,18,246824,22,2014.583214,5372.222103,0
53,18,7,246824,22,5372.222103,2014.583214,0
53,7,25,246824,29,2014.583214,8058.333214,0
53,25,7,246824,29,8058.333214,2014.583214,0
53,7,29,246824,27,2014.583214,5372.222103,0
53,29,7,246824,27,5372.222103,2014.583214,0
53,8,9,246824,10,2686.110992,5372.222103,0
53,9,8,246824,10,5372.222103,2686.110992,0
53,8,10,246824,11,2686.110992,8058.333214,0
53,10,8,246824,11,8058.333214,2686.110992,0
53,8,18,246824,21,2686.110992,5372.222103,0
53,18,8,246824,21,5372.222103,2686.110992,0
53,8,23,246824,34,2686.110992,8058.333214,0
53,23,8,246824,34,8058.333214,2686.110992,0
53,8,26,246824,26,2686.110992,8058.333214,0
53,26,8,246824,26,8058.333214,2686.110992,0
53,9,12,246824,9,5372.222103,3223.333214,0
53,12,9,246824,9,3223.333214,5372.222103,0
53,9,14,246824,10,5372.222103,3223.333214,0
53,14,9,246824,10,3223.333214,5372.222103,0
53,10,11,246824,10,8058.333214,4029.166547,0
53,11,10,246824,10,4029.166547,8058.333214,0
53,11,12,246824,7,4029.166547,3223.333214,0
53,12,11,246824,7,3223.333214,4029.166547,0
53,11,14,246824,8,4029.166547,3223.333214,0
53,14,11,246824,8,3223.333214,4029.166547,0
53,11,21,246824,21,4029.166547,8058.333214,0
53,21,11,246824,21,8058.333214,4029.166547,0
53,12,13,246824,7,3223.333214,3223.333214,0
53,13,12,246824,7,3223.333214,3223.333214,0
53,13,14,246824,9,3223.333214,3223.333214,0
53,14,13,246824,9,3223.333214,3223.333214,0
53,13,15,246824,28,3223.333214,8058.333214,0
53,15,13,246824,28,8058.333214,3223.333214,0
53,13,16,246824,35,3223.333214,8058.333214,0
53,16,13,246824,35,8058.333214,3223.333214,0
53,13,27,246824,24,3223.333214,8058.333214,0
53,27,13,246824,24,8058.333214,3223.333214,0
53,14,16,246824,35,3223.333214,8058.333214,0
53,16,14,246824,35,8058.333214,3223.333214,0
53,14,17,246824,23,3223.333214,4029.166547,0
53,17,14,246824,23,4029.166547,3223.333214,0
53,17,19,246824,28,4029.166547,5372.222103,0
53,19,17,246824,28,5372.222103,4029.166547,0
53,17,20,246824,42,4029.166547,8058.333214,0
53,20,17,246824,42,8058.333214,4029.166547,0
53,17,23,246824,36,4029.166547,8058.333214,0
53,23,17,246824,36,8058.333214,4029.166547,0
53,18,19,246824,30,5372.222103,5372.222103,0
53,19,18,246824,30,5372.222103,5372.222103,0
53,19,20,246824,45,5372.222103,8058.333214,0
53,20,19,246824,45,8058.333214,5372.222103,0
53,26,29,246824,35,8058.333214,5372.222103,0
53,29,26,246824,35,5372.222103,8058.333214,0
54,0,1,246824,8,4029.166547,3223.333214,0
54,1,0,246824,8,3223.333214,4029.166547,0
54,0,2,246824,11,4029.166547,5372.222103,0
54,2,0,246824,11,5372.222103,4029.166547,0
54,0,3,246824,7,4029.166547,4029.166547,0
54,3,0,246824,7,4029.166547,4029.166547,0
54,0,25,246824,27,4029.166547,8058.333214,0
54,25,0,246824,27,8058.333214,4029.166547,0
54,1,4,246824,11,3223.333214,2686.110992,0
54,4,1,246824,11,2686.110992,3223.333214,0
54,1,22,246824,35,3223.333214,8058.333214,0
54,22,1,246824,35,8058.333214,3223.333214,0
54,1,24,246824,37,3223.333214,8058.333214,0
54,24,1,246824,37,8058.333214,3223.333214,0
54,1,28,246824,38,3223.333214,8058.333214,0
54,28,1,246824,38,8058.333214,3223.333214,0
54,2,4,246824,13,5372.222103,2686.110992,0
54,4,2,246824,13,2686.110992,5372.222103,0
54,2,29,246824,27,5372.222103,5372.222103,0
54,29,2,246824,27,5372.222103,5372.222103,0
54,3,4,246824,11,4029.166547,2686.110992,0
54,4,3,246824,11,2686.110992,4029.166547,0
54,3,24,246824,37,4029.166547,8058.333214,0
54,24,3,246824,37,8058.333214,4029.166547,0
54,3,27,246824,24,4029.166547,8058.333214,0
54,27,3,246824,24,8058.333214,4029.166547,0
54,4,5,246824,13,2686.110992,5372.222103,0
54,5,4,246824,13,5372.222103,2686.110992,0
54,4,21,246824,23,2686.110992,8058.333214,0
54,21,4,246824,23,8058.333214,2686.110992,0
54,4,28,246824,39,2686.110992,8058.333214,0
54,28,4,246824,39,8058.333214,2686.110992,0
54,5,6,246824,12,5372.222103,5372.222103,0
54,6,5,246824,12,5372.222103,5372.222103,0
54,5,22,246824,37,5372.222103,8058.333214,0
54,22,5,246824,37,8058.333214,5372.222103,0
54,6,7,246824,11,5372.222103,2686.110992,0
54,7,6,246824,11,2686.110992,5372.222103,0
54,6,15,246824,29,5372.222103,8058.333214,0
54,15,6,246824,29,8058.333214,5372.222103,0
54,7,8,246824,10,2686.110992,2686.110992,0
54,8,7,246824,10,2686.110992,2686.110992,0
54,7,12,246824,8,2686.110992,4029.166547,0
54,12,7,246824,8,4029.166547,2686.110992,0
54,7,18,246824,22,2686.110992,5372.222103,0
54,18,7,246824,22,5372.222103,2686.110992,0
54,7,25,246824,29,2686.110992,8058.333214,0
54,25,7,246824,29,8058.333214,2686.110992,0
54,7,29,246824,27,2686.110992,5372.222103,0
54,29,7,246824,27,5372.222103,2686.110992,0
54,8,10,246824,11,2686.110992,8058.333214,0
54,10,8,246824,11,8058.333214,2686.110992,0
54,8,11,246824,8,2686.110992,2302.380833,0
54,11,8,246824,8,2302.380833,2686.110992,0
54,8,18,246824,21,2686.110992,5372.222103,0
54,18,8,246824,21,5372.222103,2686.110992,0
54,8,23,246824,34,2686.110992,8058.333214,0
54,23,8,246824,34,8058.333214,2686.110992,0
54,8,26,246824,26,2686.110992,8058.333214,0
54,26,8,246824,26,8058.333214,2686.110992,0
54,9,11,246824,9,5372.222103,2302.380833,0
54,11,9,246824,9,2302.380833,5372.222103,0
54,9,12,246824,9,5372.222103,4029.166547,0
54,12,9,246824,9,4029.166547,5372.222103,0
54,9,14,246824,10,5372.222103,3223.333214,0
54,14,9,246824,10,3223.333214,5372.222103,0
54,10,11,246824,10,8058.333214,2302.380833,0
54,11,10,246824,10,2302.380833,8058.333214,0
54,11,12,246824,7,2302.380833,4029.166547,0
54,12,11,246824,7,4029.166547,2302.380833,0
54,11,13,246824,8,2302.380833,2686.110992,0
54,13,11,246824,8,2686.110992,2302.380833,0
54,11,14,246824,8,2302.380833,3223.333214,0
54,14,11,246824,8,3223.333214,2302.380833,0
54,11,21,246824,21,2302.380833,8058.333214,0
54,21,11,246824,21,8058.333214,2302.380833,0
54,12,13,246824,7,4029.166547,2686.110992,0
54,13,12,246824,7,2686.110992,4029.166547,0
54,13,14,246824,9,2686.110992,3223.333214,0
54,14,13,246824,9,3223.333214,2686.110992,0
54,13,15,246824,28,2686.110992,8058.333214,0
54,15,13,246824,28,8058.333214,2686.110992,0
54,13,16,246824,35,2686.110992,8058.333214,0
54,16,13,246824,35,8058.333214,2686.110992,0
54,13,27,246824,24,2686.110992,8058.333214,0
54,27,13,246824,24,8058.333214,2686.110992,0
54,14,16,246824,35,3223.333214,8058.333214,0
54,16,14,246824,35,8058.333214,3223.333214,0
54,14,17,246824,23,3223.333214,4029.166547,0
54,17,14,246824,23,4029.166547,3223.333214,0
54,17,19,246824,28,4029.166547,5372.222103,0
54,19,17,246824,28,5372.222103,4029.166547,0
54,17,20,246824,42,4029.166547,8058.333214,0
54,20,17,246824,42,8058.333214,4029.166547,0
54,17,23,246824,36,4029.166547,8058.333214,0
54,23,17,246824,36,8058.333214,4029.166547,0
54,18,19,246824,30,5372.222103,5372.222103,0
54,19,18,246824,30,5372.222103,5372.222103,0
54,19,20,246824,45,5372.222103,8058.333214,0
54,20,19,246824,45,8058.333214,5372.222103,0
54,26,29,246824,35,8058.333214,5372.222103,0
54,29,26,246824,35,5372.222103,8058.333214,0
55,0,1,246824,8,4029.166547,3223.333214,0
55,1,0,246824,8,3223.333214,4029.166547,0
55,0,2,246824,11,4029.166547,5372.222103,0
55,2,0,246824,11,5372.222103,4029.166547,0
55,0,3,246824,7,4029.166547,4029.166547,0
55,3,0,246824,7,4029.166547,4029.166547,0
55,0,25,246824,27,4029.166547,8058.333214,0
55,25,0,246824,27,8058.333214,4029.166547,0
55,1,4,246824,11,3223.333214,2686.110992,0
55,4,1,246824,11,2686.110992,3223.333214,0
55,1,22,246824,35,3223.333214,8058.333214,0
55,22,1,246824,35,8058.333214,3223.333214,0
55,1,24,246824,37,3223.333214,8058.333214,0
55,24,1,246824,37,8058.333214,3223.333214,0
55,1,28,246824,38,3223.333214,8058.333214,0
55,28,1,246824,38,8058.333214,3223.333214,0
55,2,4,246824,13,5372.222103,2686.110992,0
55,4,2,246824,13,2686.110992,5372.222103,0
55,2,29,246824,27,5372.222103,5372.222103,0
55,29,2,246824,27,5372.222103,5372.222103,0
55,3,4,246824,11,4029.166547,2686.110992,0
55,4,3,246824,11,2686.110992,4029.166547,0
55,3,24,246824,37,4029.166547,8058.333214,0
55,24,3,246824,37,8058.333214,4029.166547,0
55,3,27,246824,24,4029.166547,8058.333214,0
55,27,3,246824,24,8058.333214,4029.166547,0
55,4,5,246824,13,2686.110992,4029.166547,0
55,5,4,246824,13,4029.166547,2686.110992,0
55,4,21,246824,23,2686.110992,8058.333214,0
55,21,4,246824,23,8058.333214,2686.110992,0
55,4,28,246824,39,2686.110992,8058.333214,0
55,28,4,246824,39,8058.333214,2686.110992,0
55,5,6,246824,12,4029.166547,5372.222103,0
55,6,5,246824,12,5372.222103,4029.166547,0
55,5,7,246824,11,4029.166547,2302.380833,0
55,7,5,246824,11,2302.380833,4029.166547,0
55,5,22,246824,37,4029.166547,8058.333214,0
55,22,5,246824,37,8058.333214,4029.166547,0
55,6,7,246824,11,5372.222103,2302.380833,0
55,7,6,246824,11,2302.380833,5372.222103,0
55,6,15,246824,29,5372.222103,8058.333214,0
55,15,6,246824,29,8058.333214,5372.222103,0
55,7,8,246824,10,2302.380833,2302.380833,0
55,8,7,246824,10,2302.380833,2302.380833,0
55,7,12,246824,8,2302.380833,4029.166547,0
55,12,7,246824,8,4029.166547,2302.380833,0
55,7,18,246824,22,2302.380833,5372.222103,0
55,18,7,246824,22,5372.222103,2302.380833,0
55,7,25,246824,29,2302.380833,8058.333214,0
55,25,7,246824,29,8058.333214,2302.380833,0
55,7,29,246824,27,2302.380833,5372.222103,0
55,29,7,246824,27,5372.222103,2302.380833,0
55,8,9,246824,10,2302.380833,8058.333214,0
55,9,8,246824,10,8058.333214,2302.380833,0
55,8,10,246824,11,2302.380833,8058.333214,0
55,10,8,246824,11,8058.333214,2302.380833,0
55,8,11,246824,8,2302.380833,3223.333214,0
55,11,8,246824,8,3223.333214,2302.380833,0
55,8,18,246824,21,2302.380833,5372.222103,0
55,18,8,246824,21,5372.222103,2302.380833,0
55,8,23,246824,34,2302.380833,8058.333214,0
55,23,8,246824,34,8058.333214,2302.380833,0
55,8,26,246824,26,2302.380833,8058.333214,0
55,26,8,246824,26,8058.333214,2302.380833,0
55,9,12,246824,9,8058.333214,4029.166547,0
55,12,9,246824,9,4029.166547,8058.333214,0
55,10,13,246824,11,8058.333214,2302.380833,0
55,13,10,246824,11,2302.380833,8058.333214,0
55,11,12,246824,7,3223.333214,4029.166547,0
55,12,11,246824,7,4029.166547,3223.333214,0
55,11,13,246824,8,3223.333214,2302.380833,0
55,13,11,246824,8,2302.380833,3223.333214,0
55,11,14,246824,8,3223.333214,4029.166547,0
55,14,11,246824,8,4029.166547,3223.333214,0
55,11,21,246824,21,3223.333214,8058.333214,0
55,21,11,246824,21,8058.333214,3223.333214,0
55,12,13,246824,7,4029.166547,2302.380833,0
55,13,12,246824,7,2302.380833,4029.166547,0
55,13,14,246824,9,2302.380833,4029.166547,0
55,14,13,246824,9,4029.166547,2302.380833,0
55,13,15,246824,28,2302.380833,8058.333214,0
55,15,13,246824,28,8058.333214,2302.380833,0
55,13,16,246824,35,2302.380833,8058.333214,0
55,16,13,246824,35,8058.333214,2302.380833,0
55,13,27,246824,24,2302.380833,8058.333214,0
55,27,13,246824,24,8058.333214,2302.380833,0
55,14,16,246824,35,4029.166547,8058.333214,0
55,16,14,246824,35,8058.333214,4029.166547,0
55,14,17,246824,23,4029.166547,4029.166547,0
55,17,14,246824,23,4029.166547,4029.166547,0
55,17,19,246824,28,4029.166547,5372.222103,0
55,19,17,246824,28,5372.222103,4029.166547,0
55,17,20,246824,42,4029.166547,8058.333214,0
55,20,17,246824,42,8058.333214,4029.166547,0
55,17,23,246824,36,4029.166547,8058.333214,0
55,23,17,246824,36,8058.333214,4029.166547,0
55,18,19,246824,30,5372.222103,5372.222103,0
55,19,18,246824,30,5372.222103,5372.222103,0
55,19,20,246824,45,5372.222103,8058.333214,0
55,20,19,246824,45,8058.333214,5372.222103,0
55,26,29,246824,35,8058.333214,5372.222103,0
55,29,26,246824,35,5372.222103,8058.333214,0
56,0,1,246824,8,4029.166547,2686.110992,0
56,1,0,246824,8,2686.110992,4029.166547,0
56,0,2,246824,11,4029.166547,5372.222103,0
56,2,0,246824,11,5372.222103,4029.166547,0
56,0,3,246824,7,4029.166547,4029.166547,0
56,3,0,246824,7,4029.166547,4029.166547,0
56,0,25,246824,27,4029.166547,8058.333214,0
56,25,0,246824,27,8058.333214,4029.166547,0
56,1,2,246824,12,2686.110992,5372.222103,0
56,2,1,246824,12,5372.222103,2686.110992,0
56,1,4,246824,11,2686.110992,4029.166547,0
56,4,1,246824,11,4029.166547,2686.110992,0
56,1,22,246824,35,2686.110992,8058.333214,0
56,22,1,246824,35,8058.333214,2686.110992,0
56,1,24,246824,37,2686.110992,8058.333214,0
56,24,1,246824,37,8058.333214,2686.110992,0
56,1,28,246824,38,2686.110992,8058.333214,0
56,28,1,246824,38,8058.333214,2686.110992,0
56,2,29,246824,27,5372.222103,5372.222103,0
56,29,2,246824,27,5372.222103,5372.222103,0
56,3,4,246824,11,4029.166547,4029.166547,0
56,4,3,246824,11,4029.166547,4029.166547,0
56,3,24,246824,37,4029.166547,8058.333214,0
56,24,3,246824,37,8058.333214,4029.166547,0
56,3,27,246824,24,4029.166547,8058.333214,0
56,27,3,246824,24,8058.333214,4029.166547,0
56,4,21,246824,23,4029.166547,5372.222103,0
56,21,4,246824,23,5372.222103,4029.166547,0
56,4,28,246824,39,4029.166547,8058.333214,0
56,28,4,246824,39,8058.333214,4029.166547,0
56,5,6,246824,12,5372.222103,5372.222103,0
56,6,5,246824,12,5372.222103,5372.222103,0
56,5,7,246824,11,5372.222103,2302.380833,0
56,7,5,246824,11,2302.380833,5372.222103,0
56,5,22,246824,37,5372.222103,8058.333214,0
56,22,5,246824,37,8058.333214,5372.222103,0
56,6,7,246824,11,5372.222103,2302.380833,0
56,7,6,246824,11,2302.380833,5372.222103,0
56,6,15,246824,29,5372.222103,8058.333214,0
56,15,6,246824,29,8058.333214,5372.222103,0
56,7,8,246824,10,2302.380833,2686.110992,0
56,8,7,246824,10,2686.110992,2302.380833,0
56,7,9,246824,11,2302.380833,4029.166547,0
56,9,7,246824,11,4029.166547,2302.380833,0
56,7,18,246824,22,2302.380833,8058.333214,0
56,18,7,246824,22,8058.333214,2302.380833,0
56,7,25,246824,29,2302.380833,8058.333214,0
56,25,7,246824,29,8058.333214,2302.380833,0
56,7,29,246824,27,2302.380833,5372.222103,0
56,29,7,246824,27,5372.222103,2302.380833,0
56,8,9,246824,10,2686.110992,4029.166547,0
56,9,8,246824,10,4029.166547,2686.110992,0
56,8,10,246824,11,2686.110992,8058.333214,0
56,10,8,246824,11,8058.333214,2686.110992,0
56,8,18,246824,21,2686.110992,8058.333214,0
56,18,8,246824,21,8058.333214,2686.110992,0
56,8,23,246824,34,2686.110992,8058.333214,0
56,23,8,246824,34,8058.333214,2686.110992,0
56,8,26,246824,26,2686.110992,8058.333214,0
56,26,8,246824,26,8058.333214,2686.110992,0
56,9,10,246824,12,4029.166547,8058.333214,0
56,10,9,246824,12,8058.333214,4029.166547,0
56,9,11,246824,9,4029.166547,3223.333214,0
56,11,9,246824,9,3223.333214,4029.166547,0
56,11,12,246824,7,3223.333214,8058.333214,0
56,12,11,246824,7,8058.333214,3223.333214,0
56,11,13,246824,8,3223.333214,2686.110992,0
56,13,11,246824,8,2686.110992,3223.333214,0
56,11,14,246824,8,3223.333214,4029.166547,0
56,14,11,246824,8,4029.166547,3223.333214,0
56,11,21,246824,21,3223.333214,5372.222103,0
56,21,11,246824,21,5372.222103,3223.333214,0
56,12,13,246824,7,8058.333214,2686.110992,0
56,13,12,246824,7,2686.110992,8058.333214,0
56,13,14,246824,9,2686.110992,4029.166547,0
56,14,13,246824,9,4029.166547,2686.110992,0
56,13,15,246824,28,2686.110992,8058.333214,0
56,15,13,246824,28,8058.333214,2686.110992,0
56,13,16,246824,35,2686.110992,8058.333214,0
56,16,13,246824,35,8058.333214,2686.110992,0
56,13,27,246824,24,2686.110992,8058.333214,0
56,27,13,246824,24,8058.333214,2686.110992,0
56,14,16,246824,35,4029.166547,8058.333214,0
56,16,14,246824,35,8058.333214,4029.166547,0
56,14,17,246824,23,4029.166547,4029.166547,0
56,17,14,246824,23,4029.166547,4029.166547,0
56,17,19,246824,28,4029.166547,5372.222103,0
56,19,17,246824,28,5372.222103,4029.166547,0
56,17,20,246824,42,4029.166547,8058.333214,0
56,20,17,246824,42,8058.333214,4029.166547,0
56,17,23,246824,36,4029.166547,8058.333214,0
56,23,17,246824,36,8058.333214,4029.166547,0
56,19,20,246824,45,5372.222103,8058.333214,0
56,20,19,246824,45,8058.333214,5372.222103,0
56,19,21,246824,28,5372.222103,5372.222103,0
56,21,19,246824,28,5372.222103,5372.222103,0
56,26,29,246824,35,8058.333214,5372.222103,0
56,29,26,246824,35,5372.222103,8058.333214,0
57,0,1,246824,8,4029.166547,3223.333214,0
57,1,0,246824,8,3223.333214,4029.166547,0
57,0,2,246824,11,4029.166547,4029.166547,0
57,2,0,246824,11,4029.166547,4029.166547,0
57,0,3,246824,7,4029.166547,4029.166547,0
57,3,0,246824,7,4029.166547,4029.166547,0
57,0,25,246824,27,4029.166547,8058.333214,0
57,25,0,246824,27,8058.333214,4029.166547,0
57,1,4,246824,11,3223.333214,3223.333214,0
57,4,1,246824,11,3223.333214,3223.333214,0
57,1,22,246824,35,3223.333214,8058.333214,0
57,22,1,246824,35,8058.333214,3223.333214,0
57,1,24,246824,37,3223.333214,8058.333214,0
57,24,1,246824,37,8058.333214,3223.333214,0
57,1,28,246824,38,3223.333214,8058.333214,0
57,28,1,246824,38,8058.333214,3223.333214,0
57,2,4,246824,13,4029.166547,3223.333214,0
57,4,2,246824,13,3223.333214,4029.166547,0
57,2,12,246824,11,4029.166547,3223.333214,0
57,12,2,246824,11,3223.333214,4029.166547,0
57,2,29,246824,27,4029.166547,5372.222103,0
57,29,2,246824,27,5372.222103,4029.166547,0
57,3,4,246824,11,4029.166547,3223.333214,0
57,4,3,246824,11,3223.333214,4029.166547,0
57,3,24,246824,37,4029.166547,8058.333214,0
57,24,3,246824,37,8058.333214,4029.166547,0
57,3,27,246824,24,4029.166547,8058.333214,0
57,27,3,246824,24,8058.333214,4029.166547,0
57,4,21,246824,23,3223.333214,8058.333214,0
57,21,4,246824,23,8058.333214,3223.333214,0
57,4,28,246824,39,3223.333214,8058.333214,0
57,28,4,246824,39,8058.333214,3223.333214,0
57,5,6,246824,12,5372.222103,5372.222103,0
57,6,5,246824,12,5372.222103,5372.222103,0
57,5,7,246824,11,5372.222103,2302.380833,0
57,7,5,246824,11,2302.380833,5372.222103,0
57,5,22,246824,37,5372.222103,8058.333214,0
57,22,5,246824,37,8058.333214,5372.222103,0
57,6,9,246824,11,5372.222103,2686.110992,0
57,9,6,246824,11,2686.110992,5372.222103,0
57,6,15,246824,29,5372.222103,8058.333214,0
57,15,6,246824,29,8058.333214,5372.222103,0
57,7,8,246824,10,2302.380833,3223.333214,0
57,8,7,246824,10,3223.333214,2302.380833,0
57,7,9,246824,11,2302.380833,2686.110992,0
57,9,7,246824,11,2686.110992,2302.380833,0
57,7,12,246824,8,2302.380833,3223.333214,0
57,12,7,246824,8,3223.333214,2302.380833,0
57,7,18,246824,22,2302.380833,5372.222103,0
57,18,7,246824,22,5372.222103,2302.380833,0
57,7,25,246824,29,2302.380833,8058.333214,0
57,25,7,246824,29,8058.333214,2302.380833,0
57,7,29,246824,27,2302.380833,5372.222103,0
57,29,7,246824,27,5372.222103,2302.380833,0
57,8,9,246824,10,3223.333214,2686.110992,0
57,9,8,246824,10,2686.110992,3223.333214,0
57,8,18,246824,21,3223.333214,5372.222103,0
57,18,8,246824,21,5372.222103,3223.333214,0
57,8,23,246824,34,3223.333214,8058.333214,0
57,23,8,246824,34,8058.333214,3223.333214,0
57,8,26,246824,26,3223.333214,8058.333214,0
57,26,8,246824,26,8058.333214,3223.333214,0
57,9,10,246824,12,2686.110992,8058.333214,0
57,10,9,246824,12,8058.333214,2686.110992,0
57,9,12,246824,9,2686.110992,3223.333214,0
57,12,9,246824,9,3223.333214,2686.110992,0
57,9,14,246824,10,2686.110992,3223.333214,0
57,14,9,246824,10,3223.333214,2686.110992,0
57,10,11,246824,10,8058.333214,3223.333214,0
57,11,10,246824,10,3223.333214,8058.333214,0
57,11,12,246824,7,3223.333214,3223.333214,0
57,12,11,246824,7,3223.333214,3223.333214,0
57,11,13,246824,8,3223.333214,2686.110992,0
57,13,11,246824,8,2686.110992,3223.333214,0
57,11,14,246824,8,3223.333214,3223.333214,0
57,14,11,246824,8,3223.333214,3223.333214,0
57,11,21,246824,21,3223.333214,8058.333214,0
57,21,11,246824,21,8058.333214,3223.333214,0
57,12,13,246824,7,3223.333214,2686.110992,0
57,13,12,246824,7,2686.110992,3223.333214,0
57,13,14,246824,9,2686.110992,3223.333214,0
57,14,13,246824,9,3223.333214,2686.110992,0
57,13,15,246824,28,2686.110992,8058.333214,0
57,15,13,246824,28,8058.333214,2686.110992,0
57,13,16,246824,35,2686.110992,8058.333214,0
57,16,13,246824,35,8058.333214,2686.110992,0
57,13,27,246824,24,2686.110992,8058.333214,0
57,27,13,246824,24,8058.333214,2686.110992,0
57,14,16,246824,35,3223.333214,8058.333214,0
57,16,14,246824,35,8058.333214,3223.333214,0
57,14,17,246824,23,3223.333214,4029.166547,0
57,17,14,246824,23,4029.166547,3223.333214,0
57,17,19,246824,28,4029.166547,5372.222103,0
57,19,17,246824,28,5372.222103,4029.166547,0
57,17,20,246824,42,4029.166547,8058.333214,0
57,20,17,246824,42,8058.333214,4029.166547,0
57,17,23,246824,36,4029.166547,8058.333214,0
57,23,17,246824,36,8058.333214,4029.166547,0
57,18,19,246824,30,5372.222103,5372.222103,0
57,19,18,246824,30,5372.222103,5372.222103,0
57,19,20,246824,45,5372.222103,8058.333214,0
57,20,19,246824,45,8058.333214,5372.222103,0
57,26,29,246824,35,8058.333214,5372.222103,0
57,29,26,246824,35,5372.222103,8058.333214,0
58,0,1,246824,8,4029.166547,3223.333214,0
58,1,0,246824,8,3223.333214,4029.166547,0
58,0,2,246824,11,4029.166547,5372.222103,0
58,2,0,246824,11,5372.222103,4029.166547,0
58,0,3,246824,7,4029.166547,4029.166547,0
58,3,0,246824,7,4029.166547,4029.166547,0
58,0,25,246824,27,4029.166547,8058.333214,0
58,25,0,246824,27,8058.333214,4029.166547,0
58,1,4,246824,11,3223.333214,2686.110992,0
58,4,1,246824,11,2686.110992,3223.333214,0
58,1,22,246824,35,3223.333214,8058.333214,0
58,22,1,246824,35,8058.333214,3223.333214,0
58,1,24,246824,37,3223.333214,8058.333214,0
58,24,1,246824,37,8058.333214,3223.333214,0
58,1,28,246824,38,3223.333214,8058.333214,0
58,28,1,246824,38,8058.333214,3223.333214,0
58,2,4,246824,13,5372.222103,2686.110992,0
58,4,2,246824,13,2686.110992,5372.222103,0
58,2,29,246824,27,5372.222103,5372.222103,0
58,29,2,246824,27,5372.222103,5372.222103,0
58,3,4,246824,11,4029.166547,2686.110992,0
58,4,3,246824,11,2686.110992,4029.166547,0
58,3,24,246824,37,4029.166547,8058.333214,0
58,24,3,246824,37,8058.333214,4029.166547,0
58,3,27,246824,24,4029.166547,8058.333214,0
58,27,3,246824,24,8058.333214,4029.166547,0
58,4,7,246824,12,2686.110992,1790.740621,0
58,7,4,246824,12,1790.740621,2686.110992,0
58,4,21,246824,23,2686.110992,8058.333214,0
58,21,4,246824,23,8058.333214,2686.110992,0
58,4,28,246824,39,2686.110992,8058.333214,0
58,28,4,246824,39,8058.333214,2686.110992,0
58,5,6,246824,12,5372.222103,5372.222103,0
58,6,5,246824,12,5372.222103,5372.222103,0
58,5,7,246824,11,5372.222103,1790.740621,0
58,7,5,246824,11,1790.740621,5372.222103,0
58,5,22,246824,37,5372.222103,8058.333214,0
58,22,5,246824,37,8058.333214,5372.222103,0
58,6,7,246824,11,5372.222103,1790.740621,0
58,7,6,246824,11,1790.740621,5372.222103,0
58,6,15,246824,29,5372.222103,8058.333214,0
58,15,6,246824,29,8058.333214,5372.222103,0
58,7,8,246824,10,1790.740621,3223.333214,0
58,8,7,246824,10,3223.333214,1790.740621,0
58,7,9,246824,11,1790.740621,3223.333214,0
58,9,7,246824,11,3223.333214,1790.740621,0
58,7,12,246824,8,1790.740621,4029.166547,0
58,12,7,246824,8,4029.166547,1790.740621,0
58,7,18,246824,22,1790.740621,5372.222103,0
58,18,7,246824,22,5372.222103,1790.740621,0
58,7,25,246824,29,1790.740621,8058.333214,0
58,25,7,246824,29,8058.333214,1790.740621,0
58,7,29,246824,27,1790.740621,5372.222103,0
58,29,7,246824,27,5372.222103,1790.740621,0
58,8,9,246824,10,3223.333214,3223.333214,0
58,9,8,246824,10,3223.333214,3223.333214,0
58,8,18,246824,21,3223.333214,5372.222103,0
58,18,8,246824,21,5372.222103,3223.333214,0
58,8,23,246824,34,3223.333214,8058.333214,0
58,23,8,246824,34,8058.333214,3223.333214,0
58,8,26,246824,26,3223.333214,8058.333214,0
58,26,8,246824,26,8058.333214,3223.333214,0
58,9,10,246824,12,3223.333214,8058.333214,0
58,10,9,246824,12,8058.333214,3223.333214,0
58,9,11,246824,9,3223.333214,2686.110992,0
58,11,9,246824,9,2686.110992,3223.333214,0
58,9,12,246824,9,3223.333214,4029.166547,0
58,12,9,246824,9,4029.166547,3223.333214,0
58,10,11,246824,10,8058.333214,2686.110992,0
58,11,10,246824,10,2686.110992,8058.333214,0
58,11,12,246824,7,2686.110992,4029.166547,0
58,12,11,246824,7,4029.166547,2686.110992,0
58,11,13,246824,8,2686.110992,2686.110992,0
58,13,11,246824,8,2686.110992,2686.110992,0
58,11,14,246824,8,2686.110992,4029.166547,0
58,14,11,246824,8,4029.166547,2686.110992,0
58,11,21,246824,21,2686.110992,8058.333214,0
58,21,11,246824,21,8058.333214,2686.110992,0
58,12,13,246824,7,4029.166547,2686.110992,0
58,13,12,246824,7,2686.110992,4029.166547,0
58,13,14,246824,9,2686.110992,4029.166547,0
58,14,13,246824,9,4029.166547,2686.110992,0
58,13,15,246824,28,2686.110992,8058.333214,0
58,15,13,246824,28,8058.333214,2686.110992,0
58,13,16,246824,35,2686.110992,8058.333214,0
58,16,13,246824,35,8058.333214,2686.110992,0
58,13,27,246824,24,2686.110992,8058.333214,0
58,27,13,246824,24,8058.333214,2686.110992,0
58,14,16,246824,35,4029.166547,8058.333214,0
58,16,14,246824,35,8058.333214,4029.166547,0
58,14,17,246824,23,4029.166547,4029.166547,0
58,17,14,246824,23,4029.166547,4029.166547,0
58,17,19,246824,28,4029.166547,5372.222103,0
58,19,17,246824,28,5372.222103,4029.166547,0
58,17,20,246824,42,4029.166547,8058.333214,0
58,20,17,246824,42,8058.333214,4029.166547,0
58,17,23,246824,36,4029.166547,8058.333214,0
58,23,17,246824,36,8058.333214,4029.166547,0
58,18,19,246824,30,5372.222103,5372.222103,0
58,19,18,246824,30,5372.222103,5372.222103,0
58,19,20,246824,45,5372.222103,8058.333214,0
58,20,19,246824,45,8058.333214,5372.222103,0
58,26,29,246824,35,8058.333214,5372.222103,0
58,29,26,246824,35,5372.222103,8058.333214,0
59,0,1,246824,8,4029.166547,3223.333214,0
59,1,0,246824,8,3223.333214,4029.166547,0
59,0,2,246824,11,4029.166547,4029.166547,0
59,2,0,246824,11,4029.166547,4029.166547,0
59,0,3,246824,7,4029.166547,4029.166547,0
59,3,0,246824,7,4029.166547,4029.166547,0
59,0,25,246824,27,4029.166547,8058.333214,0
59,25,0,246824,27,8058.333214,4029.166547,0
59,1,4,246824,11,3223.333214,3223.333214,0
59,4,1,246824,11,3223.333214,3223.333214,0
59,1,22,246824,35,3223.333214,8058.333214,0
59,22,1,246824,35,8058.333214,3223.333214,0
59,1,24,246824,37,3223.333214,8058.333214,0
59,24,1,246824,37,8058.333214,3223.333214,0
59,1,28,246824,38,3223.333214,8058.333214,0
59,28,1,246824,38,8058.333214,3223.333214,0
59,2,4,246824,13,4029.166547,3223.333214,0
59,4,2,246824,13,3223.333214,4029.166547,0
59,2,5,246824,14,4029.166547,5372.222103,0
59,5,2,246824,14,5372.222103,4029.166547,0
59,2,29,246824,27,4029.166547,5372.222103,0
59,29,2,246824,27,5372.222103,4029.166547,0
59,3,4,246824,11,4029.166547,3223.333214,0
59,4,3,246824,11,3223.333214,4029.166547,0
59,3,24,246824,37,4029.166547,8058.333214,0
59,24,3,246824,37,8058.333214,4029.166547,0
59,3,27,246824,24,4029.166547,8058.333214,0
59,27,3,246824,24,8058.333214,4029.166547,0
59,4,21,246824,23,3223.333214,5372.222103,0
59,21,4,246824,23,5372.222103,3223.333214,0
59,4,28,246824,39,3223.333214,8058.333214,0
59,28,4,246824,39,8058.333214,3223.333214,0
59,5,6,246824,12,5372.222103,5372.222103,0
59,6,5,246824,12,5372.222103,5372.222103,0
59,5,22,246824,37,5372.222103,8058.333214,0
59,22,5,246824,37,8058.333214,5372.222103,0
59,6,7,246824,11,5372.222103,2686.110992,0
59,7,6,246824,11,2686.110992,5372.222103,0
59,6,15,246824,29,5372.222103,8058.333214,0
59,15,6,246824,29,8058.333214,5372.222103,0
59,7,8,246824,10,2686.110992,3223.333214,0
59,8,7,246824,10,3223.333214,2686.110992,0
59,7,12,246824,8,2686.110992,5372.222103,0
59,12,7,246824,8,5372.222103,2686.110992,0
59,7,18,246824,22,2686.110992,5372.222103,0
59,18,7,246824,22,5372.222103,2686.110992,0
59,7,25,246824,29,2686.110992,8058.333214,0
59,25,7,246824,29,8058.333214,2686.110992,0
59,7,29,246824,27,2686.110992,5372.222103,0
59,29,7,246824,27,5372.222103,2686.110992,0
59,8,11,246824,8,3223.333214,2302.380833,0
59,11,8,246824,8,2302.380833,3223.333214,0
59,8,18,246824,21,3223.333214,5372.222103,0
59,18,8,246824,21,5372.222103,3223.333214,0
59,8,23,246824,34,3223.333214,8058.333214,0
59,23,8,246824,34,8058.333214,3223.333214,0
59,8,26,246824,26,3223.333214,8058.333214,0
59,26,8,246824,26,8058.333214,3223.333214,0
59,9,11,246824,9,8058.333214,2302.380833,0
59,11,9,246824,9,2302.380833,8058.333214,0
59,9,14,246824,10,8058.333214,3223.333214,0
59,14,9,246824,10,3223.333214,8058.333214,0
59,10,11,246824,10,8058.333214,2302.380833,0
59,11,10,246824,10,2302.380833,8058.333214,0
59,10,13,246824,11,8058.333214,2302.380833,0
59,13,10,246824,11,2302.380833,8058.333214,0
59,11,12,246824,7,2302.380833,5372.222103,0
59,12,11,246824,7,5372.222103,2302.380833,0
59,11,13,246824,8,2302.380833,2302.380833,0
59,13,11,246824,8,2302.380833,2302.380833,0
59,11,14,246824,8,2302.380833,3223.333214,0
59,14,11,246824,8,3223.333214,2302.380833,0
59,11,21,246824,21,2302.380833,5372.222103,0
59,21,11,246824,21,5372.222103,2302.380833,0
59,12,13,246824,7,5372.222103,2302.380833,0
59,13,12,246824,7,2302.380833,5372.222103,0
59,13,14,246824,9,2302.380833,3223.333214,0
59,14,13,246824,9,3223.333214,2302.380833,0
59,13,15,246824,28,2302.380833,8058.333214,0
59,15,13,246824,28,8058.333214,2302.380833,0
59,13,16,246824,35,2302.380833,8058.333214,0
59,16,13,246824,35,8058.333214,2302.380833,0
59,13,27,246824,24,2302.380833,8058.333214,0
59,27,13,246824,24,8058.333214,2302.380833,0
59,14,16,246824,35,3223.333214,8058.333214,0
59,16,14,246824,35,8058.333214,3223.333214,0
59,14,17,246824,23,3223.333214,4029.166547,0
59,17,14,246824,23,4029.166547,3223.333214,0
59,17,19,246824,28,4029.166547,4029.166547,0
59,19,17,246824,28,4029.166547,4029.166547,0
59,17,20,246824,42,4029.166547,8058.333214,0
59,20,17,246824,42,8058.333214,4029.166547,0
59,17,23,246824,36,4029.166547,8058.333214,0
59,23,17,246824,36,8058.333214,4029.166547,0
59,18,19,246824,30,5372.222103,4029.166547,0
59,19,18,246824,30,4029.166547,5372.222103,0
59,19,20,246824,45,4029.166547,8058.333214,0
59,20,19,246824,45,8058.333214,4029.166547,0
59,19,21,246824,28,4029.166547,5372.222103,0
59,21,19,246824,28,5372.222103,4029.166547,0
59,26,29,246824,35,8058.333214,5372.222103,0
59,29,26,246824,35,5372.222103,8058.333214,0
60,0,1,246824,8,5372.222103,3223.333214,0
60,1,0,246824,8,3223.333214,5372.222103,0
60,0,3,246824,7,5372.222103,3223.333214,0
60,3,0,246824,7,3223.333214,5372.222103,0
60,0,25,246824,27,5372.222103,8058.333214,0
60,25,0,246824,27,8058.333214,5372.222103,0
60,1,4,246824,11,3223.333214,2686.110992,0
60,4,1,246824,11,2686.110992,3223.333214,0
60,1,22,246824,35,3223.333214,8058.333214,0
60,22,1,246824,35,8058.333214,3223.333214,0
60,1,24,246824,37,3223.333214,8058.333214,0
60,24,1,246824,37,8058.333214,3223.333214,0
60,1,28,246824,38,3223.333214,8058.333214,0
60,28,1,246824,38,8058.333214,3223.333214,0
60,2,3,246824,12,5372.222103,3223.333214,0
60,3,2,246824,12,3223.333214,5372.222103,0
60,2,4,246824,13,5372.222103,2686.110992,0
60,4,2,246824,13,2686.110992,5372.222103,0
60,2,29,246824,27,5372.222103,5372.222103,0
60,29,2,246824,27,5372.222103,5372.222103,0
60,3,4,246824,11,3223.333214,2686.110992,0
60,4,3,246824,11,2686.110992,3223.333214,0
60,3,24,246824,37,3223.333214,8058.333214,0
60,24,3,246824,37,8058.333214,3223.333214,0
60,3,27,246824,24,3223.333214,8058.333214,0
60,27,3,246824,24,8058.333214,3223.333214,0
60,4,5,246824,13,2686.110992,4029.166547,0
60,5,4,246824,13,4029.166547,2686.110992,0
60,4,21,246824,23,2686.110992,8058.333214,0
60,21,4,246824,23,8058.333214,2686.110992,0
60,4,28,246824,39,2686.110992,8058.333214,0
60,28,4,246824,39,8058.333214,2686.110992,0
60,5,6,246824,12,4029.166547,5372.222103,0
60,6,5,246824,12,5372.222103,4029.166547,0
60,5,7,246824,11,4029.166547,2014.583214,0
60,7,5,246824,11,2014.583214,4029.166547,0
60,5,22,246824,37,4029.166547,8058.333214,0
60,22,5,246824,37,8058.333214,4029.166547,0
60,6,7,246824,11,5372.222103,2014.583214,0
60,7,6,246824,11,2014.583214,5372.222103,0
60,6,15,246824,29,5372.222103,8058.333214,0
60,15,6,246824,29,8058.333214,5372.222103,0
60,7,8,246824,10,2014.583214,3223.333214,0
60,8,7,246824,10,3223.333214,2014.583214,0
60,7,9,246824,11,2014.583214,5372.222103,0
60,9,7,246824,11,5372.222103,2014.583214,0
60,7,12,246824,8,2014.583214,4029.166547,0
60,12,7,246824,8,4029.166547,2014.583214,0
60,7,18,246824,22,2014.583214,5372.222103,0
60,18,7,246824,22,5372.222103,2014.583214,0
60,7,25,246824,29,2014.583214,8058.333214,0
60,25,7,246824,29,8058.333214,2014.583214,0
60,7,29,246824,27,2014.583214,5372.222103,0
60,29,7,246824,27,5372.222103,2014.583214,0
60,8,10,246824,11,3223.333214,5372.222103,0
60,10,8,246824,11,5372.222103,3223.333214,0
60,8,18,246824,21,3223.333214,5372.222103,0
60,18,8,246824,21,5372.222103,3223.333214,0
60,8,23,246824,34,3223.333214,8058.333214,0
60,23,8,246824,34,8058.333214,3223.333214,0
60,8,26,246824,26,3223.333214,8058.333214,0
60,26,8,246824,26,8058.333214,3223.333214,0
60,9,12,246824,9,5372.222103,4029.166547,0
60,12,9,246824,9,4029.166547,5372.222103,0
60,9,14,246824,10,5372.222103,3223.333214,0
60,14,9,246824,10,3223.333214,5372.222103,0
60,10,11,246824,10,5372.222103,3223.333214,0
60,11,10,246824,10,3223.333214,5372.222103,0
60,10,13,246824,11,5372.222103,2302.380833,0
60,13,10,246824,11,2302.380833,5372.222103,0
60,11,12,246824,7,3223.333214,4029.166547,0
60,12,11,246824,7,4029.166547,3223.333214,0
60,11,13,246824,8,3223.333214,2302.380833,0
60,13,11,246824,8,2302.380833,3223.333214,0
60,11,14,246824,8,3223.333214,3223.333214,0
60,14,11,246824,8,3223.333214,3223.333214,0
60,11,21,246824,21,3223.333214,8058.333214,0
60,21,11,246824,21,8058.333214,3223.333214,0
60,12,13,246824,7,4029.166547,2302.380833,0
60,13,12,246824,7,2302.380833,4029.166547,0
60,13,14,246824,9,2302.380833,3223.333214,0
60,14,13,246824,9,3223.333214,2302.380833,0
60,13,15,246824,28,2302.380833,8058.333214,0
60,15,13,246824,28,8058.333214,2302.380833,0
60,13,16,246824,35,2302.380833,8058.333214,0
60,16,13,246824,35,8058.333214,2302.380833,0
60,13,27,246824,24,2302.380833,8058.333214,0
60,27,13,246824,24,8058.333214,2302.380833,0
60,14,16,246824,35,3223.333214,8058.333214,0
60,16,14,246824,35,8058.333214,3223.333214,0
60,14,17,246824,23,3223.333214,4029.166547,0
60,17,14,246824,23,4029.166547,3223.333214,0
60,17,19,246824,28,4029.166547,5372.222103,0
60,19,17,246824,28,5372.222103,4029.166547,0
60,17,20,246824,42,4029.166547,8058.333214,0
60,20,17,246824,42,8058.333214,4029.166547,0
60,17,23,246824,36,4029.166547,8058.333214,0
60,23,17,246824,36,8058.333214,4029.166547,0
60,18,19,246824,30,5372.222103,5372.222103,0
60,19,18,246824,30,5372.222103,5372.222103,0
60,19,20,246824,45,5372.222103,8058.333214,0
60,20,19,246824,45,8058.333214,5372.222103,0
60,26,29,246824,35,8058.333214,5372.222103,0
60,29,26,246824,35,5372.222103,8058.333214,0
61,0,1,246824,8,5372.222103,3223.333214,0
61,1,0,246824,8,3223.333214,5372.222103,0
61,0,3,246824,7,5372.222103,3223.333214,0
61,3,0,246824,7,3223.333214,5372.222103,0
61,0,25,246824,27,5372.222103,8058.333214,0
61,25,0,246824,27,8058.333214,5372.222103,0
61,1,4,246824,11,3223.333214,2686.110992,0
61,4,1,246824,11,2686.110992,3223.333214,0
61,1,22,246824,35,3223.333214,8058.333214,0
61,22,1,246824,35,8058.333214,3223.333214,0
61,1,24,246824,37,3223.333214,8058.333214,0
61,24,1,246824,37,8058.333214,3223.333214,0
61,1,28,246824,38,3223.333214,8058.333214,0
61,28,1,246824,38,8058.333214,3223.333214,0
61,2,3,246824,12,5372.222103,3223.333214,0
61,3,2,246824,12,3223.333214,5372.222103,0
61,2,4,246824,13,5372.222103,2686.110992,0
61,4,2,246824,13,2686.110992,5372.222103,0
61,2,29,246824,27,5372.222103,5372.222103,0
61,29,2,246824,27,5372.222103,5372.222103,0
61,3,4,246824,11,3223.333214,2686.110992,0
61,4,3,246824,11,2686.110992,3223.333214,0
61,3,24,246824,37,3223.333214,8058.333214,0
61,24,3,246824,37,8058.333214,3223.333214,0
61,3,27,246824,24,3223.333214,8058.333214,0
61,27,3,246824,24,8058.333214,3223.333214,0
61,4,7,246824,12,2686.110992,1790.740621,0
61,7,4,246824,12,1790.740621,2686.110992,0
61,4,21,246824,23,2686.110992,8058.333214,0
61,21,4,246824,23,8058.333214,2686.110992,0
61,4,28,246824,39,2686.110992,8058.333214,0
61,28,4,246824,39,8058.333214,2686.110992,0
61,5,6,246824,12,5372.222103,5372.222103,0
61,6,5,246824,12,5372.222103,5372.222103,0
61,5,7,246824,11,5372.222103,1790.740621,0
61,7,5,246824,11,1790.740621,5372.222103,0
61,5,22,246824,37,5372.222103,8058.333214,0
61,22,5,246824,37,8058.333214,5372.222103,0
61,6,7,246824,11,5372.222103,1790.740621,0
61,7,6,246824,11,1790.740621,5372.222103,0
61,6,15,246824,29,5372.222103,8058.333214,0
61,15,6,246824,29,8058.333214,5372.222103,0
61,7,8,246824,10,1790.740621,3223.333214,0
61,8,7,246824,10,3223.333214,1790.740621,0
61,7,9,246824,11,1790.740621,3223.333214,0
61,9,7,246824,11,3223.333214,1790.740621,0
61,7,12,246824,8,1790.740621,4029.166547,0
61,12,7,246824,8,4029.166547,1790.740621,0
61,7,18,246824,22,1790.740621,5372.222103,0
61,18,7,246824,22,5372.222103,1790.740621,0
61,7,25,246824,29,1790.740621,8058.333214,0
61,25,7,246824,29,8058.333214,1790.740621,0
61,7,29,246824,27,1790.740621,5372.222103,0
61,29,7,246824,27,5372.222103,1790.740621,0
61,8,9,246824,10,3223.333214,3223.333214,0
61,9,8,246824,10,3223.333214,3223.333214,0
61,8,18,246824,21,3223.333214,5372.222103,0
61,18,8,246824,21,5372.222103,3223.333214,0
61,8,23,246824,34,3223.333214,8058.333214,0
61,23,8,246824,34,8058.333214,3223.333214,0
61,8,26,246824,26,3223.333214,8058.333214,0
61,26,8,246824,26,8058.333214,3223.333214,0
61,9,10,246824,12,3223.333214,8058.333214,0
61,10,9,246824,12,8058.333214,3223.333214,0
61,9,12,246824,9,3223.333214,4029.166547,0
61,12,9,246824,9,4029.166547,3223.333214,0
61,9,14,246824,10,3223.333214,3223.333214,0
61,14,9,246824,10,3223.333214,3223.333214,0
61,10,11,246824,10,8058.333214,4029.166547,0
61,11,10,246824,10,4029.166547,8058.333214,0
61,11,12,246824,7,4029.166547,4029.166547,0
61,12,11,246824,7,4029.166547,4029.166547,0
61,11,14,246824,8,4029.166547,3223.333214,0
61,14,11,246824,8,3223.333214,4029.166547,0
61,11,21,246824,21,4029.166547,8058.333214,0
61,21,11,246824,21,8058.333214,4029.166547,0
61,12,13,246824,7,4029.166547,3223.333214,0
61,13,12,246824,7,3223.333214,4029.166547,0
61,13,14,246824,9,3223.333214,3223.333214,0
61,14,13,246824,9,3223.333214,3223.333214,0
61,13,15,246824,28,3223.333214,8058.333214,0
61,15,13,246824,28,8058.333214,3223.333214,0
61,13,16,246824,35,3223.333214,8058.333214,0
61,16,13,246824,35,8058.333214,3223.333214,0
61,13,27,246824,24,3223.333214,8058.333214,0
61,27,13,246824,24,8058.333214,3223.333214,0
61,14,16,246824,35,3223.333214,8058.333214,0
61,16,14,246824,35,8058.333214,3223.333214,0
61,14,17,246824,23,3223.333214,4029.166547,0
61,17,14,246824,23,4029.166547,3223.333214,0
61,17,19,246824,28,4029.166547,5372.222103,0
61,19,17,246824,28,5372.222103,4029.166547,0
61,17,20,246824,42,4029.166547,8058.333214,0
61,20,17,246824,42,8058.333214,4029.166547,0
61,17,23,246824,36,4029.166547,8058.333214,0
61,23,17,246824,36,8058.333214,4029.166547,0
61,18,19,246824,30,5372.222103,5372.222103,0
61,19,18,246824,30,5372.222103,5372.222103,0
61,19,20,246824,45,5372.222103,8058.333214,0
61,20,19,246824,45,8058.333214,5372.222103,0
61,26,29,246824,35,8058.333214,5372.222103,0
61,29,26,246824,35,5372.222103,8058.333214,0
62,0,1,246824,8,5372.222108,3223.333219,0
62,1,0,246824,8,3223.333219,5372.222108,0
62,0,3,246824,7,5372.222108,3223.333219,0
62,3,0,246824,7,3223.333219,5372.222108,0
62,0,25,246824,27,5372.222108,8058.333219,0
62,25,0,246824,27,8058.333219,5372.222108,0
62,1,4,246824,11,3223.333219,2686.110997,0
62,4,1,246824,11,2686.110997,3223.333219,0
62,1,22,246824,35,3223.333219,8058.333219,0
62,22,1,246824,35,8058.333219,3223.333219,0
62,1,24,246824,37,3223.333219,8058.333219,0
62,24,1,246824,37,8058.333219,3223.333219,0
62,1,28,246824,38,3223.333219,8058.333219,0
62,28,1,246824,38,8058.333219,3223.333219,0
62,2,3,246824,12,5372.222108,3223.333219,0
62,3,2,246824,12,3223.333219,5372.222108,0
62,2,4,246824,13,5372.222108,2686.110997,0
62,4,2,246824,13,2686.110997,5372.222108,0
62,2,29,246824,27,5372.222108,5372.222108,0
62,29,2,246824,27,5372.222108,5372.222108,0
62,3,4,246824,11,3223.333219,2686.110997,0
62,4,3,246824,11,2686.110997,3223.333219,0
62,3,24,246824,37,3223.333219,8058.333219,0
62,24,3,246824,37,8058.333219,3223.333219,0
62,3,27,246824,24,3223.333219,8058.333219,0
62,27,3,246824,24,8058.333219,3223.333219,0
62,4,5,246824,13,2686.110997,5372.222108,0
62,5,4,246824,13,5372.222108,2686.110997,0
62,4,21,246824,23,2686.110997,8058.333219,0
62,21,4,246824,23,8058.333219,2686.110997,0
62,4,28,246824,39,2686.110997,8058.333219,0
62,28,4,246824,39,8058.333219,2686.110997,0
62,5,6,246824,12,5372.222108,5372.222108,0
62,6,5,246824,12,5372.222108,5372.222108,0
62,5,22,246824,37,5372.222108,8058.333219,0
62,22,5,246824,37,8058.333219,5372.222108,0
62,6,7,246824,11,5372.222108,2302.380838,0
62,7,6,246824,11,2302.380838,5372.222108,0
62,6,15,246824,29,5372.222108,8058.333219,0
62,15,6,246824,29,8058.333219,5372.222108,0
62,7,8,246824,10,2302.380838,3223.333219,0
62,8,7,246824,10,3223.333219,2302.380838,0
62,7,9,246824,11,2302.380838,3223.333219,0
62,9,7,246824,11,3223.333219,2302.380838,0
62,7,12,246824,8,2302.380838,4029.166553,0
62,12,7,246824,8,4029.166553,2302.380838,0
62,7,18,246824,22,2302.380838,5372.222108,0
62,18,7,246824,22,5372.222108,2302.380838,0
62,7,25,246824,29,2302.380838,8058.333219,0
62,25,7,246824,29,8058.333219,2302.380838,0
62,7,29,246824,27,2302.380838,5372.222108,0
62,29,7,246824,27,5372.222108,2302.380838,0
62,8,9,246824,10,3223.333219,3223.333219,0
62,9,8,246824,10,3223.333219,3223.333219,0
62,8,18,246824,21,3223.333219,5372.222108,0
62,18,8,246824,21,5372.222108,3223.333219,0
62,8,23,246824,34,3223.333219,8058.333219,0
62,23,8,246824,34,8058.333219,3223.333219,0
62,8,26,246824,26,3223.333219,8058.333219,0
62,26,8,246824,26,8058.333219,3223.333219,0
62,9,10,246824,12,3223.333219,8058.333219,0
62,10,9,246824,12,8058.333219,3223.333219,0
62,9,11,246824,9,3223.333219,3223.333219,0
62,11,9,246824,9,3223.333219,3223.333219,0
62,9,12,246824,9,3223.333219,4029.166553,0
62,12,9,246824,9,4029.166553,3223.333219,0
62,10,11,246824,10,8058.333219,3223.333219,0
62,11,10,246824,10,3223.333219,8058.333219,0
62,11,12,246824,7,3223.333219,4029.166553,0
62,12,11,246824,7,4029.166553,3223.333219,0
62,11,14,246824,8,3223.333219,4029.166553,0
62,14,11,246824,8,4029.166553,3223.333219,0
62,11,21,246824,21,3223.333219,8058.333219,0
62,21,11,246824,21,8058.333219,3223.333219,0
62,12,13,246824,7,4029.166553,3223.333219,0
62,13,12,246824,7,3223.333219,4029.166553,0
62,13,14,246824,9,3223.333219,4029.166553,0
62,14,13,246824,9,4029.166553,3223.333219,0
62,13,15,246824,28,3223.333219,8058.333219,0
62,15,13,246824,28,8058.333219,3223.333219,0
62,13,16,246824,35,3223.333219,8058.333219,0
62,16,13,246824,35,8058.333219,3223.333219,0
62,13,27,246824,24,3223.333219,8058.333219,0
62,27,13,246824,24,8058.333219,3223.333219,0
62,14,16,246824,35,4029.166553,8058.333219,0
62,16,14,246824,35,8058.333219,4029.166553,0
62,14,17,246824,23,4029.166553,4029.166553,0
62,17,14,246824,23,4029.166553,4029.166553,0
62,17,19,246824,28,4029.166553,5372.222108,0
62,19,17,246824,28,5372.222108,4029.166553,0
62,17,20,246824,42,4029.166553,8058.333219,0
62,20,17,246824,42,8058.333219,4029.166553,0
62,17,23,246824,36,4029.166553,8058.333219,0
62,23,17,246824,36,8058.333219,4029.166553,0
62,18,19,246824,30,5372.222108,5372.222108,0
62,19,18,246824,30,5372.222108,5372.222108,0
62,19,20,246824,45,5372.222108,8058.333219,0
62,20,19,246824,45,8058.333219,5372.222108,0
62,26,29,246824,35,8058.333219,5372.222108,0
62,29,26,246824,35,5372.222108,8058.333219,0
63,0,1,246824,8,5372.222103,3223.333214,0
63,1,0,246824,8,3223.333214,5372.222103,0
63,0,3,246824,7,5372.222103,3223.333214,0
63,3,0,246824,7,3223.333214,5372.222103,0
63,0,25,246824,27,5372.222103,8058.333214,0
63,25,0,246824,27,8058.333214,5372.222103,0
63,1,4,246824,11,3223.333214,2686.110992,0
63,4,1,246824,11,2686.110992,3223.333214,0
63,1,22,246824,35,3223.333214,8058.333214,0
63,22,1,246824,35,8058.333214,3223.333214,0
63,1,24,246824,37,3223.333214,8058.333214,0
63,24,1,246824,37,8058.333214,3223.333214,0
63,1,28,246824,38,3223.333214,8058.333214,0
63,28,1,246824,38,8058.333214,3223.333214,0
63,2,3,246824,12,5372.222103,3223.333214,0
63,3,2,246824,12,3223.333214,5372.222103,0
63,2,12,246824,11,5372.222103,3223.333214,0
63,12,2,246824,11,3223.333214,5372.222103,0
63,2,29,246824,27,5372.222103,5372.222103,0
63,29,2,246824,27,5372.222103,5372.222103,0
63,3,4,246824,11,3223.333214,2686.110992,0
63,4,3,246824,11,2686.110992,3223.333214,0
63,3,24,246824,37,3223.333214,8058.333214,0
63,24,3,246824,37,8058.333214,3223.333214,0
63,3,27,246824,24,3223.333214,8058.333214,0
63,27,3,246824,24,8058.333214,3223.333214,0
63,4,5,246824,13,2686.110992,4029.166547,0
63,5,4,246824,13,4029.166547,2686.110992,0
63,4,7,246824,12,2686.110992,2014.583214,0
63,7,4,246824,12,2014.583214,2686.110992,0
63,4,21,246824,23,2686.110992,5372.222103,0
63,21,4,246824,23,5372.222103,2686.110992,0
63,4,28,246824,39,2686.110992,8058.333214,0
63,28,4,246824,39,8058.333214,2686.110992,0
63,5,6,246824,12,4029.166547,5372.222103,0
63,6,5,246824,12,5372.222103,4029.166547,0
63,5,7,246824,11,4029.166547,2014.583214,0
63,7,5,246824,11,2014.583214,4029.166547,0
63,5,22,246824,37,4029.166547,8058.333214,0
63,22,5,246824,37,8058.333214,4029.166547,0
63,6,7,246824,11,5372.222103,2014.583214,0
63,7,6,246824,11,2014.583214,5372.222103,0
63,6,15,246824,29,5372.222103,8058.333214,0
63,15,6,246824,29,8058.333214,5372.222103,0
63,7,8,246824,10,2014.583214,3223.333214,0
63,8,7,246824,10,3223.333214,2014.583214,0
63,7,12,246824,8,2014.583214,3223.333214,0
63,12,7,246824,8,3223.333214,2014.583214,0
63,7,18,246824,22,2014.583214,8058.333214,0
63,18,7,246824,22,8058.333214,2014.583214,0
63,7,25,246824,29,2014.583214,8058.333214,0
63,25,7,246824,29,8058.333214,2014.583214,0
63,7,29,246824,27,2014.583214,5372.222103,0
63,29,7,246824,27,5372.222103,2014.583214,0
63,8,11,246824,8,3223.333214,2302.380833,0
63,11,8,246824,8,2302.380833,3223.333214,0
63,8,18,246824,21,3223.333214,8058.333214,0
63,18,8,246824,21,8058.333214,3223.333214,0
63,8,23,246824,34,3223.333214,8058.333214,0
63,23,8,246824,34,8058.333214,3223.333214,0
63,8,26,246824,26,3223.333214,8058.333214,0
63,26,8,246824,26,8058.333214,3223.333214,0
63,9,11,246824,9,8058.333214,2302.380833,0
63,11,9,246824,9,2302.380833,8058.333214,0
63,9,12,246824,9,8058.333214,3223.333214,0
63,12,9,246824,9,3223.333214,8058.333214,0
63,10,11,246824,10,8058.333214,2302.380833,0
63,11,10,246824,10,2302.380833,8058.333214,0
63,10,13,246824,11,8058.333214,2302.380833,0
63,13,10,246824,11,2302.380833,8058.333214,0
63,11,12,246824,7,2302.380833,3223.333214,0
63,12,11,246824,7,3223.333214,2302.380833,0
63,11,13,246824,8,2302.380833,2302.380833,0
63,13,11,246824,8,2302.380833,2302.380833,0
63,11,14,246824,8,2302.380833,4029.166547,0
63,14,11,246824,8,4029.166547,2302.380833,0
63,11,21,246824,21,2302.380833,5372.222103,0
63,21,11,246824,21,5372.222103,2302.380833,0
63,12,13,246824,7,3223.333214,2302.380833,0
63,13,12,246824,7,2302.380833,3223.333214,0
63,13,14,246824,9,2302.380833,4029.166547,0
63,14,13,246824,9,4029.166547,2302.380833,0
63,13,15,246824,28,2302.380833,8058.333214,0
63,15,13,246824,28,8058.333214,2302.380833,0
63,13,16,246824,35,2302.380833,8058.333214,0
63,16,13,246824,35,8058.333214,2302.380833,0
63,13,27,246824,24,2302.380833,8058.333214,0
63,27,13,246824,24,8058.333214,2302.380833,0
63,14,16,246824,35,4029.166547,8058.333214,0
63,16,14,246824,35,8058.333214,4029.166547,0
63,14,17,246824,23,4029.166547,4029.166547,0
63,17,14,246824,23,4029.166547,4029.166547,0
63,17,19,246824,28,4029.166547,5372.222103,0
63,19,17,246824,28,5372.222103,4029.166547,0
63,17,20,246824,42,4029.166547,8058.333214,0
63,20,17,246824,42,8058.333214,4029.166547,0
63,17,23,246824,36,4029.166547,8058.333214,0
63,23,17,246824,36,8058.333214,4029.166547,0
63,19,20,246824,45,5372.222103,8058.333214,0
63,20,19,246824,45,8058.333214,5372.222103,0
63,19,21,246824,28,5372.222103,5372.222103,0
63,21,19,246824,28,5372.222103,5372.222103,0
63,26,29,246824,35,8058.333214,5372.222103,0
63,29,26,246824,35,5372.222103,8058.333214,0
64,0,1,246824,8,5372.222103,3223.333214,0
64,1,0,246824,8,3223.333214,5372.222103,0
64,0,3,246824,7,5372.222103,3223.333214,0
64,3,0,246824,7,3223.333214,5372.222103,0
64,0,25,246824,27,5372.222103,8058.333214,0
64,25,0,246824,27,8058.333214,5372.222103,0
64,1,4,246824,11,3223.333214,2302.380833,0
64,4,1,246824,11,2302.380833,3223.333214,0
64,1,22,246824,35,3223.333214,8058.333214,0
64,22,1,246824,35,8058.333214,3223.333214,0
64,1,24,246824,37,3223.333214,8058.333214,0
64,24,1,246824,37,8058.333214,3223.333214,0
64,1,28,246824,38,3223.333214,8058.333214,0
64,28,1,246824,38,8058.333214,3223.333214,0
64,2,3,246824,12,5372.222103,3223.333214,0
64,3,2,246824,12,3223.333214,5372.222103,0
64,2,4,246824,13,5372.222103,2302.380833,0
64,4,2,246824,13,2302.380833,5372.222103,0
64,2,29,246824,27,5372.222103,5372.222103,0
64,29,2,246824,27,5372.222103,5372.222103,0
64,3,4,246824,11,3223.333214,2302.380833,0
64,4,3,246824,11,2302.380833,3223.333214,0
64,3,24,246824,37,3223.333214,8058.333214,0
64,24,3,246824,37,8058.333214,3223.333214,0
64,3,27,246824,24,3223.333214,8058.333214,0
64,27,3,246824,24,8058.333214,3223.333214,0
64,4,5,246824,13,2302.380833,5372.222103,0
64,5,4,246824,13,5372.222103,2302.380833,0
64,4,7,246824,12,2302.380833,2302.380833,0
64,7,4,246824,12,2302.380833,2302.380833,0
64,4,21,246824,23,2302.380833,5372.222103,0
64,21,4,246824,23,5372.222103,2302.380833,0
64,4,28,246824,39,2302.380833,8058.333214,0
64,28,4,246824,39,8058.333214,2302.380833,0
64,5,6,246824,12,5372.222103,4029.166547,0
64,6,5,246824,12,4029.166547,5372.222103,0
64,5,22,246824,37,5372.222103,8058.333214,0
64,22,5,246824,37,8058.333214,5372.222103,0
64,6,7,246824,11,4029.166547,2302.380833,0
64,7,6,246824,11,2302.380833,4029.166547,0
64,6,9,246824,11,4029.166547,3223.333214,0
64,9,6,246824,11,3223.333214,4029.166547,0
64,6,15,246824,29,4029.166547,8058.333214,0
64,15,6,246824,29,8058.333214,4029.166547,0
64,7,8,246824,10,2302.380833,3223.333214,0
64,8,7,246824,10,3223.333214,2302.380833,0
64,7,12,246824,8,2302.380833,4029.166547,0
64,12,7,246824,8,4029.166547,2302.380833,0
64,7,18,246824,22,2302.380833,8058.333214,0
64,18,7,246824,22,8058.333214,2302.380833,0
64,7,25,246824,29,2302.380833,8058.333214,0
64,25,7,246824,29,8058.333214,2302.380833,0
64,7,29,246824,27,2302.380833,5372.222103,0
64,29,7,246824,27,5372.222103,2302.380833,0
64,8,9,246824,10,3223.333214,3223.333214,0
64,9,8,246824,10,3223.333214,3223.333214,0
64,8,18,246824,21,3223.333214,8058.333214,0
64,18,8,246824,21,8058.333214,3223.333214,0
64,8,23,246824,34,3223.333214,8058.333214,0
64,23,8,246824,34,8058.333214,3223.333214,0
64,8,26,246824,26,3223.333214,8058.333214,0
64,26,8,246824,26,8058.333214,3223.333214,0
64,9,10,246824,12,3223.333214,8058.333214,0
64,10,9,246824,12,8058.333214,3223.333214,0
64,9,11,246824,9,3223.333214,2686.110992,0
64,11,9,246824,9,2686.110992,3223.333214,0
64,9,12,246824,9,3223.333214,4029.166547,0
64,12,9,246824,9,4029.166547,3223.333214,0
64,10,11,246824,10,8058.333214,2686.110992,0
64,11,10,246824,10,2686.110992,8058.333214,0
64,11,12,246824,7,2686.110992,4029.166547,0
64,12,11,246824,7,4029.166547,2686.110992,0
64,11,13,246824,8,2686.110992,2686.110992,0
64,13,11,246824,8,2686.110992,2686.110992,0
64,11,14,246824,8,2686.110992,4029.166547,0
64,14,11,246824,8,4029.166547,2686.110992,0
64,11,21,246824,21,2686.110992,5372.222103,0
64,21,11,246824,21,5372.222103,2686.110992,0
64,12,13,246824,7,4029.166547,2686.110992,0
64,13,12,246824,7,2686.110992,4029.166547,0
64,13,14,246824,9,2686.110992,4029.166547,0
64,14,13,246824,9,4029.166547,2686.110992,0
64,13,15,246824,28,2686.110992,8058.333214,0
64,15,13,246824,28,8058.333214,2686.110992,0
64,13,16,246824,35,2686.110992,8058.333214,0
64,16,13,246824,35,8058.333214,2686.110992,0
64,13,27,246824,24,2686.110992,8058.333214,0
64,27,13,246824,24,8058.333214,2686.110992,0
64,14,16,246824,35,4029.166547,8058.333214,0
64,16,14,246824,35,8058.333214,4029.166547,0
64,14,17,246824,23,4029.166547,4029.166547,0
64,17,14,246824,23,4029.166547,4029.166547,0
64,17,19,246824,28,4029.166547,5372.222103,0
64,19,17,246824,28,5372.222103,4029.166547,0
64,17,20,246824,42,4029.166547,8058.333214,0
64,20,17,246824,42,8058.333214,4029.166547,0
64,17,23,246824,36,4029.166547,8058.333214,0
64,23,17,246824,36,8058.333214,4029.166547,0
64,19,20,246824,45,5372.222103,8058.333214,0
64,20,19,246824,45,8058.333214,5372.222103,0
64,19,21,246824,28,5372.222103,5372.222103,0
64,21,19,246824,28,5372.222103,5372.222103,0
64,26,29,246824,35,8058.333214,5372.222103,0
64,29,26,246824,35,5372.222103,8058.333214,0
65,0,1,246824,8,4029.166547,3223.333214,0
65,1,0,246824,8,3223.333214,4029.166547,0
65,0,2,246824,11,4029.166547,5372.222103,0
65,2,0,246824,11,5372.222103,4029.166547,0
65,0,3,246824,7,4029.166547,4029.166547,0
65,3,0,246824,7,4029.166547,4029.166547,0
65,0,25,246824,27,4029.166547,8058.333214,0
65,25,0,246824,27,8058.333214,4029.166547,0
65,1,4,246824,11,3223.333214,3223.333214,0
65,4,1,246824,11,3223.333214,3223.333214,0
65,1,22,246824,35,3223.333214,8058.333214,0
65,22,1,246824,35,8058.333214,3223.333214,0
65,1,24,246824,37,3223.333214,8058.333214,0
65,24,1,246824,37,8058.333214,3223.333214,0
65,1,28,246824,38,3223.333214,8058.333214,0
65,28,1,246824,38,8058.333214,3223.333214,0
65,2,12,246824,11,5372.222103,3223.333214,0
65,12,2,246824,11,3223.333214,5372.222103,0
65,2,29,246824,27,5372.222103,5372.222103,0
65,29,2,246824,27,5372.222103,5372.222103,0
65,3,4,246824,11,4029.166547,3223.333214,0
65,4,3,246824,11,3223.333214,4029.166547,0
65,3,24,246824,37,4029.166547,8058.333214,0
65,24,3,246824,37,8058.333214,4029.166547,0
65,3,27,246824,24,4029.166547,8058.333214,0
65,27,3,246824,24,8058.333214,4029.166547,0
65,4,7,246824,12,3223.333214,2014.583214,0
65,7,4,246824,12,2014.583214,3223.333214,0
65,4,21,246824,23,3223.333214,8058.333214,0
65,21,4,246824,23,8058.333214,3223.333214,0
65,4,28,246824,39,3223.333214,8058.333214,0
65,28,4,246824,39,8058.333214,3223.333214,0
65,5,6,246824,12,5372.222103,5372.222103,0
65,6,5,246824,12,5372.222103,5372.222103,0
65,5,7,246824,11,5372.222103,2014.583214,0
65,7,5,246824,11,2014.583214,5372.222103,0
65,5,22,246824,37,5372.222103,8058.333214,0
65,22,5,246824,37,8058.333214,5372.222103,0
65,6,7,246824,11,5372.222103,2014.583214,0
65,7,6,246824,11,2014.583214,5372.222103,0
65,6,15,246824,29,5372.222103,8058.333214,0
65,15,6,246824,29,8058.333214,5372.222103,0
65,7,8,246824,10,2014.583214,3223.333214,0
65,8,7,246824,10,3223.333214,2014.583214,0
65,7,12,246824,8,2014.583214,3223.333214,0
65,12,7,246824,8,3223.333214,2014.583214,0
65,7,18,246824,22,2014.583214,5372.222103,0
65,18,7,246824,22,5372.222103,2014.583214,0
65,7,25,246824,29,2014.583214,8058.333214,0
65,25,7,246824,29,8058.333214,2014.583214,0
65,7,29,246824,27,2014.583214,5372.222103,0
65,29,7,246824,27,5372.222103,2014.583214,0
65,8,11,246824,8,3223.333214,3223.333214,0
65,11,8,246824,8,3223.333214,3223.333214,0
65,8,18,246824,21,3223.333214,5372.222103,0
65,18,8,246824,21,5372.222103,3223.333214,0
65,8,23,246824,34,3223.333214,8058.333214,0
65,23,8,246824,34,8058.333214,3223.333214,0
65,8,26,246824,26,3223.333214,8058.333214,0
65,26,8,246824,26,8058.333214,3223.333214,0
65,9,12,246824,9,8058.333214,3223.333214,0
65,12,9,246824,9,3223.333214,8058.333214,0
65,9,14,246824,10,8058.333214,3223.333214,0
65,14,9,246824,10,3223.333214,8058.333214,0
65,10,11,246824,10,8058.333214,3223.333214,0
65,11,10,246824,10,3223.333214,8058.333214,0
65,10,13,246824,11,8058.333214,2686.110992,0
65,13,10,246824,11,2686.110992,8058.333214,0
65,11,12,246824,7,3223.333214,3223.333214,0
65,12,11,246824,7,3223.333214,3223.333214,0
65,11,14,246824,8,3223.333214,3223.333214,0
65,14,11,246824,8,3223.333214,3223.333214,0
65,11,21,246824,21,3223.333214,8058.333214,0
65,21,11,246824,21,8058.333214,3223.333214,0
65,12,13,246824,7,3223.333214,2686.110992,0
65,13,12,246824,7,2686.110992,3223.333214,0
65,13,14,246824,9,2686.110992,3223.333214,0
65,14,13,246824,9,3223.333214,2686.110992,0
65,13,15,246824,28,2686.110992,8058.333214,0
65,15,13,246824,28,8058.333214,2686.110992,0
65,13,16,246824,35,2686.110992,8058.333214,0
65,16,13,246824,35,8058.333214,2686.110992,0
65,13,27,246824,24,2686.110992,8058.333214,0
65,27,13,246824,24,8058.333214,2686.110992,0
65,14,16,246824,35,3223.333214,8058.333214,0
65,16,14,246824,35,8058.333214,3223.333214,0
65,14,17,246824,23,3223.333214,4029.166547,0
65,17,14,246824,23,4029.166547,3223.333214,0
65,17,19,246824,28,4029.166547,5372.222103,0
65,19,17,246824,28,5372.222103,4029.166547,0
65,17,20,246824,42,4029.166547,8058.333214,0
65,20,17,246824,42,8058.333214,4029.166547,0
65,17,23,246824,36,4029.166547,8058.333214,0
65,23,17,246824,36,8058.333214,4029.166547,0
65,18,19,246824,30,5372.222103,5372.222103,0
65,19,18,246824,30,5372.222103,5372.222103,0
65,19,20,246824,45,5372.222103,8058.333214,0
65,20,19,246824,45,8058.333214,5372.222103,0
65,26,29,246824,35,8058.333214,5372.222103,0
65,29,26,246824,35,5372.222103,8058.333214,0
66,0,1,246824,8,5363.888770,3218.333214,0
66,1,0,246824,8,3218.333214,5363.888770,0
66,0,3,246824,7,5363.888770,3218.333214,0
66,3,0,246824,7,3218.333214,5363.888770,0
66,0,25,246824,27,5363.888770,8045.833214,0
66,25,0,246824,27,8045.833214,5363.888770,0
66,1,4,246824,11,3218.333214,3218.333214,0
66,4,1,246824,11,3218.333214,3218.333214,0
66,1,22,246824,35,3218.333214,8045.833214,0
66,22,1,246824,35,8045.833214,3218.333214,0
66,1,24,246824,37,3218.333214,8045.833214,0
66,24,1,246824,37,8045.833214,3218.333214,0
66,1,28,246824,38,3218.333214,8045.833214,0
66,28,1,246824,38,8045.833214,3218.333214,0
66,2,3,246824,12,5363.888770,3218.333214,0
66,3,2,246824,12,3218.333214,5363.888770,0
66,2,12,246824,11,5363.888770,3218.333214,0
66,12,2,246824,11,3218.333214,5363.888770,0
66,2,29,246824,27,5363.888770,5363.888770,0
66,29,2,246824,27,5363.888770,5363.888770,0
66,3,4,246824,11,3218.333214,3218.333214,0
66,4,3,246824,11,3218.333214,3218.333214,0
66,3,24,246824,37,3218.333214,8045.833214,0
66,24,3,246824,37,8045.833214,3218.333214,0
66,3,27,246824,24,3218.333214,8045.833214,0
66,27,3,246824,24,8045.833214,3218.333214,0
66,4,7,246824,12,3218.333214,2011.458214,0
66,7,4,246824,12,2011.458214,3218.333214,0
66,4,21,246824,23,3218.333214,4022.916548,0
66,21,4,246824,23,4022.916548,3218.333214,0
66,4,28,246824,39,3218.333214,8045.833214,0
66,28,4,246824,39,8045.833214,3218.333214,0
66,5,6,246824,12,5363.888770,5363.888770,0
66,6,5,246824,12,5363.888770,5363.888770,0
66,5,7,246824,11,5363.888770,2011.458214,0
66,7,5,246824,11,2011.458214,5363.888770,0
66,5,22,246824,37,5363.888770,8045.833214,0
66,22,5,246824,37,8045.833214,5363.888770,0
66,6,7,246824,11,5363.888770,2011.458214,0
66,7,6,246824,11,2011.458214,5363.888770,0
66,6,15,246824,29,5363.888770,8045.833214,0
66,15,6,246824,29,8045.833214,5363.888770,0
66,7,8,246824,10,2011.458214,3218.333214,0
66,8,7,246824,10,3218.333214,2011.458214,0
66,7,12,246824,8,2011.458214,3218.333214,0
66,12,7,246824,8,3218.333214,2011.458214,0
66,7,18,246824,22,2011.458214,8045.833214,0
66,18,7,246824,22,8045.833214,2011.458214,0
66,7,25,246824,29,2011.458214,8045.833214,0
66,25,7,246824,29,8045.833214,2011.458214,0
66,7,29,246824,27,2011.458214,5363.888770,0
66,29,7,246824,27,5363.888770,2011.458214,0
66,8,9,246824,10,3218.333214,4022.916548,0
66,9,8,246824,10,4022.916548,3218.333214,0
66,8,18,246824,21,3218.333214,8045.833214,0
66,18,8,246824,21,8045.833214,3218.333214,0
66,8,23,246824,34,3218.333214,8045.833214,0
66,23,8,246824,34,8045.833214,3218.333214,0
66,8,26,246824,26,3218.333214,8045.833214,0
66,26,8,246824,26,8045.833214,3218.333214,0
66,9,10,246824,12,4022.916548,8045.833214,0
66,10,9,246824,12,8045.833214,4022.916548,0
66,9,11,246824,9,4022.916548,3218.333214,0
66,11,9,246824,9,3218.333214,4022.916548,0
66,9,12,246824,9,4022.916548,3218.333214,0
66,12,9,246824,9,3218.333214,4022.916548,0
66,10,11,246824,10,8045.833214,3218.333214,0
66,11,10,246824,10,3218.333214,8045.833214,0
66,11,12,246824,7,3218.333214,3218.333214,0
66,12,11,246824,7,3218.333214,3218.333214,0
66,11,14,246824,8,3218.333214,4022.916548,0
66,14,11,246824,8,4022.916548,3218.333214,0
66,11,21,246824,21,3218.333214,4022.916548,0
66,21,11,246824,21,4022.916548,3218.333214,0
66,12,13,246824,7,3218.333214,3218.333214,0
66,13,12,246824,7,3218.333214,3218.333214,0
66,13,14,246824,9,3218.333214,4022.916548,0
66,14,13,246824,9,4022.916548,3218.333214,0
66,13,15,246824,28,3218.333214,8045.833214,0
66,15,13,246824,28,8045.833214,3218.333214,0
66,13,16,246824,35,3218.333214,8045.833214,0
66,16,13,246824,35,8045.833214,3218.333214,0
66,13,27,246824,24,3218.333214,8045.833214,0
66,27,13,246824,24,8045.833214,3218.333214,0
66,14,16,246824,35,4022.916548,8045.833214,0
66,16,14,246824,35,8045.833214,4022.916548,0
66,14,17,246824,23,4022.916548,4022.916548,0
66,17,14,246824,23,4022.916548,4022.916548,0
66,17,19,246824,28,4022.916548,8045.833214,0
66,19,17,246824,28,8045.833214,4022.916548,0
66,17,20,246824,42,4022.916548,8045.833214,0
66,20,17,246824,42,8045.833214,4022.916548,0
66,17,23,246824,36,4022.916548,8045.833214,0
66,23,17,246824,36,8045.833214,4022.916548,0
66,19,21,246824,28,8045.833214,4022.916548,0
66,21,19,246824,28,4022.916548,8045.833214,0
66,20,21,246824,42,8045.833214,4022.916548,0
66,21,20,246824,42,4022.916548,8045.833214,0
66,26,29,246824,35,8045.833214,5363.888770,0
66,29,26,246824,35,5363.888770,8045.833214,0
67,0,1,246824,8,4029.166547,3223.333214,0
67,1,0,246824,8,3223.333214,4029.166547,0
67,0,2,246824,11,4029.166547,5372.222103,0
67,2,0,246824,11,5372.222103,4029.166547,0
67,0,3,246824,7,4029.166547,4029.166547,0
67,3,0,246824,7,4029.166547,4029.166547,0
67,0,25,246824,27,4029.166547,8058.333214,0
67,25,0,246824,27,8058.333214,4029.166547,0
67,1,4,246824,11,3223.333214,3223.333214,0
67,4,1,246824,11,3223.333214,3223.333214,0
67,1,22,246824,35,3223.333214,8058.333214,0
67,22,1,246824,35,8058.333214,3223.333214,0
67,1,24,246824,37,3223.333214,8058.333214,0
67,24,1,246824,37,8058.333214,3223.333214,0
67,1,28,246824,38,3223.333214,8058.333214,0
67,28,1,246824,38,8058.333214,3223.333214,0
67,2,12,246824,11,5372.222103,3223.333214,0
67,12,2,246824,11,3223.333214,5372.222103,0
67,2,29,246824,27,5372.222103,5372.222103,0
67,29,2,246824,27,5372.222103,5372.222103,0
67,3,4,246824,11,4029.166547,3223.333214,0
67,4,3,246824,11,3223.333214,4029.166547,0
67,3,24,246824,37,4029.166547,8058.333214,0
67,24,3,246824,37,8058.333214,4029.166547,0
67,3,27,246824,24,4029.166547,8058.333214,0
67,27,3,246824,24,8058.333214,4029.166547,0
67,4,5,246824,13,3223.333214,4029.166547,0
67,5,4,246824,13,4029.166547,3223.333214,0
67,4,21,246824,23,3223.333214,8058.333214,0
67,21,4,246824,23,8058.333214,3223.333214,0
67,4,28,246824,39,3223.333214,8058.333214,0
67,28,4,246824,39,8058.333214,3223.333214,0
67,5,6,246824,12,4029.166547,5372.222103,0
67,6,5,246824,12,5372.222103,4029.166547,0
67,5,7,246824,11,4029.166547,2302.380833,0
67,7,5,246824,11,2302.380833,4029.166547,0
67,5,22,246824,37,4029.166547,8058.333214,0
67,22,5,246824,37,8058.333214,4029.166547,0
67,6,7,246824,11,5372.222103,2302.380833,0
67,7,6,246824,11,2302.380833,5372.222103,0
67,6,15,246824,29,5372.222103,8058.333214,0
67,15,6,246824,29,8058.333214,5372.222103,0
67,7,8,246824,10,2302.380833,3223.333214,0
67,8,7,246824,10,3223.333214,2302.380833,0
67,7,12,246824,8,2302.380833,3223.333214,0
67,12,7,246824,8,3223.333214,2302.380833,0
67,7,18,246824,22,2302.380833,5372.222103,0
67,18,7,246824,22,5372.222103,2302.380833,0
67,7,25,246824,29,2302.380833,8058.333214,0
67,25,7,246824,29,8058.333214,2302.380833,0
67,7,29,246824,27,2302.380833,5372.222103,0
67,29,7,246824,27,5372.222103,2302.380833,0
67,8,11,246824,8,3223.333214,3223.333214,0
67,11,8,246824,8,3223.333214,3223.333214,0
67,8,18,246824,21,3223.333214,5372.222103,0
67,18,8,246824,21,5372.222103,3223.333214,0
67,8,23,246824,34,3223.333214,8058.333214,0
67,23,8,246824,34,8058.333214,3223.333214,0
67,8,26,246824,26,3223.333214,8058.333214,0
67,26,8,246824,26,8058.333214,3223.333214,0
67,9,12,246824,9,8058.333214,3223.333214,0
67,12,9,246824,9,3223.333214,8058.333214,0
67,9,14,246824,10,8058.333214,3223.333214,0
67,14,9,246824,10,3223.333214,8058.333214,0
67,10,11,246824,10,8058.333214,3223.333214,0
67,11,10,246824,10,3223.333214,8058.333214,0
67,10,13,246824,11,8058.333214,2686.110992,0
67,13,10,246824,11,2686.110992,8058.333214,0
67,11,12,246824,7,3223.333214,3223.333214,0
67,12,11,246824,7,3223.333214,3223.333214,0
67,11,14,246824,8,3223.333214,3223.333214,0
67,14,11,246824,8,3223.333214,3223.333214,0
67,11,21,246824,21,3223.333214,8058.333214,0
67,21,11,246824,21,8058.333214,3223.333214,0
67,12,13,246824,7,3223.333214,2686.110992,0
67,13,12,246824,7,2686.110992,3223.333214,0
67,13,14,246824,9,2686.110992,3223.333214,0
67,14,13,246824,9,3223.333214,2686.110992,0
67,13,15,246824,28,2686.110992,8058.333214,0
67,15,13,246824,28,8058.333214,2686.110992,0
67,13,16,246824,35,2686.110992,8058.333214,0
67,16,13,246824,35,8058.333214,2686.110992,0
67,13,27,246824,24,2686.110992,8058.333214,0
67,27,13,246824,24,8058.333214,2686.110992,0
67,14,16,246824,35,3223.333214,8058.333214,0
67,16,14,246824,35,8058.333214,3223.333214,0
67,14,17,246824,23,3223.333214,4029.166547,0
67,17,14,246824,23,4029.166547,3223.333214,0
67,17,19,246824,28,4029.166547,5372.222103,0
67,19,17,246824,28,5372.222103,4029.166547,0
67,17,20,246824,42,4029.166547,8058.333214,0
67,20,17,246824,42,8058.333214,4029.166547,0
67,17,23,246824,36,4029.166547,8058.333214,0
67,23,17,246824,36,8058.333214,4029.166547,0
67,18,19,246824,30,5372.222103,5372.222103,0
67,19,18,246824,30,5372.222103,5372.222103,0
67,19,20,246824,45,5372.222103,8058.333214,0
67,20,19,246824,45,8058.333214,5372.222103,0
67,26,29,246824,35,8058.333214,5372.222103,0
67,29,26,246824,35,5372.222103,8058.333214,0
68,0,1,246824,8,4029.166547,3223.333214,0
68,1,0,246824,8,3223.333214,4029.166547,0
68,0,2,246824,11,4029.166547,5372.222103,0
68,2,0,246824,11,5372.222103,4029.166547,0
68,0,3,246824,7,4029.166547,3223.333214,0
68,3,0,246824,7,3223.333214,4029.166547,0
68,0,25,246824,27,4029.166547,8058.333214,0
68,25,0,246824,27,8058.333214,4029.166547,0
68,1,4,246824,11,3223.333214,3223.333214,0
68,4,1,246824,11,3223.333214,3223.333214,0
68,1,22,246824,35,3223.333214,8058.333214,0
68,22,1,246824,35,8058.333214,3223.333214,0
68,1,24,246824,37,3223.333214,8058.333214,0
68,24,1,246824,37,8058.333214,3223.333214,0
68,1,28,246824,38,3223.333214,8058.333214,0
68,28,1,246824,38,8058.333214,3223.333214,0
68,2,3,246824,12,5372.222103,3223.333214,0
68,3,2,246824,12,3223.333214,5372.222103,0
68,2,29,246824,27,5372.222103,5372.222103,0
68,29,2,246824,27,5372.222103,5372.222103,0
68,3,4,246824,11,3223.333214,3223.333214,0
68,4,3,246824,11,3223.333214,3223.333214,0
68,3,24,246824,37,3223.333214,8058.333214,0
68,24,3,246824,37,8058.333214,3223.333214,0
68,3,27,246824,24,3223.333214,8058.333214,0
68,27,3,246824,24,8058.333214,3223.333214,0
68,4,5,246824,13,3223.333214,4029.166547,0
68,5,4,246824,13,4029.166547,3223.333214,0
68,4,21,246824,23,3223.333214,4029.166547,0
68,21,4,246824,23,4029.166547,3223.333214,0
68,4,28,246824,39,3223.333214,8058.333214,0
68,28,4,246824,39,8058.333214,3223.333214,0
68,5,6,246824,12,4029.166547,5372.222103,0
68,6,5,246824,12,5372.222103,4029.166547,0
68,5,7,246824,11,4029.166547,2302.380833,0
68,7,5,246824,11,2302.380833,4029.166547,0
68,5,22,246824,37,4029.166547,8058.333214,0
68,22,5,246824,37,8058.333214,4029.166547,0
68,6,7,246824,11,5372.222103,2302.380833,0
68,7,6,246824,11,2302.380833,5372.222103,0
68,6,15,246824,29,5372.222103,8058.333214,0
68,15,6,246824,29,8058.333214,5372.222103,0
68,7,8,246824,10,2302.380833,3223.333214,0
68,8,7,246824,10,3223.333214,2302.380833,0
68,7,12,246824,8,2302.380833,4029.166547,0
68,12,7,246824,8,4029.166547,2302.380833,0
68,7,18,246824,22,2302.380833,8058.333214,0
68,18,7,246824,22,8058.333214,2302.380833,0
68,7,25,246824,29,2302.380833,8058.333214,0
68,25,7,246824,29,8058.333214,2302.380833,0
68,7,29,246824,27,2302.380833,5372.222103,0
68,29,7,246824,27,5372.222103,2302.380833,0
68,8,11,246824,8,3223.333214,2302.380833,0
68,11,8,246824,8,2302.380833,3223.333214,0
68,8,18,246824,21,3223.333214,8058.333214,0
68,18,8,246824,21,8058.333214,3223.333214,0
68,8,23,246824,34,3223.333214,8058.333214,0
68,23,8,246824,34,8058.333214,3223.333214,0
68,8,26,246824,26,3223.333214,8058.333214,0
68,26,8,246824,26,8058.333214,3223.333214,0
68,9,11,246824,9,8058.333214,2302.380833,0
68,11,9,246824,9,2302.380833,8058.333214,0
68,9,12,246824,9,8058.333214,4029.166547,0
68,12,9,246824,9,4029.166547,8058.333214,0
68,10,11,246824,10,8058.333214,2302.380833,0
68,11,10,246824,10,2302.380833,8058.333214,0
68,10,13,246824,11,8058.333214,2302.380833,0
68,13,10,246824,11,2302.380833,8058.333214,0
68,11,12,246824,7,2302.380833,4029.166547,0
68,12,11,246824,7,4029.166547,2302.380833,0
68,11,13,246824,8,2302.380833,2302.380833,0
68,13,11,246824,8,2302.380833,2302.380833,0
68,11,14,246824,8,2302.380833,4029.166547,0
68,14,11,246824,8,4029.166547,2302.380833,0
68,11,21,246824,21,2302.380833,4029.166547,0
68,21,11,246824,21,4029.166547,2302.380833,0
68,12,13,246824,7,4029.166547,2302.380833,0
68,13,12,246824,7,2302.380833,4029.166547,0
68,13,14,246824,9,2302.380833,4029.166547,0
68,14,13,246824,9,4029.166547,2302.380833,0
68,13,15,246824,28,2302.380833,8058.333214,0
68,15,13,246824,28,8058.333214,2302.380833,0
68,13,16,246824,35,2302.380833,8058.333214,0
68,16,13,246824,35,8058.333214,2302.380833,0
68,13,27,246824,24,2302.380833,8058.333214,0
68,27,13,246824,24,8058.333214,2302.380833,0
68,14,16,246824,35,4029.166547,8058.333214,0
68,16,14,246824,35,8058.333214,4029.166547,0
68,14,17,246824,23,4029.166547,5372.222103,0
68,17,14,246824,23,5372.222103,4029.166547,0
68,17,19,246824,28,5372.222103,5372.222103,0
68,19,17,246824,28,5372.222103,5372.222103,0
68,17,23,246824,36,5372.222103,8058.333214,0
68,23,17,246824,36,8058.333214,5372.222103,0
68,19,20,246824,45,5372.222103,8058.333214,0
68,20,19,246824,45,8058.333214,5372.222103,0
68,19,21,246824,28,5372.222103,4029.166547,0
68,21,19,246824,28,4029.166547,5372.222103,0
68,20,21,246824,42,8058.333214,4029.166547,0
68,21,20,246824,42,4029.166547,8058.333214,0
68,26,29,246824,35,8058.333214,5372.222103,0
68,29,26,246824,35,5372.222103,8058.333214,0
69,0,1,246824,8,5372.222103,3223.333214,0
69,1,0,246824,8,3223.333214,5372.222103,0
69,0,3,246824,7,5372.222103,3223.333214,0
69,3,0,246824,7,3223.333214,5372.222103,0
69,0,25,246824,27,5372.222103,8058.333214,0
69,25,0,246824,27,8058.333214,5372.222103,0
69,1,4,246824,11,3223.333214,3223.333214,0
69,4,1,246824,11,3223.333214,3223.333214,0
69,1,22,246824,35,3223.333214,8058.333214,0
69,22,1,246824,35,8058.333214,3223.333214,0
69,1,24,246824,37,3223.333214,8058.333214,0
69,24,1,246824,37,8058.333214,3223.333214,0
69,1,28,246824,38,3223.333214,8058.333214,0
69,28,1,246824,38,8058.333214,3223.333214,0
69,2,3,246824,12,5372.222103,3223.333214,0
69,3,2,246824,12,3223.333214,5372.222103,0
69,2,12,246824,11,5372.222103,3223.333214,0
69,12,2,246824,11,3223.333214,5372.222103,0
69,2,29,246824,27,5372.222103,5372.222103,0
69,29,2,246824,27,5372.222103,5372.222103,0
69,3,4,246824,11,3223.333214,3223.333214,0
69,4,3,246824,11,3223.333214,3223.333214,0
69,3,24,246824,37,3223.333214,8058.333214,0
69,24,3,246824,37,8058.333214,3223.333214,0
69,3,27,246824,24,3223.333214,8058.333214,0
69,27,3,246824,24,8058.333214,3223.333214,0
69,4,5,246824,13,3223.333214,4029.166547,0
69,5,4,246824,13,4029.166547,3223.333214,0
69,4,21,246824,23,3223.333214,5372.222103,0
69,21,4,246824,23,5372.222103,3223.333214,0
69,4,28,246824,39,3223.333214,8058.333214,0
69,28,4,246824,39,8058.333214,3223.333214,0
69,5,6,246824,12,4029.166547,5372.222103,0
69,6,5,246824,12,5372.222103,4029.166547,0
69,5,7,246824,11,4029.166547,2686.110992,0
69,7,5,246824,11,2686.110992,4029.166547,0
69,5,22,246824,37,4029.166547,8058.333214,0
69,22,5,246824,37,8058.333214,4029.166547,0
69,6,7,246824,11,5372.222103,2686.110992,0
69,7,6,246824,11,2686.110992,5372.222103,0
69,6,15,246824,29,5372.222103,8058.333214,0
69,15,6,246824,29,8058.333214,5372.222103,0
69,7,12,246824,8,2686.110992,3223.333214,0
69,12,7,246824,8,3223.333214,2686.110992,0
69,7,18,246824,22,2686.110992,8058.333214,0
69,18,7,246824,22,8058.333214,2686.110992,0
69,7,25,246824,29,2686.110992,8058.333214,0
69,25,7,246824,29,8058.333214,2686.110992,0
69,7,29,246824,27,2686.110992,5372.222103,0
69,29,7,246824,27,5372.222103,2686.110992,0
69,8,9,246824,10,3223.333214,4029.166547,0
69,9,8,246824,10,4029.166547,3223.333214,0
69,8,11,246824,8,3223.333214,2686.110992,0
69,11,8,246824,8,2686.110992,3223.333214,0
69,8,18,246824,21,3223.333214,8058.333214,0
69,18,8,246824,21,8058.333214,3223.333214,0
69,8,23,246824,34,3223.333214,8058.333214,0
69,23,8,246824,34,8058.333214,3223.333214,0
69,8,26,246824,26,3223.333214,8058.333214,0
69,26,8,246824,26,8058.333214,3223.333214,0
69,9,10,246824,12,4029.166547,8058.333214,0
69,10,9,246824,12,8058.333214,4029.166547,0
69,9,11,246824,9,4029.166547,2686.110992,0
69,11,9,246824,9,2686.110992,4029.166547,0
69,9,12,246824,9,4029.166547,3223.333214,0
69,12,9,246824,9,3223.333214,4029.166547,0
69,10,11,246824,10,8058.333214,2686.110992,0
69,11,10,246824,10,2686.110992,8058.333214,0
69,11,12,246824,7,2686.110992,3223.333214,0
69,12,11,246824,7,3223.333214,2686.110992,0
69,11,14,246824,8,2686.110992,4029.166547,0
69,14,11,246824,8,4029.166547,2686.110992,0
69,11,21,246824,21,2686.110992,5372.222103,0
69,21,11,246824,21,5372.222103,2686.110992,0
69,12,13,246824,7,3223.333214,3223.333214,0
69,13,12,246824,7,3223.333214,3223.333214,0
69,13,14,246824,9,3223.333214,4029.166547,0
69,14,13,246824,9,4029.166547,3223.333214,0
69,13,15,246824,28,3223.333214,8058.333214,0
69,15,13,246824,28,8058.333214,3223.333214,0
69,13,16,246824,35,3223.333214,8058.333214,0
69,16,13,246824,35,8058.333214,3223.333214,0
69,13,27,246824,24,3223.333214,8058.333214,0
69,27,13,246824,24,8058.333214,3223.333214,0
69,14,16,246824,35,4029.166547,8058.333214,0
69,16,14,246824,35,8058.333214,4029.166547,0
69,14,17,246824,23,4029.166547,4029.166547,0
69,17,14,246824,23,4029.166547,4029.166547,0
69,17,19,246824,28,4029.166547,5372.222103,0
69,19,17,246824,28,5372.222103,4029.166547,0
69,17,20,246824,42,4029.166547,8058.333214,0
69,20,17,246824,42,8058.333214,4029.166547,0
69,17,23,246824,36,4029.166547,8058.333214,0
69,23,17,246824,36,8058.333214,4029.166547,0
69,19,20,246824,45,5372.222103,8058.333214,0
69,20,19,246824,45,8058.333214,5372.222103,0
69,19,21,246824,28,5372.222103,5372.222103,0
69,21,19,246824,28,5372.222103,5372.222103,0
69,26,29,246824,35,8058.333214,5372.222103,0
69,29,26,246824,35,5372.222103,8058.333214,0
70,0,1,246824,8,5372.222103,3223.333214,0
70,1,0,246824,8,3223.333214,5372.222103,0
70,0,3,246824,7,5372.222103,3223.333214,0
70,3,0,246824,7,3223.333214,5372.222103,0
70,0,25,246824,27,5372.222103,5372.222103,0
70,25,0,246824,27,5372.222103,5372.222103,0
70,1,4,246824,11,3223.333214,2686.110992,0
70,4,1,246824,11,2686.110992,3223.333214,0
70,1,22,246824,35,3223.333214,8058.333214,0
70,22,1,246824,35,8058.333214,3223.333214,0
70,1,24,246824,37,3223.333214,8058.333214,0
70,24,1,246824,37,8058.333214,3223.333214,0
70,1,28,246824,38,3223.333214,8058.333214,0
70,28,1,246824,38,8058.333214,3223.333214,0
70,2,3,246824,12,5372.222103,3223.333214,0
70,3,2,246824,12,3223.333214,5372.222103,0
70,2,4,246824,13,5372.222103,2686.110992,0
70,4,2,246824,13,2686.110992,5372.222103,0
70,2,29,246824,27,5372.222103,8058.333214,0
70,29,2,246824,27,8058.333214,5372.222103,0
70,3,4,246824,11,3223.333214,2686.110992,0
70,4,3,246824,11,2686.110992,3223.333214,0
70,3,24,246824,37,3223.333214,8058.333214,0
70,24,3,246824,37,8058.333214,3223.333214,0
70,3,27,246824,24,3223.333214,8058.333214,0
70,27,3,246824,24,8058.333214,3223.333214,0
70,4,5,246824,13,2686.110992,4029.166547,0
70,5,4,246824,13,4029.166547,2686.110992,0
70,4,21,246824,23,2686.110992,5372.222103,0
70,21,4,246824,23,5372.222103,2686.110992,0
70,4,28,246824,39,2686.110992,8058.333214,0
70,28,4,246824,39,8058.333214,2686.110992,0
70,5,6,246824,12,4029.166547,5372.222103,0
70,6,5,246824,12,5372.222103,4029.166547,0
70,5,7,246824,11,4029.166547,2302.380833,0
70,7,5,246824,11,2302.380833,4029.166547,0
70,5,22,246824,37,4029.166547,8058.333214,0
70,22,5,246824,37,8058.333214,4029.166547,0
70,6,7,246824,11,5372.222103,2302.380833,0
70,7,6,246824,11,2302.380833,5372.222103,0
70,6,15,246824,29,5372.222103,8058.333214,0
70,15,6,246824,29,8058.333214,5372.222103,0
70,7,8,246824,10,2302.380833,3223.333214,0
70,8,7,246824,10,3223.333214,2302.380833,0
70,7,12,246824,8,2302.380833,4029.166547,0
70,12,7,246824,8,4029.166547,2302.380833,0
70,7,18,246824,22,2302.380833,8058.333214,0
70,18,7,246824,22,8058.333214,2302.380833,0
70,7,25,246824,29,2302.380833,5372.222103,0
70,25,7,246824,29,5372.222103,2302.380833,0
70,7,29,246824,27,2302.380833,8058.333214,0
70,29,7,246824,27,8058.333214,2302.380833,0
70,8,11,246824,8,3223.333214,3223.333214,0
70,11,8,246824,8,3223.333214,3223.333214,0
70,8,18,246824,21,3223.333214,8058.333214,0
70,18,8,246824,21,8058.333214,3223.333214,0
70,8,23,246824,34,3223.333214,8058.333214,0
70,23,8,246824,34,8058.333214,3223.333214,0
70,8,26,246824,26,3223.333214,8058.333214,0
70,26,8,246824,26,8058.333214,3223.333214,0
70,9,12,246824,9,8058.333214,4029.166547,0
70,12,9,246824,9,4029.166547,8058.333214,0
70,9,14,246824,10,8058.333214,3223.333214,0
70,14,9,246824,10,3223.333214,8058.333214,0
70,10,11,246824,10,8058.333214,3223.333214,0
70,11,10,246824,10,3223.333214,8058.333214,0
70,10,13,246824,11,8058.333214,2686.110992,0
70,13,10,246824,11,2686.110992,8058.333214,0
70,11,12,246824,7,3223.333214,4029.166547,0
70,12,11,246824,7,4029.166547,3223.333214,0
70,11,14,246824,8,3223.333214,3223.333214,0
70,14,11,246824,8,3223.333214,3223.333214,0
70,11,21,246824,21,3223.333214,5372.222103,0
70,21,11,246824,21,5372.222103,3223.333214,0
70,12,13,246824,7,4029.166547,2686.110992,0
70,13,12,246824,7,2686.110992,4029.166547,0
70,13,14,246824,9,2686.110992,3223.333214,0
70,14,13,246824,9,3223.333214,2686.110992,0
70,13,15,246824,28,2686.110992,8058.333214,0
70,15,13,246824,28,8058.333214,2686.110992,0
70,13,16,246824,35,2686.110992,8058.333214,0
70,16,13,246824,35,8058.333214,2686.110992,0
70,13,27,246824,24,2686.110992,8058.333214,0
70,27,13,246824,24,8058.333214,2686.110992,0
70,14,16,246824,35,3223.333214,8058.333214,0
70,16,14,246824,35,8058.333214,3223.333214,0
70,14,17,246824,23,3223.333214,4029.166547,0
70,17,14,246824,23,4029.166547,3223.333214,0
70,17,19,246824,28,4029.166547,5372.222103,0
70,19,17,246824,28,5372.222103,4029.166547,0
70,17,20,246824,42,4029.166547,8058.333214,0
70,20,17,246824,42,8058.333214,4029.166547,0
70,17,23,246824,36,4029.166547,8058.333214,0
70,23,17,246824,36,8058.333214,4029.166547,0
70,19,20,246824,45,5372.222103,8058.333214,0
70,20,19,246824,45,8058.333214,5372.222103,0
70,19,21,246824,28,5372.222103,5372.222103,0
70,21,19,246824,28,5372.222103,5372.222103,0
70,25,26,246824,37,5372.222103,8058.333214,0
70,26,25,246824,37,8058.333214,5372.222103,0
71,0,1,246824,8,5372.222103,3223.333214,0
71,1,0,246824,8,3223.333214,5372.222103,0
71,0,3,246824,7,5372.222103,3223.333214,0
71,3,0,246824,7,3223.333214,5372.222103,0
71,0,25,246824,27,5372.222103,8058.333214,0
71,25,0,246824,27,8058.333214,5372.222103,0
71,1,4,246824,11,3223.333214,3223.333214,0
71,4,1,246824,11,3223.333214,3223.333214,0
71,1,22,246824,35,3223.333214,8058.333214,0
71,22,1,246824,35,8058.333214,3223.333214,0
71,1,24,246824,37,3223.333214,8058.333214,0
71,24,1,246824,37,8058.333214,3223.333214,0
71,1,28,246824,38,3223.333214,8058.333214,0
71,28,1,246824,38,8058.333214,3223.333214,0
71,2,3,246824,12,5372.222103,3223.333214,0
71,3,2,246824,12,3223.333214,5372.222103,0
71,2,12,246824,11,5372.222103,3223.333214,0
71,12,2,246824,11,3223.333214,5372.222103,0
71,2,29,246824,27,5372.222103,5372.222103,0
71,29,2,246824,27,5372.222103,5372.222103,0
71,3,4,246824,11,3223.333214,3223.333214,0
71,4,3,246824,11,3223.333214,3223.333214,0
71,3,24,246824,37,3223.333214,8058.333214,0
71,24,3,246824,37,8058.333214,3223.333214,0
71,3,27,246824,24,3223.333214,8058.333214,0
71,27,3,246824,24,8058.333214,3223.333214,0
71,4,5,246824,13,3223.333214,4029.166547,0
71,5,4,246824,13,4029.166547,3223.333214,0
71,4,21,246824,23,3223.333214,4029.166547,0
71,21,4,246824,23,4029.166547,3223.333214,0
71,4,28,246824,39,3223.333214,8058.333214,0
71,28,4,246824,39,8058.333214,3223.333214,0
71,5,6,246824,12,4029.166547,5372.222103,0
71,6,5,246824,12,5372.222103,4029.166547,0
71,5,7,246824,11,4029.166547,2014.583214,0
71,7,5,246824,11,2014.583214,4029.166547,0
71,5,22,246824,37,4029.166547,8058.333214,0
71,22,5,246824,37,8058.333214,4029.166547,0
71,6,7,246824,11,5372.222103,2014.583214,0
71,7,6,246824,11,2014.583214,5372.222103,0
71,6,15,246824,29,5372.222103,8058.333214,0
71,15,6,246824,29,8058.333214,5372.222103,0
71,7,8,246824,10,2014.583214,3223.333214,0
71,8,7,246824,10,3223.333214,2014.583214,0
71,7,9,246824,11,2014.583214,5372.222103,0
71,9,7,246824,11,5372.222103,2014.583214,0
71,7,12,246824,8,2014.583214,3223.333214,0
71,12,7,246824,8,3223.333214,2014.583214,0
71,7,18,246824,22,2014.583214,8058.333214,0
71,18,7,246824,22,8058.333214,2014.583214,0
71,7,25,246824,29,2014.583214,8058.333214,0
71,25,7,246824,29,8058.333214,2014.583214,0
71,7,29,246824,27,2014.583214,5372.222103,0
71,29,7,246824,27,5372.222103,2014.583214,0
71,8,11,246824,8,3223.333214,2686.110992,0
71,11,8,246824,8,2686.110992,3223.333214,0
71,8,18,246824,21,3223.333214,8058.333214,0
71,18,8,246824,21,8058.333214,3223.333214,0
71,8,23,246824,34,3223.333214,8058.333214,0
71,23,8,246824,34,8058.333214,3223.333214,0
71,8,26,246824,26,3223.333214,8058.333214,0
71,26,8,246824,26,8058.333214,3223.333214,0
71,9,12,246824,9,5372.222103,3223.333214,0
71,12,9,246824,9,3223.333214,5372.222103,0
71,9,14,246824,10,5372.222103,3223.333214,0
71,14,9,246824,10,3223.333214,5372.222103,0
71,10,11,246824,10,8058.333214,2686.110992,0
71,11,10,246824,10,2686.110992,8058.333214,0
71,10,13,246824,11,8058.333214,2302.380833,0
71,13,10,246824,11,2302.380833,8058.333214,0
71,11,12,246824,7,2686.110992,3223.333214,0
71,12,11,246824,7,3223.333214,2686.110992,0
71,11,13,246824,8,2686.110992,2302.380833,0
71,13,11,246824,8,2302.380833,2686.110992,0
71,11,14,246824,8,2686.110992,3223.333214,0
71,14,11,246824,8,3223.333214,2686.110992,0
71,11,21,246824,21,2686.110992,4029.166547,0
71,21,11,246824,21,4029.166547,2686.110992,0
71,12,13,246824,7,3223.333214,2302.380833,0
71,13,12,246824,7,2302.380833,3223.333214,0
71,13,14,246824,9,2302.380833,3223.333214,0
71,14,13,246824,9,3223.333214,2302.380833,0
71,13,15,246824,28,2302.380833,8058.333214,0
71,15,13,246824,28,8058.333214,2302.380833,0
71,13,16,246824,35,2302.380833,8058.333214,0
71,16,13,246824,35,8058.333214,2302.380833,0
71,13,27,246824,24,2302.380833,8058.333214,0
71,27,13,246824,24,8058.333214,2302.380833,0
71,14,16,246824,35,3223.333214,8058.333214,0
71,16,14,246824,35,8058.333214,3223.333214,0
71,14,17,246824,23,3223.333214,5372.222103,0
71,17,14,246824,23,5372.222103,3223.333214,0
71,17,19,246824,28,5372.222103,5372.222103,0
71,19,17,246824,28,5372.222103,5372.222103,0
71,17,23,246824,36,5372.222103,8058.333214,0
71,23,17,246824,36,8058.333214,5372.222103,0
71,19,20,246824,45,5372.222103,8058.333214,0
71,20,19,246824,45,8058.333214,5372.222103,0
71,19,21,246824,28,5372.222103,4029.166547,0
71,21,19,246824,28,4029.166547,5372.222103,0
71,20,21,246824,42,8058.333214,4029.166547,0
71,21,20,246824,42,4029.166547,8058.333214,0
71,26,29,246824,35,8058.333214,5372.222103,0
71,29,26,246824,35,5372.222103,8058.333214,0
72,0,1,246824,8,5372.222103,3223.333214,0
72,1,0,246824,8,3223.333214,5372.222103,0
72,0,3,246824,7,5372.222103,4029.166547,0
72,3,0,246824,7,4029.166547,5372.222103,0
72,0,25,246824,27,5372.222103,8058.333214,0
72,25,0,246824,27,8058.333214,5372.222103,0
72,1,4,246824,11,3223.333214,2302.380833,0
72,4,1,246824,11,2302.380833,3223.333214,0
72,1,22,246824,35,3223.333214,8058.333214,0
72,22,1,246824,35,8058.333214,3223.333214,0
72,1,24,246824,37,3223.333214,8058.333214,0
72,24,1,246824,37,8058.333214,3223.333214,0
72,1,28,246824,38,3223.333214,8058.333214,0
72,28,1,246824,38,8058.333214,3223.333214,0
72,2,4,246824,13,5372.222103,2302.380833,0
72,4,2,246824,13,2302.380833,5372.222103,0
72,2,12,246824,11,5372.222103,3223.333214,0
72,12,2,246824,11,3223.333214,5372.222103,0
72,2,29,246824,27,5372.222103,5372.222103,0
72,29,2,246824,27,5372.222103,5372.222103,0
72,3,4,246824,11,4029.166547,2302.380833,0
72,4,3,246824,11,2302.380833,4029.166547,0
72,3,24,246824,37,4029.166547,8058.333214,0
72,24,3,246824,37,8058.333214,4029.166547,0
72,3,27,246824,24,4029.166547,8058.333214,0
72,27,3,246824,24,8058.333214,4029.166547,0
72,4,5,246824,13,2302.380833,4029.166547,0
72,5,4,246824,13,4029.166547,2302.380833,0
72,4,7,246824,12,2302.380833,2014.583214,0
72,7,4,246824,12,2014.583214,2302.380833,0
72,4,21,246824,23,2302.380833,8058.333214,0
72,21,4,246824,23,8058.333214,2302.380833,0
72,4,28,246824,39,2302.380833,8058.333214,0
72,28,4,246824,39,8058.333214,2302.380833,0
72,5,6,246824,12,4029.166547,5372.222103,0
72,6,5,246824,12,5372.222103,4029.166547,0
72,5,7,246824,11,4029.166547,2014.583214,0
72,7,5,246824,11,2014.583214,4029.166547,0
72,5,22,246824,37,4029.166547,8058.333214,0
72,22,5,246824,37,8058.333214,4029.166547,0
72,6,7,246824,11,5372.222103,2014.583214,0
72,7,6,246824,11,2014.583214,5372.222103,0
72,6,15,246824,29,5372.222103,8058.333214,0
72,15,6,246824,29,8058.333214,5372.222103,0
72,7,8,246824,10,2014.583214,2686.110992,0
72,8,7,246824,10,2686.110992,2014.583214,0
72,7,12,246824,8,2014.583214,3223.333214,0
72,12,7,246824,8,3223.333214,2014.583214,0
72,7,18,246824,22,2014.583214,4029.166547,0
72,18,7,246824,22,4029.166547,2014.583214,0
72,7,25,246824,29,2014.583214,8058.333214,0
72,25,7,246824,29,8058.333214,2014.583214,0
72,7,29,246824,27,2014.583214,5372.222103,0
72,29,7,246824,27,5372.222103,2014.583214,0
72,8,9,246824,10,2686.110992,4029.166547,0
72,9,8,246824,10,4029.166547,2686.110992,0
72,8,10,246824,11,2686.110992,8058.333214,0
72,10,8,246824,11,8058.333214,2686.110992,0
72,8,18,246824,21,2686.110992,4029.166547,0
72,18,8,246824,21,4029.166547,2686.110992,0
72,8,23,246824,34,2686.110992,8058.333214,0
72,23,8,246824,34,8058.333214,2686.110992,0
72,8,26,246824,26,2686.110992,8058.333214,0
72,26,8,246824,26,8058.333214,2686.110992,0
72,9,11,246824,9,4029.166547,4029.166547,0
72,11,9,246824,9,4029.166547,4029.166547,0
72,9,12,246824,9,4029.166547,3223.333214,0
72,12,9,246824,9,3223.333214,4029.166547,0
72,9,14,246824,10,4029.166547,4029.166547,0
72,14,9,246824,10,4029.166547,4029.166547,0
72,10,13,246824,11,8058.333214,2302.380833,0
72,13,10,246824,11,2302.380833,8058.333214,0
72,11,12,246824,7,4029.166547,3223.333214,0
72,12,11,246824,7,3223.333214,4029.166547,0
72,11,13,246824,8,4029.166547,2302.380833,0
72,13,11,246824,8,2302.380833,4029.166547,0
72,11,21,246824,21,4029.166547,8058.333214,0
72,21,11,246824,21,8058.333214,4029.166547,0
72,12,13,246824,7,3223.333214,2302.380833,0
72,13,12,246824,7,2302.380833,3223.333214,0
72,13,14,246824,9,2302.380833,4029.166547,0
72,14,13,246824,9,4029.166547,2302.380833,0
72,13,15,246824,28,2302.380833,8058.333214,0
72,15,13,246824,28,8058.333214,2302.380833,0
72,13,16,246824,35,2302.380833,8058.333214,0
72,16,13,246824,35,8058.333214,2302.380833,0
72,13,27,246824,24,2302.380833,8058.333214,0
72,27,13,246824,24,8058.333214,2302.380833,0
72,14,16,246824,35,4029.166547,8058.333214,0
72,16,14,246824,35,8058.333214,4029.166547,0
72,14,17,246824,23,4029.166547,3223.333214,0
72,17,14,246824,23,3223.333214,4029.166547,0
72,17,18,246824,27,3223.333214,4029.166547,0
72,18,17,246824,27,4029.166547,3223.333214,0
72,17,19,246824,28,3223.333214,5372.222103,0
72,19,17,246824,28,5372.222103,3223.333214,0
72,17,20,246824,42,3223.333214,8058.333214,0
72,20,17,246824,42,8058.333214,3223.333214,0
72,17,23,246824,36,3223.333214,8058.333214,0
72,23,17,246824,36,8058.333214,3223.333214,0
72,18,19,246824,30,4029.166547,5372.222103,0
72,19,18,246824,30,5372.222103,4029.166547,0
72,19,20,246824,45,5372.222103,8058.333214,0
72,20,19,246824,45,8058.333214,5372.222103,0
72,26,29,246824,35,8058.333214,5372.222103,0
72,29,26,246824,35,5372.222103,8058.333214,0
73,0,1,246824,8,5363.888770,3218.333214,0
73,1,0,246824,8,3218.333214,5363.888770,0
73,0,3,246824,7,5363.888770,3218.333214,0
73,3,0,246824,7,3218.333214,5363.888770,0
73,0,25,246824,27,5363.888770,8045.833214,0
73,25,0,246824,27,8045.833214,5363.888770,0
73,1,4,246824,11,3218.333214,2681.944325,0
73,4,1,246824,11,2681.944325,3218.333214,0
73,1,22,246824,35,3218.333214,8045.833214,0
73,22,1,246824,35,8045.833214,3218.333214,0
73,1,24,246824,37,3218.333214,8045.833214,0
73,24,1,246824,37,8045.833214,3218.333214,0
73,1,28,246824,38,3218.333214,8045.833214,0
73,28,1,246824,38,8045.833214,3218.333214,0
73,2,3,246824,12,5363.888770,3218.333214,0
73,3,2,246824,12,3218.333214,5363.888770,0
73,2,4,246824,13,5363.888770,2681.944325,0
73,4,2,246824,13,2681.944325,5363.888770,0
73,2,29,246824,27,5363.888770,5363.888770,0
73,29,2,246824,27,5363.888770,5363.888770,0
73,3,4,246824,11,3218.333214,2681.944325,0
73,4,3,246824,11,2681.944325,3218.333214,0
73,3,24,246824,37,3218.333214,8045.833214,0
73,24,3,246824,37,8045.833214,3218.333214,0
73,3,27,246824,24,3218.333214,8045.833214,0
73,27,3,246824,24,8045.833214,3218.333214,0
73,4,5,246824,13,2681.944325,5363.888770,0
73,5,4,246824,13,5363.888770,2681.944325,0
73,4,21,246824,23,2681.944325,5363.888770,0
73,21,4,246824,23,5363.888770,2681.944325,0
73,4,28,246824,39,2681.944325,8045.833214,0
73,28,4,246824,39,8045.833214,2681.944325,0
73,5,6,246824,12,5363.888770,5363.888770,0
73,6,5,246824,12,5363.888770,5363.888770,0
73,5,22,246824,37,5363.888770,8045.833214,0
73,22,5,246824,37,8045.833214,5363.888770,0
73,6,9,246824,11,5363.888770,2681.944325,0
73,9,6,246824,11,2681.944325,5363.888770,0
73,6,15,246824,29,5363.888770,8045.833214,0
73,15,6,246824,29,8045.833214,5363.888770,0
73,7,8,246824,10,3218.333214,2681.944325,0
73,8,7,246824,10,2681.944325,3218.333214,0
73,7,12,246824,8,3218.333214,4022.916548,0
73,12,7,246824,8,4022.916548,3218.333214,0
73,7,18,246824,22,3218.333214,4022.916548,0
73,18,7,246824,22,4022.916548,3218.333214,0
73,7,25,246824,29,3218.333214,8045.833214,0
73,25,7,246824,29,8045.833214,3218.333214,0
73,7,29,246824,27,3218.333214,5363.888770,0
73,29,7,246824,27,5363.888770,3218.333214,0
73,8,9,246824,10,2681.944325,2681.944325,0
73,9,8,246824,10,2681.944325,2681.944325,0
73,8,10,246824,11,2681.944325,8045.833214,0
73,10,8,246824,11,8045.833214,2681.944325,0
73,8,18,246824,21,2681.944325,4022.916548,0
73,18,8,246824,21,4022.916548,2681.944325,0
73,8,23,246824,34,2681.944325,8045.833214,0
73,23,8,246824,34,8045.833214,2681.944325,0
73,8,26,246824,26,2681.944325,8045.833214,0
73,26,8,246824,26,8045.833214,2681.944325,0
73,9,10,246824,12,2681.944325,8045.833214,0
73,10,9,246824,12,8045.833214,2681.944325,0
73,9,11,246824,9,2681.944325,4022.916548,0
73,11,9,246824,9,4022.916548,2681.944325,0
73,9,12,246824,9,2681.944325,4022.916548,0
73,12,9,246824,9,4022.916548,2681.944325,0
73,9,14,246824,10,2681.944325,3218.333214,0
73,14,9,246824,10,3218.333214,2681.944325,0
73,11,12,246824,7,4022.916548,4022.916548,0
73,12,11,246824,7,4022.916548,4022.916548,0
73,11,14,246824,8,4022.916548,3218.333214,0
73,14,11,246824,8,3218.333214,4022.916548,0
73,11,21,246824,21,4022.916548,5363.888770,0
73,21,11,246824,21,5363.888770,4022.916548,0
73,12,13,246824,7,4022.916548,3218.333214,0
73,13,12,246824,7,3218.333214,4022.916548,0
73,13,14,246824,9,3218.333214,3218.333214,0
73,14,13,246824,9,3218.333214,3218.333214,0
73,13,15,246824,28,3218.333214,8045.833214,0
73,15,13,246824,28,8045.833214,3218.333214,0
73,13,16,246824,35,3218.333214,8045.833214,0
73,16,13,246824,35,8045.833214,3218.333214,0
73,13,27,246824,24,3218.333214,8045.833214,0
73,27,13,246824,24,8045.833214,3218.333214,0
73,14,16,246824,35,3218.333214,8045.833214,0
73,16,14,246824,35,8045.833214,3218.333214,0
73,14,17,246824,23,3218.333214,3218.333214,0
73,17,14,246824,23,3218.333214,3218.333214,0
73,17,18,246824,27,3218.333214,4022.916548,0
73,18,17,246824,27,4022.916548,3218.333214,0
73,17,19,246824,28,3218.333214,8045.833214,0
73,19,17,246824,28,8045.833214,3218.333214,0
73,17,20,246824,42,3218.333214,8045.833214,0
73,20,17,246824,42,8045.833214,3218.333214,0
73,17,23,246824,36,3218.333214,8045.833214,0
73,23,17,246824,36,8045.833214,3218.333214,0
73,18,19,246824,30,4022.916548,8045.833214,0
73,19,18,246824,30,8045.833214,4022.916548,0
73,20,21,246824,42,8045.833214,5363.888770,0
73,21,20,246824,42,5363.888770,8045.833214,0
73,26,29,246824,35,8045.833214,5363.888770,0
73,29,26,246824,35,5363.888770,8045.833214,0
74,0,1,246824,8,4022.916548,3218.333214,0
74,1,0,246824,8,3218.333214,4022.916548,0
74,0,2,246824,11,4022.916548,5363.888770,0
74,2,0,246824,11,5363.888770,4022.916548,0
74,0,3,246824,7,4022.916548,4022.916548,0
74,3,0,246824,7,4022.916548,4022.916548,0
74,0,25,246824,27,4022.916548,8045.833214,0
74,25,0,246824,27,8045.833214,4022.916548,0
74,1,4,246824,11,3218.333214,2681.944325,0
74,4,1,246824,11,2681.944325,3218.333214,0
74,1,22,246824,35,3218.333214,8045.833214,0
74,22,1,246824,35,8045.833214,3218.333214,0
74,1,24,246824,37,3218.333214,8045.833214,0
74,24,1,246824,37,8045.833214,3218.333214,0
74,1,28,246824,38,3218.333214,8045.833214,0
74,28,1,246824,38,8045.833214,3218.333214,0
74,2,4,246824,13,5363.888770,2681.944325,0
74,4,2,246824,13,2681.944325,5363.888770,0
74,2,29,246824,27,5363.888770,5363.888770,0
74,29,2,246824,27,5363.888770,5363.888770,0
74,3,4,246824,11,4022.916548,2681.944325,0
74,4,3,246824,11,2681.944325,4022.916548,0
74,3,24,246824,37,4022.916548,8045.833214,0
74,24,3,246824,37,8045.833214,4022.916548,0
74,3,27,246824,24,4022.916548,8045.833214,0
74,27,3,246824,24,8045.833214,4022.916548,0
74,4,5,246824,13,2681.944325,5363.888770,0
74,5,4,246824,13,5363.888770,2681.944325,0
74,4,21,246824,23,2681.944325,4022.916548,0
74,21,4,246824,23,4022.916548,2681.944325,0
74,4,28,246824,39,2681.944325,8045.833214,0
74,28,4,246824,39,8045.833214,2681.944325,0
74,5,6,246824,12,5363.888770,5363.888770,0
74,6,5,246824,12,5363.888770,5363.888770,0
74,5,22,246824,37,5363.888770,8045.833214,0
74,22,5,246824,37,8045.833214,5363.888770,0
74,6,7,246824,11,5363.888770,2681.944325,0
74,7,6,246824,11,2681.944325,5363.888770,0
74,6,15,246824,29,5363.888770,8045.833214,0
74,15,6,246824,29,8045.833214,5363.888770,0
74,7,8,246824,10,2681.944325,2681.944325,0
74,8,7,246824,10,2681.944325,2681.944325,0
74,7,12,246824,8,2681.944325,4022.916548,0
74,12,7,246824,8,4022.916548,2681.944325,0
74,7,18,246824,22,2681.944325,5363.888770,0
74,18,7,246824,22,5363.888770,2681.944325,0
74,7,25,246824,29,2681.944325,8045.833214,0
74,25,7,246824,29,8045.833214,2681.944325,0
74,7,29,246824,27,2681.944325,5363.888770,0
74,29,7,246824,27,5363.888770,2681.944325,0
74,8,9,246824,10,2681.944325,3218.333214,0
74,9,8,246824,10,3218.333214,2681.944325,0
74,8,10,246824,11,2681.944325,8045.833214,0
74,10,8,246824,11,8045.833214,2681.944325,0
74,8,18,246824,21,2681.944325,5363.888770,0
74,18,8,246824,21,5363.888770,2681.944325,0
74,8,23,246824,34,2681.944325,8045.833214,0
74,23,8,246824,34,8045.833214,2681.944325,0
74,8,26,246824,26,2681.944325,8045.833214,0
74,26,8,246824,26,8045.833214,2681.944325,0
74,9,10,246824,12,3218.333214,8045.833214,0
74,10,9,246824,12,8045.833214,3218.333214,0
74,9,11,246824,9,3218.333214,4022.916548,0
74,11,9,246824,9,4022.916548,3218.333214,0
74,9,12,246824,9,3218.333214,4022.916548,0
74,12,9,246824,9,4022.916548,3218.333214,0
74,9,14,246824,10,3218.333214,3218.333214,0
74,14,9,246824,10,3218.333214,3218.333214,0
74,11,12,246824,7,4022.916548,4022.916548,0
74,12,11,246824,7,4022.916548,4022.916548,0
74,11,14,246824,8,4022.916548,3218.333214,0
74,14,11,246824,8,3218.333214,4022.916548,0
74,11,21,246824,21,4022.916548,4022.916548,0
74,21,11,246824,21,4022.916548,4022.916548,0
74,12,13,246824,7,4022.916548,3218.333214,0
74,13,12,246824,7,3218.333214,4022.916548,0
74,13,14,246824,9,3218.333214,3218.333214,0
74,14,13,246824,9,3218.333214,3218.333214,0
74,13,15,246824,28,3218.333214,8045.833214,0
74,15,13,246824,28,8045.833214,3218.333214,0
74,13,16,246824,35,3218.333214,8045.833214,0
74,16,13,246824,35,8045.833214,3218.333214,0
74,13,27,246824,24,3218.333214,8045.833214,0
74,27,13,246824,24,8045.833214,3218.333214,0
74,14,16,246824,35,3218.333214,8045.833214,0
74,16,14,246824,35,8045.833214,3218.333214,0
74,14,17,246824,23,3218.333214,3218.333214,0
74,17,14,246824,23,3218.333214,3218.333214,0
74,17,18,246824,27,3218.333214,5363.888770,0
74,18,17,246824,27,5363.888770,3218.333214,0
74,17,19,246824,28,3218.333214,8045.833214,0
74,19,17,246824,28,8045.833214,3218.333214,0
74,17,20,246824,42,3218.333214,8045.833214,0
74,20,17,246824,42,8045.833214,3218.333214,0
74,17,23,246824,36,3218.333214,8045.833214,0
74,23,17,246824,36,8045.833214,3218.333214,0
74,19,21,246824,28,8045.833214,4022.916548,0
74,21,19,246824,28,4022.916548,8045.833214,0
74,20,21,246824,42,8045.833214,4022.916548,0
74,21,20,246824,42,4022.916548,8045.833214,0
74,26,29,246824,35,8045.833214,5363.888770,0
74,29,26,246824,35,5363.888770,8045.833214,0
75,0,1,246824,8,4029.166547,3223.333214,0
75,1,0,246824,8,3223.333214,4029.166547,0
75,0,2,246824,11,4029.166547,5372.222103,0
75,2,0,246824,11,5372.222103,4029.166547,0
75,0,3,246824,7,4029.166547,3223.333214,0
75,3,0,246824,7,3223.333214,4029.166547,0
75,0,25,246824,27,4029.166547,8058.333214,0
75,25,0,246824,27,8058.333214,4029.166547,0
75,1,4,246824,11,3223.333214,3223.333214,0
75,4,1,246824,11,3223.333214,3223.333214,0
75,1,22,246824,35,3223.333214,8058.333214,0
75,22,1,246824,35,8058.333214,3223.333214,0
75,1,24,246824,37,3223.333214,8058.333214,0
75,24,1,246824,37,8058.333214,3223.333214,0
75,1,28,246824,38,3223.333214,8058.333214,0
75,28,1,246824,38,8058.333214,3223.333214,0
75,2,3,246824,12,5372.222103,3223.333214,0
75,3,2,246824,12,3223.333214,5372.222103,0
75,2,29,246824,27,5372.222103,5372.222103,0
75,29,2,246824,27,5372.222103,5372.222103,0
75,3,4,246824,11,3223.333214,3223.333214,0
75,4,3,246824,11,3223.333214,3223.333214,0
75,3,24,246824,37,3223.333214,8058.333214,0
75,24,3,246824,37,8058.333214,3223.333214,0
75,3,27,246824,24,3223.333214,8058.333214,0
75,27,3,246824,24,8058.333214,3223.333214,0
75,4,5,246824,13,3223.333214,4029.166547,0
75,5,4,246824,13,4029.166547,3223.333214,0
75,4,21,246824,23,3223.333214,8058.333214,0
75,21,4,246824,23,8058.333214,3223.333214,0
75,4,28,246824,39,3223.333214,8058.333214,0
75,28,4,246824,39,8058.333214,3223.333214,0
75,5,6,246824,12,4029.166547,5372.222103,0
75,6,5,246824,12,5372.222103,4029.166547,0
75,5,7,246824,11,4029.166547,2302.380833,0
75,7,5,246824,11,2302.380833,4029.166547,0
75,5,22,246824,37,4029.166547,8058.333214,0
75,22,5,246824,37,8058.333214,4029.166547,0
75,6,7,246824,11,5372.222103,2302.380833,0
75,7,6,246824,11,2302.380833,5372.222103,0
75,6,15,246824,29,5372.222103,8058.333214,0
75,15,6,246824,29,8058.333214,5372.222103,0
75,7,8,246824,10,2302.380833,2686.110992,0
75,8,7,246824,10,2686.110992,2302.380833,0
75,7,12,246824,8,2302.380833,4029.166547,0
75,12,7,246824,8,4029.166547,2302.380833,0
75,7,18,246824,22,2302.380833,5372.222103,0
75,18,7,246824,22,5372.222103,2302.380833,0
75,7,25,246824,29,2302.380833,8058.333214,0
75,25,7,246824,29,8058.333214,2302.380833,0
75,7,29,246824,27,2302.380833,5372.222103,0
75,29,7,246824,27,5372.222103,2302.380833,0
75,8,9,246824,10,2686.110992,5372.222103,0
75,9,8,246824,10,5372.222103,2686.110992,0
75,8,10,246824,11,2686.110992,8058.333214,0
75,10,8,246824,11,8058.333214,2686.110992,0
75,8,18,246824,21,2686.110992,5372.222103,0
75,18,8,246824,21,5372.222103,2686.110992,0
75,8,23,246824,34,2686.110992,8058.333214,0
75,23,8,246824,34,8058.333214,2686.110992,0
75,8,26,246824,26,2686.110992,8058.333214,0
75,26,8,246824,26,8058.333214,2686.110992,0
75,9,12,246824,9,5372.222103,4029.166547,0
75,12,9,246824,9,4029.166547,5372.222103,0
75,9,14,246824,10,5372.222103,3223.333214,0
75,14,9,246824,10,3223.333214,5372.222103,0
75,10,13,246824,11,8058.333214,2302.380833,0
75,13,10,246824,11,2302.380833,8058.333214,0
75,11,12,246824,7,4029.166547,4029.166547,0
75,12,11,246824,7,4029.166547,4029.166547,0
75,11,13,246824,8,4029.166547,2302.380833,0
75,13,11,246824,8,2302.380833,4029.166547,0
75,11,14,246824,8,4029.166547,3223.333214,0
75,14,11,246824,8,3223.333214,4029.166547,0
75,11,21,246824,21,4029.166547,8058.333214,0
75,21,11,246824,21,8058.333214,4029.166547,0
75,12,13,246824,7,4029.166547,2302.380833,0
75,13,12,246824,7,2302.380833,4029.166547,0
75,13,14,246824,9,2302.380833,3223.333214,0
75,14,13,246824,9,3223.333214,2302.380833,0
75,13,15,246824,28,2302.380833,8058.333214,0
75,15,13,246824,28,8058.333214,2302.380833,0
75,13,16,246824,35,2302.380833,8058.333214,0
75,16,13,246824,35,8058.333214,2302.380833,0
75,13,27,246824,24,2302.380833,8058.333214,0
75,27,13,246824,24,8058.333214,2302.380833,0
75,14,16,246824,35,3223.333214,8058.333214,0
75,16,14,246824,35,8058.333214,3223.333214,0
75,14,17,246824,23,3223.333214,4029.166547,0
75,17,14,246824,23,4029.166547,3223.333214,0
75,17,19,246824,28,4029.166547,5372.222103,0
75,19,17,246824,28,5372.222103,4029.166547,0
75,17,20,246824,42,4029.166547,8058.333214,0
75,20,17,246824,42,8058.333214,4029.166547,0
75,17,23,246824,36,4029.166547,8058.333214,0
75,23,17,246824,36,8058.333214,4029.166547,0
75,18,19,246824,30,5372.222103,5372.222103,0
75,19,18,246824,30,5372.222103,5372.222103,0
75,19,20,246824,45,5372.222103,8058.333214,0
75,20,19,246824,45,8058.333214,5372.222103,0
75,26,29,246824,35,8058.333214,5372.222103,0
75,29,26,246824,35,5372.222103,8058.333214,0
76,0,1,246824,8,4022.916548,3218.333214,0
76,1,0,246824,8,3218.333214,4022.916548,0
76,0,2,246824,11,4022.916548,5363.888770,0
76,2,0,246824,11,5363.888770,4022.916548,0
76,0,3,246824,7,4022.916548,3218.333214,0
76,3,0,246824,7,3218.333214,4022.916548,0
76,0,25,246824,27,4022.916548,8045.833214,0
76,25,0,246824,27,8045.833214,4022.916548,0
76,1,4,246824,11,3218.333214,3218.333214,0
76,4,1,246824,11,3218.333214,3218.333214,0
76,1,22,246824,35,3218.333214,8045.833214,0
76,22,1,246824,35,8045.833214,3218.333214,0
76,1,24,246824,37,3218.333214,8045.833214,0
76,24,1,246824,37,8045.833214,3218.333214,0
76,1,28,246824,38,3218.333214,8045.833214,0
76,28,1,246824,38,8045.833214,3218.333214,0
76,2,3,246824,12,5363.888770,3218.333214,0
76,3,2,246824,12,3218.333214,5363.888770,0
76,2,29,246824,27,5363.888770,5363.888770,0
76,29,2,246824,27,5363.888770,5363.888770,0
76,3,4,246824,11,3218.333214,3218.333214,0
76,4,3,246824,11,3218.333214,3218.333214,0
76,3,24,246824,37,3218.333214,8045.833214,0
76,24,3,246824,37,8045.833214,3218.333214,0
76,3,27,246824,24,3218.333214,8045.833214,0
76,27,3,246824,24,8045.833214,3218.333214,0
76,4,5,246824,13,3218.333214,4022.916548,0
76,5,4,246824,13,4022.916548,3218.333214,0
76,4,21,246824,23,3218.333214,4022.916548,0
76,21,4,246824,23,4022.916548,3218.333214,0
76,4,28,246824,39,3218.333214,8045.833214,0
76,28,4,246824,39,8045.833214,3218.333214,0
76,5,6,246824,12,4022.916548,5363.888770,0
76,6,5,246824,12,5363.888770,4022.916548,0
76,5,7,246824,11,4022.916548,2298.809405,0
76,7,5,246824,11,2298.809405,4022.916548,0
76,5,22,246824,37,4022.916548,8045.833214,0
76,22,5,246824,37,8045.833214,4022.916548,0
76,6,7,246824,11,5363.888770,2298.809405,0
76,7,6,246824,11,2298.809405,5363.888770,0
76,6,15,246824,29,5363.888770,8045.833214,0
76,15,6,246824,29,8045.833214,5363.888770,0
76,7,8,246824,10,2298.809405,2681.944325,0
76,8,7,246824,10,2681.944325,2298.809405,0
76,7,12,246824,8,2298.809405,4022.916548,0
76,12,7,246824,8,4022.916548,2298.809405,0
76,7,18,246824,22,2298.809405,8045.833214,0
76,18,7,246824,22,8045.833214,2298.809405,0
76,7,25,246824,29,2298.809405,8045.833214,0
76,25,7,246824,29,8045.833214,2298.809405,0
76,7,29,246824,27,2298.809405,5363.888770,0
76,29,7,246824,27,5363.888770,2298.809405,0
76,8,9,246824,10,2681.944325,5363.888770,0
76,9,8,246824,10,5363.888770,2681.944325,0
76,8,10,246824,11,2681.944325,8045.833214,0
76,10,8,246824,11,8045.833214,2681.944325,0
76,8,18,246824,21,2681.944325,8045.833214,0
76,18,8,246824,21,8045.833214,2681.944325,0
76,8,23,246824,34,2681.944325,8045.833214,0
76,23,8,246824,34,8045.833214,2681.944325,0
76,8,26,246824,26,2681.944325,8045.833214,0
76,26,8,246824,26,8045.833214,2681.944325,0
76,9,11,246824,9,5363.888770,3218.333214,0
76,11,9,246824,9,3218.333214,5363.888770,0
76,9,12,246824,9,5363.888770,4022.916548,0
76,12,9,246824,9,4022.916548,5363.888770,0
76,10,13,246824,11,8045.833214,2298.809405,0
76,13,10,246824,11,2298.809405,8045.833214,0
76,11,12,246824,7,3218.333214,4022.916548,0
76,12,11,246824,7,4022.916548,3218.333214,0
76,11,13,246824,8,3218.333214,2298.809405,0
76,13,11,246824,8,2298.809405,3218.333214,0
76,11,14,246824,8,3218.333214,4022.916548,0
76,14,11,246824,8,4022.916548,3218.333214,0
76,11,21,246824,21,3218.333214,4022.916548,0
76,21,11,246824,21,4022.916548,3218.333214,0
76,12,13,246824,7,4022.916548,2298.809405,0
76,13,12,246824,7,2298.809405,4022.916548,0
76,13,14,246824,9,2298.809405,4022.916548,0
76,14,13,246824,9,4022.916548,2298.809405,0
76,13,15,246824,28,2298.809405,8045.833214,0
76,15,13,246824,28,8045.833214,2298.809405,0
76,13,16,246824,35,2298.809405,8045.833214,0
76,16,13,246824,35,8045.833214,2298.809405,0
76,13,27,246824,24,2298.809405,8045.833214,0
76,27,13,246824,24,8045.833214,2298.809405,0
76,14,16,246824,35,4022.916548,8045.833214,0
76,16,14,246824,35,8045.833214,4022.916548,0
76,14,17,246824,23,4022.916548,4022.916548,0
76,17,14,246824,23,4022.916548,4022.916548,0
76,17,19,246824,28,4022.916548,8045.833214,0
76,19,17,246824,28,8045.833214,4022.916548,0
76,17,20,246824,42,4022.916548,8045.833214,0
76,20,17,246824,42,8045.833214,4022.916548,0
76,17,23,246824,36,4022.916548,8045.833214,0
76,23,17,246824,36,8045.833214,4022.916548,0
76,19,21,246824,28,8045.833214,4022.916548,0
76,21,19,246824,28,4022.916548,8045.833214,0
76,20,21,246824,42,8045.833214,4022.916548,0
76,21,20,246824,42,4022.916548,8045.833214,0
76,26,29,246824,35,8045.833214,5363.888770,0
76,29,26,246824,35,5363.888770,8045.833214,0
77,0,1,246824,8,4029.166547,3223.333214,0
77,1,0,246824,8,3223.333214,4029.166547,0
77,0,2,246824,11,4029.166547,5372.222103,0
77,2,0,246824,11,5372.222103,4029.166547,0
77,0,3,246824,7,4029.166547,4029.166547,0
77,3,0,246824,7,4029.166547,4029.166547,0
77,0,25,246824,27,4029.166547,8058.333214,0
77,25,0,246824,27,8058.333214,4029.166547,0
77,1,4,246824,11,3223.333214,2686.110992,0
77,4,1,246824,11,2686.110992,3223.333214,0
77,1,22,246824,35,3223.333214,8058.333214,0
77,22,1,246824,35,8058.333214,3223.333214,0
77,1,24,246824,37,3223.333214,8058.333214,0
77,24,1,246824,37,8058.333214,3223.333214,0
77,1,28,246824,38,3223.333214,8058.333214,0
77,28,1,246824,38,8058.333214,3223.333214,0
77,2,4,246824,13,5372.222103,2686.110992,0
77,4,2,246824,13,2686.110992,5372.222103,0
77,2,29,246824,27,5372.222103,5372.222103,0
77,29,2,246824,27,5372.222103,5372.222103,0
77,3,4,246824,11,4029.166547,2686.110992,0
77,4,3,246824,11,2686.110992,4029.166547,0
77,3,24,246824,37,4029.166547,8058.333214,0
77,24,3,246824,37,8058.333214,4029.166547,0
77,3,27,246824,24,4029.166547,8058.333214,0
77,27,3,246824,24,8058.333214,4029.166547,0
77,4,5,246824,13,2686.110992,5372.222103,0
77,5,4,246824,13,5372.222103,2686.110992,0
77,4,21,246824,23,2686.110992,8058.333214,0
77,21,4,246824,23,8058.333214,2686.110992,0
77,4,28,246824,39,2686.110992,8058.333214,0
77,28,4,246824,39,8058.333214,2686.110992,0
77,5,6,246824,12,5372.222103,5372.222103,0
77,6,5,246824,12,5372.222103,5372.222103,0
77,5,22,246824,37,5372.222103,8058.333214,0
77,22,5,246824,37,8058.333214,5372.222103,0
77,6,7,246824,11,5372.222103,2686.110992,0
77,7,6,246824,11,2686.110992,5372.222103,0
77,6,15,246824,29,5372.222103,8058.333214,0
77,15,6,246824,29,8058.333214,5372.222103,0
77,7,8,246824,10,2686.110992,3223.333214,0
77,8,7,246824,10,3223.333214,2686.110992,0
77,7,12,246824,8,2686.110992,4029.166547,0
77,12,7,246824,8,4029.166547,2686.110992,0
77,7,18,246824,22,2686.110992,5372.222103,0
77,18,7,246824,22,5372.222103,2686.110992,0
77,7,25,246824,29,2686.110992,8058.333214,0
77,25,7,246824,29,8058.333214,2686.110992,0
77,7,29,246824,27,2686.110992,5372.222103,0
77,29,7,246824,27,5372.222103,2686.110992,0
77,8,10,246824,11,3223.333214,8058.333214,0
77,10,8,246824,11,8058.333214,3223.333214,0
77,8,18,246824,21,3223.333214,5372.222103,0
77,18,8,246824,21,5372.222103,3223.333214,0
77,8,23,246824,34,3223.333214,8058.333214,0
77,23,8,246824,34,8058.333214,3223.333214,0
77,8,26,246824,26,3223.333214,8058.333214,0
77,26,8,246824,26,8058.333214,3223.333214,0
77,9,11,246824,9,8058.333214,3223.333214,0
77,11,9,246824,9,3223.333214,8058.333214,0
77,9,12,246824,9,8058.333214,4029.166547,0
77,12,9,246824,9,4029.166547,8058.333214,0
77,10,13,246824,11,8058.333214,2302.380833,0
77,13,10,246824,11,2302.380833,8058.333214,0
77,11,12,246824,7,3223.333214,4029.166547,0
77,12,11,246824,7,4029.166547,3223.333214,0
77,11,13,246824,8,3223.333214,2302.380833,0
77,13,11,246824,8,2302.380833,3223.333214,0
77,11,14,246824,8,3223.333214,4029.166547,0
77,14,11,246824,8,4029.166547,3223.333214,0
77,11,21,246824,21,3223.333214,8058.333214,0
77,21,11,246824,21,8058.333214,3223.333214,0
77,12,13,246824,7,4029.166547,2302.380833,0
77,13,12,246824,7,2302.380833,4029.166547,0
77,13,14,246824,9,2302.380833,4029.166547,0
77,14,13,246824,9,4029.166547,2302.380833,0
77,13,15,246824,28,2302.380833,8058.333214,0
77,15,13,246824,28,8058.333214,2302.380833,0
77,13,16,246824,35,2302.380833,8058.333214,0
77,16,13,246824,35,8058.333214,2302.380833,0
77,13,27,246824,24,2302.380833,8058.333214,0
77,27,13,246824,24,8058.333214,2302.380833,0
77,14,16,246824,35,4029.166547,8058.333214,0
77,16,14,246824,35,8058.333214,4029.166547,0
77,14,17,246824,23,4029.166547,4029.166547,0
77,17,14,246824,23,4029.166547,4029.166547,0
77,17,19,246824,28,4029.166547,5372.222103,0
77,19,17,246824,28,5372.222103,4029.166547,0
77,17,20,246824,42,4029.166547,8058.333214,0
77,20,17,246824,42,8058.333214,4029.166547,0
77,17,23,246824,36,4029.166547,8058.333214,0
77,23,17,246824,36,8058.333214,4029.166547,0
77,18,19,246824,30,5372.222103,5372.222103,0
77,19,18,246824,30,5372.222103,5372.222103,0
77,19,20,246824,45,5372.222103,8058.333214,0
77,20,19,246824,45,8058.333214,5372.222103,0
77,26,29,246824,35,8058.333214,5372.222103,0
77,29,26,246824,35,5372.222103,8058.333214,0
78,0,1,246824,8,4022.916548,3218.333214,0
78,1,0,246824,8,3218.333214,4022.916548,0
78,0,2,246824,11,4022.916548,5363.888770,0
78,2,0,246824,11,5363.888770,4022.916548,0
78,0,3,246824,7,4022.916548,3218.333214,0
78,3,0,246824,7,3218.333214,4022.916548,0
78,0,25,246824,27,4022.916548,8045.833214,0
78,25,0,246824,27,8045.833214,4022.916548,0
78,1,4,246824,11,3218.333214,3218.333214,0
78,4,1,246824,11,3218.333214,3218.333214,0
78,1,22,246824,35,3218.333214,8045.833214,0
78,22,1,246824,35,8045.833214,3218.333214,0
78,1,24,246824,37,3218.333214,8045.833214,0
78,24,1,246824,37,8045.833214,3218.333214,0
78,1,28,246824,38,3218.333214,8045.833214,0
78,28,1,246824,38,8045.833214,3218.333214,0
78,2,3,246824,12,5363.888770,3218.333214,0
78,3,2,246824,12,3218.333214,5363.888770,0
78,2,29,246824,27,5363.888770,5363.888770,0
78,29,2,246824,27,5363.888770,5363.888770,0
78,3,4,246824,11,3218.333214,3218.333214,0
78,4,3,246824,11,3218.333214,3218.333214,0
78,3,24,246824,37,3218.333214,8045.833214,0
78,24,3,246824,37,8045.833214,3218.333214,0
78,3,27,246824,24,3218.333214,8045.833214,0
78,27,3,246824,24,8045.833214,3218.333214,0
78,4,5,246824,13,3218.333214,5363.888770,0
78,5,4,246824,13,5363.888770,3218.333214,0
78,4,21,246824,23,3218.333214,5363.888770,0
78,21,4,246824,23,5363.888770,3218.333214,0
78,4,28,246824,39,3218.333214,8045.833214,0
78,28,4,246824,39,8045.833214,3218.333214,0
78,5,6,246824,12,5363.888770,5363.888770,0
78,6,5,246824,12,5363.888770,5363.888770,0
78,5,22,246824,37,5363.888770,8045.833214,0
78,22,5,246824,37,8045.833214,5363.888770,0
78,6,7,246824,11,5363.888770,2681.944325,0
78,7,6,246824,11,2681.944325,5363.888770,0
78,6,15,246824,29,5363.888770,8045.833214,0
78,15,6,246824,29,8045.833214,5363.888770,0
78,7,8,246824,10,2681.944325,3218.333214,0
78,8,7,246824,10,3218.333214,2681.944325,0
78,7,12,246824,8,2681.944325,4022.916548,0
78,12,7,246824,8,4022.916548,2681.944325,0
78,7,18,246824,22,2681.944325,4022.916548,0
78,18,7,246824,22,4022.916548,2681.944325,0
78,7,25,246824,29,2681.944325,8045.833214,0
78,25,7,246824,29,8045.833214,2681.944325,0
78,7,29,246824,27,2681.944325,5363.888770,0
78,29,7,246824,27,5363.888770,2681.944325,0
78,8,10,246824,11,3218.333214,8045.833214,0
78,10,8,246824,11,8045.833214,3218.333214,0
78,8,18,246824,21,3218.333214,4022.916548,0
78,18,8,246824,21,4022.916548,3218.333214,0
78,8,23,246824,34,3218.333214,8045.833214,0
78,23,8,246824,34,8045.833214,3218.333214,0
78,8,26,246824,26,3218.333214,8045.833214,0
78,26,8,246824,26,8045.833214,3218.333214,0
78,9,11,246824,9,8045.833214,3218.333214,0
78,11,9,246824,9,3218.333214,8045.833214,0
78,9,12,246824,9,8045.833214,4022.916548,0
78,12,9,246824,9,4022.916548,8045.833214,0
78,10,11,246824,10,8045.833214,3218.333214,0
78,11,10,246824,10,3218.333214,8045.833214,0
78,11,12,246824,7,3218.333214,4022.916548,0
78,12,11,246824,7,4022.916548,3218.333214,0
78,11,14,246824,8,3218.333214,4022.916548,0
78,14,11,246824,8,4022.916548,3218.333214,0
78,11,21,246824,21,3218.333214,5363.888770,0
78,21,11,246824,21,5363.888770,3218.333214,0
78,12,13,246824,7,4022.916548,3218.333214,0
78,13,12,246824,7,3218.333214,4022.916548,0
78,13,14,246824,9,3218.333214,4022.916548,0
78,14,13,246824,9,4022.916548,3218.333214,0
78,13,15,246824,28,3218.333214,8045.833214,0
78,15,13,246824,28,8045.833214,3218.333214,0
78,13,16,246824,35,3218.333214,8045.833214,0
78,16,13,246824,35,8045.833214,3218.333214,0
78,13,27,246824,24,3218.333214,8045.833214,0
78,27,13,246824,24,8045.833214,3218.333214,0
78,14,16,246824,35,4022.916548,8045.833214,0
78,16,14,246824,35,8045.833214,4022.916548,0
78,14,17,246824,23,4022.916548,3218.333214,0
78,17,14,246824,23,3218.333214,4022.916548,0
78,17,18,246824,27,3218.333214,4022.916548,0
78,18,17,246824,27,4022.916548,3218.333214,0
78,17,19,246824,28,3218.333214,8045.833214,0
78,19,17,246824,28,8045.833214,3218.333214,0
78,17,20,246824,42,3218.333214,8045.833214,0
78,20,17,246824,42,8045.833214,3218.333214,0
78,17,23,246824,36,3218.333214,8045.833214,0
78,23,17,246824,36,8045.833214,3218.333214,0
78,18,19,246824,30,4022.916548,8045.833214,0
78,19,18,246824,30,8045.833214,4022.916548,0
78,20,21,246824,42,8045.833214,5363.888770,0
78,21,20,246824,42,5363.888770,8045.833214,0
78,26,29,246824,35,8045.833214,5363.888770,0
78,29,26,246824,35,5363.888770,8045.833214,0
79,0,1,246824,8,4029.166547,3223.333214,0
79,1,0,246824,8,3223.333214,4029.166547,0
79,0,2,246824,11,4029.166547,5372.222103,0
79,2,0,246824,11,5372.222103,4029.166547,0
79,0,3,246824,7,4029.166547,3223.333214,0
79,3,0,246824,7,3223.333214,4029.166547,0
79,0,25,246824,27,4029.166547,8058.333214,0
79,25,0,246824,27,8058.333214,4029.166547,0
79,1,4,246824,11,3223.333214,3223.333214,0
79,4,1,246824,11,3223.333214,3223.333214,0
79,1,22,246824,35,3223.333214,8058.333214,0
79,22,1,246824,35,8058.333214,3223.333214,0
79,1,24,246824,37,3223.333214,8058.333214,0
79,24,1,246824,37,8058.333214,3223.333214,0
79,1,28,246824,38,3223.333214,8058.333214,0
79,28,1,246824,38,8058.333214,3223.333214,0
79,2,3,246824,12,5372.222103,3223.333214,0
79,3,2,246824,12,3223.333214,5372.222103,0
79,2,29,246824,27,5372.222103,5372.222103,0
79,29,2,246824,27,5372.222103,5372.222103,0
79,3,4,246824,11,3223.333214,3223.333214,0
79,4,3,246824,11,3223.333214,3223.333214,0
79,3,24,246824,37,3223.333214,8058.333214,0
79,24,3,246824,37,8058.333214,3223.333214,0
79,3,27,246824,24,3223.333214,8058.333214,0
79,27,3,246824,24,8058.333214,3223.333214,0
79,4,5,246824,13,3223.333214,5372.222103,0
79,5,4,246824,13,5372.222103,3223.333214,0
79,4,21,246824,23,3223.333214,5372.222103,0
79,21,4,246824,23,5372.222103,3223.333214,0
79,4,28,246824,39,3223.333214,8058.333214,0
79,28,4,246824,39,8058.333214,3223.333214,0
79,5,6,246824,12,5372.222103,5372.222103,0
79,6,5,246824,12,5372.222103,5372.222103,0
79,5,22,246824,37,5372.222103,8058.333214,0
79,22,5,246824,37,8058.333214,5372.222103,0
79,6,9,246824,11,5372.222103,3223.333214,0
79,9,6,246824,11,3223.333214,5372.222103,0
79,6,15,246824,29,5372.222103,8058.333214,0
79,15,6,246824,29,8058.333214,5372.222103,0
79,7,8,246824,10,3223.333214,2686.110992,0
79,8,7,246824,10,2686.110992,3223.333214,0
79,7,12,246824,8,3223.333214,4029.166547,0
79,12,7,246824,8,4029.166547,3223.333214,0
79,7,18,246824,22,3223.333214,8058.333214,0
79,18,7,246824,22,8058.333214,3223.333214,0
79,7,25,246824,29,3223.333214,8058.333214,0
79,25,7,246824,29,8058.333214,3223.333214,0
79,7,29,246824,27,3223.333214,5372.222103,0
79,29,7,246824,27,5372.222103,3223.333214,0
79,8,9,246824,10,2686.110992,3223.333214,0
79,9,8,246824,10,3223.333214,2686.110992,0
79,8,10,246824,11,2686.110992,8058.333214,0
79,10,8,246824,11,8058.333214,2686.110992,0
79,8,18,246824,21,2686.110992,8058.333214,0
79,18,8,246824,21,8058.333214,2686.110992,0
79,8,23,246824,34,2686.110992,8058.333214,0
79,23,8,246824,34,8058.333214,2686.110992,0
79,8,26,246824,26,2686.110992,8058.333214,0
79,26,8,246824,26,8058.333214,2686.110992,0
79,9,10,246824,12,3223.333214,8058.333214,0
79,10,9,246824,12,8058.333214,3223.333214,0
79,9,12,246824,9,3223.333214,4029.166547,0
79,12,9,246824,9,4029.166547,3223.333214,0
79,9,14,246824,10,3223.333214,3223.333214,0
79,14,9,246824,10,3223.333214,3223.333214,0
79,11,12,246824,7,5372.222103,4029.166547,0
79,12,11,246824,7,4029.166547,5372.222103,0
79,11,14,246824,8,5372.222103,3223.333214,0
79,14,11,246824,8,3223.333214,5372.222103,0
79,11,21,246824,21,5372.222103,5372.222103,0
79,21,11,246824,21,5372.222103,5372.222103,0
79,12,13,246824,7,4029.166547,3223.333214,0
79,13,12,246824,7,3223.333214,4029.166547,0
79,13,14,246824,9,3223.333214,3223.333214,0
79,14,13,246824,9,3223.333214,3223.333214,0
79,13,15,246824,28,3223.333214,8058.333214,0
79,15,13,246824,28,8058.333214,3223.333214,0
79,13,16,246824,35,3223.333214,8058.333214,0
79,16,13,246824,35,8058.333214,3223.333214,0
79,13,27,246824,24,3223.333214,8058.333214,0
79,27,13,246824,24,8058.333214,3223.333214,0
79,14,16,246824,35,3223.333214,8058.333214,0
79,16,14,246824,35,8058.333214,3223.333214,0
79,14,17,246824,23,3223.333214,4029.166547,0
79,17,14,246824,23,4029.166547,3223.333214,0
79,17,19,246824,28,4029.166547,5372.222103,0
79,19,17,246824,28,5372.222103,4029.166547,0
79,17,20,246824,42,4029.166547,8058.333214,0
79,20,17,246824,42,8058.333214,4029.166547,0
79,17,23,246824,36,4029.166547,8058.333214,0
79,23,17,246824,36,8058.333214,4029.166547,0
79,19,20,246824,45,5372.222103,8058.333214,0
79,20,19,246824,45,8058.333214,5372.222103,0
79,19,21,246824,28,5372.222103,5372.222103,0
79,21,19,246824,28,5372.222103,5372.222103,0
79,26,29,246824,35,8058.333214,5372.222103,0
79,29,26,246824,35,5372.222103,8058.333214,0
80,0,1,246824,8,4029.166547,3223.333214,0
80,1,0,246824,8,3223.333214,4029.166547,0
80,0,2,246824,11,4029.166547,5372.222103,0
80,2,0,246824,11,5372.222103,4029.166547,0
80,0,3,246824,7,4029.166547,4029.166547,0
80,3,0,246824,7,4029.166547,4029.166547,0
80,0,25,246824,27,4029.166547,8058.333214,0
80,25,0,246824,27,8058.333214,4029.166547,0
80,1,4,246824,11,3223.333214,3223.333214,0
80,4,1,246824,11,3223.333214,3223.333214,0
80,1,22,246824,35,3223.333214,8058.333214,0
80,22,1,246824,35,8058.333214,3223.333214,0
80,1,24,246824,37,3223.333214,8058.333214,0
80,24,1,246824,37,8058.333214,3223.333214,0
80,1,28,246824,38,3223.333214,8058.333214,0
80,28,1,246824,38,8058.333214,3223.333214,0
80,2,12,246824,11,5372.222103,3223.333214,0
80,12,2,246824,11,3223.333214,5372.222103,0
80,2,29,246824,27,5372.222103,5372.222103,0
80,29,2,246824,27,5372.222103,5372.222103,0
80,3,4,246824,11,4029.166547,3223.333214,0
80,4,3,246824,11,3223.333214,4029.166547,0
80,3,24,246824,37,4029.166547,8058.333214,0
80,24,3,246824,37,8058.333214,4029.166547,0
80,3,27,246824,24,4029.166547,8058.333214,0
80,27,3,246824,24,8058.333214,4029.166547,0
80,4,5,246824,13,3223.333214,5372.222103,0
80,5,4,246824,13,5372.222103,3223.333214,0
80,4,21,246824,23,3223.333214,8058.333214,0
80,21,4,246824,23,8058.333214,3223.333214,0
80,4,28,246824,39,3223.333214,8058.333214,0
80,28,4,246824,39,8058.333214,3223.333214,0
80,5,6,246824,12,5372.222103,5372.222103,0
80,6,5,246824,12,5372.222103,5372.222103,0
80,5,22,246824,37,5372.222103,8058.333214,0
80,22,5,246824,37,8058.333214,5372.222103,0
80,6,7,246824,11,5372.222103,2686.110992,0
80,7,6,246824,11,2686.110992,5372.222103,0
80,6,15,246824,29,5372.222103,8058.333214,0
80,15,6,246824,29,8058.333214,5372.222103,0
80,7,8,246824,10,2686.110992,3223.333214,0
80,8,7,246824,10,3223.333214,2686.110992,0
80,7,12,246824,8,2686.110992,3223.333214,0
80,12,7,246824,8,3223.333214,2686.110992,0
80,7,18,246824,22,2686.110992,4029.166547,0
80,18,7,246824,22,4029.166547,2686.110992,0
80,7,25,246824,29,2686.110992,8058.333214,0
80,25,7,246824,29,8058.333214,2686.110992,0
80,7,29,246824,27,2686.110992,5372.222103,0
80,29,7,246824,27,5372.222103,2686.110992,0
80,8,10,246824,11,3223.333214,5372.222103,0
80,10,8,246824,11,5372.222103,3223.333214,0
80,8,18,246824,21,3223.333214,4029.166547,0
80,18,8,246824,21,4029.166547,3223.333214,0
80,8,23,246824,34,3223.333214,8058.333214,0
80,23,8,246824,34,8058.333214,3223.333214,0
80,8,26,246824,26,3223.333214,8058.333214,0
80,26,8,246824,26,8058.333214,3223.333214,0
80,9,12,246824,9,8058.333214,3223.333214,0
80,12,9,246824,9,3223.333214,8058.333214,0
80,9,14,246824,10,8058.333214,3223.333214,0
80,14,9,246824,10,3223.333214,8058.333214,0
80,10,11,246824,10,5372.222103,3223.333214,0
80,11,10,246824,10,3223.333214,5372.222103,0
80,10,13,246824,11,5372.222103,2302.380833,0
80,13,10,246824,11,2302.380833,5372.222103,0
80,11,12,246824,7,3223.333214,3223.333214,0
80,12,11,246824,7,3223.333214,3223.333214,0
80,11,13,246824,8,3223.333214,2302.380833,0
80,13,11,246824,8,2302.380833,3223.333214,0
80,11,14,246824,8,3223.333214,3223.333214,0
80,14,11,246824,8,3223.333214,3223.333214,0
80,11,21,246824,21,3223.333214,8058.333214,0
80,21,11,246824,21,8058.333214,3223.333214,0
80,12,13,246824,7,3223.333214,2302.380833,0
80,13,12,246824,7,2302.380833,3223.333214,0
80,13,14,246824,9,2302.380833,3223.333214,0
80,14,13,246824,9,3223.333214,2302.380833,0
80,13,15,246824,28,2302.380833,8058.333214,0
80,15,13,246824,28,8058.333214,2302.380833,0
80,13,16,246824,35,2302.380833,8058.333214,0
80,16,13,246824,35,8058.333214,2302.380833,0
80,13,27,246824,24,2302.380833,8058.333214,0
80,27,13,246824,24,8058.333214,2302.380833,0
80,14,16,246824,35,3223.333214,8058.333214,0
80,16,14,246824,35,8058.333214,3223.333214,0
80,14,17,246824,23,3223.333214,3223.333214,0
80,17,14,246824,23,3223.333214,3223.333214,0
80,17,18,246824,27,3223.333214,4029.166547,0
80,18,17,246824,27,4029.166547,3223.333214,0
80,17,19,246824,28,3223.333214,5372.222103,0
80,19,17,246824,28,5372.222103,3223.333214,0
80,17,20,246824,42,3223.333214,8058.333214,0
80,20,17,246824,42,8058.333214,3223.333214,0
80,17,23,246824,36,3223.333214,8058.333214,0
80,23,17,246824,36,8058.333214,3223.333214,0
80,18,19,246824,30,4029.166547,5372.222103,0
80,19,18,246824,30,5372.222103,4029.166547,0
80,19,20,246824,45,5372.222103,8058.333214,0
80,20,19,246824,45,8058.333214,5372.222103,0
80,26,29,246824,35,8058.333214,5372.222103,0
80,29,26,246824,35,5372.222103,8058.333214,0
81,0,1,246824,8,5372.222103,3223.333214,0
81,1,0,246824,8,3223.333214,5372.222103,0
81,0,3,246824,7,5372.222103,3223.333214,0
81,3,0,246824,7,3223.333214,5372.222103,0
81,0,25,246824,27,5372.222103,8058.333214,0
81,25,0,246824,27,8058.333214,5372.222103,0
81,1,4,246824,11,3223.333214,3223.333214,0
81,4,1,246824,11,3223.333214,3223.333214,0
81,1,22,246824,35,3223.333214,8058.333214,0
81,22,1,246824,35,8058.333214,3223.333214,0
81,1,24,246824,37,3223.333214,8058.333214,0
81,24,1,246824,37,8058.333214,3223.333214,0
81,1,28,246824,38,3223.333214,8058.333214,0
81,28,1,246824,38,8058.333214,3223.333214,0
81,2,3,246824,12,5372.222103,3223.333214,0
81,3,2,246824,12,3223.333214,5372.222103,0
81,2,12,246824,11,5372.222103,3223.333214,0
81,12,2,246824,11,3223.333214,5372.222103,0
81,2,29,246824,27,5372.222103,5372.222103,0
81,29,2,246824,27,5372.222103,5372.222103,0
81,3,4,246824,11,3223.333214,3223.333214,0
81,4,3,246824,11,3223.333214,3223.333214,0
81,3,24,246824,37,3223.333214,8058.333214,0
81,24,3,246824,37,8058.333214,3223.333214,0
81,3,27,246824,24,3223.333214,8058.333214,0
81,27,3,246824,24,8058.333214,3223.333214,0
81,4,5,246824,13,3223.333214,4029.166547,0
81,5,4,246824,13,4029.166547,3223.333214,0
81,4,21,246824,23,3223.333214,8058.333214,0
81,21,4,246824,23,8058.333214,3223.333214,0
81,4,28,246824,39,3223.333214,8058.333214,0
81,28,4,246824,39,8058.333214,3223.333214,0
81,5,6,246824,12,4029.166547,5372.222103,0
81,6,5,246824,12,5372.222103,4029.166547,0
81,5,7,246824,11,4029.166547,2302.380833,0
81,7,5,246824,11,2302.380833,4029.166547,0
81,5,22,246824,37,4029.166547,8058.333214,0
81,22,5,246824,37,8058.333214,4029.166547,0
81,6,7,246824,11,5372.222103,2302.380833,0
81,7,6,246824,11,2302.380833,5372.222103,0
81,6,15,246824,29,5372.222103,8058.333214,0
81,15,6,246824,29,8058.333214,5372.222103,0
81,7,8,246824,10,2302.380833,3223.333214,0
81,8,7,246824,10,3223.333214,2302.380833,0
81,7,12,246824,8,2302.380833,3223.333214,0
81,12,7,246824,8,3223.333214,2302.380833,0
81,7,18,246824,22,2302.380833,4029.166547,0
81,18,7,246824,22,4029.166547,2302.380833,0
81,7,25,246824,29,2302.380833,8058.333214,0
81,25,7,246824,29,8058.333214,2302.380833,0
81,7,29,246824,27,2302.380833,5372.222103,0
81,29,7,246824,27,5372.222103,2302.380833,0
81,8,10,246824,11,3223.333214,8058.333214,0
81,10,8,246824,11,8058.333214,3223.333214,0
81,8,18,246824,21,3223.333214,4029.166547,0
81,18,8,246824,21,4029.166547,3223.333214,0
81,8,23,246824,34,3223.333214,8058.333214,0
81,23,8,246824,34,8058.333214,3223.333214,0
81,8,26,246824,26,3223.333214,8058.333214,0
81,26,8,246824,26,8058.333214,3223.333214,0
81,9,11,246824,9,5372.222103,3223.333214,0
81,11,9,246824,9,3223.333214,5372.222103,0
81,9,12,246824,9,5372.222103,3223.333214,0
81,12,9,246824,9,3223.333214,5372.222103,0
81,9,14,246824,10,5372.222103,3223.333214,0
81,14,9,246824,10,3223.333214,5372.222103,0
81,10,11,246824,10,8058.333214,3223.333214,0
81,11,10,246824,10,3223.333214,8058.333214,0
81,11,12,246824,7,3223.333214,3223.333214,0
81,12,11,246824,7,3223.333214,3223.333214,0
81,11,14,246824,8,3223.333214,3223.333214,0
81,14,11,246824,8,3223.333214,3223.333214,0
81,11,21,246824,21,3223.333214,8058.333214,0
81,21,11,246824,21,8058.333214,3223.333214,0
81,12,13,246824,7,3223.333214,3223.333214,0
81,13,12,246824,7,3223.333214,3223.333214,0
81,13,14,246824,9,3223.333214,3223.333214,0
81,14,13,246824,9,3223.333214,3223.333214,0
81,13,15,246824,28,3223.333214,8058.333214,0
81,15,13,246824,28,8058.333214,3223.333214,0
81,13,16,246824,35,3223.333214,8058.333214,0
81,16,13,246824,35,8058.333214,3223.333214,0
81,13,27,246824,24,3223.333214,8058.333214,0
81,27,13,246824,24,8058.333214,3223.333214,0
81,14,16,246824,35,3223.333214,8058.333214,0
81,16,14,246824,35,8058.333214,3223.333214,0
81,14,17,246824,23,3223.333214,3223.333214,0
81,17,14,246824,23,3223.333214,3223.333214,0
81,17,18,246824,27,3223.333214,4029.166547,0
81,18,17,246824,27,4029.166547,3223.333214,0
81,17,19,246824,28,3223.333214,5372.222103,0
81,19,17,246824,28,5372.222103,3223.333214,0
81,17,20,246824,42,3223.333214,8058.333214,0
81,20,17,246824,42,8058.333214,3223.333214,0
81,17,23,246824,36,3223.333214,8058.333214,0
81,23,17,246824,36,8058.333214,3223.333214,0
81,18,19,246824,30,4029.166547,5372.222103,0
81,19,18,246824,30,5372.222103,4029.166547,0
81,19,20,246824,45,5372.222103,8058.333214,0
81,20,19,246824,45,8058.333214,5372.222103,0
81,26,29,246824,35,8058.333214,5372.222103,0
81,29,26,246824,35,5372.222103,8058.333214,0
82,0,1,246824,8,5363.888770,3218.333214,0
82,1,0,246824,8,3218.333214,5363.888770,0
82,0,3,246824,7,5363.888770,3218.333214,0
82,3,0,246824,7,3218.333214,5363.888770,0
82,0,25,246824,27,5363.888770,8045.833214,0
82,25,0,246824,27,8045.833214,5363.888770,0
82,1,4,246824,11,3218.333214,3218.333214,0
82,4,1,246824,11,3218.333214,3218.333214,0
82,1,22,246824,35,3218.333214,8045.833214,0
82,22,1,246824,35,8045.833214,3218.333214,0
82,1,24,246824,37,3218.333214,8045.833214,0
82,24,1,246824,37,8045.833214,3218.333214,0
82,1,28,246824,38,3218.333214,8045.833214,0
82,28,1,246824,38,8045.833214,3218.333214,0
82,2,3,246824,12,5363.888770,3218.333214,0
82,3,2,246824,12,3218.333214,5363.888770,0
82,2,12,246824,11,5363.888770,3218.333214,0
82,12,2,246824,11,3218.333214,5363.888770,0
82,2,29,246824,27,5363.888770,5363.888770,0
82,29,2,246824,27,5363.888770,5363.888770,0
82,3,4,246824,11,3218.333214,3218.333214,0
82,4,3,246824,11,3218.333214,3218.333214,0
82,3,24,246824,37,3218.333214,8045.833214,0
82,24,3,246824,37,8045.833214,3218.333214,0
82,3,27,246824,24,3218.333214,8045.833214,0
82,27,3,246824,24,8045.833214,3218.333214,0
82,4,5,246824,13,3218.333214,5363.888770,0
82,5,4,246824,13,5363.888770,3218.333214,0
82,4,21,246824,23,3218.333214,4022.916548,0
82,21,4,246824,23,4022.916548,3218.333214,0
82,4,28,246824,39,3218.333214,8045.833214,0
82,28,4,246824,39,8045.833214,3218.333214,0
82,5,6,246824,12,5363.888770,5363.888770,0
82,6,5,246824,12,5363.888770,5363.888770,0
82,5,22,246824,37,5363.888770,8045.833214,0
82,22,5,246824,37,8045.833214,5363.888770,0
82,6,7,246824,11,5363.888770,2681.944325,0
82,7,6,246824,11,2681.944325,5363.888770,0
82,6,15,246824,29,5363.888770,8045.833214,0
82,15,6,246824,29,8045.833214,5363.888770,0
82,7,8,246824,10,2681.944325,3218.333214,0
82,8,7,246824,10,3218.333214,2681.944325,0
82,7,12,246824,8,2681.944325,3218.333214,0
82,12,7,246824,8,3218.333214,2681.944325,0
82,7,18,246824,22,2681.944325,8045.833214,0
82,18,7,246824,22,8045.833214,2681.944325,0
82,7,25,246824,29,2681.944325,8045.833214,0
82,25,7,246824,29,8045.833214,2681.944325,0
82,7,29,246824,27,2681.944325,5363.888770,0
82,29,7,246824,27,5363.888770,2681.944325,0
82,8,10,246824,11,3218.333214,8045.833214,0
82,10,8,246824,11,8045.833214,3218.333214,0
82,8,18,246824,21,3218.333214,8045.833214,0
82,18,8,246824,21,8045.833214,3218.333214,0
82,8,23,246824,34,3218.333214,8045.833214,0
82,23,8,246824,34,8045.833214,3218.333214,0
82,8,26,246824,26,3218.333214,8045.833214,0
82,26,8,246824,26,8045.833214,3218.333214,0
82,9,11,246824,9,5363.888770,2681.944325,0
82,11,9,246824,9,2681.944325,5363.888770,0
82,9,12,246824,9,5363.888770,3218.333214,0
82,12,9,246824,9,3218.333214,5363.888770,0
82,9,14,246824,10,5363.888770,3218.333214,0
82,14,9,246824,10,3218.333214,5363.888770,0
82,10,11,246824,10,8045.833214,2681.944325,0
82,11,10,246824,10,2681.944325,8045.833214,0
82,11,12,246824,7,2681.944325,3218.333214,0
82,12,11,246824,7,3218.333214,2681.944325,0
82,11,13,246824,8,2681.944325,2681.944325,0
82,13,11,246824,8,2681.944325,2681.944325,0
82,11,14,246824,8,2681.944325,3218.333214,0
82,14,11,246824,8,3218.333214,2681.944325,0
82,11,21,246824,21,2681.944325,4022.916548,0
82,21,11,246824,21,4022.916548,2681.944325,0
82,12,13,246824,7,3218.333214,2681.944325,0
82,13,12,246824,7,2681.944325,3218.333214,0
82,13,14,246824,9,2681.944325,3218.333214,0
82,14,13,246824,9,3218.333214,2681.944325,0
82,13,15,246824,28,2681.944325,8045.833214,0
82,15,13,246824,28,8045.833214,2681.944325,0
82,13,16,246824,35,2681.944325,8045.833214,0
82,16,13,246824,35,8045.833214,2681.944325,0
82,13,27,246824,24,2681.944325,8045.833214,0
82,27,13,246824,24,8045.833214,2681.944325,0
82,14,16,246824,35,3218.333214,8045.833214,0
82,16,14,246824,35,8045.833214,3218.333214,0
82,14,17,246824,23,3218.333214,4022.916548,0
82,17,14,246824,23,4022.916548,3218.333214,0
82,17,19,246824,28,4022.916548,8045.833214,0
82,19,17,246824,28,8045.833214,4022.916548,0
82,17,20,246824,42,4022.916548,8045.833214,0
82,20,17,246824,42,8045.833214,4022.916548,0
82,17,23,246824,36,4022.916548,8045.833214,0
82,23,17,246824,36,8045.833214,4022.916548,0
82,19,21,246824,28,8045.833214,4022.916548,0
82,21,19,246824,28,4022.916548,8045.833214,0
82,20,21,246824,42,8045.833214,4022.916548,0
82,21,20,246824,42,4022.916548,8045.833214,0
82,26,29,246824,35,8045.833214,5363.888770,0
82,29,26,246824,35,5363.888770,8045.833214,0
83,0,1,246824,8,5372.222103,2686.110992,0
83,1,0,246824,8,2686.110992,5372.222103,0
83,0,3,246824,7,5372.222103,4029.166547,0
83,3,0,246824,7,4029.166547,5372.222103,0
83,0,25,246824,27,5372.222103,8058.333214,0
83,25,0,246824,27,8058.333214,5372.222103,0
83,1,2,246824,12,2686.110992,5372.222103,0
83,2,1,246824,12,5372.222103,2686.110992,0
83,1,4,246824,11,2686.110992,2686.110992,0
83,4,1,246824,11,2686.110992,2686.110992,0
83,1,22,246824,35,2686.110992,8058.333214,0
83,22,1,246824,35,8058.333214,2686.110992,0
83,1,24,246824,37,2686.110992,8058.333214,0
83,24,1,246824,37,8058.333214,2686.110992,0
83,1,28,246824,38,2686.110992,8058.333214,0
83,28,1,246824,38,8058.333214,2686.110992,0
83,2,12,246824,11,5372.222103,3223.333214,0
83,12,2,246824,11,3223.333214,5372.222103,0
83,2,29,246824,27,5372.222103,5372.222103,0
83,29,2,246824,27,5372.222103,5372.222103,0
83,3,4,246824,11,4029.166547,2686.110992,0
83,4,3,246824,11,2686.110992,4029.166547,0
83,3,24,246824,37,4029.166547,8058.333214,0
83,24,3,246824,37,8058.333214,4029.166547,0
83,3,27,246824,24,4029.166547,8058.333214,0
83,27,3,246824,24,8058.333214,4029.166547,0
83,4,5,246824,13,2686.110992,4029.166547,0
83,5,4,246824,13,4029.166547,2686.110992,0
83,4,7,246824,12,2686.110992,2014.583214,0
83,7,4,246824,12,2014.583214,2686.110992,0
83,4,21,246824,23,2686.110992,5372.222103,0
83,21,4,246824,23,5372.222103,2686.110992,0
83,4,28,246824,39,2686.110992,8058.333214,0
83,28,4,246824,39,8058.333214,2686.110992,0
83,5,6,246824,12,4029.166547,5372.222103,0
83,6,5,246824,12,5372.222103,4029.166547,0
83,5,7,246824,11,4029.166547,2014.583214,0
83,7,5,246824,11,2014.583214,4029.166547,0
83,5,22,246824,37,4029.166547,8058.333214,0
83,22,5,246824,37,8058.333214,4029.166547,0
83,6,7,246824,11,5372.222103,2014.583214,0
83,7,6,246824,11,2014.583214,5372.222103,0
83,6,15,246824,29,5372.222103,8058.333214,0
83,15,6,246824,29,8058.333214,5372.222103,0
83,7,8,246824,10,2014.583214,3223.333214,0
83,8,7,246824,10,3223.333214,2014.583214,0
83,7,12,246824,8,2014.583214,3223.333214,0
83,12,7,246824,8,3223.333214,2014.583214,0
83,7,18,246824,22,2014.583214,8058.333214,0
83,18,7,246824,22,8058.333214,2014.583214,0
83,7,25,246824,29,2014.583214,8058.333214,0
83,25,7,246824,29,8058.333214,2014.583214,0
83,7,29,246824,27,2014.583214,5372.222103,0
83,29,7,246824,27,5372.222103,2014.583214,0
83,8,10,246824,11,3223.333214,8058.333214,0
83,10,8,246824,11,8058.333214,3223.333214,0
83,8,18,246824,21,3223.333214,8058.333214,0
83,18,8,246824,21,8058.333214,3223.333214,0
83,8,23,246824,34,3223.333214,8058.333214,0
83,23,8,246824,34,8058.333214,3223.333214,0
83,8,26,246824,26,3223.333214,8058.333214,0
83,26,8,246824,26,8058.333214,3223.333214,0
83,9,12,246824,9,8058.333214,3223.333214,0
83,12,9,246824,9,3223.333214,8058.333214,0
83,9,14,246824,10,8058.333214,3223.333214,0
83,14,9,246824,10,3223.333214,8058.333214,0
83,10,11,246824,10,8058.333214,4029.166547,0
83,11,10,246824,10,4029.166547,8058.333214,0
83,11,12,246824,7,4029.166547,3223.333214,0
83,12,11,246824,7,3223.333214,4029.166547,0
83,11,14,246824,8,4029.166547,3223.333214,0
83,14,11,246824,8,3223.333214,4029.166547,0
83,11,21,246824,21,4029.166547,5372.222103,0
83,21,11,246824,21,5372.222103,4029.166547,0
83,12,13,246824,7,3223.333214,3223.333214,0
83,13,12,246824,7,3223.333214,3223.333214,0
83,13,14,246824,9,3223.333214,3223.333214,0
83,14,13,246824,9,3223.333214,3223.333214,0
83,13,15,246824,28,3223.333214,8058.333214,0
83,15,13,246824,28,8058.333214,3223.333214,0
83,13,16,246824,35,3223.333214,8058.333214,0
83,16,13,246824,35,8058.333214,3223.333214,0
83,13,27,246824,24,3223.333214,8058.333214,0
83,27,13,246824,24,8058.333214,3223.333214,0
83,14,16,246824,35,3223.333214,8058.333214,0
83,16,14,246824,35,8058.333214,3223.333214,0
83,14,17,246824,23,3223.333214,4029.166547,0
83,17,14,246824,23,4029.166547,3223.333214,0
83,17,19,246824,28,4029.166547,5372.222103,0
83,19,17,246824,28,5372.222103,4029.166547,0
83,17,20,246824,42,4029.166547,8058.333214,0
83,20,17,246824,42,8058.333214,4029.166547,0
83,17,23,246824,36,4029.166547,8058.333214,0
83,23,17,246824,36,8058.333214,4029.166547,0
83,19,20,246824,45,5372.222103,8058.333214,0
83,20,19,246824,45,8058.333214,5372.222103,0
83,19,21,246824,28,5372.222103,5372.222103,0
83,21,19,246824,28,5372.222103,5372.222103,0
83,26,29,246824,35,8058.333214,5372.222103,0
83,29,26,246824,35,5372.222103,8058.333214,0
84,0,1,246824,8,5372.222103,2686.110992,0
84,1,0,246824,8,2686.110992,5372.222103,0
84,0,3,246824,7,5372.222103,3223.333214,0
84,3,0,246824,7,3223.333214,5372.222103,0
84,0,25,246824,27,5372.222103,8058.333214,0
84,25,0,246824,27,8058.333214,5372.222103,0
84,1,2,246824,12,2686.110992,5372.222103,0
84,2,1,246824,12,5372.222103,2686.110992,0
84,1,4,246824,11,2686.110992,3223.333214,0
84,4,1,246824,11,3223.333214,2686.110992,0
84,1,22,246824,35,2686.110992,8058.333214,0
84,22,1,246824,35,8058.333214,2686.110992,0
84,1,24,246824,37,2686.110992,8058.333214,0
84,24,1,246824,37,8058.333214,2686.110992,0
84,1,28,246824,38,2686.110992,8058.333214,0
84,28,1,246824,38,8058.333214,2686.110992,0
84,2,3,246824,12,5372.222103,3223.333214,0
84,3,2,246824,12,3223.333214,5372.222103,0
84,2,29,246824,27,5372.222103,5372.222103,0
84,29,2,246824,27,5372.222103,5372.222103,0
84,3,4,246824,11,3223.333214,3223.333214,0
84,4,3,246824,11,3223.333214,3223.333214,0
84,3,24,246824,37,3223.333214,8058.333214,0
84,24,3,246824,37,8058.333214,3223.333214,0
84,3,27,246824,24,3223.333214,8058.333214,0
84,27,3,246824,24,8058.333214,3223.333214,0
84,4,5,246824,13,3223.333214,5372.222103,0
84,5,4,246824,13,5372.222103,3223.333214,0
84,4,21,246824,23,3223.333214,5372.222103,0
84,21,4,246824,23,5372.222103,3223.333214,0
84,4,28,246824,39,3223.333214,8058.333214,0
84,28,4,246824,39,8058.333214,3223.333214,0
84,5,6,246824,12,5372.222103,5372.222103,0
84,6,5,246824,12,5372.222103,5372.222103,0
84,5,22,246824,37,5372.222103,8058.333214,0
84,22,5,246824,37,8058.333214,5372.222103,0
84,6,7,246824,11,5372.222103,2686.110992,0
84,7,6,246824,11,2686.110992,5372.222103,0
84,6,15,246824,29,5372.222103,8058.333214,0
84,15,6,246824,29,8058.333214,5372.222103,0
84,7,8,246824,10,2686.110992,3223.333214,0
84,8,7,246824,10,3223.333214,2686.110992,0
84,7,12,246824,8,2686.110992,4029.166547,0
84,12,7,246824,8,4029.166547,2686.110992,0
84,7,18,246824,22,2686.110992,8058.333214,0
84,18,7,246824,22,8058.333214,2686.110992,0
84,7,25,246824,29,2686.110992,8058.333214,0
84,25,7,246824,29,8058.333214,2686.110992,0
84,7,29,246824,27,2686.110992,5372.222103,0
84,29,7,246824,27,5372.222103,2686.110992,0
84,8,10,246824,11,3223.333214,8058.333214,0
84,10,8,246824,11,8058.333214,3223.333214,0
84,8,18,246824,21,3223.333214,8058.333214,0
84,18,8,246824,21,8058.333214,3223.333214,0
84,8,23,246824,34,3223.333214,8058.333214,0
84,23,8,246824,34,8058.333214,3223.333214,0
84,8,26,246824,26,3223.333214,8058.333214,0
84,26,8,246824,26,8058.333214,3223.333214,0
84,9,11,246824,9,5372.222103,3223.333214,0
84,11,9,246824,9,3223.333214,5372.222103,0
84,9,12,246824,9,5372.222103,4029.166547,0
84,12,9,246824,9,4029.166547,5372.222103,0
84,9,14,246824,10,5372.222103,3223.333214,0
84,14,9,246824,10,3223.333214,5372.222103,0
84,10,11,246824,10,8058.333214,3223.333214,0
84,11,10,246824,10,3223.333214,8058.333214,0
84,11,12,246824,7,3223.333214,4029.166547,0
84,12,11,246824,7,4029.166547,3223.333214,0
84,11,14,246824,8,3223.333214,3223.333214,0
84,14,11,246824,8,3223.333214,3223.333214,0
84,11,21,246824,21,3223.333214,5372.222103,0
84,21,11,246824,21,5372.222103,3223.333214,0
84,12,13,246824,7,4029.166547,3223.333214,0
84,13,12,246824,7,3223.333214,4029.166547,0
84,13,14,246824,9,3223.333214,3223.333214,0
84,14,13,246824,9,3223.333214,3223.333214,0
84,13,15,246824,28,3223.333214,8058.333214,0
84,15,13,246824,28,8058.333214,3223.333214,0
84,13,16,246824,35,3223.333214,8058.333214,0
84,16,13,246824,35,8058.333214,3223.333214,0
84,13,27,246824,24,3223.333214,8058.333214,0
84,27,13,246824,24,8058.333214,3223.333214,0
84,14,16,246824,35,3223.333214,8058.333214,0
84,16,14,246824,35,8058.333214,3223.333214,0
84,14,17,246824,23,3223.333214,4029.166547,0
84,17,14,246824,23,4029.166547,3223.333214,0
84,17,19,246824,28,4029.166547,5372.222103,0
84,19,17,246824,28,5372.222103,4029.166547,0
84,17,20,246824,42,4029.166547,8058.333214,0
84,20,17,246824,42,8058.333214,4029.166547,0
84,17,23,246824,36,4029.166547,8058.333214,0
84,23,17,246824,36,8058.333214,4029.166547,0
84,19,20,246824,45,5372.222103,8058.333214,0
84,20,19,246824,45,8058.333214,5372.222103,0
84,19,21,246824,28,5372.222103,5372.222103,0
84,21,19,246824,28,5372.222103,5372.222103,0
84,26,29,246824,35,8058.333214,5372.222103,0
84,29,26,246824,35,5372.222103,8058.333214,0
85,0,1,246824,8,5372.222103,2686.110992,0
85,1,0,246824,8,2686.110992,5372.222103,0
85,0,3,246824,7,5372.222103,4029.166547,0
85,3,0,246824,7,4029.166547,5372.222103,0
85,0,25,246824,27,5372.222103,8058.333214,0
85,25,0,246824,27,8058.333214,5372.222103,0
85,1,2,246824,12,2686.110992,5372.222103,0
85,2,1,246824,12,5372.222103,2686.110992,0
85,1,4,246824,11,2686.110992,2686.110992,0
85,4,1,246824,11,2686.110992,2686.110992,0
85,1,22,246824,35,2686.110992,8058.333214,0
85,22,1,246824,35,8058.333214,2686.110992,0
85,1,24,246824,37,2686.110992,8058.333214,0
85,24,1,246824,37,8058.333214,2686.110992,0
85,1,28,246824,38,2686.110992,8058.333214,0
85,28,1,246824,38,8058.333214,2686.110992,0
85,2,4,246824,13,5372.222103,2686.110992,0
85,4,2,246824,13,2686.110992,5372.222103,0
85,2,29,246824,27,5372.222103,5372.222103,0
85,29,2,246824,27,5372.222103,5372.222103,0
85,3,4,246824,11,4029.166547,2686.110992,0
85,4,3,246824,11,2686.110992,4029.166547,0
85,3,24,246824,37,4029.166547,8058.333214,0
85,24,3,246824,37,8058.333214,4029.166547,0
85,3,27,246824,24,4029.166547,8058.333214,0
85,27,3,246824,24,8058.333214,4029.166547,0
85,4,5,246824,13,2686.110992,4029.166547,0
85,5,4,246824,13,4029.166547,2686.110992,0
85,4,21,246824,23,2686.110992,5372.222103,0
85,21,4,246824,23,5372.222103,2686.110992,0
85,4,28,246824,39,2686.110992,8058.333214,0
85,28,4,246824,39,8058.333214,2686.110992,0
85,5,6,246824,12,4029.166547,5372.222103,0
85,6,5,246824,12,5372.222103,4029.166547,0
85,5,7,246824,11,4029.166547,2302.380833,0
85,7,5,246824,11,2302.380833,4029.166547,0
85,5,22,246824,37,4029.166547,8058.333214,0
85,22,5,246824,37,8058.333214,4029.166547,0
85,6,7,246824,11,5372.222103,2302.380833,0
85,7,6,246824,11,2302.380833,5372.222103,0
85,6,15,246824,29,5372.222103,8058.333214,0
85,15,6,246824,29,8058.333214,5372.222103,0
85,7,8,246824,10,2302.380833,3223.333214,0
85,8,7,246824,10,3223.333214,2302.380833,0
85,7,12,246824,8,2302.380833,4029.166547,0
85,12,7,246824,8,4029.166547,2302.380833,0
85,7,18,246824,22,2302.380833,8058.333214,0
85,18,7,246824,22,8058.333214,2302.380833,0
85,7,25,246824,29,2302.380833,8058.333214,0
85,25,7,246824,29,8058.333214,2302.380833,0
85,7,29,246824,27,2302.380833,5372.222103,0
85,29,7,246824,27,5372.222103,2302.380833,0
85,8,10,246824,11,3223.333214,8058.333214,0
85,10,8,246824,11,8058.333214,3223.333214,0
85,8,18,246824,21,3223.333214,8058.333214,0
85,18,8,246824,21,8058.333214,3223.333214,0
85,8,23,246824,34,3223.333214,8058.333214,0
85,23,8,246824,34,8058.333214,3223.333214,0
85,8,26,246824,26,3223.333214,8058.333214,0
85,26,8,246824,26,8058.333214,3223.333214,0
85,9,11,246824,9,8058.333214,2686.110992,0
85,11,9,246824,9,2686.110992,8058.333214,0
85,9,12,246824,9,8058.333214,4029.166547,0
85,12,9,246824,9,4029.166547,8058.333214,0
85,10,11,246824,10,8058.333214,2686.110992,0
85,11,10,246824,10,2686.110992,8058.333214,0
85,11,12,246824,7,2686.110992,4029.166547,0
85,12,11,246824,7,4029.166547,2686.110992,0
85,11,13,246824,8,2686.110992,2686.110992,0
85,13,11,246824,8,2686.110992,2686.110992,0
85,11,14,246824,8,2686.110992,4029.166547,0
85,14,11,246824,8,4029.166547,2686.110992,0
85,11,21,246824,21,2686.110992,5372.222103,0
85,21,11,246824,21,5372.222103,2686.110992,0
85,12,13,246824,7,4029.166547,2686.110992,0
85,13,12,246824,7,2686.110992,4029.166547,0
85,13,14,246824,9,2686.110992,4029.166547,0
85,14,13,246824,9,4029.166547,2686.110992,0
85,13,15,246824,28,2686.110992,8058.333214,0
85,15,13,246824,28,8058.333214,2686.110992,0
85,13,16,246824,35,2686.110992,8058.333214,0
85,16,13,246824,35,8058.333214,2686.110992,0
85,13,27,246824,24,2686.110992,8058.333214,0
85,27,13,246824,24,8058.333214,2686.110992,0
85,14,16,246824,35,4029.166547,8058.333214,0
85,16,14,246824,35,8058.333214,4029.166547,0
85,14,17,246824,23,4029.166547,4029.166547,0
85,17,14,246824,23,4029.166547,4029.166547,0
85,17,19,246824,28,4029.166547,5372.222103,0
85,19,17,246824,28,5372.222103,4029.166547,0
85,17,20,246824,42,4029.166547,8058.333214,0
85,20,17,246824,42,8058.333214,4029.166547,0
85,17,23,246824,36,4029.166547,8058.333214,0
85,23,17,246824,36,8058.333214,4029.166547,0
85,19,20,246824,45,5372.222103,8058.333214,0
85,20,19,246824,45,8058.333214,5372.222103,0
85,19,21,246824,28,5372.222103,5372.222103,0
85,21,19,246824,28,5372.222103,5372.222103,0
85,26,29,246824,35,8058.333214,5372.222103,0
85,29,26,246824,35,5372.222103,8058.333214,0
86,0,1,246824,8,4029.166547,3223.333214,0
86,1,0,246824,8,3223.333214,4029.166547,0
86,0,2,246824,11,4029.166547,5372.222103,0
86,2,0,246824,11,5372.222103,4029.166547,0
86,0,3,246824,7,4029.166547,3223.333214,0
86,3,0,246824,7,3223.333214,4029.166547,0
86,0,25,246824,27,4029.166547,8058.333214,0
86,25,0,246824,27,8058.333214,4029.166547,0
86,1,4,246824,11,3223.333214,3223.333214,0
86,4,1,246824,11,3223.333214,3223.333214,0
86,1,22,246824,35,3223.333214,8058.333214,0
86,22,1,246824,35,8058.333214,3223.333214,0
86,1,24,246824,37,3223.333214,8058.333214,0
86,24,1,246824,37,8058.333214,3223.333214,0
86,1,28,246824,38,3223.333214,8058.333214,0
86,28,1,246824,38,8058.333214,3223.333214,0
86,2,3,246824,12,5372.222103,3223.333214,0
86,3,2,246824,12,3223.333214,5372.222103,0
86,2,29,246824,27,5372.222103,5372.222103,0
86,29,2,246824,27,5372.222103,5372.222103,0
86,3,4,246824,11,3223.333214,3223.333214,0
86,4,3,246824,11,3223.333214,3223.333214,0
86,3,24,246824,37,3223.333214,8058.333214,0
86,24,3,246824,37,8058.333214,3223.333214,0
86,3,27,246824,24,3223.333214,8058.333214,0
86,27,3,246824,24,8058.333214,3223.333214,0
86,4,5,246824,13,3223.333214,4029.166547,0
86,5,4,246824,13,4029.166547,3223.333214,0
86,4,21,246824,23,3223.333214,5372.222103,0
86,21,4,246824,23,5372.222103,3223.333214,0
86,4,28,246824,39,3223.333214,8058.333214,0
86,28,4,246824,39,8058.333214,3223.333214,0
86,5,6,246824,12,4029.166547,5372.222103,0
86,6,5,246824,12,5372.222103,4029.166547,0
86,5,7,246824,11,4029.166547,2302.380833,0
86,7,5,246824,11,2302.380833,4029.166547,0
86,5,22,246824,37,4029.166547,8058.333214,0
86,22,5,246824,37,8058.333214,4029.166547,0
86,6,7,246824,11,5372.222103,2302.380833,0
86,7,6,246824,11,2302.380833,5372.222103,0
86,6,15,246824,29,5372.222103,8058.333214,0
86,15,6,246824,29,8058.333214,5372.222103,0
86,7,8,246824,10,2302.380833,3223.333214,0
86,8,7,246824,10,3223.333214,2302.380833,0
86,7,12,246824,8,2302.380833,4029.166547,0
86,12,7,246824,8,4029.166547,2302.380833,0
86,7,18,246824,22,2302.380833,5372.222103,0
86,18,7,246824,22,5372.222103,2302.380833,0
86,7,25,246824,29,2302.380833,8058.333214,0
86,25,7,246824,29,8058.333214,2302.380833,0
86,7,29,246824,27,2302.380833,5372.222103,0
86,29,7,246824,27,5372.222103,2302.380833,0
86,8,10,246824,11,3223.333214,8058.333214,0
86,10,8,246824,11,8058.333214,3223.333214,0
86,8,18,246824,21,3223.333214,5372.222103,0
86,18,8,246824,21,5372.222103,3223.333214,0
86,8,23,246824,34,3223.333214,8058.333214,0
86,23,8,246824,34,8058.333214,3223.333214,0
86,8,26,246824,26,3223.333214,8058.333214,0
86,26,8,246824,26,8058.333214,3223.333214,0
86,9,11,246824,9,8058.333214,3223.333214,0
86,11,9,246824,9,3223.333214,8058.333214,0
86,9,12,246824,9,8058.333214,4029.166547,0
86,12,9,246824,9,4029.166547,8058.333214,0
86,10,11,246824,10,8058.333214,3223.333214,0
86,11,10,246824,10,3223.333214,8058.333214,0
86,11,12,246824,7,3223.333214,4029.166547,0
86,12,11,246824,7,4029.166547,3223.333214,0
86,11,14,246824,8,3223.333214,4029.166547,0
86,14,11,246824,8,4029.166547,3223.333214,0
86,11,21,246824,21,3223.333214,5372.222103,0
86,21,11,246824,21,5372.222103,3223.333214,0
86,12,13,246824,7,4029.166547,3223.333214,0
86,13,12,246824,7,3223.333214,4029.166547,0
86,13,14,246824,9,3223.333214,4029.166547,0
86,14,13,246824,9,4029.166547,3223.333214,0
86,13,15,246824,28,3223.333214,8058.333214,0
86,15,13,246824,28,8058.333214,3223.333214,0
86,13,16,246824,35,3223.333214,8058.333214,0
86,16,13,246824,35,8058.333214,3223.333214,0
86,13,27,246824,24,3223.333214,8058.333214,0
86,27,13,246824,24,8058.333214,3223.333214,0
86,14,16,246824,35,4029.166547,8058.333214,0
86,16,14,246824,35,8058.333214,4029.166547,0
86,14,17,246824,23,4029.166547,4029.166547,0
86,17,14,246824,23,4029.166547,4029.166547,0
86,17,19,246824,28,4029.166547,4029.166547,0
86,19,17,246824,28,4029.166547,4029.166547,0
86,17,20,246824,42,4029.166547,8058.333214,0
86,20,17,246824,42,8058.333214,4029.166547,0
86,17,23,246824,36,4029.166547,8058.333214,0
86,23,17,246824,36,8058.333214,4029.166547,0
86,18,19,246824,30,5372.222103,4029.166547,0
86,19,18,246824,30,4029.166547,5372.222103,0
86,19,20,246824,45,4029.166547,8058.333214,0
86,20,19,246824,45,8058.333214,4029.166547,0
86,19,21,246824,28,4029.166547,5372.222103,0
86,21,19,246824,28,5372.222103,4029.166547,0
86,26,29,246824,35,8058.333214,5372.222103,0
86,29,26,246824,35,5372.222103,8058.333214,0
87,0,1,246824,8,4029.166547,3223.333214,0
87,1,0,246824,8,3223.333214,4029.166547,0
87,0,2,246824,11,4029.166547,5372.222103,0
87,2,0,246824,11,5372.222103,4029.166547,0
87,0,3,246824,7,4029.166547,3223.333214,0
87,3,0,246824,7,3223.333214,4029.166547,0
87,0,25,246824,27,4029.166547,8058.333214,0
87,25,0,246824,27,8058.333214,4029.166547,0
87,1,4,246824,11,3223.333214,3223.333214,0
87,4,1,246824,11,3223.333214,3223.333214,0
87,1,22,246824,35,3223.333214,8058.333214,0
87,22,1,246824,35,8058.333214,3223.333214,0
87,1,24,246824,37,3223.333214,8058.333214,0
87,24,1,246824,37,8058.333214,3223.333214,0
87,1,28,246824,38,3223.333214,8058.333214,0
87,28,1,246824,38,8058.333214,3223.333214,0
87,2,3,246824,12,5372.222103,3223.333214,0
87,3,2,246824,12,3223.333214,5372.222103,0
87,2,29,246824,27,5372.222103,5372.222103,0
87,29,2,246824,27,5372.222103,5372.222103,0
87,3,4,246824,11,3223.333214,3223.333214,0
87,4,3,246824,11,3223.333214,3223.333214,0
87,3,24,246824,37,3223.333214,8058.333214,0
87,24,3,246824,37,8058.333214,3223.333214,0
87,3,27,246824,24,3223.333214,8058.333214,0
87,27,3,246824,24,8058.333214,3223.333214,0
87,4,5,246824,13,3223.333214,4029.166547,0
87,5,4,246824,13,4029.166547,3223.333214,0
87,4,21,246824,23,3223.333214,4029.166547,0
87,21,4,246824,23,4029.166547,3223.333214,0
87,4,28,246824,39,3223.333214,8058.333214,0
87,28,4,246824,39,8058.333214,3223.333214,0
87,5,6,246824,12,4029.166547,5372.222103,0
87,6,5,246824,12,5372.222103,4029.166547,0
87,5,7,246824,11,4029.166547,2302.380833,0
87,7,5,246824,11,2302.380833,4029.166547,0
87,5,22,246824,37,4029.166547,8058.333214,0
87,22,5,246824,37,8058.333214,4029.166547,0
87,6,7,246824,11,5372.222103,2302.380833,0
87,7,6,246824,11,2302.380833,5372.222103,0
87,6,15,246824,29,5372.222103,8058.333214,0
87,15,6,246824,29,8058.333214,5372.222103,0
87,7,8,246824,10,2302.380833,3223.333214,0
87,8,7,246824,10,3223.333214,2302.380833,0
87,7,12,246824,8,2302.380833,4029.166547,0
87,12,7,246824,8,4029.166547,2302.380833,0
87,7,18,246824,22,2302.380833,8058.333214,0
87,18,7,246824,22,8058.333214,2302.380833,0
87,7,25,246824,29,2302.380833,8058.333214,0
87,25,7,246824,29,8058.333214,2302.380833,0
87,7,29,246824,27,2302.380833,5372.222103,0
87,29,7,246824,27,5372.222103,2302.380833,0
87,8,10,246824,11,3223.333214,8058.333214,0
87,10,8,246824,11,8058.333214,3223.333214,0
87,8,18,246824,21,3223.333214,8058.333214,0
87,18,8,246824,21,8058.333214,3223.333214,0
87,8,23,246824,34,3223.333214,8058.333214,0
87,23,8,246824,34,8058.333214,3223.333214,0
87,8,26,246824,26,3223.333214,8058.333214,0
87,26,8,246824,26,8058.333214,3223.333214,0
87,9,11,246824,9,8058.333214,3223.333214,0
87,11,9,246824,9,3223.333214,8058.333214,0
87,9,12,246824,9,8058.333214,4029.166547,0
87,12,9,246824,9,4029.166547,8058.333214,0
87,10,11,246824,10,8058.333214,3223.333214,0
87,11,10,246824,10,3223.333214,8058.333214,0
87,11,12,246824,7,3223.333214,4029.166547,0
87,12,11,246824,7,4029.166547,3223.333214,0
87,11,14,246824,8,3223.333214,4029.166547,0
87,14,11,246824,8,4029.166547,3223.333214,0
87,11,21,246824,21,3223.333214,4029.166547,0
87,21,11,246824,21,4029.166547,3223.333214,0
87,12,13,246824,7,4029.166547,3223.333214,0
87,13,12,246824,7,3223.333214,4029.166547,0
87,13,14,246824,9,3223.333214,4029.166547,0
87,14,13,246824,9,4029.166547,3223.333214,0
87,13,15,246824,28,3223.333214,8058.333214,0
87,15,13,246824,28,8058.333214,3223.333214,0
87,13,16,246824,35,3223.333214,8058.333214,0
87,16,13,246824,35,8058.333214,3223.333214,0
87,13,27,246824,24,3223.333214,8058.333214,0
87,27,13,246824,24,8058.333214,3223.333214,0
87,14,16,246824,35,4029.166547,8058.333214,0
87,16,14,246824,35,8058.333214,4029.166547,0
87,14,17,246824,23,4029.166547,5372.222103,0
87,17,14,246824,23,5372.222103,4029.166547,0
87,17,19,246824,28,5372.222103,5372.222103,0
87,19,17,246824,28,5372.222103,5372.222103,0
87,17,23,246824,36,5372.222103,8058.333214,0
87,23,17,246824,36,8058.333214,5372.222103,0
87,19,20,246824,45,5372.222103,8058.333214,0
87,20,19,246824,45,8058.333214,5372.222103,0
87,19,21,246824,28,5372.222103,4029.166547,0
87,21,19,246824,28,4029.166547,5372.222103,0
87,20,21,246824,42,8058.333214,4029.166547,0
87,21,20,246824,42,4029.166547,8058.333214,0
87,26,29,246824,35,8058.333214,5372.222103,0
87,29,26,246824,35,5372.222103,8058.333214,0
88,0,1,246824,8,5372.222103,3223.333214,0
88,1,0,246824,8,3223.333214,5372.222103,0
88,0,3,246824,7,5372.222103,3223.333214,0
88,3,0,246824,7,3223.333214,5372.222103,0
88,0,25,246824,27,5372.222103,8058.333214,0
88,25,0,246824,27,8058.333214,5372.222103,0
88,1,4,246824,11,3223.333214,2302.380833,0
88,4,1,246824,11,2302.380833,3223.333214,0
88,1,22,246824,35,3223.333214,8058.333214,0
88,22,1,246824,35,8058.333214,3223.333214,0
88,1,24,246824,37,3223.333214,8058.333214,0
88,24,1,246824,37,8058.333214,3223.333214,0
88,1,28,246824,38,3223.333214,8058.333214,0
88,28,1,246824,38,8058.333214,3223.333214,0
88,2,3,246824,12,5372.222103,3223.333214,0
88,3,2,246824,12,3223.333214,5372.222103,0
88,2,4,246824,13,5372.222103,2302.380833,0
88,4,2,246824,13,2302.380833,5372.222103,0
88,2,29,246824,27,5372.222103,5372.222103,0
88,29,2,246824,27,5372.222103,5372.222103,0
88,3,4,246824,11,3223.333214,2302.380833,0
88,4,3,246824,11,2302.380833,3223.333214,0
88,3,24,246824,37,3223.333214,8058.333214,0
88,24,3,246824,37,8058.333214,3223.333214,0
88,3,27,246824,24,3223.333214,8058.333214,0
88,27,3,246824,24,8058.333214,3223.333214,0
88,4,5,246824,13,2302.380833,4029.166547,0
88,5,4,246824,13,4029.166547,2302.380833,0
88,4,7,246824,12,2302.380833,2014.583214,0
88,7,4,246824,12,2014.583214,2302.380833,0
88,4,21,246824,23,2302.380833,8058.333214,0
88,21,4,246824,23,8058.333214,2302.380833,0
88,4,28,246824,39,2302.380833,8058.333214,0
88,28,4,246824,39,8058.333214,2302.380833,0
88,5,6,246824,12,4029.166547,5372.222103,0
88,6,5,246824,12,5372.222103,4029.166547,0
88,5,7,246824,11,4029.166547,2014.583214,0
88,7,5,246824,11,2014.583214,4029.166547,0
88,5,22,246824,37,4029.166547,8058.333214,0
88,22,5,246824,37,8058.333214,4029.166547,0
88,6,7,246824,11,5372.222103,2014.583214,0
88,7,6,246824,11,2014.583214,5372.222103,0
88,6,15,246824,29,5372.222103,8058.333214,0
88,15,6,246824,29,8058.333214,5372.222103,0
88,7,8,246824,10,2014.583214,3223.333214,0
88,8,7,246824,10,3223.333214,2014.583214,0
88,7,12,246824,8,2014.583214,5372.222103,0
88,12,7,246824,8,5372.222103,2014.583214,0
88,7,18,246824,22,2014.583214,5372.222103,0
88,18,7,246824,22,5372.222103,2014.583214,0
88,7,25,246824,29,2014.583214,8058.333214,0
88,25,7,246824,29,8058.333214,2014.583214,0
88,7,29,246824,27,2014.583214,5372.222103,0
88,29,7,246824,27,5372.222103,2014.583214,0
88,8,10,246824,11,3223.333214,8058.333214,0
88,10,8,246824,11,8058.333214,3223.333214,0
88,8,18,246824,21,3223.333214,5372.222103,0
88,18,8,246824,21,5372.222103,3223.333214,0
88,8,23,246824,34,3223.333214,8058.333214,0
88,23,8,246824,34,8058.333214,3223.333214,0
88,8,26,246824,26,3223.333214,8058.333214,0
88,26,8,246824,26,8058.333214,3223.333214,0
88,9,11,246824,9,8058.333214,2686.110992,0
88,11,9,246824,9,2686.110992,8058.333214,0
88,9,14,246824,10,8058.333214,3223.333214,0
88,14,9,246824,10,3223.333214,8058.333214,0
88,10,11,246824,10,8058.333214,2686.110992,0
88,11,10,246824,10,2686.110992,8058.333214,0
88,11,12,246824,7,2686.110992,5372.222103,0
88,12,11,246824,7,5372.222103,2686.110992,0
88,11,13,246824,8,2686.110992,2686.110992,0
88,13,11,246824,8,2686.110992,2686.110992,0
88,11,14,246824,8,2686.110992,3223.333214,0
88,14,11,246824,8,3223.333214,2686.110992,0
88,11,21,246824,21,2686.110992,8058.333214,0
88,21,11,246824,21,8058.333214,2686.110992,0
88,12,13,246824,7,5372.222103,2686.110992,0
88,13,12,246824,7,2686.110992,5372.222103,0
88,13,14,246824,9,2686.110992,3223.333214,0
88,14,13,246824,9,3223.333214,2686.110992,0
88,13,15,246824,28,2686.110992,8058.333214,0
88,15,13,246824,28,8058.333214,2686.110992,0
88,13,16,246824,35,2686.110992,8058.333214,0
88,16,13,246824,35,8058.333214,2686.110992,0
88,13,27,246824,24,2686.110992,8058.333214,0
88,27,13,246824,24,8058.333214,2686.110992,0
88,14,16,246824,35,3223.333214,8058.333214,0
88,16,14,246824,35,8058.333214,3223.333214,0
88,14,17,246824,23,3223.333214,4029.166547,0
88,17,14,246824,23,4029.166547,3223.333214,0
88,17,19,246824,28,4029.166547,5372.222103,0
88,19,17,246824,28,5372.222103,4029.166547,0
88,17,20,246824,42,4029.166547,8058.333214,0
88,20,17,246824,42,8058.333214,4029.166547,0
88,17,23,246824,36,4029.166547,8058.333214,0
88,23,17,246824,36,8058.333214,4029.166547,0
88,18,19,246824,30,5372.222103,5372.222103,0
88,19,18,246824,30,5372.222103,5372.222103,0
88,19,20,246824,45,5372.222103,8058.333214,0
88,20,19,246824,45,8058.333214,5372.222103,0
88,26,29,246824,35,8058.333214,5372.222103,0
88,29,26,246824,35,5372.222103,8058.333214,0
89,0,1,246824,8,4022.916548,3218.333214,0
89,1,0,246824,8,3218.333214,4022.916548,0
89,0,2,246824,11,4022.916548,5363.888770,0
89,2,0,246824,11,5363.888770,4022.916548,0
89,0,3,246824,7,4022.916548,4022.916548,0
89,3,0,246824,7,4022.916548,4022.916548,0
89,0,25,246824,27,4022.916548,8045.833214,0
89,25,0,246824,27,8045.833214,4022.916548,0
89,1,4,246824,11,3218.333214,2298.809405,0
89,4,1,246824,11,2298.809405,3218.333214,0
89,1,22,246824,35,3218.333214,8045.833214,0
89,22,1,246824,35,8045.833214,3218.333214,0
89,1,24,246824,37,3218.333214,8045.833214,0
89,24,1,246824,37,8045.833214,3218.333214,0
89,1,28,246824,38,3218.333214,8045.833214,0
89,28,1,246824,38,8045.833214,3218.333214,0
89,2,4,246824,13,5363.888770,2298.809405,0
89,4,2,246824,13,2298.809405,5363.888770,0
89,2,29,246824,27,5363.888770,5363.888770,0
89,29,2,246824,27,5363.888770,5363.888770,0
89,3,4,246824,11,4022.916548,2298.809405,0
89,4,3,246824,11,2298.809405,4022.916548,0
89,3,24,246824,37,4022.916548,8045.833214,0
89,24,3,246824,37,8045.833214,4022.916548,0
89,3,27,246824,24,4022.916548,8045.833214,0
89,27,3,246824,24,8045.833214,4022.916548,0
89,4,5,246824,13,2298.809405,4022.916548,0
89,5,4,246824,13,4022.916548,2298.809405,0
89,4,7,246824,12,2298.809405,2011.458214,0
89,7,4,246824,12,2011.458214,2298.809405,0
89,4,21,246824,23,2298.809405,4022.916548,0
89,21,4,246824,23,4022.916548,2298.809405,0
89,4,28,246824,39,2298.809405,8045.833214,0
89,28,4,246824,39,8045.833214,2298.809405,0
89,5,6,246824,12,4022.916548,5363.888770,0
89,6,5,246824,12,5363.888770,4022.916548,0
89,5,7,246824,11,4022.916548,2011.458214,0
89,7,5,246824,11,2011.458214,4022.916548,0
89,5,22,246824,37,4022.916548,8045.833214,0
89,22,5,246824,37,8045.833214,4022.916548,0
89,6,7,246824,11,5363.888770,2011.458214,0
89,7,6,246824,11,2011.458214,5363.888770,0
89,6,15,246824,29,5363.888770,8045.833214,0
89,15,6,246824,29,8045.833214,5363.888770,0
89,7,8,246824,10,2011.458214,3218.333214,0
89,8,7,246824,10,3218.333214,2011.458214,0
89,7,12,246824,8,2011.458214,4022.916548,0
89,12,7,246824,8,4022.916548,2011.458214,0
89,7,18,246824,22,2011.458214,8045.833214,0
89,18,7,246824,22,8045.833214,2011.458214,0
89,7,25,246824,29,2011.458214,8045.833214,0
89,25,7,246824,29,8045.833214,2011.458214,0
89,7,29,246824,27,2011.458214,5363.888770,0
89,29,7,246824,27,5363.888770,2011.458214,0
89,8,10,246824,11,3218.333214,8045.833214,0
89,10,8,246824,11,8045.833214,3218.333214,0
89,8,18,246824,21,3218.333214,8045.833214,0
89,18,8,246824,21,8045.833214,3218.333214,0
89,8,23,246824,34,3218.333214,8045.833214,0
89,23,8,246824,34,8045.833214,3218.333214,0
89,8,26,246824,26,3218.333214,8045.833214,0
89,26,8,246824,26,8045.833214,3218.333214,0
89,9,11,246824,9,8045.833214,2681.944325,0
89,11,9,246824,9,2681.944325,8045.833214,0
89,9,12,246824,9,8045.833214,4022.916548,0
89,12,9,246824,9,4022.916548,8045.833214,0
89,10,11,246824,10,8045.833214,2681.944325,0
89,11,10,246824,10,2681.944325,8045.833214,0
89,11,12,246824,7,2681.944325,4022.916548,0
89,12,11,246824,7,4022.916548,2681.944325,0
89,11,13,246824,8,2681.944325,2681.944325,0
89,13,11,246824,8,2681.944325,2681.944325,0
89,11,14,246824,8,2681.944325,4022.916548,0
89,14,11,246824,8,4022.916548,2681.944325,0
89,11,21,246824,21,2681.944325,4022.916548,0
89,21,11,246824,21,4022.916548,2681.944325,0
89,12,13,246824,7,4022.916548,2681.944325,0
89,13,12,246824,7,2681.944325,4022.916548,0
89,13,14,246824,9,2681.944325,4022.916548,0
89,14,13,246824,9,4022.916548,2681.944325,0
89,13,15,246824,28,2681.944325,8045.833214,0
89,15,13,246824,28,8045.833214,2681.944325,0
89,13,16,246824,35,2681.944325,8045.833214,0
89,16,13,246824,35,8045.833214,2681.944325,0
89,13,27,246824,24,2681.944325,8045.833214,0
89,27,13,246824,24,8045.833214,2681.944325,0
89,14,16,246824,35,4022.916548,8045.833214,0
89,16,14,246824,35,8045.833214,4022.916548,0
89,14,17,246824,23,4022.916548,4022.916548,0
89,17,14,246824,23,4022.916548,4022.916548,0
89,17,19,246824,28,4022.916548,8045.833214,0
89,19,17,246824,28,8045.833214,4022.916548,0
89,17,20,246824,42,4022.916548,8045.833214,0
89,20,17,246824,42,8045.833214,4022.916548,0
89,17,23,246824,36,4022.916548,8045.833214,0
89,23,17,246824,36,8045.833214,4022.916548,0
89,19,21,246824,28,8045.833214,4022.916548,0
89,21,19,246824,28,4022.916548,8045.833214,0
89,20,21,246824,42,8045.833214,4022.916548,0
89,21,20,246824,42,4022.916548,8045.833214,0
89,26,29,246824,35,8045.833214,5363.888770,0
89,29,26,246824,35,5363.888770,8045.833214,0
90,0,1,246824,8,4029.166547,3223.333214,0
90,1,0,246824,8,3223.333214,4029.166547,0
90,0,2,246824,11,4029.166547,5372.222103,0
90,2,0,246824,11,5372.222103,4029.166547,0
90,0,3,246824,7,4029.166547,3223.333214,0
90,3,0,246824,7,3223.333214,4029.166547,0
90,0,25,246824,27,4029.166547,8058.333214,0
90,25,0,246824,27,8058.333214,4029.166547,0
90,1,4,246824,11,3223.333214,3223.333214,0
90,4,1,246824,11,3223.333214,3223.333214,0
90,1,22,246824,35,3223.333214,8058.333214,0
90,22,1,246824,35,8058.333214,3223.333214,0
90,1,24,246824,37,3223.333214,8058.333214,0
90,24,1,246824,37,8058.333214,3223.333214,0
90,1,28,246824,38,3223.333214,8058.333214,0
90,28,1,246824,38,8058.333214,3223.333214,0
90,2,3,246824,12,5372.222103,3223.333214,0
90,3,2,246824,12,3223.333214,5372.222103,0
90,2,29,246824,27,5372.222103,5372.222103,0
90,29,2,246824,27,5372.222103,5372.222103,0
90,3,4,246824,11,3223.333214,3223.333214,0
90,4,3,246824,11,3223.333214,3223.333214,0
90,3,24,246824,37,3223.333214,8058.333214,0
90,24,3,246824,37,8058.333214,3223.333214,0
90,3,27,246824,24,3223.333214,8058.333214,0
90,27,3,246824,24,8058.333214,3223.333214,0
90,4,5,246824,13,3223.333214,5372.222103,0
90,5,4,246824,13,5372.222103,3223.333214,0
90,4,21,246824,23,3223.333214,3223.333214,0
90,21,4,246824,23,3223.333214,3223.333214,0
90,4,28,246824,39,3223.333214,8058.333214,0
90,28,4,246824,39,8058.333214,3223.333214,0
90,5,6,246824,12,5372.222103,5372.222103,0
90,6,5,246824,12,5372.222103,5372.222103,0
90,5,22,246824,37,5372.222103,8058.333214,0
90,22,5,246824,37,8058.333214,5372.222103,0
90,6,7,246824,11,5372.222103,2686.110992,0
90,7,6,246824,11,2686.110992,5372.222103,0
90,6,15,246824,29,5372.222103,8058.333214,0
90,15,6,246824,29,8058.333214,5372.222103,0
90,7,8,246824,10,2686.110992,3223.333214,0
90,8,7,246824,10,3223.333214,2686.110992,0
90,7,12,246824,8,2686.110992,4029.166547,0
90,12,7,246824,8,4029.166547,2686.110992,0
90,7,18,246824,22,2686.110992,5372.222103,0
90,18,7,246824,22,5372.222103,2686.110992,0
90,7,25,246824,29,2686.110992,8058.333214,0
90,25,7,246824,29,8058.333214,2686.110992,0
90,7,29,246824,27,2686.110992,5372.222103,0
90,29,7,246824,27,5372.222103,2686.110992,0
90,8,10,246824,11,3223.333214,8058.333214,0
90,10,8,246824,11,8058.333214,3223.333214,0
90,8,18,246824,21,3223.333214,5372.222103,0
90,18,8,246824,21,5372.222103,3223.333214,0
90,8,23,246824,34,3223.333214,8058.333214,0
90,23,8,246824,34,8058.333214,3223.333214,0
90,8,26,246824,26,3223.333214,8058.333214,0
90,26,8,246824,26,8058.333214,3223.333214,0
90,9,12,246824,9,8058.333214,4029.166547,0
90,12,9,246824,9,4029.166547,8058.333214,0
90,9,14,246824,10,8058.333214,3223.333214,0
90,14,9,246824,10,3223.333214,8058.333214,0
90,10,11,246824,10,8058.333214,4029.166547,0
90,11,10,246824,10,4029.166547,8058.333214,0
90,11,12,246824,7,4029.166547,4029.166547,0
90,12,11,246824,7,4029.166547,4029.166547,0
90,11,14,246824,8,4029.166547,3223.333214,0
90,14,11,246824,8,3223.333214,4029.166547,0
90,11,21,246824,21,4029.166547,3223.333214,0
90,21,11,246824,21,3223.333214,4029.166547,0
90,12,13,246824,7,4029.166547,3223.333214,0
90,13,12,246824,7,3223.333214,4029.166547,0
90,13,14,246824,9,3223.333214,3223.333214,0
90,14,13,246824,9,3223.333214,3223.333214,0
90,13,15,246824,28,3223.333214,8058.333214,0
90,15,13,246824,28,8058.333214,3223.333214,0
90,13,16,246824,35,3223.333214,8058.333214,0
90,16,13,246824,35,8058.333214,3223.333214,0
90,13,27,246824,24,3223.333214,8058.333214,0
90,27,13,246824,24,8058.333214,3223.333214,0
90,14,16,246824,35,3223.333214,8058.333214,0
90,16,14,246824,35,8058.333214,3223.333214,0
90,14,17,246824,23,3223.333214,8058.333214,0
90,17,14,246824,23,8058.333214,3223.333214,0
90,17,19,246824,28,8058.333214,4029.166547,0
90,19,17,246824,28,4029.166547,8058.333214,0
90,18,19,246824,30,5372.222103,4029.166547,0
90,19,18,246824,30,4029.166547,5372.222103,0
90,19,20,246824,45,4029.166547,8058.333214,0
90,20,19,246824,45,8058.333214,4029.166547,0
90,19,21,246824,28,4029.166547,3223.333214,0
90,21,19,246824,28,3223.333214,4029.166547,0
90,20,21,246824,42,8058.333214,3223.333214,0
90,21,20,246824,42,3223.333214,8058.333214,0
90,21,23,246824,36,3223.333214,8058.333214,0
90,23,21,246824,36,8058.333214,3223.333214,0
90,26,29,246824,35,8058.333214,5372.222103,0
90,29,26,246824,35,5372.222103,8058.333214,0
91,0,1,246824,8,5372.222103,3223.333214,0
91,1,0,246824,8,3223.333214,5372.222103,0
91,0,3,246824,7,5372.222103,3223.333214,0
91,3,0,246824,7,3223.333214,5372.222103,0
91,0,25,246824,27,5372.222103,8058.333214,0
91,25,0,246824,27,8058.333214,5372.222103,0
91,1,4,246824,11,3223.333214,2686.110992,0
91,4,1,246824,11,2686.110992,3223.333214,0
91,1,22,246824,35,3223.333214,8058.333214,0
91,22,1,246824,35,8058.333214,3223.333214,0
91,1,24,246824,37,3223.333214,8058.333214,0
91,24,1,246824,37,8058.333214,3223.333214,0
91,1,28,246824,38,3223.333214,8058.333214,0
91,28,1,246824,38,8058.333214,3223.333214,0
91,2,3,246824,12,5372.222103,3223.333214,0
91,3,2,246824,12,3223.333214,5372.222103,0
91,2,4,246824,13,5372.222103,2686.110992,0
91,4,2,246824,13,2686.110992,5372.222103,0
91,2,29,246824,27,5372.222103,5372.222103,0
91,29,2,246824,27,5372.222103,5372.222103,0
91,3,4,246824,11,3223.333214,2686.110992,0
91,4,3,246824,11,2686.110992,3223.333214,0
91,3,24,246824,37,3223.333214,8058.333214,0
91,24,3,246824,37,8058.333214,3223.333214,0
91,3,27,246824,24,3223.333214,8058.333214,0
91,27,3,246824,24,8058.333214,3223.333214,0
91,4,5,246824,13,2686.110992,4029.166547,0
91,5,4,246824,13,4029.166547,2686.110992,0
91,4,21,246824,23,2686.110992,3223.333214,0
91,21,4,246824,23,3223.333214,2686.110992,0
91,4,28,246824,39,2686.110992,8058.333214,0
91,28,4,246824,39,8058.333214,2686.110992,0
91,5,6,246824,12,4029.166547,5372.222103,0
91,6,5,246824,12,5372.222103,4029.166547,0
91,5,7,246824,11,4029.166547,2302.380833,0
91,7,5,246824,11,2302.380833,4029.166547,0
91,5,22,246824,37,4029.166547,8058.333214,0
91,22,5,246824,37,8058.333214,4029.166547,0
91,6,7,246824,11,5372.222103,2302.380833,0
91,7,6,246824,11,2302.380833,5372.222103,0
91,6,15,246824,29,5372.222103,8058.333214,0
91,15,6,246824,29,8058.333214,5372.222103,0
91,7,8,246824,10,2302.380833,3223.333214,0
91,8,7,246824,10,3223.333214,2302.380833,0
91,7,12,246824,8,2302.380833,4029.166547,0
91,12,7,246824,8,4029.166547,2302.380833,0
91,7,18,246824,22,2302.380833,8058.333214,0
91,18,7,246824,22,8058.333214,2302.380833,0
91,7,25,246824,29,2302.380833,8058.333214,0
91,25,7,246824,29,8058.333214,2302.380833,0
91,7,29,246824,27,2302.380833,5372.222103,0
91,29,7,246824,27,5372.222103,2302.380833,0
91,8,10,246824,11,3223.333214,8058.333214,0
91,10,8,246824,11,8058.333214,3223.333214,0
91,8,18,246824,21,3223.333214,8058.333214,0
91,18,8,246824,21,8058.333214,3223.333214,0
91,8,23,246824,34,3223.333214,8058.333214,0
91,23,8,246824,34,8058.333214,3223.333214,0
91,8,26,246824,26,3223.333214,8058.333214,0
91,26,8,246824,26,8058.333214,3223.333214,0
91,9,11,246824,9,8058.333214,3223.333214,0
91,11,9,246824,9,3223.333214,8058.333214,0
91,9,12,246824,9,8058.333214,4029.166547,0
91,12,9,246824,9,4029.166547,8058.333214,0
91,10,11,246824,10,8058.333214,3223.333214,0
91,11,10,246824,10,3223.333214,8058.333214,0
91,11,12,246824,7,3223.333214,4029.166547,0
91,12,11,246824,7,4029.166547,3223.333214,0
91,11,14,246824,8,3223.333214,4029.166547,0
91,14,11,246824,8,4029.166547,3223.333214,0
91,11,21,246824,21,3223.333214,3223.333214,0
91,21,11,246824,21,3223.333214,3223.333214,0
91,12,13,246824,7,4029.166547,3223.333214,0
91,13,12,246824,7,3223.333214,4029.166547,0
91,13,14,246824,9,3223.333214,4029.166547,0
91,14,13,246824,9,4029.166547,3223.333214,0
91,13,15,246824,28,3223.333214,8058.333214,0
91,15,13,246824,28,8058.333214,3223.333214,0
91,13,16,246824,35,3223.333214,8058.333214,0
91,16,13,246824,35,8058.333214,3223.333214,0
91,13,27,246824,24,3223.333214,8058.333214,0
91,27,13,246824,24,8058.333214,3223.333214,0
91,14,16,246824,35,4029.166547,8058.333214,0
91,16,14,246824,35,8058.333214,4029.166547,0
91,14,17,246824,23,4029.166547,8058.333214,0
91,17,14,246824,23,8058.333214,4029.166547,0
91,17,19,246824,28,8058.333214,5372.222103,0
91,19,17,246824,28,5372.222103,8058.333214,0
91,19,20,246824,45,5372.222103,8058.333214,0
91,20,19,246824,45,8058.333214,5372.222103,0
91,19,21,246824,28,5372.222103,3223.333214,0
91,21,19,246824,28,3223.333214,5372.222103,0
91,20,21,246824,42,8058.333214,3223.333214,0
91,21,20,246824,42,3223.333214,8058.333214,0
91,21,23,246824,36,3223.333214,8058.333214,0
91,23,21,246824,36,8058.333214,3223.333214,0
91,26,29,246824,35,8058.333214,5372.222103,0
91,29,26,246824,35,5372.222103,8058.333214,0
92,0,1,246824,8,4029.166547,3223.333214,0
92,1,0,246824,8,3223.333214,4029.166547,0
92,0,2,246824,11,4029.166547,5372.222103,0
92,2,0,246824,11,5372.222103,4029.166547,0
92,0,3,246824,7,4029.166547,3223.333214,0
92,3,0,246824,7,3223.333214,4029.166547,0
92,0,25,246824,27,4029.166547,8058.333214,0
92,25,0,246824,27,8058.333214,4029.166547,0
92,1,4,246824,11,3223.333214,2686.110992,0
92,4,1,246824,11,2686.110992,3223.333214,0
92,1,22,246824,35,3223.333214,8058.333214,0
92,22,1,246824,35,8058.333214,3223.333214,0
92,1,24,246824,37,3223.333214,8058.333214,0
92,24,1,246824,37,8058.333214,3223.333214,0
92,1,28,246824,38,3223.333214,8058.333214,0
92,28,1,246824,38,8058.333214,3223.333214,0
92,2,3,246824,12,5372.222103,3223.333214,0
92,3,2,246824,12,3223.333214,5372.222103,0
92,2,29,246824,27,5372.222103,5372.222103,0
92,29,2,246824,27,5372.222103,5372.222103,0
92,3,4,246824,11,3223.333214,2686.110992,0
92,4,3,246824,11,2686.110992,3223.333214,0
92,3,24,246824,37,3223.333214,8058.333214,0
92,24,3,246824,37,8058.333214,3223.333214,0
92,3,27,246824,24,3223.333214,8058.333214,0
92,27,3,246824,24,8058.333214,3223.333214,0
92,4,5,246824,13,2686.110992,4029.166547,0
92,5,4,246824,13,4029.166547,2686.110992,0
92,4,7,246824,12,2686.110992,2014.583214,0
92,7,4,246824,12,2014.583214,2686.110992,0
92,4,21,246824,23,2686.110992,4029.166547,0
92,21,4,246824,23,4029.166547,2686.110992,0
92,4,28,246824,39,2686.110992,8058.333214,0
92,28,4,246824,39,8058.333214,2686.110992,0
92,5,6,246824,12,4029.166547,5372.222103,0
92,6,5,246824,12,5372.222103,4029.166547,0
92,5,7,246824,11,4029.166547,2014.583214,0
92,7,5,246824,11,2014.583214,4029.166547,0
92,5,22,246824,37,4029.166547,8058.333214,0
92,22,5,246824,37,8058.333214,4029.166547,0
92,6,7,246824,11,5372.222103,2014.583214,0
92,7,6,246824,11,2014.583214,5372.222103,0
92,6,15,246824,29,5372.222103,8058.333214,0
92,15,6,246824,29,8058.333214,5372.222103,0
92,7,8,246824,10,2014.583214,3223.333214,0
92,8,7,246824,10,3223.333214,2014.583214,0
92,7,12,246824,8,2014.583214,4029.166547,0
92,12,7,246824,8,4029.166547,2014.583214,0
92,7,18,246824,22,2014.583214,4029.166547,0
92,18,7,246824,22,4029.166547,2014.583214,0
92,7,25,246824,29,2014.583214,8058.333214,0
92,25,7,246824,29,8058.333214,2014.583214,0
92,7,29,246824,27,2014.583214,5372.222103,0
92,29,7,246824,27,5372.222103,2014.583214,0
92,8,10,246824,11,3223.333214,8058.333214,0
92,10,8,246824,11,8058.333214,3223.333214,0
92,8,18,246824,21,3223.333214,4029.166547,0
92,18,8,246824,21,4029.166547,3223.333214,0
92,8,23,246824,34,3223.333214,8058.333214,0
92,23,8,246824,34,8058.333214,3223.333214,0
92,8,26,246824,26,3223.333214,8058.333214,0
92,26,8,246824,26,8058.333214,3223.333214,0
92,9,12,246824,9,8058.333214,4029.166547,0
92,12,9,246824,9,4029.166547,8058.333214,0
92,9,14,246824,10,8058.333214,3223.333214,0
92,14,9,246824,10,3223.333214,8058.333214,0
92,10,11,246824,10,8058.333214,3223.333214,0
92,11,10,246824,10,3223.333214,8058.333214,0
92,11,12,246824,7,3223.333214,4029.166547,0
92,12,11,246824,7,4029.166547,3223.333214,0
92,11,13,246824,8,3223.333214,2686.110992,0
92,13,11,246824,8,2686.110992,3223.333214,0
92,11,14,246824,8,3223.333214,3223.333214,0
92,14,11,246824,8,3223.333214,3223.333214,0
92,11,21,246824,21,3223.333214,4029.166547,0
92,21,11,246824,21,4029.166547,3223.333214,0
92,12,13,246824,7,4029.166547,2686.110992,0
92,13,12,246824,7,2686.110992,4029.166547,0
92,13,14,246824,9,2686.110992,3223.333214,0
92,14,13,246824,9,3223.333214,2686.110992,0
92,13,15,246824,28,2686.110992,8058.333214,0
92,15,13,246824,28,8058.333214,2686.110992,0
92,13,16,246824,35,2686.110992,8058.333214,0
92,16,13,246824,35,8058.333214,2686.110992,0
92,13,27,246824,24,2686.110992,8058.333214,0
92,27,13,246824,24,8058.333214,2686.110992,0
92,14,16,246824,35,3223.333214,8058.333214,0
92,16,14,246824,35,8058.333214,3223.333214,0
92,14,17,246824,23,3223.333214,5372.222103,0
92,17,14,246824,23,5372.222103,3223.333214,0
92,17,18,246824,27,5372.222103,4029.166547,0
92,18,17,246824,27,4029.166547,5372.222103,0
92,17,19,246824,28,5372.222103,5372.222103,0
92,19,17,246824,28,5372.222103,5372.222103,0
92,18,19,246824,30,4029.166547,5372.222103,0
92,19,18,246824,30,5372.222103,4029.166547,0
92,19,20,246824,45,5372.222103,8058.333214,0
92,20,19,246824,45,8058.333214,5372.222103,0
92,20,21,246824,42,8058.333214,4029.166547,0
92,21,20,246824,42,4029.166547,8058.333214,0
92,21,23,246824,36,4029.166547,8058.333214,0
92,23,21,246824,36,8058.333214,4029.166547,0
92,26,29,246824,35,8058.333214,5372.222103,0
92,29,26,246824,35,5372.222103,8058.333214,0
93,0,1,246824,8,4029.166557,3223.333223,0
93,1,0,246824,8,3223.333223,4029.166557,0
93,0,2,246824,11,4029.166557,5372.222112,0
93,2,0,246824,11,5372.222112,4029.166557,0
93,0,3,246824,7,4029.166557,4029.166557,0
93,3,0,246824,7,4029.166557,4029.166557,0
93,0,25,246824,27,4029.166557,8058.333223,0
93,25,0,246824,27,8058.333223,4029.166557,0
93,1,4,246824,11,3223.333223,2302.380842,0
93,4,1,246824,11,2302.380842,3223.333223,0
93,1,22,246824,35,3223.333223,8058.333223,0
93,22,1,246824,35,8058.333223,3223.333223,0
93,1,24,246824,37,3223.333223,8058.333223,0
93,24,1,246824,37,8058.333223,3223.333223,0
93,1,28,246824,38,3223.333223,8058.333223,0
93,28,1,246824,38,8058.333223,3223.333223,0
93,2,4,246824,13,5372.222112,2302.380842,0
93,4,2,246824,13,2302.380842,5372.222112,0
93,2,29,246824,27,5372.222112,5372.222112,0
93,29,2,246824,27,5372.222112,5372.222112,0
93,3,4,246824,11,4029.166557,2302.380842,0
93,4,3,246824,11,2302.380842,4029.166557,0
93,3,24,246824,37,4029.166557,8058.333223,0
93,24,3,246824,37,8058.333223,4029.166557,0
93,3,27,246824,24,4029.166557,8058.333223,0
93,27,3,246824,24,8058.333223,4029.166557,0
93,4,5,246824,13,2302.380842,4029.166557,0
93,5,4,246824,13,4029.166557,2302.380842,0
93,4,7,246824,12,2302.380842,2014.583223,0
93,7,4,246824,12,2014.583223,2302.380842,0
93,4,21,246824,23,2302.380842,4029.166557,0
93,21,4,246824,23,4029.166557,2302.380842,0
93,4,28,246824,39,2302.380842,8058.333223,0
93,28,4,246824,39,8058.333223,2302.380842,0
93,5,6,246824,12,4029.166557,5372.222112,0
93,6,5,246824,12,5372.222112,4029.166557,0
93,5,7,246824,11,4029.166557,2014.583223,0
93,7,5,246824,11,2014.583223,4029.166557,0
93,5,22,246824,37,4029.166557,8058.333223,0
93,22,5,246824,37,8058.333223,4029.166557,0
93,6,7,246824,11,5372.222112,2014.583223,0
93,7,6,246824,11,2014.583223,5372.222112,0
93,6,15,246824,29,5372.222112,8058.333223,0
93,15,6,246824,29,8058.333223,5372.222112,0
93,7,8,246824,10,2014.583223,3223.333223,0
93,8,7,246824,10,3223.333223,2014.583223,0
93,7,12,246824,8,2014.583223,4029.166557,0
93,12,7,246824,8,4029.166557,2014.583223,0
93,7,18,246824,22,2014.583223,5372.222112,0
93,18,7,246824,22,5372.222112,2014.583223,0
93,7,25,246824,29,2014.583223,8058.333223,0
93,25,7,246824,29,8058.333223,2014.583223,0
93,7,29,246824,27,2014.583223,5372.222112,0
93,29,7,246824,27,5372.222112,2014.583223,0
93,8,10,246824,11,3223.333223,8058.333223,0
93,10,8,246824,11,8058.333223,3223.333223,0
93,8,18,246824,21,3223.333223,5372.222112,0
93,18,8,246824,21,5372.222112,3223.333223,0
93,8,23,246824,34,3223.333223,8058.333223,0
93,23,8,246824,34,8058.333223,3223.333223,0
93,8,26,246824,26,3223.333223,8058.333223,0
93,26,8,246824,26,8058.333223,3223.333223,0
93,9,12,246824,9,8058.333223,4029.166557,0
93,12,9,246824,9,4029.166557,8058.333223,0
93,9,14,246824,10,8058.333223,3223.333223,0
93,14,9,246824,10,3223.333223,8058.333223,0
93,10,11,246824,10,8058.333223,4029.166557,0
93,11,10,246824,10,4029.166557,8058.333223,0
93,11,12,246824,7,4029.166557,4029.166557,0
93,12,11,246824,7,4029.166557,4029.166557,0
93,11,14,246824,8,4029.166557,3223.333223,0
93,14,11,246824,8,3223.333223,4029.166557,0
93,11,21,246824,21,4029.166557,4029.166557,0
93,21,11,246824,21,4029.166557,4029.166557,0
93,12,13,246824,7,4029.166557,3223.333223,0
93,13,12,246824,7,3223.333223,4029.166557,0
93,13,14,246824,9,3223.333223,3223.333223,0
93,14,13,246824,9,3223.333223,3223.333223,0
93,13,15,246824,28,3223.333223,8058.333223,0
93,15,13,246824,28,8058.333223,3223.333223,0
93,13,16,246824,35,3223.333223,8058.333223,0
93,16,13,246824,35,8058.333223,3223.333223,0
93,13,27,246824,24,3223.333223,8058.333223,0
93,27,13,246824,24,8058.333223,3223.333223,0
93,14,16,246824,35,3223.333223,8058.333223,0
93,16,14,246824,35,8058.333223,3223.333223,0
93,14,17,246824,23,3223.333223,8058.333223,0
93,17,14,246824,23,8058.333223,3223.333223,0
93,17,19,246824,28,8058.333223,5372.222112,0
93,19,17,246824,28,5372.222112,8058.333223,0
93,18,19,246824,30,5372.222112,5372.222112,0
93,19,18,246824,30,5372.222112,5372.222112,0
93,19,20,246824,45,5372.222112,8058.333223,0
93,20,19,246824,45,8058.333223,5372.222112,0
93,20,21,246824,42,8058.333223,4029.166557,0
93,21,20,246824,42,4029.166557,8058.333223,0
93,21,23,246824,36,4029.166557,8058.333223,0
93,23,21,246824,36,8058.333223,4029.166557,0
93,26,29,246824,35,8058.333223,5372.222112,0
93,29,26,246824,35,5372.222112,8058.333223,0
94,0,1,246824,8,4029.166547,3223.333214,0
94,1,0,246824,8,3223.333214,4029.166547,0
94,0,2,246824,11,4029.166547,5372.222103,0
94,2,0,246824,11,5372.222103,4029.166547,0
94,0,3,246824,7,4029.166547,3223.333214,0
94,3,0,246824,7,3223.333214,4029.166547,0
94,0,25,246824,27,4029.166547,8058.333214,0
94,25,0,246824,27,8058.333214,4029.166547,0
94,1,4,246824,11,3223.333214,3223.333214,0
94,4,1,246824,11,3223.333214,3223.333214,0
94,1,22,246824,35,3223.333214,8058.333214,0
94,22,1,246824,35,8058.333214,3223.333214,0
94,1,24,246824,37,3223.333214,8058.333214,0
94,24,1,246824,37,8058.333214,3223.333214,0
94,1,28,246824,38,3223.333214,8058.333214,0
94,28,1,246824,38,8058.333214,3223.333214,0
94,2,3,246824,12,5372.222103,3223.333214,0
94,3,2,246824,12,3223.333214,5372.222103,0
94,2,29,246824,27,5372.222103,5372.222103,0
94,29,2,246824,27,5372.222103,5372.222103,0
94,3,4,246824,11,3223.333214,3223.333214,0
94,4,3,246824,11,3223.333214,3223.333214,0
94,3,24,246824,37,3223.333214,8058.333214,0
94,24,3,246824,37,8058.333214,3223.333214,0
94,3,27,246824,24,3223.333214,8058.333214,0
94,27,3,246824,24,8058.333214,3223.333214,0
94,4,5,246824,13,3223.333214,4029.166547,0
94,5,4,246824,13,4029.166547,3223.333214,0
94,4,21,246824,23,3223.333214,3223.333214,0
94,21,4,246824,23,3223.333214,3223.333214,0
94,4,28,246824,39,3223.333214,8058.333214,0
94,28,4,246824,39,8058.333214,3223.333214,0
94,5,6,246824,12,4029.166547,5372.222103,0
94,6,5,246824,12,5372.222103,4029.166547,0
94,5,7,246824,11,4029.166547,2302.380833,0
94,7,5,246824,11,2302.380833,4029.166547,0
94,5,22,246824,37,4029.166547,8058.333214,0
94,22,5,246824,37,8058.333214,4029.166547,0
94,6,7,246824,11,5372.222103,2302.380833,0
94,7,6,246824,11,2302.380833,5372.222103,0
94,6,15,246824,29,5372.222103,8058.333214,0
94,15,6,246824,29,8058.333214,5372.222103,0
94,7,8,246824,10,2302.380833,2686.110992,0
94,8,7,246824,10,2686.110992,2302.380833,0
94,7,12,246824,8,2302.380833,4029.166547,0
94,12,7,246824,8,4029.166547,2302.380833,0
94,7,18,246824,22,2302.380833,8058.333214,0
94,18,7,246824,22,8058.333214,2302.380833,0
94,7,25,246824,29,2302.380833,8058.333214,0
94,25,7,246824,29,8058.333214,2302.380833,0
94,7,29,246824,27,2302.380833,5372.222103,0
94,29,7,246824,27,5372.222103,2302.380833,0
94,8,9,246824,10,2686.110992,5372.222103,0
94,9,8,246824,10,5372.222103,2686.110992,0
94,8,10,246824,11,2686.110992,8058.333214,0
94,10,8,246824,11,8058.333214,2686.110992,0
94,8,18,246824,21,2686.110992,8058.333214,0
94,18,8,246824,21,8058.333214,2686.110992,0
94,8,23,246824,34,2686.110992,8058.333214,0
94,23,8,246824,34,8058.333214,2686.110992,0
94,8,26,246824,26,2686.110992,8058.333214,0
94,26,8,246824,26,8058.333214,2686.110992,0
94,9,11,246824,9,5372.222103,3223.333214,0
94,11,9,246824,9,3223.333214,5372.222103,0
94,9,12,246824,9,5372.222103,4029.166547,0
94,12,9,246824,9,4029.166547,5372.222103,0
94,10,11,246824,10,8058.333214,3223.333214,0
94,11,10,246824,10,3223.333214,8058.333214,0
94,11,12,246824,7,3223.333214,4029.166547,0
94,12,11,246824,7,4029.166547,3223.333214,0
94,11,14,246824,8,3223.333214,4029.166547,0
94,14,11,246824,8,4029.166547,3223.333214,0
94,11,21,246824,21,3223.333214,3223.333214,0
94,21,11,246824,21,3223.333214,3223.333214,0
94,12,13,246824,7,4029.166547,3223.333214,0
94,13,12,246824,7,3223.333214,4029.166547,0
94,13,14,246824,9,3223.333214,4029.166547,0
94,14,13,246824,9,4029.166547,3223.333214,0
94,13,15,246824,28,3223.333214,8058.333214,0
94,15,13,246824,28,8058.333214,3223.333214,0
94,13,16,246824,35,3223.333214,8058.333214,0
94,16,13,246824,35,8058.333214,3223.333214,0
94,13,27,246824,24,3223.333214,8058.333214,0
94,27,13,246824,24,8058.333214,3223.333214,0
94,14,16,246824,35,4029.166547,8058.333214,0
94,16,14,246824,35,8058.333214,4029.166547,0
94,14,17,246824,23,4029.166547,8058.333214,0
94,17,14,246824,23,8058.333214,4029.166547,0
94,17,19,246824,28,8058.333214,5372.222103,0
94,19,17,246824,28,5372.222103,8058.333214,0
94,19,20,246824,45,5372.222103,8058.333214,0
94,20,19,246824,45,8058.333214,5372.222103,0
94,19,21,246824,28,5372.222103,3223.333214,0
94,21,19,246824,28,3223.333214,5372.222103,0
94,20,21,246824,42,8058.333214,3223.333214,0
94,21,20,246824,42,3223.333214,8058.333214,0
94,21,23,246824,36,3223.333214,8058.333214,0
94,23,21,246824,36,8058.333214,3223.333214,0
94,26,29,246824,35,8058.333214,5372.222103,0
94,29,26,246824,35,5372.222103,8058.333214,0
95,0,1,246824,8,4029.166547,3223.333214,0
95,1,0,246824,8,3223.333214,4029.166547,0
95,0,2,246824,11,4029.166547,5372.222103,0
95,2,0,246824,11,5372.222103,4029.166547,0
95,0,3,246824,7,4029.166547,3223.333214,0
95,3,0,246824,7,3223.333214,4029.166547,0
95,0,25,246824,27,4029.166547,8058.333214,0
95,25,0,246824,27,8058.333214,4029.166547,0
95,1,4,246824,11,3223.333214,3223.333214,0
95,4,1,246824,11,3223.333214,3223.333214,0
95,1,22,246824,35,3223.333214,8058.333214,0
95,22,1,246824,35,8058.333214,3223.333214,0
95,1,24,246824,37,3223.333214,8058.333214,0
95,24,1,246824,37,8058.333214,3223.333214,0
95,1,28,246824,38,3223.333214,8058.333214,0
95,28,1,246824,38,8058.333214,3223.333214,0
95,2,3,246824,12,5372.222103,3223.333214,0
95,3,2,246824,12,3223.333214,5372.222103,0
95,2,29,246824,27,5372.222103,5372.222103,0
95,29,2,246824,27,5372.222103,5372.222103,0
95,3,4,246824,11,3223.333214,3223.333214,0
95,4,3,246824,11,3223.333214,3223.333214,0
95,3,24,246824,37,3223.333214,8058.333214,0
95,24,3,246824,37,8058.333214,3223.333214,0
95,3,27,246824,24,3223.333214,8058.333214,0
95,27,3,246824,24,8058.333214,3223.333214,0
95,4,5,246824,13,3223.333214,5372.222103,0
95,5,4,246824,13,5372.222103,3223.333214,0
95,4,21,246824,23,3223.333214,3223.333214,0
95,21,4,246824,23,3223.333214,3223.333214,0
95,4,28,246824,39,3223.333214,8058.333214,0
95,28,4,246824,39,8058.333214,3223.333214,0
95,5,6,246824,12,5372.222103,5372.222103,0
95,6,5,246824,12,5372.222103,5372.222103,0
95,5,22,246824,37,5372.222103,8058.333214,0
95,22,5,246824,37,8058.333214,5372.222103,0
95,6,7,246824,11,5372.222103,2686.110992,0
95,7,6,246824,11,2686.110992,5372.222103,0
95,6,15,246824,29,5372.222103,8058.333214,0
95,15,6,246824,29,8058.333214,5372.222103,0
95,7,8,246824,10,2686.110992,2686.110992,0
95,8,7,246824,10,2686.110992,2686.110992,0
95,7,12,246824,8,2686.110992,4029.166547,0
95,12,7,246824,8,4029.166547,2686.110992,0
95,7,18,246824,22,2686.110992,8058.333214,0
95,18,7,246824,22,8058.333214,2686.110992,0
95,7,25,246824,29,2686.110992,8058.333214,0
95,25,7,246824,29,8058.333214,2686.110992,0
95,7,29,246824,27,2686.110992,5372.222103,0
95,29,7,246824,27,5372.222103,2686.110992,0
95,8,9,246824,10,2686.110992,5372.222103,0
95,9,8,246824,10,5372.222103,2686.110992,0
95,8,10,246824,11,2686.110992,8058.333214,0
95,10,8,246824,11,8058.333214,2686.110992,0
95,8,18,246824,21,2686.110992,8058.333214,0
95,18,8,246824,21,8058.333214,2686.110992,0
95,8,23,246824,34,2686.110992,8058.333214,0
95,23,8,246824,34,8058.333214,2686.110992,0
95,8,26,246824,26,2686.110992,8058.333214,0
95,26,8,246824,26,8058.333214,2686.110992,0
95,9,11,246824,9,5372.222103,3223.333214,0
95,11,9,246824,9,3223.333214,5372.222103,0
95,9,12,246824,9,5372.222103,4029.166547,0
95,12,9,246824,9,4029.166547,5372.222103,0
95,10,11,246824,10,8058.333214,3223.333214,0
95,11,10,246824,10,3223.333214,8058.333214,0
95,11,12,246824,7,3223.333214,4029.166547,0
95,12,11,246824,7,4029.166547,3223.333214,0
95,11,14,246824,8,3223.333214,4029.166547,0
95,14,11,246824,8,4029.166547,3223.333214,0
95,11,21,246824,21,3223.333214,3223.333214,0
95,21,11,246824,21,3223.333214,3223.333214,0
95,12,13,246824,7,4029.166547,3223.333214,0
95,13,12,246824,7,3223.333214,4029.166547,0
95,13,14,246824,9,3223.333214,4029.166547,0
95,14,13,246824,9,4029.166547,3223.333214,0
95,13,15,246824,28,3223.333214,8058.333214,0
95,15,13,246824,28,8058.333214,3223.333214,0
95,13,16,246824,35,3223.333214,8058.333214,0
95,16,13,246824,35,8058.333214,3223.333214,0
95,13,27,246824,24,3223.333214,8058.333214,0
95,27,13,246824,24,8058.333214,3223.333214,0
95,14,16,246824,35,4029.166547,8058.333214,0
95,16,14,246824,35,8058.333214,4029.166547,0
95,14,17,246824,23,4029.166547,8058.333214,0
95,17,14,246824,23,8058.333214,4029.166547,0
95,17,19,246824,28,8058.333214,5372.222103,0
95,19,17,246824,28,5372.222103,8058.333214,0
95,19,20,246824,45,5372.222103,8058.333214,0
95,20,19,246824,45,8058.333214,5372.222103,0
95,19,21,246824,28,5372.222103,3223.333214,0
95,21,19,246824,28,3223.333214,5372.222103,0
95,20,21,246824,42,8058.333214,3223.333214,0
95,21,20,246824,42,3223.333214,8058.333214,0
95,21,23,246824,36,3223.333214,8058.333214,0
95,23,21,246824,36,8058.333214,3223.333214,0
95,26,29,246824,35,8058.333214,5372.222103,0
95,29,26,246824,35,5372.222103,8058.333214,0
96,0,1,246824,8,4022.916548,3218.333214,0
96,1,0,246824,8,3218.333214,4022.916548,0
96,0,2,246824,11,4022.916548,5363.888770,0
96,2,0,246824,11,5363.888770,4022.916548,0
96,0,3,246824,7,4022.916548,3218.333214,0
96,3,0,246824,7,3218.333214,4022.916548,0
96,0,25,246824,27,4022.916548,8045.833214,0
96,25,0,246824,27,8045.833214,4022.916548,0
96,1,4,246824,11,3218.333214,3218.333214,0
96,4,1,246824,11,3218.333214,3218.333214,0
96,1,22,246824,35,3218.333214,8045.833214,0
96,22,1,246824,35,8045.833214,3218.333214,0
96,1,24,246824,37,3218.333214,8045.833214,0
96,24,1,246824,37,8045.833214,3218.333214,0
96,1,28,246824,38,3218.333214,8045.833214,0
96,28,1,246824,38,8045.833214,3218.333214,0
96,2,3,246824,12,5363.888770,3218.333214,0
96,3,2,246824,12,3218.333214,5363.888770,0
96,2,29,246824,27,5363.888770,5363.888770,0
96,29,2,246824,27,5363.888770,5363.888770,0
96,3,4,246824,11,3218.333214,3218.333214,0
96,4,3,246824,11,3218.333214,3218.333214,0
96,3,24,246824,37,3218.333214,8045.833214,0
96,24,3,246824,37,8045.833214,3218.333214,0
96,3,27,246824,24,3218.333214,8045.833214,0
96,27,3,246824,24,8045.833214,3218.333214,0
96,4,5,246824,13,3218.333214,5363.888770,0
96,5,4,246824,13,5363.888770,3218.333214,0
96,4,21,246824,23,3218.333214,3218.333214,0
96,21,4,246824,23,3218.333214,3218.333214,0
96,4,28,246824,39,3218.333214,8045.833214,0
96,28,4,246824,39,8045.833214,3218.333214,0
96,5,6,246824,12,5363.888770,5363.888770,0
96,6,5,246824,12,5363.888770,5363.888770,0
96,5,22,246824,37,5363.888770,8045.833214,0
96,22,5,246824,37,8045.833214,5363.888770,0
96,6,7,246824,11,5363.888770,2681.944325,0
96,7,6,246824,11,2681.944325,5363.888770,0
96,6,15,246824,29,5363.888770,8045.833214,0
96,15,6,246824,29,8045.833214,5363.888770,0
96,7,8,246824,10,2681.944325,2681.944325,0
96,8,7,246824,10,2681.944325,2681.944325,0
96,7,12,246824,8,2681.944325,4022.916548,0
96,12,7,246824,8,4022.916548,2681.944325,0
96,7,18,246824,22,2681.944325,8045.833214,0
96,18,7,246824,22,8045.833214,2681.944325,0
96,7,25,246824,29,2681.944325,8045.833214,0
96,25,7,246824,29,8045.833214,2681.944325,0
96,7,29,246824,27,2681.944325,5363.888770,0
96,29,7,246824,27,5363.888770,2681.944325,0
96,8,9,246824,10,2681.944325,5363.888770,0
96,9,8,246824,10,5363.888770,2681.944325,0
96,8,10,246824,11,2681.944325,8045.833214,0
96,10,8,246824,11,8045.833214,2681.944325,0
96,8,18,246824,21,2681.944325,8045.833214,0
96,18,8,246824,21,8045.833214,2681.944325,0
96,8,23,246824,34,2681.944325,8045.833214,0
96,23,8,246824,34,8045.833214,2681.944325,0
96,8,26,246824,26,2681.944325,8045.833214,0
96,26,8,246824,26,8045.833214,2681.944325,0
96,9,11,246824,9,5363.888770,3218.333214,0
96,11,9,246824,9,3218.333214,5363.888770,0
96,9,12,246824,9,5363.888770,4022.916548,0
96,12,9,246824,9,4022.916548,5363.888770,0
96,10,11,246824,10,8045.833214,3218.333214,0
96,11,10,246824,10,3218.333214,8045.833214,0
96,11,12,246824,7,3218.333214,4022.916548,0
96,12,11,246824,7,4022.916548,3218.333214,0
96,11,14,246824,8,3218.333214,4022.916548,0
96,14,11,246824,8,4022.916548,3218.333214,0
96,11,21,246824,21,3218.333214,3218.333214,0
96,21,11,246824,21,3218.333214,3218.333214,0
96,12,13,246824,7,4022.916548,3218.333214,0
96,13,12,246824,7,3218.333214,4022.916548,0
96,13,14,246824,9,3218.333214,4022.916548,0
96,14,13,246824,9,4022.916548,3218.333214,0
96,13,15,246824,28,3218.333214,8045.833214,0
96,15,13,246824,28,8045.833214,3218.333214,0
96,13,16,246824,35,3218.333214,8045.833214,0
96,16,13,246824,35,8045.833214,3218.333214,0
96,13,27,246824,24,3218.333214,8045.833214,0
96,27,13,246824,24,8045.833214,3218.333214,0
96,14,16,246824,35,4022.916548,8045.833214,0
96,16,14,246824,35,8045.833214,4022.916548,0
96,14,17,246824,23,4022.916548,5363.888770,0
96,17,14,246824,23,5363.888770,4022.916548,0
96,17,19,246824,28,5363.888770,8045.833214,0
96,19,17,246824,28,8045.833214,5363.888770,0
96,17,20,246824,42,5363.888770,8045.833214,0
96,20,17,246824,42,8045.833214,5363.888770,0
96,19,21,246824,28,8045.833214,3218.333214,0
96,21,19,246824,28,3218.333214,8045.833214,0
96,20,21,246824,42,8045.833214,3218.333214,0
96,21,20,246824,42,3218.333214,8045.833214,0
96,21,23,246824,36,3218.333214,8045.833214,0
96,23,21,246824,36,8045.833214,3218.333214,0
96,26,29,246824,35,8045.833214,5363.888770,0
96,29,26,246824,35,5363.888770,8045.833214,0
97,0,1,246824,8,4029.166547,3223.333214,0
97,1,0,246824,8,3223.333214,4029.166547,0
97,0,2,246824,11,4029.166547,5372.222103,0
97,2,0,246824,11,5372.222103,4029.166547,0
97,0,3,246824,7,4029.166547,3223.333214,0
97,3,0,246824,7,3223.333214,4029.166547,0
97,0,25,246824,27,4029.166547,8058.333214,0
97,25,0,246824,27,8058.333214,4029.166547,0
97,1,4,246824,11,3223.333214,3223.333214,0
97,4,1,246824,11,3223.333214,3223.333214,0
97,1,22,246824,35,3223.333214,8058.333214,0
97,22,1,246824,35,8058.333214,3223.333214,0
97,1,24,246824,37,3223.333214,8058.333214,0
97,24,1,246824,37,8058.333214,3223.333214,0
97,1,28,246824,38,3223.333214,8058.333214,0
97,28,1,246824,38,8058.333214,3223.333214,0
97,2,3,246824,12,5372.222103,3223.333214,0
97,3,2,246824,12,3223.333214,5372.222103,0
97,2,29,246824,27,5372.222103,5372.222103,0
97,29,2,246824,27,5372.222103,5372.222103,0
97,3,4,246824,11,3223.333214,3223.333214,0
97,4,3,246824,11,3223.333214,3223.333214,0
97,3,24,246824,37,3223.333214,8058.333214,0
97,24,3,246824,37,8058.333214,3223.333214,0
97,3,27,246824,24,3223.333214,8058.333214,0
97,27,3,246824,24,8058.333214,3223.333214,0
97,4,5,246824,13,3223.333214,5372.222103,0
97,5,4,246824,13,5372.222103,3223.333214,0
97,4,21,246824,23,3223.333214,4029.166547,0
97,21,4,246824,23,4029.166547,3223.333214,0
97,4,28,246824,39,3223.333214,8058.333214,0
97,28,4,246824,39,8058.333214,3223.333214,0
97,5,6,246824,12,5372.222103,5372.222103,0
97,6,5,246824,12,5372.222103,5372.222103,0
97,5,22,246824,37,5372.222103,8058.333214,0
97,22,5,246824,37,8058.333214,5372.222103,0
97,6,7,246824,11,5372.222103,2686.110992,0
97,7,6,246824,11,2686.110992,5372.222103,0
97,6,15,246824,29,5372.222103,8058.333214,0
97,15,6,246824,29,8058.333214,5372.222103,0
97,7,8,246824,10,2686.110992,3223.333214,0
97,8,7,246824,10,3223.333214,2686.110992,0
97,7,12,246824,8,2686.110992,4029.166547,0
97,12,7,246824,8,4029.166547,2686.110992,0
97,7,18,246824,22,2686.110992,5372.222103,0
97,18,7,246824,22,5372.222103,2686.110992,0
97,7,25,246824,29,2686.110992,8058.333214,0
97,25,7,246824,29,8058.333214,2686.110992,0
97,7,29,246824,27,2686.110992,5372.222103,0
97,29,7,246824,27,5372.222103,2686.110992,0
97,8,10,246824,11,3223.333214,8058.333214,0
97,10,8,246824,11,8058.333214,3223.333214,0
97,8,18,246824,21,3223.333214,5372.222103,0
97,18,8,246824,21,5372.222103,3223.333214,0
97,8,23,246824,34,3223.333214,8058.333214,0
97,23,8,246824,34,8058.333214,3223.333214,0
97,8,26,246824,26,3223.333214,8058.333214,0
97,26,8,246824,26,8058.333214,3223.333214,0
97,9,11,246824,9,8058.333214,2686.110992,0
97,11,9,246824,9,2686.110992,8058.333214,0
97,9,12,246824,9,8058.333214,4029.166547,0
97,12,9,246824,9,4029.166547,8058.333214,0
97,10,11,246824,10,8058.333214,2686.110992,0
97,11,10,246824,10,2686.110992,8058.333214,0
97,11,12,246824,7,2686.110992,4029.166547,0
97,12,11,246824,7,4029.166547,2686.110992,0
97,11,13,246824,8,2686.110992,2686.110992,0
97,13,11,246824,8,2686.110992,2686.110992,0
97,11,14,246824,8,2686.110992,4029.166547,0
97,14,11,246824,8,4029.166547,2686.110992,0
97,11,21,246824,21,2686.110992,4029.166547,0
97,21,11,246824,21,4029.166547,2686.110992,0
97,12,13,246824,7,4029.166547,2686.110992,0
97,13,12,246824,7,2686.110992,4029.166547,0
97,13,14,246824,9,2686.110992,4029.166547,0
97,14,13,246824,9,4029.166547,2686.110992,0
97,13,15,246824,28,2686.110992,8058.333214,0
97,15,13,246824,28,8058.333214,2686.110992,0
97,13,16,246824,35,2686.110992,8058.333214,0
97,16,13,246824,35,8058.333214,2686.110992,0
97,13,27,246824,24,2686.110992,8058.333214,0
97,27,13,246824,24,8058.333214,2686.110992,0
97,14,16,246824,35,4029.166547,8058.333214,0
97,16,14,246824,35,8058.333214,4029.166547,0
97,14,17,246824,23,4029.166547,8058.333214,0
97,17,14,246824,23,8058.333214,4029.166547,0
97,17,19,246824,28,8058.333214,5372.222103,0
97,19,17,246824,28,5372.222103,8058.333214,0
97,18,19,246824,30,5372.222103,5372.222103,0
97,19,18,246824,30,5372.222103,5372.222103,0
97,19,20,246824,45,5372.222103,8058.333214,0
97,20,19,246824,45,8058.333214,5372.222103,0
97,20,21,246824,42,8058.333214,4029.166547,0
97,21,20,246824,42,4029.166547,8058.333214,0
97,21,23,246824,36,4029.166547,8058.333214,0
97,23,21,246824,36,8058.333214,4029.166547,0
97,26,29,246824,35,8058.333214,5372.222103,0
97,29,26,246824,35,5372.222103,8058.333214,0
98,0,1,246824,8,5372.222103,3223.333214,0
98,1,0,246824,8,3223.333214,5372.222103,0
98,0,3,246824,7,5372.222103,3223.333214,0
98,3,0,246824,7,3223.333214,5372.222103,0
98,0,25,246824,27,5372.222103,8058.333214,0
98,25,0,246824,27,8058.333214,5372.222103,0
98,1,4,246824,11,3223.333214,3223.333214,0
98,4,1,246824,11,3223.333214,3223.333214,0
98,1,22,246824,35,3223.333214,8058.333214,0
98,22,1,246824,35,8058.333214,3223.333214,0
98,1,24,246824,37,3223.333214,8058.333214,0
98,24,1,246824,37,8058.333214,3223.333214,0
98,1,28,246824,38,3223.333214,8058.333214,0
98,28,1,246824,38,8058.333214,3223.333214,0
98,2,3,246824,12,5372.222103,3223.333214,0
98,3,2,246824,12,3223.333214,5372.222103,0
98,2,12,246824,11,5372.222103,3223.333214,0
98,12,2,246824,11,3223.333214,5372.222103,0
98,2,29,246824,27,5372.222103,5372.222103,0
98,29,2,246824,27,5372.222103,5372.222103,0
98,3,4,246824,11,3223.333214,3223.333214,0
98,4,3,246824,11,3223.333214,3223.333214,0
98,3,24,246824,37,3223.333214,8058.333214,0
98,24,3,246824,37,8058.333214,3223.333214,0
98,3,27,246824,24,3223.333214,8058.333214,0
98,27,3,246824,24,8058.333214,3223.333214,0
98,4,5,246824,13,3223.333214,4029.166547,0
98,5,4,246824,13,4029.166547,3223.333214,0
98,4,21,246824,23,3223.333214,4029.166547,0
98,21,4,246824,23,4029.166547,3223.333214,0
98,4,28,246824,39,3223.333214,8058.333214,0
98,28,4,246824,39,8058.333214,3223.333214,0
98,5,6,246824,12,4029.166547,5372.222103,0
98,6,5,246824,12,5372.222103,4029.166547,0
98,5,7,246824,11,4029.166547,2302.380833,0
98,7,5,246824,11,2302.380833,4029.166547,0
98,5,22,246824,37,4029.166547,8058.333214,0
98,22,5,246824,37,8058.333214,4029.166547,0
98,6,7,246824,11,5372.222103,2302.380833,0
98,7,6,246824,11,2302.380833,5372.222103,0
98,6,15,246824,29,5372.222103,8058.333214,0
98,15,6,246824,29,8058.333214,5372.222103,0
98,7,8,246824,10,2302.380833,2686.110992,0
98,8,7,246824,10,2686.110992,2302.380833,0
98,7,12,246824,8,2302.380833,3223.333214,0
98,12,7,246824,8,3223.333214,2302.380833,0
98,7,18,246824,22,2302.380833,8058.333214,0
98,18,7,246824,22,8058.333214,2302.380833,0
98,7,25,246824,29,2302.380833,8058.333214,0
98,25,7,246824,29,8058.333214,2302.380833,0
98,7,29,246824,27,2302.380833,5372.222103,0
98,29,7,246824,27,5372.222103,2302.380833,0
98,8,9,246824,10,2686.110992,5372.222103,0
98,9,8,246824,10,5372.222103,2686.110992,0
98,8,10,246824,11,2686.110992,8058.333214,0
98,10,8,246824,11,8058.333214,2686.110992,0
98,8,18,246824,21,2686.110992,8058.333214,0
98,18,8,246824,21,8058.333214,2686.110992,0
98,8,23,246824,34,2686.110992,8058.333214,0
98,23,8,246824,34,8058.333214,2686.110992,0
98,8,26,246824,26,2686.110992,8058.333214,0
98,26,8,246824,26,8058.333214,2686.110992,0
98,9,11,246824,9,5372.222103,2686.110992,0
98,11,9,246824,9,2686.110992,5372.222103,0
98,9,12,246824,9,5372.222103,3223.333214,0
98,12,9,246824,9,3223.333214,5372.222103,0
98,10,11,246824,10,8058.333214,2686.110992,0
98,11,10,246824,10,2686.110992,8058.333214,0
98,11,12,246824,7,2686.110992,3223.333214,0
98,12,11,246824,7,3223.333214,2686.110992,0
98,11,13,246824,8,2686.110992,2686.110992,0
98,13,11,246824,8,2686.110992,2686.110992,0
98,11,14,246824,8,2686.110992,4029.166547,0
98,14,11,246824,8,4029.166547,2686.110992,0
98,11,21,246824,21,2686.110992,4029.166547,0
98,21,11,246824,21,4029.166547,2686.110992,0
98,12,13,246824,7,3223.333214,2686.110992,0
98,13,12,246824,7,2686.110992,3223.333214,0
98,13,14,246824,9,2686.110992,4029.166547,0
98,14,13,246824,9,4029.166547,2686.110992,0
98,13,15,246824,28,2686.110992,8058.333214,0
98,15,13,246824,28,8058.333214,2686.110992,0
98,13,16,246824,35,2686.110992,8058.333214,0
98,16,13,246824,35,8058.333214,2686.110992,0
98,13,27,246824,24,2686.110992,8058.333214,0
98,27,13,246824,24,8058.333214,2686.110992,0
98,14,16,246824,35,4029.166547,8058.333214,0
98,16,14,246824,35,8058.333214,4029.166547,0
98,14,17,246824,23,4029.166547,5372.222103,0
98,17,14,246824,23,5372.222103,4029.166547,0
98,17,19,246824,28,5372.222103,5372.222103,0
98,19,17,246824,28,5372.222103,5372.222103,0
98,17,20,246824,42,5372.222103,8058.333214,0
98,20,17,246824,42,8058.333214,5372.222103,0
98,19,20,246824,45,5372.222103,8058.333214,0
98,20,19,246824,45,8058.333214,5372.222103,0
98,19,21,246824,28,5372.222103,4029.166547,0
98,21,19,246824,28,4029.166547,5372.222103,0
98,21,23,246824,36,4029.166547,8058.333214,0
98,23,21,246824,36,8058.333214,4029.166547,0
98,26,29,246824,35,8058.333214,5372.222103,0
98,29,26,246824,35,5372.222103,8058.333214,0
99,0,1,246824,8,4029.166547,3223.333214,0
99,1,0,246824,8,3223.333214,4029.166547,0
99,0,2,246824,11,4029.166547,5372.222103,0
99,2,0,246824,11,5372.222103,4029.166547,0
99,0,3,246824,7,4029.166547,3223.333214,0
99,3,0,246824,7,3223.333214,4029.166547,0
99,0,25,246824,27,4029.166547,8058.333214,0
99,25,0,246824,27,8058.333214,4029.166547,0
99,1,4,246824,11,3223.333214,3223.333214,0
99,4,1,246824,11,3223.333214,3223.333214,0
99,1,22,246824,35,3223.333214,8058.333214,0
99,22,1,246824,35,8058.333214,3223.333214,0
99,1,24,246824,37,3223.333214,8058.333214,0
99,24,1,246824,37,8058.333214,3223.333214,0
99,1,28,246824,38,3223.333214,8058.333214,0
99,28,1,246824,38,8058.333214,3223.333214,0
99,2,3,246824,12,5372.222103,3223.333214,0
99,3,2,246824,12,3223.333214,5372.222103,0
99,2,29,246824,27,5372.222103,5372.222103,0
99,29,2,246824,27,5372.222103,5372.222103,0
99,3,4,246824,11,3223.333214,3223.333214,0
99,4,3,246824,11,3223.333214,3223.333214,0
99,3,24,246824,37,3223.333214,8058.333214,0
99,24,3,246824,37,8058.333214,3223.333214,0
99,3,27,246824,24,3223.333214,8058.333214,0
99,27,3,246824,24,8058.333214,3223.333214,0
99,4,7,246824,12,3223.333214,2014.583214,0
99,7,4,246824,12,2014.583214,3223.333214,0
99,4,21,246824,23,3223.333214,4029.166547,0
99,21,4,246824,23,4029.166547,3223.333214,0
99,4,28,246824,39,3223.333214,8058.333214,0
99,28,4,246824,39,8058.333214,3223.333214,0
99,5,6,246824,12,5372.222103,5372.222103,0
99,6,5,246824,12,5372.222103,5372.222103,0
99,5,7,246824,11,5372.222103,2014.583214,0
99,7,5,246824,11,2014.583214,5372.222103,0
99,5,22,246824,37,5372.222103,8058.333214,0
99,22,5,246824,37,8058.333214,5372.222103,0
99,6,7,246824,11,5372.222103,2014.583214,0
99,7,6,246824,11,2014.583214,5372.222103,0
99,6,15,246824,29,5372.222103,8058.333214,0
99,15,6,246824,29,8058.333214,5372.222103,0
99,7,8,246824,10,2014.583214,3223.333214,0
99,8,7,246824,10,3223.333214,2014.583214,0
99,7,12,246824,8,2014.583214,4029.166547,0
99,12,7,246824,8,4029.166547,2014.583214,0
99,7,18,246824,22,2014.583214,8058.333214,0
99,18,7,246824,22,8058.333214,2014.583214,0
99,7,25,246824,29,2014.583214,8058.333214,0
99,25,7,246824,29,8058.333214,2014.583214,0
99,7,29,246824,27,2014.583214,5372.222103,0
99,29,7,246824,27,5372.222103,2014.583214,0
99,8,10,246824,11,3223.333214,8058.333214,0
99,10,8,246824,11,8058.333214,3223.333214,0
99,8,18,246824,21,3223.333214,8058.333214,0
99,18,8,246824,21,8058.333214,3223.333214,0
99,8,23,246824,34,3223.333214,8058.333214,0
99,23,8,246824,34,8058.333214,3223.333214,0
99,8,26,246824,26,3223.333214,8058.333214,0
99,26,8,246824,26,8058.333214,3223.333214,0
99,9,12,246824,9,8058.333214,4029.166547,0
99,12,9,246824,9,4029.166547,8058.333214,0
99,9,14,246824,10,8058.333214,3223.333214,0
99,14,9,246824,10,3223.333214,8058.333214,0
99,10,11,246824,10,8058.333214,4029.166547,0
99,11,10,246824,10,4029.166547,8058.333214,0
99,11,12,246824,7,4029.166547,4029.166547,0
99,12,11,246824,7,4029.166547,4029.166547,0
99,11,14,246824,8,4029.166547,3223.333214,0
99,14,11,246824,8,3223.333214,4029.166547,0
99,11,21,246824,21,4029.166547,4029.166547,0
99,21,11,246824,21,4029.166547,4029.166547,0
99,12,13,246824,7,4029.166547,3223.333214,0
99,13,12,246824,7,3223.333214,4029.166547,0
99,13,14,246824,9,3223.333214,3223.333214,0
99,14,13,246824,9,3223.333214,3223.333214,0
99,13,15,246824,28,3223.333214,8058.333214,0
99,15,13,246824,28,8058.333214,3223.333214,0
99,13,16,246824,35,3223.333214,8058.333214,0
99,16,13,246824,35,8058.333214,3223.333214,0
99,13,27,246824,24,3223.333214,8058.333214,0
99,27,13,246824,24,8058.333214,3223.333214,0
99,14,16,246824,35,3223.333214,8058.333214,0
99,16,14,246824,35,8058.333214,3223.333214,0
99,14,17,246824,23,3223.333214,5372.222103,0
99,17,14,246824,23,5372.222103,3223.333214,0
99,17,19,246824,28,5372.222103,5372.222103,0
99,19,17,246824,28,5372.222103,5372.222103,0
99,17,20,246824,42,5372.222103,8058.333214,0
99,20,17,246824,42,8058.333214,5372.222103,0
99,19,20,246824,45,5372.222103,8058.333214,0
99,20,19,246824,45,8058.333214,5372.222103,0
99,19,21,246824,28,5372.222103,4029.166547,0
99,21,19,246824,28,4029.166547,5372.222103,0
99,21,23,246824,36,4029.166547,8058.333214,0
99,23,21,246824,36,8058.333214,4029.166547,0
99,26,29,246824,35,8058.333214,5372.222103,0
99,29,26,246824,35,5372.222103,8058.333214,0
