round,src,dst,bytes,delay_ticks,src_mj,dst_mj,failed
0,0,9,244784,17,3102.777709,3102.777709,0
0,9,0,244784,17,3102.777709,3102.777709,0
0,0,12,244784,17,3102.777709,2327.083265,0
0,12,0,244784,17,2327.083265,3102.777709,0
0,0,25,244784,17,3102.777709,1861.666598,0
0,25,0,244784,17,1861.666598,3102.777709,0
0,1,6,244784,17,2327.083265,3102.777709,0
0,6,1,244784,17,3102.777709,2327.083265,0
0,1,14,244784,17,2327.083265,1861.666598,0
0,14,1,244784,17,1861.666598,2327.083265,0
0,1,23,244784,17,2327.083265,1861.666598,0
0,23,1,244784,17,1861.666598,2327.083265,0
0,1,25,244784,17,2327.083265,1861.666598,0
0,25,1,244784,17,1861.666598,2327.083265,0
0,2,3,244784,17,1861.666598,1861.666598,0
0,3,2,244784,17,1861.666598,1861.666598,0
0,2,5,244784,17,1861.666598,2327.083265,0
0,5,2,244784,17,2327.083265,1861.666598,0
0,2,9,244784,17,1861.666598,3102.777709,0
0,9,2,244784,17,3102.777709,1861.666598,0
0,2,21,244784,17,1861.666598,2327.083265,0
0,21,2,244784,17,2327.083265,1861.666598,0
0,2,23,244784,17,1861.666598,1861.666598,0
0,23,2,244784,17,1861.666598,1861.666598,0
0,3,11,244784,17,1861.666598,3102.777709,0
0,11,3,244784,17,3102.777709,1861.666598,0
0,3,12,244784,17,1861.666598,2327.083265,0
0,12,3,244784,17,2327.083265,1861.666598,0
0,3,20,244784,17,1861.666598,1551.388821,0
0,20,3,244784,17,1551.388821,1861.666598,0
0,3,28,244784,17,1861.666598,1163.541598,0
0,28,3,244784,17,1163.541598,1861.666598,0
0,4,19,244784,17,2327.083265,3102.777709,0
0,19,4,244784,17,3102.777709,2327.083265,0
0,4,20,244784,17,2327.083265,1551.388821,0
0,20,4,244784,17,1551.388821,2327.083265,0
0,4,23,244784,17,2327.083265,1861.666598,0
0,23,4,244784,17,1861.666598,2327.083265,0
0,4,24,244784,17,2327.083265,2327.083265,0
0,24,4,244784,17,2327.083265,2327.083265,0
0,5,7,244784,17,2327.083265,1551.388821,0
0,7,5,244784,17,1551.388821,2327.083265,0
0,5,16,244784,17,2327.083265,3102.777709,0
0,16,5,244784,17,3102.777709,2327.083265,0
0,5,20,244784,17,2327.083265,1551.388821,0
0,20,5,244784,17,1551.388821,2327.083265,0
0,6,8,244784,17,3102.777709,1861.666598,0
0,8,6,244784,17,1861.666598,3102.777709,0
0,6,14,244784,17,3102.777709,1861.666598,0
0,14,6,244784,17,1861.666598,3102.777709,0
0,7,13,244784,17,1551.388821,3102.777709,0
0,13,7,244784,17,3102.777709,1551.388821,0
0,7,18,244784,17,1551.388821,3102.777709,0
0,18,7,244784,17,3102.777709,1551.388821,0
0,7,21,244784,17,1551.388821,2327.083265,0
0,21,7,244784,17,2327.083265,1551.388821,0
0,7,22,244784,17,1551.388821,2327.083265,0
0,22,7,244784,17,2327.083265,1551.388821,0
0,7,29,244784,17,1551.388821,3102.777709,0
0,29,7,244784,17,3102.777709,1551.388821,0
0,8,10,244784,17,1861.666598,3102.777709,0
0,10,8,244784,17,3102.777709,1861.666598,0
0,8,11,244784,17,1861.666598,3102.777709,0
0,11,8,244784,17,3102.777709,1861.666598,0
0,8,21,244784,17,1861.666598,2327.083265,0
0,21,8,244784,17,2327.083265,1861.666598,0
0,8,28,244784,17,1861.666598,1163.541598,0
0,28,8,244784,17,1163.541598,1861.666598,0
0,9,22,244784,17,3102.777709,2327.083265,0
0,22,9,244784,17,2327.083265,3102.777709,0
0,10,27,244784,17,3102.777709,4654.166598,0
0,27,10,244784,17,4654.166598,3102.777709,0
0,10,28,244784,17,3102.777709,1163.541598,0
0,28,10,244784,17,1163.541598,3102.777709,0
0,11,15,244784,17,3102.777709,3102.777709,0
0,15,11,244784,17,3102.777709,3102.777709,0
0,12,20,244784,17,2327.083265,1551.388821,0
0,20,12,244784,17,1551.388821,2327.083265,0
0,12,29,244784,17,2327.083265,3102.777709,0
0,29,12,244784,17,3102.777709,2327.083265,0
0,13,18,244784,17,3102.777709,3102.777709,0
0,18,13,244784,17,3102.777709,3102.777709,0
0,13,28,244784,17,3102.777709,1163.541598,0
0,28,13,244784,17,1163.541598,3102.777709,0
0,14,15,244784,17,1861.666598,3102.777709,0
0,15,14,244784,17,3102.777709,1861.666598,0
0,14,26,244784,17,1861.666598,3102.777709,0
0,26,14,244784,17,3102.777709,1861.666598,0
0,14,28,244784,17,1861.666598,1163.541598,0
0,28,14,244784,17,1163.541598,1861.666598,0
0,15,22,244784,17,3102.777709,2327.083265,0
0,22,15,244784,17,2327.083265,3102.777709,0
0,16,24,244784,17,3102.777709,2327.083265,0
0,24,16,244784,17,2327.083265,3102.777709,0
0,16,28,244784,17,3102.777709,1163.541598,0
0,28,16,244784,17,1163.541598,3102.777709,0
0,17,22,244784,17,4654.166598,2327.083265,0
0,22,17,244784,17,2327.083265,4654.166598,0
0,17,25,244784,17,4654.166598,1861.666598,0
0,25,17,244784,17,1861.666598,4654.166598,0
0,18,26,244784,17,3102.777709,3102.777709,0
0,26,18,244784,17,3102.777709,3102.777709,0
0,19,20,244784,17,3102.777709,1551.388821,0
0,20,19,244784,17,1551.388821,3102.777709,0
0,19,23,244784,17,3102.777709,1861.666598,0
0,23,19,244784,17,1861.666598,3102.777709,0
0,20,21,244784,17,1551.388821,2327.083265,0
0,21,20,244784,17,2327.083265,1551.388821,0
0,23,29,244784,17,1861.666598,3102.777709,0
0,29,23,244784,17,3102.777709,1861.666598,0
0,24,25,244784,17,2327.083265,1861.666598,0
0,25,24,244784,17,1861.666598,2327.083265,0
0,24,27,244784,17,2327.083265,4654.166598,0
0,27,24,244784,17,4654.166598,2327.083265,0
0,25,28,244784,17,1861.666598,1163.541598,0
0,28,25,244784,17,1163.541598,1861.666598,0
0,26,28,244784,17,3102.777709,1163.541598,0
0,28,26,244784,17,1163.541598,3102.777709,0
1,0,9,244784,17,2337.499931,2337.499931,0
1,9,0,244784,17,2337.499931,2337.499931,0
1,0,12,244784,17,2337.499931,1869.999931,0
1,12,0,244784,17,1869.999931,2337.499931,0
1,0,17,244784,17,2337.499931,2337.499931,0
1,17,0,244784,17,2337.499931,2337.499931,0
1,0,22,244784,17,2337.499931,3116.666598,0
1,22,0,244784,17,3116.666598,2337.499931,0
1,1,3,244784,17,1558.333265,1869.999931,0
1,3,1,244784,17,1869.999931,1558.333265,0
1,1,6,244784,17,1558.333265,3116.666598,0
1,6,1,244784,17,3116.666598,1558.333265,0
1,1,12,244784,17,1558.333265,1869.999931,0
1,12,1,244784,17,1869.999931,1558.333265,0
1,1,13,244784,17,1558.333265,3116.666598,0
1,13,1,244784,17,3116.666598,1558.333265,0
1,1,14,244784,17,1558.333265,1558.333265,0
1,14,1,244784,17,1558.333265,1558.333265,0
1,1,25,244784,17,1558.333265,4674.999931,0
1,25,1,244784,17,4674.999931,1558.333265,0
1,2,3,244784,17,1869.999931,1869.999931,0
1,3,2,244784,17,1869.999931,1869.999931,0
1,2,5,244784,17,1869.999931,4674.999931,0
1,5,2,244784,17,4674.999931,1869.999931,0
1,2,12,244784,17,1869.999931,1869.999931,0
1,12,2,244784,17,1869.999931,1869.999931,0
1,2,21,244784,17,1869.999931,1558.333265,0
1,21,2,244784,17,1558.333265,1869.999931,0
1,2,23,244784,17,1869.999931,4674.999931,0
1,23,2,244784,17,4674.999931,1869.999931,0
1,3,12,244784,17,1869.999931,1869.999931,0
1,12,3,244784,17,1869.999931,1869.999931,0
1,3,15,244784,17,1869.999931,1558.333265,0
1,15,3,244784,17,1558.333265,1869.999931,0
1,3,26,244784,17,1869.999931,3116.666598,0
1,26,3,244784,17,3116.666598,1869.999931,0
1,4,11,244784,17,1869.999931,3116.666598,0
1,11,4,244784,17,3116.666598,1869.999931,0
1,4,15,244784,17,1869.999931,1558.333265,0
1,15,4,244784,17,1558.333265,1869.999931,0
1,4,19,244784,17,1869.999931,4674.999931,0
1,19,4,244784,17,4674.999931,1869.999931,0
1,4,20,244784,17,1869.999931,2337.499931,0
1,20,4,244784,17,2337.499931,1869.999931,0
1,4,24,244784,17,1869.999931,4674.999931,0
1,24,4,244784,17,4674.999931,1869.999931,0
1,5,20,244784,17,4674.999931,2337.499931,0
1,20,5,244784,17,2337.499931,4674.999931,0
1,6,11,244784,17,3116.666598,3116.666598,0
1,11,6,244784,17,3116.666598,3116.666598,0
1,6,20,244784,17,3116.666598,2337.499931,0
1,20,6,244784,17,2337.499931,3116.666598,0
1,7,8,244784,17,2337.499931,3116.666598,0
1,8,7,244784,17,3116.666598,2337.499931,0
1,7,17,244784,17,2337.499931,2337.499931,0
1,17,7,244784,17,2337.499931,2337.499931,0
1,7,18,244784,17,2337.499931,3116.666598,0
1,18,7,244784,17,3116.666598,2337.499931,0
1,7,27,244784,17,2337.499931,3116.666598,0
1,27,7,244784,17,3116.666598,2337.499931,0
1,8,21,244784,17,3116.666598,1558.333265,0
1,21,8,244784,17,1558.333265,3116.666598,0
1,8,28,244784,17,3116.666598,1335.714217,0
1,28,8,244784,17,1335.714217,3116.666598,0
1,9,10,244784,17,2337.499931,2337.499931,0
1,10,9,244784,17,2337.499931,2337.499931,0
1,9,14,244784,17,2337.499931,1558.333265,0
1,14,9,244784,17,1558.333265,2337.499931,0
1,9,24,244784,17,2337.499931,4674.999931,0
1,24,9,244784,17,4674.999931,2337.499931,0
1,10,19,244784,17,2337.499931,4674.999931,0
1,19,10,244784,17,4674.999931,2337.499931,0
1,10,27,244784,17,2337.499931,3116.666598,0
1,27,10,244784,17,3116.666598,2337.499931,0
1,10,28,244784,17,2337.499931,1335.714217,0
1,28,10,244784,17,1335.714217,2337.499931,0
1,11,15,244784,17,3116.666598,1558.333265,0
1,15,11,244784,17,1558.333265,3116.666598,0
1,12,29,244784,17,1869.999931,3116.666598,0
1,29,12,244784,17,3116.666598,1869.999931,0
1,13,23,244784,17,3116.666598,4674.999931,0
1,23,13,244784,17,4674.999931,3116.666598,0
1,13,28,244784,17,3116.666598,1335.714217,0
1,28,13,244784,17,1335.714217,3116.666598,0
1,14,15,244784,17,1558.333265,1558.333265,0
1,15,14,244784,17,1558.333265,1558.333265,0
1,14,16,244784,17,1558.333265,4674.999931,0
1,16,14,244784,17,4674.999931,1558.333265,0
1,14,28,244784,17,1558.333265,1335.714217,0
1,28,14,244784,17,1335.714217,1558.333265,0
1,14,29,244784,17,1558.333265,3116.666598,0
1,29,14,244784,17,3116.666598,1558.333265,0
1,15,22,244784,17,1558.333265,3116.666598,0
1,22,15,244784,17,3116.666598,1558.333265,0
1,15,29,244784,17,1558.333265,3116.666598,0
1,29,15,244784,17,3116.666598,1558.333265,0
1,16,28,244784,17,4674.999931,1335.714217,0
1,28,16,244784,17,1335.714217,4674.999931,0
1,17,22,244784,17,2337.499931,3116.666598,0
1,22,17,244784,17,3116.666598,2337.499931,0
1,17,27,244784,17,2337.499931,3116.666598,0
1,27,17,244784,17,3116.666598,2337.499931,0
1,18,21,244784,17,3116.666598,1558.333265,0
1,21,18,244784,17,1558.333265,3116.666598,0
1,18,26,244784,17,3116.666598,3116.666598,0
1,26,18,244784,17,3116.666598,3116.666598,0
1,20,21,244784,17,2337.499931,1558.333265,0
1,21,20,244784,17,1558.333265,2337.499931,0
1,21,25,244784,17,1558.333265,4674.999931,0
1,25,21,244784,17,4674.999931,1558.333265,0
1,21,28,244784,17,1558.333265,1335.714217,0
1,28,21,244784,17,1335.714217,1558.333265,0
1,26,28,244784,17,3116.666598,1335.714217,0
1,28,26,244784,17,1335.714217,3116.666598,0
2,0,9,244784,17,1552.777709,1552.777709,0
2,9,0,244784,17,1552.777709,1552.777709,0
2,0,12,244784,17,1552.777709,3105.555487,0
2,12,0,244784,17,3105.555487,1552.777709,0
2,0,14,244784,17,1552.777709,2329.166598,0
2,14,0,244784,17,2329.166598,1552.777709,0
2,0,22,244784,17,1552.777709,1863.333265,0
2,22,0,244784,17,1863.333265,1552.777709,0
2,0,23,244784,17,1552.777709,1552.777709,0
2,23,0,244784,17,1552.777709,1552.777709,0
2,0,25,244784,17,1552.777709,1863.333265,0
2,25,0,244784,17,1863.333265,1552.777709,0
2,1,12,244784,17,3105.555487,3105.555487,0
2,12,1,244784,17,3105.555487,3105.555487,0
2,1,13,244784,17,3105.555487,2329.166598,0
2,13,1,244784,17,2329.166598,3105.555487,0
2,1,23,244784,17,3105.555487,1552.777709,0
2,23,1,244784,17,1552.777709,3105.555487,0
2,2,5,244784,17,3105.555487,3105.555487,0
2,5,2,244784,17,3105.555487,3105.555487,0
2,2,9,244784,17,3105.555487,1552.777709,0
2,9,2,244784,17,1552.777709,3105.555487,0
2,2,17,244784,17,3105.555487,1552.777709,0
2,17,2,244784,17,1552.777709,3105.555487,0
2,3,11,244784,17,2329.166598,2329.166598,0
2,11,3,244784,17,2329.166598,2329.166598,0
2,3,17,244784,17,2329.166598,1552.777709,0
2,17,3,244784,17,1552.777709,2329.166598,0
2,3,20,244784,17,2329.166598,2329.166598,0
2,20,3,244784,17,2329.166598,2329.166598,0
2,3,28,244784,17,2329.166598,3105.555487,0
2,28,3,244784,17,3105.555487,2329.166598,0
2,4,9,244784,17,2329.166598,1552.777709,0
2,9,4,244784,17,1552.777709,2329.166598,0
2,4,11,244784,17,2329.166598,2329.166598,0
2,11,4,244784,17,2329.166598,2329.166598,0
2,4,23,244784,17,2329.166598,1552.777709,0
2,23,4,244784,17,1552.777709,2329.166598,0
2,4,24,244784,17,2329.166598,1863.333265,0
2,24,4,244784,17,1863.333265,2329.166598,0
2,5,10,244784,17,3105.555487,3105.555487,0
2,10,5,244784,17,3105.555487,3105.555487,0
2,5,16,244784,17,3105.555487,3105.555487,0
2,16,5,244784,17,3105.555487,3105.555487,0
2,6,8,244784,17,3105.555487,1863.333265,0
2,8,6,244784,17,1863.333265,3105.555487,0
2,6,14,244784,17,3105.555487,2329.166598,0
2,14,6,244784,17,2329.166598,3105.555487,0
2,6,17,244784,17,3105.555487,1552.777709,0
2,17,6,244784,17,1552.777709,3105.555487,0
2,7,13,244784,17,1552.777709,2329.166598,0
2,13,7,244784,17,2329.166598,1552.777709,0
2,7,15,244784,17,1552.777709,4658.333265,0
2,15,7,244784,17,4658.333265,1552.777709,0
2,7,17,244784,17,1552.777709,1552.777709,0
2,17,7,244784,17,1552.777709,1552.777709,0
2,7,21,244784,17,1552.777709,1863.333265,0
2,21,7,244784,17,1863.333265,1552.777709,0
2,7,22,244784,17,1552.777709,1863.333265,0
2,22,7,244784,17,1863.333265,1552.777709,0
2,7,29,244784,17,1552.777709,3105.555487,0
2,29,7,244784,17,3105.555487,1552.777709,0
2,8,10,244784,17,1863.333265,3105.555487,0
2,10,8,244784,17,3105.555487,1863.333265,0
2,8,11,244784,17,1863.333265,2329.166598,0
2,11,8,244784,17,2329.166598,1863.333265,0
2,8,21,244784,17,1863.333265,1863.333265,0
2,21,8,244784,17,1863.333265,1863.333265,0
2,8,26,244784,17,1863.333265,4658.333265,0
2,26,8,244784,17,4658.333265,1863.333265,0
2,9,10,244784,17,1552.777709,3105.555487,0
2,10,9,244784,17,3105.555487,1552.777709,0
2,9,22,244784,17,1552.777709,1863.333265,0
2,22,9,244784,17,1863.333265,1552.777709,0
2,9,27,244784,17,1552.777709,3105.555487,0
2,27,9,244784,17,3105.555487,1552.777709,0
2,11,20,244784,17,2329.166598,2329.166598,0
2,20,11,244784,17,2329.166598,2329.166598,0
2,12,20,244784,17,3105.555487,2329.166598,0
2,20,12,244784,17,2329.166598,3105.555487,0
2,13,18,244784,17,2329.166598,4658.333265,0
2,18,13,244784,17,4658.333265,2329.166598,0
2,13,23,244784,17,2329.166598,1552.777709,0
2,23,13,244784,17,1552.777709,2329.166598,0
2,14,19,244784,17,2329.166598,3105.555487,0
2,19,14,244784,17,3105.555487,2329.166598,0
2,14,26,244784,17,2329.166598,4658.333265,0
2,26,14,244784,17,4658.333265,2329.166598,0
2,15,22,244784,17,4658.333265,1863.333265,0
2,22,15,244784,17,1863.333265,4658.333265,0
2,16,24,244784,17,3105.555487,1863.333265,0
2,24,16,244784,17,1863.333265,3105.555487,0
2,16,27,244784,17,3105.555487,3105.555487,0
2,27,16,244784,17,3105.555487,3105.555487,0
2,17,22,244784,17,1552.777709,1863.333265,0
2,22,17,244784,17,1863.333265,1552.777709,0
2,17,25,244784,17,1552.777709,1863.333265,0
2,25,17,244784,17,1863.333265,1552.777709,0
2,18,21,244784,17,4658.333265,1863.333265,0
2,21,18,244784,17,1863.333265,4658.333265,0
2,19,20,244784,17,3105.555487,2329.166598,0
2,20,19,244784,17,2329.166598,3105.555487,0
2,19,23,244784,17,3105.555487,1552.777709,0
2,23,19,244784,17,1552.777709,3105.555487,0
2,21,25,244784,17,1863.333265,1863.333265,0
2,25,21,244784,17,1863.333265,1863.333265,0
2,21,28,244784,17,1863.333265,3105.555487,0
2,28,21,244784,17,3105.555487,1863.333265,0
2,23,29,244784,17,1552.777709,3105.555487,0
2,29,23,244784,17,3105.555487,1552.777709,0
2,24,25,244784,17,1863.333265,1863.333265,0
2,25,24,244784,17,1863.333265,1863.333265,0
2,24,27,244784,17,1863.333265,3105.555487,0
2,27,24,244784,17,3105.555487,1863.333265,0
2,24,29,244784,17,1863.333265,3105.555487,0
2,29,24,244784,17,3105.555487,1863.333265,0
2,25,28,244784,17,1863.333265,3105.555487,0
2,28,25,244784,17,3105.555487,1863.333265,0
3,0,12,244784,17,2331.249932,1864.999932,0
3,12,0,244784,17,1864.999932,2331.249932,0
3,0,17,244784,17,2331.249932,3108.333265,0
3,17,0,244784,17,3108.333265,2331.249932,0
3,0,22,244784,17,2331.249932,3108.333265,0
3,22,0,244784,17,3108.333265,2331.249932,0
3,0,28,244784,17,2331.249932,1332.142789,0
3,28,0,244784,17,1332.142789,2331.249932,0
3,1,3,244784,17,2331.249932,2331.249932,0
3,3,1,244784,17,2331.249932,2331.249932,0
3,1,12,244784,17,2331.249932,1864.999932,0
3,12,1,244784,17,1864.999932,2331.249932,0
3,1,14,244784,17,2331.249932,1554.166598,0
3,14,1,244784,17,1554.166598,2331.249932,0
3,1,25,244784,17,2331.249932,4662.499932,0
3,25,1,244784,17,4662.499932,2331.249932,0
3,2,3,244784,17,1554.166598,2331.249932,0
3,3,2,244784,17,2331.249932,1554.166598,0
3,2,5,244784,17,1554.166598,3108.333265,0
3,5,2,244784,17,3108.333265,1554.166598,0
3,2,12,244784,17,1554.166598,1864.999932,0
3,12,2,244784,17,1864.999932,1554.166598,0
3,2,13,244784,17,1554.166598,3108.333265,0
3,13,2,244784,17,3108.333265,1554.166598,0
3,2,21,244784,17,1554.166598,1864.999932,0
3,21,2,244784,17,1864.999932,1554.166598,0
3,2,23,244784,17,1554.166598,4662.499932,0
3,23,2,244784,17,4662.499932,1554.166598,0
3,3,12,244784,17,2331.249932,1864.999932,0
3,12,3,244784,17,1864.999932,2331.249932,0
3,3,19,244784,17,2331.249932,3108.333265,0
3,19,3,244784,17,3108.333265,2331.249932,0
3,4,9,244784,17,1332.142789,1554.166598,0
3,9,4,244784,17,1554.166598,1332.142789,0
3,4,11,244784,17,1332.142789,3108.333265,0
3,11,4,244784,17,3108.333265,1332.142789,0
3,4,15,244784,17,1332.142789,2331.249932,0
3,15,4,244784,17,2331.249932,1332.142789,0
3,4,19,244784,17,1332.142789,3108.333265,0
3,19,4,244784,17,3108.333265,1332.142789,0
3,4,20,244784,17,1332.142789,2331.249932,0
3,20,4,244784,17,2331.249932,1332.142789,0
3,4,24,244784,17,1332.142789,3108.333265,0
3,24,4,244784,17,3108.333265,1332.142789,0
3,4,25,244784,17,1332.142789,4662.499932,0
3,25,4,244784,17,4662.499932,1332.142789,0
3,5,7,244784,17,3108.333265,1554.166598,0
3,7,5,244784,17,1554.166598,3108.333265,0
3,5,20,244784,17,3108.333265,2331.249932,0
3,20,5,244784,17,2331.249932,3108.333265,0
3,6,11,244784,17,3108.333265,3108.333265,0
3,11,6,244784,17,3108.333265,3108.333265,0
3,6,15,244784,17,3108.333265,2331.249932,0
3,15,6,244784,17,2331.249932,3108.333265,0
3,6,20,244784,17,3108.333265,2331.249932,0
3,20,6,244784,17,2331.249932,3108.333265,0
3,7,8,244784,17,1554.166598,2331.249932,0
3,8,7,244784,17,2331.249932,1554.166598,0
3,7,9,244784,17,1554.166598,1554.166598,0
3,9,7,244784,17,1554.166598,1554.166598,0
3,7,18,244784,17,1554.166598,3108.333265,0
3,18,7,244784,17,3108.333265,1554.166598,0
3,7,22,244784,17,1554.166598,3108.333265,0
3,22,7,244784,17,3108.333265,1554.166598,0
3,7,27,244784,17,1554.166598,3108.333265,0
3,27,7,244784,17,3108.333265,1554.166598,0
3,8,21,244784,17,2331.249932,1864.999932,0
3,21,8,244784,17,1864.999932,2331.249932,0
3,8,26,244784,17,2331.249932,3108.333265,0
3,26,8,244784,17,3108.333265,2331.249932,0
3,8,28,244784,17,2331.249932,1332.142789,0
3,28,8,244784,17,1332.142789,2331.249932,0
3,9,10,244784,17,1554.166598,2331.249932,0
3,10,9,244784,17,2331.249932,1554.166598,0
3,9,14,244784,17,1554.166598,1554.166598,0
3,14,9,244784,17,1554.166598,1554.166598,0
3,9,21,244784,17,1554.166598,1864.999932,0
3,21,9,244784,17,1864.999932,1554.166598,0
3,9,24,244784,17,1554.166598,3108.333265,0
3,24,9,244784,17,3108.333265,1554.166598,0
3,10,19,244784,17,2331.249932,3108.333265,0
3,19,10,244784,17,3108.333265,2331.249932,0
3,10,27,244784,17,2331.249932,3108.333265,0
3,27,10,244784,17,3108.333265,2331.249932,0
3,10,28,244784,17,2331.249932,1332.142789,0
3,28,10,244784,17,1332.142789,2331.249932,0
3,11,15,244784,17,3108.333265,2331.249932,0
3,15,11,244784,17,2331.249932,3108.333265,0
3,12,29,244784,17,1864.999932,3108.333265,0
3,29,12,244784,17,3108.333265,1864.999932,0
3,13,23,244784,17,3108.333265,4662.499932,0
3,23,13,244784,17,4662.499932,3108.333265,0
3,13,28,244784,17,3108.333265,1332.142789,0
3,28,13,244784,17,1332.142789,3108.333265,0
3,14,15,244784,17,1554.166598,2331.249932,0
3,15,14,244784,17,2331.249932,1554.166598,0
3,14,16,244784,17,1554.166598,4662.499932,0
3,16,14,244784,17,4662.499932,1554.166598,0
3,14,28,244784,17,1554.166598,1332.142789,0
3,28,14,244784,17,1332.142789,1554.166598,0
3,14,29,244784,17,1554.166598,3108.333265,0
3,29,14,244784,17,3108.333265,1554.166598,0
3,16,28,244784,17,4662.499932,1332.142789,0
3,28,16,244784,17,1332.142789,4662.499932,0
3,17,22,244784,17,3108.333265,3108.333265,0
3,22,17,244784,17,3108.333265,3108.333265,0
3,17,27,244784,17,3108.333265,3108.333265,0
3,27,17,244784,17,3108.333265,3108.333265,0
3,18,21,244784,17,3108.333265,1864.999932,0
3,21,18,244784,17,1864.999932,3108.333265,0
3,18,26,244784,17,3108.333265,3108.333265,0
3,26,18,244784,17,3108.333265,3108.333265,0
3,20,21,244784,17,2331.249932,1864.999932,0
3,21,20,244784,17,1864.999932,2331.249932,0
3,24,29,244784,17,3108.333265,3108.333265,0
3,29,24,244784,17,3108.333265,3108.333265,0
3,26,28,244784,17,3108.333265,1332.142789,0
3,28,26,244784,17,1332.142789,3108.333265,0
4,0,9,244784,17,1861.666598,1861.666598,0
4,9,0,244784,17,1861.666598,1861.666598,0
4,0,12,244784,17,1861.666598,2327.083265,0
4,12,0,244784,17,2327.083265,1861.666598,0
4,0,14,244784,17,1861.666598,3102.777709,0
4,14,0,244784,17,3102.777709,1861.666598,0
4,0,23,244784,17,1861.666598,1551.388821,0
4,23,0,244784,17,1551.388821,1861.666598,0
4,0,25,244784,17,1861.666598,1861.666598,0
4,25,0,244784,17,1861.666598,1861.666598,0
4,1,6,244784,17,2327.083265,3102.777709,0
4,6,1,244784,17,3102.777709,2327.083265,0
4,1,12,244784,17,2327.083265,2327.083265,0
4,12,1,244784,17,2327.083265,2327.083265,0
4,1,13,244784,17,2327.083265,2327.083265,0
4,13,1,244784,17,2327.083265,2327.083265,0
4,1,23,244784,17,2327.083265,1551.388821,0
4,23,1,244784,17,1551.388821,2327.083265,0
4,2,5,244784,17,1329.761836,3102.777709,0
4,5,2,244784,17,3102.777709,1329.761836,0
4,2,12,244784,17,1329.761836,2327.083265,0
4,12,2,244784,17,2327.083265,1329.761836,0
4,2,13,244784,17,1329.761836,2327.083265,0
4,13,2,244784,17,2327.083265,1329.761836,0
4,2,17,244784,17,1329.761836,2327.083265,0
4,17,2,244784,17,2327.083265,1329.761836,0
4,2,18,244784,17,1329.761836,4654.166598,0
4,18,2,244784,17,4654.166598,1329.761836,0
4,2,20,244784,17,1329.761836,2327.083265,0
4,20,2,244784,17,2327.083265,1329.761836,0
4,2,23,244784,17,1329.761836,1551.388821,0
4,23,2,244784,17,1551.388821,1329.761836,0
4,3,11,244784,17,1861.666598,2327.083265,0
4,11,3,244784,17,2327.083265,1861.666598,0
4,3,15,244784,17,1861.666598,1861.666598,0
4,15,3,244784,17,1861.666598,1861.666598,0
4,3,22,244784,17,1861.666598,3102.777709,0
4,22,3,244784,17,3102.777709,1861.666598,0
4,3,26,244784,17,1861.666598,4654.166598,0
4,26,3,244784,17,4654.166598,1861.666598,0
4,3,28,244784,17,1861.666598,3102.777709,0
4,28,3,244784,17,3102.777709,1861.666598,0
4,4,11,244784,17,2327.083265,2327.083265,0
4,11,4,244784,17,2327.083265,2327.083265,0
4,4,15,244784,17,2327.083265,1861.666598,0
4,15,4,244784,17,1861.666598,2327.083265,0
4,4,23,244784,17,2327.083265,1551.388821,0
4,23,4,244784,17,1551.388821,2327.083265,0
4,4,25,244784,17,2327.083265,1861.666598,0
4,25,4,244784,17,1861.666598,2327.083265,0
4,5,10,244784,17,3102.777709,3102.777709,0
4,10,5,244784,17,3102.777709,3102.777709,0
4,5,16,244784,17,3102.777709,3102.777709,0
4,16,5,244784,17,3102.777709,3102.777709,0
4,6,8,244784,17,3102.777709,1861.666598,0
4,8,6,244784,17,1861.666598,3102.777709,0
4,6,14,244784,17,3102.777709,3102.777709,0
4,14,6,244784,17,3102.777709,3102.777709,0
4,7,15,244784,17,3102.777709,1861.666598,0
4,15,7,244784,17,1861.666598,3102.777709,0
4,7,17,244784,17,3102.777709,2327.083265,0
4,17,7,244784,17,2327.083265,3102.777709,0
4,7,29,244784,17,3102.777709,3102.777709,0
4,29,7,244784,17,3102.777709,3102.777709,0
4,8,10,244784,17,1861.666598,3102.777709,0
4,10,8,244784,17,3102.777709,1861.666598,0
4,8,11,244784,17,1861.666598,2327.083265,0
4,11,8,244784,17,2327.083265,1861.666598,0
4,8,21,244784,17,1861.666598,2327.083265,0
4,21,8,244784,17,2327.083265,1861.666598,0
4,8,26,244784,17,1861.666598,4654.166598,0
4,26,8,244784,17,4654.166598,1861.666598,0
4,9,10,244784,17,1861.666598,3102.777709,0
4,10,9,244784,17,3102.777709,1861.666598,0
4,9,21,244784,17,1861.666598,2327.083265,0
4,21,9,244784,17,2327.083265,1861.666598,0
4,9,22,244784,17,1861.666598,3102.777709,0
4,22,9,244784,17,3102.777709,1861.666598,0
4,9,27,244784,17,1861.666598,3102.777709,0
4,27,9,244784,17,3102.777709,1861.666598,0
4,11,20,244784,17,2327.083265,2327.083265,0
4,20,11,244784,17,2327.083265,2327.083265,0
4,12,20,244784,17,2327.083265,2327.083265,0
4,20,12,244784,17,2327.083265,2327.083265,0
4,13,18,244784,17,2327.083265,4654.166598,0
4,18,13,244784,17,4654.166598,2327.083265,0
4,13,23,244784,17,2327.083265,1551.388821,0
4,23,13,244784,17,1551.388821,2327.083265,0
4,14,19,244784,17,3102.777709,4654.166598,0
4,19,14,244784,17,4654.166598,3102.777709,0
4,15,22,244784,17,1861.666598,3102.777709,0
4,22,15,244784,17,3102.777709,1861.666598,0
4,15,29,244784,17,1861.666598,3102.777709,0
4,29,15,244784,17,3102.777709,1861.666598,0
4,16,24,244784,17,3102.777709,3102.777709,0
4,24,16,244784,17,3102.777709,3102.777709,0
4,16,27,244784,17,3102.777709,3102.777709,0
4,27,16,244784,17,3102.777709,3102.777709,0
4,17,24,244784,17,2327.083265,3102.777709,0
4,24,17,244784,17,3102.777709,2327.083265,0
4,17,25,244784,17,2327.083265,1861.666598,0
4,25,17,244784,17,1861.666598,2327.083265,0
4,19,20,244784,17,4654.166598,2327.083265,0
4,20,19,244784,17,2327.083265,4654.166598,0
4,21,25,244784,17,2327.083265,1861.666598,0
4,25,21,244784,17,1861.666598,2327.083265,0
4,21,28,244784,17,2327.083265,3102.777709,0
4,28,21,244784,17,3102.777709,2327.083265,0
4,23,29,244784,17,1551.388821,3102.777709,0
4,29,23,244784,17,3102.777709,1551.388821,0
4,24,27,244784,17,3102.777709,3102.777709,0
4,27,24,244784,17,3102.777709,3102.777709,0
4,25,28,244784,17,1861.666598,3102.777709,0
4,28,25,244784,17,3102.777709,1861.666598,0
5,0,12,244784,17,3102.777709,2327.083265,0
5,12,0,244784,17,2327.083265,3102.777709,0
5,0,17,244784,17,3102.777709,1861.666598,0
5,17,0,244784,17,1861.666598,3102.777709,0
5,0,22,244784,17,3102.777709,3102.777709,0
5,22,0,244784,17,3102.777709,3102.777709,0
5,1,7,244784,17,2327.083265,1163.541598,0
5,7,1,244784,17,1163.541598,2327.083265,0
5,1,12,244784,17,2327.083265,2327.083265,0
5,12,1,244784,17,2327.083265,2327.083265,0
5,1,14,244784,17,2327.083265,1551.388821,0
5,14,1,244784,17,1551.388821,2327.083265,0
5,1,16,244784,17,2327.083265,4654.166598,0
5,16,1,244784,17,4654.166598,2327.083265,0
5,2,3,244784,17,1551.388821,3102.777709,0
5,3,2,244784,17,3102.777709,1551.388821,0
5,2,9,244784,17,1551.388821,2327.083265,0
5,9,2,244784,17,2327.083265,1551.388821,0
5,2,10,244784,17,1551.388821,2327.083265,0
5,10,2,244784,17,2327.083265,1551.388821,0
5,2,18,244784,17,1551.388821,4654.166598,0
5,18,2,244784,17,4654.166598,1551.388821,0
5,2,21,244784,17,1551.388821,1861.666598,0
5,21,2,244784,17,1861.666598,1551.388821,0
5,2,23,244784,17,1551.388821,2327.083265,0
5,23,2,244784,17,2327.083265,1551.388821,0
5,3,12,244784,17,3102.777709,2327.083265,0
5,12,3,244784,17,2327.083265,3102.777709,0
5,3,17,244784,17,3102.777709,1861.666598,0
5,17,3,244784,17,1861.666598,3102.777709,0
5,4,9,244784,17,1329.761836,2327.083265,0
5,9,4,244784,17,2327.083265,1329.761836,0
5,4,15,244784,17,1329.761836,3102.777709,0
5,15,4,244784,17,3102.777709,1329.761836,0
5,4,19,244784,17,1329.761836,2327.083265,0
5,19,4,244784,17,2327.083265,1329.761836,0
5,4,20,244784,17,1329.761836,1861.666598,0
5,20,4,244784,17,1861.666598,1329.761836,0
5,4,24,244784,17,1329.761836,2327.083265,0
5,24,4,244784,17,2327.083265,1329.761836,0
5,4,25,244784,17,1329.761836,4654.166598,0
5,25,4,244784,17,4654.166598,1329.761836,0
5,4,28,244784,17,1329.761836,1329.761836,0
5,28,4,244784,17,1329.761836,1329.761836,0
5,5,7,244784,17,4654.166598,1163.541598,0
5,7,5,244784,17,1163.541598,4654.166598,0
5,5,20,244784,17,4654.166598,1861.666598,0
5,20,5,244784,17,1861.666598,4654.166598,0
5,6,11,244784,17,3102.777709,2327.083265,0
5,11,6,244784,17,2327.083265,3102.777709,0
5,6,17,244784,17,3102.777709,1861.666598,0
5,17,6,244784,17,1861.666598,3102.777709,0
5,6,20,244784,17,3102.777709,1861.666598,0
5,20,6,244784,17,1861.666598,3102.777709,0
5,7,9,244784,17,1163.541598,2327.083265,0
5,9,7,244784,17,2327.083265,1163.541598,0
5,7,13,244784,17,1163.541598,4654.166598,0
5,13,7,244784,17,4654.166598,1163.541598,0
5,7,21,244784,17,1163.541598,1861.666598,0
5,21,7,244784,17,1861.666598,1163.541598,0
5,7,22,244784,17,1163.541598,3102.777709,0
5,22,7,244784,17,3102.777709,1163.541598,0
5,7,23,244784,17,1163.541598,2327.083265,0
5,23,7,244784,17,2327.083265,1163.541598,0
5,7,27,244784,17,1163.541598,4654.166598,0
5,27,7,244784,17,4654.166598,1163.541598,0
5,8,19,244784,17,3102.777709,2327.083265,0
5,19,8,244784,17,2327.083265,3102.777709,0
5,8,21,244784,17,3102.777709,1861.666598,0
5,21,8,244784,17,1861.666598,3102.777709,0
5,8,28,244784,17,3102.777709,1329.761836,0
5,28,8,244784,17,1329.761836,3102.777709,0
5,9,14,244784,17,2327.083265,1551.388821,0
5,14,9,244784,17,1551.388821,2327.083265,0
5,10,19,244784,17,2327.083265,2327.083265,0
5,19,10,244784,17,2327.083265,2327.083265,0
5,10,27,244784,17,2327.083265,4654.166598,0
5,27,10,244784,17,4654.166598,2327.083265,0
5,10,28,244784,17,2327.083265,1329.761836,0
5,28,10,244784,17,1329.761836,2327.083265,0
5,11,15,244784,17,2327.083265,3102.777709,0
5,15,11,244784,17,3102.777709,2327.083265,0
5,11,23,244784,17,2327.083265,2327.083265,0
5,23,11,244784,17,2327.083265,2327.083265,0
5,11,24,244784,17,2327.083265,2327.083265,0
5,24,11,244784,17,2327.083265,2327.083265,0
5,12,29,244784,17,2327.083265,3102.777709,0
5,29,12,244784,17,3102.777709,2327.083265,0
5,13,28,244784,17,4654.166598,1329.761836,0
5,28,13,244784,17,1329.761836,4654.166598,0
5,14,15,244784,17,1551.388821,3102.777709,0
5,15,14,244784,17,3102.777709,1551.388821,0
5,14,26,244784,17,1551.388821,4654.166598,0
5,26,14,244784,17,4654.166598,1551.388821,0
5,14,28,244784,17,1551.388821,1329.761836,0
5,28,14,244784,17,1329.761836,1551.388821,0
5,14,29,244784,17,1551.388821,3102.777709,0
5,29,14,244784,17,3102.777709,1551.388821,0
5,16,28,244784,17,4654.166598,1329.761836,0
5,28,16,244784,17,1329.761836,4654.166598,0
5,17,20,244784,17,1861.666598,1861.666598,0
5,20,17,244784,17,1861.666598,1861.666598,0
5,17,22,244784,17,1861.666598,3102.777709,0
5,22,17,244784,17,3102.777709,1861.666598,0
5,18,21,244784,17,4654.166598,1861.666598,0
5,21,18,244784,17,1861.666598,4654.166598,0
5,19,23,244784,17,2327.083265,2327.083265,0
5,23,19,244784,17,2327.083265,2327.083265,0
5,20,21,244784,17,1861.666598,1861.666598,0
5,21,20,244784,17,1861.666598,1861.666598,0
5,24,25,244784,17,2327.083265,4654.166598,0
5,25,24,244784,17,4654.166598,2327.083265,0
5,24,29,244784,17,2327.083265,3102.777709,0
5,29,24,244784,17,3102.777709,2327.083265,0
5,26,28,244784,17,4654.166598,1329.761836,0
5,28,26,244784,17,1329.761836,4654.166598,0
6,0,22,244784,17,3102.777709,1861.666598,0
6,22,0,244784,17,1861.666598,3102.777709,0
6,0,23,244784,17,3102.777709,1329.761836,0
6,23,0,244784,17,1329.761836,3102.777709,0
6,0,25,244784,17,3102.777709,1551.388821,0
6,25,0,244784,17,1551.388821,3102.777709,0
6,1,3,244784,17,2327.083265,1551.388821,0
6,3,1,244784,17,1551.388821,2327.083265,0
6,1,11,244784,17,2327.083265,3102.777709,0
6,11,1,244784,17,3102.777709,2327.083265,0
6,1,23,244784,17,2327.083265,1329.761836,0
6,23,1,244784,17,1329.761836,2327.083265,0
6,1,25,244784,17,2327.083265,1551.388821,0
6,25,1,244784,17,1551.388821,2327.083265,0
6,2,5,244784,17,1329.761836,3102.777709,0
6,5,2,244784,17,3102.777709,1329.761836,0
6,2,10,244784,17,1329.761836,1861.666598,0
6,10,2,244784,17,1861.666598,1329.761836,0
6,2,12,244784,17,1329.761836,3102.777709,0
6,12,2,244784,17,3102.777709,1329.761836,0
6,2,13,244784,17,1329.761836,3102.777709,0
6,13,2,244784,17,3102.777709,1329.761836,0
6,2,18,244784,17,1329.761836,3102.777709,0
6,18,2,244784,17,3102.777709,1329.761836,0
6,2,20,244784,17,1329.761836,2327.083265,0
6,20,2,244784,17,2327.083265,1329.761836,0
6,2,23,244784,17,1329.761836,1329.761836,0
6,23,2,244784,17,1329.761836,1329.761836,0
6,3,19,244784,17,1551.388821,3102.777709,0
6,19,3,244784,17,3102.777709,1551.388821,0
6,3,20,244784,17,1551.388821,2327.083265,0
6,20,3,244784,17,2327.083265,1551.388821,0
6,3,22,244784,17,1551.388821,1861.666598,0
6,22,3,244784,17,1861.666598,1551.388821,0
6,3,26,244784,17,1551.388821,3102.777709,0
6,26,3,244784,17,3102.777709,1551.388821,0
6,3,28,244784,17,1551.388821,3102.777709,0
6,28,3,244784,17,3102.777709,1551.388821,0
6,4,9,244784,17,2327.083265,1861.666598,0
6,9,4,244784,17,1861.666598,2327.083265,0
6,4,13,244784,17,2327.083265,3102.777709,0
6,13,4,244784,17,3102.777709,2327.083265,0
6,4,23,244784,17,2327.083265,1329.761836,0
6,23,4,244784,17,1329.761836,2327.083265,0
6,4,28,244784,17,2327.083265,3102.777709,0
6,28,4,244784,17,3102.777709,2327.083265,0
6,5,10,244784,17,3102.777709,1861.666598,0
6,10,5,244784,17,1861.666598,3102.777709,0
6,5,16,244784,17,3102.777709,3102.777709,0
6,16,5,244784,17,3102.777709,3102.777709,0
6,6,8,244784,17,3102.777709,1861.666598,0
6,8,6,244784,17,1861.666598,3102.777709,0
6,6,14,244784,17,3102.777709,3102.777709,0
6,14,6,244784,17,3102.777709,3102.777709,0
6,6,15,244784,17,3102.777709,3102.777709,0
6,15,6,244784,17,3102.777709,3102.777709,0
6,7,8,244784,17,3102.777709,1861.666598,0
6,8,7,244784,17,1861.666598,3102.777709,0
6,7,17,244784,17,3102.777709,2327.083265,0
6,17,7,244784,17,2327.083265,3102.777709,0
6,7,18,244784,17,3102.777709,3102.777709,0
6,18,7,244784,17,3102.777709,3102.777709,0
6,8,10,244784,17,1861.666598,1861.666598,0
6,10,8,244784,17,1861.666598,1861.666598,0
6,8,11,244784,17,1861.666598,3102.777709,0
6,11,8,244784,17,3102.777709,1861.666598,0
6,8,26,244784,17,1861.666598,3102.777709,0
6,26,8,244784,17,3102.777709,1861.666598,0
6,9,10,244784,17,1861.666598,1861.666598,0
6,10,9,244784,17,1861.666598,1861.666598,0
6,9,21,244784,17,1861.666598,2327.083265,0
6,21,9,244784,17,2327.083265,1861.666598,0
6,9,22,244784,17,1861.666598,1861.666598,0
6,22,9,244784,17,1861.666598,1861.666598,0
6,9,25,244784,17,1861.666598,1551.388821,0
6,25,9,244784,17,1551.388821,1861.666598,0
6,10,27,244784,17,1861.666598,2327.083265,0
6,27,10,244784,17,2327.083265,1861.666598,0
6,11,23,244784,17,3102.777709,1329.761836,0
6,23,11,244784,17,1329.761836,3102.777709,0
6,12,20,244784,17,3102.777709,2327.083265,0
6,20,12,244784,17,2327.083265,3102.777709,0
6,12,22,244784,17,3102.777709,1861.666598,0
6,22,12,244784,17,1861.666598,3102.777709,0
6,13,23,244784,17,3102.777709,1329.761836,0
6,23,13,244784,17,1329.761836,3102.777709,0
6,14,19,244784,17,3102.777709,3102.777709,0
6,19,14,244784,17,3102.777709,3102.777709,0
6,14,29,244784,17,3102.777709,3102.777709,0
6,29,14,244784,17,3102.777709,3102.777709,0
6,15,21,244784,17,3102.777709,2327.083265,0
6,21,15,244784,17,2327.083265,3102.777709,0
6,15,22,244784,17,3102.777709,1861.666598,0
6,22,15,244784,17,1861.666598,3102.777709,0
6,16,24,244784,17,3102.777709,3102.777709,0
6,24,16,244784,17,3102.777709,3102.777709,0
6,16,27,244784,17,3102.777709,2327.083265,0
6,27,16,244784,17,2327.083265,3102.777709,0
6,17,24,244784,17,2327.083265,3102.777709,0
6,24,17,244784,17,3102.777709,2327.083265,0
6,17,25,244784,17,2327.083265,1551.388821,0
6,25,17,244784,17,1551.388821,2327.083265,0
6,17,27,244784,17,2327.083265,2327.083265,0
6,27,17,244784,17,2327.083265,2327.083265,0
6,18,26,244784,17,3102.777709,3102.777709,0
6,26,18,244784,17,3102.777709,3102.777709,0
6,19,20,244784,17,3102.777709,2327.083265,0
6,20,19,244784,17,2327.083265,3102.777709,0
6,21,25,244784,17,2327.083265,1551.388821,0
6,25,21,244784,17,1551.388821,2327.083265,0
6,21,29,244784,17,2327.083265,3102.777709,0
6,29,21,244784,17,3102.777709,2327.083265,0
6,23,29,244784,17,1329.761836,3102.777709,0
6,29,23,244784,17,3102.777709,1329.761836,0
6,24,27,244784,17,3102.777709,2327.083265,0
6,27,24,244784,17,2327.083265,3102.777709,0
6,25,28,244784,17,1551.388821,3102.777709,0
6,28,25,244784,17,3102.777709,1551.388821,0
7,0,9,244784,17,2327.083265,1861.666598,0
7,9,0,244784,17,1861.666598,2327.083265,0
7,0,12,244784,17,2327.083265,1861.666598,0
7,12,0,244784,17,1861.666598,2327.083265,0
7,0,17,244784,17,2327.083265,2327.083265,0
7,17,0,244784,17,2327.083265,2327.083265,0
7,0,22,244784,17,2327.083265,2327.083265,0
7,22,0,244784,17,2327.083265,2327.083265,0
7,1,7,244784,17,3102.777709,1861.666598,0
7,7,1,244784,17,1861.666598,3102.777709,0
7,1,12,244784,17,3102.777709,1861.666598,0
7,12,1,244784,17,1861.666598,3102.777709,0
7,1,14,244784,17,3102.777709,1551.388821,0
7,14,1,244784,17,1551.388821,3102.777709,0
7,2,3,244784,17,1551.388821,3102.777709,0
7,3,2,244784,17,3102.777709,1551.388821,0
7,2,10,244784,17,1551.388821,3102.777709,0
7,10,2,244784,17,3102.777709,1551.388821,0
7,2,17,244784,17,1551.388821,2327.083265,0
7,17,2,244784,17,2327.083265,1551.388821,0
7,2,21,244784,17,1551.388821,1861.666598,0
7,21,2,244784,17,1861.666598,1551.388821,0
7,2,23,244784,17,1551.388821,2327.083265,0
7,23,2,244784,17,2327.083265,1551.388821,0
7,2,27,244784,17,1551.388821,4654.166598,0
7,27,2,244784,17,4654.166598,1551.388821,0
7,3,15,244784,17,3102.777709,1861.666598,0
7,15,3,244784,17,1861.666598,3102.777709,0
7,3,26,244784,17,3102.777709,3102.777709,0
7,26,3,244784,17,3102.777709,3102.777709,0
7,4,9,244784,17,1329.761836,1861.666598,0
7,9,4,244784,17,1861.666598,1329.761836,0
7,4,11,244784,17,1329.761836,1329.761836,0
7,11,4,244784,17,1329.761836,1329.761836,0
7,4,13,244784,17,1329.761836,2327.083265,0
7,13,4,244784,17,2327.083265,1329.761836,0
7,4,15,244784,17,1329.761836,1861.666598,0
7,15,4,244784,17,1861.666598,1329.761836,0
7,4,19,244784,17,1329.761836,4654.166598,0
7,19,4,244784,17,4654.166598,1329.761836,0
7,4,20,244784,17,1329.761836,2327.083265,0
7,20,4,244784,17,2327.083265,1329.761836,0
7,4,25,244784,17,1329.761836,4654.166598,0
7,25,4,244784,17,4654.166598,1329.761836,0
7,5,7,244784,17,4654.166598,1861.666598,0
7,7,5,244784,17,1861.666598,4654.166598,0
7,5,20,244784,17,4654.166598,2327.083265,0
7,20,5,244784,17,2327.083265,4654.166598,0
7,6,11,244784,17,3102.777709,1329.761836,0
7,11,6,244784,17,1329.761836,3102.777709,0
7,6,17,244784,17,3102.777709,2327.083265,0
7,17,6,244784,17,2327.083265,3102.777709,0
7,6,20,244784,17,3102.777709,2327.083265,0
7,20,6,244784,17,2327.083265,3102.777709,0
7,7,22,244784,17,1861.666598,2327.083265,0
7,22,7,244784,17,2327.083265,1861.666598,0
7,7,23,244784,17,1861.666598,2327.083265,0
7,23,7,244784,17,2327.083265,1861.666598,0
7,7,29,244784,17,1861.666598,3102.777709,0
7,29,7,244784,17,3102.777709,1861.666598,0
7,8,11,244784,17,3102.777709,1329.761836,0
7,11,8,244784,17,1329.761836,3102.777709,0
7,8,21,244784,17,3102.777709,1861.666598,0
7,21,8,244784,17,1861.666598,3102.777709,0
7,8,28,244784,17,3102.777709,1861.666598,0
7,28,8,244784,17,1861.666598,3102.777709,0
7,9,10,244784,17,1861.666598,3102.777709,0
7,10,9,244784,17,3102.777709,1861.666598,0
7,9,24,244784,17,1861.666598,3102.777709,0
7,24,9,244784,17,3102.777709,1861.666598,0
7,9,27,244784,17,1861.666598,4654.166598,0
7,27,9,244784,17,4654.166598,1861.666598,0
7,10,19,244784,17,3102.777709,4654.166598,0
7,19,10,244784,17,4654.166598,3102.777709,0
7,11,14,244784,17,1329.761836,1551.388821,0
7,14,11,244784,17,1551.388821,1329.761836,0
7,11,20,244784,17,1329.761836,2327.083265,0
7,20,11,244784,17,2327.083265,1329.761836,0
7,11,23,244784,17,1329.761836,2327.083265,0
7,23,11,244784,17,2327.083265,1329.761836,0
7,11,24,244784,17,1329.761836,3102.777709,0
7,24,11,244784,17,3102.777709,1329.761836,0
7,12,15,244784,17,1861.666598,1861.666598,0
7,15,12,244784,17,1861.666598,1861.666598,0
7,12,22,244784,17,1861.666598,2327.083265,0
7,22,12,244784,17,2327.083265,1861.666598,0
7,12,29,244784,17,1861.666598,3102.777709,0
7,29,12,244784,17,3102.777709,1861.666598,0
7,13,18,244784,17,2327.083265,4654.166598,0
7,18,13,244784,17,4654.166598,2327.083265,0
7,13,23,244784,17,2327.083265,2327.083265,0
7,23,13,244784,17,2327.083265,2327.083265,0
7,13,28,244784,17,2327.083265,1861.666598,0
7,28,13,244784,17,1861.666598,2327.083265,0
7,14,15,244784,17,1551.388821,1861.666598,0
7,15,14,244784,17,1861.666598,1551.388821,0
7,14,16,244784,17,1551.388821,4654.166598,0
7,16,14,244784,17,4654.166598,1551.388821,0
7,14,26,244784,17,1551.388821,3102.777709,0
7,26,14,244784,17,3102.777709,1551.388821,0
7,14,28,244784,17,1551.388821,1861.666598,0
7,28,14,244784,17,1861.666598,1551.388821,0
7,15,21,244784,17,1861.666598,1861.666598,0
7,21,15,244784,17,1861.666598,1861.666598,0
7,16,28,244784,17,4654.166598,1861.666598,0
7,28,16,244784,17,1861.666598,4654.166598,0
7,17,22,244784,17,2327.083265,2327.083265,0
7,22,17,244784,17,2327.083265,2327.083265,0
7,18,26,244784,17,4654.166598,3102.777709,0
7,26,18,244784,17,3102.777709,4654.166598,0
7,21,25,244784,17,1861.666598,4654.166598,0
7,25,21,244784,17,4654.166598,1861.666598,0
7,21,28,244784,17,1861.666598,1861.666598,0
7,28,21,244784,17,1861.666598,1861.666598,0
7,24,29,244784,17,3102.777709,3102.777709,0
7,29,24,244784,17,3102.777709,3102.777709,0
8,0,14,244784,17,1864.999932,2331.249932,0
8,14,0,244784,17,2331.249932,1864.999932,0
8,0,22,244784,17,1864.999932,2331.249932,0
8,22,0,244784,17,2331.249932,1864.999932,0
8,0,23,244784,17,1864.999932,1554.166598,0
8,23,0,244784,17,1554.166598,1864.999932,0
8,0,25,244784,17,1864.999932,1864.999932,0
8,25,0,244784,17,1864.999932,1864.999932,0
8,0,28,244784,17,1864.999932,1864.999932,0
8,28,0,244784,17,1864.999932,1864.999932,0
8,1,6,244784,17,1554.166598,4662.499932,0
8,6,1,244784,17,4662.499932,1554.166598,0
8,1,12,244784,17,1554.166598,3108.333265,0
8,12,1,244784,17,3108.333265,1554.166598,0
8,1,13,244784,17,1554.166598,4662.499932,0
8,13,1,244784,17,4662.499932,1554.166598,0
8,1,16,244784,17,1554.166598,3108.333265,0
8,16,1,244784,17,3108.333265,1554.166598,0
8,1,17,244784,17,1554.166598,1864.999932,0
8,17,1,244784,17,1864.999932,1554.166598,0
8,1,23,244784,17,1554.166598,1554.166598,0
8,23,1,244784,17,1554.166598,1554.166598,0
8,2,5,244784,17,1332.142789,3108.333265,0
8,5,2,244784,17,3108.333265,1332.142789,0
8,2,9,244784,17,1332.142789,1864.999932,0
8,9,2,244784,17,1864.999932,1332.142789,0
8,2,12,244784,17,1332.142789,3108.333265,0
8,12,2,244784,17,3108.333265,1332.142789,0
8,2,13,244784,17,1332.142789,4662.499932,0
8,13,2,244784,17,4662.499932,1332.142789,0
8,2,18,244784,17,1332.142789,4662.499932,0
8,18,2,244784,17,4662.499932,1332.142789,0
8,2,20,244784,17,1332.142789,2331.249932,0
8,20,2,244784,17,2331.249932,1332.142789,0
8,2,27,244784,17,1332.142789,3108.333265,0
8,27,2,244784,17,3108.333265,1332.142789,0
8,3,11,244784,17,3108.333265,3108.333265,0
8,11,3,244784,17,3108.333265,3108.333265,0
8,3,17,244784,17,3108.333265,1864.999932,0
8,17,3,244784,17,1864.999932,3108.333265,0
8,3,28,244784,17,3108.333265,1864.999932,0
8,28,3,244784,17,1864.999932,3108.333265,0
8,4,9,244784,17,2331.249932,1864.999932,0
8,9,4,244784,17,1864.999932,2331.249932,0
8,4,23,244784,17,2331.249932,1554.166598,0
8,23,4,244784,17,1554.166598,2331.249932,0
8,4,24,244784,17,2331.249932,2331.249932,0
8,24,4,244784,17,2331.249932,2331.249932,0
8,4,28,244784,17,2331.249932,1864.999932,0
8,28,4,244784,17,1864.999932,2331.249932,0
8,5,10,244784,17,3108.333265,3108.333265,0
8,10,5,244784,17,3108.333265,3108.333265,0
8,5,16,244784,17,3108.333265,3108.333265,0
8,16,5,244784,17,3108.333265,3108.333265,0
8,6,8,244784,17,4662.499932,1864.999932,0
8,8,6,244784,17,1864.999932,4662.499932,0
8,7,15,244784,17,1864.999932,2331.249932,0
8,15,7,244784,17,2331.249932,1864.999932,0
8,7,17,244784,17,1864.999932,1864.999932,0
8,17,7,244784,17,1864.999932,1864.999932,0
8,7,21,244784,17,1864.999932,1864.999932,0
8,21,7,244784,17,1864.999932,1864.999932,0
8,7,23,244784,17,1864.999932,1554.166598,0
8,23,7,244784,17,1554.166598,1864.999932,0
8,7,27,244784,17,1864.999932,3108.333265,0
8,27,7,244784,17,3108.333265,1864.999932,0
8,8,10,244784,17,1864.999932,3108.333265,0
8,10,8,244784,17,3108.333265,1864.999932,0
8,8,11,244784,17,1864.999932,3108.333265,0
8,11,8,244784,17,3108.333265,1864.999932,0
8,8,21,244784,17,1864.999932,1864.999932,0
8,21,8,244784,17,1864.999932,1864.999932,0
8,8,26,244784,17,1864.999932,4662.499932,0
8,26,8,244784,17,4662.499932,1864.999932,0
8,9,14,244784,17,1864.999932,2331.249932,0
8,14,9,244784,17,2331.249932,1864.999932,0
8,9,22,244784,17,1864.999932,2331.249932,0
8,22,9,244784,17,2331.249932,1864.999932,0
8,9,25,244784,17,1864.999932,1864.999932,0
8,25,9,244784,17,1864.999932,1864.999932,0
8,10,28,244784,17,3108.333265,1864.999932,0
8,28,10,244784,17,1864.999932,3108.333265,0
8,11,15,244784,17,3108.333265,2331.249932,0
8,15,11,244784,17,2331.249932,3108.333265,0
8,12,22,244784,17,3108.333265,2331.249932,0
8,22,12,244784,17,2331.249932,3108.333265,0
8,14,19,244784,17,2331.249932,3108.333265,0
8,19,14,244784,17,3108.333265,2331.249932,0
8,14,29,244784,17,2331.249932,3108.333265,0
8,29,14,244784,17,3108.333265,2331.249932,0
8,15,22,244784,17,2331.249932,2331.249932,0
8,22,15,244784,17,2331.249932,2331.249932,0
8,15,29,244784,17,2331.249932,3108.333265,0
8,29,15,244784,17,3108.333265,2331.249932,0
8,16,24,244784,17,3108.333265,2331.249932,0
8,24,16,244784,17,2331.249932,3108.333265,0
8,17,20,244784,17,1864.999932,2331.249932,0
8,20,17,244784,17,2331.249932,1864.999932,0
8,17,25,244784,17,1864.999932,1864.999932,0
8,25,17,244784,17,1864.999932,1864.999932,0
8,18,21,244784,17,4662.499932,1864.999932,0
8,21,18,244784,17,1864.999932,4662.499932,0
8,19,20,244784,17,3108.333265,2331.249932,0
8,20,19,244784,17,2331.249932,3108.333265,0
8,19,23,244784,17,3108.333265,1554.166598,0
8,23,19,244784,17,1554.166598,3108.333265,0
8,20,21,244784,17,2331.249932,1864.999932,0
8,21,20,244784,17,1864.999932,2331.249932,0
8,21,25,244784,17,1864.999932,1864.999932,0
8,25,21,244784,17,1864.999932,1864.999932,0
8,23,29,244784,17,1554.166598,3108.333265,0
8,29,23,244784,17,3108.333265,1554.166598,0
8,24,25,244784,17,2331.249932,1864.999932,0
8,25,24,244784,17,1864.999932,2331.249932,0
8,24,27,244784,17,2331.249932,3108.333265,0
8,27,24,244784,17,3108.333265,2331.249932,0
8,26,28,244784,17,4662.499932,1864.999932,0
8,28,26,244784,17,1864.999932,4662.499932,0
9,0,9,244784,17,3102.777709,2327.083265,0
9,9,0,244784,17,2327.083265,3102.777709,0
9,0,12,244784,17,3102.777709,2327.083265,0
9,12,0,244784,17,2327.083265,3102.777709,0
9,0,17,244784,17,3102.777709,1551.388821,0
9,17,0,244784,17,1551.388821,3102.777709,0
9,1,7,244784,17,2327.083265,1861.666598,0
9,7,1,244784,17,1861.666598,2327.083265,0
9,1,12,244784,17,2327.083265,2327.083265,0
9,12,1,244784,17,2327.083265,2327.083265,0
9,1,17,244784,17,2327.083265,1551.388821,0
9,17,1,244784,17,1551.388821,2327.083265,0
9,1,25,244784,17,2327.083265,2327.083265,0
9,25,1,244784,17,2327.083265,2327.083265,0
9,2,3,244784,17,1861.666598,1861.666598,0
9,3,2,244784,17,1861.666598,1861.666598,0
9,2,5,244784,17,1861.666598,3102.777709,0
9,5,2,244784,17,3102.777709,1861.666598,0
9,2,10,244784,17,1861.666598,2327.083265,0
9,10,2,244784,17,2327.083265,1861.666598,0
9,2,21,244784,17,1861.666598,2327.083265,0
9,21,2,244784,17,2327.083265,1861.666598,0
9,2,23,244784,17,1861.666598,3102.777709,0
9,23,2,244784,17,3102.777709,1861.666598,0
9,3,11,244784,17,1861.666598,1551.388821,0
9,11,3,244784,17,1551.388821,1861.666598,0
9,3,19,244784,17,1861.666598,2327.083265,0
9,19,3,244784,17,2327.083265,1861.666598,0
9,3,22,244784,17,1861.666598,3102.777709,0
9,22,3,244784,17,3102.777709,1861.666598,0
9,3,26,244784,17,1861.666598,2327.083265,0
9,26,3,244784,17,2327.083265,1861.666598,0
9,4,9,244784,17,2327.083265,2327.083265,0
9,9,4,244784,17,2327.083265,2327.083265,0
9,4,15,244784,17,2327.083265,2327.083265,0
9,15,4,244784,17,2327.083265,2327.083265,0
9,4,19,244784,17,2327.083265,2327.083265,0
9,19,4,244784,17,2327.083265,2327.083265,0
9,4,25,244784,17,2327.083265,2327.083265,0
9,25,4,244784,17,2327.083265,2327.083265,0
9,5,7,244784,17,3102.777709,1861.666598,0
9,7,5,244784,17,1861.666598,3102.777709,0
9,5,26,244784,17,3102.777709,2327.083265,0
9,26,5,244784,17,2327.083265,3102.777709,0
9,6,11,244784,17,2327.083265,1551.388821,0
9,11,6,244784,17,1551.388821,2327.083265,0
9,6,14,244784,17,2327.083265,3102.777709,0
9,14,6,244784,17,3102.777709,2327.083265,0
9,6,17,244784,17,2327.083265,1551.388821,0
9,17,6,244784,17,1551.388821,2327.083265,0
9,6,20,244784,17,2327.083265,3102.777709,0
9,20,6,244784,17,3102.777709,2327.083265,0
9,7,13,244784,17,1861.666598,4654.166598,0
9,13,7,244784,17,4654.166598,1861.666598,0
9,7,27,244784,17,1861.666598,2327.083265,0
9,27,7,244784,17,2327.083265,1861.666598,0
9,7,29,244784,17,1861.666598,3102.777709,0
9,29,7,244784,17,3102.777709,1861.666598,0
9,8,11,244784,17,3102.777709,1551.388821,0
9,11,8,244784,17,1551.388821,3102.777709,0
9,8,16,244784,17,3102.777709,3102.777709,0
9,16,8,244784,17,3102.777709,3102.777709,0
9,8,28,244784,17,3102.777709,2327.083265,0
9,28,8,244784,17,2327.083265,3102.777709,0
9,9,10,244784,17,2327.083265,2327.083265,0
9,10,9,244784,17,2327.083265,2327.083265,0
9,9,21,244784,17,2327.083265,2327.083265,0
9,21,9,244784,17,2327.083265,2327.083265,0
9,10,19,244784,17,2327.083265,2327.083265,0
9,19,10,244784,17,2327.083265,2327.083265,0
9,10,27,244784,17,2327.083265,2327.083265,0
9,27,10,244784,17,2327.083265,2327.083265,0
9,11,14,244784,17,1551.388821,3102.777709,0
9,14,11,244784,17,3102.777709,1551.388821,0
9,11,20,244784,17,1551.388821,3102.777709,0
9,20,11,244784,17,3102.777709,1551.388821,0
9,11,23,244784,17,1551.388821,3102.777709,0
9,23,11,244784,17,3102.777709,1551.388821,0
9,12,20,244784,17,2327.083265,3102.777709,0
9,20,12,244784,17,3102.777709,2327.083265,0
9,12,29,244784,17,2327.083265,3102.777709,0
9,29,12,244784,17,3102.777709,2327.083265,0
9,13,28,244784,17,4654.166598,2327.083265,0
9,28,13,244784,17,2327.083265,4654.166598,0
9,14,26,244784,17,3102.777709,2327.083265,0
9,26,14,244784,17,2327.083265,3102.777709,0
9,15,21,244784,17,2327.083265,2327.083265,0
9,21,15,244784,17,2327.083265,2327.083265,0
9,15,22,244784,17,2327.083265,3102.777709,0
9,22,15,244784,17,3102.777709,2327.083265,0
9,15,23,244784,17,2327.083265,3102.777709,0
9,23,15,244784,17,3102.777709,2327.083265,0
9,16,27,244784,17,3102.777709,2327.083265,0
9,27,16,244784,17,2327.083265,3102.777709,0
9,16,28,244784,17,3102.777709,2327.083265,0
9,28,16,244784,17,2327.083265,3102.777709,0
9,17,22,244784,17,1551.388821,3102.777709,0
9,22,17,244784,17,3102.777709,1551.388821,0
9,17,24,244784,17,1551.388821,4654.166598,0
9,24,17,244784,17,4654.166598,1551.388821,0
9,17,27,244784,17,1551.388821,2327.083265,0
9,27,17,244784,17,2327.083265,1551.388821,0
9,18,19,244784,17,4654.166598,2327.083265,0
9,19,18,244784,17,2327.083265,4654.166598,0
9,18,26,244784,17,4654.166598,2327.083265,0
9,26,18,244784,17,2327.083265,4654.166598,0
9,21,29,244784,17,2327.083265,3102.777709,0
9,29,21,244784,17,3102.777709,2327.083265,0
9,24,25,244784,17,4654.166598,2327.083265,0
9,25,24,244784,17,2327.083265,4654.166598,0
9,25,28,244784,17,2327.083265,2327.083265,0
9,28,25,244784,17,2327.083265,2327.083265,0
10,0,22,244784,17,3099.999932,1549.999932,0
10,22,0,244784,17,1549.999932,3099.999932,0
10,0,23,244784,17,3099.999932,1328.571360,0
10,23,0,244784,17,1328.571360,3099.999932,0
10,0,25,244784,17,3099.999932,1859.999932,0
10,25,0,244784,17,1859.999932,3099.999932,0
10,1,11,244784,17,2324.999932,3099.999932,0
10,11,1,244784,17,3099.999932,2324.999932,0
10,1,14,244784,17,2324.999932,1859.999932,0
10,14,1,244784,17,1859.999932,2324.999932,0
10,1,16,244784,17,2324.999932,4649.999932,0
10,16,1,244784,17,4649.999932,2324.999932,0
10,1,23,244784,17,2324.999932,1328.571360,0
10,23,1,244784,17,1328.571360,2324.999932,0
10,2,10,244784,17,1549.999932,3099.999932,0
10,10,2,244784,17,3099.999932,1549.999932,0
10,2,12,244784,17,1549.999932,3099.999932,0
10,12,2,244784,17,3099.999932,1549.999932,0
10,2,13,244784,17,1549.999932,2324.999932,0
10,13,2,244784,17,2324.999932,1549.999932,0
10,2,17,244784,17,1549.999932,3099.999932,0
10,17,2,244784,17,3099.999932,1549.999932,0
10,2,18,244784,17,1549.999932,3099.999932,0
10,18,2,244784,17,3099.999932,1549.999932,0
10,2,27,244784,17,1549.999932,4649.999932,0
10,27,2,244784,17,4649.999932,1549.999932,0
10,3,11,244784,17,1859.999932,3099.999932,0
10,11,3,244784,17,3099.999932,1859.999932,0
10,3,12,244784,17,1859.999932,3099.999932,0
10,12,3,244784,17,3099.999932,1859.999932,0
10,3,15,244784,17,1859.999932,1859.999932,0
10,15,3,244784,17,1859.999932,1859.999932,0
10,3,20,244784,17,1859.999932,3099.999932,0
10,20,3,244784,17,3099.999932,1859.999932,0
10,3,28,244784,17,1859.999932,2324.999932,0
10,28,3,244784,17,2324.999932,1859.999932,0
10,4,13,244784,17,1859.999932,2324.999932,0
10,13,4,244784,17,2324.999932,1859.999932,0
10,4,20,244784,17,1859.999932,3099.999932,0
10,20,4,244784,17,3099.999932,1859.999932,0
10,4,23,244784,17,1859.999932,1328.571360,0
10,23,4,244784,17,1328.571360,1859.999932,0
10,4,25,244784,17,1859.999932,1859.999932,0
10,25,4,244784,17,1859.999932,1859.999932,0
10,4,28,244784,17,1859.999932,2324.999932,0
10,28,4,244784,17,2324.999932,1859.999932,0
10,5,16,244784,17,4649.999932,4649.999932,0
10,16,5,244784,17,4649.999932,4649.999932,0
10,5,26,244784,17,4649.999932,2324.999932,0
10,26,5,244784,17,2324.999932,4649.999932,0
10,6,8,244784,17,3099.999932,1859.999932,0
10,8,6,244784,17,1859.999932,3099.999932,0
10,6,15,244784,17,3099.999932,1859.999932,0
10,15,6,244784,17,1859.999932,3099.999932,0
10,6,20,244784,17,3099.999932,3099.999932,0
10,20,6,244784,17,3099.999932,3099.999932,0
10,7,8,244784,17,1859.999932,1859.999932,0
10,8,7,244784,17,1859.999932,1859.999932,0
10,7,9,244784,17,1859.999932,1859.999932,0
10,9,7,244784,17,1859.999932,1859.999932,0
10,7,17,244784,17,1859.999932,3099.999932,0
10,17,7,244784,17,3099.999932,1859.999932,0
10,7,18,244784,17,1859.999932,3099.999932,0
10,18,7,244784,17,3099.999932,1859.999932,0
10,7,22,244784,17,1859.999932,1549.999932,0
10,22,7,244784,17,1549.999932,1859.999932,0
10,8,10,244784,17,1859.999932,3099.999932,0
10,10,8,244784,17,3099.999932,1859.999932,0
10,8,21,244784,17,1859.999932,2324.999932,0
10,21,8,244784,17,2324.999932,1859.999932,0
10,8,26,244784,17,1859.999932,2324.999932,0
10,26,8,244784,17,2324.999932,1859.999932,0
10,9,22,244784,17,1859.999932,1549.999932,0
10,22,9,244784,17,1549.999932,1859.999932,0
10,9,24,244784,17,1859.999932,3099.999932,0
10,24,9,244784,17,3099.999932,1859.999932,0
10,9,25,244784,17,1859.999932,1859.999932,0
10,25,9,244784,17,1859.999932,1859.999932,0
10,9,27,244784,17,1859.999932,4649.999932,0
10,27,9,244784,17,4649.999932,1859.999932,0
10,10,19,244784,17,3099.999932,4649.999932,0
10,19,10,244784,17,4649.999932,3099.999932,0
10,11,24,244784,17,3099.999932,3099.999932,0
10,24,11,244784,17,3099.999932,3099.999932,0
10,12,22,244784,17,3099.999932,1549.999932,0
10,22,12,244784,17,1549.999932,3099.999932,0
10,13,21,244784,17,2324.999932,2324.999932,0
10,21,13,244784,17,2324.999932,2324.999932,0
10,13,23,244784,17,2324.999932,1328.571360,0
10,23,13,244784,17,1328.571360,2324.999932,0
10,14,15,244784,17,1859.999932,1859.999932,0
10,15,14,244784,17,1859.999932,1859.999932,0
10,14,19,244784,17,1859.999932,4649.999932,0
10,19,14,244784,17,4649.999932,1859.999932,0
10,14,23,244784,17,1859.999932,1328.571360,0
10,23,14,244784,17,1328.571360,1859.999932,0
10,14,28,244784,17,1859.999932,2324.999932,0
10,28,14,244784,17,2324.999932,1859.999932,0
10,15,22,244784,17,1859.999932,1549.999932,0
10,22,15,244784,17,1549.999932,1859.999932,0
10,15,23,244784,17,1859.999932,1328.571360,0
10,23,15,244784,17,1328.571360,1859.999932,0
10,17,25,244784,17,3099.999932,1859.999932,0
10,25,17,244784,17,1859.999932,3099.999932,0
10,18,26,244784,17,3099.999932,2324.999932,0
10,26,18,244784,17,2324.999932,3099.999932,0
10,21,25,244784,17,2324.999932,1859.999932,0
10,25,21,244784,17,1859.999932,2324.999932,0
10,21,28,244784,17,2324.999932,2324.999932,0
10,28,21,244784,17,2324.999932,2324.999932,0
10,22,26,244784,17,1549.999932,2324.999932,0
10,26,22,244784,17,2324.999932,1549.999932,0
10,23,29,244784,17,1328.571360,4649.999932,0
10,29,23,244784,17,4649.999932,1328.571360,0
10,24,29,244784,17,3099.999932,4649.999932,0
10,29,24,244784,17,4649.999932,3099.999932,0
11,0,12,244784,17,3099.999932,3099.999932,0
11,12,0,244784,17,3099.999932,3099.999932,0
11,0,15,244784,17,3099.999932,2324.999932,0
11,15,0,244784,17,2324.999932,3099.999932,0
11,0,17,244784,17,3099.999932,2324.999932,0
11,17,0,244784,17,2324.999932,3099.999932,0
11,1,3,244784,17,3099.999932,2324.999932,0
11,3,1,244784,17,2324.999932,3099.999932,0
11,1,6,244784,17,3099.999932,3099.999932,0
11,6,1,244784,17,3099.999932,3099.999932,0
11,1,12,244784,17,3099.999932,3099.999932,0
11,12,1,244784,17,3099.999932,3099.999932,0
11,2,3,244784,17,1549.999932,2324.999932,0
11,3,2,244784,17,2324.999932,1549.999932,0
11,2,5,244784,17,1549.999932,4649.999932,0
11,5,2,244784,17,4649.999932,1549.999932,0
11,2,10,244784,17,1549.999932,2324.999932,0
11,10,2,244784,17,2324.999932,1549.999932,0
11,2,20,244784,17,1549.999932,1859.999932,0
11,20,2,244784,17,1859.999932,1549.999932,0
11,2,23,244784,17,1549.999932,2324.999932,0
11,23,2,244784,17,2324.999932,1549.999932,0
11,2,27,244784,17,1549.999932,2324.999932,0
11,27,2,244784,17,2324.999932,1549.999932,0
11,3,17,244784,17,2324.999932,2324.999932,0
11,17,3,244784,17,2324.999932,2324.999932,0
11,3,22,244784,17,2324.999932,2324.999932,0
11,22,3,244784,17,2324.999932,2324.999932,0
11,4,9,244784,17,1859.999932,2324.999932,0
11,9,4,244784,17,2324.999932,1859.999932,0
11,4,11,244784,17,1859.999932,1859.999932,0
11,11,4,244784,17,1859.999932,1859.999932,0
11,4,15,244784,17,1859.999932,2324.999932,0
11,15,4,244784,17,2324.999932,1859.999932,0
11,4,19,244784,17,1859.999932,2324.999932,0
11,19,4,244784,17,2324.999932,1859.999932,0
11,4,24,244784,17,1859.999932,2324.999932,0
11,24,4,244784,17,2324.999932,1859.999932,0
11,5,20,244784,17,4649.999932,1859.999932,0
11,20,5,244784,17,1859.999932,4649.999932,0
11,6,11,244784,17,3099.999932,1859.999932,0
11,11,6,244784,17,1859.999932,3099.999932,0
11,6,28,244784,17,3099.999932,1549.999932,0
11,28,6,244784,17,1549.999932,3099.999932,0
11,7,22,244784,17,2324.999932,2324.999932,0
11,22,7,244784,17,2324.999932,2324.999932,0
11,7,23,244784,17,2324.999932,2324.999932,0
11,23,7,244784,17,2324.999932,2324.999932,0
11,7,27,244784,17,2324.999932,2324.999932,0
11,27,7,244784,17,2324.999932,2324.999932,0
11,7,29,244784,17,2324.999932,2324.999932,0
11,29,7,244784,17,2324.999932,2324.999932,0
11,8,11,244784,17,2324.999932,1859.999932,0
11,11,8,244784,17,1859.999932,2324.999932,0
11,8,13,244784,17,2324.999932,3099.999932,0
11,13,8,244784,17,3099.999932,2324.999932,0
11,8,19,244784,17,2324.999932,2324.999932,0
11,19,8,244784,17,2324.999932,2324.999932,0
11,8,28,244784,17,2324.999932,1549.999932,0
11,28,8,244784,17,1549.999932,2324.999932,0
11,9,10,244784,17,2324.999932,2324.999932,0
11,10,9,244784,17,2324.999932,2324.999932,0
11,9,14,244784,17,2324.999932,2324.999932,0
11,14,9,244784,17,2324.999932,2324.999932,0
11,9,21,244784,17,2324.999932,3099.999932,0
11,21,9,244784,17,3099.999932,2324.999932,0
11,10,27,244784,17,2324.999932,2324.999932,0
11,27,10,244784,17,2324.999932,2324.999932,0
11,10,28,244784,17,2324.999932,1549.999932,0
11,28,10,244784,17,1549.999932,2324.999932,0
11,11,15,244784,17,1859.999932,2324.999932,0
11,15,11,244784,17,2324.999932,1859.999932,0
11,11,20,244784,17,1859.999932,1859.999932,0
11,20,11,244784,17,1859.999932,1859.999932,0
11,12,29,244784,17,3099.999932,2324.999932,0
11,29,12,244784,17,2324.999932,3099.999932,0
11,13,28,244784,17,3099.999932,1549.999932,0
11,28,13,244784,17,1549.999932,3099.999932,0
11,13,29,244784,17,3099.999932,2324.999932,0
11,29,13,244784,17,2324.999932,3099.999932,0
11,14,16,244784,17,2324.999932,3099.999932,0
11,16,14,244784,17,3099.999932,2324.999932,0
11,14,23,244784,17,2324.999932,2324.999932,0
11,23,14,244784,17,2324.999932,2324.999932,0
11,14,29,244784,17,2324.999932,2324.999932,0
11,29,14,244784,17,2324.999932,2324.999932,0
11,15,21,244784,17,2324.999932,3099.999932,0
11,21,15,244784,17,3099.999932,2324.999932,0
11,16,24,244784,17,3099.999932,2324.999932,0
11,24,16,244784,17,2324.999932,3099.999932,0
11,16,28,244784,17,3099.999932,1549.999932,0
11,28,16,244784,17,1549.999932,3099.999932,0
11,17,20,244784,17,2324.999932,1859.999932,0
11,20,17,244784,17,1859.999932,2324.999932,0
11,17,22,244784,17,2324.999932,2324.999932,0
11,22,17,244784,17,2324.999932,2324.999932,0
11,18,21,244784,17,4649.999932,3099.999932,0
11,21,18,244784,17,3099.999932,4649.999932,0
11,18,26,244784,17,4649.999932,4649.999932,0
11,26,18,244784,17,4649.999932,4649.999932,0
11,19,20,244784,17,2324.999932,1859.999932,0
11,20,19,244784,17,1859.999932,2324.999932,0
11,19,23,244784,17,2324.999932,2324.999932,0
11,23,19,244784,17,2324.999932,2324.999932,0
11,22,26,244784,17,2324.999932,4649.999932,0
11,26,22,244784,17,4649.999932,2324.999932,0
11,24,25,244784,17,2324.999932,4649.999932,0
11,25,24,244784,17,4649.999932,2324.999932,0
11,24,27,244784,17,2324.999932,2324.999932,0
11,27,24,244784,17,2324.999932,2324.999932,0
11,25,28,244784,17,4649.999932,1549.999932,0
11,28,25,244784,17,1549.999932,4649.999932,0
12,0,9,244784,17,2329.166598,1863.333265,0
12,9,0,244784,17,1863.333265,2329.166598,0
12,0,22,244784,17,2329.166598,1552.777709,0
12,22,0,244784,17,1552.777709,2329.166598,0
12,0,23,244784,17,2329.166598,1330.952313,0
12,23,0,244784,17,1330.952313,2329.166598,0
12,0,25,244784,17,2329.166598,1863.333265,0
12,25,0,244784,17,1863.333265,2329.166598,0
12,1,7,244784,17,1552.777709,4658.333265,0
12,7,1,244784,17,4658.333265,1552.777709,0
12,1,13,244784,17,1552.777709,2329.166598,0
12,13,1,244784,17,2329.166598,1552.777709,0
12,1,16,244784,17,1552.777709,3105.555487,0
12,16,1,244784,17,3105.555487,1552.777709,0
12,1,17,244784,17,1552.777709,1552.777709,0
12,17,1,244784,17,1552.777709,1552.777709,0
12,1,23,244784,17,1552.777709,1330.952313,0
12,23,1,244784,17,1330.952313,1552.777709,0
12,1,25,244784,17,1552.777709,1863.333265,0
12,25,1,244784,17,1863.333265,1552.777709,0
12,2,9,244784,17,1552.777709,1863.333265,0
12,9,2,244784,17,1863.333265,1552.777709,0
12,2,13,244784,17,1552.777709,2329.166598,0
12,13,2,244784,17,2329.166598,1552.777709,0
12,2,17,244784,17,1552.777709,1552.777709,0
12,17,2,244784,17,1552.777709,1552.777709,0
12,2,18,244784,17,1552.777709,4658.333265,0
12,18,2,244784,17,4658.333265,1552.777709,0
12,2,21,244784,17,1552.777709,1863.333265,0
12,21,2,244784,17,1863.333265,1552.777709,0
12,2,27,244784,17,1552.777709,3105.555487,0
12,27,2,244784,17,3105.555487,1552.777709,0
12,3,11,244784,17,2329.166598,2329.166598,0
12,11,3,244784,17,2329.166598,2329.166598,0
12,3,21,244784,17,2329.166598,1863.333265,0
12,21,3,244784,17,1863.333265,2329.166598,0
12,3,22,244784,17,2329.166598,1552.777709,0
12,22,3,244784,17,1552.777709,2329.166598,0
12,3,28,244784,17,2329.166598,1863.333265,0
12,28,3,244784,17,1863.333265,2329.166598,0
12,4,9,244784,17,3105.555487,1863.333265,0
12,9,4,244784,17,1863.333265,3105.555487,0
12,4,23,244784,17,3105.555487,1330.952313,0
12,23,4,244784,17,1330.952313,3105.555487,0
12,4,28,244784,17,3105.555487,1863.333265,0
12,28,4,244784,17,1863.333265,3105.555487,0
12,5,10,244784,17,4658.333265,1863.333265,0
12,10,5,244784,17,1863.333265,4658.333265,0
12,5,26,244784,17,4658.333265,3105.555487,0
12,26,5,244784,17,3105.555487,4658.333265,0
12,6,8,244784,17,2329.166598,2329.166598,0
12,8,6,244784,17,2329.166598,2329.166598,0
12,6,14,244784,17,2329.166598,3105.555487,0
12,14,6,244784,17,3105.555487,2329.166598,0
12,6,17,244784,17,2329.166598,1552.777709,0
12,17,6,244784,17,1552.777709,2329.166598,0
12,6,20,244784,17,2329.166598,3105.555487,0
12,20,6,244784,17,3105.555487,2329.166598,0
12,7,17,244784,17,4658.333265,1552.777709,0
12,17,7,244784,17,1552.777709,4658.333265,0
12,8,10,244784,17,2329.166598,1863.333265,0
12,10,8,244784,17,1863.333265,2329.166598,0
12,8,11,244784,17,2329.166598,2329.166598,0
12,11,8,244784,17,2329.166598,2329.166598,0
12,8,16,244784,17,2329.166598,3105.555487,0
12,16,8,244784,17,3105.555487,2329.166598,0
12,9,10,244784,17,1863.333265,1863.333265,0
12,10,9,244784,17,1863.333265,1863.333265,0
12,9,22,244784,17,1863.333265,1552.777709,0
12,22,9,244784,17,1552.777709,1863.333265,0
12,10,19,244784,17,1863.333265,3105.555487,0
12,19,10,244784,17,3105.555487,1863.333265,0
12,10,27,244784,17,1863.333265,3105.555487,0
12,27,10,244784,17,3105.555487,1863.333265,0
12,11,23,244784,17,2329.166598,1330.952313,0
12,23,11,244784,17,1330.952313,2329.166598,0
12,11,24,244784,17,2329.166598,4658.333265,0
12,24,11,244784,17,4658.333265,2329.166598,0
12,12,20,244784,17,3105.555487,3105.555487,0
12,20,12,244784,17,3105.555487,3105.555487,0
12,12,22,244784,17,3105.555487,1552.777709,0
12,22,12,244784,17,1552.777709,3105.555487,0
12,12,29,244784,17,3105.555487,4658.333265,0
12,29,12,244784,17,4658.333265,3105.555487,0
12,13,18,244784,17,2329.166598,4658.333265,0
12,18,13,244784,17,4658.333265,2329.166598,0
12,13,23,244784,17,2329.166598,1330.952313,0
12,23,13,244784,17,1330.952313,2329.166598,0
12,14,19,244784,17,3105.555487,3105.555487,0
12,19,14,244784,17,3105.555487,3105.555487,0
12,14,28,244784,17,3105.555487,1863.333265,0
12,28,14,244784,17,1863.333265,3105.555487,0
12,15,21,244784,17,4658.333265,1863.333265,0
12,21,15,244784,17,1863.333265,4658.333265,0
12,15,22,244784,17,4658.333265,1552.777709,0
12,22,15,244784,17,1552.777709,4658.333265,0
12,16,27,244784,17,3105.555487,3105.555487,0
12,27,16,244784,17,3105.555487,3105.555487,0
12,17,24,244784,17,1552.777709,4658.333265,0
12,24,17,244784,17,4658.333265,1552.777709,0
12,17,25,244784,17,1552.777709,1863.333265,0
12,25,17,244784,17,1863.333265,1552.777709,0
12,19,23,244784,17,3105.555487,1330.952313,0
12,23,19,244784,17,1330.952313,3105.555487,0
12,20,21,244784,17,3105.555487,1863.333265,0
12,21,20,244784,17,1863.333265,3105.555487,0
12,21,25,244784,17,1863.333265,1863.333265,0
12,25,21,244784,17,1863.333265,1863.333265,0
12,22,26,244784,17,1552.777709,3105.555487,0
12,26,22,244784,17,3105.555487,1552.777709,0
12,23,29,244784,17,1330.952313,4658.333265,0
12,29,23,244784,17,4658.333265,1330.952313,0
12,25,28,244784,17,1863.333265,1863.333265,0
12,28,25,244784,17,1863.333265,1863.333265,0
12,26,28,244784,17,3105.555487,1863.333265,0
12,28,26,244784,17,1863.333265,3105.555487,0
13,0,12,244784,17,3099.999932,3099.999932,0
13,12,0,244784,17,3099.999932,3099.999932,0
13,0,22,244784,17,3099.999932,2324.999932,0
13,22,0,244784,17,2324.999932,3099.999932,0
13,0,28,244784,17,3099.999932,3099.999932,0
13,28,0,244784,17,3099.999932,3099.999932,0
13,1,6,244784,17,3099.999932,3099.999932,0
13,6,1,244784,17,3099.999932,3099.999932,0
13,1,12,244784,17,3099.999932,3099.999932,0
13,12,1,244784,17,3099.999932,3099.999932,0
13,1,14,244784,17,3099.999932,1549.999932,0
13,14,1,244784,17,1549.999932,3099.999932,0
13,2,3,244784,17,2324.999932,3099.999932,0
13,3,2,244784,17,3099.999932,2324.999932,0
13,2,5,244784,17,2324.999932,3099.999932,0
13,5,2,244784,17,3099.999932,2324.999932,0
13,2,10,244784,17,2324.999932,3099.999932,0
13,10,2,244784,17,3099.999932,2324.999932,0
13,2,23,244784,17,2324.999932,3099.999932,0
13,23,2,244784,17,3099.999932,2324.999932,0
13,3,11,244784,17,3099.999932,1859.999932,0
13,11,3,244784,17,1859.999932,3099.999932,0
13,3,19,244784,17,3099.999932,2324.999932,0
13,19,3,244784,17,2324.999932,3099.999932,0
13,4,9,244784,17,2324.999932,1859.999932,0
13,9,4,244784,17,1859.999932,2324.999932,0
13,4,19,244784,17,2324.999932,2324.999932,0
13,19,4,244784,17,2324.999932,2324.999932,0
13,4,20,244784,17,2324.999932,3099.999932,0
13,20,4,244784,17,3099.999932,2324.999932,0
13,4,25,244784,17,2324.999932,3099.999932,0
13,25,4,244784,17,3099.999932,2324.999932,0
13,5,7,244784,17,3099.999932,929.999932,0
13,7,5,244784,17,929.999932,3099.999932,0
13,5,16,244784,17,3099.999932,4649.999932,0
13,16,5,244784,17,4649.999932,3099.999932,0
13,6,11,244784,17,3099.999932,1859.999932,0
13,11,6,244784,17,1859.999932,3099.999932,0
13,6,21,244784,17,3099.999932,1859.999932,0
13,21,6,244784,17,1859.999932,3099.999932,0
13,7,8,244784,17,929.999932,2324.999932,0
13,8,7,244784,17,2324.999932,929.999932,0
13,7,10,244784,17,929.999932,3099.999932,0
13,10,7,244784,17,3099.999932,929.999932,0
13,7,13,244784,17,929.999932,3099.999932,0
13,13,7,244784,17,3099.999932,929.999932,0
13,7,15,244784,17,929.999932,2324.999932,0
13,15,7,244784,17,2324.999932,929.999932,0
13,7,18,244784,17,929.999932,3099.999932,0
13,18,7,244784,17,3099.999932,929.999932,0
13,7,21,244784,17,929.999932,1859.999932,0
13,21,7,244784,17,1859.999932,929.999932,0
13,7,22,244784,17,929.999932,2324.999932,0
13,22,7,244784,17,2324.999932,929.999932,0
13,7,27,244784,17,929.999932,3099.999932,0
13,27,7,244784,17,3099.999932,929.999932,0
13,7,29,244784,17,929.999932,3099.999932,0
13,29,7,244784,17,3099.999932,929.999932,0
13,8,13,244784,17,2324.999932,3099.999932,0
13,13,8,244784,17,3099.999932,2324.999932,0
13,8,21,244784,17,2324.999932,1859.999932,0
13,21,8,244784,17,1859.999932,2324.999932,0
13,8,26,244784,17,2324.999932,2324.999932,0
13,26,8,244784,17,2324.999932,2324.999932,0
13,9,10,244784,17,1859.999932,3099.999932,0
13,10,9,244784,17,3099.999932,1859.999932,0
13,9,14,244784,17,1859.999932,1549.999932,0
13,14,9,244784,17,1549.999932,1859.999932,0
13,9,22,244784,17,1859.999932,2324.999932,0
13,22,9,244784,17,2324.999932,1859.999932,0
13,9,25,244784,17,1859.999932,3099.999932,0
13,25,9,244784,17,3099.999932,1859.999932,0
13,11,14,244784,17,1859.999932,1549.999932,0
13,14,11,244784,17,1549.999932,1859.999932,0
13,11,15,244784,17,1859.999932,2324.999932,0
13,15,11,244784,17,2324.999932,1859.999932,0
13,11,20,244784,17,1859.999932,3099.999932,0
13,20,11,244784,17,3099.999932,1859.999932,0
13,12,15,244784,17,3099.999932,2324.999932,0
13,15,12,244784,17,2324.999932,3099.999932,0
13,13,23,244784,17,3099.999932,3099.999932,0
13,23,13,244784,17,3099.999932,3099.999932,0
13,14,15,244784,17,1549.999932,2324.999932,0
13,15,14,244784,17,2324.999932,1549.999932,0
13,14,23,244784,17,1549.999932,3099.999932,0
13,23,14,244784,17,3099.999932,1549.999932,0
13,14,26,244784,17,1549.999932,2324.999932,0
13,26,14,244784,17,2324.999932,1549.999932,0
13,16,28,244784,17,4649.999932,3099.999932,0
13,28,16,244784,17,3099.999932,4649.999932,0
13,17,22,244784,17,4649.999932,2324.999932,0
13,22,17,244784,17,2324.999932,4649.999932,0
13,17,27,244784,17,4649.999932,3099.999932,0
13,27,17,244784,17,3099.999932,4649.999932,0
13,18,19,244784,17,3099.999932,2324.999932,0
13,19,18,244784,17,2324.999932,3099.999932,0
13,18,26,244784,17,3099.999932,2324.999932,0
13,26,18,244784,17,2324.999932,3099.999932,0
13,19,20,244784,17,2324.999932,3099.999932,0
13,20,19,244784,17,3099.999932,2324.999932,0
13,21,28,244784,17,1859.999932,3099.999932,0
13,28,21,244784,17,3099.999932,1859.999932,0
13,21,29,244784,17,1859.999932,3099.999932,0
13,29,21,244784,17,3099.999932,1859.999932,0
13,24,25,244784,17,2324.999932,3099.999932,0
13,25,24,244784,17,3099.999932,2324.999932,0
13,24,26,244784,17,2324.999932,2324.999932,0
13,26,24,244784,17,2324.999932,2324.999932,0
13,24,27,244784,17,2324.999932,3099.999932,0
13,27,24,244784,17,3099.999932,2324.999932,0
13,24,29,244784,17,2324.999932,3099.999932,0
13,29,24,244784,17,3099.999932,2324.999932,0
14,0,14,244784,17,2324.999932,3099.999932,0
14,14,0,244784,17,3099.999932,2324.999932,0
14,0,22,244784,17,2324.999932,1859.999932,0
14,22,0,244784,17,1859.999932,2324.999932,0
14,0,23,244784,17,2324.999932,1162.499932,0
14,23,0,244784,17,1162.499932,2324.999932,0
14,0,25,244784,17,2324.999932,1859.999932,0
14,25,0,244784,17,1859.999932,2324.999932,0
14,1,12,244784,17,2324.999932,3099.999932,0
14,12,1,244784,17,3099.999932,2324.999932,0
14,1,16,244784,17,2324.999932,4649.999932,0
14,16,1,244784,17,4649.999932,2324.999932,0
14,1,17,244784,17,2324.999932,1549.999932,0
14,17,1,244784,17,1549.999932,2324.999932,0
14,1,23,244784,17,2324.999932,1162.499932,0
14,23,1,244784,17,1162.499932,2324.999932,0
14,2,5,244784,17,2324.999932,4649.999932,0
14,5,2,244784,17,4649.999932,2324.999932,0
14,2,12,244784,17,2324.999932,3099.999932,0
14,12,2,244784,17,3099.999932,2324.999932,0
14,2,17,244784,17,2324.999932,1549.999932,0
14,17,2,244784,17,1549.999932,2324.999932,0
14,2,18,244784,17,2324.999932,4649.999932,0
14,18,2,244784,17,4649.999932,2324.999932,0
14,3,11,244784,17,1549.999932,3099.999932,0
14,11,3,244784,17,3099.999932,1549.999932,0
14,3,12,244784,17,1549.999932,3099.999932,0
14,12,3,244784,17,3099.999932,1549.999932,0
14,3,20,244784,17,1549.999932,3099.999932,0
14,20,3,244784,17,3099.999932,1549.999932,0
14,3,22,244784,17,1549.999932,1859.999932,0
14,22,3,244784,17,1859.999932,1549.999932,0
14,3,26,244784,17,1549.999932,3099.999932,0
14,26,3,244784,17,3099.999932,1549.999932,0
14,3,28,244784,17,1549.999932,1549.999932,0
14,28,3,244784,17,1549.999932,1549.999932,0
14,4,9,244784,17,1549.999932,1549.999932,0
14,9,4,244784,17,1549.999932,1549.999932,0
14,4,13,244784,17,1549.999932,3099.999932,0
14,13,4,244784,17,3099.999932,1549.999932,0
14,4,15,244784,17,1549.999932,2324.999932,0
14,15,4,244784,17,2324.999932,1549.999932,0
14,4,23,244784,17,1549.999932,1162.499932,0
14,23,4,244784,17,1162.499932,1549.999932,0
14,4,24,244784,17,1549.999932,3099.999932,0
14,24,4,244784,17,3099.999932,1549.999932,0
14,4,28,244784,17,1549.999932,1549.999932,0
14,28,4,244784,17,1549.999932,1549.999932,0
14,5,26,244784,17,4649.999932,3099.999932,0
14,26,5,244784,17,3099.999932,4649.999932,0
14,6,8,244784,17,3099.999932,1859.999932,0
14,8,6,244784,17,1859.999932,3099.999932,0
14,6,17,244784,17,3099.999932,1549.999932,0
14,17,6,244784,17,1549.999932,3099.999932,0
14,6,20,244784,17,3099.999932,3099.999932,0
14,20,6,244784,17,3099.999932,3099.999932,0
14,7,9,244784,17,2324.999932,1549.999932,0
14,9,7,244784,17,1549.999932,2324.999932,0
14,7,17,244784,17,2324.999932,1549.999932,0
14,17,7,244784,17,1549.999932,2324.999932,0
14,7,23,244784,17,2324.999932,1162.499932,0
14,23,7,244784,17,1162.499932,2324.999932,0
14,7,27,244784,17,2324.999932,3099.999932,0
14,27,7,244784,17,3099.999932,2324.999932,0
14,8,10,244784,17,1859.999932,2324.999932,0
14,10,8,244784,17,2324.999932,1859.999932,0
14,8,11,244784,17,1859.999932,3099.999932,0
14,11,8,244784,17,3099.999932,1859.999932,0
14,8,21,244784,17,1859.999932,2324.999932,0
14,21,8,244784,17,2324.999932,1859.999932,0
14,8,28,244784,17,1859.999932,1549.999932,0
14,28,8,244784,17,1549.999932,1859.999932,0
14,9,22,244784,17,1549.999932,1859.999932,0
14,22,9,244784,17,1859.999932,1549.999932,0
14,9,24,244784,17,1549.999932,3099.999932,0
14,24,9,244784,17,3099.999932,1549.999932,0
14,9,25,244784,17,1549.999932,1859.999932,0
14,25,9,244784,17,1859.999932,1549.999932,0
14,9,27,244784,17,1549.999932,3099.999932,0
14,27,9,244784,17,3099.999932,1549.999932,0
14,10,19,244784,17,2324.999932,4649.999932,0
14,19,10,244784,17,4649.999932,2324.999932,0
14,10,27,244784,17,2324.999932,3099.999932,0
14,27,10,244784,17,3099.999932,2324.999932,0
14,10,28,244784,17,2324.999932,1549.999932,0
14,28,10,244784,17,1549.999932,2324.999932,0
14,11,23,244784,17,3099.999932,1162.499932,0
14,23,11,244784,17,1162.499932,3099.999932,0
14,13,21,244784,17,3099.999932,2324.999932,0
14,21,13,244784,17,2324.999932,3099.999932,0
14,13,23,244784,17,3099.999932,1162.499932,0
14,23,13,244784,17,1162.499932,3099.999932,0
14,14,19,244784,17,3099.999932,4649.999932,0
14,19,14,244784,17,4649.999932,3099.999932,0
14,14,28,244784,17,3099.999932,1549.999932,0
14,28,14,244784,17,1549.999932,3099.999932,0
14,15,22,244784,17,2324.999932,1859.999932,0
14,22,15,244784,17,1859.999932,2324.999932,0
14,15,23,244784,17,2324.999932,1162.499932,0
14,23,15,244784,17,1162.499932,2324.999932,0
14,15,29,244784,17,2324.999932,4649.999932,0
14,29,15,244784,17,4649.999932,2324.999932,0
14,16,24,244784,17,4649.999932,3099.999932,0
14,24,16,244784,17,3099.999932,4649.999932,0
14,17,20,244784,17,1549.999932,3099.999932,0
14,20,17,244784,17,3099.999932,1549.999932,0
14,17,25,244784,17,1549.999932,1859.999932,0
14,25,17,244784,17,1859.999932,1549.999932,0
14,18,21,244784,17,4649.999932,2324.999932,0
14,21,18,244784,17,2324.999932,4649.999932,0
14,21,25,244784,17,2324.999932,1859.999932,0
14,25,21,244784,17,1859.999932,2324.999932,0
14,22,26,244784,17,1859.999932,3099.999932,0
14,26,22,244784,17,3099.999932,1859.999932,0
14,23,29,244784,17,1162.499932,4649.999932,0
14,29,23,244784,17,4649.999932,1162.499932,0
14,25,28,244784,17,1859.999932,1549.999932,0
14,28,25,244784,17,1549.999932,1859.999932,0
15,0,15,244784,17,2327.083265,1329.761836,0
15,15,0,244784,17,1329.761836,2327.083265,0
15,0,17,244784,17,2327.083265,1861.666598,0
15,17,0,244784,17,1861.666598,2327.083265,0
15,0,22,244784,17,2327.083265,1551.388821,0
15,22,0,244784,17,1551.388821,2327.083265,0
15,0,29,244784,17,2327.083265,2327.083265,0
15,29,0,244784,17,2327.083265,2327.083265,0
15,1,3,244784,17,3102.777709,2327.083265,0
15,3,1,244784,17,2327.083265,3102.777709,0
15,1,11,244784,17,3102.777709,1861.666598,0
15,11,1,244784,17,1861.666598,3102.777709,0
15,1,12,244784,17,3102.777709,2327.083265,0
15,12,1,244784,17,2327.083265,3102.777709,0
15,2,10,244784,17,1329.761836,3102.777709,0
15,10,2,244784,17,3102.777709,1329.761836,0
15,2,11,244784,17,1329.761836,1861.666598,0
15,11,2,244784,17,1861.666598,1329.761836,0
15,2,17,244784,17,1329.761836,1861.666598,0
15,17,2,244784,17,1861.666598,1329.761836,0
15,2,20,244784,17,1329.761836,1861.666598,0
15,20,2,244784,17,1861.666598,1329.761836,0
15,2,21,244784,17,1329.761836,3102.777709,0
15,21,2,244784,17,3102.777709,1329.761836,0
15,2,23,244784,17,1329.761836,2327.083265,0
15,23,2,244784,17,2327.083265,1329.761836,0
15,2,27,244784,17,1329.761836,4654.166598,0
15,27,2,244784,17,4654.166598,1329.761836,0
15,3,15,244784,17,2327.083265,1329.761836,0
15,15,3,244784,17,1329.761836,2327.083265,0
15,3,17,244784,17,2327.083265,1861.666598,0
15,17,3,244784,17,1861.666598,2327.083265,0
15,3,22,244784,17,2327.083265,1551.388821,0
15,22,3,244784,17,1551.388821,2327.083265,0
15,4,9,244784,17,1861.666598,2327.083265,0
15,9,4,244784,17,2327.083265,1861.666598,0
15,4,15,244784,17,1861.666598,1329.761836,0
15,15,4,244784,17,1329.761836,1861.666598,0
15,4,19,244784,17,1861.666598,3102.777709,0
15,19,4,244784,17,3102.777709,1861.666598,0
15,4,25,244784,17,1861.666598,4654.166598,0
15,25,4,244784,17,4654.166598,1861.666598,0
15,4,28,244784,17,1861.666598,2327.083265,0
15,28,4,244784,17,2327.083265,1861.666598,0
15,5,7,244784,17,3102.777709,2327.083265,0
15,7,5,244784,17,2327.083265,3102.777709,0
15,5,16,244784,17,3102.777709,2327.083265,0
15,16,5,244784,17,2327.083265,3102.777709,0
15,5,20,244784,17,3102.777709,1861.666598,0
15,20,5,244784,17,1861.666598,3102.777709,0
15,6,11,244784,17,3102.777709,1861.666598,0
15,11,6,244784,17,1861.666598,3102.777709,0
15,6,15,244784,17,3102.777709,1329.761836,0
15,15,6,244784,17,1329.761836,3102.777709,0
15,6,28,244784,17,3102.777709,2327.083265,0
15,28,6,244784,17,2327.083265,3102.777709,0
15,7,10,244784,17,2327.083265,3102.777709,0
15,10,7,244784,17,3102.777709,2327.083265,0
15,7,17,244784,17,2327.083265,1861.666598,0
15,17,7,244784,17,1861.666598,2327.083265,0
15,7,29,244784,17,2327.083265,2327.083265,0
15,29,7,244784,17,2327.083265,2327.083265,0
15,8,11,244784,17,2327.083265,1861.666598,0
15,11,8,244784,17,1861.666598,2327.083265,0
15,8,13,244784,17,2327.083265,2327.083265,0
15,13,8,244784,17,2327.083265,2327.083265,0
15,8,16,244784,17,2327.083265,2327.083265,0
15,16,8,244784,17,2327.083265,2327.083265,0
15,8,26,244784,17,2327.083265,2327.083265,0
15,26,8,244784,17,2327.083265,2327.083265,0
15,9,10,244784,17,2327.083265,3102.777709,0
15,10,9,244784,17,3102.777709,2327.083265,0
15,9,14,244784,17,2327.083265,2327.083265,0
15,14,9,244784,17,2327.083265,2327.083265,0
15,9,21,244784,17,2327.083265,3102.777709,0
15,21,9,244784,17,3102.777709,2327.083265,0
15,11,15,244784,17,1861.666598,1329.761836,0
15,15,11,244784,17,1329.761836,1861.666598,0
15,12,20,244784,17,2327.083265,1861.666598,0
15,20,12,244784,17,1861.666598,2327.083265,0
15,12,22,244784,17,2327.083265,1551.388821,0
15,22,12,244784,17,1551.388821,2327.083265,0
15,12,29,244784,17,2327.083265,2327.083265,0
15,29,12,244784,17,2327.083265,2327.083265,0
15,13,18,244784,17,2327.083265,4654.166598,0
15,18,13,244784,17,4654.166598,2327.083265,0
15,13,23,244784,17,2327.083265,2327.083265,0
15,23,13,244784,17,2327.083265,2327.083265,0
15,13,28,244784,17,2327.083265,2327.083265,0
15,28,13,244784,17,2327.083265,2327.083265,0
15,14,15,244784,17,2327.083265,1329.761836,0
15,15,14,244784,17,1329.761836,2327.083265,0
15,14,23,244784,17,2327.083265,2327.083265,0
15,23,14,244784,17,2327.083265,2327.083265,0
15,14,29,244784,17,2327.083265,2327.083265,0
15,29,14,244784,17,2327.083265,2327.083265,0
15,15,22,244784,17,1329.761836,1551.388821,0
15,22,15,244784,17,1551.388821,1329.761836,0
15,16,24,244784,17,2327.083265,2327.083265,0
15,24,16,244784,17,2327.083265,2327.083265,0
15,16,28,244784,17,2327.083265,2327.083265,0
15,28,16,244784,17,2327.083265,2327.083265,0
15,17,22,244784,17,1861.666598,1551.388821,0
15,22,17,244784,17,1551.388821,1861.666598,0
15,18,26,244784,17,4654.166598,2327.083265,0
15,26,18,244784,17,2327.083265,4654.166598,0
15,19,20,244784,17,3102.777709,1861.666598,0
15,20,19,244784,17,1861.666598,3102.777709,0
15,19,23,244784,17,3102.777709,2327.083265,0
15,23,19,244784,17,2327.083265,3102.777709,0
15,20,21,244784,17,1861.666598,3102.777709,0
15,21,20,244784,17,3102.777709,1861.666598,0
15,22,26,244784,17,1551.388821,2327.083265,0
15,26,22,244784,17,2327.083265,1551.388821,0
15,24,25,244784,17,2327.083265,4654.166598,0
15,25,24,244784,17,4654.166598,2327.083265,0
15,24,26,244784,17,2327.083265,2327.083265,0
15,26,24,244784,17,2327.083265,2327.083265,0
15,24,27,244784,17,2327.083265,4654.166598,0
15,27,24,244784,17,4654.166598,2327.083265,0
16,0,9,244784,17,2324.999932,2324.999932,0
16,9,0,244784,17,2324.999932,2324.999932,0
16,0,12,244784,17,2324.999932,3099.999932,0
16,12,0,244784,17,3099.999932,2324.999932,0
16,0,23,244784,17,2324.999932,1328.571360,0
16,23,0,244784,17,1328.571360,2324.999932,0
16,0,25,244784,17,2324.999932,1859.999932,0
16,25,0,244784,17,1859.999932,2324.999932,0
16,1,14,244784,17,3099.999932,2324.999932,0
16,14,1,244784,17,2324.999932,3099.999932,0
16,1,23,244784,17,3099.999932,1328.571360,0
16,23,1,244784,17,1328.571360,3099.999932,0
16,1,25,244784,17,3099.999932,1859.999932,0
16,25,1,244784,17,1859.999932,3099.999932,0
16,2,5,244784,17,1859.999932,3099.999932,0
16,5,2,244784,17,3099.999932,1859.999932,0
16,2,9,244784,17,1859.999932,2324.999932,0
16,9,2,244784,17,2324.999932,1859.999932,0
16,2,13,244784,17,1859.999932,3099.999932,0
16,13,2,244784,17,3099.999932,1859.999932,0
16,2,18,244784,17,1859.999932,2324.999932,0
16,18,2,244784,17,2324.999932,1859.999932,0
16,2,23,244784,17,1859.999932,1328.571360,0
16,23,2,244784,17,1328.571360,1859.999932,0
16,3,4,244784,17,2324.999932,3099.999932,0
16,4,3,244784,17,3099.999932,2324.999932,0
16,3,12,244784,17,2324.999932,3099.999932,0
16,12,3,244784,17,3099.999932,2324.999932,0
16,3,22,244784,17,2324.999932,2324.999932,0
16,22,3,244784,17,2324.999932,2324.999932,0
16,3,28,244784,17,2324.999932,1549.999932,0
16,28,3,244784,17,1549.999932,2324.999932,0
16,4,11,244784,17,3099.999932,1859.999932,0
16,11,4,244784,17,1859.999932,3099.999932,0
16,4,23,244784,17,3099.999932,1328.571360,0
16,23,4,244784,17,1328.571360,3099.999932,0
16,5,10,244784,17,3099.999932,1859.999932,0
16,10,5,244784,17,1859.999932,3099.999932,0
16,5,26,244784,17,3099.999932,2324.999932,0
16,26,5,244784,17,2324.999932,3099.999932,0
16,6,8,244784,17,1859.999932,2324.999932,0
16,8,6,244784,17,2324.999932,1859.999932,0
16,6,14,244784,17,1859.999932,2324.999932,0
16,14,6,244784,17,2324.999932,1859.999932,0
16,6,17,244784,17,1859.999932,1859.999932,0
16,17,6,244784,17,1859.999932,1859.999932,0
16,6,20,244784,17,1859.999932,3099.999932,0
16,20,6,244784,17,3099.999932,1859.999932,0
16,6,21,244784,17,1859.999932,1859.999932,0
16,21,6,244784,17,1859.999932,1859.999932,0
16,7,8,244784,17,2324.999932,2324.999932,0
16,8,7,244784,17,2324.999932,2324.999932,0
16,7,17,244784,17,2324.999932,1859.999932,0
16,17,7,244784,17,1859.999932,2324.999932,0
16,7,18,244784,17,2324.999932,2324.999932,0
16,18,7,244784,17,2324.999932,2324.999932,0
16,7,22,244784,17,2324.999932,2324.999932,0
16,22,7,244784,17,2324.999932,2324.999932,0
16,8,10,244784,17,2324.999932,1859.999932,0
16,10,8,244784,17,1859.999932,2324.999932,0
16,8,11,244784,17,2324.999932,1859.999932,0
16,11,8,244784,17,1859.999932,2324.999932,0
16,9,22,244784,17,2324.999932,2324.999932,0
16,22,9,244784,17,2324.999932,2324.999932,0
16,9,27,244784,17,2324.999932,3099.999932,0
16,27,9,244784,17,3099.999932,2324.999932,0
16,10,19,244784,17,1859.999932,4649.999932,0
16,19,10,244784,17,4649.999932,1859.999932,0
16,10,27,244784,17,1859.999932,3099.999932,0
16,27,10,244784,17,3099.999932,1859.999932,0
16,10,28,244784,17,1859.999932,1549.999932,0
16,28,10,244784,17,1549.999932,1859.999932,0
16,11,20,244784,17,1859.999932,3099.999932,0
16,20,11,244784,17,3099.999932,1859.999932,0
16,11,21,244784,17,1859.999932,1859.999932,0
16,21,11,244784,17,1859.999932,1859.999932,0
16,11,24,244784,17,1859.999932,3099.999932,0
16,24,11,244784,17,3099.999932,1859.999932,0
16,12,20,244784,17,3099.999932,3099.999932,0
16,20,12,244784,17,3099.999932,3099.999932,0
16,13,23,244784,17,3099.999932,1328.571360,0
16,23,13,244784,17,1328.571360,3099.999932,0
16,13,29,244784,17,3099.999932,4649.999932,0
16,29,13,244784,17,4649.999932,3099.999932,0
16,14,16,244784,17,2324.999932,3099.999932,0
16,16,14,244784,17,3099.999932,2324.999932,0
16,14,28,244784,17,2324.999932,1549.999932,0
16,28,14,244784,17,1549.999932,2324.999932,0
16,15,16,244784,17,3099.999932,3099.999932,0
16,16,15,244784,17,3099.999932,3099.999932,0
16,15,22,244784,17,3099.999932,2324.999932,0
16,22,15,244784,17,2324.999932,3099.999932,0
16,15,23,244784,17,3099.999932,1328.571360,0
16,23,15,244784,17,1328.571360,3099.999932,0
16,16,24,244784,17,3099.999932,3099.999932,0
16,24,16,244784,17,3099.999932,3099.999932,0
16,17,24,244784,17,1859.999932,3099.999932,0
16,24,17,244784,17,3099.999932,1859.999932,0
16,17,25,244784,17,1859.999932,1859.999932,0
16,25,17,244784,17,1859.999932,1859.999932,0
16,17,27,244784,17,1859.999932,3099.999932,0
16,27,17,244784,17,3099.999932,1859.999932,0
16,18,21,244784,17,2324.999932,1859.999932,0
16,21,18,244784,17,1859.999932,2324.999932,0
16,18,26,244784,17,2324.999932,2324.999932,0
16,26,18,244784,17,2324.999932,2324.999932,0
16,19,26,244784,17,4649.999932,2324.999932,0
16,26,19,244784,17,2324.999932,4649.999932,0
16,21,25,244784,17,1859.999932,1859.999932,0
16,25,21,244784,17,1859.999932,1859.999932,0
16,21,28,244784,17,1859.999932,1549.999932,0
16,28,21,244784,17,1549.999932,1859.999932,0
16,23,29,244784,17,1328.571360,4649.999932,0
16,29,23,244784,17,4649.999932,1328.571360,0
16,25,28,244784,17,1859.999932,1549.999932,0
16,28,25,244784,17,1549.999932,1859.999932,0
16,26,28,244784,17,2324.999932,1549.999932,0
16,28,26,244784,17,1549.999932,2324.999932,0
17,0,12,244784,17,3099.999932,1859.999932,0
17,12,0,244784,17,1859.999932,3099.999932,0
17,0,14,244784,17,3099.999932,1549.999932,0
17,14,0,244784,17,1549.999932,3099.999932,0
17,0,22,244784,17,3099.999932,1859.999932,0
17,22,0,244784,17,1859.999932,3099.999932,0
17,1,6,244784,17,3099.999932,4649.999932,0
17,6,1,244784,17,4649.999932,3099.999932,0
17,1,17,244784,17,3099.999932,1859.999932,0
17,17,1,244784,17,1859.999932,3099.999932,0
17,1,24,244784,17,3099.999932,2324.999932,0
17,24,1,244784,17,2324.999932,3099.999932,0
17,2,3,244784,17,1549.999932,3099.999932,0
17,3,2,244784,17,3099.999932,1549.999932,0
17,2,5,244784,17,1549.999932,4649.999932,0
17,5,2,244784,17,4649.999932,1549.999932,0
17,2,10,244784,17,1549.999932,2324.999932,0
17,10,2,244784,17,2324.999932,1549.999932,0
17,2,12,244784,17,1549.999932,1859.999932,0
17,12,2,244784,17,1859.999932,1549.999932,0
17,2,17,244784,17,1549.999932,1859.999932,0
17,17,2,244784,17,1859.999932,1549.999932,0
17,2,18,244784,17,1549.999932,4649.999932,0
17,18,2,244784,17,4649.999932,1549.999932,0
17,3,11,244784,17,3099.999932,2324.999932,0
17,11,3,244784,17,2324.999932,3099.999932,0
17,3,21,244784,17,3099.999932,2324.999932,0
17,21,3,244784,17,2324.999932,3099.999932,0
17,4,8,244784,17,1859.999932,1549.999932,0
17,8,4,244784,17,1549.999932,1859.999932,0
17,4,9,244784,17,1859.999932,1549.999932,0
17,9,4,244784,17,1549.999932,1859.999932,0
17,4,19,244784,17,1859.999932,1549.999932,0
17,19,4,244784,17,1549.999932,1859.999932,0
17,4,25,244784,17,1859.999932,2324.999932,0
17,25,4,244784,17,2324.999932,1859.999932,0
17,4,28,244784,17,1859.999932,3099.999932,0
17,28,4,244784,17,3099.999932,1859.999932,0
17,5,16,244784,17,4649.999932,2324.999932,0
17,16,5,244784,17,2324.999932,4649.999932,0
17,6,11,244784,17,4649.999932,2324.999932,0
17,11,6,244784,17,2324.999932,4649.999932,0
17,7,10,244784,17,1549.999932,2324.999932,0
17,10,7,244784,17,2324.999932,1549.999932,0
17,7,13,244784,17,1549.999932,4649.999932,0
17,13,7,244784,17,4649.999932,1549.999932,0
17,7,17,244784,17,1549.999932,1859.999932,0
17,17,7,244784,17,1859.999932,1549.999932,0
17,7,22,244784,17,1549.999932,1859.999932,0
17,22,7,244784,17,1859.999932,1549.999932,0
17,7,27,244784,17,1549.999932,2324.999932,0
17,27,7,244784,17,2324.999932,1549.999932,0
17,7,29,244784,17,1549.999932,2324.999932,0
17,29,7,244784,17,2324.999932,1549.999932,0
17,8,13,244784,17,1549.999932,4649.999932,0
17,13,8,244784,17,4649.999932,1549.999932,0
17,8,19,244784,17,1549.999932,1549.999932,0
17,19,8,244784,17,1549.999932,1549.999932,0
17,8,23,244784,17,1549.999932,3099.999932,0
17,23,8,244784,17,3099.999932,1549.999932,0
17,8,28,244784,17,1549.999932,3099.999932,0
17,28,8,244784,17,3099.999932,1549.999932,0
17,8,29,244784,17,1549.999932,2324.999932,0
17,29,8,244784,17,2324.999932,1549.999932,0
17,9,10,244784,17,1549.999932,2324.999932,0
17,10,9,244784,17,2324.999932,1549.999932,0
17,9,14,244784,17,1549.999932,1549.999932,0
17,14,9,244784,17,1549.999932,1549.999932,0
17,9,22,244784,17,1549.999932,1859.999932,0
17,22,9,244784,17,1859.999932,1549.999932,0
17,9,24,244784,17,1549.999932,2324.999932,0
17,24,9,244784,17,2324.999932,1549.999932,0
17,9,25,244784,17,1549.999932,2324.999932,0
17,25,9,244784,17,2324.999932,1549.999932,0
17,10,27,244784,17,2324.999932,2324.999932,0
17,27,10,244784,17,2324.999932,2324.999932,0
17,11,14,244784,17,2324.999932,1549.999932,0
17,14,11,244784,17,1549.999932,2324.999932,0
17,11,23,244784,17,2324.999932,3099.999932,0
17,23,11,244784,17,3099.999932,2324.999932,0
17,12,15,244784,17,1859.999932,2324.999932,0
17,15,12,244784,17,2324.999932,1859.999932,0
17,12,22,244784,17,1859.999932,1859.999932,0
17,22,12,244784,17,1859.999932,1859.999932,0
17,12,29,244784,17,1859.999932,2324.999932,0
17,29,12,244784,17,2324.999932,1859.999932,0
17,14,15,244784,17,1549.999932,2324.999932,0
17,15,14,244784,17,2324.999932,1549.999932,0
17,14,19,244784,17,1549.999932,1549.999932,0
17,19,14,244784,17,1549.999932,1549.999932,0
17,14,26,244784,17,1549.999932,4649.999932,0
17,26,14,244784,17,4649.999932,1549.999932,0
17,15,16,244784,17,2324.999932,2324.999932,0
17,16,15,244784,17,2324.999932,2324.999932,0
17,15,21,244784,17,2324.999932,2324.999932,0
17,21,15,244784,17,2324.999932,2324.999932,0
17,16,27,244784,17,2324.999932,2324.999932,0
17,27,16,244784,17,2324.999932,2324.999932,0
17,16,28,244784,17,2324.999932,3099.999932,0
17,28,16,244784,17,3099.999932,2324.999932,0
17,17,20,244784,17,1859.999932,3099.999932,0
17,20,17,244784,17,3099.999932,1859.999932,0
17,17,25,244784,17,1859.999932,2324.999932,0
17,25,17,244784,17,2324.999932,1859.999932,0
17,18,19,244784,17,4649.999932,1549.999932,0
17,19,18,244784,17,1549.999932,4649.999932,0
17,19,20,244784,17,1549.999932,3099.999932,0
17,20,19,244784,17,3099.999932,1549.999932,0
17,19,23,244784,17,1549.999932,3099.999932,0
17,23,19,244784,17,3099.999932,1549.999932,0
17,20,21,244784,17,3099.999932,2324.999932,0
17,21,20,244784,17,2324.999932,3099.999932,0
17,21,27,244784,17,2324.999932,2324.999932,0
17,27,21,244784,17,2324.999932,2324.999932,0
17,22,26,244784,17,1859.999932,4649.999932,0
17,26,22,244784,17,4649.999932,1859.999932,0
17,24,25,244784,17,2324.999932,2324.999932,0
17,25,24,244784,17,2324.999932,2324.999932,0
17,24,29,244784,17,2324.999932,2324.999932,0
17,29,24,244784,17,2324.999932,2324.999932,0
18,0,23,244784,17,4654.166598,1034.259191,0
18,23,0,244784,17,1034.259191,4654.166598,0
18,0,25,244784,17,4654.166598,2327.083265,0
18,25,0,244784,17,2327.083265,4654.166598,0
18,1,7,244784,17,2327.083265,2327.083265,0
18,7,1,244784,17,2327.083265,2327.083265,0
18,1,13,244784,17,2327.083265,3102.777709,0
18,13,1,244784,17,3102.777709,2327.083265,0
18,1,16,244784,17,2327.083265,1861.666598,0
18,16,1,244784,17,1861.666598,2327.083265,0
18,1,23,244784,17,2327.083265,1034.259191,0
18,23,1,244784,17,1034.259191,2327.083265,0
18,2,18,244784,17,3102.777709,4654.166598,0
18,18,2,244784,17,4654.166598,3102.777709,0
18,2,23,244784,17,3102.777709,1034.259191,0
18,23,2,244784,17,1034.259191,3102.777709,0
18,2,27,244784,17,3102.777709,3102.777709,0
18,27,2,244784,17,3102.777709,3102.777709,0
18,3,11,244784,17,3102.777709,4654.166598,0
18,11,3,244784,17,4654.166598,3102.777709,0
18,3,12,244784,17,3102.777709,3102.777709,0
18,12,3,244784,17,3102.777709,3102.777709,0
18,3,28,244784,17,3102.777709,2327.083265,0
18,28,3,244784,17,2327.083265,3102.777709,0
18,4,9,244784,17,1861.666598,1861.666598,0
18,9,4,244784,17,1861.666598,1861.666598,0
18,4,23,244784,17,1861.666598,1034.259191,0
18,23,4,244784,17,1034.259191,1861.666598,0
18,4,24,244784,17,1861.666598,3102.777709,0
18,24,4,244784,17,3102.777709,1861.666598,0
18,4,25,244784,17,1861.666598,2327.083265,0
18,25,4,244784,17,2327.083265,1861.666598,0
18,4,28,244784,17,1861.666598,2327.083265,0
18,28,4,244784,17,2327.083265,1861.666598,0
18,5,7,244784,17,4654.166598,2327.083265,0
18,7,5,244784,17,2327.083265,4654.166598,0
18,5,16,244784,17,4654.166598,1861.666598,0
18,16,5,244784,17,1861.666598,4654.166598,0
18,6,12,244784,17,4654.166598,3102.777709,0
18,12,6,244784,17,3102.777709,4654.166598,0
18,6,17,244784,17,4654.166598,1861.666598,0
18,17,6,244784,17,1861.666598,4654.166598,0
18,7,17,244784,17,2327.083265,1861.666598,0
18,17,7,244784,17,1861.666598,2327.083265,0
18,7,22,244784,17,2327.083265,1551.388821,0
18,22,7,244784,17,1551.388821,2327.083265,0
18,8,16,244784,17,3102.777709,1861.666598,0
18,16,8,244784,17,1861.666598,3102.777709,0
18,8,21,244784,17,3102.777709,1329.761836,0
18,21,8,244784,17,1329.761836,3102.777709,0
18,8,26,244784,17,3102.777709,3102.777709,0
18,26,8,244784,17,3102.777709,3102.777709,0
18,9,10,244784,17,1861.666598,2327.083265,0
18,10,9,244784,17,2327.083265,1861.666598,0
18,9,15,244784,17,1861.666598,1861.666598,0
18,15,9,244784,17,1861.666598,1861.666598,0
18,9,22,244784,17,1861.666598,1551.388821,0
18,22,9,244784,17,1551.388821,1861.666598,0
18,9,25,244784,17,1861.666598,2327.083265,0
18,25,9,244784,17,2327.083265,1861.666598,0
18,10,19,244784,17,2327.083265,3102.777709,0
18,19,10,244784,17,3102.777709,2327.083265,0
18,10,27,244784,17,2327.083265,3102.777709,0
18,27,10,244784,17,3102.777709,2327.083265,0
18,10,28,244784,17,2327.083265,2327.083265,0
18,28,10,244784,17,2327.083265,2327.083265,0
18,11,15,244784,17,4654.166598,1861.666598,0
18,15,11,244784,17,1861.666598,4654.166598,0
18,12,20,244784,17,3102.777709,3102.777709,0
18,20,12,244784,17,3102.777709,3102.777709,0
18,13,21,244784,17,3102.777709,1329.761836,0
18,21,13,244784,17,1329.761836,3102.777709,0
18,13,23,244784,17,3102.777709,1034.259191,0
18,23,13,244784,17,1034.259191,3102.777709,0
18,14,23,244784,17,4654.166598,1034.259191,0
18,23,14,244784,17,1034.259191,4654.166598,0
18,14,29,244784,17,4654.166598,3102.777709,0
18,29,14,244784,17,3102.777709,4654.166598,0
18,15,21,244784,17,1861.666598,1329.761836,0
18,21,15,244784,17,1329.761836,1861.666598,0
18,15,22,244784,17,1861.666598,1551.388821,0
18,22,15,244784,17,1551.388821,1861.666598,0
18,15,23,244784,17,1861.666598,1034.259191,0
18,23,15,244784,17,1034.259191,1861.666598,0
18,16,17,244784,17,1861.666598,1861.666598,0
18,17,16,244784,17,1861.666598,1861.666598,0
18,16,22,244784,17,1861.666598,1551.388821,0
18,22,16,244784,17,1551.388821,1861.666598,0
18,17,22,244784,17,1861.666598,1551.388821,0
18,22,17,244784,17,1551.388821,1861.666598,0
18,17,24,244784,17,1861.666598,3102.777709,0
18,24,17,244784,17,3102.777709,1861.666598,0
18,18,26,244784,17,4654.166598,3102.777709,0
18,26,18,244784,17,3102.777709,4654.166598,0
18,19,20,244784,17,3102.777709,3102.777709,0
18,20,19,244784,17,3102.777709,3102.777709,0
18,19,23,244784,17,3102.777709,1034.259191,0
18,23,19,244784,17,1034.259191,3102.777709,0
18,20,21,244784,17,3102.777709,1329.761836,0
18,21,20,244784,17,1329.761836,3102.777709,0
18,21,25,244784,17,1329.761836,2327.083265,0
18,25,21,244784,17,2327.083265,1329.761836,0
18,21,28,244784,17,1329.761836,2327.083265,0
18,28,21,244784,17,2327.083265,1329.761836,0
18,21,29,244784,17,1329.761836,3102.777709,0
18,29,21,244784,17,3102.777709,1329.761836,0
18,22,26,244784,17,1551.388821,3102.777709,0
18,26,22,244784,17,3102.777709,1551.388821,0
18,23,29,244784,17,1034.259191,3102.777709,0
18,29,23,244784,17,3102.777709,1034.259191,0
18,24,27,244784,17,3102.777709,3102.777709,0
18,27,24,244784,17,3102.777709,3102.777709,0
19,0,13,244784,17,3099.999932,3099.999932,0
19,13,0,244784,17,3099.999932,3099.999932,0
19,0,22,244784,17,3099.999932,1859.999932,0
19,22,0,244784,17,1859.999932,3099.999932,0
19,0,28,244784,17,3099.999932,1549.999932,0
19,28,0,244784,17,1549.999932,3099.999932,0
19,1,12,244784,17,3099.999932,3099.999932,0
19,12,1,244784,17,3099.999932,3099.999932,0
19,1,17,244784,17,3099.999932,1859.999932,0
19,17,1,244784,17,1859.999932,3099.999932,0
19,1,25,244784,17,3099.999932,4649.999932,0
19,25,1,244784,17,4649.999932,3099.999932,0
19,2,10,244784,17,2324.999932,3099.999932,0
19,10,2,244784,17,3099.999932,2324.999932,0
19,2,11,244784,17,2324.999932,2324.999932,0
19,11,2,244784,17,2324.999932,2324.999932,0
19,2,17,244784,17,2324.999932,1859.999932,0
19,17,2,244784,17,1859.999932,2324.999932,0
19,2,18,244784,17,2324.999932,4649.999932,0
19,18,2,244784,17,4649.999932,2324.999932,0
19,3,11,244784,17,3099.999932,2324.999932,0
19,11,3,244784,17,2324.999932,3099.999932,0
19,3,12,244784,17,3099.999932,3099.999932,0
19,12,3,244784,17,3099.999932,3099.999932,0
19,3,17,244784,17,3099.999932,1859.999932,0
19,17,3,244784,17,1859.999932,3099.999932,0
19,4,8,244784,17,1859.999932,1859.999932,0
19,8,4,244784,17,1859.999932,1859.999932,0
19,4,13,244784,17,1859.999932,3099.999932,0
19,13,4,244784,17,3099.999932,1859.999932,0
19,4,15,244784,17,1859.999932,3099.999932,0
19,15,4,244784,17,3099.999932,1859.999932,0
19,4,19,244784,17,1859.999932,3099.999932,0
19,19,4,244784,17,3099.999932,1859.999932,0
19,4,23,244784,17,1859.999932,2324.999932,0
19,23,4,244784,17,2324.999932,1859.999932,0
19,5,16,244784,17,4649.999932,1859.999932,0
19,16,5,244784,17,1859.999932,4649.999932,0
19,5,26,244784,17,4649.999932,2324.999932,0
19,26,5,244784,17,2324.999932,4649.999932,0
19,6,8,244784,17,3099.999932,1859.999932,0
19,8,6,244784,17,1859.999932,3099.999932,0
19,6,11,244784,17,3099.999932,2324.999932,0
19,11,6,244784,17,2324.999932,3099.999932,0
19,6,20,244784,17,3099.999932,4649.999932,0
19,20,6,244784,17,4649.999932,3099.999932,0
19,7,9,244784,17,1859.999932,2324.999932,0
19,9,7,244784,17,2324.999932,1859.999932,0
19,7,10,244784,17,1859.999932,3099.999932,0
19,10,7,244784,17,3099.999932,1859.999932,0
19,7,17,244784,17,1859.999932,1859.999932,0
19,17,7,244784,17,1859.999932,1859.999932,0
19,7,22,244784,17,1859.999932,1859.999932,0
19,22,7,244784,17,1859.999932,1859.999932,0
19,7,29,244784,17,1859.999932,1859.999932,0
19,29,7,244784,17,1859.999932,1859.999932,0
19,8,21,244784,17,1859.999932,1549.999932,0
19,21,8,244784,17,1549.999932,1859.999932,0
19,8,23,244784,17,1859.999932,2324.999932,0
19,23,8,244784,17,2324.999932,1859.999932,0
19,8,29,244784,17,1859.999932,1859.999932,0
19,29,8,244784,17,1859.999932,1859.999932,0
19,9,14,244784,17,2324.999932,3099.999932,0
19,14,9,244784,17,3099.999932,2324.999932,0
19,9,24,244784,17,2324.999932,4649.999932,0
19,24,9,244784,17,4649.999932,2324.999932,0
19,9,27,244784,17,2324.999932,3099.999932,0
19,27,9,244784,17,3099.999932,2324.999932,0
19,10,27,244784,17,3099.999932,3099.999932,0
19,27,10,244784,17,3099.999932,3099.999932,0
19,11,23,244784,17,2324.999932,2324.999932,0
19,23,11,244784,17,2324.999932,2324.999932,0
19,12,22,244784,17,3099.999932,1859.999932,0
19,22,12,244784,17,1859.999932,3099.999932,0
19,13,28,244784,17,3099.999932,1549.999932,0
19,28,13,244784,17,1549.999932,3099.999932,0
19,14,28,244784,17,3099.999932,1549.999932,0
19,28,14,244784,17,1549.999932,3099.999932,0
19,14,29,244784,17,3099.999932,1859.999932,0
19,29,14,244784,17,1859.999932,3099.999932,0
19,15,16,244784,17,3099.999932,1859.999932,0
19,16,15,244784,17,1859.999932,3099.999932,0
19,15,29,244784,17,3099.999932,1859.999932,0
19,29,15,244784,17,1859.999932,3099.999932,0
19,16,17,244784,17,1859.999932,1859.999932,0
19,17,16,244784,17,1859.999932,1859.999932,0
19,16,22,244784,17,1859.999932,1859.999932,0
19,22,16,244784,17,1859.999932,1859.999932,0
19,16,28,244784,17,1859.999932,1549.999932,0
19,28,16,244784,17,1549.999932,1859.999932,0
19,18,21,244784,17,4649.999932,1549.999932,0
19,21,18,244784,17,1549.999932,4649.999932,0
19,19,20,244784,17,3099.999932,4649.999932,0
19,20,19,244784,17,4649.999932,3099.999932,0
19,19,23,244784,17,3099.999932,2324.999932,0
19,23,19,244784,17,2324.999932,3099.999932,0
19,21,25,244784,17,1549.999932,4649.999932,0
19,25,21,244784,17,4649.999932,1549.999932,0
19,21,27,244784,17,1549.999932,3099.999932,0
19,27,21,244784,17,3099.999932,1549.999932,0
19,21,28,244784,17,1549.999932,1549.999932,0
19,28,21,244784,17,1549.999932,1549.999932,0
19,21,29,244784,17,1549.999932,1859.999932,0
19,29,21,244784,17,1859.999932,1549.999932,0
19,22,26,244784,17,1859.999932,2324.999932,0
19,26,22,244784,17,2324.999932,1859.999932,0
19,24,26,244784,17,4649.999932,2324.999932,0
19,26,24,244784,17,2324.999932,4649.999932,0
19,26,28,244784,17,2324.999932,1549.999932,0
19,28,26,244784,17,1549.999932,2324.999932,0
20,0,22,244784,17,3099.999932,2324.999932,0
20,22,0,244784,17,2324.999932,3099.999932,0
20,0,23,244784,17,3099.999932,1328.571360,0
20,23,0,244784,17,1328.571360,3099.999932,0
20,0,25,244784,17,3099.999932,1859.999932,0
20,25,0,244784,17,1859.999932,3099.999932,0
20,1,11,244784,17,2324.999932,1549.999932,0
20,11,1,244784,17,1549.999932,2324.999932,0
20,1,23,244784,17,2324.999932,1328.571360,0
20,23,1,244784,17,1328.571360,2324.999932,0
20,1,24,244784,17,2324.999932,2324.999932,0
20,24,1,244784,17,2324.999932,2324.999932,0
20,1,25,244784,17,2324.999932,1859.999932,0
20,25,1,244784,17,1859.999932,2324.999932,0
20,2,3,244784,17,1549.999932,4649.999932,0
20,3,2,244784,17,4649.999932,1549.999932,0
20,2,12,244784,17,1549.999932,3099.999932,0
20,12,2,244784,17,3099.999932,1549.999932,0
20,2,13,244784,17,1549.999932,3099.999932,0
20,13,2,244784,17,3099.999932,1549.999932,0
20,2,17,244784,17,1549.999932,1549.999932,0
20,17,2,244784,17,1549.999932,1549.999932,0
20,2,18,244784,17,1549.999932,4649.999932,0
20,18,2,244784,17,4649.999932,1549.999932,0
20,2,23,244784,17,1549.999932,1328.571360,0
20,23,2,244784,17,1328.571360,1549.999932,0
20,3,19,244784,17,4649.999932,2324.999932,0
20,19,3,244784,17,2324.999932,4649.999932,0
20,4,8,244784,17,4649.999932,1549.999932,0
20,8,4,244784,17,1549.999932,4649.999932,0
20,4,21,244784,17,4649.999932,1859.999932,0
20,21,4,244784,17,1859.999932,4649.999932,0
20,5,16,244784,17,4649.999932,3099.999932,0
20,16,5,244784,17,3099.999932,4649.999932,0
20,5,20,244784,17,4649.999932,1859.999932,0
20,20,5,244784,17,1859.999932,4649.999932,0
20,6,12,244784,17,2324.999932,3099.999932,0
20,12,6,244784,17,3099.999932,2324.999932,0
20,6,17,244784,17,2324.999932,1549.999932,0
20,17,6,244784,17,1549.999932,2324.999932,0
20,6,20,244784,17,2324.999932,1859.999932,0
20,20,6,244784,17,1859.999932,2324.999932,0
20,6,28,244784,17,2324.999932,2324.999932,0
20,28,6,244784,17,2324.999932,2324.999932,0
20,7,15,244784,17,1859.999932,4649.999932,0
20,15,7,244784,17,4649.999932,1859.999932,0
20,7,17,244784,17,1859.999932,1549.999932,0
20,17,7,244784,17,1549.999932,1859.999932,0
20,7,21,244784,17,1859.999932,1859.999932,0
20,21,7,244784,17,1859.999932,1859.999932,0
20,7,22,244784,17,1859.999932,2324.999932,0
20,22,7,244784,17,2324.999932,1859.999932,0
20,7,29,244784,17,1859.999932,3099.999932,0
20,29,7,244784,17,3099.999932,1859.999932,0
20,8,10,244784,17,1549.999932,2324.999932,0
20,10,8,244784,17,2324.999932,1549.999932,0
20,8,11,244784,17,1549.999932,1549.999932,0
20,11,8,244784,17,1549.999932,1549.999932,0
20,8,16,244784,17,1549.999932,3099.999932,0
20,16,8,244784,17,3099.999932,1549.999932,0
20,8,26,244784,17,1549.999932,3099.999932,0
20,26,8,244784,17,3099.999932,1549.999932,0
20,8,28,244784,17,1549.999932,2324.999932,0
20,28,8,244784,17,2324.999932,1549.999932,0
20,9,10,244784,17,3099.999932,2324.999932,0
20,10,9,244784,17,2324.999932,3099.999932,0
20,9,14,244784,17,3099.999932,3099.999932,0
20,14,9,244784,17,3099.999932,3099.999932,0
20,9,27,244784,17,3099.999932,3099.999932,0
20,27,9,244784,17,3099.999932,3099.999932,0
20,10,27,244784,17,2324.999932,3099.999932,0
20,27,10,244784,17,3099.999932,2324.999932,0
20,10,28,244784,17,2324.999932,2324.999932,0
20,28,10,244784,17,2324.999932,2324.999932,0
20,11,14,244784,17,1549.999932,3099.999932,0
20,14,11,244784,17,3099.999932,1549.999932,0
20,11,20,244784,17,1549.999932,1859.999932,0
20,20,11,244784,17,1859.999932,1549.999932,0
20,11,21,244784,17,1549.999932,1859.999932,0
20,21,11,244784,17,1859.999932,1549.999932,0
20,11,24,244784,17,1549.999932,2324.999932,0
20,24,11,244784,17,2324.999932,1549.999932,0
20,12,20,244784,17,3099.999932,1859.999932,0
20,20,12,244784,17,1859.999932,3099.999932,0
20,13,18,244784,17,3099.999932,4649.999932,0
20,18,13,244784,17,4649.999932,3099.999932,0
20,13,23,244784,17,3099.999932,1328.571360,0
20,23,13,244784,17,1328.571360,3099.999932,0
20,14,23,244784,17,3099.999932,1328.571360,0
20,23,14,244784,17,1328.571360,3099.999932,0
20,15,22,244784,17,4649.999932,2324.999932,0
20,22,15,244784,17,2324.999932,4649.999932,0
20,16,24,244784,17,3099.999932,2324.999932,0
20,24,16,244784,17,2324.999932,3099.999932,0
20,17,24,244784,17,1549.999932,2324.999932,0
20,24,17,244784,17,2324.999932,1549.999932,0
20,17,25,244784,17,1549.999932,1859.999932,0
20,25,17,244784,17,1859.999932,1549.999932,0
20,17,27,244784,17,1549.999932,3099.999932,0
20,27,17,244784,17,3099.999932,1549.999932,0
20,19,20,244784,17,2324.999932,1859.999932,0
20,20,19,244784,17,1859.999932,2324.999932,0
20,19,23,244784,17,2324.999932,1328.571360,0
20,23,19,244784,17,1328.571360,2324.999932,0
20,19,26,244784,17,2324.999932,3099.999932,0
20,26,19,244784,17,3099.999932,2324.999932,0
20,21,25,244784,17,1859.999932,1859.999932,0
20,25,21,244784,17,1859.999932,1859.999932,0
20,21,29,244784,17,1859.999932,3099.999932,0
20,29,21,244784,17,3099.999932,1859.999932,0
20,22,26,244784,17,2324.999932,3099.999932,0
20,26,22,244784,17,3099.999932,2324.999932,0
20,23,29,244784,17,1328.571360,3099.999932,0
20,29,23,244784,17,3099.999932,1328.571360,0
20,25,28,244784,17,1859.999932,2324.999932,0
20,28,25,244784,17,2324.999932,1859.999932,0
21,0,9,244784,17,1858.333265,2322.916598,0
21,9,0,244784,17,2322.916598,1858.333265,0
21,0,12,244784,17,1858.333265,2322.916598,0
21,12,0,244784,17,2322.916598,1858.333265,0
21,0,15,244784,17,1858.333265,3097.222154,0
21,15,0,244784,17,3097.222154,1858.333265,0
21,0,17,244784,17,1858.333265,2322.916598,0
21,17,0,244784,17,2322.916598,1858.333265,0
21,0,28,244784,17,1858.333265,1548.611043,0
21,28,0,244784,17,1548.611043,1858.333265,0
21,1,11,244784,17,1858.333265,3097.222154,0
21,11,1,244784,17,3097.222154,1858.333265,0
21,1,13,244784,17,1858.333265,3097.222154,0
21,13,1,244784,17,3097.222154,1858.333265,0
21,1,14,244784,17,1858.333265,2322.916598,0
21,14,1,244784,17,2322.916598,1858.333265,0
21,1,24,244784,17,1858.333265,3097.222154,0
21,24,1,244784,17,3097.222154,1858.333265,0
21,1,25,244784,17,1858.333265,3097.222154,0
21,25,1,244784,17,3097.222154,1858.333265,0
21,2,17,244784,17,2322.916598,2322.916598,0
21,17,2,244784,17,2322.916598,2322.916598,0
21,2,18,244784,17,2322.916598,4645.833265,0
21,18,2,244784,17,4645.833265,2322.916598,0
21,2,19,244784,17,2322.916598,4645.833265,0
21,19,2,244784,17,4645.833265,2322.916598,0
21,2,23,244784,17,2322.916598,1858.333265,0
21,23,2,244784,17,1858.333265,2322.916598,0
21,3,4,244784,17,2322.916598,3097.222154,0
21,4,3,244784,17,3097.222154,2322.916598,0
21,3,12,244784,17,2322.916598,2322.916598,0
21,12,3,244784,17,2322.916598,2322.916598,0
21,3,20,244784,17,2322.916598,1858.333265,0
21,20,3,244784,17,1858.333265,2322.916598,0
21,3,28,244784,17,2322.916598,1548.611043,0
21,28,3,244784,17,1548.611043,2322.916598,0
21,4,11,244784,17,3097.222154,3097.222154,0
21,11,4,244784,17,3097.222154,3097.222154,0
21,4,20,244784,17,3097.222154,1858.333265,0
21,20,4,244784,17,1858.333265,3097.222154,0
21,5,7,244784,17,4645.833265,1858.333265,0
21,7,5,244784,17,1858.333265,4645.833265,0
21,5,16,244784,17,4645.833265,1548.611043,0
21,16,5,244784,17,1548.611043,4645.833265,0
21,6,11,244784,17,2322.916598,3097.222154,0
21,11,6,244784,17,3097.222154,2322.916598,0
21,6,17,244784,17,2322.916598,2322.916598,0
21,17,6,244784,17,2322.916598,2322.916598,0
21,6,20,244784,17,2322.916598,1858.333265,0
21,20,6,244784,17,1858.333265,2322.916598,0
21,6,21,244784,17,2322.916598,2322.916598,0
21,21,6,244784,17,2322.916598,2322.916598,0
21,7,10,244784,17,1858.333265,4645.833265,0
21,10,7,244784,17,4645.833265,1858.333265,0
21,7,22,244784,17,1858.333265,2322.916598,0
21,22,7,244784,17,2322.916598,1858.333265,0
21,7,27,244784,17,1858.333265,3097.222154,0
21,27,7,244784,17,3097.222154,1858.333265,0
21,7,29,244784,17,1858.333265,1858.333265,0
21,29,7,244784,17,1858.333265,1858.333265,0
21,8,13,244784,17,3097.222154,3097.222154,0
21,13,8,244784,17,3097.222154,3097.222154,0
21,8,16,244784,17,3097.222154,1548.611043,0
21,16,8,244784,17,1548.611043,3097.222154,0
21,8,29,244784,17,3097.222154,1858.333265,0
21,29,8,244784,17,1858.333265,3097.222154,0
21,9,22,244784,17,2322.916598,2322.916598,0
21,22,9,244784,17,2322.916598,2322.916598,0
21,9,24,244784,17,2322.916598,3097.222154,0
21,24,9,244784,17,3097.222154,2322.916598,0
21,9,27,244784,17,2322.916598,3097.222154,0
21,27,9,244784,17,3097.222154,2322.916598,0
21,10,28,244784,17,4645.833265,1548.611043,0
21,28,10,244784,17,1548.611043,4645.833265,0
21,12,20,244784,17,2322.916598,1858.333265,0
21,20,12,244784,17,1858.333265,2322.916598,0
21,12,29,244784,17,2322.916598,1858.333265,0
21,29,12,244784,17,1858.333265,2322.916598,0
21,13,23,244784,17,3097.222154,1858.333265,0
21,23,13,244784,17,1858.333265,3097.222154,0
21,14,23,244784,17,2322.916598,1858.333265,0
21,23,14,244784,17,1858.333265,2322.916598,0
21,14,26,244784,17,2322.916598,4645.833265,0
21,26,14,244784,17,4645.833265,2322.916598,0
21,14,29,244784,17,2322.916598,1858.333265,0
21,29,14,244784,17,1858.333265,2322.916598,0
21,15,16,244784,17,3097.222154,1548.611043,0
21,16,15,244784,17,1548.611043,3097.222154,0
21,15,27,244784,17,3097.222154,3097.222154,0
21,27,15,244784,17,3097.222154,3097.222154,0
21,16,22,244784,17,1548.611043,2322.916598,0
21,22,16,244784,17,2322.916598,1548.611043,0
21,16,24,244784,17,1548.611043,3097.222154,0
21,24,16,244784,17,3097.222154,1548.611043,0
21,16,28,244784,17,1548.611043,1548.611043,0
21,28,16,244784,17,1548.611043,1548.611043,0
21,17,25,244784,17,2322.916598,3097.222154,0
21,25,17,244784,17,3097.222154,2322.916598,0
21,18,21,244784,17,4645.833265,2322.916598,0
21,21,18,244784,17,2322.916598,4645.833265,0
21,19,20,244784,17,4645.833265,1858.333265,0
21,20,19,244784,17,1858.333265,4645.833265,0
21,21,25,244784,17,2322.916598,3097.222154,0
21,25,21,244784,17,3097.222154,2322.916598,0
21,21,28,244784,17,2322.916598,1548.611043,0
21,28,21,244784,17,1548.611043,2322.916598,0
21,22,26,244784,17,2322.916598,4645.833265,0
21,26,22,244784,17,4645.833265,2322.916598,0
21,23,28,244784,17,1858.333265,1548.611043,0
21,28,23,244784,17,1548.611043,1858.333265,0
21,23,29,244784,17,1858.333265,1858.333265,0
21,29,23,244784,17,1858.333265,1858.333265,0
22,0,9,244784,17,3099.999932,1328.571360,0
22,9,0,244784,17,1328.571360,3099.999932,0
22,0,23,244784,17,3099.999932,1328.571360,0
22,23,0,244784,17,1328.571360,3099.999932,0
22,0,25,244784,17,3099.999932,2324.999932,0
22,25,0,244784,17,2324.999932,3099.999932,0
22,1,6,244784,17,1859.999932,3099.999932,0
22,6,1,244784,17,3099.999932,1859.999932,0
22,1,7,244784,17,1859.999932,2324.999932,0
22,7,1,244784,17,2324.999932,1859.999932,0
22,1,17,244784,17,1859.999932,1549.999932,0
22,17,1,244784,17,1549.999932,1859.999932,0
22,1,24,244784,17,1859.999932,2324.999932,0
22,24,1,244784,17,2324.999932,1859.999932,0
22,1,25,244784,17,1859.999932,2324.999932,0
22,25,1,244784,17,2324.999932,1859.999932,0
22,2,9,244784,17,1549.999932,1328.571360,0
22,9,2,244784,17,1328.571360,1549.999932,0
22,2,10,244784,17,1549.999932,2324.999932,0
22,10,2,244784,17,2324.999932,1549.999932,0
22,2,17,244784,17,1549.999932,1549.999932,0
22,17,2,244784,17,1549.999932,1549.999932,0
22,2,18,244784,17,1549.999932,3099.999932,0
22,18,2,244784,17,3099.999932,1549.999932,0
22,2,21,244784,17,1549.999932,1549.999932,0
22,21,2,244784,17,1549.999932,1549.999932,0
22,2,23,244784,17,1549.999932,1328.571360,0
22,23,2,244784,17,1328.571360,1549.999932,0
22,3,12,244784,17,4649.999932,4649.999932,0
22,12,3,244784,17,4649.999932,4649.999932,0
22,3,15,244784,17,4649.999932,1859.999932,0
22,15,3,244784,17,1859.999932,4649.999932,0
22,4,8,244784,17,2324.999932,2324.999932,0
22,8,4,244784,17,2324.999932,2324.999932,0
22,4,23,244784,17,2324.999932,1328.571360,0
22,23,4,244784,17,1328.571360,2324.999932,0
22,4,25,244784,17,2324.999932,2324.999932,0
22,25,4,244784,17,2324.999932,2324.999932,0
22,4,28,244784,17,2324.999932,1859.999932,0
22,28,4,244784,17,1859.999932,2324.999932,0
22,5,16,244784,17,4649.999932,1859.999932,0
22,16,5,244784,17,1859.999932,4649.999932,0
22,5,18,244784,17,4649.999932,3099.999932,0
22,18,5,244784,17,3099.999932,4649.999932,0
22,6,15,244784,17,3099.999932,1859.999932,0
22,15,6,244784,17,1859.999932,3099.999932,0
22,6,20,244784,17,3099.999932,4649.999932,0
22,20,6,244784,17,4649.999932,3099.999932,0
22,7,13,244784,17,2324.999932,4649.999932,0
22,13,7,244784,17,4649.999932,2324.999932,0
22,7,17,244784,17,2324.999932,1549.999932,0
22,17,7,244784,17,1549.999932,2324.999932,0
22,7,22,244784,17,2324.999932,2324.999932,0
22,22,7,244784,17,2324.999932,2324.999932,0
22,8,16,244784,17,2324.999932,1859.999932,0
22,16,8,244784,17,1859.999932,2324.999932,0
22,8,21,244784,17,2324.999932,1549.999932,0
22,21,8,244784,17,1549.999932,2324.999932,0
22,8,26,244784,17,2324.999932,3099.999932,0
22,26,8,244784,17,3099.999932,2324.999932,0
22,9,10,244784,17,1328.571360,2324.999932,0
22,10,9,244784,17,2324.999932,1328.571360,0
22,9,21,244784,17,1328.571360,1549.999932,0
22,21,9,244784,17,1549.999932,1328.571360,0
22,9,22,244784,17,1328.571360,2324.999932,0
22,22,9,244784,17,2324.999932,1328.571360,0
22,9,24,244784,17,1328.571360,2324.999932,0
22,24,9,244784,17,2324.999932,1328.571360,0
22,9,27,244784,17,1328.571360,4649.999932,0
22,27,9,244784,17,4649.999932,1328.571360,0
22,10,27,244784,17,2324.999932,4649.999932,0
22,27,10,244784,17,4649.999932,2324.999932,0
22,10,28,244784,17,2324.999932,1859.999932,0
22,28,10,244784,17,1859.999932,2324.999932,0
22,11,21,244784,17,4649.999932,1549.999932,0
22,21,11,244784,17,1549.999932,4649.999932,0
22,11,23,244784,17,4649.999932,1328.571360,0
22,23,11,244784,17,1328.571360,4649.999932,0
22,12,22,244784,17,4649.999932,2324.999932,0
22,22,12,244784,17,2324.999932,4649.999932,0
22,13,23,244784,17,4649.999932,1328.571360,0
22,23,13,244784,17,1328.571360,4649.999932,0
22,14,15,244784,17,3099.999932,1859.999932,0
22,15,14,244784,17,1859.999932,3099.999932,0
22,14,28,244784,17,3099.999932,1859.999932,0
22,28,14,244784,17,1859.999932,3099.999932,0
22,14,29,244784,17,3099.999932,3099.999932,0
22,29,14,244784,17,3099.999932,3099.999932,0
22,15,16,244784,17,1859.999932,1859.999932,0
22,16,15,244784,17,1859.999932,1859.999932,0
22,15,29,244784,17,1859.999932,3099.999932,0
22,29,15,244784,17,3099.999932,1859.999932,0
22,16,17,244784,17,1859.999932,1549.999932,0
22,17,16,244784,17,1549.999932,1859.999932,0
22,16,24,244784,17,1859.999932,2324.999932,0
22,24,16,244784,17,2324.999932,1859.999932,0
22,17,24,244784,17,1549.999932,2324.999932,0
22,24,17,244784,17,2324.999932,1549.999932,0
22,17,25,244784,17,1549.999932,2324.999932,0
22,25,17,244784,17,2324.999932,1549.999932,0
22,18,21,244784,17,3099.999932,1549.999932,0
22,21,18,244784,17,1549.999932,3099.999932,0
22,19,20,244784,17,4649.999932,4649.999932,0
22,20,19,244784,17,4649.999932,4649.999932,0
22,19,26,244784,17,4649.999932,3099.999932,0
22,26,19,244784,17,3099.999932,4649.999932,0
22,21,28,244784,17,1549.999932,1859.999932,0
22,28,21,244784,17,1859.999932,1549.999932,0
22,22,26,244784,17,2324.999932,3099.999932,0
22,26,22,244784,17,3099.999932,2324.999932,0
22,23,28,244784,17,1328.571360,1859.999932,0
22,28,23,244784,17,1859.999932,1328.571360,0
22,23,29,244784,17,1328.571360,3099.999932,0
22,29,23,244784,17,3099.999932,1328.571360,0
23,0,23,244784,17,3099.999932,1328.571360,0
23,23,0,244784,17,1328.571360,3099.999932,0
23,0,25,244784,17,3099.999932,2324.999932,0
23,25,0,244784,17,2324.999932,3099.999932,0
23,0,29,244784,17,3099.999932,1859.999932,0
23,29,0,244784,17,1859.999932,3099.999932,0
23,1,11,244784,17,2324.999932,1859.999932,0
23,11,1,244784,17,1859.999932,2324.999932,0
23,1,13,244784,17,2324.999932,4649.999932,0
23,13,1,244784,17,4649.999932,2324.999932,0
23,1,23,244784,17,2324.999932,1328.571360,0
23,23,1,244784,17,1328.571360,2324.999932,0
23,1,24,244784,17,2324.999932,3099.999932,0
23,24,1,244784,17,3099.999932,2324.999932,0
23,2,5,244784,17,1859.999932,3099.999932,0
23,5,2,244784,17,3099.999932,1859.999932,0
23,2,12,244784,17,1859.999932,2324.999932,0
23,12,2,244784,17,2324.999932,1859.999932,0
23,2,13,244784,17,1859.999932,4649.999932,0
23,13,2,244784,17,4649.999932,1859.999932,0
23,2,18,244784,17,1859.999932,4649.999932,0
23,18,2,244784,17,4649.999932,1859.999932,0
23,2,23,244784,17,1859.999932,1328.571360,0
23,23,2,244784,17,1328.571360,1859.999932,0
23,3,11,244784,17,2324.999932,1859.999932,0
23,11,3,244784,17,1859.999932,2324.999932,0
23,3,12,244784,17,2324.999932,2324.999932,0
23,12,3,244784,17,2324.999932,2324.999932,0
23,3,21,244784,17,2324.999932,1859.999932,0
23,21,3,244784,17,1859.999932,2324.999932,0
23,3,26,244784,17,2324.999932,4649.999932,0
23,26,3,244784,17,4649.999932,2324.999932,0
23,4,8,244784,17,1859.999932,2324.999932,0
23,8,4,244784,17,2324.999932,1859.999932,0
23,4,19,244784,17,1859.999932,2324.999932,0
23,19,4,244784,17,2324.999932,1859.999932,0
23,4,23,244784,17,1859.999932,1328.571360,0
23,23,4,244784,17,1328.571360,1859.999932,0
23,4,25,244784,17,1859.999932,2324.999932,0
23,25,4,244784,17,2324.999932,1859.999932,0
23,4,28,244784,17,1859.999932,1859.999932,0
23,28,4,244784,17,1859.999932,1859.999932,0
23,5,16,244784,17,3099.999932,3099.999932,0
23,16,5,244784,17,3099.999932,3099.999932,0
23,5,20,244784,17,3099.999932,1549.999932,0
23,20,5,244784,17,1549.999932,3099.999932,0
23,6,11,244784,17,3099.999932,1859.999932,0
23,11,6,244784,17,1859.999932,3099.999932,0
23,6,17,244784,17,3099.999932,1549.999932,0
23,17,6,244784,17,1549.999932,3099.999932,0
23,6,20,244784,17,3099.999932,1549.999932,0
23,20,6,244784,17,1549.999932,3099.999932,0
23,7,10,244784,17,2324.999932,3099.999932,0
23,10,7,244784,17,3099.999932,2324.999932,0
23,7,17,244784,17,2324.999932,1549.999932,0
23,17,7,244784,17,1549.999932,2324.999932,0
23,7,22,244784,17,2324.999932,2324.999932,0
23,22,7,244784,17,2324.999932,2324.999932,0
23,7,29,244784,17,2324.999932,1859.999932,0
23,29,7,244784,17,1859.999932,2324.999932,0
23,8,21,244784,17,2324.999932,1859.999932,0
23,21,8,244784,17,1859.999932,2324.999932,0
23,8,28,244784,17,2324.999932,1859.999932,0
23,28,8,244784,17,1859.999932,2324.999932,0
23,8,29,244784,17,2324.999932,1859.999932,0
23,29,8,244784,17,1859.999932,2324.999932,0
23,9,14,244784,17,2324.999932,3099.999932,0
23,14,9,244784,17,3099.999932,2324.999932,0
23,9,22,244784,17,2324.999932,2324.999932,0
23,22,9,244784,17,2324.999932,2324.999932,0
23,9,25,244784,17,2324.999932,2324.999932,0
23,25,9,244784,17,2324.999932,2324.999932,0
23,9,27,244784,17,2324.999932,2324.999932,0
23,27,9,244784,17,2324.999932,2324.999932,0
23,10,27,244784,17,3099.999932,2324.999932,0
23,27,10,244784,17,2324.999932,3099.999932,0
23,10,28,244784,17,3099.999932,1859.999932,0
23,28,10,244784,17,1859.999932,3099.999932,0
23,11,20,244784,17,1859.999932,1549.999932,0
23,20,11,244784,17,1549.999932,1859.999932,0
23,11,24,244784,17,1859.999932,3099.999932,0
23,24,11,244784,17,3099.999932,1859.999932,0
23,12,19,244784,17,2324.999932,2324.999932,0
23,19,12,244784,17,2324.999932,2324.999932,0
23,12,20,244784,17,2324.999932,1549.999932,0
23,20,12,244784,17,1549.999932,2324.999932,0
23,14,23,244784,17,3099.999932,1328.571360,0
23,23,14,244784,17,1328.571360,3099.999932,0
23,14,29,244784,17,3099.999932,1859.999932,0
23,29,14,244784,17,1859.999932,3099.999932,0
23,15,16,244784,17,4649.999932,3099.999932,0
23,16,15,244784,17,3099.999932,4649.999932,0
23,15,22,244784,17,4649.999932,2324.999932,0
23,22,15,244784,17,2324.999932,4649.999932,0
23,16,28,244784,17,3099.999932,1859.999932,0
23,28,16,244784,17,1859.999932,3099.999932,0
23,17,20,244784,17,1549.999932,1549.999932,0
23,20,17,244784,17,1549.999932,1549.999932,0
23,17,23,244784,17,1549.999932,1328.571360,0
23,23,17,244784,17,1328.571360,1549.999932,0
23,17,24,244784,17,1549.999932,3099.999932,0
23,24,17,244784,17,3099.999932,1549.999932,0
23,17,27,244784,17,1549.999932,2324.999932,0
23,27,17,244784,17,2324.999932,1549.999932,0
23,18,19,244784,17,4649.999932,2324.999932,0
23,19,18,244784,17,2324.999932,4649.999932,0
23,19,20,244784,17,2324.999932,1549.999932,0
23,20,19,244784,17,1549.999932,2324.999932,0
23,21,25,244784,17,1859.999932,2324.999932,0
23,25,21,244784,17,2324.999932,1859.999932,0
23,21,27,244784,17,1859.999932,2324.999932,0
23,27,21,244784,17,2324.999932,1859.999932,0
23,21,29,244784,17,1859.999932,1859.999932,0
23,29,21,244784,17,1859.999932,1859.999932,0
23,22,26,244784,17,2324.999932,4649.999932,0
23,26,22,244784,17,4649.999932,2324.999932,0
23,23,28,244784,17,1328.571360,1859.999932,0
23,28,23,244784,17,1859.999932,1328.571360,0
24,0,22,244784,17,4658.333265,1552.777709,0
24,22,0,244784,17,1552.777709,4658.333265,0
24,0,25,244784,17,4658.333265,1863.333265,0
24,25,0,244784,17,1863.333265,4658.333265,0
24,1,12,244784,17,3105.555487,1863.333265,0
24,12,1,244784,17,1863.333265,3105.555487,0
24,1,13,244784,17,3105.555487,2329.166598,0
24,13,1,244784,17,2329.166598,3105.555487,0
24,1,25,244784,17,3105.555487,1863.333265,0
24,25,1,244784,17,1863.333265,3105.555487,0
24,2,10,244784,17,2329.166598,3105.555487,0
24,10,2,244784,17,3105.555487,2329.166598,0
24,2,12,244784,17,2329.166598,1863.333265,0
24,12,2,244784,17,1863.333265,2329.166598,0
24,2,17,244784,17,2329.166598,1330.952313,0
24,17,2,244784,17,1330.952313,2329.166598,0
24,2,18,244784,17,2329.166598,4658.333265,0
24,18,2,244784,17,4658.333265,2329.166598,0
24,3,11,244784,17,3105.555487,2329.166598,0
24,11,3,244784,17,2329.166598,3105.555487,0
24,3,12,244784,17,3105.555487,1863.333265,0
24,12,3,244784,17,1863.333265,3105.555487,0
24,3,17,244784,17,3105.555487,1330.952313,0
24,17,3,244784,17,1330.952313,3105.555487,0
24,4,8,244784,17,1863.333265,1552.777709,0
24,8,4,244784,17,1552.777709,1863.333265,0
24,4,19,244784,17,1863.333265,4658.333265,0
24,19,4,244784,17,4658.333265,1863.333265,0
24,4,23,244784,17,1863.333265,1863.333265,0
24,23,4,244784,17,1863.333265,1863.333265,0
24,4,24,244784,17,1863.333265,4658.333265,0
24,24,4,244784,17,4658.333265,1863.333265,0
24,4,28,244784,17,1863.333265,1863.333265,0
24,28,4,244784,17,1863.333265,1863.333265,0
24,5,10,244784,17,4658.333265,3105.555487,0
24,10,5,244784,17,3105.555487,4658.333265,0
24,5,16,244784,17,4658.333265,1863.333265,0
24,16,5,244784,17,1863.333265,4658.333265,0
24,6,8,244784,17,1863.333265,1552.777709,0
24,8,6,244784,17,1552.777709,1863.333265,0
24,6,11,244784,17,1863.333265,2329.166598,0
24,11,6,244784,17,2329.166598,1863.333265,0
24,6,20,244784,17,1863.333265,2329.166598,0
24,20,6,244784,17,2329.166598,1863.333265,0
24,6,21,244784,17,1863.333265,1552.777709,0
24,21,6,244784,17,1552.777709,1863.333265,0
24,6,28,244784,17,1863.333265,1863.333265,0
24,28,6,244784,17,1863.333265,1863.333265,0
24,7,10,244784,17,2329.166598,3105.555487,0
24,10,7,244784,17,3105.555487,2329.166598,0
24,7,17,244784,17,2329.166598,1330.952313,0
24,17,7,244784,17,1330.952313,2329.166598,0
24,7,22,244784,17,2329.166598,1552.777709,0
24,22,7,244784,17,1552.777709,2329.166598,0
24,7,27,244784,17,2329.166598,2329.166598,0
24,27,7,244784,17,2329.166598,2329.166598,0
24,8,13,244784,17,1552.777709,2329.166598,0
24,13,8,244784,17,2329.166598,1552.777709,0
24,8,16,244784,17,1552.777709,1863.333265,0
24,16,8,244784,17,1863.333265,1552.777709,0
24,8,21,244784,17,1552.777709,1552.777709,0
24,21,8,244784,17,1552.777709,1552.777709,0
24,8,26,244784,17,1552.777709,4658.333265,0
24,26,8,244784,17,4658.333265,1552.777709,0
24,9,14,244784,17,2329.166598,2329.166598,0
24,14,9,244784,17,2329.166598,2329.166598,0
24,9,22,244784,17,2329.166598,1552.777709,0
24,22,9,244784,17,1552.777709,2329.166598,0
24,9,25,244784,17,2329.166598,1863.333265,0
24,25,9,244784,17,1863.333265,2329.166598,0
24,9,27,244784,17,2329.166598,2329.166598,0
24,27,9,244784,17,2329.166598,2329.166598,0
24,11,14,244784,17,2329.166598,2329.166598,0
24,14,11,244784,17,2329.166598,2329.166598,0
24,11,21,244784,17,2329.166598,1552.777709,0
24,21,11,244784,17,1552.777709,2329.166598,0
24,12,20,244784,17,1863.333265,2329.166598,0
24,20,12,244784,17,2329.166598,1863.333265,0
24,12,22,244784,17,1863.333265,1552.777709,0
24,22,12,244784,17,1552.777709,1863.333265,0
24,13,18,244784,17,2329.166598,4658.333265,0
24,18,13,244784,17,4658.333265,2329.166598,0
24,13,23,244784,17,2329.166598,1863.333265,0
24,23,13,244784,17,1863.333265,2329.166598,0
24,14,15,244784,17,2329.166598,4658.333265,0
24,15,14,244784,17,4658.333265,2329.166598,0
24,14,29,244784,17,2329.166598,3105.555487,0
24,29,14,244784,17,3105.555487,2329.166598,0
24,15,16,244784,17,4658.333265,1863.333265,0
24,16,15,244784,17,1863.333265,4658.333265,0
24,16,22,244784,17,1863.333265,1552.777709,0
24,22,16,244784,17,1552.777709,1863.333265,0
24,16,28,244784,17,1863.333265,1863.333265,0
24,28,16,244784,17,1863.333265,1863.333265,0
24,17,23,244784,17,1330.952313,1863.333265,0
24,23,17,244784,17,1863.333265,1330.952313,0
24,17,24,244784,17,1330.952313,4658.333265,0
24,24,17,244784,17,4658.333265,1330.952313,0
24,17,25,244784,17,1330.952313,1863.333265,0
24,25,17,244784,17,1863.333265,1330.952313,0
24,17,27,244784,17,1330.952313,2329.166598,0
24,27,17,244784,17,2329.166598,1330.952313,0
24,19,20,244784,17,4658.333265,2329.166598,0
24,20,19,244784,17,2329.166598,4658.333265,0
24,20,21,244784,17,2329.166598,1552.777709,0
24,21,20,244784,17,1552.777709,2329.166598,0
24,21,25,244784,17,1552.777709,1863.333265,0
24,25,21,244784,17,1863.333265,1552.777709,0
24,21,29,244784,17,1552.777709,3105.555487,0
24,29,21,244784,17,3105.555487,1552.777709,0
24,22,26,244784,17,1552.777709,4658.333265,0
24,26,22,244784,17,4658.333265,1552.777709,0
24,23,28,244784,17,1863.333265,1863.333265,0
24,28,23,244784,17,1863.333265,1863.333265,0
24,23,29,244784,17,1863.333265,3105.555487,0
24,29,23,244784,17,3105.555487,1863.333265,0
24,27,28,244784,17,2329.166598,1863.333265,0
24,28,27,244784,17,1863.333265,2329.166598,0
25,0,9,244784,17,3102.777709,2327.083265,0
25,9,0,244784,17,2327.083265,3102.777709,0
25,0,12,244784,17,3102.777709,2327.083265,0
25,12,0,244784,17,2327.083265,3102.777709,0
25,0,23,244784,17,3102.777709,1861.666598,0
25,23,0,244784,17,1861.666598,3102.777709,0
25,1,13,244784,17,3102.777709,3102.777709,0
25,13,1,244784,17,3102.777709,3102.777709,0
25,1,22,244784,17,3102.777709,1861.666598,0
25,22,1,244784,17,1861.666598,3102.777709,0
25,1,24,244784,17,3102.777709,2327.083265,0
25,24,1,244784,17,2327.083265,3102.777709,0
25,2,5,244784,17,1551.388821,3102.777709,0
25,5,2,244784,17,3102.777709,1551.388821,0
25,2,13,244784,17,1551.388821,3102.777709,0
25,13,2,244784,17,3102.777709,1551.388821,0
25,2,17,244784,17,1551.388821,1551.388821,0
25,17,2,244784,17,1551.388821,1551.388821,0
25,2,18,244784,17,1551.388821,4654.166598,0
25,18,2,244784,17,4654.166598,1551.388821,0
25,2,19,244784,17,1551.388821,2327.083265,0
25,19,2,244784,17,2327.083265,1551.388821,0
25,2,27,244784,17,1551.388821,3102.777709,0
25,27,2,244784,17,3102.777709,1551.388821,0
25,3,11,244784,17,3102.777709,3102.777709,0
25,11,3,244784,17,3102.777709,3102.777709,0
25,3,12,244784,17,3102.777709,2327.083265,0
25,12,3,244784,17,2327.083265,3102.777709,0
25,3,28,244784,17,3102.777709,1861.666598,0
25,28,3,244784,17,1861.666598,3102.777709,0
25,4,8,244784,17,1861.666598,1861.666598,0
25,8,4,244784,17,1861.666598,1861.666598,0
25,4,23,244784,17,1861.666598,1861.666598,0
25,23,4,244784,17,1861.666598,1861.666598,0
25,4,24,244784,17,1861.666598,2327.083265,0
25,24,4,244784,17,2327.083265,1861.666598,0
25,4,25,244784,17,1861.666598,2327.083265,0
25,25,4,244784,17,2327.083265,1861.666598,0
25,4,28,244784,17,1861.666598,1861.666598,0
25,28,4,244784,17,1861.666598,1861.666598,0
25,5,16,244784,17,3102.777709,2327.083265,0
25,16,5,244784,17,2327.083265,3102.777709,0
25,5,26,244784,17,3102.777709,3102.777709,0
25,26,5,244784,17,3102.777709,3102.777709,0
25,6,8,244784,17,1861.666598,1861.666598,0
25,8,6,244784,17,1861.666598,1861.666598,0
25,6,11,244784,17,1861.666598,3102.777709,0
25,11,6,244784,17,3102.777709,1861.666598,0
25,6,14,244784,17,1861.666598,2327.083265,0
25,14,6,244784,17,2327.083265,1861.666598,0
25,6,20,244784,17,1861.666598,3102.777709,0
25,20,6,244784,17,3102.777709,1861.666598,0
25,6,21,244784,17,1861.666598,1861.666598,0
25,21,6,244784,17,1861.666598,1861.666598,0
25,7,10,244784,17,1861.666598,3102.777709,0
25,10,7,244784,17,3102.777709,1861.666598,0
25,7,15,244784,17,1861.666598,4654.166598,0
25,15,7,244784,17,4654.166598,1861.666598,0
25,7,17,244784,17,1861.666598,1551.388821,0
25,17,7,244784,17,1551.388821,1861.666598,0
25,7,22,244784,17,1861.666598,1861.666598,0
25,22,7,244784,17,1861.666598,1861.666598,0
25,7,29,244784,17,1861.666598,2327.083265,0
25,29,7,244784,17,2327.083265,1861.666598,0
25,8,19,244784,17,1861.666598,2327.083265,0
25,19,8,244784,17,2327.083265,1861.666598,0
25,8,21,244784,17,1861.666598,1861.666598,0
25,21,8,244784,17,1861.666598,1861.666598,0
25,8,28,244784,17,1861.666598,1861.666598,0
25,28,8,244784,17,1861.666598,1861.666598,0
25,9,14,244784,17,2327.083265,2327.083265,0
25,14,9,244784,17,2327.083265,2327.083265,0
25,9,25,244784,17,2327.083265,2327.083265,0
25,25,9,244784,17,2327.083265,2327.083265,0
25,9,27,244784,17,2327.083265,3102.777709,0
25,27,9,244784,17,3102.777709,2327.083265,0
25,10,19,244784,17,3102.777709,2327.083265,0
25,19,10,244784,17,2327.083265,3102.777709,0
25,10,28,244784,17,3102.777709,1861.666598,0
25,28,10,244784,17,1861.666598,3102.777709,0
25,11,23,244784,17,3102.777709,1861.666598,0
25,23,11,244784,17,1861.666598,3102.777709,0
25,12,20,244784,17,2327.083265,3102.777709,0
25,20,12,244784,17,3102.777709,2327.083265,0
25,12,22,244784,17,2327.083265,1861.666598,0
25,22,12,244784,17,1861.666598,2327.083265,0
25,13,29,244784,17,3102.777709,2327.083265,0
25,29,13,244784,17,2327.083265,3102.777709,0
25,14,26,244784,17,2327.083265,3102.777709,0
25,26,14,244784,17,3102.777709,2327.083265,0
25,14,29,244784,17,2327.083265,2327.083265,0
25,29,14,244784,17,2327.083265,2327.083265,0
25,15,16,244784,17,4654.166598,2327.083265,0
25,16,15,244784,17,2327.083265,4654.166598,0
25,16,22,244784,17,2327.083265,1861.666598,0
25,22,16,244784,17,1861.666598,2327.083265,0
25,16,24,244784,17,2327.083265,2327.083265,0
25,24,16,244784,17,2327.083265,2327.083265,0
25,17,23,244784,17,1551.388821,1861.666598,0
25,23,17,244784,17,1861.666598,1551.388821,0
25,17,24,244784,17,1551.388821,2327.083265,0
25,24,17,244784,17,2327.083265,1551.388821,0
25,17,25,244784,17,1551.388821,2327.083265,0
25,25,17,244784,17,2327.083265,1551.388821,0
25,17,27,244784,17,1551.388821,3102.777709,0
25,27,17,244784,17,3102.777709,1551.388821,0
25,18,19,244784,17,4654.166598,2327.083265,0
25,19,18,244784,17,2327.083265,4654.166598,0
25,20,21,244784,17,3102.777709,1861.666598,0
25,21,20,244784,17,1861.666598,3102.777709,0
25,21,25,244784,17,1861.666598,2327.083265,0
25,25,21,244784,17,2327.083265,1861.666598,0
25,21,29,244784,17,1861.666598,2327.083265,0
25,29,21,244784,17,2327.083265,1861.666598,0
25,22,26,244784,17,1861.666598,3102.777709,0
25,26,22,244784,17,3102.777709,1861.666598,0
25,23,28,244784,17,1861.666598,1861.666598,0
25,28,23,244784,17,1861.666598,1861.666598,0
26,0,16,244784,17,4649.999932,1549.999932,0
26,16,0,244784,17,1549.999932,4649.999932,0
26,0,25,244784,17,4649.999932,2324.999932,0
26,25,0,244784,17,2324.999932,4649.999932,0
26,1,5,244784,17,2324.999932,4649.999932,0
26,5,1,244784,17,4649.999932,2324.999932,0
26,1,12,244784,17,2324.999932,1328.571360,0
26,12,1,244784,17,1328.571360,2324.999932,0
26,1,24,244784,17,2324.999932,3099.999932,0
26,24,1,244784,17,3099.999932,2324.999932,0
26,1,25,244784,17,2324.999932,2324.999932,0
26,25,1,244784,17,2324.999932,2324.999932,0
26,2,12,244784,17,1859.999932,1328.571360,0
26,12,2,244784,17,1328.571360,1859.999932,0
26,2,16,244784,17,1859.999932,1549.999932,0
26,16,2,244784,17,1549.999932,1859.999932,0
26,2,17,244784,17,1859.999932,1859.999932,0
26,17,2,244784,17,1859.999932,1859.999932,0
26,2,18,244784,17,1859.999932,4649.999932,0
26,18,2,244784,17,4649.999932,1859.999932,0
26,2,20,244784,17,1859.999932,1859.999932,0
26,20,2,244784,17,1859.999932,1859.999932,0
26,3,11,244784,17,3099.999932,3099.999932,0
26,11,3,244784,17,3099.999932,3099.999932,0
26,3,12,244784,17,3099.999932,1328.571360,0
26,12,3,244784,17,1328.571360,3099.999932,0
26,3,19,244784,17,3099.999932,3099.999932,0
26,19,3,244784,17,3099.999932,3099.999932,0
26,4,8,244784,17,1859.999932,1328.571360,0
26,8,4,244784,17,1328.571360,1859.999932,0
26,4,19,244784,17,1859.999932,3099.999932,0
26,19,4,244784,17,3099.999932,1859.999932,0
26,4,23,244784,17,1859.999932,3099.999932,0
26,23,4,244784,17,3099.999932,1859.999932,0
26,4,24,244784,17,1859.999932,3099.999932,0
26,24,4,244784,17,3099.999932,1859.999932,0
26,4,28,244784,17,1859.999932,1859.999932,0
26,28,4,244784,17,1859.999932,1859.999932,0
26,5,16,244784,17,4649.999932,1549.999932,0
26,16,5,244784,17,1549.999932,4649.999932,0
26,6,8,244784,17,2324.999932,1328.571360,0
26,8,6,244784,17,1328.571360,2324.999932,0
26,6,12,244784,17,2324.999932,1328.571360,0
26,12,6,244784,17,1328.571360,2324.999932,0
26,6,20,244784,17,2324.999932,1859.999932,0
26,20,6,244784,17,1859.999932,2324.999932,0
26,6,21,244784,17,2324.999932,1549.999932,0
26,21,6,244784,17,1549.999932,2324.999932,0
26,7,9,244784,17,2324.999932,4649.999932,0
26,9,7,244784,17,4649.999932,2324.999932,0
26,7,17,244784,17,2324.999932,1859.999932,0
26,17,7,244784,17,1859.999932,2324.999932,0
26,7,22,244784,17,2324.999932,1859.999932,0
26,22,7,244784,17,1859.999932,2324.999932,0
26,7,26,244784,17,2324.999932,3099.999932,0
26,26,7,244784,17,3099.999932,2324.999932,0
26,8,10,244784,17,1328.571360,3099.999932,0
26,10,8,244784,17,3099.999932,1328.571360,0
26,8,13,244784,17,1328.571360,4649.999932,0
26,13,8,244784,17,4649.999932,1328.571360,0
26,8,16,244784,17,1328.571360,1549.999932,0
26,16,8,244784,17,1549.999932,1328.571360,0
26,8,21,244784,17,1328.571360,1549.999932,0
26,21,8,244784,17,1549.999932,1328.571360,0
26,8,26,244784,17,1328.571360,3099.999932,0
26,26,8,244784,17,3099.999932,1328.571360,0
26,9,14,244784,17,4649.999932,2324.999932,0
26,14,9,244784,17,2324.999932,4649.999932,0
26,10,27,244784,17,3099.999932,4649.999932,0
26,27,10,244784,17,4649.999932,3099.999932,0
26,10,28,244784,17,3099.999932,1859.999932,0
26,28,10,244784,17,1859.999932,3099.999932,0
26,11,13,244784,17,3099.999932,4649.999932,0
26,13,11,244784,17,4649.999932,3099.999932,0
26,11,21,244784,17,3099.999932,1549.999932,0
26,21,11,244784,17,1549.999932,3099.999932,0
26,12,20,244784,17,1328.571360,1859.999932,0
26,20,12,244784,17,1859.999932,1328.571360,0
26,12,22,244784,17,1328.571360,1859.999932,0
26,22,12,244784,17,1859.999932,1328.571360,0
26,12,29,244784,17,1328.571360,3099.999932,0
26,29,12,244784,17,3099.999932,1328.571360,0
26,14,15,244784,17,2324.999932,4649.999932,0
26,15,14,244784,17,4649.999932,2324.999932,0
26,14,20,244784,17,2324.999932,1859.999932,0
26,20,14,244784,17,1859.999932,2324.999932,0
26,14,29,244784,17,2324.999932,3099.999932,0
26,29,14,244784,17,3099.999932,2324.999932,0
26,15,16,244784,17,4649.999932,1549.999932,0
26,16,15,244784,17,1549.999932,4649.999932,0
26,16,22,244784,17,1549.999932,1859.999932,0
26,22,16,244784,17,1859.999932,1549.999932,0
26,17,22,244784,17,1859.999932,1859.999932,0
26,22,17,244784,17,1859.999932,1859.999932,0
26,17,23,244784,17,1859.999932,3099.999932,0
26,23,17,244784,17,3099.999932,1859.999932,0
26,17,24,244784,17,1859.999932,3099.999932,0
26,24,17,244784,17,3099.999932,1859.999932,0
26,18,21,244784,17,4649.999932,1549.999932,0
26,21,18,244784,17,1549.999932,4649.999932,0
26,19,20,244784,17,3099.999932,1859.999932,0
26,20,19,244784,17,1859.999932,3099.999932,0
26,21,25,244784,17,1549.999932,2324.999932,0
26,25,21,244784,17,2324.999932,1549.999932,0
26,21,29,244784,17,1549.999932,3099.999932,0
26,29,21,244784,17,3099.999932,1549.999932,0
26,22,26,244784,17,1859.999932,3099.999932,0
26,26,22,244784,17,3099.999932,1859.999932,0
26,23,28,244784,17,3099.999932,1859.999932,0
26,28,23,244784,17,1859.999932,3099.999932,0
26,25,28,244784,17,2324.999932,1859.999932,0
26,28,25,244784,17,1859.999932,2324.999932,0
26,27,28,244784,17,4649.999932,1859.999932,0
26,28,27,244784,17,1859.999932,4649.999932,0
27,0,23,244784,17,4658.333265,1863.333265,0
27,23,0,244784,17,1863.333265,4658.333265,0
27,0,25,244784,17,4658.333265,1863.333265,0
27,25,0,244784,17,1863.333265,4658.333265,0
27,1,12,244784,17,1863.333265,1863.333265,0
27,12,1,244784,17,1863.333265,1863.333265,0
27,1,13,244784,17,1863.333265,4658.333265,0
27,13,1,244784,17,4658.333265,1863.333265,0
27,1,22,244784,17,1863.333265,1552.777709,0
27,22,1,244784,17,1552.777709,1863.333265,0
27,1,24,244784,17,1863.333265,2329.166598,0
27,24,1,244784,17,2329.166598,1863.333265,0
27,1,25,244784,17,1863.333265,1863.333265,0
27,25,1,244784,17,1863.333265,1863.333265,0
27,2,10,244784,17,2329.166598,3105.555487,0
27,10,2,244784,17,3105.555487,2329.166598,0
27,2,12,244784,17,2329.166598,1863.333265,0
27,12,2,244784,17,1863.333265,2329.166598,0
27,2,17,244784,17,2329.166598,1552.777709,0
27,17,2,244784,17,1552.777709,2329.166598,0
27,2,18,244784,17,2329.166598,4658.333265,0
27,18,2,244784,17,4658.333265,2329.166598,0
27,3,11,244784,17,3105.555487,3105.555487,0
27,11,3,244784,17,3105.555487,3105.555487,0
27,3,12,244784,17,3105.555487,1863.333265,0
27,12,3,244784,17,1863.333265,3105.555487,0
27,3,28,244784,17,3105.555487,2329.166598,0
27,28,3,244784,17,2329.166598,3105.555487,0
27,4,8,244784,17,3105.555487,1330.952313,0
27,8,4,244784,17,1330.952313,3105.555487,0
27,4,23,244784,17,3105.555487,1863.333265,0
27,23,4,244784,17,1863.333265,3105.555487,0
27,4,28,244784,17,3105.555487,2329.166598,0
27,28,4,244784,17,2329.166598,3105.555487,0
27,5,16,244784,17,4658.333265,2329.166598,0
27,16,5,244784,17,2329.166598,4658.333265,0
27,5,20,244784,17,4658.333265,1552.777709,0
27,20,5,244784,17,1552.777709,4658.333265,0
27,6,11,244784,17,3105.555487,3105.555487,0
27,11,6,244784,17,3105.555487,3105.555487,0
27,6,17,244784,17,3105.555487,1552.777709,0
27,17,6,244784,17,1552.777709,3105.555487,0
27,6,20,244784,17,3105.555487,1552.777709,0
27,20,6,244784,17,1552.777709,3105.555487,0
27,7,10,244784,17,1863.333265,3105.555487,0
27,10,7,244784,17,3105.555487,1863.333265,0
27,7,17,244784,17,1863.333265,1552.777709,0
27,17,7,244784,17,1552.777709,1863.333265,0
27,7,22,244784,17,1863.333265,1552.777709,0
27,22,7,244784,17,1552.777709,1863.333265,0
27,7,26,244784,17,1863.333265,3105.555487,0
27,26,7,244784,17,3105.555487,1863.333265,0
27,7,27,244784,17,1863.333265,2329.166598,0
27,27,7,244784,17,2329.166598,1863.333265,0
27,8,13,244784,17,1330.952313,4658.333265,0
27,13,8,244784,17,4658.333265,1330.952313,0
27,8,21,244784,17,1330.952313,1863.333265,0
27,21,8,244784,17,1863.333265,1330.952313,0
27,8,22,244784,17,1330.952313,1552.777709,0
27,22,8,244784,17,1552.777709,1330.952313,0
27,8,23,244784,17,1330.952313,1863.333265,0
27,23,8,244784,17,1863.333265,1330.952313,0
27,8,26,244784,17,1330.952313,3105.555487,0
27,26,8,244784,17,3105.555487,1330.952313,0
27,8,28,244784,17,1330.952313,2329.166598,0
27,28,8,244784,17,2329.166598,1330.952313,0
27,9,14,244784,17,4658.333265,2329.166598,0
27,14,9,244784,17,2329.166598,4658.333265,0
27,9,22,244784,17,4658.333265,1552.777709,0
27,22,9,244784,17,1552.777709,4658.333265,0
27,10,15,244784,17,3105.555487,2329.166598,0
27,15,10,244784,17,2329.166598,3105.555487,0
27,11,23,244784,17,3105.555487,1863.333265,0
27,23,11,244784,17,1863.333265,3105.555487,0
27,12,20,244784,17,1863.333265,1552.777709,0
27,20,12,244784,17,1552.777709,1863.333265,0
27,12,29,244784,17,1863.333265,3105.555487,0
27,29,12,244784,17,3105.555487,1863.333265,0
27,14,19,244784,17,2329.166598,4658.333265,0
27,19,14,244784,17,4658.333265,2329.166598,0
27,14,20,244784,17,2329.166598,1552.777709,0
27,20,14,244784,17,1552.777709,2329.166598,0
27,14,29,244784,17,2329.166598,3105.555487,0
27,29,14,244784,17,3105.555487,2329.166598,0
27,15,16,244784,17,2329.166598,2329.166598,0
27,16,15,244784,17,2329.166598,2329.166598,0
27,15,27,244784,17,2329.166598,2329.166598,0
27,27,15,244784,17,2329.166598,2329.166598,0
27,15,29,244784,17,2329.166598,3105.555487,0
27,29,15,244784,17,3105.555487,2329.166598,0
27,16,17,244784,17,2329.166598,1552.777709,0
27,17,16,244784,17,1552.777709,2329.166598,0
27,16,24,244784,17,2329.166598,2329.166598,0
27,24,16,244784,17,2329.166598,2329.166598,0
27,17,24,244784,17,1552.777709,2329.166598,0
27,24,17,244784,17,2329.166598,1552.777709,0
27,17,25,244784,17,1552.777709,1863.333265,0
27,25,17,244784,17,1863.333265,1552.777709,0
27,18,21,244784,17,4658.333265,1863.333265,0
27,21,18,244784,17,1863.333265,4658.333265,0
27,19,20,244784,17,4658.333265,1552.777709,0
27,20,19,244784,17,1552.777709,4658.333265,0
27,20,21,244784,17,1552.777709,1863.333265,0
27,21,20,244784,17,1863.333265,1552.777709,0
27,21,25,244784,17,1863.333265,1863.333265,0
27,25,21,244784,17,1863.333265,1863.333265,0
27,21,27,244784,17,1863.333265,2329.166598,0
27,27,21,244784,17,2329.166598,1863.333265,0
27,22,26,244784,17,1552.777709,3105.555487,0
27,26,22,244784,17,3105.555487,1552.777709,0
27,22,27,244784,17,1552.777709,2329.166598,0
27,27,22,244784,17,2329.166598,1552.777709,0
27,23,28,244784,17,1863.333265,2329.166598,0
27,28,23,244784,17,2329.166598,1863.333265,0
27,24,25,244784,17,2329.166598,1863.333265,0
27,25,24,244784,17,1863.333265,2329.166598,0
28,0,12,244784,17,4649.999932,1859.999932,0
28,12,0,244784,17,1859.999932,4649.999932,0
28,0,22,244784,17,4649.999932,1328.571360,0
28,22,0,244784,17,1328.571360,4649.999932,0
28,1,23,244784,17,4649.999932,1549.999932,0
28,23,1,244784,17,1549.999932,4649.999932,0
28,1,24,244784,17,4649.999932,1859.999932,0
28,24,1,244784,17,1859.999932,4649.999932,0
28,2,7,244784,17,1859.999932,2324.999932,0
28,7,2,244784,17,2324.999932,1859.999932,0
28,2,11,244784,17,1859.999932,2324.999932,0
28,11,2,244784,17,2324.999932,1859.999932,0
28,2,12,244784,17,1859.999932,1859.999932,0
28,12,2,244784,17,1859.999932,1859.999932,0
28,2,13,244784,17,1859.999932,4649.999932,0
28,13,2,244784,17,4649.999932,1859.999932,0
28,2,18,244784,17,1859.999932,4649.999932,0
28,18,2,244784,17,4649.999932,1859.999932,0
28,3,11,244784,17,3099.999932,2324.999932,0
28,11,3,244784,17,2324.999932,3099.999932,0
28,3,12,244784,17,3099.999932,1859.999932,0
28,12,3,244784,17,1859.999932,3099.999932,0
28,3,21,244784,17,3099.999932,1549.999932,0
28,21,3,244784,17,1549.999932,3099.999932,0
28,4,8,244784,17,1328.571360,1859.999932,0
28,8,4,244784,17,1859.999932,1328.571360,0
28,4,11,244784,17,1328.571360,2324.999932,0
28,11,4,244784,17,2324.999932,1328.571360,0
28,4,19,244784,17,1328.571360,4649.999932,0
28,19,4,244784,17,4649.999932,1328.571360,0
28,4,23,244784,17,1328.571360,1549.999932,0
28,23,4,244784,17,1549.999932,1328.571360,0
28,4,24,244784,17,1328.571360,1859.999932,0
28,24,4,244784,17,1859.999932,1328.571360,0
28,4,25,244784,17,1328.571360,1859.999932,0
28,25,4,244784,17,1859.999932,1328.571360,0
28,4,28,244784,17,1328.571360,1549.999932,0
28,28,4,244784,17,1549.999932,1328.571360,0
28,5,16,244784,17,4649.999932,2324.999932,0
28,16,5,244784,17,2324.999932,4649.999932,0
28,5,20,244784,17,4649.999932,1549.999932,0
28,20,5,244784,17,1549.999932,4649.999932,0
28,6,11,244784,17,2324.999932,2324.999932,0
28,11,6,244784,17,2324.999932,2324.999932,0
28,6,17,244784,17,2324.999932,1549.999932,0
28,17,6,244784,17,1549.999932,2324.999932,0
28,6,20,244784,17,2324.999932,1549.999932,0
28,20,6,244784,17,1549.999932,2324.999932,0
28,6,21,244784,17,2324.999932,1549.999932,0
28,21,6,244784,17,1549.999932,2324.999932,0
28,7,10,244784,17,2324.999932,3099.999932,0
28,10,7,244784,17,3099.999932,2324.999932,0
28,7,17,244784,17,2324.999932,1549.999932,0
28,17,7,244784,17,1549.999932,2324.999932,0
28,7,22,244784,17,2324.999932,1328.571360,0
28,22,7,244784,17,1328.571360,2324.999932,0
28,8,21,244784,17,1859.999932,1549.999932,0
28,21,8,244784,17,1549.999932,1859.999932,0
28,8,22,244784,17,1859.999932,1328.571360,0
28,22,8,244784,17,1328.571360,1859.999932,0
28,8,26,244784,17,1859.999932,4649.999932,0
28,26,8,244784,17,4649.999932,1859.999932,0
28,8,28,244784,17,1859.999932,1549.999932,0
28,28,8,244784,17,1549.999932,1859.999932,0
28,9,14,244784,17,3099.999932,3099.999932,0
28,14,9,244784,17,3099.999932,3099.999932,0
28,9,22,244784,17,3099.999932,1328.571360,0
28,22,9,244784,17,1328.571360,3099.999932,0
28,9,25,244784,17,3099.999932,1859.999932,0
28,25,9,244784,17,1859.999932,3099.999932,0
28,10,27,244784,17,3099.999932,2324.999932,0
28,27,10,244784,17,2324.999932,3099.999932,0
28,10,28,244784,17,3099.999932,1549.999932,0
28,28,10,244784,17,1549.999932,3099.999932,0
28,12,20,244784,17,1859.999932,1549.999932,0
28,20,12,244784,17,1549.999932,1859.999932,0
28,12,22,244784,17,1859.999932,1328.571360,0
28,22,12,244784,17,1328.571360,1859.999932,0
28,13,23,244784,17,4649.999932,1549.999932,0
28,23,13,244784,17,1549.999932,4649.999932,0
28,14,20,244784,17,3099.999932,1549.999932,0
28,20,14,244784,17,1549.999932,3099.999932,0
28,14,29,244784,17,3099.999932,3099.999932,0
28,29,14,244784,17,3099.999932,3099.999932,0
28,15,16,244784,17,4649.999932,2324.999932,0
28,16,15,244784,17,2324.999932,4649.999932,0
28,15,21,244784,17,4649.999932,1549.999932,0
28,21,15,244784,17,1549.999932,4649.999932,0
28,16,24,244784,17,2324.999932,1859.999932,0
28,24,16,244784,17,1859.999932,2324.999932,0
28,16,28,244784,17,2324.999932,1549.999932,0
28,28,16,244784,17,1549.999932,2324.999932,0
28,17,23,244784,17,1549.999932,1549.999932,0
28,23,17,244784,17,1549.999932,1549.999932,0
28,17,24,244784,17,1549.999932,1859.999932,0
28,24,17,244784,17,1859.999932,1549.999932,0
28,17,25,244784,17,1549.999932,1859.999932,0
28,25,17,244784,17,1859.999932,1549.999932,0
28,17,27,244784,17,1549.999932,2324.999932,0
28,27,17,244784,17,2324.999932,1549.999932,0
28,18,21,244784,17,4649.999932,1549.999932,0
28,21,18,244784,17,1549.999932,4649.999932,0
28,19,20,244784,17,4649.999932,1549.999932,0
28,20,19,244784,17,1549.999932,4649.999932,0
28,20,25,244784,17,1549.999932,1859.999932,0
28,25,20,244784,17,1859.999932,1549.999932,0
28,21,25,244784,17,1549.999932,1859.999932,0
28,25,21,244784,17,1859.999932,1549.999932,0
28,22,26,244784,17,1328.571360,4649.999932,0
28,26,22,244784,17,4649.999932,1328.571360,0
28,22,27,244784,17,1328.571360,2324.999932,0
28,27,22,244784,17,2324.999932,1328.571360,0
28,23,28,244784,17,1549.999932,1549.999932,0
28,28,23,244784,17,1549.999932,1549.999932,0
28,23,29,244784,17,1549.999932,3099.999932,0
28,29,23,244784,17,3099.999932,1549.999932,0
28,24,29,244784,17,1859.999932,3099.999932,0
28,29,24,244784,17,3099.999932,1859.999932,0
28,27,28,244784,17,2324.999932,1549.999932,0
28,28,27,244784,17,1549.999932,2324.999932,0
29,0,23,244784,17,4649.999932,1549.999932,0
29,23,0,244784,17,1549.999932,4649.999932,0
29,0,25,244784,17,4649.999932,1549.999932,0
29,25,0,244784,17,1549.999932,4649.999932,0
29,1,12,244784,17,2324.999932,2324.999932,0
29,12,1,244784,17,2324.999932,2324.999932,0
29,1,16,244784,17,2324.999932,1859.999932,0
29,16,1,244784,17,1859.999932,2324.999932,0
29,1,24,244784,17,2324.999932,3099.999932,0
29,24,1,244784,17,3099.999932,2324.999932,0
29,1,25,244784,17,2324.999932,1549.999932,0
29,25,1,244784,17,1549.999932,2324.999932,0
29,2,10,244784,17,1549.999932,3099.999932,0
29,10,2,244784,17,3099.999932,1549.999932,0
29,2,12,244784,17,1549.999932,2324.999932,0
29,12,2,244784,17,2324.999932,1549.999932,0
29,2,17,244784,17,1549.999932,1549.999932,0
29,17,2,244784,17,1549.999932,1549.999932,0
29,2,18,244784,17,1549.999932,2324.999932,0
29,18,2,244784,17,2324.999932,1549.999932,0
29,2,19,244784,17,1549.999932,2324.999932,0
29,19,2,244784,17,2324.999932,1549.999932,0
29,2,21,244784,17,1549.999932,3099.999932,0
29,21,2,244784,17,3099.999932,1549.999932,0
29,3,11,244784,17,3099.999932,2324.999932,0
29,11,3,244784,17,2324.999932,3099.999932,0
29,3,12,244784,17,3099.999932,2324.999932,0
29,12,3,244784,17,2324.999932,3099.999932,0
29,3,28,244784,17,3099.999932,2324.999932,0
29,28,3,244784,17,2324.999932,3099.999932,0
29,4,8,244784,17,4649.999932,1859.999932,0
29,8,4,244784,17,1859.999932,4649.999932,0
29,4,15,244784,17,4649.999932,1859.999932,0
29,15,4,244784,17,1859.999932,4649.999932,0
29,5,7,244784,17,4649.999932,1549.999932,0
29,7,5,244784,17,1549.999932,4649.999932,0
29,5,16,244784,17,4649.999932,1859.999932,0
29,16,5,244784,17,1859.999932,4649.999932,0
29,6,8,244784,17,1549.999932,1859.999932,0
29,8,6,244784,17,1859.999932,1549.999932,0
29,6,11,244784,17,1549.999932,2324.999932,0
29,11,6,244784,17,2324.999932,1549.999932,0
29,6,17,244784,17,1549.999932,1549.999932,0
29,17,6,244784,17,1549.999932,1549.999932,0
29,6,20,244784,17,1549.999932,1859.999932,0
29,20,6,244784,17,1859.999932,1549.999932,0
29,6,21,244784,17,1549.999932,3099.999932,0
29,21,6,244784,17,3099.999932,1549.999932,0
29,6,28,244784,17,1549.999932,2324.999932,0
29,28,6,244784,17,2324.999932,1549.999932,0
29,7,9,244784,17,1549.999932,3099.999932,0
29,9,7,244784,17,3099.999932,1549.999932,0
29,7,10,244784,17,1549.999932,3099.999932,0
29,10,7,244784,17,3099.999932,1549.999932,0
29,7,17,244784,17,1549.999932,1549.999932,0
29,17,7,244784,17,1549.999932,1549.999932,0
29,7,18,244784,17,1549.999932,2324.999932,0
29,18,7,244784,17,2324.999932,1549.999932,0
29,7,22,244784,17,1549.999932,1859.999932,0
29,22,7,244784,17,1859.999932,1549.999932,0
29,8,11,244784,17,1859.999932,2324.999932,0
29,11,8,244784,17,2324.999932,1859.999932,0
29,8,13,244784,17,1859.999932,4649.999932,0
29,13,8,244784,17,4649.999932,1859.999932,0
29,8,22,244784,17,1859.999932,1859.999932,0
29,22,8,244784,17,1859.999932,1859.999932,0
29,9,14,244784,17,3099.999932,3099.999932,0
29,14,9,244784,17,3099.999932,3099.999932,0
29,9,25,244784,17,3099.999932,1549.999932,0
29,25,9,244784,17,1549.999932,3099.999932,0
29,10,27,244784,17,3099.999932,4649.999932,0
29,27,10,244784,17,4649.999932,3099.999932,0
29,11,23,244784,17,2324.999932,1549.999932,0
29,23,11,244784,17,1549.999932,2324.999932,0
29,12,20,244784,17,2324.999932,1859.999932,0
29,20,12,244784,17,1859.999932,2324.999932,0
29,13,23,244784,17,4649.999932,1549.999932,0
29,23,13,244784,17,1549.999932,4649.999932,0
29,14,20,244784,17,3099.999932,1859.999932,0
29,20,14,244784,17,1859.999932,3099.999932,0
29,14,29,244784,17,3099.999932,3099.999932,0
29,29,14,244784,17,3099.999932,3099.999932,0
29,15,16,244784,17,1859.999932,1859.999932,0
29,16,15,244784,17,1859.999932,1859.999932,0
29,15,22,244784,17,1859.999932,1859.999932,0
29,22,15,244784,17,1859.999932,1859.999932,0
29,15,27,244784,17,1859.999932,4649.999932,0
29,27,15,244784,17,4649.999932,1859.999932,0
29,15,29,244784,17,1859.999932,3099.999932,0
29,29,15,244784,17,3099.999932,1859.999932,0
29,16,22,244784,17,1859.999932,1859.999932,0
29,22,16,244784,17,1859.999932,1859.999932,0
29,16,28,244784,17,1859.999932,2324.999932,0
29,28,16,244784,17,2324.999932,1859.999932,0
29,17,23,244784,17,1549.999932,1549.999932,0
29,23,17,244784,17,1549.999932,1549.999932,0
29,17,24,244784,17,1549.999932,3099.999932,0
29,24,17,244784,17,3099.999932,1549.999932,0
29,17,25,244784,17,1549.999932,1549.999932,0
29,25,17,244784,17,1549.999932,1549.999932,0
29,18,19,244784,17,2324.999932,2324.999932,0
29,19,18,244784,17,2324.999932,2324.999932,0
29,18,26,244784,17,2324.999932,4649.999932,0
29,26,18,244784,17,4649.999932,2324.999932,0
29,19,20,244784,17,2324.999932,1859.999932,0
29,20,19,244784,17,1859.999932,2324.999932,0
29,19,23,244784,17,2324.999932,1549.999932,0
29,23,19,244784,17,1549.999932,2324.999932,0
29,20,25,244784,17,1859.999932,1549.999932,0
29,25,20,244784,17,1549.999932,1859.999932,0
29,21,28,244784,17,3099.999932,2324.999932,0
29,28,21,244784,17,2324.999932,3099.999932,0
29,22,26,244784,17,1859.999932,4649.999932,0
29,26,22,244784,17,4649.999932,1859.999932,0
29,23,29,244784,17,1549.999932,3099.999932,0
29,29,23,244784,17,3099.999932,1549.999932,0
29,24,25,244784,17,3099.999932,1549.999932,0
29,25,24,244784,17,1549.999932,3099.999932,0
30,0,12,244784,17,3102.777709,2327.083265,0
30,12,0,244784,17,2327.083265,3102.777709,0
30,0,25,244784,17,3102.777709,1861.666598,0
30,25,0,244784,17,1861.666598,3102.777709,0
30,0,29,244784,17,3102.777709,3102.777709,0
30,29,0,244784,17,3102.777709,3102.777709,0
30,1,7,244784,17,1861.666598,3102.777709,0
30,7,1,244784,17,3102.777709,1861.666598,0
30,1,11,244784,17,1861.666598,1861.666598,0
30,11,1,244784,17,1861.666598,1861.666598,0
30,1,23,244784,17,1861.666598,1861.666598,0
30,23,1,244784,17,1861.666598,1861.666598,0
30,1,24,244784,17,1861.666598,2327.083265,0
30,24,1,244784,17,2327.083265,1861.666598,0
30,1,25,244784,17,1861.666598,1861.666598,0
30,25,1,244784,17,1861.666598,1861.666598,0
30,2,11,244784,17,2327.083265,1861.666598,0
30,11,2,244784,17,1861.666598,2327.083265,0
30,2,13,244784,17,2327.083265,4654.166598,0
30,13,2,244784,17,4654.166598,2327.083265,0
30,2,17,244784,17,2327.083265,1861.666598,0
30,17,2,244784,17,1861.666598,2327.083265,0
30,2,18,244784,17,2327.083265,4654.166598,0
30,18,2,244784,17,4654.166598,2327.083265,0
30,3,11,244784,17,2327.083265,1861.666598,0
30,11,3,244784,17,1861.666598,2327.083265,0
30,3,12,244784,17,2327.083265,2327.083265,0
30,12,3,244784,17,2327.083265,2327.083265,0
30,3,17,244784,17,2327.083265,1861.666598,0
30,17,3,244784,17,1861.666598,2327.083265,0
30,3,22,244784,17,2327.083265,1551.388821,0
30,22,3,244784,17,1551.388821,2327.083265,0
30,4,8,244784,17,2327.083265,1861.666598,0
30,8,4,244784,17,1861.666598,2327.083265,0
30,4,13,244784,17,2327.083265,4654.166598,0
30,13,4,244784,17,4654.166598,2327.083265,0
30,4,23,244784,17,2327.083265,1861.666598,0
30,23,4,244784,17,1861.666598,2327.083265,0
30,4,28,244784,17,2327.083265,1861.666598,0
30,28,4,244784,17,1861.666598,2327.083265,0
30,5,15,244784,17,4654.166598,2327.083265,0
30,15,5,244784,17,2327.083265,4654.166598,0
30,5,16,244784,17,4654.166598,1551.388821,0
30,16,5,244784,17,1551.388821,4654.166598,0
30,6,11,244784,17,3102.777709,1861.666598,0
30,11,6,244784,17,1861.666598,3102.777709,0
30,6,17,244784,17,3102.777709,1861.666598,0
30,17,6,244784,17,1861.666598,3102.777709,0
30,6,20,244784,17,3102.777709,1861.666598,0
30,20,6,244784,17,1861.666598,3102.777709,0
30,7,22,244784,17,3102.777709,1551.388821,0
30,22,7,244784,17,1551.388821,3102.777709,0
30,7,26,244784,17,3102.777709,1551.388821,0
30,26,7,244784,17,1551.388821,3102.777709,0
30,8,16,244784,17,1861.666598,1551.388821,0
30,16,8,244784,17,1551.388821,1861.666598,0
30,8,22,244784,17,1861.666598,1551.388821,0
30,22,8,244784,17,1551.388821,1861.666598,0
30,8,26,244784,17,1861.666598,1551.388821,0
30,26,8,244784,17,1551.388821,1861.666598,0
30,8,28,244784,17,1861.666598,1861.666598,0
30,28,8,244784,17,1861.666598,1861.666598,0
30,9,14,244784,17,3102.777709,2327.083265,0
30,14,9,244784,17,2327.083265,3102.777709,0
30,9,22,244784,17,3102.777709,1551.388821,0
30,22,9,244784,17,1551.388821,3102.777709,0
30,9,25,244784,17,3102.777709,1861.666598,0
30,25,9,244784,17,1861.666598,3102.777709,0
30,10,26,244784,17,3102.777709,1551.388821,0
30,26,10,244784,17,1551.388821,3102.777709,0
30,10,27,244784,17,3102.777709,4654.166598,0
30,27,10,244784,17,4654.166598,3102.777709,0
30,10,28,244784,17,3102.777709,1861.666598,0
30,28,10,244784,17,1861.666598,3102.777709,0
30,11,24,244784,17,1861.666598,2327.083265,0
30,24,11,244784,17,2327.083265,1861.666598,0
30,12,20,244784,17,2327.083265,1861.666598,0
30,20,12,244784,17,1861.666598,2327.083265,0
30,12,22,244784,17,2327.083265,1551.388821,0
30,22,12,244784,17,1551.388821,2327.083265,0
30,14,15,244784,17,2327.083265,2327.083265,0
30,15,14,244784,17,2327.083265,2327.083265,0
30,14,23,244784,17,2327.083265,1861.666598,0
30,23,14,244784,17,1861.666598,2327.083265,0
30,14,29,244784,17,2327.083265,3102.777709,0
30,29,14,244784,17,3102.777709,2327.083265,0
30,15,16,244784,17,2327.083265,1551.388821,0
30,16,15,244784,17,1551.388821,2327.083265,0
30,15,23,244784,17,2327.083265,1861.666598,0
30,23,15,244784,17,1861.666598,2327.083265,0
30,16,17,244784,17,1551.388821,1861.666598,0
30,17,16,244784,17,1861.666598,1551.388821,0
30,16,21,244784,17,1551.388821,2327.083265,0
30,21,16,244784,17,2327.083265,1551.388821,0
30,16,24,244784,17,1551.388821,2327.083265,0
30,24,16,244784,17,2327.083265,1551.388821,0
30,17,20,244784,17,1861.666598,1861.666598,0
30,20,17,244784,17,1861.666598,1861.666598,0
30,18,21,244784,17,4654.166598,2327.083265,0
30,21,18,244784,17,2327.083265,4654.166598,0
30,19,20,244784,17,4654.166598,1861.666598,0
30,20,19,244784,17,1861.666598,4654.166598,0
30,19,26,244784,17,4654.166598,1551.388821,0
30,26,19,244784,17,1551.388821,4654.166598,0
30,20,25,244784,17,1861.666598,1861.666598,0
30,25,20,244784,17,1861.666598,1861.666598,0
30,21,25,244784,17,2327.083265,1861.666598,0
30,25,21,244784,17,1861.666598,2327.083265,0
30,21,29,244784,17,2327.083265,3102.777709,0
30,29,21,244784,17,3102.777709,2327.083265,0
30,22,26,244784,17,1551.388821,1551.388821,0
30,26,22,244784,17,1551.388821,1551.388821,0
30,23,28,244784,17,1861.666598,1861.666598,0
30,28,23,244784,17,1861.666598,1861.666598,0
30,24,26,244784,17,2327.083265,1551.388821,0
30,26,24,244784,17,1551.388821,2327.083265,0
30,27,28,244784,17,4654.166598,1861.666598,0
30,28,27,244784,17,1861.666598,4654.166598,0
31,0,13,244784,17,4654.166598,3102.777709,0
31,13,0,244784,17,3102.777709,4654.166598,0
31,0,23,244784,17,4654.166598,2327.083265,0
31,23,0,244784,17,2327.083265,4654.166598,0
31,1,3,244784,17,4654.166598,1861.666598,0
31,3,1,244784,17,1861.666598,4654.166598,0
31,1,24,244784,17,4654.166598,2327.083265,0
31,24,1,244784,17,2327.083265,4654.166598,0
31,2,16,244784,17,1861.666598,1034.259191,0
31,16,2,244784,17,1034.259191,1861.666598,0
31,2,17,244784,17,1861.666598,1861.666598,0
31,17,2,244784,17,1861.666598,1861.666598,0
31,2,18,244784,17,1861.666598,3102.777709,0
31,18,2,244784,17,3102.777709,1861.666598,0
31,2,19,244784,17,1861.666598,3102.777709,0
31,19,2,244784,17,3102.777709,1861.666598,0
31,2,23,244784,17,1861.666598,2327.083265,0
31,23,2,244784,17,2327.083265,1861.666598,0
31,3,11,244784,17,1861.666598,2327.083265,0
31,11,3,244784,17,2327.083265,1861.666598,0
31,3,12,244784,17,1861.666598,3102.777709,0
31,12,3,244784,17,3102.777709,1861.666598,0
31,3,19,244784,17,1861.666598,3102.777709,0
31,19,3,244784,17,3102.777709,1861.666598,0
31,3,20,244784,17,1861.666598,2327.083265,0
31,20,3,244784,17,2327.083265,1861.666598,0
31,4,8,244784,17,1551.388821,1861.666598,0
31,8,4,244784,17,1861.666598,1551.388821,0
31,4,15,244784,17,1551.388821,3102.777709,0
31,15,4,244784,17,3102.777709,1551.388821,0
31,4,23,244784,17,1551.388821,2327.083265,0
31,23,4,244784,17,2327.083265,1551.388821,0
31,4,24,244784,17,1551.388821,2327.083265,0
31,24,4,244784,17,2327.083265,1551.388821,0
31,4,25,244784,17,1551.388821,2327.083265,0
31,25,4,244784,17,2327.083265,1551.388821,0
31,4,28,244784,17,1551.388821,4654.166598,0
31,28,4,244784,17,4654.166598,1551.388821,0
31,5,16,244784,17,4654.166598,1034.259191,0
31,16,5,244784,17,1034.259191,4654.166598,0
31,5,18,244784,17,4654.166598,3102.777709,0
31,18,5,244784,17,3102.777709,4654.166598,0
31,6,11,244784,17,4654.166598,2327.083265,0
31,11,6,244784,17,2327.083265,4654.166598,0
31,6,12,244784,17,4654.166598,3102.777709,0
31,12,6,244784,17,3102.777709,4654.166598,0
31,7,11,244784,17,1551.388821,2327.083265,0
31,11,7,244784,17,2327.083265,1551.388821,0
31,7,13,244784,17,1551.388821,3102.777709,0
31,13,7,244784,17,3102.777709,1551.388821,0
31,7,17,244784,17,1551.388821,1861.666598,0
31,17,7,244784,17,1861.666598,1551.388821,0
31,7,18,244784,17,1551.388821,3102.777709,0
31,18,7,244784,17,3102.777709,1551.388821,0
31,7,22,244784,17,1551.388821,1861.666598,0
31,22,7,244784,17,1861.666598,1551.388821,0
31,7,29,244784,17,1551.388821,3102.777709,0
31,29,7,244784,17,3102.777709,1551.388821,0
31,8,10,244784,17,1861.666598,4654.166598,0
31,10,8,244784,17,4654.166598,1861.666598,0
31,8,13,244784,17,1861.666598,3102.777709,0
31,13,8,244784,17,3102.777709,1861.666598,0
31,8,16,244784,17,1861.666598,1034.259191,0
31,16,8,244784,17,1034.259191,1861.666598,0
31,8,22,244784,17,1861.666598,1861.666598,0
31,22,8,244784,17,1861.666598,1861.666598,0
31,9,10,244784,17,1861.666598,4654.166598,0
31,10,9,244784,17,4654.166598,1861.666598,0
31,9,14,244784,17,1861.666598,1861.666598,0
31,14,9,244784,17,1861.666598,1861.666598,0
31,9,22,244784,17,1861.666598,1861.666598,0
31,22,9,244784,17,1861.666598,1861.666598,0
31,9,25,244784,17,1861.666598,2327.083265,0
31,25,9,244784,17,2327.083265,1861.666598,0
31,9,27,244784,17,1861.666598,3102.777709,0
31,27,9,244784,17,3102.777709,1861.666598,0
31,11,20,244784,17,2327.083265,2327.083265,0
31,20,11,244784,17,2327.083265,2327.083265,0
31,12,29,244784,17,3102.777709,3102.777709,0
31,29,12,244784,17,3102.777709,3102.777709,0
31,14,16,244784,17,1861.666598,1034.259191,0
31,16,14,244784,17,1034.259191,1861.666598,0
31,14,20,244784,17,1861.666598,2327.083265,0
31,20,14,244784,17,2327.083265,1861.666598,0
31,14,21,244784,17,1861.666598,3102.777709,0
31,21,14,244784,17,3102.777709,1861.666598,0
31,14,26,244784,17,1861.666598,4654.166598,0
31,26,14,244784,17,4654.166598,1861.666598,0
31,15,16,244784,17,3102.777709,1034.259191,0
31,16,15,244784,17,1034.259191,3102.777709,0
31,15,29,244784,17,3102.777709,3102.777709,0
31,29,15,244784,17,3102.777709,3102.777709,0
31,16,17,244784,17,1034.259191,1861.666598,0
31,17,16,244784,17,1861.666598,1034.259191,0
31,16,21,244784,17,1034.259191,3102.777709,0
31,21,16,244784,17,3102.777709,1034.259191,0
31,16,22,244784,17,1034.259191,1861.666598,0
31,22,16,244784,17,1861.666598,1034.259191,0
31,16,27,244784,17,1034.259191,3102.777709,0
31,27,16,244784,17,3102.777709,1034.259191,0
31,17,24,244784,17,1861.666598,2327.083265,0
31,24,17,244784,17,2327.083265,1861.666598,0
31,17,25,244784,17,1861.666598,2327.083265,0
31,25,17,244784,17,2327.083265,1861.666598,0
31,19,20,244784,17,3102.777709,2327.083265,0
31,20,19,244784,17,2327.083265,3102.777709,0
31,21,25,244784,17,3102.777709,2327.083265,0
31,25,21,244784,17,2327.083265,3102.777709,0
31,22,26,244784,17,1861.666598,4654.166598,0
31,26,22,244784,17,4654.166598,1861.666598,0
31,23,28,244784,17,2327.083265,4654.166598,0
31,28,23,244784,17,4654.166598,2327.083265,0
31,24,27,244784,17,2327.083265,3102.777709,0
31,27,24,244784,17,3102.777709,2327.083265,0
32,0,6,244784,17,3099.999932,3099.999932,0
32,6,0,244784,17,3099.999932,3099.999932,0
32,0,15,244784,17,3099.999932,3099.999932,0
32,15,0,244784,17,3099.999932,3099.999932,0
32,0,25,244784,17,3099.999932,1549.999932,0
32,25,0,244784,17,1549.999932,3099.999932,0
32,1,11,244784,17,1549.999932,2324.999932,0
32,11,1,244784,17,2324.999932,1549.999932,0
32,1,13,244784,17,1549.999932,3099.999932,0
32,13,1,244784,17,3099.999932,1549.999932,0
32,1,16,244784,17,1549.999932,4649.999932,0
32,16,1,244784,17,4649.999932,1549.999932,0
32,1,23,244784,17,1549.999932,2324.999932,0
32,23,1,244784,17,2324.999932,1549.999932,0
32,1,24,244784,17,1549.999932,3099.999932,0
32,24,1,244784,17,3099.999932,1549.999932,0
32,1,25,244784,17,1549.999932,1549.999932,0
32,25,1,244784,17,1549.999932,1549.999932,0
32,2,5,244784,17,1859.999932,3099.999932,0
32,5,2,244784,17,3099.999932,1859.999932,0
32,2,13,244784,17,1859.999932,3099.999932,0
32,13,2,244784,17,3099.999932,1859.999932,0
32,2,17,244784,17,1859.999932,1328.571360,0
32,17,2,244784,17,1328.571360,1859.999932,0
32,2,18,244784,17,1859.999932,4649.999932,0
32,18,2,244784,17,4649.999932,1859.999932,0
32,2,23,244784,17,1859.999932,2324.999932,0
32,23,2,244784,17,2324.999932,1859.999932,0
32,3,4,244784,17,1549.999932,1859.999932,0
32,4,3,244784,17,1859.999932,1549.999932,0
32,3,11,244784,17,1549.999932,2324.999932,0
32,11,3,244784,17,2324.999932,1549.999932,0
32,3,12,244784,17,1549.999932,4649.999932,0
32,12,3,244784,17,4649.999932,1549.999932,0
32,3,17,244784,17,1549.999932,1328.571360,0
32,17,3,244784,17,1328.571360,1549.999932,0
32,3,20,244784,17,1549.999932,1859.999932,0
32,20,3,244784,17,1859.999932,1549.999932,0
32,3,22,244784,17,1549.999932,2324.999932,0
32,22,3,244784,17,2324.999932,1549.999932,0
32,4,9,244784,17,1859.999932,1859.999932,0
32,9,4,244784,17,1859.999932,1859.999932,0
32,4,19,244784,17,1859.999932,4649.999932,0
32,19,4,244784,17,4649.999932,1859.999932,0
32,4,24,244784,17,1859.999932,3099.999932,0
32,24,4,244784,17,3099.999932,1859.999932,0
32,4,28,244784,17,1859.999932,3099.999932,0
32,28,4,244784,17,3099.999932,1859.999932,0
32,5,16,244784,17,3099.999932,4649.999932,0
32,16,5,244784,17,4649.999932,3099.999932,0
32,5,20,244784,17,3099.999932,1859.999932,0
32,20,5,244784,17,1859.999932,3099.999932,0
32,6,11,244784,17,3099.999932,2324.999932,0
32,11,6,244784,17,2324.999932,3099.999932,0
32,6,17,244784,17,3099.999932,1328.571360,0
32,17,6,244784,17,1328.571360,3099.999932,0
32,7,9,244784,17,1859.999932,1859.999932,0
32,9,7,244784,17,1859.999932,1859.999932,0
32,7,17,244784,17,1859.999932,1328.571360,0
32,17,7,244784,17,1328.571360,1859.999932,0
32,7,22,244784,17,1859.999932,2324.999932,0
32,22,7,244784,17,2324.999932,1859.999932,0
32,7,23,244784,17,1859.999932,2324.999932,0
32,23,7,244784,17,2324.999932,1859.999932,0
32,7,27,244784,17,1859.999932,2324.999932,0
32,27,7,244784,17,2324.999932,1859.999932,0
32,8,22,244784,17,3099.999932,2324.999932,0
32,22,8,244784,17,2324.999932,3099.999932,0
32,8,26,244784,17,3099.999932,3099.999932,0
32,26,8,244784,17,3099.999932,3099.999932,0
32,8,29,244784,17,3099.999932,3099.999932,0
32,29,8,244784,17,3099.999932,3099.999932,0
32,9,14,244784,17,1859.999932,2324.999932,0
32,14,9,244784,17,2324.999932,1859.999932,0
32,9,25,244784,17,1859.999932,1549.999932,0
32,25,9,244784,17,1549.999932,1859.999932,0
32,9,27,244784,17,1859.999932,2324.999932,0
32,27,9,244784,17,2324.999932,1859.999932,0
32,10,26,244784,17,3099.999932,3099.999932,0
32,26,10,244784,17,3099.999932,3099.999932,0
32,10,27,244784,17,3099.999932,2324.999932,0
32,27,10,244784,17,2324.999932,3099.999932,0
32,10,28,244784,17,3099.999932,3099.999932,0
32,28,10,244784,17,3099.999932,3099.999932,0
32,11,14,244784,17,2324.999932,2324.999932,0
32,14,11,244784,17,2324.999932,2324.999932,0
32,12,20,244784,17,4649.999932,1859.999932,0
32,20,12,244784,17,1859.999932,4649.999932,0
32,13,21,244784,17,3099.999932,1859.999932,0
32,21,13,244784,17,1859.999932,3099.999932,0
32,14,15,244784,17,2324.999932,3099.999932,0
32,15,14,244784,17,3099.999932,2324.999932,0
32,14,21,244784,17,2324.999932,1859.999932,0
32,21,14,244784,17,1859.999932,2324.999932,0
32,15,29,244784,17,3099.999932,3099.999932,0
32,29,15,244784,17,3099.999932,3099.999932,0
32,17,24,244784,17,1328.571360,3099.999932,0
32,24,17,244784,17,3099.999932,1328.571360,0
32,17,25,244784,17,1328.571360,1549.999932,0
32,25,17,244784,17,1549.999932,1328.571360,0
32,17,27,244784,17,1328.571360,2324.999932,0
32,27,17,244784,17,2324.999932,1328.571360,0
32,18,21,244784,17,4649.999932,1859.999932,0
32,21,18,244784,17,1859.999932,4649.999932,0
32,19,20,244784,17,4649.999932,1859.999932,0
32,20,19,244784,17,1859.999932,4649.999932,0
32,20,25,244784,17,1859.999932,1549.999932,0
32,25,20,244784,17,1549.999932,1859.999932,0
32,21,25,244784,17,1859.999932,1549.999932,0
32,25,21,244784,17,1549.999932,1859.999932,0
32,21,29,244784,17,1859.999932,3099.999932,0
32,29,21,244784,17,3099.999932,1859.999932,0
32,22,26,244784,17,2324.999932,3099.999932,0
32,26,22,244784,17,3099.999932,2324.999932,0
32,23,28,244784,17,2324.999932,3099.999932,0
32,28,23,244784,17,3099.999932,2324.999932,0
33,0,9,244784,17,2327.083265,3102.777709,0
33,9,0,244784,17,3102.777709,2327.083265,0
33,0,23,244784,17,2327.083265,2327.083265,0
33,23,0,244784,17,2327.083265,2327.083265,0
33,0,25,244784,17,2327.083265,1551.388821,0
33,25,0,244784,17,1551.388821,2327.083265,0
33,0,29,244784,17,2327.083265,3102.777709,0
33,29,0,244784,17,3102.777709,2327.083265,0
33,1,6,244784,17,2327.083265,1861.666598,0
33,6,1,244784,17,1861.666598,2327.083265,0
33,1,7,244784,17,2327.083265,1861.666598,0
33,7,1,244784,17,1861.666598,2327.083265,0
33,1,12,244784,17,2327.083265,3102.777709,0
33,12,1,244784,17,3102.777709,2327.083265,0
33,1,24,244784,17,2327.083265,3102.777709,0
33,24,1,244784,17,3102.777709,2327.083265,0
33,2,3,244784,17,1551.388821,1551.388821,0
33,3,2,244784,17,1551.388821,1551.388821,0
33,2,5,244784,17,1551.388821,3102.777709,0
33,5,2,244784,17,3102.777709,1551.388821,0
33,2,10,244784,17,1551.388821,2327.083265,0
33,10,2,244784,17,2327.083265,1551.388821,0
33,2,17,244784,17,1551.388821,3102.777709,0
33,17,2,244784,17,3102.777709,1551.388821,0
33,2,18,244784,17,1551.388821,4654.166598,0
33,18,2,244784,17,4654.166598,1551.388821,0
33,2,19,244784,17,1551.388821,4654.166598,0
33,19,2,244784,17,4654.166598,1551.388821,0
33,3,11,244784,17,1551.388821,2327.083265,0
33,11,3,244784,17,2327.083265,1551.388821,0
33,3,12,244784,17,1551.388821,3102.777709,0
33,12,3,244784,17,3102.777709,1551.388821,0
33,3,20,244784,17,1551.388821,2327.083265,0
33,20,3,244784,17,2327.083265,1551.388821,0
33,3,22,244784,17,1551.388821,2327.083265,0
33,22,3,244784,17,2327.083265,1551.388821,0
33,3,26,244784,17,1551.388821,1861.666598,0
33,26,3,244784,17,1861.666598,1551.388821,0
33,4,8,244784,17,3102.777709,1861.666598,0
33,8,4,244784,17,1861.666598,3102.777709,0
33,4,23,244784,17,3102.777709,2327.083265,0
33,23,4,244784,17,2327.083265,3102.777709,0
33,4,25,244784,17,3102.777709,1551.388821,0
33,25,4,244784,17,1551.388821,3102.777709,0
33,5,16,244784,17,3102.777709,2327.083265,0
33,16,5,244784,17,2327.083265,3102.777709,0
33,5,26,244784,17,3102.777709,1861.666598,0
33,26,5,244784,17,1861.666598,3102.777709,0
33,6,11,244784,17,1861.666598,2327.083265,0
33,11,6,244784,17,2327.083265,1861.666598,0
33,6,20,244784,17,1861.666598,2327.083265,0
33,20,6,244784,17,2327.083265,1861.666598,0
33,6,21,244784,17,1861.666598,3102.777709,0
33,21,6,244784,17,3102.777709,1861.666598,0
33,6,28,244784,17,1861.666598,1551.388821,0
33,28,6,244784,17,1551.388821,1861.666598,0
33,7,8,244784,17,1861.666598,1861.666598,0
33,8,7,244784,17,1861.666598,1861.666598,0
33,7,15,244784,17,1861.666598,2327.083265,0
33,15,7,244784,17,2327.083265,1861.666598,0
33,7,22,244784,17,1861.666598,2327.083265,0
33,22,7,244784,17,2327.083265,1861.666598,0
33,7,26,244784,17,1861.666598,1861.666598,0
33,26,7,244784,17,1861.666598,1861.666598,0
33,8,13,244784,17,1861.666598,3102.777709,0
33,13,8,244784,17,3102.777709,1861.666598,0
33,8,21,244784,17,1861.666598,3102.777709,0
33,21,8,244784,17,3102.777709,1861.666598,0
33,8,28,244784,17,1861.666598,1551.388821,0
33,28,8,244784,17,1551.388821,1861.666598,0
33,9,10,244784,17,3102.777709,2327.083265,0
33,10,9,244784,17,2327.083265,3102.777709,0
33,9,25,244784,17,3102.777709,1551.388821,0
33,25,9,244784,17,1551.388821,3102.777709,0
33,10,27,244784,17,2327.083265,3102.777709,0
33,27,10,244784,17,3102.777709,2327.083265,0
33,10,28,244784,17,2327.083265,1551.388821,0
33,28,10,244784,17,1551.388821,2327.083265,0
33,11,13,244784,17,2327.083265,3102.777709,0
33,13,11,244784,17,3102.777709,2327.083265,0
33,11,25,244784,17,2327.083265,1551.388821,0
33,25,11,244784,17,1551.388821,2327.083265,0
33,12,22,244784,17,3102.777709,2327.083265,0
33,22,12,244784,17,2327.083265,3102.777709,0
33,13,23,244784,17,3102.777709,2327.083265,0
33,23,13,244784,17,2327.083265,3102.777709,0
33,14,20,244784,17,4654.166598,2327.083265,0
33,20,14,244784,17,2327.083265,4654.166598,0
33,14,29,244784,17,4654.166598,3102.777709,0
33,29,14,244784,17,3102.777709,4654.166598,0
33,15,16,244784,17,2327.083265,2327.083265,0
33,16,15,244784,17,2327.083265,2327.083265,0
33,15,21,244784,17,2327.083265,3102.777709,0
33,21,15,244784,17,3102.777709,2327.083265,0
33,15,29,244784,17,2327.083265,3102.777709,0
33,29,15,244784,17,3102.777709,2327.083265,0
33,16,24,244784,17,2327.083265,3102.777709,0
33,24,16,244784,17,3102.777709,2327.083265,0
33,16,28,244784,17,2327.083265,1551.388821,0
33,28,16,244784,17,1551.388821,2327.083265,0
33,17,25,244784,17,3102.777709,1551.388821,0
33,25,17,244784,17,1551.388821,3102.777709,0
33,17,27,244784,17,3102.777709,3102.777709,0
33,27,17,244784,17,3102.777709,3102.777709,0
33,18,26,244784,17,4654.166598,1861.666598,0
33,26,18,244784,17,1861.666598,4654.166598,0
33,19,20,244784,17,4654.166598,2327.083265,0
33,20,19,244784,17,2327.083265,4654.166598,0
33,22,26,244784,17,2327.083265,1861.666598,0
33,26,22,244784,17,1861.666598,2327.083265,0
33,23,28,244784,17,2327.083265,1551.388821,0
33,28,23,244784,17,1551.388821,2327.083265,0
33,24,25,244784,17,3102.777709,1551.388821,0
33,25,24,244784,17,1551.388821,3102.777709,0
33,27,28,244784,17,3102.777709,1551.388821,0
33,28,27,244784,17,1551.388821,3102.777709,0
34,0,14,244784,17,2327.083265,1861.666598,0
34,14,0,244784,17,1861.666598,2327.083265,0
34,0,17,244784,17,2327.083265,1551.388821,0
34,17,0,244784,17,1551.388821,2327.083265,0
34,0,25,244784,17,2327.083265,1551.388821,0
34,25,0,244784,17,1551.388821,2327.083265,0
34,0,28,244784,17,2327.083265,1551.388821,0
34,28,0,244784,17,1551.388821,2327.083265,0
34,1,14,244784,17,4654.166598,1861.666598,0
34,14,1,244784,17,1861.666598,4654.166598,0
34,1,24,244784,17,4654.166598,2327.083265,0
34,24,1,244784,17,2327.083265,4654.166598,0
34,2,12,244784,17,1861.666598,1551.388821,0
34,12,2,244784,17,1551.388821,1861.666598,0
34,2,13,244784,17,1861.666598,4654.166598,0
34,13,2,244784,17,4654.166598,1861.666598,0
34,2,17,244784,17,1861.666598,1551.388821,0
34,17,2,244784,17,1551.388821,1861.666598,0
34,2,18,244784,17,1861.666598,4654.166598,0
34,18,2,244784,17,4654.166598,1861.666598,0
34,2,27,244784,17,1861.666598,2327.083265,0
34,27,2,244784,17,2327.083265,1861.666598,0
34,3,4,244784,17,2327.083265,3102.777709,0
34,4,3,244784,17,3102.777709,2327.083265,0
34,3,11,244784,17,2327.083265,4654.166598,0
34,11,3,244784,17,4654.166598,2327.083265,0
34,3,12,244784,17,2327.083265,1551.388821,0
34,12,3,244784,17,1551.388821,2327.083265,0
34,3,19,244784,17,2327.083265,1861.666598,0
34,19,3,244784,17,1861.666598,2327.083265,0
34,4,20,244784,17,3102.777709,1861.666598,0
34,20,4,244784,17,1861.666598,3102.777709,0
34,4,28,244784,17,3102.777709,1551.388821,0
34,28,4,244784,17,1551.388821,3102.777709,0
34,5,16,244784,17,4654.166598,4654.166598,0
34,16,5,244784,17,4654.166598,4654.166598,0
34,5,20,244784,17,4654.166598,1861.666598,0
34,20,5,244784,17,1861.666598,4654.166598,0
34,6,12,244784,17,3102.777709,1551.388821,0
34,12,6,244784,17,1551.388821,3102.777709,0
34,6,17,244784,17,3102.777709,1551.388821,0
34,17,6,244784,17,1551.388821,3102.777709,0
34,6,20,244784,17,3102.777709,1861.666598,0
34,20,6,244784,17,1861.666598,3102.777709,0
34,7,17,244784,17,3102.777709,1551.388821,0
34,17,7,244784,17,1551.388821,3102.777709,0
34,7,22,244784,17,3102.777709,1551.388821,0
34,22,7,244784,17,1551.388821,3102.777709,0
34,7,29,244784,17,3102.777709,3102.777709,0
34,29,7,244784,17,3102.777709,3102.777709,0
34,8,19,244784,17,3102.777709,1861.666598,0
34,19,8,244784,17,1861.666598,3102.777709,0
34,8,22,244784,17,3102.777709,1551.388821,0
34,22,8,244784,17,1551.388821,3102.777709,0
34,8,26,244784,17,3102.777709,3102.777709,0
34,26,8,244784,17,3102.777709,3102.777709,0
34,9,14,244784,17,2327.083265,1861.666598,0
34,14,9,244784,17,1861.666598,2327.083265,0
34,9,22,244784,17,2327.083265,1551.388821,0
34,22,9,244784,17,1551.388821,2327.083265,0
34,9,24,244784,17,2327.083265,2327.083265,0
34,24,9,244784,17,2327.083265,2327.083265,0
34,9,27,244784,17,2327.083265,2327.083265,0
34,27,9,244784,17,2327.083265,2327.083265,0
34,10,19,244784,17,2327.083265,1861.666598,0
34,19,10,244784,17,1861.666598,2327.083265,0
34,10,26,244784,17,2327.083265,3102.777709,0
34,26,10,244784,17,3102.777709,2327.083265,0
34,10,27,244784,17,2327.083265,2327.083265,0
34,27,10,244784,17,2327.083265,2327.083265,0
34,10,28,244784,17,2327.083265,1551.388821,0
34,28,10,244784,17,1551.388821,2327.083265,0
34,11,25,244784,17,4654.166598,1551.388821,0
34,25,11,244784,17,1551.388821,4654.166598,0
34,12,15,244784,17,1551.388821,2327.083265,0
34,15,12,244784,17,2327.083265,1551.388821,0
34,12,20,244784,17,1551.388821,1861.666598,0
34,20,12,244784,17,1861.666598,1551.388821,0
34,12,29,244784,17,1551.388821,3102.777709,0
34,29,12,244784,17,3102.777709,1551.388821,0
34,13,28,244784,17,4654.166598,1551.388821,0
34,28,13,244784,17,1551.388821,4654.166598,0
34,14,15,244784,17,1861.666598,2327.083265,0
34,15,14,244784,17,2327.083265,1861.666598,0
34,14,23,244784,17,1861.666598,3102.777709,0
34,23,14,244784,17,3102.777709,1861.666598,0
34,15,22,244784,17,2327.083265,1551.388821,0
34,22,15,244784,17,1551.388821,2327.083265,0
34,15,29,244784,17,2327.083265,3102.777709,0
34,29,15,244784,17,3102.777709,2327.083265,0
34,16,28,244784,17,4654.166598,1551.388821,0
34,28,16,244784,17,1551.388821,4654.166598,0
34,17,22,244784,17,1551.388821,1551.388821,0
34,22,17,244784,17,1551.388821,1551.388821,0
34,17,24,244784,17,1551.388821,2327.083265,0
34,24,17,244784,17,2327.083265,1551.388821,0
34,18,21,244784,17,4654.166598,3102.777709,0
34,21,18,244784,17,3102.777709,4654.166598,0
34,19,23,244784,17,1861.666598,3102.777709,0
34,23,19,244784,17,3102.777709,1861.666598,0
34,19,25,244784,17,1861.666598,1551.388821,0
34,25,19,244784,17,1551.388821,1861.666598,0
34,20,25,244784,17,1861.666598,1551.388821,0
34,25,20,244784,17,1551.388821,1861.666598,0
34,21,25,244784,17,3102.777709,1551.388821,0
34,25,21,244784,17,1551.388821,3102.777709,0
34,21,27,244784,17,3102.777709,2327.083265,0
34,27,21,244784,17,2327.083265,3102.777709,0
34,22,26,244784,17,1551.388821,3102.777709,0
34,26,22,244784,17,3102.777709,1551.388821,0
34,23,28,244784,17,3102.777709,1551.388821,0
34,28,23,244784,17,1551.388821,3102.777709,0
34,24,25,244784,17,2327.083265,1551.388821,0
34,25,24,244784,17,1551.388821,2327.083265,0
35,0,6,244784,17,4654.166598,1861.666598,0
35,6,0,244784,17,1861.666598,4654.166598,0
35,0,12,244784,17,4654.166598,2327.083265,0
35,12,0,244784,17,2327.083265,4654.166598,0
35,1,5,244784,17,1861.666598,4654.166598,0
35,5,1,244784,17,4654.166598,1861.666598,0
35,1,12,244784,17,1861.666598,2327.083265,0
35,12,1,244784,17,2327.083265,1861.666598,0
35,1,13,244784,17,1861.666598,3102.777709,0
35,13,1,244784,17,3102.777709,1861.666598,0
35,1,22,244784,17,1861.666598,1861.666598,0
35,22,1,244784,17,1861.666598,1861.666598,0
35,1,25,244784,17,1861.666598,3102.777709,0
35,25,1,244784,17,3102.777709,1861.666598,0
35,2,7,244784,17,2327.083265,1329.761836,0
35,7,2,244784,17,1329.761836,2327.083265,0
35,2,12,244784,17,2327.083265,2327.083265,0
35,12,2,244784,17,2327.083265,2327.083265,0
35,2,17,244784,17,2327.083265,3102.777709,0
35,17,2,244784,17,3102.777709,2327.083265,0
35,2,23,244784,17,2327.083265,2327.083265,0
35,23,2,244784,17,2327.083265,2327.083265,0
35,3,12,244784,17,4654.166598,2327.083265,0
35,12,3,244784,17,2327.083265,4654.166598,0
35,3,28,244784,17,4654.166598,2327.083265,0
35,28,3,244784,17,2327.083265,4654.166598,0
35,4,8,244784,17,2327.083265,3102.777709,0
35,8,4,244784,17,3102.777709,2327.083265,0
35,4,19,244784,17,2327.083265,4654.166598,0
35,19,4,244784,17,4654.166598,2327.083265,0
35,4,23,244784,17,2327.083265,2327.083265,0
35,23,4,244784,17,2327.083265,2327.083265,0
35,4,24,244784,17,2327.083265,3102.777709,0
35,24,4,244784,17,3102.777709,2327.083265,0
35,5,16,244784,17,4654.166598,2327.083265,0
35,16,5,244784,17,2327.083265,4654.166598,0
35,6,11,244784,17,1861.666598,3102.777709,0
35,11,6,244784,17,3102.777709,1861.666598,0
35,6,15,244784,17,1861.666598,1861.666598,0
35,15,6,244784,17,1861.666598,1861.666598,0
35,6,20,244784,17,1861.666598,3102.777709,0
35,20,6,244784,17,3102.777709,1861.666598,0
35,6,28,244784,17,1861.666598,2327.083265,0
35,28,6,244784,17,2327.083265,1861.666598,0
35,7,9,244784,17,1329.761836,2327.083265,0
35,9,7,244784,17,2327.083265,1329.761836,0
35,7,11,244784,17,1329.761836,3102.777709,0
35,11,7,244784,17,3102.777709,1329.761836,0
35,7,13,244784,17,1329.761836,3102.777709,0
35,13,7,244784,17,3102.777709,1329.761836,0
35,7,21,244784,17,1329.761836,3102.777709,0
35,21,7,244784,17,3102.777709,1329.761836,0
35,7,22,244784,17,1329.761836,1861.666598,0
35,22,7,244784,17,1861.666598,1329.761836,0
35,7,26,244784,17,1329.761836,2327.083265,0
35,26,7,244784,17,2327.083265,1329.761836,0
35,8,22,244784,17,3102.777709,1861.666598,0
35,22,8,244784,17,1861.666598,3102.777709,0
35,8,29,244784,17,3102.777709,2327.083265,0
35,29,8,244784,17,2327.083265,3102.777709,0
35,9,14,244784,17,2327.083265,1861.666598,0
35,14,9,244784,17,1861.666598,2327.083265,0
35,9,24,244784,17,2327.083265,3102.777709,0
35,24,9,244784,17,3102.777709,2327.083265,0
35,9,27,244784,17,2327.083265,2327.083265,0
35,27,9,244784,17,2327.083265,2327.083265,0
35,10,16,244784,17,4654.166598,2327.083265,0
35,16,10,244784,17,2327.083265,4654.166598,0
35,10,26,244784,17,4654.166598,2327.083265,0
35,26,10,244784,17,2327.083265,4654.166598,0
35,11,15,244784,17,3102.777709,1861.666598,0
35,15,11,244784,17,1861.666598,3102.777709,0
35,13,18,244784,17,3102.777709,4654.166598,0
35,18,13,244784,17,4654.166598,3102.777709,0
35,14,15,244784,17,1861.666598,1861.666598,0
35,15,14,244784,17,1861.666598,1861.666598,0
35,14,20,244784,17,1861.666598,3102.777709,0
35,20,14,244784,17,3102.777709,1861.666598,0
35,14,26,244784,17,1861.666598,2327.083265,0
35,26,14,244784,17,2327.083265,1861.666598,0
35,14,29,244784,17,1861.666598,2327.083265,0
35,29,14,244784,17,2327.083265,1861.666598,0
35,15,16,244784,17,1861.666598,2327.083265,0
35,16,15,244784,17,2327.083265,1861.666598,0
35,15,29,244784,17,1861.666598,2327.083265,0
35,29,15,244784,17,2327.083265,1861.666598,0
35,16,24,244784,17,2327.083265,3102.777709,0
35,24,16,244784,17,3102.777709,2327.083265,0
35,17,25,244784,17,3102.777709,3102.777709,0
35,25,17,244784,17,3102.777709,3102.777709,0
35,17,27,244784,17,3102.777709,2327.083265,0
35,27,17,244784,17,2327.083265,3102.777709,0
35,18,21,244784,17,4654.166598,3102.777709,0
35,21,18,244784,17,3102.777709,4654.166598,0
35,19,20,244784,17,4654.166598,3102.777709,0
35,20,19,244784,17,3102.777709,4654.166598,0
35,21,25,244784,17,3102.777709,3102.777709,0
35,25,21,244784,17,3102.777709,3102.777709,0
35,22,26,244784,17,1861.666598,2327.083265,0
35,26,22,244784,17,2327.083265,1861.666598,0
35,22,27,244784,17,1861.666598,2327.083265,0
35,27,22,244784,17,2327.083265,1861.666598,0
35,23,28,244784,17,2327.083265,2327.083265,0
35,28,23,244784,17,2327.083265,2327.083265,0
35,23,29,244784,17,2327.083265,2327.083265,0
35,29,23,244784,17,2327.083265,2327.083265,0
35,27,28,244784,17,2327.083265,2327.083265,0
35,28,27,244784,17,2327.083265,2327.083265,0
36,0,22,244784,17,3105.555487,2329.166598,0
36,22,0,244784,17,2329.166598,3105.555487,0
36,0,23,244784,17,3105.555487,1552.777709,0
36,23,0,244784,17,1552.777709,3105.555487,0
36,0,25,244784,17,3105.555487,1552.777709,0
36,25,0,244784,17,1552.777709,3105.555487,0
36,1,13,244784,17,4658.333265,3105.555487,0
36,13,1,244784,17,3105.555487,4658.333265,0
36,1,24,244784,17,4658.333265,1863.333265,0
36,24,1,244784,17,1863.333265,4658.333265,0
36,2,7,244784,17,1552.777709,3105.555487,0
36,7,2,244784,17,3105.555487,1552.777709,0
36,2,9,244784,17,1552.777709,1863.333265,0
36,9,2,244784,17,1863.333265,1552.777709,0
36,2,17,244784,17,1552.777709,2329.166598,0
36,17,2,244784,17,2329.166598,1552.777709,0
36,2,18,244784,17,1552.777709,4658.333265,0
36,18,2,244784,17,4658.333265,1552.777709,0
36,2,19,244784,17,1552.777709,4658.333265,0
36,19,2,244784,17,4658.333265,1552.777709,0
36,2,27,244784,17,1552.777709,4658.333265,0
36,27,2,244784,17,4658.333265,1552.777709,0
36,3,12,244784,17,4658.333265,3105.555487,0
36,12,3,244784,17,3105.555487,4658.333265,0
36,3,28,244784,17,4658.333265,1330.952313,0
36,28,3,244784,17,1330.952313,4658.333265,0
36,4,11,244784,17,1863.333265,2329.166598,0
36,11,4,244784,17,2329.166598,1863.333265,0
36,4,13,244784,17,1863.333265,3105.555487,0
36,13,4,244784,17,3105.555487,1863.333265,0
36,4,21,244784,17,1863.333265,2329.166598,0
36,21,4,244784,17,2329.166598,1863.333265,0
36,4,23,244784,17,1863.333265,1552.777709,0
36,23,4,244784,17,1552.777709,1863.333265,0
36,4,25,244784,17,1863.333265,1552.777709,0
36,25,4,244784,17,1552.777709,1863.333265,0
36,5,16,244784,17,4658.333265,1164.583265,0
36,16,5,244784,17,1164.583265,4658.333265,0
36,5,20,244784,17,4658.333265,1863.333265,0
36,20,5,244784,17,1863.333265,4658.333265,0
36,6,11,244784,17,2329.166598,2329.166598,0
36,11,6,244784,17,2329.166598,2329.166598,0
36,6,14,244784,17,2329.166598,2329.166598,0
36,14,6,244784,17,2329.166598,2329.166598,0
36,6,17,244784,17,2329.166598,2329.166598,0
36,17,6,244784,17,2329.166598,2329.166598,0
36,6,28,244784,17,2329.166598,1330.952313,0
36,28,6,244784,17,1330.952313,2329.166598,0
36,7,22,244784,17,3105.555487,2329.166598,0
36,22,7,244784,17,2329.166598,3105.555487,0
36,7,29,244784,17,3105.555487,2329.166598,0
36,29,7,244784,17,2329.166598,3105.555487,0
36,8,13,244784,17,2329.166598,3105.555487,0
36,13,8,244784,17,3105.555487,2329.166598,0
36,8,16,244784,17,2329.166598,1164.583265,0
36,16,8,244784,17,1164.583265,2329.166598,0
36,8,23,244784,17,2329.166598,1552.777709,0
36,23,8,244784,17,1552.777709,2329.166598,0
36,8,29,244784,17,2329.166598,2329.166598,0
36,29,8,244784,17,2329.166598,2329.166598,0
36,9,14,244784,17,1863.333265,2329.166598,0
36,14,9,244784,17,2329.166598,1863.333265,0
36,9,15,244784,17,1863.333265,2329.166598,0
36,15,9,244784,17,2329.166598,1863.333265,0
36,9,21,244784,17,1863.333265,2329.166598,0
36,21,9,244784,17,2329.166598,1863.333265,0
36,9,24,244784,17,1863.333265,1863.333265,0
36,24,9,244784,17,1863.333265,1863.333265,0
36,10,15,244784,17,3105.555487,2329.166598,0
36,15,10,244784,17,2329.166598,3105.555487,0
36,10,16,244784,17,3105.555487,1164.583265,0
36,16,10,244784,17,1164.583265,3105.555487,0
36,10,28,244784,17,3105.555487,1330.952313,0
36,28,10,244784,17,1330.952313,3105.555487,0
36,11,20,244784,17,2329.166598,1863.333265,0
36,20,11,244784,17,1863.333265,2329.166598,0
36,11,25,244784,17,2329.166598,1552.777709,0
36,25,11,244784,17,1552.777709,2329.166598,0
36,12,20,244784,17,3105.555487,1863.333265,0
36,20,12,244784,17,1863.333265,3105.555487,0
36,12,22,244784,17,3105.555487,2329.166598,0
36,22,12,244784,17,2329.166598,3105.555487,0
36,14,19,244784,17,2329.166598,4658.333265,0
36,19,14,244784,17,4658.333265,2329.166598,0
36,14,23,244784,17,2329.166598,1552.777709,0
36,23,14,244784,17,1552.777709,2329.166598,0
36,15,16,244784,17,2329.166598,1164.583265,0
36,16,15,244784,17,1164.583265,2329.166598,0
36,15,27,244784,17,2329.166598,4658.333265,0
36,27,15,244784,17,4658.333265,2329.166598,0
36,16,17,244784,17,1164.583265,2329.166598,0
36,17,16,244784,17,2329.166598,1164.583265,0
36,16,21,244784,17,1164.583265,2329.166598,0
36,21,16,244784,17,2329.166598,1164.583265,0
36,16,24,244784,17,1164.583265,1863.333265,0
36,24,16,244784,17,1863.333265,1164.583265,0
36,16,28,244784,17,1164.583265,1330.952313,0
36,28,16,244784,17,1330.952313,1164.583265,0
36,17,20,244784,17,2329.166598,1863.333265,0
36,20,17,244784,17,1863.333265,2329.166598,0
36,18,21,244784,17,4658.333265,2329.166598,0
36,21,18,244784,17,2329.166598,4658.333265,0
36,20,25,244784,17,1863.333265,1552.777709,0
36,25,20,244784,17,1552.777709,1863.333265,0
36,22,26,244784,17,2329.166598,4658.333265,0
36,26,22,244784,17,4658.333265,2329.166598,0
36,23,28,244784,17,1552.777709,1330.952313,0
36,28,23,244784,17,1330.952313,1552.777709,0
36,23,29,244784,17,1552.777709,2329.166598,0
36,29,23,244784,17,2329.166598,1552.777709,0
36,24,25,244784,17,1863.333265,1552.777709,0
36,25,24,244784,17,1552.777709,1863.333265,0
36,24,29,244784,17,1863.333265,2329.166598,0
36,29,24,244784,17,2329.166598,1863.333265,0
36,25,28,244784,17,1552.777709,1330.952313,0
36,28,25,244784,17,1330.952313,1552.777709,0
36,26,28,244784,17,4658.333265,1330.952313,0
36,28,26,244784,17,1330.952313,4658.333265,0
37,0,12,244784,17,4662.499932,1864.999932,0
37,12,0,244784,17,1864.999932,4662.499932,0
37,0,16,244784,17,4662.499932,1554.166598,0
37,16,0,244784,17,1554.166598,4662.499932,0
37,1,7,244784,17,2331.249932,2331.249932,0
37,7,1,244784,17,2331.249932,2331.249932,0
37,1,11,244784,17,2331.249932,1332.142789,0
37,11,1,244784,17,1332.142789,2331.249932,0
37,1,12,244784,17,2331.249932,1864.999932,0
37,12,1,244784,17,1864.999932,2331.249932,0
37,1,24,244784,17,2331.249932,3108.333265,0
37,24,1,244784,17,3108.333265,2331.249932,0
37,2,11,244784,17,1864.999932,1332.142789,0
37,11,2,244784,17,1332.142789,1864.999932,0
37,2,13,244784,17,1864.999932,4662.499932,0
37,13,2,244784,17,4662.499932,1864.999932,0
37,2,16,244784,17,1864.999932,1554.166598,0
37,16,2,244784,17,1554.166598,1864.999932,0
37,2,17,244784,17,1864.999932,2331.249932,0
37,17,2,244784,17,2331.249932,1864.999932,0
37,2,18,244784,17,1864.999932,4662.499932,0
37,18,2,244784,17,4662.499932,1864.999932,0
37,3,11,244784,17,1554.166598,1332.142789,0
37,11,3,244784,17,1332.142789,1554.166598,0
37,3,12,244784,17,1554.166598,1864.999932,0
37,12,3,244784,17,1864.999932,1554.166598,0
37,3,15,244784,17,1554.166598,2331.249932,0
37,15,3,244784,17,2331.249932,1554.166598,0
37,3,20,244784,17,1554.166598,3108.333265,0
37,20,3,244784,17,3108.333265,1554.166598,0
37,3,21,244784,17,1554.166598,2331.249932,0
37,21,3,244784,17,2331.249932,1554.166598,0
37,3,26,244784,17,1554.166598,3108.333265,0
37,26,3,244784,17,3108.333265,1554.166598,0
37,4,8,244784,17,3108.333265,2331.249932,0
37,8,4,244784,17,2331.249932,3108.333265,0
37,4,23,244784,17,3108.333265,1864.999932,0
37,23,4,244784,17,1864.999932,3108.333265,0
37,4,25,244784,17,3108.333265,3108.333265,0
37,25,4,244784,17,3108.333265,3108.333265,0
37,5,10,244784,17,4662.499932,2331.249932,0
37,10,5,244784,17,2331.249932,4662.499932,0
37,5,26,244784,17,4662.499932,3108.333265,0
37,26,5,244784,17,3108.333265,4662.499932,0
37,6,8,244784,17,3108.333265,2331.249932,0
37,8,6,244784,17,2331.249932,3108.333265,0
37,6,11,244784,17,3108.333265,1332.142789,0
37,11,6,244784,17,1332.142789,3108.333265,0
37,6,20,244784,17,3108.333265,3108.333265,0
37,20,6,244784,17,3108.333265,3108.333265,0
37,7,10,244784,17,2331.249932,2331.249932,0
37,10,7,244784,17,2331.249932,2331.249932,0
37,7,15,244784,17,2331.249932,2331.249932,0
37,15,7,244784,17,2331.249932,2331.249932,0
37,7,27,244784,17,2331.249932,1554.166598,0
37,27,7,244784,17,1554.166598,2331.249932,0
37,8,11,244784,17,2331.249932,1332.142789,0
37,11,8,244784,17,1332.142789,2331.249932,0
37,8,22,244784,17,2331.249932,2331.249932,0
37,22,8,244784,17,2331.249932,2331.249932,0
37,9,14,244784,17,3108.333265,3108.333265,0
37,14,9,244784,17,3108.333265,3108.333265,0
37,9,22,244784,17,3108.333265,2331.249932,0
37,22,9,244784,17,2331.249932,3108.333265,0
37,9,24,244784,17,3108.333265,3108.333265,0
37,24,9,244784,17,3108.333265,3108.333265,0
37,10,16,244784,17,2331.249932,1554.166598,0
37,16,10,244784,17,1554.166598,2331.249932,0
37,10,27,244784,17,2331.249932,1554.166598,0
37,27,10,244784,17,1554.166598,2331.249932,0
37,11,13,244784,17,1332.142789,4662.499932,0
37,13,11,244784,17,4662.499932,1332.142789,0
37,11,24,244784,17,1332.142789,3108.333265,0
37,24,11,244784,17,3108.333265,1332.142789,0
37,12,19,244784,17,1864.999932,2331.249932,0
37,19,12,244784,17,2331.249932,1864.999932,0
37,12,29,244784,17,1864.999932,3108.333265,0
37,29,12,244784,17,3108.333265,1864.999932,0
37,14,28,244784,17,3108.333265,1864.999932,0
37,28,14,244784,17,1864.999932,3108.333265,0
37,14,29,244784,17,3108.333265,3108.333265,0
37,29,14,244784,17,3108.333265,3108.333265,0
37,15,16,244784,17,2331.249932,1554.166598,0
37,16,15,244784,17,1554.166598,2331.249932,0
37,15,23,244784,17,2331.249932,1864.999932,0
37,23,15,244784,17,1864.999932,2331.249932,0
37,16,17,244784,17,1554.166598,2331.249932,0
37,17,16,244784,17,2331.249932,1554.166598,0
37,16,28,244784,17,1554.166598,1864.999932,0
37,28,16,244784,17,1864.999932,1554.166598,0
37,17,23,244784,17,2331.249932,1864.999932,0
37,23,17,244784,17,1864.999932,2331.249932,0
37,17,27,244784,17,2331.249932,1554.166598,0
37,27,17,244784,17,1554.166598,2331.249932,0
37,18,19,244784,17,4662.499932,2331.249932,0
37,19,18,244784,17,2331.249932,4662.499932,0
37,19,20,244784,17,2331.249932,3108.333265,0
37,20,19,244784,17,3108.333265,2331.249932,0
37,19,25,244784,17,2331.249932,3108.333265,0
37,25,19,244784,17,3108.333265,2331.249932,0
37,21,25,244784,17,2331.249932,3108.333265,0
37,25,21,244784,17,3108.333265,2331.249932,0
37,21,27,244784,17,2331.249932,1554.166598,0
37,27,21,244784,17,1554.166598,2331.249932,0
37,21,28,244784,17,2331.249932,1864.999932,0
37,28,21,244784,17,1864.999932,2331.249932,0
37,22,26,244784,17,2331.249932,3108.333265,0
37,26,22,244784,17,3108.333265,2331.249932,0
37,22,27,244784,17,2331.249932,1554.166598,0
37,27,22,244784,17,1554.166598,2331.249932,0
37,23,28,244784,17,1864.999932,1864.999932,0
37,28,23,244784,17,1864.999932,1864.999932,0
37,23,29,244784,17,1864.999932,3108.333265,0
37,29,23,244784,17,3108.333265,1864.999932,0
37,27,28,244784,17,1554.166598,1864.999932,0
37,28,27,244784,17,1864.999932,1554.166598,0
38,0,9,244784,17,3102.777709,1551.388821,0
38,9,0,244784,17,1551.388821,3102.777709,0
38,0,23,244784,17,3102.777709,1551.388821,0
38,23,0,244784,17,1551.388821,3102.777709,0
38,0,25,244784,17,3102.777709,1551.388821,0
38,25,0,244784,17,1551.388821,3102.777709,0
38,1,13,244784,17,2327.083265,3102.777709,0
38,13,1,244784,17,3102.777709,2327.083265,0
38,1,23,244784,17,2327.083265,1551.388821,0
38,23,1,244784,17,1551.388821,2327.083265,0
38,1,24,244784,17,2327.083265,1861.666598,0
38,24,1,244784,17,1861.666598,2327.083265,0
38,1,25,244784,17,2327.083265,1551.388821,0
38,25,1,244784,17,1551.388821,2327.083265,0
38,2,5,244784,17,1551.388821,4654.166598,0
38,5,2,244784,17,4654.166598,1551.388821,0
38,2,12,244784,17,1551.388821,2327.083265,0
38,12,2,244784,17,2327.083265,1551.388821,0
38,2,18,244784,17,1551.388821,4654.166598,0
38,18,2,244784,17,4654.166598,1551.388821,0
38,2,19,244784,17,1551.388821,4654.166598,0
38,19,2,244784,17,4654.166598,1551.388821,0
38,2,20,244784,17,1551.388821,2327.083265,0
38,20,2,244784,17,2327.083265,1551.388821,0
38,2,23,244784,17,1551.388821,1551.388821,0
38,23,2,244784,17,1551.388821,1551.388821,0
38,3,12,244784,17,4654.166598,2327.083265,0
38,12,3,244784,17,2327.083265,4654.166598,0
38,3,28,244784,17,4654.166598,1861.666598,0
38,28,3,244784,17,1861.666598,4654.166598,0
38,4,9,244784,17,1861.666598,1551.388821,0
38,9,4,244784,17,1551.388821,1861.666598,0
38,4,15,244784,17,1861.666598,4654.166598,0
38,15,4,244784,17,4654.166598,1861.666598,0
38,4,19,244784,17,1861.666598,4654.166598,0
38,19,4,244784,17,4654.166598,1861.666598,0
38,4,20,244784,17,1861.666598,2327.083265,0
38,20,4,244784,17,2327.083265,1861.666598,0
38,4,24,244784,17,1861.666598,1861.666598,0
38,24,4,244784,17,1861.666598,1861.666598,0
38,5,16,244784,17,4654.166598,1551.388821,0
38,16,5,244784,17,1551.388821,4654.166598,0
38,6,11,244784,17,2327.083265,2327.083265,0
38,11,6,244784,17,2327.083265,2327.083265,0
38,6,12,244784,17,2327.083265,2327.083265,0
38,12,6,244784,17,2327.083265,2327.083265,0
38,6,17,244784,17,2327.083265,2327.083265,0
38,17,6,244784,17,2327.083265,2327.083265,0
38,6,21,244784,17,2327.083265,1329.761836,0
38,21,6,244784,17,1329.761836,2327.083265,0
38,7,17,244784,17,4654.166598,2327.083265,0
38,17,7,244784,17,2327.083265,4654.166598,0
38,7,29,244784,17,4654.166598,3102.777709,0
38,29,7,244784,17,3102.777709,4654.166598,0
38,8,16,244784,17,2327.083265,1551.388821,0
38,16,8,244784,17,1551.388821,2327.083265,0
38,8,21,244784,17,2327.083265,1329.761836,0
38,21,8,244784,17,1329.761836,2327.083265,0
38,8,26,244784,17,2327.083265,4654.166598,0
38,26,8,244784,17,4654.166598,2327.083265,0
38,8,28,244784,17,2327.083265,1861.666598,0
38,28,8,244784,17,1861.666598,2327.083265,0
38,9,14,244784,17,1551.388821,3102.777709,0
38,14,9,244784,17,3102.777709,1551.388821,0
38,9,22,244784,17,1551.388821,3102.777709,0
38,22,9,244784,17,3102.777709,1551.388821,0
38,9,24,244784,17,1551.388821,1861.666598,0
38,24,9,244784,17,1861.666598,1551.388821,0
38,9,27,244784,17,1551.388821,4654.166598,0
38,27,9,244784,17,4654.166598,1551.388821,0
38,10,16,244784,17,3102.777709,1551.388821,0
38,16,10,244784,17,1551.388821,3102.777709,0
38,10,27,244784,17,3102.777709,4654.166598,0
38,27,10,244784,17,4654.166598,3102.777709,0
38,10,28,244784,17,3102.777709,1861.666598,0
38,28,10,244784,17,1861.666598,3102.777709,0
38,11,14,244784,17,2327.083265,3102.777709,0
38,14,11,244784,17,3102.777709,2327.083265,0
38,11,21,244784,17,2327.083265,1329.761836,0
38,21,11,244784,17,1329.761836,2327.083265,0
38,11,25,244784,17,2327.083265,1551.388821,0
38,25,11,244784,17,1551.388821,2327.083265,0
38,12,20,244784,17,2327.083265,2327.083265,0
38,20,12,244784,17,2327.083265,2327.083265,0
38,13,23,244784,17,3102.777709,1551.388821,0
38,23,13,244784,17,1551.388821,3102.777709,0
38,13,29,244784,17,3102.777709,3102.777709,0
38,29,13,244784,17,3102.777709,3102.777709,0
38,14,21,244784,17,3102.777709,1329.761836,0
38,21,14,244784,17,1329.761836,3102.777709,0
38,15,16,244784,17,4654.166598,1551.388821,0
38,16,15,244784,17,1551.388821,4654.166598,0
38,16,22,244784,17,1551.388821,3102.777709,0
38,22,16,244784,17,3102.777709,1551.388821,0
38,16,24,244784,17,1551.388821,1861.666598,0
38,24,16,244784,17,1861.666598,1551.388821,0
38,17,23,244784,17,2327.083265,1551.388821,0
38,23,17,244784,17,1551.388821,2327.083265,0
38,17,25,244784,17,2327.083265,1551.388821,0
38,25,17,244784,17,1551.388821,2327.083265,0
38,18,24,244784,17,4654.166598,1861.666598,0
38,24,18,244784,17,1861.666598,4654.166598,0
38,20,25,244784,17,2327.083265,1551.388821,0
38,25,20,244784,17,1551.388821,2327.083265,0
38,21,25,244784,17,1329.761836,1551.388821,0
38,25,21,244784,17,1551.388821,1329.761836,0
38,21,28,244784,17,1329.761836,1861.666598,0
38,28,21,244784,17,1861.666598,1329.761836,0
38,21,29,244784,17,1329.761836,3102.777709,0
38,29,21,244784,17,3102.777709,1329.761836,0
38,22,26,244784,17,3102.777709,4654.166598,0
38,26,22,244784,17,4654.166598,3102.777709,0
38,23,28,244784,17,1551.388821,1861.666598,0
38,28,23,244784,17,1861.666598,1551.388821,0
39,0,6,244784,17,2327.083265,1861.666598,0
39,6,0,244784,17,1861.666598,2327.083265,0
39,0,15,244784,17,2327.083265,2327.083265,0
39,15,0,244784,17,2327.083265,2327.083265,0
39,0,22,244784,17,2327.083265,1329.761836,0
39,22,0,244784,17,1329.761836,2327.083265,0
39,0,29,244784,17,2327.083265,2327.083265,0
39,29,0,244784,17,2327.083265,2327.083265,0
39,1,12,244784,17,2327.083265,1861.666598,0
39,12,1,244784,17,1861.666598,2327.083265,0
39,1,17,244784,17,2327.083265,3102.777709,0
39,17,1,244784,17,3102.777709,2327.083265,0
39,1,23,244784,17,2327.083265,1861.666598,0
39,23,1,244784,17,1861.666598,2327.083265,0
39,1,25,244784,17,2327.083265,3102.777709,0
39,25,1,244784,17,3102.777709,2327.083265,0
39,2,12,244784,17,1861.666598,1861.666598,0
39,12,2,244784,17,1861.666598,1861.666598,0
39,2,13,244784,17,1861.666598,4654.166598,0
39,13,2,244784,17,4654.166598,1861.666598,0
39,2,16,244784,17,1861.666598,1861.666598,0
39,16,2,244784,17,1861.666598,1861.666598,0
39,2,18,244784,17,1861.666598,2327.083265,0
39,18,2,244784,17,2327.083265,1861.666598,0
39,2,21,244784,17,1861.666598,3102.777709,0
39,21,2,244784,17,3102.777709,1861.666598,0
39,3,4,244784,17,1861.666598,2327.083265,0
39,4,3,244784,17,2327.083265,1861.666598,0
39,3,12,244784,17,1861.666598,1861.666598,0
39,12,3,244784,17,1861.666598,1861.666598,0
39,3,19,244784,17,1861.666598,1861.666598,0
39,19,3,244784,17,1861.666598,1861.666598,0
39,3,20,244784,17,1861.666598,1861.666598,0
39,20,3,244784,17,1861.666598,1861.666598,0
39,3,22,244784,17,1861.666598,1329.761836,0
39,22,3,244784,17,1329.761836,1861.666598,0
39,4,11,244784,17,2327.083265,3102.777709,0
39,11,4,244784,17,3102.777709,2327.083265,0
39,4,23,244784,17,2327.083265,1861.666598,0
39,23,4,244784,17,1861.666598,2327.083265,0
39,4,28,244784,17,2327.083265,2327.083265,0
39,28,4,244784,17,2327.083265,2327.083265,0
39,5,16,244784,17,3102.777709,1861.666598,0
39,16,5,244784,17,1861.666598,3102.777709,0
39,5,18,244784,17,3102.777709,2327.083265,0
39,18,5,244784,17,2327.083265,3102.777709,0
39,5,20,244784,17,3102.777709,1861.666598,0
39,20,5,244784,17,1861.666598,3102.777709,0
39,6,11,244784,17,1861.666598,3102.777709,0
39,11,6,244784,17,3102.777709,1861.666598,0
39,6,12,244784,17,1861.666598,1861.666598,0
39,12,6,244784,17,1861.666598,1861.666598,0
39,6,20,244784,17,1861.666598,1861.666598,0
39,20,6,244784,17,1861.666598,1861.666598,0
39,6,28,244784,17,1861.666598,2327.083265,0
39,28,6,244784,17,2327.083265,1861.666598,0
39,7,9,244784,17,3102.777709,1551.388821,0
39,9,7,244784,17,1551.388821,3102.777709,0
39,7,26,244784,17,3102.777709,1861.666598,0
39,26,7,244784,17,1861.666598,3102.777709,0
39,7,29,244784,17,3102.777709,2327.083265,0
39,29,7,244784,17,2327.083265,3102.777709,0
39,8,10,244784,17,2327.083265,4654.166598,0
39,10,8,244784,17,4654.166598,2327.083265,0
39,8,13,244784,17,2327.083265,4654.166598,0
39,13,8,244784,17,4654.166598,2327.083265,0
39,8,19,244784,17,2327.083265,1861.666598,0
39,19,8,244784,17,1861.666598,2327.083265,0
39,8,22,244784,17,2327.083265,1329.761836,0
39,22,8,244784,17,1329.761836,2327.083265,0
39,9,10,244784,17,1551.388821,4654.166598,0
39,10,9,244784,17,4654.166598,1551.388821,0
39,9,14,244784,17,1551.388821,3102.777709,0
39,14,9,244784,17,3102.777709,1551.388821,0
39,9,24,244784,17,1551.388821,4654.166598,0
39,24,9,244784,17,4654.166598,1551.388821,0
39,9,25,244784,17,1551.388821,3102.777709,0
39,25,9,244784,17,3102.777709,1551.388821,0
39,9,27,244784,17,1551.388821,3102.777709,0
39,27,9,244784,17,3102.777709,1551.388821,0
39,11,23,244784,17,3102.777709,1861.666598,0
39,23,11,244784,17,1861.666598,3102.777709,0
39,12,22,244784,17,1861.666598,1329.761836,0
39,22,12,244784,17,1329.761836,1861.666598,0
39,14,20,244784,17,3102.777709,1861.666598,0
39,20,14,244784,17,1861.666598,3102.777709,0
39,14,29,244784,17,3102.777709,2327.083265,0
39,29,14,244784,17,2327.083265,3102.777709,0
39,15,22,244784,17,2327.083265,1329.761836,0
39,22,15,244784,17,1329.761836,2327.083265,0
39,15,27,244784,17,2327.083265,3102.777709,0
39,27,15,244784,17,3102.777709,2327.083265,0
39,15,29,244784,17,2327.083265,2327.083265,0
39,29,15,244784,17,2327.083265,2327.083265,0
39,16,17,244784,17,1861.666598,3102.777709,0
39,17,16,244784,17,3102.777709,1861.666598,0
39,16,21,244784,17,1861.666598,3102.777709,0
39,21,16,244784,17,3102.777709,1861.666598,0
39,16,28,244784,17,1861.666598,2327.083265,0
39,28,16,244784,17,2327.083265,1861.666598,0
39,17,25,244784,17,3102.777709,3102.777709,0
39,25,17,244784,17,3102.777709,3102.777709,0
39,18,21,244784,17,2327.083265,3102.777709,0
39,21,18,244784,17,3102.777709,2327.083265,0
39,18,26,244784,17,2327.083265,1861.666598,0
39,26,18,244784,17,1861.666598,2327.083265,0
39,19,20,244784,17,1861.666598,1861.666598,0
39,20,19,244784,17,1861.666598,1861.666598,0
39,19,23,244784,17,1861.666598,1861.666598,0
39,23,19,244784,17,1861.666598,1861.666598,0
39,19,26,244784,17,1861.666598,1861.666598,0
39,26,19,244784,17,1861.666598,1861.666598,0
39,22,26,244784,17,1329.761836,1861.666598,0
39,26,22,244784,17,1861.666598,1329.761836,0
39,22,27,244784,17,1329.761836,3102.777709,0
39,27,22,244784,17,3102.777709,1329.761836,0
39,23,28,244784,17,1861.666598,2327.083265,0
39,28,23,244784,17,2327.083265,1861.666598,0
39,24,26,244784,17,4654.166598,1861.666598,0
39,26,24,244784,17,1861.666598,4654.166598,0
40,0,12,244784,17,2327.083265,1861.666598,0
40,12,0,244784,17,1861.666598,2327.083265,0
40,0,13,244784,17,2327.083265,3102.777709,0
40,13,0,244784,17,3102.777709,2327.083265,0
40,0,25,244784,17,2327.083265,1551.388821,0
40,25,0,244784,17,1551.388821,2327.083265,0
40,0,28,244784,17,2327.083265,3102.777709,0
40,28,0,244784,17,3102.777709,2327.083265,0
40,1,12,244784,17,2327.083265,1861.666598,0
40,12,1,244784,17,1861.666598,2327.083265,0
40,1,16,244784,17,2327.083265,2327.083265,0
40,16,1,244784,17,2327.083265,2327.083265,0
40,1,24,244784,17,2327.083265,1551.388821,0
40,24,1,244784,17,1551.388821,2327.083265,0
40,1,25,244784,17,2327.083265,1551.388821,0
40,25,1,244784,17,1551.388821,2327.083265,0
40,2,5,244784,17,1329.761836,3102.777709,0
40,5,2,244784,17,3102.777709,1329.761836,0
40,2,7,244784,17,1329.761836,1551.388821,0
40,7,2,244784,17,1551.388821,1329.761836,0
40,2,10,244784,17,1329.761836,3102.777709,0
40,10,2,244784,17,3102.777709,1329.761836,0
40,2,17,244784,17,1329.761836,3102.777709,0
40,17,2,244784,17,3102.777709,1329.761836,0
40,2,18,244784,17,1329.761836,4654.166598,0
40,18,2,244784,17,4654.166598,1329.761836,0
40,2,19,244784,17,1329.761836,4654.166598,0
40,19,2,244784,17,4654.166598,1329.761836,0
40,2,23,244784,17,1329.761836,3102.777709,0
40,23,2,244784,17,3102.777709,1329.761836,0
40,3,12,244784,17,4654.166598,1861.666598,0
40,12,3,244784,17,1861.666598,4654.166598,0
40,3,28,244784,17,4654.166598,3102.777709,0
40,28,3,244784,17,3102.777709,4654.166598,0
40,4,8,244784,17,3102.777709,3102.777709,0
40,8,4,244784,17,3102.777709,3102.777709,0
40,4,13,244784,17,3102.777709,3102.777709,0
40,13,4,244784,17,3102.777709,3102.777709,0
40,4,15,244784,17,3102.777709,2327.083265,0
40,15,4,244784,17,2327.083265,3102.777709,0
40,5,7,244784,17,3102.777709,1551.388821,0
40,7,5,244784,17,1551.388821,3102.777709,0
40,5,16,244784,17,3102.777709,2327.083265,0
40,16,5,244784,17,2327.083265,3102.777709,0
40,6,11,244784,17,3102.777709,3102.777709,0
40,11,6,244784,17,3102.777709,3102.777709,0
40,6,17,244784,17,3102.777709,3102.777709,0
40,17,6,244784,17,3102.777709,3102.777709,0
40,6,21,244784,17,3102.777709,1329.761836,0
40,21,6,244784,17,1329.761836,3102.777709,0
40,7,11,244784,17,1551.388821,3102.777709,0
40,11,7,244784,17,3102.777709,1551.388821,0
40,7,18,244784,17,1551.388821,4654.166598,0
40,18,7,244784,17,4654.166598,1551.388821,0
40,7,22,244784,17,1551.388821,1861.666598,0
40,22,7,244784,17,1861.666598,1551.388821,0
40,7,27,244784,17,1551.388821,4654.166598,0
40,27,7,244784,17,4654.166598,1551.388821,0
40,8,21,244784,17,3102.777709,1329.761836,0
40,21,8,244784,17,1329.761836,3102.777709,0
40,8,22,244784,17,3102.777709,1861.666598,0
40,22,8,244784,17,1861.666598,3102.777709,0
40,9,10,244784,17,3102.777709,3102.777709,0
40,10,9,244784,17,3102.777709,3102.777709,0
40,9,22,244784,17,3102.777709,1861.666598,0
40,22,9,244784,17,1861.666598,3102.777709,0
40,9,24,244784,17,3102.777709,1551.388821,0
40,24,9,244784,17,1551.388821,3102.777709,0
40,10,26,244784,17,3102.777709,3102.777709,0
40,26,10,244784,17,3102.777709,3102.777709,0
40,11,25,244784,17,3102.777709,1551.388821,0
40,25,11,244784,17,1551.388821,3102.777709,0
40,12,20,244784,17,1861.666598,1861.666598,0
40,20,12,244784,17,1861.666598,1861.666598,0
40,12,29,244784,17,1861.666598,4654.166598,0
40,29,12,244784,17,4654.166598,1861.666598,0
40,13,23,244784,17,3102.777709,3102.777709,0
40,23,13,244784,17,3102.777709,3102.777709,0
40,14,21,244784,17,3102.777709,1329.761836,0
40,21,14,244784,17,1329.761836,3102.777709,0
40,14,23,244784,17,3102.777709,3102.777709,0
40,23,14,244784,17,3102.777709,3102.777709,0
40,14,26,244784,17,3102.777709,3102.777709,0
40,26,14,244784,17,3102.777709,3102.777709,0
40,15,16,244784,17,2327.083265,2327.083265,0
40,16,15,244784,17,2327.083265,2327.083265,0
40,15,21,244784,17,2327.083265,1329.761836,0
40,21,15,244784,17,1329.761836,2327.083265,0
40,15,22,244784,17,2327.083265,1861.666598,0
40,22,15,244784,17,1861.666598,2327.083265,0
40,16,24,244784,17,2327.083265,1551.388821,0
40,24,16,244784,17,1551.388821,2327.083265,0
40,17,20,244784,17,3102.777709,1861.666598,0
40,20,17,244784,17,1861.666598,3102.777709,0
40,19,20,244784,17,4654.166598,1861.666598,0
40,20,19,244784,17,1861.666598,4654.166598,0
40,20,21,244784,17,1861.666598,1329.761836,0
40,21,20,244784,17,1329.761836,1861.666598,0
40,20,25,244784,17,1861.666598,1551.388821,0
40,25,20,244784,17,1551.388821,1861.666598,0
40,21,25,244784,17,1329.761836,1551.388821,0
40,25,21,244784,17,1551.388821,1329.761836,0
40,21,28,244784,17,1329.761836,3102.777709,0
40,28,21,244784,17,3102.777709,1329.761836,0
40,22,26,244784,17,1861.666598,3102.777709,0
40,26,22,244784,17,3102.777709,1861.666598,0
40,24,25,244784,17,1551.388821,1551.388821,0
40,25,24,244784,17,1551.388821,1551.388821,0
40,24,27,244784,17,1551.388821,4654.166598,0
40,27,24,244784,17,4654.166598,1551.388821,0
40,24,29,244784,17,1551.388821,4654.166598,0
40,29,24,244784,17,4654.166598,1551.388821,0
41,0,12,244784,17,3102.777709,1861.666598,0
41,12,0,244784,17,1861.666598,3102.777709,0
41,0,22,244784,17,3102.777709,1329.761836,0
41,22,0,244784,17,1329.761836,3102.777709,0
41,0,23,244784,17,3102.777709,1551.388821,0
41,23,0,244784,17,1551.388821,3102.777709,0
41,1,6,244784,17,1861.666598,2327.083265,0
41,6,1,244784,17,2327.083265,1861.666598,0
41,1,11,244784,17,1861.666598,3102.777709,0
41,11,1,244784,17,3102.777709,1861.666598,0
41,1,13,244784,17,1861.666598,3102.777709,0
41,13,1,244784,17,3102.777709,1861.666598,0
41,1,22,244784,17,1861.666598,1329.761836,0
41,22,1,244784,17,1329.761836,1861.666598,0
41,1,23,244784,17,1861.666598,1551.388821,0
41,23,1,244784,17,1551.388821,1861.666598,0
41,2,3,244784,17,2327.083265,3102.777709,0
41,3,2,244784,17,3102.777709,2327.083265,0
41,2,11,244784,17,2327.083265,3102.777709,0
41,11,2,244784,17,3102.777709,2327.083265,0
41,2,12,244784,17,2327.083265,1861.666598,0
41,12,2,244784,17,1861.666598,2327.083265,0
41,2,18,244784,17,2327.083265,3102.777709,0
41,18,2,244784,17,3102.777709,2327.083265,0
41,3,11,244784,17,3102.777709,3102.777709,0
41,11,3,244784,17,3102.777709,3102.777709,0
41,3,12,244784,17,3102.777709,1861.666598,0
41,12,3,244784,17,1861.666598,3102.777709,0
41,4,20,244784,17,2327.083265,2327.083265,0
41,20,4,244784,17,2327.083265,2327.083265,0
41,4,21,244784,17,2327.083265,2327.083265,0
41,21,4,244784,17,2327.083265,2327.083265,0
41,4,25,244784,17,2327.083265,3102.777709,0
41,25,4,244784,17,3102.777709,2327.083265,0
41,4,28,244784,17,2327.083265,3102.777709,0
41,28,4,244784,17,3102.777709,2327.083265,0
41,5,15,244784,17,4654.166598,1861.666598,0
41,15,5,244784,17,1861.666598,4654.166598,0
41,5,16,244784,17,4654.166598,2327.083265,0
41,16,5,244784,17,2327.083265,4654.166598,0
41,6,15,244784,17,2327.083265,1861.666598,0
41,15,6,244784,17,1861.666598,2327.083265,0
41,6,17,244784,17,2327.083265,1861.666598,0
41,17,6,244784,17,1861.666598,2327.083265,0
41,6,20,244784,17,2327.083265,2327.083265,0
41,20,6,244784,17,2327.083265,2327.083265,0
41,7,8,244784,17,1551.388821,3102.777709,0
41,8,7,244784,17,3102.777709,1551.388821,0
41,7,13,244784,17,1551.388821,3102.777709,0
41,13,7,244784,17,3102.777709,1551.388821,0
41,7,17,244784,17,1551.388821,1861.666598,0
41,17,7,244784,17,1861.666598,1551.388821,0
41,7,18,244784,17,1551.388821,3102.777709,0
41,18,7,244784,17,3102.777709,1551.388821,0
41,7,22,244784,17,1551.388821,1329.761836,0
41,22,7,244784,17,1329.761836,1551.388821,0
41,7,23,244784,17,1551.388821,1551.388821,0
41,23,7,244784,17,1551.388821,1551.388821,0
41,8,26,244784,17,3102.777709,3102.777709,0
41,26,8,244784,17,3102.777709,3102.777709,0
41,8,29,244784,17,3102.777709,2327.083265,0
41,29,8,244784,17,2327.083265,3102.777709,0
41,9,14,244784,17,2327.083265,1861.666598,0
41,14,9,244784,17,1861.666598,2327.083265,0
41,9,22,244784,17,2327.083265,1329.761836,0
41,22,9,244784,17,1329.761836,2327.083265,0
41,9,25,244784,17,2327.083265,3102.777709,0
41,25,9,244784,17,3102.777709,2327.083265,0
41,9,27,244784,17,2327.083265,2327.083265,0
41,27,9,244784,17,2327.083265,2327.083265,0
41,10,15,244784,17,1861.666598,1861.666598,0
41,15,10,244784,17,1861.666598,1861.666598,0
41,10,16,244784,17,1861.666598,2327.083265,0
41,16,10,244784,17,2327.083265,1861.666598,0
41,10,19,244784,17,1861.666598,4654.166598,0
41,19,10,244784,17,4654.166598,1861.666598,0
41,10,27,244784,17,1861.666598,2327.083265,0
41,27,10,244784,17,2327.083265,1861.666598,0
41,10,28,244784,17,1861.666598,3102.777709,0
41,28,10,244784,17,3102.777709,1861.666598,0
41,12,15,244784,17,1861.666598,1861.666598,0
41,15,12,244784,17,1861.666598,1861.666598,0
41,12,22,244784,17,1861.666598,1329.761836,0
41,22,12,244784,17,1329.761836,1861.666598,0
41,13,21,244784,17,3102.777709,2327.083265,0
41,21,13,244784,17,2327.083265,3102.777709,0
41,14,15,244784,17,1861.666598,1861.666598,0
41,15,14,244784,17,1861.666598,1861.666598,0
41,14,16,244784,17,1861.666598,2327.083265,0
41,16,14,244784,17,2327.083265,1861.666598,0
41,14,20,244784,17,1861.666598,2327.083265,0
41,20,14,244784,17,2327.083265,1861.666598,0
41,14,29,244784,17,1861.666598,2327.083265,0
41,29,14,244784,17,2327.083265,1861.666598,0
41,16,27,244784,17,2327.083265,2327.083265,0
41,27,16,244784,17,2327.083265,2327.083265,0
41,17,22,244784,17,1861.666598,1329.761836,0
41,22,17,244784,17,1329.761836,1861.666598,0
41,17,23,244784,17,1861.666598,1551.388821,0
41,23,17,244784,17,1551.388821,1861.666598,0
41,17,24,244784,17,1861.666598,4654.166598,0
41,24,17,244784,17,4654.166598,1861.666598,0
41,18,26,244784,17,3102.777709,3102.777709,0
41,26,18,244784,17,3102.777709,3102.777709,0
41,19,20,244784,17,4654.166598,2327.083265,0
41,20,19,244784,17,2327.083265,4654.166598,0
41,21,27,244784,17,2327.083265,2327.083265,0
41,27,21,244784,17,2327.083265,2327.083265,0
41,21,29,244784,17,2327.083265,2327.083265,0
41,29,21,244784,17,2327.083265,2327.083265,0
41,22,26,244784,17,1329.761836,3102.777709,0
41,26,22,244784,17,3102.777709,1329.761836,0
41,23,28,244784,17,1551.388821,3102.777709,0
41,28,23,244784,17,3102.777709,1551.388821,0
41,23,29,244784,17,1551.388821,2327.083265,0
41,29,23,244784,17,2327.083265,1551.388821,0
41,24,25,244784,17,4654.166598,3102.777709,0
41,25,24,244784,17,3102.777709,4654.166598,0
42,0,14,244784,17,1548.611043,3097.222154,0
42,14,0,244784,17,3097.222154,1548.611043,0
42,0,15,244784,17,1548.611043,1327.380884,0
42,15,0,244784,17,1327.380884,1548.611043,0
42,0,16,244784,17,1548.611043,1161.458265,0
42,16,0,244784,17,1161.458265,1548.611043,0
42,0,17,244784,17,1548.611043,3097.222154,0
42,17,0,244784,17,3097.222154,1548.611043,0
42,0,28,244784,17,1548.611043,2322.916598,0
42,28,0,244784,17,2322.916598,1548.611043,0
42,0,29,244784,17,1548.611043,4645.833265,0
42,29,0,244784,17,4645.833265,1548.611043,0
42,1,3,244784,17,1858.333265,2322.916598,0
42,3,1,244784,17,2322.916598,1858.333265,0
42,1,5,244784,17,1858.333265,3097.222154,0
42,5,1,244784,17,3097.222154,1858.333265,0
42,1,7,244784,17,1858.333265,2322.916598,0
42,7,1,244784,17,2322.916598,1858.333265,0
42,1,14,244784,17,1858.333265,3097.222154,0
42,14,1,244784,17,3097.222154,1858.333265,0
42,1,25,244784,17,1858.333265,4645.833265,0
42,25,1,244784,17,4645.833265,1858.333265,0
42,2,9,244784,17,1858.333265,2322.916598,0
42,9,2,244784,17,2322.916598,1858.333265,0
42,2,13,244784,17,1858.333265,3097.222154,0
42,13,2,244784,17,3097.222154,1858.333265,0
42,2,16,244784,17,1858.333265,1161.458265,0
42,16,2,244784,17,1161.458265,1858.333265,0
42,2,20,244784,17,1858.333265,1858.333265,0
42,20,2,244784,17,1858.333265,1858.333265,0
42,2,27,244784,17,1858.333265,2322.916598,0
42,27,2,244784,17,2322.916598,1858.333265,0
42,3,12,244784,17,2322.916598,3097.222154,0
42,12,3,244784,17,3097.222154,2322.916598,0
42,3,21,244784,17,2322.916598,2322.916598,0
42,21,3,244784,17,2322.916598,2322.916598,0
42,3,26,244784,17,2322.916598,3097.222154,0
42,26,3,244784,17,3097.222154,2322.916598,0
42,4,9,244784,17,2322.916598,2322.916598,0
42,9,4,244784,17,2322.916598,2322.916598,0
42,4,19,244784,17,2322.916598,3097.222154,0
42,19,4,244784,17,3097.222154,2322.916598,0
42,4,23,244784,17,2322.916598,2322.916598,0
42,23,4,244784,17,2322.916598,2322.916598,0
42,4,24,244784,17,2322.916598,4645.833265,0
42,24,4,244784,17,4645.833265,2322.916598,0
42,5,16,244784,17,3097.222154,1161.458265,0
42,16,5,244784,17,1161.458265,3097.222154,0
42,5,20,244784,17,3097.222154,1858.333265,0
42,20,5,244784,17,1858.333265,3097.222154,0
42,6,11,244784,17,1858.333265,1858.333265,0
42,11,6,244784,17,1858.333265,1858.333265,0
42,6,12,244784,17,1858.333265,3097.222154,0
42,12,6,244784,17,3097.222154,1858.333265,0
42,6,14,244784,17,1858.333265,3097.222154,0
42,14,6,244784,17,3097.222154,1858.333265,0
42,6,21,244784,17,1858.333265,2322.916598,0
42,21,6,244784,17,2322.916598,1858.333265,0
42,6,28,244784,17,1858.333265,2322.916598,0
42,28,6,244784,17,2322.916598,1858.333265,0
42,7,9,244784,17,2322.916598,2322.916598,0
42,9,7,244784,17,2322.916598,2322.916598,0
42,7,10,244784,17,2322.916598,4645.833265,0
42,10,7,244784,17,4645.833265,2322.916598,0
42,7,26,244784,17,2322.916598,3097.222154,0
42,26,7,244784,17,3097.222154,2322.916598,0
42,8,16,244784,17,3097.222154,1161.458265,0
42,16,8,244784,17,1161.458265,3097.222154,0
42,8,22,244784,17,3097.222154,2322.916598,0
42,22,8,244784,17,2322.916598,3097.222154,0
42,8,23,244784,17,3097.222154,2322.916598,0
42,23,8,244784,17,2322.916598,3097.222154,0
42,9,15,244784,17,2322.916598,1327.380884,0
42,15,9,244784,17,1327.380884,2322.916598,0
42,10,16,244784,17,4645.833265,1161.458265,0
42,16,10,244784,17,1161.458265,4645.833265,0
42,11,15,244784,17,1858.333265,1327.380884,0
42,15,11,244784,17,1327.380884,1858.333265,0
42,11,20,244784,17,1858.333265,1858.333265,0
42,20,11,244784,17,1858.333265,1858.333265,0
42,11,23,244784,17,1858.333265,2322.916598,0
42,23,11,244784,17,2322.916598,1858.333265,0
42,11,24,244784,17,1858.333265,4645.833265,0
42,24,11,244784,17,4645.833265,1858.333265,0
42,12,20,244784,17,3097.222154,1858.333265,0
42,20,12,244784,17,1858.333265,3097.222154,0
42,13,18,244784,17,3097.222154,4645.833265,0
42,18,13,244784,17,4645.833265,3097.222154,0
42,13,28,244784,17,3097.222154,2322.916598,0
42,28,13,244784,17,2322.916598,3097.222154,0
42,15,16,244784,17,1327.380884,1161.458265,0
42,16,15,244784,17,1161.458265,1327.380884,0
42,15,21,244784,17,1327.380884,2322.916598,0
42,21,15,244784,17,2322.916598,1327.380884,0
42,15,23,244784,17,1327.380884,2322.916598,0
42,23,15,244784,17,2322.916598,1327.380884,0
42,15,29,244784,17,1327.380884,4645.833265,0
42,29,15,244784,17,4645.833265,1327.380884,0
42,16,17,244784,17,1161.458265,3097.222154,0
42,17,16,244784,17,3097.222154,1161.458265,0
42,16,22,244784,17,1161.458265,2322.916598,0
42,22,16,244784,17,2322.916598,1161.458265,0
42,17,27,244784,17,3097.222154,2322.916598,0
42,27,17,244784,17,2322.916598,3097.222154,0
42,18,19,244784,17,4645.833265,3097.222154,0
42,19,18,244784,17,3097.222154,4645.833265,0
42,19,20,244784,17,3097.222154,1858.333265,0
42,20,19,244784,17,1858.333265,3097.222154,0
42,21,25,244784,17,2322.916598,4645.833265,0
42,25,21,244784,17,4645.833265,2322.916598,0
42,22,26,244784,17,2322.916598,3097.222154,0
42,26,22,244784,17,3097.222154,2322.916598,0
42,22,27,244784,17,2322.916598,2322.916598,0
42,27,22,244784,17,2322.916598,2322.916598,0
42,27,28,244784,17,2322.916598,2322.916598,0
42,28,27,244784,17,2322.916598,2322.916598,0
43,0,9,244784,17,3097.222154,3097.222154,0
43,9,0,244784,17,3097.222154,3097.222154,0
43,0,12,244784,17,3097.222154,1858.333265,0
43,12,0,244784,17,1858.333265,3097.222154,0
43,0,23,244784,17,3097.222154,2322.916598,0
43,23,0,244784,17,2322.916598,3097.222154,0
43,1,12,244784,17,2322.916598,1858.333265,0
43,12,1,244784,17,1858.333265,2322.916598,0
43,1,13,244784,17,2322.916598,3097.222154,0
43,13,1,244784,17,3097.222154,2322.916598,0
43,1,16,244784,17,2322.916598,4645.833265,0
43,16,1,244784,17,4645.833265,2322.916598,0
43,1,24,244784,17,2322.916598,2322.916598,0
43,24,1,244784,17,2322.916598,2322.916598,0
43,2,7,244784,17,1858.333265,2322.916598,0
43,7,2,244784,17,2322.916598,1858.333265,0
43,2,10,244784,17,1858.333265,2322.916598,0
43,10,2,244784,17,2322.916598,1858.333265,0
43,2,12,244784,17,1858.333265,1858.333265,0
43,12,2,244784,17,1858.333265,1858.333265,0
43,2,19,244784,17,1858.333265,2322.916598,0
43,19,2,244784,17,2322.916598,1858.333265,0
43,2,23,244784,17,1858.333265,2322.916598,0
43,23,2,244784,17,2322.916598,1858.333265,0
43,3,4,244784,17,1858.333265,3097.222154,0
43,4,3,244784,17,3097.222154,1858.333265,0
43,3,15,244784,17,1858.333265,2322.916598,0
43,15,3,244784,17,2322.916598,1858.333265,0
43,3,17,244784,17,1858.333265,2322.916598,0
43,17,3,244784,17,2322.916598,1858.333265,0
43,3,20,244784,17,1858.333265,2322.916598,0
43,20,3,244784,17,2322.916598,1858.333265,0
43,3,22,244784,17,1858.333265,3097.222154,0
43,22,3,244784,17,3097.222154,1858.333265,0
43,4,8,244784,17,3097.222154,1858.333265,0
43,8,4,244784,17,1858.333265,3097.222154,0
43,4,11,244784,17,3097.222154,1858.333265,0
43,11,4,244784,17,1858.333265,3097.222154,0
43,5,10,244784,17,3097.222154,2322.916598,0
43,10,5,244784,17,2322.916598,3097.222154,0
43,5,25,244784,17,3097.222154,3097.222154,0
43,25,5,244784,17,3097.222154,3097.222154,0
43,5,26,244784,17,3097.222154,1858.333265,0
43,26,5,244784,17,1858.333265,3097.222154,0
43,6,8,244784,17,2322.916598,1858.333265,0
43,8,6,244784,17,1858.333265,2322.916598,0
43,6,12,244784,17,2322.916598,1858.333265,0
43,12,6,244784,17,1858.333265,2322.916598,0
43,6,17,244784,17,2322.916598,2322.916598,0
43,17,6,244784,17,2322.916598,2322.916598,0
43,6,20,244784,17,2322.916598,2322.916598,0
43,20,6,244784,17,2322.916598,2322.916598,0
43,7,15,244784,17,2322.916598,2322.916598,0
43,15,7,244784,17,2322.916598,2322.916598,0
43,7,21,244784,17,2322.916598,1858.333265,0
43,21,7,244784,17,1858.333265,2322.916598,0
43,7,29,244784,17,2322.916598,3097.222154,0
43,29,7,244784,17,3097.222154,2322.916598,0
43,8,11,244784,17,1858.333265,1858.333265,0
43,11,8,244784,17,1858.333265,1858.333265,0
43,8,19,244784,17,1858.333265,2322.916598,0
43,19,8,244784,17,2322.916598,1858.333265,0
43,8,28,244784,17,1858.333265,1858.333265,0
43,28,8,244784,17,1858.333265,1858.333265,0
43,9,21,244784,17,3097.222154,1858.333265,0
43,21,9,244784,17,1858.333265,3097.222154,0
43,9,22,244784,17,3097.222154,3097.222154,0
43,22,9,244784,17,3097.222154,3097.222154,0
43,10,26,244784,17,2322.916598,1858.333265,0
43,26,10,244784,17,1858.333265,2322.916598,0
43,10,27,244784,17,2322.916598,4645.833265,0
43,27,10,244784,17,4645.833265,2322.916598,0
43,11,13,244784,17,1858.333265,3097.222154,0
43,13,11,244784,17,3097.222154,1858.333265,0
43,11,14,244784,17,1858.333265,3097.222154,0
43,14,11,244784,17,3097.222154,1858.333265,0
43,11,21,244784,17,1858.333265,1858.333265,0
43,21,11,244784,17,1858.333265,1858.333265,0
43,12,29,244784,17,1858.333265,3097.222154,0
43,29,12,244784,17,3097.222154,1858.333265,0
43,13,29,244784,17,3097.222154,3097.222154,0
43,29,13,244784,17,3097.222154,3097.222154,0
43,14,19,244784,17,3097.222154,2322.916598,0
43,19,14,244784,17,2322.916598,3097.222154,0
43,14,20,244784,17,3097.222154,2322.916598,0
43,20,14,244784,17,2322.916598,3097.222154,0
43,15,22,244784,17,2322.916598,3097.222154,0
43,22,15,244784,17,3097.222154,2322.916598,0
43,15,27,244784,17,2322.916598,4645.833265,0
43,27,15,244784,17,4645.833265,2322.916598,0
43,16,24,244784,17,4645.833265,2322.916598,0
43,24,16,244784,17,2322.916598,4645.833265,0
43,17,20,244784,17,2322.916598,2322.916598,0
43,20,17,244784,17,2322.916598,2322.916598,0
43,17,25,244784,17,2322.916598,3097.222154,0
43,25,17,244784,17,3097.222154,2322.916598,0
43,18,21,244784,17,3097.222154,1858.333265,0
43,21,18,244784,17,1858.333265,3097.222154,0
43,18,24,244784,17,3097.222154,2322.916598,0
43,24,18,244784,17,2322.916598,3097.222154,0
43,18,26,244784,17,3097.222154,1858.333265,0
43,26,18,244784,17,1858.333265,3097.222154,0
43,19,23,244784,17,2322.916598,2322.916598,0
43,23,19,244784,17,2322.916598,2322.916598,0
43,21,28,244784,17,1858.333265,1858.333265,0
43,28,21,244784,17,1858.333265,1858.333265,0
43,23,28,244784,17,2322.916598,1858.333265,0
43,28,23,244784,17,1858.333265,2322.916598,0
43,24,26,244784,17,2322.916598,1858.333265,0
43,26,24,244784,17,1858.333265,2322.916598,0
43,25,28,244784,17,3097.222154,1858.333265,0
43,28,25,244784,17,1858.333265,3097.222154,0
43,26,28,244784,17,1858.333265,1858.333265,0
43,28,26,244784,17,1858.333265,1858.333265,0
44,0,6,244784,17,3097.222154,3097.222154,0
44,6,0,244784,17,3097.222154,3097.222154,0
44,0,12,244784,17,3097.222154,3097.222154,0
44,12,0,244784,17,3097.222154,3097.222154,0
44,0,22,244784,17,3097.222154,2322.916598,0
44,22,0,244784,17,2322.916598,3097.222154,0
44,1,6,244784,17,2322.916598,3097.222154,0
44,6,1,244784,17,3097.222154,2322.916598,0
44,1,11,244784,17,2322.916598,3097.222154,0
44,11,1,244784,17,3097.222154,2322.916598,0
44,1,12,244784,17,2322.916598,3097.222154,0
44,12,1,244784,17,3097.222154,2322.916598,0
44,1,17,244784,17,2322.916598,1858.333265,0
44,17,1,244784,17,1858.333265,2322.916598,0
44,2,5,244784,17,1858.333265,3097.222154,0
44,5,2,244784,17,3097.222154,1858.333265,0
44,2,16,244784,17,1858.333265,2322.916598,0
44,16,2,244784,17,2322.916598,1858.333265,0
44,2,17,244784,17,1858.333265,1858.333265,0
44,17,2,244784,17,1858.333265,1858.333265,0
44,2,18,244784,17,1858.333265,3097.222154,0
44,18,2,244784,17,3097.222154,1858.333265,0
44,2,23,244784,17,1858.333265,3097.222154,0
44,23,2,244784,17,3097.222154,1858.333265,0
44,3,11,244784,17,2322.916598,3097.222154,0
44,11,3,244784,17,3097.222154,2322.916598,0
44,3,19,244784,17,2322.916598,1548.611043,0
44,19,3,244784,17,1548.611043,2322.916598,0
44,3,26,244784,17,2322.916598,3097.222154,0
44,26,3,244784,17,3097.222154,2322.916598,0
44,3,28,244784,17,2322.916598,1858.333265,0
44,28,3,244784,17,1858.333265,2322.916598,0
44,4,13,244784,17,3097.222154,3097.222154,0
44,13,4,244784,17,3097.222154,3097.222154,0
44,4,15,244784,17,3097.222154,3097.222154,0
44,15,4,244784,17,3097.222154,3097.222154,0
44,4,20,244784,17,3097.222154,3097.222154,0
44,20,4,244784,17,3097.222154,3097.222154,0
44,5,16,244784,17,3097.222154,2322.916598,0
44,16,5,244784,17,2322.916598,3097.222154,0
44,5,18,244784,17,3097.222154,3097.222154,0
44,18,5,244784,17,3097.222154,3097.222154,0
44,6,11,244784,17,3097.222154,3097.222154,0
44,11,6,244784,17,3097.222154,3097.222154,0
44,7,17,244784,17,3097.222154,1858.333265,0
44,17,7,244784,17,1858.333265,3097.222154,0
44,7,22,244784,17,3097.222154,2322.916598,0
44,22,7,244784,17,2322.916598,3097.222154,0
44,7,27,244784,17,3097.222154,4645.833265,0
44,27,7,244784,17,4645.833265,3097.222154,0
44,8,10,244784,17,2322.916598,4645.833265,0
44,10,8,244784,17,4645.833265,2322.916598,0
44,8,13,244784,17,2322.916598,3097.222154,0
44,13,8,244784,17,3097.222154,2322.916598,0
44,8,21,244784,17,2322.916598,1327.380884,0
44,21,8,244784,17,1327.380884,2322.916598,0
44,8,29,244784,17,2322.916598,3097.222154,0
44,29,8,244784,17,3097.222154,2322.916598,0
44,9,10,244784,17,2322.916598,4645.833265,0
44,10,9,244784,17,4645.833265,2322.916598,0
44,9,14,244784,17,2322.916598,2322.916598,0
44,14,9,244784,17,2322.916598,2322.916598,0
44,9,24,244784,17,2322.916598,1858.333265,0
44,24,9,244784,17,1858.333265,2322.916598,0
44,9,25,244784,17,2322.916598,1858.333265,0
44,25,9,244784,17,1858.333265,2322.916598,0
44,12,19,244784,17,3097.222154,1548.611043,0
44,19,12,244784,17,1548.611043,3097.222154,0
44,13,23,244784,17,3097.222154,3097.222154,0
44,23,13,244784,17,3097.222154,3097.222154,0
44,14,21,244784,17,2322.916598,1327.380884,0
44,21,14,244784,17,1327.380884,2322.916598,0
44,14,26,244784,17,2322.916598,3097.222154,0
44,26,14,244784,17,3097.222154,2322.916598,0
44,14,28,244784,17,2322.916598,1858.333265,0
44,28,14,244784,17,1858.333265,2322.916598,0
44,15,21,244784,17,3097.222154,1327.380884,0
44,21,15,244784,17,1327.380884,3097.222154,0
44,15,22,244784,17,3097.222154,2322.916598,0
44,22,15,244784,17,2322.916598,3097.222154,0
44,16,21,244784,17,2322.916598,1327.380884,0
44,21,16,244784,17,1327.380884,2322.916598,0
44,16,28,244784,17,2322.916598,1858.333265,0
44,28,16,244784,17,1858.333265,2322.916598,0
44,17,22,244784,17,1858.333265,2322.916598,0
44,22,17,244784,17,2322.916598,1858.333265,0
44,17,24,244784,17,1858.333265,1858.333265,0
44,24,17,244784,17,1858.333265,1858.333265,0
44,18,19,244784,17,3097.222154,1548.611043,0
44,19,18,244784,17,1548.611043,3097.222154,0
44,19,20,244784,17,1548.611043,3097.222154,0
44,20,19,244784,17,3097.222154,1548.611043,0
44,19,25,244784,17,1548.611043,1858.333265,0
44,25,19,244784,17,1858.333265,1548.611043,0
44,19,26,244784,17,1548.611043,3097.222154,0
44,26,19,244784,17,3097.222154,1548.611043,0
44,20,21,244784,17,3097.222154,1327.380884,0
44,21,20,244784,17,1327.380884,3097.222154,0
44,21,25,244784,17,1327.380884,1858.333265,0
44,25,21,244784,17,1858.333265,1327.380884,0
44,21,29,244784,17,1327.380884,3097.222154,0
44,29,21,244784,17,3097.222154,1327.380884,0
44,23,28,244784,17,3097.222154,1858.333265,0
44,28,23,244784,17,1858.333265,3097.222154,0
44,24,25,244784,17,1858.333265,1858.333265,0
44,25,24,244784,17,1858.333265,1858.333265,0
44,24,27,244784,17,1858.333265,4645.833265,0
44,27,24,244784,17,4645.833265,1858.333265,0
44,24,29,244784,17,1858.333265,3097.222154,0
44,29,24,244784,17,3097.222154,1858.333265,0
44,25,28,244784,17,1858.333265,1858.333265,0
44,28,25,244784,17,1858.333265,1858.333265,0
45,0,13,244784,17,3094.444376,3094.444376,0
45,13,0,244784,17,3094.444376,3094.444376,0
45,0,22,244784,17,3094.444376,1856.666598,0
45,22,0,244784,17,1856.666598,3094.444376,0
45,0,25,244784,17,3094.444376,1547.222154,0
45,25,0,244784,17,1547.222154,3094.444376,0
45,1,3,244784,17,3094.444376,1856.666598,0
45,3,1,244784,17,1856.666598,3094.444376,0
45,1,7,244784,17,3094.444376,1160.416598,0
45,7,1,244784,17,1160.416598,3094.444376,0
45,1,22,244784,17,3094.444376,1856.666598,0
45,22,1,244784,17,1856.666598,3094.444376,0
45,2,3,244784,17,2320.833265,1856.666598,0
45,3,2,244784,17,1856.666598,2320.833265,0
45,2,5,244784,17,2320.833265,3094.444376,0
45,5,2,244784,17,3094.444376,2320.833265,0
45,2,11,244784,17,2320.833265,2320.833265,0
45,11,2,244784,17,2320.833265,2320.833265,0
45,2,21,244784,17,2320.833265,2320.833265,0
45,21,2,244784,17,2320.833265,2320.833265,0
45,3,4,244784,17,1856.666598,2320.833265,0
45,4,3,244784,17,2320.833265,1856.666598,0
45,3,12,244784,17,1856.666598,3094.444376,0
45,12,3,244784,17,3094.444376,1856.666598,0
45,3,20,244784,17,1856.666598,3094.444376,0
45,20,3,244784,17,3094.444376,1856.666598,0
45,4,21,244784,17,2320.833265,2320.833265,0
45,21,4,244784,17,2320.833265,2320.833265,0
45,4,25,244784,17,2320.833265,1547.222154,0
45,25,4,244784,17,1547.222154,2320.833265,0
45,4,28,244784,17,2320.833265,2320.833265,0
45,28,4,244784,17,2320.833265,2320.833265,0
45,5,7,244784,17,3094.444376,1160.416598,0
45,7,5,244784,17,1160.416598,3094.444376,0
45,5,16,244784,17,3094.444376,1856.666598,0
45,16,5,244784,17,1856.666598,3094.444376,0
45,6,12,244784,17,2320.833265,3094.444376,0
45,12,6,244784,17,3094.444376,2320.833265,0
45,6,15,244784,17,2320.833265,1856.666598,0
45,15,6,244784,17,1856.666598,2320.833265,0
45,6,17,244784,17,2320.833265,3094.444376,0
45,17,6,244784,17,3094.444376,2320.833265,0
45,6,28,244784,17,2320.833265,2320.833265,0
45,28,6,244784,17,2320.833265,2320.833265,0
45,7,8,244784,17,1160.416598,3094.444376,0
45,8,7,244784,17,3094.444376,1160.416598,0
45,7,9,244784,17,1160.416598,3094.444376,0
45,9,7,244784,17,3094.444376,1160.416598,0
45,7,11,244784,17,1160.416598,2320.833265,0
45,11,7,244784,17,2320.833265,1160.416598,0
45,7,13,244784,17,1160.416598,3094.444376,0
45,13,7,244784,17,3094.444376,1160.416598,0
45,7,18,244784,17,1160.416598,4641.666598,0
45,18,7,244784,17,4641.666598,1160.416598,0
45,7,23,244784,17,1160.416598,1856.666598,0
45,23,7,244784,17,1856.666598,1160.416598,0
45,8,16,244784,17,3094.444376,1856.666598,0
45,16,8,244784,17,1856.666598,3094.444376,0
45,8,26,244784,17,3094.444376,3094.444376,0
45,26,8,244784,17,3094.444376,3094.444376,0
45,9,15,244784,17,3094.444376,1856.666598,0
45,15,9,244784,17,1856.666598,3094.444376,0
45,9,27,244784,17,3094.444376,1547.222154,0
45,27,9,244784,17,1547.222154,3094.444376,0
45,10,15,244784,17,2320.833265,1856.666598,0
45,15,10,244784,17,1856.666598,2320.833265,0
45,10,16,244784,17,2320.833265,1856.666598,0
45,16,10,244784,17,1856.666598,2320.833265,0
45,10,19,244784,17,2320.833265,4641.666598,0
45,19,10,244784,17,4641.666598,2320.833265,0
45,10,28,244784,17,2320.833265,2320.833265,0
45,28,10,244784,17,2320.833265,2320.833265,0
45,11,24,244784,17,2320.833265,4641.666598,0
45,24,11,244784,17,4641.666598,2320.833265,0
45,11,25,244784,17,2320.833265,1547.222154,0
45,25,11,244784,17,1547.222154,2320.833265,0
45,12,22,244784,17,3094.444376,1856.666598,0
45,22,12,244784,17,1856.666598,3094.444376,0
45,13,23,244784,17,3094.444376,1856.666598,0
45,23,13,244784,17,1856.666598,3094.444376,0
45,14,15,244784,17,2320.833265,1856.666598,0
45,15,14,244784,17,1856.666598,2320.833265,0
45,14,16,244784,17,2320.833265,1856.666598,0
45,16,14,244784,17,1856.666598,2320.833265,0
45,14,23,244784,17,2320.833265,1856.666598,0
45,23,14,244784,17,1856.666598,2320.833265,0
45,14,29,244784,17,2320.833265,3094.444376,0
45,29,14,244784,17,3094.444376,2320.833265,0
45,15,29,244784,17,1856.666598,3094.444376,0
45,29,15,244784,17,3094.444376,1856.666598,0
45,16,27,244784,17,1856.666598,1547.222154,0
45,27,16,244784,17,1547.222154,1856.666598,0
45,17,23,244784,17,3094.444376,1856.666598,0
45,23,17,244784,17,1856.666598,3094.444376,0
45,17,27,244784,17,3094.444376,1547.222154,0
45,27,17,244784,17,1547.222154,3094.444376,0
45,18,26,244784,17,4641.666598,3094.444376,0
45,26,18,244784,17,3094.444376,4641.666598,0
45,19,20,244784,17,4641.666598,3094.444376,0
45,20,19,244784,17,3094.444376,4641.666598,0
45,20,25,244784,17,3094.444376,1547.222154,0
45,25,20,244784,17,1547.222154,3094.444376,0
45,21,25,244784,17,2320.833265,1547.222154,0
45,25,21,244784,17,1547.222154,2320.833265,0
45,21,27,244784,17,2320.833265,1547.222154,0
45,27,21,244784,17,1547.222154,2320.833265,0
45,22,26,244784,17,1856.666598,3094.444376,0
45,26,22,244784,17,3094.444376,1856.666598,0
45,22,27,244784,17,1856.666598,1547.222154,0
45,27,22,244784,17,1547.222154,1856.666598,0
45,23,29,244784,17,1856.666598,3094.444376,0
45,29,23,244784,17,3094.444376,1856.666598,0
45,24,25,244784,17,4641.666598,1547.222154,0
45,25,24,244784,17,1547.222154,4641.666598,0
45,27,28,244784,17,1547.222154,2320.833265,0
45,28,27,244784,17,2320.833265,1547.222154,0
46,0,9,244784,17,1548.611043,1858.333265,0
46,9,0,244784,17,1858.333265,1548.611043,0
46,0,12,244784,17,1548.611043,1858.333265,0
46,12,0,244784,17,1858.333265,1548.611043,0
46,0,15,244784,17,1548.611043,1327.380884,0
46,15,0,244784,17,1327.380884,1548.611043,0
46,0,17,244784,17,1548.611043,2322.916598,0
46,17,0,244784,17,2322.916598,1548.611043,0
46,0,28,244784,17,1548.611043,4645.833265,0
46,28,0,244784,17,4645.833265,1548.611043,0
46,0,29,244784,17,1548.611043,3097.222154,0
46,29,0,244784,17,3097.222154,1548.611043,0
46,1,10,244784,17,1548.611043,3097.222154,0
46,10,1,244784,17,3097.222154,1548.611043,0
46,1,13,244784,17,1548.611043,2322.916598,0
46,13,1,244784,17,2322.916598,1548.611043,0
46,1,16,244784,17,1548.611043,1858.333265,0
46,16,1,244784,17,1858.333265,1548.611043,0
46,1,23,244784,17,1548.611043,3097.222154,0
46,23,1,244784,17,3097.222154,1548.611043,0
46,1,24,244784,17,1548.611043,3097.222154,0
46,24,1,244784,17,3097.222154,1548.611043,0
46,1,25,244784,17,1548.611043,4645.833265,0
46,25,1,244784,17,4645.833265,1548.611043,0
46,2,9,244784,17,3097.222154,1858.333265,0
46,9,2,244784,17,1858.333265,3097.222154,0
46,2,12,244784,17,3097.222154,1858.333265,0
46,12,2,244784,17,1858.333265,3097.222154,0
46,2,13,244784,17,3097.222154,2322.916598,0
46,13,2,244784,17,2322.916598,3097.222154,0
46,3,9,244784,17,2322.916598,1858.333265,0
46,9,3,244784,17,1858.333265,2322.916598,0
46,3,21,244784,17,2322.916598,1548.611043,0
46,21,3,244784,17,1548.611043,2322.916598,0
46,3,22,244784,17,2322.916598,3097.222154,0
46,22,3,244784,17,3097.222154,2322.916598,0
46,3,26,244784,17,2322.916598,3097.222154,0
46,26,3,244784,17,3097.222154,2322.916598,0
46,4,8,244784,17,2322.916598,3097.222154,0
46,8,4,244784,17,3097.222154,2322.916598,0
46,4,9,244784,17,2322.916598,1858.333265,0
46,9,4,244784,17,1858.333265,2322.916598,0
46,4,19,244784,17,2322.916598,2322.916598,0
46,19,4,244784,17,2322.916598,2322.916598,0
46,4,24,244784,17,2322.916598,3097.222154,0
46,24,4,244784,17,3097.222154,2322.916598,0
46,5,15,244784,17,3097.222154,1327.380884,0
46,15,5,244784,17,1327.380884,3097.222154,0
46,5,20,244784,17,3097.222154,1548.611043,0
46,20,5,244784,17,1548.611043,3097.222154,0
46,5,25,244784,17,3097.222154,4645.833265,0
46,25,5,244784,17,4645.833265,3097.222154,0
46,6,11,244784,17,1858.333265,2322.916598,0
46,11,6,244784,17,2322.916598,1858.333265,0
46,6,14,244784,17,1858.333265,2322.916598,0
46,14,6,244784,17,2322.916598,1858.333265,0
46,6,17,244784,17,1858.333265,2322.916598,0
46,17,6,244784,17,2322.916598,1858.333265,0
46,6,20,244784,17,1858.333265,1548.611043,0
46,20,6,244784,17,1548.611043,1858.333265,0
46,6,21,244784,17,1858.333265,1548.611043,0
46,21,6,244784,17,1548.611043,1858.333265,0
46,7,10,244784,17,3097.222154,3097.222154,0
46,10,7,244784,17,3097.222154,3097.222154,0
46,7,26,244784,17,3097.222154,3097.222154,0
46,26,7,244784,17,3097.222154,3097.222154,0
46,7,29,244784,17,3097.222154,3097.222154,0
46,29,7,244784,17,3097.222154,3097.222154,0
46,8,19,244784,17,3097.222154,2322.916598,0
46,19,8,244784,17,2322.916598,3097.222154,0
46,8,22,244784,17,3097.222154,3097.222154,0
46,22,8,244784,17,3097.222154,3097.222154,0
46,9,14,244784,17,1858.333265,2322.916598,0
46,14,9,244784,17,2322.916598,1858.333265,0
46,10,27,244784,17,3097.222154,4645.833265,0
46,27,10,244784,17,4645.833265,3097.222154,0
46,11,15,244784,17,2322.916598,1327.380884,0
46,15,11,244784,17,1327.380884,2322.916598,0
46,11,20,244784,17,2322.916598,1548.611043,0
46,20,11,244784,17,1548.611043,2322.916598,0
46,11,21,244784,17,2322.916598,1548.611043,0
46,21,11,244784,17,1548.611043,2322.916598,0
46,12,15,244784,17,1858.333265,1327.380884,0
46,15,12,244784,17,1327.380884,1858.333265,0
46,12,20,244784,17,1858.333265,1548.611043,0
46,20,12,244784,17,1548.611043,1858.333265,0
46,12,29,244784,17,1858.333265,3097.222154,0
46,29,12,244784,17,3097.222154,1858.333265,0
46,13,18,244784,17,2322.916598,3097.222154,0
46,18,13,244784,17,3097.222154,2322.916598,0
46,13,21,244784,17,2322.916598,1548.611043,0
46,21,13,244784,17,1548.611043,2322.916598,0
46,14,19,244784,17,2322.916598,2322.916598,0
46,19,14,244784,17,2322.916598,2322.916598,0
46,14,20,244784,17,2322.916598,1548.611043,0
46,20,14,244784,17,1548.611043,2322.916598,0
46,15,16,244784,17,1327.380884,1858.333265,0
46,16,15,244784,17,1858.333265,1327.380884,0
46,15,23,244784,17,1327.380884,3097.222154,0
46,23,15,244784,17,3097.222154,1327.380884,0
46,15,27,244784,17,1327.380884,4645.833265,0
46,27,15,244784,17,4645.833265,1327.380884,0
46,16,17,244784,17,1858.333265,2322.916598,0
46,17,16,244784,17,2322.916598,1858.333265,0
46,16,22,244784,17,1858.333265,3097.222154,0
46,22,16,244784,17,3097.222154,1858.333265,0
46,16,24,244784,17,1858.333265,3097.222154,0
46,24,16,244784,17,3097.222154,1858.333265,0
46,17,20,244784,17,2322.916598,1548.611043,0
46,20,17,244784,17,1548.611043,2322.916598,0
46,18,21,244784,17,3097.222154,1548.611043,0
46,21,18,244784,17,1548.611043,3097.222154,0
46,18,26,244784,17,3097.222154,3097.222154,0
46,26,18,244784,17,3097.222154,3097.222154,0
46,19,23,244784,17,2322.916598,3097.222154,0
46,23,19,244784,17,3097.222154,2322.916598,0
46,21,28,244784,17,1548.611043,4645.833265,0
46,28,21,244784,17,4645.833265,1548.611043,0
47,0,14,244784,17,3091.666599,2318.749932,0
47,14,0,244784,17,2318.749932,3091.666599,0
47,0,16,244784,17,3091.666599,3091.666599,0
47,16,0,244784,17,3091.666599,3091.666599,0
47,0,23,244784,17,3091.666599,1545.833265,0
47,23,0,244784,17,1545.833265,3091.666599,0
47,1,5,244784,17,3091.666599,3091.666599,0
47,5,1,244784,17,3091.666599,3091.666599,0
47,1,12,244784,17,3091.666599,4637.499932,0
47,12,1,244784,17,4637.499932,3091.666599,0
47,1,14,244784,17,3091.666599,2318.749932,0
47,14,1,244784,17,2318.749932,3091.666599,0
47,2,7,244784,17,1324.999932,2318.749932,0
47,7,2,244784,17,2318.749932,1324.999932,0
47,2,10,244784,17,1324.999932,2318.749932,0
47,10,2,244784,17,2318.749932,1324.999932,0
47,2,16,244784,17,1324.999932,3091.666599,0
47,16,2,244784,17,3091.666599,1324.999932,0
47,2,17,244784,17,1324.999932,1854.999932,0
47,17,2,244784,17,1854.999932,1324.999932,0
47,2,19,244784,17,1324.999932,3091.666599,0
47,19,2,244784,17,3091.666599,1324.999932,0
47,2,20,244784,17,1324.999932,2318.749932,0
47,20,2,244784,17,2318.749932,1324.999932,0
47,2,27,244784,17,1324.999932,4637.499932,0
47,27,2,244784,17,4637.499932,1324.999932,0
47,3,11,244784,17,3091.666599,1854.999932,0
47,11,3,244784,17,1854.999932,3091.666599,0
47,3,15,244784,17,3091.666599,3091.666599,0
47,15,3,244784,17,3091.666599,3091.666599,0
47,3,17,244784,17,3091.666599,1854.999932,0
47,17,3,244784,17,1854.999932,3091.666599,0
47,4,20,244784,17,3091.666599,2318.749932,0
47,20,4,244784,17,2318.749932,3091.666599,0
47,4,23,244784,17,3091.666599,1545.833265,0
47,23,4,244784,17,1545.833265,3091.666599,0
47,4,28,244784,17,3091.666599,1854.999932,0
47,28,4,244784,17,1854.999932,3091.666599,0
47,5,10,244784,17,3091.666599,2318.749932,0
47,10,5,244784,17,2318.749932,3091.666599,0
47,5,16,244784,17,3091.666599,3091.666599,0
47,16,5,244784,17,3091.666599,3091.666599,0
47,6,11,244784,17,4637.499932,1854.999932,0
47,11,6,244784,17,1854.999932,4637.499932,0
47,6,12,244784,17,4637.499932,4637.499932,0
47,12,6,244784,17,4637.499932,4637.499932,0
47,7,15,244784,17,2318.749932,3091.666599,0
47,15,7,244784,17,3091.666599,2318.749932,0
47,7,17,244784,17,2318.749932,1854.999932,0
47,17,7,244784,17,1854.999932,2318.749932,0
47,7,22,244784,17,2318.749932,2318.749932,0
47,22,7,244784,17,2318.749932,2318.749932,0
47,8,11,244784,17,2318.749932,1854.999932,0
47,11,8,244784,17,1854.999932,2318.749932,0
47,8,21,244784,17,2318.749932,1545.833265,0
47,21,8,244784,17,1545.833265,2318.749932,0
47,8,23,244784,17,2318.749932,1545.833265,0
47,23,8,244784,17,1545.833265,2318.749932,0
47,8,28,244784,17,2318.749932,1854.999932,0
47,28,8,244784,17,1854.999932,2318.749932,0
47,9,10,244784,17,1545.833265,2318.749932,0
47,10,9,244784,17,2318.749932,1545.833265,0
47,9,21,244784,17,1545.833265,1545.833265,0
47,21,9,244784,17,1545.833265,1545.833265,0
47,9,22,244784,17,1545.833265,2318.749932,0
47,22,9,244784,17,2318.749932,1545.833265,0
47,9,24,244784,17,1545.833265,3091.666599,0
47,24,9,244784,17,3091.666599,1545.833265,0
47,9,25,244784,17,1545.833265,3091.666599,0
47,25,9,244784,17,3091.666599,1545.833265,0
47,9,27,244784,17,1545.833265,4637.499932,0
47,27,9,244784,17,4637.499932,1545.833265,0
47,10,26,244784,17,2318.749932,2318.749932,0
47,26,10,244784,17,2318.749932,2318.749932,0
47,11,13,244784,17,1854.999932,4637.499932,0
47,13,11,244784,17,4637.499932,1854.999932,0
47,11,23,244784,17,1854.999932,1545.833265,0
47,23,11,244784,17,1545.833265,1854.999932,0
47,13,28,244784,17,4637.499932,1854.999932,0
47,28,13,244784,17,1854.999932,4637.499932,0
47,14,21,244784,17,2318.749932,1545.833265,0
47,21,14,244784,17,1545.833265,2318.749932,0
47,14,26,244784,17,2318.749932,2318.749932,0
47,26,14,244784,17,2318.749932,2318.749932,0
47,15,21,244784,17,3091.666599,1545.833265,0
47,21,15,244784,17,1545.833265,3091.666599,0
47,17,22,244784,17,1854.999932,2318.749932,0
47,22,17,244784,17,2318.749932,1854.999932,0
47,17,25,244784,17,1854.999932,3091.666599,0
47,25,17,244784,17,3091.666599,1854.999932,0
47,18,19,244784,17,4637.499932,3091.666599,0
47,19,18,244784,17,3091.666599,4637.499932,0
47,18,24,244784,17,4637.499932,3091.666599,0
47,24,18,244784,17,3091.666599,4637.499932,0
47,19,20,244784,17,3091.666599,2318.749932,0
47,20,19,244784,17,2318.749932,3091.666599,0
47,20,21,244784,17,2318.749932,1545.833265,0
47,21,20,244784,17,1545.833265,2318.749932,0
47,21,29,244784,17,1545.833265,4637.499932,0
47,29,21,244784,17,4637.499932,1545.833265,0
47,22,26,244784,17,2318.749932,2318.749932,0
47,26,22,244784,17,2318.749932,2318.749932,0
47,23,28,244784,17,1545.833265,1854.999932,0
47,28,23,244784,17,1854.999932,1545.833265,0
47,23,29,244784,17,1545.833265,4637.499932,0
47,29,23,244784,17,4637.499932,1545.833265,0
47,24,26,244784,17,3091.666599,2318.749932,0
47,26,24,244784,17,2318.749932,3091.666599,0
47,25,28,244784,17,3091.666599,1854.999932,0
47,28,25,244784,17,1854.999932,3091.666599,0
48,0,6,244784,17,3094.444376,2320.833265,0
48,6,0,244784,17,2320.833265,3094.444376,0
48,0,9,244784,17,3094.444376,3094.444376,0
48,9,0,244784,17,3094.444376,3094.444376,0
48,0,22,244784,17,3094.444376,2320.833265,0
48,22,0,244784,17,2320.833265,3094.444376,0
48,1,6,244784,17,1547.222154,2320.833265,0
48,6,1,244784,17,2320.833265,1547.222154,0
48,1,7,244784,17,1547.222154,2320.833265,0
48,7,1,244784,17,2320.833265,1547.222154,0
48,1,11,244784,17,1547.222154,2320.833265,0
48,11,1,244784,17,2320.833265,1547.222154,0
48,1,13,244784,17,1547.222154,2320.833265,0
48,13,1,244784,17,2320.833265,1547.222154,0
48,1,16,244784,17,1547.222154,2320.833265,0
48,16,1,244784,17,2320.833265,1547.222154,0
48,1,17,244784,17,1547.222154,2320.833265,0
48,17,1,244784,17,2320.833265,1547.222154,0
48,2,12,244784,17,2320.833265,2320.833265,0
48,12,2,244784,17,2320.833265,2320.833265,0
48,2,17,244784,17,2320.833265,2320.833265,0
48,17,2,244784,17,2320.833265,2320.833265,0
48,2,18,244784,17,2320.833265,3094.444376,0
48,18,2,244784,17,3094.444376,2320.833265,0
48,2,23,244784,17,2320.833265,2320.833265,0
48,23,2,244784,17,2320.833265,2320.833265,0
48,3,4,244784,17,2320.833265,2320.833265,0
48,4,3,244784,17,2320.833265,2320.833265,0
48,3,12,244784,17,2320.833265,2320.833265,0
48,12,3,244784,17,2320.833265,2320.833265,0
48,3,19,244784,17,2320.833265,1547.222154,0
48,19,3,244784,17,1547.222154,2320.833265,0
48,3,20,244784,17,2320.833265,3094.444376,0
48,20,3,244784,17,3094.444376,2320.833265,0
48,4,11,244784,17,2320.833265,2320.833265,0
48,11,4,244784,17,2320.833265,2320.833265,0
48,4,21,244784,17,2320.833265,3094.444376,0
48,21,4,244784,17,3094.444376,2320.833265,0
48,4,25,244784,17,2320.833265,2320.833265,0
48,25,4,244784,17,2320.833265,2320.833265,0
48,5,18,244784,17,4641.666598,3094.444376,0
48,18,5,244784,17,3094.444376,4641.666598,0
48,5,26,244784,17,4641.666598,1856.666598,0
48,26,5,244784,17,1856.666598,4641.666598,0
48,6,8,244784,17,2320.833265,1856.666598,0
48,8,6,244784,17,1856.666598,2320.833265,0
48,6,28,244784,17,2320.833265,2320.833265,0
48,28,6,244784,17,2320.833265,2320.833265,0
48,7,21,244784,17,2320.833265,3094.444376,0
48,21,7,244784,17,3094.444376,2320.833265,0
48,7,22,244784,17,2320.833265,2320.833265,0
48,22,7,244784,17,2320.833265,2320.833265,0
48,7,27,244784,17,2320.833265,2320.833265,0
48,27,7,244784,17,2320.833265,2320.833265,0
48,8,13,244784,17,1856.666598,2320.833265,0
48,13,8,244784,17,2320.833265,1856.666598,0
48,8,16,244784,17,1856.666598,2320.833265,0
48,16,8,244784,17,2320.833265,1856.666598,0
48,8,26,244784,17,1856.666598,1856.666598,0
48,26,8,244784,17,1856.666598,1856.666598,0
48,8,29,244784,17,1856.666598,3094.444376,0
48,29,8,244784,17,3094.444376,1856.666598,0
48,9,10,244784,17,3094.444376,4641.666598,0
48,10,9,244784,17,4641.666598,3094.444376,0
48,9,14,244784,17,3094.444376,2320.833265,0
48,14,9,244784,17,2320.833265,3094.444376,0
48,10,16,244784,17,4641.666598,2320.833265,0
48,16,10,244784,17,2320.833265,4641.666598,0
48,11,14,244784,17,2320.833265,2320.833265,0
48,14,11,244784,17,2320.833265,2320.833265,0
48,11,24,244784,17,2320.833265,2320.833265,0
48,24,11,244784,17,2320.833265,2320.833265,0
48,12,19,244784,17,2320.833265,1547.222154,0
48,19,12,244784,17,1547.222154,2320.833265,0
48,12,20,244784,17,2320.833265,3094.444376,0
48,20,12,244784,17,3094.444376,2320.833265,0
48,13,23,244784,17,2320.833265,2320.833265,0
48,23,13,244784,17,2320.833265,2320.833265,0
48,13,29,244784,17,2320.833265,3094.444376,0
48,29,13,244784,17,3094.444376,2320.833265,0
48,14,15,244784,17,2320.833265,4641.666598,0
48,15,14,244784,17,4641.666598,2320.833265,0
48,14,23,244784,17,2320.833265,2320.833265,0
48,23,14,244784,17,2320.833265,2320.833265,0
48,15,22,244784,17,4641.666598,2320.833265,0
48,22,15,244784,17,2320.833265,4641.666598,0
48,16,28,244784,17,2320.833265,2320.833265,0
48,28,16,244784,17,2320.833265,2320.833265,0
48,17,24,244784,17,2320.833265,2320.833265,0
48,24,17,244784,17,2320.833265,2320.833265,0
48,17,27,244784,17,2320.833265,2320.833265,0
48,27,17,244784,17,2320.833265,2320.833265,0
48,18,26,244784,17,3094.444376,1856.666598,0
48,26,18,244784,17,1856.666598,3094.444376,0
48,19,20,244784,17,1547.222154,3094.444376,0
48,20,19,244784,17,3094.444376,1547.222154,0
48,19,23,244784,17,1547.222154,2320.833265,0
48,23,19,244784,17,2320.833265,1547.222154,0
48,19,25,244784,17,1547.222154,2320.833265,0
48,25,19,244784,17,2320.833265,1547.222154,0
48,19,26,244784,17,1547.222154,1856.666598,0
48,26,19,244784,17,1856.666598,1547.222154,0
48,21,25,244784,17,3094.444376,2320.833265,0
48,25,21,244784,17,2320.833265,3094.444376,0
48,22,27,244784,17,2320.833265,2320.833265,0
48,27,22,244784,17,2320.833265,2320.833265,0
48,24,27,244784,17,2320.833265,2320.833265,0
48,27,24,244784,17,2320.833265,2320.833265,0
48,24,29,244784,17,2320.833265,3094.444376,0
48,29,24,244784,17,3094.444376,2320.833265,0
48,25,28,244784,17,2320.833265,2320.833265,0
48,28,25,244784,17,2320.833265,2320.833265,0
48,26,28,244784,17,1856.666598,2320.833265,0
48,28,26,244784,17,2320.833265,1856.666598,0
49,0,12,244784,17,3091.666599,2318.749932,0
49,12,0,244784,17,2318.749932,3091.666599,0
49,0,23,244784,17,3091.666599,2318.749932,0
49,23,0,244784,17,2318.749932,3091.666599,0
49,0,25,244784,17,3091.666599,1854.999932,0
49,25,0,244784,17,1854.999932,3091.666599,0
49,1,7,244784,17,1545.833265,1854.999932,0
49,7,1,244784,17,1854.999932,1545.833265,0
49,1,10,244784,17,1545.833265,2318.749932,0
49,10,1,244784,17,2318.749932,1545.833265,0
49,1,13,244784,17,1545.833265,4637.499932,0
49,13,1,244784,17,4637.499932,1545.833265,0
49,1,22,244784,17,1545.833265,1854.999932,0
49,22,1,244784,17,1854.999932,1545.833265,0
49,1,24,244784,17,1545.833265,2318.749932,0
49,24,1,244784,17,2318.749932,1545.833265,0
49,1,25,244784,17,1545.833265,1854.999932,0
49,25,1,244784,17,1854.999932,1545.833265,0
49,2,5,244784,17,2318.749932,4637.499932,0
49,5,2,244784,17,4637.499932,2318.749932,0
49,2,11,244784,17,2318.749932,3091.666599,0
49,11,2,244784,17,3091.666599,2318.749932,0
49,2,16,244784,17,2318.749932,1324.999932,0
49,16,2,244784,17,1324.999932,2318.749932,0
49,2,23,244784,17,2318.749932,2318.749932,0
49,23,2,244784,17,2318.749932,2318.749932,0
49,3,9,244784,17,2318.749932,2318.749932,0
49,9,3,244784,17,2318.749932,2318.749932,0
49,3,12,244784,17,2318.749932,2318.749932,0
49,12,3,244784,17,2318.749932,2318.749932,0
49,3,26,244784,17,2318.749932,4637.499932,0
49,26,3,244784,17,4637.499932,2318.749932,0
49,3,28,244784,17,2318.749932,2318.749932,0
49,28,3,244784,17,2318.749932,2318.749932,0
49,4,9,244784,17,1854.999932,2318.749932,0
49,9,4,244784,17,2318.749932,1854.999932,0
49,4,13,244784,17,1854.999932,4637.499932,0
49,13,4,244784,17,4637.499932,1854.999932,0
49,4,15,244784,17,1854.999932,1159.374932,0
49,15,4,244784,17,1159.374932,1854.999932,0
49,4,24,244784,17,1854.999932,2318.749932,0
49,24,4,244784,17,2318.749932,1854.999932,0
49,4,28,244784,17,1854.999932,2318.749932,0
49,28,4,244784,17,2318.749932,1854.999932,0
49,5,16,244784,17,4637.499932,1324.999932,0
49,16,5,244784,17,1324.999932,4637.499932,0
49,6,12,244784,17,1854.999932,2318.749932,0
49,12,6,244784,17,2318.749932,1854.999932,0
49,6,15,244784,17,1854.999932,1159.374932,0
49,15,6,244784,17,1159.374932,1854.999932,0
49,6,17,244784,17,1854.999932,2318.749932,0
49,17,6,244784,17,2318.749932,1854.999932,0
49,6,20,244784,17,1854.999932,1854.999932,0
49,20,6,244784,17,1854.999932,1854.999932,0
49,6,21,244784,17,1854.999932,3091.666599,0
49,21,6,244784,17,3091.666599,1854.999932,0
49,7,9,244784,17,1854.999932,2318.749932,0
49,9,7,244784,17,2318.749932,1854.999932,0
49,7,11,244784,17,1854.999932,3091.666599,0
49,11,7,244784,17,3091.666599,1854.999932,0
49,7,17,244784,17,1854.999932,2318.749932,0
49,17,7,244784,17,2318.749932,1854.999932,0
49,7,18,244784,17,1854.999932,4637.499932,0
49,18,7,244784,17,4637.499932,1854.999932,0
49,8,10,244784,17,3091.666599,2318.749932,0
49,10,8,244784,17,2318.749932,3091.666599,0
49,8,19,244784,17,3091.666599,3091.666599,0
49,19,8,244784,17,3091.666599,3091.666599,0
49,8,22,244784,17,3091.666599,1854.999932,0
49,22,8,244784,17,1854.999932,3091.666599,0
49,9,15,244784,17,2318.749932,1159.374932,0
49,15,9,244784,17,1159.374932,2318.749932,0
49,10,15,244784,17,2318.749932,1159.374932,0
49,15,10,244784,17,1159.374932,2318.749932,0
49,10,19,244784,17,2318.749932,3091.666599,0
49,19,10,244784,17,3091.666599,2318.749932,0
49,11,25,244784,17,3091.666599,1854.999932,0
49,25,11,244784,17,1854.999932,3091.666599,0
49,12,29,244784,17,2318.749932,3091.666599,0
49,29,12,244784,17,3091.666599,2318.749932,0
49,14,16,244784,17,3091.666599,1324.999932,0
49,16,14,244784,17,1324.999932,3091.666599,0
49,14,20,244784,17,3091.666599,1854.999932,0
49,20,14,244784,17,1854.999932,3091.666599,0
49,14,29,244784,17,3091.666599,3091.666599,0
49,29,14,244784,17,3091.666599,3091.666599,0
49,15,16,244784,17,1159.374932,1324.999932,0
49,16,15,244784,17,1324.999932,1159.374932,0
49,15,22,244784,17,1159.374932,1854.999932,0
49,22,15,244784,17,1854.999932,1159.374932,0
49,15,27,244784,17,1159.374932,4637.499932,0
49,27,15,244784,17,4637.499932,1159.374932,0
49,15,29,244784,17,1159.374932,3091.666599,0
49,29,15,244784,17,3091.666599,1159.374932,0
49,16,21,244784,17,1324.999932,3091.666599,0
49,21,16,244784,17,3091.666599,1324.999932,0
49,16,22,244784,17,1324.999932,1854.999932,0
49,22,16,244784,17,1854.999932,1324.999932,0
49,16,24,244784,17,1324.999932,2318.749932,0
49,24,16,244784,17,2318.749932,1324.999932,0
49,17,20,244784,17,2318.749932,1854.999932,0
49,20,17,244784,17,1854.999932,2318.749932,0
49,17,23,244784,17,2318.749932,2318.749932,0
49,23,17,244784,17,2318.749932,2318.749932,0
49,18,21,244784,17,4637.499932,3091.666599,0
49,21,18,244784,17,3091.666599,4637.499932,0
49,19,20,244784,17,3091.666599,1854.999932,0
49,20,19,244784,17,1854.999932,3091.666599,0
49,20,25,244784,17,1854.999932,1854.999932,0
49,25,20,244784,17,1854.999932,1854.999932,0
49,22,26,244784,17,1854.999932,4637.499932,0
49,26,22,244784,17,4637.499932,1854.999932,0
49,23,28,244784,17,2318.749932,2318.749932,0
49,28,23,244784,17,2318.749932,2318.749932,0
49,24,25,244784,17,2318.749932,1854.999932,0
49,25,24,244784,17,1854.999932,2318.749932,0
49,27,28,244784,17,4637.499932,2318.749932,0
49,28,27,244784,17,2318.749932,4637.499932,0
50,0,12,244784,17,3097.222154,3097.222154,0
50,12,0,244784,17,3097.222154,3097.222154,0
50,0,23,244784,17,3097.222154,1327.380884,0
50,23,0,244784,17,1327.380884,3097.222154,0
50,0,25,244784,17,3097.222154,1548.611043,0
50,25,0,244784,17,1548.611043,3097.222154,0
50,1,7,244784,17,1327.380884,1327.380884,0
50,7,1,244784,17,1327.380884,1327.380884,0
50,1,10,244784,17,1327.380884,2322.916598,0
50,10,1,244784,17,2322.916598,1327.380884,0
50,1,12,244784,17,1327.380884,3097.222154,0
50,12,1,244784,17,3097.222154,1327.380884,0
50,1,13,244784,17,1327.380884,3097.222154,0
50,13,1,244784,17,3097.222154,1327.380884,0
50,1,22,244784,17,1327.380884,2322.916598,0
50,22,1,244784,17,2322.916598,1327.380884,0
50,1,24,244784,17,1327.380884,1858.333265,0
50,24,1,244784,17,1858.333265,1327.380884,0
50,1,25,244784,17,1327.380884,1548.611043,0
50,25,1,244784,17,1548.611043,1327.380884,0
50,2,5,244784,17,1327.380884,4645.833265,0
50,5,2,244784,17,4645.833265,1327.380884,0
50,2,11,244784,17,1327.380884,1858.333265,0
50,11,2,244784,17,1858.333265,1327.380884,0
50,2,16,244784,17,1327.380884,1858.333265,0
50,16,2,244784,17,1858.333265,1327.380884,0
50,2,17,244784,17,1327.380884,3097.222154,0
50,17,2,244784,17,3097.222154,1327.380884,0
50,2,19,244784,17,1327.380884,4645.833265,0
50,19,2,244784,17,4645.833265,1327.380884,0
50,2,23,244784,17,1327.380884,1327.380884,0
50,23,2,244784,17,1327.380884,1327.380884,0
50,2,27,244784,17,1327.380884,4645.833265,0
50,27,2,244784,17,4645.833265,1327.380884,0
50,3,4,244784,17,3097.222154,3097.222154,0
50,4,3,244784,17,3097.222154,3097.222154,0
50,3,15,244784,17,3097.222154,1858.333265,0
50,15,3,244784,17,1858.333265,3097.222154,0
50,3,28,244784,17,3097.222154,2322.916598,0
50,28,3,244784,17,2322.916598,3097.222154,0
50,4,13,244784,17,3097.222154,3097.222154,0
50,13,4,244784,17,3097.222154,3097.222154,0
50,4,23,244784,17,3097.222154,1327.380884,0
50,23,4,244784,17,1327.380884,3097.222154,0
50,5,16,244784,17,4645.833265,1858.333265,0
50,16,5,244784,17,1858.333265,4645.833265,0
50,6,12,244784,17,1858.333265,3097.222154,0
50,12,6,244784,17,3097.222154,1858.333265,0
50,6,15,244784,17,1858.333265,1858.333265,0
50,15,6,244784,17,1858.333265,1858.333265,0
50,6,17,244784,17,1858.333265,3097.222154,0
50,17,6,244784,17,3097.222154,1858.333265,0
50,6,20,244784,17,1858.333265,4645.833265,0
50,20,6,244784,17,4645.833265,1858.333265,0
50,6,21,244784,17,1858.333265,3097.222154,0
50,21,6,244784,17,3097.222154,1858.333265,0
50,7,9,244784,17,1327.380884,4645.833265,0
50,9,7,244784,17,4645.833265,1327.380884,0
50,7,11,244784,17,1327.380884,1858.333265,0
50,11,7,244784,17,1858.333265,1327.380884,0
50,7,17,244784,17,1327.380884,3097.222154,0
50,17,7,244784,17,3097.222154,1327.380884,0
50,7,18,244784,17,1327.380884,4645.833265,0
50,18,7,244784,17,4645.833265,1327.380884,0
50,7,21,244784,17,1327.380884,3097.222154,0
50,21,7,244784,17,3097.222154,1327.380884,0
50,7,27,244784,17,1327.380884,4645.833265,0
50,27,7,244784,17,4645.833265,1327.380884,0
50,8,10,244784,17,2322.916598,2322.916598,0
50,10,8,244784,17,2322.916598,2322.916598,0
50,8,22,244784,17,2322.916598,2322.916598,0
50,22,8,244784,17,2322.916598,2322.916598,0
50,8,23,244784,17,2322.916598,1327.380884,0
50,23,8,244784,17,1327.380884,2322.916598,0
50,8,29,244784,17,2322.916598,3097.222154,0
50,29,8,244784,17,3097.222154,2322.916598,0
50,9,15,244784,17,4645.833265,1858.333265,0
50,15,9,244784,17,1858.333265,4645.833265,0
50,10,15,244784,17,2322.916598,1858.333265,0
50,15,10,244784,17,1858.333265,2322.916598,0
50,10,19,244784,17,2322.916598,4645.833265,0
50,19,10,244784,17,4645.833265,2322.916598,0
50,11,14,244784,17,1858.333265,3097.222154,0
50,14,11,244784,17,3097.222154,1858.333265,0
50,11,24,244784,17,1858.333265,1858.333265,0
50,24,11,244784,17,1858.333265,1858.333265,0
50,11,25,244784,17,1858.333265,1548.611043,0
50,25,11,244784,17,1548.611043,1858.333265,0
50,13,29,244784,17,3097.222154,3097.222154,0
50,29,13,244784,17,3097.222154,3097.222154,0
50,14,16,244784,17,3097.222154,1858.333265,0
50,16,14,244784,17,1858.333265,3097.222154,0
50,14,23,244784,17,3097.222154,1327.380884,0
50,23,14,244784,17,1327.380884,3097.222154,0
50,15,22,244784,17,1858.333265,2322.916598,0
50,22,15,244784,17,2322.916598,1858.333265,0
50,16,22,244784,17,1858.333265,2322.916598,0
50,22,16,244784,17,2322.916598,1858.333265,0
50,16,24,244784,17,1858.333265,1858.333265,0
50,24,16,244784,17,1858.333265,1858.333265,0
50,18,21,244784,17,4645.833265,3097.222154,0
50,21,18,244784,17,3097.222154,4645.833265,0
50,20,25,244784,17,4645.833265,1548.611043,0
50,25,20,244784,17,1548.611043,4645.833265,0
50,23,26,244784,17,1327.380884,4645.833265,0
50,26,23,244784,17,4645.833265,1327.380884,0
50,23,28,244784,17,1327.380884,2322.916598,0
50,28,23,244784,17,2322.916598,1327.380884,0
50,24,25,244784,17,1858.333265,1548.611043,0
50,25,24,244784,17,1548.611043,1858.333265,0
50,24,29,244784,17,1858.333265,3097.222154,0
50,29,24,244784,17,3097.222154,1858.333265,0
50,25,28,244784,17,1548.611043,2322.916598,0
50,28,25,244784,17,2322.916598,1548.611043,0
50,26,28,244784,17,4645.833265,2322.916598,0
50,28,26,244784,17,2322.916598,4645.833265,0
51,0,12,244784,17,3094.444376,3094.444376,0
51,12,0,244784,17,3094.444376,3094.444376,0
51,0,23,244784,17,3094.444376,1160.416598,0
51,23,0,244784,17,1160.416598,3094.444376,0
51,0,25,244784,17,3094.444376,1547.222154,0
51,25,0,244784,17,1547.222154,3094.444376,0
51,1,7,244784,17,1326.190408,1326.190408,0
51,7,1,244784,17,1326.190408,1326.190408,0
51,1,10,244784,17,1326.190408,2320.833265,0
51,10,1,244784,17,2320.833265,1326.190408,0
51,1,12,244784,17,1326.190408,3094.444376,0
51,12,1,244784,17,3094.444376,1326.190408,0
51,1,13,244784,17,1326.190408,3094.444376,0
51,13,1,244784,17,3094.444376,1326.190408,0
51,1,22,244784,17,1326.190408,2320.833265,0
51,22,1,244784,17,2320.833265,1326.190408,0
51,1,24,244784,17,1326.190408,1856.666598,0
51,24,1,244784,17,1856.666598,1326.190408,0
51,1,25,244784,17,1326.190408,1547.222154,0
51,25,1,244784,17,1547.222154,1326.190408,0
51,2,5,244784,17,1326.190408,4641.666598,0
51,5,2,244784,17,4641.666598,1326.190408,0
51,2,11,244784,17,1326.190408,1856.666598,0
51,11,2,244784,17,1856.666598,1326.190408,0
51,2,16,244784,17,1326.190408,1856.666598,0
51,16,2,244784,17,1856.666598,1326.190408,0
51,2,17,244784,17,1326.190408,3094.444376,0
51,17,2,244784,17,3094.444376,1326.190408,0
51,2,19,244784,17,1326.190408,4641.666598,0
51,19,2,244784,17,4641.666598,1326.190408,0
51,2,23,244784,17,1326.190408,1160.416598,0
51,23,2,244784,17,1160.416598,1326.190408,0
51,2,27,244784,17,1326.190408,4641.666598,0
51,27,2,244784,17,4641.666598,1326.190408,0
51,3,15,244784,17,4641.666598,1547.222154,0
51,15,3,244784,17,1547.222154,4641.666598,0
51,3,28,244784,17,4641.666598,2320.833265,0
51,28,3,244784,17,2320.833265,4641.666598,0
51,4,15,244784,17,4641.666598,1547.222154,0
51,15,4,244784,17,1547.222154,4641.666598,0
51,4,23,244784,17,4641.666598,1160.416598,0
51,23,4,244784,17,1160.416598,4641.666598,0
51,5,16,244784,17,4641.666598,1856.666598,0
51,16,5,244784,17,1856.666598,4641.666598,0
51,6,12,244784,17,1856.666598,3094.444376,0
51,12,6,244784,17,3094.444376,1856.666598,0
51,6,15,244784,17,1856.666598,1547.222154,0
51,15,6,244784,17,1547.222154,1856.666598,0
51,6,17,244784,17,1856.666598,3094.444376,0
51,17,6,244784,17,3094.444376,1856.666598,0
51,6,20,244784,17,1856.666598,4641.666598,0
51,20,6,244784,17,4641.666598,1856.666598,0
51,6,21,244784,17,1856.666598,3094.444376,0
51,21,6,244784,17,3094.444376,1856.666598,0
51,7,9,244784,17,1326.190408,4641.666598,0
51,9,7,244784,17,4641.666598,1326.190408,0
51,7,11,244784,17,1326.190408,1856.666598,0
51,11,7,244784,17,1856.666598,1326.190408,0
51,7,17,244784,17,1326.190408,3094.444376,0
51,17,7,244784,17,3094.444376,1326.190408,0
51,7,18,244784,17,1326.190408,4641.666598,0
51,18,7,244784,17,4641.666598,1326.190408,0
51,7,21,244784,17,1326.190408,3094.444376,0
51,21,7,244784,17,3094.444376,1326.190408,0
51,7,27,244784,17,1326.190408,4641.666598,0
51,27,7,244784,17,4641.666598,1326.190408,0
51,8,10,244784,17,2320.833265,2320.833265,0
51,10,8,244784,17,2320.833265,2320.833265,0
51,8,22,244784,17,2320.833265,2320.833265,0
51,22,8,244784,17,2320.833265,2320.833265,0
51,8,23,244784,17,2320.833265,1160.416598,0
51,23,8,244784,17,1160.416598,2320.833265,0
51,8,29,244784,17,2320.833265,3094.444376,0
51,29,8,244784,17,3094.444376,2320.833265,0
51,9,15,244784,17,4641.666598,1547.222154,0
51,15,9,244784,17,1547.222154,4641.666598,0
51,10,15,244784,17,2320.833265,1547.222154,0
51,15,10,244784,17,1547.222154,2320.833265,0
51,10,19,244784,17,2320.833265,4641.666598,0
51,19,10,244784,17,4641.666598,2320.833265,0
51,11,14,244784,17,1856.666598,3094.444376,0
51,14,11,244784,17,3094.444376,1856.666598,0
51,11,24,244784,17,1856.666598,1856.666598,0
51,24,11,244784,17,1856.666598,1856.666598,0
51,11,25,244784,17,1856.666598,1547.222154,0
51,25,11,244784,17,1547.222154,1856.666598,0
51,13,23,244784,17,3094.444376,1160.416598,0
51,23,13,244784,17,1160.416598,3094.444376,0
51,13,29,244784,17,3094.444376,3094.444376,0
51,29,13,244784,17,3094.444376,3094.444376,0
51,14,16,244784,17,3094.444376,1856.666598,0
51,16,14,244784,17,1856.666598,3094.444376,0
51,14,23,244784,17,3094.444376,1160.416598,0
51,23,14,244784,17,1160.416598,3094.444376,0
51,15,22,244784,17,1547.222154,2320.833265,0
51,22,15,244784,17,2320.833265,1547.222154,0
51,16,22,244784,17,1856.666598,2320.833265,0
51,22,16,244784,17,2320.833265,1856.666598,0
51,16,24,244784,17,1856.666598,1856.666598,0
51,24,16,244784,17,1856.666598,1856.666598,0
51,18,21,244784,17,4641.666598,3094.444376,0
51,21,18,244784,17,3094.444376,4641.666598,0
51,20,25,244784,17,4641.666598,1547.222154,0
51,25,20,244784,17,1547.222154,4641.666598,0
51,23,26,244784,17,1160.416598,4641.666598,0
51,26,23,244784,17,4641.666598,1160.416598,0
51,23,28,244784,17,1160.416598,2320.833265,0
51,28,23,244784,17,2320.833265,1160.416598,0
51,24,25,244784,17,1856.666598,1547.222154,0
51,25,24,244784,17,1547.222154,1856.666598,0
51,24,29,244784,17,1856.666598,3094.444376,0
51,29,24,244784,17,3094.444376,1856.666598,0
51,25,28,244784,17,1547.222154,2320.833265,0
51,28,25,244784,17,2320.833265,1547.222154,0
51,26,28,244784,17,4641.666598,2320.833265,0
51,28,26,244784,17,2320.833265,4641.666598,0
52,0,12,244784,17,3097.222154,3097.222154,0
52,12,0,244784,17,3097.222154,3097.222154,0
52,0,23,244784,17,3097.222154,1161.458265,0
52,23,0,244784,17,1161.458265,3097.222154,0
52,0,25,244784,17,3097.222154,1548.611043,0
52,25,0,244784,17,1548.611043,3097.222154,0
52,1,7,244784,17,1327.380884,1327.380884,0
52,7,1,244784,17,1327.380884,1327.380884,0
52,1,10,244784,17,1327.380884,2322.916598,0
52,10,1,244784,17,2322.916598,1327.380884,0
52,1,12,244784,17,1327.380884,3097.222154,0
52,12,1,244784,17,3097.222154,1327.380884,0
52,1,13,244784,17,1327.380884,3097.222154,0
52,13,1,244784,17,3097.222154,1327.380884,0
52,1,22,244784,17,1327.380884,2322.916598,0
52,22,1,244784,17,2322.916598,1327.380884,0
52,1,24,244784,17,1327.380884,1858.333265,0
52,24,1,244784,17,1858.333265,1327.380884,0
52,1,25,244784,17,1327.380884,1548.611043,0
52,25,1,244784,17,1548.611043,1327.380884,0
52,2,5,244784,17,1327.380884,4645.833265,0
52,5,2,244784,17,4645.833265,1327.380884,0
52,2,11,244784,17,1327.380884,1858.333265,0
52,11,2,244784,17,1858.333265,1327.380884,0
52,2,16,244784,17,1327.380884,1858.333265,0
52,16,2,244784,17,1858.333265,1327.380884,0
52,2,17,244784,17,1327.380884,3097.222154,0
52,17,2,244784,17,3097.222154,1327.380884,0
52,2,19,244784,17,1327.380884,4645.833265,0
52,19,2,244784,17,4645.833265,1327.380884,0
52,2,23,244784,17,1327.380884,1161.458265,0
52,23,2,244784,17,1161.458265,1327.380884,0
52,2,27,244784,17,1327.380884,4645.833265,0
52,27,2,244784,17,4645.833265,1327.380884,0
52,3,15,244784,17,4645.833265,1548.611043,0
52,15,3,244784,17,1548.611043,4645.833265,0
52,3,28,244784,17,4645.833265,2322.916598,0
52,28,3,244784,17,2322.916598,4645.833265,0
52,4,15,244784,17,4645.833265,1548.611043,0
52,15,4,244784,17,1548.611043,4645.833265,0
52,4,23,244784,17,4645.833265,1161.458265,0
52,23,4,244784,17,1161.458265,4645.833265,0
52,5,16,244784,17,4645.833265,1858.333265,0
52,16,5,244784,17,1858.333265,4645.833265,0
52,6,12,244784,17,1858.333265,3097.222154,0
52,12,6,244784,17,3097.222154,1858.333265,0
52,6,15,244784,17,1858.333265,1548.611043,0
52,15,6,244784,17,1548.611043,1858.333265,0
52,6,17,244784,17,1858.333265,3097.222154,0
52,17,6,244784,17,3097.222154,1858.333265,0
52,6,20,244784,17,1858.333265,4645.833265,0
52,20,6,244784,17,4645.833265,1858.333265,0
52,6,21,244784,17,1858.333265,3097.222154,0
52,21,6,244784,17,3097.222154,1858.333265,0
52,7,9,244784,17,1327.380884,4645.833265,0
52,9,7,244784,17,4645.833265,1327.380884,0
52,7,11,244784,17,1327.380884,1858.333265,0
52,11,7,244784,17,1858.333265,1327.380884,0
52,7,17,244784,17,1327.380884,3097.222154,0
52,17,7,244784,17,3097.222154,1327.380884,0
52,7,18,244784,17,1327.380884,4645.833265,0
52,18,7,244784,17,4645.833265,1327.380884,0
52,7,21,244784,17,1327.380884,3097.222154,0
52,21,7,244784,17,3097.222154,1327.380884,0
52,7,27,244784,17,1327.380884,4645.833265,0
52,27,7,244784,17,4645.833265,1327.380884,0
52,8,10,244784,17,2322.916598,2322.916598,0
52,10,8,244784,17,2322.916598,2322.916598,0
52,8,22,244784,17,2322.916598,2322.916598,0
52,22,8,244784,17,2322.916598,2322.916598,0
52,8,23,244784,17,2322.916598,1161.458265,0
52,23,8,244784,17,1161.458265,2322.916598,0
52,8,29,244784,17,2322.916598,3097.222154,0
52,29,8,244784,17,3097.222154,2322.916598,0
52,9,15,244784,17,4645.833265,1548.611043,0
52,15,9,244784,17,1548.611043,4645.833265,0
52,10,15,244784,17,2322.916598,1548.611043,0
52,15,10,244784,17,1548.611043,2322.916598,0
52,10,19,244784,17,2322.916598,4645.833265,0
52,19,10,244784,17,4645.833265,2322.916598,0
52,11,14,244784,17,1858.333265,3097.222154,0
52,14,11,244784,17,3097.222154,1858.333265,0
52,11,24,244784,17,1858.333265,1858.333265,0
52,24,11,244784,17,1858.333265,1858.333265,0
52,11,25,244784,17,1858.333265,1548.611043,0
52,25,11,244784,17,1548.611043,1858.333265,0
52,13,23,244784,17,3097.222154,1161.458265,0
52,23,13,244784,17,1161.458265,3097.222154,0
52,13,29,244784,17,3097.222154,3097.222154,0
52,29,13,244784,17,3097.222154,3097.222154,0
52,14,16,244784,17,3097.222154,1858.333265,0
52,16,14,244784,17,1858.333265,3097.222154,0
52,14,23,244784,17,3097.222154,1161.458265,0
52,23,14,244784,17,1161.458265,3097.222154,0
52,15,22,244784,17,1548.611043,2322.916598,0
52,22,15,244784,17,2322.916598,1548.611043,0
52,16,22,244784,17,1858.333265,2322.916598,0
52,22,16,244784,17,2322.916598,1858.333265,0
52,16,24,244784,17,1858.333265,1858.333265,0
52,24,16,244784,17,1858.333265,1858.333265,0
52,18,21,244784,17,4645.833265,3097.222154,0
52,21,18,244784,17,3097.222154,4645.833265,0
52,20,25,244784,17,4645.833265,1548.611043,0
52,25,20,244784,17,1548.611043,4645.833265,0
52,23,26,244784,17,1161.458265,4645.833265,0
52,26,23,244784,17,4645.833265,1161.458265,0
52,23,28,244784,17,1161.458265,2322.916598,0
52,28,23,244784,17,2322.916598,1161.458265,0
52,24,25,244784,17,1858.333265,1548.611043,0
52,25,24,244784,17,1548.611043,1858.333265,0
52,24,29,244784,17,1858.333265,3097.222154,0
52,29,24,244784,17,3097.222154,1858.333265,0
52,25,28,244784,17,1548.611043,2322.916598,0
52,28,25,244784,17,2322.916598,1548.611043,0
52,26,28,244784,17,4645.833265,2322.916598,0
52,28,26,244784,17,2322.916598,4645.833265,0
53,0,12,244784,17,3091.666649,3091.666649,0
53,12,0,244784,17,3091.666649,3091.666649,0
53,0,23,244784,17,3091.666649,1159.374983,0
53,23,0,244784,17,1159.374983,3091.666649,0
53,0,25,244784,17,3091.666649,1545.833316,0
53,25,0,244784,17,1545.833316,3091.666649,0
53,1,7,244784,17,1324.999983,1324.999983,0
53,7,1,244784,17,1324.999983,1324.999983,0
53,1,10,244784,17,1324.999983,2318.749983,0
53,10,1,244784,17,2318.749983,1324.999983,0
53,1,12,244784,17,1324.999983,3091.666649,0
53,12,1,244784,17,3091.666649,1324.999983,0
53,1,13,244784,17,1324.999983,3091.666649,0
53,13,1,244784,17,3091.666649,1324.999983,0
53,1,22,244784,17,1324.999983,2318.749983,0
53,22,1,244784,17,2318.749983,1324.999983,0
53,1,24,244784,17,1324.999983,1854.999983,0
53,24,1,244784,17,1854.999983,1324.999983,0
53,1,25,244784,17,1324.999983,1545.833316,0
53,25,1,244784,17,1545.833316,1324.999983,0
53,2,5,244784,17,1324.999983,4637.499983,0
53,5,2,244784,17,4637.499983,1324.999983,0
53,2,11,244784,17,1324.999983,1854.999983,0
53,11,2,244784,17,1854.999983,1324.999983,0
53,2,16,244784,17,1324.999983,1854.999983,0
53,16,2,244784,17,1854.999983,1324.999983,0
53,2,17,244784,17,1324.999983,3091.666649,0
53,17,2,244784,17,3091.666649,1324.999983,0
53,2,19,244784,17,1324.999983,4637.499983,0
53,19,2,244784,17,4637.499983,1324.999983,0
53,2,23,244784,17,1324.999983,1159.374983,0
53,23,2,244784,17,1159.374983,1324.999983,0
53,2,27,244784,17,1324.999983,4637.499983,0
53,27,2,244784,17,4637.499983,1324.999983,0
53,3,15,244784,17,4637.499983,1545.833316,0
53,15,3,244784,17,1545.833316,4637.499983,0
53,3,28,244784,17,4637.499983,2318.749983,0
53,28,3,244784,17,2318.749983,4637.499983,0
53,4,15,244784,17,4637.499983,1545.833316,0
53,15,4,244784,17,1545.833316,4637.499983,0
53,4,23,244784,17,4637.499983,1159.374983,0
53,23,4,244784,17,1159.374983,4637.499983,0
53,5,16,244784,17,4637.499983,1854.999983,0
53,16,5,244784,17,1854.999983,4637.499983,0
53,6,12,244784,17,1854.999983,3091.666649,0
53,12,6,244784,17,3091.666649,1854.999983,0
53,6,15,244784,17,1854.999983,1545.833316,0
53,15,6,244784,17,1545.833316,1854.999983,0
53,6,17,244784,17,1854.999983,3091.666649,0
53,17,6,244784,17,3091.666649,1854.999983,0
53,6,20,244784,17,1854.999983,4637.499983,0
53,20,6,244784,17,4637.499983,1854.999983,0
53,6,21,244784,17,1854.999983,3091.666649,0
53,21,6,244784,17,3091.666649,1854.999983,0
53,7,9,244784,17,1324.999983,4637.499983,0
53,9,7,244784,17,4637.499983,1324.999983,0
53,7,11,244784,17,1324.999983,1854.999983,0
53,11,7,244784,17,1854.999983,1324.999983,0
53,7,17,244784,17,1324.999983,3091.666649,0
53,17,7,244784,17,3091.666649,1324.999983,0
53,7,18,244784,17,1324.999983,4637.499983,0
53,18,7,244784,17,4637.499983,1324.999983,0
53,7,21,244784,17,1324.999983,3091.666649,0
53,21,7,244784,17,3091.666649,1324.999983,0
53,7,27,244784,17,1324.999983,4637.499983,0
53,27,7,244784,17,4637.499983,1324.999983,0
53,8,10,244784,17,2318.749983,2318.749983,0
53,10,8,244784,17,2318.749983,2318.749983,0
53,8,22,244784,17,2318.749983,2318.749983,0
53,22,8,244784,17,2318.749983,2318.749983,0
53,8,23,244784,17,2318.749983,1159.374983,0
53,23,8,244784,17,1159.374983,2318.749983,0
53,8,29,244784,17,2318.749983,3091.666649,0
53,29,8,244784,17,3091.666649,2318.749983,0
53,9,15,244784,17,4637.499983,1545.833316,0
53,15,9,244784,17,1545.833316,4637.499983,0
53,10,15,244784,17,2318.749983,1545.833316,0
53,15,10,244784,17,1545.833316,2318.749983,0
53,10,19,244784,17,2318.749983,4637.499983,0
53,19,10,244784,17,4637.499983,2318.749983,0
53,11,14,244784,17,1854.999983,3091.666649,0
53,14,11,244784,17,3091.666649,1854.999983,0
53,11,24,244784,17,1854.999983,1854.999983,0
53,24,11,244784,17,1854.999983,1854.999983,0
53,11,25,244784,17,1854.999983,1545.833316,0
53,25,11,244784,17,1545.833316,1854.999983,0
53,13,23,244784,17,3091.666649,1159.374983,0
53,23,13,244784,17,1159.374983,3091.666649,0
53,13,29,244784,17,3091.666649,3091.666649,0
53,29,13,244784,17,3091.666649,3091.666649,0
53,14,16,244784,17,3091.666649,1854.999983,0
53,16,14,244784,17,1854.999983,3091.666649,0
53,14,23,244784,17,3091.666649,1159.374983,0
53,23,14,244784,17,1159.374983,3091.666649,0
53,15,22,244784,17,1545.833316,2318.749983,0
53,22,15,244784,17,2318.749983,1545.833316,0
53,16,22,244784,17,1854.999983,2318.749983,0
53,22,16,244784,17,2318.749983,1854.999983,0
53,16,24,244784,17,1854.999983,1854.999983,0
53,24,16,244784,17,1854.999983,1854.999983,0
53,18,21,244784,17,4637.499983,3091.666649,0
53,21,18,244784,17,3091.666649,4637.499983,0
53,20,25,244784,17,4637.499983,1545.833316,0
53,25,20,244784,17,1545.833316,4637.499983,0
53,23,26,244784,17,1159.374983,4637.499983,0
53,26,23,244784,17,4637.499983,1159.374983,0
53,23,28,244784,17,1159.374983,2318.749983,0
53,28,23,244784,17,2318.749983,1159.374983,0
53,24,25,244784,17,1854.999983,1545.833316,0
53,25,24,244784,17,1545.833316,1854.999983,0
53,24,29,244784,17,1854.999983,3091.666649,0
53,29,24,244784,17,3091.666649,1854.999983,0
53,25,28,244784,17,1545.833316,2318.749983,0
53,28,25,244784,17,2318.749983,1545.833316,0
53,26,28,244784,17,4637.499983,2318.749983,0
53,28,26,244784,17,2318.749983,4637.499983,0
54,0,12,244784,17,3094.444376,3094.444376,0
54,12,0,244784,17,3094.444376,3094.444376,0
54,0,23,244784,17,3094.444376,1160.416598,0
54,23,0,244784,17,1160.416598,3094.444376,0
54,0,25,244784,17,3094.444376,1547.222154,0
54,25,0,244784,17,1547.222154,3094.444376,0
54,1,7,244784,17,1326.190408,1326.190408,0
54,7,1,244784,17,1326.190408,1326.190408,0
54,1,10,244784,17,1326.190408,2320.833265,0
54,10,1,244784,17,2320.833265,1326.190408,0
54,1,12,244784,17,1326.190408,3094.444376,0
54,12,1,244784,17,3094.444376,1326.190408,0
54,1,13,244784,17,1326.190408,3094.444376,0
54,13,1,244784,17,3094.444376,1326.190408,0
54,1,22,244784,17,1326.190408,2320.833265,0
54,22,1,244784,17,2320.833265,1326.190408,0
54,1,24,244784,17,1326.190408,1856.666598,0
54,24,1,244784,17,1856.666598,1326.190408,0
54,1,25,244784,17,1326.190408,1547.222154,0
54,25,1,244784,17,1547.222154,1326.190408,0
54,2,5,244784,17,1326.190408,4641.666598,0
54,5,2,244784,17,4641.666598,1326.190408,0
54,2,11,244784,17,1326.190408,1856.666598,0
54,11,2,244784,17,1856.666598,1326.190408,0
54,2,16,244784,17,1326.190408,1856.666598,0
54,16,2,244784,17,1856.666598,1326.190408,0
54,2,17,244784,17,1326.190408,3094.444376,0
54,17,2,244784,17,3094.444376,1326.190408,0
54,2,19,244784,17,1326.190408,4641.666598,0
54,19,2,244784,17,4641.666598,1326.190408,0
54,2,23,244784,17,1326.190408,1160.416598,0
54,23,2,244784,17,1160.416598,1326.190408,0
54,2,27,244784,17,1326.190408,4641.666598,0
54,27,2,244784,17,4641.666598,1326.190408,0
54,3,15,244784,17,4641.666598,1547.222154,0
54,15,3,244784,17,1547.222154,4641.666598,0
54,3,28,244784,17,4641.666598,2320.833265,0
54,28,3,244784,17,2320.833265,4641.666598,0
54,4,15,244784,17,4641.666598,1547.222154,0
54,15,4,244784,17,1547.222154,4641.666598,0
54,4,23,244784,17,4641.666598,1160.416598,0
54,23,4,244784,17,1160.416598,4641.666598,0
54,5,16,244784,17,4641.666598,1856.666598,0
54,16,5,244784,17,1856.666598,4641.666598,0
54,6,12,244784,17,1856.666598,3094.444376,0
54,12,6,244784,17,3094.444376,1856.666598,0
54,6,15,244784,17,1856.666598,1547.222154,0
54,15,6,244784,17,1547.222154,1856.666598,0
54,6,17,244784,17,1856.666598,3094.444376,0
54,17,6,244784,17,3094.444376,1856.666598,0
54,6,20,244784,17,1856.666598,4641.666598,0
54,20,6,244784,17,4641.666598,1856.666598,0
54,6,21,244784,17,1856.666598,3094.444376,0
54,21,6,244784,17,3094.444376,1856.666598,0
54,7,9,244784,17,1326.190408,4641.666598,0
54,9,7,244784,17,4641.666598,1326.190408,0
54,7,11,244784,17,1326.190408,1856.666598,0
54,11,7,244784,17,1856.666598,1326.190408,0
54,7,17,244784,17,1326.190408,3094.444376,0
54,17,7,244784,17,3094.444376,1326.190408,0
54,7,18,244784,17,1326.190408,4641.666598,0
54,18,7,244784,17,4641.666598,1326.190408,0
54,7,21,244784,17,1326.190408,3094.444376,0
54,21,7,244784,17,3094.444376,1326.190408,0
54,7,27,244784,17,1326.190408,4641.666598,0
54,27,7,244784,17,4641.666598,1326.190408,0
54,8,10,244784,17,2320.833265,2320.833265,0
54,10,8,244784,17,2320.833265,2320.833265,0
54,8,22,244784,17,2320.833265,2320.833265,0
54,22,8,244784,17,2320.833265,2320.833265,0
54,8,23,244784,17,2320.833265,1160.416598,0
54,23,8,244784,17,1160.416598,2320.833265,0
54,8,29,244784,17,2320.833265,3094.444376,0
54,29,8,244784,17,3094.444376,2320.833265,0
54,9,15,244784,17,4641.666598,1547.222154,0
54,15,9,244784,17,1547.222154,4641.666598,0
54,10,15,244784,17,2320.833265,1547.222154,0
54,15,10,244784,17,1547.222154,2320.833265,0
54,10,19,244784,17,2320.833265,4641.666598,0
54,19,10,244784,17,4641.666598,2320.833265,0
54,11,14,244784,17,1856.666598,3094.444376,0
54,14,11,244784,17,3094.444376,1856.666598,0
54,11,24,244784,17,1856.666598,1856.666598,0
54,24,11,244784,17,1856.666598,1856.666598,0
54,11,25,244784,17,1856.666598,1547.222154,0
54,25,11,244784,17,1547.222154,1856.666598,0
54,13,23,244784,17,3094.444376,1160.416598,0
54,23,13,244784,17,1160.416598,3094.444376,0
54,13,29,244784,17,3094.444376,3094.444376,0
54,29,13,244784,17,3094.444376,3094.444376,0
54,14,16,244784,17,3094.444376,1856.666598,0
54,16,14,244784,17,1856.666598,3094.444376,0
54,14,23,244784,17,3094.444376,1160.416598,0
54,23,14,244784,17,1160.416598,3094.444376,0
54,15,22,244784,17,1547.222154,2320.833265,0
54,22,15,244784,17,2320.833265,1547.222154,0
54,16,22,244784,17,1856.666598,2320.833265,0
54,22,16,244784,17,2320.833265,1856.666598,0
54,16,24,244784,17,1856.666598,1856.666598,0
54,24,16,244784,17,1856.666598,1856.666598,0
54,18,21,244784,17,4641.666598,3094.444376,0
54,21,18,244784,17,3094.444376,4641.666598,0
54,20,25,244784,17,4641.666598,1547.222154,0
54,25,20,244784,17,1547.222154,4641.666598,0
54,23,26,244784,17,1160.416598,4641.666598,0
54,26,23,244784,17,4641.666598,1160.416598,0
54,23,28,244784,17,1160.416598,2320.833265,0
54,28,23,244784,17,2320.833265,1160.416598,0
54,24,25,244784,17,1856.666598,1547.222154,0
54,25,24,244784,17,1547.222154,1856.666598,0
54,24,29,244784,17,1856.666598,3094.444376,0
54,29,24,244784,17,3094.444376,1856.666598,0
54,25,28,244784,17,1547.222154,2320.833265,0
54,28,25,244784,17,2320.833265,1547.222154,0
54,26,28,244784,17,4641.666598,2320.833265,0
54,28,26,244784,17,2320.833265,4641.666598,0
55,0,12,244784,17,3091.666599,3091.666599,0
55,12,0,244784,17,3091.666599,3091.666599,0
55,0,23,244784,17,3091.666599,1159.374932,0
55,23,0,244784,17,1159.374932,3091.666599,0
55,0,25,244784,17,3091.666599,1545.833265,0
55,25,0,244784,17,1545.833265,3091.666599,0
55,1,7,244784,17,1324.999932,1324.999932,0
55,7,1,244784,17,1324.999932,1324.999932,0
55,1,10,244784,17,1324.999932,2318.749932,0
55,10,1,244784,17,2318.749932,1324.999932,0
55,1,12,244784,17,1324.999932,3091.666599,0
55,12,1,244784,17,3091.666599,1324.999932,0
55,1,13,244784,17,1324.999932,3091.666599,0
55,13,1,244784,17,3091.666599,1324.999932,0
55,1,22,244784,17,1324.999932,2318.749932,0
55,22,1,244784,17,2318.749932,1324.999932,0
55,1,24,244784,17,1324.999932,1854.999932,0
55,24,1,244784,17,1854.999932,1324.999932,0
55,1,25,244784,17,1324.999932,1545.833265,0
55,25,1,244784,17,1545.833265,1324.999932,0
55,2,5,244784,17,1324.999932,4637.499932,0
55,5,2,244784,17,4637.499932,1324.999932,0
55,2,11,244784,17,1324.999932,1854.999932,0
55,11,2,244784,17,1854.999932,1324.999932,0
55,2,16,244784,17,1324.999932,1854.999932,0
55,16,2,244784,17,1854.999932,1324.999932,0
55,2,17,244784,17,1324.999932,3091.666599,0
55,17,2,244784,17,3091.666599,1324.999932,0
55,2,19,244784,17,1324.999932,4637.499932,0
55,19,2,244784,17,4637.499932,1324.999932,0
55,2,23,244784,17,1324.999932,1159.374932,0
55,23,2,244784,17,1159.374932,1324.999932,0
55,2,27,244784,17,1324.999932,4637.499932,0
55,27,2,244784,17,4637.499932,1324.999932,0
55,3,15,244784,17,4637.499932,1545.833265,0
55,15,3,244784,17,1545.833265,4637.499932,0
55,3,28,244784,17,4637.499932,2318.749932,0
55,28,3,244784,17,2318.749932,4637.499932,0
55,4,15,244784,17,4637.499932,1545.833265,0
55,15,4,244784,17,1545.833265,4637.499932,0
55,4,23,244784,17,4637.499932,1159.374932,0
55,23,4,244784,17,1159.374932,4637.499932,0
55,5,16,244784,17,4637.499932,1854.999932,0
55,16,5,244784,17,1854.999932,4637.499932,0
55,6,12,244784,17,1854.999932,3091.666599,0
55,12,6,244784,17,3091.666599,1854.999932,0
55,6,15,244784,17,1854.999932,1545.833265,0
55,15,6,244784,17,1545.833265,1854.999932,0
55,6,17,244784,17,1854.999932,3091.666599,0
55,17,6,244784,17,3091.666599,1854.999932,0
55,6,20,244784,17,1854.999932,4637.499932,0
55,20,6,244784,17,4637.499932,1854.999932,0
55,6,21,244784,17,1854.999932,3091.666599,0
55,21,6,244784,17,3091.666599,1854.999932,0
55,7,9,244784,17,1324.999932,4637.499932,0
55,9,7,244784,17,4637.499932,1324.999932,0
55,7,11,244784,17,1324.999932,1854.999932,0
55,11,7,244784,17,1854.999932,1324.999932,0
55,7,17,244784,17,1324.999932,3091.666599,0
55,17,7,244784,17,3091.666599,1324.999932,0
55,7,18,244784,17,1324.999932,4637.499932,0
55,18,7,244784,17,4637.499932,1324.999932,0
55,7,21,244784,17,1324.999932,3091.666599,0
55,21,7,244784,17,3091.666599,1324.999932,0
55,7,27,244784,17,1324.999932,4637.499932,0
55,27,7,244784,17,4637.499932,1324.999932,0
55,8,10,244784,17,2318.749932,2318.749932,0
55,10,8,244784,17,2318.749932,2318.749932,0
55,8,22,244784,17,2318.749932,2318.749932,0
55,22,8,244784,17,2318.749932,2318.749932,0
55,8,23,244784,17,2318.749932,1159.374932,0
55,23,8,244784,17,1159.374932,2318.749932,0
55,8,29,244784,17,2318.749932,3091.666599,0
55,29,8,244784,17,3091.666599,2318.749932,0
55,9,15,244784,17,4637.499932,1545.833265,0
55,15,9,244784,17,1545.833265,4637.499932,0
55,10,15,244784,17,2318.749932,1545.833265,0
55,15,10,244784,17,1545.833265,2318.749932,0
55,10,19,244784,17,2318.749932,4637.499932,0
55,19,10,244784,17,4637.499932,2318.749932,0
55,11,14,244784,17,1854.999932,3091.666599,0
55,14,11,244784,17,3091.666599,1854.999932,0
55,11,24,244784,17,1854.999932,1854.999932,0
55,24,11,244784,17,1854.999932,1854.999932,0
55,11,25,244784,17,1854.999932,1545.833265,0
55,25,11,244784,17,1545.833265,1854.999932,0
55,13,23,244784,17,3091.666599,1159.374932,0
55,23,13,244784,17,1159.374932,3091.666599,0
55,13,29,244784,17,3091.666599,3091.666599,0
55,29,13,244784,17,3091.666599,3091.666599,0
55,14,16,244784,17,3091.666599,1854.999932,0
55,16,14,244784,17,1854.999932,3091.666599,0
55,14,23,244784,17,3091.666599,1159.374932,0
55,23,14,244784,17,1159.374932,3091.666599,0
55,15,22,244784,17,1545.833265,2318.749932,0
55,22,15,244784,17,2318.749932,1545.833265,0
55,16,22,244784,17,1854.999932,2318.749932,0
55,22,16,244784,17,2318.749932,1854.999932,0
55,16,24,244784,17,1854.999932,1854.999932,0
55,24,16,244784,17,1854.999932,1854.999932,0
55,18,21,244784,17,4637.499932,3091.666599,0
55,21,18,244784,17,3091.666599,4637.499932,0
55,20,25,244784,17,4637.499932,1545.833265,0
55,25,20,244784,17,1545.833265,4637.499932,0
55,23,26,244784,17,1159.374932,4637.499932,0
55,26,23,244784,17,4637.499932,1159.374932,0
55,23,28,244784,17,1159.374932,2318.749932,0
55,28,23,244784,17,2318.749932,1159.374932,0
55,24,25,244784,17,1854.999932,1545.833265,0
55,25,24,244784,17,1545.833265,1854.999932,0
55,24,29,244784,17,1854.999932,3091.666599,0
55,29,24,244784,17,3091.666599,1854.999932,0
55,25,28,244784,17,1545.833265,2318.749932,0
55,28,25,244784,17,2318.749932,1545.833265,0
55,26,28,244784,17,4637.499932,2318.749932,0
55,28,26,244784,17,2318.749932,4637.499932,0
56,0,12,244784,17,3088.888821,3088.888821,0
56,12,0,244784,17,3088.888821,3088.888821,0
56,0,23,244784,17,3088.888821,1158.333265,0
56,23,0,244784,17,1158.333265,3088.888821,0
56,0,25,244784,17,3088.888821,1544.444376,0
56,25,0,244784,17,1544.444376,3088.888821,0
56,1,7,244784,17,1323.809456,1323.809456,0
56,7,1,244784,17,1323.809456,1323.809456,0
56,1,10,244784,17,1323.809456,2316.666599,0
56,10,1,244784,17,2316.666599,1323.809456,0
56,1,12,244784,17,1323.809456,3088.888821,0
56,12,1,244784,17,3088.888821,1323.809456,0
56,1,13,244784,17,1323.809456,3088.888821,0
56,13,1,244784,17,3088.888821,1323.809456,0
56,1,22,244784,17,1323.809456,2316.666599,0
56,22,1,244784,17,2316.666599,1323.809456,0
56,1,24,244784,17,1323.809456,1853.333265,0
56,24,1,244784,17,1853.333265,1323.809456,0
56,1,25,244784,17,1323.809456,1544.444376,0
56,25,1,244784,17,1544.444376,1323.809456,0
56,2,5,244784,17,1323.809456,4633.333265,0
56,5,2,244784,17,4633.333265,1323.809456,0
56,2,11,244784,17,1323.809456,1853.333265,0
56,11,2,244784,17,1853.333265,1323.809456,0
56,2,16,244784,17,1323.809456,1853.333265,0
56,16,2,244784,17,1853.333265,1323.809456,0
56,2,17,244784,17,1323.809456,3088.888821,0
56,17,2,244784,17,3088.888821,1323.809456,0
56,2,19,244784,17,1323.809456,4633.333265,0
56,19,2,244784,17,4633.333265,1323.809456,0
56,2,23,244784,17,1323.809456,1158.333265,0
56,23,2,244784,17,1158.333265,1323.809456,0
56,2,27,244784,17,1323.809456,4633.333265,0
56,27,2,244784,17,4633.333265,1323.809456,0
56,3,15,244784,17,4633.333265,1544.444376,0
56,15,3,244784,17,1544.444376,4633.333265,0
56,3,28,244784,17,4633.333265,2316.666599,0
56,28,3,244784,17,2316.666599,4633.333265,0
56,4,15,244784,17,4633.333265,1544.444376,0
56,15,4,244784,17,1544.444376,4633.333265,0
56,4,23,244784,17,4633.333265,1158.333265,0
56,23,4,244784,17,1158.333265,4633.333265,0
56,5,16,244784,17,4633.333265,1853.333265,0
56,16,5,244784,17,1853.333265,4633.333265,0
56,6,12,244784,17,1853.333265,3088.888821,0
56,12,6,244784,17,3088.888821,1853.333265,0
56,6,15,244784,17,1853.333265,1544.444376,0
56,15,6,244784,17,1544.444376,1853.333265,0
56,6,17,244784,17,1853.333265,3088.888821,0
56,17,6,244784,17,3088.888821,1853.333265,0
56,6,20,244784,17,1853.333265,4633.333265,0
56,20,6,244784,17,4633.333265,1853.333265,0
56,6,21,244784,17,1853.333265,3088.888821,0
56,21,6,244784,17,3088.888821,1853.333265,0
56,7,9,244784,17,1323.809456,4633.333265,0
56,9,7,244784,17,4633.333265,1323.809456,0
56,7,11,244784,17,1323.809456,1853.333265,0
56,11,7,244784,17,1853.333265,1323.809456,0
56,7,17,244784,17,1323.809456,3088.888821,0
56,17,7,244784,17,3088.888821,1323.809456,0
56,7,18,244784,17,1323.809456,4633.333265,0
56,18,7,244784,17,4633.333265,1323.809456,0
56,7,21,244784,17,1323.809456,3088.888821,0
56,21,7,244784,17,3088.888821,1323.809456,0
56,7,27,244784,17,1323.809456,4633.333265,0
56,27,7,244784,17,4633.333265,1323.809456,0
56,8,10,244784,17,2316.666599,2316.666599,0
56,10,8,244784,17,2316.666599,2316.666599,0
56,8,22,244784,17,2316.666599,2316.666599,0
56,22,8,244784,17,2316.666599,2316.666599,0
56,8,23,244784,17,2316.666599,1158.333265,0
56,23,8,244784,17,1158.333265,2316.666599,0
56,8,29,244784,17,2316.666599,3088.888821,0
56,29,8,244784,17,3088.888821,2316.666599,0
56,9,15,244784,17,4633.333265,1544.444376,0
56,15,9,244784,17,1544.444376,4633.333265,0
56,10,15,244784,17,2316.666599,1544.444376,0
56,15,10,244784,17,1544.444376,2316.666599,0
56,10,19,244784,17,2316.666599,4633.333265,0
56,19,10,244784,17,4633.333265,2316.666599,0
56,11,14,244784,17,1853.333265,3088.888821,0
56,14,11,244784,17,3088.888821,1853.333265,0
56,11,24,244784,17,1853.333265,1853.333265,0
56,24,11,244784,17,1853.333265,1853.333265,0
56,11,25,244784,17,1853.333265,1544.444376,0
56,25,11,244784,17,1544.444376,1853.333265,0
56,13,23,244784,17,3088.888821,1158.333265,0
56,23,13,244784,17,1158.333265,3088.888821,0
56,13,29,244784,17,3088.888821,3088.888821,0
56,29,13,244784,17,3088.888821,3088.888821,0
56,14,16,244784,17,3088.888821,1853.333265,0
56,16,14,244784,17,1853.333265,3088.888821,0
56,14,23,244784,17,3088.888821,1158.333265,0
56,23,14,244784,17,1158.333265,3088.888821,0
56,15,22,244784,17,1544.444376,2316.666599,0
56,22,15,244784,17,2316.666599,1544.444376,0
56,16,22,244784,17,1853.333265,2316.666599,0
56,22,16,244784,17,2316.666599,1853.333265,0
56,16,24,244784,17,1853.333265,1853.333265,0
56,24,16,244784,17,1853.333265,1853.333265,0
56,18,21,244784,17,4633.333265,3088.888821,0
56,21,18,244784,17,3088.888821,4633.333265,0
56,20,25,244784,17,4633.333265,1544.444376,0
56,25,20,244784,17,1544.444376,4633.333265,0
56,23,26,244784,17,1158.333265,4633.333265,0
56,26,23,244784,17,4633.333265,1158.333265,0
56,23,28,244784,17,1158.333265,2316.666599,0
56,28,23,244784,17,2316.666599,1158.333265,0
56,24,25,244784,17,1853.333265,1544.444376,0
56,25,24,244784,17,1544.444376,1853.333265,0
56,24,29,244784,17,1853.333265,3088.888821,0
56,29,24,244784,17,3088.888821,1853.333265,0
56,25,28,244784,17,1544.444376,2316.666599,0
56,28,25,244784,17,2316.666599,1544.444376,0
56,26,28,244784,17,4633.333265,2316.666599,0
56,28,26,244784,17,2316.666599,4633.333265,0
57,0,12,244784,17,3088.888821,3088.888821,0
57,12,0,244784,17,3088.888821,3088.888821,0
57,0,23,244784,17,3088.888821,1158.333265,0
57,23,0,244784,17,1158.333265,3088.888821,0
57,0,25,244784,17,3088.888821,1544.444376,0
57,25,0,244784,17,1544.444376,3088.888821,0
57,1,7,244784,17,1323.809456,1323.809456,0
57,7,1,244784,17,1323.809456,1323.809456,0
57,1,10,244784,17,1323.809456,2316.666599,0
57,10,1,244784,17,2316.666599,1323.809456,0
57,1,12,244784,17,1323.809456,3088.888821,0
57,12,1,244784,17,3088.888821,1323.809456,0
57,1,13,244784,17,1323.809456,3088.888821,0
57,13,1,244784,17,3088.888821,1323.809456,0
57,1,22,244784,17,1323.809456,2316.666599,0
57,22,1,244784,17,2316.666599,1323.809456,0
57,1,24,244784,17,1323.809456,1853.333265,0
57,24,1,244784,17,1853.333265,1323.809456,0
57,1,25,244784,17,1323.809456,1544.444376,0
57,25,1,244784,17,1544.444376,1323.809456,0
57,2,5,244784,17,1323.809456,4633.333265,0
57,5,2,244784,17,4633.333265,1323.809456,0
57,2,11,244784,17,1323.809456,1853.333265,0
57,11,2,244784,17,1853.333265,1323.809456,0
57,2,16,244784,17,1323.809456,1853.333265,0
57,16,2,244784,17,1853.333265,1323.809456,0
57,2,17,244784,17,1323.809456,3088.888821,0
57,17,2,244784,17,3088.888821,1323.809456,0
57,2,19,244784,17,1323.809456,4633.333265,0
57,19,2,244784,17,4633.333265,1323.809456,0
57,2,23,244784,17,1323.809456,1158.333265,0
57,23,2,244784,17,1158.333265,1323.809456,0
57,2,27,244784,17,1323.809456,4633.333265,0
57,27,2,244784,17,4633.333265,1323.809456,0
57,3,15,244784,17,4633.333265,1544.444376,0
57,15,3,244784,17,1544.444376,4633.333265,0
57,3,28,244784,17,4633.333265,2316.666599,0
57,28,3,244784,17,2316.666599,4633.333265,0
57,4,15,244784,17,4633.333265,1544.444376,0
57,15,4,244784,17,1544.444376,4633.333265,0
57,4,23,244784,17,4633.333265,1158.333265,0
57,23,4,244784,17,1158.333265,4633.333265,0
57,5,16,244784,17,4633.333265,1853.333265,0
57,16,5,244784,17,1853.333265,4633.333265,0
57,6,12,244784,17,1853.333265,3088.888821,0
57,12,6,244784,17,3088.888821,1853.333265,0
57,6,15,244784,17,1853.333265,1544.444376,0
57,15,6,244784,17,1544.444376,1853.333265,0
57,6,17,244784,17,1853.333265,3088.888821,0
57,17,6,244784,17,3088.888821,1853.333265,0
57,6,20,244784,17,1853.333265,4633.333265,0
57,20,6,244784,17,4633.333265,1853.333265,0
57,6,21,244784,17,1853.333265,3088.888821,0
57,21,6,244784,17,3088.888821,1853.333265,0
57,7,9,244784,17,1323.809456,4633.333265,0
57,9,7,244784,17,4633.333265,1323.809456,0
57,7,11,244784,17,1323.809456,1853.333265,0
57,11,7,244784,17,1853.333265,1323.809456,0
57,7,17,244784,17,1323.809456,3088.888821,0
57,17,7,244784,17,3088.888821,1323.809456,0
57,7,18,244784,17,1323.809456,4633.333265,0
57,18,7,244784,17,4633.333265,1323.809456,0
57,7,21,244784,17,1323.809456,3088.888821,0
57,21,7,244784,17,3088.888821,1323.809456,0
57,7,27,244784,17,1323.809456,4633.333265,0
57,27,7,244784,17,4633.333265,1323.809456,0
57,8,10,244784,17,2316.666599,2316.666599,0
57,10,8,244784,17,2316.666599,2316.666599,0
57,8,22,244784,17,2316.666599,2316.666599,0
57,22,8,244784,17,2316.666599,2316.666599,0
57,8,23,244784,17,2316.666599,1158.333265,0
57,23,8,244784,17,1158.333265,2316.666599,0
57,8,29,244784,17,2316.666599,3088.888821,0
57,29,8,244784,17,3088.888821,2316.666599,0
57,9,15,244784,17,4633.333265,1544.444376,0
57,15,9,244784,17,1544.444376,4633.333265,0
57,10,15,244784,17,2316.666599,1544.444376,0
57,15,10,244784,17,1544.444376,2316.666599,0
57,10,19,244784,17,2316.666599,4633.333265,0
57,19,10,244784,17,4633.333265,2316.666599,0
57,11,14,244784,17,1853.333265,3088.888821,0
57,14,11,244784,17,3088.888821,1853.333265,0
57,11,24,244784,17,1853.333265,1853.333265,0
57,24,11,244784,17,1853.333265,1853.333265,0
57,11,25,244784,17,1853.333265,1544.444376,0
57,25,11,244784,17,1544.444376,1853.333265,0
57,13,23,244784,17,3088.888821,1158.333265,0
57,23,13,244784,17,1158.333265,3088.888821,0
57,13,29,244784,17,3088.888821,3088.888821,0
57,29,13,244784,17,3088.888821,3088.888821,0
57,14,16,244784,17,3088.888821,1853.333265,0
57,16,14,244784,17,1853.333265,3088.888821,0
57,14,23,244784,17,3088.888821,1158.333265,0
57,23,14,244784,17,1158.333265,3088.888821,0
57,15,22,244784,17,1544.444376,2316.666599,0
57,22,15,244784,17,2316.666599,1544.444376,0
57,16,22,244784,17,1853.333265,2316.666599,0
57,22,16,244784,17,2316.666599,1853.333265,0
57,16,24,244784,17,1853.333265,1853.333265,0
57,24,16,244784,17,1853.333265,1853.333265,0
57,18,21,244784,17,4633.333265,3088.888821,0
57,21,18,244784,17,3088.888821,4633.333265,0
57,20,25,244784,17,4633.333265,1544.444376,0
57,25,20,244784,17,1544.444376,4633.333265,0
57,23,26,244784,17,1158.333265,4633.333265,0
57,26,23,244784,17,4633.333265,1158.333265,0
57,23,28,244784,17,1158.333265,2316.666599,0
57,28,23,244784,17,2316.666599,1158.333265,0
57,24,25,244784,17,1853.333265,1544.444376,0
57,25,24,244784,17,1544.444376,1853.333265,0
57,24,29,244784,17,1853.333265,3088.888821,0
57,29,24,244784,17,3088.888821,1853.333265,0
57,25,28,244784,17,1544.444376,2316.666599,0
57,28,25,244784,17,2316.666599,1544.444376,0
57,26,28,244784,17,4633.333265,2316.666599,0
57,28,26,244784,17,2316.666599,4633.333265,0
58,0,12,244784,17,3097.222154,3097.222154,0
58,12,0,244784,17,3097.222154,3097.222154,0
58,0,23,244784,17,3097.222154,1161.458265,0
58,23,0,244784,17,1161.458265,3097.222154,0
58,0,25,244784,17,3097.222154,1548.611043,0
58,25,0,244784,17,1548.611043,3097.222154,0
58,1,7,244784,17,1327.380884,1327.380884,0
58,7,1,244784,17,1327.380884,1327.380884,0
58,1,10,244784,17,1327.380884,2322.916598,0
58,10,1,244784,17,2322.916598,1327.380884,0
58,1,12,244784,17,1327.380884,3097.222154,0
58,12,1,244784,17,3097.222154,1327.380884,0
58,1,13,244784,17,1327.380884,3097.222154,0
58,13,1,244784,17,3097.222154,1327.380884,0
58,1,22,244784,17,1327.380884,2322.916598,0
58,22,1,244784,17,2322.916598,1327.380884,0
58,1,24,244784,17,1327.380884,1858.333265,0
58,24,1,244784,17,1858.333265,1327.380884,0
58,1,25,244784,17,1327.380884,1548.611043,0
58,25,1,244784,17,1548.611043,1327.380884,0
58,2,5,244784,17,1327.380884,4645.833265,0
58,5,2,244784,17,4645.833265,1327.380884,0
58,2,11,244784,17,1327.380884,1858.333265,0
58,11,2,244784,17,1858.333265,1327.380884,0
58,2,16,244784,17,1327.380884,1858.333265,0
58,16,2,244784,17,1858.333265,1327.380884,0
58,2,17,244784,17,1327.380884,3097.222154,0
58,17,2,244784,17,3097.222154,1327.380884,0
58,2,19,244784,17,1327.380884,4645.833265,0
58,19,2,244784,17,4645.833265,1327.380884,0
58,2,23,244784,17,1327.380884,1161.458265,0
58,23,2,244784,17,1161.458265,1327.380884,0
58,2,27,244784,17,1327.380884,4645.833265,0
58,27,2,244784,17,4645.833265,1327.380884,0
58,3,15,244784,17,4645.833265,1548.611043,0
58,15,3,244784,17,1548.611043,4645.833265,0
58,3,28,244784,17,4645.833265,2322.916598,0
58,28,3,244784,17,2322.916598,4645.833265,0
58,4,15,244784,17,4645.833265,1548.611043,0
58,15,4,244784,17,1548.611043,4645.833265,0
58,4,23,244784,17,4645.833265,1161.458265,0
58,23,4,244784,17,1161.458265,4645.833265,0
58,5,16,244784,17,4645.833265,1858.333265,0
58,16,5,244784,17,1858.333265,4645.833265,0
58,6,12,244784,17,1858.333265,3097.222154,0
58,12,6,244784,17,3097.222154,1858.333265,0
58,6,15,244784,17,1858.333265,1548.611043,0
58,15,6,244784,17,1548.611043,1858.333265,0
58,6,17,244784,17,1858.333265,3097.222154,0
58,17,6,244784,17,3097.222154,1858.333265,0
58,6,20,244784,17,1858.333265,4645.833265,0
58,20,6,244784,17,4645.833265,1858.333265,0
58,6,21,244784,17,1858.333265,3097.222154,0
58,21,6,244784,17,3097.222154,1858.333265,0
58,7,9,244784,17,1327.380884,4645.833265,0
58,9,7,244784,17,4645.833265,1327.380884,0
58,7,11,244784,17,1327.380884,1858.333265,0
58,11,7,244784,17,1858.333265,1327.380884,0
58,7,17,244784,17,1327.380884,3097.222154,0
58,17,7,244784,17,3097.222154,1327.380884,0
58,7,18,244784,17,1327.380884,4645.833265,0
58,18,7,244784,17,4645.833265,1327.380884,0
58,7,21,244784,17,1327.380884,3097.222154,0
58,21,7,244784,17,3097.222154,1327.380884,0
58,7,27,244784,17,1327.380884,4645.833265,0
58,27,7,244784,17,4645.833265,1327.380884,0
58,8,10,244784,17,2322.916598,2322.916598,0
58,10,8,244784,17,2322.916598,2322.916598,0
58,8,22,244784,17,2322.916598,2322.916598,0
58,22,8,244784,17,2322.916598,2322.916598,0
58,8,23,244784,17,2322.916598,1161.458265,0
58,23,8,244784,17,1161.458265,2322.916598,0
58,8,29,244784,17,2322.916598,3097.222154,0
58,29,8,244784,17,3097.222154,2322.916598,0
58,9,15,244784,17,4645.833265,1548.611043,0
58,15,9,244784,17,1548.611043,4645.833265,0
58,10,15,244784,17,2322.916598,1548.611043,0
58,15,10,244784,17,1548.611043,2322.916598,0
58,10,19,244784,17,2322.916598,4645.833265,0
58,19,10,244784,17,4645.833265,2322.916598,0
58,11,14,244784,17,1858.333265,3097.222154,0
58,14,11,244784,17,3097.222154,1858.333265,0
58,11,24,244784,17,1858.333265,1858.333265,0
58,24,11,244784,17,1858.333265,1858.333265,0
58,11,25,244784,17,1858.333265,1548.611043,0
58,25,11,244784,17,1548.611043,1858.333265,0
58,13,23,244784,17,3097.222154,1161.458265,0
58,23,13,244784,17,1161.458265,3097.222154,0
58,13,29,244784,17,3097.222154,3097.222154,0
58,29,13,244784,17,3097.222154,3097.222154,0
58,14,16,244784,17,3097.222154,1858.333265,0
58,16,14,244784,17,1858.333265,3097.222154,0
58,14,23,244784,17,3097.222154,1161.458265,0
58,23,14,244784,17,1161.458265,3097.222154,0
58,15,22,244784,17,1548.611043,2322.916598,0
58,22,15,244784,17,2322.916598,1548.611043,0
58,16,22,244784,17,1858.333265,2322.916598,0
58,22,16,244784,17,2322.916598,1858.333265,0
58,16,24,244784,17,1858.333265,1858.333265,0
58,24,16,244784,17,1858.333265,1858.333265,0
58,18,21,244784,17,4645.833265,3097.222154,0
58,21,18,244784,17,3097.222154,4645.833265,0
58,20,25,244784,17,4645.833265,1548.611043,0
58,25,20,244784,17,1548.611043,4645.833265,0
58,23,26,244784,17,1161.458265,4645.833265,0
58,26,23,244784,17,4645.833265,1161.458265,0
58,23,28,244784,17,1161.458265,2322.916598,0
58,28,23,244784,17,2322.916598,1161.458265,0
58,24,25,244784,17,1858.333265,1548.611043,0
58,25,24,244784,17,1548.611043,1858.333265,0
58,24,29,244784,17,1858.333265,3097.222154,0
58,29,24,244784,17,3097.222154,1858.333265,0
58,25,28,244784,17,1548.611043,2322.916598,0
58,28,25,244784,17,2322.916598,1548.611043,0
58,26,28,244784,17,4645.833265,2322.916598,0
58,28,26,244784,17,2322.916598,4645.833265,0
59,0,12,244784,17,3097.222154,3097.222154,0
59,12,0,244784,17,3097.222154,3097.222154,0
59,0,23,244784,17,3097.222154,1161.458265,0
59,23,0,244784,17,1161.458265,3097.222154,0
59,0,25,244784,17,3097.222154,1548.611043,0
59,25,0,244784,17,1548.611043,3097.222154,0
59,1,7,244784,17,1327.380884,1327.380884,0
59,7,1,244784,17,1327.380884,1327.380884,0
59,1,10,244784,17,1327.380884,2322.916598,0
59,10,1,244784,17,2322.916598,1327.380884,0
59,1,12,244784,17,1327.380884,3097.222154,0
59,12,1,244784,17,3097.222154,1327.380884,0
59,1,13,244784,17,1327.380884,3097.222154,0
59,13,1,244784,17,3097.222154,1327.380884,0
59,1,22,244784,17,1327.380884,2322.916598,0
59,22,1,244784,17,2322.916598,1327.380884,0
59,1,24,244784,17,1327.380884,1858.333265,0
59,24,1,244784,17,1858.333265,1327.380884,0
59,1,25,244784,17,1327.380884,1548.611043,0
59,25,1,244784,17,1548.611043,1327.380884,0
59,2,5,244784,17,1327.380884,4645.833265,0
59,5,2,244784,17,4645.833265,1327.380884,0
59,2,11,244784,17,1327.380884,1858.333265,0
59,11,2,244784,17,1858.333265,1327.380884,0
59,2,16,244784,17,1327.380884,1858.333265,0
59,16,2,244784,17,1858.333265,1327.380884,0
59,2,17,244784,17,1327.380884,3097.222154,0
59,17,2,244784,17,3097.222154,1327.380884,0
59,2,19,244784,17,1327.380884,4645.833265,0
59,19,2,244784,17,4645.833265,1327.380884,0
59,2,23,244784,17,1327.380884,1161.458265,0
59,23,2,244784,17,1161.458265,1327.380884,0
59,2,27,244784,17,1327.380884,4645.833265,0
59,27,2,244784,17,4645.833265,1327.380884,0
59,3,15,244784,17,4645.833265,1548.611043,0
59,15,3,244784,17,1548.611043,4645.833265,0
59,3,28,244784,17,4645.833265,2322.916598,0
59,28,3,244784,17,2322.916598,4645.833265,0
59,4,15,244784,17,4645.833265,1548.611043,0
59,15,4,244784,17,1548.611043,4645.833265,0
59,4,23,244784,17,4645.833265,1161.458265,0
59,23,4,244784,17,1161.458265,4645.833265,0
59,5,16,244784,17,4645.833265,1858.333265,0
59,16,5,244784,17,1858.333265,4645.833265,0
59,6,12,244784,17,1858.333265,3097.222154,0
59,12,6,244784,17,3097.222154,1858.333265,0
59,6,15,244784,17,1858.333265,1548.611043,0
59,15,6,244784,17,1548.611043,1858.333265,0
59,6,17,244784,17,1858.333265,3097.222154,0
59,17,6,244784,17,3097.222154,1858.333265,0
59,6,20,244784,17,1858.333265,4645.833265,0
59,20,6,244784,17,4645.833265,1858.333265,0
59,6,21,244784,17,1858.333265,3097.222154,0
59,21,6,244784,17,3097.222154,1858.333265,0
59,7,9,244784,17,1327.380884,4645.833265,0
59,9,7,244784,17,4645.833265,1327.380884,0
59,7,11,244784,17,1327.380884,1858.333265,0
59,11,7,244784,17,1858.333265,1327.380884,0
59,7,17,244784,17,1327.380884,3097.222154,0
59,17,7,244784,17,3097.222154,1327.380884,0
59,7,18,244784,17,1327.380884,4645.833265,0
59,18,7,244784,17,4645.833265,1327.380884,0
59,7,21,244784,17,1327.380884,3097.222154,0
59,21,7,244784,17,3097.222154,1327.380884,0
59,7,27,244784,17,1327.380884,4645.833265,0
59,27,7,244784,17,4645.833265,1327.380884,0
59,8,10,244784,17,2322.916598,2322.916598,0
59,10,8,244784,17,2322.916598,2322.916598,0
59,8,22,244784,17,2322.916598,2322.916598,0
59,22,8,244784,17,2322.916598,2322.916598,0
59,8,23,244784,17,2322.916598,1161.458265,0
59,23,8,244784,17,1161.458265,2322.916598,0
59,8,29,244784,17,2322.916598,3097.222154,0
59,29,8,244784,17,3097.222154,2322.916598,0
59,9,15,244784,17,4645.833265,1548.611043,0
59,15,9,244784,17,1548.611043,4645.833265,0
59,10,15,244784,17,2322.916598,1548.611043,0
59,15,10,244784,17,1548.611043,2322.916598,0
59,10,19,244784,17,2322.916598,4645.833265,0
59,19,10,244784,17,4645.833265,2322.916598,0
59,11,14,244784,17,1858.333265,3097.222154,0
59,14,11,244784,17,3097.222154,1858.333265,0
59,11,24,244784,17,1858.333265,1858.333265,0
59,24,11,244784,17,1858.333265,1858.333265,0
59,11,25,244784,17,1858.333265,1548.611043,0
59,25,11,244784,17,1548.611043,1858.333265,0
59,13,23,244784,17,3097.222154,1161.458265,0
59,23,13,244784,17,1161.458265,3097.222154,0
59,13,29,244784,17,3097.222154,3097.222154,0
59,29,13,244784,17,3097.222154,3097.222154,0
59,14,16,244784,17,3097.222154,1858.333265,0
59,16,14,244784,17,1858.333265,3097.222154,0
59,14,23,244784,17,3097.222154,1161.458265,0
59,23,14,244784,17,1161.458265,3097.222154,0
59,15,22,244784,17,1548.611043,2322.916598,0
59,22,15,244784,17,2322.916598,1548.611043,0
59,16,22,244784,17,1858.333265,2322.916598,0
59,22,16,244784,17,2322.916598,1858.333265,0
59,16,24,244784,17,1858.333265,1858.333265,0
59,24,16,244784,17,1858.333265,1858.333265,0
59,18,21,244784,17,4645.833265,3097.222154,0
59,21,18,244784,17,3097.222154,4645.833265,0
59,20,25,244784,17,4645.833265,1548.611043,0
59,25,20,244784,17,1548.611043,4645.833265,0
59,23,26,244784,17,1161.458265,4645.833265,0
59,26,23,244784,17,4645.833265,1161.458265,0
59,23,28,244784,17,1161.458265,2322.916598,0
59,28,23,244784,17,2322.916598,1161.458265,0
59,24,25,244784,17,1858.333265,1548.611043,0
59,25,24,244784,17,1548.611043,1858.333265,0
59,24,29,244784,17,1858.333265,3097.222154,0
59,29,24,244784,17,3097.222154,1858.333265,0
59,25,28,244784,17,1548.611043,2322.916598,0
59,28,25,244784,17,2322.916598,1548.611043,0
59,26,28,244784,17,4645.833265,2322.916598,0
59,28,26,244784,17,2322.916598,4645.833265,0
60,0,12,244784,17,3099.999932,3099.999932,0
60,12,0,244784,17,3099.999932,3099.999932,0
60,0,23,244784,17,3099.999932,1162.499932,0
60,23,0,244784,17,1162.499932,3099.999932,0
60,0,25,244784,17,3099.999932,1549.999932,0
60,25,0,244784,17,1549.999932,3099.999932,0
60,1,7,244784,17,1328.571360,1328.571360,0
60,7,1,244784,17,1328.571360,1328.571360,0
60,1,10,244784,17,1328.571360,2324.999932,0
60,10,1,244784,17,2324.999932,1328.571360,0
60,1,12,244784,17,1328.571360,3099.999932,0
60,12,1,244784,17,3099.999932,1328.571360,0
60,1,13,244784,17,1328.571360,3099.999932,0
60,13,1,244784,17,3099.999932,1328.571360,0
60,1,22,244784,17,1328.571360,2324.999932,0
60,22,1,244784,17,2324.999932,1328.571360,0
60,1,24,244784,17,1328.571360,1859.999932,0
60,24,1,244784,17,1859.999932,1328.571360,0
60,1,25,244784,17,1328.571360,1549.999932,0
60,25,1,244784,17,1549.999932,1328.571360,0
60,2,5,244784,17,1328.571360,4649.999932,0
60,5,2,244784,17,4649.999932,1328.571360,0
60,2,11,244784,17,1328.571360,1859.999932,0
60,11,2,244784,17,1859.999932,1328.571360,0
60,2,16,244784,17,1328.571360,1859.999932,0
60,16,2,244784,17,1859.999932,1328.571360,0
60,2,17,244784,17,1328.571360,3099.999932,0
60,17,2,244784,17,3099.999932,1328.571360,0
60,2,19,244784,17,1328.571360,4649.999932,0
60,19,2,244784,17,4649.999932,1328.571360,0
60,2,23,244784,17,1328.571360,1162.499932,0
60,23,2,244784,17,1162.499932,1328.571360,0
60,2,27,244784,17,1328.571360,4649.999932,0
60,27,2,244784,17,4649.999932,1328.571360,0
60,3,15,244784,17,4649.999932,1549.999932,0
60,15,3,244784,17,1549.999932,4649.999932,0
60,3,28,244784,17,4649.999932,2324.999932,0
60,28,3,244784,17,2324.999932,4649.999932,0
60,4,15,244784,17,4649.999932,1549.999932,0
60,15,4,244784,17,1549.999932,4649.999932,0
60,4,23,244784,17,4649.999932,1162.499932,0
60,23,4,244784,17,1162.499932,4649.999932,0
60,5,16,244784,17,4649.999932,1859.999932,0
60,16,5,244784,17,1859.999932,4649.999932,0
60,6,12,244784,17,1859.999932,3099.999932,0
60,12,6,244784,17,3099.999932,1859.999932,0
60,6,15,244784,17,1859.999932,1549.999932,0
60,15,6,244784,17,1549.999932,1859.999932,0
60,6,17,244784,17,1859.999932,3099.999932,0
60,17,6,244784,17,3099.999932,1859.999932,0
60,6,20,244784,17,1859.999932,4649.999932,0
60,20,6,244784,17,4649.999932,1859.999932,0
60,6,21,244784,17,1859.999932,3099.999932,0
60,21,6,244784,17,3099.999932,1859.999932,0
60,7,9,244784,17,1328.571360,4649.999932,0
60,9,7,244784,17,4649.999932,1328.571360,0
60,7,11,244784,17,1328.571360,1859.999932,0
60,11,7,244784,17,1859.999932,1328.571360,0
60,7,17,244784,17,1328.571360,3099.999932,0
60,17,7,244784,17,3099.999932,1328.571360,0
60,7,18,244784,17,1328.571360,4649.999932,0
60,18,7,244784,17,4649.999932,1328.571360,0
60,7,21,244784,17,1328.571360,3099.999932,0
60,21,7,244784,17,3099.999932,1328.571360,0
60,7,27,244784,17,1328.571360,4649.999932,0
60,27,7,244784,17,4649.999932,1328.571360,0
60,8,10,244784,17,2324.999932,2324.999932,0
60,10,8,244784,17,2324.999932,2324.999932,0
60,8,22,244784,17,2324.999932,2324.999932,0
60,22,8,244784,17,2324.999932,2324.999932,0
60,8,23,244784,17,2324.999932,1162.499932,0
60,23,8,244784,17,1162.499932,2324.999932,0
60,8,29,244784,17,2324.999932,3099.999932,0
60,29,8,244784,17,3099.999932,2324.999932,0
60,9,15,244784,17,4649.999932,1549.999932,0
60,15,9,244784,17,1549.999932,4649.999932,0
60,10,15,244784,17,2324.999932,1549.999932,0
60,15,10,244784,17,1549.999932,2324.999932,0
60,10,19,244784,17,2324.999932,4649.999932,0
60,19,10,244784,17,4649.999932,2324.999932,0
60,11,14,244784,17,1859.999932,3099.999932,0
60,14,11,244784,17,3099.999932,1859.999932,0
60,11,24,244784,17,1859.999932,1859.999932,0
60,24,11,244784,17,1859.999932,1859.999932,0
60,11,25,244784,17,1859.999932,1549.999932,0
60,25,11,244784,17,1549.999932,1859.999932,0
60,13,23,244784,17,3099.999932,1162.499932,0
60,23,13,244784,17,1162.499932,3099.999932,0
60,13,29,244784,17,3099.999932,3099.999932,0
60,29,13,244784,17,3099.999932,3099.999932,0
60,14,16,244784,17,3099.999932,1859.999932,0
60,16,14,244784,17,1859.999932,3099.999932,0
60,14,23,244784,17,3099.999932,1162.499932,0
60,23,14,244784,17,1162.499932,3099.999932,0
60,15,22,244784,17,1549.999932,2324.999932,0
60,22,15,244784,17,2324.999932,1549.999932,0
60,16,22,244784,17,1859.999932,2324.999932,0
60,22,16,244784,17,2324.999932,1859.999932,0
60,16,24,244784,17,1859.999932,1859.999932,0
60,24,16,244784,17,1859.999932,1859.999932,0
60,18,21,244784,17,4649.999932,3099.999932,0
60,21,18,244784,17,3099.999932,4649.999932,0
60,20,25,244784,17,4649.999932,1549.999932,0
60,25,20,244784,17,1549.999932,4649.999932,0
60,23,26,244784,17,1162.499932,4649.999932,0
60,26,23,244784,17,4649.999932,1162.499932,0
60,23,28,244784,17,1162.499932,2324.999932,0
60,28,23,244784,17,2324.999932,1162.499932,0
60,24,25,244784,17,1859.999932,1549.999932,0
60,25,24,244784,17,1549.999932,1859.999932,0
60,24,29,244784,17,1859.999932,3099.999932,0
60,29,24,244784,17,3099.999932,1859.999932,0
60,25,28,244784,17,1549.999932,2324.999932,0
60,28,25,244784,17,2324.999932,1549.999932,0
60,26,28,244784,17,4649.999932,2324.999932,0
60,28,26,244784,17,2324.999932,4649.999932,0
61,0,12,244784,17,3097.222154,3097.222154,0
61,12,0,244784,17,3097.222154,3097.222154,0
61,0,23,244784,17,3097.222154,1161.458265,0
61,23,0,244784,17,1161.458265,3097.222154,0
61,0,25,244784,17,3097.222154,1548.611043,0
61,25,0,244784,17,1548.611043,3097.222154,0
61,1,7,244784,17,1327.380884,1327.380884,0
61,7,1,244784,17,1327.380884,1327.380884,0
61,1,10,244784,17,1327.380884,2322.916598,0
61,10,1,244784,17,2322.916598,1327.380884,0
61,1,12,244784,17,1327.380884,3097.222154,0
61,12,1,244784,17,3097.222154,1327.380884,0
61,1,13,244784,17,1327.380884,3097.222154,0
61,13,1,244784,17,3097.222154,1327.380884,0
61,1,22,244784,17,1327.380884,2322.916598,0
61,22,1,244784,17,2322.916598,1327.380884,0
61,1,24,244784,17,1327.380884,1858.333265,0
61,24,1,244784,17,1858.333265,1327.380884,0
61,1,25,244784,17,1327.380884,1548.611043,0
61,25,1,244784,17,1548.611043,1327.380884,0
61,2,5,244784,17,1327.380884,4645.833265,0
61,5,2,244784,17,4645.833265,1327.380884,0
61,2,11,244784,17,1327.380884,1858.333265,0
61,11,2,244784,17,1858.333265,1327.380884,0
61,2,16,244784,17,1327.380884,1858.333265,0
61,16,2,244784,17,1858.333265,1327.380884,0
61,2,17,244784,17,1327.380884,3097.222154,0
61,17,2,244784,17,3097.222154,1327.380884,0
61,2,19,244784,17,1327.380884,4645.833265,0
61,19,2,244784,17,4645.833265,1327.380884,0
61,2,23,244784,17,1327.380884,1161.458265,0
61,23,2,244784,17,1161.458265,1327.380884,0
61,2,27,244784,17,1327.380884,4645.833265,0
61,27,2,244784,17,4645.833265,1327.380884,0
61,3,15,244784,17,4645.833265,1548.611043,0
61,15,3,244784,17,1548.611043,4645.833265,0
61,3,28,244784,17,4645.833265,2322.916598,0
61,28,3,244784,17,2322.916598,4645.833265,0
61,4,15,244784,17,4645.833265,1548.611043,0
61,15,4,244784,17,1548.611043,4645.833265,0
61,4,23,244784,17,4645.833265,1161.458265,0
61,23,4,244784,17,1161.458265,4645.833265,0
61,5,16,244784,17,4645.833265,1858.333265,0
61,16,5,244784,17,1858.333265,4645.833265,0
61,6,12,244784,17,1858.333265,3097.222154,0
61,12,6,244784,17,3097.222154,1858.333265,0
61,6,15,244784,17,1858.333265,1548.611043,0
61,15,6,244784,17,1548.611043,1858.333265,0
61,6,17,244784,17,1858.333265,3097.222154,0
61,17,6,244784,17,3097.222154,1858.333265,0
61,6,20,244784,17,1858.333265,4645.833265,0
61,20,6,244784,17,4645.833265,1858.333265,0
61,6,21,244784,17,1858.333265,3097.222154,0
61,21,6,244784,17,3097.222154,1858.333265,0
61,7,9,244784,17,1327.380884,4645.833265,0
61,9,7,244784,17,4645.833265,1327.380884,0
61,7,11,244784,17,1327.380884,1858.333265,0
61,11,7,244784,17,1858.333265,1327.380884,0
61,7,17,244784,17,1327.380884,3097.222154,0
61,17,7,244784,17,3097.222154,1327.380884,0
61,7,18,244784,17,1327.380884,4645.833265,0
61,18,7,244784,17,4645.833265,1327.380884,0
61,7,21,244784,17,1327.380884,3097.222154,0
61,21,7,244784,17,3097.222154,1327.380884,0
61,7,27,244784,17,1327.380884,4645.833265,0
61,27,7,244784,17,4645.833265,1327.380884,0
61,8,10,244784,17,2322.916598,2322.916598,0
61,10,8,244784,17,2322.916598,2322.916598,0
61,8,22,244784,17,2322.916598,2322.916598,0
61,22,8,244784,17,2322.916598,2322.916598,0
61,8,23,244784,17,2322.916598,1161.458265,0
61,23,8,244784,17,1161.458265,2322.916598,0
61,8,29,244784,17,2322.916598,3097.222154,0
61,29,8,244784,17,3097.222154,2322.916598,0
61,9,15,244784,17,4645.833265,1548.611043,0
61,15,9,244784,17,1548.611043,4645.833265,0
61,10,15,244784,17,2322.916598,1548.611043,0
61,15,10,244784,17,1548.611043,2322.916598,0
61,10,19,244784,17,2322.916598,4645.833265,0
61,19,10,244784,17,4645.833265,2322.916598,0
61,11,14,244784,17,1858.333265,3097.222154,0
61,14,11,244784,17,3097.222154,1858.333265,0
61,11,24,244784,17,1858.333265,1858.333265,0
61,24,11,244784,17,1858.333265,1858.333265,0
61,11,25,244784,17,1858.333265,1548.611043,0
61,25,11,244784,17,1548.611043,1858.333265,0
61,13,23,244784,17,3097.222154,1161.458265,0
61,23,13,244784,17,1161.458265,3097.222154,0
61,13,29,244784,17,3097.222154,3097.222154,0
61,29,13,244784,17,3097.222154,3097.222154,0
61,14,16,244784,17,3097.222154,1858.333265,0
61,16,14,244784,17,1858.333265,3097.222154,0
61,14,23,244784,17,3097.222154,1161.458265,0
61,23,14,244784,17,1161.458265,3097.222154,0
61,15,22,244784,17,1548.611043,2322.916598,0
61,22,15,244784,17,2322.916598,1548.611043,0
61,16,22,244784,17,1858.333265,2322.916598,0
61,22,16,244784,17,2322.916598,1858.333265,0
61,16,24,244784,17,1858.333265,1858.333265,0
61,24,16,244784,17,1858.333265,1858.333265,0
61,18,21,244784,17,4645.833265,3097.222154,0
61,21,18,244784,17,3097.222154,4645.833265,0
61,20,25,244784,17,4645.833265,1548.611043,0
61,25,20,244784,17,1548.611043,4645.833265,0
61,23,26,244784,17,1161.458265,4645.833265,0
61,26,23,244784,17,4645.833265,1161.458265,0
61,23,28,244784,17,1161.458265,2322.916598,0
61,28,23,244784,17,2322.916598,1161.458265,0
61,24,25,244784,17,1858.333265,1548.611043,0
61,25,24,244784,17,1548.611043,1858.333265,0
61,24,29,244784,17,1858.333265,3097.222154,0
61,29,24,244784,17,3097.222154,1858.333265,0
61,25,28,244784,17,1548.611043,2322.916598,0
61,28,25,244784,17,2322.916598,1548.611043,0
61,26,28,244784,17,4645.833265,2322.916598,0
61,28,26,244784,17,2322.916598,4645.833265,0
62,0,12,244784,17,3099.999932,3099.999932,0
62,12,0,244784,17,3099.999932,3099.999932,0
62,0,23,244784,17,3099.999932,1162.499932,0
62,23,0,244784,17,1162.499932,3099.999932,0
62,0,25,244784,17,3099.999932,1549.999932,0
62,25,0,244784,17,1549.999932,3099.999932,0
62,1,7,244784,17,1328.571360,1328.571360,0
62,7,1,244784,17,1328.571360,1328.571360,0
62,1,10,244784,17,1328.571360,2324.999932,0
62,10,1,244784,17,2324.999932,1328.571360,0
62,1,12,244784,17,1328.571360,3099.999932,0
62,12,1,244784,17,3099.999932,1328.571360,0
62,1,13,244784,17,1328.571360,3099.999932,0
62,13,1,244784,17,3099.999932,1328.571360,0
62,1,22,244784,17,1328.571360,2324.999932,0
62,22,1,244784,17,2324.999932,1328.571360,0
62,1,24,244784,17,1328.571360,1859.999932,0
62,24,1,244784,17,1859.999932,1328.571360,0
62,1,25,244784,17,1328.571360,1549.999932,0
62,25,1,244784,17,1549.999932,1328.571360,0
62,2,5,244784,17,1328.571360,4649.999932,0
62,5,2,244784,17,4649.999932,1328.571360,0
62,2,11,244784,17,1328.571360,1859.999932,0
62,11,2,244784,17,1859.999932,1328.571360,0
62,2,16,244784,17,1328.571360,1859.999932,0
62,16,2,244784,17,1859.999932,1328.571360,0
62,2,17,244784,17,1328.571360,3099.999932,0
62,17,2,244784,17,3099.999932,1328.571360,0
62,2,19,244784,17,1328.571360,4649.999932,0
62,19,2,244784,17,4649.999932,1328.571360,0
62,2,23,244784,17,1328.571360,1162.499932,0
62,23,2,244784,17,1162.499932,1328.571360,0
62,2,27,244784,17,1328.571360,4649.999932,0
62,27,2,244784,17,4649.999932,1328.571360,0
62,3,15,244784,17,4649.999932,1549.999932,0
62,15,3,244784,17,1549.999932,4649.999932,0
62,3,28,244784,17,4649.999932,2324.999932,0
62,28,3,244784,17,2324.999932,4649.999932,0
62,4,15,244784,17,4649.999932,1549.999932,0
62,15,4,244784,17,1549.999932,4649.999932,0
62,4,23,244784,17,4649.999932,1162.499932,0
62,23,4,244784,17,1162.499932,4649.999932,0
62,5,16,244784,17,4649.999932,1859.999932,0
62,16,5,244784,17,1859.999932,4649.999932,0
62,6,12,244784,17,1859.999932,3099.999932,0
62,12,6,244784,17,3099.999932,1859.999932,0
62,6,15,244784,17,1859.999932,1549.999932,0
62,15,6,244784,17,1549.999932,1859.999932,0
62,6,17,244784,17,1859.999932,3099.999932,0
62,17,6,244784,17,3099.999932,1859.999932,0
62,6,20,244784,17,1859.999932,4649.999932,0
62,20,6,244784,17,4649.999932,1859.999932,0
62,6,21,244784,17,1859.999932,3099.999932,0
62,21,6,244784,17,3099.999932,1859.999932,0
62,7,9,244784,17,1328.571360,4649.999932,0
62,9,7,244784,17,4649.999932,1328.571360,0
62,7,11,244784,17,1328.571360,1859.999932,0
62,11,7,244784,17,1859.999932,1328.571360,0
62,7,17,244784,17,1328.571360,3099.999932,0
62,17,7,244784,17,3099.999932,1328.571360,0
62,7,18,244784,17,1328.571360,4649.999932,0
62,18,7,244784,17,4649.999932,1328.571360,0
62,7,21,244784,17,1328.571360,3099.999932,0
62,21,7,244784,17,3099.999932,1328.571360,0
62,7,27,244784,17,1328.571360,4649.999932,0
62,27,7,244784,17,4649.999932,1328.571360,0
62,8,10,244784,17,2324.999932,2324.999932,0
62,10,8,244784,17,2324.999932,2324.999932,0
62,8,22,244784,17,2324.999932,2324.999932,0
62,22,8,244784,17,2324.999932,2324.999932,0
62,8,23,244784,17,2324.999932,1162.499932,0
62,23,8,244784,17,1162.499932,2324.999932,0
62,8,29,244784,17,2324.999932,3099.999932,0
62,29,8,244784,17,3099.999932,2324.999932,0
62,9,15,244784,17,4649.999932,1549.999932,0
62,15,9,244784,17,1549.999932,4649.999932,0
62,10,15,244784,17,2324.999932,1549.999932,0
62,15,10,244784,17,1549.999932,2324.999932,0
62,10,19,244784,17,2324.999932,4649.999932,0
62,19,10,244784,17,4649.999932,2324.999932,0
62,11,14,244784,17,1859.999932,3099.999932,0
62,14,11,244784,17,3099.999932,1859.999932,0
62,11,24,244784,17,1859.999932,1859.999932,0
62,24,11,244784,17,1859.999932,1859.999932,0
62,11,25,244784,17,1859.999932,1549.999932,0
62,25,11,244784,17,1549.999932,1859.999932,0
62,13,23,244784,17,3099.999932,1162.499932,0
62,23,13,244784,17,1162.499932,3099.999932,0
62,13,29,244784,17,3099.999932,3099.999932,0
62,29,13,244784,17,3099.999932,3099.999932,0
62,14,16,244784,17,3099.999932,1859.999932,0
62,16,14,244784,17,1859.999932,3099.999932,0
62,14,23,244784,17,3099.999932,1162.499932,0
62,23,14,244784,17,1162.499932,3099.999932,0
62,15,22,244784,17,1549.999932,2324.999932,0
62,22,15,244784,17,2324.999932,1549.999932,0
62,16,22,244784,17,1859.999932,2324.999932,0
62,22,16,244784,17,2324.999932,1859.999932,0
62,16,24,244784,17,1859.999932,1859.999932,0
62,24,16,244784,17,1859.999932,1859.999932,0
62,18,21,244784,17,4649.999932,3099.999932,0
62,21,18,244784,17,3099.999932,4649.999932,0
62,20,25,244784,17,4649.999932,1549.999932,0
62,25,20,244784,17,1549.999932,4649.999932,0
62,23,26,244784,17,1162.499932,4649.999932,0
62,26,23,244784,17,4649.999932,1162.499932,0
62,23,28,244784,17,1162.499932,2324.999932,0
62,28,23,244784,17,2324.999932,1162.499932,0
62,24,25,244784,17,1859.999932,1549.999932,0
62,25,24,244784,17,1549.999932,1859.999932,0
62,24,29,244784,17,1859.999932,3099.999932,0
62,29,24,244784,17,3099.999932,1859.999932,0
62,25,28,244784,17,1549.999932,2324.999932,0
62,28,25,244784,17,2324.999932,1549.999932,0
62,26,28,244784,17,4649.999932,2324.999932,0
62,28,26,244784,17,2324.999932,4649.999932,0
63,0,12,244784,17,3097.222154,3097.222154,0
63,12,0,244784,17,3097.222154,3097.222154,0
63,0,23,244784,17,3097.222154,1161.458265,0
63,23,0,244784,17,1161.458265,3097.222154,0
63,0,25,244784,17,3097.222154,1548.611043,0
63,25,0,244784,17,1548.611043,3097.222154,0
63,1,7,244784,17,1327.380884,1327.380884,0
63,7,1,244784,17,1327.380884,1327.380884,0
63,1,10,244784,17,1327.380884,2322.916598,0
63,10,1,244784,17,2322.916598,1327.380884,0
63,1,12,244784,17,1327.380884,3097.222154,0
63,12,1,244784,17,3097.222154,1327.380884,0
63,1,13,244784,17,1327.380884,3097.222154,0
63,13,1,244784,17,3097.222154,1327.380884,0
63,1,22,244784,17,1327.380884,2322.916598,0
63,22,1,244784,17,2322.916598,1327.380884,0
63,1,24,244784,17,1327.380884,1858.333265,0
63,24,1,244784,17,1858.333265,1327.380884,0
63,1,25,244784,17,1327.380884,1548.611043,0
63,25,1,244784,17,1548.611043,1327.380884,0
63,2,5,244784,17,1327.380884,4645.833265,0
63,5,2,244784,17,4645.833265,1327.380884,0
63,2,11,244784,17,1327.380884,1858.333265,0
63,11,2,244784,17,1858.333265,1327.380884,0
63,2,16,244784,17,1327.380884,1858.333265,0
63,16,2,244784,17,1858.333265,1327.380884,0
63,2,17,244784,17,1327.380884,3097.222154,0
63,17,2,244784,17,3097.222154,1327.380884,0
63,2,19,244784,17,1327.380884,4645.833265,0
63,19,2,244784,17,4645.833265,1327.380884,0
63,2,23,244784,17,1327.380884,1161.458265,0
63,23,2,244784,17,1161.458265,1327.380884,0
63,2,27,244784,17,1327.380884,4645.833265,0
63,27,2,244784,17,4645.833265,1327.380884,0
63,3,15,244784,17,4645.833265,1548.611043,0
63,15,3,244784,17,1548.611043,4645.833265,0
63,3,28,244784,17,4645.833265,2322.916598,0
63,28,3,244784,17,2322.916598,4645.833265,0
63,4,15,244784,17,4645.833265,1548.611043,0
63,15,4,244784,17,1548.611043,4645.833265,0
63,4,23,244784,17,4645.833265,1161.458265,0
63,23,4,244784,17,1161.458265,4645.833265,0
63,5,16,244784,17,4645.833265,1858.333265,0
63,16,5,244784,17,1858.333265,4645.833265,0
63,6,12,244784,17,1858.333265,3097.222154,0
63,12,6,244784,17,3097.222154,1858.333265,0
63,6,15,244784,17,1858.333265,1548.611043,0
63,15,6,244784,17,1548.611043,1858.333265,0
63,6,17,244784,17,1858.333265,3097.222154,0
63,17,6,244784,17,3097.222154,1858.333265,0
63,6,20,244784,17,1858.333265,4645.833265,0
63,20,6,244784,17,4645.833265,1858.333265,0
63,6,21,244784,17,1858.333265,3097.222154,0
63,21,6,244784,17,3097.222154,1858.333265,0
63,7,9,244784,17,1327.380884,4645.833265,0
63,9,7,244784,17,4645.833265,1327.380884,0
63,7,11,244784,17,1327.380884,1858.333265,0
63,11,7,244784,17,1858.333265,1327.380884,0
63,7,17,244784,17,1327.380884,3097.222154,0
63,17,7,244784,17,3097.222154,1327.380884,0
63,7,18,244784,17,1327.380884,4645.833265,0
63,18,7,244784,17,4645.833265,1327.380884,0
63,7,21,244784,17,1327.380884,3097.222154,0
63,21,7,244784,17,3097.222154,1327.380884,0
63,7,27,244784,17,1327.380884,4645.833265,0
63,27,7,244784,17,4645.833265,1327.380884,0
63,8,10,244784,17,2322.916598,2322.916598,0
63,10,8,244784,17,2322.916598,2322.916598,0
63,8,22,244784,17,2322.916598,2322.916598,0
63,22,8,244784,17,2322.916598,2322.916598,0
63,8,23,244784,17,2322.916598,1161.458265,0
63,23,8,244784,17,1161.458265,2322.916598,0
63,8,29,244784,17,2322.916598,3097.222154,0
63,29,8,244784,17,3097.222154,2322.916598,0
63,9,15,244784,17,4645.833265,1548.611043,0
63,15,9,244784,17,1548.611043,4645.833265,0
63,10,15,244784,17,2322.916598,1548.611043,0
63,15,10,244784,17,1548.611043,2322.916598,0
63,10,19,244784,17,2322.916598,4645.833265,0
63,19,10,244784,17,4645.833265,2322.916598,0
63,11,14,244784,17,1858.333265,3097.222154,0
63,14,11,244784,17,3097.222154,1858.333265,0
63,11,24,244784,17,1858.333265,1858.333265,0
63,24,11,244784,17,1858.333265,1858.333265,0
63,11,25,244784,17,1858.333265,1548.611043,0
63,25,11,244784,17,1548.611043,1858.333265,0
63,13,23,244784,17,3097.222154,1161.458265,0
63,23,13,244784,17,1161.458265,3097.222154,0
63,13,29,244784,17,3097.222154,3097.222154,0
63,29,13,244784,17,3097.222154,3097.222154,0
63,14,16,244784,17,3097.222154,1858.333265,0
63,16,14,244784,17,1858.333265,3097.222154,0
63,14,23,244784,17,3097.222154,1161.458265,0
63,23,14,244784,17,1161.458265,3097.222154,0
63,15,22,244784,17,1548.611043,2322.916598,0
63,22,15,244784,17,2322.916598,1548.611043,0
63,16,22,244784,17,1858.333265,2322.916598,0
63,22,16,244784,17,2322.916598,1858.333265,0
63,16,24,244784,17,1858.333265,1858.333265,0
63,24,16,244784,17,1858.333265,1858.333265,0
63,18,21,244784,17,4645.833265,3097.222154,0
63,21,18,244784,17,3097.222154,4645.833265,0
63,20,25,244784,17,4645.833265,1548.611043,0
63,25,20,244784,17,1548.611043,4645.833265,0
63,23,26,244784,17,1161.458265,4645.833265,0
63,26,23,244784,17,4645.833265,1161.458265,0
63,23,28,244784,17,1161.458265,2322.916598,0
63,28,23,244784,17,2322.916598,1161.458265,0
63,24,25,244784,17,1858.333265,1548.611043,0
63,25,24,244784,17,1548.611043,1858.333265,0
63,24,29,244784,17,1858.333265,3097.222154,0
63,29,24,244784,17,3097.222154,1858.333265,0
63,25,28,244784,17,1548.611043,2322.916598,0
63,28,25,244784,17,2322.916598,1548.611043,0
63,26,28,244784,17,4645.833265,2322.916598,0
63,28,26,244784,17,2322.916598,4645.833265,0
64,0,12,244784,17,3097.222154,3097.222154,0
64,12,0,244784,17,3097.222154,3097.222154,0
64,0,23,244784,17,3097.222154,1161.458265,0
64,23,0,244784,17,1161.458265,3097.222154,0
64,0,25,244784,17,3097.222154,1548.611043,0
64,25,0,244784,17,1548.611043,3097.222154,0
64,1,7,244784,17,1327.380884,1327.380884,0
64,7,1,244784,17,1327.380884,1327.380884,0
64,1,10,244784,17,1327.380884,2322.916598,0
64,10,1,244784,17,2322.916598,1327.380884,0
64,1,12,244784,17,1327.380884,3097.222154,0
64,12,1,244784,17,3097.222154,1327.380884,0
64,1,13,244784,17,1327.380884,3097.222154,0
64,13,1,244784,17,3097.222154,1327.380884,0
64,1,22,244784,17,1327.380884,2322.916598,0
64,22,1,244784,17,2322.916598,1327.380884,0
64,1,24,244784,17,1327.380884,1858.333265,0
64,24,1,244784,17,1858.333265,1327.380884,0
64,1,25,244784,17,1327.380884,1548.611043,0
64,25,1,244784,17,1548.611043,1327.380884,0
64,2,5,244784,17,1327.380884,4645.833265,0
64,5,2,244784,17,4645.833265,1327.380884,0
64,2,11,244784,17,1327.380884,1858.333265,0
64,11,2,244784,17,1858.333265,1327.380884,0
64,2,16,244784,17,1327.380884,1858.333265,0
64,16,2,244784,17,1858.333265,1327.380884,0
64,2,17,244784,17,1327.380884,3097.222154,0
64,17,2,244784,17,3097.222154,1327.380884,0
64,2,19,244784,17,1327.380884,4645.833265,0
64,19,2,244784,17,4645.833265,1327.380884,0
64,2,23,244784,17,1327.380884,1161.458265,0
64,23,2,244784,17,1161.458265,1327.380884,0
64,2,27,244784,17,1327.380884,4645.833265,0
64,27,2,244784,17,4645.833265,1327.380884,0
64,3,15,244784,17,4645.833265,1548.611043,0
64,15,3,244784,17,1548.611043,4645.833265,0
64,3,28,244784,17,4645.833265,2322.916598,0
64,28,3,244784,17,2322.916598,4645.833265,0
64,4,15,244784,17,4645.833265,1548.611043,0
64,15,4,244784,17,1548.611043,4645.833265,0
64,4,23,244784,17,4645.833265,1161.458265,0
64,23,4,244784,17,1161.458265,4645.833265,0
64,5,16,244784,17,4645.833265,1858.333265,0
64,16,5,244784,17,1858.333265,4645.833265,0
64,6,12,244784,17,1858.333265,3097.222154,0
64,12,6,244784,17,3097.222154,1858.333265,0
64,6,15,244784,17,1858.333265,1548.611043,0
64,15,6,244784,17,1548.611043,1858.333265,0
64,6,17,244784,17,1858.333265,3097.222154,0
64,17,6,244784,17,3097.222154,1858.333265,0
64,6,20,244784,17,1858.333265,4645.833265,0
64,20,6,244784,17,4645.833265,1858.333265,0
64,6,21,244784,17,1858.333265,3097.222154,0
64,21,6,244784,17,3097.222154,1858.333265,0
64,7,9,244784,17,1327.380884,4645.833265,0
64,9,7,244784,17,4645.833265,1327.380884,0
64,7,11,244784,17,1327.380884,1858.333265,0
64,11,7,244784,17,1858.333265,1327.380884,0
64,7,17,244784,17,1327.380884,3097.222154,0
64,17,7,244784,17,3097.222154,1327.380884,0
64,7,18,244784,17,1327.380884,4645.833265,0
64,18,7,244784,17,4645.833265,1327.380884,0
64,7,21,244784,17,1327.380884,3097.222154,0
64,21,7,244784,17,3097.222154,1327.380884,0
64,7,27,244784,17,1327.380884,4645.833265,0
64,27,7,244784,17,4645.833265,1327.380884,0
64,8,10,244784,17,2322.916598,2322.916598,0
64,10,8,244784,17,2322.916598,2322.916598,0
64,8,22,244784,17,2322.916598,2322.916598,0
64,22,8,244784,17,2322.916598,2322.916598,0
64,8,23,244784,17,2322.916598,1161.458265,0
64,23,8,244784,17,1161.458265,2322.916598,0
64,8,29,244784,17,2322.916598,3097.222154,0
64,29,8,244784,17,3097.222154,2322.916598,0
64,9,15,244784,17,4645.833265,1548.611043,0
64,15,9,244784,17,1548.611043,4645.833265,0
64,10,15,244784,17,2322.916598,1548.611043,0
64,15,10,244784,17,1548.611043,2322.916598,0
64,10,19,244784,17,2322.916598,4645.833265,0
64,19,10,244784,17,4645.833265,2322.916598,0
64,11,14,244784,17,1858.333265,3097.222154,0
64,14,11,244784,17,3097.222154,1858.333265,0
64,11,24,244784,17,1858.333265,1858.333265,0
64,24,11,244784,17,1858.333265,1858.333265,0
64,11,25,244784,17,1858.333265,1548.611043,0
64,25,11,244784,17,1548.611043,1858.333265,0
64,13,23,244784,17,3097.222154,1161.458265,0
64,23,13,244784,17,1161.458265,3097.222154,0
64,13,29,244784,17,3097.222154,3097.222154,0
64,29,13,244784,17,3097.222154,3097.222154,0
64,14,16,244784,17,3097.222154,1858.333265,0
64,16,14,244784,17,1858.333265,3097.222154,0
64,14,23,244784,17,3097.222154,1161.458265,0
64,23,14,244784,17,1161.458265,3097.222154,0
64,15,22,244784,17,1548.611043,2322.916598,0
64,22,15,244784,17,2322.916598,1548.611043,0
64,16,22,244784,17,1858.333265,2322.916598,0
64,22,16,244784,17,2322.916598,1858.333265,0
64,16,24,244784,17,1858.333265,1858.333265,0
64,24,16,244784,17,1858.333265,1858.333265,0
64,18,21,244784,17,4645.833265,3097.222154,0
64,21,18,244784,17,3097.222154,4645.833265,0
64,20,25,244784,17,4645.833265,1548.611043,0
64,25,20,244784,17,1548.611043,4645.833265,0
64,23,26,244784,17,1161.458265,4645.833265,0
64,26,23,244784,17,4645.833265,1161.458265,0
64,23,28,244784,17,1161.458265,2322.916598,0
64,28,23,244784,17,2322.916598,1161.458265,0
64,24,25,244784,17,1858.333265,1548.611043,0
64,25,24,244784,17,1548.611043,1858.333265,0
64,24,29,244784,17,1858.333265,3097.222154,0
64,29,24,244784,17,3097.222154,1858.333265,0
64,25,28,244784,17,1548.611043,2322.916598,0
64,28,25,244784,17,2322.916598,1548.611043,0
64,26,28,244784,17,4645.833265,2322.916598,0
64,28,26,244784,17,2322.916598,4645.833265,0
65,0,12,244784,17,3099.999932,3099.999932,0
65,12,0,244784,17,3099.999932,3099.999932,0
65,0,23,244784,17,3099.999932,1162.499932,0
65,23,0,244784,17,1162.499932,3099.999932,0
65,0,25,244784,17,3099.999932,1549.999932,0
65,25,0,244784,17,1549.999932,3099.999932,0
65,1,7,244784,17,1328.571360,1328.571360,0
65,7,1,244784,17,1328.571360,1328.571360,0
65,1,10,244784,17,1328.571360,2324.999932,0
65,10,1,244784,17,2324.999932,1328.571360,0
65,1,12,244784,17,1328.571360,3099.999932,0
65,12,1,244784,17,3099.999932,1328.571360,0
65,1,13,244784,17,1328.571360,3099.999932,0
65,13,1,244784,17,3099.999932,1328.571360,0
65,1,22,244784,17,1328.571360,2324.999932,0
65,22,1,244784,17,2324.999932,1328.571360,0
65,1,24,244784,17,1328.571360,1859.999932,0
65,24,1,244784,17,1859.999932,1328.571360,0
65,1,25,244784,17,1328.571360,1549.999932,0
65,25,1,244784,17,1549.999932,1328.571360,0
65,2,5,244784,17,1328.571360,4649.999932,0
65,5,2,244784,17,4649.999932,1328.571360,0
65,2,11,244784,17,1328.571360,1859.999932,0
65,11,2,244784,17,1859.999932,1328.571360,0
65,2,16,244784,17,1328.571360,1859.999932,0
65,16,2,244784,17,1859.999932,1328.571360,0
65,2,17,244784,17,1328.571360,3099.999932,0
65,17,2,244784,17,3099.999932,1328.571360,0
65,2,19,244784,17,1328.571360,4649.999932,0
65,19,2,244784,17,4649.999932,1328.571360,0
65,2,23,244784,17,1328.571360,1162.499932,0
65,23,2,244784,17,1162.499932,1328.571360,0
65,2,27,244784,17,1328.571360,4649.999932,0
65,27,2,244784,17,4649.999932,1328.571360,0
65,3,15,244784,17,4649.999932,1549.999932,0
65,15,3,244784,17,1549.999932,4649.999932,0
65,3,28,244784,17,4649.999932,2324.999932,0
65,28,3,244784,17,2324.999932,4649.999932,0
65,4,15,244784,17,4649.999932,1549.999932,0
65,15,4,244784,17,1549.999932,4649.999932,0
65,4,23,244784,17,4649.999932,1162.499932,0
65,23,4,244784,17,1162.499932,4649.999932,0
65,5,16,244784,17,4649.999932,1859.999932,0
65,16,5,244784,17,1859.999932,4649.999932,0
65,6,12,244784,17,1859.999932,3099.999932,0
65,12,6,244784,17,3099.999932,1859.999932,0
65,6,15,244784,17,1859.999932,1549.999932,0
65,15,6,244784,17,1549.999932,1859.999932,0
65,6,17,244784,17,1859.999932,3099.999932,0
65,17,6,244784,17,3099.999932,1859.999932,0
65,6,20,244784,17,1859.999932,4649.999932,0
65,20,6,244784,17,4649.999932,1859.999932,0
65,6,21,244784,17,1859.999932,3099.999932,0
65,21,6,244784,17,3099.999932,1859.999932,0
65,7,9,244784,17,1328.571360,4649.999932,0
65,9,7,244784,17,4649.999932,1328.571360,0
65,7,11,244784,17,1328.571360,1859.999932,0
65,11,7,244784,17,1859.999932,1328.571360,0
65,7,17,244784,17,1328.571360,3099.999932,0
65,17,7,244784,17,3099.999932,1328.571360,0
65,7,18,244784,17,1328.571360,4649.999932,0
65,18,7,244784,17,4649.999932,1328.571360,0
65,7,21,244784,17,1328.571360,3099.999932,0
65,21,7,244784,17,3099.999932,1328.571360,0
65,7,27,244784,17,1328.571360,4649.999932,0
65,27,7,244784,17,4649.999932,1328.571360,0
65,8,10,244784,17,2324.999932,2324.999932,0
65,10,8,244784,17,2324.999932,2324.999932,0
65,8,22,244784,17,2324.999932,2324.999932,0
65,22,8,244784,17,2324.999932,2324.999932,0
65,8,23,244784,17,2324.999932,1162.499932,0
65,23,8,244784,17,1162.499932,2324.999932,0
65,8,29,244784,17,2324.999932,3099.999932,0
65,29,8,244784,17,3099.999932,2324.999932,0
65,9,15,244784,17,4649.999932,1549.999932,0
65,15,9,244784,17,1549.999932,4649.999932,0
65,10,15,244784,17,2324.999932,1549.999932,0
65,15,10,244784,17,1549.999932,2324.999932,0
65,10,19,244784,17,2324.999932,4649.999932,0
65,19,10,244784,17,4649.999932,2324.999932,0
65,11,14,244784,17,1859.999932,3099.999932,0
65,14,11,244784,17,3099.999932,1859.999932,0
65,11,24,244784,17,1859.999932,1859.999932,0
65,24,11,244784,17,1859.999932,1859.999932,0
65,11,25,244784,17,1859.999932,1549.999932,0
65,25,11,244784,17,1549.999932,1859.999932,0
65,13,23,244784,17,3099.999932,1162.499932,0
65,23,13,244784,17,1162.499932,3099.999932,0
65,13,29,244784,17,3099.999932,3099.999932,0
65,29,13,244784,17,3099.999932,3099.999932,0
65,14,16,244784,17,3099.999932,1859.999932,0
65,16,14,244784,17,1859.999932,3099.999932,0
65,14,23,244784,17,3099.999932,1162.499932,0
65,23,14,244784,17,1162.499932,3099.999932,0
65,15,22,244784,17,1549.999932,2324.999932,0
65,22,15,244784,17,2324.999932,1549.999932,0
65,16,22,244784,17,1859.999932,2324.999932,0
65,22,16,244784,17,2324.999932,1859.999932,0
65,16,24,244784,17,1859.999932,1859.999932,0
65,24,16,244784,17,1859.999932,1859.999932,0
65,18,21,244784,17,4649.999932,3099.999932,0
65,21,18,244784,17,3099.999932,4649.999932,0
65,20,25,244784,17,4649.999932,1549.999932,0
65,25,20,244784,17,1549.999932,4649.999932,0
65,23,26,244784,17,1162.499932,4649.999932,0
65,26,23,244784,17,4649.999932,1162.499932,0
65,23,28,244784,17,1162.499932,2324.999932,0
65,28,23,244784,17,2324.999932,1162.499932,0
65,24,25,244784,17,1859.999932,1549.999932,0
65,25,24,244784,17,1549.999932,1859.999932,0
65,24,29,244784,17,1859.999932,3099.999932,0
65,29,24,244784,17,3099.999932,1859.999932,0
65,25,28,244784,17,1549.999932,2324.999932,0
65,28,25,244784,17,2324.999932,1549.999932,0
65,26,28,244784,17,4649.999932,2324.999932,0
65,28,26,244784,17,2324.999932,4649.999932,0
66,0,12,244784,17,3099.999932,3099.999932,0
66,12,0,244784,17,3099.999932,3099.999932,0
66,0,23,244784,17,3099.999932,1162.499932,0
66,23,0,244784,17,1162.499932,3099.999932,0
66,0,25,244784,17,3099.999932,1549.999932,0
66,25,0,244784,17,1549.999932,3099.999932,0
66,1,7,244784,17,1328.571360,1328.571360,0
66,7,1,244784,17,1328.571360,1328.571360,0
66,1,10,244784,17,1328.571360,2324.999932,0
66,10,1,244784,17,2324.999932,1328.571360,0
66,1,12,244784,17,1328.571360,3099.999932,0
66,12,1,244784,17,3099.999932,1328.571360,0
66,1,13,244784,17,1328.571360,3099.999932,0
66,13,1,244784,17,3099.999932,1328.571360,0
66,1,22,244784,17,1328.571360,2324.999932,0
66,22,1,244784,17,2324.999932,1328.571360,0
66,1,24,244784,17,1328.571360,1859.999932,0
66,24,1,244784,17,1859.999932,1328.571360,0
66,1,25,244784,17,1328.571360,1549.999932,0
66,25,1,244784,17,1549.999932,1328.571360,0
66,2,5,244784,17,1328.571360,4649.999932,0
66,5,2,244784,17,4649.999932,1328.571360,0
66,2,11,244784,17,1328.571360,1859.999932,0
66,11,2,244784,17,1859.999932,1328.571360,0
66,2,16,244784,17,1328.571360,1859.999932,0
66,16,2,244784,17,1859.999932,1328.571360,0
66,2,17,244784,17,1328.571360,3099.999932,0
66,17,2,244784,17,3099.999932,1328.571360,0
66,2,19,244784,17,1328.571360,4649.999932,0
66,19,2,244784,17,4649.999932,1328.571360,0
66,2,23,244784,17,1328.571360,1162.499932,0
66,23,2,244784,17,1162.499932,1328.571360,0
66,2,27,244784,17,1328.571360,4649.999932,0
66,27,2,244784,17,4649.999932,1328.571360,0
66,3,15,244784,17,4649.999932,1549.999932,0
66,15,3,244784,17,1549.999932,4649.999932,0
66,3,28,244784,17,4649.999932,2324.999932,0
66,28,3,244784,17,2324.999932,4649.999932,0
66,4,15,244784,17,4649.999932,1549.999932,0
66,15,4,244784,17,1549.999932,4649.999932,0
66,4,23,244784,17,4649.999932,1162.499932,0
66,23,4,244784,17,1162.499932,4649.999932,0
66,5,16,244784,17,4649.999932,1859.999932,0
66,16,5,244784,17,1859.999932,4649.999932,0
66,6,12,244784,17,1859.999932,3099.999932,0
66,12,6,244784,17,3099.999932,1859.999932,0
66,6,15,244784,17,1859.999932,1549.999932,0
66,15,6,244784,17,1549.999932,1859.999932,0
66,6,17,244784,17,1859.999932,3099.999932,0
66,17,6,244784,17,3099.999932,1859.999932,0
66,6,20,244784,17,1859.999932,4649.999932,0
66,20,6,244784,17,4649.999932,1859.999932,0
66,6,21,244784,17,1859.999932,3099.999932,0
66,21,6,244784,17,3099.999932,1859.999932,0
66,7,9,244784,17,1328.571360,4649.999932,0
66,9,7,244784,17,4649.999932,1328.571360,0
66,7,11,244784,17,1328.571360,1859.999932,0
66,11,7,244784,17,1859.999932,1328.571360,0
66,7,17,244784,17,1328.571360,3099.999932,0
66,17,7,244784,17,3099.999932,1328.571360,0
66,7,18,244784,17,1328.571360,4649.999932,0
66,18,7,244784,17,4649.999932,1328.571360,0
66,7,21,244784,17,1328.571360,3099.999932,0
66,21,7,244784,17,3099.999932,1328.571360,0
66,7,27,244784,17,1328.571360,4649.999932,0
66,27,7,244784,17,4649.999932,1328.571360,0
66,8,10,244784,17,2324.999932,2324.999932,0
66,10,8,244784,17,2324.999932,2324.999932,0
66,8,22,244784,17,2324.999932,2324.999932,0
66,22,8,244784,17,2324.999932,2324.999932,0
66,8,23,244784,17,2324.999932,1162.499932,0
66,23,8,244784,17,1162.499932,2324.999932,0
66,8,29,244784,17,2324.999932,3099.999932,0
66,29,8,244784,17,3099.999932,2324.999932,0
66,9,15,244784,17,4649.999932,1549.999932,0
66,15,9,244784,17,1549.999932,4649.999932,0
66,10,15,244784,17,2324.999932,1549.999932,0
66,15,10,244784,17,1549.999932,2324.999932,0
66,10,19,244784,17,2324.999932,4649.999932,0
66,19,10,244784,17,4649.999932,2324.999932,0
66,11,14,244784,17,1859.999932,3099.999932,0
66,14,11,244784,17,3099.999932,1859.999932,0
66,11,24,244784,17,1859.999932,1859.999932,0
66,24,11,244784,17,1859.999932,1859.999932,0
66,11,25,244784,17,1859.999932,1549.999932,0
66,25,11,244784,17,1549.999932,1859.999932,0
66,13,23,244784,17,3099.999932,1162.499932,0
66,23,13,244784,17,1162.499932,3099.999932,0
66,13,29,244784,17,3099.999932,3099.999932,0
66,29,13,244784,17,3099.999932,3099.999932,0
66,14,16,244784,17,3099.999932,1859.999932,0
66,16,14,244784,17,1859.999932,3099.999932,0
66,14,23,244784,17,3099.999932,1162.499932,0
66,23,14,244784,17,1162.499932,3099.999932,0
66,15,22,244784,17,1549.999932,2324.999932,0
66,22,15,244784,17,2324.999932,1549.999932,0
66,16,22,244784,17,1859.999932,2324.999932,0
66,22,16,244784,17,2324.999932,1859.999932,0
66,16,24,244784,17,1859.999932,1859.999932,0
66,24,16,244784,17,1859.999932,1859.999932,0
66,18,21,244784,17,4649.999932,3099.999932,0
66,21,18,244784,17,3099.999932,4649.999932,0
66,20,25,244784,17,4649.999932,1549.999932,0
66,25,20,244784,17,1549.999932,4649.999932,0
66,23,26,244784,17,1162.499932,4649.999932,0
66,26,23,244784,17,4649.999932,1162.499932,0
66,23,28,244784,17,1162.499932,2324.999932,0
66,28,23,244784,17,2324.999932,1162.499932,0
66,24,25,244784,17,1859.999932,1549.999932,0
66,25,24,244784,17,1549.999932,1859.999932,0
66,24,29,244784,17,1859.999932,3099.999932,0
66,29,24,244784,17,3099.999932,1859.999932,0
66,25,28,244784,17,1549.999932,2324.999932,0
66,28,25,244784,17,2324.999932,1549.999932,0
66,26,28,244784,17,4649.999932,2324.999932,0
66,28,26,244784,17,2324.999932,4649.999932,0
67,0,12,244784,17,3102.777709,3102.777709,0
67,12,0,244784,17,3102.777709,3102.777709,0
67,0,23,244784,17,3102.777709,1163.541598,0
67,23,0,244784,17,1163.541598,3102.777709,0
67,0,25,244784,17,3102.777709,1551.388821,0
67,25,0,244784,17,1551.388821,3102.777709,0
67,1,7,244784,17,1329.761836,1329.761836,0
67,7,1,244784,17,1329.761836,1329.761836,0
67,1,10,244784,17,1329.761836,2327.083265,0
67,10,1,244784,17,2327.083265,1329.761836,0
67,1,12,244784,17,1329.761836,3102.777709,0
67,12,1,244784,17,3102.777709,1329.761836,0
67,1,13,244784,17,1329.761836,3102.777709,0
67,13,1,244784,17,3102.777709,1329.761836,0
67,1,22,244784,17,1329.761836,2327.083265,0
67,22,1,244784,17,2327.083265,1329.761836,0
67,1,24,244784,17,1329.761836,1861.666598,0
67,24,1,244784,17,1861.666598,1329.761836,0
67,1,25,244784,17,1329.761836,1551.388821,0
67,25,1,244784,17,1551.388821,1329.761836,0
67,2,5,244784,17,1329.761836,4654.166598,0
67,5,2,244784,17,4654.166598,1329.761836,0
67,2,11,244784,17,1329.761836,1861.666598,0
67,11,2,244784,17,1861.666598,1329.761836,0
67,2,16,244784,17,1329.761836,1861.666598,0
67,16,2,244784,17,1861.666598,1329.761836,0
67,2,17,244784,17,1329.761836,3102.777709,0
67,17,2,244784,17,3102.777709,1329.761836,0
67,2,19,244784,17,1329.761836,4654.166598,0
67,19,2,244784,17,4654.166598,1329.761836,0
67,2,23,244784,17,1329.761836,1163.541598,0
67,23,2,244784,17,1163.541598,1329.761836,0
67,2,27,244784,17,1329.761836,4654.166598,0
67,27,2,244784,17,4654.166598,1329.761836,0
67,3,15,244784,17,4654.166598,1551.388821,0
67,15,3,244784,17,1551.388821,4654.166598,0
67,3,28,244784,17,4654.166598,2327.083265,0
67,28,3,244784,17,2327.083265,4654.166598,0
67,4,15,244784,17,4654.166598,1551.388821,0
67,15,4,244784,17,1551.388821,4654.166598,0
67,4,23,244784,17,4654.166598,1163.541598,0
67,23,4,244784,17,1163.541598,4654.166598,0
67,5,16,244784,17,4654.166598,1861.666598,0
67,16,5,244784,17,1861.666598,4654.166598,0
67,6,12,244784,17,1861.666598,3102.777709,0
67,12,6,244784,17,3102.777709,1861.666598,0
67,6,15,244784,17,1861.666598,1551.388821,0
67,15,6,244784,17,1551.388821,1861.666598,0
67,6,17,244784,17,1861.666598,3102.777709,0
67,17,6,244784,17,3102.777709,1861.666598,0
67,6,20,244784,17,1861.666598,4654.166598,0
67,20,6,244784,17,4654.166598,1861.666598,0
67,6,21,244784,17,1861.666598,3102.777709,0
67,21,6,244784,17,3102.777709,1861.666598,0
67,7,9,244784,17,1329.761836,4654.166598,0
67,9,7,244784,17,4654.166598,1329.761836,0
67,7,11,244784,17,1329.761836,1861.666598,0
67,11,7,244784,17,1861.666598,1329.761836,0
67,7,17,244784,17,1329.761836,3102.777709,0
67,17,7,244784,17,3102.777709,1329.761836,0
67,7,18,244784,17,1329.761836,4654.166598,0
67,18,7,244784,17,4654.166598,1329.761836,0
67,7,21,244784,17,1329.761836,3102.777709,0
67,21,7,244784,17,3102.777709,1329.761836,0
67,7,27,244784,17,1329.761836,4654.166598,0
67,27,7,244784,17,4654.166598,1329.761836,0
67,8,10,244784,17,2327.083265,2327.083265,0
67,10,8,244784,17,2327.083265,2327.083265,0
67,8,22,244784,17,2327.083265,2327.083265,0
67,22,8,244784,17,2327.083265,2327.083265,0
67,8,23,244784,17,2327.083265,1163.541598,0
67,23,8,244784,17,1163.541598,2327.083265,0
67,8,29,244784,17,2327.083265,3102.777709,0
67,29,8,244784,17,3102.777709,2327.083265,0
67,9,15,244784,17,4654.166598,1551.388821,0
67,15,9,244784,17,1551.388821,4654.166598,0
67,10,15,244784,17,2327.083265,1551.388821,0
67,15,10,244784,17,1551.388821,2327.083265,0
67,10,19,244784,17,2327.083265,4654.166598,0
67,19,10,244784,17,4654.166598,2327.083265,0
67,11,14,244784,17,1861.666598,3102.777709,0
67,14,11,244784,17,3102.777709,1861.666598,0
67,11,24,244784,17,1861.666598,1861.666598,0
67,24,11,244784,17,1861.666598,1861.666598,0
67,11,25,244784,17,1861.666598,1551.388821,0
67,25,11,244784,17,1551.388821,1861.666598,0
67,13,23,244784,17,3102.777709,1163.541598,0
67,23,13,244784,17,1163.541598,3102.777709,0
67,13,29,244784,17,3102.777709,3102.777709,0
67,29,13,244784,17,3102.777709,3102.777709,0
67,14,16,244784,17,3102.777709,1861.666598,0
67,16,14,244784,17,1861.666598,3102.777709,0
67,14,23,244784,17,3102.777709,1163.541598,0
67,23,14,244784,17,1163.541598,3102.777709,0
67,15,22,244784,17,1551.388821,2327.083265,0
67,22,15,244784,17,2327.083265,1551.388821,0
67,16,22,244784,17,1861.666598,2327.083265,0
67,22,16,244784,17,2327.083265,1861.666598,0
67,16,24,244784,17,1861.666598,1861.666598,0
67,24,16,244784,17,1861.666598,1861.666598,0
67,18,21,244784,17,4654.166598,3102.777709,0
67,21,18,244784,17,3102.777709,4654.166598,0
67,20,25,244784,17,4654.166598,1551.388821,0
67,25,20,244784,17,1551.388821,4654.166598,0
67,23,26,244784,17,1163.541598,4654.166598,0
67,26,23,244784,17,4654.166598,1163.541598,0
67,23,28,244784,17,1163.541598,2327.083265,0
67,28,23,244784,17,2327.083265,1163.541598,0
67,24,25,244784,17,1861.666598,1551.388821,0
67,25,24,244784,17,1551.388821,1861.666598,0
67,24,29,244784,17,1861.666598,3102.777709,0
67,29,24,244784,17,3102.777709,1861.666598,0
67,25,28,244784,17,1551.388821,2327.083265,0
67,28,25,244784,17,2327.083265,1551.388821,0
67,26,28,244784,17,4654.166598,2327.083265,0
67,28,26,244784,17,2327.083265,4654.166598,0
68,0,12,244784,17,3099.999932,3099.999932,0
68,12,0,244784,17,3099.999932,3099.999932,0
68,0,23,244784,17,3099.999932,1162.499932,0
68,23,0,244784,17,1162.499932,3099.999932,0
68,0,25,244784,17,3099.999932,1549.999932,0
68,25,0,244784,17,1549.999932,3099.999932,0
68,1,7,244784,17,1328.571360,1328.571360,0
68,7,1,244784,17,1328.571360,1328.571360,0
68,1,10,244784,17,1328.571360,2324.999932,0
68,10,1,244784,17,2324.999932,1328.571360,0
68,1,12,244784,17,1328.571360,3099.999932,0
68,12,1,244784,17,3099.999932,1328.571360,0
68,1,13,244784,17,1328.571360,3099.999932,0
68,13,1,244784,17,3099.999932,1328.571360,0
68,1,22,244784,17,1328.571360,2324.999932,0
68,22,1,244784,17,2324.999932,1328.571360,0
68,1,24,244784,17,1328.571360,1859.999932,0
68,24,1,244784,17,1859.999932,1328.571360,0
68,1,25,244784,17,1328.571360,1549.999932,0
68,25,1,244784,17,1549.999932,1328.571360,0
68,2,5,244784,17,1328.571360,4649.999932,0
68,5,2,244784,17,4649.999932,1328.571360,0
68,2,11,244784,17,1328.571360,1859.999932,0
68,11,2,244784,17,1859.999932,1328.571360,0
68,2,16,244784,17,1328.571360,1859.999932,0
68,16,2,244784,17,1859.999932,1328.571360,0
68,2,17,244784,17,1328.571360,3099.999932,0
68,17,2,244784,17,3099.999932,1328.571360,0
68,2,19,244784,17,1328.571360,4649.999932,0
68,19,2,244784,17,4649.999932,1328.571360,0
68,2,23,244784,17,1328.571360,1162.499932,0
68,23,2,244784,17,1162.499932,1328.571360,0
68,2,27,244784,17,1328.571360,4649.999932,0
68,27,2,244784,17,4649.999932,1328.571360,0
68,3,15,244784,17,4649.999932,1549.999932,0
68,15,3,244784,17,1549.999932,4649.999932,0
68,3,28,244784,17,4649.999932,2324.999932,0
68,28,3,244784,17,2324.999932,4649.999932,0
68,4,15,244784,17,4649.999932,1549.999932,0
68,15,4,244784,17,1549.999932,4649.999932,0
68,4,23,244784,17,4649.999932,1162.499932,0
68,23,4,244784,17,1162.499932,4649.999932,0
68,5,16,244784,17,4649.999932,1859.999932,0
68,16,5,244784,17,1859.999932,4649.999932,0
68,6,12,244784,17,1859.999932,3099.999932,0
68,12,6,244784,17,3099.999932,1859.999932,0
68,6,15,244784,17,1859.999932,1549.999932,0
68,15,6,244784,17,1549.999932,1859.999932,0
68,6,17,244784,17,1859.999932,3099.999932,0
68,17,6,244784,17,3099.999932,1859.999932,0
68,6,20,244784,17,1859.999932,4649.999932,0
68,20,6,244784,17,4649.999932,1859.999932,0
68,6,21,244784,17,1859.999932,3099.999932,0
68,21,6,244784,17,3099.999932,1859.999932,0
68,7,9,244784,17,1328.571360,4649.999932,0
68,9,7,244784,17,4649.999932,1328.571360,0
68,7,11,244784,17,1328.571360,1859.999932,0
68,11,7,244784,17,1859.999932,1328.571360,0
68,7,17,244784,17,1328.571360,3099.999932,0
68,17,7,244784,17,3099.999932,1328.571360,0
68,7,18,244784,17,1328.571360,4649.999932,0
68,18,7,244784,17,4649.999932,1328.571360,0
68,7,21,244784,17,1328.571360,3099.999932,0
68,21,7,244784,17,3099.999932,1328.571360,0
68,7,27,244784,17,1328.571360,4649.999932,0
68,27,7,244784,17,4649.999932,1328.571360,0
68,8,10,244784,17,2324.999932,2324.999932,0
68,10,8,244784,17,2324.999932,2324.999932,0
68,8,22,244784,17,2324.999932,2324.999932,0
68,22,8,244784,17,2324.999932,2324.999932,0
68,8,23,244784,17,2324.999932,1162.499932,0
68,23,8,244784,17,1162.499932,2324.999932,0
68,8,29,244784,17,2324.999932,3099.999932,0
68,29,8,244784,17,3099.999932,2324.999932,0
68,9,15,244784,17,4649.999932,1549.999932,0
68,15,9,244784,17,1549.999932,4649.999932,0
68,10,15,244784,17,2324.999932,1549.999932,0
68,15,10,244784,17,1549.999932,2324.999932,0
68,10,19,244784,17,2324.999932,4649.999932,0
68,19,10,244784,17,4649.999932,2324.999932,0
68,11,14,244784,17,1859.999932,3099.999932,0
68,14,11,244784,17,3099.999932,1859.999932,0
68,11,24,244784,17,1859.999932,1859.999932,0
68,24,11,244784,17,1859.999932,1859.999932,0
68,11,25,244784,17,1859.999932,1549.999932,0
68,25,11,244784,17,1549.999932,1859.999932,0
68,13,23,244784,17,3099.999932,1162.499932,0
68,23,13,244784,17,1162.499932,3099.999932,0
68,13,29,244784,17,3099.999932,3099.999932,0
68,29,13,244784,17,3099.999932,3099.999932,0
68,14,16,244784,17,3099.999932,1859.999932,0
68,16,14,244784,17,1859.999932,3099.999932,0
68,14,23,244784,17,3099.999932,1162.499932,0
68,23,14,244784,17,1162.499932,3099.999932,0
68,15,22,244784,17,1549.999932,2324.999932,0
68,22,15,244784,17,2324.999932,1549.999932,0
68,16,22,244784,17,1859.999932,2324.999932,0
68,22,16,244784,17,2324.999932,1859.999932,0
68,16,24,244784,17,1859.999932,1859.999932,0
68,24,16,244784,17,1859.999932,1859.999932,0
68,18,21,244784,17,4649.999932,3099.999932,0
68,21,18,244784,17,3099.999932,4649.999932,0
68,20,25,244784,17,4649.999932,1549.999932,0
68,25,20,244784,17,1549.999932,4649.999932,0
68,23,26,244784,17,1162.499932,4649.999932,0
68,26,23,244784,17,4649.999932,1162.499932,0
68,23,28,244784,17,1162.499932,2324.999932,0
68,28,23,244784,17,2324.999932,1162.499932,0
68,24,25,244784,17,1859.999932,1549.999932,0
68,25,24,244784,17,1549.999932,1859.999932,0
68,24,29,244784,17,1859.999932,3099.999932,0
68,29,24,244784,17,3099.999932,1859.999932,0
68,25,28,244784,17,1549.999932,2324.999932,0
68,28,25,244784,17,2324.999932,1549.999932,0
68,26,28,244784,17,4649.999932,2324.999932,0
68,28,26,244784,17,2324.999932,4649.999932,0
69,0,12,244784,17,3094.444376,3094.444376,0
69,12,0,244784,17,3094.444376,3094.444376,0
69,0,23,244784,17,3094.444376,1160.416598,0
69,23,0,244784,17,1160.416598,3094.444376,0
69,0,25,244784,17,3094.444376,1547.222154,0
69,25,0,244784,17,1547.222154,3094.444376,0
69,1,7,244784,17,1326.190408,1326.190408,0
69,7,1,244784,17,1326.190408,1326.190408,0
69,1,10,244784,17,1326.190408,2320.833265,0
69,10,1,244784,17,2320.833265,1326.190408,0
69,1,12,244784,17,1326.190408,3094.444376,0
69,12,1,244784,17,3094.444376,1326.190408,0
69,1,13,244784,17,1326.190408,3094.444376,0
69,13,1,244784,17,3094.444376,1326.190408,0
69,1,22,244784,17,1326.190408,2320.833265,0
69,22,1,244784,17,2320.833265,1326.190408,0
69,1,24,244784,17,1326.190408,1856.666598,0
69,24,1,244784,17,1856.666598,1326.190408,0
69,1,25,244784,17,1326.190408,1547.222154,0
69,25,1,244784,17,1547.222154,1326.190408,0
69,2,5,244784,17,1326.190408,4641.666598,0
69,5,2,244784,17,4641.666598,1326.190408,0
69,2,11,244784,17,1326.190408,1856.666598,0
69,11,2,244784,17,1856.666598,1326.190408,0
69,2,16,244784,17,1326.190408,1856.666598,0
69,16,2,244784,17,1856.666598,1326.190408,0
69,2,17,244784,17,1326.190408,3094.444376,0
69,17,2,244784,17,3094.444376,1326.190408,0
69,2,19,244784,17,1326.190408,4641.666598,0
69,19,2,244784,17,4641.666598,1326.190408,0
69,2,23,244784,17,1326.190408,1160.416598,0
69,23,2,244784,17,1160.416598,1326.190408,0
69,2,27,244784,17,1326.190408,4641.666598,0
69,27,2,244784,17,4641.666598,1326.190408,0
69,3,15,244784,17,4641.666598,1547.222154,0
69,15,3,244784,17,1547.222154,4641.666598,0
69,3,28,244784,17,4641.666598,2320.833265,0
69,28,3,244784,17,2320.833265,4641.666598,0
69,4,15,244784,17,4641.666598,1547.222154,0
69,15,4,244784,17,1547.222154,4641.666598,0
69,4,23,244784,17,4641.666598,1160.416598,0
69,23,4,244784,17,1160.416598,4641.666598,0
69,5,16,244784,17,4641.666598,1856.666598,0
69,16,5,244784,17,1856.666598,4641.666598,0
69,6,12,244784,17,1856.666598,3094.444376,0
69,12,6,244784,17,3094.444376,1856.666598,0
69,6,15,244784,17,1856.666598,1547.222154,0
69,15,6,244784,17,1547.222154,1856.666598,0
69,6,17,244784,17,1856.666598,3094.444376,0
69,17,6,244784,17,3094.444376,1856.666598,0
69,6,20,244784,17,1856.666598,4641.666598,0
69,20,6,244784,17,4641.666598,1856.666598,0
69,6,21,244784,17,1856.666598,3094.444376,0
69,21,6,244784,17,3094.444376,1856.666598,0
69,7,9,244784,17,1326.190408,4641.666598,0
69,9,7,244784,17,4641.666598,1326.190408,0
69,7,11,244784,17,1326.190408,1856.666598,0
69,11,7,244784,17,1856.666598,1326.190408,0
69,7,17,244784,17,1326.190408,3094.444376,0
69,17,7,244784,17,3094.444376,1326.190408,0
69,7,18,244784,17,1326.190408,4641.666598,0
69,18,7,244784,17,4641.666598,1326.190408,0
69,7,21,244784,17,1326.190408,3094.444376,0
69,21,7,244784,17,3094.444376,1326.190408,0
69,7,27,244784,17,1326.190408,4641.666598,0
69,27,7,244784,17,4641.666598,1326.190408,0
69,8,10,244784,17,2320.833265,2320.833265,0
69,10,8,244784,17,2320.833265,2320.833265,0
69,8,22,244784,17,2320.833265,2320.833265,0
69,22,8,244784,17,2320.833265,2320.833265,0
69,8,23,244784,17,2320.833265,1160.416598,0
69,23,8,244784,17,1160.416598,2320.833265,0
69,8,29,244784,17,2320.833265,3094.444376,0
69,29,8,244784,17,3094.444376,2320.833265,0
69,9,15,244784,17,4641.666598,1547.222154,0
69,15,9,244784,17,1547.222154,4641.666598,0
69,10,15,244784,17,2320.833265,1547.222154,0
69,15,10,244784,17,1547.222154,2320.833265,0
69,10,19,244784,17,2320.833265,4641.666598,0
69,19,10,244784,17,4641.666598,2320.833265,0
69,11,14,244784,17,1856.666598,3094.444376,0
69,14,11,244784,17,3094.444376,1856.666598,0
69,11,24,244784,17,1856.666598,1856.666598,0
69,24,11,244784,17,1856.666598,1856.666598,0
69,11,25,244784,17,1856.666598,1547.222154,0
69,25,11,244784,17,1547.222154,1856.666598,0
69,13,23,244784,17,3094.444376,1160.416598,0
69,23,13,244784,17,1160.416598,3094.444376,0
69,13,29,244784,17,3094.444376,3094.444376,0
69,29,13,244784,17,3094.444376,3094.444376,0
69,14,16,244784,17,3094.444376,1856.666598,0
69,16,14,244784,17,1856.666598,3094.444376,0
69,14,23,244784,17,3094.444376,1160.416598,0
69,23,14,244784,17,1160.416598,3094.444376,0
69,15,22,244784,17,1547.222154,2320.833265,0
69,22,15,244784,17,2320.833265,1547.222154,0
69,16,22,244784,17,1856.666598,2320.833265,0
69,22,16,244784,17,2320.833265,1856.666598,0
69,16,24,244784,17,1856.666598,1856.666598,0
69,24,16,244784,17,1856.666598,1856.666598,0
69,18,21,244784,17,4641.666598,3094.444376,0
69,21,18,244784,17,3094.444376,4641.666598,0
69,20,25,244784,17,4641.666598,1547.222154,0
69,25,20,244784,17,1547.222154,4641.666598,0
69,23,26,244784,17,1160.416598,4641.666598,0
69,26,23,244784,17,4641.666598,1160.416598,0
69,23,28,244784,17,1160.416598,2320.833265,0
69,28,23,244784,17,2320.833265,1160.416598,0
69,24,25,244784,17,1856.666598,1547.222154,0
69,25,24,244784,17,1547.222154,1856.666598,0
69,24,29,244784,17,1856.666598,3094.444376,0
69,29,24,244784,17,3094.444376,1856.666598,0
69,25,28,244784,17,1547.222154,2320.833265,0
69,28,25,244784,17,2320.833265,1547.222154,0
69,26,28,244784,17,4641.666598,2320.833265,0
69,28,26,244784,17,2320.833265,4641.666598,0
70,0,12,244784,17,3097.222154,3097.222154,0
70,12,0,244784,17,3097.222154,3097.222154,0
70,0,23,244784,17,3097.222154,1161.458265,0
70,23,0,244784,17,1161.458265,3097.222154,0
70,0,25,244784,17,3097.222154,1548.611043,0
70,25,0,244784,17,1548.611043,3097.222154,0
70,1,7,244784,17,1327.380884,1327.380884,0
70,7,1,244784,17,1327.380884,1327.380884,0
70,1,10,244784,17,1327.380884,2322.916598,0
70,10,1,244784,17,2322.916598,1327.380884,0
70,1,12,244784,17,1327.380884,3097.222154,0
70,12,1,244784,17,3097.222154,1327.380884,0
70,1,13,244784,17,1327.380884,3097.222154,0
70,13,1,244784,17,3097.222154,1327.380884,0
70,1,22,244784,17,1327.380884,2322.916598,0
70,22,1,244784,17,2322.916598,1327.380884,0
70,1,24,244784,17,1327.380884,1858.333265,0
70,24,1,244784,17,1858.333265,1327.380884,0
70,1,25,244784,17,1327.380884,1548.611043,0
70,25,1,244784,17,1548.611043,1327.380884,0
70,2,5,244784,17,1327.380884,4645.833265,0
70,5,2,244784,17,4645.833265,1327.380884,0
70,2,11,244784,17,1327.380884,1858.333265,0
70,11,2,244784,17,1858.333265,1327.380884,0
70,2,16,244784,17,1327.380884,1858.333265,0
70,16,2,244784,17,1858.333265,1327.380884,0
70,2,17,244784,17,1327.380884,3097.222154,0
70,17,2,244784,17,3097.222154,1327.380884,0
70,2,19,244784,17,1327.380884,4645.833265,0
70,19,2,244784,17,4645.833265,1327.380884,0
70,2,23,244784,17,1327.380884,1161.458265,0
70,23,2,244784,17,1161.458265,1327.380884,0
70,2,27,244784,17,1327.380884,4645.833265,0
70,27,2,244784,17,4645.833265,1327.380884,0
70,3,15,244784,17,4645.833265,1548.611043,0
70,15,3,244784,17,1548.611043,4645.833265,0
70,3,28,244784,17,4645.833265,2322.916598,0
70,28,3,244784,17,2322.916598,4645.833265,0
70,4,15,244784,17,4645.833265,1548.611043,0
70,15,4,244784,17,1548.611043,4645.833265,0
70,4,23,244784,17,4645.833265,1161.458265,0
70,23,4,244784,17,1161.458265,4645.833265,0
70,5,16,244784,17,4645.833265,1858.333265,0
70,16,5,244784,17,1858.333265,4645.833265,0
70,6,12,244784,17,1858.333265,3097.222154,0
70,12,6,244784,17,3097.222154,1858.333265,0
70,6,15,244784,17,1858.333265,1548.611043,0
70,15,6,244784,17,1548.611043,1858.333265,0
70,6,17,244784,17,1858.333265,3097.222154,0
70,17,6,244784,17,3097.222154,1858.333265,0
70,6,20,244784,17,1858.333265,4645.833265,0
70,20,6,244784,17,4645.833265,1858.333265,0
70,6,21,244784,17,1858.333265,3097.222154,0
70,21,6,244784,17,3097.222154,1858.333265,0
70,7,9,244784,17,1327.380884,4645.833265,0
70,9,7,244784,17,4645.833265,1327.380884,0
70,7,11,244784,17,1327.380884,1858.333265,0
70,11,7,244784,17,1858.333265,1327.380884,0
70,7,17,244784,17,1327.380884,3097.222154,0
70,17,7,244784,17,3097.222154,1327.380884,0
70,7,18,244784,17,1327.380884,4645.833265,0
70,18,7,244784,17,4645.833265,1327.380884,0
70,7,21,244784,17,1327.380884,3097.222154,0
70,21,7,244784,17,3097.222154,1327.380884,0
70,7,27,244784,17,1327.380884,4645.833265,0
70,27,7,244784,17,4645.833265,1327.380884,0
70,8,10,244784,17,2322.916598,2322.916598,0
70,10,8,244784,17,2322.916598,2322.916598,0
70,8,22,244784,17,2322.916598,2322.916598,0
70,22,8,244784,17,2322.916598,2322.916598,0
70,8,23,244784,17,2322.916598,1161.458265,0
70,23,8,244784,17,1161.458265,2322.916598,0
70,8,29,244784,17,2322.916598,3097.222154,0
70,29,8,244784,17,3097.222154,2322.916598,0
70,9,15,244784,17,4645.833265,1548.611043,0
70,15,9,244784,17,1548.611043,4645.833265,0
70,10,15,244784,17,2322.916598,1548.611043,0
70,15,10,244784,17,1548.611043,2322.916598,0
70,10,19,244784,17,2322.916598,4645.833265,0
70,19,10,244784,17,4645.833265,2322.916598,0
70,11,14,244784,17,1858.333265,3097.222154,0
70,14,11,244784,17,3097.222154,1858.333265,0
70,11,24,244784,17,1858.333265,1858.333265,0
70,24,11,244784,17,1858.333265,1858.333265,0
70,11,25,244784,17,1858.333265,1548.611043,0
70,25,11,244784,17,1548.611043,1858.333265,0
70,13,23,244784,17,3097.222154,1161.458265,0
70,23,13,244784,17,1161.458265,3097.222154,0
70,13,29,244784,17,3097.222154,3097.222154,0
70,29,13,244784,17,3097.222154,3097.222154,0
70,14,16,244784,17,3097.222154,1858.333265,0
70,16,14,244784,17,1858.333265,3097.222154,0
70,14,23,244784,17,3097.222154,1161.458265,0
70,23,14,244784,17,1161.458265,3097.222154,0
70,15,22,244784,17,1548.611043,2322.916598,0
70,22,15,244784,17,2322.916598,1548.611043,0
70,16,22,244784,17,1858.333265,2322.916598,0
70,22,16,244784,17,2322.916598,1858.333265,0
70,16,24,244784,17,1858.333265,1858.333265,0
70,24,16,244784,17,1858.333265,1858.333265,0
70,18,21,244784,17,4645.833265,3097.222154,0
70,21,18,244784,17,3097.222154,4645.833265,0
70,20,25,244784,17,4645.833265,1548.611043,0
70,25,20,244784,17,1548.611043,4645.833265,0
70,23,26,244784,17,1161.458265,4645.833265,0
70,26,23,244784,17,4645.833265,1161.458265,0
70,23,28,244784,17,1161.458265,2322.916598,0
70,28,23,244784,17,2322.916598,1161.458265,0
70,24,25,244784,17,1858.333265,1548.611043,0
70,25,24,244784,17,1548.611043,1858.333265,0
70,24,29,244784,17,1858.333265,3097.222154,0
70,29,24,244784,17,3097.222154,1858.333265,0
70,25,28,244784,17,1548.611043,2322.916598,0
70,28,25,244784,17,2322.916598,1548.611043,0
70,26,28,244784,17,4645.833265,2322.916598,0
70,28,26,244784,17,2322.916598,4645.833265,0
71,0,12,244784,17,3108.333265,3108.333265,0
71,12,0,244784,17,3108.333265,3108.333265,0
71,0,23,244784,17,3108.333265,1165.624932,0
71,23,0,244784,17,1165.624932,3108.333265,0
71,0,25,244784,17,3108.333265,1554.166598,0
71,25,0,244784,17,1554.166598,3108.333265,0
71,1,7,244784,17,1332.142789,1332.142789,0
71,7,1,244784,17,1332.142789,1332.142789,0
71,1,10,244784,17,1332.142789,2331.249932,0
71,10,1,244784,17,2331.249932,1332.142789,0
71,1,12,244784,17,1332.142789,3108.333265,0
71,12,1,244784,17,3108.333265,1332.142789,0
71,1,13,244784,17,1332.142789,3108.333265,0
71,13,1,244784,17,3108.333265,1332.142789,0
71,1,22,244784,17,1332.142789,2331.249932,0
71,22,1,244784,17,2331.249932,1332.142789,0
71,1,24,244784,17,1332.142789,1864.999932,0
71,24,1,244784,17,1864.999932,1332.142789,0
71,1,25,244784,17,1332.142789,1554.166598,0
71,25,1,244784,17,1554.166598,1332.142789,0
71,2,5,244784,17,1332.142789,4662.499932,0
71,5,2,244784,17,4662.499932,1332.142789,0
71,2,11,244784,17,1332.142789,1864.999932,0
71,11,2,244784,17,1864.999932,1332.142789,0
71,2,16,244784,17,1332.142789,1864.999932,0
71,16,2,244784,17,1864.999932,1332.142789,0
71,2,17,244784,17,1332.142789,3108.333265,0
71,17,2,244784,17,3108.333265,1332.142789,0
71,2,19,244784,17,1332.142789,4662.499932,0
71,19,2,244784,17,4662.499932,1332.142789,0
71,2,23,244784,17,1332.142789,1165.624932,0
71,23,2,244784,17,1165.624932,1332.142789,0
71,2,27,244784,17,1332.142789,4662.499932,0
71,27,2,244784,17,4662.499932,1332.142789,0
71,3,15,244784,17,4662.499932,1554.166598,0
71,15,3,244784,17,1554.166598,4662.499932,0
71,3,28,244784,17,4662.499932,2331.249932,0
71,28,3,244784,17,2331.249932,4662.499932,0
71,4,15,244784,17,4662.499932,1554.166598,0
71,15,4,244784,17,1554.166598,4662.499932,0
71,4,23,244784,17,4662.499932,1165.624932,0
71,23,4,244784,17,1165.624932,4662.499932,0
71,5,16,244784,17,4662.499932,1864.999932,0
71,16,5,244784,17,1864.999932,4662.499932,0
71,6,12,244784,17,1864.999932,3108.333265,0
71,12,6,244784,17,3108.333265,1864.999932,0
71,6,15,244784,17,1864.999932,1554.166598,0
71,15,6,244784,17,1554.166598,1864.999932,0
71,6,17,244784,17,1864.999932,3108.333265,0
71,17,6,244784,17,3108.333265,1864.999932,0
71,6,20,244784,17,1864.999932,4662.499932,0
71,20,6,244784,17,4662.499932,1864.999932,0
71,6,21,244784,17,1864.999932,3108.333265,0
71,21,6,244784,17,3108.333265,1864.999932,0
71,7,9,244784,17,1332.142789,4662.499932,0
71,9,7,244784,17,4662.499932,1332.142789,0
71,7,11,244784,17,1332.142789,1864.999932,0
71,11,7,244784,17,1864.999932,1332.142789,0
71,7,17,244784,17,1332.142789,3108.333265,0
71,17,7,244784,17,3108.333265,1332.142789,0
71,7,18,244784,17,1332.142789,4662.499932,0
71,18,7,244784,17,4662.499932,1332.142789,0
71,7,21,244784,17,1332.142789,3108.333265,0
71,21,7,244784,17,3108.333265,1332.142789,0
71,7,27,244784,17,1332.142789,4662.499932,0
71,27,7,244784,17,4662.499932,1332.142789,0
71,8,10,244784,17,2331.249932,2331.249932,0
71,10,8,244784,17,2331.249932,2331.249932,0
71,8,22,244784,17,2331.249932,2331.249932,0
71,22,8,244784,17,2331.249932,2331.249932,0
71,8,23,244784,17,2331.249932,1165.624932,0
71,23,8,244784,17,1165.624932,2331.249932,0
71,8,29,244784,17,2331.249932,3108.333265,0
71,29,8,244784,17,3108.333265,2331.249932,0
71,9,15,244784,17,4662.499932,1554.166598,0
71,15,9,244784,17,1554.166598,4662.499932,0
71,10,15,244784,17,2331.249932,1554.166598,0
71,15,10,244784,17,1554.166598,2331.249932,0
71,10,19,244784,17,2331.249932,4662.499932,0
71,19,10,244784,17,4662.499932,2331.249932,0
71,11,14,244784,17,1864.999932,3108.333265,0
71,14,11,244784,17,3108.333265,1864.999932,0
71,11,24,244784,17,1864.999932,1864.999932,0
71,24,11,244784,17,1864.999932,1864.999932,0
71,11,25,244784,17,1864.999932,1554.166598,0
71,25,11,244784,17,1554.166598,1864.999932,0
71,13,23,244784,17,3108.333265,1165.624932,0
71,23,13,244784,17,1165.624932,3108.333265,0
71,13,29,244784,17,3108.333265,3108.333265,0
71,29,13,244784,17,3108.333265,3108.333265,0
71,14,16,244784,17,3108.333265,1864.999932,0
71,16,14,244784,17,1864.999932,3108.333265,0
71,14,23,244784,17,3108.333265,1165.624932,0
71,23,14,244784,17,1165.624932,3108.333265,0
71,15,22,244784,17,1554.166598,2331.249932,0
71,22,15,244784,17,2331.249932,1554.166598,0
71,16,22,244784,17,1864.999932,2331.249932,0
71,22,16,244784,17,2331.249932,1864.999932,0
71,16,24,244784,17,1864.999932,1864.999932,0
71,24,16,244784,17,1864.999932,1864.999932,0
71,18,21,244784,17,4662.499932,3108.333265,0
71,21,18,244784,17,3108.333265,4662.499932,0
71,20,25,244784,17,4662.499932,1554.166598,0
71,25,20,244784,17,1554.166598,4662.499932,0
71,23,26,244784,17,1165.624932,4662.499932,0
71,26,23,244784,17,4662.499932,1165.624932,0
71,23,28,244784,17,1165.624932,2331.249932,0
71,28,23,244784,17,2331.249932,1165.624932,0
71,24,25,244784,17,1864.999932,1554.166598,0
71,25,24,244784,17,1554.166598,1864.999932,0
71,24,29,244784,17,1864.999932,3108.333265,0
71,29,24,244784,17,3108.333265,1864.999932,0
71,25,28,244784,17,1554.166598,2331.249932,0
71,28,25,244784,17,2331.249932,1554.166598,0
71,26,28,244784,17,4662.499932,2331.249932,0
71,28,26,244784,17,2331.249932,4662.499932,0
72,0,12,244784,17,3099.999932,3099.999932,0
72,12,0,244784,17,3099.999932,3099.999932,0
72,0,23,244784,17,3099.999932,1162.499932,0
72,23,0,244784,17,1162.499932,3099.999932,0
72,0,25,244784,17,3099.999932,1549.999932,0
72,25,0,244784,17,1549.999932,3099.999932,0
72,1,7,244784,17,1328.571360,1328.571360,0
72,7,1,244784,17,1328.571360,1328.571360,0
72,1,10,244784,17,1328.571360,2324.999932,0
72,10,1,244784,17,2324.999932,1328.571360,0
72,1,12,244784,17,1328.571360,3099.999932,0
72,12,1,244784,17,3099.999932,1328.571360,0
72,1,13,244784,17,1328.571360,3099.999932,0
72,13,1,244784,17,3099.999932,1328.571360,0
72,1,22,244784,17,1328.571360,2324.999932,0
72,22,1,244784,17,2324.999932,1328.571360,0
72,1,24,244784,17,1328.571360,1859.999932,0
72,24,1,244784,17,1859.999932,1328.571360,0
72,1,25,244784,17,1328.571360,1549.999932,0
72,25,1,244784,17,1549.999932,1328.571360,0
72,2,5,244784,17,1328.571360,4649.999932,0
72,5,2,244784,17,4649.999932,1328.571360,0
72,2,11,244784,17,1328.571360,1859.999932,0
72,11,2,244784,17,1859.999932,1328.571360,0
72,2,16,244784,17,1328.571360,1859.999932,0
72,16,2,244784,17,1859.999932,1328.571360,0
72,2,17,244784,17,1328.571360,3099.999932,0
72,17,2,244784,17,3099.999932,1328.571360,0
72,2,19,244784,17,1328.571360,4649.999932,0
72,19,2,244784,17,4649.999932,1328.571360,0
72,2,23,244784,17,1328.571360,1162.499932,0
72,23,2,244784,17,1162.499932,1328.571360,0
72,2,27,244784,17,1328.571360,4649.999932,0
72,27,2,244784,17,4649.999932,1328.571360,0
72,3,15,244784,17,4649.999932,1549.999932,0
72,15,3,244784,17,1549.999932,4649.999932,0
72,3,28,244784,17,4649.999932,2324.999932,0
72,28,3,244784,17,2324.999932,4649.999932,0
72,4,15,244784,17,4649.999932,1549.999932,0
72,15,4,244784,17,1549.999932,4649.999932,0
72,4,23,244784,17,4649.999932,1162.499932,0
72,23,4,244784,17,1162.499932,4649.999932,0
72,5,16,244784,17,4649.999932,1859.999932,0
72,16,5,244784,17,1859.999932,4649.999932,0
72,6,12,244784,17,1859.999932,3099.999932,0
72,12,6,244784,17,3099.999932,1859.999932,0
72,6,15,244784,17,1859.999932,1549.999932,0
72,15,6,244784,17,1549.999932,1859.999932,0
72,6,17,244784,17,1859.999932,3099.999932,0
72,17,6,244784,17,3099.999932,1859.999932,0
72,6,20,244784,17,1859.999932,4649.999932,0
72,20,6,244784,17,4649.999932,1859.999932,0
72,6,21,244784,17,1859.999932,3099.999932,0
72,21,6,244784,17,3099.999932,1859.999932,0
72,7,9,244784,17,1328.571360,4649.999932,0
72,9,7,244784,17,4649.999932,1328.571360,0
72,7,11,244784,17,1328.571360,1859.999932,0
72,11,7,244784,17,1859.999932,1328.571360,0
72,7,17,244784,17,1328.571360,3099.999932,0
72,17,7,244784,17,3099.999932,1328.571360,0
72,7,18,244784,17,1328.571360,4649.999932,0
72,18,7,244784,17,4649.999932,1328.571360,0
72,7,21,244784,17,1328.571360,3099.999932,0
72,21,7,244784,17,3099.999932,1328.571360,0
72,7,27,244784,17,1328.571360,4649.999932,0
72,27,7,244784,17,4649.999932,1328.571360,0
72,8,10,244784,17,2324.999932,2324.999932,0
72,10,8,244784,17,2324.999932,2324.999932,0
72,8,22,244784,17,2324.999932,2324.999932,0
72,22,8,244784,17,2324.999932,2324.999932,0
72,8,23,244784,17,2324.999932,1162.499932,0
72,23,8,244784,17,1162.499932,2324.999932,0
72,8,29,244784,17,2324.999932,3099.999932,0
72,29,8,244784,17,3099.999932,2324.999932,0
72,9,15,244784,17,4649.999932,1549.999932,0
72,15,9,244784,17,1549.999932,4649.999932,0
72,10,15,244784,17,2324.999932,1549.999932,0
72,15,10,244784,17,1549.999932,2324.999932,0
72,10,19,244784,17,2324.999932,4649.999932,0
72,19,10,244784,17,4649.999932,2324.999932,0
72,11,14,244784,17,1859.999932,3099.999932,0
72,14,11,244784,17,3099.999932,1859.999932,0
72,11,24,244784,17,1859.999932,1859.999932,0
72,24,11,244784,17,1859.999932,1859.999932,0
72,11,25,244784,17,1859.999932,1549.999932,0
72,25,11,244784,17,1549.999932,1859.999932,0
72,13,23,244784,17,3099.999932,1162.499932,0
72,23,13,244784,17,1162.499932,3099.999932,0
72,13,29,244784,17,3099.999932,3099.999932,0
72,29,13,244784,17,3099.999932,3099.999932,0
72,14,16,244784,17,3099.999932,1859.999932,0
72,16,14,244784,17,1859.999932,3099.999932,0
72,14,23,244784,17,3099.999932,1162.499932,0
72,23,14,244784,17,1162.499932,3099.999932,0
72,15,22,244784,17,1549.999932,2324.999932,0
72,22,15,244784,17,2324.999932,1549.999932,0
72,16,22,244784,17,1859.999932,2324.999932,0
72,22,16,244784,17,2324.999932,1859.999932,0
72,16,24,244784,17,1859.999932,1859.999932,0
72,24,16,244784,17,1859.999932,1859.999932,0
72,18,21,244784,17,4649.999932,3099.999932,0
72,21,18,244784,17,3099.999932,4649.999932,0
72,20,25,244784,17,4649.999932,1549.999932,0
72,25,20,244784,17,1549.999932,4649.999932,0
72,23,26,244784,17,1162.499932,4649.999932,0
72,26,23,244784,17,4649.999932,1162.499932,0
72,23,28,244784,17,1162.499932,2324.999932,0
72,28,23,244784,17,2324.999932,1162.499932,0
72,24,25,244784,17,1859.999932,1549.999932,0
72,25,24,244784,17,1549.999932,1859.999932,0
72,24,29,244784,17,1859.999932,3099.999932,0
72,29,24,244784,17,3099.999932,1859.999932,0
72,25,28,244784,17,1549.999932,2324.999932,0
72,28,25,244784,17,2324.999932,1549.999932,0
72,26,28,244784,17,4649.999932,2324.999932,0
72,28,26,244784,17,2324.999932,4649.999932,0
73,0,12,244784,17,3097.222154,3097.222154,0
73,12,0,244784,17,3097.222154,3097.222154,0
73,0,23,244784,17,3097.222154,1161.458265,0
73,23,0,244784,17,1161.458265,3097.222154,0
73,0,25,244784,17,3097.222154,1548.611043,0
73,25,0,244784,17,1548.611043,3097.222154,0
73,1,7,244784,17,1327.380884,1327.380884,0
73,7,1,244784,17,1327.380884,1327.380884,0
73,1,10,244784,17,1327.380884,2322.916598,0
73,10,1,244784,17,2322.916598,1327.380884,0
73,1,12,244784,17,1327.380884,3097.222154,0
73,12,1,244784,17,3097.222154,1327.380884,0
73,1,13,244784,17,1327.380884,3097.222154,0
73,13,1,244784,17,3097.222154,1327.380884,0
73,1,22,244784,17,1327.380884,2322.916598,0
73,22,1,244784,17,2322.916598,1327.380884,0
73,1,24,244784,17,1327.380884,1858.333265,0
73,24,1,244784,17,1858.333265,1327.380884,0
73,1,25,244784,17,1327.380884,1548.611043,0
73,25,1,244784,17,1548.611043,1327.380884,0
73,2,5,244784,17,1327.380884,4645.833265,0
73,5,2,244784,17,4645.833265,1327.380884,0
73,2,11,244784,17,1327.380884,1858.333265,0
73,11,2,244784,17,1858.333265,1327.380884,0
73,2,16,244784,17,1327.380884,1858.333265,0
73,16,2,244784,17,1858.333265,1327.380884,0
73,2,17,244784,17,1327.380884,3097.222154,0
73,17,2,244784,17,3097.222154,1327.380884,0
73,2,19,244784,17,1327.380884,4645.833265,0
73,19,2,244784,17,4645.833265,1327.380884,0
73,2,23,244784,17,1327.380884,1161.458265,0
73,23,2,244784,17,1161.458265,1327.380884,0
73,2,27,244784,17,1327.380884,4645.833265,0
73,27,2,244784,17,4645.833265,1327.380884,0
73,3,15,244784,17,4645.833265,1548.611043,0
73,15,3,244784,17,1548.611043,4645.833265,0
73,3,28,244784,17,4645.833265,2322.916598,0
73,28,3,244784,17,2322.916598,4645.833265,0
73,4,15,244784,17,4645.833265,1548.611043,0
73,15,4,244784,17,1548.611043,4645.833265,0
73,4,23,244784,17,4645.833265,1161.458265,0
73,23,4,244784,17,1161.458265,4645.833265,0
73,5,16,244784,17,4645.833265,1858.333265,0
73,16,5,244784,17,1858.333265,4645.833265,0
73,6,12,244784,17,1858.333265,3097.222154,0
73,12,6,244784,17,3097.222154,1858.333265,0
73,6,15,244784,17,1858.333265,1548.611043,0
73,15,6,244784,17,1548.611043,1858.333265,0
73,6,17,244784,17,1858.333265,3097.222154,0
73,17,6,244784,17,3097.222154,1858.333265,0
73,6,20,244784,17,1858.333265,4645.833265,0
73,20,6,244784,17,4645.833265,1858.333265,0
73,6,21,244784,17,1858.333265,3097.222154,0
73,21,6,244784,17,3097.222154,1858.333265,0
73,7,9,244784,17,1327.380884,4645.833265,0
73,9,7,244784,17,4645.833265,1327.380884,0
73,7,11,244784,17,1327.380884,1858.333265,0
73,11,7,244784,17,1858.333265,1327.380884,0
73,7,17,244784,17,1327.380884,3097.222154,0
73,17,7,244784,17,3097.222154,1327.380884,0
73,7,18,244784,17,1327.380884,4645.833265,0
73,18,7,244784,17,4645.833265,1327.380884,0
73,7,21,244784,17,1327.380884,3097.222154,0
73,21,7,244784,17,3097.222154,1327.380884,0
73,7,27,244784,17,1327.380884,4645.833265,0
73,27,7,244784,17,4645.833265,1327.380884,0
73,8,10,244784,17,2322.916598,2322.916598,0
73,10,8,244784,17,2322.916598,2322.916598,0
73,8,22,244784,17,2322.916598,2322.916598,0
73,22,8,244784,17,2322.916598,2322.916598,0
73,8,23,244784,17,2322.916598,1161.458265,0
73,23,8,244784,17,1161.458265,2322.916598,0
73,8,29,244784,17,2322.916598,3097.222154,0
73,29,8,244784,17,3097.222154,2322.916598,0
73,9,15,244784,17,4645.833265,1548.611043,0
73,15,9,244784,17,1548.611043,4645.833265,0
73,10,15,244784,17,2322.916598,1548.611043,0
73,15,10,244784,17,1548.611043,2322.916598,0
73,10,19,244784,17,2322.916598,4645.833265,0
73,19,10,244784,17,4645.833265,2322.916598,0
73,11,14,244784,17,1858.333265,3097.222154,0
73,14,11,244784,17,3097.222154,1858.333265,0
73,11,24,244784,17,1858.333265,1858.333265,0
73,24,11,244784,17,1858.333265,1858.333265,0
73,11,25,244784,17,1858.333265,1548.611043,0
73,25,11,244784,17,1548.611043,1858.333265,0
73,13,23,244784,17,3097.222154,1161.458265,0
73,23,13,244784,17,1161.458265,3097.222154,0
73,13,29,244784,17,3097.222154,3097.222154,0
73,29,13,244784,17,3097.222154,3097.222154,0
73,14,16,244784,17,3097.222154,1858.333265,0
73,16,14,244784,17,1858.333265,3097.222154,0
73,14,23,244784,17,3097.222154,1161.458265,0
73,23,14,244784,17,1161.458265,3097.222154,0
73,15,22,244784,17,1548.611043,2322.916598,0
73,22,15,244784,17,2322.916598,1548.611043,0
73,16,22,244784,17,1858.333265,2322.916598,0
73,22,16,244784,17,2322.916598,1858.333265,0
73,16,24,244784,17,1858.333265,1858.333265,0
73,24,16,244784,17,1858.333265,1858.333265,0
73,18,21,244784,17,4645.833265,3097.222154,0
73,21,18,244784,17,3097.222154,4645.833265,0
73,20,25,244784,17,4645.833265,1548.611043,0
73,25,20,244784,17,1548.611043,4645.833265,0
73,23,26,244784,17,1161.458265,4645.833265,0
73,26,23,244784,17,4645.833265,1161.458265,0
73,23,28,244784,17,1161.458265,2322.916598,0
73,28,23,244784,17,2322.916598,1161.458265,0
73,24,25,244784,17,1858.333265,1548.611043,0
73,25,24,244784,17,1548.611043,1858.333265,0
73,24,29,244784,17,1858.333265,3097.222154,0
73,29,24,244784,17,3097.222154,1858.333265,0
73,25,28,244784,17,1548.611043,2322.916598,0
73,28,25,244784,17,2322.916598,1548.611043,0
73,26,28,244784,17,4645.833265,2322.916598,0
73,28,26,244784,17,2322.916598,4645.833265,0
74,0,12,244784,17,3097.222154,3097.222154,0
74,12,0,244784,17,3097.222154,3097.222154,0
74,0,23,244784,17,3097.222154,1161.458265,0
74,23,0,244784,17,1161.458265,3097.222154,0
74,0,25,244784,17,3097.222154,1548.611043,0
74,25,0,244784,17,1548.611043,3097.222154,0
74,1,7,244784,17,1327.380884,1327.380884,0
74,7,1,244784,17,1327.380884,1327.380884,0
74,1,10,244784,17,1327.380884,2322.916598,0
74,10,1,244784,17,2322.916598,1327.380884,0
74,1,12,244784,17,1327.380884,3097.222154,0
74,12,1,244784,17,3097.222154,1327.380884,0
74,1,13,244784,17,1327.380884,3097.222154,0
74,13,1,244784,17,3097.222154,1327.380884,0
74,1,22,244784,17,1327.380884,2322.916598,0
74,22,1,244784,17,2322.916598,1327.380884,0
74,1,24,244784,17,1327.380884,1858.333265,0
74,24,1,244784,17,1858.333265,1327.380884,0
74,1,25,244784,17,1327.380884,1548.611043,0
74,25,1,244784,17,1548.611043,1327.380884,0
74,2,5,244784,17,1327.380884,4645.833265,0
74,5,2,244784,17,4645.833265,1327.380884,0
74,2,11,244784,17,1327.380884,1858.333265,0
74,11,2,244784,17,1858.333265,1327.380884,0
74,2,16,244784,17,1327.380884,1858.333265,0
74,16,2,244784,17,1858.333265,1327.380884,0
74,2,17,244784,17,1327.380884,3097.222154,0
74,17,2,244784,17,3097.222154,1327.380884,0
74,2,19,244784,17,1327.380884,4645.833265,0
74,19,2,244784,17,4645.833265,1327.380884,0
74,2,23,244784,17,1327.380884,1161.458265,0
74,23,2,244784,17,1161.458265,1327.380884,0
74,2,27,244784,17,1327.380884,4645.833265,0
74,27,2,244784,17,4645.833265,1327.380884,0
74,3,15,244784,17,4645.833265,1548.611043,0
74,15,3,244784,17,1548.611043,4645.833265,0
74,3,28,244784,17,4645.833265,2322.916598,0
74,28,3,244784,17,2322.916598,4645.833265,0
74,4,15,244784,17,4645.833265,1548.611043,0
74,15,4,244784,17,1548.611043,4645.833265,0
74,4,23,244784,17,4645.833265,1161.458265,0
74,23,4,244784,17,1161.458265,4645.833265,0
74,5,16,244784,17,4645.833265,1858.333265,0
74,16,5,244784,17,1858.333265,4645.833265,0
74,6,12,244784,17,1858.333265,3097.222154,0
74,12,6,244784,17,3097.222154,1858.333265,0
74,6,15,244784,17,1858.333265,1548.611043,0
74,15,6,244784,17,1548.611043,1858.333265,0
74,6,17,244784,17,1858.333265,3097.222154,0
74,17,6,244784,17,3097.222154,1858.333265,0
74,6,20,244784,17,1858.333265,4645.833265,0
74,20,6,244784,17,4645.833265,1858.333265,0
74,6,21,244784,17,1858.333265,3097.222154,0
74,21,6,244784,17,3097.222154,1858.333265,0
74,7,9,244784,17,1327.380884,4645.833265,0
74,9,7,244784,17,4645.833265,1327.380884,0
74,7,11,244784,17,1327.380884,1858.333265,0
74,11,7,244784,17,1858.333265,1327.380884,0
74,7,17,244784,17,1327.380884,3097.222154,0
74,17,7,244784,17,3097.222154,1327.380884,0
74,7,18,244784,17,1327.380884,4645.833265,0
74,18,7,244784,17,4645.833265,1327.380884,0
74,7,21,244784,17,1327.380884,3097.222154,0
74,21,7,244784,17,3097.222154,1327.380884,0
74,7,27,244784,17,1327.380884,4645.833265,0
74,27,7,244784,17,4645.833265,1327.380884,0
74,8,10,244784,17,2322.916598,2322.916598,0
74,10,8,244784,17,2322.916598,2322.916598,0
74,8,22,244784,17,2322.916598,2322.916598,0
74,22,8,244784,17,2322.916598,2322.916598,0
74,8,23,244784,17,2322.916598,1161.458265,0
74,23,8,244784,17,1161.458265,2322.916598,0
74,8,29,244784,17,2322.916598,3097.222154,0
74,29,8,244784,17,3097.222154,2322.916598,0
74,9,15,244784,17,4645.833265,1548.611043,0
74,15,9,244784,17,1548.611043,4645.833265,0
74,10,15,244784,17,2322.916598,1548.611043,0
74,15,10,244784,17,1548.611043,2322.916598,0
74,10,19,244784,17,2322.916598,4645.833265,0
74,19,10,244784,17,4645.833265,2322.916598,0
74,11,14,244784,17,1858.333265,3097.222154,0
74,14,11,244784,17,3097.222154,1858.333265,0
74,11,24,244784,17,1858.333265,1858.333265,0
74,24,11,244784,17,1858.333265,1858.333265,0
74,11,25,244784,17,1858.333265,1548.611043,0
74,25,11,244784,17,1548.611043,1858.333265,0
74,13,23,244784,17,3097.222154,1161.458265,0
74,23,13,244784,17,1161.458265,3097.222154,0
74,13,29,244784,17,3097.222154,3097.222154,0
74,29,13,244784,17,3097.222154,3097.222154,0
74,14,16,244784,17,3097.222154,1858.333265,0
74,16,14,244784,17,1858.333265,3097.222154,0
74,14,23,244784,17,3097.222154,1161.458265,0
74,23,14,244784,17,1161.458265,3097.222154,0
74,15,22,244784,17,1548.611043,2322.916598,0
74,22,15,244784,17,2322.916598,1548.611043,0
74,16,22,244784,17,1858.333265,2322.916598,0
74,22,16,244784,17,2322.916598,1858.333265,0
74,16,24,244784,17,1858.333265,1858.333265,0
74,24,16,244784,17,1858.333265,1858.333265,0
74,18,21,244784,17,4645.833265,3097.222154,0
74,21,18,244784,17,3097.222154,4645.833265,0
74,20,25,244784,17,4645.833265,1548.611043,0
74,25,20,244784,17,1548.611043,4645.833265,0
74,23,26,244784,17,1161.458265,4645.833265,0
74,26,23,244784,17,4645.833265,1161.458265,0
74,23,28,244784,17,1161.458265,2322.916598,0
74,28,23,244784,17,2322.916598,1161.458265,0
74,24,25,244784,17,1858.333265,1548.611043,0
74,25,24,244784,17,1548.611043,1858.333265,0
74,24,29,244784,17,1858.333265,3097.222154,0
74,29,24,244784,17,3097.222154,1858.333265,0
74,25,28,244784,17,1548.611043,2322.916598,0
74,28,25,244784,17,2322.916598,1548.611043,0
74,26,28,244784,17,4645.833265,2322.916598,0
74,28,26,244784,17,2322.916598,4645.833265,0
75,0,12,244784,17,3097.222154,3097.222154,0
75,12,0,244784,17,3097.222154,3097.222154,0
75,0,23,244784,17,3097.222154,1161.458265,0
75,23,0,244784,17,1161.458265,3097.222154,0
75,0,25,244784,17,3097.222154,1548.611043,0
75,25,0,244784,17,1548.611043,3097.222154,0
75,1,7,244784,17,1327.380884,1327.380884,0
75,7,1,244784,17,1327.380884,1327.380884,0
75,1,10,244784,17,1327.380884,2322.916598,0
75,10,1,244784,17,2322.916598,1327.380884,0
75,1,12,244784,17,1327.380884,3097.222154,0
75,12,1,244784,17,3097.222154,1327.380884,0
75,1,13,244784,17,1327.380884,3097.222154,0
75,13,1,244784,17,3097.222154,1327.380884,0
75,1,22,244784,17,1327.380884,2322.916598,0
75,22,1,244784,17,2322.916598,1327.380884,0
75,1,24,244784,17,1327.380884,1858.333265,0
75,24,1,244784,17,1858.333265,1327.380884,0
75,1,25,244784,17,1327.380884,1548.611043,0
75,25,1,244784,17,1548.611043,1327.380884,0
75,2,5,244784,17,1327.380884,4645.833265,0
75,5,2,244784,17,4645.833265,1327.380884,0
75,2,11,244784,17,1327.380884,1858.333265,0
75,11,2,244784,17,1858.333265,1327.380884,0
75,2,16,244784,17,1327.380884,1858.333265,0
75,16,2,244784,17,1858.333265,1327.380884,0
75,2,17,244784,17,1327.380884,3097.222154,0
75,17,2,244784,17,3097.222154,1327.380884,0
75,2,19,244784,17,1327.380884,4645.833265,0
75,19,2,244784,17,4645.833265,1327.380884,0
75,2,23,244784,17,1327.380884,1161.458265,0
75,23,2,244784,17,1161.458265,1327.380884,0
75,2,27,244784,17,1327.380884,4645.833265,0
75,27,2,244784,17,4645.833265,1327.380884,0
75,3,15,244784,17,4645.833265,1548.611043,0
75,15,3,244784,17,1548.611043,4645.833265,0
75,3,28,244784,17,4645.833265,2322.916598,0
75,28,3,244784,17,2322.916598,4645.833265,0
75,4,15,244784,17,4645.833265,1548.611043,0
75,15,4,244784,17,1548.611043,4645.833265,0
75,4,23,244784,17,4645.833265,1161.458265,0
75,23,4,244784,17,1161.458265,4645.833265,0
75,5,16,244784,17,4645.833265,1858.333265,0
75,16,5,244784,17,1858.333265,4645.833265,0
75,6,12,244784,17,1858.333265,3097.222154,0
75,12,6,244784,17,3097.222154,1858.333265,0
75,6,15,244784,17,1858.333265,1548.611043,0
75,15,6,244784,17,1548.611043,1858.333265,0
75,6,17,244784,17,1858.333265,3097.222154,0
75,17,6,244784,17,3097.222154,1858.333265,0
75,6,20,244784,17,1858.333265,4645.833265,0
75,20,6,244784,17,4645.833265,1858.333265,0
75,6,21,244784,17,1858.333265,3097.222154,0
75,21,6,244784,17,3097.222154,1858.333265,0
75,7,9,244784,17,1327.380884,4645.833265,0
75,9,7,244784,17,4645.833265,1327.380884,0
75,7,11,244784,17,1327.380884,1858.333265,0
75,11,7,244784,17,1858.333265,1327.380884,0
75,7,17,244784,17,1327.380884,3097.222154,0
75,17,7,244784,17,3097.222154,1327.380884,0
75,7,18,244784,17,1327.380884,4645.833265,0
75,18,7,244784,17,4645.833265,1327.380884,0
75,7,21,244784,17,1327.380884,3097.222154,0
75,21,7,244784,17,3097.222154,1327.380884,0
75,7,27,244784,17,1327.380884,4645.833265,0
75,27,7,244784,17,4645.833265,1327.380884,0
75,8,10,244784,17,2322.916598,2322.916598,0
75,10,8,244784,17,2322.916598,2322.916598,0
75,8,22,244784,17,2322.916598,2322.916598,0
75,22,8,244784,17,2322.916598,2322.916598,0
75,8,23,244784,17,2322.916598,1161.458265,0
75,23,8,244784,17,1161.458265,2322.916598,0
75,8,29,244784,17,2322.916598,3097.222154,0
75,29,8,244784,17,3097.222154,2322.916598,0
75,9,15,244784,17,4645.833265,1548.611043,0
75,15,9,244784,17,1548.611043,4645.833265,0
75,10,15,244784,17,2322.916598,1548.611043,0
75,15,10,244784,17,1548.611043,2322.916598,0
75,10,19,244784,17,2322.916598,4645.833265,0
75,19,10,244784,17,4645.833265,2322.916598,0
75,11,14,244784,17,1858.333265,3097.222154,0
75,14,11,244784,17,3097.222154,1858.333265,0
75,11,24,244784,17,1858.333265,1858.333265,0
75,24,11,244784,17,1858.333265,1858.333265,0
75,11,25,244784,17,1858.333265,1548.611043,0
75,25,11,244784,17,1548.611043,1858.333265,0
75,13,23,244784,17,3097.222154,1161.458265,0
75,23,13,244784,17,1161.458265,3097.222154,0
75,13,29,244784,17,3097.222154,3097.222154,0
75,29,13,244784,17,3097.222154,3097.222154,0
75,14,16,244784,17,3097.222154,1858.333265,0
75,16,14,244784,17,1858.333265,3097.222154,0
75,14,23,244784,17,3097.222154,1161.458265,0
75,23,14,244784,17,1161.458265,3097.222154,0
75,15,22,244784,17,1548.611043,2322.916598,0
75,22,15,244784,17,2322.916598,1548.611043,0
75,16,22,244784,17,1858.333265,2322.916598,0
75,22,16,244784,17,2322.916598,1858.333265,0
75,16,24,244784,17,1858.333265,1858.333265,0
75,24,16,244784,17,1858.333265,1858.333265,0
75,18,21,244784,17,4645.833265,3097.222154,0
75,21,18,244784,17,3097.222154,4645.833265,0
75,20,25,244784,17,4645.833265,1548.611043,0
75,25,20,244784,17,1548.611043,4645.833265,0
75,23,26,244784,17,1161.458265,4645.833265,0
75,26,23,244784,17,4645.833265,1161.458265,0
75,23,28,244784,17,1161.458265,2322.916598,0
75,28,23,244784,17,2322.916598,1161.458265,0
75,24,25,244784,17,1858.333265,1548.611043,0
75,25,24,244784,17,1548.611043,1858.333265,0
75,24,29,244784,17,1858.333265,3097.222154,0
75,29,24,244784,17,3097.222154,1858.333265,0
75,25,28,244784,17,1548.611043,2322.916598,0
75,28,25,244784,17,2322.916598,1548.611043,0
75,26,28,244784,17,4645.833265,2322.916598,0
75,28,26,244784,17,2322.916598,4645.833265,0
76,0,12,244784,17,3099.999932,3099.999932,0
76,12,0,244784,17,3099.999932,3099.999932,0
76,0,23,244784,17,3099.999932,1162.499932,0
76,23,0,244784,17,1162.499932,3099.999932,0
76,0,25,244784,17,3099.999932,1549.999932,0
76,25,0,244784,17,1549.999932,3099.999932,0
76,1,7,244784,17,1328.571360,1328.571360,0
76,7,1,244784,17,1328.571360,1328.571360,0
76,1,10,244784,17,1328.571360,2324.999932,0
76,10,1,244784,17,2324.999932,1328.571360,0
76,1,12,244784,17,1328.571360,3099.999932,0
76,12,1,244784,17,3099.999932,1328.571360,0
76,1,13,244784,17,1328.571360,3099.999932,0
76,13,1,244784,17,3099.999932,1328.571360,0
76,1,22,244784,17,1328.571360,2324.999932,0
76,22,1,244784,17,2324.999932,1328.571360,0
76,1,24,244784,17,1328.571360,1859.999932,0
76,24,1,244784,17,1859.999932,1328.571360,0
76,1,25,244784,17,1328.571360,1549.999932,0
76,25,1,244784,17,1549.999932,1328.571360,0
76,2,5,244784,17,1328.571360,4649.999932,0
76,5,2,244784,17,4649.999932,1328.571360,0
76,2,11,244784,17,1328.571360,1859.999932,0
76,11,2,244784,17,1859.999932,1328.571360,0
76,2,16,244784,17,1328.571360,1859.999932,0
76,16,2,244784,17,1859.999932,1328.571360,0
76,2,17,244784,17,1328.571360,3099.999932,0
76,17,2,244784,17,3099.999932,1328.571360,0
76,2,19,244784,17,1328.571360,4649.999932,0
76,19,2,244784,17,4649.999932,1328.571360,0
76,2,23,244784,17,1328.571360,1162.499932,0
76,23,2,244784,17,1162.499932,1328.571360,0
76,2,27,244784,17,1328.571360,4649.999932,0
76,27,2,244784,17,4649.999932,1328.571360,0
76,3,15,244784,17,4649.999932,1549.999932,0
76,15,3,244784,17,1549.999932,4649.999932,0
76,3,28,244784,17,4649.999932,2324.999932,0
76,28,3,244784,17,2324.999932,4649.999932,0
76,4,15,244784,17,4649.999932,1549.999932,0
76,15,4,244784,17,1549.999932,4649.999932,0
76,4,23,244784,17,4649.999932,1162.499932,0
76,23,4,244784,17,1162.499932,4649.999932,0
76,5,16,244784,17,4649.999932,1859.999932,0
76,16,5,244784,17,1859.999932,4649.999932,0
76,6,12,244784,17,1859.999932,3099.999932,0
76,12,6,244784,17,3099.999932,1859.999932,0
76,6,15,244784,17,1859.999932,1549.999932,0
76,15,6,244784,17,1549.999932,1859.999932,0
76,6,17,244784,17,1859.999932,3099.999932,0
76,17,6,244784,17,3099.999932,1859.999932,0
76,6,20,244784,17,1859.999932,4649.999932,0
76,20,6,244784,17,4649.999932,1859.999932,0
76,6,21,244784,17,1859.999932,3099.999932,0
76,21,6,244784,17,3099.999932,1859.999932,0
76,7,9,244784,17,1328.571360,4649.999932,0
76,9,7,244784,17,4649.999932,1328.571360,0
76,7,11,244784,17,1328.571360,1859.999932,0
76,11,7,244784,17,1859.999932,1328.571360,0
76,7,17,244784,17,1328.571360,3099.999932,0
76,17,7,244784,17,3099.999932,1328.571360,0
76,7,18,244784,17,1328.571360,4649.999932,0
76,18,7,244784,17,4649.999932,1328.571360,0
76,7,21,244784,17,1328.571360,3099.999932,0
76,21,7,244784,17,3099.999932,1328.571360,0
76,7,27,244784,17,1328.571360,4649.999932,0
76,27,7,244784,17,4649.999932,1328.571360,0
76,8,10,244784,17,2324.999932,2324.999932,0
76,10,8,244784,17,2324.999932,2324.999932,0
76,8,22,244784,17,2324.999932,2324.999932,0
76,22,8,244784,17,2324.999932,2324.999932,0
76,8,23,244784,17,2324.999932,1162.499932,0
76,23,8,244784,17,1162.499932,2324.999932,0
76,8,29,244784,17,2324.999932,3099.999932,0
76,29,8,244784,17,3099.999932,2324.999932,0
76,9,15,244784,17,4649.999932,1549.999932,0
76,15,9,244784,17,1549.999932,4649.999932,0
76,10,15,244784,17,2324.999932,1549.999932,0
76,15,10,244784,17,1549.999932,2324.999932,0
76,10,19,244784,17,2324.999932,4649.999932,0
76,19,10,244784,17,4649.999932,2324.999932,0
76,11,14,244784,17,1859.999932,3099.999932,0
76,14,11,244784,17,3099.999932,1859.999932,0
76,11,24,244784,17,1859.999932,1859.999932,0
76,24,11,244784,17,1859.999932,1859.999932,0
76,11,25,244784,17,1859.999932,1549.999932,0
76,25,11,244784,17,1549.999932,1859.999932,0
76,13,23,244784,17,3099.999932,1162.499932,0
76,23,13,244784,17,1162.499932,3099.999932,0
76,13,29,244784,17,3099.999932,3099.999932,0
76,29,13,244784,17,3099.999932,3099.999932,0
76,14,16,244784,17,3099.999932,1859.999932,0
76,16,14,244784,17,1859.999932,3099.999932,0
76,14,23,244784,17,3099.999932,1162.499932,0
76,23,14,244784,17,1162.499932,3099.999932,0
76,15,22,244784,17,1549.999932,2324.999932,0
76,22,15,244784,17,2324.999932,1549.999932,0
76,16,22,244784,17,1859.999932,2324.999932,0
76,22,16,244784,17,2324.999932,1859.999932,0
76,16,24,244784,17,1859.999932,1859.999932,0
76,24,16,244784,17,1859.999932,1859.999932,0
76,18,21,244784,17,4649.999932,3099.999932,0
76,21,18,244784,17,3099.999932,4649.999932,0
76,20,25,244784,17,4649.999932,1549.999932,0
76,25,20,244784,17,1549.999932,4649.999932,0
76,23,26,244784,17,1162.499932,4649.999932,0
76,26,23,244784,17,4649.999932,1162.499932,0
76,23,28,244784,17,1162.499932,2324.999932,0
76,28,23,244784,17,2324.999932,1162.499932,0
76,24,25,244784,17,1859.999932,1549.999932,0
76,25,24,244784,17,1549.999932,1859.999932,0
76,24,29,244784,17,1859.999932,3099.999932,0
76,29,24,244784,17,3099.999932,1859.999932,0
76,25,28,244784,17,1549.999932,2324.999932,0
76,28,25,244784,17,2324.999932,1549.999932,0
76,26,28,244784,17,4649.999932,2324.999932,0
76,28,26,244784,17,2324.999932,4649.999932,0
77,0,12,244784,17,3102.777709,3102.777709,0
77,12,0,244784,17,3102.777709,3102.777709,0
77,0,23,244784,17,3102.777709,1163.541598,0
77,23,0,244784,17,1163.541598,3102.777709,0
77,0,25,244784,17,3102.777709,1551.388821,0
77,25,0,244784,17,1551.388821,3102.777709,0
77,1,7,244784,17,1329.761836,1329.761836,0
77,7,1,244784,17,1329.761836,1329.761836,0
77,1,10,244784,17,1329.761836,2327.083265,0
77,10,1,244784,17,2327.083265,1329.761836,0
77,1,12,244784,17,1329.761836,3102.777709,0
77,12,1,244784,17,3102.777709,1329.761836,0
77,1,13,244784,17,1329.761836,3102.777709,0
77,13,1,244784,17,3102.777709,1329.761836,0
77,1,22,244784,17,1329.761836,2327.083265,0
77,22,1,244784,17,2327.083265,1329.761836,0
77,1,24,244784,17,1329.761836,1861.666598,0
77,24,1,244784,17,1861.666598,1329.761836,0
77,1,25,244784,17,1329.761836,1551.388821,0
77,25,1,244784,17,1551.388821,1329.761836,0
77,2,5,244784,17,1329.761836,4654.166598,0
77,5,2,244784,17,4654.166598,1329.761836,0
77,2,11,244784,17,1329.761836,1861.666598,0
77,11,2,244784,17,1861.666598,1329.761836,0
77,2,16,244784,17,1329.761836,1861.666598,0
77,16,2,244784,17,1861.666598,1329.761836,0
77,2,17,244784,17,1329.761836,3102.777709,0
77,17,2,244784,17,3102.777709,1329.761836,0
77,2,19,244784,17,1329.761836,4654.166598,0
77,19,2,244784,17,4654.166598,1329.761836,0
77,2,23,244784,17,1329.761836,1163.541598,0
77,23,2,244784,17,1163.541598,1329.761836,0
77,2,27,244784,17,1329.761836,4654.166598,0
77,27,2,244784,17,4654.166598,1329.761836,0
77,3,15,244784,17,4654.166598,1551.388821,0
77,15,3,244784,17,1551.388821,4654.166598,0
77,3,28,244784,17,4654.166598,2327.083265,0
77,28,3,244784,17,2327.083265,4654.166598,0
77,4,15,244784,17,4654.166598,1551.388821,0
77,15,4,244784,17,1551.388821,4654.166598,0
77,4,23,244784,17,4654.166598,1163.541598,0
77,23,4,244784,17,1163.541598,4654.166598,0
77,5,16,244784,17,4654.166598,1861.666598,0
77,16,5,244784,17,1861.666598,4654.166598,0
77,6,12,244784,17,1861.666598,3102.777709,0
77,12,6,244784,17,3102.777709,1861.666598,0
77,6,15,244784,17,1861.666598,1551.388821,0
77,15,6,244784,17,1551.388821,1861.666598,0
77,6,17,244784,17,1861.666598,3102.777709,0
77,17,6,244784,17,3102.777709,1861.666598,0
77,6,20,244784,17,1861.666598,4654.166598,0
77,20,6,244784,17,4654.166598,1861.666598,0
77,6,21,244784,17,1861.666598,3102.777709,0
77,21,6,244784,17,3102.777709,1861.666598,0
77,7,9,244784,17,1329.761836,4654.166598,0
77,9,7,244784,17,4654.166598,1329.761836,0
77,7,11,244784,17,1329.761836,1861.666598,0
77,11,7,244784,17,1861.666598,1329.761836,0
77,7,17,244784,17,1329.761836,3102.777709,0
77,17,7,244784,17,3102.777709,1329.761836,0
77,7,18,244784,17,1329.761836,4654.166598,0
77,18,7,244784,17,4654.166598,1329.761836,0
77,7,21,244784,17,1329.761836,3102.777709,0
77,21,7,244784,17,3102.777709,1329.761836,0
77,7,27,244784,17,1329.761836,4654.166598,0
77,27,7,244784,17,4654.166598,1329.761836,0
77,8,10,244784,17,2327.083265,2327.083265,0
77,10,8,244784,17,2327.083265,2327.083265,0
77,8,22,244784,17,2327.083265,2327.083265,0
77,22,8,244784,17,2327.083265,2327.083265,0
77,8,23,244784,17,2327.083265,1163.541598,0
77,23,8,244784,17,1163.541598,2327.083265,0
77,8,29,244784,17,2327.083265,3102.777709,0
77,29,8,244784,17,3102.777709,2327.083265,0
77,9,15,244784,17,4654.166598,1551.388821,0
77,15,9,244784,17,1551.388821,4654.166598,0
77,10,15,244784,17,2327.083265,1551.388821,0
77,15,10,244784,17,1551.388821,2327.083265,0
77,10,19,244784,17,2327.083265,4654.166598,0
77,19,10,244784,17,4654.166598,2327.083265,0
77,11,14,244784,17,1861.666598,3102.777709,0
77,14,11,244784,17,3102.777709,1861.666598,0
77,11,24,244784,17,1861.666598,1861.666598,0
77,24,11,244784,17,1861.666598,1861.666598,0
77,11,25,244784,17,1861.666598,1551.388821,0
77,25,11,244784,17,1551.388821,1861.666598,0
77,13,23,244784,17,3102.777709,1163.541598,0
77,23,13,244784,17,1163.541598,3102.777709,0
77,13,29,244784,17,3102.777709,3102.777709,0
77,29,13,244784,17,3102.777709,3102.777709,0
77,14,16,244784,17,3102.777709,1861.666598,0
77,16,14,244784,17,1861.666598,3102.777709,0
77,14,23,244784,17,3102.777709,1163.541598,0
77,23,14,244784,17,1163.541598,3102.777709,0
77,15,22,244784,17,1551.388821,2327.083265,0
77,22,15,244784,17,2327.083265,1551.388821,0
77,16,22,244784,17,1861.666598,2327.083265,0
77,22,16,244784,17,2327.083265,1861.666598,0
77,16,24,244784,17,1861.666598,1861.666598,0
77,24,16,244784,17,1861.666598,1861.666598,0
77,18,21,244784,17,4654.166598,3102.777709,0
77,21,18,244784,17,3102.777709,4654.166598,0
77,20,25,244784,17,4654.166598,1551.388821,0
77,25,20,244784,17,1551.388821,4654.166598,0
77,23,26,244784,17,1163.541598,4654.166598,0
77,26,23,244784,17,4654.166598,1163.541598,0
77,23,28,244784,17,1163.541598,2327.083265,0
77,28,23,244784,17,2327.083265,1163.541598,0
77,24,25,244784,17,1861.666598,1551.388821,0
77,25,24,244784,17,1551.388821,1861.666598,0
77,24,29,244784,17,1861.666598,3102.777709,0
77,29,24,244784,17,3102.777709,1861.666598,0
77,25,28,244784,17,1551.388821,2327.083265,0
77,28,25,244784,17,2327.083265,1551.388821,0
77,26,28,244784,17,4654.166598,2327.083265,0
77,28,26,244784,17,2327.083265,4654.166598,0
78,0,12,244784,17,3097.222154,3097.222154,0
78,12,0,244784,17,3097.222154,3097.222154,0
78,0,23,244784,17,3097.222154,1161.458265,0
78,23,0,244784,17,1161.458265,3097.222154,0
78,0,25,244784,17,3097.222154,1548.611043,0
78,25,0,244784,17,1548.611043,3097.222154,0
78,1,7,244784,17,1327.380884,1327.380884,0
78,7,1,244784,17,1327.380884,1327.380884,0
78,1,10,244784,17,1327.380884,2322.916598,0
78,10,1,244784,17,2322.916598,1327.380884,0
78,1,12,244784,17,1327.380884,3097.222154,0
78,12,1,244784,17,3097.222154,1327.380884,0
78,1,13,244784,17,1327.380884,3097.222154,0
78,13,1,244784,17,3097.222154,1327.380884,0
78,1,22,244784,17,1327.380884,2322.916598,0
78,22,1,244784,17,2322.916598,1327.380884,0
78,1,24,244784,17,1327.380884,1858.333265,0
78,24,1,244784,17,1858.333265,1327.380884,0
78,1,25,244784,17,1327.380884,1548.611043,0
78,25,1,244784,17,1548.611043,1327.380884,0
78,2,5,244784,17,1327.380884,4645.833265,0
78,5,2,244784,17,4645.833265,1327.380884,0
78,2,11,244784,17,1327.380884,1858.333265,0
78,11,2,244784,17,1858.333265,1327.380884,0
78,2,16,244784,17,1327.380884,1858.333265,0
78,16,2,244784,17,1858.333265,1327.380884,0
78,2,17,244784,17,1327.380884,3097.222154,0
78,17,2,244784,17,3097.222154,1327.380884,0
78,2,19,244784,17,1327.380884,4645.833265,0
78,19,2,244784,17,4645.833265,1327.380884,0
78,2,23,244784,17,1327.380884,1161.458265,0
78,23,2,244784,17,1161.458265,1327.380884,0
78,2,27,244784,17,1327.380884,4645.833265,0
78,27,2,244784,17,4645.833265,1327.380884,0
78,3,15,244784,17,4645.833265,1548.611043,0
78,15,3,244784,17,1548.611043,4645.833265,0
78,3,28,244784,17,4645.833265,2322.916598,0
78,28,3,244784,17,2322.916598,4645.833265,0
78,4,15,244784,17,4645.833265,1548.611043,0
78,15,4,244784,17,1548.611043,4645.833265,0
78,4,23,244784,17,4645.833265,1161.458265,0
78,23,4,244784,17,1161.458265,4645.833265,0
78,5,16,244784,17,4645.833265,1858.333265,0
78,16,5,244784,17,1858.333265,4645.833265,0
78,6,12,244784,17,1858.333265,3097.222154,0
78,12,6,244784,17,3097.222154,1858.333265,0
78,6,15,244784,17,1858.333265,1548.611043,0
78,15,6,244784,17,1548.611043,1858.333265,0
78,6,17,244784,17,1858.333265,3097.222154,0
78,17,6,244784,17,3097.222154,1858.333265,0
78,6,20,244784,17,1858.333265,4645.833265,0
78,20,6,244784,17,4645.833265,1858.333265,0
78,6,21,244784,17,1858.333265,3097.222154,0
78,21,6,244784,17,3097.222154,1858.333265,0
78,7,9,244784,17,1327.380884,4645.833265,0
78,9,7,244784,17,4645.833265,1327.380884,0
78,7,11,244784,17,1327.380884,1858.333265,0
78,11,7,244784,17,1858.333265,1327.380884,0
78,7,17,244784,17,1327.380884,3097.222154,0
78,17,7,244784,17,3097.222154,1327.380884,0
78,7,18,244784,17,1327.380884,4645.833265,0
78,18,7,244784,17,4645.833265,1327.380884,0
78,7,21,244784,17,1327.380884,3097.222154,0
78,21,7,244784,17,3097.222154,1327.380884,0
78,7,27,244784,17,1327.380884,4645.833265,0
78,27,7,244784,17,4645.833265,1327.380884,0
78,8,10,244784,17,2322.916598,2322.916598,0
78,10,8,244784,17,2322.916598,2322.916598,0
78,8,22,244784,17,2322.916598,2322.916598,0
78,22,8,244784,17,2322.916598,2322.916598,0
78,8,23,244784,17,2322.916598,1161.458265,0
78,23,8,244784,17,1161.458265,2322.916598,0
78,8,29,244784,17,2322.916598,3097.222154,0
78,29,8,244784,17,3097.222154,2322.916598,0
78,9,15,244784,17,4645.833265,1548.611043,0
78,15,9,244784,17,1548.611043,4645.833265,0
78,10,15,244784,17,2322.916598,1548.611043,0
78,15,10,244784,17,1548.611043,2322.916598,0
78,10,19,244784,17,2322.916598,4645.833265,0
78,19,10,244784,17,4645.833265,2322.916598,0
78,11,14,244784,17,1858.333265,3097.222154,0
78,14,11,244784,17,3097.222154,1858.333265,0
78,11,24,244784,17,1858.333265,1858.333265,0
78,24,11,244784,17,1858.333265,1858.333265,0
78,11,25,244784,17,1858.333265,1548.611043,0
78,25,11,244784,17,1548.611043,1858.333265,0
78,13,23,244784,17,3097.222154,1161.458265,0
78,23,13,244784,17,1161.458265,3097.222154,0
78,13,29,244784,17,3097.222154,3097.222154,0
78,29,13,244784,17,3097.222154,3097.222154,0
78,14,16,244784,17,3097.222154,1858.333265,0
78,16,14,244784,17,1858.333265,3097.222154,0
78,14,23,244784,17,3097.222154,1161.458265,0
78,23,14,244784,17,1161.458265,3097.222154,0
78,15,22,244784,17,1548.611043,2322.916598,0
78,22,15,244784,17,2322.916598,1548.611043,0
78,16,22,244784,17,1858.333265,2322.916598,0
78,22,16,244784,17,2322.916598,1858.333265,0
78,16,24,244784,17,1858.333265,1858.333265,0
78,24,16,244784,17,1858.333265,1858.333265,0
78,18,21,244784,17,4645.833265,3097.222154,0
78,21,18,244784,17,3097.222154,4645.833265,0
78,20,25,244784,17,4645.833265,1548.611043,0
78,25,20,244784,17,1548.611043,4645.833265,0
78,23,26,244784,17,1161.458265,4645.833265,0
78,26,23,244784,17,4645.833265,1161.458265,0
78,23,28,244784,17,1161.458265,2322.916598,0
78,28,23,244784,17,2322.916598,1161.458265,0
78,24,25,244784,17,1858.333265,1548.611043,0
78,25,24,244784,17,1548.611043,1858.333265,0
78,24,29,244784,17,1858.333265,3097.222154,0
78,29,24,244784,17,3097.222154,1858.333265,0
78,25,28,244784,17,1548.611043,2322.916598,0
78,28,25,244784,17,2322.916598,1548.611043,0
78,26,28,244784,17,4645.833265,2322.916598,0
78,28,26,244784,17,2322.916598,4645.833265,0
79,0,12,244784,17,3099.999932,3099.999932,0
79,12,0,244784,17,3099.999932,3099.999932,0
79,0,23,244784,17,3099.999932,1162.499932,0
79,23,0,244784,17,1162.499932,3099.999932,0
79,0,25,244784,17,3099.999932,1549.999932,0
79,25,0,244784,17,1549.999932,3099.999932,0
79,1,7,244784,17,1328.571360,1328.571360,0
79,7,1,244784,17,1328.571360,1328.571360,0
79,1,10,244784,17,1328.571360,2324.999932,0
79,10,1,244784,17,2324.999932,1328.571360,0
79,1,12,244784,17,1328.571360,3099.999932,0
79,12,1,244784,17,3099.999932,1328.571360,0
79,1,13,244784,17,1328.571360,3099.999932,0
79,13,1,244784,17,3099.999932,1328.571360,0
79,1,22,244784,17,1328.571360,2324.999932,0
79,22,1,244784,17,2324.999932,1328.571360,0
79,1,24,244784,17,1328.571360,1859.999932,0
79,24,1,244784,17,1859.999932,1328.571360,0
79,1,25,244784,17,1328.571360,1549.999932,0
79,25,1,244784,17,1549.999932,1328.571360,0
79,2,5,244784,17,1328.571360,4649.999932,0
79,5,2,244784,17,4649.999932,1328.571360,0
79,2,11,244784,17,1328.571360,1859.999932,0
79,11,2,244784,17,1859.999932,1328.571360,0
79,2,16,244784,17,1328.571360,1859.999932,0
79,16,2,244784,17,1859.999932,1328.571360,0
79,2,17,244784,17,1328.571360,3099.999932,0
79,17,2,244784,17,3099.999932,1328.571360,0
79,2,19,244784,17,1328.571360,4649.999932,0
79,19,2,244784,17,4649.999932,1328.571360,0
79,2,23,244784,17,1328.571360,1162.499932,0
79,23,2,244784,17,1162.499932,1328.571360,0
79,2,27,244784,17,1328.571360,4649.999932,0
79,27,2,244784,17,4649.999932,1328.571360,0
79,3,15,244784,17,4649.999932,1549.999932,0
79,15,3,244784,17,1549.999932,4649.999932,0
79,3,28,244784,17,4649.999932,2324.999932,0
79,28,3,244784,17,2324.999932,4649.999932,0
79,4,15,244784,17,4649.999932,1549.999932,0
79,15,4,244784,17,1549.999932,4649.999932,0
79,4,23,244784,17,4649.999932,1162.499932,0
79,23,4,244784,17,1162.499932,4649.999932,0
79,5,16,244784,17,4649.999932,1859.999932,0
79,16,5,244784,17,1859.999932,4649.999932,0
79,6,12,244784,17,1859.999932,3099.999932,0
79,12,6,244784,17,3099.999932,1859.999932,0
79,6,15,244784,17,1859.999932,1549.999932,0
79,15,6,244784,17,1549.999932,1859.999932,0
79,6,17,244784,17,1859.999932,3099.999932,0
79,17,6,244784,17,3099.999932,1859.999932,0
79,6,20,244784,17,1859.999932,4649.999932,0
79,20,6,244784,17,4649.999932,1859.999932,0
79,6,21,244784,17,1859.999932,3099.999932,0
79,21,6,244784,17,3099.999932,1859.999932,0
79,7,9,244784,17,1328.571360,4649.999932,0
79,9,7,244784,17,4649.999932,1328.571360,0
79,7,11,244784,17,1328.571360,1859.999932,0
79,11,7,244784,17,1859.999932,1328.571360,0
79,7,17,244784,17,1328.571360,3099.999932,0
79,17,7,244784,17,3099.999932,1328.571360,0
79,7,18,244784,17,1328.571360,4649.999932,0
79,18,7,244784,17,4649.999932,1328.571360,0
79,7,21,244784,17,1328.571360,3099.999932,0
79,21,7,244784,17,3099.999932,1328.571360,0
79,7,27,244784,17,1328.571360,4649.999932,0
79,27,7,244784,17,4649.999932,1328.571360,0
79,8,10,244784,17,2324.999932,2324.999932,0
79,10,8,244784,17,2324.999932,2324.999932,0
79,8,22,244784,17,2324.999932,2324.999932,0
79,22,8,244784,17,2324.999932,2324.999932,0
79,8,23,244784,17,2324.999932,1162.499932,0
79,23,8,244784,17,1162.499932,2324.999932,0
79,8,29,244784,17,2324.999932,3099.999932,0
79,29,8,244784,17,3099.999932,2324.999932,0
79,9,15,244784,17,4649.999932,1549.999932,0
79,15,9,244784,17,1549.999932,4649.999932,0
79,10,15,244784,17,2324.999932,1549.999932,0
79,15,10,244784,17,1549.999932,2324.999932,0
79,10,19,244784,17,2324.999932,4649.999932,0
79,19,10,244784,17,4649.999932,2324.999932,0
79,11,14,244784,17,1859.999932,3099.999932,0
79,14,11,244784,17,3099.999932,1859.999932,0
79,11,24,244784,17,1859.999932,1859.999932,0
79,24,11,244784,17,1859.999932,1859.999932,0
79,11,25,244784,17,1859.999932,1549.999932,0
79,25,11,244784,17,1549.999932,1859.999932,0
79,13,23,244784,17,3099.999932,1162.499932,0
79,23,13,244784,17,1162.499932,3099.999932,0
79,13,29,244784,17,3099.999932,3099.999932,0
79,29,13,244784,17,3099.999932,3099.999932,0
79,14,16,244784,17,3099.999932,1859.999932,0
79,16,14,244784,17,1859.999932,3099.999932,0
79,14,23,244784,17,3099.999932,1162.499932,0
79,23,14,244784,17,1162.499932,3099.999932,0
79,15,22,244784,17,1549.999932,2324.999932,0
79,22,15,244784,17,2324.999932,1549.999932,0
79,16,22,244784,17,1859.999932,2324.999932,0
79,22,16,244784,17,2324.999932,1859.999932,0
79,16,24,244784,17,1859.999932,1859.999932,0
79,24,16,244784,17,1859.999932,1859.999932,0
79,18,21,244784,17,4649.999932,3099.999932,0
79,21,18,244784,17,3099.999932,4649.999932,0
79,20,25,244784,17,4649.999932,1549.999932,0
79,25,20,244784,17,1549.999932,4649.999932,0
79,23,26,244784,17,1162.499932,4649.999932,0
79,26,23,244784,17,4649.999932,1162.499932,0
79,23,28,244784,17,1162.499932,2324.999932,0
79,28,23,244784,17,2324.999932,1162.499932,0
79,24,25,244784,17,1859.999932,1549.999932,0
79,25,24,244784,17,1549.999932,1859.999932,0
79,24,29,244784,17,1859.999932,3099.999932,0
79,29,24,244784,17,3099.999932,1859.999932,0
79,25,28,244784,17,1549.999932,2324.999932,0
79,28,25,244784,17,2324.999932,1549.999932,0
79,26,28,244784,17,4649.999932,2324.999932,0
79,28,26,244784,17,2324.999932,4649.999932,0
80,0,12,244784,17,3097.222154,3097.222154,0
80,12,0,244784,17,3097.222154,3097.222154,0
80,0,23,244784,17,3097.222154,1161.458265,0
80,23,0,244784,17,1161.458265,3097.222154,0
80,0,25,244784,17,3097.222154,1548.611043,0
80,25,0,244784,17,1548.611043,3097.222154,0
80,1,7,244784,17,1327.380884,1327.380884,0
80,7,1,244784,17,1327.380884,1327.380884,0
80,1,10,244784,17,1327.380884,2322.916598,0
80,10,1,244784,17,2322.916598,1327.380884,0
80,1,12,244784,17,1327.380884,3097.222154,0
80,12,1,244784,17,3097.222154,1327.380884,0
80,1,13,244784,17,1327.380884,3097.222154,0
80,13,1,244784,17,3097.222154,1327.380884,0
80,1,22,244784,17,1327.380884,2322.916598,0
80,22,1,244784,17,2322.916598,1327.380884,0
80,1,24,244784,17,1327.380884,1858.333265,0
80,24,1,244784,17,1858.333265,1327.380884,0
80,1,25,244784,17,1327.380884,1548.611043,0
80,25,1,244784,17,1548.611043,1327.380884,0
80,2,5,244784,17,1327.380884,4645.833265,0
80,5,2,244784,17,4645.833265,1327.380884,0
80,2,11,244784,17,1327.380884,1858.333265,0
80,11,2,244784,17,1858.333265,1327.380884,0
80,2,16,244784,17,1327.380884,1858.333265,0
80,16,2,244784,17,1858.333265,1327.380884,0
80,2,17,244784,17,1327.380884,3097.222154,0
80,17,2,244784,17,3097.222154,1327.380884,0
80,2,19,244784,17,1327.380884,4645.833265,0
80,19,2,244784,17,4645.833265,1327.380884,0
80,2,23,244784,17,1327.380884,1161.458265,0
80,23,2,244784,17,1161.458265,1327.380884,0
80,2,27,244784,17,1327.380884,4645.833265,0
80,27,2,244784,17,4645.833265,1327.380884,0
80,3,15,244784,17,4645.833265,1548.611043,0
80,15,3,244784,17,1548.611043,4645.833265,0
80,3,28,244784,17,4645.833265,2322.916598,0
80,28,3,244784,17,2322.916598,4645.833265,0
80,4,15,244784,17,4645.833265,1548.611043,0
80,15,4,244784,17,1548.611043,4645.833265,0
80,4,23,244784,17,4645.833265,1161.458265,0
80,23,4,244784,17,1161.458265,4645.833265,0
80,5,16,244784,17,4645.833265,1858.333265,0
80,16,5,244784,17,1858.333265,4645.833265,0
80,6,12,244784,17,1858.333265,3097.222154,0
80,12,6,244784,17,3097.222154,1858.333265,0
80,6,15,244784,17,1858.333265,1548.611043,0
80,15,6,244784,17,1548.611043,1858.333265,0
80,6,17,244784,17,1858.333265,3097.222154,0
80,17,6,244784,17,3097.222154,1858.333265,0
80,6,20,244784,17,1858.333265,4645.833265,0
80,20,6,244784,17,4645.833265,1858.333265,0
80,6,21,244784,17,1858.333265,3097.222154,0
80,21,6,244784,17,3097.222154,1858.333265,0
80,7,9,244784,17,1327.380884,4645.833265,0
80,9,7,244784,17,4645.833265,1327.380884,0
80,7,11,244784,17,1327.380884,1858.333265,0
80,11,7,244784,17,1858.333265,1327.380884,0
80,7,17,244784,17,1327.380884,3097.222154,0
80,17,7,244784,17,3097.222154,1327.380884,0
80,7,18,244784,17,1327.380884,4645.833265,0
80,18,7,244784,17,4645.833265,1327.380884,0
80,7,21,244784,17,1327.380884,3097.222154,0
80,21,7,244784,17,3097.222154,1327.380884,0
80,7,27,244784,17,1327.380884,4645.833265,0
80,27,7,244784,17,4645.833265,1327.380884,0
80,8,10,244784,17,2322.916598,2322.916598,0
80,10,8,244784,17,2322.916598,2322.916598,0
80,8,22,244784,17,2322.916598,2322.916598,0
80,22,8,244784,17,2322.916598,2322.916598,0
80,8,23,244784,17,2322.916598,1161.458265,0
80,23,8,244784,17,1161.458265,2322.916598,0
80,8,29,244784,17,2322.916598,3097.222154,0
80,29,8,244784,17,3097.222154,2322.916598,0
80,9,15,244784,17,4645.833265,1548.611043,0
80,15,9,244784,17,1548.611043,4645.833265,0
80,10,15,244784,17,2322.916598,1548.611043,0
80,15,10,244784,17,1548.611043,2322.916598,0
80,10,19,244784,17,2322.916598,4645.833265,0
80,19,10,244784,17,4645.833265,2322.916598,0
80,11,14,244784,17,1858.333265,3097.222154,0
80,14,11,244784,17,3097.222154,1858.333265,0
80,11,24,244784,17,1858.333265,1858.333265,0
80,24,11,244784,17,1858.333265,1858.333265,0
80,11,25,244784,17,1858.333265,1548.611043,0
80,25,11,244784,17,1548.611043,1858.333265,0
80,13,23,244784,17,3097.222154,1161.458265,0
80,23,13,244784,17,1161.458265,3097.222154,0
80,13,29,244784,17,3097.222154,3097.222154,0
80,29,13,244784,17,3097.222154,3097.222154,0
80,14,16,244784,17,3097.222154,1858.333265,0
80,16,14,244784,17,1858.333265,3097.222154,0
80,14,23,244784,17,3097.222154,1161.458265,0
80,23,14,244784,17,1161.458265,3097.222154,0
80,15,22,244784,17,1548.611043,2322.916598,0
80,22,15,244784,17,2322.916598,1548.611043,0
80,16,22,244784,17,1858.333265,2322.916598,0
80,22,16,244784,17,2322.916598,1858.333265,0
80,16,24,244784,17,1858.333265,1858.333265,0
80,24,16,244784,17,1858.333265,1858.333265,0
80,18,21,244784,17,4645.833265,3097.222154,0
80,21,18,244784,17,3097.222154,4645.833265,0
80,20,25,244784,17,4645.833265,1548.611043,0
80,25,20,244784,17,1548.611043,4645.833265,0
80,23,26,244784,17,1161.458265,4645.833265,0
80,26,23,244784,17,4645.833265,1161.458265,0
80,23,28,244784,17,1161.458265,2322.916598,0
80,28,23,244784,17,2322.916598,1161.458265,0
80,24,25,244784,17,1858.333265,1548.611043,0
80,25,24,244784,17,1548.611043,1858.333265,0
80,24,29,244784,17,1858.333265,3097.222154,0
80,29,24,244784,17,3097.222154,1858.333265,0
80,25,28,244784,17,1548.611043,2322.916598,0
80,28,25,244784,17,2322.916598,1548.611043,0
80,26,28,244784,17,4645.833265,2322.916598,0
80,28,26,244784,17,2322.916598,4645.833265,0
81,0,12,244784,17,3116.666598,3116.666598,0
81,12,0,244784,17,3116.666598,3116.666598,0
81,0,23,244784,17,3116.666598,1168.749931,0
81,23,0,244784,17,1168.749931,3116.666598,0
81,0,25,244784,17,3116.666598,1558.333265,0
81,25,0,244784,17,1558.333265,3116.666598,0
81,1,7,244784,17,1335.714217,1335.714217,0
81,7,1,244784,17,1335.714217,1335.714217,0
81,1,10,244784,17,1335.714217,2337.499931,0
81,10,1,244784,17,2337.499931,1335.714217,0
81,1,12,244784,17,1335.714217,3116.666598,0
81,12,1,244784,17,3116.666598,1335.714217,0
81,1,13,244784,17,1335.714217,3116.666598,0
81,13,1,244784,17,3116.666598,1335.714217,0
81,1,22,244784,17,1335.714217,2337.499931,0
81,22,1,244784,17,2337.499931,1335.714217,0
81,1,24,244784,17,1335.714217,1869.999931,0
81,24,1,244784,17,1869.999931,1335.714217,0
81,1,25,244784,17,1335.714217,1558.333265,0
81,25,1,244784,17,1558.333265,1335.714217,0
81,2,5,244784,17,1335.714217,4674.999931,0
81,5,2,244784,17,4674.999931,1335.714217,0
81,2,11,244784,17,1335.714217,1869.999931,0
81,11,2,244784,17,1869.999931,1335.714217,0
81,2,16,244784,17,1335.714217,1869.999931,0
81,16,2,244784,17,1869.999931,1335.714217,0
81,2,17,244784,17,1335.714217,3116.666598,0
81,17,2,244784,17,3116.666598,1335.714217,0
81,2,19,244784,17,1335.714217,4674.999931,0
81,19,2,244784,17,4674.999931,1335.714217,0
81,2,23,244784,17,1335.714217,1168.749931,0
81,23,2,244784,17,1168.749931,1335.714217,0
81,2,27,244784,17,1335.714217,4674.999931,0
81,27,2,244784,17,4674.999931,1335.714217,0
81,3,15,244784,17,4674.999931,1558.333265,0
81,15,3,244784,17,1558.333265,4674.999931,0
81,3,28,244784,17,4674.999931,2337.499931,0
81,28,3,244784,17,2337.499931,4674.999931,0
81,4,15,244784,17,4674.999931,1558.333265,0
81,15,4,244784,17,1558.333265,4674.999931,0
81,4,23,244784,17,4674.999931,1168.749931,0
81,23,4,244784,17,1168.749931,4674.999931,0
81,5,16,244784,17,4674.999931,1869.999931,0
81,16,5,244784,17,1869.999931,4674.999931,0
81,6,12,244784,17,1869.999931,3116.666598,0
81,12,6,244784,17,3116.666598,1869.999931,0
81,6,15,244784,17,1869.999931,1558.333265,0
81,15,6,244784,17,1558.333265,1869.999931,0
81,6,17,244784,17,1869.999931,3116.666598,0
81,17,6,244784,17,3116.666598,1869.999931,0
81,6,20,244784,17,1869.999931,4674.999931,0
81,20,6,244784,17,4674.999931,1869.999931,0
81,6,21,244784,17,1869.999931,3116.666598,0
81,21,6,244784,17,3116.666598,1869.999931,0
81,7,9,244784,17,1335.714217,4674.999931,0
81,9,7,244784,17,4674.999931,1335.714217,0
81,7,11,244784,17,1335.714217,1869.999931,0
81,11,7,244784,17,1869.999931,1335.714217,0
81,7,17,244784,17,1335.714217,3116.666598,0
81,17,7,244784,17,3116.666598,1335.714217,0
81,7,18,244784,17,1335.714217,4674.999931,0
81,18,7,244784,17,4674.999931,1335.714217,0
81,7,21,244784,17,1335.714217,3116.666598,0
81,21,7,244784,17,3116.666598,1335.714217,0
81,7,27,244784,17,1335.714217,4674.999931,0
81,27,7,244784,17,4674.999931,1335.714217,0
81,8,10,244784,17,2337.499931,2337.499931,0
81,10,8,244784,17,2337.499931,2337.499931,0
81,8,22,244784,17,2337.499931,2337.499931,0
81,22,8,244784,17,2337.499931,2337.499931,0
81,8,23,244784,17,2337.499931,1168.749931,0
81,23,8,244784,17,1168.749931,2337.499931,0
81,8,29,244784,17,2337.499931,3116.666598,0
81,29,8,244784,17,3116.666598,2337.499931,0
81,9,15,244784,17,4674.999931,1558.333265,0
81,15,9,244784,17,1558.333265,4674.999931,0
81,10,15,244784,17,2337.499931,1558.333265,0
81,15,10,244784,17,1558.333265,2337.499931,0
81,10,19,244784,17,2337.499931,4674.999931,0
81,19,10,244784,17,4674.999931,2337.499931,0
81,11,14,244784,17,1869.999931,3116.666598,0
81,14,11,244784,17,3116.666598,1869.999931,0
81,11,24,244784,17,1869.999931,1869.999931,0
81,24,11,244784,17,1869.999931,1869.999931,0
81,11,25,244784,17,1869.999931,1558.333265,0
81,25,11,244784,17,1558.333265,1869.999931,0
81,13,23,244784,17,3116.666598,1168.749931,0
81,23,13,244784,17,1168.749931,3116.666598,0
81,13,29,244784,17,3116.666598,3116.666598,0
81,29,13,244784,17,3116.666598,3116.666598,0
81,14,16,244784,17,3116.666598,1869.999931,0
81,16,14,244784,17,1869.999931,3116.666598,0
81,14,23,244784,17,3116.666598,1168.749931,0
81,23,14,244784,17,1168.749931,3116.666598,0
81,15,22,244784,17,1558.333265,2337.499931,0
81,22,15,244784,17,2337.499931,1558.333265,0
81,16,22,244784,17,1869.999931,2337.499931,0
81,22,16,244784,17,2337.499931,1869.999931,0
81,16,24,244784,17,1869.999931,1869.999931,0
81,24,16,244784,17,1869.999931,1869.999931,0
81,18,21,244784,17,4674.999931,3116.666598,0
81,21,18,244784,17,3116.666598,4674.999931,0
81,20,25,244784,17,4674.999931,1558.333265,0
81,25,20,244784,17,1558.333265,4674.999931,0
81,23,26,244784,17,1168.749931,4674.999931,0
81,26,23,244784,17,4674.999931,1168.749931,0
81,23,28,244784,17,1168.749931,2337.499931,0
81,28,23,244784,17,2337.499931,1168.749931,0
81,24,25,244784,17,1869.999931,1558.333265,0
81,25,24,244784,17,1558.333265,1869.999931,0
81,24,29,244784,17,1869.999931,3116.666598,0
81,29,24,244784,17,3116.666598,1869.999931,0
81,25,28,244784,17,1558.333265,2337.499931,0
81,28,25,244784,17,2337.499931,1558.333265,0
81,26,28,244784,17,4674.999931,2337.499931,0
81,28,26,244784,17,2337.499931,4674.999931,0
82,0,12,244784,17,3099.999932,3099.999932,0
82,12,0,244784,17,3099.999932,3099.999932,0
82,0,23,244784,17,3099.999932,1162.499932,0
82,23,0,244784,17,1162.499932,3099.999932,0
82,0,25,244784,17,3099.999932,1549.999932,0
82,25,0,244784,17,1549.999932,3099.999932,0
82,1,7,244784,17,1328.571360,1328.571360,0
82,7,1,244784,17,1328.571360,1328.571360,0
82,1,10,244784,17,1328.571360,2324.999932,0
82,10,1,244784,17,2324.999932,1328.571360,0
82,1,12,244784,17,1328.571360,3099.999932,0
82,12,1,244784,17,3099.999932,1328.571360,0
82,1,13,244784,17,1328.571360,3099.999932,0
82,13,1,244784,17,3099.999932,1328.571360,0
82,1,22,244784,17,1328.571360,2324.999932,0
82,22,1,244784,17,2324.999932,1328.571360,0
82,1,24,244784,17,1328.571360,1859.999932,0
82,24,1,244784,17,1859.999932,1328.571360,0
82,1,25,244784,17,1328.571360,1549.999932,0
82,25,1,244784,17,1549.999932,1328.571360,0
82,2,5,244784,17,1328.571360,4649.999932,0
82,5,2,244784,17,4649.999932,1328.571360,0
82,2,11,244784,17,1328.571360,1859.999932,0
82,11,2,244784,17,1859.999932,1328.571360,0
82,2,16,244784,17,1328.571360,1859.999932,0
82,16,2,244784,17,1859.999932,1328.571360,0
82,2,17,244784,17,1328.571360,3099.999932,0
82,17,2,244784,17,3099.999932,1328.571360,0
82,2,19,244784,17,1328.571360,4649.999932,0
82,19,2,244784,17,4649.999932,1328.571360,0
82,2,23,244784,17,1328.571360,1162.499932,0
82,23,2,244784,17,1162.499932,1328.571360,0
82,2,27,244784,17,1328.571360,4649.999932,0
82,27,2,244784,17,4649.999932,1328.571360,0
82,3,15,244784,17,4649.999932,1549.999932,0
82,15,3,244784,17,1549.999932,4649.999932,0
82,3,28,244784,17,4649.999932,2324.999932,0
82,28,3,244784,17,2324.999932,4649.999932,0
82,4,15,244784,17,4649.999932,1549.999932,0
82,15,4,244784,17,1549.999932,4649.999932,0
82,4,23,244784,17,4649.999932,1162.499932,0
82,23,4,244784,17,1162.499932,4649.999932,0
82,5,16,244784,17,4649.999932,1859.999932,0
82,16,5,244784,17,1859.999932,4649.999932,0
82,6,12,244784,17,1859.999932,3099.999932,0
82,12,6,244784,17,3099.999932,1859.999932,0
82,6,15,244784,17,1859.999932,1549.999932,0
82,15,6,244784,17,1549.999932,1859.999932,0
82,6,17,244784,17,1859.999932,3099.999932,0
82,17,6,244784,17,3099.999932,1859.999932,0
82,6,20,244784,17,1859.999932,4649.999932,0
82,20,6,244784,17,4649.999932,1859.999932,0
82,6,21,244784,17,1859.999932,3099.999932,0
82,21,6,244784,17,3099.999932,1859.999932,0
82,7,9,244784,17,1328.571360,4649.999932,0
82,9,7,244784,17,4649.999932,1328.571360,0
82,7,11,244784,17,1328.571360,1859.999932,0
82,11,7,244784,17,1859.999932,1328.571360,0
82,7,17,244784,17,1328.571360,3099.999932,0
82,17,7,244784,17,3099.999932,1328.571360,0
82,7,18,244784,17,1328.571360,4649.999932,0
82,18,7,244784,17,4649.999932,1328.571360,0
82,7,21,244784,17,1328.571360,3099.999932,0
82,21,7,244784,17,3099.999932,1328.571360,0
82,7,27,244784,17,1328.571360,4649.999932,0
82,27,7,244784,17,4649.999932,1328.571360,0
82,8,10,244784,17,2324.999932,2324.999932,0
82,10,8,244784,17,2324.999932,2324.999932,0
82,8,22,244784,17,2324.999932,2324.999932,0
82,22,8,244784,17,2324.999932,2324.999932,0
82,8,23,244784,17,2324.999932,1162.499932,0
82,23,8,244784,17,1162.499932,2324.999932,0
82,8,29,244784,17,2324.999932,3099.999932,0
82,29,8,244784,17,3099.999932,2324.999932,0
82,9,15,244784,17,4649.999932,1549.999932,0
82,15,9,244784,17,1549.999932,4649.999932,0
82,10,15,244784,17,2324.999932,1549.999932,0
82,15,10,244784,17,1549.999932,2324.999932,0
82,10,19,244784,17,2324.999932,4649.999932,0
82,19,10,244784,17,4649.999932,2324.999932,0
82,11,14,244784,17,1859.999932,3099.999932,0
82,14,11,244784,17,3099.999932,1859.999932,0
82,11,24,244784,17,1859.999932,1859.999932,0
82,24,11,244784,17,1859.999932,1859.999932,0
82,11,25,244784,17,1859.999932,1549.999932,0
82,25,11,244784,17,1549.999932,1859.999932,0
82,13,23,244784,17,3099.999932,1162.499932,0
82,23,13,244784,17,1162.499932,3099.999932,0
82,13,29,244784,17,3099.999932,3099.999932,0
82,29,13,244784,17,3099.999932,3099.999932,0
82,14,16,244784,17,3099.999932,1859.999932,0
82,16,14,244784,17,1859.999932,3099.999932,0
82,14,23,244784,17,3099.999932,1162.499932,0
82,23,14,244784,17,1162.499932,3099.999932,0
82,15,22,244784,17,1549.999932,2324.999932,0
82,22,15,244784,17,2324.999932,1549.999932,0
82,16,22,244784,17,1859.999932,2324.999932,0
82,22,16,244784,17,2324.999932,1859.999932,0
82,16,24,244784,17,1859.999932,1859.999932,0
82,24,16,244784,17,1859.999932,1859.999932,0
82,18,21,244784,17,4649.999932,3099.999932,0
82,21,18,244784,17,3099.999932,4649.999932,0
82,20,25,244784,17,4649.999932,1549.999932,0
82,25,20,244784,17,1549.999932,4649.999932,0
82,23,26,244784,17,1162.499932,4649.999932,0
82,26,23,244784,17,4649.999932,1162.499932,0
82,23,28,244784,17,1162.499932,2324.999932,0
82,28,23,244784,17,2324.999932,1162.499932,0
82,24,25,244784,17,1859.999932,1549.999932,0
82,25,24,244784,17,1549.999932,1859.999932,0
82,24,29,244784,17,1859.999932,3099.999932,0
82,29,24,244784,17,3099.999932,1859.999932,0
82,25,28,244784,17,1549.999932,2324.999932,0
82,28,25,244784,17,2324.999932,1549.999932,0
82,26,28,244784,17,4649.999932,2324.999932,0
82,28,26,244784,17,2324.999932,4649.999932,0
83,0,12,244784,17,3097.222154,3097.222154,0
83,12,0,244784,17,3097.222154,3097.222154,0
83,0,23,244784,17,3097.222154,1161.458265,0
83,23,0,244784,17,1161.458265,3097.222154,0
83,0,25,244784,17,3097.222154,1548.611043,0
83,25,0,244784,17,1548.611043,3097.222154,0
83,1,7,244784,17,1327.380884,1327.380884,0
83,7,1,244784,17,1327.380884,1327.380884,0
83,1,10,244784,17,1327.380884,2322.916598,0
83,10,1,244784,17,2322.916598,1327.380884,0
83,1,12,244784,17,1327.380884,3097.222154,0
83,12,1,244784,17,3097.222154,1327.380884,0
83,1,13,244784,17,1327.380884,3097.222154,0
83,13,1,244784,17,3097.222154,1327.380884,0
83,1,22,244784,17,1327.380884,2322.916598,0
83,22,1,244784,17,2322.916598,1327.380884,0
83,1,24,244784,17,1327.380884,1858.333265,0
83,24,1,244784,17,1858.333265,1327.380884,0
83,1,25,244784,17,1327.380884,1548.611043,0
83,25,1,244784,17,1548.611043,1327.380884,0
83,2,5,244784,17,1327.380884,4645.833265,0
83,5,2,244784,17,4645.833265,1327.380884,0
83,2,11,244784,17,1327.380884,1858.333265,0
83,11,2,244784,17,1858.333265,1327.380884,0
83,2,16,244784,17,1327.380884,1858.333265,0
83,16,2,244784,17,1858.333265,1327.380884,0
83,2,17,244784,17,1327.380884,3097.222154,0
83,17,2,244784,17,3097.222154,1327.380884,0
83,2,19,244784,17,1327.380884,4645.833265,0
83,19,2,244784,17,4645.833265,1327.380884,0
83,2,23,244784,17,1327.380884,1161.458265,0
83,23,2,244784,17,1161.458265,1327.380884,0
83,2,27,244784,17,1327.380884,4645.833265,0
83,27,2,244784,17,4645.833265,1327.380884,0
83,3,15,244784,17,4645.833265,1548.611043,0
83,15,3,244784,17,1548.611043,4645.833265,0
83,3,28,244784,17,4645.833265,2322.916598,0
83,28,3,244784,17,2322.916598,4645.833265,0
83,4,15,244784,17,4645.833265,1548.611043,0
83,15,4,244784,17,1548.611043,4645.833265,0
83,4,23,244784,17,4645.833265,1161.458265,0
83,23,4,244784,17,1161.458265,4645.833265,0
83,5,16,244784,17,4645.833265,1858.333265,0
83,16,5,244784,17,1858.333265,4645.833265,0
83,6,12,244784,17,1858.333265,3097.222154,0
83,12,6,244784,17,3097.222154,1858.333265,0
83,6,15,244784,17,1858.333265,1548.611043,0
83,15,6,244784,17,1548.611043,1858.333265,0
83,6,17,244784,17,1858.333265,3097.222154,0
83,17,6,244784,17,3097.222154,1858.333265,0
83,6,20,244784,17,1858.333265,4645.833265,0
83,20,6,244784,17,4645.833265,1858.333265,0
83,6,21,244784,17,1858.333265,3097.222154,0
83,21,6,244784,17,3097.222154,1858.333265,0
83,7,9,244784,17,1327.380884,4645.833265,0
83,9,7,244784,17,4645.833265,1327.380884,0
83,7,11,244784,17,1327.380884,1858.333265,0
83,11,7,244784,17,1858.333265,1327.380884,0
83,7,17,244784,17,1327.380884,3097.222154,0
83,17,7,244784,17,3097.222154,1327.380884,0
83,7,18,244784,17,1327.380884,4645.833265,0
83,18,7,244784,17,4645.833265,1327.380884,0
83,7,21,244784,17,1327.380884,3097.222154,0
83,21,7,244784,17,3097.222154,1327.380884,0
83,7,27,244784,17,1327.380884,4645.833265,0
83,27,7,244784,17,4645.833265,1327.380884,0
83,8,10,244784,17,2322.916598,2322.916598,0
83,10,8,244784,17,2322.916598,2322.916598,0
83,8,22,244784,17,2322.916598,2322.916598,0
83,22,8,244784,17,2322.916598,2322.916598,0
83,8,23,244784,17,2322.916598,1161.458265,0
83,23,8,244784,17,1161.458265,2322.916598,0
83,8,29,244784,17,2322.916598,3097.222154,0
83,29,8,244784,17,3097.222154,2322.916598,0
83,9,15,244784,17,4645.833265,1548.611043,0
83,15,9,244784,17,1548.611043,4645.833265,0
83,10,15,244784,17,2322.916598,1548.611043,0
83,15,10,244784,17,1548.611043,2322.916598,0
83,10,19,244784,17,2322.916598,4645.833265,0
83,19,10,244784,17,4645.833265,2322.916598,0
83,11,14,244784,17,1858.333265,3097.222154,0
83,14,11,244784,17,3097.222154,1858.333265,0
83,11,24,244784,17,1858.333265,1858.333265,0
83,24,11,244784,17,1858.333265,1858.333265,0
83,11,25,244784,17,1858.333265,1548.611043,0
83,25,11,244784,17,1548.611043,1858.333265,0
83,13,23,244784,17,3097.222154,1161.458265,0
83,23,13,244784,17,1161.458265,3097.222154,0
83,13,29,244784,17,3097.222154,3097.222154,0
83,29,13,244784,17,3097.222154,3097.222154,0
83,14,16,244784,17,3097.222154,1858.333265,0
83,16,14,244784,17,1858.333265,3097.222154,0
83,14,23,244784,17,3097.222154,1161.458265,0
83,23,14,244784,17,1161.458265,3097.222154,0
83,15,22,244784,17,1548.611043,2322.916598,0
83,22,15,244784,17,2322.916598,1548.611043,0
83,16,22,244784,17,1858.333265,2322.916598,0
83,22,16,244784,17,2322.916598,1858.333265,0
83,16,24,244784,17,1858.333265,1858.333265,0
83,24,16,244784,17,1858.333265,1858.333265,0
83,18,21,244784,17,4645.833265,3097.222154,0
83,21,18,244784,17,3097.222154,4645.833265,0
83,20,25,244784,17,4645.833265,1548.611043,0
83,25,20,244784,17,1548.611043,4645.833265,0
83,23,26,244784,17,1161.458265,4645.833265,0
83,26,23,244784,17,4645.833265,1161.458265,0
83,23,28,244784,17,1161.458265,2322.916598,0
83,28,23,244784,17,2322.916598,1161.458265,0
83,24,25,244784,17,1858.333265,1548.611043,0
83,25,24,244784,17,1548.611043,1858.333265,0
83,24,29,244784,17,1858.333265,3097.222154,0
83,29,24,244784,17,3097.222154,1858.333265,0
83,25,28,244784,17,1548.611043,2322.916598,0
83,28,25,244784,17,2322.916598,1548.611043,0
83,26,28,244784,17,4645.833265,2322.916598,0
83,28,26,244784,17,2322.916598,4645.833265,0
84,0,12,244784,17,3108.333265,3108.333265,0
84,12,0,244784,17,3108.333265,3108.333265,0
84,0,23,244784,17,3108.333265,1165.624932,0
84,23,0,244784,17,1165.624932,3108.333265,0
84,0,25,244784,17,3108.333265,1554.166598,0
84,25,0,244784,17,1554.166598,3108.333265,0
84,1,7,244784,17,1332.142789,1332.142789,0
84,7,1,244784,17,1332.142789,1332.142789,0
84,1,10,244784,17,1332.142789,2331.249932,0
84,10,1,244784,17,2331.249932,1332.142789,0
84,1,12,244784,17,1332.142789,3108.333265,0
84,12,1,244784,17,3108.333265,1332.142789,0
84,1,13,244784,17,1332.142789,3108.333265,0
84,13,1,244784,17,3108.333265,1332.142789,0
84,1,22,244784,17,1332.142789,2331.249932,0
84,22,1,244784,17,2331.249932,1332.142789,0
84,1,24,244784,17,1332.142789,1864.999932,0
84,24,1,244784,17,1864.999932,1332.142789,0
84,1,25,244784,17,1332.142789,1554.166598,0
84,25,1,244784,17,1554.166598,1332.142789,0
84,2,5,244784,17,1332.142789,4662.499932,0
84,5,2,244784,17,4662.499932,1332.142789,0
84,2,11,244784,17,1332.142789,1864.999932,0
84,11,2,244784,17,1864.999932,1332.142789,0
84,2,16,244784,17,1332.142789,1864.999932,0
84,16,2,244784,17,1864.999932,1332.142789,0
84,2,17,244784,17,1332.142789,3108.333265,0
84,17,2,244784,17,3108.333265,1332.142789,0
84,2,19,244784,17,1332.142789,4662.499932,0
84,19,2,244784,17,4662.499932,1332.142789,0
84,2,23,244784,17,1332.142789,1165.624932,0
84,23,2,244784,17,1165.624932,1332.142789,0
84,2,27,244784,17,1332.142789,4662.499932,0
84,27,2,244784,17,4662.499932,1332.142789,0
84,3,15,244784,17,4662.499932,1554.166598,0
84,15,3,244784,17,1554.166598,4662.499932,0
84,3,28,244784,17,4662.499932,2331.249932,0
84,28,3,244784,17,2331.249932,4662.499932,0
84,4,15,244784,17,4662.499932,1554.166598,0
84,15,4,244784,17,1554.166598,4662.499932,0
84,4,23,244784,17,4662.499932,1165.624932,0
84,23,4,244784,17,1165.624932,4662.499932,0
84,5,16,244784,17,4662.499932,1864.999932,0
84,16,5,244784,17,1864.999932,4662.499932,0
84,6,12,244784,17,1864.999932,3108.333265,0
84,12,6,244784,17,3108.333265,1864.999932,0
84,6,15,244784,17,1864.999932,1554.166598,0
84,15,6,244784,17,1554.166598,1864.999932,0
84,6,17,244784,17,1864.999932,3108.333265,0
84,17,6,244784,17,3108.333265,1864.999932,0
84,6,20,244784,17,1864.999932,4662.499932,0
84,20,6,244784,17,4662.499932,1864.999932,0
84,6,21,244784,17,1864.999932,3108.333265,0
84,21,6,244784,17,3108.333265,1864.999932,0
84,7,9,244784,17,1332.142789,4662.499932,0
84,9,7,244784,17,4662.499932,1332.142789,0
84,7,11,244784,17,1332.142789,1864.999932,0
84,11,7,244784,17,1864.999932,1332.142789,0
84,7,17,244784,17,1332.142789,3108.333265,0
84,17,7,244784,17,3108.333265,1332.142789,0
84,7,18,244784,17,1332.142789,4662.499932,0
84,18,7,244784,17,4662.499932,1332.142789,0
84,7,21,244784,17,1332.142789,3108.333265,0
84,21,7,244784,17,3108.333265,1332.142789,0
84,7,27,244784,17,1332.142789,4662.499932,0
84,27,7,244784,17,4662.499932,1332.142789,0
84,8,10,244784,17,2331.249932,2331.249932,0
84,10,8,244784,17,2331.249932,2331.249932,0
84,8,22,244784,17,2331.249932,2331.249932,0
84,22,8,244784,17,2331.249932,2331.249932,0
84,8,23,244784,17,2331.249932,1165.624932,0
84,23,8,244784,17,1165.624932,2331.249932,0
84,8,29,244784,17,2331.249932,3108.333265,0
84,29,8,244784,17,3108.333265,2331.249932,0
84,9,15,244784,17,4662.499932,1554.166598,0
84,15,9,244784,17,1554.166598,4662.499932,0
84,10,15,244784,17,2331.249932,1554.166598,0
84,15,10,244784,17,1554.166598,2331.249932,0
84,10,19,244784,17,2331.249932,4662.499932,0
84,19,10,244784,17,4662.499932,2331.249932,0
84,11,14,244784,17,1864.999932,3108.333265,0
84,14,11,244784,17,3108.333265,1864.999932,0
84,11,24,244784,17,1864.999932,1864.999932,0
84,24,11,244784,17,1864.999932,1864.999932,0
84,11,25,244784,17,1864.999932,1554.166598,0
84,25,11,244784,17,1554.166598,1864.999932,0
84,13,23,244784,17,3108.333265,1165.624932,0
84,23,13,244784,17,1165.624932,3108.333265,0
84,13,29,244784,17,3108.333265,3108.333265,0
84,29,13,244784,17,3108.333265,3108.333265,0
84,14,16,244784,17,3108.333265,1864.999932,0
84,16,14,244784,17,1864.999932,3108.333265,0
84,14,23,244784,17,3108.333265,1165.624932,0
84,23,14,244784,17,1165.624932,3108.333265,0
84,15,22,244784,17,1554.166598,2331.249932,0
84,22,15,244784,17,2331.249932,1554.166598,0
84,16,22,244784,17,1864.999932,2331.249932,0
84,22,16,244784,17,2331.249932,1864.999932,0
84,16,24,244784,17,1864.999932,1864.999932,0
84,24,16,244784,17,1864.999932,1864.999932,0
84,18,21,244784,17,4662.499932,3108.333265,0
84,21,18,244784,17,3108.333265,4662.499932,0
84,20,25,244784,17,4662.499932,1554.166598,0
84,25,20,244784,17,1554.166598,4662.499932,0
84,23,26,244784,17,1165.624932,4662.499932,0
84,26,23,244784,17,4662.499932,1165.624932,0
84,23,28,244784,17,1165.624932,2331.249932,0
84,28,23,244784,17,2331.249932,1165.624932,0
84,24,25,244784,17,1864.999932,1554.166598,0
84,25,24,244784,17,1554.166598,1864.999932,0
84,24,29,244784,17,1864.999932,3108.333265,0
84,29,24,244784,17,3108.333265,1864.999932,0
84,25,28,244784,17,1554.166598,2331.249932,0
84,28,25,244784,17,2331.249932,1554.166598,0
84,26,28,244784,17,4662.499932,2331.249932,0
84,28,26,244784,17,2331.249932,4662.499932,0
85,0,12,244784,17,3097.222154,3097.222154,0
85,12,0,244784,17,3097.222154,3097.222154,0
85,0,23,244784,17,3097.222154,1161.458265,0
85,23,0,244784,17,1161.458265,3097.222154,0
85,0,25,244784,17,3097.222154,1548.611043,0
85,25,0,244784,17,1548.611043,3097.222154,0
85,1,7,244784,17,1327.380884,1327.380884,0
85,7,1,244784,17,1327.380884,1327.380884,0
85,1,10,244784,17,1327.380884,2322.916598,0
85,10,1,244784,17,2322.916598,1327.380884,0
85,1,12,244784,17,1327.380884,3097.222154,0
85,12,1,244784,17,3097.222154,1327.380884,0
85,1,13,244784,17,1327.380884,3097.222154,0
85,13,1,244784,17,3097.222154,1327.380884,0
85,1,22,244784,17,1327.380884,2322.916598,0
85,22,1,244784,17,2322.916598,1327.380884,0
85,1,24,244784,17,1327.380884,1858.333265,0
85,24,1,244784,17,1858.333265,1327.380884,0
85,1,25,244784,17,1327.380884,1548.611043,0
85,25,1,244784,17,1548.611043,1327.380884,0
85,2,5,244784,17,1327.380884,4645.833265,0
85,5,2,244784,17,4645.833265,1327.380884,0
85,2,11,244784,17,1327.380884,1858.333265,0
85,11,2,244784,17,1858.333265,1327.380884,0
85,2,16,244784,17,1327.380884,1858.333265,0
85,16,2,244784,17,1858.333265,1327.380884,0
85,2,17,244784,17,1327.380884,3097.222154,0
85,17,2,244784,17,3097.222154,1327.380884,0
85,2,19,244784,17,1327.380884,4645.833265,0
85,19,2,244784,17,4645.833265,1327.380884,0
85,2,23,244784,17,1327.380884,1161.458265,0
85,23,2,244784,17,1161.458265,1327.380884,0
85,2,27,244784,17,1327.380884,4645.833265,0
85,27,2,244784,17,4645.833265,1327.380884,0
85,3,15,244784,17,4645.833265,1548.611043,0
85,15,3,244784,17,1548.611043,4645.833265,0
85,3,28,244784,17,4645.833265,2322.916598,0
85,28,3,244784,17,2322.916598,4645.833265,0
85,4,15,244784,17,4645.833265,1548.611043,0
85,15,4,244784,17,1548.611043,4645.833265,0
85,4,23,244784,17,4645.833265,1161.458265,0
85,23,4,244784,17,1161.458265,4645.833265,0
85,5,16,244784,17,4645.833265,1858.333265,0
85,16,5,244784,17,1858.333265,4645.833265,0
85,6,12,244784,17,1858.333265,3097.222154,0
85,12,6,244784,17,3097.222154,1858.333265,0
85,6,15,244784,17,1858.333265,1548.611043,0
85,15,6,244784,17,1548.611043,1858.333265,0
85,6,17,244784,17,1858.333265,3097.222154,0
85,17,6,244784,17,3097.222154,1858.333265,0
85,6,20,244784,17,1858.333265,4645.833265,0
85,20,6,244784,17,4645.833265,1858.333265,0
85,6,21,244784,17,1858.333265,3097.222154,0
85,21,6,244784,17,3097.222154,1858.333265,0
85,7,9,244784,17,1327.380884,4645.833265,0
85,9,7,244784,17,4645.833265,1327.380884,0
85,7,11,244784,17,1327.380884,1858.333265,0
85,11,7,244784,17,1858.333265,1327.380884,0
85,7,17,244784,17,1327.380884,3097.222154,0
85,17,7,244784,17,3097.222154,1327.380884,0
85,7,18,244784,17,1327.380884,4645.833265,0
85,18,7,244784,17,4645.833265,1327.380884,0
85,7,21,244784,17,1327.380884,3097.222154,0
85,21,7,244784,17,3097.222154,1327.380884,0
85,7,27,244784,17,1327.380884,4645.833265,0
85,27,7,244784,17,4645.833265,1327.380884,0
85,8,10,244784,17,2322.916598,2322.916598,0
85,10,8,244784,17,2322.916598,2322.916598,0
85,8,22,244784,17,2322.916598,2322.916598,0
85,22,8,244784,17,2322.916598,2322.916598,0
85,8,23,244784,17,2322.916598,1161.458265,0
85,23,8,244784,17,1161.458265,2322.916598,0
85,8,29,244784,17,2322.916598,3097.222154,0
85,29,8,244784,17,3097.222154,2322.916598,0
85,9,15,244784,17,4645.833265,1548.611043,0
85,15,9,244784,17,1548.611043,4645.833265,0
85,10,15,244784,17,2322.916598,1548.611043,0
85,15,10,244784,17,1548.611043,2322.916598,0
85,10,19,244784,17,2322.916598,4645.833265,0
85,19,10,244784,17,4645.833265,2322.916598,0
85,11,14,244784,17,1858.333265,3097.222154,0
85,14,11,244784,17,3097.222154,1858.333265,0
85,11,24,244784,17,1858.333265,1858.333265,0
85,24,11,244784,17,1858.333265,1858.333265,0
85,11,25,244784,17,1858.333265,1548.611043,0
85,25,11,244784,17,1548.611043,1858.333265,0
85,13,23,244784,17,3097.222154,1161.458265,0
85,23,13,244784,17,1161.458265,3097.222154,0
85,13,29,244784,17,3097.222154,3097.222154,0
85,29,13,244784,17,3097.222154,3097.222154,0
85,14,16,244784,17,3097.222154,1858.333265,0
85,16,14,244784,17,1858.333265,3097.222154,0
85,14,23,244784,17,3097.222154,1161.458265,0
85,23,14,244784,17,1161.458265,3097.222154,0
85,15,22,244784,17,1548.611043,2322.916598,0
85,22,15,244784,17,2322.916598,1548.611043,0
85,16,22,244784,17,1858.333265,2322.916598,0
85,22,16,244784,17,2322.916598,1858.333265,0
85,16,24,244784,17,1858.333265,1858.333265,0
85,24,16,244784,17,1858.333265,1858.333265,0
85,18,21,244784,17,4645.833265,3097.222154,0
85,21,18,244784,17,3097.222154,4645.833265,0
85,20,25,244784,17,4645.833265,1548.611043,0
85,25,20,244784,17,1548.611043,4645.833265,0
85,23,26,244784,17,1161.458265,4645.833265,0
85,26,23,244784,17,4645.833265,1161.458265,0
85,23,28,244784,17,1161.458265,2322.916598,0
85,28,23,244784,17,2322.916598,1161.458265,0
85,24,25,244784,17,1858.333265,1548.611043,0
85,25,24,244784,17,1548.611043,1858.333265,0
85,24,29,244784,17,1858.333265,3097.222154,0
85,29,24,244784,17,3097.222154,1858.333265,0
85,25,28,244784,17,1548.611043,2322.916598,0
85,28,25,244784,17,2322.916598,1548.611043,0
85,26,28,244784,17,4645.833265,2322.916598,0
85,28,26,244784,17,2322.916598,4645.833265,0
86,0,12,244784,17,3102.777709,3102.777709,0
86,12,0,244784,17,3102.777709,3102.777709,0
86,0,23,244784,17,3102.777709,1163.541598,0
86,23,0,244784,17,1163.541598,3102.777709,0
86,0,25,244784,17,3102.777709,1551.388821,0
86,25,0,244784,17,1551.388821,3102.777709,0
86,1,7,244784,17,1329.761836,1329.761836,0
86,7,1,244784,17,1329.761836,1329.761836,0
86,1,10,244784,17,1329.761836,2327.083265,0
86,10,1,244784,17,2327.083265,1329.761836,0
86,1,12,244784,17,1329.761836,3102.777709,0
86,12,1,244784,17,3102.777709,1329.761836,0
86,1,13,244784,17,1329.761836,3102.777709,0
86,13,1,244784,17,3102.777709,1329.761836,0
86,1,22,244784,17,1329.761836,2327.083265,0
86,22,1,244784,17,2327.083265,1329.761836,0
86,1,24,244784,17,1329.761836,1861.666598,0
86,24,1,244784,17,1861.666598,1329.761836,0
86,1,25,244784,17,1329.761836,1551.388821,0
86,25,1,244784,17,1551.388821,1329.761836,0
86,2,5,244784,17,1329.761836,4654.166598,0
86,5,2,244784,17,4654.166598,1329.761836,0
86,2,11,244784,17,1329.761836,1861.666598,0
86,11,2,244784,17,1861.666598,1329.761836,0
86,2,16,244784,17,1329.761836,1861.666598,0
86,16,2,244784,17,1861.666598,1329.761836,0
86,2,17,244784,17,1329.761836,3102.777709,0
86,17,2,244784,17,3102.777709,1329.761836,0
86,2,19,244784,17,1329.761836,4654.166598,0
86,19,2,244784,17,4654.166598,1329.761836,0
86,2,23,244784,17,1329.761836,1163.541598,0
86,23,2,244784,17,1163.541598,1329.761836,0
86,2,27,244784,17,1329.761836,4654.166598,0
86,27,2,244784,17,4654.166598,1329.761836,0
86,3,15,244784,17,4654.166598,1551.388821,0
86,15,3,244784,17,1551.388821,4654.166598,0
86,3,28,244784,17,4654.166598,2327.083265,0
86,28,3,244784,17,2327.083265,4654.166598,0
86,4,15,244784,17,4654.166598,1551.388821,0
86,15,4,244784,17,1551.388821,4654.166598,0
86,4,23,244784,17,4654.166598,1163.541598,0
86,23,4,244784,17,1163.541598,4654.166598,0
86,5,16,244784,17,4654.166598,1861.666598,0
86,16,5,244784,17,1861.666598,4654.166598,0
86,6,12,244784,17,1861.666598,3102.777709,0
86,12,6,244784,17,3102.777709,1861.666598,0
86,6,15,244784,17,1861.666598,1551.388821,0
86,15,6,244784,17,1551.388821,1861.666598,0
86,6,17,244784,17,1861.666598,3102.777709,0
86,17,6,244784,17,3102.777709,1861.666598,0
86,6,20,244784,17,1861.666598,4654.166598,0
86,20,6,244784,17,4654.166598,1861.666598,0
86,6,21,244784,17,1861.666598,3102.777709,0
86,21,6,244784,17,3102.777709,1861.666598,0
86,7,9,244784,17,1329.761836,4654.166598,0
86,9,7,244784,17,4654.166598,1329.761836,0
86,7,11,244784,17,1329.761836,1861.666598,0
86,11,7,244784,17,1861.666598,1329.761836,0
86,7,17,244784,17,1329.761836,3102.777709,0
86,17,7,244784,17,3102.777709,1329.761836,0
86,7,18,244784,17,1329.761836,4654.166598,0
86,18,7,244784,17,4654.166598,1329.761836,0
86,7,21,244784,17,1329.761836,3102.777709,0
86,21,7,244784,17,3102.777709,1329.761836,0
86,7,27,244784,17,1329.761836,4654.166598,0
86,27,7,244784,17,4654.166598,1329.761836,0
86,8,10,244784,17,2327.083265,2327.083265,0
86,10,8,244784,17,2327.083265,2327.083265,0
86,8,22,244784,17,2327.083265,2327.083265,0
86,22,8,244784,17,2327.083265,2327.083265,0
86,8,23,244784,17,2327.083265,1163.541598,0
86,23,8,244784,17,1163.541598,2327.083265,0
86,8,29,244784,17,2327.083265,3102.777709,0
86,29,8,244784,17,3102.777709,2327.083265,0
86,9,15,244784,17,4654.166598,1551.388821,0
86,15,9,244784,17,1551.388821,4654.166598,0
86,10,15,244784,17,2327.083265,1551.388821,0
86,15,10,244784,17,1551.388821,2327.083265,0
86,10,19,244784,17,2327.083265,4654.166598,0
86,19,10,244784,17,4654.166598,2327.083265,0
86,11,14,244784,17,1861.666598,3102.777709,0
86,14,11,244784,17,3102.777709,1861.666598,0
86,11,24,244784,17,1861.666598,1861.666598,0
86,24,11,244784,17,1861.666598,1861.666598,0
86,11,25,244784,17,1861.666598,1551.388821,0
86,25,11,244784,17,1551.388821,1861.666598,0
86,13,23,244784,17,3102.777709,1163.541598,0
86,23,13,244784,17,1163.541598,3102.777709,0
86,13,29,244784,17,3102.777709,3102.777709,0
86,29,13,244784,17,3102.777709,3102.777709,0
86,14,16,244784,17,3102.777709,1861.666598,0
86,16,14,244784,17,1861.666598,3102.777709,0
86,14,23,244784,17,3102.777709,1163.541598,0
86,23,14,244784,17,1163.541598,3102.777709,0
86,15,22,244784,17,1551.388821,2327.083265,0
86,22,15,244784,17,2327.083265,1551.388821,0
86,16,22,244784,17,1861.666598,2327.083265,0
86,22,16,244784,17,2327.083265,1861.666598,0
86,16,24,244784,17,1861.666598,1861.666598,0
86,24,16,244784,17,1861.666598,1861.666598,0
86,18,21,244784,17,4654.166598,3102.777709,0
86,21,18,244784,17,3102.777709,4654.166598,0
86,20,25,244784,17,4654.166598,1551.388821,0
86,25,20,244784,17,1551.388821,4654.166598,0
86,23,26,244784,17,1163.541598,4654.166598,0
86,26,23,244784,17,4654.166598,1163.541598,0
86,23,28,244784,17,1163.541598,2327.083265,0
86,28,23,244784,17,2327.083265,1163.541598,0
86,24,25,244784,17,1861.666598,1551.388821,0
86,25,24,244784,17,1551.388821,1861.666598,0
86,24,29,244784,17,1861.666598,3102.777709,0
86,29,24,244784,17,3102.777709,1861.666598,0
86,25,28,244784,17,1551.388821,2327.083265,0
86,28,25,244784,17,2327.083265,1551.388821,0
86,26,28,244784,17,4654.166598,2327.083265,0
86,28,26,244784,17,2327.083265,4654.166598,0
87,0,12,244784,17,3102.777709,3102.777709,0
87,12,0,244784,17,3102.777709,3102.777709,0
87,0,23,244784,17,3102.777709,1163.541598,0
87,23,0,244784,17,1163.541598,3102.777709,0
87,0,25,244784,17,3102.777709,1551.388821,0
87,25,0,244784,17,1551.388821,3102.777709,0
87,1,7,244784,17,1329.761836,1329.761836,0
87,7,1,244784,17,1329.761836,1329.761836,0
87,1,10,244784,17,1329.761836,2327.083265,0
87,10,1,244784,17,2327.083265,1329.761836,0
87,1,12,244784,17,1329.761836,3102.777709,0
87,12,1,244784,17,3102.777709,1329.761836,0
87,1,13,244784,17,1329.761836,3102.777709,0
87,13,1,244784,17,3102.777709,1329.761836,0
87,1,22,244784,17,1329.761836,2327.083265,0
87,22,1,244784,17,2327.083265,1329.761836,0
87,1,24,244784,17,1329.761836,1861.666598,0
87,24,1,244784,17,1861.666598,1329.761836,0
87,1,25,244784,17,1329.761836,1551.388821,0
87,25,1,244784,17,1551.388821,1329.761836,0
87,2,5,244784,17,1329.761836,4654.166598,0
87,5,2,244784,17,4654.166598,1329.761836,0
87,2,11,244784,17,1329.761836,1861.666598,0
87,11,2,244784,17,1861.666598,1329.761836,0
87,2,16,244784,17,1329.761836,1861.666598,0
87,16,2,244784,17,1861.666598,1329.761836,0
87,2,17,244784,17,1329.761836,3102.777709,0
87,17,2,244784,17,3102.777709,1329.761836,0
87,2,19,244784,17,1329.761836,4654.166598,0
87,19,2,244784,17,4654.166598,1329.761836,0
87,2,23,244784,17,1329.761836,1163.541598,0
87,23,2,244784,17,1163.541598,1329.761836,0
87,2,27,244784,17,1329.761836,4654.166598,0
87,27,2,244784,17,4654.166598,1329.761836,0
87,3,15,244784,17,4654.166598,1551.388821,0
87,15,3,244784,17,1551.388821,4654.166598,0
87,3,28,244784,17,4654.166598,2327.083265,0
87,28,3,244784,17,2327.083265,4654.166598,0
87,4,15,244784,17,4654.166598,1551.388821,0
87,15,4,244784,17,1551.388821,4654.166598,0
87,4,23,244784,17,4654.166598,1163.541598,0
87,23,4,244784,17,1163.541598,4654.166598,0
87,5,16,244784,17,4654.166598,1861.666598,0
87,16,5,244784,17,1861.666598,4654.166598,0
87,6,12,244784,17,1861.666598,3102.777709,0
87,12,6,244784,17,3102.777709,1861.666598,0
87,6,15,244784,17,1861.666598,1551.388821,0
87,15,6,244784,17,1551.388821,1861.666598,0
87,6,17,244784,17,1861.666598,3102.777709,0
87,17,6,244784,17,3102.777709,1861.666598,0
87,6,20,244784,17,1861.666598,4654.166598,0
87,20,6,244784,17,4654.166598,1861.666598,0
87,6,21,244784,17,1861.666598,3102.777709,0
87,21,6,244784,17,3102.777709,1861.666598,0
87,7,9,244784,17,1329.761836,4654.166598,0
87,9,7,244784,17,4654.166598,1329.761836,0
87,7,11,244784,17,1329.761836,1861.666598,0
87,11,7,244784,17,1861.666598,1329.761836,0
87,7,17,244784,17,1329.761836,3102.777709,0
87,17,7,244784,17,3102.777709,1329.761836,0
87,7,18,244784,17,1329.761836,4654.166598,0
87,18,7,244784,17,4654.166598,1329.761836,0
87,7,21,244784,17,1329.761836,3102.777709,0
87,21,7,244784,17,3102.777709,1329.761836,0
87,7,27,244784,17,1329.761836,4654.166598,0
87,27,7,244784,17,4654.166598,1329.761836,0
87,8,10,244784,17,2327.083265,2327.083265,0
87,10,8,244784,17,2327.083265,2327.083265,0
87,8,22,244784,17,2327.083265,2327.083265,0
87,22,8,244784,17,2327.083265,2327.083265,0
87,8,23,244784,17,2327.083265,1163.541598,0
87,23,8,244784,17,1163.541598,2327.083265,0
87,8,29,244784,17,2327.083265,3102.777709,0
87,29,8,244784,17,3102.777709,2327.083265,0
87,9,15,244784,17,4654.166598,1551.388821,0
87,15,9,244784,17,1551.388821,4654.166598,0
87,10,15,244784,17,2327.083265,1551.388821,0
87,15,10,244784,17,1551.388821,2327.083265,0
87,10,19,244784,17,2327.083265,4654.166598,0
87,19,10,244784,17,4654.166598,2327.083265,0
87,11,14,244784,17,1861.666598,3102.777709,0
87,14,11,244784,17,3102.777709,1861.666598,0
87,11,24,244784,17,1861.666598,1861.666598,0
87,24,11,244784,17,1861.666598,1861.666598,0
87,11,25,244784,17,1861.666598,1551.388821,0
87,25,11,244784,17,1551.388821,1861.666598,0
87,13,23,244784,17,3102.777709,1163.541598,0
87,23,13,244784,17,1163.541598,3102.777709,0
87,13,29,244784,17,3102.777709,3102.777709,0
87,29,13,244784,17,3102.777709,3102.777709,0
87,14,16,244784,17,3102.777709,1861.666598,0
87,16,14,244784,17,1861.666598,3102.777709,0
87,14,23,244784,17,3102.777709,1163.541598,0
87,23,14,244784,17,1163.541598,3102.777709,0
87,15,22,244784,17,1551.388821,2327.083265,0
87,22,15,244784,17,2327.083265,1551.388821,0
87,16,22,244784,17,1861.666598,2327.083265,0
87,22,16,244784,17,2327.083265,1861.666598,0
87,16,24,244784,17,1861.666598,1861.666598,0
87,24,16,244784,17,1861.666598,1861.666598,0
87,18,21,244784,17,4654.166598,3102.777709,0
87,21,18,244784,17,3102.777709,4654.166598,0
87,20,25,244784,17,4654.166598,1551.388821,0
87,25,20,244784,17,1551.388821,4654.166598,0
87,23,26,244784,17,1163.541598,4654.166598,0
87,26,23,244784,17,4654.166598,1163.541598,0
87,23,28,244784,17,1163.541598,2327.083265,0
87,28,23,244784,17,2327.083265,1163.541598,0
87,24,25,244784,17,1861.666598,1551.388821,0
87,25,24,244784,17,1551.388821,1861.666598,0
87,24,29,244784,17,1861.666598,3102.777709,0
87,29,24,244784,17,3102.777709,1861.666598,0
87,25,28,244784,17,1551.388821,2327.083265,0
87,28,25,244784,17,2327.083265,1551.388821,0
87,26,28,244784,17,4654.166598,2327.083265,0
87,28,26,244784,17,2327.083265,4654.166598,0
88,0,12,244784,17,3099.999932,3099.999932,0
88,12,0,244784,17,3099.999932,3099.999932,0
88,0,23,244784,17,3099.999932,1162.499932,0
88,23,0,244784,17,1162.499932,3099.999932,0
88,0,25,244784,17,3099.999932,1549.999932,0
88,25,0,244784,17,1549.999932,3099.999932,0
88,1,7,244784,17,1328.571360,1328.571360,0
88,7,1,244784,17,1328.571360,1328.571360,0
88,1,10,244784,17,1328.571360,2324.999932,0
88,10,1,244784,17,2324.999932,1328.571360,0
88,1,12,244784,17,1328.571360,3099.999932,0
88,12,1,244784,17,3099.999932,1328.571360,0
88,1,13,244784,17,1328.571360,3099.999932,0
88,13,1,244784,17,3099.999932,1328.571360,0
88,1,22,244784,17,1328.571360,2324.999932,0
88,22,1,244784,17,2324.999932,1328.571360,0
88,1,24,244784,17,1328.571360,1859.999932,0
88,24,1,244784,17,1859.999932,1328.571360,0
88,1,25,244784,17,1328.571360,1549.999932,0
88,25,1,244784,17,1549.999932,1328.571360,0
88,2,5,244784,17,1328.571360,4649.999932,0
88,5,2,244784,17,4649.999932,1328.571360,0
88,2,11,244784,17,1328.571360,1859.999932,0
88,11,2,244784,17,1859.999932,1328.571360,0
88,2,16,244784,17,1328.571360,1859.999932,0
88,16,2,244784,17,1859.999932,1328.571360,0
88,2,17,244784,17,1328.571360,3099.999932,0
88,17,2,244784,17,3099.999932,1328.571360,0
88,2,19,244784,17,1328.571360,4649.999932,0
88,19,2,244784,17,4649.999932,1328.571360,0
88,2,23,244784,17,1328.571360,1162.499932,0
88,23,2,244784,17,1162.499932,1328.571360,0
88,2,27,244784,17,1328.571360,4649.999932,0
88,27,2,244784,17,4649.999932,1328.571360,0
88,3,15,244784,17,4649.999932,1549.999932,0
88,15,3,244784,17,1549.999932,4649.999932,0
88,3,28,244784,17,4649.999932,2324.999932,0
88,28,3,244784,17,2324.999932,4649.999932,0
88,4,15,244784,17,4649.999932,1549.999932,0
88,15,4,244784,17,1549.999932,4649.999932,0
88,4,23,244784,17,4649.999932,1162.499932,0
88,23,4,244784,17,1162.499932,4649.999932,0
88,5,16,244784,17,4649.999932,1859.999932,0
88,16,5,244784,17,1859.999932,4649.999932,0
88,6,12,244784,17,1859.999932,3099.999932,0
88,12,6,244784,17,3099.999932,1859.999932,0
88,6,15,244784,17,1859.999932,1549.999932,0
88,15,6,244784,17,1549.999932,1859.999932,0
88,6,17,244784,17,1859.999932,3099.999932,0
88,17,6,244784,17,3099.999932,1859.999932,0
88,6,20,244784,17,1859.999932,4649.999932,0
88,20,6,244784,17,4649.999932,1859.999932,0
88,6,21,244784,17,1859.999932,3099.999932,0
88,21,6,244784,17,3099.999932,1859.999932,0
88,7,9,244784,17,1328.571360,4649.999932,0
88,9,7,244784,17,4649.999932,1328.571360,0
88,7,11,244784,17,1328.571360,1859.999932,0
88,11,7,244784,17,1859.999932,1328.571360,0
88,7,17,244784,17,1328.571360,3099.999932,0
88,17,7,244784,17,3099.999932,1328.571360,0
88,7,18,244784,17,1328.571360,4649.999932,0
88,18,7,244784,17,4649.999932,1328.571360,0
88,7,21,244784,17,1328.571360,3099.999932,0
88,21,7,244784,17,3099.999932,1328.571360,0
88,7,27,244784,17,1328.571360,4649.999932,0
88,27,7,244784,17,4649.999932,1328.571360,0
88,8,10,244784,17,2324.999932,2324.999932,0
88,10,8,244784,17,2324.999932,2324.999932,0
88,8,22,244784,17,2324.999932,2324.999932,0
88,22,8,244784,17,2324.999932,2324.999932,0
88,8,23,244784,17,2324.999932,1162.499932,0
88,23,8,244784,17,1162.499932,2324.999932,0
88,8,29,244784,17,2324.999932,3099.999932,0
88,29,8,244784,17,3099.999932,2324.999932,0
88,9,15,244784,17,4649.999932,1549.999932,0
88,15,9,244784,17,1549.999932,4649.999932,0
88,10,15,244784,17,2324.999932,1549.999932,0
88,15,10,244784,17,1549.999932,2324.999932,0
88,10,19,244784,17,2324.999932,4649.999932,0
88,19,10,244784,17,4649.999932,2324.999932,0
88,11,14,244784,17,1859.999932,3099.999932,0
88,14,11,244784,17,3099.999932,1859.999932,0
88,11,24,244784,17,1859.999932,1859.999932,0
88,24,11,244784,17,1859.999932,1859.999932,0
88,11,25,244784,17,1859.999932,1549.999932,0
88,25,11,244784,17,1549.999932,1859.999932,0
88,13,23,244784,17,3099.999932,1162.499932,0
88,23,13,244784,17,1162.499932,3099.999932,0
88,13,29,244784,17,3099.999932,3099.999932,0
88,29,13,244784,17,3099.999932,3099.999932,0
88,14,16,244784,17,3099.999932,1859.999932,0
88,16,14,244784,17,1859.999932,3099.999932,0
88,14,23,244784,17,3099.999932,1162.499932,0
88,23,14,244784,17,1162.499932,3099.999932,0
88,15,22,244784,17,1549.999932,2324.999932,0
88,22,15,244784,17,2324.999932,1549.999932,0
88,16,22,244784,17,1859.999932,2324.999932,0
88,22,16,244784,17,2324.999932,1859.999932,0
88,16,24,244784,17,1859.999932,1859.999932,0
88,24,16,244784,17,1859.999932,1859.999932,0
88,18,21,244784,17,4649.999932,3099.999932,0
88,21,18,244784,17,3099.999932,4649.999932,0
88,20,25,244784,17,4649.999932,1549.999932,0
88,25,20,244784,17,1549.999932,4649.999932,0
88,23,26,244784,17,1162.499932,4649.999932,0
88,26,23,244784,17,4649.999932,1162.499932,0
88,23,28,244784,17,1162.499932,2324.999932,0
88,28,23,244784,17,2324.999932,1162.499932,0
88,24,25,244784,17,1859.999932,1549.999932,0
88,25,24,244784,17,1549.999932,1859.999932,0
88,24,29,244784,17,1859.999932,3099.999932,0
88,29,24,244784,17,3099.999932,1859.999932,0
88,25,28,244784,17,1549.999932,2324.999932,0
88,28,25,244784,17,2324.999932,1549.999932,0
88,26,28,244784,17,4649.999932,2324.999932,0
88,28,26,244784,17,2324.999932,4649.999932,0
89,0,12,244784,17,3102.777709,3102.777709,0
89,12,0,244784,17,3102.777709,3102.777709,0
89,0,23,244784,17,3102.777709,1163.541598,0
89,23,0,244784,17,1163.541598,3102.777709,0
89,0,25,244784,17,3102.777709,1551.388821,0
89,25,0,244784,17,1551.388821,3102.777709,0
89,1,7,244784,17,1329.761836,1329.761836,0
89,7,1,244784,17,1329.761836,1329.761836,0
89,1,10,244784,17,1329.761836,2327.083265,0
89,10,1,244784,17,2327.083265,1329.761836,0
89,1,12,244784,17,1329.761836,3102.777709,0
89,12,1,244784,17,3102.777709,1329.761836,0
89,1,13,244784,17,1329.761836,3102.777709,0
89,13,1,244784,17,3102.777709,1329.761836,0
89,1,22,244784,17,1329.761836,2327.083265,0
89,22,1,244784,17,2327.083265,1329.761836,0
89,1,24,244784,17,1329.761836,1861.666598,0
89,24,1,244784,17,1861.666598,1329.761836,0
89,1,25,244784,17,1329.761836,1551.388821,0
89,25,1,244784,17,1551.388821,1329.761836,0
89,2,5,244784,17,1329.761836,4654.166598,0
89,5,2,244784,17,4654.166598,1329.761836,0
89,2,11,244784,17,1329.761836,1861.666598,0
89,11,2,244784,17,1861.666598,1329.761836,0
89,2,16,244784,17,1329.761836,1861.666598,0
89,16,2,244784,17,1861.666598,1329.761836,0
89,2,17,244784,17,1329.761836,3102.777709,0
89,17,2,244784,17,3102.777709,1329.761836,0
89,2,19,244784,17,1329.761836,4654.166598,0
89,19,2,244784,17,4654.166598,1329.761836,0
89,2,23,244784,17,1329.761836,1163.541598,0
89,23,2,244784,17,1163.541598,1329.761836,0
89,2,27,244784,17,1329.761836,4654.166598,0
89,27,2,244784,17,4654.166598,1329.761836,0
89,3,15,244784,17,4654.166598,1551.388821,0
89,15,3,244784,17,1551.388821,4654.166598,0
89,3,28,244784,17,4654.166598,2327.083265,0
89,28,3,244784,17,2327.083265,4654.166598,0
89,4,15,244784,17,4654.166598,1551.388821,0
89,15,4,244784,17,1551.388821,4654.166598,0
89,4,23,244784,17,4654.166598,1163.541598,0
89,23,4,244784,17,1163.541598,4654.166598,0
89,5,16,244784,17,4654.166598,1861.666598,0
89,16,5,244784,17,1861.666598,4654.166598,0
89,6,12,244784,17,1861.666598,3102.777709,0
89,12,6,244784,17,3102.777709,1861.666598,0
89,6,15,244784,17,1861.666598,1551.388821,0
89,15,6,244784,17,1551.388821,1861.666598,0
89,6,17,244784,17,1861.666598,3102.777709,0
89,17,6,244784,17,3102.777709,1861.666598,0
89,6,20,244784,17,1861.666598,4654.166598,0
89,20,6,244784,17,4654.166598,1861.666598,0
89,6,21,244784,17,1861.666598,3102.777709,0
89,21,6,244784,17,3102.777709,1861.666598,0
89,7,9,244784,17,1329.761836,4654.166598,0
89,9,7,244784,17,4654.166598,1329.761836,0
89,7,11,244784,17,1329.761836,1861.666598,0
89,11,7,244784,17,1861.666598,1329.761836,0
89,7,17,244784,17,1329.761836,3102.777709,0
89,17,7,244784,17,3102.777709,1329.761836,0
89,7,18,244784,17,1329.761836,4654.166598,0
89,18,7,244784,17,4654.166598,1329.761836,0
89,7,21,244784,17,1329.761836,3102.777709,0
89,21,7,244784,17,3102.777709,1329.761836,0
89,7,27,244784,17,1329.761836,4654.166598,0
89,27,7,244784,17,4654.166598,1329.761836,0
89,8,10,244784,17,2327.083265,2327.083265,0
89,10,8,244784,17,2327.083265,2327.083265,0
89,8,22,244784,17,2327.083265,2327.083265,0
89,22,8,244784,17,2327.083265,2327.083265,0
89,8,23,244784,17,2327.083265,1163.541598,0
89,23,8,244784,17,1163.541598,2327.083265,0
89,8,29,244784,17,2327.083265,3102.777709,0
89,29,8,244784,17,3102.777709,2327.083265,0
89,9,15,244784,17,4654.166598,1551.388821,0
89,15,9,244784,17,1551.388821,4654.166598,0
89,10,15,244784,17,2327.083265,1551.388821,0
89,15,10,244784,17,1551.388821,2327.083265,0
89,10,19,244784,17,2327.083265,4654.166598,0
89,19,10,244784,17,4654.166598,2327.083265,0
89,11,14,244784,17,1861.666598,3102.777709,0
89,14,11,244784,17,3102.777709,1861.666598,0
89,11,24,244784,17,1861.666598,1861.666598,0
89,24,11,244784,17,1861.666598,1861.666598,0
89,11,25,244784,17,1861.666598,1551.388821,0
89,25,11,244784,17,1551.388821,1861.666598,0
89,13,23,244784,17,3102.777709,1163.541598,0
89,23,13,244784,17,1163.541598,3102.777709,0
89,13,29,244784,17,3102.777709,3102.777709,0
89,29,13,244784,17,3102.777709,3102.777709,0
89,14,16,244784,17,3102.777709,1861.666598,0
89,16,14,244784,17,1861.666598,3102.777709,0
89,14,23,244784,17,3102.777709,1163.541598,0
89,23,14,244784,17,1163.541598,3102.777709,0
89,15,22,244784,17,1551.388821,2327.083265,0
89,22,15,244784,17,2327.083265,1551.388821,0
89,16,22,244784,17,1861.666598,2327.083265,0
89,22,16,244784,17,2327.083265,1861.666598,0
89,16,24,244784,17,1861.666598,1861.666598,0
89,24,16,244784,17,1861.666598,1861.666598,0
89,18,21,244784,17,4654.166598,3102.777709,0
89,21,18,244784,17,3102.777709,4654.166598,0
89,20,25,244784,17,4654.166598,1551.388821,0
89,25,20,244784,17,1551.388821,4654.166598,0
89,23,26,244784,17,1163.541598,4654.166598,0
89,26,23,244784,17,4654.166598,1163.541598,0
89,23,28,244784,17,1163.541598,2327.083265,0
89,28,23,244784,17,2327.083265,1163.541598,0
89,24,25,244784,17,1861.666598,1551.388821,0
89,25,24,244784,17,1551.388821,1861.666598,0
89,24,29,244784,17,1861.666598,3102.777709,0
89,29,24,244784,17,3102.777709,1861.666598,0
89,25,28,244784,17,1551.388821,2327.083265,0
89,28,25,244784,17,2327.083265,1551.388821,0
89,26,28,244784,17,4654.166598,2327.083265,0
89,28,26,244784,17,2327.083265,4654.166598,0
90,0,12,244784,17,3099.999932,2324.999932,0
90,12,0,244784,17,2324.999932,3099.999932,0
90,0,23,244784,17,3099.999932,1162.499932,0
90,23,0,244784,17,1162.499932,3099.999932,0
90,0,25,244784,17,3099.999932,1549.999932,0
90,25,0,244784,17,1549.999932,3099.999932,0
90,1,7,244784,17,1328.571360,1328.571360,0
90,7,1,244784,17,1328.571360,1328.571360,0
90,1,10,244784,17,1328.571360,2324.999932,0
90,10,1,244784,17,2324.999932,1328.571360,0
90,1,12,244784,17,1328.571360,2324.999932,0
90,12,1,244784,17,2324.999932,1328.571360,0
90,1,13,244784,17,1328.571360,3099.999932,0
90,13,1,244784,17,3099.999932,1328.571360,0
90,1,22,244784,17,1328.571360,2324.999932,0
90,22,1,244784,17,2324.999932,1328.571360,0
90,1,24,244784,17,1328.571360,1859.999932,0
90,24,1,244784,17,1859.999932,1328.571360,0
90,1,25,244784,17,1328.571360,1549.999932,0
90,25,1,244784,17,1549.999932,1328.571360,0
90,2,5,244784,17,1328.571360,3099.999932,0
90,5,2,244784,17,3099.999932,1328.571360,0
90,2,11,244784,17,1328.571360,1859.999932,0
90,11,2,244784,17,1859.999932,1328.571360,0
90,2,16,244784,17,1328.571360,1859.999932,0
90,16,2,244784,17,1859.999932,1328.571360,0
90,2,17,244784,17,1328.571360,3099.999932,0
90,17,2,244784,17,3099.999932,1328.571360,0
90,2,19,244784,17,1328.571360,4649.999932,0
90,19,2,244784,17,4649.999932,1328.571360,0
90,2,23,244784,17,1328.571360,1162.499932,0
90,23,2,244784,17,1162.499932,1328.571360,0
90,2,27,244784,17,1328.571360,4649.999932,0
90,27,2,244784,17,4649.999932,1328.571360,0
90,3,5,244784,17,4649.999932,3099.999932,0
90,5,3,244784,17,3099.999932,4649.999932,0
90,3,15,244784,17,4649.999932,1549.999932,0
90,15,3,244784,17,1549.999932,4649.999932,0
90,4,15,244784,17,4649.999932,1549.999932,0
90,15,4,244784,17,1549.999932,4649.999932,0
90,4,23,244784,17,4649.999932,1162.499932,0
90,23,4,244784,17,1162.499932,4649.999932,0
90,5,16,244784,17,3099.999932,1859.999932,0
90,16,5,244784,17,1859.999932,3099.999932,0
90,6,12,244784,17,1859.999932,2324.999932,0
90,12,6,244784,17,2324.999932,1859.999932,0
90,6,15,244784,17,1859.999932,1549.999932,0
90,15,6,244784,17,1549.999932,1859.999932,0
90,6,17,244784,17,1859.999932,3099.999932,0
90,17,6,244784,17,3099.999932,1859.999932,0
90,6,20,244784,17,1859.999932,4649.999932,0
90,20,6,244784,17,4649.999932,1859.999932,0
90,6,21,244784,17,1859.999932,3099.999932,0
90,21,6,244784,17,3099.999932,1859.999932,0
90,7,9,244784,17,1328.571360,4649.999932,0
90,9,7,244784,17,4649.999932,1328.571360,0
90,7,11,244784,17,1328.571360,1859.999932,0
90,11,7,244784,17,1859.999932,1328.571360,0
90,7,17,244784,17,1328.571360,3099.999932,0
90,17,7,244784,17,3099.999932,1328.571360,0
90,7,18,244784,17,1328.571360,4649.999932,0
90,18,7,244784,17,4649.999932,1328.571360,0
90,7,21,244784,17,1328.571360,3099.999932,0
90,21,7,244784,17,3099.999932,1328.571360,0
90,7,27,244784,17,1328.571360,4649.999932,0
90,27,7,244784,17,4649.999932,1328.571360,0
90,8,10,244784,17,2324.999932,2324.999932,0
90,10,8,244784,17,2324.999932,2324.999932,0
90,8,22,244784,17,2324.999932,2324.999932,0
90,22,8,244784,17,2324.999932,2324.999932,0
90,8,23,244784,17,2324.999932,1162.499932,0
90,23,8,244784,17,1162.499932,2324.999932,0
90,8,29,244784,17,2324.999932,3099.999932,0
90,29,8,244784,17,3099.999932,2324.999932,0
90,9,15,244784,17,4649.999932,1549.999932,0
90,15,9,244784,17,1549.999932,4649.999932,0
90,10,15,244784,17,2324.999932,1549.999932,0
90,15,10,244784,17,1549.999932,2324.999932,0
90,10,19,244784,17,2324.999932,4649.999932,0
90,19,10,244784,17,4649.999932,2324.999932,0
90,11,14,244784,17,1859.999932,3099.999932,0
90,14,11,244784,17,3099.999932,1859.999932,0
90,11,24,244784,17,1859.999932,1859.999932,0
90,24,11,244784,17,1859.999932,1859.999932,0
90,11,25,244784,17,1859.999932,1549.999932,0
90,25,11,244784,17,1549.999932,1859.999932,0
90,12,26,244784,17,2324.999932,4649.999932,0
90,26,12,244784,17,4649.999932,2324.999932,0
90,13,23,244784,17,3099.999932,1162.499932,0
90,23,13,244784,17,1162.499932,3099.999932,0
90,13,29,244784,17,3099.999932,3099.999932,0
90,29,13,244784,17,3099.999932,3099.999932,0
90,14,16,244784,17,3099.999932,1859.999932,0
90,16,14,244784,17,1859.999932,3099.999932,0
90,14,23,244784,17,3099.999932,1162.499932,0
90,23,14,244784,17,1162.499932,3099.999932,0
90,15,22,244784,17,1549.999932,2324.999932,0
90,22,15,244784,17,2324.999932,1549.999932,0
90,16,22,244784,17,1859.999932,2324.999932,0
90,22,16,244784,17,2324.999932,1859.999932,0
90,16,24,244784,17,1859.999932,1859.999932,0
90,24,16,244784,17,1859.999932,1859.999932,0
90,18,21,244784,17,4649.999932,3099.999932,0
90,21,18,244784,17,3099.999932,4649.999932,0
90,20,25,244784,17,4649.999932,1549.999932,0
90,25,20,244784,17,1549.999932,4649.999932,0
90,23,26,244784,17,1162.499932,4649.999932,0
90,26,23,244784,17,4649.999932,1162.499932,0
90,23,28,244784,17,1162.499932,4649.999932,0
90,28,23,244784,17,4649.999932,1162.499932,0
90,24,25,244784,17,1859.999932,1549.999932,0
90,25,24,244784,17,1549.999932,1859.999932,0
90,24,29,244784,17,1859.999932,3099.999932,0
90,29,24,244784,17,3099.999932,1859.999932,0
90,25,28,244784,17,1549.999932,4649.999932,0
90,28,25,244784,17,4649.999932,1549.999932,0
91,0,12,244784,17,3102.777709,2327.083265,0
91,12,0,244784,17,2327.083265,3102.777709,0
91,0,23,244784,17,3102.777709,1163.541598,0
91,23,0,244784,17,1163.541598,3102.777709,0
91,0,25,244784,17,3102.777709,1551.388821,0
91,25,0,244784,17,1551.388821,3102.777709,0
91,1,7,244784,17,1329.761836,1329.761836,0
91,7,1,244784,17,1329.761836,1329.761836,0
91,1,10,244784,17,1329.761836,2327.083265,0
91,10,1,244784,17,2327.083265,1329.761836,0
91,1,12,244784,17,1329.761836,2327.083265,0
91,12,1,244784,17,2327.083265,1329.761836,0
91,1,13,244784,17,1329.761836,3102.777709,0
91,13,1,244784,17,3102.777709,1329.761836,0
91,1,22,244784,17,1329.761836,2327.083265,0
91,22,1,244784,17,2327.083265,1329.761836,0
91,1,24,244784,17,1329.761836,1861.666598,0
91,24,1,244784,17,1861.666598,1329.761836,0
91,1,25,244784,17,1329.761836,1551.388821,0
91,25,1,244784,17,1551.388821,1329.761836,0
91,2,5,244784,17,1329.761836,3102.777709,0
91,5,2,244784,17,3102.777709,1329.761836,0
91,2,11,244784,17,1329.761836,1861.666598,0
91,11,2,244784,17,1861.666598,1329.761836,0
91,2,16,244784,17,1329.761836,1861.666598,0
91,16,2,244784,17,1861.666598,1329.761836,0
91,2,17,244784,17,1329.761836,3102.777709,0
91,17,2,244784,17,3102.777709,1329.761836,0
91,2,19,244784,17,1329.761836,4654.166598,0
91,19,2,244784,17,4654.166598,1329.761836,0
91,2,23,244784,17,1329.761836,1163.541598,0
91,23,2,244784,17,1163.541598,1329.761836,0
91,2,27,244784,17,1329.761836,4654.166598,0
91,27,2,244784,17,4654.166598,1329.761836,0
91,3,5,244784,17,4654.166598,3102.777709,0
91,5,3,244784,17,3102.777709,4654.166598,0
91,3,15,244784,17,4654.166598,1551.388821,0
91,15,3,244784,17,1551.388821,4654.166598,0
91,4,15,244784,17,4654.166598,1551.388821,0
91,15,4,244784,17,1551.388821,4654.166598,0
91,4,23,244784,17,4654.166598,1163.541598,0
91,23,4,244784,17,1163.541598,4654.166598,0
91,5,16,244784,17,3102.777709,1861.666598,0
91,16,5,244784,17,1861.666598,3102.777709,0
91,6,12,244784,17,1861.666598,2327.083265,0
91,12,6,244784,17,2327.083265,1861.666598,0
91,6,15,244784,17,1861.666598,1551.388821,0
91,15,6,244784,17,1551.388821,1861.666598,0
91,6,17,244784,17,1861.666598,3102.777709,0
91,17,6,244784,17,3102.777709,1861.666598,0
91,6,20,244784,17,1861.666598,4654.166598,0
91,20,6,244784,17,4654.166598,1861.666598,0
91,6,21,244784,17,1861.666598,3102.777709,0
91,21,6,244784,17,3102.777709,1861.666598,0
91,7,9,244784,17,1329.761836,4654.166598,0
91,9,7,244784,17,4654.166598,1329.761836,0
91,7,11,244784,17,1329.761836,1861.666598,0
91,11,7,244784,17,1861.666598,1329.761836,0
91,7,17,244784,17,1329.761836,3102.777709,0
91,17,7,244784,17,3102.777709,1329.761836,0
91,7,18,244784,17,1329.761836,4654.166598,0
91,18,7,244784,17,4654.166598,1329.761836,0
91,7,21,244784,17,1329.761836,3102.777709,0
91,21,7,244784,17,3102.777709,1329.761836,0
91,7,27,244784,17,1329.761836,4654.166598,0
91,27,7,244784,17,4654.166598,1329.761836,0
91,8,10,244784,17,2327.083265,2327.083265,0
91,10,8,244784,17,2327.083265,2327.083265,0
91,8,22,244784,17,2327.083265,2327.083265,0
91,22,8,244784,17,2327.083265,2327.083265,0
91,8,23,244784,17,2327.083265,1163.541598,0
91,23,8,244784,17,1163.541598,2327.083265,0
91,8,29,244784,17,2327.083265,3102.777709,0
91,29,8,244784,17,3102.777709,2327.083265,0
91,9,15,244784,17,4654.166598,1551.388821,0
91,15,9,244784,17,1551.388821,4654.166598,0
91,10,15,244784,17,2327.083265,1551.388821,0
91,15,10,244784,17,1551.388821,2327.083265,0
91,10,19,244784,17,2327.083265,4654.166598,0
91,19,10,244784,17,4654.166598,2327.083265,0
91,11,14,244784,17,1861.666598,3102.777709,0
91,14,11,244784,17,3102.777709,1861.666598,0
91,11,24,244784,17,1861.666598,1861.666598,0
91,24,11,244784,17,1861.666598,1861.666598,0
91,11,25,244784,17,1861.666598,1551.388821,0
91,25,11,244784,17,1551.388821,1861.666598,0
91,12,26,244784,17,2327.083265,4654.166598,0
91,26,12,244784,17,4654.166598,2327.083265,0
91,13,23,244784,17,3102.777709,1163.541598,0
91,23,13,244784,17,1163.541598,3102.777709,0
91,13,29,244784,17,3102.777709,3102.777709,0
91,29,13,244784,17,3102.777709,3102.777709,0
91,14,16,244784,17,3102.777709,1861.666598,0
91,16,14,244784,17,1861.666598,3102.777709,0
91,14,23,244784,17,3102.777709,1163.541598,0
91,23,14,244784,17,1163.541598,3102.777709,0
91,15,22,244784,17,1551.388821,2327.083265,0
91,22,15,244784,17,2327.083265,1551.388821,0
91,16,22,244784,17,1861.666598,2327.083265,0
91,22,16,244784,17,2327.083265,1861.666598,0
91,16,24,244784,17,1861.666598,1861.666598,0
91,24,16,244784,17,1861.666598,1861.666598,0
91,18,21,244784,17,4654.166598,3102.777709,0
91,21,18,244784,17,3102.777709,4654.166598,0
91,20,25,244784,17,4654.166598,1551.388821,0
91,25,20,244784,17,1551.388821,4654.166598,0
91,23,26,244784,17,1163.541598,4654.166598,0
91,26,23,244784,17,4654.166598,1163.541598,0
91,23,28,244784,17,1163.541598,4654.166598,0
91,28,23,244784,17,4654.166598,1163.541598,0
91,24,25,244784,17,1861.666598,1551.388821,0
91,25,24,244784,17,1551.388821,1861.666598,0
91,24,29,244784,17,1861.666598,3102.777709,0
91,29,24,244784,17,3102.777709,1861.666598,0
91,25,28,244784,17,1551.388821,4654.166598,0
91,28,25,244784,17,4654.166598,1551.388821,0
92,0,12,244784,17,3097.222154,2322.916598,0
92,12,0,244784,17,2322.916598,3097.222154,0
92,0,23,244784,17,3097.222154,1161.458265,0
92,23,0,244784,17,1161.458265,3097.222154,0
92,0,25,244784,17,3097.222154,1548.611043,0
92,25,0,244784,17,1548.611043,3097.222154,0
92,1,7,244784,17,1327.380884,1327.380884,0
92,7,1,244784,17,1327.380884,1327.380884,0
92,1,10,244784,17,1327.380884,2322.916598,0
92,10,1,244784,17,2322.916598,1327.380884,0
92,1,12,244784,17,1327.380884,2322.916598,0
92,12,1,244784,17,2322.916598,1327.380884,0
92,1,13,244784,17,1327.380884,3097.222154,0
92,13,1,244784,17,3097.222154,1327.380884,0
92,1,22,244784,17,1327.380884,2322.916598,0
92,22,1,244784,17,2322.916598,1327.380884,0
92,1,24,244784,17,1327.380884,1858.333265,0
92,24,1,244784,17,1858.333265,1327.380884,0
92,1,25,244784,17,1327.380884,1548.611043,0
92,25,1,244784,17,1548.611043,1327.380884,0
92,2,5,244784,17,1327.380884,3097.222154,0
92,5,2,244784,17,3097.222154,1327.380884,0
92,2,11,244784,17,1327.380884,1858.333265,0
92,11,2,244784,17,1858.333265,1327.380884,0
92,2,16,244784,17,1327.380884,1858.333265,0
92,16,2,244784,17,1858.333265,1327.380884,0
92,2,17,244784,17,1327.380884,3097.222154,0
92,17,2,244784,17,3097.222154,1327.380884,0
92,2,19,244784,17,1327.380884,4645.833265,0
92,19,2,244784,17,4645.833265,1327.380884,0
92,2,23,244784,17,1327.380884,1161.458265,0
92,23,2,244784,17,1161.458265,1327.380884,0
92,2,27,244784,17,1327.380884,4645.833265,0
92,27,2,244784,17,4645.833265,1327.380884,0
92,3,5,244784,17,4645.833265,3097.222154,0
92,5,3,244784,17,3097.222154,4645.833265,0
92,3,15,244784,17,4645.833265,1548.611043,0
92,15,3,244784,17,1548.611043,4645.833265,0
92,4,15,244784,17,4645.833265,1548.611043,0
92,15,4,244784,17,1548.611043,4645.833265,0
92,4,23,244784,17,4645.833265,1161.458265,0
92,23,4,244784,17,1161.458265,4645.833265,0
92,5,16,244784,17,3097.222154,1858.333265,0
92,16,5,244784,17,1858.333265,3097.222154,0
92,6,12,244784,17,1858.333265,2322.916598,0
92,12,6,244784,17,2322.916598,1858.333265,0
92,6,15,244784,17,1858.333265,1548.611043,0
92,15,6,244784,17,1548.611043,1858.333265,0
92,6,17,244784,17,1858.333265,3097.222154,0
92,17,6,244784,17,3097.222154,1858.333265,0
92,6,20,244784,17,1858.333265,4645.833265,0
92,20,6,244784,17,4645.833265,1858.333265,0
92,6,21,244784,17,1858.333265,3097.222154,0
92,21,6,244784,17,3097.222154,1858.333265,0
92,7,9,244784,17,1327.380884,4645.833265,0
92,9,7,244784,17,4645.833265,1327.380884,0
92,7,11,244784,17,1327.380884,1858.333265,0
92,11,7,244784,17,1858.333265,1327.380884,0
92,7,17,244784,17,1327.380884,3097.222154,0
92,17,7,244784,17,3097.222154,1327.380884,0
92,7,18,244784,17,1327.380884,4645.833265,0
92,18,7,244784,17,4645.833265,1327.380884,0
92,7,21,244784,17,1327.380884,3097.222154,0
92,21,7,244784,17,3097.222154,1327.380884,0
92,7,27,244784,17,1327.380884,4645.833265,0
92,27,7,244784,17,4645.833265,1327.380884,0
92,8,10,244784,17,2322.916598,2322.916598,0
92,10,8,244784,17,2322.916598,2322.916598,0
92,8,22,244784,17,2322.916598,2322.916598,0
92,22,8,244784,17,2322.916598,2322.916598,0
92,8,23,244784,17,2322.916598,1161.458265,0
92,23,8,244784,17,1161.458265,2322.916598,0
92,8,29,244784,17,2322.916598,3097.222154,0
92,29,8,244784,17,3097.222154,2322.916598,0
92,9,15,244784,17,4645.833265,1548.611043,0
92,15,9,244784,17,1548.611043,4645.833265,0
92,10,15,244784,17,2322.916598,1548.611043,0
92,15,10,244784,17,1548.611043,2322.916598,0
92,10,19,244784,17,2322.916598,4645.833265,0
92,19,10,244784,17,4645.833265,2322.916598,0
92,11,14,244784,17,1858.333265,3097.222154,0
92,14,11,244784,17,3097.222154,1858.333265,0
92,11,24,244784,17,1858.333265,1858.333265,0
92,24,11,244784,17,1858.333265,1858.333265,0
92,11,25,244784,17,1858.333265,1548.611043,0
92,25,11,244784,17,1548.611043,1858.333265,0
92,12,26,244784,17,2322.916598,4645.833265,0
92,26,12,244784,17,4645.833265,2322.916598,0
92,13,23,244784,17,3097.222154,1161.458265,0
92,23,13,244784,17,1161.458265,3097.222154,0
92,13,29,244784,17,3097.222154,3097.222154,0
92,29,13,244784,17,3097.222154,3097.222154,0
92,14,16,244784,17,3097.222154,1858.333265,0
92,16,14,244784,17,1858.333265,3097.222154,0
92,14,23,244784,17,3097.222154,1161.458265,0
92,23,14,244784,17,1161.458265,3097.222154,0
92,15,22,244784,17,1548.611043,2322.916598,0
92,22,15,244784,17,2322.916598,1548.611043,0
92,16,22,244784,17,1858.333265,2322.916598,0
92,22,16,244784,17,2322.916598,1858.333265,0
92,16,24,244784,17,1858.333265,1858.333265,0
92,24,16,244784,17,1858.333265,1858.333265,0
92,18,21,244784,17,4645.833265,3097.222154,0
92,21,18,244784,17,3097.222154,4645.833265,0
92,20,25,244784,17,4645.833265,1548.611043,0
92,25,20,244784,17,1548.611043,4645.833265,0
92,23,26,244784,17,1161.458265,4645.833265,0
92,26,23,244784,17,4645.833265,1161.458265,0
92,23,28,244784,17,1161.458265,4645.833265,0
92,28,23,244784,17,4645.833265,1161.458265,0
92,24,25,244784,17,1858.333265,1548.611043,0
92,25,24,244784,17,1548.611043,1858.333265,0
92,24,29,244784,17,1858.333265,3097.222154,0
92,29,24,244784,17,3097.222154,1858.333265,0
92,25,28,244784,17,1548.611043,4645.833265,0
92,28,25,244784,17,4645.833265,1548.611043,0
93,0,12,244784,17,3099.999932,2324.999932,0
93,12,0,244784,17,2324.999932,3099.999932,0
93,0,23,244784,17,3099.999932,1162.499932,0
93,23,0,244784,17,1162.499932,3099.999932,0
93,0,25,244784,17,3099.999932,1549.999932,0
93,25,0,244784,17,1549.999932,3099.999932,0
93,1,7,244784,17,1328.571360,1328.571360,0
93,7,1,244784,17,1328.571360,1328.571360,0
93,1,10,244784,17,1328.571360,2324.999932,0
93,10,1,244784,17,2324.999932,1328.571360,0
93,1,12,244784,17,1328.571360,2324.999932,0
93,12,1,244784,17,2324.999932,1328.571360,0
93,1,13,244784,17,1328.571360,3099.999932,0
93,13,1,244784,17,3099.999932,1328.571360,0
93,1,22,244784,17,1328.571360,2324.999932,0
93,22,1,244784,17,2324.999932,1328.571360,0
93,1,24,244784,17,1328.571360,1859.999932,0
93,24,1,244784,17,1859.999932,1328.571360,0
93,1,25,244784,17,1328.571360,1549.999932,0
93,25,1,244784,17,1549.999932,1328.571360,0
93,2,5,244784,17,1328.571360,3099.999932,0
93,5,2,244784,17,3099.999932,1328.571360,0
93,2,11,244784,17,1328.571360,1859.999932,0
93,11,2,244784,17,1859.999932,1328.571360,0
93,2,16,244784,17,1328.571360,1859.999932,0
93,16,2,244784,17,1859.999932,1328.571360,0
93,2,17,244784,17,1328.571360,3099.999932,0
93,17,2,244784,17,3099.999932,1328.571360,0
93,2,19,244784,17,1328.571360,4649.999932,0
93,19,2,244784,17,4649.999932,1328.571360,0
93,2,23,244784,17,1328.571360,1162.499932,0
93,23,2,244784,17,1162.499932,1328.571360,0
93,2,27,244784,17,1328.571360,4649.999932,0
93,27,2,244784,17,4649.999932,1328.571360,0
93,3,5,244784,17,4649.999932,3099.999932,0
93,5,3,244784,17,3099.999932,4649.999932,0
93,3,15,244784,17,4649.999932,1549.999932,0
93,15,3,244784,17,1549.999932,4649.999932,0
93,4,15,244784,17,4649.999932,1549.999932,0
93,15,4,244784,17,1549.999932,4649.999932,0
93,4,23,244784,17,4649.999932,1162.499932,0
93,23,4,244784,17,1162.499932,4649.999932,0
93,5,16,244784,17,3099.999932,1859.999932,0
93,16,5,244784,17,1859.999932,3099.999932,0
93,6,12,244784,17,1859.999932,2324.999932,0
93,12,6,244784,17,2324.999932,1859.999932,0
93,6,15,244784,17,1859.999932,1549.999932,0
93,15,6,244784,17,1549.999932,1859.999932,0
93,6,17,244784,17,1859.999932,3099.999932,0
93,17,6,244784,17,3099.999932,1859.999932,0
93,6,20,244784,17,1859.999932,4649.999932,0
93,20,6,244784,17,4649.999932,1859.999932,0
93,6,21,244784,17,1859.999932,3099.999932,0
93,21,6,244784,17,3099.999932,1859.999932,0
93,7,9,244784,17,1328.571360,4649.999932,0
93,9,7,244784,17,4649.999932,1328.571360,0
93,7,11,244784,17,1328.571360,1859.999932,0
93,11,7,244784,17,1859.999932,1328.571360,0
93,7,17,244784,17,1328.571360,3099.999932,0
93,17,7,244784,17,3099.999932,1328.571360,0
93,7,18,244784,17,1328.571360,4649.999932,0
93,18,7,244784,17,4649.999932,1328.571360,0
93,7,21,244784,17,1328.571360,3099.999932,0
93,21,7,244784,17,3099.999932,1328.571360,0
93,7,27,244784,17,1328.571360,4649.999932,0
93,27,7,244784,17,4649.999932,1328.571360,0
93,8,10,244784,17,2324.999932,2324.999932,0
93,10,8,244784,17,2324.999932,2324.999932,0
93,8,22,244784,17,2324.999932,2324.999932,0
93,22,8,244784,17,2324.999932,2324.999932,0
93,8,23,244784,17,2324.999932,1162.499932,0
93,23,8,244784,17,1162.499932,2324.999932,0
93,8,29,244784,17,2324.999932,3099.999932,0
93,29,8,244784,17,3099.999932,2324.999932,0
93,9,15,244784,17,4649.999932,1549.999932,0
93,15,9,244784,17,1549.999932,4649.999932,0
93,10,15,244784,17,2324.999932,1549.999932,0
93,15,10,244784,17,1549.999932,2324.999932,0
93,10,19,244784,17,2324.999932,4649.999932,0
93,19,10,244784,17,4649.999932,2324.999932,0
93,11,14,244784,17,1859.999932,3099.999932,0
93,14,11,244784,17,3099.999932,1859.999932,0
93,11,24,244784,17,1859.999932,1859.999932,0
93,24,11,244784,17,1859.999932,1859.999932,0
93,11,25,244784,17,1859.999932,1549.999932,0
93,25,11,244784,17,1549.999932,1859.999932,0
93,12,26,244784,17,2324.999932,4649.999932,0
93,26,12,244784,17,4649.999932,2324.999932,0
93,13,23,244784,17,3099.999932,1162.499932,0
93,23,13,244784,17,1162.499932,3099.999932,0
93,13,29,244784,17,3099.999932,3099.999932,0
93,29,13,244784,17,3099.999932,3099.999932,0
93,14,16,244784,17,3099.999932,1859.999932,0
93,16,14,244784,17,1859.999932,3099.999932,0
93,14,23,244784,17,3099.999932,1162.499932,0
93,23,14,244784,17,1162.499932,3099.999932,0
93,15,22,244784,17,1549.999932,2324.999932,0
93,22,15,244784,17,2324.999932,1549.999932,0
93,16,22,244784,17,1859.999932,2324.999932,0
93,22,16,244784,17,2324.999932,1859.999932,0
93,16,24,244784,17,1859.999932,1859.999932,0
93,24,16,244784,17,1859.999932,1859.999932,0
93,18,21,244784,17,4649.999932,3099.999932,0
93,21,18,244784,17,3099.999932,4649.999932,0
93,20,25,244784,17,4649.999932,1549.999932,0
93,25,20,244784,17,1549.999932,4649.999932,0
93,23,26,244784,17,1162.499932,4649.999932,0
93,26,23,244784,17,4649.999932,1162.499932,0
93,23,28,244784,17,1162.499932,4649.999932,0
93,28,23,244784,17,4649.999932,1162.499932,0
93,24,25,244784,17,1859.999932,1549.999932,0
93,25,24,244784,17,1549.999932,1859.999932,0
93,24,29,244784,17,1859.999932,3099.999932,0
93,29,24,244784,17,3099.999932,1859.999932,0
93,25,28,244784,17,1549.999932,4649.999932,0
93,28,25,244784,17,4649.999932,1549.999932,0
94,0,12,244784,17,3097.222154,2322.916598,0
94,12,0,244784,17,2322.916598,3097.222154,0
94,0,23,244784,17,3097.222154,1161.458265,0
94,23,0,244784,17,1161.458265,3097.222154,0
94,0,25,244784,17,3097.222154,1548.611043,0
94,25,0,244784,17,1548.611043,3097.222154,0
94,1,7,244784,17,1327.380884,1327.380884,0
94,7,1,244784,17,1327.380884,1327.380884,0
94,1,10,244784,17,1327.380884,2322.916598,0
94,10,1,244784,17,2322.916598,1327.380884,0
94,1,12,244784,17,1327.380884,2322.916598,0
94,12,1,244784,17,2322.916598,1327.380884,0
94,1,13,244784,17,1327.380884,3097.222154,0
94,13,1,244784,17,3097.222154,1327.380884,0
94,1,22,244784,17,1327.380884,2322.916598,0
94,22,1,244784,17,2322.916598,1327.380884,0
94,1,24,244784,17,1327.380884,1858.333265,0
94,24,1,244784,17,1858.333265,1327.380884,0
94,1,25,244784,17,1327.380884,1548.611043,0
94,25,1,244784,17,1548.611043,1327.380884,0
94,2,5,244784,17,1327.380884,3097.222154,0
94,5,2,244784,17,3097.222154,1327.380884,0
94,2,11,244784,17,1327.380884,1858.333265,0
94,11,2,244784,17,1858.333265,1327.380884,0
94,2,16,244784,17,1327.380884,1858.333265,0
94,16,2,244784,17,1858.333265,1327.380884,0
94,2,17,244784,17,1327.380884,3097.222154,0
94,17,2,244784,17,3097.222154,1327.380884,0
94,2,19,244784,17,1327.380884,4645.833265,0
94,19,2,244784,17,4645.833265,1327.380884,0
94,2,23,244784,17,1327.380884,1161.458265,0
94,23,2,244784,17,1161.458265,1327.380884,0
94,2,27,244784,17,1327.380884,4645.833265,0
94,27,2,244784,17,4645.833265,1327.380884,0
94,3,5,244784,17,4645.833265,3097.222154,0
94,5,3,244784,17,3097.222154,4645.833265,0
94,3,15,244784,17,4645.833265,1548.611043,0
94,15,3,244784,17,1548.611043,4645.833265,0
94,4,15,244784,17,4645.833265,1548.611043,0
94,15,4,244784,17,1548.611043,4645.833265,0
94,4,23,244784,17,4645.833265,1161.458265,0
94,23,4,244784,17,1161.458265,4645.833265,0
94,5,16,244784,17,3097.222154,1858.333265,0
94,16,5,244784,17,1858.333265,3097.222154,0
94,6,12,244784,17,1858.333265,2322.916598,0
94,12,6,244784,17,2322.916598,1858.333265,0
94,6,15,244784,17,1858.333265,1548.611043,0
94,15,6,244784,17,1548.611043,1858.333265,0
94,6,17,244784,17,1858.333265,3097.222154,0
94,17,6,244784,17,3097.222154,1858.333265,0
94,6,20,244784,17,1858.333265,4645.833265,0
94,20,6,244784,17,4645.833265,1858.333265,0
94,6,21,244784,17,1858.333265,3097.222154,0
94,21,6,244784,17,3097.222154,1858.333265,0
94,7,9,244784,17,1327.380884,4645.833265,0
94,9,7,244784,17,4645.833265,1327.380884,0
94,7,11,244784,17,1327.380884,1858.333265,0
94,11,7,244784,17,1858.333265,1327.380884,0
94,7,17,244784,17,1327.380884,3097.222154,0
94,17,7,244784,17,3097.222154,1327.380884,0
94,7,18,244784,17,1327.380884,4645.833265,0
94,18,7,244784,17,4645.833265,1327.380884,0
94,7,21,244784,17,1327.380884,3097.222154,0
94,21,7,244784,17,3097.222154,1327.380884,0
94,7,27,244784,17,1327.380884,4645.833265,0
94,27,7,244784,17,4645.833265,1327.380884,0
94,8,10,244784,17,2322.916598,2322.916598,0
94,10,8,244784,17,2322.916598,2322.916598,0
94,8,22,244784,17,2322.916598,2322.916598,0
94,22,8,244784,17,2322.916598,2322.916598,0
94,8,23,244784,17,2322.916598,1161.458265,0
94,23,8,244784,17,1161.458265,2322.916598,0
94,8,29,244784,17,2322.916598,3097.222154,0
94,29,8,244784,17,3097.222154,2322.916598,0
94,9,15,244784,17,4645.833265,1548.611043,0
94,15,9,244784,17,1548.611043,4645.833265,0
94,10,15,244784,17,2322.916598,1548.611043,0
94,15,10,244784,17,1548.611043,2322.916598,0
94,10,19,244784,17,2322.916598,4645.833265,0
94,19,10,244784,17,4645.833265,2322.916598,0
94,11,14,244784,17,1858.333265,3097.222154,0
94,14,11,244784,17,3097.222154,1858.333265,0
94,11,24,244784,17,1858.333265,1858.333265,0
94,24,11,244784,17,1858.333265,1858.333265,0
94,11,25,244784,17,1858.333265,1548.611043,0
94,25,11,244784,17,1548.611043,1858.333265,0
94,12,26,244784,17,2322.916598,4645.833265,0
94,26,12,244784,17,4645.833265,2322.916598,0
94,13,23,244784,17,3097.222154,1161.458265,0
94,23,13,244784,17,1161.458265,3097.222154,0
94,13,29,244784,17,3097.222154,3097.222154,0
94,29,13,244784,17,3097.222154,3097.222154,0
94,14,16,244784,17,3097.222154,1858.333265,0
94,16,14,244784,17,1858.333265,3097.222154,0
94,14,23,244784,17,3097.222154,1161.458265,0
94,23,14,244784,17,1161.458265,3097.222154,0
94,15,22,244784,17,1548.611043,2322.916598,0
94,22,15,244784,17,2322.916598,1548.611043,0
94,16,22,244784,17,1858.333265,2322.916598,0
94,22,16,244784,17,2322.916598,1858.333265,0
94,16,24,244784,17,1858.333265,1858.333265,0
94,24,16,244784,17,1858.333265,1858.333265,0
94,18,21,244784,17,4645.833265,3097.222154,0
94,21,18,244784,17,3097.222154,4645.833265,0
94,20,25,244784,17,4645.833265,1548.611043,0
94,25,20,244784,17,1548.611043,4645.833265,0
94,23,26,244784,17,1161.458265,4645.833265,0
94,26,23,244784,17,4645.833265,1161.458265,0
94,23,28,244784,17,1161.458265,4645.833265,0
94,28,23,244784,17,4645.833265,1161.458265,0
94,24,25,244784,17,1858.333265,1548.611043,0
94,25,24,244784,17,1548.611043,1858.333265,0
94,24,29,244784,17,1858.333265,3097.222154,0
94,29,24,244784,17,3097.222154,1858.333265,0
94,25,28,244784,17,1548.611043,4645.833265,0
94,28,25,244784,17,4645.833265,1548.611043,0
95,0,12,244784,17,3097.222154,2322.916598,0
95,12,0,244784,17,2322.916598,3097.222154,0
95,0,23,244784,17,3097.222154,1161.458265,0
95,23,0,244784,17,1161.458265,3097.222154,0
95,0,25,244784,17,3097.222154,1548.611043,0
95,25,0,244784,17,1548.611043,3097.222154,0
95,1,7,244784,17,1327.380884,1327.380884,0
95,7,1,244784,17,1327.380884,1327.380884,0
95,1,10,244784,17,1327.380884,2322.916598,0
95,10,1,244784,17,2322.916598,1327.380884,0
95,1,12,244784,17,1327.380884,2322.916598,0
95,12,1,244784,17,2322.916598,1327.380884,0
95,1,13,244784,17,1327.380884,3097.222154,0
95,13,1,244784,17,3097.222154,1327.380884,0
95,1,22,244784,17,1327.380884,2322.916598,0
95,22,1,244784,17,2322.916598,1327.380884,0
95,1,24,244784,17,1327.380884,1858.333265,0
95,24,1,244784,17,1858.333265,1327.380884,0
95,1,25,244784,17,1327.380884,1548.611043,0
95,25,1,244784,17,1548.611043,1327.380884,0
95,2,5,244784,17,1327.380884,3097.222154,0
95,5,2,244784,17,3097.222154,1327.380884,0
95,2,11,244784,17,1327.380884,1858.333265,0
95,11,2,244784,17,1858.333265,1327.380884,0
95,2,16,244784,17,1327.380884,1858.333265,0
95,16,2,244784,17,1858.333265,1327.380884,0
95,2,17,244784,17,1327.380884,3097.222154,0
95,17,2,244784,17,3097.222154,1327.380884,0
95,2,19,244784,17,1327.380884,4645.833265,0
95,19,2,244784,17,4645.833265,1327.380884,0
95,2,23,244784,17,1327.380884,1161.458265,0
95,23,2,244784,17,1161.458265,1327.380884,0
95,2,27,244784,17,1327.380884,4645.833265,0
95,27,2,244784,17,4645.833265,1327.380884,0
95,3,5,244784,17,4645.833265,3097.222154,0
95,5,3,244784,17,3097.222154,4645.833265,0
95,3,15,244784,17,4645.833265,1548.611043,0
95,15,3,244784,17,1548.611043,4645.833265,0
95,4,15,244784,17,4645.833265,1548.611043,0
95,15,4,244784,17,1548.611043,4645.833265,0
95,4,23,244784,17,4645.833265,1161.458265,0
95,23,4,244784,17,1161.458265,4645.833265,0
95,5,16,244784,17,3097.222154,1858.333265,0
95,16,5,244784,17,1858.333265,3097.222154,0
95,6,12,244784,17,1858.333265,2322.916598,0
95,12,6,244784,17,2322.916598,1858.333265,0
95,6,15,244784,17,1858.333265,1548.611043,0
95,15,6,244784,17,1548.611043,1858.333265,0
95,6,17,244784,17,1858.333265,3097.222154,0
95,17,6,244784,17,3097.222154,1858.333265,0
95,6,20,244784,17,1858.333265,4645.833265,0
95,20,6,244784,17,4645.833265,1858.333265,0
95,6,21,244784,17,1858.333265,3097.222154,0
95,21,6,244784,17,3097.222154,1858.333265,0
95,7,9,244784,17,1327.380884,4645.833265,0
95,9,7,244784,17,4645.833265,1327.380884,0
95,7,11,244784,17,1327.380884,1858.333265,0
95,11,7,244784,17,1858.333265,1327.380884,0
95,7,17,244784,17,1327.380884,3097.222154,0
95,17,7,244784,17,3097.222154,1327.380884,0
95,7,18,244784,17,1327.380884,4645.833265,0
95,18,7,244784,17,4645.833265,1327.380884,0
95,7,21,244784,17,1327.380884,3097.222154,0
95,21,7,244784,17,3097.222154,1327.380884,0
95,7,27,244784,17,1327.380884,4645.833265,0
95,27,7,244784,17,4645.833265,1327.380884,0
95,8,10,244784,17,2322.916598,2322.916598,0
95,10,8,244784,17,2322.916598,2322.916598,0
95,8,22,244784,17,2322.916598,2322.916598,0
95,22,8,244784,17,2322.916598,2322.916598,0
95,8,23,244784,17,2322.916598,1161.458265,0
95,23,8,244784,17,1161.458265,2322.916598,0
95,8,29,244784,17,2322.916598,3097.222154,0
95,29,8,244784,17,3097.222154,2322.916598,0
95,9,15,244784,17,4645.833265,1548.611043,0
95,15,9,244784,17,1548.611043,4645.833265,0
95,10,15,244784,17,2322.916598,1548.611043,0
95,15,10,244784,17,1548.611043,2322.916598,0
95,10,19,244784,17,2322.916598,4645.833265,0
95,19,10,244784,17,4645.833265,2322.916598,0
95,11,14,244784,17,1858.333265,3097.222154,0
95,14,11,244784,17,3097.222154,1858.333265,0
95,11,24,244784,17,1858.333265,1858.333265,0
95,24,11,244784,17,1858.333265,1858.333265,0
95,11,25,244784,17,1858.333265,1548.611043,0
95,25,11,244784,17,1548.611043,1858.333265,0
95,12,26,244784,17,2322.916598,4645.833265,0
95,26,12,244784,17,4645.833265,2322.916598,0
95,13,23,244784,17,3097.222154,1161.458265,0
95,23,13,244784,17,1161.458265,3097.222154,0
95,13,29,244784,17,3097.222154,3097.222154,0
95,29,13,244784,17,3097.222154,3097.222154,0
95,14,16,244784,17,3097.222154,1858.333265,0
95,16,14,244784,17,1858.333265,3097.222154,0
95,14,23,244784,17,3097.222154,1161.458265,0
95,23,14,244784,17,1161.458265,3097.222154,0
95,15,22,244784,17,1548.611043,2322.916598,0
95,22,15,244784,17,2322.916598,1548.611043,0
95,16,22,244784,17,1858.333265,2322.916598,0
95,22,16,244784,17,2322.916598,1858.333265,0
95,16,24,244784,17,1858.333265,1858.333265,0
95,24,16,244784,17,1858.333265,1858.333265,0
95,18,21,244784,17,4645.833265,3097.222154,0
95,21,18,244784,17,3097.222154,4645.833265,0
95,20,25,244784,17,4645.833265,1548.611043,0
95,25,20,244784,17,1548.611043,4645.833265,0
95,23,26,244784,17,1161.458265,4645.833265,0
95,26,23,244784,17,4645.833265,1161.458265,0
95,23,28,244784,17,1161.458265,4645.833265,0
95,28,23,244784,17,4645.833265,1161.458265,0
95,24,25,244784,17,1858.333265,1548.611043,0
95,25,24,244784,17,1548.611043,1858.333265,0
95,24,29,244784,17,1858.333265,3097.222154,0
95,29,24,244784,17,3097.222154,1858.333265,0
95,25,28,244784,17,1548.611043,4645.833265,0
95,28,25,244784,17,4645.833265,1548.611043,0
96,0,12,244784,17,3097.222154,2322.916598,0
96,12,0,244784,17,2322.916598,3097.222154,0
96,0,23,244784,17,3097.222154,1161.458265,0
96,23,0,244784,17,1161.458265,3097.222154,0
96,0,25,244784,17,3097.222154,1548.611043,0
96,25,0,244784,17,1548.611043,3097.222154,0
96,1,7,244784,17,1327.380884,1327.380884,0
96,7,1,244784,17,1327.380884,1327.380884,0
96,1,10,244784,17,1327.380884,2322.916598,0
96,10,1,244784,17,2322.916598,1327.380884,0
96,1,12,244784,17,1327.380884,2322.916598,0
96,12,1,244784,17,2322.916598,1327.380884,0
96,1,13,244784,17,1327.380884,3097.222154,0
96,13,1,244784,17,3097.222154,1327.380884,0
96,1,22,244784,17,1327.380884,2322.916598,0
96,22,1,244784,17,2322.916598,1327.380884,0
96,1,24,244784,17,1327.380884,1858.333265,0
96,24,1,244784,17,1858.333265,1327.380884,0
96,1,25,244784,17,1327.380884,1548.611043,0
96,25,1,244784,17,1548.611043,1327.380884,0
96,2,5,244784,17,1327.380884,3097.222154,0
96,5,2,244784,17,3097.222154,1327.380884,0
96,2,11,244784,17,1327.380884,1858.333265,0
96,11,2,244784,17,1858.333265,1327.380884,0
96,2,16,244784,17,1327.380884,1858.333265,0
96,16,2,244784,17,1858.333265,1327.380884,0
96,2,17,244784,17,1327.380884,3097.222154,0
96,17,2,244784,17,3097.222154,1327.380884,0
96,2,19,244784,17,1327.380884,4645.833265,0
96,19,2,244784,17,4645.833265,1327.380884,0
96,2,23,244784,17,1327.380884,1161.458265,0
96,23,2,244784,17,1161.458265,1327.380884,0
96,2,27,244784,17,1327.380884,4645.833265,0
96,27,2,244784,17,4645.833265,1327.380884,0
96,3,5,244784,17,4645.833265,3097.222154,0
96,5,3,244784,17,3097.222154,4645.833265,0
96,3,15,244784,17,4645.833265,1548.611043,0
96,15,3,244784,17,1548.611043,4645.833265,0
96,4,15,244784,17,4645.833265,1548.611043,0
96,15,4,244784,17,1548.611043,4645.833265,0
96,4,23,244784,17,4645.833265,1161.458265,0
96,23,4,244784,17,1161.458265,4645.833265,0
96,5,16,244784,17,3097.222154,1858.333265,0
96,16,5,244784,17,1858.333265,3097.222154,0
96,6,12,244784,17,1858.333265,2322.916598,0
96,12,6,244784,17,2322.916598,1858.333265,0
96,6,15,244784,17,1858.333265,1548.611043,0
96,15,6,244784,17,1548.611043,1858.333265,0
96,6,17,244784,17,1858.333265,3097.222154,0
96,17,6,244784,17,3097.222154,1858.333265,0
96,6,20,244784,17,1858.333265,4645.833265,0
96,20,6,244784,17,4645.833265,1858.333265,0
96,6,21,244784,17,1858.333265,3097.222154,0
96,21,6,244784,17,3097.222154,1858.333265,0
96,7,9,244784,17,1327.380884,4645.833265,0
96,9,7,244784,17,4645.833265,1327.380884,0
96,7,11,244784,17,1327.380884,1858.333265,0
96,11,7,244784,17,1858.333265,1327.380884,0
96,7,17,244784,17,1327.380884,3097.222154,0
96,17,7,244784,17,3097.222154,1327.380884,0
96,7,18,244784,17,1327.380884,4645.833265,0
96,18,7,244784,17,4645.833265,1327.380884,0
96,7,21,244784,17,1327.380884,3097.222154,0
96,21,7,244784,17,3097.222154,1327.380884,0
96,7,27,244784,17,1327.380884,4645.833265,0
96,27,7,244784,17,4645.833265,1327.380884,0
96,8,10,244784,17,2322.916598,2322.916598,0
96,10,8,244784,17,2322.916598,2322.916598,0
96,8,22,244784,17,2322.916598,2322.916598,0
96,22,8,244784,17,2322.916598,2322.916598,0
96,8,23,244784,17,2322.916598,1161.458265,0
96,23,8,244784,17,1161.458265,2322.916598,0
96,8,29,244784,17,2322.916598,3097.222154,0
96,29,8,244784,17,3097.222154,2322.916598,0
96,9,15,244784,17,4645.833265,1548.611043,0
96,15,9,244784,17,1548.611043,4645.833265,0
96,10,15,244784,17,2322.916598,1548.611043,0
96,15,10,244784,17,1548.611043,2322.916598,0
96,10,19,244784,17,2322.916598,4645.833265,0
96,19,10,244784,17,4645.833265,2322.916598,0
96,11,14,244784,17,1858.333265,3097.222154,0
96,14,11,244784,17,3097.222154,1858.333265,0
96,11,24,244784,17,1858.333265,1858.333265,0
96,24,11,244784,17,1858.333265,1858.333265,0
96,11,25,244784,17,1858.333265,1548.611043,0
96,25,11,244784,17,1548.611043,1858.333265,0
96,12,26,244784,17,2322.916598,4645.833265,0
96,26,12,244784,17,4645.833265,2322.916598,0
96,13,23,244784,17,3097.222154,1161.458265,0
96,23,13,244784,17,1161.458265,3097.222154,0
96,13,29,244784,17,3097.222154,3097.222154,0
96,29,13,244784,17,3097.222154,3097.222154,0
96,14,16,244784,17,3097.222154,1858.333265,0
96,16,14,244784,17,1858.333265,3097.222154,0
96,14,23,244784,17,3097.222154,1161.458265,0
96,23,14,244784,17,1161.458265,3097.222154,0
96,15,22,244784,17,1548.611043,2322.916598,0
96,22,15,244784,17,2322.916598,1548.611043,0
96,16,22,244784,17,1858.333265,2322.916598,0
96,22,16,244784,17,2322.916598,1858.333265,0
96,16,24,244784,17,1858.333265,1858.333265,0
96,24,16,244784,17,1858.333265,1858.333265,0
96,18,21,244784,17,4645.833265,3097.222154,0
96,21,18,244784,17,3097.222154,4645.833265,0
96,20,25,244784,17,4645.833265,1548.611043,0
96,25,20,244784,17,1548.611043,4645.833265,0
96,23,26,244784,17,1161.458265,4645.833265,0
96,26,23,244784,17,4645.833265,1161.458265,0
96,23,28,244784,17,1161.458265,4645.833265,0
96,28,23,244784,17,4645.833265,1161.458265,0
96,24,25,244784,17,1858.333265,1548.611043,0
96,25,24,244784,17,1548.611043,1858.333265,0
96,24,29,244784,17,1858.333265,3097.222154,0
96,29,24,244784,17,3097.222154,1858.333265,0
96,25,28,244784,17,1548.611043,4645.833265,0
96,28,25,244784,17,4645.833265,1548.611043,0
97,0,12,244784,17,3097.222154,2322.916598,0
97,12,0,244784,17,2322.916598,3097.222154,0
97,0,23,244784,17,3097.222154,1161.458265,0
97,23,0,244784,17,1161.458265,3097.222154,0
97,0,25,244784,17,3097.222154,1548.611043,0
97,25,0,244784,17,1548.611043,3097.222154,0
97,1,7,244784,17,1327.380884,1327.380884,0
97,7,1,244784,17,1327.380884,1327.380884,0
97,1,10,244784,17,1327.380884,2322.916598,0
97,10,1,244784,17,2322.916598,1327.380884,0
97,1,12,244784,17,1327.380884,2322.916598,0
97,12,1,244784,17,2322.916598,1327.380884,0
97,1,13,244784,17,1327.380884,3097.222154,0
97,13,1,244784,17,3097.222154,1327.380884,0
97,1,22,244784,17,1327.380884,2322.916598,0
97,22,1,244784,17,2322.916598,1327.380884,0
97,1,24,244784,17,1327.380884,1858.333265,0
97,24,1,244784,17,1858.333265,1327.380884,0
97,1,25,244784,17,1327.380884,1548.611043,0
97,25,1,244784,17,1548.611043,1327.380884,0
97,2,5,244784,17,1327.380884,3097.222154,0
97,5,2,244784,17,3097.222154,1327.380884,0
97,2,11,244784,17,1327.380884,1858.333265,0
97,11,2,244784,17,1858.333265,1327.380884,0
97,2,16,244784,17,1327.380884,1858.333265,0
97,16,2,244784,17,1858.333265,1327.380884,0
97,2,17,244784,17,1327.380884,3097.222154,0
97,17,2,244784,17,3097.222154,1327.380884,0
97,2,19,244784,17,1327.380884,4645.833265,0
97,19,2,244784,17,4645.833265,1327.380884,0
97,2,23,244784,17,1327.380884,1161.458265,0
97,23,2,244784,17,1161.458265,1327.380884,0
97,2,27,244784,17,1327.380884,4645.833265,0
97,27,2,244784,17,4645.833265,1327.380884,0
97,3,5,244784,17,4645.833265,3097.222154,0
97,5,3,244784,17,3097.222154,4645.833265,0
97,3,15,244784,17,4645.833265,1548.611043,0
97,15,3,244784,17,1548.611043,4645.833265,0
97,4,15,244784,17,4645.833265,1548.611043,0
97,15,4,244784,17,1548.611043,4645.833265,0
97,4,23,244784,17,4645.833265,1161.458265,0
97,23,4,244784,17,1161.458265,4645.833265,0
97,5,16,244784,17,3097.222154,1858.333265,0
97,16,5,244784,17,1858.333265,3097.222154,0
97,6,12,244784,17,1858.333265,2322.916598,0
97,12,6,244784,17,2322.916598,1858.333265,0
97,6,15,244784,17,1858.333265,1548.611043,0
97,15,6,244784,17,1548.611043,1858.333265,0
97,6,17,244784,17,1858.333265,3097.222154,0
97,17,6,244784,17,3097.222154,1858.333265,0
97,6,20,244784,17,1858.333265,4645.833265,0
97,20,6,244784,17,4645.833265,1858.333265,0
97,6,21,244784,17,1858.333265,3097.222154,0
97,21,6,244784,17,3097.222154,1858.333265,0
97,7,9,244784,17,1327.380884,4645.833265,0
97,9,7,244784,17,4645.833265,1327.380884,0
97,7,11,244784,17,1327.380884,1858.333265,0
97,11,7,244784,17,1858.333265,1327.380884,0
97,7,17,244784,17,1327.380884,3097.222154,0
97,17,7,244784,17,3097.222154,1327.380884,0
97,7,18,244784,17,1327.380884,4645.833265,0
97,18,7,244784,17,4645.833265,1327.380884,0
97,7,21,244784,17,1327.380884,3097.222154,0
97,21,7,244784,17,3097.222154,1327.380884,0
97,7,27,244784,17,1327.380884,4645.833265,0
97,27,7,244784,17,4645.833265,1327.380884,0
97,8,10,244784,17,2322.916598,2322.916598,0
97,10,8,244784,17,2322.916598,2322.916598,0
97,8,22,244784,17,2322.916598,2322.916598,0
97,22,8,244784,17,2322.916598,2322.916598,0
97,8,23,244784,17,2322.916598,1161.458265,0
97,23,8,244784,17,1161.458265,2322.916598,0
97,8,29,244784,17,2322.916598,3097.222154,0
97,29,8,244784,17,3097.222154,2322.916598,0
97,9,15,244784,17,4645.833265,1548.611043,0
97,15,9,244784,17,1548.611043,4645.833265,0
97,10,15,244784,17,2322.916598,1548.611043,0
97,15,10,244784,17,1548.611043,2322.916598,0
97,10,19,244784,17,2322.916598,4645.833265,0
97,19,10,244784,17,4645.833265,2322.916598,0
97,11,14,244784,17,1858.333265,3097.222154,0
97,14,11,244784,17,3097.222154,1858.333265,0
97,11,24,244784,17,1858.333265,1858.333265,0
97,24,11,244784,17,1858.333265,1858.333265,0
97,11,25,244784,17,1858.333265,1548.611043,0
97,25,11,244784,17,1548.611043,1858.333265,0
97,12,26,244784,17,2322.916598,4645.833265,0
97,26,12,244784,17,4645.833265,2322.916598,0
97,13,23,244784,17,3097.222154,1161.458265,0
97,23,13,244784,17,1161.458265,3097.222154,0
97,13,29,244784,17,3097.222154,3097.222154,0
97,29,13,244784,17,3097.222154,3097.222154,0
97,14,16,244784,17,3097.222154,1858.333265,0
97,16,14,244784,17,1858.333265,3097.222154,0
97,14,23,244784,17,3097.222154,1161.458265,0
97,23,14,244784,17,1161.458265,3097.222154,0
97,15,22,244784,17,1548.611043,2322.916598,0
97,22,15,244784,17,2322.916598,1548.611043,0
97,16,22,244784,17,1858.333265,2322.916598,0
97,22,16,244784,17,2322.916598,1858.333265,0
97,16,24,244784,17,1858.333265,1858.333265,0
97,24,16,244784,17,1858.333265,1858.333265,0
97,18,21,244784,17,4645.833265,3097.222154,0
97,21,18,244784,17,3097.222154,4645.833265,0
97,20,25,244784,17,4645.833265,1548.611043,0
97,25,20,244784,17,1548.611043,4645.833265,0
97,23,26,244784,17,1161.458265,4645.833265,0
97,26,23,244784,17,4645.833265,1161.458265,0
97,23,28,244784,17,1161.458265,4645.833265,0
97,28,23,244784,17,4645.833265,1161.458265,0
97,24,25,244784,17,1858.333265,1548.611043,0
97,25,24,244784,17,1548.611043,1858.333265,0
97,24,29,244784,17,1858.333265,3097.222154,0
97,29,24,244784,17,3097.222154,1858.333265,0
97,25,28,244784,17,1548.611043,4645.833265,0
97,28,25,244784,17,4645.833265,1548.611043,0
98,0,12,244784,17,3097.222154,2322.916598,0
98,12,0,244784,17,2322.916598,3097.222154,0
98,0,23,244784,17,3097.222154,1161.458265,0
98,23,0,244784,17,1161.458265,3097.222154,0
98,0,25,244784,17,3097.222154,1548.611043,0
98,25,0,244784,17,1548.611043,3097.222154,0
98,1,7,244784,17,1327.380884,1327.380884,0
98,7,1,244784,17,1327.380884,1327.380884,0
98,1,10,244784,17,1327.380884,2322.916598,0
98,10,1,244784,17,2322.916598,1327.380884,0
98,1,12,244784,17,1327.380884,2322.916598,0
98,12,1,244784,17,2322.916598,1327.380884,0
98,1,13,244784,17,1327.380884,3097.222154,0
98,13,1,244784,17,3097.222154,1327.380884,0
98,1,22,244784,17,1327.380884,2322.916598,0
98,22,1,244784,17,2322.916598,1327.380884,0
98,1,24,244784,17,1327.380884,1858.333265,0
98,24,1,244784,17,1858.333265,1327.380884,0
98,1,25,244784,17,1327.380884,1548.611043,0
98,25,1,244784,17,1548.611043,1327.380884,0
98,2,5,244784,17,1327.380884,3097.222154,0
98,5,2,244784,17,3097.222154,1327.380884,0
98,2,11,244784,17,1327.380884,1858.333265,0
98,11,2,244784,17,1858.333265,1327.380884,0
98,2,16,244784,17,1327.380884,1858.333265,0
98,16,2,244784,17,1858.333265,1327.380884,0
98,2,17,244784,17,1327.380884,3097.222154,0
98,17,2,244784,17,3097.222154,1327.380884,0
98,2,19,244784,17,1327.380884,4645.833265,0
98,19,2,244784,17,4645.833265,1327.380884,0
98,2,23,244784,17,1327.380884,1161.458265,0
98,23,2,244784,17,1161.458265,1327.380884,0
98,2,27,244784,17,1327.380884,4645.833265,0
98,27,2,244784,17,4645.833265,1327.380884,0
98,3,5,244784,17,4645.833265,3097.222154,0
98,5,3,244784,17,3097.222154,4645.833265,0
98,3,15,244784,17,4645.833265,1548.611043,0
98,15,3,244784,17,1548.611043,4645.833265,0
98,4,15,244784,17,4645.833265,1548.611043,0
98,15,4,244784,17,1548.611043,4645.833265,0
98,4,23,244784,17,4645.833265,1161.458265,0
98,23,4,244784,17,1161.458265,4645.833265,0
98,5,16,244784,17,3097.222154,1858.333265,0
98,16,5,244784,17,1858.333265,3097.222154,0
98,6,12,244784,17,1858.333265,2322.916598,0
98,12,6,244784,17,2322.916598,1858.333265,0
98,6,15,244784,17,1858.333265,1548.611043,0
98,15,6,244784,17,1548.611043,1858.333265,0
98,6,17,244784,17,1858.333265,3097.222154,0
98,17,6,244784,17,3097.222154,1858.333265,0
98,6,20,244784,17,1858.333265,4645.833265,0
98,20,6,244784,17,4645.833265,1858.333265,0
98,6,21,244784,17,1858.333265,3097.222154,0
98,21,6,244784,17,3097.222154,1858.333265,0
98,7,9,244784,17,1327.380884,4645.833265,0
98,9,7,244784,17,4645.833265,1327.380884,0
98,7,11,244784,17,1327.380884,1858.333265,0
98,11,7,244784,17,1858.333265,1327.380884,0
98,7,17,244784,17,1327.380884,3097.222154,0
98,17,7,244784,17,3097.222154,1327.380884,0
98,7,18,244784,17,1327.380884,4645.833265,0
98,18,7,244784,17,4645.833265,1327.380884,0
98,7,21,244784,17,1327.380884,3097.222154,0
98,21,7,244784,17,3097.222154,1327.380884,0
98,7,27,244784,17,1327.380884,4645.833265,0
98,27,7,244784,17,4645.833265,1327.380884,0
98,8,10,244784,17,2322.916598,2322.916598,0
98,10,8,244784,17,2322.916598,2322.916598,0
98,8,22,244784,17,2322.916598,2322.916598,0
98,22,8,244784,17,2322.916598,2322.916598,0
98,8,23,244784,17,2322.916598,1161.458265,0
98,23,8,244784,17,1161.458265,2322.916598,0
98,8,29,244784,17,2322.916598,3097.222154,0
98,29,8,244784,17,3097.222154,2322.916598,0
98,9,15,244784,17,4645.833265,1548.611043,0
98,15,9,244784,17,1548.611043,4645.833265,0
98,10,15,244784,17,2322.916598,1548.611043,0
98,15,10,244784,17,1548.611043,2322.916598,0
98,10,19,244784,17,2322.916598,4645.833265,0
98,19,10,244784,17,4645.833265,2322.916598,0
98,11,14,244784,17,1858.333265,3097.222154,0
98,14,11,244784,17,3097.222154,1858.333265,0
98,11,24,244784,17,1858.333265,1858.333265,0
98,24,11,244784,17,1858.333265,1858.333265,0
98,11,25,244784,17,1858.333265,1548.611043,0
98,25,11,244784,17,1548.611043,1858.333265,0
98,12,26,244784,17,2322.916598,4645.833265,0
98,26,12,244784,17,4645.833265,2322.916598,0
98,13,23,244784,17,3097.222154,1161.458265,0
98,23,13,244784,17,1161.458265,3097.222154,0
98,13,29,244784,17,3097.222154,3097.222154,0
98,29,13,244784,17,3097.222154,3097.222154,0
98,14,16,244784,17,3097.222154,1858.333265,0
98,16,14,244784,17,1858.333265,3097.222154,0
98,14,23,244784,17,3097.222154,1161.458265,0
98,23,14,244784,17,1161.458265,3097.222154,0
98,15,22,244784,17,1548.611043,2322.916598,0
98,22,15,244784,17,2322.916598,1548.611043,0
98,16,22,244784,17,1858.333265,2322.916598,0
98,22,16,244784,17,2322.916598,1858.333265,0
98,16,24,244784,17,1858.333265,1858.333265,0
98,24,16,244784,17,1858.333265,1858.333265,0
98,18,21,244784,17,4645.833265,3097.222154,0
98,21,18,244784,17,3097.222154,4645.833265,0
98,20,25,244784,17,4645.833265,1548.611043,0
98,25,20,244784,17,1548.611043,4645.833265,0
98,23,26,244784,17,1161.458265,4645.833265,0
98,26,23,244784,17,4645.833265,1161.458265,0
98,23,28,244784,17,1161.458265,4645.833265,0
98,28,23,244784,17,4645.833265,1161.458265,0
98,24,25,244784,17,1858.333265,1548.611043,0
98,25,24,244784,17,1548.611043,1858.333265,0
98,24,29,244784,17,1858.333265,3097.222154,0
98,29,24,244784,17,3097.222154,1858.333265,0
98,25,28,244784,17,1548.611043,4645.833265,0
98,28,25,244784,17,4645.833265,1548.611043,0
99,0,12,244784,17,3133.333264,2349.999931,0
99,12,0,244784,17,2349.999931,3133.333264,0
99,0,23,244784,17,3133.333264,1174.999931,0
99,23,0,244784,17,1174.999931,3133.333264,0
99,0,25,244784,17,3133.333264,1566.666598,0
99,25,0,244784,17,1566.666598,3133.333264,0
99,1,7,244784,17,1342.857074,1342.857074,0
99,7,1,244784,17,1342.857074,1342.857074,0
99,1,10,244784,17,1342.857074,2349.999931,0
99,10,1,244784,17,2349.999931,1342.857074,0
99,1,12,244784,17,1342.857074,2349.999931,0
99,12,1,244784,17,2349.999931,1342.857074,0
99,1,13,244784,17,1342.857074,3133.333264,0
99,13,1,244784,17,3133.333264,1342.857074,0
99,1,22,244784,17,1342.857074,2349.999931,0
99,22,1,244784,17,2349.999931,1342.857074,0
99,1,24,244784,17,1342.857074,1879.999931,0
99,24,1,244784,17,1879.999931,1342.857074,0
99,1,25,244784,17,1342.857074,1566.666598,0
99,25,1,244784,17,1566.666598,1342.857074,0
99,2,5,244784,17,1342.857074,3133.333264,0
99,5,2,244784,17,3133.333264,1342.857074,0
99,2,11,244784,17,1342.857074,1879.999931,0
99,11,2,244784,17,1879.999931,1342.857074,0
99,2,16,244784,17,1342.857074,1879.999931,0
99,16,2,244784,17,1879.999931,1342.857074,0
99,2,17,244784,17,1342.857074,3133.333264,0
99,17,2,244784,17,3133.333264,1342.857074,0
99,2,19,244784,17,1342.857074,4699.999931,0
99,19,2,244784,17,4699.999931,1342.857074,0
99,2,23,244784,17,1342.857074,1174.999931,0
99,23,2,244784,17,1174.999931,1342.857074,0
99,2,27,244784,17,1342.857074,4699.999931,0
99,27,2,244784,17,4699.999931,1342.857074,0
99,3,5,244784,17,4699.999931,3133.333264,0
99,5,3,244784,17,3133.333264,4699.999931,0
99,3,15,244784,17,4699.999931,1566.666598,0
99,15,3,244784,17,1566.666598,4699.999931,0
99,4,15,244784,17,4699.999931,1566.666598,0
99,15,4,244784,17,1566.666598,4699.999931,0
99,4,23,244784,17,4699.999931,1174.999931,0
99,23,4,244784,17,1174.999931,4699.999931,0
99,5,16,244784,17,3133.333264,1879.999931,0
99,16,5,244784,17,1879.999931,3133.333264,0
99,6,12,244784,17,1879.999931,2349.999931,0
99,12,6,244784,17,2349.999931,1879.999931,0
99,6,15,244784,17,1879.999931,1566.666598,0
99,15,6,244784,17,1566.666598,1879.999931,0
99,6,17,244784,17,1879.999931,3133.333264,0
99,17,6,244784,17,3133.333264,1879.999931,0
99,6,20,244784,17,1879.999931,4699.999931,0
99,20,6,244784,17,4699.999931,1879.999931,0
99,6,21,244784,17,1879.999931,3133.333264,0
99,21,6,244784,17,3133.333264,1879.999931,0
99,7,9,244784,17,1342.857074,4699.999931,0
99,9,7,244784,17,4699.999931,1342.857074,0
99,7,11,244784,17,1342.857074,1879.999931,0
99,11,7,244784,17,1879.999931,1342.857074,0
99,7,17,244784,17,1342.857074,3133.333264,0
99,17,7,244784,17,3133.333264,1342.857074,0
99,7,18,244784,17,1342.857074,4699.999931,0
99,18,7,244784,17,4699.999931,1342.857074,0
99,7,21,244784,17,1342.857074,3133.333264,0
99,21,7,244784,17,3133.333264,1342.857074,0
99,7,27,244784,17,1342.857074,4699.999931,0
99,27,7,244784,17,4699.999931,1342.857074,0
99,8,10,244784,17,2349.999931,2349.999931,0
99,10,8,244784,17,2349.999931,2349.999931,0
99,8,22,244784,17,2349.999931,2349.999931,0
99,22,8,244784,17,2349.999931,2349.999931,0
99,8,23,244784,17,2349.999931,1174.999931,0
99,23,8,244784,17,1174.999931,2349.999931,0
99,8,29,244784,17,2349.999931,3133.333264,0
99,29,8,244784,17,3133.333264,2349.999931,0
99,9,15,244784,17,4699.999931,1566.666598,0
99,15,9,244784,17,1566.666598,4699.999931,0
99,10,15,244784,17,2349.999931,1566.666598,0
99,15,10,244784,17,1566.666598,2349.999931,0
99,10,19,244784,17,2349.999931,4699.999931,0
99,19,10,244784,17,4699.999931,2349.999931,0
99,11,14,244784,17,1879.999931,3133.333264,0
99,14,11,244784,17,3133.333264,1879.999931,0
99,11,24,244784,17,1879.999931,1879.999931,0
99,24,11,244784,17,1879.999931,1879.999931,0
99,11,25,244784,17,1879.999931,1566.666598,0
99,25,11,244784,17,1566.666598,1879.999931,0
99,12,26,244784,17,2349.999931,4699.999931,0
99,26,12,244784,17,4699.999931,2349.999931,0
99,13,23,244784,17,3133.333264,1174.999931,0
99,23,13,244784,17,1174.999931,3133.333264,0
99,13,29,244784,17,3133.333264,3133.333264,0
99,29,13,244784,17,3133.333264,3133.333264,0
99,14,16,244784,17,3133.333264,1879.999931,0
99,16,14,244784,17,1879.999931,3133.333264,0
99,14,23,244784,17,3133.333264,1174.999931,0
99,23,14,244784,17,1174.999931,3133.333264,0
99,15,22,244784,17,1566.666598,2349.999931,0
99,22,15,244784,17,2349.999931,1566.666598,0
99,16,22,244784,17,1879.999931,2349.999931,0
99,22,16,244784,17,2349.999931,1879.999931,0
99,16,24,244784,17,1879.999931,1879.999931,0
99,24,16,244784,17,1879.999931,1879.999931,0
99,18,21,244784,17,4699.999931,3133.333264,0
99,21,18,244784,17,3133.333264,4699.999931,0
99,20,25,244784,17,4699.999931,1566.666598,0
99,25,20,244784,17,1566.666598,4699.999931,0
99,23,26,244784,17,1174.999931,4699.999931,0
99,26,23,244784,17,4699.999931,1174.999931,0
99,23,28,244784,17,1174.999931,4699.999931,0
99,28,23,244784,17,4699.999931,1174.999931,0
99,24,25,244784,17,1879.999931,1566.666598,0
99,25,24,244784,17,1566.666598,1879.999931,0
99,24,29,244784,17,1879.999931,3133.333264,0
99,29,24,244784,17,3133.333264,1879.999931,0
99,25,28,244784,17,1566.666598,4699.999931,0
99,28,25,244784,17,4699.999931,1566.666598,0
