round,node,peers,ul_bytes,dl_bytes,busy_ticks,train_ticks,round_duration_ticks,idle_ticks
0,0,2;10,493648,493648,28,19,1254,1226
0,1,2;10,493648,493648,34,22,1254,1220
0,2,6;10,7157896,7157896,109,69,1254,1145
0,3,2;10,493648,493648,63,54,1254,1191
0,4,2;10,493648,493648,48,38,1254,1206
0,5,2;10,493648,493648,53,44,1254,1201
0,6,2;10,493648,493648,40,31,1254,1214
0,7,2;10,493648,493648,57,49,1254,1197
0,8,2;10,493648,493648,38,30,1254,1216
0,9,2;10,493648,493648,93,82,1254,1161
0,10,2;6,7157896,7157896,69,28,1254,1185
0,11,2;10,493648,493648,98,87,1254,1156
0,12,2;10,493648,493648,76,68,1254,1178
0,13,2;10,493648,493648,52,43,1254,1202
0,14,2;10,493648,493648,82,74,1254,1172
0,15,2;10,493648,493648,641,620,1254,613
0,16,2;10,493648,493648,1202,1173,1254,52
0,17,2;10,493648,493648,705,681,1254,549
0,18,2;10,493648,493648,647,613,1254,607
0,19,2;10,493648,493648,393,352,1254,861
0,20,2;10,493648,493648,727,692,1254,527
0,21,2;10,493648,493648,472,446,1254,782
0,22,2;10,493648,493648,775,753,1254,479
0,23,2;10,493648,493648,299,261,1254,955
0,24,2;10,493648,493648,847,819,1254,407
0,25,2;10,493648,493648,434,408,1254,820
0,26,2;10,493648,493648,407,380,1254,847
0,27,2;10,493648,493648,429,397,1254,825
0,28,2;10,493648,493648,641,620,1254,613
0,29,2;10,493648,493648,1243,1213,1254,11
1,0,6;14,2221416,2221416,30,19,1254,1224
1,1,6;14,493648,493648,34,22,1254,1220
1,2,0;14,493648,493648,77,69,1254,1177
1,3,6;14,493648,493648,63,54,1254,1191
1,4,0;14,493648,493648,49,38,1254,1205
1,5,0;14,493648,493648,54,44,1254,1200
1,6,0;14,5430128,5430128,72,31,1254,1182
1,7,0;14,493648,493648,58,49,1254,1196
1,8,6;14,493648,493648,38,30,1254,1216
1,9,6;14,493648,493648,93,82,1254,1161
1,10,0;14,493648,493648,37,28,1254,1217
1,11,6;14,493648,493648,98,87,1254,1156
1,12,0;14,493648,493648,77,68,1254,1177
1,13,0;14,493648,493648,53,43,1254,1201
1,14,0;6,7157896,7157896,115,74,1254,1139
1,15,6;14,493648,493648,641,620,1254,613
1,16,6;14,493648,493648,1202,1173,1254,52
1,17,6;14,493648,493648,705,681,1254,549
1,18,6;14,493648,493648,647,613,1254,607
1,19,6;14,493648,493648,393,352,1254,861
1,20,6;14,493648,493648,727,692,1254,527
1,21,6;14,493648,493648,472,446,1254,782
1,22,6;14,493648,493648,775,753,1254,479
1,23,6;14,493648,493648,299,261,1254,955
1,24,6;14,493648,493648,847,819,1254,407
1,25,6;14,493648,493648,434,408,1254,820
1,26,6;14,493648,493648,407,380,1254,847
1,27,6;14,493648,493648,429,397,1254,825
1,28,6;14,493648,493648,641,620,1254,613
1,29,6;14,493648,493648,1243,1213,1254,11
2,0,2;10,987296,987296,29,19,1254,1225
2,1,2;6,493648,493648,34,22,1254,1220
2,2,0;10,3455536,3455536,106,69,1254,1148
2,3,12;14,493648,493648,63,54,1254,1191
2,4,12;14,493648,493648,48,38,1254,1206
2,5,2;14,493648,493648,53,44,1254,1201
2,6,0;2,1480944,1480944,59,31,1254,1195
2,7,12;14,493648,493648,57,49,1254,1197
2,8,6;12,493648,493648,38,30,1254,1216
2,9,2;10,493648,493648,93,82,1254,1161
2,10,2;6,2221416,2221416,58,28,1254,1196
2,11,2;10,493648,493648,98,87,1254,1156
2,12,2;10,4196008,4196008,109,68,1254,1145
2,13,12;14,493648,493648,52,43,1254,1202
2,14,0;2,4442832,4442832,115,74,1254,1139
2,15,12;14,493648,493648,641,620,1254,613
2,16,12;14,493648,493648,1202,1173,1254,52
2,17,12;14,493648,493648,705,681,1254,549
2,18,12;14,493648,493648,647,613,1254,607
2,19,12;14,493648,493648,393,352,1254,861
2,20,12;14,493648,493648,727,692,1254,527
2,21,12;14,493648,493648,472,446,1254,782
2,22,12;14,493648,493648,775,753,1254,479
2,23,2;14,493648,493648,299,261,1254,955
2,24,2;6,493648,493648,847,819,1254,407
2,25,12;14,493648,493648,434,408,1254,820
2,26,2;10,493648,493648,407,380,1254,847
2,27,12;14,493648,493648,429,397,1254,825
2,28,2;10,493648,493648,641,620,1254,613
2,29,2;10,493648,493648,1243,1213,1254,11
3,0,6;14,1234120,1234120,29,19,1256,1227
3,1,6;14,493648,493648,34,22,1256,1222
3,2,6;14,2221416,2221416,94,69,1256,1162
3,3,11;14,493648,493648,65,54,1256,1191
3,4,2;10,1234120,1234120,51,38,1256,1205
3,5,4;10,493648,493648,55,44,1256,1201
3,6,10;11,4442832,4442832,69,31,1256,1187
3,7,0;14,493648,493648,58,49,1256,1198
3,8,2;10,493648,493648,38,30,1256,1218
3,9,2;6,493648,493648,93,82,1256,1163
3,10,0;14,1974592,1974592,66,28,1256,1190
3,11,4;6,1727768,1727768,130,87,1256,1126
3,12,0;14,493648,493648,77,68,1256,1179
3,13,4;14,493648,493648,54,43,1256,1202
3,14,6;10,4442832,4442832,115,74,1256,1141
3,15,6;14,493648,493648,641,620,1256,615
3,16,11;14,493648,493648,1204,1173,1256,52
3,17,2;14,493648,493648,705,681,1256,551
3,18,6;14,493648,493648,647,613,1256,609
3,19,11;14,493648,493648,395,352,1256,861
3,20,6;14,493648,493648,727,692,1256,529
3,21,2;6,493648,493648,472,446,1256,784
3,22,2;10,493648,493648,775,753,1256,481
3,23,6;10,493648,493648,299,261,1256,957
3,24,6;14,493648,493648,847,819,1256,409
3,25,6;14,493648,493648,434,408,1256,822
3,26,6;11,493648,493648,409,380,1256,847
3,27,6;14,493648,493648,429,397,1256,827
3,28,2;6,493648,493648,641,620,1256,615
3,29,6;11,493648,493648,1245,1213,1256,11
4,0,7;10,2221416,2221416,30,19,1254,1224
4,1,7;10,493648,493648,34,22,1254,1220
4,2,0;7,2961888,2961888,109,69,1254,1145
4,3,6;14,493648,493648,63,54,1254,1191
4,4,0;14,493648,493648,49,38,1254,1205
4,5,0;14,493648,493648,54,44,1254,1200
4,6,0;14,1974592,1974592,72,31,1254,1182
4,7,2;10,2221416,2221416,78,49,1254,1176
4,8,6;14,493648,493648,38,30,1254,1216
4,9,2;14,493648,493648,93,82,1254,1161
4,10,6;7,3702360,3702360,66,28,1254,1188
4,11,10;14,493648,493648,98,87,1254,1156
4,12,0;10,493648,493648,77,68,1254,1177
4,13,0;2,493648,493648,53,43,1254,1201
4,14,0;7,3702360,3702360,112,74,1254,1142
4,15,2;14,493648,493648,641,620,1254,613
4,16,7;14,493648,493648,1202,1173,1254,52
4,17,6;10,493648,493648,705,681,1254,549
4,18,2;10,493648,493648,647,613,1254,607
4,19,2;6,493648,493648,393,352,1254,861
4,20,2;10,493648,493648,727,692,1254,527
4,21,10;14,493648,493648,472,446,1254,782
4,22,6;7,493648,493648,775,753,1254,479
4,23,10;14,493648,493648,299,261,1254,955
4,24,7;10,493648,493648,847,819,1254,407
4,25,2;10,493648,493648,434,408,1254,820
4,26,2;14,493648,493648,407,380,1254,847
4,27,2;10,493648,493648,429,397,1254,825
4,28,2;7,493648,493648,641,620,1254,613
4,29,10;14,493648,493648,1243,1213,1254,11
5,0,2;6,987296,987296,29,19,1255,1226
5,1,6;7,493648,493648,34,22,1255,1221
5,2,5;10,2715064,2715064,106,69,1255,1149
5,3,2;10,493648,493648,63,54,1255,1192
5,4,5;12,493648,493648,49,38,1255,1206
5,5,2;10,3208712,3208712,86,44,1255,1169
5,6,2;10,2961888,2961888,65,31,1255,1190
5,7,0;12,987296,987296,61,49,1255,1194
5,8,5;12,493648,493648,39,30,1255,1216
5,9,6;10,493648,493648,93,82,1255,1162
5,10,0;7,2961888,2961888,69,28,1255,1186
5,11,2;6,493648,493648,98,87,1255,1157
5,12,2;5,3455536,3455536,103,68,1255,1152
5,13,10;12,493648,493648,52,43,1255,1203
5,14,2;6,987296,987296,96,74,1255,1159
5,15,10;12,493648,493648,641,620,1255,614
5,16,5;6,493648,493648,1203,1173,1255,52
5,17,5;12,493648,493648,706,681,1255,549
5,18,6;12,493648,493648,647,613,1255,608
5,19,5;10,493648,493648,394,352,1255,861
5,20,5;12,493648,493648,728,692,1255,527
5,21,5;12,493648,493648,473,446,1255,782
5,22,12;14,493648,493648,775,753,1255,480
5,23,2;5,493648,493648,300,261,1255,955
5,24,2;6,493648,493648,847,819,1255,408
5,25,5;12,493648,493648,435,408,1255,820
5,26,6;10,493648,493648,407,380,1255,848
5,27,5;12,493648,493648,430,397,1255,825
5,28,10;14,493648,493648,641,620,1255,614
5,29,2;6,493648,493648,1243,1213,1255,12
6,0,7;13,493648,493648,29,19,1255,1226
6,1,2;13,493648,493648,35,22,1255,1220
6,2,7;13,2715064,2715064,97,69,1255,1158
6,3,12;13,987296,987296,94,54,1255,1161
6,4,2;10,493648,493648,48,38,1255,1207
6,5,7;13,493648,493648,54,44,1255,1201
6,6,10;11,493648,493648,42,31,1255,1213
6,7,10;14,1974592,1974592,77,49,1255,1178
6,8,2;10,493648,493648,38,30,1255,1217
6,9,2;10,493648,493648,93,82,1255,1162
6,10,2;13,5430128,5430128,66,28,1255,1189
6,11,10;13,987296,987296,119,87,1255,1136
6,12,10;13,740472,740472,77,68,1255,1178
6,13,7;14,4196008,4196008,85,43,1255,1170
6,14,7;10,1234120,1234120,109,74,1255,1146
6,15,3;13,493648,493648,642,620,1255,613
6,16,2;10,493648,493648,1202,1173,1255,53
6,17,2;13,493648,493648,706,681,1255,549
6,18,10;14,493648,493648,647,613,1255,608
6,19,3;13,493648,493648,394,352,1255,861
6,20,10;14,493648,493648,727,692,1255,528
6,21,2;10,493648,493648,472,446,1255,783
6,22,2;10,493648,493648,775,753,1255,480
6,23,10;13,493648,493648,300,261,1255,955
6,24,7;10,493648,493648,847,819,1255,408
6,25,10;13,493648,493648,435,408,1255,820
6,26,10;13,493648,493648,408,380,1255,847
6,27,10;13,493648,493648,430,397,1255,825
6,28,7;10,493648,493648,641,620,1255,614
6,29,10;11,493648,493648,1245,1213,1255,10
7,0,3;14,1480944,1480944,30,19,1254,1224
7,1,6;14,493648,493648,34,22,1254,1220
7,2,3;6,2961888,2961888,109,69,1254,1145
7,3,6;14,3702360,3702360,91,54,1254,1163
7,4,0;12,1234120,1234120,51,38,1254,1203
7,5,3;4,493648,493648,55,44,1254,1199
7,6,0;2,3455536,3455536,69,31,1254,1185
7,7,0;2,740472,740472,71,49,1254,1183
7,8,3;6,493648,493648,38,30,1254,1216
7,9,6;14,493648,493648,93,82,1254,1161
7,10,6;14,493648,493648,37,28,1254,1217
7,11,3;4,493648,493648,100,87,1254,1154
7,12,0;14,1234120,1234120,109,68,1254,1145
7,13,2;4,740472,740472,71,43,1254,1183
7,14,0;3,2221416,2221416,104,74,1254,1150
7,15,2;6,493648,493648,641,620,1254,613
7,16,3;12,493648,493648,1202,1173,1254,52
7,17,3;14,493648,493648,705,681,1254,549
7,18,2;3,493648,493648,646,613,1254,608
7,19,2;12,493648,493648,393,352,1254,861
7,20,2;6,493648,493648,727,692,1254,527
7,21,3;6,493648,493648,472,446,1254,782
7,22,3;7,493648,493648,775,753,1254,479
7,23,3;6,493648,493648,299,261,1254,955
7,24,3;14,493648,493648,847,819,1254,407
7,25,3;6,493648,493648,434,408,1254,820
7,26,2;13,493648,493648,408,380,1254,846
7,27,2;6,493648,493648,429,397,1254,825
7,28,2;6,493648,493648,641,620,1254,613
7,29,2;14,493648,493648,1243,1213,1254,11
8,0,10;13,987296,987296,29,19,1254,1225
8,1,7;10,493648,493648,34,22,1254,1220
8,2,0;14,493648,493648,77,69,1254,1177
8,3,10;11,1727768,1727768,88,54,1254,1166
8,4,10;14,493648,493648,48,38,1254,1206
8,5,0;10,493648,493648,54,44,1254,1200
8,6,10;14,740472,740472,59,31,1254,1195
8,7,12;14,2221416,2221416,83,49,1254,1171
8,8,10;14,493648,493648,38,30,1254,1216
8,9,3;10,493648,493648,93,82,1254,1161
8,10,0;7,6170600,6170600,69,28,1254,1185
8,11,10;13,740472,740472,99,87,1254,1155
8,12,10;13,987296,987296,94,68,1254,1160
8,13,0;10,987296,987296,55,43,1254,1199
8,14,7;10,3208712,3208712,115,74,1254,1139
8,15,10;14,493648,493648,641,620,1254,613
8,16,7;10,493648,493648,1202,1173,1254,52
8,17,7;10,493648,493648,705,681,1254,549
8,18,7;10,493648,493648,647,613,1254,607
8,19,10;14,493648,493648,393,352,1254,861
8,20,3;10,493648,493648,727,692,1254,527
8,21,12;14,493648,493648,472,446,1254,782
8,22,10;14,493648,493648,775,753,1254,479
8,23,10;14,493648,493648,299,261,1254,955
8,24,6;10,493648,493648,847,819,1254,407
8,25,10;14,493648,493648,434,408,1254,820
8,26,3;7,493648,493648,407,380,1254,847
8,27,3;14,493648,493648,429,397,1254,825
8,28,7;10,493648,493648,641,620,1254,613
8,29,3;10,493648,493648,1243,1213,1254,11
9,0,2;6,493648,493648,29,19,1256,1227
9,1,5;13,493648,493648,35,22,1256,1221
9,2,5;10,3208712,3208712,106,69,1256,1150
9,3,2;12,493648,493648,63,54,1256,1193
9,4,5;9,493648,493648,51,38,1256,1205
9,5,2;14,4442832,4442832,86,44,1256,1170
9,6,0;2,1727768,1727768,65,31,1256,1191
9,7,5;10,740472,740472,77,49,1256,1179
9,8,5;12,493648,493648,39,30,1256,1217
9,9,2;5,740472,740472,95,82,1256,1161
9,10,5;13,1727768,1727768,60,28,1256,1196
9,11,2;14,740472,740472,130,87,1256,1126
9,12,2;5,2221416,2221416,103,68,1256,1153
9,13,12;14,1234120,1234120,65,43,1256,1191
9,14,2;6,1974592,1974592,103,74,1256,1153
9,15,12;13,493648,493648,642,620,1256,614
9,16,5;14,493648,493648,1203,1173,1256,53
9,17,5;6,493648,493648,706,681,1256,550
9,18,6;12,493648,493648,647,613,1256,609
9,19,5;11,493648,493648,395,352,1256,861
9,20,5;12,493648,493648,728,692,1256,528
9,21,5;10,493648,493648,473,446,1256,783
9,22,6;12,493648,493648,775,753,1256,481
9,23,2;5,493648,493648,300,261,1256,956
9,24,2;7,493648,493648,847,819,1256,409
9,25,2;5,493648,493648,435,408,1256,821
9,26,10;14,493648,493648,407,380,1256,849
9,27,5;10,493648,493648,430,397,1256,826
9,28,2;14,493648,493648,641,620,1256,615
9,29,5;6,493648,493648,1244,1213,1256,12
10,0,7;13,1234120,1234120,30,19,1254,1224
10,1,2;6,493648,493648,34,22,1254,1220
10,2,7;13,2468240,2468240,103,69,1254,1151
10,3,8;13,1234120,1234120,87,54,1254,1167
10,4,0;2,493648,493648,49,38,1254,1205
10,5,8;13,493648,493648,54,44,1254,1200
10,6,8;11,2468240,2468240,72,31,1254,1182
10,7,0;2,987296,987296,71,49,1254,1183
10,8,3;6,4442832,4442832,70,30,1254,1184
10,9,6;8,493648,493648,93,82,1254,1161
10,10,2;6,493648,493648,37,28,1254,1217
10,11,6;8,493648,493648,98,87,1254,1156
10,12,0;13,493648,493648,77,68,1254,1177
10,13,7;8,2715064,2715064,82,43,1254,1172
10,14,0;8,740472,740472,109,74,1254,1145
10,15,3;8,493648,493648,640,620,1254,614
10,16,6;8,493648,493648,1202,1173,1254,52
10,17,8;13,493648,493648,706,681,1254,548
10,18,2;3,493648,493648,646,613,1254,608
10,19,6;8,493648,493648,393,352,1254,861
10,20,2;14,493648,493648,727,692,1254,527
10,21,2;6,493648,493648,472,446,1254,782
10,22,2;7,493648,493648,775,753,1254,479
10,23,8;13,493648,493648,300,261,1254,954
10,24,3;8,493648,493648,846,819,1254,408
10,25,8;13,493648,493648,435,408,1254,819
10,26,6;8,493648,493648,407,380,1254,847
10,27,8;13,493648,493648,430,397,1254,824
10,28,6;8,493648,493648,641,620,1254,613
10,29,2;8,493648,493648,1242,1213,1254,12
11,0,3;14,1480944,1480944,52,19,1254,1202
11,1,7;14,493648,493648,34,22,1254,1220
11,2,3;8,987296,987296,89,69,1254,1165
11,3,6;14,3949184,3949184,94,54,1254,1160
11,4,8;12,987296,987296,51,38,1254,1203
11,5,3;7,493648,493648,54,44,1254,1200
11,6,0;8,1234120,1234120,69,31,1254,1185
11,7,12;14,1234120,1234120,70,49,1254,1184
11,8,2;14,2221416,2221416,63,30,1254,1191
11,9,3;14,493648,493648,93,82,1254,1161
11,10,0;14,740472,740472,56,28,1254,1198
11,11,3;4,987296,987296,118,87,1254,1136
11,12,8;14,1974592,1974592,109,68,1254,1145
11,13,2;4,493648,493648,54,43,1254,1200
11,14,3;7,2961888,2961888,108,74,1254,1146
11,15,2;14,493648,493648,641,620,1254,613
11,16,3;11,493648,493648,1204,1173,1254,50
11,17,3;12,493648,493648,705,681,1254,549
11,18,8;14,493648,493648,647,613,1254,607
11,19,3;12,493648,493648,393,352,1254,861
11,20,3;6,493648,493648,727,692,1254,527
11,21,3;8,493648,493648,471,446,1254,783
11,22,3;8,493648,493648,774,753,1254,480
11,23,3;6,493648,493648,299,261,1254,955
11,24,10;14,493648,493648,847,819,1254,407
11,25,3;12,493648,493648,434,408,1254,820
11,26,0;11,493648,493648,409,380,1254,845
11,27,0;12,493648,493648,430,397,1254,824
11,28,7;8,493648,493648,641,620,1254,613
11,29,3;14,493648,493648,1243,1213,1254,11
12,0,8;10,1974592,1974592,48,19,1255,1207
12,1,5;8,493648,493648,35,22,1255,1220
12,2,0;6,2221416,2221416,109,69,1255,1146
12,3,10;11,987296,987296,85,54,1255,1170
12,4,5;10,493648,493648,49,38,1255,1206
12,5,0;11,2715064,2715064,83,44,1255,1172
12,6,2;10,1234120,1234120,59,31,1255,1196
12,7,5;8,1480944,1480944,83,49,1255,1172
12,8,5;10,1727768,1727768,64,30,1255,1191
12,9,5;10,493648,493648,94,82,1255,1161
12,10,7;8,3702360,3702360,66,28,1255,1189
12,11,0;13,1480944,1480944,119,87,1255,1136
12,12,2;10,740472,740472,94,68,1255,1161
12,13,0;10,987296,987296,85,43,1255,1170
12,14,10;11,493648,493648,85,74,1255,1170
12,15,6;10,493648,493648,641,620,1255,614
12,16,2;7,493648,493648,1202,1173,1255,53
12,17,0;2,493648,493648,706,681,1255,549
12,18,7;10,493648,493648,647,613,1255,608
12,19,2;13,493648,493648,394,352,1255,861
12,20,5;8,493648,493648,728,692,1255,527
12,21,5;12,493648,493648,473,446,1255,782
12,22,2;10,493648,493648,775,753,1255,480
12,23,5;10,493648,493648,300,261,1255,955
12,24,0;6,493648,493648,848,819,1255,407
12,25,6;8,493648,493648,434,408,1255,821
12,26,2;7,493648,493648,407,380,1255,848
12,27,2;3,493648,493648,428,397,1255,827
12,28,3;10,493648,493648,641,620,1255,614
12,29,5;11,493648,493648,1245,1213,1255,10
13,0,2;3,1234120,1234120,29,19,1255,1226
13,1,4;10,493648,493648,36,22,1255,1219
13,2,5;10,2221416,2221416,106,69,1255,1149
13,3,2;12,740472,740472,64,54,1255,1191
13,4,2;14,1727768,1727768,52,38,1255,1203
13,5,4;10,2221416,2221416,86,44,1255,1169
13,6,5;14,1234120,1234120,65,31,1255,1190
13,7,0;10,740472,740472,77,49,1255,1178
13,8,4;12,493648,493648,40,30,1255,1215
13,9,2;4,493648,493648,95,82,1255,1160
13,10,4;5,4196008,4196008,69,28,1255,1186
13,11,5;10,493648,493648,99,87,1255,1156
13,12,0;5,2221416,2221416,103,68,1255,1152
13,13,12;14,493648,493648,52,43,1255,1203
13,14,0;6,2221416,2221416,112,74,1255,1143
13,15,10;12,493648,493648,641,620,1255,614
13,16,10;12,493648,493648,1202,1173,1255,53
13,17,10;14,493648,493648,705,681,1255,550
13,18,2;6,493648,493648,647,613,1255,608
13,19,5;10,493648,493648,394,352,1255,861
13,20,10;12,493648,493648,727,692,1255,528
13,21,10;14,493648,493648,472,446,1255,783
13,22,12;14,493648,493648,775,753,1255,480
13,23,2;14,493648,493648,299,261,1255,956
13,24,7;10,493648,493648,847,819,1255,408
13,25,5;10,493648,493648,435,408,1255,820
13,26,5;10,493648,493648,408,380,1255,847
13,27,6;10,493648,493648,429,397,1255,826
13,28,2;14,493648,493648,641,620,1255,614
13,29,6;10,493648,493648,1243,1213,1255,12
14,0,6;7,2221416,2221416,54,19,1256,1202
14,1,0;13,987296,987296,51,22,1256,1205
14,2,7;14,987296,987296,103,69,1256,1153
14,3,8;13,740472,740472,79,54,1256,1177
14,4,0;9,493648,493648,51,38,1256,1205
14,5,8;14,493648,493648,53,44,1256,1203
14,6,0;8,1234120,1234120,53,31,1256,1203
14,7,2;14,2221416,2221416,81,49,1256,1175
14,8,6;14,2468240,2468240,67,30,1256,1189
14,9,6;8,740472,740472,95,82,1256,1161
14,10,12;13,493648,493648,37,28,1256,1219
14,11,8;14,740472,740472,130,87,1256,1126
14,12,7;13,1234120,1234120,102,68,1256,1154
14,13,7;8,2221416,2221416,82,43,1256,1174
14,14,7;8,2468240,2468240,115,74,1256,1141
14,15,0;13,493648,493648,642,620,1256,614
14,16,0;14,493648,493648,1203,1173,1256,53
14,17,1;7,493648,493648,707,681,1256,549
14,18,0;12,493648,493648,648,613,1256,608
14,19,11;14,493648,493648,395,352,1256,861
14,20,2;14,493648,493648,727,692,1256,529
14,21,3;12,493648,493648,472,446,1256,784
14,22,6;7,493648,493648,775,753,1256,481
14,23,8;13,493648,493648,300,261,1256,956
14,24,2;8,493648,493648,846,819,1256,410
14,25,0;14,493648,493648,435,408,1256,821
14,26,1;13,493648,493648,409,380,1256,847
14,27,7;14,493648,493648,429,397,1256,827
14,28,6;7,493648,493648,641,620,1256,615
14,29,0;8,493648,493648,1244,1213,1256,12
15,0,5;13,740472,740472,29,19,1254,1225
15,1,2;7,493648,493648,34,22,1254,1220
15,2,3;13,3208712,3208712,98,69,1254,1156
15,3,10;14,1727768,1727768,91,54,1254,1163
15,4,10;12,493648,493648,48,38,1254,1206
15,5,2;13,2221416,2221416,80,44,1254,1174
15,6,10;11,1480944,1480944,72,31,1254,1182
15,7,5;12,740472,740472,61,49,1254,1193
15,8,2;10,1234120,1234120,70,30,1254,1184
15,9,3;10,493648,493648,93,82,1254,1161
15,10,0;2,3208712,3208712,66,28,1254,1188
15,11,2;6,493648,493648,98,87,1254,1156
15,12,10;14,987296,987296,78,68,1254,1176
15,13,2;14,1480944,1480944,76,43,1254,1178
15,14,2;3,1727768,1727768,108,74,1254,1146
15,15,2;8,493648,493648,640,620,1254,614
15,16,5;6,493648,493648,1203,1173,1254,51
15,17,5;6,493648,493648,706,681,1254,548
15,18,10;14,493648,493648,647,613,1254,607
15,19,6;8,493648,493648,393,352,1254,861
15,20,5;10,493648,493648,728,692,1254,526
15,21,2;6,493648,493648,472,446,1254,782
15,22,2;10,493648,493648,775,753,1254,479
15,23,3;10,493648,493648,299,261,1254,955
15,24,3;14,493648,493648,847,819,1254,407
15,25,2;13,493648,493648,435,408,1254,819
15,26,3;14,493648,493648,407,380,1254,847
15,27,5;13,493648,493648,430,397,1254,824
15,28,8;10,493648,493648,641,620,1254,613
15,29,2;5,493648,493648,1244,1213,1254,10
16,0,3;8,1234120,1234120,48,19,1254,1206
16,1,5;6,493648,493648,35,22,1254,1219
16,2,6;8,740472,740472,89,69,1254,1165
16,3,6;11,4196008,4196008,94,54,1254,1160
16,4,5;8,1480944,1480944,51,38,1254,1203
16,5,3;4,1727768,1727768,83,44,1254,1171
16,6,2;3,1480944,1480944,69,31,1254,1185
16,7,0;8,493648,493648,58,49,1254,1196
16,8,3;4,3455536,3455536,64,30,1254,1190
16,9,4;14,493648,493648,95,82,1254,1159
16,10,4;6,493648,493648,38,28,1254,1216
16,11,3;4,740472,740472,100,87,1254,1154
16,12,5;8,987296,987296,109,68,1254,1145
16,13,4;5,493648,493648,54,43,1254,1200
16,14,3;11,1234120,1234120,104,74,1254,1150
16,15,3;14,493648,493648,641,620,1254,613
16,16,3;8,493648,493648,1201,1173,1254,53
16,17,3;8,493648,493648,704,681,1254,550
16,18,3;8,493648,493648,646,613,1254,608
16,19,3;12,493648,493648,393,352,1254,861
16,20,3;8,493648,493648,726,692,1254,528
16,21,5;8,493648,493648,473,446,1254,781
16,22,3;8,493648,493648,774,753,1254,480
16,23,5;6,493648,493648,300,261,1254,954
16,24,0;6,493648,493648,848,819,1254,406
16,25,3;12,493648,493648,434,408,1254,820
16,26,0;8,493648,493648,408,380,1254,846
16,27,3;8,493648,493648,428,397,1254,826
16,28,2;3,493648,493648,640,620,1254,614
16,29,3;14,493648,493648,1243,1213,1254,11
17,0,10;14,740472,740472,52,19,1255,1203
17,1,4;14,493648,493648,36,22,1255,1219
17,2,5;13,1480944,1480944,106,69,1255,1149
17,3,12;13,493648,493648,64,54,1255,1191
17,4,12;14,2221416,2221416,67,38,1255,1188
17,5,6;7,1974592,1974592,86,44,1255,1169
17,6,5;14,2221416,2221416,66,31,1255,1189
17,7,2;14,1234120,1234120,83,49,1255,1172
17,8,4;5,740472,740472,64,30,1255,1191
17,9,4;5,493648,493648,95,82,1255,1160
17,10,4;14,1974592,1974592,58,28,1255,1197
17,11,4;13,493648,493648,100,87,1255,1155
17,12,2;6,1974592,1974592,100,68,1255,1155
17,13,4;10,1974592,1974592,85,43,1255,1170
17,14,6;10,2221416,2221416,112,74,1255,1143
17,15,6;13,493648,493648,642,620,1255,613
17,16,2;10,493648,493648,1202,1173,1255,53
17,17,12;13,493648,493648,706,681,1255,549
17,18,6;7,493648,493648,647,613,1255,608
17,19,5;13,493648,493648,394,352,1255,861
17,20,6;8,493648,493648,727,692,1255,528
17,21,10;12,493648,493648,472,446,1255,783
17,22,12;14,493648,493648,775,753,1255,480
17,23,2;14,493648,493648,299,261,1255,956
17,24,5;10,493648,493648,848,819,1255,407
17,25,5;6,493648,493648,435,408,1255,820
17,26,4;6,493648,493648,409,380,1255,846
17,27,0;12,493648,493648,430,397,1255,825
17,28,7;14,493648,493648,641,620,1255,614
17,29,6;10,493648,493648,1243,1213,1255,12
18,0,2;13,987296,987296,44,19,1254,1210
18,1,8;13,493648,493648,35,22,1254,1219
18,2,0;12,4442832,4442832,109,69,1254,1145
18,3,2;8,2221416,2221416,91,54,1254,1163
18,4,2;3,1727768,1727768,67,38,1254,1187
18,5,10;13,493648,493648,54,44,1254,1200
18,6,8;10,493648,493648,40,31,1254,1214
18,7,3;10,493648,493648,58,49,1254,1196
18,8,2;4,3208712,3208712,59,30,1254,1195
18,9,2;4,493648,493648,95,82,1254,1159
18,10,4;8,1974592,1974592,69,28,1254,1185
18,11,8;10,740472,740472,118,87,1254,1136
18,12,3;13,1234120,1234120,103,68,1254,1151
18,13,3;4,2221416,2221416,82,43,1254,1172
18,14,0;8,493648,493648,83,74,1254,1171
18,15,2;10,493648,493648,641,620,1254,613
18,16,11;12,493648,493648,1204,1173,1254,50
18,17,0;2,493648,493648,706,681,1254,548
18,18,2;3,493648,493648,646,613,1254,608
18,19,2;10,493648,493648,393,352,1254,861
18,20,2;12,493648,493648,727,692,1254,527
18,21,2;3,493648,493648,471,446,1254,783
18,22,2;8,493648,493648,774,753,1254,480
18,23,3;13,493648,493648,300,261,1254,954
18,24,2;8,493648,493648,846,819,1254,408
18,25,8;13,493648,493648,435,408,1254,819
18,26,2;4,493648,493648,409,380,1254,845
18,27,2;13,493648,493648,430,397,1254,824
18,28,2;8,493648,493648,640,620,1254,614
18,29,2;8,493648,493648,1242,1213,1254,12
19,0,7;12,2221416,2221416,54,19,1256,1202
19,1,2;12,493648,493648,34,22,1256,1222
19,2,7;14,740472,740472,80,69,1256,1176
19,3,12;14,740472,740472,65,54,1256,1191
19,4,9;12,493648,493648,51,38,1256,1205
19,5,0;11,493648,493648,56,44,1256,1200
19,6,0;12,493648,493648,41,31,1256,1215
19,7,0;12,2468240,2468240,81,49,1256,1175
19,8,12;14,1234120,1234120,67,30,1256,1189
19,9,3;8,740472,740472,95,82,1256,1161
19,10,7;12,1480944,1480944,63,28,1256,1193
19,11,0;12,1480944,1480944,130,87,1256,1126
19,12,0;7,3702360,3702360,106,68,1256,1150
19,13,0;12,493648,493648,53,43,1256,1203
19,14,7;12,3455536,3455536,115,74,1256,1141
19,15,0;12,493648,493648,642,620,1256,614
19,16,7;14,493648,493648,1202,1173,1256,54
19,17,10;14,493648,493648,705,681,1256,551
19,18,0;14,493648,493648,648,613,1256,608
19,19,11;14,493648,493648,395,352,1256,861
19,20,10;14,493648,493648,727,692,1256,529
19,21,8;14,493648,493648,472,446,1256,784
19,22,7;10,493648,493648,775,753,1256,481
19,23,8;12,493648,493648,299,261,1256,957
19,24,7;14,493648,493648,847,819,1256,409
19,25,12;14,493648,493648,434,408,1256,822
19,26,7;11,493648,493648,409,380,1256,847
19,27,7;14,493648,493648,429,397,1256,827
19,28,10;12,493648,493648,641,620,1256,615
19,29,0;11,493648,493648,1245,1213,1256,11
20,0,5;6,1234120,1234120,49,19,1254,1205
20,1,4;10,2221416,2221416,59,22,1254,1195
20,2,1;10,740472,740472,80,69,1254,1174
20,3,10;11,493648,493648,65,54,1254,1189
20,4,0;14,1234120,1234120,52,38,1254,1202
20,5,4;14,3455536,3455536,83,44,1254,1171
20,6,11;14,2221416,2221416,72,31,1254,1182
20,7,5;14,740472,740472,58,49,1254,1196
20,8,5;6,493648,493648,39,30,1254,1215
20,9,6;14,493648,493648,93,82,1254,1161
20,10,5;13,1974592,1974592,62,28,1254,1192
20,11,4;5,1234120,1234120,100,87,1254,1154
20,12,5;14,987296,987296,109,68,1254,1145
20,13,7;14,1234120,1234120,71,43,1254,1183
20,14,2;11,3455536,3455536,112,74,1254,1142
20,15,13;14,493648,493648,642,620,1254,612
20,16,0;5,493648,493648,1203,1173,1254,51
20,17,1;5,493648,493648,707,681,1254,547
20,18,10;14,493648,493648,647,613,1254,607
20,19,6;12,493648,493648,393,352,1254,861
20,20,1;5,493648,493648,729,692,1254,525
20,21,5;12,493648,493648,473,446,1254,781
20,22,1;6,493648,493648,777,753,1254,477
20,23,5;14,493648,493648,300,261,1254,954
20,24,0;14,493648,493648,848,819,1254,406
20,25,1;10,493648,493648,436,408,1254,818
20,26,1;13,493648,493648,409,380,1254,845
20,27,6;10,493648,493648,429,397,1254,825
20,28,1;6,493648,493648,643,620,1254,611
20,29,5;14,493648,493648,1244,1213,1254,10
21,0,8;10,1480944,1480944,46,19,1254,1208
21,1,0;14,740472,740472,62,22,1254,1192
21,2,0;3,493648,493648,77,69,1254,1177
21,3,13;14,1974592,1974592,83,54,1254,1171
21,4,8;10,493648,493648,48,38,1254,1206
21,5,8;12,740472,740472,54,44,1254,1200
21,6,3;5,493648,493648,41,31,1254,1213
21,7,8;10,493648,493648,57,49,1254,1197
21,8,10;14,3455536,3455536,64,30,1254,1190
21,9,10;12,493648,493648,93,82,1254,1161
21,10,0;14,3949184,3949184,69,28,1254,1185
21,11,3;14,493648,493648,98,87,1254,1156
21,12,8;10,2468240,2468240,103,68,1254,1151
21,13,8;10,740472,740472,53,43,1254,1201
21,14,0;10,2715064,2715064,115,74,1254,1139
21,15,8;10,493648,493648,641,620,1254,613
21,16,8;10,493648,493648,1202,1173,1254,52
21,17,8;12,493648,493648,705,681,1254,549
21,18,8;12,493648,493648,647,613,1254,607
21,19,10;14,493648,493648,393,352,1254,861
21,20,8;12,493648,493648,727,692,1254,527
21,21,10;14,493648,493648,472,446,1254,782
21,22,12;14,493648,493648,775,753,1254,479
21,23,1;10,493648,493648,301,261,1254,953
21,24,3;10,493648,493648,847,819,1254,407
21,25,0;14,493648,493648,435,408,1254,819
21,26,10;12,493648,493648,407,380,1254,847
21,27,8;12,493648,493648,429,397,1254,825
21,28,3;14,493648,493648,641,620,1254,613
21,29,3;10,493648,493648,1243,1213,1254,11
22,0,2;3,2468240,2468240,54,19,1255,1201
22,1,0;5,493648,493648,35,22,1255,1220
22,2,0;8,5676952,5676952,106,69,1255,1149
22,3,2;6,1480944,1480944,88,54,1255,1167
22,4,0;5,493648,493648,49,38,1255,1206
22,5,2;3,1727768,1727768,77,44,1255,1178
22,6,2;8,2221416,2221416,60,31,1255,1195
22,7,0;2,740472,740472,73,49,1255,1182
22,8,2;3,1974592,1974592,70,30,1255,1185
22,9,2;5,493648,493648,94,82,1255,1161
22,10,0;2,493648,493648,37,28,1255,1218
22,11,2;6,493648,493648,98,87,1255,1157
22,12,2;13,493648,493648,77,68,1255,1178
22,13,2;6,1480944,1480944,85,43,1255,1170
22,14,0;8,493648,493648,83,74,1255,1172
22,15,0;2,493648,493648,642,620,1255,613
22,16,2;6,493648,493648,1202,1173,1255,53
22,17,6;7,493648,493648,705,681,1255,550
22,18,0;2,493648,493648,648,613,1255,607
22,19,8;13,493648,493648,394,352,1255,861
22,20,2;3,493648,493648,726,692,1255,529
22,21,2;6,493648,493648,472,446,1255,783
22,22,2;8,493648,493648,774,753,1255,481
22,23,2;13,493648,493648,300,261,1255,955
22,24,2;6,493648,493648,847,819,1255,408
22,25,2;13,493648,493648,435,408,1255,820
22,26,0;5,493648,493648,408,380,1255,847
22,27,2;5,493648,493648,430,397,1255,825
22,28,2;8,493648,493648,640,620,1255,615
22,29,2;8,493648,493648,1242,1213,1255,13
23,0,13;14,987296,987296,50,19,1255,1205
23,1,6;7,493648,493648,34,22,1255,1221
23,2,6;13,1480944,1480944,109,69,1255,1146
23,3,8;12,3455536,3455536,85,54,1255,1170
23,4,2;3,1234120,1234120,51,38,1255,1204
23,5,6;7,740472,740472,73,44,1255,1182
23,6,10;11,3455536,3455536,69,31,1255,1186
23,7,3;12,1480944,1480944,83,49,1255,1172
23,8,4;12,2221416,2221416,67,30,1255,1188
23,9,3;4,493648,493648,95,82,1255,1160
23,10,6;8,740472,740472,50,28,1255,1205
23,11,8;13,740472,740472,99,87,1255,1156
23,12,0;6,1234120,1234120,77,68,1255,1178
23,13,4;6,1480944,1480944,85,43,1255,1170
23,14,3;6,1480944,1480944,109,74,1255,1146
23,15,3;6,493648,493648,641,620,1255,614
23,16,3;14,493648,493648,1202,1173,1255,53
23,17,2;3,493648,493648,704,681,1255,551
23,18,6;7,493648,493648,647,613,1255,608
23,19,2;13,493648,493648,394,352,1255,861
23,20,6;14,493648,493648,727,692,1255,528
23,21,3;8,493648,493648,471,446,1255,784
23,22,3;10,493648,493648,775,753,1255,480
23,23,6;8,493648,493648,299,261,1255,956
23,24,5;8,493648,493648,848,819,1255,407
23,25,3;6,493648,493648,434,408,1255,821
23,26,3;8,493648,493648,406,380,1255,849
23,27,3;14,493648,493648,429,397,1255,826
23,28,2;7,493648,493648,641,620,1255,614
23,29,0;6,493648,493648,1244,1213,1255,11
24,0,7;12,1234120,1234120,52,19,1255,1203
24,1,12;13,493648,493648,35,22,1255,1220
24,2,12;14,493648,493648,76,69,1255,1179
24,3,12;14,987296,987296,94,54,1255,1161
24,4,12;14,740472,740472,48,38,1255,1207
24,5,10;13,1727768,1727768,86,44,1255,1169
24,6,0;12,740472,740472,58,31,1255,1197
24,7,5;14,987296,987296,58,49,1255,1197
24,8,5;14,740472,740472,40,30,1255,1215
24,9,8;14,493648,493648,93,82,1255,1162
24,10,4;12,1727768,1727768,63,28,1255,1192
24,11,10;12,493648,493648,98,87,1255,1157
24,12,7;14,4689656,4689656,106,68,1255,1149
24,13,5;12,1727768,1727768,82,43,1255,1173
24,14,7;12,3455536,3455536,108,74,1255,1147
24,15,12;13,493648,493648,642,620,1255,613
24,16,12;14,493648,493648,1202,1173,1255,53
24,17,13;14,493648,493648,706,681,1255,549
24,18,3;14,493648,493648,647,613,1255,608
24,19,3;5,493648,493648,394,352,1255,861
24,20,10;12,493648,493648,727,692,1255,528
24,21,5;12,493648,493648,473,446,1255,782
24,22,12;14,493648,493648,775,753,1255,480
24,23,12;13,493648,493648,300,261,1255,955
24,24,0;14,493648,493648,848,819,1255,407
24,25,5;12,493648,493648,435,408,1255,820
24,26,6;14,493648,493648,407,380,1255,848
24,27,0;13,493648,493648,430,397,1255,825
24,28,10;12,493648,493648,641,620,1255,614
24,29,10;14,493648,493648,1243,1213,1255,12
25,0,2;14,987296,987296,44,19,1254,1210
25,1,2;13,740472,740472,45,22,1254,1209
25,2,5;7,5430128,5430128,109,69,1254,1145
25,3,2;11,493648,493648,65,54,1254,1189
25,4,2;8,1234120,1234120,67,38,1254,1187
25,5,13;14,740472,740472,54,44,1254,1200
25,6,2;14,493648,493648,40,31,1254,1214
25,7,2;8,1234120,1234120,77,49,1254,1177
25,8,2;4,1480944,1480944,64,30,1254,1190
25,9,2;4,493648,493648,95,82,1254,1159
25,10,7;13,493648,493648,37,28,1254,1217
25,11,0;4,1234120,1234120,119,87,1254,1135
25,12,2;13,493648,493648,77,68,1254,1177
25,13,2;14,2468240,2468240,82,43,1254,1172
25,14,0;2,2715064,2715064,115,74,1254,1139
25,15,13;14,493648,493648,642,620,1254,612
25,16,2;11,493648,493648,1204,1173,1254,50
25,17,0;13,493648,493648,706,681,1254,548
25,18,2;8,493648,493648,646,613,1254,608
25,19,2;14,493648,493648,393,352,1254,861
25,20,8;14,493648,493648,727,692,1254,527
25,21,2;14,493648,493648,472,446,1254,782
25,22,2;7,493648,493648,775,753,1254,479
25,23,2;13,493648,493648,300,261,1254,954
25,24,2;7,493648,493648,847,819,1254,407
25,25,8;14,493648,493648,434,408,1254,820
25,26,2;4,493648,493648,409,380,1254,845
25,27,2;13,493648,493648,430,397,1254,824
25,28,1;14,493648,493648,643,620,1254,611
25,29,2;11,493648,493648,1245,1213,1254,9
26,0,6;8,3208712,3208712,54,19,1256,1202
26,1,0;8,493648,493648,35,22,1256,1221
26,2,0;12,493648,493648,77,69,1256,1179
26,3,6;10,1480944,1480944,91,54,1256,1165
26,4,0;9,1234120,1234120,67,38,1256,1189
26,5,0;11,1234120,1234120,80,44,1256,1176
26,6,3;11,2468240,2468240,72,31,1256,1184
26,7,0;10,2221416,2221416,84,49,1256,1172
26,8,4;7,987296,987296,41,30,1256,1215
26,9,6;7,740472,740472,95,82,1256,1161
26,10,0;5,3208712,3208712,62,28,1256,1194
26,11,4;7,1480944,1480944,130,87,1256,1126
26,12,3;10,1234120,1234120,92,68,1256,1164
26,13,0;7,493648,493648,53,43,1256,1203
26,14,11;12,740472,740472,112,74,1256,1144
26,15,0;10,493648,493648,642,620,1256,614
26,16,0;10,493648,493648,1203,1173,1256,53
26,17,10;12,493648,493648,705,681,1256,551
26,18,0;10,493648,493648,648,613,1256,608
26,19,6;11,493648,493648,395,352,1256,861
26,20,5;7,493648,493648,728,692,1256,528
26,21,6;10,493648,493648,472,446,1256,784
26,22,6;10,493648,493648,775,753,1256,481
26,23,3;14,493648,493648,299,261,1256,957
26,24,6;10,493648,493648,847,819,1256,409
26,25,0;10,493648,493648,435,408,1256,821
26,26,4;7,493648,493648,409,380,1256,847
26,27,6;7,493648,493648,429,397,1256,827
26,28,3;6,493648,493648,641,620,1256,615
26,29,3;5,493648,493648,1244,1213,1256,12
27,0,5;10,987296,987296,48,19,1254,1206
27,1,4;10,493648,493648,36,22,1254,1218
27,2,8;10,2715064,2715064,103,69,1254,1151
27,3,7;13,740472,740472,64,54,1254,1190
27,4,7;10,1234120,1234120,52,38,1254,1202
27,5,2;4,1234120,1234120,83,44,1254,1171
27,6,8;10,493648,493648,40,31,1254,1214
27,7,2;12,1480944,1480944,83,49,1254,1171
27,8,6;10,3455536,3455536,64,30,1254,1190
27,9,4;10,493648,493648,95,82,1254,1159
27,10,2;12,3702360,3702360,69,28,1254,1185
27,11,2;13,493648,493648,99,87,1254,1155
27,12,5;8,1480944,1480944,109,68,1254,1145
27,13,3;10,987296,987296,70,43,1254,1184
27,14,3;10,740472,740472,108,74,1254,1146
27,15,2;8,493648,493648,640,620,1254,614
27,16,7;8,493648,493648,1202,1173,1254,52
27,17,2;8,493648,493648,704,681,1254,550
27,18,7;14,493648,493648,647,613,1254,607
27,19,10;12,493648,493648,393,352,1254,861
27,20,2;8,493648,493648,726,692,1254,528
27,21,8;12,493648,493648,472,446,1254,782
27,22,2;8,493648,493648,774,753,1254,480
27,23,5;10,493648,493648,300,261,1254,954
27,24,0;8,493648,493648,848,819,1254,406
27,25,2;13,493648,493648,435,408,1254,819
27,26,0;10,493648,493648,408,380,1254,846
27,27,8;10,493648,493648,429,397,1254,825
27,28,2;8,493648,493648,640,620,1254,614
27,29,8;10,493648,493648,1243,1213,1254,11
28,0,12;13,740472,740472,50,19,1255,1205
28,1,12;14,493648,493648,34,22,1255,1221
28,2,3;13,1234120,1234120,106,69,1255,1149
28,3,12;14,1480944,1480944,79,54,1255,1176
28,4,5;12,740472,740472,49,38,1255,1206
28,5,3;12,2468240,2468240,74,44,1255,1181
28,6,5;12,740472,740472,52,31,1255,1203
28,7,12;14,493648,493648,57,49,1255,1198
28,8,3;12,987296,987296,39,30,1255,1216
28,9,5;12,493648,493648,94,82,1255,1161
28,10,12;14,740472,740472,49,28,1255,1206
28,11,5;12,493648,493648,99,87,1255,1156
28,12,0;14,5676952,5676952,109,68,1255,1146
28,13,4;8,1974592,1974592,85,43,1255,1170
28,14,8;12,2468240,2468240,106,74,1255,1149
28,15,6;12,493648,493648,641,620,1255,614
28,16,5;14,493648,493648,1203,1173,1255,52
28,17,5;12,493648,493648,706,681,1255,549
28,18,2;12,493648,493648,647,613,1255,608
28,19,12;13,493648,493648,394,352,1255,861
28,20,12;13,493648,493648,728,692,1255,527
28,21,3;12,493648,493648,472,446,1255,783
28,22,5;13,493648,493648,776,753,1255,479
28,23,2;12,493648,493648,299,261,1255,956
28,24,2;14,493648,493648,847,819,1255,408
28,25,5;12,493648,493648,435,408,1255,820
28,26,12;13,493648,493648,408,380,1255,847
28,27,12;14,493648,493648,429,397,1255,826
28,28,10;12,493648,493648,641,620,1255,614
28,29,0;14,493648,493648,1244,1213,1255,11
29,0,2;14,493648,493648,28,19,1253,1225
29,1,5;7,1974592,1974592,62,22,1253,1191
29,2,1;14,3455536,3455536,109,69,1253,1144
29,3,8;11,987296,987296,81,54,1253,1172
29,4,8;14,740472,740472,48,38,1253,1205
29,5,7;8,1480944,1480944,77,44,1253,1176
29,6,2;14,1234120,1234120,61,31,1253,1192
29,7,3;8,1480944,1480944,70,49,1253,1183
29,8,2;14,3455536,3455536,70,30,1253,1183
29,9,2;14,493648,493648,93,82,1253,1160
29,10,4;8,493648,493648,38,28,1253,1215
29,11,8;14,987296,987296,116,87,1253,1137
29,12,2;6,987296,987296,77,68,1253,1176
29,13,5;12,493648,493648,53,43,1253,1200
29,14,7;12,3455536,3455536,109,74,1253,1144
29,15,8;14,493648,493648,641,620,1253,612
29,16,2;6,493648,493648,1202,1173,1253,51
29,17,1;14,493648,493648,707,681,1253,546
29,18,2;8,493648,493648,646,613,1253,607
29,19,2;8,493648,493648,392,352,1253,861
29,20,1;14,493648,493648,729,692,1253,524
29,21,2;14,493648,493648,472,446,1253,781
29,22,1;14,493648,493648,777,753,1253,476
29,23,1;8,493648,493648,301,261,1253,952
29,24,3;5,493648,493648,848,819,1253,405
29,25,1;8,493648,493648,436,408,1253,817
29,26,8;11,493648,493648,409,380,1253,844
29,27,2;5,493648,493648,430,397,1253,823
29,28,2;7,493648,493648,641,620,1253,612
29,29,2;6,493648,493648,1243,1213,1253,10
30,0,3;8,2221416,2221416,52,19,1256,1204
30,1,0;6,740472,740472,51,22,1256,1205
30,2,6;12,740472,740472,77,69,1256,1179
30,3,2;10,1480944,1480944,85,54,1256,1171
30,4,9;12,493648,493648,51,38,1256,1205
30,5,6;10,1234120,1234120,71,44,1256,1185
30,6,0;11,3208712,3208712,69,31,1256,1187
30,7,0;5,1234120,1234120,77,49,1256,1179
30,8,5;12,1234120,1234120,50,30,1256,1206
30,9,3;8,740472,740472,95,82,1256,1161
30,10,6;13,2468240,2468240,63,28,1256,1193
30,11,6;10,1480944,1480944,130,87,1256,1126
30,12,7;13,2221416,2221416,109,68,1256,1147
30,13,0;6,1234120,1234120,82,43,1256,1174
30,14,6;11,987296,987296,101,74,1256,1155
30,15,0;10,493648,493648,642,620,1256,614
30,16,11;12,493648,493648,1204,1173,1256,52
30,17,6;7,493648,493648,705,681,1256,551
30,18,6;10,493648,493648,647,613,1256,609
30,19,11;12,493648,493648,395,352,1256,861
30,20,6;10,493648,493648,727,692,1256,529
30,21,5;12,493648,493648,473,446,1256,783
30,22,3;12,493648,493648,775,753,1256,481
30,23,6;13,493648,493648,300,261,1256,956
30,24,0;7,493648,493648,848,819,1256,408
30,25,6;10,493648,493648,434,408,1256,822
30,26,1;14,493648,493648,409,380,1256,847
30,27,0;3,493648,493648,430,397,1256,826
30,28,8;14,493648,493648,641,620,1256,615
30,29,10;11,493648,493648,1245,1213,1256,11
31,0,2;7,1974592,1974592,54,19,1255,1201
31,1,2;13,740472,740472,45,22,1255,1210
31,2,5;7,5183304,5183304,109,69,1255,1146
31,3,7;11,1974592,1974592,88,54,1255,1167
31,4,2;3,493648,493648,49,38,1255,1206
31,5,2;11,1480944,1480944,86,44,1255,1169
31,6,2;8,987296,987296,57,31,1255,1198
31,7,2;14,2715064,2715064,83,49,1255,1172
31,8,2;7,987296,987296,55,30,1255,1200
31,9,2;7,493648,493648,93,82,1255,1162
31,10,0;7,493648,493648,37,28,1255,1218
31,11,3;7,740472,740472,99,87,1255,1156
31,12,0;2,493648,493648,77,68,1255,1178
31,13,2;3,987296,987296,65,43,1255,1190
31,14,0;2,987296,987296,102,74,1255,1153
31,15,2;13,493648,493648,642,620,1255,613
31,16,2;3,493648,493648,1201,1173,1255,54
31,17,2;3,493648,493648,704,681,1255,551
31,18,0;7,493648,493648,648,613,1255,607
31,19,2;5,493648,493648,394,352,1255,861
31,20,2;3,493648,493648,726,692,1255,529
31,21,6;8,493648,493648,472,446,1255,783
31,22,2;7,493648,493648,775,753,1255,480
31,23,2;5,493648,493648,300,261,1255,955
31,24,2;14,493648,493648,847,819,1255,408
31,25,0;3,493648,493648,435,408,1255,820
31,26,2;5,493648,493648,408,380,1255,847
31,27,2;7,493648,493648,429,397,1255,826
31,28,1;6,493648,493648,643,620,1255,612
31,29,0;5,493648,493648,1244,1213,1255,11
32,0,5;10,987296,987296,30,19,1254,1224
32,1,10;12,493648,493648,34,22,1254,1220
32,2,0;10,1234120,1234120,102,69,1254,1152
32,3,6;12,1480944,1480944,87,54,1254,1167
32,4,0;10,987296,987296,51,38,1254,1203
32,5,0;14,1974592,1974592,80,44,1254,1174
32,6,5;10,1234120,1234120,59,31,1254,1195
32,7,10;12,493648,493648,57,49,1254,1197
32,8,4;10,1234120,1234120,64,30,1254,1190
32,9,10;12,493648,493648,93,82,1254,1161
32,10,5;12,5183304,5183304,69,28,1254,1185
32,11,2;4,740472,740472,110,87,1254,1144
32,12,5;10,2221416,2221416,94,68,1254,1160
32,13,10;14,740472,740472,76,43,1254,1178
32,14,3;10,1727768,1727768,115,74,1254,1139
32,15,3;11,493648,493648,643,620,1254,611
32,16,8;10,493648,493648,1202,1173,1254,52
32,17,10;12,493648,493648,705,681,1254,549
32,18,2;3,493648,493648,646,613,1254,608
32,19,10;14,493648,493648,393,352,1254,861
32,20,5;8,493648,493648,728,692,1254,526
32,21,2;10,493648,493648,472,446,1254,782
32,22,5;10,493648,493648,776,753,1254,478
32,23,10;14,493648,493648,299,261,1254,955
32,24,6;10,493648,493648,847,819,1254,407
32,25,5;12,493648,493648,435,408,1254,819
32,26,3;6,493648,493648,407,380,1254,847
32,27,10;13,493648,493648,430,397,1254,824
32,28,10;12,493648,493648,641,620,1254,613
32,29,8;14,493648,493648,1243,1213,1254,11
33,0,2;10,1727768,1727768,49,19,1254,1205
33,1,8;14,493648,493648,34,22,1254,1220
33,2,3;13,2715064,2715064,103,69,1254,1151
33,3,13;14,2961888,2961888,94,54,1254,1160
33,4,12;14,493648,493648,48,38,1254,1206
33,5,3;13,493648,493648,54,44,1254,1200
33,6,2;3,1480944,1480944,72,31,1254,1182
33,7,0;14,740472,740472,58,49,1254,1196
33,8,3;6,987296,987296,57,30,1254,1197
33,9,6;10,493648,493648,93,82,1254,1161
33,10,2;14,1480944,1480944,55,28,1254,1199
33,11,0;13,493648,493648,99,87,1254,1155
33,12,3;14,740472,740472,78,68,1254,1176
33,13,7;10,2961888,2961888,82,43,1254,1172
33,14,10;12,2961888,2961888,108,74,1254,1146
33,15,2;13,493648,493648,642,620,1254,612
33,16,0;14,493648,493648,1203,1173,1254,51
33,17,0;13,493648,493648,706,681,1254,548
33,18,2;14,493648,493648,647,613,1254,607
33,19,3;6,493648,493648,393,352,1254,861
33,20,2;13,493648,493648,728,692,1254,526
33,21,3;14,493648,493648,472,446,1254,782
33,22,6;13,493648,493648,776,753,1254,478
33,23,3;13,493648,493648,300,261,1254,954
33,24,8;14,493648,493648,847,819,1254,407
33,25,2;14,493648,493648,434,408,1254,820
33,26,0;10,493648,493648,408,380,1254,846
33,27,13;14,493648,493648,430,397,1254,824
33,28,2;3,493648,493648,640,620,1254,614
33,29,2;3,493648,493648,1242,1213,1254,12
34,0,6;12,740472,740472,48,19,1256,1208
34,1,7;12,493648,493648,34,22,1256,1222
34,2,5;8,740472,740472,94,69,1256,1162
34,3,11;12,493648,493648,65,54,1256,1191
34,4,7;12,493648,493648,48,38,1256,1208
34,5,7;12,1974592,1974592,83,44,1256,1173
34,6,11;12,1974592,1974592,63,31,1256,1193
34,7,8;12,2221416,2221416,84,49,1256,1172
34,8,10;12,1974592,1974592,53,30,1256,1203
34,9,5;7,493648,493648,94,82,1256,1162
34,10,12;13,1480944,1480944,62,28,1256,1194
34,11,5;12,1234120,1234120,130,87,1256,1126
34,12,8;10,5430128,5430128,109,68,1256,1147
34,13,6;8,987296,987296,70,43,1256,1186
34,14,8;12,493648,493648,82,74,1256,1174
34,15,6;12,493648,493648,641,620,1256,615
34,16,5;7,493648,493648,1203,1173,1256,53
34,17,5;8,493648,493648,706,681,1256,550
34,18,10;12,493648,493648,647,613,1256,609
34,19,11;12,493648,493648,395,352,1256,861
34,20,7;12,493648,493648,727,692,1256,529
34,21,2;12,493648,493648,472,446,1256,784
34,22,8;12,493648,493648,775,753,1256,481
34,23,5;12,493648,493648,300,261,1256,956
34,24,0;10,493648,493648,848,819,1256,408
34,25,12;13,493648,493648,435,408,1256,821
34,26,7;12,493648,493648,407,380,1256,849
34,27,6;12,493648,493648,429,397,1256,827
34,28,6;12,493648,493648,641,620,1256,615
34,29,6;10,493648,493648,1243,1213,1256,13
35,0,13;14,987296,987296,41,19,1256,1215
35,1,3;4,493648,493648,36,22,1256,1220
35,2,12;14,1480944,1480944,106,69,1256,1150
35,3,2;4,1727768,1727768,81,54,1256,1175
35,4,5;9,2715064,2715064,81,38,1256,1175
35,5,4;9,1727768,1727768,75,44,1256,1181
35,6,0;14,1234120,1234120,69,31,1256,1187
35,7,2;3,493648,493648,58,49,1256,1198
35,8,9;14,1480944,1480944,63,30,1256,1193
35,9,4;14,987296,987296,95,82,1256,1161
35,10,3;4,493648,493648,38,28,1256,1218
35,11,8;14,493648,493648,98,87,1256,1158
35,12,5;13,1480944,1480944,98,68,1256,1158
35,13,4;12,1234120,1234120,85,43,1256,1171
35,14,3;4,3702360,3702360,109,74,1256,1147
35,15,0;14,493648,493648,642,620,1256,614
35,16,2;12,493648,493648,1202,1173,1256,54
35,17,12;14,493648,493648,705,681,1256,551
35,18,8;14,493648,493648,647,613,1256,609
35,19,4;13,493648,493648,395,352,1256,861
35,20,4;14,493648,493648,729,692,1256,527
35,21,5;6,493648,493648,473,446,1256,783
35,22,5;14,493648,493648,776,753,1256,480
35,23,2;6,493648,493648,299,261,1256,957
35,24,3;14,493648,493648,847,819,1256,409
35,25,5;6,493648,493648,435,408,1256,821
35,26,4;13,493648,493648,409,380,1256,847
35,27,4;8,493648,493648,431,397,1256,825
35,28,8;14,493648,493648,641,620,1256,615
35,29,5;12,493648,493648,1244,1213,1256,12
36,0,2;8,493648,493648,28,19,1255,1227
36,1,2;13,1234120,1234120,62,22,1255,1193
36,2,1;6,6664248,6664248,109,69,1255,1146
36,3,6;13,493648,493648,64,54,1255,1191
36,4,2;8,493648,493648,48,38,1255,1207
36,5,2;6,1727768,1727768,86,44,1255,1169
36,6,2;5,3208712,3208712,66,31,1255,1189
36,7,2;5,493648,493648,58,49,1255,1197
36,8,2;5,1480944,1480944,55,30,1255,1200
36,9,2;8,493648,493648,92,82,1255,1163
36,10,2;6,740472,740472,60,28,1255,1195
36,11,2;6,987296,987296,119,87,1255,1136
36,12,2;6,493648,493648,77,68,1255,1178
36,13,2;5,1234120,1234120,82,43,1255,1173
36,14,2;6,493648,493648,83,74,1255,1172
36,15,2;11,493648,493648,643,620,1255,612
36,16,2;6,493648,493648,1202,1173,1255,53
36,17,2;6,493648,493648,705,681,1255,550
36,18,2;6,493648,493648,647,613,1255,608
36,19,2;5,493648,493648,394,352,1255,861
36,20,2;6,493648,493648,727,692,1255,528
36,21,2;8,493648,493648,471,446,1255,784
36,22,1;2,493648,493648,777,753,1255,478
36,23,1;13,493648,493648,301,261,1255,954
36,24,2;6,493648,493648,847,819,1255,408
36,25,1;2,493648,493648,436,408,1255,819
36,26,2;5,493648,493648,408,380,1255,847
36,27,2;10,493648,493648,429,397,1255,826
36,28,2;6,493648,493648,641,620,1255,614
36,29,2;11,493648,493648,1245,1213,1255,10
37,0,5;7,740472,740472,29,19,1254,1225
37,1,6;7,987296,987296,48,22,1254,1206
37,2,10;12,493648,493648,76,69,1254,1178
37,3,10;14,493648,493648,63,54,1254,1191
37,4,7;10,493648,493648,48,38,1254,1206
37,5,7;8,1234120,1234120,73,44,1254,1181
37,6,8;10,987296,987296,63,31,1254,1191
37,7,10;14,3949184,3949184,84,49,1254,1170
37,8,6;7,1974592,1974592,70,30,1254,1184
37,9,7;12,493648,493648,93,82,1254,1161
37,10,5;8,3949184,3949184,69,28,1254,1185
37,11,7;10,493648,493648,98,87,1254,1156
37,12,7;14,1480944,1480944,98,68,1254,1156
37,13,0;14,740472,740472,66,43,1254,1188
37,14,7;12,2221416,2221416,108,74,1254,1146
37,15,8;10,493648,493648,641,620,1254,613
37,16,10;14,493648,493648,1202,1173,1254,52
37,17,1;10,493648,493648,707,681,1254,547
37,18,7;14,493648,493648,647,613,1254,607
37,19,8;10,493648,493648,393,352,1254,861
37,20,7;10,493648,493648,727,692,1254,527
37,21,10;12,493648,493648,472,446,1254,782
37,22,7;13,493648,493648,776,753,1254,478
37,23,8;10,493648,493648,299,261,1254,955
37,24,5;7,493648,493648,848,819,1254,406
37,25,10;14,493648,493648,434,408,1254,820
37,26,7;8,493648,493648,407,380,1254,847
37,27,6;14,493648,493648,429,397,1254,825
37,28,1;7,493648,493648,643,620,1254,611
37,29,12;14,493648,493648,1243,1213,1254,11
38,0,3;14,3949184,3949184,54,19,1256,1202
38,1,0;14,740472,740472,59,22,1256,1197
38,2,0;13,1234120,1234120,106,69,1256,1150
38,3,2;8,987296,987296,75,54,1256,1181
38,4,9;14,493648,493648,51,38,1256,1205
38,5,11;14,493648,493648,56,44,1256,1200
38,6,11;14,740472,740472,53,31,1256,1203
38,7,0;13,1234120,1234120,81,49,1256,1175
38,8,9;14,1974592,1974592,59,30,1256,1197
38,9,2;14,987296,987296,95,82,1256,1161
38,10,0;7,740472,740472,49,28,1256,1207
38,11,0;13,1974592,1974592,130,87,1256,1126
38,12,0;8,493648,493648,77,68,1256,1179
38,13,7;8,1974592,1974592,79,43,1256,1177
38,14,0;11,3208712,3208712,115,74,1256,1141
38,15,13;14,493648,493648,642,620,1256,614
38,16,7;11,493648,493648,1204,1173,1256,52
38,17,0;13,493648,493648,706,681,1256,550
38,18,0;13,493648,493648,648,613,1256,608
38,19,11;14,493648,493648,395,352,1256,861
38,20,1;13,493648,493648,729,692,1256,527
38,21,0;14,493648,493648,473,446,1256,783
38,22,3;6,493648,493648,775,753,1256,481
38,23,2;14,493648,493648,299,261,1256,957
38,24,0;8,493648,493648,848,819,1256,408
38,25,0;8,493648,493648,435,408,1256,821
38,26,11;14,493648,493648,409,380,1256,847
38,27,0;7,493648,493648,430,397,1256,826
38,28,0;10,493648,493648,642,620,1256,614
38,29,0;8,493648,493648,1244,1213,1256,12
39,0,6;13,1727768,1727768,49,19,1254,1205
39,1,5;10,493648,493648,35,22,1254,1219
39,2,3;7,493648,493648,77,69,1254,1177
39,3,7;11,4196008,4196008,91,54,1254,1163
39,4,0;3,987296,987296,51,38,1254,1203
39,5,0;10,1727768,1727768,83,44,1254,1171
39,6,0;3,1234120,1234120,72,31,1254,1182
39,7,8;12,1480944,1480944,75,49,1254,1179
39,8,4;10,987296,987296,40,30,1254,1214
39,9,3;10,493648,493648,93,82,1254,1161
39,10,12;13,2715064,2715064,62,28,1254,1192
39,11,3;4,493648,493648,100,87,1254,1154
39,12,10;13,1727768,1727768,109,68,1254,1145
39,13,3;10,987296,987296,53,43,1254,1201
39,14,8;10,493648,493648,82,74,1254,1172
39,15,0;3,493648,493648,642,620,1254,612
39,16,0;3,493648,493648,1203,1173,1254,51
39,17,5;7,493648,493648,706,681,1254,548
39,18,3;10,493648,493648,647,613,1254,607
39,19,6;12,493648,493648,393,352,1254,861
39,20,3;5,493648,493648,728,692,1254,526
39,21,3;7,493648,493648,472,446,1254,782
39,22,10;12,493648,493648,775,753,1254,479
39,23,3;5,493648,493648,300,261,1254,954
39,24,6;10,493648,493648,847,819,1254,407
39,25,3;12,493648,493648,434,408,1254,820
39,26,0;6,493648,493648,408,380,1254,846
39,27,3;5,493648,493648,430,397,1254,824
39,28,3;12,493648,493648,641,620,1254,613
39,29,3;10,493648,493648,1243,1213,1254,11
40,0,3;7,493648,493648,29,19,1255,1226
40,1,8;13,740472,740472,51,22,1255,1204
40,2,8;14,4442832,4442832,106,69,1255,1149
40,3,2;12,2961888,2961888,94,54,1255,1161
40,4,2;12,740472,740472,51,38,1255,1204
40,5,3;13,493648,493648,54,44,1255,1201
40,6,2;12,987296,987296,61,31,1255,1194
40,7,2;3,987296,987296,58,49,1255,1197
40,8,3;12,2221416,2221416,64,30,1255,1191
40,9,2;4,493648,493648,95,82,1255,1160
40,10,3;14,493648,493648,37,28,1255,1218
40,11,2;12,493648,493648,98,87,1255,1157
40,12,3;7,2221416,2221416,92,68,1255,1163
40,13,6;12,2468240,2468240,85,43,1255,1170
40,14,3;12,1480944,1480944,102,74,1255,1153
40,15,2;13,493648,493648,642,620,1255,613
40,16,2;8,493648,493648,1201,1173,1255,54
40,17,3;12,493648,493648,705,681,1255,550
40,18,8;13,493648,493648,648,613,1255,607
40,19,3;13,493648,493648,394,352,1255,861
40,20,2;8,493648,493648,726,692,1255,529
40,21,2;8,493648,493648,471,446,1255,784
40,22,2;8,493648,493648,774,753,1255,481
40,23,2;13,493648,493648,300,261,1255,955
40,24,3;14,493648,493648,847,819,1255,408
40,25,2;13,493648,493648,435,408,1255,820
40,26,1;3,493648,493648,409,380,1255,846
40,27,2;13,493648,493648,430,397,1255,825
40,28,2;14,493648,493648,641,620,1255,614
40,29,2;6,493648,493648,1243,1213,1255,12
41,0,2;10,1234120,1234120,41,19,1254,1213
41,1,3;12,493648,493648,34,22,1254,1220
41,2,5;6,1974592,1974592,102,69,1254,1152
41,3,6;12,987296,987296,94,54,1254,1160
41,4,5;12,493648,493648,49,38,1254,1205
41,5,0;12,3208712,3208712,75,44,1254,1179
41,6,0;5,3702360,3702360,69,31,1254,1185
41,7,5;12,493648,493648,58,49,1254,1196
41,8,2;5,493648,493648,39,30,1254,1215
41,9,5;6,493648,493648,94,82,1254,1160
41,10,6;12,740472,740472,37,28,1254,1217
41,11,5;12,493648,493648,99,87,1254,1155
41,12,2;14,4936480,4936480,109,68,1254,1145
41,13,2;5,493648,493648,53,43,1254,1201
41,14,6;12,1480944,1480944,109,74,1254,1145
41,15,0;6,493648,493648,642,620,1254,612
41,16,6;12,493648,493648,1202,1173,1254,52
41,17,12;14,493648,493648,705,681,1254,549
41,18,2;12,493648,493648,647,613,1254,607
41,19,3;12,493648,493648,393,352,1254,861
41,20,12;14,493648,493648,727,692,1254,527
41,21,6;12,493648,493648,472,446,1254,782
41,22,5;14,493648,493648,776,753,1254,478
41,23,6;12,493648,493648,299,261,1254,955
41,24,2;14,493648,493648,847,819,1254,407
41,25,6;12,493648,493648,434,408,1254,820
41,26,5;12,493648,493648,408,380,1254,846
41,27,6;12,493648,493648,429,397,1254,825
41,28,6;12,493648,493648,641,620,1254,613
41,29,5;6,493648,493648,1244,1213,1254,10
42,0,3;7,493648,493648,29,19,1254,1225
42,1,2;7,493648,493648,34,22,1254,1220
42,2,7;12,3208712,3208712,109,69,1254,1145
42,3,13;14,987296,987296,64,54,1254,1190
42,4,9;13,987296,987296,51,38,1254,1203
42,5,2;4,493648,493648,55,44,1254,1199
42,6,2;12,740472,740472,59,31,1254,1195
42,7,13;14,2961888,2961888,90,49,1254,1164
42,8,9;12,987296,987296,53,30,1254,1201
42,9,4;12,740472,740472,95,82,1254,1159
42,10,2;7,493648,493648,36,28,1254,1218
42,11,13;14,493648,493648,99,87,1254,1155
42,12,3;13,2221416,2221416,98,68,1254,1156
42,13,4;12,2715064,2715064,82,43,1254,1172
42,14,4;7,2221416,2221416,108,74,1254,1146
42,15,7;12,493648,493648,641,620,1254,613
42,16,2;14,493648,493648,1202,1173,1254,52
42,17,2;8,493648,493648,704,681,1254,550
42,18,7;14,493648,493648,647,613,1254,607
42,19,2;7,493648,493648,393,352,1254,861
42,20,2;13,493648,493648,728,692,1254,526
42,21,2;13,493648,493648,473,446,1254,781
42,22,12;13,493648,493648,776,753,1254,478
42,23,2;13,493648,493648,300,261,1254,954
42,24,6;7,493648,493648,847,819,1254,407
42,25,13;14,493648,493648,435,408,1254,819
42,26,7;13,493648,493648,408,380,1254,846
42,27,2;7,493648,493648,429,397,1254,825
42,28,8;14,493648,493648,641,620,1254,613
42,29,12;14,493648,493648,1243,1213,1254,11
43,0,8;12,1480944,1480944,41,19,1255,1214
43,1,6;12,493648,493648,34,22,1255,1221
43,2,5;6,1234120,1234120,95,69,1255,1160
43,3,4;12,2221416,2221416,91,54,1255,1164
43,4,0;12,987296,987296,49,38,1255,1206
43,5,9;12,1727768,1727768,86,44,1255,1169
43,6,0;11,2715064,2715064,66,31,1255,1189
43,7,10;12,493648,493648,57,49,1255,1198
43,8,3;6,1234120,1234120,61,30,1255,1194
43,9,3;14,987296,987296,105,82,1255,1150
43,10,4;12,987296,987296,55,28,1255,1200
43,11,8;12,1234120,1234120,119,87,1255,1136
43,12,0;6,4442832,4442832,109,68,1255,1146
43,13,0;6,493648,493648,53,43,1255,1202
43,14,6;12,987296,987296,102,74,1255,1153
43,15,9;11,493648,493648,643,620,1255,612
43,16,5;6,493648,493648,1203,1173,1255,52
43,17,2;12,493648,493648,705,681,1255,550
43,18,3;6,493648,493648,647,613,1255,608
43,19,5;12,493648,493648,394,352,1255,861
43,20,6;12,493648,493648,727,692,1255,528
43,21,3;12,493648,493648,472,446,1255,783
43,22,2;5,493648,493648,776,753,1255,479
43,23,3;12,493648,493648,299,261,1255,956
43,24,3;14,493648,493648,847,819,1255,408
43,25,5;12,493648,493648,435,408,1255,820
43,26,2;10,493648,493648,407,380,1255,848
43,27,8;12,493648,493648,429,397,1255,826
43,28,0;12,493648,493648,642,620,1255,613
43,29,3;11,493648,493648,1245,1213,1255,10
44,0,2;5,740472,740472,29,19,1254,1225
44,1,2;8,740472,740472,46,22,1254,1208
44,2,7;14,4689656,4689656,109,69,1254,1145
44,3,2;8,493648,493648,62,54,1254,1192
44,4,2;8,493648,493648,48,38,1254,1206
44,5,7;8,1480944,1480944,69,44,1254,1185
44,6,2;8,493648,493648,39,31,1254,1215
44,7,2;8,1727768,1727768,83,49,1254,1171
44,8,7;14,3702360,3702360,67,30,1254,1187
44,9,2;7,493648,493648,93,82,1254,1161
44,10,5;8,2715064,2715064,69,28,1254,1185
44,11,2;7,493648,493648,98,87,1254,1156
44,12,5;8,493648,493648,77,68,1254,1177
44,13,7;14,493648,493648,52,43,1254,1202
44,14,0;2,1480944,1480944,106,74,1254,1148
44,15,8;10,493648,493648,641,620,1254,613
44,16,2;10,493648,493648,1202,1173,1254,52
44,17,5;10,493648,493648,706,681,1254,548
44,18,2;7,493648,493648,647,613,1254,607
44,19,2;10,493648,493648,393,352,1254,861
44,20,2;10,493648,493648,727,692,1254,527
44,21,2;10,493648,493648,472,446,1254,782
44,22,1;8,493648,493648,777,753,1254,477
44,23,2;8,493648,493648,298,261,1254,956
44,24,2;10,493648,493648,847,819,1254,407
44,25,8;10,493648,493648,434,408,1254,820
44,26,8;14,493648,493648,407,380,1254,847
44,27,2;14,493648,493648,429,397,1254,825
44,28,2;10,493648,493648,641,620,1254,613
44,29,2;8,493648,493648,1242,1213,1254,12
45,0,12;13,1974592,1974592,54,19,1254,1200
45,1,12;13,493648,493648,35,22,1254,1219
45,2,10;13,493648,493648,77,69,1254,1177
45,3,10;12,1234120,1234120,64,54,1254,1190
45,4,10;12,987296,987296,75,38,1254,1179
45,5,6;13,1234120,1234120,71,44,1254,1183
45,6,3;10,2715064,2715064,72,31,1254,1182
45,7,0;12,493648,493648,58,49,1254,1196
45,8,5;10,1727768,1727768,70,30,1254,1184
45,9,5;6,740472,740472,105,82,1254,1149
45,10,3;6,2961888,2961888,66,28,1254,1188
45,11,6;10,493648,493648,98,87,1254,1156
45,12,10;14,2468240,2468240,106,68,1254,1148
45,13,3;10,2221416,2221416,78,43,1254,1176
45,14,3;12,493648,493648,83,74,1254,1171
45,15,9;13,493648,493648,643,620,1254,611
45,16,0;8,493648,493648,1203,1173,1254,51
45,17,6;13,493648,493648,706,681,1254,548
45,18,0;13,493648,493648,648,613,1254,606
45,19,6;8,493648,493648,393,352,1254,861
45,20,4;8,493648,493648,729,692,1254,525
45,21,5;8,493648,493648,473,446,1254,781
45,22,6;10,493648,493648,775,753,1254,479
45,23,10;12,493648,493648,299,261,1254,955
45,24,0;8,493648,493648,848,819,1254,406
45,25,0;6,493648,493648,435,408,1254,819
45,26,4;12,493648,493648,409,380,1254,845
45,27,0;10,493648,493648,430,397,1254,824
45,28,6;12,493648,493648,641,620,1254,613
45,29,6;10,493648,493648,1243,1213,1254,11
46,0,6;13,1234120,1234120,50,19,1256,1206
46,1,0;13,987296,987296,62,22,1256,1194
46,2,8;13,2715064,2715064,106,69,1256,1150
46,3,2;11,2221416,2221416,88,54,1256,1168
46,4,3;5,493648,493648,49,38,1256,1207
46,5,2;13,1234120,1234120,73,44,1256,1183
46,6,12;14,1480944,1480944,63,31,1256,1193
46,7,3;5,1727768,1727768,84,49,1256,1172
46,8,2;6,1727768,1727768,70,30,1256,1186
46,9,8;10,493648,493648,93,82,1256,1163
46,10,2;12,740472,740472,39,28,1256,1217
46,11,3;12,987296,987296,130,87,1256,1126
46,12,2;7,1974592,1974592,98,68,1256,1158
46,13,2;8,1974592,1974592,78,43,1256,1178
46,14,8;11,740472,740472,85,74,1256,1171
46,15,2;13,493648,493648,642,620,1256,614
46,16,3;7,493648,493648,1202,1173,1256,54
46,17,2;13,493648,493648,706,681,1256,550
46,18,8;13,493648,493648,648,613,1256,608
46,19,8;11,493648,493648,395,352,1256,861
46,20,3;7,493648,493648,727,692,1256,529
46,21,0;12,493648,493648,473,446,1256,783
46,22,3;7,493648,493648,775,753,1256,481
46,23,1;2,493648,493648,301,261,1256,955
46,24,2;5,493648,493648,848,819,1256,408
46,25,2;12,493648,493648,434,408,1256,822
46,26,3;6,493648,493648,407,380,1256,849
46,27,3;6,493648,493648,429,397,1256,827
46,28,1;7,493648,493648,643,620,1256,613
46,29,0;12,493648,493648,1244,1213,1256,12
47,0,8;14,493648,493648,28,19,1256,1228
47,1,4;5,1480944,1480944,59,22,1256,1197
47,2,1;5,740472,740472,80,69,1256,1176
47,3,4;10,987296,987296,74,54,1256,1182
47,4,7;9,2468240,2468240,81,38,1256,1175
47,5,11;12,3702360,3702360,83,44,1256,1173
47,6,4;5,740472,740472,59,31,1256,1197
47,7,2;13,987296,987296,75,49,1256,1181
47,8,4;9,987296,987296,50,30,1256,1206
47,9,4;12,987296,987296,105,82,1256,1151
47,10,4;13,1480944,1480944,66,28,1256,1190
47,11,4;5,987296,987296,119,87,1256,1137
47,12,3;13,2468240,2468240,109,68,1256,1147
47,13,5;10,987296,987296,53,43,1256,1203
47,14,10;12,1234120,1234120,102,74,1256,1154
47,15,5;9,493648,493648,643,620,1256,613
47,16,5;12,493648,493648,1203,1173,1256,53
47,17,1;12,493648,493648,707,681,1256,549
47,18,10;12,493648,493648,647,613,1256,609
47,19,4;12,493648,493648,395,352,1256,861
47,20,1;5,493648,493648,729,692,1256,527
47,21,7;14,493648,493648,472,446,1256,784
47,22,5;12,493648,493648,776,753,1256,480
47,23,5;10,493648,493648,300,261,1256,956
47,24,6;14,493648,493648,847,819,1256,409
47,25,1;5,493648,493648,436,408,1256,820
47,26,5;11,493648,493648,409,380,1256,847
47,27,4;5,493648,493648,431,397,1256,825
47,28,3;8,493648,493648,640,620,1256,616
47,29,5;11,493648,493648,1245,1213,1256,11
48,0,2;3,740472,740472,31,19,1256,1225
48,1,3;6,493648,493648,34,22,1256,1222
48,2,3;6,1974592,1974592,103,69,1256,1153
48,3,6;13,4936480,4936480,91,54,1256,1165
48,4,13;14,740472,740472,67,38,1256,1189
48,5,3;14,740472,740472,69,44,1256,1187
48,6,3;11,3208712,3208712,69,31,1256,1187
48,7,3;13,493648,493648,58,49,1256,1198
48,8,3;12,493648,493648,38,30,1256,1218
48,9,3;6,493648,493648,93,82,1256,1163
48,10,6;13,493648,493648,37,28,1256,1219
48,11,0;13,1480944,1480944,130,87,1256,1126
48,12,6;13,987296,987296,94,68,1256,1162
48,13,3;12,2468240,2468240,85,43,1256,1171
48,14,3;6,987296,987296,84,74,1256,1172
48,15,3;11,493648,493648,643,620,1256,613
48,16,6;11,493648,493648,1204,1173,1256,52
48,17,3;5,493648,493648,706,681,1256,550
48,18,2;3,493648,493648,646,613,1256,610
48,19,11;13,493648,493648,395,352,1256,861
48,20,2;13,493648,493648,728,692,1256,528
48,21,3;6,493648,493648,472,446,1256,784
48,22,2;13,493648,493648,776,753,1256,480
48,23,3;6,493648,493648,299,261,1256,957
48,24,2;3,493648,493648,846,819,1256,410
48,25,3;12,493648,493648,434,408,1256,822
48,26,2;4,493648,493648,409,380,1256,847
48,27,3;13,493648,493648,430,397,1256,826
48,28,3;6,493648,493648,641,620,1256,615
48,29,3;6,493648,493648,1243,1213,1256,13
49,0,7;12,740472,740472,28,19,1254,1226
49,1,2;14,740472,740472,51,22,1254,1203
49,2,0;12,5183304,5183304,109,69,1254,1145
49,3,2;13,740472,740472,80,54,1254,1174
49,4,2;13,493648,493648,49,38,1254,1205
49,5,2;10,493648,493648,53,44,1254,1201
49,6,2;12,1234120,1234120,66,31,1254,1188
49,7,12;13,740472,740472,58,49,1254,1196
49,8,2;9,1727768,1727768,61,30,1254,1193
49,9,2;14,740472,740472,93,82,1254,1161
49,10,12;14,740472,740472,37,28,1254,1217
49,11,8;13,493648,493648,99,87,1254,1155
49,12,2;13,3208712,3208712,103,68,1254,1151
49,13,6;8,2221416,2221416,76,43,1254,1178
49,14,2;12,2221416,2221416,115,74,1254,1139
49,15,12;14,493648,493648,641,620,1254,613
49,16,2;8,493648,493648,1201,1173,1254,53
49,17,2;8,493648,493648,704,681,1254,550
49,18,2;12,493648,493648,647,613,1254,607
49,19,2;14,493648,493648,393,352,1254,861
49,20,6;12,493648,493648,727,692,1254,527
49,21,2;12,493648,493648,472,446,1254,782
49,22,2;13,493648,493648,776,753,1254,478
49,23,2;14,493648,493648,299,261,1254,955
49,24,2;12,493648,493648,847,819,1254,407
49,25,2;6,493648,493648,434,408,1254,820
49,26,1;3,493648,493648,409,380,1254,845
49,27,8;13,493648,493648,430,397,1254,824
49,28,2;12,493648,493648,641,620,1254,613
49,29,2;14,493648,493648,1243,1213,1254,11
50,0,2;12,740472,740472,31,19,1253,1222
50,1,2;8,740472,740472,51,22,1253,1202
50,2,8;12,5430128,5430128,109,69,1253,1144
50,3,2;8,1234120,1234120,79,54,1253,1174
50,4,2;7,493648,493648,48,38,1253,1205
50,5,2;10,1480944,1480944,77,44,1253,1176
50,6,2;12,493648,493648,40,31,1253,1213
50,7,2;12,1974592,1974592,84,49,1253,1169
50,8,2;9,2468240,2468240,70,30,1253,1183
50,9,5;8,493648,493648,94,82,1253,1159
50,10,2;12,1480944,1480944,66,28,1253,1187
50,11,0;8,493648,493648,99,87,1253,1154
50,12,5;6,1974592,1974592,103,68,1253,1150
50,13,5;8,493648,493648,53,43,1253,1200
50,14,2;10,740472,740472,104,74,1253,1149
50,15,3;8,493648,493648,640,620,1253,613
50,16,7;8,493648,493648,1202,1173,1253,51
50,17,2;3,493648,493648,704,681,1253,549
50,18,2;10,493648,493648,647,613,1253,606
50,19,2;8,493648,493648,392,352,1253,861
50,20,7;12,493648,493648,727,692,1253,526
50,21,2;7,493648,493648,472,446,1253,781
50,22,2;7,493648,493648,775,753,1253,478
50,23,2;10,493648,493648,299,261,1253,954
50,24,2;12,493648,493648,847,819,1253,406
50,25,2;3,493648,493648,433,408,1253,820
50,26,1;2,493648,493648,409,380,1253,844
50,27,5;8,493648,493648,430,397,1253,823
50,28,2;7,493648,493648,641,620,1253,612
50,29,2;14,493648,493648,1243,1213,1253,10
51,0,2;8,740472,740472,31,19,1253,1222
51,1,2;8,740472,740472,51,22,1253,1202
51,2,8;14,5676952,5676952,109,69,1253,1144
51,3,2;8,740472,740472,79,54,1253,1174
51,4,2;14,493648,493648,48,38,1253,1205
51,5,2;14,740472,740472,77,44,1253,1176
51,6,2;14,1234120,1234120,66,31,1253,1187
51,7,2;8,493648,493648,57,49,1253,1196
51,8,2;14,3702360,3702360,70,30,1253,1183
51,9,8;14,493648,493648,93,82,1253,1160
51,10,2;14,740472,740472,66,28,1253,1187
51,11,0;8,493648,493648,99,87,1253,1154
51,12,6;13,1727768,1727768,102,68,1253,1151
51,13,2;8,740472,740472,52,43,1253,1201
51,14,2;10,1974592,1974592,104,74,1253,1149
51,15,8;12,493648,493648,641,620,1253,612
51,16,8;12,493648,493648,1202,1173,1253,51
51,17,2;8,493648,493648,704,681,1253,549
51,18,2;12,493648,493648,647,613,1253,606
51,19,2;8,493648,493648,392,352,1253,861
51,20,2;6,493648,493648,727,692,1253,526
51,21,2;12,493648,493648,472,446,1253,781
51,22,2;12,493648,493648,775,753,1253,478
51,23,2;10,493648,493648,299,261,1253,954
51,24,2;6,493648,493648,847,819,1253,406
51,25,2;3,493648,493648,433,408,1253,820
51,26,1;2,493648,493648,409,380,1253,844
51,27,5;8,493648,493648,430,397,1253,823
51,28,2;8,493648,493648,640,620,1253,613
51,29,2;14,493648,493648,1243,1213,1253,10
52,0,2;13,493648,493648,29,19,1256,1227
52,1,2;6,493648,493648,34,22,1256,1222
52,2,6;14,4936480,4936480,109,69,1256,1147
52,3,2;4,2715064,2715064,88,54,1256,1168
52,4,2;14,1480944,1480944,81,38,1256,1175
52,5,2;14,740472,740472,54,44,1256,1202
52,6,2;14,2468240,2468240,66,31,1256,1190
52,7,2;3,493648,493648,58,49,1256,1198
52,8,2;14,987296,987296,40,30,1256,1216
52,9,8;14,493648,493648,93,82,1256,1163
52,10,2;14,987296,987296,66,28,1256,1190
52,11,4;8,493648,493648,100,87,1256,1156
52,12,6;13,493648,493648,77,68,1256,1179
52,13,2;5,1234120,1234120,68,43,1256,1188
52,14,2;10,2221416,2221416,104,74,1256,1152
52,15,3;14,493648,493648,641,620,1256,615
52,16,3;6,493648,493648,1202,1173,1256,54
52,17,3;13,493648,493648,706,681,1256,550
52,18,2;10,493648,493648,647,613,1256,609
52,19,2;4,493648,493648,395,352,1256,861
52,20,3;6,493648,493648,727,692,1256,529
52,21,2;6,493648,493648,472,446,1256,784
52,22,2;3,493648,493648,774,753,1256,482
52,23,2;10,493648,493648,299,261,1256,957
52,24,2;6,493648,493648,847,819,1256,409
52,25,2;3,493648,493648,433,408,1256,823
52,26,2;6,493648,493648,407,380,1256,849
52,27,3;4,493648,493648,431,397,1256,825
52,28,2;3,493648,493648,640,620,1256,616
52,29,6;14,493648,493648,1243,1213,1256,13
53,0,2;13,493648,493648,29,19,1254,1225
53,1,2;14,740472,740472,51,22,1254,1203
53,2,6;14,3949184,3949184,106,69,1254,1148
53,3,2;10,1727768,1727768,85,54,1254,1169
53,4,7;14,987296,987296,72,38,1254,1182
53,5,10;14,493648,493648,53,44,1254,1201
53,6,2;14,1974592,1974592,66,31,1254,1188
53,7,2;10,1480944,1480944,84,49,1254,1170
53,8,2;14,1480944,1480944,70,30,1254,1184
53,9,8;14,493648,493648,93,82,1254,1161
53,10,2;14,1974592,1974592,66,28,1254,1188
53,11,4;8,493648,493648,100,87,1254,1154
53,12,6;13,740472,740472,109,68,1254,1145
53,13,2;10,1234120,1234120,68,43,1254,1186
53,14,2;10,2468240,2468240,104,74,1254,1150
53,15,3;14,493648,493648,641,620,1254,613
53,16,6;7,493648,493648,1202,1173,1254,52
53,17,8;13,493648,493648,706,681,1254,548
53,18,2;10,493648,493648,647,613,1254,607
53,19,8;12,493648,493648,393,352,1254,861
53,20,6;7,493648,493648,727,692,1254,527
53,21,2;6,493648,493648,472,446,1254,782
53,22,2;3,493648,493648,774,753,1254,480
53,23,2;10,493648,493648,299,261,1254,955
53,24,2;6,493648,493648,847,819,1254,407
53,25,2;3,493648,493648,433,408,1254,821
53,26,1;2,493648,493648,409,380,1254,845
53,27,3;4,493648,493648,431,397,1254,823
53,28,3;7,493648,493648,641,620,1254,613
53,29,6;14,493648,493648,1243,1213,1254,11
54,0,2;13,493648,493648,29,19,1256,1227
54,1,2;14,740472,740472,51,22,1256,1205
54,2,8;14,6170600,6170600,109,69,1256,1147
54,3,2;10,1234120,1234120,85,54,1256,1171
54,4,2;14,1234120,1234120,81,38,1256,1175
54,5,2;14,493648,493648,53,44,1256,1203
54,6,2;14,493648,493648,40,31,1256,1216
54,7,2;10,1234120,1234120,84,49,1256,1172
54,8,2;14,1480944,1480944,58,30,1256,1198
54,9,8;14,493648,493648,93,82,1256,1163
54,10,2;14,1727768,1727768,66,28,1256,1190
54,11,4;8,493648,493648,100,87,1256,1156
54,12,2;13,493648,493648,77,68,1256,1179
54,13,2;10,1234120,1234120,68,43,1256,1188
54,14,2;10,2715064,2715064,104,74,1256,1152
54,15,2;14,493648,493648,641,620,1256,615
54,16,7;8,493648,493648,1202,1173,1256,54
54,17,2;13,493648,493648,706,681,1256,550
54,18,2;10,493648,493648,647,613,1256,609
54,19,2;4,493648,493648,395,352,1256,861
54,20,2;7,493648,493648,727,692,1256,529
54,21,2;14,493648,493648,472,446,1256,784
54,22,2;3,493648,493648,774,753,1256,482
54,23,2;10,493648,493648,299,261,1256,957
54,24,2;8,493648,493648,846,819,1256,410
54,25,2;3,493648,493648,433,408,1256,823
54,26,1;2,493648,493648,409,380,1256,847
54,27,3;4,493648,493648,431,397,1256,825
54,28,2;7,493648,493648,641,620,1256,615
54,29,2;14,493648,493648,1243,1213,1256,13
55,0,2;8,740472,740472,31,19,1254,1223
55,1,2;14,493648,493648,34,22,1254,1220
55,2,8;14,5923776,5923776,106,69,1254,1148
55,3,2;8,1480944,1480944,85,54,1254,1169
55,4,2;14,493648,493648,48,38,1254,1206
55,5,2;14,493648,493648,53,44,1254,1201
55,6,2;14,1974592,1974592,72,31,1254,1182
55,7,2;8,493648,493648,57,49,1254,1197
55,8,2;14,2961888,2961888,70,30,1254,1184
55,9,8;14,493648,493648,93,82,1254,1161
55,10,2;14,1234120,1234120,66,28,1254,1188
55,11,0;8,493648,493648,99,87,1254,1155
55,12,2;6,493648,493648,77,68,1254,1177
55,13,2;10,493648,493648,52,43,1254,1202
55,14,2;10,2468240,2468240,104,74,1254,1150
55,15,2;8,493648,493648,640,620,1254,614
55,16,6;8,493648,493648,1202,1173,1254,52
55,17,2;8,493648,493648,704,681,1254,550
55,18,2;10,493648,493648,647,613,1254,607
55,19,6;8,493648,493648,393,352,1254,861
55,20,2;6,493648,493648,727,692,1254,527
55,21,2;14,493648,493648,472,446,1254,782
55,22,2;3,493648,493648,774,753,1254,480
55,23,2;10,493648,493648,299,261,1254,955
55,24,2;6,493648,493648,847,819,1254,407
55,25,2;3,493648,493648,433,408,1254,821
55,26,2;6,493648,493648,407,380,1254,847
55,27,3;8,493648,493648,428,397,1254,826
55,28,2;3,493648,493648,640,620,1254,614
55,29,2;14,493648,493648,1243,1213,1254,11
56,0,7;8,740472,740472,31,19,1253,1222
56,1,2;8,493648,493648,33,22,1253,1220
56,2,8;14,4196008,4196008,109,69,1253,1144
56,3,2;8,2961888,2961888,91,54,1253,1162
56,4,2;7,493648,493648,48,38,1253,1205
56,5,2;10,493648,493648,53,44,1253,1200
56,6,2;7,740472,740472,66,31,1253,1187
56,7,3;8,2715064,2715064,84,49,1253,1169
56,8,2;14,3455536,3455536,70,30,1253,1183
56,9,8;14,493648,493648,93,82,1253,1160
56,10,2;14,1234120,1234120,62,28,1253,1191
56,11,0;8,493648,493648,99,87,1253,1154
56,12,2;13,493648,493648,77,68,1253,1176
56,13,2;10,740472,740472,52,43,1253,1201
56,14,2;10,987296,987296,85,74,1253,1168
56,15,3;8,493648,493648,640,620,1253,613
56,16,3;7,493648,493648,1202,1173,1253,51
56,17,3;8,493648,493648,704,681,1253,549
56,18,2;10,493648,493648,647,613,1253,606
56,19,2;8,493648,493648,392,352,1253,861
56,20,6;7,493648,493648,727,692,1253,526
56,21,2;7,493648,493648,472,446,1253,781
56,22,3;7,493648,493648,775,753,1253,478
56,23,2;3,493648,493648,298,261,1253,955
56,24,2;8,493648,493648,846,819,1253,407
56,25,3;7,493648,493648,434,408,1253,819
56,26,2;3,493648,493648,406,380,1253,847
56,27,3;8,493648,493648,428,397,1253,825
56,28,3;8,493648,493648,640,620,1253,613
56,29,2;7,493648,493648,1243,1213,1253,10
57,0,7;8,740472,740472,31,19,1254,1223
57,1,2;8,493648,493648,33,22,1254,1221
57,2,6;8,3208712,3208712,102,69,1254,1152
57,3,8;10,2961888,2961888,91,54,1254,1163
57,4,2;7,493648,493648,48,38,1254,1206
57,5,2;10,493648,493648,53,44,1254,1201
57,6,2;7,1234120,1234120,72,31,1254,1182
57,7,3;8,2468240,2468240,84,49,1254,1170
57,8,2;14,3702360,3702360,70,30,1254,1184
57,9,8;14,493648,493648,93,82,1254,1161
57,10,2;14,1727768,1727768,66,28,1254,1188
57,11,0;8,493648,493648,99,87,1254,1155
57,12,2;13,493648,493648,77,68,1254,1177
57,13,2;10,740472,740472,52,43,1254,1202
57,14,2;10,987296,987296,85,74,1254,1169
57,15,3;8,493648,493648,640,620,1254,614
57,16,3;8,493648,493648,1201,1173,1254,53
57,17,3;8,493648,493648,704,681,1254,550
57,18,2;10,493648,493648,647,613,1254,607
57,19,6;8,493648,493648,393,352,1254,861
57,20,6;7,493648,493648,727,692,1254,527
57,21,2;7,493648,493648,472,446,1254,782
57,22,3;7,493648,493648,775,753,1254,479
57,23,3;10,493648,493648,299,261,1254,955
57,24,6;8,493648,493648,847,819,1254,407
57,25,3;7,493648,493648,434,408,1254,820
57,26,2;3,493648,493648,406,380,1254,848
57,27,3;8,493648,493648,428,397,1254,826
57,28,3;8,493648,493648,640,620,1254,614
57,29,2;7,493648,493648,1243,1213,1254,11
58,0,8;13,493648,493648,29,19,1254,1225
58,1,2;8,493648,493648,33,22,1254,1221
58,2,8;14,2715064,2715064,103,69,1254,1151
58,3,8;10,2221416,2221416,91,54,1254,1163
58,4,7;14,740472,740472,51,38,1254,1203
58,5,10;14,740472,740472,77,44,1254,1177
58,6,2;14,740472,740472,60,31,1254,1194
58,7,8;10,1974592,1974592,84,49,1254,1170
58,8,2;14,3455536,3455536,70,30,1254,1184
58,9,8;14,493648,493648,93,82,1254,1161
58,10,2;14,1974592,1974592,66,28,1254,1188
58,11,4;8,493648,493648,100,87,1254,1154
58,12,2;13,740472,740472,109,68,1254,1145
58,13,2;10,1234120,1234120,73,43,1254,1181
58,14,2;10,2221416,2221416,104,74,1254,1150
58,15,3;8,493648,493648,640,620,1254,614
58,16,6;13,493648,493648,1203,1173,1254,51
58,17,3;8,493648,493648,704,681,1254,550
58,18,2;10,493648,493648,647,613,1254,607
58,19,8;12,493648,493648,393,352,1254,861
58,20,2;7,493648,493648,727,692,1254,527
58,21,7;14,493648,493648,472,446,1254,782
58,22,3;7,493648,493648,775,753,1254,479
58,23,3;10,493648,493648,299,261,1254,955
58,24,2;8,493648,493648,846,819,1254,408
58,25,3;7,493648,493648,434,408,1254,820
58,26,2;3,493648,493648,406,380,1254,848
58,27,5;8,493648,493648,430,397,1254,824
58,28,3;8,493648,493648,640,620,1254,614
58,29,7;14,493648,493648,1243,1213,1254,11
59,0,7;8,740472,740472,31,19,1254,1223
59,1,2;8,493648,493648,33,22,1254,1221
59,2,8;14,4196008,4196008,102,69,1254,1152
59,3,2;8,1974592,1974592,91,54,1254,1163
59,4,2;7,493648,493648,48,38,1254,1206
59,5,2;10,740472,740472,77,44,1254,1177
59,6,2;7,987296,987296,72,31,1254,1182
59,7,2;8,3208712,3208712,87,49,1254,1167
59,8,2;14,3702360,3702360,70,30,1254,1184
59,9,8;14,493648,493648,93,82,1254,1161
59,10,2;14,1234120,1234120,62,28,1254,1192
59,11,0;8,493648,493648,99,87,1254,1155
59,12,2;7,493648,493648,76,68,1254,1178
59,13,2;10,493648,493648,52,43,1254,1202
59,14,2;10,987296,987296,85,74,1254,1169
59,15,3;8,493648,493648,640,620,1254,614
59,16,7;8,493648,493648,1202,1173,1254,52
59,17,3;8,493648,493648,704,681,1254,550
59,18,2;10,493648,493648,647,613,1254,607
59,19,6;8,493648,493648,393,352,1254,861
59,20,6;7,493648,493648,727,692,1254,527
59,21,2;7,493648,493648,472,446,1254,782
59,22,2;7,493648,493648,775,753,1254,479
59,23,3;7,493648,493648,299,261,1254,955
59,24,2;8,493648,493648,846,819,1254,408
59,25,3;7,493648,493648,434,408,1254,820
59,26,2;3,493648,493648,406,380,1254,848
59,27,5;8,493648,493648,430,397,1254,824
59,28,3;8,493648,493648,640,620,1254,614
59,29,2;7,493648,493648,1243,1213,1254,11
60,0,2;8,740472,740472,31,19,1254,1223
60,1,8;14,740472,740472,51,22,1254,1203
60,2,8;14,2221416,2221416,102,69,1254,1152
60,3,8;10,2961888,2961888,91,54,1254,1163
60,4,7;14,493648,493648,48,38,1254,1206
60,5,10;14,740472,740472,53,44,1254,1201
60,6,7;14,493648,493648,40,31,1254,1214
60,7,8;10,2221416,2221416,87,49,1254,1167
60,8,2;14,3702360,3702360,70,30,1254,1184
60,9,8;14,493648,493648,93,82,1254,1161
60,10,2;14,1727768,1727768,62,28,1254,1192
60,11,0;8,493648,493648,99,87,1254,1155
60,12,2;5,740472,740472,109,68,1254,1145
60,13,2;10,493648,493648,52,43,1254,1202
60,14,2;10,2468240,2468240,104,74,1254,1150
60,15,3;8,493648,493648,640,620,1254,614
60,16,3;8,493648,493648,1201,1173,1254,53
60,17,3;8,493648,493648,704,681,1254,550
60,18,2;10,493648,493648,647,613,1254,607
60,19,8;12,493648,493648,393,352,1254,861
60,20,3;7,493648,493648,727,692,1254,527
60,21,2;14,493648,493648,472,446,1254,782
60,22,3;7,493648,493648,775,753,1254,479
60,23,3;7,493648,493648,299,261,1254,955
60,24,2;8,493648,493648,846,819,1254,408
60,25,3;7,493648,493648,434,408,1254,820
60,26,1;3,493648,493648,409,380,1254,845
60,27,3;8,493648,493648,428,397,1254,826
60,28,3;8,493648,493648,640,620,1254,614
60,29,7;14,493648,493648,1243,1213,1254,11
61,0,2;8,493648,493648,28,19,1254,1226
61,1,8;14,740472,740472,51,22,1254,1203
61,2,8;14,4936480,4936480,103,69,1254,1151
61,3,2;8,2221416,2221416,91,54,1254,1163
61,4,2;14,987296,987296,72,38,1254,1182
61,5,2;14,493648,493648,53,44,1254,1201
61,6,2;14,493648,493648,40,31,1254,1214
61,7,2;8,493648,493648,57,49,1254,1197
61,8,2;14,3702360,3702360,70,30,1254,1184
61,9,8;14,493648,493648,93,82,1254,1161
61,10,2;14,987296,987296,62,28,1254,1192
61,11,4;8,493648,493648,100,87,1254,1154
61,12,2;14,740472,740472,109,68,1254,1145
61,13,2;10,493648,493648,52,43,1254,1202
61,14,2;10,2961888,2961888,112,74,1254,1142
61,15,3;8,493648,493648,640,620,1254,614
61,16,3;8,493648,493648,1201,1173,1254,53
61,17,3;8,493648,493648,704,681,1254,550
61,18,2;10,493648,493648,647,613,1254,607
61,19,8;12,493648,493648,393,352,1254,861
61,20,2;3,493648,493648,726,692,1254,528
61,21,2;14,493648,493648,472,446,1254,782
61,22,2;3,493648,493648,774,753,1254,480
61,23,3;14,493648,493648,299,261,1254,955
61,24,2;8,493648,493648,846,819,1254,408
61,25,2;3,493648,493648,433,408,1254,821
61,26,1;2,493648,493648,409,380,1254,845
61,27,4;8,493648,493648,431,397,1254,823
61,28,2;8,493648,493648,640,620,1254,614
61,29,2;14,493648,493648,1243,1213,1254,11
62,0,2;8,493648,493648,28,19,1253,1225
62,1,2;8,493648,493648,33,22,1253,1220
62,2,8;14,5676952,5676952,109,69,1253,1144
62,3,2;8,2468240,2468240,91,54,1253,1162
62,4,2;14,987296,987296,72,38,1253,1181
62,5,2;10,493648,493648,53,44,1253,1200
62,6,2;14,493648,493648,40,31,1253,1213
62,7,2;8,493648,493648,57,49,1253,1196
62,8,2;14,3702360,3702360,70,30,1253,1183
62,9,8;14,493648,493648,93,82,1253,1160
62,10,2;14,1234120,1234120,62,28,1253,1191
62,11,4;8,493648,493648,100,87,1253,1153
62,12,2;14,493648,493648,76,68,1253,1177
62,13,2;10,493648,493648,52,43,1253,1201
62,14,2;10,2221416,2221416,104,74,1253,1149
62,15,3;8,493648,493648,640,620,1253,613
62,16,3;8,493648,493648,1201,1173,1253,52
62,17,3;8,493648,493648,704,681,1253,549
62,18,2;10,493648,493648,647,613,1253,606
62,19,2;8,493648,493648,392,352,1253,861
62,20,2;3,493648,493648,726,692,1253,527
62,21,2;14,493648,493648,472,446,1253,781
62,22,2;3,493648,493648,774,753,1253,479
62,23,2;3,493648,493648,298,261,1253,955
62,24,2;8,493648,493648,846,819,1253,407
62,25,2;3,493648,493648,433,408,1253,820
62,26,2;3,493648,493648,406,380,1253,847
62,27,4;8,493648,493648,431,397,1253,822
62,28,2;8,493648,493648,640,620,1253,613
62,29,2;14,493648,493648,1243,1213,1253,10
63,0,7;8,493648,493648,28,19,1254,1226
63,1,2;8,493648,493648,33,22,1254,1221
63,2,8;14,5676952,5676952,106,69,1254,1148
63,3,2;8,987296,987296,79,54,1254,1175
63,4,2;14,987296,987296,72,38,1254,1182
63,5,2;14,493648,493648,53,44,1254,1201
63,6,2;14,1727768,1727768,72,31,1254,1182
63,7,2;8,1480944,1480944,78,49,1254,1176
63,8,2;14,3702360,3702360,70,30,1254,1184
63,9,8;14,493648,493648,93,82,1254,1161
63,10,2;14,740472,740472,62,28,1254,1192
63,11,4;8,493648,493648,100,87,1254,1154
63,12,2;7,493648,493648,76,68,1254,1178
63,13,2;8,493648,493648,52,43,1254,1202
63,14,2;10,1974592,1974592,112,74,1254,1142
63,15,2;8,493648,493648,640,620,1254,614
63,16,6;7,493648,493648,1202,1173,1254,52
63,17,2;8,493648,493648,704,681,1254,550
63,18,2;10,493648,493648,647,613,1254,607
63,19,6;8,493648,493648,393,352,1254,861
63,20,2;6,493648,493648,727,692,1254,527
63,21,2;7,493648,493648,472,446,1254,782
63,22,2;3,493648,493648,774,753,1254,480
63,23,2;14,493648,493648,299,261,1254,955
63,24,2;8,493648,493648,846,819,1254,408
63,25,2;3,493648,493648,433,408,1254,821
63,26,2;6,493648,493648,407,380,1254,847
63,27,4;8,493648,493648,431,397,1254,823
63,28,2;8,493648,493648,640,620,1254,614
63,29,2;6,493648,493648,1243,1213,1254,11
64,0,2;7,740472,740472,31,19,1254,1223
64,1,2;8,740472,740472,51,22,1254,1203
64,2,8;14,6417424,6417424,109,69,1254,1145
64,3,2;10,2221416,2221416,88,54,1254,1166
64,4,2;14,493648,493648,48,38,1254,1206
64,5,2;10,740472,740472,77,44,1254,1177
64,6,2;14,1234120,1234120,72,31,1254,1182
64,7,2;10,1480944,1480944,78,49,1254,1176
64,8,2;14,1234120,1234120,50,30,1254,1204
64,9,2;14,493648,493648,93,82,1254,1161
64,10,2;14,1974592,1974592,66,28,1254,1188
64,11,0;8,493648,493648,99,87,1254,1155
64,12,2;7,493648,493648,76,68,1254,1178
64,13,2;10,493648,493648,52,43,1254,1202
64,14,2;10,1480944,1480944,85,74,1254,1169
64,15,2;3,493648,493648,640,620,1254,614
64,16,3;7,493648,493648,1202,1173,1254,52
64,17,2;3,493648,493648,704,681,1254,550
64,18,2;10,493648,493648,647,613,1254,607
64,19,2;6,493648,493648,393,352,1254,861
64,20,2;3,493648,493648,726,692,1254,528
64,21,2;7,493648,493648,472,446,1254,782
64,22,2;3,493648,493648,774,753,1254,480
64,23,2;10,493648,493648,299,261,1254,955
64,24,2;6,493648,493648,847,819,1254,407
64,25,2;3,493648,493648,433,408,1254,821
64,26,1;2,493648,493648,409,380,1254,845
64,27,3;5,493648,493648,430,397,1254,824
64,28,2;8,493648,493648,640,620,1254,614
64,29,2;6,493648,493648,1243,1213,1254,11
65,0,8;13,740472,740472,31,19,1256,1225
65,1,8;14,740472,740472,51,22,1256,1205
65,2,8;14,2468240,2468240,102,69,1256,1154
65,3,2;8,2961888,2961888,91,54,1256,1165
65,4,2;14,1727768,1727768,81,38,1256,1175
65,5,2;14,740472,740472,53,44,1256,1203
65,6,2;14,1480944,1480944,66,31,1256,1190
65,7,2;8,740472,740472,75,49,1256,1181
65,8,2;14,3455536,3455536,70,30,1256,1186
65,9,8;14,493648,493648,93,82,1256,1163
65,10,2;14,740472,740472,62,28,1256,1194
65,11,0;4,493648,493648,100,87,1256,1156
65,12,5;6,493648,493648,77,68,1256,1179
65,13,2;8,740472,740472,53,43,1256,1203
65,14,2;10,2715064,2715064,112,74,1256,1144
65,15,3;8,493648,493648,640,620,1256,616
65,16,3;8,493648,493648,1201,1173,1256,55
65,17,3;8,493648,493648,704,681,1256,552
65,18,2;10,493648,493648,647,613,1256,609
65,19,4;8,493648,493648,395,352,1256,861
65,20,3;6,493648,493648,727,692,1256,529
65,21,7;14,493648,493648,472,446,1256,784
65,22,3;4,493648,493648,777,753,1256,479
65,23,3;14,493648,493648,299,261,1256,957
65,24,6;8,493648,493648,847,819,1256,409
65,25,3;4,493648,493648,436,408,1256,820
65,26,1;3,493648,493648,409,380,1256,847
65,27,3;4,493648,493648,431,397,1256,825
65,28,3;8,493648,493648,640,620,1256,616
65,29,6;14,493648,493648,1243,1213,1256,13
66,0,2;8,987296,987296,42,19,1254,1212
66,1,8;14,740472,740472,51,22,1254,1203
66,2,8;14,3455536,3455536,106,69,1254,1148
66,3,2;8,1974592,1974592,88,54,1254,1166
66,4,2;14,493648,493648,48,38,1254,1206
66,5,2;14,740472,740472,53,44,1254,1201
66,6,2;14,2468240,2468240,72,31,1254,1182
66,7,2;8,493648,493648,57,49,1254,1197
66,8,2;14,3949184,3949184,70,30,1254,1184
66,9,8;14,493648,493648,93,82,1254,1161
66,10,2;14,740472,740472,62,28,1254,1192
66,11,0;8,493648,493648,99,87,1254,1155
66,12,5;6,493648,493648,77,68,1254,1177
66,13,2;8,493648,493648,52,43,1254,1202
66,14,2;10,2715064,2715064,112,74,1254,1142
66,15,3;8,493648,493648,640,620,1254,614
66,16,6;8,493648,493648,1202,1173,1254,52
66,17,3;8,493648,493648,704,681,1254,550
66,18,2;10,493648,493648,647,613,1254,607
66,19,6;8,493648,493648,393,352,1254,861
66,20,3;6,493648,493648,727,692,1254,527
66,21,6;14,493648,493648,472,446,1254,782
66,22,0;3,493648,493648,776,753,1254,478
66,23,2;14,493648,493648,299,261,1254,955
66,24,6;8,493648,493648,847,819,1254,407
66,25,2;3,493648,493648,433,408,1254,821
66,26,1;6,493648,493648,409,380,1254,845
66,27,3;8,493648,493648,428,397,1254,826
66,28,2;8,493648,493648,640,620,1254,614
66,29,6;14,493648,493648,1243,1213,1254,11
67,0,7;8,740472,740472,31,19,1253,1222
67,1,2;14,493648,493648,34,22,1253,1219
67,2,8;14,4689656,4689656,109,69,1253,1144
67,3,2;10,2715064,2715064,88,54,1253,1165
67,4,2;14,493648,493648,48,38,1253,1205
67,5,2;14,493648,493648,53,44,1253,1200
67,6,2;14,987296,987296,66,31,1253,1187
67,7,2;8,1480944,1480944,78,49,1253,1175
67,8,2;14,2468240,2468240,70,30,1253,1183
67,9,2;14,493648,493648,93,82,1253,1160
67,10,2;14,987296,987296,62,28,1253,1191
67,11,0;8,493648,493648,99,87,1253,1154
67,12,7;14,493648,493648,76,68,1253,1177
67,13,2;8,493648,493648,52,43,1253,1201
67,14,2;10,3208712,3208712,112,74,1253,1141
67,15,3;14,493648,493648,641,620,1253,612
67,16,3;7,493648,493648,1202,1173,1253,51
67,17,2;3,493648,493648,704,681,1253,549
67,18,2;10,493648,493648,647,613,1253,606
67,19,2;8,493648,493648,392,352,1253,861
67,20,3;6,493648,493648,727,692,1253,526
67,21,7;14,493648,493648,472,446,1253,781
67,22,2;3,493648,493648,774,753,1253,479
67,23,2;14,493648,493648,299,261,1253,954
67,24,6;8,493648,493648,847,819,1253,406
67,25,2;3,493648,493648,433,408,1253,820
67,26,2;3,493648,493648,406,380,1253,847
67,27,3;8,493648,493648,428,397,1253,825
67,28,3;8,493648,493648,640,620,1253,613
67,29,2;14,493648,493648,1243,1213,1253,10
68,0,2;8,740472,740472,42,19,1253,1211
68,1,2;14,493648,493648,34,22,1253,1219
68,2,6;8,6664248,6664248,109,69,1253,1144
68,3,2;10,1234120,1234120,85,54,1253,1168
68,4,2;6,493648,493648,49,38,1253,1204
68,5,2;10,493648,493648,53,44,1253,1200
68,6,2;13,1974592,1974592,66,31,1253,1187
68,7,2;8,1234120,1234120,78,49,1253,1175
68,8,2;13,1974592,1974592,70,30,1253,1183
68,9,2;13,493648,493648,94,82,1253,1159
68,10,2;14,1480944,1480944,66,28,1253,1187
68,11,2;8,493648,493648,97,87,1253,1156
68,12,2;7,493648,493648,76,68,1253,1177
68,13,2;8,1234120,1234120,68,43,1253,1185
68,14,2;10,740472,740472,86,74,1253,1167
68,15,2;3,493648,493648,640,620,1253,613
68,16,6;7,493648,493648,1202,1173,1253,51
68,17,2;13,493648,493648,706,681,1253,547
68,18,2;10,493648,493648,647,613,1253,606
68,19,2;8,493648,493648,392,352,1253,861
68,20,2;6,493648,493648,727,692,1253,526
68,21,2;7,493648,493648,472,446,1253,781
68,22,0;2,493648,493648,776,753,1253,477
68,23,2;10,493648,493648,299,261,1253,954
68,24,2;6,493648,493648,847,819,1253,406
68,25,2;3,493648,493648,433,408,1253,820
68,26,2;6,493648,493648,407,380,1253,846
68,27,3;8,493648,493648,428,397,1253,825
68,28,2;8,493648,493648,640,620,1253,613
68,29,2;6,493648,493648,1243,1213,1253,10
69,0,2;8,493648,493648,28,19,1253,1225
69,1,2;14,493648,493648,34,22,1253,1219
69,2,8;14,3702360,3702360,109,69,1253,1144
69,3,2;10,3208712,3208712,91,54,1253,1162
69,4,2;14,493648,493648,48,38,1253,1205
69,5,10;14,493648,493648,53,44,1253,1200
69,6,13;14,1727768,1727768,66,31,1253,1187
69,7,3;8,493648,493648,58,49,1253,1195
69,8,13;14,2468240,2468240,70,30,1253,1183
69,9,13;14,493648,493648,94,82,1253,1159
69,10,2;14,1234120,1234120,62,28,1253,1191
69,11,2;8,493648,493648,97,87,1253,1156
69,12,2;14,493648,493648,76,68,1253,1177
69,13,2;8,1234120,1234120,68,43,1253,1185
69,14,2;10,3208712,3208712,112,74,1253,1141
69,15,3;14,493648,493648,641,620,1253,612
69,16,3;6,493648,493648,1202,1173,1253,51
69,17,3;13,493648,493648,706,681,1253,547
69,18,2;10,493648,493648,647,613,1253,606
69,19,2;8,493648,493648,392,352,1253,861
69,20,3;6,493648,493648,727,692,1253,526
69,21,2;14,493648,493648,472,446,1253,781
69,22,2;3,493648,493648,774,753,1253,479
69,23,3;14,493648,493648,299,261,1253,954
69,24,6;8,493648,493648,847,819,1253,406
69,25,2;3,493648,493648,433,408,1253,820
69,26,3;6,493648,493648,407,380,1253,846
69,27,3;8,493648,493648,428,397,1253,825
69,28,3;8,493648,493648,640,620,1253,613
69,29,6;14,493648,493648,1243,1213,1253,10
70,0,7;8,493648,493648,28,19,1254,1226
70,1,2;14,740472,740472,51,22,1254,1203
70,2,6;8,4196008,4196008,106,69,1254,1148
70,3,2;10,2221416,2221416,88,54,1254,1166
70,4,2;6,493648,493648,49,38,1254,1205
70,5,2;10,493648,493648,53,44,1254,1201
70,6,2;13,2221416,2221416,72,31,1254,1182
70,7,8;10,1480944,1480944,78,49,1254,1176
70,8,2;13,1974592,1974592,61,30,1254,1193
70,9,2;13,493648,493648,94,82,1254,1160
70,10,2;14,1974592,1974592,66,28,1254,1188
70,11,8;12,493648,493648,98,87,1254,1156
70,12,2;7,987296,987296,109,68,1254,1145
70,13,8;10,1234120,1234120,68,43,1254,1186
70,14,2;10,740472,740472,86,74,1254,1168
70,15,2;3,493648,493648,640,620,1254,614
70,16,6;7,493648,493648,1202,1173,1254,52
70,17,3;13,493648,493648,706,681,1254,548
70,18,2;10,493648,493648,647,613,1254,607
70,19,6;12,493648,493648,393,352,1254,861
70,20,3;6,493648,493648,727,692,1254,527
70,21,2;7,493648,493648,472,446,1254,782
70,22,2;3,493648,493648,774,753,1254,480
70,23,2;10,493648,493648,299,261,1254,955
70,24,6;8,493648,493648,847,819,1254,407
70,25,2;3,493648,493648,433,408,1254,821
70,26,1;6,493648,493648,409,380,1254,845
70,27,3;8,493648,493648,428,397,1254,826
70,28,3;8,493648,493648,640,620,1254,614
70,29,2;6,493648,493648,1243,1213,1254,11
71,0,2;8,493648,493648,28,19,1254,1226
71,1,2;14,493648,493648,34,22,1254,1220
71,2,8;14,5430128,5430128,103,69,1254,1151
71,3,2;10,2221416,2221416,88,54,1254,1166
71,4,2;14,493648,493648,48,38,1254,1206
71,5,10;14,493648,493648,53,44,1254,1201
71,6,2;14,493648,493648,40,31,1254,1214
71,7,8;10,493648,493648,57,49,1254,1197
71,8,2;14,2715064,2715064,70,30,1254,1184
71,9,2;14,493648,493648,93,82,1254,1161
71,10,2;14,1974592,1974592,66,28,1254,1188
71,11,2;8,493648,493648,97,87,1254,1157
71,12,2;14,740472,740472,109,68,1254,1145
71,13,8;10,493648,493648,52,43,1254,1202
71,14,2;10,3208712,3208712,112,74,1254,1142
71,15,2;14,493648,493648,641,620,1254,613
71,16,3;8,493648,493648,1201,1173,1254,53
71,17,2;3,493648,493648,704,681,1254,550
71,18,2;10,493648,493648,647,613,1254,607
71,19,8;12,493648,493648,393,352,1254,861
71,20,2;3,493648,493648,726,692,1254,528
71,21,2;14,493648,493648,472,446,1254,782
71,22,2;3,493648,493648,774,753,1254,480
71,23,10;14,493648,493648,299,261,1254,955
71,24,2;8,493648,493648,846,819,1254,408
71,25,2;3,493648,493648,433,408,1254,821
71,26,2;3,493648,493648,406,380,1254,848
71,27,3;8,493648,493648,428,397,1254,826
71,28,2;8,493648,493648,640,620,1254,614
71,29,2;14,493648,493648,1243,1213,1254,11
72,0,2;8,740472,740472,42,19,1254,1212
72,1,2;14,493648,493648,34,22,1254,1220
72,2,8;14,5923776,5923776,106,69,1254,1148
72,3,2;10,1234120,1234120,85,54,1254,1169
72,4,2;6,493648,493648,49,38,1254,1205
72,5,2;10,493648,493648,53,44,1254,1201
72,6,2;14,1727768,1727768,72,31,1254,1182
72,7,8;10,987296,987296,78,49,1254,1176
72,8,2;14,2961888,2961888,70,30,1254,1184
72,9,2;8,493648,493648,92,82,1254,1162
72,10,2;14,1974592,1974592,66,28,1254,1188
72,11,2;8,493648,493648,97,87,1254,1157
72,12,2;14,493648,493648,76,68,1254,1178
72,13,8;10,493648,493648,52,43,1254,1202
72,14,2;10,1727768,1727768,95,74,1254,1159
72,15,2;14,493648,493648,641,620,1254,613
72,16,7;8,493648,493648,1202,1173,1254,52
72,17,2;3,493648,493648,704,681,1254,550
72,18,2;10,493648,493648,647,613,1254,607
72,19,6;8,493648,493648,393,352,1254,861
72,20,2;6,493648,493648,727,692,1254,527
72,21,2;7,493648,493648,472,446,1254,782
72,22,0;2,493648,493648,776,753,1254,478
72,23,2;10,493648,493648,299,261,1254,955
72,24,2;8,493648,493648,846,819,1254,408
72,25,2;3,493648,493648,433,408,1254,821
72,26,2;6,493648,493648,407,380,1254,847
72,27,3;8,493648,493648,428,397,1254,826
72,28,2;8,493648,493648,640,620,1254,614
72,29,2;6,493648,493648,1243,1213,1254,11
73,0,2;7,740472,740472,42,19,1254,1212
73,1,2;14,493648,493648,34,22,1254,1220
73,2,8;14,6664248,6664248,109,69,1254,1145
73,3,2;10,2468240,2468240,88,54,1254,1166
73,4,2;14,493648,493648,48,38,1254,1206
73,5,2;14,987296,987296,77,44,1254,1177
73,6,2;14,493648,493648,40,31,1254,1214
73,7,2;8,1234120,1234120,78,49,1254,1176
73,8,2;14,987296,987296,39,30,1254,1215
73,9,2;14,493648,493648,93,82,1254,1161
73,10,2;14,987296,987296,62,28,1254,1192
73,11,2;12,493648,493648,98,87,1254,1156
73,12,2;5,1234120,1234120,109,68,1254,1145
73,13,2;8,493648,493648,52,43,1254,1202
73,14,2;10,2468240,2468240,112,74,1254,1142
73,15,2;3,493648,493648,640,620,1254,614
73,16,3;7,493648,493648,1202,1173,1254,52
73,17,2;3,493648,493648,704,681,1254,550
73,18,2;10,493648,493648,647,613,1254,607
73,19,2;12,493648,493648,393,352,1254,861
73,20,2;3,493648,493648,726,692,1254,528
73,21,2;7,493648,493648,472,446,1254,782
73,22,0;2,493648,493648,776,753,1254,478
73,23,2;14,493648,493648,299,261,1254,955
73,24,2;12,493648,493648,847,819,1254,407
73,25,2;3,493648,493648,433,408,1254,821
73,26,2;3,493648,493648,406,380,1254,848
73,27,3;5,493648,493648,430,397,1254,824
73,28,2;3,493648,493648,640,620,1254,614
73,29,2;14,493648,493648,1243,1213,1254,11
74,0,5;7,493648,493648,29,19,1253,1224
74,1,2;14,493648,493648,34,22,1253,1219
74,2,8;14,5183304,5183304,109,69,1253,1144
74,3,2;10,3208712,3208712,91,54,1253,1162
74,4,6;7,493648,493648,49,38,1253,1204
74,5,2;10,1234120,1234120,77,44,1253,1176
74,6,2;14,740472,740472,42,31,1253,1211
74,7,3;10,1480944,1480944,78,49,1253,1175
74,8,2;14,1727768,1727768,70,30,1253,1183
74,9,2;8,493648,493648,92,82,1253,1161
74,10,2;14,1974592,1974592,66,28,1253,1187
74,11,2;8,493648,493648,97,87,1253,1156
74,12,2;5,740472,740472,96,68,1253,1157
74,13,2;10,493648,493648,52,43,1253,1201
74,14,2;10,1480944,1480944,104,74,1253,1149
74,15,2;3,493648,493648,640,620,1253,613
74,16,3;7,493648,493648,1202,1173,1253,51
74,17,2;3,493648,493648,704,681,1253,549
74,18,2;10,493648,493648,647,613,1253,606
74,19,2;8,493648,493648,392,352,1253,861
74,20,2;3,493648,493648,726,692,1253,527
74,21,2;7,493648,493648,472,446,1253,781
74,22,2;3,493648,493648,774,753,1253,479
74,23,3;10,493648,493648,299,261,1253,954
74,24,8;12,493648,493648,847,819,1253,406
74,25,2;3,493648,493648,433,408,1253,820
74,26,2;3,493648,493648,406,380,1253,847
74,27,3;5,493648,493648,430,397,1253,823
74,28,3;8,493648,493648,640,620,1253,613
74,29,2;14,493648,493648,1243,1213,1253,10
75,0,2;14,740472,740472,29,19,1254,1225
75,1,2;14,740472,740472,51,22,1254,1203
75,2,0;14,6664248,6664248,109,69,1254,1145
75,3,0;2,1974592,1974592,88,54,1254,1166
75,4,2;14,493648,493648,48,38,1254,1206
75,5,2;14,493648,493648,53,44,1254,1201
75,6,2;14,493648,493648,40,31,1254,1214
75,7,2;8,493648,493648,57,49,1254,1197
75,8,2;14,1480944,1480944,61,30,1254,1193
75,9,2;14,493648,493648,93,82,1254,1161
75,10,2;14,740472,740472,62,28,1254,1192
75,11,2;12,493648,493648,98,87,1254,1156
75,12,2;14,1234120,1234120,96,68,1254,1158
75,13,2;12,493648,493648,52,43,1254,1202
75,14,2;10,3702360,3702360,115,74,1254,1139
75,15,2;14,493648,493648,641,620,1254,613
75,16,3;8,493648,493648,1201,1173,1254,53
75,17,2;3,493648,493648,704,681,1254,550
75,18,2;10,493648,493648,647,613,1254,607
75,19,2;14,493648,493648,393,352,1254,861
75,20,2;3,493648,493648,726,692,1254,528
75,21,2;14,493648,493648,472,446,1254,782
75,22,2;3,493648,493648,774,753,1254,480
75,23,2;14,493648,493648,299,261,1254,955
75,24,2;12,493648,493648,847,819,1254,407
75,25,2;3,493648,493648,433,408,1254,821
75,26,1;2,493648,493648,409,380,1254,845
75,27,3;8,493648,493648,428,397,1254,826
75,28,2;8,493648,493648,640,620,1254,614
75,29,2;14,493648,493648,1243,1213,1254,11
76,0,2;8,493648,493648,28,19,1256,1228
76,1,2;14,740472,740472,51,22,1256,1205
76,2,8;14,5676952,5676952,106,69,1256,1150
76,3,2;10,2468240,2468240,91,54,1256,1165
76,4,2;7,987296,987296,81,38,1256,1175
76,5,2;10,493648,493648,53,44,1256,1203
76,6,2;14,740472,740472,66,31,1256,1190
76,7,2;8,740472,740472,59,49,1256,1197
76,8,2;14,2715064,2715064,70,30,1256,1186
76,9,2;8,493648,493648,92,82,1256,1164
76,10,2;14,1234120,1234120,62,28,1256,1194
76,11,8;12,493648,493648,98,87,1256,1158
76,12,2;13,987296,987296,96,68,1256,1160
76,13,2;8,740472,740472,52,43,1256,1204
76,14,2;10,1727768,1727768,104,74,1256,1152
76,15,2;3,493648,493648,640,620,1256,616
76,16,3;8,493648,493648,1201,1173,1256,55
76,17,2;3,493648,493648,704,681,1256,552
76,18,2;10,493648,493648,647,613,1256,609
76,19,4;8,493648,493648,395,352,1256,861
76,20,3;6,493648,493648,727,692,1256,529
76,21,2;14,493648,493648,472,446,1256,784
76,22,2;3,493648,493648,774,753,1256,482
76,23,2;3,493648,493648,298,261,1256,958
76,24,8;12,493648,493648,847,819,1256,409
76,25,2;3,493648,493648,433,408,1256,823
76,26,1;2,493648,493648,409,380,1256,847
76,27,3;4,493648,493648,431,397,1256,825
76,28,2;8,493648,493648,640,620,1256,616
76,29,2;14,493648,493648,1243,1213,1256,13
77,0,5;8,493648,493648,29,19,1254,1225
77,1,2;14,493648,493648,34,22,1254,1220
77,2,8;14,3949184,3949184,102,69,1254,1152
77,3,2;10,3208712,3208712,91,54,1254,1163
77,4,2;6,493648,493648,49,38,1254,1205
77,5,2;10,740472,740472,54,44,1254,1200
77,6,2;14,1974592,1974592,72,31,1254,1182
77,7,3;8,493648,493648,58,49,1254,1196
77,8,2;14,2715064,2715064,61,30,1254,1193
77,9,2;8,493648,493648,92,82,1254,1162
77,10,2;14,1727768,1727768,66,28,1254,1188
77,11,8;12,493648,493648,98,87,1254,1156
77,12,2;13,1234120,1234120,109,68,1254,1145
77,13,8;10,987296,987296,68,43,1254,1186
77,14,2;10,1234120,1234120,86,74,1254,1168
77,15,2;3,493648,493648,640,620,1254,614
77,16,3;8,493648,493648,1201,1173,1254,53
77,17,3;13,493648,493648,706,681,1254,548
77,18,2;10,493648,493648,647,613,1254,607
77,19,6;12,493648,493648,393,352,1254,861
77,20,3;6,493648,493648,727,692,1254,527
77,21,2;6,493648,493648,472,446,1254,782
77,22,2;3,493648,493648,774,753,1254,480
77,23,3;10,493648,493648,299,261,1254,955
77,24,8;12,493648,493648,847,819,1254,407
77,25,2;3,493648,493648,433,408,1254,821
77,26,3;6,493648,493648,407,380,1254,847
77,27,3;8,493648,493648,428,397,1254,826
77,28,3;8,493648,493648,640,620,1254,614
77,29,2;6,493648,493648,1243,1213,1254,11
78,0,2;8,493648,493648,28,19,1254,1226
78,1,2;14,493648,493648,34,22,1254,1220
78,2,8;14,5430128,5430128,106,69,1254,1148
78,3,2;10,2961888,2961888,91,54,1254,1163
78,4,2;14,493648,493648,48,38,1254,1206
78,5,2;14,493648,493648,53,44,1254,1201
78,6,2;14,493648,493648,40,31,1254,1214
78,7,2;8,493648,493648,57,49,1254,1197
78,8,2;14,3208712,3208712,70,30,1254,1184
78,9,2;8,493648,493648,92,82,1254,1162
78,10,2;14,987296,987296,62,28,1254,1192
78,11,8;12,493648,493648,98,87,1254,1156
78,12,2;13,1234120,1234120,109,68,1254,1145
78,13,2;8,740472,740472,52,43,1254,1202
78,14,2;10,2221416,2221416,104,74,1254,1150
78,15,3;8,493648,493648,640,620,1254,614
78,16,3;8,493648,493648,1201,1173,1254,53
78,17,2;3,493648,493648,704,681,1254,550
78,18,2;10,493648,493648,647,613,1254,607
78,19,8;12,493648,493648,393,352,1254,861
78,20,2;3,493648,493648,726,692,1254,528
78,21,2;14,493648,493648,472,446,1254,782
78,22,2;3,493648,493648,774,753,1254,480
78,23,2;3,493648,493648,298,261,1254,956
78,24,8;12,493648,493648,847,819,1254,407
78,25,2;3,493648,493648,433,408,1254,821
78,26,2;3,493648,493648,406,380,1254,848
78,27,3;8,493648,493648,428,397,1254,826
78,28,3;8,493648,493648,640,620,1254,614
78,29,2;14,493648,493648,1243,1213,1254,11
79,0,2;8,493648,493648,28,19,1253,1225
79,1,2;14,493648,493648,34,22,1253,1219
79,2,8;14,6417424,6417424,109,69,1253,1144
79,3,2;10,2715064,2715064,91,54,1253,1162
79,4,2;14,493648,493648,48,38,1253,1205
79,5,2;10,493648,493648,53,44,1253,1200
79,6,2;14,1234120,1234120,61,31,1253,1192
79,7,2;8,493648,493648,57,49,1253,1196
79,8,2;14,2221416,2221416,70,30,1253,1183
79,9,2;8,493648,493648,92,82,1253,1161
79,10,2;14,1480944,1480944,62,28,1253,1191
79,11,2;12,493648,493648,98,87,1253,1155
79,12,2;13,987296,987296,96,68,1253,1157
79,13,2;10,740472,740472,52,43,1253,1201
79,14,2;10,1480944,1480944,86,74,1253,1167
79,15,3;8,493648,493648,640,620,1253,613
79,16,3;8,493648,493648,1201,1173,1253,52
79,17,2;3,493648,493648,704,681,1253,549
79,18,2;10,493648,493648,647,613,1253,606
79,19,2;8,493648,493648,392,352,1253,861
79,20,2;3,493648,493648,726,692,1253,527
79,21,2;6,493648,493648,472,446,1253,781
79,22,2;3,493648,493648,774,753,1253,479
79,23,2;3,493648,493648,298,261,1253,955
79,24,2;12,493648,493648,847,819,1253,406
79,25,2;3,493648,493648,433,408,1253,820
79,26,2;6,493648,493648,407,380,1253,846
79,27,3;8,493648,493648,428,397,1253,825
79,28,2;3,493648,493648,640,620,1253,613
79,29,2;6,493648,493648,1243,1213,1253,10
80,0,2;8,493648,493648,28,19,1254,1226
80,1,2;8,493648,493648,33,22,1254,1221
80,2,8;14,5923776,5923776,106,69,1254,1148
80,3,2;10,1727768,1727768,85,54,1254,1169
80,4,2;7,493648,493648,48,38,1254,1206
80,5,2;10,493648,493648,53,44,1254,1201
80,6,2;14,1480944,1480944,72,31,1254,1182
80,7,8;10,1234120,1234120,75,49,1254,1179
80,8,2;14,3455536,3455536,70,30,1254,1184
80,9,2;8,493648,493648,92,82,1254,1162
80,10,2;14,1974592,1974592,66,28,1254,1188
80,11,2;8,493648,493648,97,87,1254,1157
80,12,2;7,493648,493648,76,68,1254,1178
80,13,8;10,493648,493648,52,43,1254,1202
80,14,2;10,987296,987296,83,74,1254,1171
80,15,2;8,493648,493648,640,620,1254,614
80,16,3;8,493648,493648,1201,1173,1254,53
80,17,2;3,493648,493648,704,681,1254,550
80,18,2;10,493648,493648,647,613,1254,607
80,19,6;8,493648,493648,393,352,1254,861
80,20,2;6,493648,493648,727,692,1254,527
80,21,2;7,493648,493648,472,446,1254,782
80,22,2;3,493648,493648,774,753,1254,480
80,23,2;10,493648,493648,299,261,1254,955
80,24,2;8,493648,493648,846,819,1254,408
80,25,2;3,493648,493648,433,408,1254,821
80,26,2;6,493648,493648,407,380,1254,847
80,27,3;8,493648,493648,428,397,1254,826
80,28,2;8,493648,493648,640,620,1254,614
80,29,2;6,493648,493648,1243,1213,1254,11
81,0,2;14,493648,493648,28,19,1254,1226
81,1,2;14,493648,493648,34,22,1254,1220
81,2,8;14,6664248,6664248,109,69,1254,1145
81,3,2;10,2221416,2221416,88,54,1254,1166
81,4,2;14,987296,987296,72,38,1254,1182
81,5,2;14,493648,493648,53,44,1254,1201
81,6,2;14,740472,740472,58,31,1254,1196
81,7,2;10,740472,740472,78,49,1254,1176
81,8,2;14,493648,493648,38,30,1254,1216
81,9,2;14,493648,493648,93,82,1254,1161
81,10,2;14,1480944,1480944,62,28,1254,1192
81,11,2;4,493648,493648,100,87,1254,1154
81,12,2;14,740472,740472,96,68,1254,1158
81,13,2;10,493648,493648,52,43,1254,1202
81,14,2;10,3702360,3702360,115,74,1254,1139
81,15,2;14,493648,493648,641,620,1254,613
81,16,3;7,493648,493648,1202,1173,1254,52
81,17,2;3,493648,493648,704,681,1254,550
81,18,2;10,493648,493648,647,613,1254,607
81,19,2;14,493648,493648,393,352,1254,861
81,20,2;3,493648,493648,726,692,1254,528
81,21,2;14,493648,493648,472,446,1254,782
81,22,2;3,493648,493648,774,753,1254,480
81,23,2;14,493648,493648,299,261,1254,955
81,24,2;12,493648,493648,847,819,1254,407
81,25,2;3,493648,493648,433,408,1254,821
81,26,2;6,493648,493648,407,380,1254,847
81,27,3;4,493648,493648,431,397,1254,823
81,28,2;3,493648,493648,640,620,1254,614
81,29,2;14,493648,493648,1243,1213,1254,11
82,0,2;5,493648,493648,29,19,1254,1225
82,1,2;14,493648,493648,34,22,1254,1220
82,2,8;14,5923776,5923776,106,69,1254,1148
82,3,2;10,1727768,1727768,85,54,1254,1169
82,4,2;14,987296,987296,72,38,1254,1182
82,5,2;10,740472,740472,54,44,1254,1200
82,6,2;14,1727768,1727768,72,31,1254,1182
82,7,2;10,493648,493648,57,49,1254,1197
82,8,2;14,740472,740472,50,30,1254,1204
82,9,2;14,493648,493648,93,82,1254,1161
82,10,2;14,1974592,1974592,66,28,1254,1188
82,11,4;12,493648,493648,100,87,1254,1154
82,12,2;14,1480944,1480944,109,68,1254,1145
82,13,10;12,740472,740472,68,43,1254,1186
82,14,2;10,2221416,2221416,100,74,1254,1154
82,15,2;8,493648,493648,640,620,1254,614
82,16,3;6,493648,493648,1202,1173,1254,52
82,17,2;13,493648,493648,706,681,1254,548
82,18,2;10,493648,493648,647,613,1254,607
82,19,6;12,493648,493648,393,352,1254,861
82,20,2;6,493648,493648,727,692,1254,527
82,21,2;14,493648,493648,472,446,1254,782
82,22,2;3,493648,493648,774,753,1254,480
82,23,2;10,493648,493648,299,261,1254,955
82,24,2;12,493648,493648,847,819,1254,407
82,25,2;3,493648,493648,433,408,1254,821
82,26,2;6,493648,493648,407,380,1254,847
82,27,3;4,493648,493648,431,397,1254,823
82,28,2;3,493648,493648,640,620,1254,614
82,29,2;6,493648,493648,1243,1213,1254,11
83,0,2;14,493648,493648,28,19,1254,1226
83,1,2;14,740472,740472,51,22,1254,1203
83,2,8;14,6417424,6417424,109,69,1254,1145
83,3,2;10,2961888,2961888,91,54,1254,1163
83,4,12;13,740472,740472,72,38,1254,1182
83,5,2;14,493648,493648,53,44,1254,1201
83,6,2;14,493648,493648,40,31,1254,1214
83,7,2;3,740472,740472,78,49,1254,1176
83,8,2;14,493648,493648,38,30,1254,1216
83,9,2;14,493648,493648,93,82,1254,1161
83,10,2;14,987296,987296,62,28,1254,1192
83,11,2;12,493648,493648,98,87,1254,1156
83,12,2;14,1727768,1727768,109,68,1254,1145
83,13,2;12,740472,740472,54,43,1254,1200
83,14,2;10,2715064,2715064,104,74,1254,1150
83,15,2;3,493648,493648,640,620,1254,614
83,16,3;7,493648,493648,1202,1173,1254,52
83,17,2;3,493648,493648,704,681,1254,550
83,18,2;10,493648,493648,647,613,1254,607
83,19,2;12,493648,493648,393,352,1254,861
83,20,2;3,493648,493648,726,692,1254,528
83,21,2;14,493648,493648,472,446,1254,782
83,22,2;3,493648,493648,774,753,1254,480
83,23,2;3,493648,493648,298,261,1254,956
83,24,2;12,493648,493648,847,819,1254,407
83,25,2;3,493648,493648,433,408,1254,821
83,26,1;2,493648,493648,409,380,1254,845
83,27,3;4,493648,493648,431,397,1254,823
83,28,2;3,493648,493648,640,620,1254,614
83,29,2;14,493648,493648,1243,1213,1254,11
84,0,8;14,740472,740472,29,19,1254,1225
84,1,8;14,493648,493648,34,22,1254,1220
84,2,8;14,3702360,3702360,103,69,1254,1151
84,3,0;2,3208712,3208712,91,54,1254,1163
84,4,6;12,493648,493648,49,38,1254,1205
84,5,2;14,493648,493648,53,44,1254,1201
84,6,2;14,740472,740472,42,31,1254,1212
84,7,3;8,493648,493648,58,49,1254,1196
84,8,2;14,3208712,3208712,70,30,1254,1184
84,9,8;14,493648,493648,93,82,1254,1161
84,10,2;14,740472,740472,62,28,1254,1192
84,11,8;12,493648,493648,98,87,1254,1156
84,12,2;14,1234120,1234120,96,68,1254,1158
84,13,2;8,987296,987296,68,43,1254,1186
84,14,2;13,3702360,3702360,115,74,1254,1139
84,15,3;14,493648,493648,641,620,1254,613
84,16,3;8,493648,493648,1201,1173,1254,53
84,17,3;13,493648,493648,706,681,1254,548
84,18,2;10,493648,493648,647,613,1254,607
84,19,8;14,493648,493648,393,352,1254,861
84,20,2;3,493648,493648,726,692,1254,528
84,21,2;14,493648,493648,472,446,1254,782
84,22,2;3,493648,493648,774,753,1254,480
84,23,3;14,493648,493648,299,261,1254,955
84,24,8;12,493648,493648,847,819,1254,407
84,25,2;3,493648,493648,433,408,1254,821
84,26,2;3,493648,493648,406,380,1254,848
84,27,3;8,493648,493648,428,397,1254,826
84,28,3;8,493648,493648,640,620,1254,614
84,29,2;14,493648,493648,1243,1213,1254,11
85,0,2;14,740472,740472,29,19,1254,1225
85,1,2;14,493648,493648,34,22,1254,1220
85,2,8;14,6170600,6170600,106,69,1254,1148
85,3,0;2,2221416,2221416,88,54,1254,1166
85,4,6;12,493648,493648,49,38,1254,1205
85,5,2;14,493648,493648,53,44,1254,1201
85,6,2;14,987296,987296,72,31,1254,1182
85,7,2;8,493648,493648,57,49,1254,1197
85,8,2;14,987296,987296,58,30,1254,1196
85,9,2;14,493648,493648,93,82,1254,1161
85,10,2;14,740472,740472,62,28,1254,1192
85,11,2;12,493648,493648,98,87,1254,1156
85,12,2;14,1974592,1974592,109,68,1254,1145
85,13,2;12,493648,493648,52,43,1254,1202
85,14,2;10,3455536,3455536,112,74,1254,1142
85,15,2;14,493648,493648,641,620,1254,613
85,16,3;8,493648,493648,1201,1173,1254,53
85,17,2;3,493648,493648,704,681,1254,550
85,18,2;10,493648,493648,647,613,1254,607
85,19,6;12,493648,493648,393,352,1254,861
85,20,2;3,493648,493648,726,692,1254,528
85,21,2;14,493648,493648,472,446,1254,782
85,22,2;3,493648,493648,774,753,1254,480
85,23,2;14,493648,493648,299,261,1254,955
85,24,2;12,493648,493648,847,819,1254,407
85,25,2;3,493648,493648,433,408,1254,821
85,26,2;3,493648,493648,406,380,1254,848
85,27,12;14,493648,493648,429,397,1254,825
85,28,2;3,493648,493648,640,620,1254,614
85,29,2;14,493648,493648,1243,1213,1254,11
86,0,5;7,493648,493648,29,19,1254,1225
86,1,2;8,493648,493648,33,22,1254,1221
86,2,8;14,5430128,5430128,106,69,1254,1148
86,3,2;10,2468240,2468240,88,54,1254,1166
86,4,11;12,493648,493648,51,38,1254,1203
86,5,2;10,740472,740472,54,44,1254,1200
86,6,2;14,740472,740472,72,31,1254,1182
86,7,2;10,1480944,1480944,78,49,1254,1176
86,8,2;14,987296,987296,41,30,1254,1213
86,9,2;8,493648,493648,92,82,1254,1162
86,10,2;14,2221416,2221416,66,28,1254,1188
86,11,2;12,740472,740472,100,87,1254,1154
86,12,2;7,2221416,2221416,109,68,1254,1145
86,13,10;12,493648,493648,52,43,1254,1202
86,14,2;10,1234120,1234120,104,74,1254,1150
86,15,2;3,493648,493648,640,620,1254,614
86,16,3;7,493648,493648,1202,1173,1254,52
86,17,2;3,493648,493648,704,681,1254,550
86,18,2;10,493648,493648,647,613,1254,607
86,19,6;12,493648,493648,393,352,1254,861
86,20,3;12,493648,493648,727,692,1254,527
86,21,2;7,493648,493648,472,446,1254,782
86,22,2;3,493648,493648,774,753,1254,480
86,23,2;10,493648,493648,299,261,1254,955
86,24,2;12,493648,493648,847,819,1254,407
86,25,2;3,493648,493648,433,408,1254,821
86,26,2;3,493648,493648,406,380,1254,848
86,27,10;12,493648,493648,429,397,1254,825
86,28,2;3,493648,493648,640,620,1254,614
86,29,2;14,493648,493648,1243,1213,1254,11
87,0,2;14,493648,493648,28,19,1254,1226
87,1,2;14,493648,493648,34,22,1254,1220
87,2,8;14,5923776,5923776,109,69,1254,1145
87,3,2;10,1974592,1974592,88,54,1254,1166
87,4,12;13,493648,493648,49,38,1254,1205
87,5,2;14,493648,493648,53,44,1254,1201
87,6,2;14,493648,493648,40,31,1254,1214
87,7,2;8,493648,493648,57,49,1254,1197
87,8,2;14,2221416,2221416,61,30,1254,1193
87,9,8;14,493648,493648,93,82,1254,1161
87,10,2;14,987296,987296,62,28,1254,1192
87,11,2;8,493648,493648,97,87,1254,1157
87,12,2;14,1480944,1480944,109,68,1254,1145
87,13,2;8,740472,740472,54,43,1254,1200
87,14,2;10,3455536,3455536,112,74,1254,1142
87,15,2;14,493648,493648,641,620,1254,613
87,16,3;8,493648,493648,1201,1173,1254,53
87,17,2;3,493648,493648,704,681,1254,550
87,18,2;10,493648,493648,647,613,1254,607
87,19,2;12,493648,493648,393,352,1254,861
87,20,3;12,493648,493648,727,692,1254,527
87,21,2;14,493648,493648,472,446,1254,782
87,22,2;3,493648,493648,774,753,1254,480
87,23,2;14,493648,493648,299,261,1254,955
87,24,2;12,493648,493648,847,819,1254,407
87,25,2;3,493648,493648,433,408,1254,821
87,26,2;3,493648,493648,406,380,1254,848
87,27,8;14,493648,493648,429,397,1254,825
87,28,2;8,493648,493648,640,620,1254,614
87,29,2;14,493648,493648,1243,1213,1254,11
88,0,7;8,493648,493648,28,19,1254,1226
88,1,2;8,740472,740472,51,22,1254,1203
88,2,8;14,4936480,4936480,106,69,1254,1148
88,3,2;10,1480944,1480944,88,54,1254,1166
88,4,6;7,740472,740472,51,38,1254,1203
88,5,2;10,493648,493648,53,44,1254,1201
88,6,2;14,1234120,1234120,72,31,1254,1182
88,7,8;10,1727768,1727768,78,49,1254,1176
88,8,2;14,3455536,3455536,70,30,1254,1184
88,9,2;8,493648,493648,92,82,1254,1162
88,10,2;14,2221416,2221416,66,28,1254,1188
88,11,4;8,493648,493648,100,87,1254,1154
88,12,2;7,740472,740472,96,68,1254,1158
88,13,8;10,493648,493648,52,43,1254,1202
88,14,2;10,987296,987296,83,74,1254,1171
88,15,2;8,493648,493648,640,620,1254,614
88,16,7;8,493648,493648,1202,1173,1254,52
88,17,2;3,493648,493648,704,681,1254,550
88,18,2;10,493648,493648,647,613,1254,607
88,19,6;8,493648,493648,393,352,1254,861
88,20,2;3,493648,493648,726,692,1254,528
88,21,2;7,493648,493648,472,446,1254,782
88,22,2;3,493648,493648,774,753,1254,480
88,23,2;10,493648,493648,299,261,1254,955
88,24,8;12,493648,493648,847,819,1254,407
88,25,2;3,493648,493648,433,408,1254,821
88,26,1;2,493648,493648,409,380,1254,845
88,27,8;10,493648,493648,429,397,1254,825
88,28,2;8,493648,493648,640,620,1254,614
88,29,2;6,493648,493648,1243,1213,1254,11
89,0,7;14,987296,987296,52,19,1254,1202
89,1,2;14,740472,740472,51,22,1254,1203
89,2,8;14,5676952,5676952,109,69,1254,1145
89,3,0;2,1234120,1234120,79,54,1254,1175
89,4,7;14,740472,740472,51,38,1254,1203
89,5,2;14,493648,493648,53,44,1254,1201
89,6,2;14,493648,493648,40,31,1254,1214
89,7,2;10,2221416,2221416,81,49,1254,1173
89,8,2;14,987296,987296,58,30,1254,1196
89,9,2;14,493648,493648,93,82,1254,1161
89,10,2;14,987296,987296,62,28,1254,1192
89,11,2;4,493648,493648,100,87,1254,1154
89,12,7;14,987296,987296,103,68,1254,1151
89,13,2;8,493648,493648,52,43,1254,1202
89,14,2;10,3702360,3702360,115,74,1254,1139
89,15,2;14,493648,493648,641,620,1254,613
89,16,7;8,493648,493648,1202,1173,1254,52
89,17,2;3,493648,493648,704,681,1254,550
89,18,2;10,493648,493648,647,613,1254,607
89,19,2;14,493648,493648,393,352,1254,861
89,20,2;12,493648,493648,727,692,1254,527
89,21,7;14,493648,493648,472,446,1254,782
89,22,2;3,493648,493648,774,753,1254,480
89,23,2;14,493648,493648,299,261,1254,955
89,24,2;12,493648,493648,847,819,1254,407
89,25,2;3,493648,493648,433,408,1254,821
89,26,1;2,493648,493648,409,380,1254,845
89,27,0;7,493648,493648,430,397,1254,824
89,28,2;7,493648,493648,641,620,1254,613
89,29,2;14,493648,493648,1243,1213,1254,11
90,0,2;8,740472,740472,29,19,1253,1224
90,1,2;8,740472,740472,51,22,1253,1202
90,2,8;14,4196008,4196008,109,69,1253,1144
90,3,0;10,2961888,2961888,91,54,1253,1162
90,4,2;14,740472,740472,51,38,1253,1202
90,5,2;10,493648,493648,53,44,1253,1200
90,6,2;14,740472,740472,61,31,1253,1192
90,7,8;10,493648,493648,57,49,1253,1196
90,8,2;14,3208712,3208712,70,30,1253,1183
90,9,2;8,493648,493648,92,82,1253,1161
90,10,2;14,2221416,2221416,66,28,1253,1187
90,11,4;8,493648,493648,100,87,1253,1153
90,12,2;14,987296,987296,103,68,1253,1150
90,13,8;10,493648,493648,52,43,1253,1201
90,14,2;10,1727768,1727768,100,74,1253,1153
90,15,3;8,493648,493648,640,620,1253,613
90,16,3;8,493648,493648,1201,1173,1253,52
90,17,2;3,493648,493648,704,681,1253,549
90,18,2;10,493648,493648,647,613,1253,606
90,19,2;8,493648,493648,392,352,1253,861
90,20,3;12,493648,493648,727,692,1253,526
90,21,2;14,493648,493648,472,446,1253,781
90,22,2;3,493648,493648,774,753,1253,479
90,23,3;10,493648,493648,299,261,1253,954
90,24,8;12,493648,493648,847,819,1253,406
90,25,2;3,493648,493648,433,408,1253,820
90,26,1;3,493648,493648,409,380,1253,844
90,27,3;10,493648,493648,429,397,1253,824
90,28,3;8,493648,493648,640,620,1253,613
90,29,2;6,493648,493648,1243,1213,1253,10
91,0,2;8,493648,493648,28,19,1253,1225
91,1,2;8,740472,740472,51,22,1253,1202
91,2,8;14,6911072,6911072,109,69,1253,1144
91,3,2;10,1480944,1480944,88,54,1253,1165
91,4,2;13,493648,493648,49,38,1253,1204
91,5,2;13,493648,493648,54,44,1253,1199
91,6,2;14,493648,493648,40,31,1253,1213
91,7,2;10,493648,493648,57,49,1253,1196
91,8,2;14,2715064,2715064,70,30,1253,1183
91,9,2;8,493648,493648,92,82,1253,1161
91,10,2;14,1974592,1974592,66,28,1253,1187
91,11,2;8,493648,493648,97,87,1253,1156
91,12,2;14,493648,493648,76,68,1253,1177
91,13,2;10,1234120,1234120,68,43,1253,1185
91,14,2;10,1727768,1727768,104,74,1253,1149
91,15,2;8,493648,493648,640,620,1253,613
91,16,3;8,493648,493648,1201,1173,1253,52
91,17,2;13,493648,493648,706,681,1253,547
91,18,2;10,493648,493648,647,613,1253,606
91,19,2;8,493648,493648,392,352,1253,861
91,20,2;3,493648,493648,726,692,1253,527
91,21,2;14,493648,493648,472,446,1253,781
91,22,2;3,493648,493648,774,753,1253,479
91,23,2;10,493648,493648,299,261,1253,954
91,24,2;8,493648,493648,846,819,1253,407
91,25,2;3,493648,493648,433,408,1253,820
91,26,1;2,493648,493648,409,380,1253,844
91,27,2;10,493648,493648,429,397,1253,824
91,28,2;8,493648,493648,640,620,1253,613
91,29,2;14,493648,493648,1243,1213,1253,10
92,0,8;14,493648,493648,28,19,1254,1226
92,1,8;14,493648,493648,34,22,1254,1220
92,2,8;14,3455536,3455536,106,69,1254,1148
92,3,2;8,2715064,2715064,88,54,1254,1166
92,4,13;14,740472,740472,51,38,1254,1203
92,5,13;14,493648,493648,54,44,1254,1200
92,6,2;14,987296,987296,60,31,1254,1194
92,7,2;8,493648,493648,57,49,1254,1197
92,8,2;14,3455536,3455536,70,30,1254,1184
92,9,8;14,493648,493648,93,82,1254,1161
92,10,2;14,740472,740472,62,28,1254,1192
92,11,4;8,493648,493648,100,87,1254,1154
92,12,6;14,987296,987296,103,68,1254,1151
92,13,2;8,1234120,1234120,68,43,1254,1186
92,14,2;10,3455536,3455536,115,74,1254,1139
92,15,3;8,493648,493648,640,620,1254,614
92,16,3;6,493648,493648,1202,1173,1254,52
92,17,3;13,493648,493648,706,681,1254,548
92,18,2;10,493648,493648,647,613,1254,607
92,19,8;14,493648,493648,393,352,1254,861
92,20,3;12,493648,493648,727,692,1254,527
92,21,2;14,493648,493648,472,446,1254,782
92,22,2;3,493648,493648,774,753,1254,480
92,23,2;14,493648,493648,299,261,1254,955
92,24,8;12,493648,493648,847,819,1254,407
92,25,2;3,493648,493648,433,408,1254,821
92,26,2;3,493648,493648,406,380,1254,848
92,27,3;8,493648,493648,428,397,1254,826
92,28,3;8,493648,493648,640,620,1254,614
92,29,2;14,493648,493648,1243,1213,1254,11
93,0,8;14,493648,493648,28,19,1254,1226
93,1,8;14,493648,493648,34,22,1254,1220
93,2,8;14,2715064,2715064,98,69,1254,1156
93,3,8;10,1480944,1480944,88,54,1254,1166
93,4,13;14,493648,493648,49,38,1254,1205
93,5,10;14,493648,493648,53,44,1254,1201
93,6,2;14,1234120,1234120,65,31,1254,1189
93,7,8;10,493648,493648,57,49,1254,1197
93,8,2;14,3949184,3949184,70,30,1254,1184
93,9,8;14,493648,493648,93,82,1254,1161
93,10,2;14,1727768,1727768,66,28,1254,1188
93,11,2;8,493648,493648,97,87,1254,1157
93,12,6;14,1234120,1234120,103,68,1254,1151
93,13,8;10,987296,987296,68,43,1254,1186
93,14,2;10,3949184,3949184,115,74,1254,1139
93,15,8;14,493648,493648,641,620,1254,613
93,16,6;8,493648,493648,1202,1173,1254,52
93,17,8;13,493648,493648,706,681,1254,548
93,18,6;12,493648,493648,647,613,1254,607
93,19,8;14,493648,493648,393,352,1254,861
93,20,3;12,493648,493648,727,692,1254,527
93,21,2;14,493648,493648,472,446,1254,782
93,22,2;3,493648,493648,774,753,1254,480
93,23,10;14,493648,493648,299,261,1254,955
93,24,8;12,493648,493648,847,819,1254,407
93,25,2;3,493648,493648,433,408,1254,821
93,26,2;3,493648,493648,406,380,1254,848
93,27,8;14,493648,493648,429,397,1254,825
93,28,2;8,493648,493648,640,620,1254,614
93,29,2;14,493648,493648,1243,1213,1254,11
94,0,2;14,493648,493648,28,19,1254,1226
94,1,2;14,493648,493648,34,22,1254,1220
94,2,8;14,5676952,5676952,109,69,1254,1145
94,3,2;10,1974592,1974592,88,54,1254,1166
94,4,13;14,493648,493648,49,38,1254,1205
94,5,10;14,493648,493648,53,44,1254,1201
94,6,2;14,987296,987296,65,31,1254,1189
94,7,2;10,493648,493648,57,49,1254,1197
94,8,2;14,493648,493648,38,30,1254,1216
94,9,2;14,493648,493648,93,82,1254,1161
94,10,2;14,1974592,1974592,66,28,1254,1188
94,11,2;12,493648,493648,98,87,1254,1156
94,12,2;14,1234120,1234120,102,68,1254,1152
94,13,2;10,987296,987296,68,43,1254,1186
94,14,2;10,3949184,3949184,115,74,1254,1139
94,15,2;14,493648,493648,641,620,1254,613
94,16,3;6,493648,493648,1202,1173,1254,52
94,17,2;13,493648,493648,706,681,1254,548
94,18,6;12,493648,493648,647,613,1254,607
94,19,2;14,493648,493648,393,352,1254,861
94,20,2;3,493648,493648,726,692,1254,528
94,21,2;14,493648,493648,472,446,1254,782
94,22,2;3,493648,493648,774,753,1254,480
94,23,10;14,493648,493648,299,261,1254,955
94,24,2;12,493648,493648,847,819,1254,407
94,25,2;3,493648,493648,433,408,1254,821
94,26,2;3,493648,493648,406,380,1254,848
94,27,10;14,493648,493648,429,397,1254,825
94,28,2;3,493648,493648,640,620,1254,614
94,29,2;14,493648,493648,1243,1213,1254,11
95,0,2;14,493648,493648,28,19,1254,1226
95,1,2;14,493648,493648,34,22,1254,1220
95,2,8;14,6911072,6911072,109,69,1254,1145
95,3,2;8,3208712,3208712,91,54,1254,1163
95,4,2;13,493648,493648,49,38,1254,1205
95,5,2;13,493648,493648,54,44,1254,1200
95,6,2;14,493648,493648,40,31,1254,1214
95,7,2;3,493648,493648,58,49,1254,1196
95,8,2;14,987296,987296,40,30,1254,1214
95,9,2;14,493648,493648,93,82,1254,1161
95,10,2;14,740472,740472,37,28,1254,1217
95,11,2;8,493648,493648,97,87,1254,1157
95,12,2;14,987296,987296,102,68,1254,1152
95,13,2;10,1234120,1234120,73,43,1254,1181
95,14,2;10,2715064,2715064,115,74,1254,1139
95,15,2;3,493648,493648,640,620,1254,614
95,16,3;13,493648,493648,1203,1173,1254,51
95,17,2;3,493648,493648,704,681,1254,550
95,18,2;12,493648,493648,647,613,1254,607
95,19,2;14,493648,493648,393,352,1254,861
95,20,2;3,493648,493648,726,692,1254,528
95,21,2;14,493648,493648,472,446,1254,782
95,22,2;3,493648,493648,774,753,1254,480
95,23,2;3,493648,493648,298,261,1254,956
95,24,2;12,493648,493648,847,819,1254,407
95,25,2;3,493648,493648,433,408,1254,821
95,26,2;3,493648,493648,406,380,1254,848
95,27,2;3,493648,493648,428,397,1254,826
95,28,2;3,493648,493648,640,620,1254,614
95,29,2;14,493648,493648,1243,1213,1254,11
96,0,2;14,493648,493648,28,19,1254,1226
96,1,2;14,493648,493648,34,22,1254,1220
96,2,8;14,7157896,7157896,109,69,1254,1145
96,3,2;10,3208712,3208712,91,54,1254,1163
96,4,2;14,493648,493648,48,38,1254,1206
96,5,2;14,740472,740472,53,44,1254,1201
96,6,2;14,493648,493648,40,31,1254,1214
96,7,2;3,493648,493648,58,49,1254,1196
96,8,2;14,493648,493648,38,30,1254,1216
96,9,2;14,493648,493648,93,82,1254,1161
96,10,2;14,740472,740472,37,28,1254,1217
96,11,2;12,493648,493648,98,87,1254,1156
96,12,2;5,1480944,1480944,102,68,1254,1152
96,13,2;12,493648,493648,52,43,1254,1202
96,14,2;10,2961888,2961888,115,74,1254,1139
96,15,2;3,493648,493648,640,620,1254,614
96,16,2;3,493648,493648,1201,1173,1254,53
96,17,2;3,493648,493648,704,681,1254,550
96,18,2;12,493648,493648,647,613,1254,607
96,19,2;14,493648,493648,393,352,1254,861
96,20,2;3,493648,493648,726,692,1254,528
96,21,2;14,493648,493648,472,446,1254,782
96,22,2;3,493648,493648,774,753,1254,480
96,23,2;3,493648,493648,298,261,1254,956
96,24,2;12,493648,493648,847,819,1254,407
96,25,2;3,493648,493648,433,408,1254,821
96,26,2;3,493648,493648,406,380,1254,848
96,27,2;3,493648,493648,428,397,1254,826
96,28,2;3,493648,493648,640,620,1254,614
96,29,2;14,493648,493648,1243,1213,1254,11
97,0,2;8,493648,493648,28,19,1254,1226
97,1,2;8,493648,493648,33,22,1254,1221
97,2,6;8,6911072,6911072,109,69,1254,1145
97,3,2;10,2221416,2221416,91,54,1254,1163
97,4,6;12,493648,493648,49,38,1254,1205
97,5,2;10,493648,493648,53,44,1254,1201
97,6,2;14,2715064,2715064,72,31,1254,1182
97,7,2;8,493648,493648,57,49,1254,1197
97,8,2;14,2221416,2221416,50,30,1254,1204
97,9,2;8,493648,493648,92,82,1254,1162
97,10,2;14,987296,987296,37,28,1254,1217
97,11,2;8,493648,493648,97,87,1254,1157
97,12,2;6,740472,740472,78,68,1254,1176
97,13,2;8,493648,493648,52,43,1254,1202
97,14,2;10,987296,987296,83,74,1254,1171
97,15,2;3,493648,493648,640,620,1254,614
97,16,2;6,493648,493648,1202,1173,1254,52
97,17,2;3,493648,493648,704,681,1254,550
97,18,2;6,493648,493648,647,613,1254,607
97,19,2;6,493648,493648,393,352,1254,861
97,20,2;3,493648,493648,726,692,1254,528
97,21,2;6,493648,493648,472,446,1254,782
97,22,2;3,493648,493648,774,753,1254,480
97,23,2;3,493648,493648,298,261,1254,956
97,24,2;6,493648,493648,847,819,1254,407
97,25,2;3,493648,493648,433,408,1254,821
97,26,2;3,493648,493648,406,380,1254,848
97,27,2;6,493648,493648,429,397,1254,825
97,28,2;8,493648,493648,640,620,1254,614
97,29,2;6,493648,493648,1243,1213,1254,11
98,0,2;8,740472,740472,52,19,1253,1201
98,1,2;8,493648,493648,33,22,1253,1220
98,2,8;14,6170600,6170600,109,69,1253,1144
98,3,2;8,2961888,2961888,91,54,1253,1162
98,4,11;12,493648,493648,51,38,1253,1202
98,5,2;10,987296,987296,54,44,1253,1199
98,6,2;14,1480944,1480944,65,31,1253,1188
98,7,2;8,493648,493648,57,49,1253,1196
98,8,2;14,2221416,2221416,70,30,1253,1183
98,9,2;13,740472,740472,119,82,1253,1134
98,10,2;14,740472,740472,37,28,1253,1216
98,11,2;8,740472,740472,100,87,1253,1153
98,12,2;5,740472,740472,78,68,1253,1175
98,13,2;5,740472,740472,55,43,1253,1198
98,14,2;10,987296,987296,83,74,1253,1170
98,15,2;3,493648,493648,640,620,1253,613
98,16,3;6,493648,493648,1202,1173,1253,51
98,17,2;3,493648,493648,704,681,1253,549
98,18,2;6,493648,493648,647,613,1253,606
98,19,2;8,493648,493648,392,352,1253,861
98,20,3;9,493648,493648,729,692,1253,524
98,21,2;6,493648,493648,472,446,1253,781
98,22,2;3,493648,493648,774,753,1253,479
98,23,2;3,493648,493648,298,261,1253,955
98,24,2;8,493648,493648,846,819,1253,407
98,25,2;3,493648,493648,433,408,1253,820
98,26,2;3,493648,493648,406,380,1253,847
98,27,0;3,493648,493648,430,397,1253,823
98,28,2;3,493648,493648,640,620,1253,613
98,29,2;6,493648,493648,1243,1213,1253,10
99,0,2;14,493648,493648,28,19,1254,1226
99,1,2;14,493648,493648,34,22,1254,1220
99,2,8;14,6664248,6664248,109,69,1254,1145
99,3,2;8,1234120,1234120,80,54,1254,1174
99,4,12;14,493648,493648,48,38,1254,1206
99,5,2;14,493648,493648,53,44,1254,1201
99,6,2;14,493648,493648,40,31,1254,1214
99,7,2;8,493648,493648,57,49,1254,1197
99,8,2;14,2468240,2468240,58,30,1254,1196
99,9,2;14,493648,493648,93,82,1254,1161
99,10,2;14,740472,740472,62,28,1254,1192
99,11,2;8,493648,493648,97,87,1254,1157
99,12,2;14,1234120,1234120,103,68,1254,1151
99,13,2;8,493648,493648,52,43,1254,1202
99,14,2;10,3949184,3949184,115,74,1254,1139
99,15,2;14,493648,493648,641,620,1254,613
99,16,2;8,493648,493648,1201,1173,1254,53
99,17,2;8,493648,493648,704,681,1254,550
99,18,2;10,493648,493648,647,613,1254,607
99,19,2;14,493648,493648,393,352,1254,861
99,20,2;12,493648,493648,727,692,1254,527
99,21,2;14,493648,493648,472,446,1254,782
99,22,2;3,493648,493648,774,753,1254,480
99,23,2;14,493648,493648,299,261,1254,955
99,24,2;8,493648,493648,846,819,1254,408
99,25,2;3,493648,493648,433,408,1254,821
99,26,2;3,493648,493648,406,380,1254,848
99,27,12;14,493648,493648,429,397,1254,825
99,28,2;8,493648,493648,640,620,1254,614
99,29,2;14,493648,493648,1243,1213,1254,11
