round,node,peers,ul_bytes,dl_bytes,busy_ticks,train_ticks,round_duration_ticks,idle_ticks
0,0,2;6,1727768,1727768,55,19,1254,1199
0,1,2;10,493648,493648,34,22,1254,1220
0,2,0;6,3702360,3702360,106,69,1254,1148
0,3,2;10,740472,740472,79,54,1254,1175
0,4,2;10,987296,987296,48,38,1254,1206
0,5,2;6,987296,987296,79,44,1254,1175
0,6,0;2,2961888,2961888,69,31,1254,1185
0,7,2;10,493648,493648,57,49,1254,1197
0,8,4;10,1234120,1234120,70,30,1254,1184
0,9,2;10,493648,493648,93,82,1254,1161
0,10,4;8,2961888,2961888,69,28,1254,1185
0,11,6;8,493648,493648,98,87,1254,1156
0,12,6;10,493648,493648,77,68,1254,1177
0,13,6;10,740472,740472,68,43,1254,1186
0,14,4;8,1234120,1234120,108,74,1254,1146
0,15,2;10,493648,493648,641,620,1254,613
0,16,5;14,493648,493648,1203,1173,1254,51
0,17,6;13,493648,493648,706,681,1254,548
0,18,5;14,493648,493648,648,613,1254,606
0,19,8;10,493648,493648,393,352,1254,861
0,20,0;6,493648,493648,728,692,1254,526
0,21,3;6,493648,493648,472,446,1254,782
0,22,6;10,493648,493648,775,753,1254,479
0,23,2;6,493648,493648,299,261,1254,955
0,24,0;2,493648,493648,848,819,1254,406
0,25,0;2,493648,493648,435,408,1254,819
0,26,2;10,493648,493648,407,380,1254,847
0,27,0;2,493648,493648,430,397,1254,824
0,28,0;14,493648,493648,642,620,1254,612
0,29,2;6,493648,493648,1243,1213,1254,11
1,0,4;7,2715064,2715064,58,19,1256,1198
1,1,0;6,1480944,1480944,56,22,1256,1200
1,2,4;7,493648,493648,78,69,1256,1178
1,3,6;7,493648,493648,63,54,1256,1193
1,4,0;14,1727768,1727768,81,38,1256,1175
1,5,0;7,493648,493648,54,44,1256,1202
1,6,4;7,1727768,1727768,57,31,1256,1199
1,7,0;14,2961888,2961888,78,49,1256,1178
1,8,7;14,740472,740472,51,30,1256,1205
1,9,6;14,740472,740472,110,82,1256,1146
1,10,7;13,493648,493648,37,28,1256,1219
1,11,7;14,740472,740472,113,87,1256,1143
1,12,0;14,740472,740472,102,68,1256,1154
1,13,7;14,1727768,1727768,79,43,1256,1177
1,14,7;13,2961888,2961888,115,74,1256,1141
1,15,0;14,493648,493648,642,620,1256,614
1,16,1;7,493648,493648,1204,1173,1256,52
1,17,6;11,493648,493648,707,681,1256,549
1,18,4;12,493648,493648,649,613,1256,607
1,19,4;14,493648,493648,395,352,1256,861
1,20,13;14,493648,493648,728,692,1256,528
1,21,6;9,493648,493648,474,446,1256,782
1,22,7;8,493648,493648,775,753,1256,481
1,23,0;4,493648,493648,301,261,1256,955
1,24,0;1,493648,493648,849,819,1256,407
1,25,0;14,493648,493648,435,408,1256,821
1,26,0;13,493648,493648,408,380,1256,848
1,27,1;13,493648,493648,431,397,1256,825
1,28,1;13,493648,493648,643,620,1256,613
1,29,0;14,493648,493648,1244,1213,1256,12
2,0,7;12,1234120,1234120,58,19,1254,1196
2,1,5;6,987296,987296,53,22,1254,1201
2,2,5;7,1234120,1234120,98,69,1254,1156
2,3,6;10,987296,987296,85,54,1254,1169
2,4,12;14,740472,740472,78,38,1254,1176
2,5,2;7,1234120,1234120,79,44,1254,1175
2,6,5;12,987296,987296,43,31,1254,1211
2,7,12;14,1974592,1974592,78,49,1254,1176
2,8,7;14,987296,987296,51,30,1254,1203
2,9,2;10,740472,740472,110,82,1254,1144
2,10,8;12,1234120,1234120,69,28,1254,1185
2,11,7;12,740472,740472,113,87,1254,1141
2,12,0;10,2961888,2961888,95,68,1254,1159
2,13,12;14,1727768,1727768,79,43,1254,1175
2,14,12;13,2468240,2468240,115,74,1254,1139
2,15,12;14,493648,493648,641,620,1254,613
2,16,1;7,493648,493648,1204,1173,1254,50
2,17,11;13,493648,493648,707,681,1254,547
2,18,5;14,493648,493648,648,613,1254,606
2,19,10;14,493648,493648,393,352,1254,861
2,20,13;14,493648,493648,728,692,1254,526
2,21,3;9,493648,493648,474,446,1254,780
2,22,8;12,493648,493648,775,753,1254,479
2,23,0;4,493648,493648,301,261,1254,953
2,24,1;2,493648,493648,849,819,1254,405
2,25,0;14,493648,493648,435,408,1254,819
2,26,12;13,493648,493648,408,380,1254,846
2,27,3;13,493648,493648,430,397,1254,824
2,28,12;13,493648,493648,642,620,1254,612
2,29,0;2,493648,493648,1244,1213,1254,10
3,0,4;6,2221416,2221416,58,19,1254,1196
3,1,2;10,987296,987296,52,22,1254,1202
3,2,0;6,2221416,2221416,100,69,1254,1154
3,3,2;6,740472,740472,79,54,1254,1175
3,4,2;10,2468240,2468240,78,38,1254,1176
3,5,2;6,493648,493648,54,44,1254,1200
3,6,0;4,2961888,2961888,61,31,1254,1193
3,7,0;2,740472,740472,78,49,1254,1176
3,8,4;10,1480944,1480944,70,30,1254,1184
3,9,2;6,493648,493648,93,82,1254,1161
3,10,4;13,1234120,1234120,40,28,1254,1214
3,11,6;8,1234120,1234120,124,87,1254,1130
3,12,4;10,493648,493648,78,68,1254,1176
3,13,6;10,1480944,1480944,79,43,1254,1175
3,14,4;13,1480944,1480944,115,74,1254,1139
3,15,0;14,493648,493648,642,620,1254,612
3,16,7;11,493648,493648,1204,1173,1254,50
3,17,6;11,493648,493648,707,681,1254,547
3,18,4;14,493648,493648,649,613,1254,605
3,19,8;14,493648,493648,393,352,1254,861
3,20,11;13,493648,493648,729,692,1254,525
3,21,3;6,493648,493648,472,446,1254,782
3,22,6;8,493648,493648,775,753,1254,479
3,23,0;4,493648,493648,301,261,1254,953
3,24,0;1,493648,493648,849,819,1254,405
3,25,0;14,493648,493648,435,408,1254,819
3,26,8;13,493648,493648,408,380,1254,846
3,27,0;2,493648,493648,430,397,1254,824
3,28,1;13,493648,493648,643,620,1254,611
3,29,4;6,493648,493648,1245,1213,1254,9
4,0,2;7,2715064,2715064,50,19,1256,1206
4,1,0;6,987296,987296,56,22,1256,1200
4,2,5;7,1974592,1974592,106,69,1256,1150
4,3,6;7,987296,987296,85,54,1256,1171
4,4,0;14,740472,740472,81,38,1256,1175
4,5,0;7,987296,987296,79,44,1256,1177
4,6,2;7,1480944,1480944,69,31,1256,1187
4,7,10;14,2961888,2961888,78,49,1256,1178
4,8,7;14,493648,493648,38,30,1256,1218
4,9,10;11,740472,740472,110,82,1256,1146
4,10,7;12,1234120,1234120,50,28,1256,1206
4,11,7;14,1234120,1234120,118,87,1256,1138
4,12,0;6,987296,987296,102,68,1256,1154
4,13,7;14,987296,987296,79,43,1256,1177
4,14,7;8,2221416,2221416,115,74,1256,1141
4,15,2;10,493648,493648,641,620,1256,615
4,16,7;11,493648,493648,1204,1173,1256,52
4,17,11;13,493648,493648,707,681,1256,549
4,18,5;12,493648,493648,648,613,1256,608
4,19,4;14,493648,493648,395,352,1256,861
4,20,13;14,493648,493648,728,692,1256,528
4,21,3;9,493648,493648,474,446,1256,782
4,22,7;10,493648,493648,775,753,1256,481
4,23,2;6,493648,493648,299,261,1256,957
4,24,0;1,493648,493648,849,819,1256,407
4,25,0;2,493648,493648,435,408,1256,821
4,26,0;2,493648,493648,408,380,1256,848
4,27,1;3,493648,493648,431,397,1256,825
4,28,0;14,493648,493648,642,620,1256,614
4,29,0;14,493648,493648,1244,1213,1256,12
5,0,6;12,987296,987296,58,19,1254,1196
5,1,5;11,987296,987296,52,22,1254,1202
5,2,4;6,2468240,2468240,106,69,1254,1148
5,3,2;6,740472,740472,79,54,1254,1175
5,4,5;12,740472,740472,49,38,1254,1205
5,5,2;7,2221416,2221416,79,44,1254,1175
5,6,5;11,2221416,2221416,66,31,1254,1188
5,7,5;12,1480944,1480944,78,49,1254,1176
5,8,7;14,987296,987296,40,30,1254,1214
5,9,2;14,493648,493648,93,82,1254,1161
5,10,7;8,987296,987296,69,28,1254,1185
5,11,7;8,1727768,1727768,118,87,1254,1136
5,12,5;14,1974592,1974592,90,68,1254,1164
5,13,6;12,1234120,1234120,76,43,1254,1178
5,14,12;13,1974592,1974592,115,74,1254,1139
5,15,11;14,493648,493648,643,620,1254,611
5,16,7;11,493648,493648,1204,1173,1254,50
5,17,6;11,493648,493648,707,681,1254,547
5,18,5;14,493648,493648,648,613,1254,606
5,19,10;14,493648,493648,393,352,1254,861
5,20,0;6,493648,493648,728,692,1254,526
5,21,3;6,493648,493648,472,446,1254,782
5,22,5;12,493648,493648,776,753,1254,478
5,23,0;2,493648,493648,300,261,1254,954
5,24,1;2,493648,493648,849,819,1254,405
5,25,2;14,493648,493648,434,408,1254,820
5,26,10;13,493648,493648,408,380,1254,846
5,27,2;13,493648,493648,430,397,1254,824
5,28,1;12,493648,493648,643,620,1254,611
5,29,2;5,493648,493648,1244,1213,1254,10
6,0,4;7,1480944,1480944,50,19,1254,1204
6,1,3;10,1234120,1234120,53,22,1254,1201
6,2,0;7,740472,740472,78,69,1254,1176
6,3,1;10,987296,987296,85,54,1254,1169
6,4,2;10,1234120,1234120,78,38,1254,1176
6,5,6;8,493648,493648,54,44,1254,1200
6,6,7;13,1234120,1234120,57,31,1254,1197
6,7,2;13,1727768,1727768,60,49,1254,1194
6,8,7;10,1727768,1727768,70,30,1254,1184
6,9,10;13,740472,740472,110,82,1254,1144
6,10,3;13,2468240,2468240,69,28,1254,1185
6,11,7;13,740472,740472,123,87,1254,1131
6,12,10;13,740472,740472,95,68,1254,1159
6,13,10;14,3455536,3455536,82,43,1254,1172
6,14,7;8,1234120,1234120,103,74,1254,1151
6,15,10;13,493648,493648,642,620,1254,612
6,16,1;14,493648,493648,1204,1173,1254,50
6,17,6;13,493648,493648,706,681,1254,548
6,18,4;11,493648,493648,649,613,1254,605
6,19,8;10,493648,493648,393,352,1254,861
6,20,8;13,493648,493648,728,692,1254,526
6,21,6;9,493648,493648,474,446,1254,780
6,22,8;10,493648,493648,775,753,1254,479
6,23,4;13,493648,493648,301,261,1254,953
6,24,0;1,493648,493648,849,819,1254,405
6,25,0;14,493648,493648,435,408,1254,819
6,26,12;13,493648,493648,408,380,1254,846
6,27,3;13,493648,493648,430,397,1254,824
6,28,1;13,493648,493648,643,620,1254,611
6,29,0;3,493648,493648,1244,1213,1254,10
7,0,2;7,2221416,2221416,58,19,1256,1198
7,1,2;6,493648,493648,34,22,1256,1222
7,2,3;9,2961888,2961888,106,69,1256,1150
7,3,6;7,1480944,1480944,79,54,1256,1177
7,4,0;12,1974592,1974592,81,38,1256,1175
7,5,0;2,493648,493648,54,44,1256,1202
7,6,2;12,2221416,2221416,61,31,1256,1195
7,7,0;12,1234120,1234120,78,49,1256,1178
7,8,3;4,740472,740472,56,30,1256,1200
7,9,2;6,740472,740472,113,82,1256,1143
7,10,4;12,493648,493648,38,28,1256,1218
7,11,6;12,987296,987296,124,87,1256,1132
7,12,0;4,2221416,2221416,102,68,1256,1154
7,13,7;12,1480944,1480944,79,43,1256,1177
7,14,4;13,740472,740472,115,74,1256,1141
7,15,2;12,493648,493648,641,620,1256,615
7,16,7;9,493648,493648,1204,1173,1256,52
7,17,11;13,493648,493648,707,681,1256,549
7,18,4;12,493648,493648,649,613,1256,607
7,19,4;14,493648,493648,395,352,1256,861
7,20,11;13,493648,493648,729,692,1256,527
7,21,3;6,493648,493648,472,446,1256,784
7,22,3;6,493648,493648,775,753,1256,481
7,23,0;2,493648,493648,300,261,1256,956
7,24,2;28,493648,493648,849,819,1256,407
7,25,0;2,493648,493648,435,408,1256,821
7,26,2;8,493648,493648,406,380,1256,850
7,27,0;2,493648,493648,430,397,1256,826
7,28,0;13,740472,740472,650,620,1256,606
7,29,4;6,493648,493648,1245,1213,1256,11
8,0,6;12,2468240,2468240,55,19,1254,1199
8,1,0;3,987296,987296,56,22,1254,1198
8,2,0;7,740472,740472,77,69,1254,1177
8,3,1;2,1480944,1480944,85,54,1254,1169
8,4,10;14,740472,740472,49,38,1254,1205
8,5,7;8,987296,987296,79,44,1254,1175
8,6,0;4,987296,987296,69,31,1254,1185
8,7,10;14,2221416,2221416,78,49,1254,1176
8,8,7;14,1234120,1234120,40,30,1254,1214
8,9,10;13,740472,740472,110,82,1254,1144
8,10,3;8,2468240,2468240,69,28,1254,1185
8,11,7;8,493648,493648,98,87,1254,1156
8,12,7;13,1234120,1234120,89,68,1254,1165
8,13,10;14,1480944,1480944,82,43,1254,1172
8,14,7;12,2468240,2468240,115,74,1254,1139
8,15,0;10,493648,493648,642,620,1254,612
8,16,5;7,493648,493648,1203,1173,1254,51
8,17,6;13,493648,493648,706,681,1254,548
8,18,5;14,493648,493648,648,613,1254,606
8,19,10;14,493648,493648,393,352,1254,861
8,20,0;14,493648,493648,728,692,1254,526
8,21,3;9,493648,493648,474,446,1254,780
8,22,7;10,493648,493648,775,753,1254,479
8,23,6;13,493648,493648,300,261,1254,954
8,24,0;1,493648,493648,849,819,1254,405
8,25,0;14,493648,493648,435,408,1254,819
8,26,0;10,493648,493648,408,380,1254,846
8,27,1;3,493648,493648,431,397,1254,823
8,28,12;14,493648,493648,641,620,1254,613
8,29,0;3,493648,493648,1244,1213,1254,10
9,0,2;4,1234120,1234120,52,19,1256,1204
9,1,5;10,493648,493648,35,22,1256,1221
9,2,5;6,1974592,1974592,106,69,1256,1150
9,3,9;10,987296,987296,79,54,1256,1177
9,4,5;12,1480944,1480944,81,38,1256,1175
9,5,2;6,2468240,2468240,75,44,1256,1181
9,6,5;9,1480944,1480944,66,31,1256,1190
9,7,2;5,740472,740472,58,49,1256,1198
9,8,3;10,1234120,1234120,70,30,1256,1186
9,9,11;14,1234120,1234120,95,82,1256,1161
9,10,7;12,1234120,1234120,40,28,1256,1216
9,11,13;14,1480944,1480944,123,87,1256,1133
9,12,5;10,987296,987296,90,68,1256,1166
9,13,6;9,1727768,1727768,71,43,1256,1185
9,14,8;13,1727768,1727768,104,74,1256,1152
9,15,13;14,493648,493648,642,620,1256,614
9,16,11;14,493648,493648,1204,1173,1256,52
9,17,11;13,493648,493648,707,681,1256,549
9,18,4;11,493648,493648,649,613,1256,607
9,19,4;8,493648,493648,395,352,1256,861
9,20,6;8,493648,493648,727,692,1256,529
9,21,3;6,493648,493648,472,446,1256,784
9,22,5;12,493648,493648,776,753,1256,480
9,23,2;4,493648,493648,301,261,1256,955
9,24,2;28,493648,493648,849,819,1256,407
9,25,0;2,493648,493648,435,408,1256,821
9,26,5;13,493648,493648,408,380,1256,848
9,27,0;2,493648,493648,430,397,1256,826
9,28,0;5,740472,740472,650,620,1256,606
9,29,5;14,493648,493648,1244,1213,1256,12
10,0,6;7,1480944,1480944,58,19,1254,1196
10,1,6;8,1234120,1234120,53,22,1254,1201
10,2,3;4,740472,740472,98,69,1254,1156
10,3,6;8,987296,987296,85,54,1254,1169
10,4,2;8,740472,740472,48,38,1254,1206
10,5,0;8,740472,740472,79,44,1254,1175
10,6,7;13,2961888,2961888,61,31,1254,1193
10,7,8;13,1480944,1480944,78,49,1254,1176
10,8,4;7,2961888,2961888,64,30,1254,1190
10,9,6;13,740472,740472,110,82,1254,1144
10,10,8;13,740472,740472,69,28,1254,1185
10,11,6;8,740472,740472,110,87,1254,1144
10,12,6;8,1234120,1234120,102,68,1254,1152
10,13,7;12,2468240,2468240,82,43,1254,1172
10,14,4;7,987296,987296,115,74,1254,1139
10,15,8;11,493648,493648,643,620,1254,611
10,16,1;7,493648,493648,1204,1173,1254,50
10,17,6;13,493648,493648,706,681,1254,548
10,18,5;12,493648,493648,648,613,1254,606
10,19,10;14,493648,493648,393,352,1254,861
10,20,8;13,493648,493648,728,692,1254,526
10,21,6;9,493648,493648,474,446,1254,780
10,22,6;8,493648,493648,775,753,1254,479
10,23,0;13,493648,493648,300,261,1254,954
10,24,0;1,493648,493648,849,819,1254,405
10,25,0;14,493648,493648,435,408,1254,819
10,26,8;12,493648,493648,407,380,1254,847
10,27,3;13,493648,493648,430,397,1254,824
10,28,1;13,493648,493648,643,620,1254,611
10,29,2;6,493648,493648,1243,1213,1254,11
11,0,1;12,2961888,2961888,55,19,1254,1199
11,1,0;3,987296,987296,56,22,1254,1198
11,2,0;7,1727768,1727768,95,69,1254,1159
11,3,1;7,1974592,1974592,83,54,1254,1171
11,4,0;3,1234120,1234120,78,38,1254,1176
11,5,7;8,740472,740472,74,44,1254,1180
11,6,0;2,1234120,1234120,69,31,1254,1185
11,7,0;14,1480944,1480944,60,49,1254,1194
11,8,3;14,1727768,1727768,70,30,1254,1184
11,9,2;8,740472,740472,113,82,1254,1141
11,10,3;4,740472,740472,38,28,1254,1216
11,11,7;12,740472,740472,113,87,1254,1141
11,12,0;14,987296,987296,89,68,1254,1165
11,13,10;14,493648,493648,52,43,1254,1202
11,14,8;12,1727768,1727768,115,74,1254,1139
11,15,0;2,493648,493648,642,620,1254,612
11,16,5;9,493648,493648,1204,1173,1254,50
11,17,6;11,493648,493648,707,681,1254,547
11,18,4;14,493648,493648,649,613,1254,605
11,19,8;14,493648,493648,393,352,1254,861
11,20,0;8,493648,493648,728,692,1254,526
11,21,3;6,493648,493648,472,446,1254,782
11,22,3;8,493648,493648,774,753,1254,480
11,23,4;6,493648,493648,301,261,1254,953
11,24,1;28,493648,493648,849,819,1254,405
11,25,2;14,493648,493648,434,408,1254,820
11,26,0;2,493648,493648,408,380,1254,846
11,27,0;1,493648,493648,431,397,1254,823
11,28,0;12,740472,740472,650,620,1254,604
11,29,0;3,493648,493648,1244,1213,1254,10
12,0,2;7,987296,987296,58,19,1254,1196
12,1,2;11,987296,987296,53,22,1254,1201
12,2,5;9,1974592,1974592,106,69,1254,1148
12,3,2;9,987296,987296,85,54,1254,1169
12,4,8;10,740472,740472,70,38,1254,1184
12,5,2;6,1480944,1480944,79,44,1254,1175
12,6,3;11,1480944,1480944,66,31,1254,1188
12,7,8;12,1480944,1480944,78,49,1254,1176
12,8,10;11,2221416,2221416,70,30,1254,1184
12,9,8;10,1480944,1480944,110,82,1254,1144
12,10,7;12,1974592,1974592,69,28,1254,1185
12,11,8;13,1727768,1727768,124,87,1254,1130
12,12,7;8,987296,987296,89,68,1254,1165
12,13,6;9,1234120,1234120,68,43,1254,1186
12,14,8;13,740472,740472,100,74,1254,1154
12,15,10;12,493648,493648,641,620,1254,613
12,16,1;7,493648,493648,1204,1173,1254,50
12,17,11;13,493648,493648,707,681,1254,547
12,18,5;11,493648,493648,649,613,1254,605
12,19,8;10,493648,493648,393,352,1254,861
12,20,6;11,493648,493648,729,692,1254,525
12,21,6;9,493648,493648,474,446,1254,780
12,22,7;10,493648,493648,775,753,1254,479
12,23,0;2,493648,493648,300,261,1254,954
12,24,2;28,493648,493648,849,819,1254,405
12,25,0;14,493648,493648,435,408,1254,819
12,26,5;8,493648,493648,408,380,1254,846
12,27,2;3,493648,493648,428,397,1254,826
12,28,1;5,740472,740472,650,620,1254,604
12,29,4;5,493648,493648,1245,1213,1254,9
13,0,4;5,1727768,1727768,58,19,1256,1198
13,1,5;10,987296,987296,56,22,1256,1200
13,2,4;6,740472,740472,94,69,1256,1162
13,3,4;10,740472,740472,79,54,1256,1177
13,4,5;12,2468240,2468240,81,38,1256,1175
13,5,0;8,1974592,1974592,74,44,1256,1182
13,6,4;12,1234120,1234120,57,31,1256,1199
13,7,5;10,987296,987296,60,49,1256,1196
13,8,4;5,740472,740472,40,30,1256,1216
13,9,5;14,493648,493648,94,82,1256,1162
13,10,3;8,1974592,1974592,69,28,1256,1187
13,11,7;14,493648,493648,98,87,1256,1158
13,12,4;10,1974592,1974592,102,68,1256,1154
13,13,10;12,1480944,1480944,82,43,1256,1174
13,14,4;7,2221416,2221416,109,74,1256,1147
13,15,13;14,493648,493648,642,620,1256,614
13,16,5;14,493648,493648,1203,1173,1256,53
13,17,6;13,493648,493648,706,681,1256,550
13,18,4;12,493648,493648,649,613,1256,607
13,19,4;10,493648,493648,395,352,1256,861
13,20,0;14,493648,493648,728,692,1256,528
13,21,3;6,493648,493648,472,446,1256,784
13,22,5;12,493648,493648,776,753,1256,480
13,23,0;13,493648,493648,300,261,1256,956
13,24,0;1,493648,493648,849,819,1256,407
13,25,0;2,493648,493648,435,408,1256,821
13,26,10;12,493648,493648,407,380,1256,849
13,27,1;13,493648,493648,431,397,1256,825
13,28,12;14,493648,493648,641,620,1256,615
13,29,0;14,493648,493648,1244,1213,1256,12
14,0,1;12,2221416,2221416,52,19,1256,1204
14,1,8;11,1727768,1727768,52,22,1256,1204
14,2,0;7,740472,740472,96,69,1256,1160
14,3,1;8,1234120,1234120,85,54,1256,1171
14,4,7;14,1234120,1234120,81,38,1256,1175
14,5,7;8,493648,493648,53,44,1256,1203
14,6,1;7,1480944,1480944,69,31,1256,1187
14,7,0;2,1974592,1974592,78,49,1256,1178
14,8,3;7,1727768,1727768,64,30,1256,1192
14,9,11;12,740472,740472,110,82,1256,1146
14,10,12;13,493648,493648,37,28,1256,1219
14,11,6;12,1480944,1480944,118,87,1256,1138
14,12,0;13,1480944,1480944,79,68,1256,1177
14,13,7;14,1727768,1727768,79,43,1256,1177
14,14,4;12,1480944,1480944,115,74,1256,1141
14,15,0;8,493648,493648,642,620,1256,614
14,16,7;11,493648,493648,1204,1173,1256,52
14,17,11;13,493648,493648,707,681,1256,549
14,18,4;14,493648,493648,649,613,1256,607
14,19,4;14,493648,493648,395,352,1256,861
14,20,8;13,493648,493648,728,692,1256,528
14,21,3;9,493648,493648,474,446,1256,782
14,22,6;8,493648,493648,775,753,1256,481
14,23,4;6,493648,493648,301,261,1256,955
14,24,1;2,493648,493648,849,819,1256,407
14,25,0;14,493648,493648,435,408,1256,821
14,26,0;13,493648,493648,408,380,1256,848
14,27,0;3,493648,493648,430,397,1256,826
14,28,0;1,493648,493648,643,620,1256,613
14,29,3;6,493648,493648,1243,1213,1256,13
15,0,2;6,740472,740472,46,19,1254,1208
15,1,3;6,493648,493648,34,22,1254,1220
15,2,3;5,2715064,2715064,106,69,1254,1148
15,3,6;7,1480944,1480944,79,54,1254,1175
15,4,2;3,740472,740472,49,38,1254,1205
15,5,2;6,2221416,2221416,79,44,1254,1175
15,6,5;9,1974592,1974592,66,31,1254,1188
15,7,13;14,1234120,1234120,60,49,1254,1194
15,8,10;14,493648,493648,38,30,1254,1216
15,9,10;13,1480944,1480944,113,82,1254,1141
15,10,4;7,1974592,1974592,69,28,1254,1185
15,11,7;13,740472,740472,123,87,1254,1131
15,12,5;6,493648,493648,77,68,1254,1177
15,13,9;10,2468240,2468240,82,43,1254,1172
15,14,9;13,1234120,1234120,115,74,1254,1139
15,15,2;10,493648,493648,641,620,1254,613
15,16,5;9,493648,493648,1204,1173,1254,50
15,17,6;13,493648,493648,706,681,1254,548
15,18,5;11,493648,493648,649,613,1254,605
15,19,10;14,493648,493648,393,352,1254,861
15,20,6;13,493648,493648,728,692,1254,526
15,21,3;9,493648,493648,474,446,1254,780
15,22,5;10,493648,493648,776,753,1254,478
15,23,2;13,493648,493648,300,261,1254,954
15,24,2;28,493648,493648,849,819,1254,405
15,25,0;2,493648,493648,435,408,1254,819
15,26,2;5,493648,493648,408,380,1254,846
15,27,2;13,493648,493648,430,397,1254,824
15,28,5;13,740472,740472,650,620,1254,604
15,29,2;5,493648,493648,1244,1213,1254,10
16,0,4;7,1234120,1234120,48,19,1256,1208
16,1,0;5,987296,987296,53,22,1256,1203
16,2,4;9,493648,493648,79,69,1256,1177
16,3,4;9,1727768,1727768,85,54,1256,1171
16,4,0;10,3455536,3455536,81,38,1256,1175
16,5,4;8,1727768,1727768,79,44,1256,1177
16,6,3;4,1234120,1234120,57,31,1256,1199
16,7,5;8,987296,987296,71,49,1256,1185
16,8,4;11,2468240,2468240,70,30,1256,1186
16,9,3;6,740472,740472,93,82,1256,1163
16,10,3;8,987296,987296,55,28,1256,1201
16,11,4;8,1234120,1234120,124,87,1256,1132
16,12,4;8,987296,987296,89,68,1256,1167
16,13,6;14,1234120,1234120,82,43,1256,1174
16,14,4;8,1234120,1234120,100,74,1256,1156
16,15,11;12,493648,493648,643,620,1256,613
16,16,1;5,493648,493648,1204,1173,1256,52
16,17,11;13,493648,493648,707,681,1256,549
16,18,4;5,493648,493648,649,613,1256,607
16,19,4;8,493648,493648,395,352,1256,861
16,20,8;11,493648,493648,729,692,1256,527
16,21,3;6,493648,493648,472,446,1256,784
16,22,3;7,493648,493648,775,753,1256,481
16,23,4;13,493648,493648,301,261,1256,955
16,24,0;1,493648,493648,849,819,1256,407
16,25,0;14,493648,493648,435,408,1256,821
16,26,8;10,493648,493648,407,380,1256,849
16,27,3;13,493648,493648,430,397,1256,826
16,28,12;14,493648,493648,641,620,1256,615
16,29,4;5,493648,493648,1245,1213,1256,11
17,0,4;5,1480944,1480944,58,19,1256,1198
17,1,2;11,740472,740472,56,22,1256,1200
17,2,4;6,1727768,1727768,96,69,1256,1160
17,3,2;10,740472,740472,79,54,1256,1177
17,4,8;12,2468240,2468240,81,38,1256,1175
17,5,0;4,1974592,1974592,74,44,1256,1182
17,6,0;13,987296,987296,55,31,1256,1201
17,7,2;12,493648,493648,57,49,1256,1199
17,8,4;5,740472,740472,40,30,1256,1216
17,9,5;8,740472,740472,110,82,1256,1146
17,10,12;13,740472,740472,37,28,1256,1219
17,11,4;13,740472,740472,101,87,1256,1155
17,12,5;14,1974592,1974592,95,68,1256,1161
17,13,6;12,2715064,2715064,79,43,1256,1177
17,14,4;13,2221416,2221416,115,74,1256,1141
17,15,13;14,493648,493648,642,620,1256,614
17,16,5;14,493648,493648,1203,1173,1256,53
17,17,6;13,493648,493648,706,681,1256,550
17,18,4;14,493648,493648,649,613,1256,607
17,19,4;14,493648,493648,395,352,1256,861
17,20,13;14,493648,493648,728,692,1256,528
17,21,3;9,493648,493648,474,446,1256,782
17,22,5;12,493648,493648,776,753,1256,480
17,23,0;4,493648,493648,301,261,1256,955
17,24,2;28,493648,493648,849,819,1256,407
17,25,0;2,493648,493648,435,408,1256,821
17,26,12;13,493648,493648,408,380,1256,848
17,27,1;13,493648,493648,431,397,1256,825
17,28,5;13,740472,740472,650,620,1256,606
17,29,0;14,493648,493648,1244,1213,1256,12
18,0,2;12,1974592,1974592,55,19,1256,1201
18,1,3;10,493648,493648,34,22,1256,1222
18,2,3;4,2468240,2468240,106,69,1256,1150
18,3,4;8,1727768,1727768,83,54,1256,1173
18,4,2;3,2221416,2221416,81,38,1256,1175
18,5,4;8,493648,493648,55,44,1256,1201
18,6,2;12,987296,987296,61,31,1256,1195
18,7,10;13,740472,740472,78,49,1256,1178
18,8,3;4,1480944,1480944,64,30,1256,1192
18,9,2;13,493648,493648,94,82,1256,1162
18,10,3;7,1480944,1480944,69,28,1256,1187
18,11,4;12,987296,987296,118,87,1256,1138
18,12,10;13,1974592,1974592,102,68,1256,1154
18,13,7;12,987296,987296,68,43,1256,1188
18,14,4;12,740472,740472,100,74,1256,1156
18,15,2;8,493648,493648,640,620,1256,616
18,16,7;11,493648,493648,1204,1173,1256,52
18,17,11;13,493648,493648,707,681,1256,549
18,18,4;12,493648,493648,649,613,1256,607
18,19,4;10,493648,493648,395,352,1256,861
18,20,0;8,493648,493648,728,692,1256,528
18,21,3;6,493648,493648,472,446,1256,784
18,22,8;10,493648,493648,775,753,1256,481
18,23,2;4,493648,493648,301,261,1256,955
18,24,0;2,493648,493648,848,819,1256,408
18,25,0;14,493648,493648,435,408,1256,821
18,26,0;2,493648,493648,408,380,1256,848
18,27,0;2,493648,493648,430,397,1256,826
18,28,0;12,493648,493648,642,620,1256,614
18,29,3;6,493648,493648,1243,1213,1256,13
19,0,4;7,1727768,1727768,48,19,1254,1206
19,1,8;11,987296,987296,52,22,1254,1202
19,2,0;7,1234120,1234120,100,69,1254,1154
19,3,7;9,740472,740472,85,54,1254,1169
19,4,12;14,740472,740472,49,38,1254,1205
19,5,2;7,987296,987296,79,44,1254,1175
19,6,7;11,1234120,1234120,69,31,1254,1185
19,7,0;14,2221416,2221416,71,49,1254,1183
19,8,11;14,1480944,1480944,70,30,1254,1184
19,9,12;14,1480944,1480944,113,82,1254,1141
19,10,8;12,493648,493648,36,28,1254,1218
19,11,7;14,1727768,1727768,123,87,1254,1131
19,12,0;7,1974592,1974592,95,68,1254,1159
19,13,9;14,1234120,1234120,82,43,1254,1172
19,14,7;12,2715064,2715064,115,74,1254,1139
19,15,0;12,493648,493648,642,620,1254,612
19,16,9;14,493648,493648,1204,1173,1254,50
19,17,11;13,493648,493648,707,681,1254,547
19,18,5;11,493648,493648,649,613,1254,605
19,19,8;14,493648,493648,393,352,1254,861
19,20,6;13,493648,493648,728,692,1254,526
19,21,9;28,493648,493648,474,446,1254,780
19,22,6;7,493648,493648,775,753,1254,479
19,23,6;13,493648,493648,300,261,1254,954
19,24,0;1,493648,493648,849,819,1254,405
19,25,0;14,493648,493648,435,408,1254,819
19,26,8;12,493648,493648,407,380,1254,847
19,27,2;3,493648,493648,428,397,1254,826
19,28,1;14,740472,740472,648,620,1254,606
19,29,2;5,493648,493648,1244,1213,1254,10
20,0,1;5,1234120,1234120,58,19,1254,1196
20,1,0;5,1480944,1480944,56,22,1254,1198
20,2,5;9,1480944,1480944,106,69,1254,1148
20,3,1;6,740472,740472,79,54,1254,1175
20,4,5;7,1727768,1727768,74,38,1254,1180
20,5,1;6,2961888,2961888,74,44,1254,1180
20,6,1;5,1480944,1480944,57,31,1254,1197
20,7,2;5,987296,987296,59,49,1254,1195
20,8,5;7,740472,740472,40,30,1254,1214
20,9,5;11,987296,987296,95,82,1254,1159
20,10,4;13,740472,740472,69,28,1254,1185
20,11,6;8,1480944,1480944,124,87,1254,1130
20,12,4;14,740472,740472,90,68,1254,1164
20,13,10;11,987296,987296,76,43,1254,1178
20,14,4;9,2221416,2221416,115,74,1254,1139
20,15,11;14,493648,493648,643,620,1254,611
20,16,1;5,493648,493648,1204,1173,1254,50
20,17,6;13,493648,493648,706,681,1254,548
20,18,4;14,493648,493648,649,613,1254,605
20,19,10;14,493648,493648,393,352,1254,861
20,20,11;14,493648,493648,729,692,1254,525
20,21,3;6,493648,493648,472,446,1254,782
20,22,5;12,493648,493648,776,753,1254,478
20,23,0;2,493648,493648,300,261,1254,954
20,24,2;28,493648,493648,849,819,1254,405
20,25,2;14,493648,493648,434,408,1254,820
20,26,0;5,493648,493648,408,380,1254,846
20,27,1;13,493648,493648,431,397,1254,823
20,28,0;5,740472,740472,650,620,1254,604
20,29,4;14,493648,493648,1245,1213,1254,9
21,0,6;12,2961888,2961888,58,19,1256,1198
21,1,0;10,493648,493648,35,22,1256,1221
21,2,4;6,740472,740472,96,69,1256,1160
21,3,4;10,1234120,1234120,85,54,1256,1171
21,4,0;10,1727768,1727768,81,38,1256,1175
21,5,0;12,740472,740472,79,44,1256,1177
21,6,0;3,987296,987296,41,31,1256,1215
21,7,8;10,493648,493648,57,49,1256,1199
21,8,10;12,1480944,1480944,64,30,1256,1192
21,9,3;10,987296,987296,110,82,1256,1146
21,10,3;12,2468240,2468240,55,28,1256,1201
21,11,4;12,987296,987296,118,87,1256,1138
21,12,5;10,2468240,2468240,102,68,1256,1154
21,13,6;12,740472,740472,68,43,1256,1188
21,14,8;12,1234120,1234120,115,74,1256,1141
21,15,9;10,493648,493648,643,620,1256,613
21,16,11;14,493648,493648,1204,1173,1256,52
21,17,11;13,493648,493648,707,681,1256,549
21,18,5;12,493648,493648,648,613,1256,608
21,19,4;14,493648,493648,395,352,1256,861
21,20,0;8,493648,493648,728,692,1256,528
21,21,9;28,493648,493648,474,446,1256,782
21,22,8;10,493648,493648,775,753,1256,481
21,23,0;4,493648,493648,301,261,1256,955
21,24,2;28,493648,493648,849,819,1256,407
21,25,0;14,493648,493648,435,408,1256,821
21,26,0;10,493648,493648,408,380,1256,848
21,27,0;3,493648,493648,430,397,1256,826
21,28,0;12,987296,987296,650,620,1256,606
21,29,0;12,493648,493648,1244,1213,1256,12
22,0,2;4,2715064,2715064,58,19,1256,1198
22,1,2;6,987296,987296,52,22,1256,1204
22,2,3;5,2221416,2221416,106,69,1256,1150
22,3,2;8,987296,987296,79,54,1256,1177
22,4,0;8,1234120,1234120,81,38,1256,1175
22,5,0;8,1480944,1480944,75,44,1256,1181
22,6,0;13,1727768,1727768,61,31,1256,1195
22,7,13;14,740472,740472,78,49,1256,1178
22,8,3;11,2221416,2221416,70,30,1256,1186
22,9,2;8,493648,493648,92,82,1256,1164
22,10,4;8,493648,493648,38,28,1256,1218
22,11,1;13,1234120,1234120,123,87,1256,1133
22,12,6;8,493648,493648,77,68,1256,1179
22,13,11;14,1974592,1974592,79,43,1256,1177
22,14,8;13,740472,740472,83,74,1256,1173
22,15,2;13,493648,493648,642,620,1256,614
22,16,5;7,493648,493648,1203,1173,1256,53
22,17,6;11,493648,493648,707,681,1256,549
22,18,4;11,493648,493648,649,613,1256,607
22,19,4;8,493648,493648,395,352,1256,861
22,20,0;13,493648,493648,728,692,1256,528
22,21,3;6,493648,493648,472,446,1256,784
22,22,3;5,493648,493648,776,753,1256,480
22,23,0;2,493648,493648,300,261,1256,956
22,24,0;1,493648,493648,849,819,1256,407
22,25,0;2,493648,493648,435,408,1256,821
22,26,0;13,493648,493648,408,380,1256,848
22,27,0;2,493648,493648,430,397,1256,826
22,28,0;13,493648,493648,642,620,1256,614
22,29,5;6,493648,493648,1244,1213,1256,12
23,0,7;12,740472,740472,46,19,1254,1208
23,1,3;11,987296,987296,52,22,1254,1202
23,2,6;9,2221416,2221416,98,69,1254,1156
23,3,6;9,1727768,1727768,85,54,1254,1169
23,4,2;3,1727768,1727768,74,38,1254,1180
23,5,2;4,493648,493648,55,44,1254,1199
23,6,2;4,2715064,2715064,69,31,1254,1185
23,7,2;12,1974592,1974592,71,49,1254,1183
23,8,4;12,987296,987296,56,30,1254,1198
23,9,6;12,1234120,1234120,113,82,1254,1141
23,10,3;7,740472,740472,69,28,1254,1185
23,11,7;12,740472,740472,101,87,1254,1153
23,12,6;13,1727768,1727768,79,68,1254,1175
23,13,6;7,1727768,1727768,82,43,1254,1172
23,14,4;7,1727768,1727768,115,74,1254,1139
23,15,2;8,493648,493648,640,620,1254,614
23,16,9;14,493648,493648,1204,1173,1254,50
23,17,6;13,493648,493648,706,681,1254,548
23,18,4;14,493648,493648,649,613,1254,605
23,19,10;14,493648,493648,393,352,1254,861
23,20,6;13,493648,493648,728,692,1254,526
23,21,6;28,493648,493648,474,446,1254,780
23,22,6;7,493648,493648,775,753,1254,479
23,23,6;13,493648,493648,300,261,1254,954
23,24,1;2,493648,493648,849,819,1254,405
23,25,0;14,493648,493648,435,408,1254,819
23,26,2;8,493648,493648,406,380,1254,848
23,27,3;13,493648,493648,430,397,1254,824
23,28,1;14,740472,740472,648,620,1254,606
23,29,2;3,493648,493648,1242,1213,1254,12
24,0,4;6,1974592,1974592,55,19,1256,1201
24,1,0;7,987296,987296,56,22,1256,1200
24,2,0;7,987296,987296,106,69,1256,1150
24,3,4;7,493648,493648,65,54,1256,1191
24,4,12;14,2221416,2221416,81,38,1256,1175
24,5,7;12,1480944,1480944,79,44,1256,1177
24,6,9;12,987296,987296,42,31,1256,1214
24,7,0;6,1480944,1480944,61,49,1256,1195
24,8,5;14,493648,493648,39,30,1256,1217
24,9,13;14,987296,987296,110,82,1256,1146
24,10,4;12,740472,740472,50,28,1256,1206
24,11,4;14,740472,740472,113,87,1256,1143
24,12,4;14,2715064,2715064,98,68,1256,1158
24,13,9;12,987296,987296,68,43,1256,1188
24,14,4;13,2961888,2961888,115,74,1256,1141
24,15,12;14,493648,493648,641,620,1256,615
24,16,1;14,493648,493648,1204,1173,1256,52
24,17,11;13,493648,493648,707,681,1256,549
24,18,4;5,493648,493648,649,613,1256,607
24,19,4;14,493648,493648,395,352,1256,861
24,20,0;14,493648,493648,728,692,1256,528
24,21,9;28,493648,493648,474,446,1256,782
24,22,10;12,493648,493648,775,753,1256,481
24,23,2;4,493648,493648,301,261,1256,955
24,24,0;28,493648,493648,849,819,1256,407
24,25,0;14,493648,493648,435,408,1256,821
24,26,5;12,493648,493648,408,380,1256,848
24,27,1;2,493648,493648,431,397,1256,825
24,28,5;12,987296,987296,650,620,1256,606
24,29,12;14,493648,493648,1243,1213,1256,13
25,0,2;7,1234120,1234120,50,19,1256,1206
25,1,2;8,987296,987296,52,22,1256,1204
25,2,3;4,3208712,3208712,106,69,1256,1150
25,3,2;10,987296,987296,79,54,1256,1177
25,4,2;3,987296,987296,81,38,1256,1175
25,5,1;2,493648,493648,57,44,1256,1199
25,6,2;7,740472,740472,57,31,1256,1199
25,7,8;14,1974592,1974592,78,49,1256,1178
25,8,7;11,1480944,1480944,70,30,1256,1186
25,9,2;13,493648,493648,94,82,1256,1162
25,10,7;13,987296,987296,55,28,1256,1201
25,11,12;13,1727768,1727768,124,87,1256,1132
25,12,0;7,987296,987296,79,68,1256,1177
25,13,10;14,1974592,1974592,82,43,1256,1174
25,14,12;13,1480944,1480944,108,74,1256,1148
25,15,0;2,493648,493648,642,620,1256,614
25,16,7;11,493648,493648,1204,1173,1256,52
25,17,11;13,493648,493648,707,681,1256,549
25,18,11;14,493648,493648,649,613,1256,607
25,19,4;8,493648,493648,395,352,1256,861
25,20,8;11,493648,493648,729,692,1256,527
25,21,3;6,493648,493648,472,446,1256,784
25,22,7;8,493648,493648,775,753,1256,481
25,23,2;13,493648,493648,300,261,1256,956
25,24,1;2,493648,493648,849,819,1256,407
25,25,2;14,493648,493648,434,408,1256,822
25,26,2;10,493648,493648,407,380,1256,849
25,27,2;13,493648,493648,430,397,1256,826
25,28,13;14,493648,493648,642,620,1256,614
25,29,0;4,493648,493648,1245,1213,1256,11
26,0,5;12,1974592,1974592,58,19,1256,1198
26,1,6;11,493648,493648,36,22,1256,1220
26,2,4;6,740472,740472,96,69,1256,1160
26,3,6;8,987296,987296,85,54,1256,1171
26,4,0;7,987296,987296,81,38,1256,1175
26,5,0;6,2221416,2221416,79,44,1256,1177
26,6,3;11,2468240,2468240,69,31,1256,1187
26,7,5;10,1234120,1234120,60,49,1256,1196
26,8,10;12,1480944,1480944,70,30,1256,1186
26,9,10;11,1234120,1234120,113,82,1256,1143
26,10,3;12,1480944,1480944,49,28,1256,1207
26,11,6;7,1480944,1480944,110,87,1256,1146
26,12,5;10,1480944,1480944,102,68,1256,1154
26,13,6;11,740472,740472,68,43,1256,1188
26,14,7;9,740472,740472,100,74,1256,1156
26,15,10;11,493648,493648,643,620,1256,613
26,16,5;9,493648,493648,1204,1173,1256,52
26,17,6;13,493648,493648,706,681,1256,550
26,18,5;12,493648,493648,648,613,1256,608
26,19,4;8,493648,493648,395,352,1256,861
26,20,6;8,493648,493648,727,692,1256,529
26,21,9;28,493648,493648,474,446,1256,782
26,22,5;8,493648,493648,776,753,1256,480
26,23,0;6,493648,493648,300,261,1256,956
26,24,2;28,493648,493648,849,819,1256,407
26,25,0;14,493648,493648,435,408,1256,821
26,26,0;12,493648,493648,408,380,1256,848
26,27,0;3,493648,493648,430,397,1256,826
26,28,0;5,987296,987296,650,620,1256,606
26,29,5;6,493648,493648,1244,1213,1256,12
27,0,1;2,1480944,1480944,58,19,1254,1196
27,1,5;10,1727768,1727768,52,22,1254,1202
27,2,0;7,1974592,1974592,100,69,1254,1154
27,3,1;7,1234120,1234120,79,54,1254,1175
27,4,5;10,1727768,1727768,78,38,1254,1176
27,5,4;8,1234120,1234120,57,44,1254,1197
27,6,0;5,493648,493648,41,31,1254,1213
27,7,2;13,987296,987296,78,49,1254,1176
27,8,3;4,1480944,1480944,40,30,1254,1214
27,9,2;5,740472,740472,105,82,1254,1149
27,10,4;8,987296,987296,69,28,1254,1185
27,11,1;8,740472,740472,113,87,1254,1141
27,12,4;13,1234120,1234120,98,68,1254,1156
27,13,7;12,1480944,1480944,79,43,1254,1175
27,14,4;8,1480944,1480944,115,74,1254,1139
27,15,9;13,493648,493648,643,620,1254,611
27,16,7;14,493648,493648,1202,1173,1254,52
27,17,11;13,493648,493648,707,681,1254,547
27,18,4;14,493648,493648,649,613,1254,605
27,19,10;14,493648,493648,393,352,1254,861
27,20,13;14,493648,493648,728,692,1254,526
27,21,3;28,493648,493648,474,446,1254,780
27,22,3;12,493648,493648,775,753,1254,479
27,23,0;4,493648,493648,301,261,1254,953
27,24,1;2,493648,493648,849,819,1254,405
27,25,0;2,493648,493648,435,408,1254,819
27,26,2;13,493648,493648,408,380,1254,846
27,27,0;2,493648,493648,430,397,1254,824
27,28,1;12,740472,740472,648,620,1254,606
27,29,2;12,493648,493648,1243,1213,1254,11
28,0,4;12,1727768,1727768,55,19,1254,1199
28,1,2;3,493648,493648,33,22,1254,1221
28,2,0;5,1480944,1480944,106,69,1254,1148
28,3,2;9,740472,740472,65,54,1254,1189
28,4,12;14,987296,987296,70,38,1254,1184
28,5,2;12,1727768,1727768,79,44,1254,1175
28,6,12;13,987296,987296,57,31,1254,1197
28,7,8;12,493648,493648,57,49,1254,1197
28,8,5;14,1234120,1234120,70,30,1254,1184
28,9,3;12,740472,740472,110,82,1254,1144
28,10,12;13,740472,740472,69,28,1254,1185
28,11,12;14,740472,740472,123,87,1254,1131
28,12,6;14,3702360,3702360,98,68,1254,1156
28,13,12;14,1727768,1727768,82,43,1254,1172
28,14,12;13,2221416,2221416,103,74,1254,1151
28,15,12;14,493648,493648,641,620,1254,613
28,16,5;14,493648,493648,1203,1173,1254,51
28,17,6;13,493648,493648,706,681,1254,548
28,18,5;11,493648,493648,649,613,1254,605
28,19,8;10,493648,493648,393,352,1254,861
28,20,0;8,493648,493648,728,692,1254,526
28,21,6;9,493648,493648,474,446,1254,780
28,22,5;12,493648,493648,776,753,1254,478
28,23,2;13,493648,493648,300,261,1254,954
28,24,0;2,493648,493648,848,819,1254,406
28,25,0;14,493648,493648,435,408,1254,819
28,26,5;12,493648,493648,408,380,1254,846
28,27,0;13,493648,493648,430,397,1254,824
28,28,12;14,493648,493648,641,620,1254,613
28,29,4;12,493648,493648,1245,1213,1254,9
29,0,2;7,1234120,1234120,58,19,1256,1198
29,1,8;11,987296,987296,56,22,1256,1200
29,2,7;9,2715064,2715064,106,69,1256,1150
29,3,4;8,1234120,1234120,83,54,1256,1173
29,4,2;8,1727768,1727768,81,38,1256,1175
29,5,2;7,740472,740472,66,44,1256,1190
29,6,2;4,987296,987296,55,31,1256,1201
29,7,2;14,1727768,1727768,58,49,1256,1198
29,8,11;12,2221416,2221416,56,30,1256,1200
29,9,8;14,1234120,1234120,113,82,1256,1143
29,10,3;7,493648,493648,37,28,1256,1219
29,11,4;12,1234120,1234120,113,87,1256,1143
29,12,7;8,987296,987296,79,68,1256,1177
29,13,7;9,493648,493648,55,43,1256,1201
29,14,9;12,2221416,2221416,115,74,1256,1141
29,15,2;8,493648,493648,640,620,1256,616
29,16,9;14,493648,493648,1204,1173,1256,52
29,17,6;11,493648,493648,707,681,1256,549
29,18,4;14,493648,493648,649,613,1256,607
29,19,4;14,493648,493648,395,352,1256,861
29,20,0;14,493648,493648,728,692,1256,528
29,21,3;28,493648,493648,474,446,1256,782
29,22,6;8,493648,493648,775,753,1256,481
29,23,0;2,493648,493648,300,261,1256,956
29,24,1;28,493648,493648,849,819,1256,407
29,25,0;2,493648,493648,435,408,1256,821
29,26,2;8,493648,493648,406,380,1256,850
29,27,1;2,493648,493648,431,397,1256,825
29,28,5;14,987296,987296,650,620,1256,606
29,29,3;14,493648,493648,1243,1213,1256,13
30,0,6;12,2715064,2715064,58,19,1254,1196
30,1,0;7,987296,987296,53,22,1254,1201
30,2,0;4,493648,493648,78,69,1254,1176
30,3,9;10,987296,987296,85,54,1254,1169
30,4,7;12,987296,987296,48,38,1254,1206
30,5,0;12,493648,493648,54,44,1254,1200
30,6,1;12,1974592,1974592,66,31,1254,1188
30,7,0;12,1727768,1727768,61,49,1254,1193
30,8,3;7,740472,740472,70,30,1254,1184
30,9,6;12,987296,987296,93,82,1254,1161
30,10,9;12,1974592,1974592,69,28,1254,1185
30,11,6;7,1480944,1480944,124,87,1254,1130
30,12,0;10,2961888,2961888,102,68,1254,1152
30,13,10;11,1480944,1480944,82,43,1254,1172
30,14,4;7,740472,740472,100,74,1254,1154
30,15,0;10,493648,493648,642,620,1254,612
30,16,1;11,493648,493648,1204,1173,1254,50
30,17,6;13,493648,493648,706,681,1254,548
30,18,11;12,493648,493648,649,613,1254,605
30,19,8;10,493648,493648,393,352,1254,861
30,20,6;11,493648,493648,729,692,1254,525
30,21,6;28,493648,493648,474,446,1254,780
30,22,10;12,493648,493648,775,753,1254,479
30,23,0;13,493648,493648,300,261,1254,954
30,24,0;28,493648,493648,849,819,1254,405
30,25,0;14,493648,493648,435,408,1254,819
30,26,10;12,493648,493648,407,380,1254,847
30,27,3;13,493648,493648,430,397,1254,824
30,28,12;13,987296,987296,650,620,1254,604
30,29,0;12,493648,493648,1244,1213,1254,10
31,0,2;5,1974592,1974592,55,19,1256,1201
31,1,2;5,740472,740472,45,22,1256,1211
31,2,3;7,3702360,3702360,106,69,1256,1150
31,3,2;7,493648,493648,63,54,1256,1193
31,4,0;2,987296,987296,81,38,1256,1175
31,5,1;2,2221416,2221416,79,44,1256,1177
31,6,2;9,987296,987296,69,31,1256,1187
31,7,2;6,1727768,1727768,78,49,1256,1178
31,8,5;11,1234120,1234120,70,30,1256,1186
31,9,2;11,987296,987296,110,82,1256,1146
31,10,4;7,493648,493648,38,28,1256,1218
31,11,8;13,1234120,1234120,113,87,1256,1143
31,12,5;14,740472,740472,77,68,1256,1179
31,13,7;12,1234120,1234120,68,43,1256,1188
31,14,8;13,987296,987296,108,74,1256,1148
31,15,2;11,493648,493648,643,620,1256,613
31,16,5;7,493648,493648,1203,1173,1256,53
31,17,11;13,493648,493648,707,681,1256,549
31,18,5;14,493648,493648,648,613,1256,608
31,19,4;8,493648,493648,395,352,1256,861
31,20,0;8,493648,493648,728,692,1256,528
31,21,9;28,493648,493648,474,446,1256,782
31,22,5;7,493648,493648,776,753,1256,480
31,23,2;6,493648,493648,299,261,1256,957
31,24,2;28,493648,493648,849,819,1256,407
31,25,0;2,493648,493648,435,408,1256,821
31,26,0;2,493648,493648,408,380,1256,848
31,27,0;2,493648,493648,430,397,1256,826
31,28,0;1,987296,987296,650,620,1256,606
31,29,2;5,493648,493648,1244,1213,1256,12
32,0,1;12,740472,740472,46,19,1254,1208
32,1,10;11,1974592,1974592,56,22,1254,1198
32,2,5;6,987296,987296,100,69,1254,1154
32,3,1;6,740472,740472,79,54,1254,1175
32,4,10;12,1727768,1727768,78,38,1254,1176
32,5,8;12,2221416,2221416,79,44,1254,1175
32,6,7;11,1974592,1974592,61,31,1254,1193
32,7,5;10,740472,740472,58,49,1254,1196
32,8,4;10,1234120,1234120,51,30,1254,1203
32,9,5;10,493648,493648,94,82,1254,1160
32,10,8;12,1727768,1727768,69,28,1254,1185
32,11,4;12,987296,987296,101,87,1254,1153
32,12,4;8,2468240,2468240,95,68,1254,1159
32,13,6;14,1234120,1234120,82,43,1254,1172
32,14,4;12,1974592,1974592,115,74,1254,1139
32,15,12;14,493648,493648,641,620,1254,613
32,16,1;14,493648,493648,1204,1173,1254,50
32,17,6;13,493648,493648,706,681,1254,548
32,18,4;5,493648,493648,649,613,1254,605
32,19,10;14,493648,493648,393,352,1254,861
32,20,13;14,493648,493648,728,692,1254,526
32,21,3;6,493648,493648,472,446,1254,782
32,22,5;8,493648,493648,776,753,1254,478
32,23,4;13,493648,493648,301,261,1254,953
32,24,1;2,493648,493648,849,819,1254,405
32,25,0;14,493648,493648,435,408,1254,819
32,26,5;12,493648,493648,408,380,1254,846
32,27,1;2,493648,493648,431,397,1254,823
32,28,5;12,493648,493648,642,620,1254,612
32,29,1;6,493648,493648,1245,1213,1254,9
33,0,2;4,1480944,1480944,55,19,1254,1199
33,1,2;3,987296,987296,53,22,1254,1201
33,2,3;9,2961888,2961888,106,69,1254,1148
33,3,2;9,2221416,2221416,85,54,1254,1169
33,4,3;14,740472,740472,49,38,1254,1205
33,5,2;6,493648,493648,54,44,1254,1200
33,6,0;3,987296,987296,41,31,1254,1213
33,7,2;13,493648,493648,58,49,1254,1196
33,8,11;14,493648,493648,40,30,1254,1214
33,9,3;13,987296,987296,110,82,1254,1144
33,10,3;13,740472,740472,69,28,1254,1185
33,11,1;14,1234120,1234120,113,87,1254,1141
33,12,6;13,987296,987296,102,68,1254,1152
33,13,11;12,3208712,3208712,82,43,1254,1172
33,14,11;13,2221416,2221416,115,74,1254,1139
33,15,2;13,493648,493648,642,620,1254,612
33,16,1;14,493648,493648,1204,1173,1254,50
33,17,11;13,493648,493648,707,681,1254,547
33,18,12;14,493648,493648,647,613,1254,607
33,19,10;14,493648,493648,393,352,1254,861
33,20,0;13,493648,493648,728,692,1254,526
33,21,3;9,493648,493648,474,446,1254,780
33,22,3;12,493648,493648,775,753,1254,479
33,23,2;13,493648,493648,300,261,1254,954
33,24,0;2,493648,493648,848,819,1254,406
33,25,0;2,493648,493648,435,408,1254,819
33,26,2;13,493648,493648,408,380,1254,846
33,27,3;13,493648,493648,430,397,1254,824
33,28,13;14,493648,493648,642,620,1254,612
33,29,2;14,493648,493648,1243,1213,1254,11
34,0,6;7,2221416,2221416,58,19,1254,1196
34,1,5;6,493648,493648,35,22,1254,1219
34,2,0;7,1234120,1234120,100,69,1254,1154
34,3,7;8,740472,740472,83,54,1254,1171
34,4,5;6,493648,493648,49,38,1254,1205
34,5,7;12,2221416,2221416,79,44,1254,1175
34,6,5;12,2961888,2961888,69,31,1254,1185
34,7,8;12,2468240,2468240,78,49,1254,1176
34,8,5;10,1727768,1727768,70,30,1254,1184
34,9,2;12,493648,493648,93,82,1254,1161
34,10,7;12,1234120,1234120,69,28,1254,1185
34,11,6;7,987296,987296,123,87,1254,1131
34,12,0;10,2715064,2715064,98,68,1254,1156
34,13,6;10,493648,493648,53,43,1254,1201
34,14,7;12,740472,740472,100,74,1254,1154
34,15,0;8,493648,493648,642,620,1254,612
34,16,5;7,493648,493648,1203,1173,1254,51
34,17,6;11,493648,493648,707,681,1254,547
34,18,5;11,493648,493648,649,613,1254,605
34,19,8;10,493648,493648,393,352,1254,861
34,20,0;6,493648,493648,728,692,1254,526
34,21,6;28,493648,493648,474,446,1254,780
34,22,6;12,493648,493648,775,753,1254,479
34,23,0;6,493648,493648,300,261,1254,954
34,24,2;28,493648,493648,849,819,1254,405
34,25,0;14,493648,493648,435,408,1254,819
34,26,8;12,493648,493648,407,380,1254,847
34,27,0;2,493648,493648,430,397,1254,824
34,28,5;12,987296,987296,650,620,1254,604
34,29,3;12,493648,493648,1243,1213,1254,11
35,0,4;12,1234120,1234120,55,19,1256,1201
35,1,3;8,493648,493648,33,22,1256,1223
35,2,4;9,1480944,1480944,100,69,1256,1156
35,3,4;9,1727768,1727768,85,54,1256,1171
35,4,8;12,3455536,3455536,81,38,1256,1175
35,5,4;9,987296,987296,72,44,1256,1184
35,6,2;4,740472,740472,55,31,1256,1201
35,7,4;14,493648,493648,59,49,1256,1197
35,8,3;12,1480944,1480944,64,30,1256,1192
35,9,8;14,2468240,2468240,113,82,1256,1143
35,10,3;9,493648,493648,39,28,1256,1217
35,11,4;12,493648,493648,100,87,1256,1156
35,12,4;14,2715064,2715064,102,68,1256,1154
35,13,9;12,987296,987296,82,43,1256,1174
35,14,4;9,1727768,1727768,115,74,1256,1141
35,15,9;12,493648,493648,643,620,1256,613
35,16,9;14,493648,493648,1204,1173,1256,52
35,17,6;13,493648,493648,706,681,1256,550
35,18,4;12,493648,493648,649,613,1256,607
35,19,4;14,493648,493648,395,352,1256,861
35,20,0;8,493648,493648,728,692,1256,528
35,21,3;9,493648,493648,474,446,1256,782
35,22,5;12,493648,493648,776,753,1256,480
35,23,4;13,493648,493648,301,261,1256,955
35,24,0;25,493648,493648,851,819,1256,405
35,25,0;2,740472,740472,440,408,1256,816
35,26,2;5,493648,493648,408,380,1256,848
35,27,2;3,493648,493648,428,397,1256,828
35,28,12;14,493648,493648,641,620,1256,615
35,29,4;12,493648,493648,1245,1213,1256,11
36,0,2;7,493648,493648,28,19,1254,1226
36,1,2;11,1234120,1234120,53,22,1254,1201
36,2,5;6,3702360,3702360,106,69,1254,1148
36,3,2;6,493648,493648,63,54,1254,1191
36,4,2;6,987296,987296,74,38,1254,1180
36,5,2;8,740472,740472,75,44,1254,1179
36,6,11;13,2715064,2715064,69,31,1254,1185
36,7,2;6,1234120,1234120,58,49,1254,1196
36,8,7;11,1480944,1480944,70,30,1254,1184
36,9,2;6,740472,740472,110,82,1254,1144
36,10,4;12,740472,740472,50,28,1254,1204
36,11,8;13,1727768,1727768,118,87,1254,1136
36,12,6;7,740472,740472,77,68,1254,1177
36,13,11;14,1727768,1727768,79,43,1254,1175
36,14,8;11,1974592,1974592,115,74,1254,1139
36,15,2;14,493648,493648,641,620,1254,613
36,16,1;11,493648,493648,1204,1173,1254,50
36,17,6;11,493648,493648,707,681,1254,547
36,18,4;14,493648,493648,649,613,1254,605
36,19,8;14,493648,493648,393,352,1254,861
36,20,13;14,493648,493648,728,692,1254,526
36,21,6;9,493648,493648,474,446,1254,780
36,22,8;10,493648,493648,775,753,1254,479
36,23,2;6,493648,493648,299,261,1254,955
36,24,1;2,493648,493648,849,819,1254,405
36,25,2;14,493648,493648,434,408,1254,820
36,26,2;13,493648,493648,408,380,1254,846
36,27,2;13,493648,493648,430,397,1254,824
36,28,1;13,493648,493648,643,620,1254,611
36,29,2;5,493648,493648,1244,1213,1254,10
37,0,5;12,1234120,1234120,58,19,1254,1196
37,1,7;10,987296,987296,56,22,1254,1198
37,2,3;7,987296,987296,100,69,1254,1154
37,3,8;10,987296,987296,79,54,1254,1175
37,4,10;12,493648,493648,48,38,1254,1206
37,5,7;12,740472,740472,54,44,1254,1200
37,6,1;12,1480944,1480944,66,31,1254,1188
37,7,10;12,2221416,2221416,78,49,1254,1176
37,8,12;14,1234120,1234120,70,30,1254,1184
37,9,10;12,493648,493648,93,82,1254,1161
37,10,7;8,2221416,2221416,69,28,1254,1185
37,11,12;14,987296,987296,124,87,1254,1130
37,12,8;14,3702360,3702360,102,68,1254,1152
37,13,7;12,987296,987296,82,43,1254,1172
37,14,7;12,1727768,1727768,104,74,1254,1150
37,15,10;12,493648,493648,641,620,1254,613
37,16,7;14,493648,493648,1202,1173,1254,52
37,17,6;13,740472,740472,711,681,1254,543
37,18,11;12,493648,493648,649,613,1254,605
37,19,8;10,493648,493648,393,352,1254,861
37,20,6;11,493648,493648,729,692,1254,525
37,21,3;6,493648,493648,472,446,1254,782
37,22,6;7,493648,493648,775,753,1254,479
37,23,0;13,493648,493648,300,261,1254,954
37,24,2;17,493648,493648,849,819,1254,405
37,25,0;14,493648,493648,435,408,1254,819
37,26,10;12,493648,493648,407,380,1254,847
37,27,1;2,493648,493648,431,397,1254,823
37,28,0;12,493648,493648,642,620,1254,612
37,29,12;14,493648,493648,1243,1213,1254,11
38,0,1;2,2961888,2961888,55,19,1256,1201
38,1,0;2,740472,740472,35,22,1256,1221
38,2,0;9,2468240,2468240,106,69,1256,1150
38,3,2;9,740472,740472,75,54,1256,1181
38,4,0;7,987296,987296,81,38,1256,1175
38,5,0;1,740472,740472,66,44,1256,1190
38,6,2;9,1234120,1234120,69,31,1256,1187
38,7,0;13,987296,987296,60,49,1256,1196
38,8,4;12,493648,493648,40,30,1256,1216
38,9,11;12,2468240,2468240,113,82,1256,1143
38,10,9;13,493648,493648,39,28,1256,1217
38,11,7;12,1234120,1234120,113,87,1256,1143
38,12,0;13,1974592,1974592,102,68,1256,1154
38,13,6;9,1727768,1727768,76,43,1256,1180
38,14,9;12,1727768,1727768,115,74,1256,1141
38,15,11;13,493648,493648,643,620,1256,613
38,16,9;14,493648,493648,1204,1173,1256,52
38,17,6;11,493648,493648,707,681,1256,549
38,18,12;14,493648,493648,647,613,1256,609
38,19,4;14,493648,493648,395,352,1256,861
38,20,0;14,493648,493648,728,692,1256,528
38,21,9;28,493648,493648,474,446,1256,782
38,22,3;12,493648,493648,775,753,1256,481
38,23,2;6,493648,493648,299,261,1256,957
38,24,0;2,493648,493648,848,819,1256,408
38,25,0;2,493648,493648,435,408,1256,821
38,26,0;2,493648,493648,408,380,1256,848
38,27,0;13,493648,493648,430,397,1256,826
38,28,5;14,740472,740472,648,620,1256,608
38,29,0;2,493648,493648,1244,1213,1256,12
39,0,7;12,1974592,1974592,58,19,1254,1196
39,1,0;10,740472,740472,35,22,1254,1219
39,2,0;3,1480944,1480944,100,69,1254,1154
39,3,1;7,1727768,1727768,85,54,1254,1169
39,4,2;3,1234120,1234120,74,38,1254,1180
39,5,2;12,2221416,2221416,79,44,1254,1175
39,6,0;12,1480944,1480944,61,31,1254,1193
39,7,5;12,1234120,1234120,78,49,1254,1176
39,8,5;10,1234120,1234120,70,30,1254,1184
39,9,5;13,493648,493648,94,82,1254,1160
39,10,3;12,1480944,1480944,69,28,1254,1185
39,11,4;6,493648,493648,100,87,1254,1154
39,12,5;10,2221416,2221416,98,68,1254,1156
39,13,10;12,1974592,1974592,82,43,1254,1172
39,14,4;13,740472,740472,100,74,1254,1154
39,15,0;2,493648,493648,642,620,1254,612
39,16,5;7,493648,493648,1203,1173,1254,51
39,17,6;13,740472,740472,711,681,1254,543
39,18,4;5,493648,493648,649,613,1254,605
39,19,8;10,493648,493648,393,352,1254,861
39,20,8;13,493648,493648,728,692,1254,526
39,21,3;6,493648,493648,472,446,1254,782
39,22,5;8,493648,493648,776,753,1254,478
39,23,0;13,493648,493648,300,261,1254,954
39,24,17;28,493648,493648,849,819,1254,405
39,25,0;14,493648,493648,435,408,1254,819
39,26,5;12,493648,493648,408,380,1254,846
39,27,2;3,493648,493648,428,397,1254,826
39,28,12;13,740472,740472,650,620,1254,604
39,29,6;12,493648,493648,1243,1213,1254,11
40,0,2;4,987296,987296,55,19,1254,1199
40,1,3;6,1480944,1480944,54,22,1254,1200
40,2,4;6,2221416,2221416,106,69,1254,1148
40,3,4;9,1974592,1974592,83,54,1254,1171
40,4,8;14,1974592,1974592,78,38,1254,1176
40,5,6;8,493648,493648,54,44,1254,1200
40,6,3;7,1234120,1234120,43,31,1254,1211
40,7,2;8,1727768,1727768,58,49,1254,1196
40,8,3;14,2221416,2221416,70,30,1254,1184
40,9,2;3,493648,493648,93,82,1254,1161
40,10,4;7,493648,493648,38,28,1254,1216
40,11,8;13,987296,987296,123,87,1254,1131
40,12,4;7,987296,987296,90,68,1254,1164
40,13,7;14,1727768,1727768,79,43,1254,1175
40,14,7;8,1974592,1974592,115,74,1254,1139
40,15,8;12,493648,493648,641,620,1254,613
40,16,1;14,493648,493648,1204,1173,1254,50
40,17,11;13,493648,493648,707,681,1254,547
40,18,11;14,493648,493648,649,613,1254,605
40,19,8;14,493648,493648,393,352,1254,861
40,20,0;13,493648,493648,728,692,1254,526
40,21,3;28,493648,493648,474,446,1254,780
40,22,3;12,493648,493648,775,753,1254,479
40,23,2;4,493648,493648,301,261,1254,953
40,24,1;2,493648,493648,849,819,1254,405
40,25,0;14,493648,493648,435,408,1254,819
40,26,2;8,493648,493648,406,380,1254,848
40,27,2;13,493648,493648,430,397,1254,824
40,28,1;13,740472,740472,648,620,1254,606
40,29,1;3,493648,493648,1245,1213,1254,9
41,0,4;6,1727768,1727768,55,19,1256,1201
41,1,5;11,493648,493648,36,22,1256,1220
41,2,4;6,1234120,1234120,100,69,1256,1156
41,3,4;6,1234120,1234120,83,54,1256,1173
41,4,5;12,1974592,1974592,81,38,1256,1175
41,5,2;4,1974592,1974592,79,44,1256,1177
41,6,2;5,2468240,2468240,69,31,1256,1187
41,7,6;14,740472,740472,71,49,1256,1185
41,8,5;12,740472,740472,70,30,1256,1186
41,9,12;14,740472,740472,110,82,1256,1146
41,10,3;4,740472,740472,50,28,1256,1206
41,11,1;12,1234120,1234120,118,87,1256,1138
41,12,4;6,1727768,1727768,95,68,1256,1161
41,13,6;11,987296,987296,76,43,1256,1180
41,14,11;12,1974592,1974592,108,74,1256,1148
41,15,0;14,493648,493648,642,620,1256,614
41,16,11;14,493648,493648,1204,1173,1256,52
41,17,6;13,493648,493648,706,681,1256,550
41,18,5;14,493648,493648,648,613,1256,608
41,19,4;8,493648,493648,395,352,1256,861
41,20,0;6,493648,493648,728,692,1256,528
41,21,3;9,493648,493648,474,446,1256,782
41,22,7;10,493648,493648,775,753,1256,481
41,23,4;6,493648,493648,301,261,1256,955
41,24,0;25,493648,493648,851,819,1256,405
41,25,0;2,740472,740472,440,408,1256,816
41,26,5;12,493648,493648,408,380,1256,848
41,27,2;13,493648,493648,430,397,1256,826
41,28,0;5,493648,493648,642,620,1256,614
41,29,3;14,493648,493648,1243,1213,1256,13
42,0,2;12,1974592,1974592,58,19,1254,1196
42,1,2;7,740472,740472,56,22,1254,1198
42,2,6;7,1974592,1974592,96,69,1254,1158
42,3,2;7,987296,987296,85,54,1254,1169
42,4,2;6,1480944,1480944,74,38,1254,1180
42,5,7;12,493648,493648,53,44,1254,1201
42,6,4;12,740472,740472,42,31,1254,1212
42,7,4;12,2715064,2715064,78,49,1254,1176
42,8,7;14,1234120,1234120,70,30,1254,1184
42,9,8;12,740472,740472,113,82,1254,1141
42,10,7;12,493648,493648,36,28,1254,1218
42,11,7;12,740472,740472,113,87,1254,1141
42,12,13;14,3455536,3455536,102,68,1254,1152
42,13,7;12,1480944,1480944,82,43,1254,1172
42,14,4;12,1234120,1234120,115,74,1254,1139
42,15,0;12,493648,493648,642,620,1254,612
42,16,7;9,493648,493648,1204,1173,1254,50
42,17,11;13,493648,493648,707,681,1254,547
42,18,4;12,493648,493648,649,613,1254,605
42,19,8;14,493648,493648,393,352,1254,861
42,20,0;13,493648,493648,728,692,1254,526
42,21,3;28,493648,493648,474,446,1254,780
42,22,8;12,493648,493648,775,753,1254,479
42,23,0;13,493648,493648,300,261,1254,954
42,24,0;2,493648,493648,848,819,1254,406
42,25,0;14,493648,493648,435,408,1254,819
42,26,2;13,493648,493648,408,380,1254,846
42,27,1;3,493648,493648,431,397,1254,823
42,28,0;12,740472,740472,648,620,1254,606
42,29,4;12,493648,493648,1245,1213,1254,9
43,0,5;6,1727768,1727768,58,19,1254,1196
43,1,3;6,740472,740472,45,22,1254,1209
43,2,5;9,1974592,1974592,106,69,1254,1148
43,3,9;10,1480944,1480944,75,54,1254,1179
43,4,12;14,987296,987296,51,38,1254,1203
43,5,0;9,1727768,1727768,75,44,1254,1179
43,6,0;3,2221416,2221416,57,31,1254,1197
43,7,0;5,493648,493648,58,49,1254,1196
43,8,3;4,987296,987296,70,30,1254,1184
43,9,3;6,2221416,2221416,110,82,1254,1144
43,10,3;9,740472,740472,69,28,1254,1185
43,11,4;14,987296,987296,123,87,1254,1131
43,12,5;6,987296,987296,95,68,1254,1159
43,13,6;9,493648,493648,55,43,1254,1199
43,14,9;11,1727768,1727768,109,74,1254,1145
43,15,2;9,493648,493648,643,620,1254,611
43,16,5;14,493648,493648,1203,1173,1254,51
43,17,6;11,740472,740472,711,681,1254,543
43,18,11;14,493648,493648,649,613,1254,605
43,19,8;10,493648,493648,393,352,1254,861
43,20,8;14,493648,493648,727,692,1254,527
43,21,6;9,493648,493648,474,446,1254,780
43,22,3;6,493648,493648,775,753,1254,479
43,23,0;2,493648,493648,300,261,1254,954
43,24,2;17,493648,493648,849,819,1254,405
43,25,0;2,493648,493648,435,408,1254,819
43,26,0;12,493648,493648,408,380,1254,846
43,27,0;2,493648,493648,430,397,1254,824
43,28,1;14,493648,493648,643,620,1254,611
43,29,2;5,493648,493648,1244,1213,1254,10
44,0,2;5,1480944,1480944,50,19,1254,1204
44,1,0;8,987296,987296,53,22,1254,1201
44,2,0;5,2468240,2468240,100,69,1254,1154
44,3,2;8,740472,740472,79,54,1254,1175
44,4,2;10,493648,493648,48,38,1254,1206
44,5,1;2,1727768,1727768,79,44,1254,1175
44,6,2;7,1234120,1234120,69,31,1254,1185
44,7,2;10,1480944,1480944,71,49,1254,1183
44,8,12;14,1727768,1727768,51,30,1254,1203
44,9,2;10,740472,740472,110,82,1254,1144
44,10,8;13,1974592,1974592,69,28,1254,1185
44,11,8;13,740472,740472,124,87,1254,1130
44,12,5;8,493648,493648,77,68,1254,1177
44,13,7;14,1727768,1727768,82,43,1254,1172
44,14,7;8,1974592,1974592,115,74,1254,1139
44,15,10;14,493648,493648,641,620,1254,613
44,16,1;5,493648,493648,1204,1173,1254,50
44,17,6;13,740472,740472,711,681,1254,543
44,18,5;14,493648,493648,648,613,1254,606
44,19,10;14,493648,493648,393,352,1254,861
44,20,6;11,493648,493648,729,692,1254,525
44,21,3;9,493648,493648,474,446,1254,780
44,22,7;8,493648,493648,775,753,1254,479
44,23,6;13,493648,493648,300,261,1254,954
44,24,2;17,493648,493648,849,819,1254,405
44,25,0;14,493648,493648,435,408,1254,819
44,26,2;10,493648,493648,407,380,1254,847
44,27,2;13,493648,493648,430,397,1254,824
44,28,0;5,493648,493648,642,620,1254,612
44,29,0;14,493648,493648,1244,1213,1254,10
45,0,6;12,987296,987296,55,19,1256,1201
45,1,6;10,740472,740472,56,22,1256,1200
45,2,3;6,740472,740472,94,69,1256,1162
45,3,6;9,1974592,1974592,85,54,1256,1171
45,4,6;12,1480944,1480944,81,38,1256,1175
45,5,6;12,1480944,1480944,79,44,1256,1177
45,6,11;13,3208712,3208712,61,31,1256,1195
45,7,6;13,493648,493648,58,49,1256,1198
45,8,3;10,1480944,1480944,70,30,1256,1186
45,9,5;6,987296,987296,94,82,1256,1162
45,10,3;4,1480944,1480944,40,28,1256,1216
45,11,6;12,493648,493648,98,87,1256,1158
45,12,4;10,1974592,1974592,95,68,1256,1161
45,13,6;10,1974592,1974592,82,43,1256,1174
45,14,9;13,987296,987296,103,74,1256,1153
45,15,8;13,493648,493648,642,620,1256,614
45,16,5;14,493648,493648,1203,1173,1256,53
45,17,6;13,740472,740472,711,681,1256,545
45,18,4;5,493648,493648,649,613,1256,607
45,19,4;8,493648,493648,395,352,1256,861
45,20,0;8,493648,493648,728,692,1256,528
45,21,3;6,493648,493648,472,446,1256,784
45,22,5;12,493648,493648,776,753,1256,480
45,23,4;13,493648,493648,301,261,1256,955
45,24,0;17,493648,493648,849,819,1256,407
45,25,2;14,493648,493648,434,408,1256,822
45,26,8;12,493648,493648,407,380,1256,849
45,27,1;3,493648,493648,431,397,1256,825
45,28,12;13,493648,493648,642,620,1256,614
45,29,3;6,493648,493648,1243,1213,1256,13
46,0,2;7,1234120,1234120,55,19,1254,1199
46,1,2;11,1234120,1234120,54,22,1254,1200
46,2,6;9,1727768,1727768,106,69,1254,1148
46,3,1;6,987296,987296,65,54,1254,1189
46,4,3;6,493648,493648,49,38,1254,1205
46,5,6;9,1234120,1234120,72,44,1254,1182
46,6,3;13,2468240,2468240,61,31,1254,1193
46,7,8;13,987296,987296,78,49,1254,1176
46,8,11;12,1234120,1234120,70,30,1254,1184
46,9,3;6,1480944,1480944,110,82,1254,1144
46,10,9;12,493648,493648,39,28,1254,1215
46,11,6;8,1234120,1234120,118,87,1254,1136
46,12,0;8,1480944,1480944,102,68,1254,1152
46,13,6;11,2468240,2468240,82,43,1254,1172
46,14,12;13,1234120,1234120,115,74,1254,1139
46,15,12;13,493648,493648,642,620,1254,612
46,16,7;11,493648,493648,1204,1173,1254,50
46,17,6;13,493648,493648,706,681,1254,548
46,18,12;14,493648,493648,647,613,1254,607
46,19,8;14,493648,493648,393,352,1254,861
46,20,0;13,493648,493648,728,692,1254,526
46,21,6;9,493648,493648,474,446,1254,780
46,22,5;8,493648,493648,776,753,1254,478
46,23,2;13,493648,493648,300,261,1254,954
46,24,1;25,493648,493648,851,819,1254,403
46,25,0;14,740472,740472,440,408,1254,814
46,26,2;5,493648,493648,408,380,1254,846
46,27,2;13,493648,493648,430,397,1254,824
46,28,5;13,493648,493648,642,620,1254,612
46,29,1;6,493648,493648,1245,1213,1254,9
47,0,1;4,1234120,1234120,58,19,1256,1198
47,1,5;6,987296,987296,35,22,1256,1221
47,2,1;4,987296,987296,96,69,1256,1160
47,3,4;9,987296,987296,85,54,1256,1171
47,4,5;8,2221416,2221416,81,38,1256,1175
47,5,4;8,1974592,1974592,79,44,1256,1177
47,6,1;5,740472,740472,69,31,1256,1187
47,7,5;12,493648,493648,58,49,1256,1198
47,8,5;10,1480944,1480944,70,30,1256,1186
47,9,8;12,1727768,1727768,113,82,1256,1143
47,10,8;9,740472,740472,39,28,1256,1217
47,11,4;12,1234120,1234120,113,87,1256,1143
47,12,5;7,1974592,1974592,98,68,1256,1158
47,13,10;12,1480944,1480944,76,43,1256,1180
47,14,4;11,1234120,1234120,109,74,1256,1147
47,15,9;11,493648,493648,643,620,1256,613
47,16,9;14,493648,493648,1204,1173,1256,52
47,17,11;13,493648,493648,707,681,1256,549
47,18,4;5,493648,493648,649,613,1256,607
47,19,4;8,493648,493648,395,352,1256,861
47,20,8;14,493648,493648,727,692,1256,529
47,21,9;28,493648,493648,474,446,1256,782
47,22,3;12,493648,493648,775,753,1256,481
47,23,0;6,493648,493648,300,261,1256,956
47,24,0;2,493648,493648,848,819,1256,408
47,25,0;2,493648,493648,435,408,1256,821
47,26,12;13,493648,493648,408,380,1256,848
47,27,3;13,493648,493648,430,397,1256,826
47,28,13;14,740472,740472,648,620,1256,608
47,29,5;12,493648,493648,1244,1213,1256,12
48,0,5;6,987296,987296,41,19,1256,1215
48,1,3;11,493648,493648,36,22,1256,1220
48,2,3;5,1727768,1727768,106,69,1256,1150
48,3,2;6,2715064,2715064,85,54,1256,1171
48,4,0;3,1480944,1480944,81,38,1256,1175
48,5,2;6,1234120,1234120,74,44,1256,1182
48,6,3;4,2221416,2221416,66,31,1256,1190
48,7,3;6,740472,740472,58,49,1256,1198
48,8,3;11,740472,740472,40,30,1256,1216
48,9,11;13,493648,493648,95,82,1256,1161
48,10,3;13,493648,493648,37,28,1256,1219
48,11,1;13,1480944,1480944,123,87,1256,1133
48,12,6;13,740472,740472,90,68,1256,1166
48,13,7;12,2961888,2961888,82,43,1256,1174
48,14,4;8,987296,987296,115,74,1256,1141
48,15,0;13,493648,493648,642,620,1256,614
48,16,5;11,493648,493648,1204,1173,1256,52
48,17,6;13,740472,740472,711,681,1256,545
48,18,4;11,493648,493648,649,613,1256,607
48,19,4;14,493648,493648,395,352,1256,861
48,20,6;13,493648,493648,728,692,1256,528
48,21,3;6,493648,493648,472,446,1256,784
48,22,3;12,493648,493648,775,753,1256,481
48,23,2;13,493648,493648,300,261,1256,956
48,24,2;17,493648,493648,849,819,1256,407
48,25,2;14,493648,493648,434,408,1256,822
48,26,2;13,493648,493648,408,380,1256,848
48,27,3;13,493648,493648,430,397,1256,826
48,28,5;13,493648,493648,642,620,1256,614
48,29,2;3,493648,493648,1242,1213,1256,14
49,0,2;12,493648,493648,28,19,1254,1226
49,1,2;5,740472,740472,53,22,1254,1201
49,2,5;6,3208712,3208712,106,69,1254,1148
49,3,2;6,493648,493648,63,54,1254,1191
49,4,2;12,740472,740472,48,38,1254,1206
49,5,8;12,1480944,1480944,79,44,1254,1175
49,6,2;12,1480944,1480944,57,31,1254,1197
49,7,2;12,493648,493648,57,49,1254,1197
49,8,4;12,1480944,1480944,70,30,1254,1184
49,9,2;13,493648,493648,94,82,1254,1160
49,10,12;13,493648,493648,37,28,1254,1217
49,11,8;13,493648,493648,99,87,1254,1155
49,12,8;13,3455536,3455536,102,68,1254,1152
49,13,9;14,2961888,2961888,82,43,1254,1172
49,14,12;13,1234120,1234120,115,74,1254,1139
49,15,2;13,493648,493648,642,620,1254,612
49,16,1;14,493648,493648,1204,1173,1254,50
49,17,6;13,740472,740472,711,681,1254,543
49,18,5;12,493648,493648,648,613,1254,606
49,19,8;14,493648,493648,393,352,1254,861
49,20,8;13,493648,493648,728,692,1254,526
49,21,6;28,493648,493648,474,446,1254,780
49,22,6;12,493648,493648,775,753,1254,479
49,23,2;13,493648,493648,300,261,1254,954
49,24,2;17,493648,493648,849,819,1254,405
49,25,2;14,493648,493648,434,408,1254,820
49,26,12;13,493648,493648,408,380,1254,846
49,27,2;13,493648,493648,430,397,1254,824
49,28,12;13,740472,740472,648,620,1254,606
49,29,5;12,493648,493648,1244,1213,1254,10
50,0,1;2,1727768,1727768,58,19,1256,1198
50,1,2;5,1480944,1480944,56,22,1256,1200
50,2,1;5,3455536,3455536,106,69,1256,1150
50,3,1;2,740472,740472,79,54,1256,1177
50,4,0;2,740472,740472,81,38,1256,1175
50,5,8;12,2468240,2468240,79,44,1256,1177
50,6,2;5,1480944,1480944,66,31,1256,1190
50,7,2;8,493648,493648,57,49,1256,1199
50,8,10;12,2468240,2468240,64,30,1256,1192
50,9,2;8,740472,740472,94,82,1256,1162
50,10,8;12,740472,740472,37,28,1256,1219
50,11,6;8,740472,740472,113,87,1256,1143
50,12,0;8,2221416,2221416,102,68,1256,1154
50,13,9;10,493648,493648,55,43,1256,1201
50,14,8;12,740472,740472,115,74,1256,1141
50,15,2;8,493648,493648,640,620,1256,616
50,16,1;5,493648,493648,1204,1173,1256,52
50,17,6;11,493648,493648,707,681,1256,549
50,18,5;12,493648,493648,648,613,1256,608
50,19,4;14,493648,493648,395,352,1256,861
50,20,6;8,493648,493648,727,692,1256,529
50,21,3;6,493648,493648,472,446,1256,784
50,22,5;12,493648,493648,776,753,1256,480
50,23,0;2,493648,493648,300,261,1256,956
50,24,0;2,493648,493648,848,819,1256,408
50,25,0;2,493648,493648,435,408,1256,821
50,26,8;12,493648,493648,407,380,1256,849
50,27,1;2,493648,493648,431,397,1256,825
50,28,5;12,493648,493648,642,620,1256,614
50,29,2;5,493648,493648,1244,1213,1256,12
51,0,1;2,1480944,1480944,48,19,1256,1208
51,1,2;8,1974592,1974592,56,22,1256,1200
51,2,1;6,3208712,3208712,106,69,1256,1150
51,3,1;2,740472,740472,79,54,1256,1177
51,4,0;2,740472,740472,81,38,1256,1175
51,5,8;12,987296,987296,79,44,1256,1177
51,6,2;12,1480944,1480944,69,31,1256,1187
51,7,2;8,493648,493648,57,49,1256,1199
51,8,10;12,2961888,2961888,64,30,1256,1192
51,9,2;8,493648,493648,92,82,1256,1164
51,10,8;12,740472,740472,37,28,1256,1219
51,11,1;8,740472,740472,113,87,1256,1143
51,12,0;8,2468240,2468240,102,68,1256,1154
51,13,10;14,493648,493648,52,43,1256,1204
51,14,8;12,1234120,1234120,115,74,1256,1141
51,15,2;8,493648,493648,640,620,1256,616
51,16,1;5,493648,493648,1204,1173,1256,52
51,17,6;11,493648,493648,707,681,1256,549
51,18,5;12,493648,493648,648,613,1256,608
51,19,4;14,493648,493648,395,352,1256,861
51,20,6;8,493648,493648,727,692,1256,529
51,21,3;6,493648,493648,472,446,1256,784
51,22,8;12,493648,493648,775,753,1256,481
51,23,2;6,493648,493648,299,261,1256,957
51,24,0;2,493648,493648,848,819,1256,408
51,25,0;2,493648,493648,435,408,1256,821
51,26,8;12,493648,493648,407,380,1256,849
51,27,1;2,493648,493648,431,397,1256,825
51,28,12;14,493648,493648,641,620,1256,615
51,29,1;2,493648,493648,1245,1213,1256,11
52,0,1;2,740472,740472,46,19,1256,1210
52,1,2;6,1974592,1974592,56,22,1256,1200
52,2,1;6,2961888,2961888,106,69,1256,1150
52,3,1;2,987296,987296,85,54,1256,1171
52,4,2;6,987296,987296,81,38,1256,1175
52,5,6;12,740472,740472,79,44,1256,1177
52,6,4;5,3455536,3455536,69,31,1256,1187
52,7,2;6,493648,493648,58,49,1256,1198
52,8,10;12,1727768,1727768,64,30,1256,1192
52,9,2;6,493648,493648,93,82,1256,1163
52,10,8;12,493648,493648,36,28,1256,1220
52,11,6;8,987296,987296,118,87,1256,1138
52,12,6;8,1974592,1974592,102,68,1256,1154
52,13,6;14,493648,493648,53,43,1256,1203
52,14,4;12,1234120,1234120,115,74,1256,1141
52,15,2;8,493648,493648,640,620,1256,616
52,16,1;11,493648,493648,1204,1173,1256,52
52,17,6;11,493648,493648,707,681,1256,549
52,18,5;12,493648,493648,648,613,1256,608
52,19,4;14,493648,493648,395,352,1256,861
52,20,6;8,493648,493648,727,692,1256,529
52,21,3;6,493648,493648,472,446,1256,784
52,22,6;8,493648,493648,775,753,1256,481
52,23,2;6,493648,493648,299,261,1256,957
52,24,1;2,493648,493648,849,819,1256,407
52,25,0;2,493648,493648,435,408,1256,821
52,26,8;12,493648,493648,407,380,1256,849
52,27,1;3,493648,493648,431,397,1256,825
52,28,12;14,493648,493648,641,620,1256,615
52,29,1;2,493648,493648,1245,1213,1256,11
53,0,1;2,987296,987296,46,19,1254,1208
53,1,2;8,2221416,2221416,56,22,1254,1198
53,2,1;4,2961888,2961888,106,69,1254,1148
53,3,1;4,740472,740472,79,54,1254,1175
53,4,0;2,987296,987296,78,38,1254,1176
53,5,8;12,740472,740472,79,44,1254,1175
53,6,2;12,1234120,1234120,66,31,1254,1188
53,7,2;10,493648,493648,57,49,1254,1197
53,8,10;12,2715064,2715064,70,30,1254,1184
53,9,2;10,493648,493648,93,82,1254,1161
53,10,8;12,1234120,1234120,39,28,1254,1215
53,11,1;8,987296,987296,118,87,1254,1136
53,12,6;8,2221416,2221416,102,68,1254,1152
53,13,10;14,493648,493648,52,43,1254,1202
53,14,8;12,1234120,1234120,115,74,1254,1139
53,15,2;8,493648,493648,640,620,1254,614
53,16,1;11,493648,493648,1204,1173,1254,50
53,17,6;11,493648,493648,707,681,1254,547
53,18,5;12,493648,493648,648,613,1254,606
53,19,8;14,493648,493648,393,352,1254,861
53,20,6;8,493648,493648,727,692,1254,527
53,21,3;6,493648,493648,472,446,1254,782
53,22,8;12,493648,493648,775,753,1254,479
53,23,2;4,493648,493648,301,261,1254,953
53,24,1;2,493648,493648,849,819,1254,405
53,25,0;2,493648,493648,435,408,1254,819
53,26,8;12,493648,493648,407,380,1254,847
53,27,1;2,493648,493648,431,397,1254,823
53,28,12;14,493648,493648,641,620,1254,613
53,29,1;2,493648,493648,1245,1213,1254,9
54,0,1;2,987296,987296,46,19,1256,1210
54,1,2;5,1974592,1974592,56,22,1256,1200
54,2,1;4,3208712,3208712,106,69,1256,1150
54,3,2;4,740472,740472,79,54,1256,1177
54,4,0;2,1480944,1480944,81,38,1256,1175
54,5,8;12,1480944,1480944,67,44,1256,1189
54,6,2;5,1234120,1234120,66,31,1256,1190
54,7,2;8,493648,493648,57,49,1256,1199
54,8,10;12,2715064,2715064,64,30,1256,1192
54,9,2;8,493648,493648,92,82,1256,1164
54,10,8;12,493648,493648,36,28,1256,1220
54,11,1;8,1234120,1234120,118,87,1256,1138
54,12,8;11,1974592,1974592,102,68,1256,1154
54,13,12;14,493648,493648,52,43,1256,1204
54,14,8;12,1234120,1234120,115,74,1256,1141
54,15,2;8,493648,493648,640,620,1256,616
54,16,1;11,493648,493648,1204,1173,1256,52
54,17,6;11,493648,493648,707,681,1256,549
54,18,4;12,493648,493648,649,613,1256,607
54,19,4;14,493648,493648,395,352,1256,861
54,20,6;8,493648,493648,727,692,1256,529
54,21,3;6,493648,493648,472,446,1256,784
54,22,5;8,493648,493648,776,753,1256,480
54,23,2;4,493648,493648,301,261,1256,955
54,24,1;2,493648,493648,849,819,1256,407
54,25,0;2,493648,493648,435,408,1256,821
54,26,8;12,493648,493648,407,380,1256,849
54,27,1;2,493648,493648,431,397,1256,825
54,28,5;14,493648,493648,642,620,1256,614
54,29,1;2,493648,493648,1245,1213,1256,11
55,0,1;2,1234120,1234120,58,19,1254,1196
55,1,2;8,2468240,2468240,56,22,1254,1198
55,2,1;4,3208712,3208712,106,69,1254,1148
55,3,1;2,740472,740472,79,54,1254,1175
55,4,0;2,493648,493648,49,38,1254,1205
55,5,8;12,740472,740472,67,44,1254,1187
55,6,1;2,1480944,1480944,66,31,1254,1188
55,7,2;8,493648,493648,57,49,1254,1197
55,8,10;12,3208712,3208712,70,30,1254,1184
55,9,2;8,493648,493648,92,82,1254,1162
55,10,8;12,493648,493648,36,28,1254,1218
55,11,1;8,1234120,1234120,123,87,1254,1131
55,12,6;8,2221416,2221416,102,68,1254,1152
55,13,12;14,493648,493648,52,43,1254,1202
55,14,8;12,1234120,1234120,115,74,1254,1139
55,15,2;8,493648,493648,640,620,1254,614
55,16,1;11,493648,493648,1204,1173,1254,50
55,17,6;11,493648,493648,707,681,1254,547
55,18,11;12,493648,493648,649,613,1254,605
55,19,8;14,493648,493648,393,352,1254,861
55,20,6;8,493648,493648,727,692,1254,527
55,21,3;6,493648,493648,472,446,1254,782
55,22,5;8,493648,493648,776,753,1254,478
55,23,0;2,493648,493648,300,261,1254,954
55,24,1;2,493648,493648,849,819,1254,405
55,25,0;2,493648,493648,435,408,1254,819
55,26,8;12,493648,493648,407,380,1254,847
55,27,1;2,493648,493648,431,397,1254,823
55,28,12;14,493648,493648,641,620,1254,613
55,29,1;2,493648,493648,1245,1213,1254,9
56,0,2;7,987296,987296,46,19,1254,1208
56,1,2;8,1234120,1234120,54,22,1254,1200
56,2,1;4,3208712,3208712,106,69,1254,1148
56,3,2;4,1480944,1480944,85,54,1254,1169
56,4,0;2,740472,740472,49,38,1254,1205
56,5,8;12,740472,740472,66,44,1254,1188
56,6,2;3,1480944,1480944,69,31,1254,1185
56,7,2;8,1480944,1480944,78,49,1254,1176
56,8,10;12,3208712,3208712,70,30,1254,1184
56,9,2;8,493648,493648,92,82,1254,1162
56,10,8;12,493648,493648,36,28,1254,1218
56,11,1;8,1234120,1234120,123,87,1254,1131
56,12,7;8,2221416,2221416,102,68,1254,1152
56,13,7;12,493648,493648,52,43,1254,1202
56,14,8;12,740472,740472,115,74,1254,1139
56,15,2;8,493648,493648,640,620,1254,614
56,16,7;11,493648,493648,1204,1173,1254,50
56,17,6;11,493648,493648,707,681,1254,547
56,18,11;12,493648,493648,649,613,1254,605
56,19,8;14,493648,493648,393,352,1254,861
56,20,6;8,493648,493648,727,692,1254,527
56,21,3;6,493648,493648,472,446,1254,782
56,22,3;8,493648,493648,774,753,1254,480
56,23,2;6,493648,493648,299,261,1254,955
56,24,1;2,493648,493648,849,819,1254,405
56,25,0;2,493648,493648,435,408,1254,819
56,26,8;12,493648,493648,407,380,1254,847
56,27,2;3,493648,493648,428,397,1254,826
56,28,5;12,493648,493648,642,620,1254,612
56,29,1;2,493648,493648,1245,1213,1254,9
57,0,2;7,1234120,1234120,48,19,1254,1206
57,1,2;8,740472,740472,54,22,1254,1200
57,2,1;4,3208712,3208712,106,69,1254,1148
57,3,2;8,1480944,1480944,85,54,1254,1169
57,4,0;2,493648,493648,49,38,1254,1205
57,5,8;12,740472,740472,66,44,1254,1188
57,6,2;3,1480944,1480944,69,31,1254,1185
57,7,2;8,1480944,1480944,78,49,1254,1176
57,8,10;12,3455536,3455536,70,30,1254,1184
57,9,2;8,740472,740472,95,82,1254,1159
57,10,8;12,493648,493648,36,28,1254,1218
57,11,8;9,1234120,1234120,123,87,1254,1131
57,12,7;8,2221416,2221416,102,68,1254,1152
57,13,7;12,493648,493648,52,43,1254,1202
57,14,8;12,740472,740472,115,74,1254,1139
57,15,2;8,493648,493648,640,620,1254,614
57,16,7;11,493648,493648,1204,1173,1254,50
57,17,6;11,493648,493648,707,681,1254,547
57,18,11;12,493648,493648,649,613,1254,605
57,19,8;14,493648,493648,393,352,1254,861
57,20,6;8,493648,493648,727,692,1254,527
57,21,3;6,493648,493648,472,446,1254,782
57,22,3;8,493648,493648,774,753,1254,480
57,23,2;6,493648,493648,299,261,1254,955
57,24,0;2,493648,493648,848,819,1254,406
57,25,0;2,493648,493648,435,408,1254,819
57,26,8;12,493648,493648,407,380,1254,847
57,27,2;3,493648,493648,428,397,1254,826
57,28,5;12,493648,493648,642,620,1254,612
57,29,1;2,493648,493648,1245,1213,1254,9
58,0,1;2,740472,740472,46,19,1254,1208
58,1,2;8,987296,987296,52,22,1254,1202
58,2,4;5,3455536,3455536,106,69,1254,1148
58,3,2;4,1480944,1480944,85,54,1254,1169
58,4,2;5,987296,987296,78,38,1254,1176
58,5,8;12,1727768,1727768,75,44,1254,1179
58,6,2;3,987296,987296,57,31,1254,1197
58,7,2;8,493648,493648,57,49,1254,1197
58,8,10;12,3208712,3208712,70,30,1254,1184
58,9,2;8,493648,493648,92,82,1254,1162
58,10,8;12,740472,740472,37,28,1254,1217
58,11,8;12,1234120,1234120,123,87,1254,1131
58,12,5;8,2221416,2221416,102,68,1254,1152
58,13,10;12,740472,740472,79,43,1254,1175
58,14,8;12,740472,740472,115,74,1254,1139
58,15,2;8,493648,493648,640,620,1254,614
58,16,5;11,493648,493648,1204,1173,1254,50
58,17,6;11,493648,493648,707,681,1254,547
58,18,11;12,493648,493648,649,613,1254,605
58,19,8;14,493648,493648,393,352,1254,861
58,20,8;13,493648,493648,728,692,1254,526
58,21,3;6,493648,493648,472,446,1254,782
58,22,3;8,493648,493648,774,753,1254,480
58,23,2;4,493648,493648,301,261,1254,953
58,24,1;2,493648,493648,849,819,1254,405
58,25,0;2,493648,493648,435,408,1254,819
58,26,8;12,493648,493648,407,380,1254,847
58,27,2;3,493648,493648,428,397,1254,826
58,28,5;12,493648,493648,642,620,1254,612
58,29,2;5,493648,493648,1244,1213,1254,10
59,0,1;2,1480944,1480944,58,19,1254,1196
59,1,2;8,1234120,1234120,54,22,1254,1200
59,2,1;4,3208712,3208712,106,69,1254,1148
59,3,1;2,1480944,1480944,85,54,1254,1169
59,4,0;2,493648,493648,49,38,1254,1205
59,5,8;12,987296,987296,74,44,1254,1180
59,6,2;3,1234120,1234120,66,31,1254,1188
59,7,2;8,1480944,1480944,78,49,1254,1176
59,8,10;12,3208712,3208712,70,30,1254,1184
59,9,2;8,493648,493648,92,82,1254,1162
59,10,8;12,740472,740472,37,28,1254,1217
59,11,8;12,987296,987296,123,87,1254,1131
59,12,7;8,1974592,1974592,102,68,1254,1152
59,13,7;10,493648,493648,52,43,1254,1202
59,14,7;8,740472,740472,115,74,1254,1139
59,15,2;8,493648,493648,640,620,1254,614
59,16,5;7,493648,493648,1203,1173,1254,51
59,17,6;11,493648,493648,707,681,1254,547
59,18,11;12,493648,493648,649,613,1254,605
59,19,8;14,493648,493648,393,352,1254,861
59,20,6;8,493648,493648,727,692,1254,527
59,21,3;6,493648,493648,472,446,1254,782
59,22,3;8,493648,493648,774,753,1254,480
59,23,0;2,493648,493648,300,261,1254,954
59,24,0;2,493648,493648,848,819,1254,406
59,25,0;2,493648,493648,435,408,1254,819
59,26,8;12,493648,493648,407,380,1254,847
59,27,2;3,493648,493648,428,397,1254,826
59,28,5;12,493648,493648,642,620,1254,612
59,29,1;2,493648,493648,1245,1213,1254,9
60,0,1;2,1480944,1480944,58,19,1254,1196
60,1,2;8,1974592,1974592,56,22,1254,1198
60,2,1;4,1727768,1727768,94,69,1254,1160
60,3,1;2,1480944,1480944,85,54,1254,1169
60,4,0;2,740472,740472,78,38,1254,1176
60,5,8;12,1234120,1234120,75,44,1254,1179
60,6,1;3,987296,987296,57,31,1254,1197
60,7,8;12,740472,740472,78,49,1254,1176
60,8,10;12,3208712,3208712,70,30,1254,1184
60,9,2;8,740472,740472,95,82,1254,1159
60,10,8;12,740472,740472,37,28,1254,1217
60,11,8;9,987296,987296,123,87,1254,1131
60,12,5;8,1974592,1974592,102,68,1254,1152
60,13,10;12,740472,740472,79,43,1254,1175
60,14,8;12,987296,987296,115,74,1254,1139
60,15,2;8,493648,493648,640,620,1254,614
60,16,5;7,493648,493648,1203,1173,1254,51
60,17,6;11,493648,493648,707,681,1254,547
60,18,11;12,493648,493648,649,613,1254,605
60,19,8;14,493648,493648,393,352,1254,861
60,20,8;13,493648,493648,728,692,1254,526
60,21,3;6,493648,493648,472,446,1254,782
60,22,3;8,493648,493648,774,753,1254,480
60,23,0;4,493648,493648,301,261,1254,953
60,24,0;1,493648,493648,849,819,1254,405
60,25,0;2,493648,493648,435,408,1254,819
60,26,8;12,493648,493648,407,380,1254,847
60,27,1;3,493648,493648,431,397,1254,823
60,28,5;14,493648,493648,642,620,1254,612
60,29,1;5,493648,493648,1245,1213,1254,9
61,0,1;2,740472,740472,46,19,1254,1208
61,1,2;8,2221416,2221416,56,22,1254,1198
61,2,1;4,2961888,2961888,106,69,1254,1148
61,3,1;2,987296,987296,79,54,1254,1175
61,4,2;12,740472,740472,78,38,1254,1176
61,5,8;12,493648,493648,53,44,1254,1201
61,6,1;2,987296,987296,57,31,1254,1197
61,7,8;12,740472,740472,78,49,1254,1176
61,8,9;12,3208712,3208712,70,30,1254,1184
61,9,2;8,740472,740472,95,82,1254,1159
61,10,8;12,493648,493648,36,28,1254,1218
61,11,8;9,987296,987296,123,87,1254,1131
61,12,5;8,2468240,2468240,102,68,1254,1152
61,13,12;14,740472,740472,79,43,1254,1175
61,14,8;12,1234120,1234120,115,74,1254,1139
61,15,2;8,493648,493648,640,620,1254,614
61,16,1;7,493648,493648,1204,1173,1254,50
61,17,6;11,493648,493648,707,681,1254,547
61,18,11;12,493648,493648,649,613,1254,605
61,19,8;14,493648,493648,393,352,1254,861
61,20,8;13,493648,493648,728,692,1254,526
61,21,3;6,493648,493648,472,446,1254,782
61,22,3;8,493648,493648,774,753,1254,480
61,23,2;4,493648,493648,301,261,1254,953
61,24,1;2,493648,493648,849,819,1254,405
61,25,0;2,493648,493648,435,408,1254,819
61,26,8;12,493648,493648,407,380,1254,847
61,27,1;2,493648,493648,431,397,1254,823
61,28,12;14,493648,493648,641,620,1254,613
61,29,1;2,493648,493648,1245,1213,1254,9
62,0,1;2,740472,740472,46,19,1254,1208
62,1,2;8,2715064,2715064,56,22,1254,1198
62,2,1;4,3208712,3208712,106,69,1254,1148
62,3,1;2,987296,987296,79,54,1254,1175
62,4,2;8,987296,987296,78,38,1254,1176
62,5,8;12,740472,740472,66,44,1254,1188
62,6,1;2,740472,740472,57,31,1254,1197
62,7,2;8,740472,740472,78,49,1254,1176
62,8,10;12,3455536,3455536,70,30,1254,1184
62,9,2;8,493648,493648,92,82,1254,1162
62,10,1;8,740472,740472,40,28,1254,1214
62,11,1;8,987296,987296,123,87,1254,1131
62,12,5;8,987296,987296,95,68,1254,1159
62,13,10;14,987296,987296,79,43,1254,1175
62,14,8;12,1234120,1234120,115,74,1254,1139
62,15,2;8,493648,493648,640,620,1254,614
62,16,1;7,493648,493648,1204,1173,1254,50
62,17,11;13,493648,493648,707,681,1254,547
62,18,4;11,493648,493648,649,613,1254,605
62,19,8;14,493648,493648,393,352,1254,861
62,20,8;13,493648,493648,728,692,1254,526
62,21,3;6,493648,493648,472,446,1254,782
62,22,3;8,493648,493648,774,753,1254,480
62,23,2;4,493648,493648,301,261,1254,953
62,24,1;2,493648,493648,849,819,1254,405
62,25,0;2,493648,493648,435,408,1254,819
62,26,8;12,493648,493648,407,380,1254,847
62,27,1;2,493648,493648,431,397,1254,823
62,28,5;14,493648,493648,642,620,1254,612
62,29,1;2,493648,493648,1245,1213,1254,9
63,0,2;7,987296,987296,48,19,1254,1206
63,1,2;8,740472,740472,56,22,1254,1198
63,2,1;4,3208712,3208712,106,69,1254,1148
63,3,2;4,740472,740472,79,54,1254,1175
63,4,2;8,1480944,1480944,78,38,1254,1176
63,5,8;12,1234120,1234120,75,44,1254,1179
63,6,2;4,987296,987296,57,31,1254,1197
63,7,2;8,1480944,1480944,78,49,1254,1176
63,8,10;12,3455536,3455536,70,30,1254,1184
63,9,2;8,740472,740472,95,82,1254,1159
63,10,8;12,493648,493648,36,28,1254,1218
63,11,8;9,987296,987296,123,87,1254,1131
63,12,5;8,987296,987296,95,68,1254,1159
63,13,7;14,987296,987296,79,43,1254,1175
63,14,7;8,1234120,1234120,115,74,1254,1139
63,15,2;8,493648,493648,640,620,1254,614
63,16,5;7,493648,493648,1203,1173,1254,51
63,17,11;13,493648,493648,707,681,1254,547
63,18,4;11,493648,493648,649,613,1254,605
63,19,8;14,493648,493648,393,352,1254,861
63,20,8;13,493648,493648,728,692,1254,526
63,21,3;6,493648,493648,472,446,1254,782
63,22,6;8,493648,493648,775,753,1254,479
63,23,2;4,493648,493648,301,261,1254,953
63,24,0;2,493648,493648,848,819,1254,406
63,25,0;2,493648,493648,435,408,1254,819
63,26,8;12,493648,493648,407,380,1254,847
63,27,1;2,493648,493648,431,397,1254,823
63,28,5;14,493648,493648,642,620,1254,612
63,29,2;5,493648,493648,1244,1213,1254,10
64,0,1;2,987296,987296,58,19,1254,1196
64,1,2;5,2715064,2715064,56,22,1254,1198
64,2,1;4,3208712,3208712,106,69,1254,1148
64,3,1;2,987296,987296,79,54,1254,1175
64,4,2;5,493648,493648,49,38,1254,1205
64,5,8;12,1480944,1480944,79,44,1254,1175
64,6,1;2,987296,987296,57,31,1254,1197
64,7,2;10,1234120,1234120,78,49,1254,1176
64,8,10;12,2221416,2221416,70,30,1254,1184
64,9,2;10,493648,493648,93,82,1254,1161
64,10,1;8,1234120,1234120,40,28,1254,1214
64,11,1;8,987296,987296,123,87,1254,1131
64,12,5;8,740472,740472,95,68,1254,1159
64,13,7;10,987296,987296,79,43,1254,1175
64,14,7;8,987296,987296,115,74,1254,1139
64,15,2;8,493648,493648,640,620,1254,614
64,16,1;7,493648,493648,1204,1173,1254,50
64,17,11;13,493648,493648,707,681,1254,547
64,18,5;11,493648,493648,649,613,1254,605
64,19,8;14,493648,493648,393,352,1254,861
64,20,8;13,493648,493648,728,692,1254,526
64,21,3;6,493648,493648,472,446,1254,782
64,22,3;6,493648,493648,775,753,1254,479
64,23,0;2,493648,493648,300,261,1254,954
64,24,1;2,493648,493648,849,819,1254,405
64,25,0;2,493648,493648,435,408,1254,819
64,26,8;12,493648,493648,407,380,1254,847
64,27,1;2,493648,493648,431,397,1254,823
64,28,5;14,493648,493648,642,620,1254,612
64,29,1;2,493648,493648,1245,1213,1254,9
65,0,1;2,1234120,1234120,48,19,1254,1206
65,1,2;8,2468240,2468240,56,22,1254,1198
65,2,1;4,1727768,1727768,106,69,1254,1148
65,3,1;4,740472,740472,79,54,1254,1175
65,4,0;8,1727768,1727768,78,38,1254,1176
65,5,8;12,987296,987296,75,44,1254,1179
65,6,1;4,987296,987296,57,31,1254,1197
65,7,8;12,987296,987296,78,49,1254,1176
65,8,10;12,3455536,3455536,70,30,1254,1184
65,9,5;8,493648,493648,94,82,1254,1160
65,10,8;12,493648,493648,36,28,1254,1218
65,11,1;8,740472,740472,113,87,1254,1141
65,12,5;8,1974592,1974592,102,68,1254,1152
65,13,7;14,987296,987296,79,43,1254,1175
65,14,8;12,1234120,1234120,115,74,1254,1139
65,15,2;8,493648,493648,640,620,1254,614
65,16,1;7,493648,493648,1204,1173,1254,50
65,17,11;13,493648,493648,707,681,1254,547
65,18,4;12,493648,493648,649,613,1254,605
65,19,8;14,493648,493648,393,352,1254,861
65,20,8;13,493648,493648,728,692,1254,526
65,21,3;6,493648,493648,472,446,1254,782
65,22,6;8,493648,493648,775,753,1254,479
65,23,2;4,493648,493648,301,261,1254,953
65,24,0;1,493648,493648,849,819,1254,405
65,25,0;2,493648,493648,435,408,1254,819
65,26,8;12,493648,493648,407,380,1254,847
65,27,1;2,493648,493648,431,397,1254,823
65,28,12;14,493648,493648,641,620,1254,613
65,29,1;5,493648,493648,1245,1213,1254,9
66,0,1;2,1480944,1480944,58,19,1254,1196
66,1,2;8,2715064,2715064,56,22,1254,1198
66,2,1;4,2221416,2221416,100,69,1254,1154
66,3,1;2,740472,740472,79,54,1254,1175
66,4,0;8,740472,740472,49,38,1254,1205
66,5,8;12,493648,493648,53,44,1254,1201
66,6,1;2,2221416,2221416,69,31,1254,1185
66,7,6;8,740472,740472,58,49,1254,1196
66,8,10;12,3455536,3455536,70,30,1254,1184
66,9,6;8,493648,493648,93,82,1254,1161
66,10,1;8,493648,493648,40,28,1254,1214
66,11,1;8,1234120,1234120,123,87,1254,1131
66,12,5;8,1480944,1480944,102,68,1254,1152
66,13,12;14,493648,493648,52,43,1254,1202
66,14,7;8,1234120,1234120,115,74,1254,1139
66,15,2;8,493648,493648,640,620,1254,614
66,16,1;11,493648,493648,1204,1173,1254,50
66,17,6;11,493648,493648,707,681,1254,547
66,18,11;12,493648,493648,649,613,1254,605
66,19,8;14,493648,493648,393,352,1254,861
66,20,6;8,493648,493648,727,692,1254,527
66,21,3;6,493648,493648,472,446,1254,782
66,22,6;8,493648,493648,775,753,1254,479
66,23,0;6,493648,493648,300,261,1254,954
66,24,0;1,493648,493648,849,819,1254,405
66,25,0;2,493648,493648,435,408,1254,819
66,26,8;12,493648,493648,407,380,1254,847
66,27,1;2,493648,493648,431,397,1254,823
66,28,12;14,493648,493648,641,620,1254,613
66,29,1;2,493648,493648,1245,1213,1254,9
67,0,2;7,740472,740472,46,19,1254,1208
67,1,2;8,987296,987296,53,22,1254,1201
67,2,1;4,2715064,2715064,106,69,1254,1148
67,3,2;8,1480944,1480944,85,54,1254,1169
67,4,2;8,493648,493648,48,38,1254,1206
67,5,8;12,740472,740472,75,44,1254,1179
67,6,2;3,1480944,1480944,69,31,1254,1185
67,7,8;10,1480944,1480944,78,49,1254,1176
67,8,10;12,3702360,3702360,70,30,1254,1184
67,9,8;10,740472,740472,95,82,1254,1159
67,10,8;12,1234120,1234120,39,28,1254,1215
67,11,8;9,987296,987296,123,87,1254,1131
67,12,7;8,1727768,1727768,102,68,1254,1152
67,13,10;14,493648,493648,52,43,1254,1202
67,14,7;8,1234120,1234120,115,74,1254,1139
67,15,2;8,493648,493648,640,620,1254,614
67,16,1;7,493648,493648,1204,1173,1254,50
67,17,6;11,493648,493648,707,681,1254,547
67,18,11;12,493648,493648,649,613,1254,605
67,19,8;14,493648,493648,393,352,1254,861
67,20,6;8,493648,493648,727,692,1254,527
67,21,3;6,493648,493648,472,446,1254,782
67,22,3;8,493648,493648,774,753,1254,480
67,23,2;6,493648,493648,299,261,1254,955
67,24,1;2,493648,493648,849,819,1254,405
67,25,0;2,493648,493648,435,408,1254,819
67,26,8;12,493648,493648,407,380,1254,847
67,27,2;3,493648,493648,428,397,1254,826
67,28,12;14,493648,493648,641,620,1254,613
67,29,2;5,493648,493648,1244,1213,1254,10
68,0,2;7,740472,740472,48,19,1254,1206
68,1,2;8,740472,740472,56,22,1254,1198
68,2,1;4,3208712,3208712,106,69,1254,1148
68,3,2;8,740472,740472,79,54,1254,1175
68,4,2;8,493648,493648,48,38,1254,1206
68,5,8;12,740472,740472,75,44,1254,1179
68,6,2;13,1974592,1974592,69,31,1254,1185
68,7,2;8,1480944,1480944,78,49,1254,1176
68,8,10;12,3702360,3702360,70,30,1254,1184
68,9,2;8,493648,493648,92,82,1254,1162
68,10,8;12,740472,740472,37,28,1254,1217
68,11,6;8,1234120,1234120,123,87,1254,1131
68,12,7;8,1974592,1974592,102,68,1254,1152
68,13,10;12,740472,740472,53,43,1254,1201
68,14,7;8,1234120,1234120,115,74,1254,1139
68,15,2;8,493648,493648,640,620,1254,614
68,16,7;11,493648,493648,1204,1173,1254,50
68,17,6;11,493648,493648,707,681,1254,547
68,18,11;12,493648,493648,649,613,1254,605
68,19,8;14,493648,493648,393,352,1254,861
68,20,6;8,493648,493648,727,692,1254,527
68,21,3;6,493648,493648,472,446,1254,782
68,22,6;8,493648,493648,775,753,1254,479
68,23,2;6,493648,493648,299,261,1254,955
68,24,0;2,493648,493648,848,819,1254,406
68,25,2;14,493648,493648,434,408,1254,820
68,26,8;12,493648,493648,407,380,1254,847
68,27,1;2,493648,493648,431,397,1254,823
68,28,12;14,493648,493648,641,620,1254,613
68,29,2;5,493648,493648,1244,1213,1254,10
69,0,2;7,493648,493648,28,19,1254,1226
69,1,2;8,740472,740472,52,22,1254,1202
69,2,4;5,2221416,2221416,100,69,1254,1154
69,3,4;8,1480944,1480944,85,54,1254,1169
69,4,2;8,1234120,1234120,78,38,1254,1176
69,5,8;12,1727768,1727768,79,44,1254,1175
69,6,3;4,1727768,1727768,69,31,1254,1185
69,7,8;10,1234120,1234120,78,49,1254,1176
69,8,10;12,3702360,3702360,70,30,1254,1184
69,9,5;8,493648,493648,94,82,1254,1160
69,10,8;12,987296,987296,37,28,1254,1217
69,11,6;8,1234120,1234120,123,87,1254,1131
69,12,5;8,987296,987296,95,68,1254,1159
69,13,10;14,493648,493648,52,43,1254,1202
69,14,7;8,1480944,1480944,115,74,1254,1139
69,15,2;8,493648,493648,640,620,1254,614
69,16,7;11,493648,493648,1204,1173,1254,50
69,17,6;11,493648,493648,707,681,1254,547
69,18,5;11,493648,493648,649,613,1254,605
69,19,8;14,493648,493648,393,352,1254,861
69,20,6;8,493648,493648,727,692,1254,527
69,21,3;6,493648,493648,472,446,1254,782
69,22,3;8,493648,493648,774,753,1254,480
69,23,4;6,493648,493648,301,261,1254,953
69,24,1;2,493648,493648,849,819,1254,405
69,25,2;14,493648,493648,434,408,1254,820
69,26,8;12,493648,493648,407,380,1254,847
69,27,2;3,493648,493648,428,397,1254,826
69,28,5;14,493648,493648,642,620,1254,612
69,29,2;5,493648,493648,1244,1213,1254,10
70,0,1;7,493648,493648,32,19,1254,1222
70,1,2;8,1974592,1974592,56,22,1254,1198
70,2,1;4,1480944,1480944,98,69,1254,1156
70,3,1;4,1234120,1234120,85,54,1254,1169
70,4,8;12,1480944,1480944,78,38,1254,1176
70,5,8;12,493648,493648,53,44,1254,1201
70,6,1;4,1974592,1974592,69,31,1254,1185
70,7,10;12,1234120,1234120,78,49,1254,1176
70,8,10;12,2468240,2468240,64,30,1254,1190
70,9,8;10,493648,493648,93,82,1254,1161
70,10,8;12,1480944,1480944,69,28,1254,1185
70,11,6;8,1234120,1234120,123,87,1254,1131
70,12,7;8,2468240,2468240,102,68,1254,1152
70,13,10;12,493648,493648,52,43,1254,1202
70,14,7;12,1234120,1234120,115,74,1254,1139
70,15,2;8,493648,493648,640,620,1254,614
70,16,7;11,493648,493648,1204,1173,1254,50
70,17,6;11,493648,493648,707,681,1254,547
70,18,11;12,493648,493648,649,613,1254,605
70,19,10;14,493648,493648,393,352,1254,861
70,20,6;8,493648,493648,727,692,1254,527
70,21,3;6,493648,493648,472,446,1254,782
70,22,3;6,493648,493648,775,753,1254,479
70,23,4;6,493648,493648,301,261,1254,953
70,24,1;2,493648,493648,849,819,1254,405
70,25,2;14,493648,493648,434,408,1254,820
70,26,8;12,493648,493648,407,380,1254,847
70,27,1;3,493648,493648,431,397,1254,823
70,28,12;14,493648,493648,641,620,1254,613
70,29,1;2,493648,493648,1245,1213,1254,9
71,0,2;7,493648,493648,28,19,1254,1226
71,1,2;8,740472,740472,52,22,1254,1202
71,2,1;4,2715064,2715064,106,69,1254,1148
71,3,2;8,1234120,1234120,85,54,1254,1169
71,4,8;12,987296,987296,78,38,1254,1176
71,5,8;12,740472,740472,75,44,1254,1179
71,6,2;13,1234120,1234120,66,31,1254,1188
71,7,8;10,987296,987296,78,49,1254,1176
71,8,10;12,3702360,3702360,70,30,1254,1184
71,9,8;10,740472,740472,95,82,1254,1159
71,10,8;12,1234120,1234120,39,28,1254,1215
71,11,8;9,1234120,1234120,123,87,1254,1131
71,12,5;8,1974592,1974592,102,68,1254,1152
71,13,10;14,740472,740472,53,43,1254,1201
71,14,8;12,1480944,1480944,115,74,1254,1139
71,15,2;8,493648,493648,640,620,1254,614
71,16,7;11,493648,493648,1204,1173,1254,50
71,17,6;11,493648,493648,707,681,1254,547
71,18,11;12,493648,493648,649,613,1254,605
71,19,8;14,493648,493648,393,352,1254,861
71,20,6;8,493648,493648,727,692,1254,527
71,21,3;6,493648,493648,472,446,1254,782
71,22,3;8,493648,493648,774,753,1254,480
71,23,2;4,493648,493648,301,261,1254,953
71,24,1;2,493648,493648,849,819,1254,405
71,25,2;14,493648,493648,434,408,1254,820
71,26,8;12,493648,493648,407,380,1254,847
71,27,2;3,493648,493648,428,397,1254,826
71,28,12;14,493648,493648,641,620,1254,613
71,29,2;5,493648,493648,1244,1213,1254,10
72,0,2;7,740472,740472,30,19,1254,1224
72,1,2;8,987296,987296,56,22,1254,1198
72,2,1;5,2715064,2715064,106,69,1254,1148
72,3,2;8,740472,740472,79,54,1254,1175
72,4,0;8,740472,740472,74,38,1254,1180
72,5,8;12,1974592,1974592,79,44,1254,1175
72,6,2;5,1974592,1974592,69,31,1254,1185
72,7,8;10,1234120,1234120,78,49,1254,1176
72,8,10;12,3702360,3702360,70,30,1254,1184
72,9,8;10,493648,493648,93,82,1254,1161
72,10,8;12,1480944,1480944,69,28,1254,1185
72,11,6;8,740472,740472,113,87,1254,1141
72,12,5;8,987296,987296,95,68,1254,1159
72,13,10;14,493648,493648,52,43,1254,1202
72,14,7;8,1234120,1234120,100,74,1254,1154
72,15,2;8,493648,493648,640,620,1254,614
72,16,5;7,493648,493648,1203,1173,1254,51
72,17,6;11,493648,493648,707,681,1254,547
72,18,4;5,493648,493648,649,613,1254,605
72,19,8;10,493648,493648,393,352,1254,861
72,20,6;8,493648,493648,727,692,1254,527
72,21,3;6,493648,493648,472,446,1254,782
72,22,6;8,493648,493648,775,753,1254,479
72,23,2;6,493648,493648,299,261,1254,955
72,24,1;2,493648,493648,849,819,1254,405
72,25,2;14,493648,493648,434,408,1254,820
72,26,8;12,493648,493648,407,380,1254,847
72,27,1;2,493648,493648,431,397,1254,823
72,28,5;14,493648,493648,642,620,1254,612
72,29,2;5,493648,493648,1244,1213,1254,10
73,0,2;7,987296,987296,58,19,1254,1196
73,1,2;8,740472,740472,33,22,1254,1221
73,2,1;5,3455536,3455536,106,69,1254,1148
73,3,1;2,1234120,1234120,85,54,1254,1169
73,4,2;12,493648,493648,48,38,1254,1206
73,5,8;12,1727768,1727768,75,44,1254,1179
73,6,2;5,1234120,1234120,66,31,1254,1188
73,7,2;12,1234120,1234120,78,49,1254,1176
73,8,10;12,2221416,2221416,70,30,1254,1184
73,9,2;5,740472,740472,95,82,1254,1159
73,10,8;12,493648,493648,36,28,1254,1218
73,11,9;12,1234120,1234120,123,87,1254,1131
73,12,7;8,2715064,2715064,102,68,1254,1152
73,13,12;14,493648,493648,52,43,1254,1202
73,14,7;12,1234120,1234120,115,74,1254,1139
73,15,2;8,493648,493648,640,620,1254,614
73,16,7;11,493648,493648,1204,1173,1254,50
73,17,6;11,493648,493648,707,681,1254,547
73,18,11;12,493648,493648,649,613,1254,605
73,19,8;14,493648,493648,393,352,1254,861
73,20,6;8,493648,493648,727,692,1254,527
73,21,3;6,493648,493648,472,446,1254,782
73,22,3;8,493648,493648,774,753,1254,480
73,23,0;2,493648,493648,300,261,1254,954
73,24,0;2,493648,493648,848,819,1254,406
73,25,2;14,493648,493648,434,408,1254,820
73,26,8;12,493648,493648,407,380,1254,847
73,27,2;3,493648,493648,428,397,1254,826
73,28,5;12,493648,493648,642,620,1254,612
73,29,2;5,493648,493648,1244,1213,1254,10
74,0,2;7,987296,987296,58,19,1254,1196
74,1,2;8,740472,740472,33,22,1254,1221
74,2,1;5,2715064,2715064,106,69,1254,1148
74,3,1;2,1480944,1480944,85,54,1254,1169
74,4,2;8,493648,493648,48,38,1254,1206
74,5,8;12,1974592,1974592,79,44,1254,1175
74,6,3;5,1234120,1234120,66,31,1254,1188
74,7,8;10,1727768,1727768,78,49,1254,1176
74,8,10;12,3208712,3208712,70,30,1254,1184
74,9,5;10,493648,493648,94,82,1254,1160
74,10,8;12,1480944,1480944,69,28,1254,1185
74,11,8;12,1234120,1234120,123,87,1254,1131
74,12,7;8,1727768,1727768,95,68,1254,1159
74,13,7;10,493648,493648,52,43,1254,1202
74,14,7;8,740472,740472,100,74,1254,1154
74,15,2;8,493648,493648,640,620,1254,614
74,16,7;11,493648,493648,1204,1173,1254,50
74,17,6;11,493648,493648,707,681,1254,547
74,18,5;11,493648,493648,649,613,1254,605
74,19,8;10,493648,493648,393,352,1254,861
74,20,6;8,493648,493648,727,692,1254,527
74,21,3;6,493648,493648,472,446,1254,782
74,22,3;8,493648,493648,774,753,1254,480
74,23,0;2,493648,493648,300,261,1254,954
74,24,0;2,493648,493648,848,819,1254,406
74,25,2;14,493648,493648,434,408,1254,820
74,26,8;12,493648,493648,407,380,1254,847
74,27,2;3,493648,493648,428,397,1254,826
74,28,5;12,493648,493648,642,620,1254,612
74,29,2;5,493648,493648,1244,1213,1254,10
75,0,1;2,1234120,1234120,58,19,1254,1196
75,1,2;8,2221416,2221416,56,22,1254,1198
75,2,0;1,2961888,2961888,106,69,1254,1148
75,3,1;2,987296,987296,79,54,1254,1175
75,4,0;12,493648,493648,49,38,1254,1205
75,5,8;12,493648,493648,53,44,1254,1201
75,6,1;2,1234120,1234120,66,31,1254,1188
75,7,2;12,740472,740472,57,49,1254,1197
75,8,10;12,1974592,1974592,70,30,1254,1184
75,9,2;8,987296,987296,95,82,1254,1159
75,10,1;12,740472,740472,40,28,1254,1214
75,11,9;12,1234120,1234120,123,87,1254,1131
75,12,8;9,3455536,3455536,102,68,1254,1152
75,13,12;14,493648,493648,52,43,1254,1202
75,14,7;12,1480944,1480944,115,74,1254,1139
75,15,2;12,493648,493648,641,620,1254,613
75,16,1;11,493648,493648,1204,1173,1254,50
75,17,6;11,493648,493648,707,681,1254,547
75,18,11;12,493648,493648,649,613,1254,605
75,19,8;14,493648,493648,393,352,1254,861
75,20,6;8,493648,493648,727,692,1254,527
75,21,3;6,493648,493648,472,446,1254,782
75,22,3;12,493648,493648,775,753,1254,479
75,23,0;2,493648,493648,300,261,1254,954
75,24,0;2,493648,493648,848,819,1254,406
75,25,2;14,493648,493648,434,408,1254,820
75,26,8;12,493648,493648,407,380,1254,847
75,27,1;2,493648,493648,431,397,1254,823
75,28,12;14,493648,493648,641,620,1254,613
75,29,1;2,493648,493648,1245,1213,1254,9
76,0,1;2,493648,493648,32,19,1254,1222
76,1,2;8,2221416,2221416,56,22,1254,1198
76,2,1;4,2221416,2221416,106,69,1254,1148
76,3,1;4,740472,740472,79,54,1254,1175
76,4,8;12,1480944,1480944,74,38,1254,1180
76,5,8;12,493648,493648,53,44,1254,1201
76,6,1;4,1480944,1480944,69,31,1254,1185
76,7,8;12,740472,740472,58,49,1254,1196
76,8,10;12,3455536,3455536,70,30,1254,1184
76,9,2;8,493648,493648,92,82,1254,1162
76,10,8;12,493648,493648,36,28,1254,1218
76,11,8;12,987296,987296,118,87,1254,1136
76,12,7;8,3208712,3208712,102,68,1254,1152
76,13,7;12,493648,493648,52,43,1254,1202
76,14,8;12,1234120,1234120,115,74,1254,1139
76,15,8;12,493648,493648,641,620,1254,613
76,16,1;11,493648,493648,1204,1173,1254,50
76,17,6;11,493648,493648,707,681,1254,547
76,18,4;12,493648,493648,649,613,1254,605
76,19,8;14,493648,493648,393,352,1254,861
76,20,6;8,493648,493648,727,692,1254,527
76,21,3;6,493648,493648,472,446,1254,782
76,22,8;12,493648,493648,775,753,1254,479
76,23,2;6,493648,493648,299,261,1254,955
76,24,1;2,493648,493648,849,819,1254,405
76,25,2;14,493648,493648,434,408,1254,820
76,26,8;12,493648,493648,407,380,1254,847
76,27,1;2,493648,493648,431,397,1254,823
76,28,12;14,493648,493648,641,620,1254,613
76,29,1;2,493648,493648,1245,1213,1254,9
77,0,2;7,740472,740472,48,19,1254,1206
77,1,2;8,740472,740472,54,22,1254,1200
77,2,0;1,2221416,2221416,106,69,1254,1148
77,3,2;8,1480944,1480944,85,54,1254,1169
77,4,8;12,493648,493648,48,38,1254,1206
77,5,8;12,493648,493648,53,44,1254,1201
77,6,2;3,1727768,1727768,69,31,1254,1185
77,7,8;12,987296,987296,78,49,1254,1176
77,8,10;12,3702360,3702360,70,30,1254,1184
77,9,8;10,740472,740472,93,82,1254,1161
77,10,8;12,1234120,1234120,69,28,1254,1185
77,11,6;8,1234120,1234120,123,87,1254,1131
77,12,8;9,2961888,2961888,102,68,1254,1152
77,13,10;12,493648,493648,52,43,1254,1202
77,14,8;12,987296,987296,100,74,1254,1154
77,15,8;12,493648,493648,641,620,1254,613
77,16,7;11,493648,493648,1204,1173,1254,50
77,17,6;11,493648,493648,707,681,1254,547
77,18,11;12,493648,493648,649,613,1254,605
77,19,8;10,493648,493648,393,352,1254,861
77,20,6;8,493648,493648,727,692,1254,527
77,21,3;6,493648,493648,472,446,1254,782
77,22,3;8,493648,493648,774,753,1254,480
77,23,2;6,493648,493648,299,261,1254,955
77,24,0;2,493648,493648,848,819,1254,406
77,25,2;14,493648,493648,434,408,1254,820
77,26,8;12,493648,493648,407,380,1254,847
77,27,2;3,493648,493648,428,397,1254,826
77,28,12;14,493648,493648,641,620,1254,613
77,29,1;2,493648,493648,1245,1213,1254,9
78,0,1;2,493648,493648,32,19,1254,1222
78,1,2;8,2221416,2221416,56,22,1254,1198
78,2,1;4,2221416,2221416,106,69,1254,1148
78,3,1;8,1234120,1234120,85,54,1254,1169
78,4,8;12,740472,740472,48,38,1254,1206
78,5,8;12,493648,493648,53,44,1254,1201
78,6,1;2,1480944,1480944,69,31,1254,1185
78,7,8;12,493648,493648,57,49,1254,1197
78,8,10;12,3702360,3702360,70,30,1254,1184
78,9,2;8,740472,740472,93,82,1254,1161
78,10,8;12,493648,493648,36,28,1254,1218
78,11,8;12,1234120,1234120,123,87,1254,1131
78,12,8;9,3208712,3208712,102,68,1254,1152
78,13,12;14,493648,493648,52,43,1254,1202
78,14,8;12,1480944,1480944,115,74,1254,1139
78,15,8;12,493648,493648,641,620,1254,613
78,16,1;11,493648,493648,1204,1173,1254,50
78,17,6;11,493648,493648,707,681,1254,547
78,18,11;12,493648,493648,649,613,1254,605
78,19,8;14,493648,493648,393,352,1254,861
78,20,6;8,493648,493648,727,692,1254,527
78,21,3;6,493648,493648,472,446,1254,782
78,22,3;8,493648,493648,774,753,1254,480
78,23,2;6,493648,493648,299,261,1254,955
78,24,1;2,493648,493648,849,819,1254,405
78,25,2;14,493648,493648,434,408,1254,820
78,26,8;12,493648,493648,407,380,1254,847
78,27,1;3,493648,493648,431,397,1254,823
78,28,12;14,493648,493648,641,620,1254,613
78,29,1;2,493648,493648,1245,1213,1254,9
79,0,1;2,493648,493648,32,19,1254,1222
79,1,2;8,1974592,1974592,54,22,1254,1200
79,2,1;4,2715064,2715064,106,69,1254,1148
79,3,1;2,1234120,1234120,85,54,1254,1169
79,4,2;8,740472,740472,74,38,1254,1180
79,5,8;12,493648,493648,53,44,1254,1201
79,6,1;2,1480944,1480944,69,31,1254,1185
79,7,8;10,740472,740472,57,49,1254,1197
79,8,10;12,3455536,3455536,70,30,1254,1184
79,9,8;10,493648,493648,93,82,1254,1161
79,10,8;12,1480944,1480944,69,28,1254,1185
79,11,8;12,987296,987296,118,87,1254,1136
79,12,7;8,2468240,2468240,102,68,1254,1152
79,13,10;12,493648,493648,52,43,1254,1202
79,14,8;12,987296,987296,100,74,1254,1154
79,15,2;8,493648,493648,640,620,1254,614
79,16,1;11,493648,493648,1204,1173,1254,50
79,17,6;11,493648,493648,707,681,1254,547
79,18,4;12,493648,493648,649,613,1254,605
79,19,8;10,493648,493648,393,352,1254,861
79,20,6;8,493648,493648,727,692,1254,527
79,21,3;6,493648,493648,472,446,1254,782
79,22,3;8,493648,493648,774,753,1254,480
79,23,2;6,493648,493648,299,261,1254,955
79,24,1;2,493648,493648,849,819,1254,405
79,25,2;14,493648,493648,434,408,1254,820
79,26,8;12,493648,493648,407,380,1254,847
79,27,2;3,493648,493648,428,397,1254,826
79,28,12;14,493648,493648,641,620,1254,613
79,29,1;2,493648,493648,1245,1213,1254,9
80,0,2;7,740472,740472,48,19,1254,1206
80,1,2;8,493648,493648,33,22,1254,1221
80,2,0;1,2715064,2715064,106,69,1254,1148
80,3,2;8,987296,987296,85,54,1254,1169
80,4,2;8,740472,740472,74,38,1254,1180
80,5,8;12,740472,740472,75,44,1254,1179
80,6,2;13,1974592,1974592,69,31,1254,1185
80,7,8;10,1727768,1727768,78,49,1254,1176
80,8,10;12,3702360,3702360,70,30,1254,1184
80,9,8;10,493648,493648,93,82,1254,1161
80,10,8;12,1480944,1480944,69,28,1254,1185
80,11,6;8,987296,987296,118,87,1254,1136
80,12,7;8,1727768,1727768,102,68,1254,1152
80,13,7;10,740472,740472,53,43,1254,1201
80,14,7;8,987296,987296,100,74,1254,1154
80,15,2;8,493648,493648,640,620,1254,614
80,16,7;11,493648,493648,1204,1173,1254,50
80,17,6;11,493648,493648,707,681,1254,547
80,18,4;12,493648,493648,649,613,1254,605
80,19,8;10,493648,493648,393,352,1254,861
80,20,6;8,493648,493648,727,692,1254,527
80,21,3;6,493648,493648,472,446,1254,782
80,22,6;8,493648,493648,775,753,1254,479
80,23,2;6,493648,493648,299,261,1254,955
80,24,0;2,493648,493648,848,819,1254,406
80,25,2;14,493648,493648,434,408,1254,820
80,26,8;12,493648,493648,407,380,1254,847
80,27,2;3,493648,493648,428,397,1254,826
80,28,12;14,493648,493648,641,620,1254,613
80,29,2;5,493648,493648,1244,1213,1254,10
81,0,2;7,493648,493648,28,19,1254,1226
81,1,2;8,987296,987296,54,22,1254,1200
81,2,1;4,3208712,3208712,106,69,1254,1148
81,3,2;4,1234120,1234120,85,54,1254,1169
81,4,2;8,1234120,1234120,74,38,1254,1180
81,5,8;12,493648,493648,53,44,1254,1201
81,6,2;4,1974592,1974592,69,31,1254,1185
81,7,2;10,1727768,1727768,78,49,1254,1176
81,8,10;12,2221416,2221416,64,30,1254,1190
81,9,2;10,740472,740472,95,82,1254,1159
81,10,8;12,1480944,1480944,69,28,1254,1185
81,11,6;9,987296,987296,118,87,1254,1136
81,12,7;8,1727768,1727768,102,68,1254,1152
81,13,7;10,493648,493648,52,43,1254,1202
81,14,7;8,1234120,1234120,115,74,1254,1139
81,15,2;8,493648,493648,640,620,1254,614
81,16,7;11,493648,493648,1204,1173,1254,50
81,17,6;11,493648,493648,707,681,1254,547
81,18,4;12,493648,493648,649,613,1254,605
81,19,10;14,493648,493648,393,352,1254,861
81,20,6;8,493648,493648,727,692,1254,527
81,21,3;6,493648,493648,472,446,1254,782
81,22,3;6,493648,493648,775,753,1254,479
81,23,2;6,493648,493648,299,261,1254,955
81,24,1;2,493648,493648,849,819,1254,405
81,25,2;14,493648,493648,434,408,1254,820
81,26,8;12,493648,493648,407,380,1254,847
81,27,2;3,493648,493648,428,397,1254,826
81,28,12;14,493648,493648,641,620,1254,613
81,29,1;2,493648,493648,1245,1213,1254,9
82,0,1;2,493648,493648,32,19,1254,1222
82,1,2;8,987296,987296,52,22,1254,1202
82,2,1;4,2961888,2961888,106,69,1254,1148
82,3,2;4,987296,987296,85,54,1254,1169
82,4,2;12,1234120,1234120,74,38,1254,1180
82,5,8;12,740472,740472,75,44,1254,1179
82,6,2;4,1974592,1974592,69,31,1254,1185
82,7,2;12,740472,740472,78,49,1254,1176
82,8,10;12,1974592,1974592,64,30,1254,1190
82,9,8;10,493648,493648,93,82,1254,1161
82,10,8;12,1234120,1234120,69,28,1254,1185
82,11,6;12,987296,987296,118,87,1254,1136
82,12,7;8,3208712,3208712,102,68,1254,1152
82,13,10;12,493648,493648,52,43,1254,1202
82,14,8;12,1234120,1234120,115,74,1254,1139
82,15,2;12,493648,493648,641,620,1254,613
82,16,7;11,493648,493648,1204,1173,1254,50
82,17,6;11,493648,493648,707,681,1254,547
82,18,4;12,493648,493648,649,613,1254,605
82,19,10;14,493648,493648,393,352,1254,861
82,20,6;8,493648,493648,727,692,1254,527
82,21,3;6,493648,493648,472,446,1254,782
82,22,6;12,493648,493648,775,753,1254,479
82,23,2;6,493648,493648,299,261,1254,955
82,24,1;2,493648,493648,849,819,1254,405
82,25,2;14,493648,493648,434,408,1254,820
82,26,8;12,493648,493648,407,380,1254,847
82,27,2;3,493648,493648,428,397,1254,826
82,28,12;14,493648,493648,641,620,1254,613
82,29,2;5,493648,493648,1244,1213,1254,10
83,0,1;2,493648,493648,32,19,1254,1222
83,1,2;8,2468240,2468240,54,22,1254,1200
83,2,1;4,3208712,3208712,106,69,1254,1148
83,3,1;2,1234120,1234120,85,54,1254,1169
83,4,2;12,987296,987296,78,38,1254,1176
83,5,8;12,493648,493648,53,44,1254,1201
83,6,1;2,1234120,1234120,66,31,1254,1188
83,7,2;12,1234120,1234120,78,49,1254,1176
83,8,10;12,1480944,1480944,64,30,1254,1190
83,9,2;10,493648,493648,93,82,1254,1161
83,10,1;12,1234120,1234120,69,28,1254,1185
83,11,1;12,740472,740472,113,87,1254,1141
83,12,7;8,3208712,3208712,102,68,1254,1152
83,13,7;12,493648,493648,52,43,1254,1202
83,14,7;12,1234120,1234120,115,74,1254,1139
83,15,2;12,493648,493648,641,620,1254,613
83,16,1;7,493648,493648,1204,1173,1254,50
83,17,6;11,493648,493648,707,681,1254,547
83,18,4;12,493648,493648,649,613,1254,605
83,19,10;14,493648,493648,393,352,1254,861
83,20,6;8,493648,493648,727,692,1254,527
83,21,3;6,493648,493648,472,446,1254,782
83,22,3;12,493648,493648,775,753,1254,479
83,23,2;4,493648,493648,301,261,1254,953
83,24,1;2,493648,493648,849,819,1254,405
83,25,2;14,493648,493648,434,408,1254,820
83,26,8;12,493648,493648,407,380,1254,847
83,27,2;3,493648,493648,428,397,1254,826
83,28,12;14,493648,493648,641,620,1254,613
83,29,1;2,493648,493648,1245,1213,1254,9
84,0,2;7,987296,987296,48,19,1254,1206
84,1,2;8,987296,987296,54,22,1254,1200
84,2,1;4,2468240,2468240,106,69,1254,1148
84,3,4;8,1480944,1480944,85,54,1254,1169
84,4,0;8,1234120,1234120,78,38,1254,1176
84,5,8;12,493648,493648,53,44,1254,1201
84,6,3;13,1234120,1234120,66,31,1254,1188
84,7,8;12,740472,740472,58,49,1254,1196
84,8,10;12,3702360,3702360,70,30,1254,1184
84,9,2;8,740472,740472,93,82,1254,1161
84,10,8;12,493648,493648,36,28,1254,1218
84,11,8;12,1234120,1234120,123,87,1254,1131
84,12,8;9,2715064,2715064,102,68,1254,1152
84,13,12;14,740472,740472,53,43,1254,1201
84,14,8;12,1480944,1480944,115,74,1254,1139
84,15,2;8,493648,493648,640,620,1254,614
84,16,1;11,493648,493648,1204,1173,1254,50
84,17,6;11,493648,493648,707,681,1254,547
84,18,11;12,493648,493648,649,613,1254,605
84,19,8;14,493648,493648,393,352,1254,861
84,20,6;8,493648,493648,727,692,1254,527
84,21,3;6,493648,493648,472,446,1254,782
84,22,3;8,493648,493648,774,753,1254,480
84,23,2;4,493648,493648,301,261,1254,953
84,24,0;2,493648,493648,848,819,1254,406
84,25,2;14,493648,493648,434,408,1254,820
84,26,8;12,493648,493648,407,380,1254,847
84,27,2;3,493648,493648,428,397,1254,826
84,28,12;14,493648,493648,641,620,1254,613
84,29,1;2,493648,493648,1245,1213,1254,9
85,0,2;7,740472,740472,48,19,1254,1206
85,1,2;8,493648,493648,33,22,1254,1221
85,2,1;4,3208712,3208712,106,69,1254,1148
85,3,2;8,987296,987296,85,54,1254,1169
85,4,2;12,987296,987296,78,38,1254,1176
85,5,8;12,987296,987296,75,44,1254,1179
85,6,2;12,1480944,1480944,66,31,1254,1188
85,7,2;12,740472,740472,58,49,1254,1196
85,8,10;12,2715064,2715064,70,30,1254,1184
85,9,2;8,740472,740472,93,82,1254,1161
85,10,8;12,493648,493648,36,28,1254,1218
85,11,6;12,987296,987296,118,87,1254,1136
85,12,8;9,3702360,3702360,102,68,1254,1152
85,13,12;14,493648,493648,52,43,1254,1202
85,14,8;12,1480944,1480944,115,74,1254,1139
85,15,2;12,493648,493648,641,620,1254,613
85,16,5;11,493648,493648,1204,1173,1254,50
85,17,6;11,493648,493648,707,681,1254,547
85,18,4;12,493648,493648,649,613,1254,605
85,19,8;14,493648,493648,393,352,1254,861
85,20,6;8,493648,493648,727,692,1254,527
85,21,3;6,493648,493648,472,446,1254,782
85,22,8;12,493648,493648,775,753,1254,479
85,23,2;4,493648,493648,301,261,1254,953
85,24,0;2,493648,493648,848,819,1254,406
85,25,2;14,493648,493648,434,408,1254,820
85,26,8;12,493648,493648,407,380,1254,847
85,27,2;3,493648,493648,428,397,1254,826
85,28,12;14,493648,493648,641,620,1254,613
85,29,2;5,493648,493648,1244,1213,1254,10
86,0,2;7,740472,740472,48,19,1254,1206
86,1,2;8,493648,493648,33,22,1254,1221
86,2,1;4,2961888,2961888,106,69,1254,1148
86,3,2;4,987296,987296,85,54,1254,1169
86,4,2;12,987296,987296,78,38,1254,1176
86,5,8;12,987296,987296,75,44,1254,1179
86,6,2;12,1234120,1234120,66,31,1254,1188
86,7,10;12,740472,740472,58,49,1254,1196
86,8,10;12,1974592,1974592,64,30,1254,1190
86,9,2;10,987296,987296,95,82,1254,1159
86,10,8;12,1480944,1480944,69,28,1254,1185
86,11,9;12,1234120,1234120,123,87,1254,1131
86,12,8;9,3702360,3702360,102,68,1254,1152
86,13,10;12,493648,493648,52,43,1254,1202
86,14,8;12,1234120,1234120,115,74,1254,1139
86,15,2;12,493648,493648,641,620,1254,613
86,16,5;11,493648,493648,1204,1173,1254,50
86,17,6;11,493648,493648,707,681,1254,547
86,18,11;12,493648,493648,649,613,1254,605
86,19,10;14,493648,493648,393,352,1254,861
86,20,6;8,493648,493648,727,692,1254,527
86,21,3;6,493648,493648,472,446,1254,782
86,22,8;12,493648,493648,775,753,1254,479
86,23,2;4,493648,493648,301,261,1254,953
86,24,0;2,493648,493648,848,819,1254,406
86,25,2;14,493648,493648,434,408,1254,820
86,26,8;12,493648,493648,407,380,1254,847
86,27,2;3,493648,493648,428,397,1254,826
86,28,12;14,493648,493648,641,620,1254,613
86,29,2;5,493648,493648,1244,1213,1254,10
87,0,2;7,493648,493648,28,19,1254,1226
87,1,2;8,740472,740472,52,22,1254,1202
87,2,1;4,3208712,3208712,106,69,1254,1148
87,3,2;8,987296,987296,85,54,1254,1169
87,4,2;8,740472,740472,78,38,1254,1176
87,5,8;12,987296,987296,75,44,1254,1179
87,6,2;13,1234120,1234120,66,31,1254,1188
87,7,2;8,740472,740472,58,49,1254,1196
87,8,10;12,3702360,3702360,70,30,1254,1184
87,9,2;8,740472,740472,93,82,1254,1161
87,10,8;12,493648,493648,36,28,1254,1218
87,11,8;12,1234120,1234120,123,87,1254,1131
87,12,8;9,2715064,2715064,102,68,1254,1152
87,13,12;14,740472,740472,53,43,1254,1201
87,14,8;12,1480944,1480944,115,74,1254,1139
87,15,2;8,493648,493648,640,620,1254,614
87,16,5;11,493648,493648,1204,1173,1254,50
87,17,6;11,493648,493648,707,681,1254,547
87,18,11;12,493648,493648,649,613,1254,605
87,19,8;14,493648,493648,393,352,1254,861
87,20,6;8,493648,493648,727,692,1254,527
87,21,3;6,493648,493648,472,446,1254,782
87,22,8;12,493648,493648,775,753,1254,479
87,23,2;4,493648,493648,301,261,1254,953
87,24,1;2,493648,493648,849,819,1254,405
87,25,2;14,493648,493648,434,408,1254,820
87,26,8;12,493648,493648,407,380,1254,847
87,27,2;3,493648,493648,428,397,1254,826
87,28,12;14,493648,493648,641,620,1254,613
87,29,2;5,493648,493648,1244,1213,1254,10
88,0,1;7,493648,493648,32,19,1254,1222
88,1,2;8,2468240,2468240,56,22,1254,1198
88,2,1;4,1727768,1727768,106,69,1254,1148
88,3,1;8,740472,740472,79,54,1254,1175
88,4,2;8,1234120,1234120,78,38,1254,1176
88,5,8;12,987296,987296,75,44,1254,1179
88,6,1;4,1727768,1727768,66,31,1254,1188
88,7,8;10,1234120,1234120,58,49,1254,1196
88,8,10;12,3702360,3702360,70,30,1254,1184
88,9,8;10,493648,493648,93,82,1254,1161
88,10,1;8,1480944,1480944,69,28,1254,1185
88,11,6;8,987296,987296,123,87,1254,1131
88,12,5;8,987296,987296,95,68,1254,1159
88,13,7;10,493648,493648,52,43,1254,1202
88,14,7;8,987296,987296,100,74,1254,1154
88,15,2;8,493648,493648,640,620,1254,614
88,16,1;5,493648,493648,1204,1173,1254,50
88,17,6;11,493648,493648,707,681,1254,547
88,18,4;11,493648,493648,649,613,1254,605
88,19,8;10,493648,493648,393,352,1254,861
88,20,6;8,493648,493648,727,692,1254,527
88,21,3;6,493648,493648,472,446,1254,782
88,22,6;8,493648,493648,775,753,1254,479
88,23,2;4,493648,493648,301,261,1254,953
88,24,1;2,493648,493648,849,819,1254,405
88,25,2;14,493648,493648,434,408,1254,820
88,26,8;12,493648,493648,407,380,1254,847
88,27,1;2,493648,493648,431,397,1254,823
88,28,12;14,493648,493648,641,620,1254,613
88,29,1;5,493648,493648,1245,1213,1254,9
89,0,1;7,740472,740472,32,19,1254,1222
89,1,2;8,2715064,2715064,56,22,1254,1198
89,2,1;4,2468240,2468240,106,69,1254,1148
89,3,1;4,740472,740472,79,54,1254,1175
89,4,0;2,1480944,1480944,78,38,1254,1176
89,5,8;12,493648,493648,53,44,1254,1201
89,6,1;4,1480944,1480944,66,31,1254,1188
89,7,2;11,1234120,1234120,60,49,1254,1194
89,8,10;12,2715064,2715064,70,30,1254,1184
89,9,2;8,987296,987296,95,82,1254,1159
89,10,1;8,493648,493648,40,28,1254,1214
89,11,1;9,1480944,1480944,123,87,1254,1131
89,12,8;9,1234120,1234120,95,68,1254,1159
89,13,7;14,493648,493648,52,43,1254,1202
89,14,7;8,1480944,1480944,115,74,1254,1139
89,15,2;8,493648,493648,640,620,1254,614
89,16,1;11,493648,493648,1204,1173,1254,50
89,17,6;11,493648,493648,707,681,1254,547
89,18,4;11,493648,493648,649,613,1254,605
89,19,8;14,493648,493648,393,352,1254,861
89,20,6;8,493648,493648,727,692,1254,527
89,21,3;6,493648,493648,472,446,1254,782
89,22,6;8,493648,493648,775,753,1254,479
89,23,2;4,493648,493648,301,261,1254,953
89,24,1;2,493648,493648,849,819,1254,405
89,25,2;14,493648,493648,434,408,1254,820
89,26,8;12,493648,493648,407,380,1254,847
89,27,1;2,493648,493648,431,397,1254,823
89,28,12;14,493648,493648,641,620,1254,613
89,29,1;2,493648,493648,1245,1213,1254,9
90,0,1;7,493648,493648,32,19,1254,1222
90,1,2;8,1727768,1727768,56,22,1254,1198
90,2,1;4,1727768,1727768,106,69,1254,1148
90,3,4;8,1480944,1480944,85,54,1254,1169
90,4,2;8,1480944,1480944,78,38,1254,1176
90,5,8;12,493648,493648,53,44,1254,1201
90,6,3;4,1234120,1234120,66,31,1254,1188
90,7,8;10,1234120,1234120,58,49,1254,1196
90,8,10;12,3702360,3702360,70,30,1254,1184
90,9,8;10,987296,987296,95,82,1254,1159
90,10,8;12,1480944,1480944,69,28,1254,1185
90,11,8;9,1234120,1234120,123,87,1254,1131
90,12,8;9,1480944,1480944,95,68,1254,1159
90,13,7;10,493648,493648,52,43,1254,1202
90,14,7;8,987296,987296,100,74,1254,1154
90,15,2;8,493648,493648,640,620,1254,614
90,16,1;11,493648,493648,1204,1173,1254,50
90,17,6;11,493648,493648,707,681,1254,547
90,18,4;11,493648,493648,649,613,1254,605
90,19,8;10,493648,493648,393,352,1254,861
90,20,6;8,493648,493648,727,692,1254,527
90,21,3;6,493648,493648,472,446,1254,782
90,22,3;8,493648,493648,774,753,1254,480
90,23,2;4,493648,493648,301,261,1254,953
90,24,1;2,493648,493648,849,819,1254,405
90,25,2;14,493648,493648,434,408,1254,820
90,26,8;12,493648,493648,407,380,1254,847
90,27,1;3,493648,493648,431,397,1254,823
90,28,12;14,493648,493648,641,620,1254,613
90,29,1;2,493648,493648,1245,1213,1254,9
91,0,2;7,740472,740472,58,19,1254,1196
91,1,2;8,1974592,1974592,56,22,1254,1198
91,2,0;1,3208712,3208712,106,69,1254,1148
91,3,1;2,740472,740472,79,54,1254,1175
91,4,2;8,493648,493648,48,38,1254,1206
91,5,8;12,493648,493648,53,44,1254,1201
91,6,2;13,1727768,1727768,66,31,1254,1188
91,7,2;10,1234120,1234120,58,49,1254,1196
91,8,10;12,2961888,2961888,70,30,1254,1184
91,9,2;10,493648,493648,93,82,1254,1161
91,10,1;8,1480944,1480944,69,28,1254,1185
91,11,6;8,1234120,1234120,123,87,1254,1131
91,12,5;8,1234120,1234120,102,68,1254,1152
91,13,7;10,740472,740472,53,43,1254,1201
91,14,7;8,987296,987296,100,74,1254,1154
91,15,2;8,493648,493648,640,620,1254,614
91,16,1;11,493648,493648,1204,1173,1254,50
91,17,6;11,493648,493648,707,681,1254,547
91,18,11;12,493648,493648,649,613,1254,605
91,19,8;10,493648,493648,393,352,1254,861
91,20,6;8,493648,493648,727,692,1254,527
91,21,3;6,493648,493648,472,446,1254,782
91,22,6;8,493648,493648,775,753,1254,479
91,23,0;2,493648,493648,300,261,1254,954
91,24,1;2,493648,493648,849,819,1254,405
91,25,2;14,493648,493648,434,408,1254,820
91,26,8;12,493648,493648,407,380,1254,847
91,27,1;2,493648,493648,431,397,1254,823
91,28,12;14,493648,493648,641,620,1254,613
91,29,1;2,493648,493648,1245,1213,1254,9
92,0,2;7,740472,740472,48,19,1254,1206
92,1,2;8,493648,493648,33,22,1254,1221
92,2,0;4,2468240,2468240,106,69,1254,1148
92,3,4;8,987296,987296,85,54,1254,1169
92,4,2;8,1234120,1234120,78,38,1254,1176
92,5,8;12,987296,987296,75,44,1254,1179
92,6,12;13,1727768,1727768,66,31,1254,1188
92,7,8;12,1234120,1234120,78,49,1254,1176
92,8,9;12,3702360,3702360,70,30,1254,1184
92,9,2;8,740472,740472,93,82,1254,1161
92,10,8;12,740472,740472,69,28,1254,1185
92,11,6;8,740472,740472,113,87,1254,1141
92,12,8;9,2715064,2715064,102,68,1254,1152
92,13,7;12,740472,740472,53,43,1254,1201
92,14,8;12,987296,987296,100,74,1254,1154
92,15,2;8,493648,493648,640,620,1254,614
92,16,5;7,493648,493648,1203,1173,1254,51
92,17,6;11,493648,493648,707,681,1254,547
92,18,4;12,493648,493648,649,613,1254,605
92,19,8;10,493648,493648,393,352,1254,861
92,20,6;8,493648,493648,727,692,1254,527
92,21,3;6,493648,493648,472,446,1254,782
92,22,6;8,493648,493648,775,753,1254,479
92,23,2;4,493648,493648,301,261,1254,953
92,24,0;2,493648,493648,848,819,1254,406
92,25,2;14,493648,493648,434,408,1254,820
92,26,8;12,493648,493648,407,380,1254,847
92,27,2;3,493648,493648,428,397,1254,826
92,28,12;14,493648,493648,641,620,1254,613
92,29,2;5,493648,493648,1244,1213,1254,10
93,0,2;7,740472,740472,58,19,1254,1196
93,1,2;8,1480944,1480944,56,22,1254,1198
93,2,1;4,2468240,2468240,106,69,1254,1148
93,3,2;8,740472,740472,79,54,1254,1175
93,4,2;8,493648,493648,48,38,1254,1206
93,5,8;12,493648,493648,53,44,1254,1201
93,6,12;13,1727768,1727768,66,31,1254,1188
93,7,8;10,987296,987296,78,49,1254,1176
93,8,10;12,3702360,3702360,70,30,1254,1184
93,9,8;10,740472,740472,93,82,1254,1161
93,10,8;12,1480944,1480944,69,28,1254,1185
93,11,6;8,987296,987296,123,87,1254,1131
93,12,8;9,2468240,2468240,102,68,1254,1152
93,13,10;12,740472,740472,53,43,1254,1201
93,14,8;12,987296,987296,100,74,1254,1154
93,15,2;8,493648,493648,640,620,1254,614
93,16,1;7,493648,493648,1204,1173,1254,50
93,17,6;11,493648,493648,707,681,1254,547
93,18,11;12,493648,493648,649,613,1254,605
93,19,8;10,493648,493648,393,352,1254,861
93,20,6;8,493648,493648,727,692,1254,527
93,21,3;6,493648,493648,472,446,1254,782
93,22,6;8,493648,493648,775,753,1254,479
93,23,0;2,493648,493648,300,261,1254,954
93,24,1;2,493648,493648,849,819,1254,405
93,25,2;14,493648,493648,434,408,1254,820
93,26,8;12,493648,493648,407,380,1254,847
93,27,1;2,493648,493648,431,397,1254,823
93,28,12;14,493648,493648,641,620,1254,613
93,29,1;2,493648,493648,1245,1213,1254,9
94,0,1;2,740472,740472,58,19,1254,1196
94,1,2;8,1727768,1727768,54,22,1254,1200
94,2,1;4,3208712,3208712,106,69,1254,1148
94,3,1;2,1234120,1234120,85,54,1254,1169
94,4,2;12,740472,740472,74,38,1254,1180
94,5,8;12,740472,740472,74,44,1254,1180
94,6,2;13,1234120,1234120,66,31,1254,1188
94,7,2;10,987296,987296,58,49,1254,1196
94,8,9;10,1974592,1974592,70,30,1254,1184
94,9,2;10,1234120,1234120,95,82,1254,1159
94,10,8;12,1480944,1480944,69,28,1254,1185
94,11,9;12,740472,740472,113,87,1254,1141
94,12,8;9,2961888,2961888,102,68,1254,1152
94,13,7;10,740472,740472,53,43,1254,1201
94,14,7;12,987296,987296,100,74,1254,1154
94,15,2;12,493648,493648,641,620,1254,613
94,16,1;5,493648,493648,1204,1173,1254,50
94,17,6;11,493648,493648,707,681,1254,547
94,18,4;12,493648,493648,649,613,1254,605
94,19,8;10,493648,493648,393,352,1254,861
94,20,6;8,493648,493648,727,692,1254,527
94,21,3;6,493648,493648,472,446,1254,782
94,22,3;12,493648,493648,775,753,1254,479
94,23,0;2,493648,493648,300,261,1254,954
94,24,1;2,493648,493648,849,819,1254,405
94,25,2;14,493648,493648,434,408,1254,820
94,26,8;12,493648,493648,407,380,1254,847
94,27,2;3,493648,493648,428,397,1254,826
94,28,12;14,493648,493648,641,620,1254,613
94,29,1;2,493648,493648,1245,1213,1254,9
95,0,1;2,740472,740472,58,19,1254,1196
95,1,2;8,987296,987296,52,22,1254,1202
95,2,1;4,3208712,3208712,106,69,1254,1148
95,3,2;8,1234120,1234120,85,54,1254,1169
95,4,2;8,493648,493648,48,38,1254,1206
95,5,8;12,987296,987296,75,44,1254,1179
95,6,2;13,1234120,1234120,66,31,1254,1188
95,7,2;8,740472,740472,58,49,1254,1196
95,8,9;10,3702360,3702360,70,30,1254,1184
95,9,2;8,987296,987296,95,82,1254,1159
95,10,8;12,987296,987296,69,28,1254,1185
95,11,8;9,1234120,1234120,123,87,1254,1131
95,12,8;9,1974592,1974592,102,68,1254,1152
95,13,7;10,740472,740472,53,43,1254,1201
95,14,8;12,987296,987296,100,74,1254,1154
95,15,2;8,493648,493648,640,620,1254,614
95,16,5;11,493648,493648,1204,1173,1254,50
95,17,6;11,493648,493648,707,681,1254,547
95,18,11;12,493648,493648,649,613,1254,605
95,19,8;10,493648,493648,393,352,1254,861
95,20,6;8,493648,493648,727,692,1254,527
95,21,3;6,493648,493648,472,446,1254,782
95,22,3;8,493648,493648,774,753,1254,480
95,23,0;2,493648,493648,300,261,1254,954
95,24,1;2,493648,493648,849,819,1254,405
95,25,2;14,493648,493648,434,408,1254,820
95,26,8;12,493648,493648,407,380,1254,847
95,27,2;3,493648,493648,428,397,1254,826
95,28,12;14,493648,493648,641,620,1254,613
95,29,2;5,493648,493648,1244,1213,1254,10
96,0,1;2,740472,740472,48,19,1254,1206
96,1,2;8,740472,740472,35,22,1254,1219
96,2,1;3,3208712,3208712,106,69,1254,1148
96,3,2;4,1234120,1234120,85,54,1254,1169
96,4,2;12,1234120,1234120,78,38,1254,1176
96,5,8;12,987296,987296,75,44,1254,1179
96,6,2;12,1234120,1234120,66,31,1254,1188
96,7,2;12,987296,987296,58,49,1254,1196
96,8,10;12,1974592,1974592,70,30,1254,1184
96,9,2;8,740472,740472,95,82,1254,1159
96,10,8;12,740472,740472,69,28,1254,1185
96,11,9;12,987296,987296,118,87,1254,1136
96,12,5;8,3455536,3455536,102,68,1254,1152
96,13,7;12,493648,493648,52,43,1254,1202
96,14,7;12,987296,987296,100,74,1254,1154
96,15,2;12,493648,493648,641,620,1254,613
96,16,5;11,493648,493648,1204,1173,1254,50
96,17,6;11,493648,493648,707,681,1254,547
96,18,4;12,493648,493648,649,613,1254,605
96,19,8;10,493648,493648,393,352,1254,861
96,20,6;8,493648,493648,727,692,1254,527
96,21,3;6,493648,493648,472,446,1254,782
96,22,3;12,493648,493648,775,753,1254,479
96,23,2;4,493648,493648,301,261,1254,953
96,24,0;2,493648,493648,848,819,1254,406
96,25,2;14,493648,493648,434,408,1254,820
96,26,8;12,493648,493648,407,380,1254,847
96,27,2;3,493648,493648,428,397,1254,826
96,28,12;14,493648,493648,641,620,1254,613
96,29,2;5,493648,493648,1244,1213,1254,10
97,0,1;2,493648,493648,32,19,1254,1222
97,1,2;8,1974592,1974592,56,22,1254,1198
97,2,1;3,3208712,3208712,106,69,1254,1148
97,3,1;2,740472,740472,79,54,1254,1175
97,4,2;12,493648,493648,48,38,1254,1206
97,5,8;12,987296,987296,79,44,1254,1175
97,6,2;12,1974592,1974592,69,31,1254,1185
97,7,2;12,493648,493648,57,49,1254,1197
97,8,10;12,2221416,2221416,70,30,1254,1184
97,9,2;8,493648,493648,92,82,1254,1162
97,10,8;12,987296,987296,69,28,1254,1185
97,11,6;12,740472,740472,113,87,1254,1141
97,12,5;8,3455536,3455536,102,68,1254,1152
97,13,10;12,493648,493648,52,43,1254,1202
97,14,8;12,987296,987296,100,74,1254,1154
97,15,2;12,493648,493648,641,620,1254,613
97,16,1;5,493648,493648,1204,1173,1254,50
97,17,6;11,493648,493648,707,681,1254,547
97,18,5;12,493648,493648,648,613,1254,606
97,19,8;10,493648,493648,393,352,1254,861
97,20,6;8,493648,493648,727,692,1254,527
97,21,3;6,493648,493648,472,446,1254,782
97,22,6;12,493648,493648,775,753,1254,479
97,23,2;6,493648,493648,299,261,1254,955
97,24,1;2,493648,493648,849,819,1254,405
97,25,2;14,493648,493648,434,408,1254,820
97,26,8;12,493648,493648,407,380,1254,847
97,27,1;2,493648,493648,431,397,1254,823
97,28,12;14,493648,493648,641,620,1254,613
97,29,1;2,493648,493648,1245,1213,1254,9
98,0,1;2,493648,493648,32,19,1254,1222
98,1,2;8,1234120,1234120,52,22,1254,1202
98,2,1;3,3208712,3208712,106,69,1254,1148
98,3,1;2,1234120,1234120,85,54,1254,1169
98,4,2;12,493648,493648,48,38,1254,1206
98,5,8;12,1234120,1234120,79,44,1254,1175
98,6,2;12,1480944,1480944,69,31,1254,1185
98,7,2;12,987296,987296,58,49,1254,1196
98,8,9;12,2468240,2468240,70,30,1254,1184
98,9,2;8,987296,987296,95,82,1254,1159
98,10,8;12,740472,740472,69,28,1254,1185
98,11,8;9,987296,987296,118,87,1254,1136
98,12,5;9,3208712,3208712,102,68,1254,1152
98,13,7;12,493648,493648,52,43,1254,1202
98,14,7;12,987296,987296,100,74,1254,1154
98,15,2;12,493648,493648,641,620,1254,613
98,16,5;11,493648,493648,1204,1173,1254,50
98,17,6;11,493648,493648,707,681,1254,547
98,18,5;12,493648,493648,648,613,1254,606
98,19,8;10,493648,493648,393,352,1254,861
98,20,6;8,493648,493648,727,692,1254,527
98,21,3;6,493648,493648,472,446,1254,782
98,22,3;8,493648,493648,774,753,1254,480
98,23,2;6,493648,493648,299,261,1254,955
98,24,1;2,493648,493648,849,819,1254,405
98,25,2;14,493648,493648,434,408,1254,820
98,26,8;12,493648,493648,407,380,1254,847
98,27,2;3,493648,493648,428,397,1254,826
98,28,12;14,493648,493648,641,620,1254,613
98,29,2;5,493648,493648,1244,1213,1254,10
99,0,1;2,493648,493648,32,19,1254,1222
99,1,2;8,1974592,1974592,56,22,1254,1198
99,2,1;3,3208712,3208712,106,69,1254,1148
99,3,1;2,740472,740472,79,54,1254,1175
99,4,2;12,493648,493648,48,38,1254,1206
99,5,8;12,987296,987296,79,44,1254,1175
99,6,2;12,1480944,1480944,69,31,1254,1185
99,7,2;12,493648,493648,57,49,1254,1197
99,8,9;12,2468240,2468240,70,30,1254,1184
99,9,2;8,987296,987296,95,82,1254,1159
99,10,8;12,740472,740472,69,28,1254,1185
99,11,9;12,740472,740472,113,87,1254,1141
99,12,8;9,3702360,3702360,102,68,1254,1152
99,13,12;14,493648,493648,52,43,1254,1202
99,14,8;12,1234120,1234120,100,74,1254,1154
99,15,2;12,493648,493648,641,620,1254,613
99,16,1;5,493648,493648,1204,1173,1254,50
99,17,6;11,493648,493648,707,681,1254,547
99,18,5;12,493648,493648,648,613,1254,606
99,19,8;10,493648,493648,393,352,1254,861
99,20,6;8,493648,493648,727,692,1254,527
99,21,3;6,493648,493648,472,446,1254,782
99,22,8;12,493648,493648,775,753,1254,479
99,23,2;6,493648,493648,299,261,1254,955
99,24,1;2,493648,493648,849,819,1254,405
99,25,2;14,493648,493648,434,408,1254,820
99,26,8;12,493648,493648,407,380,1254,847
99,27,1;2,493648,493648,431,397,1254,823
99,28,12;14,493648,493648,641,620,1254,613
99,29,1;2,493648,493648,1245,1213,1254,9
