round,node,peers,ul_bytes,dl_bytes,busy_ticks,train_ticks,round_duration_ticks,idle_ticks
0,0,9;12,493648,493648,95,83,907,812
0,1,11;12,493648,493648,59,46,907,848
0,2,9;12,493648,493648,111,102,907,796
0,3,9;12,493648,493648,41,29,907,866
0,4,9;12,493648,493648,63,51,907,844
0,5,9;12,493648,493648,58,47,907,849
0,6,11;12,493648,493648,36,25,907,871
0,7,11;12,493648,493648,59,48,907,848
0,8,11;12,493648,493648,52,41,907,855
0,9,11;12,2221416,2221416,72,43,907,835
0,10,11;12,493648,493648,64,53,907,843
0,11,9;12,5676952,5676952,127,87,907,780
0,12,9;11,6911072,6911072,85,44,907,822
0,13,11;12,493648,493648,66,54,907,841
0,14,11;12,493648,493648,122,110,907,785
0,15,11;12,493648,493648,596,568,907,311
0,16,11;12,493648,493648,475,434,907,432
0,17,11;12,493648,493648,658,629,907,249
0,18,11;12,493648,493648,565,526,907,342
0,19,11;12,493648,493648,511,484,907,396
0,20,11;12,493648,493648,439,413,907,468
0,21,11;12,493648,493648,618,584,907,289
0,22,11;12,493648,493648,868,833,907,39
0,23,11;12,493648,493648,498,467,907,409
0,24,11;12,493648,493648,889,866,907,18
0,25,11;12,493648,493648,532,502,907,375
0,26,9;12,493648,493648,558,528,907,349
0,27,9;11,493648,493648,650,620,907,257
0,28,11;12,493648,493648,611,577,907,296
0,29,11;12,493648,493648,444,418,907,463
1,0,2;14,4442832,4442832,119,83,907,788
1,1,0;14,493648,493648,60,46,907,847
1,2,0;14,4196008,4196008,141,102,907,766
1,3,0;14,493648,493648,42,29,907,865
1,4,0;14,740472,740472,80,51,907,827
1,5,0;14,493648,493648,59,47,907,848
1,6,0;14,493648,493648,37,25,907,870
1,7,0;14,493648,493648,60,48,907,847
1,8,0;2,493648,493648,53,41,907,854
1,9,0;14,493648,493648,53,43,907,854
1,10,0;14,493648,493648,65,53,907,842
1,11,0;14,493648,493648,99,87,907,808
1,12,0;14,493648,493648,56,44,907,851
1,13,0;2,493648,493648,67,54,907,840
1,14,0;2,5923776,5923776,151,110,907,756
1,15,2;4,493648,493648,597,568,907,310
1,16,2;14,493648,493648,475,434,907,432
1,17,2;14,493648,493648,658,629,907,249
1,18,2;14,493648,493648,565,526,907,342
1,19,2;14,493648,493648,511,484,907,396
1,20,2;14,493648,493648,439,413,907,468
1,21,0;14,493648,493648,619,584,907,288
1,22,0;14,493648,493648,869,833,907,38
1,23,0;2,493648,493648,499,467,907,408
1,24,0;2,493648,493648,890,866,907,17
1,25,2;14,493648,493648,532,502,907,375
1,26,2;14,493648,493648,558,528,907,349
1,27,2;14,493648,493648,651,620,907,256
1,28,2;14,493648,493648,611,577,907,296
1,29,2;14,493648,493648,444,418,907,463
2,0,2;5,493648,493648,95,83,907,812
2,1,12;14,493648,493648,59,46,907,848
2,2,9;12,2715064,2715064,141,102,907,766
2,3,5;14,493648,493648,42,29,907,865
2,4,9;12,740472,740472,80,51,907,827
2,5,9;12,4936480,4936480,86,47,907,821
2,6,5;12,493648,493648,36,25,907,871
2,7,5;10,1234120,1234120,82,48,907,825
2,8,5;12,493648,493648,52,41,907,855
2,9,5;12,1234120,1234120,72,43,907,835
2,10,5;7,493648,493648,64,53,907,843
2,11,5;14,493648,493648,98,87,907,809
2,12,5;9,2468240,2468240,72,44,907,835
2,13,5;12,493648,493648,66,54,907,841
2,14,5;7,2961888,2961888,151,110,907,756
2,15,4;12,493648,493648,597,568,907,310
2,16,2;14,493648,493648,475,434,907,432
2,17,2;5,493648,493648,658,629,907,249
2,18,2;5,493648,493648,565,526,907,342
2,19,5;14,493648,493648,511,484,907,396
2,20,2;5,493648,493648,439,413,907,468
2,21,5;14,493648,493648,618,584,907,289
2,22,5;14,493648,493648,868,833,907,39
2,23,2;5,493648,493648,498,467,907,409
2,24,2;5,493648,493648,889,866,907,18
2,25,2;14,493648,493648,532,502,907,375
2,26,2;7,493648,493648,558,528,907,349
2,27,5;9,493648,493648,651,620,907,256
2,28,7;14,493648,493648,611,577,907,296
2,29,12;14,493648,493648,444,418,907,463
3,0,9;12,987296,987296,95,83,907,812
3,1,11;12,493648,493648,59,46,907,848
3,2,7;12,3949184,3949184,141,102,907,766
3,3,2;5,493648,493648,41,29,907,866
3,4,0;2,493648,493648,63,51,907,844
3,5,0;2,2961888,2961888,86,47,907,821
3,6,5;14,493648,493648,37,25,907,870
3,7,2;5,740472,740472,82,48,907,825
3,8,5;14,740472,740472,67,41,907,840
3,9,2;11,740472,740472,53,43,907,854
3,10,2;5,493648,493648,64,53,907,843
3,11,2;5,2468240,2468240,117,87,907,790
3,12,2;11,3455536,3455536,85,44,907,822
3,13,2;14,493648,493648,66,54,907,841
3,14,11;12,2221416,2221416,149,110,907,758
3,15,12;14,493648,493648,596,568,907,311
3,16,2;12,493648,493648,475,434,907,432
3,17,11;12,493648,493648,658,629,907,249
3,18,5;14,493648,493648,565,526,907,342
3,19,2;8,493648,493648,510,484,907,397
3,20,11;12,493648,493648,439,413,907,468
3,21,2;5,493648,493648,618,584,907,289
3,22,2;5,493648,493648,868,833,907,39
3,23,11;12,493648,493648,498,467,907,409
3,24,5;14,493648,493648,889,866,907,18
3,25,12;14,493648,493648,532,502,907,375
3,26,2;12,493648,493648,558,528,907,349
3,27,2;11,493648,493648,650,620,907,257
3,28,7;12,493648,493648,611,577,907,296
3,29,2;12,493648,493648,444,418,907,463
4,0,2;11,1727768,1727768,115,83,906,791
4,1,0;12,493648,493648,60,46,906,846
4,2,7;12,3949184,3949184,141,102,906,765
4,3,2;5,493648,493648,41,29,906,865
4,4,2;7,493648,493648,63,51,906,843
4,5,2;12,1234120,1234120,82,47,906,824
4,6,2;11,493648,493648,36,25,906,870
4,7,2;12,1974592,1974592,83,48,906,823
4,8,0;12,740472,740472,68,41,906,838
4,9,0;11,987296,987296,72,43,906,834
4,10,11;12,493648,493648,64,53,906,842
4,11,7;9,3702360,3702360,127,87,906,779
4,12,2;7,2468240,2468240,75,44,906,831
4,13,7;11,493648,493648,66,54,906,840
4,14,0;2,493648,493648,123,110,906,783
4,15,7;8,493648,493648,596,568,906,310
4,16,2;11,493648,493648,474,434,906,432
4,17,2;11,493648,493648,657,629,906,249
4,18,2;11,493648,493648,564,526,906,342
4,19,11;12,493648,493648,511,484,906,395
4,20,2;11,493648,493648,438,413,906,468
4,21,5;11,493648,493648,618,584,906,288
4,22,5;7,493648,493648,868,833,906,38
4,23,0;2,493648,493648,499,467,906,407
4,24,11;12,493648,493648,889,866,906,17
4,25,2;11,493648,493648,531,502,906,375
4,26,2;9,493648,493648,556,528,906,350
4,27,9;12,493648,493648,651,620,906,255
4,28,2;7,493648,493648,611,577,906,295
4,29,11;12,493648,493648,444,418,906,462
5,0,6;14,2468240,2468240,119,83,907,788
5,1,11;14,493648,493648,59,46,907,848
5,2,6;14,2961888,2961888,139,102,907,768
5,3,0;9,493648,493648,42,29,907,865
5,4,9;14,493648,493648,64,51,907,843
5,5,9;14,493648,493648,59,47,907,848
5,6,0;11,1727768,1727768,59,25,907,848
5,7,0;11,493648,493648,60,48,907,847
5,8,2;11,493648,493648,51,41,907,856
5,9,6;14,1727768,1727768,71,43,907,836
5,10,0;14,493648,493648,65,53,907,842
5,11,0;2,3455536,3455536,127,87,907,780
5,12,9;11,1234120,1234120,85,44,907,822
5,13,0;2,493648,493648,67,54,907,840
5,14,2;11,3702360,3702360,144,110,907,763
5,15,6;11,493648,493648,596,568,907,311
5,16,11;12,493648,493648,475,434,907,432
5,17,6;14,493648,493648,658,629,907,249
5,18,2;12,493648,493648,565,526,907,342
5,19,2;11,493648,493648,510,484,907,397
5,20,11;14,493648,493648,439,413,907,468
5,21,0;2,493648,493648,619,584,907,288
5,22,0;12,493648,493648,869,833,907,38
5,23,2;11,493648,493648,497,467,907,410
5,24,0;2,493648,493648,890,866,907,17
5,25,2;14,493648,493648,532,502,907,375
5,26,9;14,493648,493648,558,528,907,349
5,27,11;14,493648,493648,651,620,907,256
5,28,6;14,493648,493648,611,577,907,296
5,29,2;14,493648,493648,444,418,907,463
6,0,5;9,1234120,1234120,97,83,907,810
6,1,0;2,493648,493648,60,46,907,847
6,2,0;9,3702360,3702360,141,102,907,766
6,3,2;11,493648,493648,41,29,907,866
6,4,0;2,740472,740472,80,51,907,827
6,5,0;2,5430128,5430128,88,47,907,819
6,6,5;11,493648,493648,36,25,907,871
6,7,5;10,987296,987296,78,48,907,829
6,8,5;9,493648,493648,52,41,907,855
6,9,2;5,1974592,1974592,80,43,907,827
6,10,2;5,740472,740472,64,53,907,843
6,11,5;12,1974592,1974592,121,87,907,786
6,12,2;5,1234120,1234120,75,44,907,832
6,13,5;11,493648,493648,66,54,907,841
6,14,5;7,740472,740472,144,110,907,763
6,15,2;4,493648,493648,597,568,907,310
6,16,2;5,493648,493648,475,434,907,432
6,17,2;5,493648,493648,658,629,907,249
6,18,5;9,493648,493648,565,526,907,342
6,19,5;9,493648,493648,511,484,907,396
6,20,2;5,493648,493648,439,413,907,468
6,21,5;14,493648,493648,618,584,907,289
6,22,5;11,493648,493648,868,833,907,39
6,23,5;12,493648,493648,498,467,907,409
6,24,5;9,493648,493648,889,866,907,18
6,25,9;12,493648,493648,532,502,907,375
6,26,2;7,493648,493648,558,528,907,349
6,27,2;5,493648,493648,651,620,907,256
6,28,2;11,493648,493648,610,577,907,297
6,29,5;11,493648,493648,444,418,907,463
7,0,2;12,493648,493648,95,83,907,812
7,1,9;12,493648,493648,59,46,907,848
7,2,7;12,2715064,2715064,139,102,907,768
7,3,5;12,493648,493648,41,29,907,866
7,4,7;12,987296,987296,78,51,907,829
7,5,9;12,1234120,1234120,81,47,907,826
7,6,2;9,493648,493648,34,25,907,873
7,7,2;14,1480944,1480944,78,48,907,829
7,8,12;14,987296,987296,68,41,907,839
7,9,4;12,2715064,2715064,82,43,907,825
7,10,7;12,493648,493648,64,53,907,843
7,11,9;14,740472,740472,117,87,907,790
7,12,7;14,4689656,4689656,78,44,907,829
7,13,2;12,493648,493648,66,54,907,841
7,14,2;12,2715064,2715064,151,110,907,756
7,15,8;12,493648,493648,596,568,907,311
7,16,9;14,493648,493648,475,434,907,432
7,17,9;12,493648,493648,658,629,907,249
7,18,2;14,493648,493648,565,526,907,342
7,19,8;14,493648,493648,511,484,907,396
7,20,9;12,493648,493648,439,413,907,468
7,21,9;12,493648,493648,618,584,907,289
7,22,2;14,493648,493648,868,833,907,39
7,23,2;9,493648,493648,496,467,907,411
7,24,2;14,493648,493648,889,866,907,18
7,25,2;14,493648,493648,532,502,907,375
7,26,5;7,493648,493648,558,528,907,349
7,27,11;12,493648,493648,651,620,907,256
7,28,5;12,493648,493648,611,577,907,296
7,29,4;12,493648,493648,445,418,907,462
8,0,8;11,493648,493648,95,83,907,812
8,1,4;11,493648,493648,60,46,907,847
8,2,6;11,1480944,1480944,134,102,907,773
8,3,8;14,493648,493648,42,29,907,865
8,4,9;11,740472,740472,65,51,907,842
8,5,2;11,740472,740472,58,47,907,849
8,6,11;12,1234120,1234120,59,25,907,848
8,7,11;12,1234120,1234120,83,48,907,824
8,8,2;11,3455536,3455536,79,41,907,828
8,9,6;11,987296,987296,72,43,907,835
8,10,5;14,493648,493648,65,53,907,842
8,11,7;8,5676952,5676952,127,87,907,780
8,12,8;11,1974592,1974592,85,44,907,822
8,13,7;8,493648,493648,66,54,907,841
8,14,8;11,1234120,1234120,138,110,907,769
8,15,7;14,493648,493648,596,568,907,311
8,16,11;12,493648,493648,475,434,907,432
8,17,8;11,493648,493648,657,629,907,250
8,18,8;11,493648,493648,564,526,907,343
8,19,11;12,493648,493648,511,484,907,396
8,20,8;11,493648,493648,438,413,907,469
8,21,2;11,493648,493648,617,584,907,290
8,22,7;8,493648,493648,868,833,907,39
8,23,8;11,493648,493648,497,467,907,410
8,24,11;12,493648,493648,889,866,907,18
8,25,8;11,493648,493648,531,502,907,376
8,26,11;12,493648,493648,558,528,907,349
8,27,8;9,493648,493648,650,620,907,257
8,28,6;11,493648,493648,611,577,907,296
8,29,2;11,493648,493648,443,418,907,464
9,0,6;7,4689656,4689656,119,83,907,788
9,1,0;2,493648,493648,60,46,907,847
9,2,7;14,1727768,1727768,141,102,907,766
9,3,0;7,493648,493648,42,29,907,865
9,4,0;14,493648,493648,64,51,907,843
9,5,0;14,1727768,1727768,88,47,907,819
9,6,0;14,987296,987296,54,25,907,853
9,7,0;5,2221416,2221416,82,48,907,825
9,8,0;7,493648,493648,53,41,907,854
9,9,0;7,1727768,1727768,80,43,907,827
9,10,0;11,740472,740472,84,53,907,823
9,11,0;12,987296,987296,114,87,907,793
9,12,0;9,1480944,1480944,83,44,907,824
9,13,0;14,493648,493648,67,54,907,840
9,14,0;7,2468240,2468240,141,110,907,766
9,15,6;11,493648,493648,596,568,907,311
9,16,2;5,493648,493648,475,434,907,432
9,17,6;7,493648,493648,658,629,907,249
9,18,9;12,493648,493648,565,526,907,342
9,19,2;9,493648,493648,509,484,907,398
9,20,2;14,493648,493648,439,413,907,468
9,21,0;5,493648,493648,619,584,907,288
9,22,0;12,493648,493648,869,833,907,38
9,23,0;10,493648,493648,499,467,907,408
9,24,0;9,493648,493648,890,866,907,17
9,25,2;12,493648,493648,532,502,907,375
9,26,0;9,493648,493648,559,528,907,348
9,27,5;14,493648,493648,651,620,907,256
9,28,0;7,493648,493648,612,577,907,295
9,29,5;14,493648,493648,444,418,907,463
10,0,2;5,493648,493648,95,83,907,812
10,1,12;14,493648,493648,59,46,907,848
10,2,9;12,4936480,4936480,139,102,907,768
10,3,2;9,493648,493648,39,29,907,868
10,4,2;12,493648,493648,63,51,907,844
10,5,2;12,2468240,2468240,86,47,907,821
10,6,2;5,1974592,1974592,66,25,907,841
10,7,2;10,493648,493648,59,48,907,848
10,8,5;9,740472,740472,67,41,907,840
10,9,2;12,1727768,1727768,82,43,907,825
10,10,2;12,987296,987296,64,53,907,843
10,11,2;10,493648,493648,98,87,907,809
10,12,2;5,3455536,3455536,78,44,907,829
10,13,2;12,493648,493648,66,54,907,841
10,14,2;12,987296,987296,144,110,907,763
10,15,2;12,493648,493648,596,568,907,311
10,16,6;9,493648,493648,475,434,907,432
10,17,2;5,493648,493648,658,629,907,249
10,18,2;5,493648,493648,565,526,907,342
10,19,6;8,493648,493648,511,484,907,396
10,20,5;12,493648,493648,439,413,907,468
10,21,9;12,493648,493648,618,584,907,289
10,22,5;6,493648,493648,868,833,907,39
10,23,2;12,493648,493648,498,467,907,409
10,24,2;5,493648,493648,889,866,907,18
10,25,6;9,493648,493648,532,502,907,375
10,26,2;6,493648,493648,558,528,907,349
10,27,2;12,493648,493648,651,620,907,256
10,28,6;14,493648,493648,611,577,907,296
10,29,2;12,493648,493648,444,418,907,463
11,0,9;11,740472,740472,95,83,906,811
11,1,9;11,493648,493648,58,46,906,848
11,2,0;11,1974592,1974592,141,102,906,765
11,3,4;11,493648,493648,42,29,906,864
11,4,9;11,1480944,1480944,80,51,906,826
11,5,9;11,740472,740472,74,47,906,832
11,6,9;11,493648,493648,36,25,906,870
11,7,9;11,740472,740472,59,48,906,847
11,8,2;12,987296,987296,68,41,906,838
11,9,4;14,3702360,3702360,75,43,906,831
11,10,9;11,493648,493648,64,53,906,842
11,11,5;9,5183304,5183304,127,87,906,779
11,12,7;11,987296,987296,67,44,906,839
11,13,9;11,493648,493648,65,54,906,841
11,14,8;9,1727768,1727768,149,110,906,757
11,15,4;8,493648,493648,597,568,906,309
11,16,2;11,493648,493648,474,434,906,432
11,17,9;14,493648,493648,658,629,906,248
11,18,11;14,493648,493648,565,526,906,341
11,19,2;5,493648,493648,511,484,906,395
11,20,9;11,493648,493648,438,413,906,468
11,21,2;14,493648,493648,618,584,906,288
11,22,2;11,493648,493648,867,833,906,39
11,23,9;11,493648,493648,497,467,906,409
11,24,4;12,493648,493648,890,866,906,16
11,25,11;14,493648,493648,532,502,906,374
11,26,11;14,493648,493648,558,528,906,348
11,27,9;11,493648,493648,650,620,906,256
11,28,2;9,493648,493648,609,577,906,297
11,29,4;11,493648,493648,445,418,906,461
12,0,12;14,2468240,2468240,123,83,907,784
12,1,2;4,493648,493648,60,46,907,847
12,2,7;12,1727768,1727768,130,102,907,777
12,3,5;12,740472,740472,42,29,907,865
12,4,3;7,740472,740472,65,51,907,842
12,5,0;2,1727768,1727768,78,47,907,829
12,6,7;12,1234120,1234120,54,25,907,853
12,7,12;14,2961888,2961888,83,48,907,824
12,8,7;11,1234120,1234120,79,41,907,828
12,9,5;6,740472,740472,64,43,907,843
12,10,6;7,987296,987296,83,53,907,824
12,11,7;14,1974592,1974592,120,87,907,787
12,12,8;14,2221416,2221416,85,44,907,822
12,13,5;10,493648,493648,66,54,907,841
12,14,5;11,1974592,1974592,151,110,907,756
12,15,7;11,493648,493648,596,568,907,311
12,16,12;14,493648,493648,475,434,907,432
12,17,6;11,493648,493648,658,629,907,249
12,18,0;8,493648,493648,566,526,907,341
12,19,11;14,493648,493648,511,484,907,396
12,20,0;2,493648,493648,440,413,907,467
12,21,0;11,493648,493648,619,584,907,288
12,22,7;14,493648,493648,868,833,907,39
12,23,5;7,493648,493648,498,467,907,409
12,24,0;9,493648,493648,890,866,907,17
12,25,0;2,493648,493648,533,502,907,374
12,26,7;10,493648,493648,558,528,907,349
12,27,0;8,493648,493648,652,620,907,255
12,28,11;12,493648,493648,611,577,907,296
12,29,0;2,493648,493648,445,418,907,462
13,0,3;8,1234120,1234120,97,83,908,811
13,1,0;9,493648,493648,60,46,908,848
13,2,6;9,1974592,1974592,131,102,908,777
13,3,8;9,1727768,1727768,71,29,908,837
13,4,0;2,493648,493648,63,51,908,845
13,5,9;12,2468240,2468240,88,47,908,820
13,6,2;5,740472,740472,53,25,908,855
13,7,0;5,740472,740472,60,48,908,848
13,8,9;14,2715064,2715064,75,41,908,833
13,9,3;11,3949184,3949184,80,43,908,828
13,10,3;5,740472,740472,84,53,908,824
13,11,2;8,987296,987296,109,87,908,799
13,12,2;9,1234120,1234120,83,44,908,825
13,13,2;8,493648,493648,65,54,908,843
13,14,7;8,740472,740472,141,110,908,767
13,15,6;9,493648,493648,596,568,908,312
13,16,3;5,493648,493648,476,434,908,432
13,17,8;12,493648,493648,658,629,908,250
13,18,9;12,493648,493648,565,526,908,343
13,19,2;9,493648,493648,509,484,908,399
13,20,3;8,493648,493648,440,413,908,468
13,21,5;9,493648,493648,618,584,908,290
13,22,8;9,493648,493648,867,833,908,41
13,23,8;10,493648,493648,498,467,908,410
13,24,9;11,493648,493648,888,866,908,20
13,25,8;9,493648,493648,531,502,908,377
13,26,5;9,493648,493648,558,528,908,350
13,27,2;14,493648,493648,651,620,908,257
13,28,3;5,493648,493648,612,577,908,296
13,29,5;9,493648,493648,444,418,908,464
14,0,5;7,493648,493648,95,83,905,810
14,1,12;14,493648,493648,59,46,905,846
14,2,5;14,1974592,1974592,141,102,905,764
14,3,7;14,493648,493648,42,29,905,863
14,4,12;14,493648,493648,64,51,905,841
14,5,2;14,3455536,3455536,86,47,905,819
14,6,11;14,493648,493648,37,25,905,868
14,7,2;10,1974592,1974592,82,48,905,823
14,8,2;5,493648,493648,52,41,905,853
14,9,7;12,987296,987296,82,43,905,823
14,10,12;14,740472,740472,65,53,905,840
14,11,5;9,740472,740472,98,87,905,807
14,12,1;5,3702360,3702360,79,44,905,826
14,13,7;14,493648,493648,66,54,905,839
14,14,2;12,3702360,3702360,144,110,905,761
14,15,12;14,493648,493648,596,568,905,309
14,16,2;9,493648,493648,473,434,905,432
14,17,5;7,493648,493648,658,629,905,247
14,18,2;5,493648,493648,565,526,905,340
14,19,5;12,493648,493648,511,484,905,394
14,20,5;14,493648,493648,439,413,905,466
14,21,12;14,493648,493648,618,584,905,287
14,22,5;12,493648,493648,868,833,905,37
14,23,2;12,493648,493648,498,467,905,407
14,24,5;14,493648,493648,889,866,905,16
14,25,5;12,493648,493648,532,502,905,373
14,26,2;12,493648,493648,558,528,905,347
14,27,5;12,493648,493648,651,620,905,254
14,28,7;14,493648,493648,611,577,905,294
14,29,12;14,493648,493648,444,418,905,461
15,0,2;8,987296,987296,96,83,907,811
15,1,8;11,493648,493648,58,46,907,849
15,2,11;12,3455536,3455536,135,102,907,772
15,3,0;2,493648,493648,42,29,907,865
15,4,8;11,493648,493648,63,51,907,844
15,5,8;11,493648,493648,58,47,907,849
15,6,9;12,1234120,1234120,66,25,907,841
15,7,8;11,493648,493648,59,48,907,848
15,8,10;12,4936480,4936480,81,41,907,826
15,9,2;8,740472,740472,52,43,907,855
15,10,2;8,1234120,1234120,82,53,907,825
15,11,10;12,3208712,3208712,125,87,907,782
15,12,2;8,1480944,1480944,70,44,907,837
15,13,8;12,493648,493648,66,54,907,841
15,14,0;10,493648,493648,123,110,907,784
15,15,2;8,493648,493648,595,568,907,312
15,16,6;8,493648,493648,475,434,907,432
15,17,2;10,493648,493648,658,629,907,249
15,18,8;11,493648,493648,564,526,907,343
15,19,6;8,493648,493648,511,484,907,396
15,20,11;12,493648,493648,439,413,907,468
15,21,2;8,493648,493648,617,584,907,290
15,22,2;6,493648,493648,868,833,907,39
15,23,8;11,493648,493648,497,467,907,410
15,24,2;8,493648,493648,888,866,907,19
15,25,2;8,493648,493648,531,502,907,376
15,26,2;11,493648,493648,557,528,907,350
15,27,8;11,493648,493648,650,620,907,257
15,28,2;8,493648,493648,610,577,907,297
15,29,8;11,493648,493648,443,418,907,464
16,0,1;6,3702360,3702360,119,83,907,788
16,1,2;9,2221416,2221416,86,46,907,821
16,2,0;9,1974592,1974592,131,102,907,776
16,3,4;12,740472,740472,42,29,907,865
16,4,7;9,1234120,1234120,80,51,907,827
16,5,0;2,493648,493648,59,47,907,848
16,6,0;1,740472,740472,55,25,907,852
16,7,9;12,740472,740472,60,48,907,847
16,8,0;1,493648,493648,53,41,907,854
16,9,0;3,3455536,3455536,75,43,907,832
16,10,0;9,493648,493648,65,53,907,842
16,11,0;1,2468240,2468240,127,87,907,780
16,12,0;11,1727768,1727768,85,44,907,822
16,13,0;11,493648,493648,67,54,907,840
16,14,9;11,740472,740472,149,110,907,758
16,15,4;11,493648,493648,597,568,907,310
16,16,11;12,493648,493648,475,434,907,432
16,17,9;11,493648,493648,657,629,907,250
16,18,1;14,493648,493648,566,526,907,341
16,19,2;9,493648,493648,509,484,907,398
16,20,2;9,493648,493648,437,413,907,470
16,21,9;11,493648,493648,617,584,907,290
16,22,0;1,493648,493648,869,833,907,38
16,23,0;9,493648,493648,499,467,907,408
16,24,9;12,493648,493648,889,866,907,18
16,25,6;11,493648,493648,532,502,907,375
16,26,0;1,493648,493648,559,528,907,348
16,27,0;2,493648,493648,652,620,907,255
16,28,0;12,493648,493648,612,577,907,295
16,29,2;4,493648,493648,445,418,907,462
17,0,9;11,740472,740472,118,83,907,789
17,1,4;10,493648,493648,60,46,907,847
17,2,5;6,1727768,1727768,141,102,907,766
17,3,5;11,987296,987296,56,29,907,851
17,4,3;10,987296,987296,75,51,907,832
17,5,9;12,2468240,2468240,88,47,907,819
17,6,2;11,1727768,1727768,59,25,907,848
17,7,5;10,1234120,1234120,79,48,907,828
17,8,2;11,1480944,1480944,75,41,907,832
17,9,5;6,1480944,1480944,80,43,907,827
17,10,6;11,3208712,3208712,87,53,907,820
17,11,2;8,2221416,2221416,121,87,907,786
17,12,7;10,740472,740472,55,44,907,852
17,13,5;10,493648,493648,66,54,907,841
17,14,5;8,740472,740472,139,110,907,768
17,15,6;7,493648,493648,596,568,907,311
17,16,2;5,493648,493648,475,434,907,432
17,17,8;14,493648,493648,658,629,907,249
17,18,2;9,493648,493648,563,526,907,344
17,19,10;11,493648,493648,511,484,907,396
17,20,3;8,493648,493648,440,413,907,467
17,21,0;10,493648,493648,619,584,907,288
17,22,8;11,493648,493648,867,833,907,40
17,23,5;7,493648,493648,498,467,907,409
17,24,4;10,493648,493648,890,866,907,17
17,25,2;10,493648,493648,532,502,907,375
17,26,6;10,493648,493648,558,528,907,349
17,27,9;10,493648,493648,651,620,907,256
17,28,6;11,493648,493648,611,577,907,296
17,29,5;9,493648,493648,444,418,907,463
18,0,12;14,1480944,1480944,123,83,908,785
18,1,12;14,493648,493648,59,46,908,849
18,2,7;14,740472,740472,112,102,908,796
18,3,9;14,740472,740472,71,29,908,837
18,4,2;14,740472,740472,64,51,908,844
18,5,10;14,493648,493648,59,47,908,849
18,6,7;14,740472,740472,54,25,908,854
18,7,2;14,1480944,1480944,83,48,908,825
18,8,9;14,493648,493648,52,41,908,856
18,9,4;10,2221416,2221416,75,43,908,833
18,10,7;12,1234120,1234120,84,53,908,824
18,11,7;14,493648,493648,98,87,908,810
18,12,9;14,2221416,2221416,83,44,908,825
18,13,9;14,1234120,1234120,84,54,908,824
18,14,7;12,5923776,5923776,151,110,908,757
18,15,9;14,493648,493648,596,568,908,312
18,16,3;14,493648,493648,476,434,908,432
18,17,6;12,493648,493648,658,629,908,250
18,18,0;12,493648,493648,566,526,908,342
18,19,13;14,493648,493648,511,484,908,397
18,20,0;14,493648,493648,440,413,908,468
18,21,12;14,493648,493648,618,584,908,290
18,22,7;14,493648,493648,868,833,908,40
18,23,10;14,493648,493648,498,467,908,410
18,24,0;13,493648,493648,890,866,908,18
18,25,13;14,493648,493648,532,502,908,376
18,26,9;14,493648,493648,558,528,908,350
18,27,12;14,493648,493648,651,620,908,257
18,28,9;14,493648,493648,611,577,908,297
18,29,0;14,493648,493648,445,418,908,463
19,0,5;7,987296,987296,97,83,907,810
19,1,0;9,493648,493648,60,46,907,847
19,2,11;12,987296,987296,112,102,907,795
19,3,8;13,1234120,1234120,64,29,907,843
19,4,0;11,493648,493648,63,51,907,844
19,5,8;11,3455536,3455536,86,47,907,821
19,6,5;12,493648,493648,36,25,907,871
19,7,0;12,987296,987296,78,48,907,829
19,8,3;7,740472,740472,53,41,907,854
19,9,11;14,1727768,1727768,82,43,907,825
19,10,3;5,493648,493648,65,53,907,842
19,11,5;9,3702360,3702360,125,87,907,782
19,12,5;11,2715064,2715064,75,44,907,832
19,13,2;11,987296,987296,95,54,907,812
19,14,2;3,740472,740472,123,110,907,784
19,15,11;12,493648,493648,596,568,907,311
19,16,9;13,493648,493648,475,434,907,432
19,17,5;11,493648,493648,658,629,907,249
19,18,5;11,493648,493648,565,526,907,342
19,19,5;12,493648,493648,511,484,907,396
19,20,11;12,493648,493648,439,413,907,468
19,21,5;9,493648,493648,618,584,907,289
19,22,5;9,493648,493648,868,833,907,39
19,23,11;12,493648,493648,498,467,907,409
19,24,5;11,493648,493648,889,866,907,18
19,25,9;12,493648,493648,532,502,907,375
19,26,7;11,493648,493648,558,528,907,349
19,27,5;11,493648,493648,651,620,907,256
19,28,3;5,493648,493648,612,577,907,295
19,29,11;12,493648,493648,444,418,907,463
20,0,3;8,740472,740472,114,83,906,792
20,1,8;11,493648,493648,58,46,906,848
20,2,7;9,3455536,3455536,141,102,906,765
20,3,2;7,740472,740472,42,29,906,864
20,4,7;8,493648,493648,63,51,906,843
20,5,2;9,1234120,1234120,82,47,906,824
20,6,8;9,493648,493648,36,25,906,870
20,7,2;9,2221416,2221416,82,48,906,824
20,8,2;7,4936480,4936480,81,41,906,825
20,9,7;8,3208712,3208712,80,43,906,826
20,10,5;9,740472,740472,64,53,906,842
20,11,10;12,740472,740472,99,87,906,807
20,12,2;8,740472,740472,55,44,906,851
20,13,7;8,493648,493648,66,54,906,840
20,14,8;9,493648,493648,121,110,906,785
20,15,2;8,493648,493648,595,568,906,311
20,16,2;8,493648,493648,474,434,906,432
20,17,7;9,493648,493648,658,629,906,248
20,18,8;9,493648,493648,564,526,906,342
20,19,5;8,493648,493648,511,484,906,395
20,20,2;9,493648,493648,437,413,906,469
20,21,2;8,493648,493648,617,584,906,289
20,22,2;5,493648,493648,868,833,906,38
20,23,2;8,493648,493648,497,467,906,409
20,24,2;9,493648,493648,887,866,906,19
20,25,0;8,493648,493648,533,502,906,373
20,26,2;7,493648,493648,558,528,906,348
20,27,8;9,493648,493648,650,620,906,256
20,28,7;8,493648,493648,611,577,906,295
20,29,8;9,493648,493648,443,418,906,463
21,0,4;7,493648,493648,95,83,907,812
21,1,2;4,493648,493648,60,46,907,847
21,2,4;7,1974592,1974592,139,102,907,768
21,3,4;7,493648,493648,42,29,907,865
21,4,7;12,3208712,3208712,86,51,907,821
21,5,10;14,3455536,3455536,86,47,907,821
21,6,5;7,987296,987296,66,25,907,841
21,7,8;11,4196008,4196008,89,48,907,818
21,8,4;5,1234120,1234120,63,41,907,844
21,9,2;7,987296,987296,72,43,907,835
21,10,7;8,740472,740472,64,53,907,843
21,11,5;7,740472,740472,98,87,907,809
21,12,4;5,740472,740472,56,44,907,851
21,13,7;12,493648,493648,66,54,907,841
21,14,7;11,987296,987296,145,110,907,762
21,15,4;7,493648,493648,597,568,907,310
21,16,6;7,493648,493648,475,434,907,432
21,17,2;7,493648,493648,658,629,907,249
21,18,2;5,493648,493648,565,526,907,342
21,19,6;9,493648,493648,511,484,907,396
21,20,4;5,493648,493648,440,413,907,467
21,21,4;5,493648,493648,619,584,907,288
21,22,7;14,493648,493648,868,833,907,39
21,23,7;9,493648,493648,498,467,907,409
21,24,5;8,493648,493648,889,866,907,18
21,25,2;5,493648,493648,532,502,907,375
21,26,4;5,493648,493648,559,528,907,348
21,27,4;5,493648,493648,652,620,907,255
21,28,5;7,493648,493648,611,577,907,296
21,29,2;4,493648,493648,445,418,907,462
22,0,1;6,740472,740472,97,83,907,810
22,1,10;12,1974592,1974592,86,46,907,821
22,2,5;6,987296,987296,127,102,907,780
22,3,11;12,1234120,1234120,56,29,907,851
22,4,3;9,493648,493648,64,51,907,843
22,5,0;12,987296,987296,76,47,907,831
22,6,1;11,1727768,1727768,60,25,907,847
22,7,10;14,493648,493648,60,48,907,847
22,8,10;12,740472,740472,66,41,907,841
22,9,3;12,987296,987296,53,43,907,854
22,10,6;14,2221416,2221416,84,53,907,823
22,11,2;14,2221416,2221416,127,87,907,780
22,12,1;3,3208712,3208712,85,44,907,822
22,13,9;10,493648,493648,66,54,907,841
22,14,10;12,2221416,2221416,149,110,907,758
22,15,6;11,493648,493648,596,568,907,311
22,16,11;12,493648,493648,475,434,907,432
22,17,1;5,493648,493648,659,629,907,248
22,18,1;14,493648,493648,566,526,907,341
22,19,2;10,493648,493648,511,484,907,396
22,20,3;8,493648,493648,440,413,907,467
22,21,11;14,493648,493648,618,584,907,289
22,22,6;12,493648,493648,868,833,907,39
22,23,10;14,493648,493648,498,467,907,409
22,24,12;14,493648,493648,889,866,907,18
22,25,1;11,493648,493648,533,502,907,374
22,26,1;12,493648,493648,559,528,907,348
22,27,10;12,493648,493648,651,620,907,256
22,28,11;12,493648,493648,611,577,907,296
22,29,12;14,493648,493648,444,418,907,463
23,0,5;11,1727768,1727768,115,83,907,792
23,1,9;14,1234120,1234120,82,46,907,825
23,2,0;11,493648,493648,112,102,907,795
23,3,9;14,493648,493648,42,29,907,865
23,4,11;14,740472,740472,75,51,907,832
23,5,11;14,1974592,1974592,88,47,907,819
23,6,12;14,1480944,1480944,59,25,907,848
23,7,5;11,493648,493648,59,48,907,848
23,8,1;14,1234120,1234120,79,41,907,828
23,9,6;14,2221416,2221416,82,43,907,825
23,10,11;12,987296,987296,82,53,907,825
23,11,1;8,3208712,3208712,125,87,907,782
23,12,9;14,1234120,1234120,78,44,907,829
23,13,0;5,493648,493648,67,54,907,840
23,14,0;6,3702360,3702360,144,110,907,763
23,15,9;14,493648,493648,596,568,907,311
23,16,5;9,493648,493648,475,434,907,432
23,17,8;10,493648,493648,658,629,907,249
23,18,8;11,493648,493648,564,526,907,343
23,19,11;14,493648,493648,511,484,907,396
23,20,11;14,493648,493648,439,413,907,468
23,21,9;12,493648,493648,618,584,907,289
23,22,1;11,493648,493648,869,833,907,38
23,23,0;5,493648,493648,499,467,907,408
23,24,4;10,493648,493648,890,866,907,17
23,25,6;14,493648,493648,532,502,907,375
23,26,6;9,493648,493648,558,528,907,349
23,27,0;14,493648,493648,652,620,907,255
23,28,6;14,493648,493648,611,577,907,296
23,29,5;11,493648,493648,444,418,907,463
24,0,2;13,4689656,4689656,125,83,908,783
24,1,0;8,493648,493648,60,46,908,848
24,2,13;14,2715064,2715064,131,102,908,777
24,3,0;5,740472,740472,71,29,908,837
24,4,2;13,493648,493648,64,51,908,844
24,5,2;13,1480944,1480944,74,47,908,834
24,6,0;2,740472,740472,54,25,908,854
24,7,2;12,987296,987296,78,48,908,830
24,8,0;7,1234120,1234120,75,41,908,833
24,9,0;5,740472,740472,75,43,908,833
24,10,0;2,740472,740472,83,53,908,825
24,11,0;13,987296,987296,117,87,908,791
24,12,0;7,987296,987296,83,44,908,825
24,13,2;11,2961888,2961888,88,54,908,820
24,14,5;13,740472,740472,122,110,908,786
24,15,8;11,493648,493648,595,568,908,313
24,16,0;3,493648,493648,476,434,908,432
24,17,6;12,493648,493648,658,629,908,250
24,18,0;12,493648,493648,566,526,908,342
24,19,5;13,493648,493648,511,484,908,397
24,20,0;2,493648,493648,440,413,908,468
24,21,0;13,493648,493648,619,584,908,289
24,22,0;8,493648,493648,869,833,908,39
24,23,2;11,493648,493648,497,467,908,411
24,24,0;13,493648,493648,890,866,908,18
24,25,10;13,493648,493648,532,502,908,376
24,26,0;7,493648,493648,559,528,908,349
24,27,2;13,493648,493648,651,620,908,257
24,28,0;9,493648,493648,612,577,908,296
24,29,0;13,493648,493648,445,418,908,463
25,0,9;14,493648,493648,96,83,907,811
25,1,9;11,493648,493648,58,46,907,849
25,2,9;12,740472,740472,134,102,907,773
25,3,7;13,493648,493648,42,29,907,865
25,4,8;10,493648,493648,63,51,907,844
25,5,8;9,493648,493648,58,47,907,849
25,6,8;9,493648,493648,36,25,907,871
25,7,9;14,1727768,1727768,76,48,907,831
25,8,9;11,2715064,2715064,81,41,907,826
25,9,10;11,4689656,4689656,80,43,907,827
25,10,7;9,1234120,1234120,83,53,907,824
25,11,7;9,2221416,2221416,117,87,907,790
25,12,10;11,1727768,1727768,75,44,907,832
25,13,7;14,740472,740472,67,54,907,840
25,14,8;11,2468240,2468240,151,110,907,756
25,15,7;12,493648,493648,596,568,907,311
25,16,8;14,493648,493648,475,434,907,432
25,17,11;14,493648,493648,658,629,907,249
25,18,9;14,493648,493648,565,526,907,342
25,19,9;12,493648,493648,511,484,907,396
25,20,9;12,493648,493648,439,413,907,468
25,21,8;14,493648,493648,618,584,907,289
25,22,9;14,493648,493648,868,833,907,39
25,23,9;12,493648,493648,498,467,907,409
25,24,9;11,493648,493648,888,866,907,19
25,25,8;9,493648,493648,531,502,907,376
25,26,9;10,493648,493648,558,528,907,349
25,27,8;11,493648,493648,650,620,907,257
25,28,2;9,493648,493648,609,577,907,298
25,29,8;9,493648,493648,443,418,907,464
26,0,3;12,987296,987296,96,83,907,811
26,1,2;14,493648,493648,59,46,907,848
26,2,3;10,4196008,4196008,141,102,907,766
26,3,2;14,1974592,1974592,64,29,907,843
26,4,0;14,493648,493648,64,51,907,843
26,5,10;14,740472,740472,82,47,907,825
26,6,11;14,740472,740472,53,25,907,854
26,7,0;3,493648,493648,60,48,907,847
26,8,2;3,1480944,1480944,79,41,907,828
26,9,2;8,1480944,1480944,72,43,907,835
26,10,3;5,1480944,1480944,87,53,907,820
26,11,2;10,1974592,1974592,125,87,907,782
26,12,2;14,740472,740472,56,44,907,851
26,13,8;9,740472,740472,95,54,907,812
26,14,2;3,2715064,2715064,141,110,907,766
26,15,2;6,493648,493648,596,568,907,311
26,16,2;13,493648,493648,475,434,907,432
26,17,2;9,493648,493648,656,629,907,251
26,18,8;11,493648,493648,564,526,907,343
26,19,2;10,493648,493648,511,484,907,396
26,20,11;14,493648,493648,439,413,907,468
26,21,2;10,493648,493648,618,584,907,289
26,22,2;5,493648,493648,868,833,907,39
26,23,3;8,493648,493648,499,467,907,408
26,24,2;9,493648,493648,887,866,907,20
26,25,11;14,493648,493648,532,502,907,375
26,26,2;14,493648,493648,558,528,907,349
26,27,9;14,493648,493648,651,620,907,256
26,28,3;11,493648,493648,612,577,907,295
26,29,2;11,493648,493648,443,418,907,464
27,0,6;10,987296,987296,114,83,907,793
27,1,4;9,493648,493648,60,46,907,847
27,2,4;9,987296,987296,139,102,907,768
27,3,4;9,493648,493648,42,29,907,865
27,4,9;10,1974592,1974592,86,51,907,821
27,5,0;2,493648,493648,59,47,907,848
27,6,7;10,1727768,1727768,66,25,907,841
27,7,9;10,987296,987296,77,48,907,830
27,8,9;10,1480944,1480944,74,41,907,833
27,9,4;13,3208712,3208712,75,43,907,832
27,10,6;14,3208712,3208712,94,53,907,813
27,11,12;14,987296,987296,116,87,907,791
27,12,6;8,1234120,1234120,74,44,907,833
27,13,10;12,987296,987296,77,54,907,830
27,14,9;10,1480944,1480944,149,110,907,758
27,15,9;11,493648,493648,595,568,907,312
27,16,6;10,493648,493648,475,434,907,432
27,17,7;10,493648,493648,658,629,907,249
27,18,2;14,493648,493648,565,526,907,342
27,19,6;8,493648,493648,511,484,907,396
27,20,4;10,493648,493648,440,413,907,467
27,21,4;9,493648,493648,619,584,907,288
27,22,6;10,493648,493648,868,833,907,39
27,23,10;14,493648,493648,498,467,907,409
27,24,8;13,493648,493648,889,866,907,18
27,25,0;12,493648,493648,533,502,907,374
27,26,9;11,493648,493648,557,528,907,350
27,27,4;10,493648,493648,652,620,907,255
27,28,8;9,493648,493648,610,577,907,297
27,29,9;14,493648,493648,444,418,907,463
28,0,2;8,1234120,1234120,115,83,907,792
28,1,10;12,493648,493648,59,46,907,848
28,2,5;6,2221416,2221416,130,102,907,777
28,3,6;8,493648,493648,41,29,907,866
28,4,2;6,740472,740472,78,51,907,829
28,5,2;11,3949184,3949184,86,47,907,821
28,6,2;5,2961888,2961888,64,25,907,843
28,7,2;11,1234120,1234120,83,48,907,824
28,8,5;6,1480944,1480944,53,41,907,854
28,9,6;7,1234120,1234120,82,43,907,825
28,10,2;8,740472,740472,66,53,907,841
28,11,5;8,1234120,1234120,120,87,907,787
28,12,1;5,740472,740472,85,44,907,822
28,13,2;5,493648,493648,66,54,907,841
28,14,0;6,987296,987296,138,110,907,769
28,15,5;14,493648,493648,596,568,907,311
28,16,9;12,493648,493648,475,434,907,432
28,17,5;11,493648,493648,658,629,907,249
28,18,5;6,493648,493648,565,526,907,342
28,19,9;14,493648,493648,511,484,907,396
28,20,2;5,493648,493648,439,413,907,468
28,21,5;11,493648,493648,618,584,907,289
28,22,7;9,493648,493648,868,833,907,39
28,23,5;7,493648,493648,498,467,907,409
28,24,0;5,493648,493648,890,866,907,17
28,25,2;6,493648,493648,532,502,907,375
28,26,5;6,493648,493648,558,528,907,349
28,27,0;5,493648,493648,652,620,907,255
28,28,5;6,493648,493648,611,577,907,296
28,29,4;6,493648,493648,445,418,907,462
29,0,7;14,740472,740472,97,83,907,810
29,1,0;11,1480944,1480944,86,46,907,821
29,2,7;14,987296,987296,131,102,907,776
29,3,2;11,493648,493648,41,29,907,866
29,4,7;11,1480944,1480944,82,51,907,825
29,5,7;14,493648,493648,59,47,907,848
29,6,10;14,493648,493648,37,25,907,870
29,7,8;14,1974592,1974592,89,48,907,818
29,8,4;14,987296,987296,69,41,907,838
29,9,11;14,493648,493648,53,43,907,854
29,10,12;14,1234120,1234120,84,53,907,823
29,11,1;14,3208712,3208712,127,87,907,780
29,12,4;11,1727768,1727768,79,44,907,828
29,13,11;14,740472,740472,81,54,907,826
29,14,7;11,4196008,4196008,149,110,907,758
29,15,4;11,493648,493648,597,568,907,310
29,16,7;11,493648,493648,475,434,907,432
29,17,1;8,493648,493648,659,629,907,248
29,18,1;14,493648,493648,566,526,907,341
29,19,11;13,493648,493648,511,484,907,396
29,20,12;14,493648,493648,439,413,907,468
29,21,12;14,493648,493648,618,584,907,289
29,22,12;14,493648,493648,868,833,907,39
29,23,10;11,493648,493648,498,467,907,409
29,24,11;14,493648,493648,889,866,907,18
29,25,1;14,493648,493648,533,502,907,374
29,26,1;4,493648,493648,559,528,907,348
29,27,2;10,493648,493648,651,620,907,256
29,28,7;14,493648,493648,611,577,907,296
29,29,11;12,493648,493648,444,418,907,463
30,0,5;10,740472,740472,115,83,907,792
30,1,8;14,987296,987296,82,46,907,825
30,2,5;11,1480944,1480944,139,102,907,768
30,3,5;14,987296,987296,42,29,907,865
30,4,3;12,493648,493648,64,51,907,843
30,5,2;13,4442832,4442832,88,47,907,819
30,6,1;5,493648,493648,38,25,907,869
30,7,5;10,493648,493648,59,48,907,848
30,8,1;10,493648,493648,53,41,907,854
30,9,2;3,987296,987296,53,43,907,854
30,10,9;11,3208712,3208712,94,53,907,813
30,11,5;13,2221416,2221416,125,87,907,782
30,12,5;9,1727768,1727768,78,44,907,829
30,13,5;10,987296,987296,80,54,907,827
30,14,10;12,987296,987296,123,110,907,784
30,15,5;12,493648,493648,596,568,907,311
30,16,5;10,493648,493648,475,434,907,432
30,17,5;10,493648,493648,658,629,907,249
30,18,2;11,493648,493648,564,526,907,343
30,19,2;5,493648,493648,511,484,907,396
30,20,10;11,493648,493648,439,413,907,468
30,21,5;10,493648,493648,618,584,907,289
30,22,1;10,493648,493648,869,833,907,38
30,23,0;2,493648,493648,499,467,907,408
30,24,5;12,493648,493648,889,866,907,18
30,25,5;11,493648,493648,532,502,907,375
30,26,5;11,493648,493648,558,528,907,349
30,27,5;11,493648,493648,651,620,907,256
30,28,10;12,493648,493648,611,577,907,296
30,29,5;13,493648,493648,444,418,907,463
31,0,1;2,3949184,3949184,125,83,908,783
31,1,0;9,493648,493648,60,46,908,848
31,2,0;12,3208712,3208712,134,102,908,774
31,3,7;12,740472,740472,42,29,908,866
31,4,2;14,740472,740472,75,51,908,833
31,5,9;12,987296,987296,81,47,908,827
31,6,0;12,493648,493648,37,25,908,871
31,7,2;12,987296,987296,60,48,908,848
31,8,2;12,1234120,1234120,75,41,908,833
31,9,0;12,1727768,1727768,80,43,908,828
31,10,0;2,740472,740472,80,53,908,828
31,11,0;2,493648,493648,99,87,908,809
31,12,0;2,2715064,2715064,75,44,908,833
31,13,0;7,493648,493648,67,54,908,841
31,14,2;3,1727768,1727768,151,110,908,757
31,15,2;8,493648,493648,595,568,908,313
31,16,0;14,493648,493648,476,434,908,432
31,17,2;14,493648,493648,658,629,908,250
31,18,0;9,493648,493648,566,526,908,342
31,19,10;14,493648,493648,511,484,908,397
31,20,0;8,493648,493648,440,413,908,468
31,21,0;2,493648,493648,619,584,908,289
31,22,0;8,493648,493648,869,833,908,39
31,23,5;12,493648,493648,498,467,908,410
31,24,4;9,493648,493648,890,866,908,18
31,25,2;9,493648,493648,530,502,908,378
31,26,0;12,493648,493648,559,528,908,349
31,27,12;14,493648,493648,651,620,908,257
31,28,0;5,493648,493648,612,577,908,296
31,29,0;2,493648,493648,445,418,908,463
32,0,4;11,1727768,1727768,107,83,908,801
32,1,2;12,493648,493648,59,46,908,849
32,2,3;13,1234120,1234120,130,102,908,778
32,3,0;8,1974592,1974592,71,29,908,837
32,4,0;8,493648,493648,63,51,908,845
32,5,8;11,1234120,1234120,82,47,908,826
32,6,8;11,1974592,1974592,54,25,908,854
32,7,0;11,987296,987296,78,48,908,830
32,8,0;11,3702360,3702360,81,41,908,827
32,9,5;8,740472,740472,52,43,908,856
32,10,5;6,493648,493648,64,53,908,844
32,11,8;9,2468240,2468240,121,87,908,787
32,12,3;6,1727768,1727768,83,44,908,825
32,13,8;11,1480944,1480944,88,54,908,820
32,14,0;8,493648,493648,123,110,908,785
32,15,7;11,493648,493648,596,568,908,312
32,16,3;8,493648,493648,476,434,908,432
32,17,6;12,493648,493648,658,629,908,250
32,18,8;12,493648,493648,565,526,908,343
32,19,6;12,493648,493648,511,484,908,397
32,20,3;6,493648,493648,440,413,908,468
32,21,8;13,493648,493648,618,584,908,290
32,22,5;11,493648,493648,868,833,908,40
32,23,3;8,493648,493648,499,467,908,409
32,24,0;2,493648,493648,890,866,908,18
32,25,8;13,493648,493648,532,502,908,376
32,26,2;7,493648,493648,558,528,908,350
32,27,8;13,493648,493648,651,620,908,257
32,28,3;11,493648,493648,612,577,908,296
32,29,6;12,493648,493648,444,418,908,464
33,0,6;13,493648,493648,96,83,907,811
33,1,4;10,493648,493648,60,46,907,847
33,2,4;6,1234120,1234120,134,102,907,773
33,3,6;13,740472,740472,42,29,907,865
33,4,10;13,1974592,1974592,86,51,907,821
33,5,10;14,493648,493648,59,47,907,848
33,6,2;14,2961888,2961888,66,25,907,841
33,7,3;4,1727768,1727768,76,48,907,831
33,8,6;7,493648,493648,52,41,907,855
33,9,10;11,2468240,2468240,75,43,907,832
33,10,7;14,2468240,2468240,83,53,907,824
33,11,7;10,1727768,1727768,125,87,907,782
33,12,7;9,493648,493648,55,44,907,852
33,13,2;9,1727768,1727768,95,54,907,812
33,14,6;11,1727768,1727768,145,110,907,762
33,15,6;7,493648,493648,596,568,907,311
33,16,6;13,493648,493648,475,434,907,432
33,17,9;11,493648,493648,657,629,907,250
33,18,6;11,493648,493648,565,526,907,342
33,19,9;13,493648,493648,511,484,907,396
33,20,2;9,493648,493648,437,413,907,470
33,21,4;9,493648,493648,619,584,907,288
33,22,6;14,493648,493648,868,833,907,39
33,23,6;9,493648,493648,498,467,907,409
33,24,6;10,493648,493648,889,866,907,18
33,25,4;10,493648,493648,533,502,907,374
33,26,10;14,493648,493648,558,528,907,349
33,27,4;9,493648,493648,652,620,907,255
33,28,2;6,493648,493648,611,577,907,296
33,29,11;14,493648,493648,444,418,907,463
34,0,8;9,1234120,1234120,115,83,905,790
34,1,10;13,493648,493648,59,46,905,846
34,2,9;10,1727768,1727768,141,102,905,764
34,3,4;9,740472,740472,42,29,905,863
34,4,6;9,740472,740472,64,51,905,841
34,5,0;2,1480944,1480944,86,47,905,819
34,6,9;13,1480944,1480944,55,25,905,850
34,7,8;13,740472,740472,71,48,905,834
34,8,3;9,2221416,2221416,74,41,905,831
34,9,6;13,3455536,3455536,82,43,905,823
34,10,8;9,1234120,1234120,66,53,905,839
34,11,6;14,987296,987296,120,87,905,785
34,12,10;13,493648,493648,56,44,905,849
34,13,7;14,2468240,2468240,85,54,905,820
34,14,5;13,1234120,1234120,144,110,905,761
34,15,5;9,493648,493648,596,568,905,309
34,16,2;9,493648,493648,473,434,905,432
34,17,8;13,493648,493648,658,629,905,247
34,18,2;5,493648,493648,565,526,905,340
34,19,8;13,493648,493648,511,484,905,394
34,20,5;11,493648,493648,439,413,905,466
34,21,11;14,493648,493648,618,584,905,287
34,22,2;9,493648,493648,866,833,905,39
34,23,13;14,493648,493648,498,467,905,407
34,24,7;13,493648,493648,889,866,905,16
34,25,0;6,493648,493648,533,502,905,372
34,26,6;9,493648,493648,558,528,905,347
34,27,0;2,493648,493648,652,620,905,253
34,28,8;9,493648,493648,610,577,905,295
34,29,8;9,493648,493648,443,418,905,462
35,0,10;14,740472,740472,114,83,907,793
35,1,9;11,493648,493648,58,46,907,849
35,2,11;14,1234120,1234120,127,102,907,780
35,3,2;14,740472,740472,42,29,907,865
35,4,10;11,1727768,1727768,82,51,907,825
35,5,10;14,493648,493648,59,47,907,848
35,6,7;10,493648,493648,36,25,907,871
35,7,9;14,987296,987296,79,48,907,828
35,8,2;4,493648,493648,53,41,907,854
35,9,4;14,1234120,1234120,80,43,907,827
35,10,3;12,3455536,3455536,87,53,907,820
35,11,10;12,1234120,1234120,99,87,907,808
35,12,11;14,2468240,2468240,85,44,907,822
35,13,10;12,740472,740472,80,54,907,827
35,14,9;12,4196008,4196008,151,110,907,756
35,15,12;14,493648,493648,596,568,907,311
35,16,12;14,493648,493648,475,434,907,432
35,17,10;14,493648,493648,658,629,907,249
35,18,9;14,493648,493648,565,526,907,342
35,19,2;14,493648,493648,511,484,907,396
35,20,10;14,493648,493648,439,413,907,468
35,21,10;12,493648,493648,618,584,907,289
35,22,12;14,493648,493648,868,833,907,39
35,23,7;10,493648,493648,498,467,907,409
35,24,4;10,493648,493648,890,866,907,17
35,25,10;14,493648,493648,532,502,907,375
35,26,0;4,493648,493648,559,528,907,348
35,27,12;14,493648,493648,651,620,907,256
35,28,12;14,493648,493648,611,577,907,296
35,29,4;13,493648,493648,445,418,907,462
36,0,2;12,740472,740472,97,83,907,810
36,1,0;13,1234120,1234120,86,46,907,821
36,2,0;13,3208712,3208712,134,102,907,773
36,3,11;12,740472,740472,64,29,907,843
36,4,2;14,493648,493648,64,51,907,843
36,5,2;9,740472,740472,58,47,907,849
36,6,1;11,493648,493648,38,25,907,869
36,7,12;13,1974592,1974592,89,48,907,818
36,8,5;13,1480944,1480944,71,41,907,836
36,9,2;7,1480944,1480944,68,43,907,839
36,10,2;14,1234120,1234120,87,53,907,820
36,11,2;9,2468240,2468240,127,87,907,780
36,12,1;8,1727768,1727768,74,44,907,833
36,13,2;14,1727768,1727768,89,54,907,818
36,14,2;7,1480944,1480944,136,110,907,771
36,15,8;11,493648,493648,595,568,907,312
36,16,7;11,493648,493648,475,434,907,432
36,17,2;7,493648,493648,658,629,907,249
36,18,1;11,493648,493648,566,526,907,341
36,19,9;11,493648,493648,510,484,907,397
36,20,2;12,493648,493648,439,413,907,468
36,21,2;13,493648,493648,618,584,907,289
36,22,7;13,493648,493648,868,833,907,39
36,23,2;11,493648,493648,497,467,907,410
36,24,8;9,493648,493648,888,866,907,19
36,25,11;12,493648,493648,532,502,907,375
36,26,7;10,493648,493648,558,528,907,349
36,27,8;10,493648,493648,651,620,907,256
36,28,3;10,493648,493648,612,577,907,295
36,29,2;14,493648,493648,444,418,907,463
37,0,3;7,3208712,3208712,123,83,907,784
37,1,8;12,1480944,1480944,82,46,907,825
37,2,7;12,493648,493648,111,102,907,796
37,3,7;8,1234120,1234120,42,29,907,865
37,4,3;7,1234120,1234120,80,51,907,827
37,5,7;13,1480944,1480944,88,47,907,819
37,6,0;13,3208712,3208712,66,25,907,841
37,7,0;11,1727768,1727768,82,48,907,825
37,8,12;14,1480944,1480944,79,41,907,828
37,9,0;3,740472,740472,72,43,907,835
37,10,0;6,493648,493648,65,53,907,842
37,11,0;6,987296,987296,99,87,907,808
37,12,0;4,1727768,1727768,70,44,907,837
37,13,5;11,740472,740472,66,54,907,841
37,14,0;6,987296,987296,141,110,907,766
37,15,0;4,493648,493648,597,568,907,310
37,16,5;6,493648,493648,475,434,907,432
37,17,1;6,493648,493648,659,629,907,248
37,18,0;8,493648,493648,566,526,907,341
37,19,5;6,493648,493648,511,484,907,396
37,20,4;6,493648,493648,440,413,907,467
37,21,0;8,493648,493648,619,584,907,288
37,22,0;1,493648,493648,869,833,907,38
37,23,5;14,493648,493648,498,467,907,409
37,24,0;12,493648,493648,890,866,907,17
37,25,1;6,493648,493648,533,502,907,374
37,26,1;6,493648,493648,559,528,907,348
37,27,5;9,493648,493648,651,620,907,256
37,28,6;7,493648,493648,611,577,907,296
37,29,6;12,493648,493648,444,418,907,463
38,0,1;4,2221416,2221416,125,83,908,783
38,1,2;14,1234120,1234120,60,46,908,848
38,2,3;14,740472,740472,113,102,908,795
38,3,0;5,987296,987296,56,29,908,852
38,4,0;12,493648,493648,63,51,908,845
38,5,11;12,1480944,1480944,81,47,908,827
38,6,10;14,740472,740472,53,25,908,855
38,7,5;10,493648,493648,59,48,908,849
38,8,0;1,493648,493648,53,41,908,855
38,9,10;14,1480944,1480944,76,43,908,832
38,10,11;14,2468240,2468240,94,53,908,814
38,11,1;5,1727768,1727768,117,87,908,791
38,12,5;13,1234120,1234120,75,44,908,833
38,13,0;10,1974592,1974592,85,54,908,823
38,14,10;13,2468240,2468240,149,110,908,759
38,15,6;14,493648,493648,596,568,908,312
38,16,0;10,493648,493648,476,434,908,432
38,17,11;12,493648,493648,658,629,908,250
38,18,10;14,493648,493648,565,526,908,343
38,19,10;13,493648,493648,511,484,908,397
38,20,0;3,493648,493648,440,413,908,468
38,21,5;9,493648,493648,618,584,908,290
38,22,9;10,493648,493648,868,833,908,40
38,23,12;13,493648,493648,498,467,908,410
38,24,11;14,493648,493648,889,866,908,19
38,25,9;13,493648,493648,532,502,908,376
38,26,9;14,493648,493648,558,528,908,350
38,27,11;13,493648,493648,651,620,908,257
38,28,0;5,493648,493648,612,577,908,296
38,29,0;11,493648,493648,445,418,908,463
39,0,5;11,987296,987296,115,83,908,793
39,1,4;11,740472,740472,77,46,908,831
39,2,9;11,987296,987296,139,102,908,769
39,3,9;14,1234120,1234120,71,29,908,837
39,4,8;11,987296,987296,65,51,908,843
39,5,8;14,1234120,1234120,73,47,908,835
39,6,8;9,493648,493648,36,25,908,872
39,7,4;9,493648,493648,60,48,908,848
39,8,9;11,2715064,2715064,71,41,908,837
39,9,8;11,3702360,3702360,82,43,908,826
39,10,5;9,493648,493648,64,53,908,844
39,11,9;13,2961888,2961888,121,87,908,787
39,12,3;9,987296,987296,78,44,908,830
39,13,8;14,987296,987296,77,54,908,831
39,14,8;9,2221416,2221416,145,110,908,763
39,15,9;11,493648,493648,595,568,908,313
39,16,3;9,493648,493648,476,434,908,432
39,17,0;9,493648,493648,659,629,908,249
39,18,2;9,493648,493648,563,526,908,345
39,19,8;14,493648,493648,511,484,908,397
39,20,8;14,493648,493648,439,413,908,469
39,21,11;14,493648,493648,618,584,908,290
39,22,11;14,493648,493648,868,833,908,40
39,23,0;3,493648,493648,499,467,908,409
39,24,9;13,493648,493648,889,866,908,19
39,25,1;8,493648,493648,533,502,908,375
39,26,11;12,493648,493648,558,528,908,350
39,27,2;8,493648,493648,650,620,908,258
39,28,11;12,493648,493648,611,577,908,297
39,29,5;9,493648,493648,444,418,908,464
40,0,8;14,493648,493648,96,83,906,810
40,1,5;9,493648,493648,59,46,906,847
40,2,5;6,2221416,2221416,141,102,906,765
40,3,6;14,1234120,1234120,65,29,906,841
40,4,6;14,493648,493648,64,51,906,842
40,5,3;14,3208712,3208712,86,47,906,820
40,6,2;5,1727768,1727768,64,25,906,842
40,7,2;3,740472,740472,60,48,906,846
40,8,6;10,3208712,3208712,81,41,906,825
40,9,5;6,987296,987296,54,43,906,852
40,10,7;8,740472,740472,84,53,906,822
40,11,8;9,987296,987296,112,87,906,794
40,12,2;8,740472,740472,71,44,906,835
40,13,5;14,493648,493648,66,54,906,840
40,14,3;11,2961888,2961888,144,110,906,762
40,15,2;8,493648,493648,595,568,906,311
40,16,2;8,493648,493648,474,434,906,432
40,17,5;8,493648,493648,658,629,906,248
40,18,5;6,493648,493648,565,526,906,341
40,19,12;14,493648,493648,511,484,906,395
40,20,11;14,493648,493648,439,413,906,467
40,21,8;14,493648,493648,618,584,906,288
40,22,3;8,493648,493648,869,833,906,37
40,23,5;8,493648,493648,498,467,906,408
40,24,5;8,493648,493648,889,866,906,17
40,25,2;5,493648,493648,532,502,906,374
40,26,2;5,493648,493648,558,528,906,348
40,27,10;14,493648,493648,651,620,906,255
40,28,2;14,493648,493648,611,577,906,295
40,29,8;14,493648,493648,444,418,906,462
41,0,2;6,1234120,1234120,115,83,907,792
41,1,2;13,493648,493648,59,46,907,848
41,2,4;13,3949184,3949184,139,102,907,768
41,3,2;13,740472,740472,42,29,907,865
41,4,9;13,1480944,1480944,83,51,907,824
41,5,0;2,1480944,1480944,88,47,907,819
41,6,7;11,1727768,1727768,56,25,907,851
41,7,8;14,1234120,1234120,60,48,907,847
41,8,2;14,987296,987296,74,41,907,833
41,9,2;13,1480944,1480944,72,43,907,835
41,10,2;3,987296,987296,87,53,907,820
41,11,2;7,1480944,1480944,125,87,907,782
41,12,6;7,493648,493648,55,44,907,852
41,13,2;9,1480944,1480944,83,54,907,824
41,14,5;6,1974592,1974592,151,110,907,756
41,15,5;11,493648,493648,596,568,907,311
41,16,5;14,493648,493648,475,434,907,432
41,17,2;13,493648,493648,658,629,907,249
41,18,2;11,493648,493648,564,526,907,343
41,19,9;11,493648,493648,510,484,907,397
41,20,2;9,493648,493648,437,413,907,470
41,21,2;10,493648,493648,618,584,907,289
41,22,5;14,493648,493648,868,833,907,39
41,23,6;9,493648,493648,498,467,907,409
41,24,2;6,493648,493648,889,866,907,18
41,25,10;14,493648,493648,532,502,907,375
41,26,0;4,493648,493648,559,528,907,348
41,27,0;4,493648,493648,652,620,907,255
41,28,8;14,493648,493648,611,577,907,296
41,29,2;4,493648,493648,445,418,907,462
42,0,9;10,493648,493648,95,83,907,812
42,1,4;10,493648,493648,60,46,907,847
42,2,10;11,1727768,1727768,135,102,907,772
42,3,4;9,1234120,1234120,69,29,907,838
42,4,2;10,3455536,3455536,91,51,907,816
42,5,9;14,493648,493648,59,47,907,848
42,6,3;4,1234120,1234120,60,25,907,847
42,7,4;13,987296,987296,76,48,907,831
42,8,7;9,493648,493648,52,41,907,855
42,9,4;11,2715064,2715064,75,43,907,832
42,10,3;6,2961888,2961888,84,53,907,823
42,11,4;14,1974592,1974592,127,87,907,780
42,12,10;11,493648,493648,55,44,907,852
42,13,7;11,740472,740472,95,54,907,812
42,14,2;11,1727768,1727768,141,110,907,766
42,15,7;10,493648,493648,596,568,907,311
42,16,11;13,493648,493648,475,434,907,432
42,17,10;14,493648,493648,658,629,907,249
42,18,3;4,493648,493648,566,526,907,341
42,19,2;14,493648,493648,511,484,907,396
42,20,4;14,493648,493648,440,413,907,467
42,21,4;9,493648,493648,619,584,907,288
42,22,2;6,493648,493648,868,833,907,39
42,23,10;14,493648,493648,498,467,907,409
42,24,4;10,493648,493648,890,866,907,17
42,25,4;11,493648,493648,533,502,907,374
42,26,9;10,493648,493648,558,528,907,349
42,27,2;9,493648,493648,649,620,907,258
42,28,4;9,493648,493648,612,577,907,295
42,29,6;9,493648,493648,444,418,907,463
43,0,7;14,1234120,1234120,114,83,907,793
43,1,0;8,740472,740472,60,46,907,847
43,2,0;9,740472,740472,131,102,907,776
43,3,7;8,493648,493648,41,29,907,866
43,4,6;14,1234120,1234120,78,51,907,829
43,5,7;10,493648,493648,58,47,907,849
43,6,9;12,2221416,2221416,66,25,907,841
43,7,9;11,2961888,2961888,87,48,907,820
43,8,4;14,1480944,1480944,71,41,907,836
43,9,7;14,2468240,2468240,76,43,907,831
43,10,7;9,1234120,1234120,79,53,907,828
43,11,10;12,1234120,1234120,116,87,907,791
43,12,1;4,1974592,1974592,85,44,907,822
43,13,12;14,493648,493648,66,54,907,841
43,14,7;9,2221416,2221416,144,110,907,763
43,15,6;9,493648,493648,596,568,907,311
43,16,6;12,493648,493648,475,434,907,432
43,17,9;11,493648,493648,657,629,907,250
43,18,7;12,493648,493648,565,526,907,342
43,19,6;8,493648,493648,511,484,907,396
43,20,6;10,493648,493648,439,413,907,468
43,21,12;14,493648,493648,618,584,907,289
43,22,7;9,493648,493648,868,833,907,39
43,23,2;7,493648,493648,498,467,907,409
43,24,7;9,493648,493648,889,866,907,18
43,25,0;9,493648,493648,533,502,907,374
43,26,6;11,493648,493648,558,528,907,349
43,27,8;14,493648,493648,651,620,907,256
43,28,6;7,493648,493648,611,577,907,296
43,29,4;14,493648,493648,445,418,907,462
44,0,11;12,1480944,1480944,107,83,907,800
44,1,11;12,1234120,1234120,86,46,907,821
44,2,6;12,987296,987296,130,102,907,777
44,3,11;12,493648,493648,41,29,907,866
44,4,0;11,493648,493648,63,51,907,844
44,5,11;12,1234120,1234120,78,47,907,829
44,6,1;14,1234120,1234120,54,25,907,853
44,7,2;12,740472,740472,89,48,907,818
44,8,11;12,987296,987296,79,41,907,828
44,9,6;11,493648,493648,52,43,907,855
44,10,11;12,740472,740472,87,53,907,820
44,11,0;1,3702360,3702360,121,87,907,786
44,12,0;14,4196008,4196008,79,44,907,828
44,13,0;11,740472,740472,88,54,907,819
44,14,0;12,1480944,1480944,151,110,907,756
44,15,11;12,493648,493648,596,568,907,311
44,16,7;14,493648,493648,475,434,907,432
44,17,6;12,493648,493648,658,629,907,249
44,18,1;8,493648,493648,566,526,907,341
44,19,5;11,493648,493648,511,484,907,396
44,20,5;11,493648,493648,439,413,907,468
44,21,8;13,493648,493648,618,584,907,289
44,22,11;12,493648,493648,868,833,907,39
44,23,12;14,493648,493648,498,467,907,409
44,24,0;12,493648,493648,890,866,907,17
44,25,12;14,493648,493648,532,502,907,375
44,26,1;2,493648,493648,559,528,907,348
44,27,5;12,493648,493648,651,620,907,256
44,28,10;11,493648,493648,611,577,907,296
44,29,11;12,493648,493648,444,418,907,463
45,0,3;13,493648,493648,96,83,908,812
45,1,4;13,740472,740472,76,46,908,832
45,2,4;13,493648,493648,112,102,908,796
45,3,6;13,1727768,1727768,64,29,908,844
45,4,3;11,2961888,2961888,93,51,908,815
45,5,8;13,740472,740472,81,47,908,827
45,6,11;13,1234120,1234120,64,25,908,844
45,7,4;13,740472,740472,89,48,908,819
45,8,3;13,987296,987296,53,41,908,855
45,9,12;13,493648,493648,53,43,908,855
45,10,4;13,493648,493648,65,53,908,843
45,11,4;13,2961888,2961888,125,87,908,783
45,12,8;13,740472,740472,56,44,908,852
45,13,8;11,5430128,5430128,89,54,908,819
45,14,11;13,493648,493648,122,110,908,786
45,15,4;11,493648,493648,597,568,908,311
45,16,4;7,493648,493648,476,434,908,432
45,17,1;13,493648,493648,659,629,908,249
45,18,6;11,493648,493648,565,526,908,343
45,19,4;13,493648,493648,512,484,908,396
45,20,4;11,493648,493648,440,413,908,468
45,21,5;11,493648,493648,618,584,908,290
45,22,4;13,493648,493648,869,833,908,39
45,23,11;13,493648,493648,498,467,908,410
45,24,11;13,493648,493648,889,866,908,19
45,25,6;13,493648,493648,532,502,908,376
45,26,4;13,493648,493648,559,528,908,349
45,27,11;13,493648,493648,651,620,908,257
45,28,3;11,493648,493648,612,577,908,296
45,29,3;13,493648,493648,445,418,908,463
46,0,6;14,1974592,1974592,118,83,907,789
46,1,9;14,493648,493648,59,46,907,848
46,2,7;14,987296,987296,130,102,907,777
46,3,0;14,493648,493648,42,29,907,865
46,4,7;8,493648,493648,63,51,907,844
46,5,9;14,493648,493648,59,47,907,848
46,6,0;9,1727768,1727768,56,25,907,851
46,7,0;14,1234120,1234120,78,48,907,829
46,8,6;9,1727768,1727768,70,41,907,837
46,9,0;11,4442832,4442832,82,43,907,825
46,10,0;14,493648,493648,65,53,907,842
46,11,6;14,740472,740472,98,87,907,809
46,12,6;9,740472,740472,78,44,907,829
46,13,2;9,740472,740472,95,54,907,812
46,14,6;9,4936480,4936480,149,110,907,758
46,15,8;14,493648,493648,596,568,907,311
46,16,9;13,493648,493648,475,434,907,432
46,17,8;14,493648,493648,658,629,907,249
46,18,9;14,493648,493648,565,526,907,342
46,19,8;14,493648,493648,511,484,907,396
46,20,9;14,493648,493648,439,413,907,468
46,21,0;9,493648,493648,619,584,907,288
46,22,9;14,493648,493648,868,833,907,39
46,23,6;9,493648,493648,498,467,907,409
46,24,9;14,493648,493648,889,866,907,18
46,25,2;8,493648,493648,531,502,907,376
46,26,7;9,493648,493648,558,528,907,349
46,27,9;14,493648,493648,651,620,907,256
46,28,12;14,493648,493648,611,577,907,296
46,29,0;14,493648,493648,445,418,907,462
47,0,4;11,1480944,1480944,125,83,908,783
47,1,2;11,740472,740472,82,46,908,826
47,2,3;11,2221416,2221416,134,102,908,774
47,3,5;9,1480944,1480944,71,29,908,837
47,4,11;14,740472,740472,64,51,908,844
47,5,3;11,2468240,2468240,81,47,908,827
47,6,2;11,740472,740472,48,25,908,860
47,7,3;5,987296,987296,60,48,908,848
47,8,2;5,740472,740472,63,41,908,845
47,9,3;14,740472,740472,68,43,908,840
47,10,2;5,987296,987296,84,53,908,824
47,11,5;7,4442832,4442832,125,87,908,783
47,12,5;7,493648,493648,55,44,908,853
47,13,5;11,493648,493648,66,54,908,842
47,14,3;11,1974592,1974592,144,110,908,764
47,15,0;11,493648,493648,597,568,908,311
47,16,0;3,493648,493648,476,434,908,432
47,17,0;2,493648,493648,659,629,908,249
47,18,0;11,493648,493648,566,526,908,342
47,19,9;10,493648,493648,511,484,908,397
47,20,2;11,493648,493648,438,413,908,470
47,21,2;14,493648,493648,618,584,908,290
47,22,1;11,493648,493648,869,833,908,39
47,23,11;14,493648,493648,498,467,908,410
47,24,6;8,493648,493648,889,866,908,19
47,25,5;14,493648,493648,532,502,908,376
47,26,11;14,493648,493648,558,528,908,350
47,27,10;11,493648,493648,651,620,908,257
47,28,5;11,493648,493648,611,577,908,297
47,29,5;11,493648,493648,444,418,908,464
48,0,1;2,493648,493648,97,83,906,809
48,1,8;12,987296,987296,77,46,906,829
48,2,5;9,4196008,4196008,141,102,906,765
48,3,2;12,493648,493648,41,29,906,865
48,4,9;12,1234120,1234120,86,51,906,820
48,5,2;12,493648,493648,58,47,906,848
48,6,8;10,1234120,1234120,56,25,906,850
48,7,2;10,987296,987296,77,48,906,829
48,8,1;6,1727768,1727768,81,41,906,825
48,9,2;8,2468240,2468240,75,43,906,831
48,10,6;9,1480944,1480944,92,53,906,814
48,11,2;9,493648,493648,96,87,906,810
48,12,1;2,1974592,1974592,74,44,906,832
48,13,7;10,493648,493648,66,54,906,840
48,14,6;8,493648,493648,122,110,906,784
48,15,2;6,493648,493648,596,568,906,310
48,16,2;8,493648,493648,474,434,906,432
48,17,7;9,493648,493648,658,629,906,248
48,18,2;10,493648,493648,565,526,906,341
48,19,2;12,493648,493648,511,484,906,395
48,20,8;12,493648,493648,439,413,906,467
48,21,4;9,493648,493648,619,584,906,287
48,22,8;10,493648,493648,868,833,906,38
48,23,2;6,493648,493648,498,467,906,408
48,24,2;4,493648,493648,890,866,906,16
48,25,1;9,493648,493648,533,502,906,373
48,26,2;12,493648,493648,558,528,906,348
48,27,2;4,493648,493648,652,620,906,254
48,28,2;9,493648,493648,609,577,906,297
48,29,2;9,493648,493648,442,418,906,464
49,0,6;9,740472,740472,115,83,906,791
49,1,5;9,493648,493648,59,46,906,847
49,2,6;7,1727768,1727768,131,102,906,775
49,3,4;7,493648,493648,42,29,906,864
49,4,2;13,987296,987296,86,51,906,820
49,5,6;7,1727768,1727768,86,47,906,820
49,6,7;11,3702360,3702360,60,25,906,846
49,7,9;11,2221416,2221416,87,48,906,819
49,8,9;11,740472,740472,66,41,906,840
49,9,6;11,3455536,3455536,82,43,906,824
49,10,7;11,493648,493648,64,53,906,842
49,11,6;8,2468240,2468240,127,87,906,779
49,12,6;11,740472,740472,56,44,906,850
49,13,6;12,740472,740472,67,54,906,839
49,14,2;9,493648,493648,120,110,906,786
49,15,7;9,493648,493648,596,568,906,310
49,16,9;11,493648,493648,474,434,906,432
49,17,6;11,493648,493648,658,629,906,248
49,18,5;7,493648,493648,565,526,906,341
49,19,9;11,493648,493648,510,484,906,396
49,20,2;6,493648,493648,439,413,906,467
49,21,9;11,493648,493648,617,584,906,289
49,22,6;9,493648,493648,868,833,906,38
49,23,0;5,493648,493648,499,467,906,407
49,24,5;9,493648,493648,889,866,906,17
49,25,2;6,493648,493648,532,502,906,374
49,26,6;9,493648,493648,558,528,906,348
49,27,2;5,493648,493648,651,620,906,255
49,28,4;6,493648,493648,612,577,906,294
49,29,6;8,493648,493648,444,418,906,462
50,0,9;13,493648,493648,96,83,908,812
50,1,5;14,493648,493648,59,46,908,849
50,2,3;5,1480944,1480944,131,102,908,777
50,3,5;7,1234120,1234120,71,29,908,837
50,4,3;13,493648,493648,64,51,908,844
50,5,3;7,4196008,4196008,86,47,908,822
50,6,9;13,987296,987296,56,25,908,852
50,7,3;5,493648,493648,60,48,908,848
50,8,5;9,493648,493648,52,41,908,856
50,9,0;13,2715064,2715064,76,43,908,832
50,10,5;14,493648,493648,65,53,908,843
50,11,5;14,1480944,1480944,127,87,908,781
50,12,5;13,493648,493648,56,44,908,852
50,13,5;9,1727768,1727768,93,54,908,815
50,14,2;6,2468240,2468240,145,110,908,763
50,15,2;9,493648,493648,594,568,908,314
50,16,3;11,493648,493648,476,434,908,432
50,17,9;14,493648,493648,658,629,908,250
50,18,5;13,493648,493648,565,526,908,343
50,19,9;11,493648,493648,510,484,908,398
50,20,5;9,493648,493648,439,413,908,469
50,21,5;11,493648,493648,618,584,908,290
50,22,9;14,493648,493648,868,833,908,40
50,23,2;6,493648,493648,498,467,908,410
50,24,5;14,493648,493648,889,866,908,19
50,25,2;5,493648,493648,532,502,908,376
50,26,9;14,493648,493648,558,528,908,350
50,27,5;11,493648,493648,651,620,908,257
50,28,5;9,493648,493648,611,577,908,297
50,29,5;14,493648,493648,444,418,908,464
51,0,2;4,493648,493648,95,83,908,813
51,1,5;14,493648,493648,59,46,908,849
51,2,3;5,2468240,2468240,131,102,908,777
51,3,5;12,2468240,2468240,71,29,908,837
51,4,3;13,1234120,1234120,86,51,908,822
51,5,3;12,4196008,4196008,86,47,908,822
51,6,2;13,740472,740472,56,25,908,852
51,7,3;5,493648,493648,60,48,908,848
51,8,3;5,493648,493648,53,41,908,855
51,9,3;13,740472,740472,69,43,908,839
51,10,5;14,493648,493648,65,53,908,843
51,11,5;14,1234120,1234120,127,87,908,781
51,12,5;13,987296,987296,74,44,908,834
51,13,5;12,1727768,1727768,93,54,908,815
51,14,2;3,2468240,2468240,145,110,908,763
51,15,2;9,493648,493648,594,568,908,314
51,16,3;11,493648,493648,476,434,908,432
51,17,2;14,493648,493648,658,629,908,250
51,18,5;13,493648,493648,565,526,908,343
51,19,3;11,493648,493648,512,484,908,396
51,20,2;5,493648,493648,439,413,908,469
51,21,4;5,493648,493648,619,584,908,289
51,22,13;14,493648,493648,868,833,908,40
51,23,2;6,493648,493648,498,467,908,410
51,24,5;14,493648,493648,889,866,908,19
51,25,2;5,493648,493648,532,502,908,376
51,26,12;14,493648,493648,558,528,908,350
51,27,5;11,493648,493648,651,620,908,257
51,28,4;5,493648,493648,612,577,908,296
51,29,5;14,493648,493648,444,418,908,464
52,0,2;9,493648,493648,93,83,905,812
52,1,5;14,493648,493648,59,46,905,846
52,2,5;7,3455536,3455536,141,102,905,764
52,3,5;9,493648,493648,41,29,905,864
52,4,5;9,740472,740472,86,51,905,819
52,5,2;6,4442832,4442832,86,47,905,819
52,6,2;7,987296,987296,36,25,905,869
52,7,5;9,2221416,2221416,87,48,905,818
52,8,5;6,493648,493648,52,41,905,853
52,9,0;2,3208712,3208712,82,43,905,823
52,10,5;9,493648,493648,64,53,905,841
52,11,9;14,493648,493648,98,87,905,807
52,12,5;9,740472,740472,56,44,905,849
52,13,9;12,493648,493648,66,54,905,839
52,14,2;9,1974592,1974592,145,110,905,760
52,15,2;9,493648,493648,594,568,905,311
52,16,2;9,493648,493648,473,434,905,432
52,17,2;7,493648,493648,658,629,905,247
52,18,5;7,493648,493648,565,526,905,340
52,19,2;7,493648,493648,511,484,905,394
52,20,2;5,493648,493648,439,413,905,466
52,21,4;5,493648,493648,619,584,905,286
52,22,7;14,493648,493648,868,833,905,37
52,23,2;5,493648,493648,498,467,905,407
52,24,5;14,493648,493648,889,866,905,16
52,25,2;5,493648,493648,532,502,905,373
52,26,7;14,493648,493648,558,528,905,347
52,27,5;9,493648,493648,651,620,905,254
52,28,2;5,493648,493648,611,577,905,294
52,29,5;14,493648,493648,444,418,905,461
53,0,2;9,493648,493648,93,83,905,812
53,1,6;14,493648,493648,59,46,905,846
53,2,3;5,3455536,3455536,141,102,905,764
53,3,5;9,1480944,1480944,57,29,905,848
53,4,5;9,740472,740472,86,51,905,819
53,5,2;6,3949184,3949184,86,47,905,819
53,6,2;13,987296,987296,38,25,905,867
53,7,3;9,1727768,1727768,87,48,905,818
53,8,2;3,493648,493648,53,41,905,852
53,9,2;13,3455536,3455536,82,43,905,823
53,10,5;9,493648,493648,64,53,905,841
53,11,5;9,987296,987296,121,87,905,784
53,12,5;13,493648,493648,56,44,905,849
53,13,9;12,740472,740472,66,54,905,839
53,14,9;11,740472,740472,123,110,905,782
53,15,2;9,493648,493648,594,568,905,311
53,16,2;9,493648,493648,473,434,905,432
53,17,2;7,493648,493648,658,629,905,247
53,18,5;7,493648,493648,565,526,905,340
53,19,3;7,493648,493648,512,484,905,393
53,20,2;5,493648,493648,439,413,905,466
53,21,4;5,493648,493648,619,584,905,286
53,22,7;11,493648,493648,868,833,905,37
53,23,5;9,493648,493648,498,467,905,407
53,24,2;5,493648,493648,889,866,905,16
53,25,2;5,493648,493648,532,502,905,373
53,26,2;7,493648,493648,558,528,905,347
53,27,5;9,493648,493648,651,620,905,254
53,28,2;5,493648,493648,611,577,905,294
53,29,5;9,493648,493648,444,418,905,461
54,0,2;6,740472,740472,95,83,906,811
54,1,2;14,493648,493648,59,46,906,847
54,2,5;8,6417424,6417424,141,102,906,765
54,3,5;6,1234120,1234120,57,29,906,849
54,4,2;5,493648,493648,63,51,906,843
54,5,2;6,3949184,3949184,86,47,906,820
54,6,2;10,1727768,1727768,53,25,906,853
54,7,2;3,740472,740472,77,48,906,829
54,8,2;3,987296,987296,81,41,906,825
54,9,0;2,493648,493648,53,43,906,853
54,10,2;5,987296,987296,84,53,906,822
54,11,2;5,493648,493648,98,87,906,808
54,12,2;5,493648,493648,55,44,906,851
54,13,2;5,493648,493648,66,54,906,840
54,14,2;6,1480944,1480944,145,110,906,761
54,15,2;6,493648,493648,596,568,906,310
54,16,2;8,493648,493648,474,434,906,432
54,17,2;7,493648,493648,658,629,906,248
54,18,2;5,493648,493648,565,526,906,341
54,19,2;3,493648,493648,512,484,906,394
54,20,2;5,493648,493648,439,413,906,467
54,21,2;5,493648,493648,618,584,906,288
54,22,8;14,493648,493648,868,833,906,38
54,23,2;5,493648,493648,498,467,906,408
54,24,2;14,493648,493648,889,866,906,17
54,25,2;5,493648,493648,532,502,906,374
54,26,2;14,493648,493648,558,528,906,348
54,27,5;10,493648,493648,651,620,906,255
54,28,2;5,493648,493648,611,577,906,295
54,29,2;5,493648,493648,444,418,906,462
55,0,2;11,493648,493648,95,83,906,811
55,1,2;11,493648,493648,58,46,906,848
55,2,3;5,5430128,5430128,141,102,906,765
55,3,5;12,1974592,1974592,57,29,906,849
55,4,2;3,493648,493648,64,51,906,842
55,5,2;12,1974592,1974592,81,47,906,825
55,6,2;7,740472,740472,53,25,906,853
55,7,2;3,2221416,2221416,87,48,906,819
55,8,3;11,1480944,1480944,81,41,906,825
55,9,2;8,740472,740472,52,43,906,854
55,10,2;7,493648,493648,64,53,906,842
55,11,2;8,2468240,2468240,120,87,906,786
55,12,2;9,1234120,1234120,56,44,906,850
55,13,2;12,493648,493648,66,54,906,840
55,14,2;3,493648,493648,123,110,906,783
55,15,6;8,493648,493648,596,568,906,310
55,16,2;8,493648,493648,474,434,906,432
55,17,2;7,493648,493648,658,629,906,248
55,18,2;7,493648,493648,565,526,906,341
55,19,3;7,493648,493648,512,484,906,394
55,20,2;5,493648,493648,439,413,906,467
55,21,2;11,493648,493648,617,584,906,289
55,22,7;8,493648,493648,868,833,906,38
55,23,2;11,493648,493648,497,467,906,409
55,24,2;5,493648,493648,889,866,906,17
55,25,2;5,493648,493648,532,502,906,374
55,26,7;11,493648,493648,558,528,906,348
55,27,5;11,493648,493648,651,620,906,255
55,28,5;11,493648,493648,611,577,906,295
55,29,2;11,493648,493648,443,418,906,463
56,0,2;13,740472,740472,96,83,906,810
56,1,5;11,740472,740472,77,46,906,829
56,2,5;8,4936480,4936480,141,102,906,765
56,3,2;5,493648,493648,41,29,906,865
56,4,2;13,493648,493648,64,51,906,842
56,5,2;9,3949184,3949184,81,47,906,825
56,6,2;7,493648,493648,36,25,906,870
56,7,2;5,2221416,2221416,83,48,906,823
56,8,5;11,987296,987296,81,41,906,825
56,9,0;2,1234120,1234120,80,43,906,826
56,10,5;7,493648,493648,64,53,906,842
56,11,5;14,2221416,2221416,120,87,906,786
56,12,2;9,493648,493648,53,44,906,853
56,13,2;5,987296,987296,67,54,906,839
56,14,2;11,740472,740472,145,110,906,761
56,15,2;7,493648,493648,596,568,906,310
56,16,2;8,493648,493648,474,434,906,432
56,17,2;7,493648,493648,658,629,906,248
56,18,2;9,493648,493648,563,526,906,343
56,19,2;7,493648,493648,511,484,906,395
56,20,2;5,493648,493648,439,413,906,467
56,21,5;11,493648,493648,618,584,906,288
56,22,7;14,493648,493648,868,833,906,38
56,23,2;11,493648,493648,497,467,906,409
56,24,2;5,493648,493648,889,866,906,17
56,25,1;5,493648,493648,533,502,906,373
56,26,7;11,493648,493648,558,528,906,348
56,27,5;11,493648,493648,651,620,906,255
56,28,5;11,493648,493648,611,577,906,295
56,29,2;5,493648,493648,444,418,906,462
57,0,2;11,740472,740472,95,83,906,811
57,1,2;11,493648,493648,58,46,906,848
57,2,3;8,6664248,6664248,141,102,906,765
57,3,2;6,1234120,1234120,42,29,906,864
57,4,2;3,493648,493648,64,51,906,842
57,5,2;9,987296,987296,77,47,906,829
57,6,2;10,987296,987296,53,25,906,853
57,7,3;10,493648,493648,60,48,906,846
57,8,2;11,1234120,1234120,81,41,906,825
57,9,0;2,1234120,1234120,80,43,906,826
57,10,2;6,1234120,1234120,84,53,906,822
57,11,2;8,2221416,2221416,120,87,906,786
57,12,2;9,493648,493648,53,44,906,853
57,13,2;5,493648,493648,66,54,906,840
57,14,2;3,1234120,1234120,145,110,906,761
57,15,2;6,493648,493648,596,568,906,310
57,16,2;8,493648,493648,474,434,906,432
57,17,2;14,493648,493648,658,629,906,248
57,18,2;9,493648,493648,563,526,906,343
57,19,2;10,493648,493648,511,484,906,395
57,20,2;11,493648,493648,438,413,906,468
57,21,2;11,493648,493648,617,584,906,289
57,22,8;14,493648,493648,868,833,906,38
57,23,2;11,493648,493648,497,467,906,409
57,24,2;14,493648,493648,889,866,906,17
57,25,2;5,493648,493648,532,502,906,374
57,26,2;11,493648,493648,557,528,906,349
57,27,2;10,493648,493648,651,620,906,255
57,28,2;11,493648,493648,610,577,906,296
57,29,2;8,493648,493648,443,418,906,463
58,0,2;6,740472,740472,95,83,908,813
58,1,2;11,493648,493648,58,46,908,850
58,2,3;7,6911072,6911072,141,102,908,767
58,3,2;12,1727768,1727768,71,29,908,837
58,4,2;3,987296,987296,86,51,908,822
58,5,2;6,987296,987296,77,47,908,831
58,6,2;12,1727768,1727768,60,25,908,848
58,7,2;10,1480944,1480944,79,48,908,829
58,8,2;3,740472,740472,53,41,908,855
58,9,0;2,987296,987296,80,43,908,828
58,10,2;6,740472,740472,64,53,908,844
58,11,2;8,1234120,1234120,120,87,908,788
58,12,2;9,1234120,1234120,71,44,908,837
58,13,2;5,493648,493648,66,54,908,842
58,14,2;3,740472,740472,145,110,908,763
58,15,2;6,493648,493648,596,568,908,312
58,16,2;3,493648,493648,476,434,908,432
58,17,2;7,493648,493648,658,629,908,250
58,18,2;9,493648,493648,563,526,908,345
58,19,2;12,493648,493648,511,484,908,397
58,20,2;7,493648,493648,439,413,908,469
58,21,2;11,493648,493648,617,584,908,291
58,22,6;14,493648,493648,868,833,908,40
58,23,2;7,493648,493648,498,467,908,410
58,24,2;3,493648,493648,890,866,908,18
58,25,2;5,493648,493648,532,502,908,376
58,26,2;11,493648,493648,557,528,908,351
58,27,2;4,493648,493648,652,620,908,256
58,28,2;4,493648,493648,612,577,908,296
58,29,2;7,493648,493648,444,418,908,464
59,0,2;11,987296,987296,115,83,906,791
59,1,2;11,740472,740472,77,46,906,829
59,2,7;8,5923776,5923776,141,102,906,765
59,3,0;6,987296,987296,57,29,906,849
59,4,2;13,740472,740472,86,51,906,820
59,5,2;11,493648,493648,58,47,906,848
59,6,2;10,740472,740472,37,25,906,869
59,7,2;3,740472,740472,77,48,906,829
59,8,2;11,1480944,1480944,81,41,906,825
59,9,2;13,740472,740472,80,43,906,826
59,10,2;11,740472,740472,64,53,906,842
59,11,2;8,3702360,3702360,125,87,906,781
59,12,2;13,493648,493648,56,44,906,850
59,13,2;11,1480944,1480944,89,54,906,817
59,14,2;11,740472,740472,133,110,906,773
59,15,2;8,493648,493648,595,568,906,311
59,16,2;8,493648,493648,474,434,906,432
59,17,7;11,493648,493648,658,629,906,248
59,18,9;11,493648,493648,564,526,906,342
59,19,2;3,493648,493648,512,484,906,394
59,20,2;11,493648,493648,438,413,906,468
59,21,2;11,493648,493648,617,584,906,289
59,22,8;13,493648,493648,868,833,906,38
59,23,0;11,493648,493648,499,467,906,407
59,24,2;14,493648,493648,889,866,906,17
59,25,1;2,493648,493648,533,502,906,373
59,26,2;11,493648,493648,557,528,906,349
59,27,2;11,493648,493648,650,620,906,256
59,28,2;4,493648,493648,612,577,906,294
59,29,2;8,493648,493648,443,418,906,463
60,0,2;4,740472,740472,96,83,908,812
60,1,6;11,493648,493648,59,46,908,849
60,2,11;14,4936480,4936480,141,102,908,767
60,3,0;6,2961888,2961888,71,29,908,837
60,4,2;3,1234120,1234120,86,51,908,822
60,5,3;6,740472,740472,59,47,908,849
60,6,2;12,1234120,1234120,38,25,908,870
60,7,5;11,740472,740472,77,48,908,831
60,8,3;11,987296,987296,75,41,908,833
60,9,3;13,493648,493648,53,43,908,855
60,10,2;11,493648,493648,64,53,908,844
60,11,2;8,2961888,2961888,125,87,908,783
60,12,2;13,740472,740472,56,44,908,852
60,13,2;11,987296,987296,66,54,908,842
60,14,2;3,987296,987296,145,110,908,763
60,15,2;8,493648,493648,595,568,908,313
60,16,2;3,493648,493648,476,434,908,432
60,17,2;7,493648,493648,658,629,908,250
60,18,2;11,493648,493648,564,526,908,344
60,19,2;3,493648,493648,512,484,908,396
60,20,4;11,493648,493648,440,413,908,468
60,21,3;11,493648,493648,619,584,908,289
60,22,8;14,493648,493648,868,833,908,40
60,23,2;11,493648,493648,497,467,908,411
60,24,2;3,493648,493648,890,866,908,18
60,25,2;3,493648,493648,533,502,908,375
60,26,2;11,493648,493648,557,528,908,351
60,27,2;11,493648,493648,650,620,908,258
60,28,2;4,493648,493648,612,577,908,296
60,29,2;14,493648,493648,444,418,908,464
61,0,2;4,740472,740472,96,83,907,811
61,1,11;14,493648,493648,59,46,907,848
61,2,3;7,4689656,4689656,139,102,907,768
61,3,0;2,2715064,2715064,64,29,907,843
61,4,2;7,987296,987296,86,51,907,821
61,5,2;3,493648,493648,59,47,907,848
61,6,2;7,740472,740472,36,25,907,871
61,7,2;3,2468240,2468240,89,48,907,818
61,8,3;6,1727768,1727768,81,41,907,826
61,9,2;3,740472,740472,53,43,907,854
61,10,2;14,493648,493648,65,53,907,842
61,11,2;14,1974592,1974592,120,87,907,787
61,12,2;9,493648,493648,53,44,907,854
61,13,2;11,493648,493648,65,54,907,842
61,14,2;3,1974592,1974592,145,110,907,762
61,15,2;8,493648,493648,595,568,907,312
61,16,7;8,493648,493648,475,434,907,432
61,17,7;8,493648,493648,658,629,907,249
61,18,2;7,493648,493648,565,526,907,342
61,19,2;3,493648,493648,512,484,907,395
61,20,2;7,493648,493648,439,413,907,468
61,21,3;11,493648,493648,619,584,907,288
61,22,8;14,493648,493648,868,833,907,39
61,23,7;11,493648,493648,498,467,907,409
61,24,3;8,493648,493648,890,866,907,17
61,25,2;3,493648,493648,533,502,907,374
61,26,11;14,493648,493648,558,528,907,349
61,27,7;11,493648,493648,651,620,907,256
61,28,2;4,493648,493648,612,577,907,295
61,29,2;14,493648,493648,444,418,907,463
62,0,4;6,987296,987296,96,83,907,811
62,1,11;14,493648,493648,59,46,907,848
62,2,7;14,3455536,3455536,134,102,907,773
62,3,0;2,740472,740472,60,29,907,847
62,4,2;7,740472,740472,63,51,907,844
62,5,2;11,493648,493648,58,47,907,849
62,6,7;12,987296,987296,37,25,907,870
62,7,10;11,2715064,2715064,89,48,907,818
62,8,6;11,1234120,1234120,81,41,907,826
62,9,0;13,493648,493648,53,43,907,854
62,10,11;14,987296,987296,80,53,907,827
62,11,8;14,3208712,3208712,125,87,907,782
62,12,2;13,987296,987296,71,44,907,836
62,13,2;11,1234120,1234120,89,54,907,818
62,14,2;11,1974592,1974592,145,110,907,762
62,15,2;8,493648,493648,595,568,907,312
62,16,7;8,493648,493648,475,434,907,432
62,17,2;7,493648,493648,658,629,907,249
62,18,7;11,493648,493648,565,526,907,342
62,19,10;12,493648,493648,511,484,907,396
62,20,7;11,493648,493648,439,413,907,468
62,21,2;11,493648,493648,617,584,907,290
62,22,13;14,493648,493648,868,833,907,39
62,23,7;11,493648,493648,498,467,907,409
62,24,8;14,493648,493648,889,866,907,18
62,25,2;3,493648,493648,533,502,907,374
62,26,2;14,493648,493648,558,528,907,349
62,27,7;11,493648,493648,651,620,907,256
62,28,2;11,493648,493648,610,577,907,297
62,29,2;14,493648,493648,444,418,907,463
63,0,6;13,987296,987296,115,83,906,791
63,1,2;14,493648,493648,59,46,906,847
63,2,8;9,5923776,5923776,141,102,906,765
63,3,0;2,2221416,2221416,64,29,906,842
63,4,2;3,493648,493648,64,51,906,842
63,5,3;9,740472,740472,78,47,906,828
63,6,2;12,987296,987296,37,25,906,869
63,7,2;3,493648,493648,60,48,906,846
63,8,2;3,2221416,2221416,81,41,906,825
63,9,2;13,1974592,1974592,75,43,906,831
63,10,2;6,493648,493648,64,53,906,842
63,11,2;8,740472,740472,116,87,906,790
63,12,2;9,1234120,1234120,71,44,906,835
63,13,2;12,1480944,1480944,93,54,906,813
63,14,2;3,740472,740472,123,110,906,783
63,15,2;8,493648,493648,595,568,906,311
63,16,2;8,493648,493648,474,434,906,432
63,17,2;8,493648,493648,657,629,906,249
63,18,2;13,493648,493648,565,526,906,341
63,19,2;12,493648,493648,511,484,906,395
63,20,2;9,493648,493648,437,413,906,469
63,21,2;3,493648,493648,619,584,906,287
63,22,8;13,493648,493648,868,833,906,38
63,23,0;5,493648,493648,499,467,906,407
63,24,2;8,493648,493648,888,866,906,18
63,25,2;3,493648,493648,533,502,906,373
63,26,9;11,493648,493648,557,528,906,349
63,27,2;9,493648,493648,649,620,906,257
63,28,2;9,493648,493648,609,577,906,297
63,29,2;8,493648,493648,443,418,906,463
64,0,2;13,740472,740472,96,83,908,812
64,1,2;14,493648,493648,59,46,908,849
64,2,3;14,6417424,6417424,141,102,908,767
64,3,0;2,2961888,2961888,71,29,908,837
64,4,2;13,493648,493648,64,51,908,844
64,5,2;3,740472,740472,78,47,908,830
64,6,2;10,1234120,1234120,60,25,908,848
64,7,2;3,493648,493648,60,48,908,848
64,8,2;3,493648,493648,53,41,908,855
64,9,2;3,987296,987296,75,43,908,833
64,10,2;6,740472,740472,84,53,908,824
64,11,2;14,740472,740472,116,87,908,792
64,12,2;13,740472,740472,71,44,908,837
64,13,2;12,1480944,1480944,93,54,908,815
64,14,2;3,1480944,1480944,139,110,908,769
64,15,2;6,493648,493648,596,568,908,312
64,16,2;3,493648,493648,476,434,908,432
64,17,2;14,493648,493648,658,629,908,250
64,18,2;13,493648,493648,565,526,908,343
64,19,3;12,493648,493648,512,484,908,396
64,20,2;9,493648,493648,437,413,908,471
64,21,2;3,493648,493648,619,584,908,289
64,22,6;13,493648,493648,868,833,908,40
64,23,5;6,493648,493648,498,467,908,410
64,24,2;3,493648,493648,890,866,908,18
64,25,2;3,493648,493648,533,502,908,375
64,26,2;11,493648,493648,557,528,908,351
64,27,2;10,493648,493648,651,620,908,257
64,28,2;9,493648,493648,609,577,908,299
64,29,2;14,493648,493648,444,418,908,464
65,0,2;11,740472,740472,96,83,906,810
65,1,2;8,740472,740472,77,46,906,829
65,2,8;11,6170600,6170600,141,102,906,765
65,3,0;2,493648,493648,42,29,906,864
65,4,2;5,493648,493648,63,51,906,843
65,5,2;9,1974592,1974592,81,47,906,825
65,6,8;9,987296,987296,60,25,906,846
65,7,2;5,740472,740472,60,48,906,846
65,8,2;6,3208712,3208712,81,41,906,825
65,9,2;8,1974592,1974592,80,43,906,826
65,10,2;6,493648,493648,64,53,906,842
65,11,2;8,1234120,1234120,116,87,906,790
65,12,2;9,493648,493648,53,44,906,853
65,13,5;7,493648,493648,66,54,906,840
65,14,2;8,493648,493648,121,110,906,785
65,15,2;8,493648,493648,595,568,906,311
65,16,2;8,493648,493648,474,434,906,432
65,17,2;8,493648,493648,657,629,906,249
65,18,2;9,493648,493648,563,526,906,343
65,19,2;11,493648,493648,510,484,906,396
65,20,2;8,493648,493648,438,413,906,468
65,21,2;5,493648,493648,618,584,906,288
65,22,6;8,493648,493648,868,833,906,38
65,23,2;5,493648,493648,498,467,906,408
65,24,2;8,493648,493648,888,866,906,18
65,25,1;5,493648,493648,533,502,906,373
65,26,2;11,493648,493648,557,528,906,349
65,27,2;9,493648,493648,649,620,906,257
65,28,2;9,493648,493648,609,577,906,297
65,29,2;8,493648,493648,443,418,906,463
66,0,2;13,740472,740472,96,83,906,810
66,1,2;8,493648,493648,58,46,906,848
66,2,8;9,6664248,6664248,141,102,906,765
66,3,0;2,740472,740472,42,29,906,864
66,4,2;13,493648,493648,64,51,906,842
66,5,3;12,1480944,1480944,81,47,906,825
66,6,2;8,493648,493648,36,25,906,870
66,7,2;5,493648,493648,59,48,906,847
66,8,1;2,2961888,2961888,81,41,906,825
66,9,2;8,1480944,1480944,80,43,906,826
66,10,2;14,493648,493648,65,53,906,841
66,11,2;14,493648,493648,98,87,906,808
66,12,2;13,987296,987296,71,44,906,835
66,13,2;12,1234120,1234120,89,54,906,817
66,14,2;8,987296,987296,122,110,906,784
66,15,2;8,493648,493648,595,568,906,311
66,16,2;8,493648,493648,474,434,906,432
66,17,2;8,493648,493648,657,629,906,249
66,18,2;9,493648,493648,563,526,906,343
66,19,2;12,493648,493648,511,484,906,395
66,20,2;8,493648,493648,438,413,906,468
66,21,2;5,493648,493648,618,584,906,288
66,22,8;13,493648,493648,868,833,906,38
66,23,2;5,493648,493648,498,467,906,408
66,24,2;8,493648,493648,888,866,906,18
66,25,2;5,493648,493648,532,502,906,374
66,26,2;9,493648,493648,556,528,906,350
66,27,2;9,493648,493648,649,620,906,257
66,28,2;9,493648,493648,609,577,906,297
66,29,2;8,493648,493648,443,418,906,463
67,0,2;6,1234120,1234120,115,83,906,791
67,1,8;14,493648,493648,59,46,906,847
67,2,9;14,2961888,2961888,139,102,906,767
67,3,0;2,493648,493648,42,29,906,864
67,4,5;11,493648,493648,63,51,906,843
67,5,9;12,1974592,1974592,81,47,906,825
67,6,8;9,1480944,1480944,60,25,906,846
67,7,2;5,740472,740472,60,48,906,846
67,8,2;6,2468240,2468240,81,41,906,825
67,9,0;2,2221416,2221416,80,43,906,826
67,10,2;14,493648,493648,65,53,906,841
67,11,8;14,1727768,1727768,127,87,906,779
67,12,2;9,987296,987296,71,44,906,835
67,13,5;7,493648,493648,66,54,906,840
67,14,2;8,2468240,2468240,145,110,906,761
67,15,6;8,493648,493648,596,568,906,310
67,16,8;11,493648,493648,474,434,906,432
67,17,11;14,493648,493648,658,629,906,248
67,18,2;9,493648,493648,563,526,906,343
67,19,11;12,493648,493648,511,484,906,395
67,20,8;9,493648,493648,438,413,906,468
67,21,5;6,493648,493648,618,584,906,288
67,22,6;14,493648,493648,868,833,906,38
67,23,0;5,493648,493648,499,467,906,407
67,24,8;14,493648,493648,889,866,906,17
67,25,2;5,493648,493648,532,502,906,374
67,26,11;14,493648,493648,558,528,906,348
67,27,2;9,493648,493648,649,620,906,257
67,28,2;9,493648,493648,609,577,906,297
67,29,8;14,493648,493648,444,418,906,462
68,0,6;11,740472,740472,96,83,906,810
68,1,2;8,493648,493648,58,46,906,848
68,2,8;11,3702360,3702360,134,102,906,772
68,3,0;2,740472,740472,42,29,906,864
68,4,5;11,493648,493648,63,51,906,843
68,5,3;9,1974592,1974592,81,47,906,825
68,6,9;11,1727768,1727768,60,25,906,846
68,7,2;5,493648,493648,59,48,906,847
68,8,1;2,1727768,1727768,81,41,906,825
68,9,2;11,2221416,2221416,80,43,906,826
68,10,2;6,1234120,1234120,92,53,906,814
68,11,2;8,3208712,3208712,127,87,906,779
68,12,9;11,493648,493648,55,44,906,851
68,13,2;5,493648,493648,66,54,906,840
68,14,2;8,987296,987296,140,110,906,766
68,15,2;11,493648,493648,595,568,906,311
68,16,8;11,493648,493648,474,434,906,432
68,17,2;11,493648,493648,657,629,906,249
68,18,9;10,493648,493648,565,526,906,341
68,19,2;10,493648,493648,511,484,906,395
68,20,8;9,493648,493648,438,413,906,468
68,21,5;6,493648,493648,618,584,906,288
68,22,6;11,493648,493648,868,833,906,38
68,23,5;6,493648,493648,498,467,906,408
68,24,2;8,493648,493648,888,866,906,18
68,25,2;5,493648,493648,532,502,906,374
68,26,11;14,493648,493648,558,528,906,348
68,27,9;10,493648,493648,651,620,906,255
68,28,2;9,493648,493648,609,577,906,297
68,29,11;14,493648,493648,444,418,906,462
69,0,2;6,493648,493648,95,83,906,811
69,1,2;14,493648,493648,59,46,906,847
69,2,8;14,3455536,3455536,141,102,906,765
69,3,2;12,493648,493648,41,29,906,865
69,4,5;12,493648,493648,63,51,906,843
69,5,9;12,1480944,1480944,81,47,906,825
69,6,9;12,1974592,1974592,59,25,906,847
69,7,5;6,740472,740472,60,48,906,846
69,8,2;6,2715064,2715064,75,41,906,831
69,9,2;8,2221416,2221416,80,43,906,826
69,10,6;14,493648,493648,65,53,906,841
69,11,8;14,740472,740472,127,87,906,779
69,12,2;9,2221416,2221416,74,44,906,832
69,13,7;12,493648,493648,66,54,906,840
69,14,2;8,2715064,2715064,149,110,906,757
69,15,2;8,493648,493648,595,568,906,311
69,16,2;11,493648,493648,474,434,906,432
69,17,8;14,493648,493648,658,629,906,248
69,18,9;14,493648,493648,565,526,906,341
69,19,2;12,493648,493648,511,484,906,395
69,20,8;9,493648,493648,438,413,906,468
69,21,5;6,493648,493648,618,584,906,288
69,22,8;14,493648,493648,868,833,906,38
69,23,6;14,493648,493648,498,467,906,408
69,24,8;14,493648,493648,889,866,906,17
69,25,2;5,493648,493648,532,502,906,374
69,26,2;12,493648,493648,558,528,906,348
69,27,2;9,493648,493648,649,620,906,257
69,28,2;9,493648,493648,609,577,906,297
69,29,8;14,493648,493648,444,418,906,462
70,0,6;11,987296,987296,96,83,906,810
70,1,2;14,493648,493648,59,46,906,847
70,2,11;14,4442832,4442832,141,102,906,765
70,3,0;2,740472,740472,42,29,906,864
70,4,11;12,493648,493648,63,51,906,843
70,5,3;12,2221416,2221416,86,47,906,820
70,6,11;12,2468240,2468240,60,25,906,846
70,7,2;6,493648,493648,59,48,906,847
70,8,2;6,740472,740472,68,41,906,838
70,9,0;11,740472,740472,67,43,906,839
70,10,2;6,493648,493648,64,53,906,842
70,11,2;14,3455536,3455536,127,87,906,779
70,12,2;11,1727768,1727768,71,44,906,835
70,13,5;12,493648,493648,66,54,906,840
70,14,2;6,1234120,1234120,133,110,906,773
70,15,8;11,493648,493648,595,568,906,311
70,16,2;11,493648,493648,474,434,906,432
70,17,2;11,493648,493648,657,629,906,249
70,18,2;5,493648,493648,565,526,906,341
70,19,11;12,493648,493648,511,484,906,395
70,20,2;9,493648,493648,437,413,906,469
70,21,5;6,493648,493648,618,584,906,288
70,22,6;11,493648,493648,868,833,906,38
70,23,5;6,493648,493648,498,467,906,408
70,24,2;14,493648,493648,889,866,906,17
70,25,2;5,493648,493648,532,502,906,374
70,26,2;11,493648,493648,557,528,906,349
70,27,2;5,493648,493648,651,620,906,255
70,28,2;5,493648,493648,611,577,906,295
70,29,2;11,493648,493648,443,418,906,463
71,0,2;13,493648,493648,96,83,906,810
71,1,2;8,493648,493648,58,46,906,848
71,2,9;14,5430128,5430128,141,102,906,765
71,3,2;12,493648,493648,41,29,906,865
71,4,2;13,493648,493648,64,51,906,842
71,5,2;9,1974592,1974592,81,47,906,825
71,6,2;9,740472,740472,36,25,906,870
71,7,5;6,493648,493648,59,48,906,847
71,8,1;2,2715064,2715064,81,41,906,825
71,9,2;8,2468240,2468240,80,43,906,826
71,10,2;14,493648,493648,65,53,906,841
71,11,2;8,493648,493648,97,87,906,809
71,12,2;9,987296,987296,71,44,906,835
71,13,2;5,1480944,1480944,93,54,906,813
71,14,2;8,1480944,1480944,139,110,906,767
71,15,2;8,493648,493648,595,568,906,311
71,16,2;8,493648,493648,474,434,906,432
71,17,8;14,493648,493648,658,629,906,248
71,18,9;13,493648,493648,565,526,906,341
71,19,2;12,493648,493648,511,484,906,395
71,20,2;9,493648,493648,437,413,906,469
71,21,2;5,493648,493648,618,584,906,288
71,22,8;13,493648,493648,868,833,906,38
71,23,2;5,493648,493648,498,467,906,408
71,24,8;14,493648,493648,889,866,906,17
71,25,2;5,493648,493648,532,502,906,374
71,26,2;9,493648,493648,556,528,906,350
71,27,2;9,493648,493648,649,620,906,257
71,28,5;9,493648,493648,611,577,906,295
71,29,8;14,493648,493648,444,418,906,462
72,0,2;11,1234120,1234120,115,83,906,791
72,1,2;8,493648,493648,58,46,906,848
72,2,9;14,5923776,5923776,141,102,906,765
72,3,0;2,740472,740472,42,29,906,864
72,4,2;11,1234120,1234120,86,51,906,820
72,5,2;3,740472,740472,77,47,906,829
72,6,2;11,1234120,1234120,36,25,906,870
72,7,2;6,1234120,1234120,78,48,906,828
72,8,2;6,1480944,1480944,75,41,906,831
72,9,0;2,987296,987296,80,43,906,826
72,10,2;6,493648,493648,64,53,906,842
72,11,8;14,2961888,2961888,127,87,906,779
72,12,2;11,740472,740472,74,44,906,832
72,13,2;7,493648,493648,66,54,906,840
72,14,2;8,1234120,1234120,140,110,906,766
72,15,7;11,493648,493648,596,568,906,310
72,16,2;11,493648,493648,474,434,906,432
72,17,2;11,493648,493648,657,629,906,249
72,18,2;9,493648,493648,563,526,906,343
72,19,2;11,493648,493648,510,484,906,396
72,20,2;4,493648,493648,440,413,906,466
72,21,2;4,493648,493648,619,584,906,287
72,22,8;11,493648,493648,867,833,906,39
72,23,0;2,493648,493648,499,467,906,407
72,24,2;14,493648,493648,889,866,906,17
72,25,5;7,493648,493648,532,502,906,374
72,26,12;14,493648,493648,558,528,906,348
72,27,2;4,493648,493648,652,620,906,254
72,28,2;9,493648,493648,609,577,906,297
72,29,2;11,493648,493648,443,418,906,463
73,0,2;6,1234120,1234120,115,83,906,791
73,1,2;14,493648,493648,59,46,906,847
73,2,11;14,3949184,3949184,141,102,906,765
73,3,0;2,1727768,1727768,57,29,906,849
73,4,3;12,493648,493648,64,51,906,842
73,5,3;9,740472,740472,81,47,906,825
73,6,9;12,1727768,1727768,60,25,906,846
73,7,2;6,987296,987296,78,48,906,828
73,8,2;6,493648,493648,52,41,906,854
73,9,0;3,1974592,1974592,80,43,906,826
73,10,2;14,493648,493648,65,53,906,841
73,11,2;14,1974592,1974592,127,87,906,779
73,12,9;11,1727768,1727768,74,44,906,832
73,13,7;12,493648,493648,66,54,906,840
73,14,2;3,2715064,2715064,149,110,906,757
73,15,2;11,493648,493648,595,568,906,311
73,16,2;11,493648,493648,474,434,906,432
73,17,11;14,493648,493648,658,629,906,248
73,18,9;14,493648,493648,565,526,906,341
73,19,3;12,493648,493648,512,484,906,394
73,20,2;14,493648,493648,439,413,906,467
73,21,5;6,493648,493648,618,584,906,288
73,22,6;11,493648,493648,868,833,906,38
73,23,0;14,493648,493648,499,467,906,407
73,24,2;14,493648,493648,889,866,906,17
73,25,2;7,493648,493648,532,502,906,374
73,26,2;12,493648,493648,558,528,906,348
73,27,2;9,493648,493648,649,620,906,257
73,28,2;9,493648,493648,609,577,906,297
73,29,11;14,493648,493648,444,418,906,462
74,0,2;13,493648,493648,96,83,906,810
74,1,2;8,493648,493648,58,46,906,848
74,2,9;14,6417424,6417424,141,102,906,765
74,3,2;4,493648,493648,42,29,906,864
74,4,2;13,1974592,1974592,86,51,906,820
74,5,2;9,1234120,1234120,78,47,906,828
74,6,2;9,493648,493648,34,25,906,872
74,7,2;5,740472,740472,78,48,906,828
74,8,1;2,2221416,2221416,81,41,906,825
74,9,2;8,1480944,1480944,75,43,906,831
74,10,2;14,493648,493648,65,53,906,841
74,11,4;14,1234120,1234120,121,87,906,785
74,12,2;13,493648,493648,56,44,906,850
74,13,2;5,1480944,1480944,93,54,906,813
74,14,2;4,987296,987296,123,110,906,783
74,15,2;8,493648,493648,595,568,906,311
74,16,2;8,493648,493648,474,434,906,432
74,17,8;11,493648,493648,657,629,906,249
74,18,2;13,493648,493648,565,526,906,341
74,19,2;11,493648,493648,510,484,906,396
74,20,2;4,493648,493648,440,413,906,466
74,21,2;4,493648,493648,619,584,906,287
74,22,8;11,493648,493648,867,833,906,39
74,23,2;5,493648,493648,498,467,906,408
74,24,2;8,493648,493648,888,866,906,18
74,25,2;7,493648,493648,532,502,906,374
74,26,2;9,493648,493648,556,528,906,350
74,27,2;4,493648,493648,652,620,906,254
74,28,2;9,493648,493648,609,577,906,297
74,29,2;8,493648,493648,443,418,906,463
75,0,2;13,740472,740472,96,83,908,812
75,1,2;8,987296,987296,88,46,908,820
75,2,9;14,6170600,6170600,139,102,908,769
75,3,0;2,493648,493648,42,29,908,866
75,4,2;12,493648,493648,63,51,908,845
75,5,2;9,493648,493648,56,47,908,852
75,6,2;9,987296,987296,59,25,908,849
75,7,2;6,740472,740472,78,48,908,830
75,8,1;2,2221416,2221416,81,41,908,827
75,9,2;8,2715064,2715064,80,43,908,828
75,10,2;14,493648,493648,65,53,908,843
75,11,2;8,740472,740472,113,87,908,795
75,12,2;9,987296,987296,56,44,908,852
75,13,2;12,987296,987296,89,54,908,819
75,14,2;8,1480944,1480944,141,110,908,767
75,15,2;8,493648,493648,595,568,908,313
75,16,1;8,493648,493648,476,434,908,432
75,17,9;14,493648,493648,658,629,908,250
75,18,2;9,493648,493648,563,526,908,345
75,19,2;11,493648,493648,510,484,908,398
75,20,2;9,493648,493648,437,413,908,471
75,21,2;6,493648,493648,618,584,908,290
75,22,8;13,493648,493648,868,833,908,40
75,23,2;14,493648,493648,498,467,908,410
75,24,2;8,493648,493648,888,866,908,20
75,25,2;7,493648,493648,532,502,908,376
75,26,2;9,493648,493648,556,528,908,352
75,27,2;9,493648,493648,649,620,908,259
75,28,2;9,493648,493648,609,577,908,299
75,29,1;14,493648,493648,445,418,908,463
76,0,6;13,493648,493648,96,83,906,810
76,1,8;14,740472,740472,77,46,906,829
76,2,8;9,2221416,2221416,141,102,906,765
76,3,2;4,493648,493648,42,29,906,864
76,4,2;11,1727768,1727768,86,51,906,820
76,5,2;9,987296,987296,81,47,906,825
76,6,8;12,1974592,1974592,59,25,906,847
76,7,2;6,740472,740472,78,48,906,828
76,8,1;6,2961888,2961888,81,41,906,825
76,9,2;8,1480944,1480944,80,43,906,826
76,10,6;14,493648,493648,65,53,906,841
76,11,4;8,987296,987296,114,87,906,792
76,12,9;13,987296,987296,71,44,906,835
76,13,5;12,740472,740472,67,54,906,839
76,14,4;6,2715064,2715064,149,110,906,757
76,15,8;11,493648,493648,595,568,906,311
76,16,2;8,493648,493648,474,434,906,432
76,17,8;14,493648,493648,658,629,906,248
76,18,9;14,493648,493648,565,526,906,341
76,19,11;12,493648,493648,511,484,906,395
76,20,4;8,493648,493648,440,413,906,466
76,21,4;6,493648,493648,619,584,906,287
76,22,8;14,493648,493648,868,833,906,38
76,23,6;14,493648,493648,498,467,906,408
76,24,8;14,493648,493648,889,866,906,17
76,25,1;7,493648,493648,533,502,906,373
76,26,2;14,493648,493648,558,528,906,348
76,27,2;4,493648,493648,652,620,906,254
76,28,5;9,493648,493648,611,577,906,295
76,29,8;14,493648,493648,444,418,906,462
77,0,2;13,1234120,1234120,115,83,908,793
77,1,2;14,1234120,1234120,88,46,908,820
77,2,9;14,6170600,6170600,141,102,908,767
77,3,0;2,493648,493648,42,29,908,866
77,4,2;11,740472,740472,78,51,908,830
77,5,2;9,1480944,1480944,81,47,908,827
77,6,2;11,740472,740472,60,25,908,848
77,7,2;5,493648,493648,59,48,908,849
77,8,1;2,740472,740472,53,41,908,855
77,9,0;2,1727768,1727768,75,43,908,833
77,10,2;14,493648,493648,65,53,908,843
77,11,2;14,1480944,1480944,114,87,908,794
77,12,2;13,493648,493648,56,44,908,852
77,13,2;5,987296,987296,67,54,908,841
77,14,2;8,2715064,2715064,149,110,908,759
77,15,2;11,493648,493648,595,568,908,313
77,16,1;2,493648,493648,476,434,908,432
77,17,9;14,493648,493648,658,629,908,250
77,18,2;14,493648,493648,565,526,908,343
77,19,2;11,493648,493648,510,484,908,398
77,20,4;9,493648,493648,440,413,908,468
77,21,2;5,493648,493648,618,584,908,290
77,22,6;14,493648,493648,868,833,908,40
77,23,0;2,493648,493648,499,467,908,409
77,24,2;14,493648,493648,889,866,908,19
77,25,1;2,493648,493648,533,502,908,375
77,26,2;14,493648,493648,558,528,908,350
77,27,2;9,493648,493648,649,620,908,259
77,28,5;9,493648,493648,611,577,908,297
77,29,2;14,493648,493648,444,418,908,464
78,0,2;11,1234120,1234120,115,83,906,791
78,1,2;9,493648,493648,57,46,906,849
78,2,9;11,6417424,6417424,141,102,906,765
78,3,0;2,740472,740472,42,29,906,864
78,4,2;5,493648,493648,63,51,906,843
78,5,2;9,1480944,1480944,77,47,906,829
78,6,9;11,493648,493648,36,25,906,870
78,7,2;5,740472,740472,78,48,906,828
78,8,2;9,493648,493648,50,41,906,856
78,9,0;2,2961888,2961888,80,43,906,826
78,10,2;14,493648,493648,65,53,906,841
78,11,2;14,2715064,2715064,127,87,906,779
78,12,2;9,493648,493648,53,44,906,853
78,13,2;5,740472,740472,89,54,906,817
78,14,2;3,1234120,1234120,133,110,906,773
78,15,2;11,493648,493648,595,568,906,311
78,16,2;11,493648,493648,474,434,906,432
78,17,2;9,493648,493648,656,629,906,250
78,18,2;9,493648,493648,563,526,906,343
78,19,2;11,493648,493648,510,484,906,396
78,20,2;9,493648,493648,437,413,906,469
78,21,2;11,493648,493648,617,584,906,289
78,22,11;13,493648,493648,868,833,906,38
78,23,0;2,493648,493648,499,467,906,407
78,24,2;14,493648,493648,889,866,906,17
78,25,5;7,493648,493648,532,502,906,374
78,26,2;11,493648,493648,557,528,906,349
78,27,2;9,493648,493648,649,620,906,257
78,28,2;9,493648,493648,609,577,906,297
78,29,2;11,493648,493648,443,418,906,463
79,0,2;13,987296,987296,96,83,908,812
79,1,2;14,1480944,1480944,88,46,908,820
79,2,11;14,3455536,3455536,131,102,908,777
79,3,0;2,740472,740472,42,29,908,866
79,4,5;11,493648,493648,63,51,908,845
79,5,2;9,2468240,2468240,86,47,908,822
79,6,9;11,493648,493648,36,25,908,872
79,7,2;5,1234120,1234120,78,48,908,830
79,8,1;2,493648,493648,53,41,908,855
79,9,0;2,1234120,1234120,75,43,908,833
79,10,2;7,493648,493648,64,53,908,844
79,11,2;14,3208712,3208712,127,87,908,781
79,12,11;13,493648,493648,56,44,908,852
79,13,2;5,1234120,1234120,93,54,908,815
79,14,2;3,2715064,2715064,145,110,908,763
79,15,7;11,493648,493648,596,568,908,312
79,16,1;11,493648,493648,476,434,908,432
79,17,11;14,493648,493648,658,629,908,250
79,18,5;13,493648,493648,565,526,908,343
79,19,2;11,493648,493648,510,484,908,398
79,20,2;14,493648,493648,439,413,908,469
79,21,5;11,493648,493648,618,584,908,290
79,22,11;14,493648,493648,868,833,908,40
79,23,5;14,493648,493648,498,467,908,410
79,24,1;14,493648,493648,890,866,908,18
79,25,1;7,493648,493648,533,502,908,375
79,26,11;14,493648,493648,558,528,908,350
79,27,2;5,493648,493648,651,620,908,257
79,28,5;9,493648,493648,611,577,908,297
79,29,11;14,493648,493648,444,418,908,464
80,0,2;9,740472,740472,96,83,906,810
80,1,9;14,493648,493648,59,46,906,847
80,2,9;14,6170600,6170600,141,102,906,765
80,3,0;2,1234120,1234120,57,29,906,849
80,4,3;5,493648,493648,64,51,906,842
80,5,2;9,2221416,2221416,81,47,906,825
80,6,2;9,493648,493648,34,25,906,872
80,7,2;5,493648,493648,59,48,906,847
80,8,2;5,740472,740472,70,41,906,836
80,9,0;2,2715064,2715064,80,43,906,826
80,10,2;14,493648,493648,65,53,906,841
80,11,2;14,1234120,1234120,127,87,906,779
80,12,2;9,493648,493648,53,44,906,853
80,13,2;5,493648,493648,66,54,906,840
80,14,2;3,2221416,2221416,145,110,906,761
80,15,2;11,493648,493648,595,568,906,311
80,16,2;11,493648,493648,474,434,906,432
80,17,2;9,493648,493648,656,629,906,250
80,18,2;9,493648,493648,563,526,906,343
80,19,2;3,493648,493648,512,484,906,394
80,20,2;9,493648,493648,437,413,906,469
80,21,2;5,493648,493648,618,584,906,288
80,22,11;14,493648,493648,868,833,906,38
80,23,2;5,493648,493648,498,467,906,408
80,24,2;14,493648,493648,889,866,906,17
80,25,5;8,493648,493648,532,502,906,374
80,26,2;14,493648,493648,558,528,906,348
80,27,2;9,493648,493648,649,620,906,257
80,28,2;9,493648,493648,609,577,906,297
80,29,2;14,493648,493648,444,418,906,462
81,0,2;4,493648,493648,95,83,908,813
81,1,2;14,740472,740472,88,46,908,820
81,2,11;14,6170600,6170600,139,102,908,769
81,3,2;4,1234120,1234120,57,29,908,851
81,4,2;5,1974592,1974592,83,51,908,825
81,5,2;3,2715064,2715064,86,47,908,822
81,6,2;12,493648,493648,36,25,908,872
81,7,2;5,740472,740472,76,48,908,832
81,8,5;9,740472,740472,70,41,908,838
81,9,2;3,987296,987296,53,43,908,855
81,10,2;14,493648,493648,65,53,908,843
81,11,2;4,1234120,1234120,127,87,908,781
81,12,2;9,987296,987296,74,44,908,834
81,13,2;5,740472,740472,89,54,908,819
81,14,2;4,1480944,1480944,139,110,908,769
81,15,2;7,493648,493648,596,568,908,312
81,16,1;11,493648,493648,476,434,908,432
81,17,2;14,493648,493648,658,629,908,250
81,18,2;5,493648,493648,565,526,908,343
81,19,2;3,493648,493648,512,484,908,396
81,20,2;4,493648,493648,440,413,908,468
81,21,2;5,493648,493648,618,584,908,290
81,22,11;13,493648,493648,868,833,908,40
81,23,2;5,493648,493648,498,467,908,410
81,24,2;14,493648,493648,889,866,908,19
81,25,5;8,493648,493648,532,502,908,376
81,26,2;12,493648,493648,558,528,908,350
81,27,2;4,493648,493648,652,620,908,256
81,28,2;5,493648,493648,611,577,908,297
81,29,2;11,493648,493648,443,418,908,465
82,0,4;11,493648,493648,95,83,908,813
82,1,2;14,1234120,1234120,88,46,908,820
82,2,9;11,3949184,3949184,139,102,908,769
82,3,4;12,1480944,1480944,57,29,908,851
82,4,3;11,1480944,1480944,86,51,908,822
82,5,2;3,740472,740472,59,47,908,849
82,6,11;12,493648,493648,36,25,908,872
82,7,2;11,740472,740472,78,48,908,830
82,8,1;9,740472,740472,70,41,908,838
82,9,3;11,1974592,1974592,80,43,908,828
82,10,2;11,493648,493648,64,53,908,844
82,11,2;4,4196008,4196008,127,87,908,781
82,12,9;11,987296,987296,56,44,908,852
82,13,2;5,740472,740472,89,54,908,819
82,14,2;3,987296,987296,133,110,908,775
82,15,2;11,493648,493648,595,568,908,313
82,16,1;11,493648,493648,476,434,908,432
82,17,2;11,493648,493648,657,629,908,251
82,18,2;9,493648,493648,563,526,908,345
82,19,3;11,493648,493648,512,484,908,396
82,20,2;4,493648,493648,440,413,908,468
82,21,4;11,493648,493648,619,584,908,289
82,22,11;13,493648,493648,868,833,908,40
82,23,2;11,493648,493648,497,467,908,411
82,24,1;14,493648,493648,890,866,908,18
82,25,7;8,493648,493648,532,502,908,376
82,26,2;11,493648,493648,557,528,908,351
82,27,4;9,493648,493648,652,620,908,256
82,28,2;9,493648,493648,609,577,908,299
82,29,2;11,493648,493648,443,418,908,465
83,0,2;13,493648,493648,96,83,906,810
83,1,2;14,740472,740472,70,46,906,836
83,2,11;14,6170600,6170600,141,102,906,765
83,3,2;12,1480944,1480944,57,29,906,849
83,4,2;12,493648,493648,63,51,906,843
83,5,2;3,1727768,1727768,81,47,906,825
83,6,2;12,493648,493648,36,25,906,870
83,7,2;5,493648,493648,59,48,906,847
83,8,5;9,740472,740472,70,41,906,836
83,9,2;3,1234120,1234120,75,43,906,831
83,10,2;14,493648,493648,65,53,906,841
83,11,2;14,1727768,1727768,127,87,906,779
83,12,2;13,1234120,1234120,56,44,906,850
83,13,2;5,1480944,1480944,93,54,906,813
83,14,2;3,2221416,2221416,141,110,906,765
83,15,2;11,493648,493648,595,568,906,311
83,16,2;11,493648,493648,474,434,906,432
83,17,2;14,493648,493648,658,629,906,248
83,18,2;13,493648,493648,565,526,906,341
83,19,2;3,493648,493648,512,484,906,394
83,20,2;14,493648,493648,439,413,906,467
83,21,2;11,493648,493648,617,584,906,289
83,22,11;13,493648,493648,868,833,906,38
83,23,2;14,493648,493648,498,467,906,408
83,24,1;2,493648,493648,890,866,906,16
83,25,5;8,493648,493648,532,502,906,374
83,26,2;14,493648,493648,558,528,906,348
83,27,2;9,493648,493648,649,620,906,257
83,28,5;9,493648,493648,611,577,906,295
83,29,2;11,493648,493648,443,418,906,463
84,0,9;11,987296,987296,115,83,906,791
84,1,2;9,493648,493648,57,46,906,849
84,2,9;11,5183304,5183304,141,102,906,765
84,3,0;2,740472,740472,42,29,906,864
84,4,11;12,493648,493648,63,51,906,843
84,5,2;9,493648,493648,56,47,906,850
84,6,9;11,493648,493648,36,25,906,870
84,7,2;11,493648,493648,59,48,906,847
84,8,2;9,740472,740472,70,41,906,836
84,9,0;11,3455536,3455536,80,43,906,826
84,10,2;11,493648,493648,64,53,906,842
84,11,2;4,3702360,3702360,127,87,906,779
84,12,9;13,740472,740472,56,44,906,850
84,13,2;12,987296,987296,93,54,906,813
84,14,2;3,740472,740472,133,110,906,773
84,15,2;11,493648,493648,595,568,906,311
84,16,2;11,493648,493648,474,434,906,432
84,17,9;11,493648,493648,657,629,906,249
84,18,9;13,493648,493648,565,526,906,341
84,19,2;11,493648,493648,510,484,906,396
84,20,2;9,493648,493648,437,413,906,469
84,21,2;11,493648,493648,617,584,906,289
84,22,11;13,493648,493648,868,833,906,38
84,23,0;11,493648,493648,499,467,906,407
84,24,2;14,493648,493648,889,866,906,17
84,25,2;8,493648,493648,531,502,906,375
84,26,2;9,493648,493648,556,528,906,350
84,27,2;9,493648,493648,649,620,906,257
84,28,2;9,493648,493648,609,577,906,297
84,29,2;11,493648,493648,443,418,906,463
85,0,2;9,740472,740472,96,83,906,810
85,1,2;9,740472,740472,70,46,906,836
85,2,9;11,5430128,5430128,141,102,906,765
85,3,0;2,1480944,1480944,57,29,906,849
85,4,3;13,987296,987296,86,51,906,820
85,5,2;9,987296,987296,81,47,906,825
85,6,2;9,493648,493648,34,25,906,872
85,7,5;11,740472,740472,60,48,906,846
85,8,2;9,740472,740472,70,41,906,836
85,9,2;11,3208712,3208712,80,43,906,826
85,10,9;14,493648,493648,65,53,906,841
85,11,2;3,2715064,2715064,127,87,906,779
85,12,2;9,493648,493648,53,44,906,853
85,13,2;7,987296,987296,89,54,906,817
85,14,2;3,987296,987296,136,110,906,770
85,15,2;11,493648,493648,595,568,906,311
85,16,2;11,493648,493648,474,434,906,432
85,17,2;11,493648,493648,657,629,906,249
85,18,2;9,493648,493648,563,526,906,343
85,19,2;3,493648,493648,512,484,906,394
85,20,2;9,493648,493648,437,413,906,469
85,21,2;4,493648,493648,619,584,906,287
85,22,11;13,493648,493648,868,833,906,38
85,23,2;11,493648,493648,497,467,906,409
85,24,1;2,493648,493648,890,866,906,16
85,25,2;8,493648,493648,531,502,906,375
85,26,2;11,493648,493648,557,528,906,349
85,27,4;9,493648,493648,652,620,906,254
85,28,5;9,493648,493648,611,577,906,295
85,29,11;14,493648,493648,444,418,906,462
86,0,9;13,987296,987296,115,83,908,793
86,1,2;9,1234120,1234120,88,46,908,820
86,2,9;11,2715064,2715064,129,102,908,779
86,3,0;2,1727768,1727768,57,29,908,851
86,4,3;5,987296,987296,83,51,908,825
86,5,3;9,2468240,2468240,81,47,908,827
86,6,9;12,493648,493648,36,25,908,872
86,7,5;9,493648,493648,59,48,908,849
86,8,1;9,740472,740472,70,41,908,838
86,9,0;3,4689656,4689656,80,43,908,828
86,10,2;9,493648,493648,62,53,908,846
86,11,2;4,1234120,1234120,127,87,908,781
86,12,9;13,740472,740472,56,44,908,852
86,13,5;12,1234120,1234120,93,54,908,815
86,14,3;9,493648,493648,123,110,908,785
86,15,2;9,493648,493648,594,568,908,314
86,16,1;11,493648,493648,476,434,908,432
86,17,2;9,493648,493648,656,629,908,252
86,18,9;13,493648,493648,565,526,908,343
86,19,2;3,493648,493648,512,484,908,396
86,20,2;5,493648,493648,439,413,908,469
86,21,5;9,493648,493648,618,584,908,290
86,22,9;13,493648,493648,868,833,908,40
86,23,0;5,493648,493648,499,467,908,409
86,24,1;2,493648,493648,890,866,908,18
86,25,5;8,493648,493648,532,502,908,376
86,26,9;11,493648,493648,557,528,908,351
86,27,4;9,493648,493648,652,620,908,256
86,28,5;9,493648,493648,611,577,908,297
86,29,2;11,493648,493648,443,418,908,465
87,0,4;11,987296,987296,115,83,908,793
87,1,2;9,1727768,1727768,88,46,908,820
87,2,9;11,5676952,5676952,139,102,908,769
87,3,0;2,740472,740472,42,29,908,866
87,4,11;12,740472,740472,63,51,908,845
87,5,2;9,493648,493648,56,47,908,852
87,6,11;12,740472,740472,60,25,908,848
87,7,2;11,740472,740472,60,48,908,848
87,8,1;2,493648,493648,53,41,908,855
87,9,2;11,1727768,1727768,80,43,908,828
87,10,2;11,493648,493648,64,53,908,844
87,11,2;4,4196008,4196008,127,87,908,781
87,12,2;11,987296,987296,56,44,908,852
87,13,2;7,493648,493648,66,54,908,842
87,14,2;3,493648,493648,123,110,908,785
87,15,2;11,493648,493648,595,568,908,313
87,16,1;11,493648,493648,476,434,908,432
87,17,2;11,493648,493648,657,629,908,251
87,18,2;9,493648,493648,563,526,908,345
87,19,2;11,493648,493648,510,484,908,398
87,20,2;9,493648,493648,437,413,908,471
87,21,2;11,493648,493648,617,584,908,291
87,22,6;11,493648,493648,868,833,908,40
87,23,0;11,493648,493648,499,467,908,409
87,24,1;2,493648,493648,890,866,908,18
87,25,1;2,493648,493648,533,502,908,375
87,26,2;11,493648,493648,557,528,908,351
87,27,2;9,493648,493648,649,620,908,259
87,28,1;2,493648,493648,612,577,908,296
87,29,2;11,493648,493648,443,418,908,465
88,0,11;13,1234120,1234120,115,83,906,791
88,1,2;14,493648,493648,59,46,906,847
88,2,11;14,4196008,4196008,141,102,906,765
88,3,0;2,987296,987296,57,29,906,849
88,4,11;13,493648,493648,64,51,906,842
88,5,3;9,1480944,1480944,81,47,906,825
88,6,2;9,493648,493648,34,25,906,872
88,7,2;11,493648,493648,59,48,906,847
88,8,2;9,740472,740472,70,41,906,836
88,9,0;11,2468240,2468240,80,43,906,826
88,10,2;11,493648,493648,64,53,906,842
88,11,2;14,3949184,3949184,127,87,906,779
88,12,11;13,493648,493648,56,44,906,850
88,13,2;5,1480944,1480944,89,54,906,817
88,14,2;9,1727768,1727768,140,110,906,766
88,15,9;11,493648,493648,595,568,906,311
88,16,2;11,493648,493648,474,434,906,432
88,17,2;11,493648,493648,657,629,906,249
88,18,2;9,493648,493648,563,526,906,343
88,19,3;11,493648,493648,512,484,906,394
88,20,9;14,493648,493648,439,413,906,467
88,21,2;11,493648,493648,617,584,906,289
88,22,11;13,493648,493648,868,833,906,38
88,23,0;11,493648,493648,499,467,906,407
88,24,2;14,493648,493648,889,866,906,17
88,25,5;8,493648,493648,532,502,906,374
88,26,2;14,493648,493648,558,528,906,348
88,27,2;5,493648,493648,651,620,906,255
88,28,5;9,493648,493648,611,577,906,295
88,29,2;11,493648,493648,443,418,906,463
89,0,2;9,493648,493648,93,83,906,813
89,1,2;9,987296,987296,77,46,906,829
89,2,5;14,6170600,6170600,141,102,906,765
89,3,2;4,1480944,1480944,57,29,906,849
89,4,2;5,740472,740472,64,51,906,842
89,5,2;9,2468240,2468240,81,47,906,825
89,6,2;9,493648,493648,34,25,906,872
89,7,2;5,493648,493648,59,48,906,847
89,8,2;5,493648,493648,52,41,906,854
89,9,0;3,3208712,3208712,80,43,906,826
89,10,2;9,493648,493648,62,53,906,844
89,11,2;3,740472,740472,127,87,906,779
89,12,2;13,493648,493648,56,44,906,850
89,13,2;5,740472,740472,66,54,906,840
89,14,2;3,1234120,1234120,145,110,906,761
89,15,2;9,493648,493648,594,568,906,312
89,16,2;11,493648,493648,474,434,906,432
89,17,2;9,493648,493648,656,629,906,250
89,18,2;9,493648,493648,563,526,906,343
89,19,2;3,493648,493648,512,484,906,394
89,20,5;9,493648,493648,439,413,906,467
89,21,2;5,493648,493648,618,584,906,288
89,22,9;14,493648,493648,868,833,906,38
89,23,2;5,493648,493648,498,467,906,408
89,24,1;14,493648,493648,890,866,906,16
89,25,1;2,493648,493648,533,502,906,373
89,26,2;9,493648,493648,556,528,906,350
89,27,2;5,493648,493648,651,620,906,255
89,28,2;9,493648,493648,609,577,906,297
89,29,2;14,493648,493648,444,418,906,462
90,0,2;9,740472,740472,96,83,906,810
90,1,2;9,740472,740472,70,46,906,836
90,2,9;11,6170600,6170600,141,102,906,765
90,3,0;2,987296,987296,42,29,906,864
90,4,2;11,493648,493648,63,51,906,843
90,5,2;3,1234120,1234120,81,47,906,825
90,6,2;9,493648,493648,34,25,906,872
90,7,2;9,740472,740472,78,48,906,828
90,8,2;9,493648,493648,50,41,906,856
90,9,0;2,3949184,3949184,80,43,906,826
90,10,9;11,493648,493648,64,53,906,842
90,11,2;3,2468240,2468240,127,87,906,779
90,12,9;11,493648,493648,55,44,906,851
90,13,2;5,740472,740472,89,54,906,817
90,14,2;9,493648,493648,120,110,906,786
90,15,2;9,493648,493648,594,568,906,312
90,16,2;11,493648,493648,474,434,906,432
90,17,2;9,493648,493648,656,629,906,250
90,18,2;9,493648,493648,563,526,906,343
90,19,2;11,493648,493648,510,484,906,396
90,20,2;9,493648,493648,437,413,906,469
90,21,2;9,493648,493648,616,584,906,290
90,22,11;13,493648,493648,868,833,906,38
90,23,2;11,493648,493648,497,467,906,409
90,24,1;2,493648,493648,890,866,906,16
90,25,5;7,493648,493648,532,502,906,374
90,26,2;9,493648,493648,556,528,906,350
90,27,2;9,493648,493648,649,620,906,257
90,28,2;5,493648,493648,611,577,906,295
90,29,2;11,493648,493648,443,418,906,463
91,0,2;9,987296,987296,115,83,906,791
91,1,2;9,493648,493648,57,46,906,849
91,2,9;11,5923776,5923776,141,102,906,765
91,3,0;10,493648,493648,42,29,906,864
91,4,2;11,493648,493648,63,51,906,843
91,5,2;9,1234120,1234120,77,47,906,829
91,6,2;9,493648,493648,34,25,906,872
91,7,9;11,493648,493648,59,48,906,847
91,8,2;9,493648,493648,50,41,906,856
91,9,0;2,4689656,4689656,80,43,906,826
91,10,2;9,740472,740472,65,53,906,841
91,11,2;14,1974592,1974592,127,87,906,779
91,12,2;9,493648,493648,53,44,906,853
91,13,2;5,740472,740472,89,54,906,817
91,14,2;9,987296,987296,133,110,906,773
91,15,2;9,493648,493648,594,568,906,312
91,16,2;11,493648,493648,474,434,906,432
91,17,2;9,493648,493648,656,629,906,250
91,18,2;9,493648,493648,563,526,906,343
91,19,2;11,493648,493648,510,484,906,396
91,20,5;9,493648,493648,439,413,906,467
91,21,2;9,493648,493648,616,584,906,290
91,22,9;13,493648,493648,868,833,906,38
91,23,0;11,493648,493648,499,467,906,407
91,24,2;14,493648,493648,889,866,906,17
91,25,2;5,493648,493648,532,502,906,374
91,26,2;9,493648,493648,556,528,906,350
91,27,2;9,493648,493648,649,620,906,257
91,28,2;9,493648,493648,609,577,906,297
91,29,2;11,493648,493648,443,418,906,463
92,0,2;4,493648,493648,95,83,908,813
92,1,2;9,1234120,1234120,88,46,908,820
92,2,5;9,6170600,6170600,141,102,908,767
92,3,2;4,493648,493648,42,29,908,866
92,4,2;5,1234120,1234120,64,51,908,844
92,5,2;9,1727768,1727768,86,47,908,822
92,6,2;9,740472,740472,60,25,908,848
92,7,2;9,493648,493648,57,48,908,851
92,8,2;9,493648,493648,50,41,908,858
92,9,2;11,4442832,4442832,80,43,908,828
92,10,2;9,493648,493648,62,53,908,846
92,11,2;4,987296,987296,113,87,908,795
92,12,2;9,493648,493648,53,44,908,855
92,13,2;5,493648,493648,66,54,908,842
92,14,2;9,1234120,1234120,141,110,908,767
92,15,2;9,493648,493648,594,568,908,314
92,16,1;2,493648,493648,476,434,908,432
92,17,2;9,493648,493648,656,629,908,252
92,18,5;9,493648,493648,565,526,908,343
92,19,2;11,493648,493648,510,484,908,398
92,20,2;9,493648,493648,437,413,908,471
92,21,2;9,493648,493648,616,584,908,292
92,22,6;9,493648,493648,868,833,908,40
92,23,5;14,493648,493648,498,467,908,410
92,24,1;14,493648,493648,890,866,908,18
92,25,1;2,493648,493648,533,502,908,375
92,26,2;9,493648,493648,556,528,908,352
92,27,2;9,493648,493648,649,620,908,259
92,28,2;5,493648,493648,611,577,908,297
92,29,2;14,493648,493648,444,418,908,464
93,0,2;11,740472,740472,96,83,906,810
93,1,2;9,493648,493648,57,46,906,849
93,2,11;14,6170600,6170600,141,102,906,765
93,3,0;10,987296,987296,42,29,906,864
93,4,2;11,493648,493648,63,51,906,843
93,5,2;3,987296,987296,77,47,906,829
93,6,2;11,740472,740472,60,25,906,846
93,7,2;11,493648,493648,59,48,906,847
93,8,2;9,493648,493648,50,41,906,856
93,9,2;11,2221416,2221416,80,43,906,826
93,10,2;11,740472,740472,65,53,906,841
93,11,2;14,3949184,3949184,127,87,906,779
93,12,2;11,493648,493648,55,44,906,851
93,13,2;5,493648,493648,66,54,906,840
93,14,2;3,1727768,1727768,145,110,906,761
93,15,2;11,493648,493648,595,568,906,311
93,16,2;11,493648,493648,474,434,906,432
93,17,2;11,493648,493648,657,629,906,249
93,18,2;9,493648,493648,563,526,906,343
93,19,2;11,493648,493648,510,484,906,396
93,20,2;9,493648,493648,437,413,906,469
93,21,9;11,493648,493648,617,584,906,289
93,22,6;14,493648,493648,868,833,906,38
93,23,2;11,493648,493648,497,467,906,409
93,24,2;14,493648,493648,889,866,906,17
93,25,2;5,493648,493648,532,502,906,374
93,26,2;14,493648,493648,558,528,906,348
93,27,2;9,493648,493648,649,620,906,257
93,28,2;9,493648,493648,609,577,906,297
93,29,11;14,493648,493648,444,418,906,462
94,0,2;11,740472,740472,96,83,906,810
94,1,2;9,493648,493648,57,46,906,849
94,2,5;11,6664248,6664248,141,102,906,765
94,3,0;2,1480944,1480944,57,29,906,849
94,4,2;11,987296,987296,86,51,906,820
94,5,2;11,1727768,1727768,81,47,906,825
94,6,2;11,493648,493648,36,25,906,870
94,7,2;11,740472,740472,60,48,906,846
94,8,2;5,493648,493648,52,41,906,854
94,9,3;11,1727768,1727768,80,43,906,826
94,10,2;11,493648,493648,64,53,906,842
94,11,2;3,3455536,3455536,127,87,906,779
94,12,2;9,493648,493648,53,44,906,853
94,13,2;7,493648,493648,66,54,906,840
94,14,2;3,740472,740472,133,110,906,773
94,15,2;11,493648,493648,595,568,906,311
94,16,2;11,493648,493648,474,434,906,432
94,17,2;9,493648,493648,656,629,906,250
94,18,2;9,493648,493648,563,526,906,343
94,19,2;3,493648,493648,512,484,906,394
94,20,2;5,493648,493648,439,413,906,467
94,21,2;4,493648,493648,619,584,906,287
94,22,9;11,493648,493648,867,833,906,39
94,23,2;5,493648,493648,498,467,906,408
94,24,2;14,493648,493648,889,866,906,17
94,25,2;5,493648,493648,532,502,906,374
94,26,2;11,493648,493648,557,528,906,349
94,27,2;4,493648,493648,652,620,906,254
94,28,2;5,493648,493648,611,577,906,295
94,29,2;11,493648,493648,443,418,906,463
95,0,2;9,493648,493648,93,83,908,815
95,1,2;9,1480944,1480944,88,46,908,820
95,2,9;14,5430128,5430128,141,102,908,767
95,3,10;12,1727768,1727768,57,29,908,851
95,4,3;5,493648,493648,64,51,908,844
95,5,3;9,987296,987296,59,47,908,849
95,6,2;9,493648,493648,34,25,908,874
95,7,2;9,493648,493648,57,48,908,851
95,8,2;9,493648,493648,50,41,908,858
95,9,2;3,4936480,4936480,80,43,908,828
95,10,2;9,740472,740472,65,53,908,843
95,11,2;3,740472,740472,99,87,908,809
95,12,9;11,987296,987296,56,44,908,852
95,13,5;12,493648,493648,66,54,908,842
95,14,2;9,1234120,1234120,145,110,908,763
95,15,2;9,493648,493648,594,568,908,314
95,16,1;2,493648,493648,476,434,908,432
95,17,2;9,493648,493648,656,629,908,252
95,18,2;9,493648,493648,563,526,908,345
95,19,2;3,493648,493648,512,484,908,396
95,20,2;9,493648,493648,437,413,908,471
95,21,2;9,493648,493648,616,584,908,292
95,22,9;14,493648,493648,868,833,908,40
95,23,2;14,493648,493648,498,467,908,410
95,24,1;2,493648,493648,890,866,908,18
95,25,1;2,493648,493648,533,502,908,375
95,26,2;9,493648,493648,556,528,908,352
95,27,2;9,493648,493648,649,620,908,259
95,28,1;9,493648,493648,612,577,908,296
95,29,2;14,493648,493648,444,418,908,464
96,0,2;11,493648,493648,95,83,906,811
96,1,2;14,493648,493648,59,46,906,847
96,2,11;14,6417424,6417424,141,102,906,765
96,3,2;12,987296,987296,42,29,906,864
96,4,2;13,740472,740472,83,51,906,823
96,5,2;3,493648,493648,59,47,906,847
96,6,2;9,493648,493648,34,25,906,872
96,7,2;11,987296,987296,76,48,906,830
96,8,2;9,740472,740472,70,41,906,836
96,9,2;11,1480944,1480944,80,43,906,826
96,10,2;14,493648,493648,65,53,906,841
96,11,2;14,2468240,2468240,127,87,906,779
96,12,11;13,740472,740472,56,44,906,850
96,13,2;7,1480944,1480944,89,54,906,817
96,14,2;3,2715064,2715064,145,110,906,761
96,15,7;9,493648,493648,596,568,906,310
96,16,2;11,493648,493648,474,434,906,432
96,17,2;14,493648,493648,658,629,906,248
96,18,2;9,493648,493648,563,526,906,343
96,19,2;11,493648,493648,510,484,906,396
96,20,2;14,493648,493648,439,413,906,467
96,21,2;11,493648,493648,617,584,906,289
96,22,13;14,493648,493648,868,833,906,38
96,23,2;14,493648,493648,498,467,906,408
96,24,2;14,493648,493648,889,866,906,17
96,25,2;8,493648,493648,531,502,906,375
96,26,2;11,493648,493648,557,528,906,349
96,27,2;4,493648,493648,652,620,906,254
96,28,2;13,493648,493648,611,577,906,295
96,29,2;14,493648,493648,444,418,906,462
97,0,2;9,740472,740472,96,83,906,810
97,1,9;14,493648,493648,59,46,906,847
97,2,9;14,4936480,4936480,141,102,906,765
97,3,0;2,987296,987296,57,29,906,849
97,4,3;12,740472,740472,86,51,906,820
97,5,2;9,493648,493648,56,47,906,850
97,6,2;9,493648,493648,34,25,906,872
97,7,2;9,987296,987296,76,48,906,830
97,8,2;9,493648,493648,50,41,906,856
97,9,0;2,4936480,4936480,80,43,906,826
97,10,9;14,493648,493648,65,53,906,841
97,11,9;14,740472,740472,127,87,906,779
97,12,2;9,987296,987296,56,44,906,850
97,13,7;12,493648,493648,66,54,906,840
97,14,2;9,2715064,2715064,145,110,906,761
97,15,7;9,493648,493648,596,568,906,310
97,16,2;11,493648,493648,474,434,906,432
97,17,2;14,493648,493648,658,629,906,248
97,18,2;9,493648,493648,563,526,906,343
97,19,2;3,493648,493648,512,484,906,394
97,20,2;9,493648,493648,437,413,906,469
97,21,4;9,493648,493648,619,584,906,287
97,22,9;14,493648,493648,868,833,906,38
97,23,2;14,493648,493648,498,467,906,408
97,24,2;14,493648,493648,889,866,906,17
97,25,2;9,493648,493648,530,502,906,376
97,26,9;14,493648,493648,558,528,906,348
97,27,2;9,493648,493648,649,620,906,257
97,28,2;9,493648,493648,609,577,906,297
97,29,2;14,493648,493648,444,418,906,462
98,0,2;9,740472,740472,96,83,908,812
98,1,9;14,740472,740472,88,46,908,820
98,2,9;11,4936480,4936480,141,102,908,767
98,3,0;2,1234120,1234120,42,29,908,866
98,4,3;12,1234120,1234120,86,51,908,822
98,5,2;9,740472,740472,86,47,908,822
98,6,2;12,740472,740472,60,25,908,848
98,7,2;9,493648,493648,57,48,908,851
98,8,3;9,740472,740472,70,41,908,838
98,9,2;3,4936480,4936480,76,43,908,832
98,10,9;11,493648,493648,64,53,908,844
98,11,2;9,1234120,1234120,117,87,908,791
98,12,2;9,1480944,1480944,71,44,908,837
98,13,4;12,493648,493648,67,54,908,841
98,14,2;9,987296,987296,133,110,908,775
98,15,2;9,493648,493648,594,568,908,314
98,16,1;2,493648,493648,476,434,908,432
98,17,2;9,493648,493648,656,629,908,252
98,18,2;5,493648,493648,565,526,908,343
98,19,2;12,493648,493648,511,484,908,397
98,20,2;9,493648,493648,437,413,908,471
98,21,4;9,493648,493648,619,584,908,289
98,22,6;9,493648,493648,868,833,908,40
98,23,2;11,493648,493648,497,467,908,411
98,24,2;14,493648,493648,889,866,908,19
98,25,8;9,493648,493648,531,502,908,377
98,26,2;9,493648,493648,556,528,908,352
98,27,4;9,493648,493648,652,620,908,256
98,28,2;9,493648,493648,609,577,908,299
98,29,2;11,493648,493648,443,418,908,465
99,0,9;11,493648,493648,95,83,906,811
99,1,3;9,1234120,1234120,81,46,906,825
99,2,9;11,5430128,5430128,141,102,906,765
99,3,2;10,2221416,2221416,57,29,906,849
99,4,3;11,1234120,1234120,86,51,906,820
99,5,2;11,740472,740472,86,47,906,820
99,6,2;11,493648,493648,36,25,906,870
99,7,2;11,493648,493648,59,48,906,847
99,8,2;3,740472,740472,70,41,906,836
99,9,3;11,1974592,1974592,80,43,906,826
99,10,2;11,740472,740472,65,53,906,841
99,11,2;3,4196008,4196008,127,87,906,779
99,12,2;11,493648,493648,55,44,906,851
99,13,2;4,740472,740472,89,54,906,817
99,14,2;3,493648,493648,123,110,906,783
99,15,2;11,493648,493648,595,568,906,311
99,16,2;11,493648,493648,474,434,906,432
99,17,2;11,493648,493648,657,629,906,249
99,18,5;9,493648,493648,565,526,906,341
99,19,3;11,493648,493648,512,484,906,394
99,20,2;9,493648,493648,437,413,906,469
99,21,4;11,493648,493648,619,584,906,287
99,22,9;13,493648,493648,868,833,906,38
99,23,2;11,493648,493648,497,467,906,409
99,24,1;2,493648,493648,890,866,906,16
99,25,2;8,493648,493648,531,502,906,375
99,26,2;11,493648,493648,557,528,906,349
99,27,2;4,493648,493648,652,620,906,254
99,28,1;2,493648,493648,612,577,906,294
99,29,1;2,493648,493648,445,418,906,461
