round,node,peers,ul_bytes,dl_bytes,busy_ticks,train_ticks,round_duration_ticks,idle_ticks
0,0,2;8,1974592,1974592,30,1,923,893
0,1,0;3,1974592,1974592,104,64,923,819
0,2,1;21,1234120,1234120,41,16,923,882
0,3,0;1,1974592,1974592,55,21,923,868
0,4,1;3,740472,740472,184,148,923,739
0,5,3;6,493648,493648,109,99,923,814
0,6,5;20,1234120,1234120,58,20,923,865
0,7,17;18,740472,740472,81,40,923,842
0,8,1;28,740472,740472,70,50,923,853
0,9,0;6,740472,740472,153,141,923,770
0,10,2;9,987296,987296,148,121,923,775
0,11,0;26,987296,987296,102,68,923,821
0,12,0;16,493648,493648,104,75,923,819
0,13,14;27,1234120,1234120,94,61,923,829
0,14,1;13,493648,493648,96,84,923,827
0,15,3;13,493648,493648,407,385,923,516
0,16,11;19,740472,740472,740,690,923,183
0,17,3;29,740472,740472,526,491,923,397
0,18,4;7,493648,493648,909,873,923,14
0,19,7;16,740472,740472,613,563,923,310
0,20,3;6,493648,493648,626,591,923,297
0,21,2;13,493648,493648,672,645,923,251
0,22,3;10,493648,493648,205,183,923,718
0,23,1;6,493648,493648,617,577,923,306
0,24,0;6,493648,493648,435,406,923,488
0,25,13;19,493648,493648,737,692,923,186
0,26,10;11,493648,493648,132,103,923,791
0,27,11;13,493648,493648,358,324,923,565
0,28,2;8,493648,493648,389,369,923,534
0,29,1;17,493648,493648,432,397,923,491
1,0,3;11,740472,740472,30,1,923,893
1,1,5;23,1480944,1480944,104,64,923,819
1,2,7;21,740472,740472,41,16,923,882
1,3,17;22,1727768,1727768,55,21,923,868
1,4,1;3,1480944,1480944,184,148,923,739
1,5,1;3,493648,493648,112,99,923,811
1,6,9;20,987296,987296,58,20,923,865
1,7,4;18,1480944,1480944,81,40,923,842
1,8,1;28,493648,493648,70,50,923,853
1,9,6;10,493648,493648,152,141,923,771
1,10,22;26,740472,740472,148,121,923,775
1,11,7;27,1234120,1234120,102,68,923,821
1,12,4;16,493648,493648,104,75,923,819
1,13,4;15,1480944,1480944,94,61,923,829
1,14,1;13,493648,493648,96,84,923,827
1,15,3;13,493648,493648,407,385,923,516
1,16,11;19,740472,740472,740,690,923,183
1,17,7;29,740472,740472,526,491,923,397
1,18,4;7,493648,493648,909,873,923,14
1,19,7;16,740472,740472,613,563,923,310
1,20,3;6,493648,493648,626,591,923,297
1,21,2;13,493648,493648,672,645,923,251
1,22,3;10,493648,493648,205,183,923,718
1,23,1;6,493648,493648,617,577,923,306
1,24,0;6,493648,493648,435,406,923,488
1,25,13;19,493648,493648,737,692,923,186
1,26,10;11,493648,493648,132,103,923,791
1,27,11;13,493648,493648,358,324,923,565
1,28,2;8,493648,493648,389,369,923,534
1,29,1;17,493648,493648,432,397,923,491
2,0,3;9,1480944,1480944,30,1,923,893
2,1,23;29,1727768,1727768,104,64,923,819
2,2,0;21,987296,987296,41,16,923,882
2,3,1;5,1974592,1974592,55,21,923,868
2,4,1;3,1480944,1480944,184,148,923,739
2,5,1;6,740472,740472,112,99,923,811
2,6,20;24,1234120,1234120,58,20,923,865
2,7,4;19,1234120,1234120,81,40,923,842
2,8,0;1,740472,740472,70,50,923,853
2,9,6;10,740472,740472,153,141,923,770
2,10,2;26,987296,987296,148,121,923,775
2,11,0;7,987296,987296,102,68,923,821
2,12,4;16,493648,493648,104,75,923,819
2,13,4;27,1480944,1480944,94,61,923,829
2,14,1;13,493648,493648,96,84,923,827
2,15,3;13,493648,493648,407,385,923,516
2,16,12;19,493648,493648,740,690,923,183
2,17,3;7,740472,740472,526,491,923,397
2,18,4;7,493648,493648,909,873,923,14
2,19,7;25,740472,740472,613,563,923,310
2,20,3;6,493648,493648,626,591,923,297
2,21,2;13,493648,493648,672,645,923,251
2,22,3;10,493648,493648,205,183,923,718
2,23,1;6,493648,493648,617,577,923,306
2,24,0;6,493648,493648,435,406,923,488
2,25,13;19,493648,493648,737,692,923,186
2,26,10;11,493648,493648,132,103,923,791
2,27,11;13,493648,493648,358,324,923,565
2,28,2;8,493648,493648,389,369,923,534
2,29,1;17,493648,493648,432,397,923,491
3,0,2;3,1480944,1480944,30,1,923,893
3,1,2;4,1480944,1480944,104,64,923,819
3,2,7;28,1234120,1234120,41,16,923,882
3,3,0;5,1234120,1234120,55,21,923,868
3,4,7;18,740472,740472,184,148,923,739
3,5,1;3,493648,493648,112,99,923,811
3,6,23;24,987296,987296,58,20,923,865
3,7,2;17,1480944,1480944,81,40,923,842
3,8,0;28,493648,493648,70,50,923,853
3,9,0;6,740472,740472,153,141,923,770
3,10,9;26,740472,740472,148,121,923,775
3,11,7;27,987296,987296,102,68,923,821
3,12,0;16,493648,493648,104,75,923,819
3,13,21;27,1234120,1234120,94,61,923,829
3,14,1;13,493648,493648,96,84,923,827
3,15,3;13,493648,493648,407,385,923,516
3,16,11;19,740472,740472,740,690,923,183
3,17,7;29,493648,493648,526,491,923,397
3,18,4;7,493648,493648,909,873,923,14
3,19,7;16,740472,740472,613,563,923,310
3,20,3;6,493648,493648,626,591,923,297
3,21,2;13,493648,493648,672,645,923,251
3,22,3;10,493648,493648,205,183,923,718
3,23,1;6,493648,493648,617,577,923,306
3,24,0;6,493648,493648,435,406,923,488
3,25,13;19,493648,493648,737,692,923,186
3,26,10;11,493648,493648,132,103,923,791
3,27,11;13,493648,493648,358,324,923,565
3,28,2;8,493648,493648,389,369,923,534
3,29,1;17,493648,493648,432,397,923,491
4,0,8;12,987296,987296,30,1,923,893
4,1,8;14,1727768,1727768,104,64,923,819
4,2,10;21,740472,740472,41,16,923,882
4,3,1;17,1234120,1234120,55,21,923,868
4,4,1;7,987296,987296,184,148,923,739
4,5,1;6,493648,493648,112,99,923,811
4,6,9;20,1234120,1234120,58,20,923,865
4,7,4;11,1234120,1234120,81,40,923,842
4,8,0;28,740472,740472,70,50,923,853
4,9,0;6,740472,740472,153,141,923,770
4,10,2;9,987296,987296,148,121,923,775
4,11,16;26,987296,987296,102,68,923,821
4,12,4;16,740472,740472,104,75,923,819
4,13,14;15,1234120,1234120,94,61,923,829
4,14,1;13,493648,493648,96,84,923,827
4,15,3;13,493648,493648,407,385,923,516
4,16,11;19,740472,740472,740,690,923,183
4,17,3;7,740472,740472,526,491,923,397
4,18,4;7,493648,493648,909,873,923,14
4,19,7;25,740472,740472,613,563,923,310
4,20,3;6,493648,493648,626,591,923,297
4,21,2;13,493648,493648,672,645,923,251
4,22,3;10,493648,493648,205,183,923,718
4,23,1;6,493648,493648,617,577,923,306
4,24,0;6,493648,493648,435,406,923,488
4,25,13;19,493648,493648,737,692,923,186
4,26,10;11,493648,493648,132,103,923,791
4,27,11;13,493648,493648,358,324,923,565
4,28,2;8,493648,493648,389,369,923,534
4,29,1;17,493648,493648,432,397,923,491
5,0,1;9,1480944,1480944,30,1,923,893
5,1,14;23,1974592,1974592,104,64,923,819
5,2,0;10,987296,987296,41,16,923,882
5,3,1;17,1234120,1234120,55,21,923,868
5,4,1;6,1234120,1234120,184,148,923,739
5,5,1;6,493648,493648,112,99,923,811
5,6,23;24,1234120,1234120,58,20,923,865
5,7,4;19,740472,740472,81,40,923,842
5,8,1;28,493648,493648,70,50,923,853
5,9,0;10,493648,493648,153,141,923,770
5,10,2;9,987296,987296,148,121,923,775
5,11,16;27,740472,740472,102,68,923,821
5,12,0;4,740472,740472,104,75,923,819
5,13,0;21,1480944,1480944,94,61,923,829
5,14,1;13,493648,493648,96,84,923,827
5,15,3;13,493648,493648,407,385,923,516
5,16,12;19,740472,740472,740,690,923,183
5,17,3;29,493648,493648,526,491,923,397
5,18,4;7,493648,493648,909,873,923,14
5,19,16;25,740472,740472,613,563,923,310
5,20,3;6,493648,493648,626,591,923,297
5,21,2;13,493648,493648,672,645,923,251
5,22,3;10,493648,493648,205,183,923,718
5,23,1;6,493648,493648,617,577,923,306
5,24,0;6,493648,493648,435,406,923,488
5,25,13;19,493648,493648,737,692,923,186
5,26,10;11,493648,493648,132,103,923,791
5,27,11;13,493648,493648,358,324,923,565
5,28,2;8,493648,493648,389,369,923,534
5,29,1;17,493648,493648,432,397,923,491
6,0,2;24,1234120,1234120,30,1,923,893
6,1,4;23,1727768,1727768,104,64,923,819
6,2,1;21,1234120,1234120,41,16,923,882
6,3,4;5,1480944,1480944,55,21,923,868
6,4,1;18,1480944,1480944,184,148,923,739
6,5,1;3,493648,493648,112,99,923,811
6,6,4;20,1234120,1234120,58,20,923,865
6,7,4;18,987296,987296,74,40,923,849
6,8,0;1,740472,740472,70,50,923,853
6,9,0;6,493648,493648,153,141,923,770
6,10,2;22,740472,740472,148,121,923,775
6,11,7;27,740472,740472,102,68,923,821
6,12,0;4,740472,740472,104,75,923,819
6,13,15;27,1234120,1234120,94,61,923,829
6,14,1;13,493648,493648,96,84,923,827
6,15,3;13,493648,493648,407,385,923,516
6,16,12;19,493648,493648,740,690,923,183
6,17,3;7,740472,740472,526,491,923,397
6,18,4;7,493648,493648,909,873,923,14
6,19,16;25,493648,493648,613,563,923,310
6,20,3;6,493648,493648,626,591,923,297
6,21,2;13,493648,493648,672,645,923,251
6,22,3;10,493648,493648,205,183,923,718
6,23,1;6,493648,493648,617,577,923,306
6,24,0;6,493648,493648,435,406,923,488
6,25,13;19,493648,493648,737,692,923,186
6,26,10;11,493648,493648,132,103,923,791
6,27,11;13,493648,493648,358,324,923,565
6,28,2;8,493648,493648,389,369,923,534
6,29,1;17,493648,493648,432,397,923,491
7,0,1;3,1727768,1727768,30,1,923,893
7,1,4;8,1974592,1974592,104,64,923,819
7,2,1;28,987296,987296,41,16,923,882
7,3,5;20,1480944,1480944,55,21,923,868
7,4,7;18,1480944,1480944,184,148,923,739
7,5,1;6,740472,740472,112,99,923,811
7,6,4;20,1234120,1234120,58,20,923,865
7,7,4;18,740472,740472,81,40,923,842
7,8,0;28,740472,740472,70,50,923,853
7,9,0;10,493648,493648,153,141,923,770
7,10,2;26,987296,987296,148,121,923,775
7,11,0;27,987296,987296,102,68,923,821
7,12,4;16,493648,493648,104,75,923,819
7,13,0;4,1727768,1727768,94,61,923,829
7,14,1;13,493648,493648,96,84,923,827
7,15,3;13,493648,493648,407,385,923,516
7,16,11;12,740472,740472,740,690,923,183
7,17,3;29,493648,493648,526,491,923,397
7,18,4;7,493648,493648,909,873,923,14
7,19,7;16,740472,740472,613,563,923,310
7,20,3;6,493648,493648,626,591,923,297
7,21,2;13,493648,493648,672,645,923,251
7,22,3;10,493648,493648,205,183,923,718
7,23,1;6,493648,493648,617,577,923,306
7,24,0;6,493648,493648,435,406,923,488
7,25,13;19,493648,493648,737,692,923,186
7,26,10;11,493648,493648,132,103,923,791
7,27,11;13,493648,493648,358,324,923,565
7,28,2;8,493648,493648,389,369,923,534
7,29,1;17,493648,493648,432,397,923,491
8,0,9;12,987296,987296,30,1,923,893
8,1,5;29,1234120,1234120,104,64,923,819
8,2,10;28,740472,740472,41,16,923,882
8,3,1;4,1727768,1727768,55,21,923,868
8,4,12;18,740472,740472,184,148,923,739
8,5,3;6,740472,740472,112,99,923,811
8,6,23;24,1234120,1234120,58,20,923,865
8,7,11;18,987296,987296,81,40,923,842
8,8,0;28,493648,493648,70,50,923,853
8,9,6;10,740472,740472,153,141,923,770
8,10,22;26,987296,987296,148,121,923,775
8,11,7;27,987296,987296,102,68,923,821
8,12,4;16,740472,740472,104,75,923,819
8,13,14;25,1234120,1234120,94,61,923,829
8,14,1;13,493648,493648,96,84,923,827
8,15,3;13,493648,493648,407,385,923,516
8,16,11;19,740472,740472,740,690,923,183
8,17,3;7,740472,740472,526,491,923,397
8,18,4;7,493648,493648,909,873,923,14
8,19,7;25,740472,740472,613,563,923,310
8,20,3;6,493648,493648,626,591,923,297
8,21,2;13,493648,493648,672,645,923,251
8,22,3;10,493648,493648,205,183,923,718
8,23,1;6,493648,493648,617,577,923,306
8,24,0;6,493648,493648,435,406,923,488
8,25,13;19,493648,493648,737,692,923,186
8,26,10;11,493648,493648,132,103,923,791
8,27,11;13,493648,493648,358,324,923,565
8,28,2;8,493648,493648,389,369,923,534
8,29,1;17,493648,493648,432,397,923,491
9,0,1;13,1234120,1234120,30,1,918,888
9,1,0;3,1727768,1727768,104,64,918,814
9,2,10;21,740472,740472,41,16,918,877
9,3,15;20,1727768,1727768,55,21,918,863
9,4,3;13,987296,987296,184,148,918,734
9,5,1;3,493648,493648,112,99,918,806
9,6,23;24,987296,987296,58,20,918,860
9,7,18;19,740472,740472,81,40,918,837
9,8,1;28,493648,493648,70,50,918,848
9,9,0;6,740472,740472,153,141,918,765
9,10,9;26,987296,987296,148,121,918,770
9,11,16;26,740472,740472,102,68,918,816
9,12,0;4,740472,740472,104,75,918,814
9,13,4;25,1727768,1727768,94,61,918,824
9,14,1;13,493648,493648,96,84,918,822
9,15,3;13,493648,493648,407,385,918,511
9,16,11;12,493648,493648,721,690,918,197
9,17,3;7,740472,740472,526,491,918,392
9,18,4;7,493648,493648,909,873,918,9
9,19,7;25,493648,493648,608,563,918,310
9,20,3;6,493648,493648,626,591,918,292
9,21,2;13,493648,493648,672,645,918,246
9,22,3;10,493648,493648,205,183,918,713
9,23,1;6,493648,493648,617,577,918,301
9,24,0;6,493648,493648,435,406,918,483
9,25,13;19,493648,493648,737,692,918,181
9,26,10;11,493648,493648,132,103,918,786
9,27,11;13,493648,493648,358,324,918,560
9,28,2;8,493648,493648,389,369,918,529
9,29,1;17,493648,493648,432,397,918,486
10,0,8;9,1234120,1234120,30,1,923,893
10,1,3;29,1480944,1480944,104,64,923,819
10,2,0;21,740472,740472,41,16,923,882
10,3,15;17,1727768,1727768,55,21,923,868
10,4,3;6,1234120,1234120,184,148,923,739
10,5,1;3,740472,740472,112,99,923,811
10,6,5;24,1234120,1234120,58,20,923,865
10,7,18;19,987296,987296,81,40,923,842
10,8,0;1,740472,740472,70,50,923,853
10,9,0;10,493648,493648,153,141,923,770
10,10,22;26,740472,740472,148,121,923,775
10,11,0;7,1234120,1234120,102,68,923,821
10,12,4;16,493648,493648,104,75,923,819
10,13,4;21,1480944,1480944,94,61,923,829
10,14,1;13,493648,493648,96,84,923,827
10,15,3;13,493648,493648,407,385,923,516
10,16,11;19,740472,740472,740,690,923,183
10,17,7;29,740472,740472,526,491,923,397
10,18,4;7,493648,493648,909,873,923,14
10,19,16;25,740472,740472,613,563,923,310
10,20,3;6,493648,493648,626,591,923,297
10,21,2;13,493648,493648,672,645,923,251
10,22,3;10,493648,493648,205,183,923,718
10,23,1;6,493648,493648,617,577,923,306
10,24,0;6,493648,493648,435,406,923,488
10,25,13;19,493648,493648,737,692,923,186
10,26,10;11,493648,493648,132,103,923,791
10,27,11;13,493648,493648,358,324,923,565
10,28,2;8,493648,493648,389,369,923,534
10,29,1;17,493648,493648,432,397,923,491
11,0,1;11,1480944,1480944,30,1,923,893
11,1,0;14,987296,987296,104,64,923,819
11,2,7;28,987296,987296,41,16,923,882
11,3,5;15,987296,987296,55,21,923,868
11,4,6;13,987296,987296,184,148,923,739
11,5,3;6,493648,493648,109,99,923,814
11,6,9;24,1480944,1480944,58,20,923,865
11,7,17;19,1234120,1234120,81,40,923,842
11,8,0;28,493648,493648,70,50,923,853
11,9,0;6,493648,493648,153,141,923,770
11,10,2;26,740472,740472,148,121,923,775
11,11,7;16,1234120,1234120,102,68,923,821
11,12,0;4,493648,493648,85,75,923,838
11,13,4;14,1480944,1480944,94,61,923,829
11,14,1;13,493648,493648,96,84,923,827
11,15,3;13,493648,493648,407,385,923,516
11,16,11;19,493648,493648,740,690,923,183
11,17,7;29,493648,493648,526,491,923,397
11,18,4;7,493648,493648,909,873,923,14
11,19,7;16,740472,740472,613,563,923,310
11,20,3;6,493648,493648,626,591,923,297
11,21,2;13,493648,493648,672,645,923,251
11,22,3;10,493648,493648,205,183,923,718
11,23,1;6,493648,493648,617,577,923,306
11,24,0;6,493648,493648,435,406,923,488
11,25,13;19,493648,493648,737,692,923,186
11,26,10;11,493648,493648,132,103,923,791
11,27,11;13,493648,493648,358,324,923,565
11,28,2;8,493648,493648,389,369,923,534
11,29,1;17,493648,493648,432,397,923,491
12,0,2;24,987296,987296,30,1,918,888
12,1,8;23,987296,987296,104,64,918,814
12,2,0;10,987296,987296,41,16,918,877
12,3,4;22,1480944,1480944,55,21,918,863
12,4,3;18,1234120,1234120,184,148,918,734
12,5,3;6,493648,493648,109,99,918,809
12,6,23;24,1234120,1234120,58,20,918,860
12,7,4;11,1234120,1234120,81,40,918,837
12,8,1;28,493648,493648,70,50,918,848
12,9,0;6,740472,740472,153,141,918,765
12,10,9;26,987296,987296,148,121,918,770
12,11,0;16,1234120,1234120,102,68,918,816
12,12,4;16,493648,493648,104,75,918,814
12,13,4;21,1480944,1480944,94,61,918,824
12,14,1;13,493648,493648,96,84,918,822
12,15,3;13,493648,493648,407,385,918,511
12,16,11;12,493648,493648,721,690,918,197
12,17,3;7,740472,740472,526,491,918,392
12,18,4;7,493648,493648,909,873,918,9
12,19,7;25,493648,493648,608,563,918,310
12,20,3;6,493648,493648,626,591,918,292
12,21,2;13,493648,493648,672,645,918,246
12,22,3;10,493648,493648,205,183,918,713
12,23,1;6,493648,493648,617,577,918,301
12,24,0;6,493648,493648,435,406,918,483
12,25,13;19,493648,493648,737,692,918,181
12,26,10;11,493648,493648,132,103,918,786
12,27,11;13,493648,493648,358,324,918,560
12,28,2;8,493648,493648,389,369,918,529
12,29,1;17,493648,493648,432,397,918,486
13,0,1;9,1727768,1727768,30,1,923,893
13,1,8;14,1480944,1480944,104,64,923,819
13,2,1;21,1234120,1234120,41,16,923,882
13,3,0;22,1234120,1234120,55,21,923,868
13,4,6;12,740472,740472,184,148,923,739
13,5,3;6,493648,493648,109,99,923,814
13,6,4;23,1480944,1480944,58,20,923,865
13,7,2;19,987296,987296,81,40,923,842
13,8,0;28,740472,740472,70,50,923,853
13,9,6;10,740472,740472,153,141,923,770
13,10,2;26,987296,987296,148,121,923,775
13,11,16;27,740472,740472,102,68,923,821
13,12,0;4,493648,493648,85,75,923,838
13,13,0;27,1480944,1480944,94,61,923,829
13,14,1;13,493648,493648,96,84,923,827
13,15,3;13,493648,493648,407,385,923,516
13,16,11;19,493648,493648,740,690,923,183
13,17,7;29,493648,493648,526,491,923,397
13,18,4;7,493648,493648,909,873,923,14
13,19,7;16,740472,740472,613,563,923,310
13,20,3;6,493648,493648,626,591,923,297
13,21,2;13,493648,493648,672,645,923,251
13,22,3;10,493648,493648,205,183,923,718
13,23,1;6,493648,493648,617,577,923,306
13,24,0;6,493648,493648,435,406,923,488
13,25,13;19,493648,493648,737,692,923,186
13,26,10;11,493648,493648,132,103,923,791
13,27,11;13,493648,493648,358,324,923,565
13,28,2;8,493648,493648,389,369,923,534
13,29,1;17,493648,493648,432,397,923,491
14,0,3;8,1234120,1234120,30,1,918,888
14,1,2;29,1727768,1727768,104,64,918,814
14,2,7;28,1234120,1234120,41,16,918,877
14,3,1;17,1727768,1727768,55,21,918,863
14,4,6;12,987296,987296,184,148,918,734
14,5,1;3,493648,493648,112,99,918,806
14,6,9;20,1234120,1234120,58,20,918,860
14,7,11;17,1234120,1234120,81,40,918,837
14,8,1;28,740472,740472,70,50,918,848
14,9,0;6,493648,493648,153,141,918,765
14,10,2;22,740472,740472,148,121,918,770
14,11,16;27,987296,987296,102,68,918,816
14,12,0;16,740472,740472,104,75,918,814
14,13,4;15,1480944,1480944,94,61,918,824
14,14,1;13,493648,493648,96,84,918,822
14,15,3;13,493648,493648,407,385,918,511
14,16,11;12,493648,493648,721,690,918,197
14,17,3;7,740472,740472,526,491,918,392
14,18,4;7,493648,493648,909,873,918,9
14,19,7;25,493648,493648,608,563,918,310
14,20,3;6,493648,493648,626,591,918,292
14,21,2;13,493648,493648,672,645,918,246
14,22,3;10,493648,493648,205,183,918,713
14,23,1;6,493648,493648,617,577,918,301
14,24,0;6,493648,493648,435,406,918,483
14,25,13;19,493648,493648,737,692,918,181
14,26,10;11,493648,493648,132,103,918,786
14,27,11;13,493648,493648,358,324,918,560
14,28,2;8,493648,493648,389,369,918,529
14,29,1;17,493648,493648,432,397,918,486
15,0,2;3,1480944,1480944,30,1,923,893
15,1,23;29,1234120,1234120,104,64,923,819
15,2,0;10,987296,987296,41,16,923,882
15,3,0;4,1480944,1480944,55,21,923,868
15,4,7;18,1234120,1234120,184,148,923,739
15,5,1;6,493648,493648,112,99,923,811
15,6,4;9,1480944,1480944,58,20,923,865
15,7,18;19,740472,740472,81,40,923,842
15,8,0;1,740472,740472,70,50,923,853
15,9,6;10,493648,493648,152,141,923,771
15,10,22;26,987296,987296,148,121,923,775
15,11,0;16,987296,987296,102,68,923,821
15,12,4;16,493648,493648,104,75,923,819
15,13,0;15,1480944,1480944,94,61,923,829
15,14,1;13,493648,493648,96,84,923,827
15,15,3;13,493648,493648,407,385,923,516
15,16,11;12,740472,740472,740,690,923,183
15,17,3;29,493648,493648,526,491,923,397
15,18,4;7,493648,493648,909,873,923,14
15,19,16;25,740472,740472,613,563,923,310
15,20,3;6,493648,493648,626,591,923,297
15,21,2;13,493648,493648,672,645,923,251
15,22,3;10,493648,493648,205,183,923,718
15,23,1;6,493648,493648,617,577,923,306
15,24,0;6,493648,493648,435,406,923,488
15,25,13;19,493648,493648,737,692,923,186
15,26,10;11,493648,493648,132,103,923,791
15,27,11;13,493648,493648,358,324,923,565
15,28,2;8,493648,493648,389,369,923,534
15,29,1;17,493648,493648,432,397,923,491
16,0,9;24,1234120,1234120,30,1,923,893
16,1,4;29,1480944,1480944,104,64,923,819
16,2,0;10,1234120,1234120,41,16,923,882
16,3,1;17,1480944,1480944,55,21,923,868
16,4,7;13,1234120,1234120,184,148,923,739
16,5,3;6,493648,493648,109,99,923,814
16,6,4;20,1480944,1480944,58,20,923,865
16,7,2;17,1480944,1480944,81,40,923,842
16,8,0;1,740472,740472,70,50,923,853
16,9,6;10,740472,740472,153,141,923,770
16,10,2;9,987296,987296,148,121,923,775
16,11,7;26,987296,987296,102,68,923,821
16,12,0;16,493648,493648,104,75,923,819
16,13,21;27,1480944,1480944,94,61,923,829
16,14,1;13,493648,493648,96,84,923,827
16,15,3;13,493648,493648,407,385,923,516
16,16,11;19,740472,740472,740,690,923,183
16,17,3;29,740472,740472,526,491,923,397
16,18,4;7,493648,493648,909,873,923,14
16,19,7;16,740472,740472,613,563,923,310
16,20,3;6,493648,493648,626,591,923,297
16,21,2;13,493648,493648,672,645,923,251
16,22,3;10,493648,493648,205,183,923,718
16,23,1;6,493648,493648,617,577,923,306
16,24,0;6,493648,493648,435,406,923,488
16,25,13;19,493648,493648,737,692,923,186
16,26,10;11,493648,493648,132,103,923,791
16,27,11;13,493648,493648,358,324,923,565
16,28,2;8,493648,493648,389,369,923,534
16,29,1;17,493648,493648,432,397,923,491
17,0,1;9,1234120,1234120,30,1,923,893
17,1,0;23,1727768,1727768,104,64,923,819
17,2,1;21,987296,987296,41,16,923,882
17,3,17;20,1234120,1234120,55,21,923,868
17,4,1;7,740472,740472,184,148,923,739
17,5,3;6,493648,493648,109,99,923,814
17,6,5;23,987296,987296,58,20,923,865
17,7,11;19,1234120,1234120,81,40,923,842
17,8,1;28,493648,493648,70,50,923,853
17,9,0;10,493648,493648,153,141,923,770
17,10,2;9,987296,987296,148,121,923,775
17,11,0;16,1234120,1234120,102,68,923,821
17,12,0;16,493648,493648,104,75,923,819
17,13,15;25,1234120,1234120,94,61,923,829
17,14,1;13,493648,493648,96,84,923,827
17,15,3;13,493648,493648,407,385,923,516
17,16,11;12,740472,740472,740,690,923,183
17,17,3;7,740472,740472,526,491,923,397
17,18,4;7,493648,493648,909,873,923,14
17,19,7;16,740472,740472,613,563,923,310
17,20,3;6,493648,493648,626,591,923,297
17,21,2;13,493648,493648,672,645,923,251
17,22,3;10,493648,493648,205,183,923,718
17,23,1;6,493648,493648,617,577,923,306
17,24,0;6,493648,493648,435,406,923,488
17,25,13;19,493648,493648,737,692,923,186
17,26,10;11,493648,493648,132,103,923,791
17,27,11;13,493648,493648,358,324,923,565
17,28,2;8,493648,493648,389,369,923,534
17,29,1;17,493648,493648,432,397,923,491
18,0,9;24,1727768,1727768,30,1,923,893
18,1,8;29,1480944,1480944,104,64,923,819
18,2,0;28,987296,987296,41,16,923,882
18,3,1;15,1234120,1234120,55,21,923,868
18,4,7;18,740472,740472,184,148,923,739
18,5,1;6,493648,493648,112,99,923,811
18,6,4;9,1480944,1480944,58,20,923,865
18,7,17;18,987296,987296,74,40,923,849
18,8,0;1,740472,740472,70,50,923,853
18,9,6;10,740472,740472,153,141,923,770
18,10,2;22,987296,987296,148,121,923,775
18,11,0;7,987296,987296,102,68,923,821
18,12,0;16,493648,493648,104,75,923,819
18,13,0;14,1480944,1480944,94,61,923,829
18,14,1;13,493648,493648,96,84,923,827
18,15,3;13,493648,493648,407,385,923,516
18,16,12;19,493648,493648,740,690,923,183
18,17,3;29,740472,740472,526,491,923,397
18,18,4;7,493648,493648,909,873,923,14
18,19,16;25,493648,493648,613,563,923,310
18,20,3;6,493648,493648,626,591,923,297
18,21,2;13,493648,493648,672,645,923,251
18,22,3;10,493648,493648,205,183,923,718
18,23,1;6,493648,493648,617,577,923,306
18,24,0;6,493648,493648,435,406,923,488
18,25,13;19,493648,493648,737,692,923,186
18,26,10;11,493648,493648,132,103,923,791
18,27,11;13,493648,493648,358,324,923,565
18,28,2;8,493648,493648,389,369,923,534
18,29,1;17,493648,493648,432,397,923,491
19,0,2;8,1234120,1234120,30,1,923,893
19,1,2;5,1974592,1974592,104,64,923,819
19,2,0;1,1234120,1234120,41,16,923,882
19,3,1;17,1480944,1480944,55,21,923,868
19,4,1;12,987296,987296,184,148,923,739
19,5,1;3,740472,740472,112,99,923,811
19,6,4;5,1480944,1480944,58,20,923,865
19,7,2;18,987296,987296,74,40,923,849
19,8,0;1,740472,740472,70,50,923,853
19,9,0;6,740472,740472,153,141,923,770
19,10,9;26,740472,740472,148,121,923,775
19,11,7;26,740472,740472,102,68,923,821
19,12,0;4,740472,740472,104,75,923,819
19,13,21;27,1234120,1234120,94,61,923,829
19,14,1;13,493648,493648,96,84,923,827
19,15,3;13,493648,493648,407,385,923,516
19,16,12;19,493648,493648,740,690,923,183
19,17,7;29,740472,740472,526,491,923,397
19,18,4;7,493648,493648,909,873,923,14
19,19,16;25,493648,493648,613,563,923,310
19,20,3;6,493648,493648,626,591,923,297
19,21,2;13,493648,493648,672,645,923,251
19,22,3;10,493648,493648,205,183,923,718
19,23,1;6,493648,493648,617,577,923,306
19,24,0;6,493648,493648,435,406,923,488
19,25,13;19,493648,493648,737,692,923,186
19,26,10;11,493648,493648,132,103,923,791
19,27,11;13,493648,493648,358,324,923,565
19,28,2;8,493648,493648,389,369,923,534
19,29,1;17,493648,493648,432,397,923,491
20,0,1;12,1974592,1974592,30,1,923,893
20,1,14;29,1480944,1480944,104,64,923,819
20,2,0;28,740472,740472,41,16,923,882
20,3,4;15,1234120,1234120,55,21,923,868
20,4,7;13,987296,987296,184,148,923,739
20,5,1;3,493648,493648,112,99,923,811
20,6,9;20,987296,987296,58,20,923,865
20,7,4;19,987296,987296,81,40,923,842
20,8,0;1,740472,740472,70,50,923,853
20,9,0;6,493648,493648,153,141,923,770
20,10,22;26,493648,493648,148,121,923,775
20,11,0;16,987296,987296,102,68,923,821
20,12,0;16,493648,493648,104,75,923,819
20,13,0;27,1727768,1727768,94,61,923,829
20,14,1;13,493648,493648,96,84,923,827
20,15,3;13,493648,493648,407,385,923,516
20,16,11;19,740472,740472,740,690,923,183
20,17,7;29,493648,493648,526,491,923,397
20,18,4;7,493648,493648,909,873,923,14
20,19,7;16,740472,740472,613,563,923,310
20,20,3;6,493648,493648,626,591,923,297
20,21,2;13,493648,493648,672,645,923,251
20,22,3;10,493648,493648,205,183,923,718
20,23,1;6,493648,493648,617,577,923,306
20,24,0;6,493648,493648,435,406,923,488
20,25,13;19,493648,493648,737,692,923,186
20,26,10;11,493648,493648,132,103,923,791
20,27,11;13,493648,493648,358,324,923,565
20,28,2;8,493648,493648,389,369,923,534
20,29,1;17,493648,493648,432,397,923,491
21,0,3;13,1727768,1727768,30,1,923,893
21,1,3;4,1974592,1974592,104,64,923,819
21,2,0;1,1234120,1234120,41,16,923,882
21,3,5;22,1974592,1974592,55,21,923,868
21,4,3;7,1234120,1234120,184,148,923,739
21,5,1;6,740472,740472,112,99,923,811
21,6,9;24,1234120,1234120,58,20,923,865
21,7,2;17,1480944,1480944,81,40,923,842
21,8,0;1,740472,740472,70,50,923,853
21,9,0;10,740472,740472,153,141,923,770
21,10,9;22,740472,740472,148,121,923,775
21,11,7;27,987296,987296,102,68,923,821
21,12,0;4,740472,740472,104,75,923,819
21,13,15;25,1480944,1480944,94,61,923,829
21,14,1;13,493648,493648,96,84,923,827
21,15,3;13,493648,493648,407,385,923,516
21,16,11;12,740472,740472,740,690,923,183
21,17,3;7,740472,740472,526,491,923,397
21,18,4;7,493648,493648,909,873,923,14
21,19,7;16,740472,740472,613,563,923,310
21,20,3;6,493648,493648,626,591,923,297
21,21,2;13,493648,493648,672,645,923,251
21,22,3;10,493648,493648,205,183,923,718
21,23,1;6,493648,493648,617,577,923,306
21,24,0;6,493648,493648,435,406,923,488
21,25,13;19,493648,493648,737,692,923,186
21,26,10;11,493648,493648,132,103,923,791
21,27,11;13,493648,493648,358,324,923,565
21,28,2;8,493648,493648,389,369,923,534
21,29,1;17,493648,493648,432,397,923,491
22,0,8;12,740472,740472,30,1,923,893
22,1,5;23,1480944,1480944,104,64,923,819
22,2,1;28,740472,740472,41,16,923,882
22,3,5;15,1234120,1234120,55,21,923,868
22,4,3;6,987296,987296,184,148,923,739
22,5,1;3,493648,493648,112,99,923,811
22,6,20;23,1234120,1234120,58,20,923,865
22,7,17;18,740472,740472,81,40,923,842
22,8,0;1,740472,740472,70,50,923,853
22,9,6;10,493648,493648,152,141,923,771
22,10,22;26,740472,740472,148,121,923,775
22,11,16;26,740472,740472,102,68,923,821
22,12,0;4,740472,740472,104,75,923,819
22,13,15;21,1234120,1234120,94,61,923,829
22,14,1;13,493648,493648,96,84,923,827
22,15,3;13,493648,493648,407,385,923,516
22,16,11;12,740472,740472,740,690,923,183
22,17,7;29,493648,493648,526,491,923,397
22,18,4;7,493648,493648,909,873,923,14
22,19,7;16,740472,740472,613,563,923,310
22,20,3;6,493648,493648,626,591,923,297
22,21,2;13,493648,493648,672,645,923,251
22,22,3;10,493648,493648,205,183,923,718
22,23,1;6,493648,493648,617,577,923,306
22,24,0;6,493648,493648,435,406,923,488
22,25,13;19,493648,493648,737,692,923,186
22,26,10;11,493648,493648,132,103,923,791
22,27,11;13,493648,493648,358,324,923,565
22,28,2;8,493648,493648,389,369,923,534
22,29,1;17,493648,493648,432,397,923,491
23,0,8;9,987296,987296,30,1,923,893
23,1,3;23,1234120,1234120,104,64,923,819
23,2,7;28,740472,740472,41,16,923,882
23,3,1;4,1727768,1727768,55,21,923,868
23,4,12;18,987296,987296,184,148,923,739
23,5,1;3,740472,740472,112,99,923,811
23,6,5;20,1234120,1234120,58,20,923,865
23,7,17;19,987296,987296,81,40,923,842
23,8,0;28,493648,493648,70,50,923,853
23,9,0;6,740472,740472,153,141,923,770
23,10,9;22,740472,740472,148,121,923,775
23,11,16;27,740472,740472,102,68,923,821
23,12,0;16,740472,740472,104,75,923,819
23,13,4;15,1480944,1480944,94,61,923,829
23,14,1;13,493648,493648,96,84,923,827
23,15,3;13,493648,493648,407,385,923,516
23,16,11;19,740472,740472,740,690,923,183
23,17,3;29,740472,740472,526,491,923,397
23,18,4;7,493648,493648,909,873,923,14
23,19,16;25,740472,740472,613,563,923,310
23,20,3;6,493648,493648,626,591,923,297
23,21,2;13,493648,493648,672,645,923,251
23,22,3;10,493648,493648,205,183,923,718
23,23,1;6,493648,493648,617,577,923,306
23,24,0;6,493648,493648,435,406,923,488
23,25,13;19,493648,493648,737,692,923,186
23,26,10;11,493648,493648,132,103,923,791
23,27,11;13,493648,493648,358,324,923,565
23,28,2;8,493648,493648,389,369,923,534
23,29,1;17,493648,493648,432,397,923,491
24,0,11;13,1480944,1480944,30,1,923,893
24,1,4;23,1727768,1727768,104,64,923,819
24,2,0;1,1234120,1234120,41,16,923,882
24,3,15;22,1234120,1234120,55,21,923,868
24,4,1;13,1480944,1480944,184,148,923,739
24,5,1;3,493648,493648,112,99,923,811
24,6,4;9,1234120,1234120,58,20,923,865
24,7,2;4,1234120,1234120,81,40,923,842
24,8,0;1,740472,740472,70,50,923,853
24,9,0;6,740472,740472,153,141,923,770
24,10,9;22,740472,740472,148,121,923,775
24,11,16;26,987296,987296,102,68,923,821
24,12,4;16,493648,493648,104,75,923,819
24,13,4;27,1727768,1727768,94,61,923,829
24,14,1;13,493648,493648,96,84,923,827
24,15,3;13,493648,493648,407,385,923,516
24,16,11;12,740472,740472,740,690,923,183
24,17,3;7,740472,740472,526,491,923,397
24,18,4;7,493648,493648,909,873,923,14
24,19,7;16,740472,740472,613,563,923,310
24,20,3;6,493648,493648,626,591,923,297
24,21,2;13,493648,493648,672,645,923,251
24,22,3;10,493648,493648,205,183,923,718
24,23,1;6,493648,493648,617,577,923,306
24,24,0;6,493648,493648,435,406,923,488
24,25,13;19,493648,493648,737,692,923,186
24,26,10;11,493648,493648,132,103,923,791
24,27,11;13,493648,493648,358,324,923,565
24,28,2;8,493648,493648,389,369,923,534
24,29,1;17,493648,493648,432,397,923,491
25,0,1;2,1234120,1234120,30,1,923,893
25,1,14;23,1234120,1234120,104,64,923,819
25,2,0;21,987296,987296,41,16,923,882
25,3,0;15,1480944,1480944,55,21,923,868
25,4,3;13,1234120,1234120,184,148,923,739
25,5,1;3,493648,493648,112,99,923,811
25,6,23;24,987296,987296,58,20,923,865
25,7,2;4,1480944,1480944,81,40,923,842
25,8,0;28,493648,493648,70,50,923,853
25,9,6;10,493648,493648,152,141,923,771
25,10,9;26,740472,740472,148,121,923,775
25,11,7;26,740472,740472,102,68,923,821
25,12,4;16,493648,493648,104,75,923,819
25,13,25;27,1480944,1480944,94,61,923,829
25,14,1;13,493648,493648,96,84,923,827
25,15,3;13,493648,493648,407,385,923,516
25,16,12;19,493648,493648,740,690,923,183
25,17,7;29,493648,493648,526,491,923,397
25,18,4;7,493648,493648,909,873,923,14
25,19,7;25,740472,740472,613,563,923,310
25,20,3;6,493648,493648,626,591,923,297
25,21,2;13,493648,493648,672,645,923,251
25,22,3;10,493648,493648,205,183,923,718
25,23,1;6,493648,493648,617,577,923,306
25,24,0;6,493648,493648,435,406,923,488
25,25,13;19,493648,493648,737,692,923,186
25,26,10;11,493648,493648,132,103,923,791
25,27,11;13,493648,493648,358,324,923,565
25,28,2;8,493648,493648,389,369,923,534
25,29,1;17,493648,493648,432,397,923,491
26,0,3;11,1234120,1234120,30,1,923,893
26,1,0;5,1480944,1480944,104,64,923,819
26,2,10;21,740472,740472,41,16,923,882
26,3,15;22,1234120,1234120,55,21,923,868
26,4,6;13,987296,987296,184,148,923,739
26,5,1;3,740472,740472,112,99,923,811
26,6,5;9,1480944,1480944,58,20,923,865
26,7,4;18,987296,987296,81,40,923,842
26,8,1;28,493648,493648,70,50,923,853
26,9,6;10,493648,493648,152,141,923,771
26,10,9;26,987296,987296,148,121,923,775
26,11,0;27,740472,740472,102,68,923,821
26,12,0;16,493648,493648,104,75,923,819
26,13,4;25,1480944,1480944,94,61,923,829
26,14,1;13,493648,493648,96,84,923,827
26,15,3;13,493648,493648,407,385,923,516
26,16,12;19,493648,493648,740,690,923,183
26,17,7;29,493648,493648,526,491,923,397
26,18,4;7,493648,493648,909,873,923,14
26,19,7;25,740472,740472,613,563,923,310
26,20,3;6,493648,493648,626,591,923,297
26,21,2;13,493648,493648,672,645,923,251
26,22,3;10,493648,493648,205,183,923,718
26,23,1;6,493648,493648,617,577,923,306
26,24,0;6,493648,493648,435,406,923,488
26,25,13;19,493648,493648,737,692,923,186
26,26,10;11,493648,493648,132,103,923,791
26,27,11;13,493648,493648,358,324,923,565
26,28,2;8,493648,493648,389,369,923,534
26,29,1;17,493648,493648,432,397,923,491
27,0,2;13,987296,987296,30,1,923,893
27,1,3;23,1234120,1234120,104,64,923,819
27,2,10;21,987296,987296,41,16,923,882
27,3,5;22,1480944,1480944,55,21,923,868
27,4,13;18,740472,740472,184,148,923,739
27,5,3;6,493648,493648,109,99,923,814
27,6,5;9,1234120,1234120,58,20,923,865
27,7,4;18,740472,740472,81,40,923,842
27,8,1;28,493648,493648,70,50,923,853
27,9,6;10,493648,493648,152,141,923,771
27,10,22;26,987296,987296,148,121,923,775
27,11,16;27,740472,740472,102,68,923,821
27,12,0;16,493648,493648,104,75,923,819
27,13,0;25,1727768,1727768,94,61,923,829
27,14,1;13,493648,493648,96,84,923,827
27,15,3;13,493648,493648,407,385,923,516
27,16,11;12,740472,740472,740,690,923,183
27,17,3;29,493648,493648,526,491,923,397
27,18,4;7,493648,493648,909,873,923,14
27,19,7;16,740472,740472,613,563,923,310
27,20,3;6,493648,493648,626,591,923,297
27,21,2;13,493648,493648,672,645,923,251
27,22,3;10,493648,493648,205,183,923,718
27,23,1;6,493648,493648,617,577,923,306
27,24,0;6,493648,493648,435,406,923,488
27,25,13;19,493648,493648,737,692,923,186
27,26,10;11,493648,493648,132,103,923,791
27,27,11;13,493648,493648,358,324,923,565
27,28,2;8,493648,493648,389,369,923,534
27,29,1;17,493648,493648,432,397,923,491
28,0,3;12,1480944,1480944,30,1,923,893
28,1,0;29,1234120,1234120,104,64,923,819
28,2,7;10,987296,987296,41,16,923,882
28,3,0;20,1234120,1234120,55,21,923,868
28,4,7;18,987296,987296,184,148,923,739
28,5,1;3,740472,740472,112,99,923,811
28,6,4;5,1480944,1480944,58,20,923,865
28,7,2;11,1234120,1234120,74,40,923,849
28,8,0;28,493648,493648,70,50,923,853
28,9,6;10,493648,493648,152,141,923,771
28,10,2;9,987296,987296,148,121,923,775
28,11,26;27,740472,740472,102,68,923,821
28,12,0;4,740472,740472,104,75,923,819
28,13,0;27,1480944,1480944,94,61,923,829
28,14,1;13,493648,493648,96,84,923,827
28,15,3;13,493648,493648,407,385,923,516
28,16,12;19,493648,493648,740,690,923,183
28,17,7;29,493648,493648,526,491,923,397
28,18,4;7,493648,493648,909,873,923,14
28,19,16;25,493648,493648,613,563,923,310
28,20,3;6,493648,493648,626,591,923,297
28,21,2;13,493648,493648,672,645,923,251
28,22,3;10,493648,493648,205,183,923,718
28,23,1;6,493648,493648,617,577,923,306
28,24,0;6,493648,493648,435,406,923,488
28,25,13;19,493648,493648,737,692,923,186
28,26,10;11,493648,493648,132,103,923,791
28,27,11;13,493648,493648,358,324,923,565
28,28,2;8,493648,493648,389,369,923,534
28,29,1;17,493648,493648,432,397,923,491
29,0,3;11,1727768,1727768,30,1,923,893
29,1,0;14,1480944,1480944,104,64,923,819
29,2,0;7,987296,987296,41,16,923,882
29,3,0;1,1727768,1727768,55,21,923,868
29,4,7;12,987296,987296,184,148,923,739
29,5,3;6,493648,493648,109,99,923,814
29,6,4;23,1480944,1480944,58,20,923,865
29,7,4;18,1480944,1480944,81,40,923,842
29,8,1;28,493648,493648,70,50,923,853
29,9,6;10,493648,493648,152,141,923,771
29,10,9;26,740472,740472,148,121,923,775
29,11,7;27,1234120,1234120,102,68,923,821
29,12,0;16,740472,740472,104,75,923,819
29,13,0;21,1480944,1480944,94,61,923,829
29,14,1;13,493648,493648,96,84,923,827
29,15,3;13,493648,493648,407,385,923,516
29,16,11;12,740472,740472,740,690,923,183
29,17,3;7,740472,740472,526,491,923,397
29,18,4;7,493648,493648,909,873,923,14
29,19,7;16,740472,740472,613,563,923,310
29,20,3;6,493648,493648,626,591,923,297
29,21,2;13,493648,493648,672,645,923,251
29,22,3;10,493648,493648,205,183,923,718
29,23,1;6,493648,493648,617,577,923,306
29,24,0;6,493648,493648,435,406,923,488
29,25,13;19,493648,493648,737,692,923,186
29,26,10;11,493648,493648,132,103,923,791
29,27,11;13,493648,493648,358,324,923,565
29,28,2;8,493648,493648,389,369,923,534
29,29,1;17,493648,493648,432,397,923,491
30,0,2;12,1234120,1234120,30,1,923,893
30,1,2;4,1727768,1727768,104,64,923,819
30,2,0;21,987296,987296,41,16,923,882
30,3,0;15,1480944,1480944,55,21,923,868
30,4,3;18,1480944,1480944,184,148,923,739
30,5,1;3,493648,493648,112,99,923,811
30,6,4;9,1234120,1234120,58,20,923,865
30,7,4;17,987296,987296,81,40,923,842
30,8,1;28,493648,493648,70,50,923,853
30,9,6;10,493648,493648,152,141,923,771
30,10,9;26,740472,740472,148,121,923,775
30,11,0;27,987296,987296,102,68,923,821
30,12,0;16,493648,493648,104,75,923,819
30,13,4;21,1480944,1480944,94,61,923,829
30,14,1;13,493648,493648,96,84,923,827
30,15,3;13,493648,493648,407,385,923,516
30,16,11;19,740472,740472,740,690,923,183
30,17,7;29,493648,493648,526,491,923,397
30,18,4;7,493648,493648,909,873,923,14
30,19,7;25,740472,740472,613,563,923,310
30,20,3;6,493648,493648,626,591,923,297
30,21,2;13,493648,493648,672,645,923,251
30,22,3;10,493648,493648,205,183,923,718
30,23,1;6,493648,493648,617,577,923,306
30,24,0;6,493648,493648,435,406,923,488
30,25,13;19,493648,493648,737,692,923,186
30,26,10;11,493648,493648,132,103,923,791
30,27,11;13,493648,493648,358,324,923,565
30,28,2;8,493648,493648,389,369,923,534
30,29,1;17,493648,493648,432,397,923,491
31,0,2;12,1234120,1234120,30,1,923,893
31,1,14;23,1480944,1480944,104,64,923,819
31,2,1;10,1234120,1234120,41,16,923,882
31,3,15;17,987296,987296,55,21,923,868
31,4,7;18,987296,987296,184,148,923,739
31,5,1;6,493648,493648,112,99,923,811
31,6,5;24,1234120,1234120,58,20,923,865
31,7,4;19,987296,987296,81,40,923,842
31,8,0;1,740472,740472,70,50,923,853
31,9,6;10,493648,493648,152,141,923,771
31,10,2;26,987296,987296,148,121,923,775
31,11,0;16,987296,987296,102,68,923,821
31,12,0;4,740472,740472,104,75,923,819
31,13,4;14,1480944,1480944,94,61,923,829
31,14,1;13,493648,493648,96,84,923,827
31,15,3;13,493648,493648,407,385,923,516
31,16,12;19,740472,740472,740,690,923,183
31,17,7;29,740472,740472,526,491,923,397
31,18,4;7,493648,493648,909,873,923,14
31,19,7;25,740472,740472,613,563,923,310
31,20,3;6,493648,493648,626,591,923,297
31,21,2;13,493648,493648,672,645,923,251
31,22,3;10,493648,493648,205,183,923,718
31,23,1;6,493648,493648,617,577,923,306
31,24,0;6,493648,493648,435,406,923,488
31,25,13;19,493648,493648,737,692,923,186
31,26,10;11,493648,493648,132,103,923,791
31,27,11;13,493648,493648,358,324,923,565
31,28,2;8,493648,493648,389,369,923,534
31,29,1;17,493648,493648,432,397,923,491
32,0,11;13,987296,987296,30,1,923,893
32,1,14;23,987296,987296,104,64,923,819
32,2,10;21,740472,740472,41,16,923,882
32,3,15;22,1234120,1234120,55,21,923,868
32,4,7;18,987296,987296,184,148,923,739
32,5,3;6,493648,493648,109,99,923,814
32,6,4;24,1234120,1234120,58,20,923,865
32,7,4;11,987296,987296,81,40,923,842
32,8,1;28,493648,493648,70,50,923,853
32,9,0;10,493648,493648,153,141,923,770
32,10,2;26,987296,987296,148,121,923,775
32,11,0;16,1234120,1234120,102,68,923,821
32,12,4;16,493648,493648,104,75,923,819
32,13,0;15,1480944,1480944,94,61,923,829
32,14,1;13,493648,493648,96,84,923,827
32,15,3;13,493648,493648,407,385,923,516
32,16,11;12,740472,740472,740,690,923,183
32,17,3;29,493648,493648,526,491,923,397
32,18,4;7,493648,493648,909,873,923,14
32,19,7;16,740472,740472,613,563,923,310
32,20,3;6,493648,493648,626,591,923,297
32,21,2;13,493648,493648,672,645,923,251
32,22,3;10,493648,493648,205,183,923,718
32,23,1;6,493648,493648,617,577,923,306
32,24,0;6,493648,493648,435,406,923,488
32,25,13;19,493648,493648,737,692,923,186
32,26,10;11,493648,493648,132,103,923,791
32,27,11;13,493648,493648,358,324,923,565
32,28,2;8,493648,493648,389,369,923,534
32,29,1;17,493648,493648,432,397,923,491
33,0,12;13,1234120,1234120,30,1,918,888
33,1,14;23,1480944,1480944,104,64,918,814
33,2,0;21,987296,987296,41,16,918,877
33,3,1;4,1727768,1727768,55,21,918,863
33,4,7;13,1480944,1480944,184,148,918,734
33,5,1;3,493648,493648,112,99,918,806
33,6,4;24,1234120,1234120,58,20,918,860
33,7,4;11,1234120,1234120,81,40,918,837
33,8,1;28,493648,493648,70,50,918,848
33,9,6;10,493648,493648,152,141,918,766
33,10,2;9,987296,987296,148,121,918,770
33,11,0;27,1234120,1234120,102,68,918,816
33,12,4;16,740472,740472,104,75,918,814
33,13,21;25,1727768,1727768,94,61,918,824
33,14,1;13,493648,493648,96,84,918,822
33,15,3;13,493648,493648,407,385,918,511
33,16,11;12,493648,493648,721,690,918,197
33,17,3;7,740472,740472,526,491,918,392
33,18,4;7,493648,493648,909,873,918,9
33,19,7;25,493648,493648,608,563,918,310
33,20,3;6,493648,493648,626,591,918,292
33,21,2;13,493648,493648,672,645,918,246
33,22,3;10,493648,493648,205,183,918,713
33,23,1;6,493648,493648,617,577,918,301
33,24,0;6,493648,493648,435,406,918,483
33,25,13;19,493648,493648,737,692,918,181
33,26,10;11,493648,493648,132,103,918,786
33,27,11;13,493648,493648,358,324,918,560
33,28,2;8,493648,493648,389,369,918,529
33,29,1;17,493648,493648,432,397,918,486
34,0,1;11,1480944,1480944,30,1,923,893
34,1,2;23,1974592,1974592,104,64,923,819
34,2,7;28,1234120,1234120,41,16,923,882
34,3,1;17,1480944,1480944,55,21,923,868
34,4,7;13,987296,987296,184,148,923,739
34,5,1;3,493648,493648,112,99,923,811
34,6,20;23,740472,740472,58,20,923,865
34,7,11;18,1234120,1234120,81,40,923,842
34,8,0;1,740472,740472,70,50,923,853
34,9,0;10,493648,493648,153,141,923,770
34,10,2;9,987296,987296,148,121,923,775
34,11,0;26,987296,987296,102,68,923,821
34,12,4;16,493648,493648,104,75,923,819
34,13,0;25,1727768,1727768,94,61,923,829
34,14,1;13,493648,493648,96,84,923,827
34,15,3;13,493648,493648,407,385,923,516
34,16,12;19,493648,493648,740,690,923,183
34,17,3;29,493648,493648,526,491,923,397
34,18,4;7,493648,493648,909,873,923,14
34,19,7;16,740472,740472,613,563,923,310
34,20,3;6,493648,493648,626,591,923,297
34,21,2;13,493648,493648,672,645,923,251
34,22,3;10,493648,493648,205,183,923,718
34,23,1;6,493648,493648,617,577,923,306
34,24,0;6,493648,493648,435,406,923,488
34,25,13;19,493648,493648,737,692,923,186
34,26,10;11,493648,493648,132,103,923,791
34,27,11;13,493648,493648,358,324,923,565
34,28,2;8,493648,493648,389,369,923,534
34,29,1;17,493648,493648,432,397,923,491
35,0,1;9,987296,987296,30,1,918,888
35,1,14;23,1234120,1234120,104,64,918,814
35,2,7;28,740472,740472,41,16,918,877
35,3,4;15,1234120,1234120,55,21,918,863
35,4,3;12,1234120,1234120,184,148,918,734
35,5,3;6,493648,493648,109,99,918,809
35,6,4;23,1480944,1480944,58,20,918,860
35,7,2;4,1480944,1480944,81,40,918,837
35,8,0;1,740472,740472,70,50,918,848
35,9,0;6,740472,740472,153,141,918,765
35,10,9;26,740472,740472,148,121,918,770
35,11,7;27,987296,987296,102,68,918,816
35,12,4;16,493648,493648,104,75,918,814
35,13,14;21,1234120,1234120,94,61,918,824
35,14,1;13,493648,493648,96,84,918,822
35,15,3;13,493648,493648,407,385,918,511
35,16,11;12,493648,493648,721,690,918,197
35,17,7;29,493648,493648,526,491,918,392
35,18,4;7,493648,493648,909,873,918,9
35,19,7;25,493648,493648,608,563,918,310
35,20,3;6,493648,493648,626,591,918,292
35,21,2;13,493648,493648,672,645,918,246
35,22,3;10,493648,493648,205,183,918,713
35,23,1;6,493648,493648,617,577,918,301
35,24,0;6,493648,493648,435,406,918,483
35,25,13;19,493648,493648,737,692,918,181
35,26,10;11,493648,493648,132,103,918,786
35,27,11;13,493648,493648,358,324,918,560
35,28,2;8,493648,493648,389,369,918,529
35,29,1;17,493648,493648,432,397,918,486
36,0,8;11,1234120,1234120,30,1,923,893
36,1,8;14,987296,987296,104,64,923,819
36,2,10;28,987296,987296,41,16,923,882
36,3,15;22,1234120,1234120,55,21,923,868
36,4,12;18,740472,740472,184,148,923,739
36,5,3;6,493648,493648,109,99,923,814
36,6,4;24,1234120,1234120,58,20,923,865
36,7,2;11,740472,740472,74,40,923,849
36,8,0;1,740472,740472,70,50,923,853
36,9,0;10,493648,493648,153,141,923,770
36,10,2;22,987296,987296,148,121,923,775
36,11,7;26,987296,987296,102,68,923,821
36,12,0;16,740472,740472,104,75,923,819
36,13,14;27,1234120,1234120,94,61,923,829
36,14,1;13,493648,493648,96,84,923,827
36,15,3;13,493648,493648,407,385,923,516
36,16,12;19,493648,493648,740,690,923,183
36,17,3;29,493648,493648,526,491,923,397
36,18,4;7,493648,493648,909,873,923,14
36,19,16;25,493648,493648,613,563,923,310
36,20,3;6,493648,493648,626,591,923,297
36,21,2;13,493648,493648,672,645,923,251
36,22,3;10,493648,493648,205,183,923,718
36,23,1;6,493648,493648,617,577,923,306
36,24,0;6,493648,493648,435,406,923,488
36,25,13;19,493648,493648,737,692,923,186
36,26,10;11,493648,493648,132,103,923,791
36,27,11;13,493648,493648,358,324,923,565
36,28,2;8,493648,493648,389,369,923,534
36,29,1;17,493648,493648,432,397,923,491
37,0,12;13,1234120,1234120,30,1,923,893
37,1,3;29,1974592,1974592,104,64,923,819
37,2,1;28,987296,987296,41,16,923,882
37,3,0;1,1234120,1234120,55,21,923,868
37,4,1;13,1234120,1234120,184,148,923,739
37,5,1;6,493648,493648,112,99,923,811
37,6,5;24,1234120,1234120,58,20,923,865
37,7,4;11,1234120,1234120,81,40,923,842
37,8,1;28,493648,493648,70,50,923,853
37,9,6;10,493648,493648,152,141,923,771
37,10,2;22,987296,987296,148,121,923,775
37,11,0;16,1234120,1234120,102,68,923,821
37,12,4;16,740472,740472,104,75,923,819
37,13,4;27,1727768,1727768,94,61,923,829
37,14,1;13,493648,493648,96,84,923,827
37,15,3;13,493648,493648,407,385,923,516
37,16,12;19,740472,740472,740,690,923,183
37,17,7;29,493648,493648,526,491,923,397
37,18,4;7,493648,493648,909,873,923,14
37,19,7;16,740472,740472,613,563,923,310
37,20,3;6,493648,493648,626,591,923,297
37,21,2;13,493648,493648,672,645,923,251
37,22,3;10,493648,493648,205,183,923,718
37,23,1;6,493648,493648,617,577,923,306
37,24,0;6,493648,493648,435,406,923,488
37,25,13;19,493648,493648,737,692,923,186
37,26,10;11,493648,493648,132,103,923,791
37,27,11;13,493648,493648,358,324,923,565
37,28,2;8,493648,493648,389,369,923,534
37,29,1;17,493648,493648,432,397,923,491
38,0,8;24,1480944,1480944,30,1,923,893
38,1,0;23,1234120,1234120,104,64,923,819
38,2,10;28,987296,987296,41,16,923,882
38,3,0;15,1480944,1480944,55,21,923,868
38,4,6;13,1234120,1234120,184,148,923,739
38,5,3;6,493648,493648,109,99,923,814
38,6,5;23,1480944,1480944,58,20,923,865
38,7,2;4,987296,987296,81,40,923,842
38,8,0;1,740472,740472,70,50,923,853
38,9,6;10,493648,493648,152,141,923,771
38,10,9;26,987296,987296,148,121,923,775
38,11,0;27,987296,987296,102,68,923,821
38,12,0;4,493648,493648,85,75,923,838
38,13,4;21,1480944,1480944,94,61,923,829
38,14,1;13,493648,493648,96,84,923,827
38,15,3;13,493648,493648,407,385,923,516
38,16,11;19,493648,493648,740,690,923,183
38,17,3;29,493648,493648,526,491,923,397
38,18,4;7,493648,493648,909,873,923,14
38,19,7;16,740472,740472,613,563,923,310
38,20,3;6,493648,493648,626,591,923,297
38,21,2;13,493648,493648,672,645,923,251
38,22,3;10,493648,493648,205,183,923,718
38,23,1;6,493648,493648,617,577,923,306
38,24,0;6,493648,493648,435,406,923,488
38,25,13;19,493648,493648,737,692,923,186
38,26,10;11,493648,493648,132,103,923,791
38,27,11;13,493648,493648,358,324,923,565
38,28,2;8,493648,493648,389,369,923,534
38,29,1;17,493648,493648,432,397,923,491
39,0,1;12,1234120,1234120,30,1,923,893
39,1,2;5,1727768,1727768,104,64,923,819
39,2,1;21,987296,987296,41,16,923,882
39,3,0;22,1480944,1480944,55,21,923,868
39,4,3;7,740472,740472,184,148,923,739
39,5,1;3,493648,493648,112,99,923,811
39,6,20;23,987296,987296,58,20,923,865
39,7,4;11,1234120,1234120,81,40,923,842
39,8,1;28,493648,493648,70,50,923,853
39,9,6;10,493648,493648,152,141,923,771
39,10,2;22,987296,987296,148,121,923,775
39,11,16;26,987296,987296,102,68,923,821
39,12,0;16,493648,493648,104,75,923,819
39,13,0;15,1480944,1480944,94,61,923,829
39,14,1;13,493648,493648,96,84,923,827
39,15,3;13,493648,493648,407,385,923,516
39,16,11;12,740472,740472,740,690,923,183
39,17,7;29,493648,493648,526,491,923,397
39,18,4;7,493648,493648,909,873,923,14
39,19,7;16,740472,740472,613,563,923,310
39,20,3;6,493648,493648,626,591,923,297
39,21,2;13,493648,493648,672,645,923,251
39,22,3;10,493648,493648,205,183,923,718
39,23,1;6,493648,493648,617,577,923,306
39,24,0;6,493648,493648,435,406,923,488
39,25,13;19,493648,493648,737,692,923,186
39,26,10;11,493648,493648,132,103,923,791
39,27,11;13,493648,493648,358,324,923,565
39,28,2;8,493648,493648,389,369,923,534
39,29,1;17,493648,493648,432,397,923,491
40,0,3;24,1480944,1480944,30,1,918,888
40,1,2;5,1480944,1480944,104,64,918,814
40,2,7;10,1234120,1234120,41,16,918,877
40,3,1;15,1727768,1727768,55,21,918,863
40,4,7;13,987296,987296,184,148,918,734
40,5,3;6,740472,740472,112,99,918,806
40,6,5;24,1234120,1234120,58,20,918,860
40,7,2;18,1234120,1234120,81,40,918,837
40,8,0;28,493648,493648,70,50,918,848
40,9,6;10,493648,493648,152,141,918,766
40,10,9;22,987296,987296,148,121,918,770
40,11,0;27,987296,987296,102,68,918,816
40,12,0;4,740472,740472,104,75,918,814
40,13,0;21,1727768,1727768,94,61,918,824
40,14,1;13,493648,493648,96,84,918,822
40,15,3;13,493648,493648,407,385,918,511
40,16,11;12,493648,493648,721,690,918,197
40,17,3;7,740472,740472,526,491,918,392
40,18,4;7,493648,493648,909,873,918,9
40,19,7;25,493648,493648,608,563,918,310
40,20,3;6,493648,493648,626,591,918,292
40,21,2;13,493648,493648,672,645,918,246
40,22,3;10,493648,493648,205,183,918,713
40,23,1;6,493648,493648,617,577,918,301
40,24,0;6,493648,493648,435,406,918,483
40,25,13;19,493648,493648,737,692,918,181
40,26,10;11,493648,493648,132,103,918,786
40,27,11;13,493648,493648,358,324,918,560
40,28,2;8,493648,493648,389,369,918,529
40,29,1;17,493648,493648,432,397,918,486
41,0,3;9,1727768,1727768,30,1,923,893
41,1,3;29,1234120,1234120,104,64,923,819
41,2,0;1,987296,987296,41,16,923,882
41,3,4;15,1974592,1974592,55,21,923,868
41,4,6;12,1234120,1234120,184,148,923,739
41,5,3;6,493648,493648,109,99,923,814
41,6,4;5,1480944,1480944,58,20,923,865
41,7,4;17,987296,987296,74,40,923,849
41,8,0;28,493648,493648,70,50,923,853
41,9,6;10,740472,740472,153,141,923,770
41,10,9;26,740472,740472,148,121,923,775
41,11,7;26,740472,740472,102,68,923,821
41,12,0;4,740472,740472,104,75,923,819
41,13,0;14,1480944,1480944,94,61,923,829
41,14,1;13,493648,493648,96,84,923,827
41,15,3;13,493648,493648,407,385,923,516
41,16,12;19,493648,493648,740,690,923,183
41,17,3;7,740472,740472,526,491,923,397
41,18,4;7,493648,493648,909,873,923,14
41,19,16;25,493648,493648,613,563,923,310
41,20,3;6,493648,493648,626,591,923,297
41,21,2;13,493648,493648,672,645,923,251
41,22,3;10,493648,493648,205,183,923,718
41,23,1;6,493648,493648,617,577,923,306
41,24,0;6,493648,493648,435,406,923,488
41,25,13;19,493648,493648,737,692,923,186
41,26,10;11,493648,493648,132,103,923,791
41,27,11;13,493648,493648,358,324,923,565
41,28,2;8,493648,493648,389,369,923,534
41,29,1;17,493648,493648,432,397,923,491
42,0,1;24,1727768,1727768,30,1,923,893
42,1,4;14,1974592,1974592,104,64,923,819
42,2,1;10,987296,987296,41,16,923,882
42,3,1;17,1727768,1727768,55,21,923,868
42,4,3;13,1234120,1234120,184,148,923,739
42,5,1;3,493648,493648,112,99,923,811
42,6,9;20,987296,987296,58,20,923,865
42,7,4;11,1234120,1234120,81,40,923,842
42,8,0;28,493648,493648,70,50,923,853
42,9,0;6,493648,493648,153,141,923,770
42,10,2;26,740472,740472,148,121,923,775
42,11,0;16,1234120,1234120,102,68,923,821
42,12,0;16,493648,493648,104,75,923,819
42,13,0;15,1727768,1727768,94,61,923,829
42,14,1;13,493648,493648,96,84,923,827
42,15,3;13,493648,493648,407,385,923,516
42,16,11;19,740472,740472,740,690,923,183
42,17,3;7,740472,740472,526,491,923,397
42,18,4;7,493648,493648,909,873,923,14
42,19,7;25,740472,740472,613,563,923,310
42,20,3;6,493648,493648,626,591,923,297
42,21,2;13,493648,493648,672,645,923,251
42,22,3;10,493648,493648,205,183,923,718
42,23,1;6,493648,493648,617,577,923,306
42,24,0;6,493648,493648,435,406,923,488
42,25,13;19,493648,493648,737,692,923,186
42,26,10;11,493648,493648,132,103,923,791
42,27,11;13,493648,493648,358,324,923,565
42,28,2;8,493648,493648,389,369,923,534
42,29,1;17,493648,493648,432,397,923,491
43,0,1;13,1234120,1234120,30,1,923,893
43,1,3;29,1727768,1727768,104,64,923,819
43,2,1;10,1234120,1234120,41,16,923,882
43,3,17;22,1480944,1480944,55,21,923,868
43,4,1;7,987296,987296,184,148,923,739
43,5,3;6,493648,493648,109,99,923,814
43,6,5;24,987296,987296,58,20,923,865
43,7,2;19,987296,987296,81,40,923,842
43,8,0;28,493648,493648,70,50,923,853
43,9,0;10,493648,493648,153,141,923,770
43,10,2;22,987296,987296,148,121,923,775
43,11,16;27,740472,740472,102,68,923,821
43,12,4;16,493648,493648,104,75,923,819
43,13,0;21,1480944,1480944,94,61,923,829
43,14,1;13,493648,493648,96,84,923,827
43,15,3;13,493648,493648,407,385,923,516
43,16,11;19,740472,740472,740,690,923,183
43,17,3;29,493648,493648,526,491,923,397
43,18,4;7,493648,493648,909,873,923,14
43,19,7;25,740472,740472,613,563,923,310
43,20,3;6,493648,493648,626,591,923,297
43,21,2;13,493648,493648,672,645,923,251
43,22,3;10,493648,493648,205,183,923,718
43,23,1;6,493648,493648,617,577,923,306
43,24,0;6,493648,493648,435,406,923,488
43,25,13;19,493648,493648,737,692,923,186
43,26,10;11,493648,493648,132,103,923,791
43,27,11;13,493648,493648,358,324,923,565
43,28,2;8,493648,493648,389,369,923,534
43,29,1;17,493648,493648,432,397,923,491
44,0,8;12,1480944,1480944,30,1,918,888
44,1,2;29,1480944,1480944,104,64,918,814
44,2,7;10,1234120,1234120,41,16,918,877
44,3,4;20,1480944,1480944,55,21,918,863
44,4,1;7,1234120,1234120,184,148,918,734
44,5,3;6,493648,493648,109,99,918,809
44,6,5;23,987296,987296,58,20,918,860
44,7,2;11,1234120,1234120,81,40,918,837
44,8,1;28,740472,740472,70,50,918,848
44,9,0;10,493648,493648,153,141,918,765
44,10,22;26,987296,987296,148,121,918,770
44,11,0;16,1234120,1234120,102,68,918,816
44,12,0;4,740472,740472,104,75,918,814
44,13,0;27,1480944,1480944,94,61,918,824
44,14,1;13,493648,493648,96,84,918,822
44,15,3;13,493648,493648,407,385,918,511
44,16,11;12,493648,493648,721,690,918,197
44,17,3;29,493648,493648,526,491,918,392
44,18,4;7,493648,493648,909,873,918,9
44,19,7;25,493648,493648,608,563,918,310
44,20,3;6,493648,493648,626,591,918,292
44,21,2;13,493648,493648,672,645,918,246
44,22,3;10,493648,493648,205,183,918,713
44,23,1;6,493648,493648,617,577,918,301
44,24,0;6,493648,493648,435,406,918,483
44,25,13;19,493648,493648,737,692,918,181
44,26,10;11,493648,493648,132,103,918,786
44,27,11;13,493648,493648,358,324,918,560
44,28,2;8,493648,493648,389,369,918,529
44,29,1;17,493648,493648,432,397,918,486
45,0,9;13,1480944,1480944,30,1,923,893
45,1,0;23,1234120,1234120,104,64,923,819
45,2,0;10,987296,987296,41,16,923,882
45,3,0;17,1480944,1480944,55,21,923,868
45,4,6;18,740472,740472,184,148,923,739
45,5,3;6,493648,493648,109,99,923,814
45,6,9;23,1480944,1480944,58,20,923,865
45,7,17;19,740472,740472,81,40,923,842
45,8,1;28,493648,493648,70,50,923,853
45,9,6;10,740472,740472,153,141,923,770
45,10,9;26,987296,987296,148,121,923,775
45,11,26;27,740472,740472,102,68,923,821
45,12,4;16,493648,493648,104,75,923,819
45,13,14;25,1480944,1480944,94,61,923,829
45,14,1;13,493648,493648,96,84,923,827
45,15,3;13,493648,493648,407,385,923,516
45,16,11;12,740472,740472,740,690,923,183
45,17,3;29,740472,740472,526,491,923,397
45,18,4;7,493648,493648,909,873,923,14
45,19,7;16,740472,740472,613,563,923,310
45,20,3;6,493648,493648,626,591,923,297
45,21,2;13,493648,493648,672,645,923,251
45,22,3;10,493648,493648,205,183,923,718
45,23,1;6,493648,493648,617,577,923,306
45,24,0;6,493648,493648,435,406,923,488
45,25,13;19,493648,493648,737,692,923,186
45,26,10;11,493648,493648,132,103,923,791
45,27,11;13,493648,493648,358,324,923,565
45,28,2;8,493648,493648,389,369,923,534
45,29,1;17,493648,493648,432,397,923,491
46,0,2;24,1480944,1480944,30,1,923,893
46,1,3;14,1727768,1727768,104,64,923,819
46,2,1;21,987296,987296,41,16,923,882
46,3,0;4,1727768,1727768,55,21,923,868
46,4,6;18,1234120,1234120,184,148,923,739
46,5,1;6,493648,493648,112,99,923,811
46,6,23;24,1480944,1480944,58,20,923,865
46,7,4;18,987296,987296,81,40,923,842
46,8,0;1,740472,740472,70,50,923,853
46,9,0;6,740472,740472,153,141,923,770
46,10,9;22,740472,740472,148,121,923,775
46,11,7;26,740472,740472,102,68,923,821
46,12,0;4,740472,740472,104,75,923,819
46,13,14;21,1234120,1234120,94,61,923,829
46,14,1;13,493648,493648,96,84,923,827
46,15,3;13,493648,493648,407,385,923,516
46,16,12;19,493648,493648,740,690,923,183
46,17,3;29,493648,493648,526,491,923,397
46,18,4;7,493648,493648,909,873,923,14
46,19,7;25,740472,740472,613,563,923,310
46,20,3;6,493648,493648,626,591,923,297
46,21,2;13,493648,493648,672,645,923,251
46,22,3;10,493648,493648,205,183,923,718
46,23,1;6,493648,493648,617,577,923,306
46,24,0;6,493648,493648,435,406,923,488
46,25,13;19,493648,493648,737,692,923,186
46,26,10;11,493648,493648,132,103,923,791
46,27,11;13,493648,493648,358,324,923,565
46,28,2;8,493648,493648,389,369,923,534
46,29,1;17,493648,493648,432,397,923,491
47,0,3;9,1480944,1480944,30,1,923,893
47,1,5;8,1480944,1480944,104,64,923,819
47,2,10;21,740472,740472,41,16,923,882
47,3,4;5,1727768,1727768,55,21,923,868
47,4,1;6,1234120,1234120,184,148,923,739
47,5,3;6,740472,740472,112,99,923,811
47,6,4;9,1480944,1480944,58,20,923,865
47,7,4;17,987296,987296,81,40,923,842
47,8,0;28,740472,740472,70,50,923,853
47,9,0;6,493648,493648,153,141,923,770
47,10,22;26,740472,740472,148,121,923,775
47,11,0;26,740472,740472,102,68,923,821
47,12,0;16,493648,493648,104,75,923,819
47,13,21;27,1234120,1234120,94,61,923,829
47,14,1;13,493648,493648,96,84,923,827
47,15,3;13,493648,493648,407,385,923,516
47,16,12;19,493648,493648,740,690,923,183
47,17,3;29,740472,740472,526,491,923,397
47,18,4;7,493648,493648,909,873,923,14
47,19,7;16,740472,740472,613,563,923,310
47,20,3;6,493648,493648,626,591,923,297
47,21,2;13,493648,493648,672,645,923,251
47,22,3;10,493648,493648,205,183,923,718
47,23,1;6,493648,493648,617,577,923,306
47,24,0;6,493648,493648,435,406,923,488
47,25,13;19,493648,493648,737,692,923,186
47,26,10;11,493648,493648,132,103,923,791
47,27,11;13,493648,493648,358,324,923,565
47,28,2;8,493648,493648,389,369,923,534
47,29,1;17,493648,493648,432,397,923,491
48,0,2;13,1727768,1727768,30,1,923,893
48,1,8;23,1234120,1234120,104,64,923,819
48,2,1;7,1480944,1480944,41,16,923,882
48,3,0;15,1727768,1727768,55,21,923,868
48,4,3;6,740472,740472,184,148,923,739
48,5,3;6,493648,493648,109,99,923,814
48,6,20;23,1480944,1480944,58,20,923,865
48,7,2;17,1234120,1234120,81,40,923,842
48,8,1;28,493648,493648,70,50,923,853
48,9,0;6,493648,493648,153,141,923,770
48,10,2;22,740472,740472,148,121,923,775
48,11,0;7,1234120,1234120,102,68,923,821
48,12,0;16,493648,493648,104,75,923,819
48,13,0;25,1480944,1480944,94,61,923,829
48,14,1;13,493648,493648,96,84,923,827
48,15,3;13,493648,493648,407,385,923,516
48,16,11;19,740472,740472,740,690,923,183
48,17,3;7,740472,740472,526,491,923,397
48,18,4;7,493648,493648,909,873,923,14
48,19,7;16,740472,740472,613,563,923,310
48,20,3;6,493648,493648,626,591,923,297
48,21,2;13,493648,493648,672,645,923,251
48,22,3;10,493648,493648,205,183,923,718
48,23,1;6,493648,493648,617,577,923,306
48,24,0;6,493648,493648,435,406,923,488
48,25,13;19,493648,493648,737,692,923,186
48,26,10;11,493648,493648,132,103,923,791
48,27,11;13,493648,493648,358,324,923,565
48,28,2;8,493648,493648,389,369,923,534
48,29,1;17,493648,493648,432,397,923,491
49,0,11;12,1480944,1480944,30,1,923,893
49,1,23;29,987296,987296,104,64,923,819
49,2,21;28,740472,740472,41,16,923,882
49,3,4;22,1480944,1480944,55,21,923,868
49,4,3;7,987296,987296,184,148,923,739
49,5,1;3,740472,740472,112,99,923,811
49,6,5;20,1234120,1234120,58,20,923,865
49,7,2;17,1480944,1480944,81,40,923,842
49,8,0;28,493648,493648,70,50,923,853
49,9,0;6,740472,740472,153,141,923,770
49,10,9;22,740472,740472,148,121,923,775
49,11,7;16,1234120,1234120,102,68,923,821
49,12,0;4,740472,740472,104,75,923,819
49,13,0;15,1480944,1480944,94,61,923,829
49,14,1;13,493648,493648,96,84,923,827
49,15,3;13,493648,493648,407,385,923,516
49,16,12;19,740472,740472,740,690,923,183
49,17,3;7,740472,740472,526,491,923,397
49,18,4;7,493648,493648,909,873,923,14
49,19,7;16,740472,740472,613,563,923,310
49,20,3;6,493648,493648,626,591,923,297
49,21,2;13,493648,493648,672,645,923,251
49,22,3;10,493648,493648,205,183,923,718
49,23,1;6,493648,493648,617,577,923,306
49,24,0;6,493648,493648,435,406,923,488
49,25,13;19,493648,493648,737,692,923,186
49,26,10;11,493648,493648,132,103,923,791
49,27,11;13,493648,493648,358,324,923,565
49,28,2;8,493648,493648,389,369,923,534
49,29,1;17,493648,493648,432,397,923,491
50,0,3;13,1727768,1727768,30,1,923,893
50,1,5;8,1234120,1234120,104,64,923,819
50,2,0;7,987296,987296,41,16,923,882
50,3,4;15,1727768,1727768,55,21,923,868
50,4,3;12,1234120,1234120,184,148,923,739
50,5,1;3,493648,493648,112,99,923,811
50,6,4;24,1234120,1234120,58,20,923,865
50,7,2;4,1234120,1234120,81,40,923,842
50,8,1;28,493648,493648,70,50,923,853
50,9,0;6,740472,740472,153,141,923,770
50,10,9;26,740472,740472,148,121,923,775
50,11,0;26,740472,740472,102,68,923,821
50,12,0;16,740472,740472,104,75,923,819
50,13,0;15,1480944,1480944,94,61,923,829
50,14,1;13,493648,493648,96,84,923,827
50,15,3;13,493648,493648,407,385,923,516
50,16,12;19,493648,493648,740,690,923,183
50,17,3;7,740472,740472,526,491,923,397
50,18,4;7,493648,493648,909,873,923,14
50,19,7;25,740472,740472,613,563,923,310
50,20,3;6,493648,493648,626,591,923,297
50,21,2;13,493648,493648,672,645,923,251
50,22,3;10,493648,493648,205,183,923,718
50,23,1;6,493648,493648,617,577,923,306
50,24,0;6,493648,493648,435,406,923,488
50,25,13;19,493648,493648,737,692,923,186
50,26,10;11,493648,493648,132,103,923,791
50,27,11;13,493648,493648,358,324,923,565
50,28,2;8,493648,493648,389,369,923,534
50,29,1;17,493648,493648,432,397,923,491
51,0,9;24,1480944,1480944,30,1,923,893
51,1,0;29,2221416,2221416,104,64,923,819
51,2,0;1,1234120,1234120,41,16,923,882
51,3,0;1,1727768,1727768,55,21,923,868
51,4,1;13,987296,987296,184,148,923,739
51,5,1;3,740472,740472,112,99,923,811
51,6,5;23,987296,987296,58,20,923,865
51,7,11;18,740472,740472,74,40,923,849
51,8,1;28,493648,493648,70,50,923,853
51,9,0;10,493648,493648,153,141,923,770
51,10,2;9,987296,987296,148,121,923,775
51,11,16;26,987296,987296,102,68,923,821
51,12,0;4,740472,740472,104,75,923,819
51,13,25;27,1480944,1480944,94,61,923,829
51,14,1;13,493648,493648,96,84,923,827
51,15,3;13,493648,493648,407,385,923,516
51,16,11;12,740472,740472,740,690,923,183
51,17,3;7,740472,740472,526,491,923,397
51,18,4;7,493648,493648,909,873,923,14
51,19,16;25,493648,493648,613,563,923,310
51,20,3;6,493648,493648,626,591,923,297
51,21,2;13,493648,493648,672,645,923,251
51,22,3;10,493648,493648,205,183,923,718
51,23,1;6,493648,493648,617,577,923,306
51,24,0;6,493648,493648,435,406,923,488
51,25,13;19,493648,493648,737,692,923,186
51,26,10;11,493648,493648,132,103,923,791
51,27,11;13,493648,493648,358,324,923,565
51,28,2;8,493648,493648,389,369,923,534
51,29,1;17,493648,493648,432,397,923,491
52,0,1;8,1480944,1480944,30,1,923,893
52,1,14;23,1480944,1480944,104,64,923,819
52,2,0;28,987296,987296,41,16,923,882
52,3,15;17,1234120,1234120,55,21,923,868
52,4,6;18,987296,987296,184,148,923,739
52,5,1;3,493648,493648,112,99,923,811
52,6,4;23,1234120,1234120,58,20,923,865
52,7,11;19,987296,987296,81,40,923,842
52,8,1;28,740472,740472,70,50,923,853
52,9,6;10,493648,493648,152,141,923,771
52,10,2;9,987296,987296,148,121,923,775
52,11,7;27,740472,740472,102,68,923,821
52,12,0;4,740472,740472,104,75,923,819
52,13,0;4,1727768,1727768,94,61,923,829
52,14,1;13,493648,493648,96,84,923,827
52,15,3;13,493648,493648,407,385,923,516
52,16,12;19,493648,493648,740,690,923,183
52,17,7;29,740472,740472,526,491,923,397
52,18,4;7,493648,493648,909,873,923,14
52,19,7;25,740472,740472,613,563,923,310
52,20,3;6,493648,493648,626,591,923,297
52,21,2;13,493648,493648,672,645,923,251
52,22,3;10,493648,493648,205,183,923,718
52,23,1;6,493648,493648,617,577,923,306
52,24,0;6,493648,493648,435,406,923,488
52,25,13;19,493648,493648,737,692,923,186
52,26,10;11,493648,493648,132,103,923,791
52,27,11;13,493648,493648,358,324,923,565
52,28,2;8,493648,493648,389,369,923,534
52,29,1;17,493648,493648,432,397,923,491
53,0,12;13,1480944,1480944,30,1,923,893
53,1,14;23,1234120,1234120,104,64,923,819
53,2,7;21,987296,987296,41,16,923,882
53,3,4;22,1480944,1480944,55,21,923,868
53,4,6;13,1234120,1234120,184,148,923,739
53,5,1;3,740472,740472,112,99,923,811
53,6,5;9,1480944,1480944,58,20,923,865
53,7,17;19,1234120,1234120,81,40,923,842
53,8,0;1,740472,740472,70,50,923,853
53,9,0;6,493648,493648,153,141,923,770
53,10,2;26,740472,740472,148,121,923,775
53,11,0;7,1234120,1234120,102,68,923,821
53,12,4;16,740472,740472,104,75,923,819
53,13,15;27,1727768,1727768,94,61,923,829
53,14,1;13,493648,493648,96,84,923,827
53,15,3;13,493648,493648,407,385,923,516
53,16,11;19,740472,740472,740,690,923,183
53,17,3;29,740472,740472,526,491,923,397
53,18,4;7,493648,493648,909,873,923,14
53,19,7;25,740472,740472,613,563,923,310
53,20,3;6,493648,493648,626,591,923,297
53,21,2;13,493648,493648,672,645,923,251
53,22,3;10,493648,493648,205,183,923,718
53,23,1;6,493648,493648,617,577,923,306
53,24,0;6,493648,493648,435,406,923,488
53,25,13;19,493648,493648,737,692,923,186
53,26,10;11,493648,493648,132,103,923,791
53,27,11;13,493648,493648,358,324,923,565
53,28,2;8,493648,493648,389,369,923,534
53,29,1;17,493648,493648,432,397,923,491
54,0,1;9,1234120,1234120,30,1,923,893
54,1,3;14,1727768,1727768,104,64,923,819
54,2,1;21,987296,987296,41,16,923,882
54,3,4;15,1727768,1727768,55,21,923,868
54,4,7;18,987296,987296,184,148,923,739
54,5,3;6,493648,493648,109,99,923,814
54,6,5;24,1234120,1234120,58,20,923,865
54,7,2;19,1234120,1234120,81,40,923,842
54,8,0;1,740472,740472,70,50,923,853
54,9,6;10,740472,740472,153,141,923,770
54,10,9;22,740472,740472,148,121,923,775
54,11,7;16,987296,987296,102,68,923,821
54,12,4;16,493648,493648,104,75,923,819
54,13,0;15,1480944,1480944,94,61,923,829
54,14,1;13,493648,493648,96,84,923,827
54,15,3;13,493648,493648,407,385,923,516
54,16,12;19,740472,740472,740,690,923,183
54,17,3;29,493648,493648,526,491,923,397
54,18,4;7,493648,493648,909,873,923,14
54,19,7;16,740472,740472,613,563,923,310
54,20,3;6,493648,493648,626,591,923,297
54,21,2;13,493648,493648,672,645,923,251
54,22,3;10,493648,493648,205,183,923,718
54,23,1;6,493648,493648,617,577,923,306
54,24,0;6,493648,493648,435,406,923,488
54,25,13;19,493648,493648,737,692,923,186
54,26,10;11,493648,493648,132,103,923,791
54,27,11;13,493648,493648,358,324,923,565
54,28,2;8,493648,493648,389,369,923,534
54,29,1;17,493648,493648,432,397,923,491
55,0,8;12,1234120,1234120,30,1,923,893
55,1,2;23,1480944,1480944,104,64,923,819
55,2,0;21,987296,987296,41,16,923,882
55,3,15;20,1480944,1480944,55,21,923,868
55,4,1;3,1480944,1480944,184,148,923,739
55,5,3;6,493648,493648,109,99,923,814
55,6,4;24,1480944,1480944,58,20,923,865
55,7,4;11,987296,987296,81,40,923,842
55,8,0;1,740472,740472,70,50,923,853
55,9,6;10,493648,493648,152,141,923,771
55,10,22;26,740472,740472,148,121,923,775
55,11,0;27,987296,987296,102,68,923,821
55,12,0;16,493648,493648,104,75,923,819
55,13,4;27,1480944,1480944,94,61,923,829
55,14,1;13,493648,493648,96,84,923,827
55,15,3;13,493648,493648,407,385,923,516
55,16,12;19,493648,493648,740,690,923,183
55,17,3;29,493648,493648,526,491,923,397
55,18,4;7,493648,493648,909,873,923,14
55,19,7;16,740472,740472,613,563,923,310
55,20,3;6,493648,493648,626,591,923,297
55,21,2;13,493648,493648,672,645,923,251
55,22,3;10,493648,493648,205,183,923,718
55,23,1;6,493648,493648,617,577,923,306
55,24,0;6,493648,493648,435,406,923,488
55,25,13;19,493648,493648,737,692,923,186
55,26,10;11,493648,493648,132,103,923,791
55,27,11;13,493648,493648,358,324,923,565
55,28,2;8,493648,493648,389,369,923,534
55,29,1;17,493648,493648,432,397,923,491
56,0,1;3,1480944,1480944,30,1,923,893
56,1,8;23,1234120,1234120,104,64,923,819
56,2,10;28,987296,987296,41,16,923,882
56,3,15;17,1480944,1480944,55,21,923,868
56,4,12;13,1234120,1234120,184,148,923,739
56,5,3;6,493648,493648,109,99,923,814
56,6,4;20,1234120,1234120,58,20,923,865
56,7,2;4,740472,740472,74,40,923,849
56,8,0;1,740472,740472,70,50,923,853
56,9,0;10,493648,493648,153,141,923,770
56,10,2;9,987296,987296,148,121,923,775
56,11,26;27,740472,740472,102,68,923,821
56,12,0;4,493648,493648,85,75,923,838
56,13,15;21,1480944,1480944,94,61,923,829
56,14,1;13,493648,493648,96,84,923,827
56,15,3;13,493648,493648,407,385,923,516
56,16,11;19,493648,493648,740,690,923,183
56,17,3;29,493648,493648,526,491,923,397
56,18,4;7,493648,493648,909,873,923,14
56,19,16;25,493648,493648,613,563,923,310
56,20,3;6,493648,493648,626,591,923,297
56,21,2;13,493648,493648,672,645,923,251
56,22,3;10,493648,493648,205,183,923,718
56,23,1;6,493648,493648,617,577,923,306
56,24,0;6,493648,493648,435,406,923,488
56,25,13;19,493648,493648,737,692,923,186
56,26,10;11,493648,493648,132,103,923,791
56,27,11;13,493648,493648,358,324,923,565
56,28,2;8,493648,493648,389,369,923,534
56,29,1;17,493648,493648,432,397,923,491
57,0,11;13,1727768,1727768,30,1,918,888
57,1,2;4,1480944,1480944,104,64,918,814
57,2,0;21,1234120,1234120,41,16,918,877
57,3,17;20,1234120,1234120,55,21,918,863
57,4,3;12,1234120,1234120,184,148,918,734
57,5,1;6,493648,493648,112,99,918,806
57,6,5;23,987296,987296,58,20,918,860
57,7,17;19,740472,740472,81,40,918,837
57,8,0;28,493648,493648,70,50,918,848
57,9,0;10,493648,493648,153,141,918,765
57,10,2;26,987296,987296,148,121,918,770
57,11,0;27,987296,987296,102,68,918,816
57,12,0;16,740472,740472,104,75,918,814
57,13,0;4,1727768,1727768,94,61,918,824
57,14,1;13,493648,493648,96,84,918,822
57,15,3;13,493648,493648,407,385,918,511
57,16,11;12,493648,493648,721,690,918,197
57,17,3;29,740472,740472,526,491,918,392
57,18,4;7,493648,493648,909,873,918,9
57,19,7;25,493648,493648,608,563,918,310
57,20,3;6,493648,493648,626,591,918,292
57,21,2;13,493648,493648,672,645,918,246
57,22,3;10,493648,493648,205,183,918,713
57,23,1;6,493648,493648,617,577,918,301
57,24,0;6,493648,493648,435,406,918,483
57,25,13;19,493648,493648,737,692,918,181
57,26,10;11,493648,493648,132,103,918,786
57,27,11;13,493648,493648,358,324,918,560
57,28,2;8,493648,493648,389,369,918,529
57,29,1;17,493648,493648,432,397,918,486
58,0,11;12,1727768,1727768,30,1,923,893
58,1,0;8,1727768,1727768,104,64,923,819
58,2,0;1,1480944,1480944,41,16,923,882
58,3,0;15,1480944,1480944,55,21,923,868
58,4,7;18,493648,493648,184,148,923,739
58,5,1;3,740472,740472,112,99,923,811
58,6,5;9,1234120,1234120,58,20,923,865
58,7,2;18,1234120,1234120,81,40,923,842
58,8,0;28,740472,740472,70,50,923,853
58,9,6;10,493648,493648,152,141,923,771
58,10,2;9,987296,987296,148,121,923,775
58,11,7;16,1234120,1234120,102,68,923,821
58,12,0;16,493648,493648,104,75,923,819
58,13,21;25,1234120,1234120,94,61,923,829
58,14,1;13,493648,493648,96,84,923,827
58,15,3;13,493648,493648,407,385,923,516
58,16,11;19,740472,740472,740,690,923,183
58,17,3;29,493648,493648,526,491,923,397
58,18,4;7,493648,493648,909,873,923,14
58,19,7;25,740472,740472,613,563,923,310
58,20,3;6,493648,493648,626,591,923,297
58,21,2;13,493648,493648,672,645,923,251
58,22,3;10,493648,493648,205,183,923,718
58,23,1;6,493648,493648,617,577,923,306
58,24,0;6,493648,493648,435,406,923,488
58,25,13;19,493648,493648,737,692,923,186
58,26,10;11,493648,493648,132,103,923,791
58,27,11;13,493648,493648,358,324,923,565
58,28,2;8,493648,493648,389,369,923,534
58,29,1;17,493648,493648,432,397,923,491
59,0,3;12,1727768,1727768,30,1,923,893
59,1,4;5,1234120,1234120,104,64,923,819
59,2,0;21,987296,987296,41,16,923,882
59,3,4;20,1727768,1727768,55,21,923,868
59,4,1;7,1234120,1234120,184,148,923,739
59,5,1;3,493648,493648,112,99,923,811
59,6,20;24,987296,987296,58,20,923,865
59,7,11;19,1234120,1234120,81,40,923,842
59,8,0;28,493648,493648,70,50,923,853
59,9,0;6,493648,493648,153,141,923,770
59,10,2;22,740472,740472,148,121,923,775
59,11,7;27,987296,987296,102,68,923,821
59,12,0;16,493648,493648,104,75,923,819
59,13,0;4,1727768,1727768,94,61,923,829
59,14,1;13,493648,493648,96,84,923,827
59,15,3;13,493648,493648,407,385,923,516
59,16,11;12,740472,740472,740,690,923,183
59,17,3;7,740472,740472,526,491,923,397
59,18,4;7,493648,493648,909,873,923,14
59,19,16;25,740472,740472,613,563,923,310
59,20,3;6,493648,493648,626,591,923,297
59,21,2;13,493648,493648,672,645,923,251
59,22,3;10,493648,493648,205,183,923,718
59,23,1;6,493648,493648,617,577,923,306
59,24,0;6,493648,493648,435,406,923,488
59,25,13;19,493648,493648,737,692,923,186
59,26,10;11,493648,493648,132,103,923,791
59,27,11;13,493648,493648,358,324,923,565
59,28,2;8,493648,493648,389,369,923,534
59,29,1;17,493648,493648,432,397,923,491
60,0,3;12,1727768,1727768,30,1,923,893
60,1,0;29,1727768,1727768,104,64,923,819
60,2,7;28,987296,987296,41,16,923,882
60,3,1;15,1234120,1234120,55,21,923,868
60,4,1;7,987296,987296,184,148,923,739
60,5,1;6,493648,493648,112,99,923,811
60,6,23;24,1234120,1234120,58,20,923,865
60,7,2;17,1234120,1234120,81,40,923,842
60,8,0;28,493648,493648,70,50,923,853
60,9,6;10,493648,493648,152,141,923,771
60,10,2;9,987296,987296,148,121,923,775
60,11,0;27,987296,987296,102,68,923,821
60,12,4;16,740472,740472,104,75,923,819
60,13,0;21,1480944,1480944,94,61,923,829
60,14,1;13,493648,493648,96,84,923,827
60,15,3;13,493648,493648,407,385,923,516
60,16,11;19,740472,740472,740,690,923,183
60,17,7;29,493648,493648,526,491,923,397
60,18,4;7,493648,493648,909,873,923,14
60,19,7;16,740472,740472,613,563,923,310
60,20,3;6,493648,493648,626,591,923,297
60,21,2;13,493648,493648,672,645,923,251
60,22,3;10,493648,493648,205,183,923,718
60,23,1;6,493648,493648,617,577,923,306
60,24,0;6,493648,493648,435,406,923,488
60,25,13;19,493648,493648,737,692,923,186
60,26,10;11,493648,493648,132,103,923,791
60,27,11;13,493648,493648,358,324,923,565
60,28,2;8,493648,493648,389,369,923,534
60,29,1;17,493648,493648,432,397,923,491
61,0,8;11,1727768,1727768,30,1,923,893
61,1,5;29,1234120,1234120,104,64,923,819
61,2,7;28,987296,987296,41,16,923,882
61,3,0;1,1480944,1480944,55,21,923,868
61,4,7;13,987296,987296,184,148,923,739
61,5,1;3,493648,493648,112,99,923,811
61,6,4;9,1234120,1234120,58,20,923,865
61,7,4;18,1234120,1234120,74,40,923,849
61,8,0;28,493648,493648,70,50,923,853
61,9,0;6,493648,493648,153,141,923,770
61,10,2;26,740472,740472,148,121,923,775
61,11,7;27,1234120,1234120,102,68,923,821
61,12,0;16,493648,493648,104,75,923,819
61,13,0;15,1727768,1727768,94,61,923,829
61,14,1;13,493648,493648,96,84,923,827
61,15,3;13,493648,493648,407,385,923,516
61,16,11;19,740472,740472,740,690,923,183
61,17,7;29,493648,493648,526,491,923,397
61,18,4;7,493648,493648,909,873,923,14
61,19,16;25,493648,493648,613,563,923,310
61,20,3;6,493648,493648,626,591,923,297
61,21,2;13,493648,493648,672,645,923,251
61,22,3;10,493648,493648,205,183,923,718
61,23,1;6,493648,493648,617,577,923,306
61,24,0;6,493648,493648,435,406,923,488
61,25,13;19,493648,493648,737,692,923,186
61,26,10;11,493648,493648,132,103,923,791
61,27,11;13,493648,493648,358,324,923,565
61,28,2;8,493648,493648,389,369,923,534
61,29,1;17,493648,493648,432,397,923,491
62,0,3;12,1234120,1234120,30,1,923,893
62,1,3;5,1727768,1727768,104,64,923,819
62,2,1;28,740472,740472,41,16,923,882
62,3,0;4,1974592,1974592,55,21,923,868
62,4,1;13,1480944,1480944,184,148,923,739
62,5,1;3,493648,493648,112,99,923,811
62,6,4;24,987296,987296,58,20,923,865
62,7,17;19,987296,987296,81,40,923,842
62,8,0;28,493648,493648,70,50,923,853
62,9,0;10,493648,493648,153,141,923,770
62,10,9;26,740472,740472,148,121,923,775
62,11,7;16,987296,987296,102,68,923,821
62,12,0;4,740472,740472,104,75,923,819
62,13,4;21,1480944,1480944,94,61,923,829
62,14,1;13,493648,493648,96,84,923,827
62,15,3;13,493648,493648,407,385,923,516
62,16,12;19,740472,740472,740,690,923,183
62,17,3;7,740472,740472,526,491,923,397
62,18,4;7,493648,493648,909,873,923,14
62,19,7;16,740472,740472,613,563,923,310
62,20,3;6,493648,493648,626,591,923,297
62,21,2;13,493648,493648,672,645,923,251
62,22,3;10,493648,493648,205,183,923,718
62,23,1;6,493648,493648,617,577,923,306
62,24,0;6,493648,493648,435,406,923,488
62,25,13;19,493648,493648,737,692,923,186
62,26,10;11,493648,493648,132,103,923,791
62,27,11;13,493648,493648,358,324,923,565
62,28,2;8,493648,493648,389,369,923,534
62,29,1;17,493648,493648,432,397,923,491
63,0,1;2,1974592,1974592,30,1,923,893
63,1,5;29,1727768,1727768,104,64,923,819
63,2,10;21,987296,987296,41,16,923,882
63,3,1;15,1727768,1727768,55,21,923,868
63,4,3;7,740472,740472,184,148,923,739
63,5,3;6,740472,740472,112,99,923,811
63,6,5;23,1234120,1234120,58,20,923,865
63,7,17;19,987296,987296,81,40,923,842
63,8,0;1,740472,740472,70,50,923,853
63,9,0;6,493648,493648,153,141,923,770
63,10,2;22,740472,740472,148,121,923,775
63,11,0;27,987296,987296,102,68,923,821
63,12,0;16,493648,493648,104,75,923,819
63,13,0;15,1480944,1480944,94,61,923,829
63,14,1;13,493648,493648,96,84,923,827
63,15,3;13,493648,493648,407,385,923,516
63,16,11;19,740472,740472,740,690,923,183
63,17,3;29,740472,740472,526,491,923,397
63,18,4;7,493648,493648,909,873,923,14
63,19,7;16,740472,740472,613,563,923,310
63,20,3;6,493648,493648,626,591,923,297
63,21,2;13,493648,493648,672,645,923,251
63,22,3;10,493648,493648,205,183,923,718
63,23,1;6,493648,493648,617,577,923,306
63,24,0;6,493648,493648,435,406,923,488
63,25,13;19,493648,493648,737,692,923,186
63,26,10;11,493648,493648,132,103,923,791
63,27,11;13,493648,493648,358,324,923,565
63,28,2;8,493648,493648,389,369,923,534
63,29,1;17,493648,493648,432,397,923,491
64,0,1;3,1480944,1480944,30,1,923,893
64,1,2;4,2221416,2221416,104,64,923,819
64,2,0;1,987296,987296,41,16,923,882
64,3,1;5,1727768,1727768,55,21,923,868
64,4,3;12,1480944,1480944,184,148,923,739
64,5,1;3,493648,493648,112,99,923,811
64,6,4;23,987296,987296,58,20,923,865
64,7,17;18,740472,740472,74,40,923,849
64,8,0;1,740472,740472,70,50,923,853
64,9,0;10,493648,493648,153,141,923,770
64,10,9;26,740472,740472,148,121,923,775
64,11,7;26,987296,987296,102,68,923,821
64,12,4;16,493648,493648,104,75,923,819
64,13,4;14,1480944,1480944,94,61,923,829
64,14,1;13,493648,493648,96,84,923,827
64,15,3;13,493648,493648,407,385,923,516
64,16,11;12,740472,740472,740,690,923,183
64,17,7;29,493648,493648,526,491,923,397
64,18,4;7,493648,493648,909,873,923,14
64,19,16;25,493648,493648,613,563,923,310
64,20,3;6,493648,493648,626,591,923,297
64,21,2;13,493648,493648,672,645,923,251
64,22,3;10,493648,493648,205,183,923,718
64,23,1;6,493648,493648,617,577,923,306
64,24,0;6,493648,493648,435,406,923,488
64,25,13;19,493648,493648,737,692,923,186
64,26,10;11,493648,493648,132,103,923,791
64,27,11;13,493648,493648,358,324,923,565
64,28,2;8,493648,493648,389,369,923,534
64,29,1;17,493648,493648,432,397,923,491
65,0,1;12,1727768,1727768,30,1,923,893
65,1,0;2,1480944,1480944,104,64,923,819
65,2,0;10,1234120,1234120,41,16,923,882
65,3,0;5,1480944,1480944,55,21,923,868
65,4,3;7,987296,987296,184,148,923,739
65,5,1;6,740472,740472,112,99,923,811
65,6,5;20,987296,987296,58,20,923,865
65,7,17;19,1234120,1234120,81,40,923,842
65,8,0;28,493648,493648,70,50,923,853
65,9,0;10,493648,493648,153,141,923,770
65,10,2;22,987296,987296,148,121,923,775
65,11,7;16,987296,987296,102,68,923,821
65,12,0;4,740472,740472,104,75,923,819
65,13,21;27,1234120,1234120,94,61,923,829
65,14,1;13,493648,493648,96,84,923,827
65,15,3;13,493648,493648,407,385,923,516
65,16,12;19,740472,740472,740,690,923,183
65,17,7;29,493648,493648,526,491,923,397
65,18,4;7,493648,493648,909,873,923,14
65,19,7;25,740472,740472,613,563,923,310
65,20,3;6,493648,493648,626,591,923,297
65,21,2;13,493648,493648,672,645,923,251
65,22,3;10,493648,493648,205,183,923,718
65,23,1;6,493648,493648,617,577,923,306
65,24,0;6,493648,493648,435,406,923,488
65,25,13;19,493648,493648,737,692,923,186
65,26,10;11,493648,493648,132,103,923,791
65,27,11;13,493648,493648,358,324,923,565
65,28,2;8,493648,493648,389,369,923,534
65,29,1;17,493648,493648,432,397,923,491
66,0,13;24,1480944,1480944,30,1,923,893
66,1,14;29,987296,987296,104,64,923,819
66,2,0;7,987296,987296,41,16,923,882
66,3,1;22,1480944,1480944,55,21,923,868
66,4,13;18,987296,987296,184,148,923,739
66,5,3;6,493648,493648,109,99,923,814
66,6,4;9,1480944,1480944,58,20,923,865
66,7,11;19,1234120,1234120,81,40,923,842
66,8,0;28,493648,493648,70,50,923,853
66,9,6;10,493648,493648,152,141,923,771
66,10,9;22,740472,740472,148,121,923,775
66,11,0;26,1234120,1234120,102,68,923,821
66,12,0;4,493648,493648,85,75,923,838
66,13,21;27,1727768,1727768,94,61,923,829
66,14,1;13,493648,493648,96,84,923,827
66,15,3;13,493648,493648,407,385,923,516
66,16,11;19,493648,493648,740,690,923,183
66,17,3;7,740472,740472,526,491,923,397
66,18,4;7,493648,493648,909,873,923,14
66,19,7;16,740472,740472,613,563,923,310
66,20,3;6,493648,493648,626,591,923,297
66,21,2;13,493648,493648,672,645,923,251
66,22,3;10,493648,493648,205,183,923,718
66,23,1;6,493648,493648,617,577,923,306
66,24,0;6,493648,493648,435,406,923,488
66,25,13;19,493648,493648,737,692,923,186
66,26,10;11,493648,493648,132,103,923,791
66,27,11;13,493648,493648,358,324,923,565
66,28,2;8,493648,493648,389,369,923,534
66,29,1;17,493648,493648,432,397,923,491
67,0,11;24,987296,987296,30,1,923,893
67,1,8;23,1480944,1480944,104,64,923,819
67,2,10;21,987296,987296,41,16,923,882
67,3,4;5,1480944,1480944,55,21,923,868
67,4,1;12,1480944,1480944,184,148,923,739
67,5,1;3,493648,493648,112,99,923,811
67,6,4;20,987296,987296,58,20,923,865
67,7,2;19,740472,740472,81,40,923,842
67,8,0;28,740472,740472,70,50,923,853
67,9,0;10,493648,493648,153,141,923,770
67,10,9;22,987296,987296,148,121,923,775
67,11,0;26,987296,987296,102,68,923,821
67,12,4;16,493648,493648,104,75,923,819
67,13,4;15,1480944,1480944,94,61,923,829
67,14,1;13,493648,493648,96,84,923,827
67,15,3;13,493648,493648,407,385,923,516
67,16,11;19,740472,740472,740,690,923,183
67,17,3;29,493648,493648,526,491,923,397
67,18,4;7,493648,493648,909,873,923,14
67,19,7;16,740472,740472,613,563,923,310
67,20,3;6,493648,493648,626,591,923,297
67,21,2;13,493648,493648,672,645,923,251
67,22,3;10,493648,493648,205,183,923,718
67,23,1;6,493648,493648,617,577,923,306
67,24,0;6,493648,493648,435,406,923,488
67,25,13;19,493648,493648,737,692,923,186
67,26,10;11,493648,493648,132,103,923,791
67,27,11;13,493648,493648,358,324,923,565
67,28,2;8,493648,493648,389,369,923,534
67,29,1;17,493648,493648,432,397,923,491
68,0,9;24,1234120,1234120,30,1,923,893
68,1,0;5,2221416,2221416,104,64,923,819
68,2,1;7,987296,987296,41,16,923,882
68,3,1;5,1727768,1727768,55,21,923,868
68,4,1;3,987296,987296,184,148,923,739
68,5,3;6,740472,740472,112,99,923,811
68,6,20;23,1234120,1234120,58,20,923,865
68,7,17;19,987296,987296,81,40,923,842
68,8,0;1,740472,740472,70,50,923,853
68,9,6;10,740472,740472,153,141,923,770
68,10,9;26,740472,740472,148,121,923,775
68,11,16;27,740472,740472,102,68,923,821
68,12,0;4,740472,740472,104,75,923,819
68,13,21;27,1234120,1234120,94,61,923,829
68,14,1;13,493648,493648,96,84,923,827
68,15,3;13,493648,493648,407,385,923,516
68,16,12;19,740472,740472,740,690,923,183
68,17,3;29,740472,740472,526,491,923,397
68,18,4;7,493648,493648,909,873,923,14
68,19,7;16,740472,740472,613,563,923,310
68,20,3;6,493648,493648,626,591,923,297
68,21,2;13,493648,493648,672,645,923,251
68,22,3;10,493648,493648,205,183,923,718
68,23,1;6,493648,493648,617,577,923,306
68,24,0;6,493648,493648,435,406,923,488
68,25,13;19,493648,493648,737,692,923,186
68,26,10;11,493648,493648,132,103,923,791
68,27,11;13,493648,493648,358,324,923,565
68,28,2;8,493648,493648,389,369,923,534
68,29,1;17,493648,493648,432,397,923,491
69,0,9;12,1480944,1480944,30,1,918,888
69,1,0;5,1480944,1480944,104,64,918,814
69,2,10;28,740472,740472,41,16,918,877
69,3,15;20,1234120,1234120,55,21,918,863
69,4,3;18,1480944,1480944,184,148,918,734
69,5,1;6,493648,493648,112,99,918,806
69,6,4;24,1234120,1234120,58,20,918,860
69,7,4;17,1234120,1234120,81,40,918,837
69,8,0;1,740472,740472,70,50,918,848
69,9,0;10,493648,493648,153,141,918,765
69,10,9;26,987296,987296,148,121,918,770
69,11,7;27,987296,987296,102,68,918,816
69,12,4;16,740472,740472,104,75,918,814
69,13,0;4,1727768,1727768,94,61,918,824
69,14,1;13,493648,493648,96,84,918,822
69,15,3;13,493648,493648,407,385,918,511
69,16,11;12,493648,493648,721,690,918,197
69,17,3;7,740472,740472,526,491,918,392
69,18,4;7,493648,493648,909,873,918,9
69,19,7;25,493648,493648,608,563,918,310
69,20,3;6,493648,493648,626,591,918,292
69,21,2;13,493648,493648,672,645,918,246
69,22,3;10,493648,493648,205,183,918,713
69,23,1;6,493648,493648,617,577,918,301
69,24,0;6,493648,493648,435,406,918,483
69,25,13;19,493648,493648,737,692,918,181
69,26,10;11,493648,493648,132,103,918,786
69,27,11;13,493648,493648,358,324,918,560
69,28,2;8,493648,493648,389,369,918,529
69,29,1;17,493648,493648,432,397,918,486
70,0,2;9,1234120,1234120,30,1,923,893
70,1,3;5,1727768,1727768,104,64,923,819
70,2,1;10,1480944,1480944,41,16,923,882
70,3,20;22,1234120,1234120,55,21,923,868
70,4,1;13,740472,740472,184,148,923,739
70,5,1;6,493648,493648,112,99,923,811
70,6,9;23,1234120,1234120,58,20,923,865
70,7,2;18,740472,740472,81,40,923,842
70,8,0;28,493648,493648,70,50,923,853
70,9,0;10,740472,740472,153,141,923,770
70,10,9;26,987296,987296,148,121,923,775
70,11,16;27,740472,740472,102,68,923,821
70,12,0;16,493648,493648,104,75,923,819
70,13,21;25,1480944,1480944,94,61,923,829
70,14,1;13,493648,493648,96,84,923,827
70,15,3;13,493648,493648,407,385,923,516
70,16,11;19,740472,740472,740,690,923,183
70,17,3;29,493648,493648,526,491,923,397
70,18,4;7,493648,493648,909,873,923,14
70,19,7;16,740472,740472,613,563,923,310
70,20,3;6,493648,493648,626,591,923,297
70,21,2;13,493648,493648,672,645,923,251
70,22,3;10,493648,493648,205,183,923,718
70,23,1;6,493648,493648,617,577,923,306
70,24,0;6,493648,493648,435,406,923,488
70,25,13;19,493648,493648,737,692,923,186
70,26,10;11,493648,493648,132,103,923,791
70,27,11;13,493648,493648,358,324,923,565
70,28,2;8,493648,493648,389,369,923,534
70,29,1;17,493648,493648,432,397,923,491
71,0,2;12,1727768,1727768,30,1,923,893
71,1,2;14,1234120,1234120,104,64,923,819
71,2,7;10,1480944,1480944,41,16,923,882
71,3,0;17,1480944,1480944,55,21,923,868
71,4,6;18,740472,740472,184,148,923,739
71,5,3;6,493648,493648,109,99,923,814
71,6,9;23,1480944,1480944,58,20,923,865
71,7,2;11,1234120,1234120,81,40,923,842
71,8,0;1,740472,740472,70,50,923,853
71,9,0;6,493648,493648,153,141,923,770
71,10,2;22,740472,740472,148,121,923,775
71,11,0;27,987296,987296,102,68,923,821
71,12,0;4,740472,740472,104,75,923,819
71,13,25;27,1234120,1234120,94,61,923,829
71,14,1;13,493648,493648,96,84,923,827
71,15,3;13,493648,493648,407,385,923,516
71,16,12;19,493648,493648,740,690,923,183
71,17,7;29,740472,740472,526,491,923,397
71,18,4;7,493648,493648,909,873,923,14
71,19,7;25,740472,740472,613,563,923,310
71,20,3;6,493648,493648,626,591,923,297
71,21,2;13,493648,493648,672,645,923,251
71,22,3;10,493648,493648,205,183,923,718
71,23,1;6,493648,493648,617,577,923,306
71,24,0;6,493648,493648,435,406,923,488
71,25,13;19,493648,493648,737,692,923,186
71,26,10;11,493648,493648,132,103,923,791
71,27,11;13,493648,493648,358,324,923,565
71,28,2;8,493648,493648,389,369,923,534
71,29,1;17,493648,493648,432,397,923,491
72,0,9;11,1480944,1480944,30,1,923,893
72,1,5;8,1480944,1480944,104,64,923,819
72,2,0;7,1234120,1234120,41,16,923,882
72,3,4;5,1480944,1480944,55,21,923,868
72,4,1;6,1234120,1234120,184,148,923,739
72,5,1;6,740472,740472,112,99,923,811
72,6,4;24,1234120,1234120,58,20,923,865
72,7,4;18,987296,987296,81,40,923,842
72,8,0;1,740472,740472,70,50,923,853
72,9,0;10,493648,493648,153,141,923,770
72,10,2;26,987296,987296,148,121,923,775
72,11,26;27,740472,740472,102,68,923,821
72,12,0;16,493648,493648,104,75,923,819
72,13,15;27,1234120,1234120,94,61,923,829
72,14,1;13,493648,493648,96,84,923,827
72,15,3;13,493648,493648,407,385,923,516
72,16,12;19,493648,493648,740,690,923,183
72,17,3;29,493648,493648,526,491,923,397
72,18,4;7,493648,493648,909,873,923,14
72,19,7;25,740472,740472,613,563,923,310
72,20,3;6,493648,493648,626,591,923,297
72,21,2;13,493648,493648,672,645,923,251
72,22,3;10,493648,493648,205,183,923,718
72,23,1;6,493648,493648,617,577,923,306
72,24,0;6,493648,493648,435,406,923,488
72,25,13;19,493648,493648,737,692,923,186
72,26,10;11,493648,493648,132,103,923,791
72,27,11;13,493648,493648,358,324,923,565
72,28,2;8,493648,493648,389,369,923,534
72,29,1;17,493648,493648,432,397,923,491
73,0,3;9,1727768,1727768,30,1,923,893
73,1,0;8,1480944,1480944,104,64,923,819
73,2,0;21,987296,987296,41,16,923,882
73,3,5;22,1480944,1480944,55,21,923,868
73,4,6;18,740472,740472,184,148,923,739
73,5,1;3,493648,493648,112,99,923,811
73,6,4;9,1234120,1234120,58,20,923,865
73,7,2;4,987296,987296,81,40,923,842
73,8,0;1,740472,740472,70,50,923,853
73,9,0;10,740472,740472,153,141,923,770
73,10,9;26,740472,740472,148,121,923,775
73,11,16;27,740472,740472,102,68,923,821
73,12,0;16,493648,493648,104,75,923,819
73,13,14;25,1234120,1234120,94,61,923,829
73,14,1;13,493648,493648,96,84,923,827
73,15,3;13,493648,493648,407,385,923,516
73,16,11;12,740472,740472,740,690,923,183
73,17,3;29,493648,493648,526,491,923,397
73,18,4;7,493648,493648,909,873,923,14
73,19,7;16,740472,740472,613,563,923,310
73,20,3;6,493648,493648,626,591,923,297
73,21,2;13,493648,493648,672,645,923,251
73,22,3;10,493648,493648,205,183,923,718
73,23,1;6,493648,493648,617,577,923,306
73,24,0;6,493648,493648,435,406,923,488
73,25,13;19,493648,493648,737,692,923,186
73,26,10;11,493648,493648,132,103,923,791
73,27,11;13,493648,493648,358,324,923,565
73,28,2;8,493648,493648,389,369,923,534
73,29,1;17,493648,493648,432,397,923,491
74,0,2;13,1727768,1727768,30,1,923,893
74,1,3;8,1480944,1480944,104,64,923,819
74,2,0;1,987296,987296,41,16,923,882
74,3,0;1,1974592,1974592,55,21,923,868
74,4,3;18,987296,987296,184,148,923,739
74,5,3;6,493648,493648,109,99,923,814
74,6,9;24,1234120,1234120,58,20,923,865
74,7,4;18,740472,740472,74,40,923,849
74,8,1;28,493648,493648,70,50,923,853
74,9,0;6,740472,740472,153,141,923,770
74,10,9;26,740472,740472,148,121,923,775
74,11,0;26,740472,740472,102,68,923,821
74,12,0;4,740472,740472,104,75,923,819
74,13,15;21,1480944,1480944,94,61,923,829
74,14,1;13,493648,493648,96,84,923,827
74,15,3;13,493648,493648,407,385,923,516
74,16,12;19,493648,493648,740,690,923,183
74,17,3;7,740472,740472,526,491,923,397
74,18,4;7,493648,493648,909,873,923,14
74,19,16;25,493648,493648,613,563,923,310
74,20,3;6,493648,493648,626,591,923,297
74,21,2;13,493648,493648,672,645,923,251
74,22,3;10,493648,493648,205,183,923,718
74,23,1;6,493648,493648,617,577,923,306
74,24,0;6,493648,493648,435,406,923,488
74,25,13;19,493648,493648,737,692,923,186
74,26,10;11,493648,493648,132,103,923,791
74,27,11;13,493648,493648,358,324,923,565
74,28,2;8,493648,493648,389,369,923,534
74,29,1;17,493648,493648,432,397,923,491
75,0,3;11,740472,740472,30,1,923,893
75,1,3;14,1480944,1480944,104,64,923,819
75,2,10;21,987296,987296,41,16,923,882
75,3,5;17,1974592,1974592,55,21,923,868
75,4,3;12,740472,740472,184,148,923,739
75,5,1;6,740472,740472,112,99,923,811
75,6,20;23,1234120,1234120,58,20,923,865
75,7,2;11,1234120,1234120,81,40,923,842
75,8,1;28,493648,493648,70,50,923,853
75,9,6;10,493648,493648,152,141,923,771
75,10,22;26,987296,987296,148,121,923,775
75,11,0;16,1234120,1234120,102,68,923,821
75,12,4;16,493648,493648,104,75,923,819
75,13,21;25,1234120,1234120,94,61,923,829
75,14,1;13,493648,493648,96,84,923,827
75,15,3;13,493648,493648,407,385,923,516
75,16,12;19,740472,740472,740,690,923,183
75,17,7;29,740472,740472,526,491,923,397
75,18,4;7,493648,493648,909,873,923,14
75,19,7;25,740472,740472,613,563,923,310
75,20,3;6,493648,493648,626,591,923,297
75,21,2;13,493648,493648,672,645,923,251
75,22,3;10,493648,493648,205,183,923,718
75,23,1;6,493648,493648,617,577,923,306
75,24,0;6,493648,493648,435,406,923,488
75,25,13;19,493648,493648,737,692,923,186
75,26,10;11,493648,493648,132,103,923,791
75,27,11;13,493648,493648,358,324,923,565
75,28,2;8,493648,493648,389,369,923,534
75,29,1;17,493648,493648,432,397,923,491
76,0,12;13,1727768,1727768,30,1,923,893
76,1,0;29,1727768,1727768,104,64,923,819
76,2,1;10,987296,987296,41,16,923,882
76,3,17;22,1480944,1480944,55,21,923,868
76,4,3;7,987296,987296,184,148,923,739
76,5,1;3,740472,740472,112,99,923,811
76,6,5;9,1234120,1234120,58,20,923,865
76,7,4;17,987296,987296,81,40,923,842
76,8,0;1,740472,740472,70,50,923,853
76,9,0;10,740472,740472,153,141,923,770
76,10,22;26,987296,987296,148,121,923,775
76,11,0;16,987296,987296,102,68,923,821
76,12,4;16,740472,740472,104,75,923,819
76,13,14;25,1480944,1480944,94,61,923,829
76,14,1;13,493648,493648,96,84,923,827
76,15,3;13,493648,493648,407,385,923,516
76,16,12;19,740472,740472,740,690,923,183
76,17,3;29,740472,740472,526,491,923,397
76,18,4;7,493648,493648,909,873,923,14
76,19,7;25,740472,740472,613,563,923,310
76,20,3;6,493648,493648,626,591,923,297
76,21,2;13,493648,493648,672,645,923,251
76,22,3;10,493648,493648,205,183,923,718
76,23,1;6,493648,493648,617,577,923,306
76,24,0;6,493648,493648,435,406,923,488
76,25,13;19,493648,493648,737,692,923,186
76,26,10;11,493648,493648,132,103,923,791
76,27,11;13,493648,493648,358,324,923,565
76,28,2;8,493648,493648,389,369,923,534
76,29,1;17,493648,493648,432,397,923,491
77,0,1;13,1727768,1727768,30,1,923,893
77,1,3;14,1480944,1480944,104,64,923,819
77,2,0;28,987296,987296,41,16,923,882
77,3,4;20,1727768,1727768,55,21,923,868
77,4,12;13,1234120,1234120,184,148,923,739
77,5,3;6,493648,493648,109,99,923,814
77,6,4;5,1480944,1480944,58,20,923,865
77,7,2;18,1234120,1234120,81,40,923,842
77,8,0;1,740472,740472,70,50,923,853
77,9,6;10,493648,493648,152,141,923,771
77,10,9;22,740472,740472,148,121,923,775
77,11,0;7,987296,987296,102,68,923,821
77,12,0;16,740472,740472,104,75,923,819
77,13,15;21,1727768,1727768,94,61,923,829
77,14,1;13,493648,493648,96,84,923,827
77,15,3;13,493648,493648,407,385,923,516
77,16,12;19,493648,493648,740,690,923,183
77,17,3;7,740472,740472,526,491,923,397
77,18,4;7,493648,493648,909,873,923,14
77,19,7;16,740472,740472,613,563,923,310
77,20,3;6,493648,493648,626,591,923,297
77,21,2;13,493648,493648,672,645,923,251
77,22,3;10,493648,493648,205,183,923,718
77,23,1;6,493648,493648,617,577,923,306
77,24,0;6,493648,493648,435,406,923,488
77,25,13;19,493648,493648,737,692,923,186
77,26,10;11,493648,493648,132,103,923,791
77,27,11;13,493648,493648,358,324,923,565
77,28,2;8,493648,493648,389,369,923,534
77,29,1;17,493648,493648,432,397,923,491
78,0,2;24,1480944,1480944,30,1,923,893
78,1,4;23,1480944,1480944,104,64,923,819
78,2,7;21,1234120,1234120,41,16,923,882
78,3,4;5,1480944,1480944,55,21,923,868
78,4,1;6,987296,987296,184,148,923,739
78,5,1;6,740472,740472,112,99,923,811
78,6,4;23,1480944,1480944,58,20,923,865
78,7,17;19,1234120,1234120,81,40,923,842
78,8,0;1,740472,740472,70,50,923,853
78,9,0;6,493648,493648,153,141,923,770
78,10,2;26,740472,740472,148,121,923,775
78,11,7;16,987296,987296,102,68,923,821
78,12,0;16,493648,493648,104,75,923,819
78,13,0;25,1480944,1480944,94,61,923,829
78,14,1;13,493648,493648,96,84,923,827
78,15,3;13,493648,493648,407,385,923,516
78,16,12;19,740472,740472,740,690,923,183
78,17,3;7,740472,740472,526,491,923,397
78,18,4;7,493648,493648,909,873,923,14
78,19,7;25,740472,740472,613,563,923,310
78,20,3;6,493648,493648,626,591,923,297
78,21,2;13,493648,493648,672,645,923,251
78,22,3;10,493648,493648,205,183,923,718
78,23,1;6,493648,493648,617,577,923,306
78,24,0;6,493648,493648,435,406,923,488
78,25,13;19,493648,493648,737,692,923,186
78,26,10;11,493648,493648,132,103,923,791
78,27,11;13,493648,493648,358,324,923,565
78,28,2;8,493648,493648,389,369,923,534
78,29,1;17,493648,493648,432,397,923,491
79,0,3;8,1480944,1480944,30,1,923,893
79,1,2;3,1727768,1727768,104,64,923,819
79,2,0;28,1480944,1480944,41,16,923,882
79,3,5;17,1727768,1727768,55,21,923,868
79,4,12;13,740472,740472,184,148,923,739
79,5,1;3,740472,740472,112,99,923,811
79,6,5;23,987296,987296,58,20,923,865
79,7,2;18,987296,987296,74,40,923,849
79,8,0;1,740472,740472,70,50,923,853
79,9,0;10,493648,493648,153,141,923,770
79,10,2;22,987296,987296,148,121,923,775
79,11,7;26,987296,987296,102,68,923,821
79,12,0;4,740472,740472,104,75,923,819
79,13,25;27,1480944,1480944,94,61,923,829
79,14,1;13,493648,493648,96,84,923,827
79,15,3;13,493648,493648,407,385,923,516
79,16,11;12,740472,740472,740,690,923,183
79,17,7;29,740472,740472,526,491,923,397
79,18,4;7,493648,493648,909,873,923,14
79,19,16;25,493648,493648,613,563,923,310
79,20,3;6,493648,493648,626,591,923,297
79,21,2;13,493648,493648,672,645,923,251
79,22,3;10,493648,493648,205,183,923,718
79,23,1;6,493648,493648,617,577,923,306
79,24,0;6,493648,493648,435,406,923,488
79,25,13;19,493648,493648,737,692,923,186
79,26,10;11,493648,493648,132,103,923,791
79,27,11;13,493648,493648,358,324,923,565
79,28,2;8,493648,493648,389,369,923,534
79,29,1;17,493648,493648,432,397,923,491
80,0,11;12,1234120,1234120,30,1,918,888
80,1,3;5,1480944,1480944,104,64,918,814
80,2,0;10,987296,987296,41,16,918,877
80,3,0;1,1727768,1727768,55,21,918,863
80,4,3;18,987296,987296,184,148,918,734
80,5,1;6,493648,493648,112,99,918,806
80,6,20;24,1234120,1234120,58,20,918,860
80,7,4;11,987296,987296,81,40,918,837
80,8,1;28,493648,493648,70,50,918,848
80,9,6;10,493648,493648,152,141,918,766
80,10,9;26,987296,987296,148,121,918,770
80,11,26;27,1234120,1234120,102,68,918,816
80,12,4;16,740472,740472,104,75,918,814
80,13,15;25,1234120,1234120,94,61,918,824
80,14,1;13,493648,493648,96,84,918,822
80,15,3;13,493648,493648,407,385,918,511
80,16,11;12,493648,493648,721,690,918,197
80,17,3;29,493648,493648,526,491,918,392
80,18,4;7,493648,493648,909,873,918,9
80,19,7;25,493648,493648,608,563,918,310
80,20,3;6,493648,493648,626,591,918,292
80,21,2;13,493648,493648,672,645,918,246
80,22,3;10,493648,493648,205,183,918,713
80,23,1;6,493648,493648,617,577,918,301
80,24,0;6,493648,493648,435,406,918,483
80,25,13;19,493648,493648,737,692,918,181
80,26,10;11,493648,493648,132,103,918,786
80,27,11;13,493648,493648,358,324,918,560
80,28,2;8,493648,493648,389,369,918,529
80,29,1;17,493648,493648,432,397,918,486
81,0,13;24,987296,987296,30,1,923,893
81,1,4;14,1727768,1727768,104,64,923,819
81,2,0;1,987296,987296,41,16,923,882
81,3,17;22,1234120,1234120,55,21,923,868
81,4,12;13,987296,987296,184,148,923,739
81,5,1;3,740472,740472,112,99,923,811
81,6,5;23,1234120,1234120,58,20,923,865
81,7,11;19,987296,987296,81,40,923,842
81,8,0;1,740472,740472,70,50,923,853
81,9,6;10,493648,493648,152,141,923,771
81,10,9;22,740472,740472,148,121,923,775
81,11,26;27,987296,987296,102,68,923,821
81,12,4;16,493648,493648,104,75,923,819
81,13,21;27,1727768,1727768,94,61,923,829
81,14,1;13,493648,493648,96,84,923,827
81,15,3;13,493648,493648,407,385,923,516
81,16,11;19,740472,740472,740,690,923,183
81,17,3;7,740472,740472,526,491,923,397
81,18,4;7,493648,493648,909,873,923,14
81,19,16;25,740472,740472,613,563,923,310
81,20,3;6,493648,493648,626,591,923,297
81,21,2;13,493648,493648,672,645,923,251
81,22,3;10,493648,493648,205,183,923,718
81,23,1;6,493648,493648,617,577,923,306
81,24,0;6,493648,493648,435,406,923,488
81,25,13;19,493648,493648,737,692,923,186
81,26,10;11,493648,493648,132,103,923,791
81,27,11;13,493648,493648,358,324,923,565
81,28,2;8,493648,493648,389,369,923,534
81,29,1;17,493648,493648,432,397,923,491
82,0,9;12,1727768,1727768,30,1,918,888
82,1,0;8,1727768,1727768,104,64,918,814
82,2,10;21,740472,740472,41,16,918,877
82,3,15;17,987296,987296,55,21,918,863
82,4,1;18,987296,987296,184,148,918,734
82,5,1;6,493648,493648,112,99,918,806
82,6,4;24,1480944,1480944,58,20,918,860
82,7,4;17,987296,987296,81,40,918,837
82,8,0;28,740472,740472,70,50,918,848
82,9,0;6,740472,740472,153,141,918,765
82,10,9;26,987296,987296,148,121,918,770
82,11,0;16,987296,987296,102,68,918,816
82,12,0;16,493648,493648,104,75,918,814
82,13,0;25,1480944,1480944,94,61,918,824
82,14,1;13,493648,493648,96,84,918,822
82,15,3;13,493648,493648,407,385,918,511
82,16,11;12,493648,493648,721,690,918,197
82,17,3;7,740472,740472,526,491,918,392
82,18,4;7,493648,493648,909,873,918,9
82,19,7;25,493648,493648,608,563,918,310
82,20,3;6,493648,493648,626,591,918,292
82,21,2;13,493648,493648,672,645,918,246
82,22,3;10,493648,493648,205,183,918,713
82,23,1;6,493648,493648,617,577,918,301
82,24,0;6,493648,493648,435,406,918,483
82,25,13;19,493648,493648,737,692,918,181
82,26,10;11,493648,493648,132,103,918,786
82,27,11;13,493648,493648,358,324,918,560
82,28,2;8,493648,493648,389,369,918,529
82,29,1;17,493648,493648,432,397,918,486
83,0,13;24,1234120,1234120,30,1,923,893
83,1,8;29,1234120,1234120,104,64,923,819
83,2,0;7,987296,987296,41,16,923,882
83,3,4;15,1480944,1480944,55,21,923,868
83,4,1;7,1234120,1234120,184,148,923,739
83,5,3;6,493648,493648,109,99,923,814
83,6,9;20,1234120,1234120,58,20,923,865
83,7,2;4,1234120,1234120,81,40,923,842
83,8,0;28,740472,740472,70,50,923,853
83,9,6;10,493648,493648,152,141,923,771
83,10,9;26,740472,740472,148,121,923,775
83,11,0;7,1234120,1234120,102,68,923,821
83,12,4;16,493648,493648,104,75,923,819
83,13,0;15,1480944,1480944,94,61,923,829
83,14,1;13,493648,493648,96,84,923,827
83,15,3;13,493648,493648,407,385,923,516
83,16,11;19,740472,740472,740,690,923,183
83,17,3;29,493648,493648,526,491,923,397
83,18,4;7,493648,493648,909,873,923,14
83,19,7;25,740472,740472,613,563,923,310
83,20,3;6,493648,493648,626,591,923,297
83,21,2;13,493648,493648,672,645,923,251
83,22,3;10,493648,493648,205,183,923,718
83,23,1;6,493648,493648,617,577,923,306
83,24,0;6,493648,493648,435,406,923,488
83,25,13;19,493648,493648,737,692,923,186
83,26,10;11,493648,493648,132,103,923,791
83,27,11;13,493648,493648,358,324,923,565
83,28,2;8,493648,493648,389,369,923,534
83,29,1;17,493648,493648,432,397,923,491
84,0,2;3,1974592,1974592,30,1,923,893
84,1,0;4,1727768,1727768,104,64,923,819
84,2,0;21,987296,987296,41,16,923,882
84,3,15;17,1234120,1234120,55,21,923,868
84,4,6;18,987296,987296,184,148,923,739
84,5,1;6,493648,493648,112,99,923,811
84,6,5;23,1234120,1234120,58,20,923,865
84,7,11;19,987296,987296,81,40,923,842
84,8,0;1,740472,740472,70,50,923,853
84,9,0;10,493648,493648,153,141,923,770
84,10,2;22,987296,987296,148,121,923,775
84,11,0;27,987296,987296,102,68,923,821
84,12,0;16,493648,493648,104,75,923,819
84,13,4;21,1480944,1480944,94,61,923,829
84,14,1;13,493648,493648,96,84,923,827
84,15,3;13,493648,493648,407,385,923,516
84,16,12;19,493648,493648,740,690,923,183
84,17,3;7,740472,740472,526,491,923,397
84,18,4;7,493648,493648,909,873,923,14
84,19,16;25,740472,740472,613,563,923,310
84,20,3;6,493648,493648,626,591,923,297
84,21,2;13,493648,493648,672,645,923,251
84,22,3;10,493648,493648,205,183,923,718
84,23,1;6,493648,493648,617,577,923,306
84,24,0;6,493648,493648,435,406,923,488
84,25,13;19,493648,493648,737,692,923,186
84,26,10;11,493648,493648,132,103,923,791
84,27,11;13,493648,493648,358,324,923,565
84,28,2;8,493648,493648,389,369,923,534
84,29,1;17,493648,493648,432,397,923,491
85,0,2;8,1234120,1234120,30,1,923,893
85,1,2;29,1234120,1234120,104,64,923,819
85,2,1;7,1234120,1234120,41,16,923,882
85,3,0;4,1480944,1480944,55,21,923,868
85,4,3;6,1234120,1234120,184,148,923,739
85,5,3;6,493648,493648,109,99,923,814
85,6,4;24,1234120,1234120,58,20,923,865
85,7,2;11,987296,987296,74,40,923,849
85,8,0;1,740472,740472,70,50,923,853
85,9,0;10,493648,493648,153,141,923,770
85,10,22;26,740472,740472,148,121,923,775
85,11,7;26,987296,987296,102,68,923,821
85,12,4;16,493648,493648,104,75,923,819
85,13,4;27,1480944,1480944,94,61,923,829
85,14,1;13,493648,493648,96,84,923,827
85,15,3;13,493648,493648,407,385,923,516
85,16,11;12,740472,740472,740,690,923,183
85,17,7;29,493648,493648,526,491,923,397
85,18,4;7,493648,493648,909,873,923,14
85,19,16;25,493648,493648,613,563,923,310
85,20,3;6,493648,493648,626,591,923,297
85,21,2;13,493648,493648,672,645,923,251
85,22,3;10,493648,493648,205,183,923,718
85,23,1;6,493648,493648,617,577,923,306
85,24,0;6,493648,493648,435,406,923,488
85,25,13;19,493648,493648,737,692,923,186
85,26,10;11,493648,493648,132,103,923,791
85,27,11;13,493648,493648,358,324,923,565
85,28,2;8,493648,493648,389,369,923,534
85,29,1;17,493648,493648,432,397,923,491
86,0,3;13,1974592,1974592,30,1,923,893
86,1,4;5,1480944,1480944,104,64,923,819
86,2,0;1,1234120,1234120,41,16,923,882
86,3,0;20,1480944,1480944,55,21,923,868
86,4,3;7,1480944,1480944,184,148,923,739
86,5,3;6,740472,740472,112,99,923,811
86,6,4;5,1234120,1234120,58,20,923,865
86,7,4;18,740472,740472,74,40,923,849
86,8,0;28,493648,493648,70,50,923,853
86,9,0;10,493648,493648,153,141,923,770
86,10,2;22,987296,987296,148,121,923,775
86,11,0;16,987296,987296,102,68,923,821
86,12,0;16,493648,493648,104,75,923,819
86,13,4;14,1727768,1727768,94,61,923,829
86,14,1;13,493648,493648,96,84,923,827
86,15,3;13,493648,493648,407,385,923,516
86,16,12;19,740472,740472,740,690,923,183
86,17,7;29,493648,493648,526,491,923,397
86,18,4;7,493648,493648,909,873,923,14
86,19,16;25,493648,493648,613,563,923,310
86,20,3;6,493648,493648,626,591,923,297
86,21,2;13,493648,493648,672,645,923,251
86,22,3;10,493648,493648,205,183,923,718
86,23,1;6,493648,493648,617,577,923,306
86,24,0;6,493648,493648,435,406,923,488
86,25,13;19,493648,493648,737,692,923,186
86,26,10;11,493648,493648,132,103,923,791
86,27,11;13,493648,493648,358,324,923,565
86,28,2;8,493648,493648,389,369,923,534
86,29,1;17,493648,493648,432,397,923,491
87,0,1;3,1974592,1974592,30,1,923,893
87,1,0;8,1480944,1480944,104,64,923,819
87,2,1;28,987296,987296,41,16,923,882
87,3,15;17,1480944,1480944,55,21,923,868
87,4,7;18,740472,740472,184,148,923,739
87,5,3;6,493648,493648,109,99,923,814
87,6,5;20,1234120,1234120,58,20,923,865
87,7,17;18,740472,740472,74,40,923,849
87,8,0;28,740472,740472,70,50,923,853
87,9,0;6,740472,740472,153,141,923,770
87,10,2;9,987296,987296,148,121,923,775
87,11,0;26,987296,987296,102,68,923,821
87,12,0;4,740472,740472,104,75,923,819
87,13,0;21,1480944,1480944,94,61,923,829
87,14,1;13,493648,493648,96,84,923,827
87,15,3;13,493648,493648,407,385,923,516
87,16,11;12,740472,740472,740,690,923,183
87,17,3;29,740472,740472,526,491,923,397
87,18,4;7,493648,493648,909,873,923,14
87,19,16;25,493648,493648,613,563,923,310
87,20,3;6,493648,493648,626,591,923,297
87,21,2;13,493648,493648,672,645,923,251
87,22,3;10,493648,493648,205,183,923,718
87,23,1;6,493648,493648,617,577,923,306
87,24,0;6,493648,493648,435,406,923,488
87,25,13;19,493648,493648,737,692,923,186
87,26,10;11,493648,493648,132,103,923,791
87,27,11;13,493648,493648,358,324,923,565
87,28,2;8,493648,493648,389,369,923,534
87,29,1;17,493648,493648,432,397,923,491
88,0,2;9,1234120,1234120,30,1,923,893
88,1,4;23,1480944,1480944,104,64,923,819
88,2,0;10,1234120,1234120,41,16,923,882
88,3,0;1,1727768,1727768,55,21,923,868
88,4,3;12,1234120,1234120,184,148,923,739
88,5,1;6,493648,493648,112,99,923,811
88,6,9;24,1234120,1234120,58,20,923,865
88,7,2;19,987296,987296,81,40,923,842
88,8,0;28,493648,493648,70,50,923,853
88,9,6;10,740472,740472,153,141,923,770
88,10,2;26,987296,987296,148,121,923,775
88,11,7;26,740472,740472,102,68,923,821
88,12,4;16,493648,493648,104,75,923,819
88,13,4;21,1480944,1480944,94,61,923,829
88,14,1;13,493648,493648,96,84,923,827
88,15,3;13,493648,493648,407,385,923,516
88,16,12;19,493648,493648,740,690,923,183
88,17,3;29,493648,493648,526,491,923,397
88,18,4;7,493648,493648,909,873,923,14
88,19,7;16,740472,740472,613,563,923,310
88,20,3;6,493648,493648,626,591,923,297
88,21,2;13,493648,493648,672,645,923,251
88,22,3;10,493648,493648,205,183,923,718
88,23,1;6,493648,493648,617,577,923,306
88,24,0;6,493648,493648,435,406,923,488
88,25,13;19,493648,493648,737,692,923,186
88,26,10;11,493648,493648,132,103,923,791
88,27,11;13,493648,493648,358,324,923,565
88,28,2;8,493648,493648,389,369,923,534
88,29,1;17,493648,493648,432,397,923,491
89,0,9;13,1234120,1234120,30,1,918,888
89,1,3;23,1234120,1234120,104,64,918,814
89,2,0;28,987296,987296,41,16,918,877
89,3,5;15,1480944,1480944,55,21,918,863
89,4,7;12,740472,740472,184,148,918,734
89,5,1;6,740472,740472,112,99,918,806
89,6,9;24,1234120,1234120,58,20,918,860
89,7,2;4,1480944,1480944,81,40,918,837
89,8,0;28,493648,493648,70,50,918,848
89,9,0;6,493648,493648,153,141,918,765
89,10,22;26,493648,493648,148,121,918,770
89,11,7;26,987296,987296,102,68,918,816
89,12,4;16,493648,493648,104,75,918,814
89,13,21;25,1480944,1480944,94,61,918,824
89,14,1;13,493648,493648,96,84,918,822
89,15,3;13,493648,493648,407,385,918,511
89,16,11;12,493648,493648,721,690,918,197
89,17,3;7,740472,740472,526,491,918,392
89,18,4;7,493648,493648,909,873,918,9
89,19,7;25,493648,493648,608,563,918,310
89,20,3;6,493648,493648,626,591,918,292
89,21,2;13,493648,493648,672,645,918,246
89,22,3;10,493648,493648,205,183,918,713
89,23,1;6,493648,493648,617,577,918,301
89,24,0;6,493648,493648,435,406,918,483
89,25,13;19,493648,493648,737,692,918,181
89,26,10;11,493648,493648,132,103,918,786
89,27,11;13,493648,493648,358,324,918,560
89,28,2;8,493648,493648,389,369,918,529
89,29,1;17,493648,493648,432,397,918,486
90,0,13;24,1480944,1480944,30,1,923,893
90,1,8;23,987296,987296,104,64,923,819
90,2,10;28,740472,740472,41,16,923,882
90,3,5;20,1234120,1234120,55,21,923,868
90,4,3;7,1234120,1234120,184,148,923,739
90,5,3;6,493648,493648,109,99,923,814
90,6,9;23,1234120,1234120,58,20,923,865
90,7,4;17,987296,987296,74,40,923,849
90,8,0;1,740472,740472,70,50,923,853
90,9,0;6,493648,493648,153,141,923,770
90,10,22;26,740472,740472,148,121,923,775
90,11,0;7,987296,987296,102,68,923,821
90,12,0;4,740472,740472,104,75,923,819
90,13,4;21,1727768,1727768,94,61,923,829
90,14,1;13,493648,493648,96,84,923,827
90,15,3;13,493648,493648,407,385,923,516
90,16,12;19,493648,493648,740,690,923,183
90,17,7;29,493648,493648,526,491,923,397
90,18,4;7,493648,493648,909,873,923,14
90,19,16;25,493648,493648,613,563,923,310
90,20,3;6,493648,493648,626,591,923,297
90,21,2;13,493648,493648,672,645,923,251
90,22,3;10,493648,493648,205,183,923,718
90,23,1;6,493648,493648,617,577,923,306
90,24,0;6,493648,493648,435,406,923,488
90,25,13;19,493648,493648,737,692,923,186
90,26,10;11,493648,493648,132,103,923,791
90,27,11;13,493648,493648,358,324,923,565
90,28,2;8,493648,493648,389,369,923,534
90,29,1;17,493648,493648,432,397,923,491
91,0,1;8,1234120,1234120,30,1,923,893
91,1,5;8,1480944,1480944,104,64,923,819
91,2,0;21,1234120,1234120,41,16,923,882
91,3,5;17,1480944,1480944,55,21,923,868
91,4,3;18,740472,740472,184,148,923,739
91,5,1;3,740472,740472,112,99,923,811
91,6,5;24,1234120,1234120,58,20,923,865
91,7,2;11,987296,987296,74,40,923,849
91,8,0;28,740472,740472,70,50,923,853
91,9,6;10,493648,493648,152,141,923,771
91,10,2;9,987296,987296,148,121,923,775
91,11,0;26,987296,987296,102,68,923,821
91,12,4;16,493648,493648,104,75,923,819
91,13,14;21,1234120,1234120,94,61,923,829
91,14,1;13,493648,493648,96,84,923,827
91,15,3;13,493648,493648,407,385,923,516
91,16,12;19,493648,493648,740,690,923,183
91,17,7;29,740472,740472,526,491,923,397
91,18,4;7,493648,493648,909,873,923,14
91,19,16;25,493648,493648,613,563,923,310
91,20,3;6,493648,493648,626,591,923,297
91,21,2;13,493648,493648,672,645,923,251
91,22,3;10,493648,493648,205,183,923,718
91,23,1;6,493648,493648,617,577,923,306
91,24,0;6,493648,493648,435,406,923,488
91,25,13;19,493648,493648,737,692,923,186
91,26,10;11,493648,493648,132,103,923,791
91,27,11;13,493648,493648,358,324,923,565
91,28,2;8,493648,493648,389,369,923,534
91,29,1;17,493648,493648,432,397,923,491
92,0,2;12,1480944,1480944,30,1,923,893
92,1,3;23,1480944,1480944,104,64,923,819
92,2,0;1,1480944,1480944,41,16,923,882
92,3,20;22,1727768,1727768,55,21,923,868
92,4,3;6,1234120,1234120,184,148,923,739
92,5,3;6,493648,493648,109,99,923,814
92,6,9;20,1480944,1480944,58,20,923,865
92,7,2;4,987296,987296,74,40,923,849
92,8,0;1,740472,740472,70,50,923,853
92,9,0;10,740472,740472,153,141,923,770
92,10,2;26,987296,987296,148,121,923,775
92,11,26;27,493648,493648,102,68,923,821
92,12,0;4,740472,740472,104,75,923,819
92,13,0;14,1480944,1480944,94,61,923,829
92,14,1;13,493648,493648,96,84,923,827
92,15,3;13,493648,493648,407,385,923,516
92,16,12;19,493648,493648,740,690,923,183
92,17,3;7,740472,740472,526,491,923,397
92,18,4;7,493648,493648,909,873,923,14
92,19,16;25,493648,493648,613,563,923,310
92,20,3;6,493648,493648,626,591,923,297
92,21,2;13,493648,493648,672,645,923,251
92,22,3;10,493648,493648,205,183,923,718
92,23,1;6,493648,493648,617,577,923,306
92,24,0;6,493648,493648,435,406,923,488
92,25,13;19,493648,493648,737,692,923,186
92,26,10;11,493648,493648,132,103,923,791
92,27,11;13,493648,493648,358,324,923,565
92,28,2;8,493648,493648,389,369,923,534
92,29,1;17,493648,493648,432,397,923,491
93,0,2;11,1234120,1234120,30,1,923,893
93,1,4;8,1480944,1480944,104,64,923,819
93,2,0;7,1234120,1234120,41,16,923,882
93,3,0;22,1727768,1727768,55,21,923,868
93,4,3;12,1234120,1234120,184,148,923,739
93,5,1;3,493648,493648,112,99,923,811
93,6,4;23,1234120,1234120,58,20,923,865
93,7,2;19,987296,987296,81,40,923,842
93,8,1;28,493648,493648,70,50,923,853
93,9,6;10,493648,493648,152,141,923,771
93,10,2;9,987296,987296,148,121,923,775
93,11,7;26,1234120,1234120,102,68,923,821
93,12,0;16,740472,740472,104,75,923,819
93,13,14;25,1234120,1234120,94,61,923,829
93,14,1;13,493648,493648,96,84,923,827
93,15,3;13,493648,493648,407,385,923,516
93,16,11;12,740472,740472,740,690,923,183
93,17,3;29,493648,493648,526,491,923,397
93,18,4;7,493648,493648,909,873,923,14
93,19,7;16,740472,740472,613,563,923,310
93,20,3;6,493648,493648,626,591,923,297
93,21,2;13,493648,493648,672,645,923,251
93,22,3;10,493648,493648,205,183,923,718
93,23,1;6,493648,493648,617,577,923,306
93,24,0;6,493648,493648,435,406,923,488
93,25,13;19,493648,493648,737,692,923,186
93,26,10;11,493648,493648,132,103,923,791
93,27,11;13,493648,493648,358,324,923,565
93,28,2;8,493648,493648,389,369,923,534
93,29,1;17,493648,493648,432,397,923,491
94,0,12;13,1727768,1727768,30,1,923,893
94,1,0;29,1480944,1480944,104,64,923,819
94,2,0;10,987296,987296,41,16,923,882
94,3,0;5,1480944,1480944,55,21,923,868
94,4,12;13,740472,740472,184,148,923,739
94,5,1;3,493648,493648,112,99,923,811
94,6,9;23,987296,987296,58,20,923,865
94,7,11;19,740472,740472,81,40,923,842
94,8,1;28,493648,493648,70,50,923,853
94,9,6;10,493648,493648,152,141,923,771
94,10,22;26,987296,987296,148,121,923,775
94,11,0;26,1234120,1234120,102,68,923,821
94,12,0;16,740472,740472,104,75,923,819
94,13,4;21,1727768,1727768,94,61,923,829
94,14,1;13,493648,493648,96,84,923,827
94,15,3;13,493648,493648,407,385,923,516
94,16,11;19,740472,740472,740,690,923,183
94,17,3;29,493648,493648,526,491,923,397
94,18,4;7,493648,493648,909,873,923,14
94,19,7;16,740472,740472,613,563,923,310
94,20,3;6,493648,493648,626,591,923,297
94,21,2;13,493648,493648,672,645,923,251
94,22,3;10,493648,493648,205,183,923,718
94,23,1;6,493648,493648,617,577,923,306
94,24,0;6,493648,493648,435,406,923,488
94,25,13;19,493648,493648,737,692,923,186
94,26,10;11,493648,493648,132,103,923,791
94,27,11;13,493648,493648,358,324,923,565
94,28,2;8,493648,493648,389,369,923,534
94,29,1;17,493648,493648,432,397,923,491
95,0,1;11,1727768,1727768,30,1,923,893
95,1,3;5,1480944,1480944,104,64,923,819
95,2,0;21,740472,740472,41,16,923,882
95,3,5;17,1480944,1480944,55,21,923,868
95,4,6;18,493648,493648,184,148,923,739
95,5,1;3,740472,740472,112,99,923,811
95,6,4;5,1480944,1480944,58,20,923,865
95,7,17;18,493648,493648,74,40,923,849
95,8,0;28,493648,493648,70,50,923,853
95,9,0;6,493648,493648,153,141,923,770
95,10,22;26,493648,493648,148,121,923,775
95,11,0;27,987296,987296,102,68,923,821
95,12,0;16,493648,493648,104,75,923,819
95,13,21;25,1234120,1234120,94,61,923,829
95,14,1;13,493648,493648,96,84,923,827
95,15,3;13,493648,493648,407,385,923,516
95,16,11;12,740472,740472,740,690,923,183
95,17,3;7,740472,740472,526,491,923,397
95,18,4;7,493648,493648,909,873,923,14
95,19,16;25,493648,493648,613,563,923,310
95,20,3;6,493648,493648,626,591,923,297
95,21,2;13,493648,493648,672,645,923,251
95,22,3;10,493648,493648,205,183,923,718
95,23,1;6,493648,493648,617,577,923,306
95,24,0;6,493648,493648,435,406,923,488
95,25,13;19,493648,493648,737,692,923,186
95,26,10;11,493648,493648,132,103,923,791
95,27,11;13,493648,493648,358,324,923,565
95,28,2;8,493648,493648,389,369,923,534
95,29,1;17,493648,493648,432,397,923,491
96,0,2;8,1480944,1480944,30,1,923,893
96,1,0;23,1727768,1727768,104,64,923,819
96,2,0;10,1234120,1234120,41,16,923,882
96,3,1;22,1727768,1727768,55,21,923,868
96,4,3;13,1234120,1234120,184,148,923,739
96,5,1;3,493648,493648,112,99,923,811
96,6,4;23,1234120,1234120,58,20,923,865
96,7,2;11,987296,987296,81,40,923,842
96,8,1;28,740472,740472,70,50,923,853
96,9,6;10,493648,493648,152,141,923,771
96,10,9;22,987296,987296,148,121,923,775
96,11,0;27,987296,987296,102,68,923,821
96,12,0;4,740472,740472,104,75,923,819
96,13,15;27,1480944,1480944,94,61,923,829
96,14,1;13,493648,493648,96,84,923,827
96,15,3;13,493648,493648,407,385,923,516
96,16,12;19,493648,493648,740,690,923,183
96,17,3;29,493648,493648,526,491,923,397
96,18,4;7,493648,493648,909,873,923,14
96,19,7;25,740472,740472,613,563,923,310
96,20,3;6,493648,493648,626,591,923,297
96,21,2;13,493648,493648,672,645,923,251
96,22,3;10,493648,493648,205,183,923,718
96,23,1;6,493648,493648,617,577,923,306
96,24,0;6,493648,493648,435,406,923,488
96,25,13;19,493648,493648,737,692,923,186
96,26,10;11,493648,493648,132,103,923,791
96,27,11;13,493648,493648,358,324,923,565
96,28,2;8,493648,493648,389,369,923,534
96,29,1;17,493648,493648,432,397,923,491
97,0,1;12,1234120,1234120,30,1,923,893
97,1,5;14,1727768,1727768,104,64,923,819
97,2,0;28,987296,987296,41,16,923,882
97,3,1;4,1480944,1480944,55,21,923,868
97,4,6;7,1234120,1234120,184,148,923,739
97,5,1;3,493648,493648,112,99,923,811
97,6,20;23,1234120,1234120,58,20,923,865
97,7,4;18,740472,740472,74,40,923,849
97,8,1;28,493648,493648,70,50,923,853
97,9,0;6,493648,493648,153,141,923,770
97,10,2;26,740472,740472,148,121,923,775
97,11,26;27,740472,740472,102,68,923,821
97,12,0;4,740472,740472,104,75,923,819
97,13,25;27,1234120,1234120,94,61,923,829
97,14,1;13,493648,493648,96,84,923,827
97,15,3;13,493648,493648,407,385,923,516
97,16,11;12,740472,740472,740,690,923,183
97,17,7;29,493648,493648,526,491,923,397
97,18,4;7,493648,493648,909,873,923,14
97,19,16;25,493648,493648,613,563,923,310
97,20,3;6,493648,493648,626,591,923,297
97,21,2;13,493648,493648,672,645,923,251
97,22,3;10,493648,493648,205,183,923,718
97,23,1;6,493648,493648,617,577,923,306
97,24,0;6,493648,493648,435,406,923,488
97,25,13;19,493648,493648,737,692,923,186
97,26,10;11,493648,493648,132,103,923,791
97,27,11;13,493648,493648,358,324,923,565
97,28,2;8,493648,493648,389,369,923,534
97,29,1;17,493648,493648,432,397,923,491
98,0,9;12,740472,740472,30,1,923,893
98,1,2;4,1974592,1974592,104,64,923,819
98,2,7;21,1234120,1234120,41,16,923,882
98,3,1;4,1234120,1234120,55,21,923,868
98,4,3;6,1480944,1480944,184,148,923,739
98,5,1;6,493648,493648,112,99,923,811
98,6,9;20,1480944,1480944,58,20,923,865
98,7,4;11,1480944,1480944,81,40,923,842
98,8,1;28,493648,493648,70,50,923,853
98,9,0;6,493648,493648,153,141,923,770
98,10,2;22,740472,740472,148,121,923,775
98,11,7;27,987296,987296,102,68,923,821
98,12,0;4,493648,493648,85,75,923,838
98,13,14;25,1234120,1234120,94,61,923,829
98,14,1;13,493648,493648,96,84,923,827
98,15,3;13,493648,493648,407,385,923,516
98,16,11;19,493648,493648,740,690,923,183
98,17,7;29,493648,493648,526,491,923,397
98,18,4;7,493648,493648,909,873,923,14
98,19,7;16,740472,740472,613,563,923,310
98,20,3;6,493648,493648,626,591,923,297
98,21,2;13,493648,493648,672,645,923,251
98,22,3;10,493648,493648,205,183,923,718
98,23,1;6,493648,493648,617,577,923,306
98,24,0;6,493648,493648,435,406,923,488
98,25,13;19,493648,493648,737,692,923,186
98,26,10;11,493648,493648,132,103,923,791
98,27,11;13,493648,493648,358,324,923,565
98,28,2;8,493648,493648,389,369,923,534
98,29,1;17,493648,493648,432,397,923,491
99,0,9;11,987296,987296,30,1,923,893
99,1,4;8,1480944,1480944,104,64,923,819
99,2,7;21,987296,987296,41,16,923,882
99,3,4;17,1480944,1480944,55,21,923,868
99,4,1;13,1480944,1480944,184,148,923,739
99,5,1;3,493648,493648,112,99,923,811
99,6,4;24,1234120,1234120,58,20,923,865
99,7,2;11,1234120,1234120,81,40,923,842
99,8,0;1,740472,740472,70,50,923,853
99,9,0;6,493648,493648,153,141,923,770
99,10,2;22,740472,740472,148,121,923,775
99,11,0;16,1234120,1234120,102,68,923,821
99,12,4;16,493648,493648,104,75,923,819
99,13,4;14,1480944,1480944,94,61,923,829
99,14,1;13,493648,493648,96,84,923,827
99,15,3;13,493648,493648,407,385,923,516
99,16,11;19,740472,740472,740,690,923,183
99,17,7;29,740472,740472,526,491,923,397
99,18,4;7,493648,493648,909,873,923,14
99,19,7;16,740472,740472,613,563,923,310
99,20,3;6,493648,493648,626,591,923,297
99,21,2;13,493648,493648,672,645,923,251
99,22,3;10,493648,493648,205,183,923,718
99,23,1;6,493648,493648,617,577,923,306
99,24,0;6,493648,493648,435,406,923,488
99,25,13;19,493648,493648,737,692,923,186
99,26,10;11,493648,493648,132,103,923,791
99,27,11;13,493648,493648,358,324,923,565
99,28,2;8,493648,493648,389,369,923,534
99,29,1;17,493648,493648,432,397,923,491
