round,src,dst,bytes,delay_ticks,src_mj,dst_mj,failed
0,0,1,246824,9,3970.833216,2647.222105,0
0,1,0,246824,9,2647.222105,3970.833216,0
0,0,3,246824,11,3970.833216,7941.666549,0
0,3,0,246824,11,7941.666549,3970.833216,0
0,0,19,246824,24,3970.833216,5294.444327,0
0,19,0,246824,24,5294.444327,3970.833216,0
0,0,29,246824,27,3970.833216,7941.666549,0
0,29,0,246824,27,7941.666549,3970.833216,0
0,1,4,246824,8,2647.222105,3176.666549,0
0,4,1,246824,8,3176.666549,2647.222105,0
0,1,15,246824,21,2647.222105,5294.444327,0
0,15,1,246824,21,5294.444327,2647.222105,0
0,1,20,246824,27,2647.222105,7941.666549,0
0,20,1,246824,27,7941.666549,2647.222105,0
0,1,26,246824,31,2647.222105,5294.444327,0
0,26,1,246824,31,5294.444327,2647.222105,0
0,1,29,246824,25,2647.222105,7941.666549,0
0,29,1,246824,25,7941.666549,2647.222105,0
0,2,5,246824,12,5294.444327,3970.833216,0
0,5,2,246824,12,3970.833216,5294.444327,0
0,2,12,246824,13,5294.444327,3176.666549,0
0,12,2,246824,13,3176.666549,5294.444327,0
0,2,27,246824,36,5294.444327,7941.666549,0
0,27,2,246824,36,7941.666549,5294.444327,0
0,3,8,246824,11,7941.666549,3176.666549,0
0,8,3,246824,11,3176.666549,7941.666549,0
0,4,5,246824,10,3176.666549,3970.833216,0
0,5,4,246824,10,3970.833216,3176.666549,0
0,4,6,246824,9,3176.666549,5294.444327,0
0,6,4,246824,9,5294.444327,3176.666549,0
0,4,7,246824,9,3176.666549,3970.833216,0
0,7,4,246824,9,3970.833216,3176.666549,0
0,4,13,246824,10,3176.666549,3970.833216,0
0,13,4,246824,10,3970.833216,3176.666549,0
0,5,8,246824,11,3970.833216,3176.666549,0
0,8,5,246824,11,3176.666549,3970.833216,0
0,5,20,246824,29,3970.833216,7941.666549,0
0,20,5,246824,29,7941.666549,3970.833216,0
0,6,14,246824,9,5294.444327,2647.222105,0
0,14,6,246824,9,2647.222105,5294.444327,0
0,6,28,246824,30,5294.444327,5294.444327,0
0,28,6,246824,30,5294.444327,5294.444327,0
0,7,9,246824,8,3970.833216,3176.666549,0
0,9,7,246824,8,3176.666549,3970.833216,0
0,7,21,246824,30,3970.833216,5294.444327,0
0,21,7,246824,30,5294.444327,3970.833216,0
0,7,28,246824,31,3970.833216,5294.444327,0
0,28,7,246824,31,5294.444327,3970.833216,0
0,8,9,246824,9,3176.666549,3176.666549,0
0,9,8,246824,9,3176.666549,3176.666549,0
0,8,10,246824,12,3176.666549,7941.666549,0
0,10,8,246824,12,7941.666549,3176.666549,0
0,8,11,246824,10,3176.666549,3970.833216,0
0,11,8,246824,10,3970.833216,3176.666549,0
0,9,10,246824,10,3176.666549,7941.666549,0
0,10,9,246824,10,7941.666549,3176.666549,0
0,9,12,246824,10,3176.666549,3176.666549,0
0,12,9,246824,10,3176.666549,3176.666549,0
0,9,14,246824,8,3176.666549,2647.222105,0
0,14,9,246824,8,2647.222105,3176.666549,0
0,11,14,246824,9,3970.833216,2647.222105,0
0,14,11,246824,9,2647.222105,3970.833216,0
0,11,21,246824,29,3970.833216,5294.444327,0
0,21,11,246824,29,5294.444327,3970.833216,0
0,11,24,246824,21,3970.833216,5294.444327,0
0,24,11,246824,21,5294.444327,3970.833216,0
0,12,13,246824,13,3176.666549,3970.833216,0
0,13,12,246824,13,3970.833216,3176.666549,0
0,12,24,246824,22,3176.666549,5294.444327,0
0,24,12,246824,22,5294.444327,3176.666549,0
0,12,27,246824,35,3176.666549,7941.666549,0
0,27,12,246824,35,7941.666549,3176.666549,0
0,13,14,246824,11,3970.833216,2647.222105,0
0,14,13,246824,11,2647.222105,3970.833216,0
0,13,17,246824,26,3970.833216,7941.666549,0
0,17,13,246824,26,7941.666549,3970.833216,0
0,14,15,246824,21,2647.222105,5294.444327,0
0,15,14,246824,21,5294.444327,2647.222105,0
0,14,17,246824,23,2647.222105,7941.666549,0
0,17,14,246824,23,7941.666549,2647.222105,0
0,15,16,246824,24,5294.444327,5294.444327,0
0,16,15,246824,24,5294.444327,5294.444327,0
0,16,18,246824,30,5294.444327,7941.666549,0
0,18,16,246824,30,7941.666549,5294.444327,0
0,16,19,246824,26,5294.444327,5294.444327,0
0,19,16,246824,26,5294.444327,5294.444327,0
0,18,21,246824,36,7941.666549,5294.444327,0
0,21,18,246824,36,5294.444327,7941.666549,0
0,19,22,246824,42,5294.444327,7941.666549,0
0,22,19,246824,42,7941.666549,5294.444327,0
0,22,25,246824,38,7941.666549,5294.444327,0
0,25,22,246824,38,5294.444327,7941.666549,0
0,23,24,246824,40,7941.666549,5294.444327,0
0,24,23,246824,40,5294.444327,7941.666549,0
0,23,26,246824,41,7941.666549,5294.444327,0
0,26,23,246824,41,5294.444327,7941.666549,0
0,25,26,246824,34,5294.444327,5294.444327,0
0,26,25,246824,34,5294.444327,5294.444327,0
0,25,28,246824,32,5294.444327,5294.444327,0
0,28,25,246824,32,5294.444327,5294.444327,0
1,0,1,246824,9,3179.999882,3974.999882,0
1,1,0,246824,9,3974.999882,3179.999882,0
1,0,3,246824,11,3179.999882,3974.999882,0
1,3,0,246824,11,3974.999882,3179.999882,0
1,0,17,246824,25,3179.999882,3179.999882,0
1,17,0,246824,25,3179.999882,3179.999882,0
1,0,19,246824,24,3179.999882,7949.999882,0
1,19,0,246824,24,7949.999882,3179.999882,0
1,0,24,246824,22,3179.999882,2649.999882,0
1,24,0,246824,22,2649.999882,3179.999882,0
1,1,7,246824,9,3974.999882,1589.999882,0
1,7,1,246824,9,1589.999882,3974.999882,0
1,1,26,246824,31,3974.999882,7949.999882,0
1,26,1,246824,31,7949.999882,3974.999882,0
1,1,29,246824,25,3974.999882,7949.999882,0
1,29,1,246824,25,7949.999882,3974.999882,0
1,2,3,246824,12,2649.999882,3974.999882,0
1,3,2,246824,12,3974.999882,2649.999882,0
1,2,5,246824,12,2649.999882,3974.999882,0
1,5,2,246824,12,3974.999882,2649.999882,0
1,2,12,246824,13,2649.999882,3179.999882,0
1,12,2,246824,13,3179.999882,2649.999882,0
1,2,17,246824,26,2649.999882,3179.999882,0
1,17,2,246824,26,3179.999882,2649.999882,0
1,2,27,246824,36,2649.999882,7949.999882,0
1,27,2,246824,36,7949.999882,2649.999882,0
1,2,29,246824,28,2649.999882,7949.999882,0
1,29,2,246824,28,7949.999882,2649.999882,0
1,3,6,246824,10,3974.999882,3179.999882,0
1,6,3,246824,10,3179.999882,3974.999882,0
1,3,21,246824,30,3974.999882,5299.999882,0
1,21,3,246824,30,5299.999882,3974.999882,0
1,4,7,246824,9,7949.999882,1589.999882,0
1,7,4,246824,9,1589.999882,7949.999882,0
1,4,13,246824,10,7949.999882,3974.999882,0
1,13,4,246824,10,3974.999882,7949.999882,0
1,5,7,246824,11,3974.999882,1589.999882,0
1,7,5,246824,11,1589.999882,3974.999882,0
1,5,15,246824,23,3974.999882,5299.999882,0
1,15,5,246824,23,5299.999882,3974.999882,0
1,5,20,246824,29,3974.999882,5299.999882,0
1,20,5,246824,29,5299.999882,3974.999882,0
1,6,7,246824,10,3179.999882,1589.999882,0
1,7,6,246824,10,1589.999882,3179.999882,0
1,6,8,246824,10,3179.999882,5299.999882,0
1,8,6,246824,10,5299.999882,3179.999882,0
1,6,14,246824,9,3179.999882,3179.999882,0
1,14,6,246824,9,3179.999882,3179.999882,0
1,6,28,246824,30,3179.999882,5299.999882,0
1,28,6,246824,30,5299.999882,3179.999882,0
1,7,9,246824,8,1589.999882,3179.999882,0
1,9,7,246824,8,3179.999882,1589.999882,0
1,7,13,246824,11,1589.999882,3974.999882,0
1,13,7,246824,11,3974.999882,1589.999882,0
1,7,14,246824,10,1589.999882,3179.999882,0
1,14,7,246824,10,3179.999882,1589.999882,0
1,7,20,246824,29,1589.999882,5299.999882,0
1,20,7,246824,29,5299.999882,1589.999882,0
1,7,21,246824,30,1589.999882,5299.999882,0
1,21,7,246824,30,5299.999882,1589.999882,0
1,7,28,246824,31,1589.999882,5299.999882,0
1,28,7,246824,31,5299.999882,1589.999882,0
1,8,9,246824,9,5299.999882,3179.999882,0
1,9,8,246824,9,3179.999882,5299.999882,0
1,8,11,246824,10,5299.999882,7949.999882,0
1,11,8,246824,10,7949.999882,5299.999882,0
1,9,10,246824,10,3179.999882,7949.999882,0
1,10,9,246824,10,7949.999882,3179.999882,0
1,9,12,246824,10,3179.999882,3179.999882,0
1,12,9,246824,10,3179.999882,3179.999882,0
1,9,14,246824,8,3179.999882,3179.999882,0
1,14,9,246824,8,3179.999882,3179.999882,0
1,10,13,246824,13,7949.999882,3974.999882,0
1,13,10,246824,13,3974.999882,7949.999882,0
1,11,14,246824,9,7949.999882,3179.999882,0
1,14,11,246824,9,3179.999882,7949.999882,0
1,12,13,246824,13,3179.999882,3974.999882,0
1,13,12,246824,13,3974.999882,3179.999882,0
1,12,24,246824,22,3179.999882,2649.999882,0
1,24,12,246824,22,2649.999882,3179.999882,0
1,12,27,246824,35,3179.999882,7949.999882,0
1,27,12,246824,35,7949.999882,3179.999882,0
1,14,15,246824,21,3179.999882,5299.999882,0
1,15,14,246824,21,5299.999882,3179.999882,0
1,15,16,246824,24,5299.999882,7949.999882,0
1,16,15,246824,24,7949.999882,5299.999882,0
1,16,17,246824,26,7949.999882,3179.999882,0
1,17,16,246824,26,3179.999882,7949.999882,0
1,17,18,246824,31,3179.999882,7949.999882,0
1,18,17,246824,31,7949.999882,3179.999882,0
1,17,19,246824,30,3179.999882,7949.999882,0
1,19,17,246824,30,7949.999882,3179.999882,0
1,18,20,246824,37,7949.999882,5299.999882,0
1,20,18,246824,37,5299.999882,7949.999882,0
1,21,23,246824,44,5299.999882,7949.999882,0
1,23,21,246824,44,7949.999882,5299.999882,0
1,22,24,246824,40,7949.999882,2649.999882,0
1,24,22,246824,40,2649.999882,7949.999882,0
1,22,25,246824,38,7949.999882,5299.999882,0
1,25,22,246824,38,5299.999882,7949.999882,0
1,23,24,246824,40,7949.999882,2649.999882,0
1,24,23,246824,40,2649.999882,7949.999882,0
1,24,25,246824,28,2649.999882,5299.999882,0
1,25,24,246824,28,5299.999882,2649.999882,0
1,24,26,246824,36,2649.999882,7949.999882,0
1,26,24,246824,36,7949.999882,2649.999882,0
1,25,28,246824,32,5299.999882,5299.999882,0
1,28,25,246824,32,5299.999882,5299.999882,0
2,0,1,246824,9,3179.999882,3974.999882,0
2,1,0,246824,9,3974.999882,3179.999882,0
2,0,3,246824,11,3179.999882,5299.999882,0
2,3,0,246824,11,5299.999882,3179.999882,0
2,0,17,246824,25,3179.999882,5299.999882,0
2,17,0,246824,25,5299.999882,3179.999882,0
2,0,19,246824,24,3179.999882,3974.999882,0
2,19,0,246824,24,3974.999882,3179.999882,0
2,0,29,246824,27,3179.999882,7949.999882,0
2,29,0,246824,27,7949.999882,3179.999882,0
2,1,7,246824,9,3974.999882,2271.428454,0
2,7,1,246824,9,2271.428454,3974.999882,0
2,1,20,246824,27,3974.999882,5299.999882,0
2,20,1,246824,27,5299.999882,3974.999882,0
2,1,26,246824,31,3974.999882,7949.999882,0
2,26,1,246824,31,7949.999882,3974.999882,0
2,2,5,246824,12,5299.999882,3179.999882,0
2,5,2,246824,12,3179.999882,5299.999882,0
2,2,12,246824,13,5299.999882,3179.999882,0
2,12,2,246824,13,3179.999882,5299.999882,0
2,2,29,246824,28,5299.999882,7949.999882,0
2,29,2,246824,28,7949.999882,5299.999882,0
2,3,6,246824,10,5299.999882,3179.999882,0
2,6,3,246824,10,3179.999882,5299.999882,0
2,3,21,246824,30,5299.999882,5299.999882,0
2,21,3,246824,30,5299.999882,5299.999882,0
2,4,5,246824,10,5299.999882,3179.999882,0
2,5,4,246824,10,3179.999882,5299.999882,0
2,4,7,246824,9,5299.999882,2271.428454,0
2,7,4,246824,9,2271.428454,5299.999882,0
2,4,13,246824,10,5299.999882,5299.999882,0
2,13,4,246824,10,5299.999882,5299.999882,0
2,5,7,246824,11,3179.999882,2271.428454,0
2,7,5,246824,11,2271.428454,3179.999882,0
2,5,15,246824,23,3179.999882,5299.999882,0
2,15,5,246824,23,5299.999882,3179.999882,0
2,5,20,246824,29,3179.999882,5299.999882,0
2,20,5,246824,29,5299.999882,3179.999882,0
2,6,7,246824,10,3179.999882,2271.428454,0
2,7,6,246824,10,2271.428454,3179.999882,0
2,6,8,246824,10,3179.999882,5299.999882,0
2,8,6,246824,10,5299.999882,3179.999882,0
2,6,14,246824,9,3179.999882,3179.999882,0
2,14,6,246824,9,3179.999882,3179.999882,0
2,6,28,246824,30,3179.999882,5299.999882,0
2,28,6,246824,30,5299.999882,3179.999882,0
2,7,9,246824,8,2271.428454,5299.999882,0
2,9,7,246824,8,5299.999882,2271.428454,0
2,7,21,246824,30,2271.428454,5299.999882,0
2,21,7,246824,30,5299.999882,2271.428454,0
2,7,28,246824,31,2271.428454,5299.999882,0
2,28,7,246824,31,5299.999882,2271.428454,0
2,8,10,246824,12,5299.999882,7949.999882,0
2,10,8,246824,12,7949.999882,5299.999882,0
2,8,11,246824,10,5299.999882,5299.999882,0
2,11,8,246824,10,5299.999882,5299.999882,0
2,9,12,246824,10,5299.999882,3179.999882,0
2,12,9,246824,10,3179.999882,5299.999882,0
2,9,14,246824,8,5299.999882,3179.999882,0
2,14,9,246824,8,3179.999882,5299.999882,0
2,10,11,246824,11,7949.999882,5299.999882,0
2,11,10,246824,11,5299.999882,7949.999882,0
2,11,24,246824,21,5299.999882,3974.999882,0
2,24,11,246824,21,3974.999882,5299.999882,0
2,12,13,246824,13,3179.999882,5299.999882,0
2,13,12,246824,13,5299.999882,3179.999882,0
2,12,24,246824,22,3179.999882,3974.999882,0
2,24,12,246824,22,3974.999882,3179.999882,0
2,12,27,246824,35,3179.999882,7949.999882,0
2,27,12,246824,35,7949.999882,3179.999882,0
2,13,14,246824,11,5299.999882,3179.999882,0
2,14,13,246824,11,3179.999882,5299.999882,0
2,14,15,246824,21,3179.999882,5299.999882,0
2,15,14,246824,21,5299.999882,3179.999882,0
2,14,17,246824,23,3179.999882,5299.999882,0
2,17,14,246824,23,5299.999882,3179.999882,0
2,15,16,246824,24,5299.999882,5299.999882,0
2,16,15,246824,24,5299.999882,5299.999882,0
2,16,17,246824,26,5299.999882,5299.999882,0
2,17,16,246824,26,5299.999882,5299.999882,0
2,16,19,246824,26,5299.999882,3974.999882,0
2,19,16,246824,26,3974.999882,5299.999882,0
2,18,19,246824,34,7949.999882,3974.999882,0
2,19,18,246824,34,3974.999882,7949.999882,0
2,18,20,246824,37,7949.999882,5299.999882,0
2,20,18,246824,37,5299.999882,7949.999882,0
2,19,22,246824,42,3974.999882,7949.999882,0
2,22,19,246824,42,7949.999882,3974.999882,0
2,21,23,246824,44,5299.999882,7949.999882,0
2,23,21,246824,44,7949.999882,5299.999882,0
2,22,25,246824,38,7949.999882,3179.999882,0
2,25,22,246824,38,3179.999882,7949.999882,0
2,23,24,246824,40,7949.999882,3974.999882,0
2,24,23,246824,40,3974.999882,7949.999882,0
2,24,25,246824,28,3974.999882,3179.999882,0
2,25,24,246824,28,3179.999882,3974.999882,0
2,25,26,246824,34,3179.999882,7949.999882,0
2,26,25,246824,34,7949.999882,3179.999882,0
2,25,27,246824,36,3179.999882,7949.999882,0
2,27,25,246824,36,7949.999882,3179.999882,0
2,25,28,246824,32,3179.999882,5299.999882,0
2,28,25,246824,32,5299.999882,3179.999882,0
3,0,1,246824,9,5291.666549,3968.749882,0
3,1,0,246824,9,3968.749882,5291.666549,0
3,0,3,246824,11,5291.666549,5291.666549,0
3,3,0,246824,11,5291.666549,5291.666549,0
3,0,17,246824,25,5291.666549,3174.999882,0
3,17,0,246824,25,3174.999882,5291.666549,0
3,1,4,246824,8,3968.749882,3174.999882,0
3,4,1,246824,8,3174.999882,3968.749882,0
3,1,20,246824,27,3968.749882,7937.499882,0
3,20,1,246824,27,7937.499882,3968.749882,0
3,1,29,246824,25,3968.749882,7937.499882,0
3,29,1,246824,25,7937.499882,3968.749882,0
3,2,5,246824,12,5291.666549,3174.999882,0
3,5,2,246824,12,3174.999882,5291.666549,0
3,2,12,246824,13,5291.666549,3174.999882,0
3,12,2,246824,13,3174.999882,5291.666549,0
3,2,29,246824,28,5291.666549,7937.499882,0
3,29,2,246824,28,7937.499882,5291.666549,0
3,3,8,246824,11,5291.666549,5291.666549,0
3,8,3,246824,11,5291.666549,5291.666549,0
3,3,21,246824,30,5291.666549,7937.499882,0
3,21,3,246824,30,7937.499882,5291.666549,0
3,4,5,246824,10,3174.999882,3174.999882,0
3,5,4,246824,10,3174.999882,3174.999882,0
3,4,6,246824,9,3174.999882,3174.999882,0
3,6,4,246824,9,3174.999882,3174.999882,0
3,4,7,246824,9,3174.999882,2645.833216,0
3,7,4,246824,9,2645.833216,3174.999882,0
3,4,13,246824,10,3174.999882,3968.749882,0
3,13,4,246824,10,3968.749882,3174.999882,0
3,5,7,246824,11,3174.999882,2645.833216,0
3,7,5,246824,11,2645.833216,3174.999882,0
3,5,15,246824,23,3174.999882,5291.666549,0
3,15,5,246824,23,5291.666549,3174.999882,0
3,5,20,246824,29,3174.999882,7937.499882,0
3,20,5,246824,29,7937.499882,3174.999882,0
3,6,7,246824,10,3174.999882,2645.833216,0
3,7,6,246824,10,2645.833216,3174.999882,0
3,6,8,246824,10,3174.999882,5291.666549,0
3,8,6,246824,10,5291.666549,3174.999882,0
3,6,14,246824,9,3174.999882,3174.999882,0
3,14,6,246824,9,3174.999882,3174.999882,0
3,6,28,246824,30,3174.999882,5291.666549,0
3,28,6,246824,30,5291.666549,3174.999882,0
3,7,9,246824,8,2645.833216,3968.749882,0
3,9,7,246824,8,3968.749882,2645.833216,0
3,7,21,246824,30,2645.833216,7937.499882,0
3,21,7,246824,30,7937.499882,2645.833216,0
3,7,28,246824,31,2645.833216,5291.666549,0
3,28,7,246824,31,5291.666549,2645.833216,0
3,8,11,246824,10,5291.666549,3968.749882,0
3,11,8,246824,10,3968.749882,5291.666549,0
3,9,10,246824,10,3968.749882,3968.749882,0
3,10,9,246824,10,3968.749882,3968.749882,0
3,9,12,246824,10,3968.749882,3174.999882,0
3,12,9,246824,10,3174.999882,3968.749882,0
3,9,14,246824,8,3968.749882,3174.999882,0
3,14,9,246824,8,3174.999882,3968.749882,0
3,10,11,246824,11,3968.749882,3968.749882,0
3,11,10,246824,11,3968.749882,3968.749882,0
3,10,12,246824,12,3968.749882,3174.999882,0
3,12,10,246824,12,3174.999882,3968.749882,0
3,10,13,246824,13,3968.749882,3968.749882,0
3,13,10,246824,13,3968.749882,3968.749882,0
3,11,14,246824,9,3968.749882,3174.999882,0
3,14,11,246824,9,3174.999882,3968.749882,0
3,11,24,246824,21,3968.749882,2645.833216,0
3,24,11,246824,21,2645.833216,3968.749882,0
3,12,24,246824,22,3174.999882,2645.833216,0
3,24,12,246824,22,2645.833216,3174.999882,0
3,12,27,246824,35,3174.999882,7937.499882,0
3,27,12,246824,35,7937.499882,3174.999882,0
3,13,14,246824,11,3968.749882,3174.999882,0
3,14,13,246824,11,3174.999882,3968.749882,0
3,13,17,246824,26,3968.749882,3174.999882,0
3,17,13,246824,26,3174.999882,3968.749882,0
3,14,15,246824,21,3174.999882,5291.666549,0
3,15,14,246824,21,5291.666549,3174.999882,0
3,15,16,246824,24,5291.666549,3968.749882,0
3,16,15,246824,24,3968.749882,5291.666549,0
3,16,17,246824,26,3968.749882,3174.999882,0
3,17,16,246824,26,3174.999882,3968.749882,0
3,16,18,246824,30,3968.749882,7937.499882,0
3,18,16,246824,30,7937.499882,3968.749882,0
3,16,19,246824,26,3968.749882,7937.499882,0
3,19,16,246824,26,7937.499882,3968.749882,0
3,17,18,246824,31,3174.999882,7937.499882,0
3,18,17,246824,31,7937.499882,3174.999882,0
3,17,19,246824,30,3174.999882,7937.499882,0
3,19,17,246824,30,7937.499882,3174.999882,0
3,22,24,246824,40,7937.499882,2645.833216,0
3,24,22,246824,40,2645.833216,7937.499882,0
3,22,25,246824,38,7937.499882,3174.999882,0
3,25,22,246824,38,3174.999882,7937.499882,0
3,23,24,246824,40,7937.499882,2645.833216,0
3,24,23,246824,40,2645.833216,7937.499882,0
3,23,26,246824,41,7937.499882,5291.666549,0
3,26,23,246824,41,5291.666549,7937.499882,0
3,24,25,246824,28,2645.833216,3174.999882,0
3,25,24,246824,28,3174.999882,2645.833216,0
3,24,26,246824,36,2645.833216,5291.666549,0
3,26,24,246824,36,5291.666549,2645.833216,0
3,25,26,246824,34,3174.999882,5291.666549,0
3,26,25,246824,34,5291.666549,3174.999882,0
3,25,27,246824,36,3174.999882,7937.499882,0
3,27,25,246824,36,7937.499882,3174.999882,0
3,25,28,246824,32,3174.999882,5291.666549,0
3,28,25,246824,32,5291.666549,3174.999882,0
4,0,1,246824,9,3970.833216,2647.222105,0
4,1,0,246824,9,2647.222105,3970.833216,0
4,0,3,246824,11,3970.833216,5294.444327,0
4,3,0,246824,11,5294.444327,3970.833216,0
4,0,19,246824,24,3970.833216,3176.666549,0
4,19,0,246824,24,3176.666549,3970.833216,0
4,0,24,246824,22,3970.833216,3176.666549,0
4,24,0,246824,22,3176.666549,3970.833216,0
4,1,4,246824,8,2647.222105,5294.444327,0
4,4,1,246824,8,5294.444327,2647.222105,0
4,1,7,246824,9,2647.222105,1764.814697,0
4,7,1,246824,9,1764.814697,2647.222105,0
4,1,15,246824,21,2647.222105,5294.444327,0
4,15,1,246824,21,5294.444327,2647.222105,0
4,1,26,246824,31,2647.222105,5294.444327,0
4,26,1,246824,31,5294.444327,2647.222105,0
4,1,29,246824,25,2647.222105,7941.666549,0
4,29,1,246824,25,7941.666549,2647.222105,0
4,2,3,246824,12,3176.666549,5294.444327,0
4,3,2,246824,12,5294.444327,3176.666549,0
4,2,5,246824,12,3176.666549,3970.833216,0
4,5,2,246824,12,3970.833216,3176.666549,0
4,2,12,246824,13,3176.666549,7941.666549,0
4,12,2,246824,13,7941.666549,3176.666549,0
4,2,27,246824,36,3176.666549,7941.666549,0
4,27,2,246824,36,7941.666549,3176.666549,0
4,2,29,246824,28,3176.666549,7941.666549,0
4,29,2,246824,28,7941.666549,3176.666549,0
4,3,6,246824,10,5294.444327,3970.833216,0
4,6,3,246824,10,3970.833216,5294.444327,0
4,4,6,246824,9,5294.444327,3970.833216,0
4,6,4,246824,9,3970.833216,5294.444327,0
4,4,7,246824,9,5294.444327,1764.814697,0
4,7,4,246824,9,1764.814697,5294.444327,0
4,5,7,246824,11,3970.833216,1764.814697,0
4,7,5,246824,11,1764.814697,3970.833216,0
4,5,15,246824,23,3970.833216,5294.444327,0
4,15,5,246824,23,5294.444327,3970.833216,0
4,5,20,246824,29,3970.833216,7941.666549,0
4,20,5,246824,29,7941.666549,3970.833216,0
4,6,8,246824,10,3970.833216,5294.444327,0
4,8,6,246824,10,5294.444327,3970.833216,0
4,6,28,246824,30,3970.833216,5294.444327,0
4,28,6,246824,30,5294.444327,3970.833216,0
4,7,9,246824,8,1764.814697,3176.666549,0
4,9,7,246824,8,3176.666549,1764.814697,0
4,7,13,246824,11,1764.814697,5294.444327,0
4,13,7,246824,11,5294.444327,1764.814697,0
4,7,14,246824,10,1764.814697,3176.666549,0
4,14,7,246824,10,3176.666549,1764.814697,0
4,7,20,246824,29,1764.814697,7941.666549,0
4,20,7,246824,29,7941.666549,1764.814697,0
4,7,21,246824,30,1764.814697,7941.666549,0
4,21,7,246824,30,7941.666549,1764.814697,0
4,7,28,246824,31,1764.814697,5294.444327,0
4,28,7,246824,31,5294.444327,1764.814697,0
4,8,9,246824,9,5294.444327,3176.666549,0
4,9,8,246824,9,3176.666549,5294.444327,0
4,8,11,246824,10,5294.444327,3176.666549,0
4,11,8,246824,10,3176.666549,5294.444327,0
4,9,10,246824,10,3176.666549,7941.666549,0
4,10,9,246824,10,7941.666549,3176.666549,0
4,9,12,246824,10,3176.666549,7941.666549,0
4,12,9,246824,10,7941.666549,3176.666549,0
4,9,14,246824,8,3176.666549,3176.666549,0
4,14,9,246824,8,3176.666549,3176.666549,0
4,10,11,246824,11,7941.666549,3176.666549,0
4,11,10,246824,11,3176.666549,7941.666549,0
4,11,14,246824,9,3176.666549,3176.666549,0
4,14,11,246824,9,3176.666549,3176.666549,0
4,11,21,246824,29,3176.666549,7941.666549,0
4,21,11,246824,29,7941.666549,3176.666549,0
4,11,24,246824,21,3176.666549,3176.666549,0
4,24,11,246824,21,3176.666549,3176.666549,0
4,13,14,246824,11,5294.444327,3176.666549,0
4,14,13,246824,11,3176.666549,5294.444327,0
4,13,17,246824,26,5294.444327,5294.444327,0
4,17,13,246824,26,5294.444327,5294.444327,0
4,14,17,246824,23,3176.666549,5294.444327,0
4,17,14,246824,23,5294.444327,3176.666549,0
4,15,16,246824,24,5294.444327,5294.444327,0
4,16,15,246824,24,5294.444327,5294.444327,0
4,16,18,246824,30,5294.444327,7941.666549,0
4,18,16,246824,30,7941.666549,5294.444327,0
4,16,19,246824,26,5294.444327,3176.666549,0
4,19,16,246824,26,3176.666549,5294.444327,0
4,17,19,246824,30,5294.444327,3176.666549,0
4,19,17,246824,30,3176.666549,5294.444327,0
4,18,19,246824,34,7941.666549,3176.666549,0
4,19,18,246824,34,3176.666549,7941.666549,0
4,19,22,246824,42,3176.666549,7941.666549,0
4,22,19,246824,42,7941.666549,3176.666549,0
4,22,25,246824,38,7941.666549,3970.833216,0
4,25,22,246824,38,3970.833216,7941.666549,0
4,23,24,246824,40,7941.666549,3176.666549,0
4,24,23,246824,40,3176.666549,7941.666549,0
4,23,26,246824,41,7941.666549,5294.444327,0
4,26,23,246824,41,5294.444327,7941.666549,0
4,24,25,246824,28,3176.666549,3970.833216,0
4,25,24,246824,28,3970.833216,3176.666549,0
4,24,26,246824,36,3176.666549,5294.444327,0
4,26,24,246824,36,5294.444327,3176.666549,0
4,25,27,246824,36,3970.833216,7941.666549,0
4,27,25,246824,36,7941.666549,3970.833216,0
4,25,28,246824,32,3970.833216,5294.444327,0
4,28,25,246824,32,5294.444327,3970.833216,0
5,0,1,246824,9,3181.666549,3181.666549,0
5,1,0,246824,9,3181.666549,3181.666549,0
5,0,3,246824,11,3181.666549,5302.777660,0
5,3,0,246824,11,5302.777660,3181.666549,0
5,0,19,246824,24,3181.666549,7954.166549,0
5,19,0,246824,24,7954.166549,3181.666549,0
5,0,24,246824,22,3181.666549,5302.777660,0
5,24,0,246824,22,5302.777660,3181.666549,0
5,0,29,246824,27,3181.666549,5302.777660,0
5,29,0,246824,27,5302.777660,3181.666549,0
5,1,4,246824,8,3181.666549,5302.777660,0
5,4,1,246824,8,5302.777660,3181.666549,0
5,1,7,246824,9,3181.666549,1988.541549,0
5,7,1,246824,9,1988.541549,3181.666549,0
5,1,15,246824,21,3181.666549,5302.777660,0
5,15,1,246824,21,5302.777660,3181.666549,0
5,1,20,246824,27,3181.666549,3977.083216,0
5,20,1,246824,27,3977.083216,3181.666549,0
5,2,5,246824,12,3977.083216,3181.666549,0
5,5,2,246824,12,3181.666549,3977.083216,0
5,2,12,246824,13,3977.083216,3181.666549,0
5,12,2,246824,13,3181.666549,3977.083216,0
5,2,17,246824,26,3977.083216,3977.083216,0
5,17,2,246824,26,3977.083216,3977.083216,0
5,2,29,246824,28,3977.083216,5302.777660,0
5,29,2,246824,28,5302.777660,3977.083216,0
5,3,8,246824,11,5302.777660,2651.388771,0
5,8,3,246824,11,2651.388771,5302.777660,0
5,3,21,246824,30,5302.777660,5302.777660,0
5,21,3,246824,30,5302.777660,5302.777660,0
5,4,6,246824,9,5302.777660,3181.666549,0
5,6,4,246824,9,3181.666549,5302.777660,0
5,4,13,246824,10,5302.777660,3181.666549,0
5,13,4,246824,10,3181.666549,5302.777660,0
5,5,7,246824,11,3181.666549,1988.541549,0
5,7,5,246824,11,1988.541549,3181.666549,0
5,5,8,246824,11,3181.666549,2651.388771,0
5,8,5,246824,11,2651.388771,3181.666549,0
5,5,15,246824,23,3181.666549,5302.777660,0
5,15,5,246824,23,5302.777660,3181.666549,0
5,5,20,246824,29,3181.666549,3977.083216,0
5,20,5,246824,29,3977.083216,3181.666549,0
5,6,7,246824,10,3181.666549,1988.541549,0
5,7,6,246824,10,1988.541549,3181.666549,0
5,6,8,246824,10,3181.666549,2651.388771,0
5,8,6,246824,10,2651.388771,3181.666549,0
5,6,14,246824,9,3181.666549,3181.666549,0
5,14,6,246824,9,3181.666549,3181.666549,0
5,6,28,246824,30,3181.666549,5302.777660,0
5,28,6,246824,30,5302.777660,3181.666549,0
5,7,9,246824,8,1988.541549,7954.166549,0
5,9,7,246824,8,7954.166549,1988.541549,0
5,7,13,246824,11,1988.541549,3181.666549,0
5,13,7,246824,11,3181.666549,1988.541549,0
5,7,14,246824,10,1988.541549,3181.666549,0
5,14,7,246824,10,3181.666549,1988.541549,0
5,7,21,246824,30,1988.541549,5302.777660,0
5,21,7,246824,30,5302.777660,1988.541549,0
5,7,28,246824,31,1988.541549,5302.777660,0
5,28,7,246824,31,5302.777660,1988.541549,0
5,8,9,246824,9,2651.388771,7954.166549,0
5,9,8,246824,9,7954.166549,2651.388771,0
5,8,10,246824,12,2651.388771,5302.777660,0
5,10,8,246824,12,5302.777660,2651.388771,0
5,8,11,246824,10,2651.388771,7954.166549,0
5,11,8,246824,10,7954.166549,2651.388771,0
5,10,12,246824,12,5302.777660,3181.666549,0
5,12,10,246824,12,3181.666549,5302.777660,0
5,10,13,246824,13,5302.777660,3181.666549,0
5,13,10,246824,13,3181.666549,5302.777660,0
5,11,14,246824,9,7954.166549,3181.666549,0
5,14,11,246824,9,3181.666549,7954.166549,0
5,12,13,246824,13,3181.666549,3181.666549,0
5,13,12,246824,13,3181.666549,3181.666549,0
5,12,24,246824,22,3181.666549,5302.777660,0
5,24,12,246824,22,5302.777660,3181.666549,0
5,12,27,246824,35,3181.666549,7954.166549,0
5,27,12,246824,35,7954.166549,3181.666549,0
5,13,14,246824,11,3181.666549,3181.666549,0
5,14,13,246824,11,3181.666549,3181.666549,0
5,14,17,246824,23,3181.666549,3977.083216,0
5,17,14,246824,23,3977.083216,3181.666549,0
5,15,16,246824,24,5302.777660,5302.777660,0
5,16,15,246824,24,5302.777660,5302.777660,0
5,16,17,246824,26,5302.777660,3977.083216,0
5,17,16,246824,26,3977.083216,5302.777660,0
5,16,19,246824,26,5302.777660,7954.166549,0
5,19,16,246824,26,7954.166549,5302.777660,0
5,17,18,246824,31,3977.083216,7954.166549,0
5,18,17,246824,31,7954.166549,3977.083216,0
5,18,20,246824,37,7954.166549,3977.083216,0
5,20,18,246824,37,3977.083216,7954.166549,0
5,20,22,246824,45,3977.083216,7954.166549,0
5,22,20,246824,45,7954.166549,3977.083216,0
5,21,23,246824,44,5302.777660,7954.166549,0
5,23,21,246824,44,7954.166549,5302.777660,0
5,22,25,246824,38,7954.166549,3977.083216,0
5,25,22,246824,38,3977.083216,7954.166549,0
5,23,24,246824,40,7954.166549,5302.777660,0
5,24,23,246824,40,5302.777660,7954.166549,0
5,25,26,246824,34,3977.083216,7954.166549,0
5,26,25,246824,34,7954.166549,3977.083216,0
5,25,27,246824,36,3977.083216,7954.166549,0
5,27,25,246824,36,7954.166549,3977.083216,0
5,25,28,246824,32,3977.083216,5302.777660,0
5,28,25,246824,32,5302.777660,3977.083216,0
5,26,29,246824,38,7954.166549,5302.777660,0
5,29,26,246824,38,5302.777660,7954.166549,0
6,0,1,246824,9,3977.083216,3181.666549,0
6,1,0,246824,9,3181.666549,3977.083216,0
6,0,3,246824,11,3977.083216,3977.083216,0
6,3,0,246824,11,3977.083216,3977.083216,0
6,0,17,246824,25,3977.083216,3977.083216,0
6,17,0,246824,25,3977.083216,3977.083216,0
6,0,19,246824,24,3977.083216,7954.166549,0
6,19,0,246824,24,7954.166549,3977.083216,0
6,1,4,246824,8,3181.666549,3977.083216,0
6,4,1,246824,8,3977.083216,3181.666549,0
6,1,7,246824,9,3181.666549,1767.592475,0
6,7,1,246824,9,1767.592475,3181.666549,0
6,1,26,246824,31,3181.666549,5302.777660,0
6,26,1,246824,31,5302.777660,3181.666549,0
6,1,29,246824,25,3181.666549,7954.166549,0
6,29,1,246824,25,7954.166549,3181.666549,0
6,2,3,246824,12,3977.083216,3977.083216,0
6,3,2,246824,12,3977.083216,3977.083216,0
6,2,5,246824,12,3977.083216,3181.666549,0
6,5,2,246824,12,3181.666549,3977.083216,0
6,2,27,246824,36,3977.083216,7954.166549,0
6,27,2,246824,36,7954.166549,3977.083216,0
6,2,29,246824,28,3977.083216,7954.166549,0
6,29,2,246824,28,7954.166549,3977.083216,0
6,3,6,246824,10,3977.083216,3181.666549,0
6,6,3,246824,10,3181.666549,3977.083216,0
6,3,8,246824,11,3977.083216,5302.777660,0
6,8,3,246824,11,5302.777660,3977.083216,0
6,4,5,246824,10,3977.083216,3181.666549,0
6,5,4,246824,10,3181.666549,3977.083216,0
6,4,7,246824,9,3977.083216,1767.592475,0
6,7,4,246824,9,1767.592475,3977.083216,0
6,4,13,246824,10,3977.083216,5302.777660,0
6,13,4,246824,10,5302.777660,3977.083216,0
6,5,7,246824,11,3181.666549,1767.592475,0
6,7,5,246824,11,1767.592475,3181.666549,0
6,5,15,246824,23,3181.666549,5302.777660,0
6,15,5,246824,23,5302.777660,3181.666549,0
6,5,20,246824,29,3181.666549,5302.777660,0
6,20,5,246824,29,5302.777660,3181.666549,0
6,6,7,246824,10,3181.666549,1767.592475,0
6,7,6,246824,10,1767.592475,3181.666549,0
6,6,8,246824,10,3181.666549,5302.777660,0
6,8,6,246824,10,5302.777660,3181.666549,0
6,6,14,246824,9,3181.666549,2272.618930,0
6,14,6,246824,9,2272.618930,3181.666549,0
6,6,28,246824,30,3181.666549,5302.777660,0
6,28,6,246824,30,5302.777660,3181.666549,0
6,7,9,246824,8,1767.592475,3181.666549,0
6,9,7,246824,8,3181.666549,1767.592475,0
6,7,14,246824,10,1767.592475,2272.618930,0
6,14,7,246824,10,2272.618930,1767.592475,0
6,7,20,246824,29,1767.592475,5302.777660,0
6,20,7,246824,29,5302.777660,1767.592475,0
6,7,21,246824,30,1767.592475,5302.777660,0
6,21,7,246824,30,5302.777660,1767.592475,0
6,7,28,246824,31,1767.592475,5302.777660,0
6,28,7,246824,31,5302.777660,1767.592475,0
6,8,9,246824,9,5302.777660,3181.666549,0
6,9,8,246824,9,3181.666549,5302.777660,0
6,9,10,246824,10,3181.666549,7954.166549,0
6,10,9,246824,10,7954.166549,3181.666549,0
6,9,12,246824,10,3181.666549,3977.083216,0
6,12,9,246824,10,3977.083216,3181.666549,0
6,9,14,246824,8,3181.666549,2272.618930,0
6,14,9,246824,8,2272.618930,3181.666549,0
6,10,11,246824,11,7954.166549,3977.083216,0
6,11,10,246824,11,3977.083216,7954.166549,0
6,11,14,246824,9,3977.083216,2272.618930,0
6,14,11,246824,9,2272.618930,3977.083216,0
6,11,21,246824,29,3977.083216,5302.777660,0
6,21,11,246824,29,5302.777660,3977.083216,0
6,11,24,246824,21,3977.083216,5302.777660,0
6,24,11,246824,21,5302.777660,3977.083216,0
6,12,13,246824,13,3977.083216,5302.777660,0
6,13,12,246824,13,5302.777660,3977.083216,0
6,12,24,246824,22,3977.083216,5302.777660,0
6,24,12,246824,22,5302.777660,3977.083216,0
6,12,27,246824,35,3977.083216,7954.166549,0
6,27,12,246824,35,7954.166549,3977.083216,0
6,13,14,246824,11,5302.777660,2272.618930,0
6,14,13,246824,11,2272.618930,5302.777660,0
6,14,15,246824,21,2272.618930,5302.777660,0
6,15,14,246824,21,5302.777660,2272.618930,0
6,14,17,246824,23,2272.618930,3977.083216,0
6,17,14,246824,23,3977.083216,2272.618930,0
6,15,16,246824,24,5302.777660,3977.083216,0
6,16,15,246824,24,3977.083216,5302.777660,0
6,16,17,246824,26,3977.083216,3977.083216,0
6,17,16,246824,26,3977.083216,3977.083216,0
6,16,18,246824,30,3977.083216,7954.166549,0
6,18,16,246824,30,7954.166549,3977.083216,0
6,16,19,246824,26,3977.083216,7954.166549,0
6,19,16,246824,26,7954.166549,3977.083216,0
6,17,18,246824,31,3977.083216,7954.166549,0
6,18,17,246824,31,7954.166549,3977.083216,0
6,20,22,246824,45,5302.777660,7954.166549,0
6,22,20,246824,45,7954.166549,5302.777660,0
6,21,23,246824,44,5302.777660,7954.166549,0
6,23,21,246824,44,7954.166549,5302.777660,0
6,22,25,246824,38,7954.166549,3977.083216,0
6,25,22,246824,38,3977.083216,7954.166549,0
6,23,26,246824,41,7954.166549,5302.777660,0
6,26,23,246824,41,5302.777660,7954.166549,0
6,24,25,246824,28,5302.777660,3977.083216,0
6,25,24,246824,28,3977.083216,5302.777660,0
6,25,26,246824,34,3977.083216,5302.777660,0
6,26,25,246824,34,5302.777660,3977.083216,0
6,25,28,246824,32,3977.083216,5302.777660,0
6,28,25,246824,32,5302.777660,3977.083216,0
7,0,1,246824,9,3977.083216,2272.618930,0
7,1,0,246824,9,2272.618930,3977.083216,0
7,0,3,246824,11,3977.083216,3977.083216,0
7,3,0,246824,11,3977.083216,3977.083216,0
7,0,19,246824,24,3977.083216,3977.083216,0
7,19,0,246824,24,3977.083216,3977.083216,0
7,0,24,246824,22,3977.083216,2651.388771,0
7,24,0,246824,22,2651.388771,3977.083216,0
7,1,4,246824,8,2272.618930,5302.777660,0
7,4,1,246824,8,5302.777660,2272.618930,0
7,1,7,246824,9,2272.618930,2272.618930,0
7,7,1,246824,9,2272.618930,2272.618930,0
7,1,15,246824,21,2272.618930,5302.777660,0
7,15,1,246824,21,5302.777660,2272.618930,0
7,1,20,246824,27,2272.618930,5302.777660,0
7,20,1,246824,27,5302.777660,2272.618930,0
7,1,26,246824,31,2272.618930,7954.166549,0
7,26,1,246824,31,7954.166549,2272.618930,0
7,1,29,246824,25,2272.618930,7954.166549,0
7,29,1,246824,25,7954.166549,2272.618930,0
7,2,3,246824,12,2651.388771,3977.083216,0
7,3,2,246824,12,3977.083216,2651.388771,0
7,2,5,246824,12,2651.388771,3977.083216,0
7,5,2,246824,12,3977.083216,2651.388771,0
7,2,12,246824,13,2651.388771,7954.166549,0
7,12,2,246824,13,7954.166549,2651.388771,0
7,2,17,246824,26,2651.388771,5302.777660,0
7,17,2,246824,26,5302.777660,2651.388771,0
7,2,27,246824,36,2651.388771,7954.166549,0
7,27,2,246824,36,7954.166549,2651.388771,0
7,2,29,246824,28,2651.388771,7954.166549,0
7,29,2,246824,28,7954.166549,2651.388771,0
7,3,6,246824,10,3977.083216,3977.083216,0
7,6,3,246824,10,3977.083216,3977.083216,0
7,3,8,246824,11,3977.083216,5302.777660,0
7,8,3,246824,11,5302.777660,3977.083216,0
7,4,7,246824,9,5302.777660,2272.618930,0
7,7,4,246824,9,2272.618930,5302.777660,0
7,4,13,246824,10,5302.777660,3977.083216,0
7,13,4,246824,10,3977.083216,5302.777660,0
7,5,7,246824,11,3977.083216,2272.618930,0
7,7,5,246824,11,2272.618930,3977.083216,0
7,5,15,246824,23,3977.083216,5302.777660,0
7,15,5,246824,23,5302.777660,3977.083216,0
7,5,20,246824,29,3977.083216,5302.777660,0
7,20,5,246824,29,5302.777660,3977.083216,0
7,6,7,246824,10,3977.083216,2272.618930,0
7,7,6,246824,10,2272.618930,3977.083216,0
7,6,8,246824,10,3977.083216,5302.777660,0
7,8,6,246824,10,5302.777660,3977.083216,0
7,6,28,246824,30,3977.083216,5302.777660,0
7,28,6,246824,30,5302.777660,3977.083216,0
7,7,9,246824,8,2272.618930,5302.777660,0
7,9,7,246824,8,5302.777660,2272.618930,0
7,7,21,246824,30,2272.618930,3977.083216,0
7,21,7,246824,30,3977.083216,2272.618930,0
7,7,28,246824,31,2272.618930,5302.777660,0
7,28,7,246824,31,5302.777660,2272.618930,0
7,8,11,246824,10,5302.777660,3181.666549,0
7,11,8,246824,10,3181.666549,5302.777660,0
7,9,10,246824,10,5302.777660,3977.083216,0
7,10,9,246824,10,3977.083216,5302.777660,0
7,9,14,246824,8,5302.777660,5302.777660,0
7,14,9,246824,8,5302.777660,5302.777660,0
7,10,11,246824,11,3977.083216,3181.666549,0
7,11,10,246824,11,3181.666549,3977.083216,0
7,10,12,246824,12,3977.083216,7954.166549,0
7,12,10,246824,12,7954.166549,3977.083216,0
7,10,13,246824,13,3977.083216,3977.083216,0
7,13,10,246824,13,3977.083216,3977.083216,0
7,11,14,246824,9,3181.666549,5302.777660,0
7,14,11,246824,9,5302.777660,3181.666549,0
7,11,21,246824,29,3181.666549,3977.083216,0
7,21,11,246824,29,3977.083216,3181.666549,0
7,11,24,246824,21,3181.666549,2651.388771,0
7,24,11,246824,21,2651.388771,3181.666549,0
7,13,14,246824,11,3977.083216,5302.777660,0
7,14,13,246824,11,5302.777660,3977.083216,0
7,13,17,246824,26,3977.083216,5302.777660,0
7,17,13,246824,26,5302.777660,3977.083216,0
7,15,16,246824,24,5302.777660,7954.166549,0
7,16,15,246824,24,7954.166549,5302.777660,0
7,16,19,246824,26,7954.166549,3977.083216,0
7,19,16,246824,26,3977.083216,7954.166549,0
7,17,19,246824,30,5302.777660,3977.083216,0
7,19,17,246824,30,3977.083216,5302.777660,0
7,18,19,246824,34,7954.166549,3977.083216,0
7,19,18,246824,34,3977.083216,7954.166549,0
7,18,21,246824,36,7954.166549,3977.083216,0
7,21,18,246824,36,3977.083216,7954.166549,0
7,20,22,246824,45,5302.777660,7954.166549,0
7,22,20,246824,45,7954.166549,5302.777660,0
7,21,23,246824,44,3977.083216,7954.166549,0
7,23,21,246824,44,7954.166549,3977.083216,0
7,22,24,246824,40,7954.166549,2651.388771,0
7,24,22,246824,40,2651.388771,7954.166549,0
7,23,24,246824,40,7954.166549,2651.388771,0
7,24,23,246824,40,2651.388771,7954.166549,0
7,24,25,246824,28,2651.388771,5302.777660,0
7,25,24,246824,28,5302.777660,2651.388771,0
7,24,26,246824,36,2651.388771,7954.166549,0
7,26,24,246824,36,7954.166549,2651.388771,0
7,25,27,246824,36,5302.777660,7954.166549,0
7,27,25,246824,36,7954.166549,5302.777660,0
7,25,28,246824,32,5302.777660,5302.777660,0
7,28,25,246824,32,5302.777660,5302.777660,0
8,0,1,246824,9,5291.666549,3968.749882,0
8,1,0,246824,9,3968.749882,5291.666549,0
8,0,3,246824,11,5291.666549,5291.666549,0
8,3,0,246824,11,5291.666549,5291.666549,0
8,0,19,246824,24,5291.666549,7937.499882,0
8,19,0,246824,24,7937.499882,5291.666549,0
8,1,7,246824,9,3968.749882,2645.833216,0
8,7,1,246824,9,2645.833216,3968.749882,0
8,1,15,246824,21,3968.749882,5291.666549,0
8,15,1,246824,21,5291.666549,3968.749882,0
8,1,29,246824,25,3968.749882,7937.499882,0
8,29,1,246824,25,7937.499882,3968.749882,0
8,2,5,246824,12,5291.666549,3968.749882,0
8,5,2,246824,12,3968.749882,5291.666549,0
8,2,12,246824,13,5291.666549,3174.999882,0
8,12,2,246824,13,3174.999882,5291.666549,0
8,2,29,246824,28,5291.666549,7937.499882,0
8,29,2,246824,28,7937.499882,5291.666549,0
8,3,6,246824,10,5291.666549,3174.999882,0
8,6,3,246824,10,3174.999882,5291.666549,0
8,3,21,246824,30,5291.666549,7937.499882,0
8,21,3,246824,30,7937.499882,5291.666549,0
8,4,5,246824,10,3968.749882,3968.749882,0
8,5,4,246824,10,3968.749882,3968.749882,0
8,4,6,246824,9,3968.749882,3174.999882,0
8,6,4,246824,9,3174.999882,3968.749882,0
8,4,7,246824,9,3968.749882,2645.833216,0
8,7,4,246824,9,2645.833216,3968.749882,0
8,4,13,246824,10,3968.749882,3174.999882,0
8,13,4,246824,10,3174.999882,3968.749882,0
8,5,7,246824,11,3968.749882,2645.833216,0
8,7,5,246824,11,2645.833216,3968.749882,0
8,5,20,246824,29,3968.749882,5291.666549,0
8,20,5,246824,29,5291.666549,3968.749882,0
8,6,8,246824,10,3174.999882,7937.499882,0
8,8,6,246824,10,7937.499882,3174.999882,0
8,6,14,246824,9,3174.999882,2645.833216,0
8,14,6,246824,9,2645.833216,3174.999882,0
8,6,28,246824,30,3174.999882,7937.499882,0
8,28,6,246824,30,7937.499882,3174.999882,0
8,7,20,246824,29,2645.833216,5291.666549,0
8,20,7,246824,29,5291.666549,2645.833216,0
8,7,21,246824,30,2645.833216,7937.499882,0
8,21,7,246824,30,7937.499882,2645.833216,0
8,7,28,246824,31,2645.833216,7937.499882,0
8,28,7,246824,31,7937.499882,2645.833216,0
8,8,9,246824,9,7937.499882,3968.749882,0
8,9,8,246824,9,3968.749882,7937.499882,0
8,9,10,246824,10,3968.749882,5291.666549,0
8,10,9,246824,10,5291.666549,3968.749882,0
8,9,12,246824,10,3968.749882,3174.999882,0
8,12,9,246824,10,3174.999882,3968.749882,0
8,9,14,246824,8,3968.749882,2645.833216,0
8,14,9,246824,8,2645.833216,3968.749882,0
8,10,11,246824,11,5291.666549,5291.666549,0
8,11,10,246824,11,5291.666549,5291.666549,0
8,10,13,246824,13,5291.666549,3174.999882,0
8,13,10,246824,13,3174.999882,5291.666549,0
8,11,14,246824,9,5291.666549,2645.833216,0
8,14,11,246824,9,2645.833216,5291.666549,0
8,11,24,246824,21,5291.666549,2645.833216,0
8,24,11,246824,21,2645.833216,5291.666549,0
8,12,13,246824,13,3174.999882,3174.999882,0
8,13,12,246824,13,3174.999882,3174.999882,0
8,12,24,246824,22,3174.999882,2645.833216,0
8,24,12,246824,22,2645.833216,3174.999882,0
8,12,27,246824,35,3174.999882,7937.499882,0
8,27,12,246824,35,7937.499882,3174.999882,0
8,13,14,246824,11,3174.999882,2645.833216,0
8,14,13,246824,11,2645.833216,3174.999882,0
8,13,17,246824,26,3174.999882,5291.666549,0
8,17,13,246824,26,5291.666549,3174.999882,0
8,14,15,246824,21,2645.833216,5291.666549,0
8,15,14,246824,21,5291.666549,2645.833216,0
8,14,17,246824,23,2645.833216,5291.666549,0
8,17,14,246824,23,5291.666549,2645.833216,0
8,15,16,246824,24,5291.666549,3968.749882,0
8,16,15,246824,24,3968.749882,5291.666549,0
8,16,17,246824,26,3968.749882,5291.666549,0
8,17,16,246824,26,5291.666549,3968.749882,0
8,16,18,246824,30,3968.749882,7937.499882,0
8,18,16,246824,30,7937.499882,3968.749882,0
8,16,19,246824,26,3968.749882,7937.499882,0
8,19,16,246824,26,7937.499882,3968.749882,0
8,18,20,246824,37,7937.499882,5291.666549,0
8,20,18,246824,37,5291.666549,7937.499882,0
8,22,24,246824,40,7937.499882,2645.833216,0
8,24,22,246824,40,2645.833216,7937.499882,0
8,22,25,246824,38,7937.499882,3968.749882,0
8,25,22,246824,38,3968.749882,7937.499882,0
8,23,24,246824,40,7937.499882,2645.833216,0
8,24,23,246824,40,2645.833216,7937.499882,0
8,23,26,246824,41,7937.499882,5291.666549,0
8,26,23,246824,41,5291.666549,7937.499882,0
8,24,25,246824,28,2645.833216,3968.749882,0
8,25,24,246824,28,3968.749882,2645.833216,0
8,24,26,246824,36,2645.833216,5291.666549,0
8,26,24,246824,36,5291.666549,2645.833216,0
8,25,26,246824,34,3968.749882,5291.666549,0
8,26,25,246824,34,5291.666549,3968.749882,0
8,25,27,246824,36,3968.749882,7937.499882,0
8,27,25,246824,36,7937.499882,3968.749882,0
9,0,1,246824,9,3179.999882,3179.999882,0
9,1,0,246824,9,3179.999882,3179.999882,0
9,0,3,246824,11,3179.999882,5299.999882,0
9,3,0,246824,11,5299.999882,3179.999882,0
9,0,19,246824,24,3179.999882,5299.999882,0
9,19,0,246824,24,5299.999882,3179.999882,0
9,0,24,246824,22,3179.999882,5299.999882,0
9,24,0,246824,22,5299.999882,3179.999882,0
9,0,29,246824,27,3179.999882,7949.999882,0
9,29,0,246824,27,7949.999882,3179.999882,0
9,1,4,246824,8,3179.999882,5299.999882,0
9,4,1,246824,8,5299.999882,3179.999882,0
9,1,7,246824,9,3179.999882,2271.428454,0
9,7,1,246824,9,2271.428454,3179.999882,0
9,1,20,246824,27,3179.999882,7949.999882,0
9,20,1,246824,27,7949.999882,3179.999882,0
9,1,26,246824,31,3179.999882,5299.999882,0
9,26,1,246824,31,5299.999882,3179.999882,0
9,2,3,246824,12,3179.999882,5299.999882,0
9,3,2,246824,12,5299.999882,3179.999882,0
9,2,5,246824,12,3179.999882,3974.999882,0
9,5,2,246824,12,3974.999882,3179.999882,0
9,2,12,246824,13,3179.999882,7949.999882,0
9,12,2,246824,13,7949.999882,3179.999882,0
9,2,27,246824,36,3179.999882,7949.999882,0
9,27,2,246824,36,7949.999882,3179.999882,0
9,2,29,246824,28,3179.999882,7949.999882,0
9,29,2,246824,28,7949.999882,3179.999882,0
9,3,8,246824,11,5299.999882,2649.999882,0
9,8,3,246824,11,2649.999882,5299.999882,0
9,4,7,246824,9,5299.999882,2271.428454,0
9,7,4,246824,9,2271.428454,5299.999882,0
9,4,13,246824,10,5299.999882,3179.999882,0
9,13,4,246824,10,3179.999882,5299.999882,0
9,5,8,246824,11,3974.999882,2649.999882,0
9,8,5,246824,11,2649.999882,3974.999882,0
9,5,15,246824,23,3974.999882,5299.999882,0
9,15,5,246824,23,5299.999882,3974.999882,0
9,5,20,246824,29,3974.999882,7949.999882,0
9,20,5,246824,29,7949.999882,3974.999882,0
9,6,8,246824,10,7949.999882,2649.999882,0
9,8,6,246824,10,2649.999882,7949.999882,0
9,6,14,246824,9,7949.999882,2649.999882,0
9,14,6,246824,9,2649.999882,7949.999882,0
9,7,9,246824,8,2271.428454,7949.999882,0
9,9,7,246824,8,7949.999882,2271.428454,0
9,7,13,246824,11,2271.428454,3179.999882,0
9,13,7,246824,11,3179.999882,2271.428454,0
9,7,14,246824,10,2271.428454,2649.999882,0
9,14,7,246824,10,2649.999882,2271.428454,0
9,7,21,246824,30,2271.428454,5299.999882,0
9,21,7,246824,30,5299.999882,2271.428454,0
9,7,28,246824,31,2271.428454,7949.999882,0
9,28,7,246824,31,7949.999882,2271.428454,0
9,8,9,246824,9,2649.999882,7949.999882,0
9,9,8,246824,9,7949.999882,2649.999882,0
9,8,10,246824,12,2649.999882,7949.999882,0
9,10,8,246824,12,7949.999882,2649.999882,0
9,8,11,246824,10,2649.999882,3179.999882,0
9,11,8,246824,10,3179.999882,2649.999882,0
9,10,11,246824,11,7949.999882,3179.999882,0
9,11,10,246824,11,3179.999882,7949.999882,0
9,11,14,246824,9,3179.999882,2649.999882,0
9,14,11,246824,9,2649.999882,3179.999882,0
9,11,21,246824,29,3179.999882,5299.999882,0
9,21,11,246824,29,5299.999882,3179.999882,0
9,11,24,246824,21,3179.999882,5299.999882,0
9,24,11,246824,21,5299.999882,3179.999882,0
9,12,13,246824,13,7949.999882,3179.999882,0
9,13,12,246824,13,3179.999882,7949.999882,0
9,13,14,246824,11,3179.999882,2649.999882,0
9,14,13,246824,11,2649.999882,3179.999882,0
9,13,17,246824,26,3179.999882,3179.999882,0
9,17,13,246824,26,3179.999882,3179.999882,0
9,14,15,246824,21,2649.999882,5299.999882,0
9,15,14,246824,21,5299.999882,2649.999882,0
9,14,17,246824,23,2649.999882,3179.999882,0
9,17,14,246824,23,3179.999882,2649.999882,0
9,15,16,246824,24,5299.999882,5299.999882,0
9,16,15,246824,24,5299.999882,5299.999882,0
9,16,17,246824,26,5299.999882,3179.999882,0
9,17,16,246824,26,3179.999882,5299.999882,0
9,16,18,246824,30,5299.999882,7949.999882,0
9,18,16,246824,30,7949.999882,5299.999882,0
9,17,18,246824,31,3179.999882,7949.999882,0
9,18,17,246824,31,7949.999882,3179.999882,0
9,17,19,246824,30,3179.999882,5299.999882,0
9,19,17,246824,30,5299.999882,3179.999882,0
9,19,22,246824,42,5299.999882,7949.999882,0
9,22,19,246824,42,7949.999882,5299.999882,0
9,21,23,246824,44,5299.999882,7949.999882,0
9,23,21,246824,44,7949.999882,5299.999882,0
9,22,25,246824,38,7949.999882,3179.999882,0
9,25,22,246824,38,3179.999882,7949.999882,0
9,23,26,246824,41,7949.999882,5299.999882,0
9,26,23,246824,41,5299.999882,7949.999882,0
9,24,25,246824,28,5299.999882,3179.999882,0
9,25,24,246824,28,3179.999882,5299.999882,0
9,25,26,246824,34,3179.999882,5299.999882,0
9,26,25,246824,34,5299.999882,3179.999882,0
9,25,27,246824,36,3179.999882,7949.999882,0
9,27,25,246824,36,7949.999882,3179.999882,0
9,25,28,246824,32,3179.999882,7949.999882,0
9,28,25,246824,32,7949.999882,3179.999882,0
10,0,1,246824,9,3977.083216,3181.666549,0
10,1,0,246824,9,3181.666549,3977.083216,0
10,0,3,246824,11,3977.083216,3977.083216,0
10,3,0,246824,11,3977.083216,3977.083216,0
10,0,17,246824,25,3977.083216,3181.666549,0
10,17,0,246824,25,3181.666549,3977.083216,0
10,0,19,246824,24,3977.083216,7954.166549,0
10,19,0,246824,24,7954.166549,3977.083216,0
10,1,4,246824,8,3181.666549,7954.166549,0
10,4,1,246824,8,7954.166549,3181.666549,0
10,1,15,246824,21,3181.666549,5302.777660,0
10,15,1,246824,21,5302.777660,3181.666549,0
10,1,26,246824,31,3181.666549,3977.083216,0
10,26,1,246824,31,3977.083216,3181.666549,0
10,1,29,246824,25,3181.666549,7954.166549,0
10,29,1,246824,25,7954.166549,3181.666549,0
10,2,5,246824,12,3977.083216,2651.388771,0
10,5,2,246824,12,2651.388771,3977.083216,0
10,2,12,246824,13,3977.083216,3181.666549,0
10,12,2,246824,13,3181.666549,3977.083216,0
10,2,17,246824,26,3977.083216,3181.666549,0
10,17,2,246824,26,3181.666549,3977.083216,0
10,2,29,246824,28,3977.083216,7954.166549,0
10,29,2,246824,28,7954.166549,3977.083216,0
10,3,6,246824,10,3977.083216,5302.777660,0
10,6,3,246824,10,5302.777660,3977.083216,0
10,3,8,246824,11,3977.083216,7954.166549,0
10,8,3,246824,11,7954.166549,3977.083216,0
10,3,21,246824,30,3977.083216,5302.777660,0
10,21,3,246824,30,5302.777660,3977.083216,0
10,4,5,246824,10,7954.166549,2651.388771,0
10,5,4,246824,10,2651.388771,7954.166549,0
10,5,7,246824,11,2651.388771,2651.388771,0
10,7,5,246824,11,2651.388771,2651.388771,0
10,5,8,246824,11,2651.388771,7954.166549,0
10,8,5,246824,11,7954.166549,2651.388771,0
10,5,15,246824,23,2651.388771,5302.777660,0
10,15,5,246824,23,5302.777660,2651.388771,0
10,5,20,246824,29,2651.388771,5302.777660,0
10,20,5,246824,29,5302.777660,2651.388771,0
10,6,7,246824,10,5302.777660,2651.388771,0
10,7,6,246824,10,2651.388771,5302.777660,0
10,6,28,246824,30,5302.777660,7954.166549,0
10,28,6,246824,30,7954.166549,5302.777660,0
10,7,9,246824,8,2651.388771,3977.083216,0
10,9,7,246824,8,3977.083216,2651.388771,0
10,7,20,246824,29,2651.388771,5302.777660,0
10,20,7,246824,29,5302.777660,2651.388771,0
10,7,21,246824,30,2651.388771,5302.777660,0
10,21,7,246824,30,5302.777660,2651.388771,0
10,7,28,246824,31,2651.388771,7954.166549,0
10,28,7,246824,31,7954.166549,2651.388771,0
10,9,10,246824,10,3977.083216,3977.083216,0
10,10,9,246824,10,3977.083216,3977.083216,0
10,9,12,246824,10,3977.083216,3181.666549,0
10,12,9,246824,10,3181.666549,3977.083216,0
10,9,14,246824,8,3977.083216,5302.777660,0
10,14,9,246824,8,5302.777660,3977.083216,0
10,10,11,246824,11,3977.083216,5302.777660,0
10,11,10,246824,11,5302.777660,3977.083216,0
10,10,12,246824,12,3977.083216,3181.666549,0
10,12,10,246824,12,3181.666549,3977.083216,0
10,10,13,246824,13,3977.083216,7954.166549,0
10,13,10,246824,13,7954.166549,3977.083216,0
10,11,14,246824,9,5302.777660,5302.777660,0
10,14,11,246824,9,5302.777660,5302.777660,0
10,11,24,246824,21,5302.777660,2651.388771,0
10,24,11,246824,21,2651.388771,5302.777660,0
10,12,24,246824,22,3181.666549,2651.388771,0
10,24,12,246824,22,2651.388771,3181.666549,0
10,12,27,246824,35,3181.666549,7954.166549,0
10,27,12,246824,35,7954.166549,3181.666549,0
10,13,14,246824,11,7954.166549,5302.777660,0
10,14,13,246824,11,5302.777660,7954.166549,0
10,15,16,246824,24,5302.777660,7954.166549,0
10,16,15,246824,24,7954.166549,5302.777660,0
10,16,17,246824,26,7954.166549,3181.666549,0
10,17,16,246824,26,3181.666549,7954.166549,0
10,17,18,246824,31,3181.666549,7954.166549,0
10,18,17,246824,31,7954.166549,3181.666549,0
10,17,19,246824,30,3181.666549,7954.166549,0
10,19,17,246824,30,7954.166549,3181.666549,0
10,18,21,246824,36,7954.166549,5302.777660,0
10,21,18,246824,36,5302.777660,7954.166549,0
10,20,22,246824,45,5302.777660,7954.166549,0
10,22,20,246824,45,7954.166549,5302.777660,0
10,22,24,246824,40,7954.166549,2651.388771,0
10,24,22,246824,40,2651.388771,7954.166549,0
10,23,24,246824,40,7954.166549,2651.388771,0
10,24,23,246824,40,2651.388771,7954.166549,0
10,23,26,246824,41,7954.166549,3977.083216,0
10,26,23,246824,41,3977.083216,7954.166549,0
10,24,25,246824,28,2651.388771,5302.777660,0
10,25,24,246824,28,5302.777660,2651.388771,0
10,24,26,246824,36,2651.388771,3977.083216,0
10,26,24,246824,36,3977.083216,2651.388771,0
10,25,26,246824,34,5302.777660,3977.083216,0
10,26,25,246824,34,3977.083216,5302.777660,0
10,25,27,246824,36,5302.777660,7954.166549,0
10,27,25,246824,36,7954.166549,5302.777660,0
11,0,1,246824,9,3977.083216,2651.388771,0
11,1,0,246824,9,2651.388771,3977.083216,0
11,0,3,246824,11,3977.083216,5302.777660,0
11,3,0,246824,11,5302.777660,3977.083216,0
11,0,19,246824,24,3977.083216,3977.083216,0
11,19,0,246824,24,3977.083216,3977.083216,0
11,0,24,246824,22,3977.083216,7954.166549,0
11,24,0,246824,22,7954.166549,3977.083216,0
11,1,4,246824,8,2651.388771,3977.083216,0
11,4,1,246824,8,3977.083216,2651.388771,0
11,1,7,246824,9,2651.388771,1988.541549,0
11,7,1,246824,9,1988.541549,2651.388771,0
11,1,20,246824,27,2651.388771,5302.777660,0
11,20,1,246824,27,5302.777660,2651.388771,0
11,1,26,246824,31,2651.388771,5302.777660,0
11,26,1,246824,31,5302.777660,2651.388771,0
11,1,29,246824,25,2651.388771,5302.777660,0
11,29,1,246824,25,5302.777660,2651.388771,0
11,2,3,246824,12,3977.083216,5302.777660,0
11,3,2,246824,12,5302.777660,3977.083216,0
11,2,5,246824,12,3977.083216,3181.666549,0
11,5,2,246824,12,3181.666549,3977.083216,0
11,2,27,246824,36,3977.083216,7954.166549,0
11,27,2,246824,36,7954.166549,3977.083216,0
11,2,29,246824,28,3977.083216,5302.777660,0
11,29,2,246824,28,5302.777660,3977.083216,0
11,3,8,246824,11,5302.777660,3977.083216,0
11,8,3,246824,11,3977.083216,5302.777660,0
11,4,6,246824,9,3977.083216,5302.777660,0
11,6,4,246824,9,5302.777660,3977.083216,0
11,4,7,246824,9,3977.083216,1988.541549,0
11,7,4,246824,9,1988.541549,3977.083216,0
11,4,13,246824,10,3977.083216,3977.083216,0
11,13,4,246824,10,3977.083216,3977.083216,0
11,5,7,246824,11,3181.666549,1988.541549,0
11,7,5,246824,11,1988.541549,3181.666549,0
11,5,8,246824,11,3181.666549,3977.083216,0
11,8,5,246824,11,3977.083216,3181.666549,0
11,5,15,246824,23,3181.666549,5302.777660,0
11,15,5,246824,23,5302.777660,3181.666549,0
11,5,20,246824,29,3181.666549,5302.777660,0
11,20,5,246824,29,5302.777660,3181.666549,0
11,6,8,246824,10,5302.777660,3977.083216,0
11,8,6,246824,10,3977.083216,5302.777660,0
11,6,14,246824,9,5302.777660,3181.666549,0
11,14,6,246824,9,3181.666549,5302.777660,0
11,7,9,246824,8,1988.541549,3977.083216,0
11,9,7,246824,8,3977.083216,1988.541549,0
11,7,13,246824,11,1988.541549,3977.083216,0
11,13,7,246824,11,3977.083216,1988.541549,0
11,7,14,246824,10,1988.541549,3181.666549,0
11,14,7,246824,10,3181.666549,1988.541549,0
11,7,21,246824,30,1988.541549,5302.777660,0
11,21,7,246824,30,5302.777660,1988.541549,0
11,7,28,246824,31,1988.541549,7954.166549,0
11,28,7,246824,31,7954.166549,1988.541549,0
11,8,9,246824,9,3977.083216,3977.083216,0
11,9,8,246824,9,3977.083216,3977.083216,0
11,9,10,246824,10,3977.083216,7954.166549,0
11,10,9,246824,10,7954.166549,3977.083216,0
11,9,12,246824,10,3977.083216,5302.777660,0
11,12,9,246824,10,5302.777660,3977.083216,0
11,10,11,246824,11,7954.166549,3977.083216,0
11,11,10,246824,11,3977.083216,7954.166549,0
11,11,14,246824,9,3977.083216,3181.666549,0
11,14,11,246824,9,3181.666549,3977.083216,0
11,11,21,246824,29,3977.083216,5302.777660,0
11,21,11,246824,29,5302.777660,3977.083216,0
11,11,24,246824,21,3977.083216,7954.166549,0
11,24,11,246824,21,7954.166549,3977.083216,0
11,12,13,246824,13,5302.777660,3977.083216,0
11,13,12,246824,13,3977.083216,5302.777660,0
11,12,27,246824,35,5302.777660,7954.166549,0
11,27,12,246824,35,7954.166549,5302.777660,0
11,13,17,246824,26,3977.083216,7954.166549,0
11,17,13,246824,26,7954.166549,3977.083216,0
11,14,15,246824,21,3181.666549,5302.777660,0
11,15,14,246824,21,5302.777660,3181.666549,0
11,14,17,246824,23,3181.666549,7954.166549,0
11,17,14,246824,23,7954.166549,3181.666549,0
11,15,16,246824,24,5302.777660,5302.777660,0
11,16,15,246824,24,5302.777660,5302.777660,0
11,16,18,246824,30,5302.777660,7954.166549,0
11,18,16,246824,30,7954.166549,5302.777660,0
11,16,19,246824,26,5302.777660,3977.083216,0
11,19,16,246824,26,3977.083216,5302.777660,0
11,18,19,246824,34,7954.166549,3977.083216,0
11,19,18,246824,34,3977.083216,7954.166549,0
11,19,22,246824,42,3977.083216,5302.777660,0
11,22,19,246824,42,5302.777660,3977.083216,0
11,20,22,246824,45,5302.777660,5302.777660,0
11,22,20,246824,45,5302.777660,5302.777660,0
11,21,23,246824,44,5302.777660,7954.166549,0
11,23,21,246824,44,7954.166549,5302.777660,0
11,22,25,246824,38,5302.777660,7954.166549,0
11,25,22,246824,38,7954.166549,5302.777660,0
11,23,26,246824,41,7954.166549,5302.777660,0
11,26,23,246824,41,5302.777660,7954.166549,0
11,25,28,246824,32,7954.166549,7954.166549,0
11,28,25,246824,32,7954.166549,7954.166549,0
11,26,29,246824,38,5302.777660,5302.777660,0
11,29,26,246824,38,5302.777660,5302.777660,0
12,0,1,246824,9,3974.999882,3179.999882,0
12,1,0,246824,9,3179.999882,3974.999882,0
12,0,3,246824,11,3974.999882,3974.999882,0
12,3,0,246824,11,3974.999882,3974.999882,0
12,0,17,246824,25,3974.999882,3974.999882,0
12,17,0,246824,25,3974.999882,3974.999882,0
12,0,19,246824,24,3974.999882,5299.999882,0
12,19,0,246824,24,5299.999882,3974.999882,0
12,1,7,246824,9,3179.999882,1987.499882,0
12,7,1,246824,9,1987.499882,3179.999882,0
12,1,15,246824,21,3179.999882,5299.999882,0
12,15,1,246824,21,5299.999882,3179.999882,0
12,1,26,246824,31,3179.999882,5299.999882,0
12,26,1,246824,31,5299.999882,3179.999882,0
12,1,29,246824,25,3179.999882,7949.999882,0
12,29,1,246824,25,7949.999882,3179.999882,0
12,2,3,246824,12,5299.999882,3974.999882,0
12,3,2,246824,12,3974.999882,5299.999882,0
12,2,12,246824,13,5299.999882,3179.999882,0
12,12,2,246824,13,3179.999882,5299.999882,0
12,2,29,246824,28,5299.999882,7949.999882,0
12,29,2,246824,28,7949.999882,5299.999882,0
12,3,6,246824,10,3974.999882,2649.999882,0
12,6,3,246824,10,2649.999882,3974.999882,0
12,3,21,246824,30,3974.999882,5299.999882,0
12,21,3,246824,30,5299.999882,3974.999882,0
12,4,5,246824,10,5299.999882,5299.999882,0
12,5,4,246824,10,5299.999882,5299.999882,0
12,4,6,246824,9,5299.999882,2649.999882,0
12,6,4,246824,9,2649.999882,5299.999882,0
12,4,7,246824,9,5299.999882,1987.499882,0
12,7,4,246824,9,1987.499882,5299.999882,0
12,5,7,246824,11,5299.999882,1987.499882,0
12,7,5,246824,11,1987.499882,5299.999882,0
12,5,20,246824,29,5299.999882,7949.999882,0
12,20,5,246824,29,7949.999882,5299.999882,0
12,6,7,246824,10,2649.999882,1987.499882,0
12,7,6,246824,10,1987.499882,2649.999882,0
12,6,8,246824,10,2649.999882,7949.999882,0
12,8,6,246824,10,7949.999882,2649.999882,0
12,6,14,246824,9,2649.999882,3179.999882,0
12,14,6,246824,9,3179.999882,2649.999882,0
12,6,28,246824,30,2649.999882,3974.999882,0
12,28,6,246824,30,3974.999882,2649.999882,0
12,7,9,246824,8,1987.499882,3974.999882,0
12,9,7,246824,8,3974.999882,1987.499882,0
12,7,13,246824,11,1987.499882,5299.999882,0
12,13,7,246824,11,5299.999882,1987.499882,0
12,7,20,246824,29,1987.499882,7949.999882,0
12,20,7,246824,29,7949.999882,1987.499882,0
12,7,28,246824,31,1987.499882,3974.999882,0
12,28,7,246824,31,3974.999882,1987.499882,0
12,8,11,246824,10,7949.999882,3974.999882,0
12,11,8,246824,10,3974.999882,7949.999882,0
12,9,10,246824,10,3974.999882,7949.999882,0
12,10,9,246824,10,7949.999882,3974.999882,0
12,9,12,246824,10,3974.999882,3179.999882,0
12,12,9,246824,10,3179.999882,3974.999882,0
12,9,14,246824,8,3974.999882,3179.999882,0
12,14,9,246824,8,3179.999882,3974.999882,0
12,10,11,246824,11,7949.999882,3974.999882,0
12,11,10,246824,11,3974.999882,7949.999882,0
12,11,21,246824,29,3974.999882,5299.999882,0
12,21,11,246824,29,5299.999882,3974.999882,0
12,11,24,246824,21,3974.999882,5299.999882,0
12,24,11,246824,21,5299.999882,3974.999882,0
12,12,13,246824,13,3179.999882,5299.999882,0
12,13,12,246824,13,5299.999882,3179.999882,0
12,12,24,246824,22,3179.999882,5299.999882,0
12,24,12,246824,22,5299.999882,3179.999882,0
12,12,27,246824,35,3179.999882,7949.999882,0
12,27,12,246824,35,7949.999882,3179.999882,0
12,13,14,246824,11,5299.999882,3179.999882,0
12,14,13,246824,11,3179.999882,5299.999882,0
12,14,15,246824,21,3179.999882,5299.999882,0
12,15,14,246824,21,5299.999882,3179.999882,0
12,14,17,246824,23,3179.999882,3974.999882,0
12,17,14,246824,23,3974.999882,3179.999882,0
12,15,16,246824,24,5299.999882,3974.999882,0
12,16,15,246824,24,3974.999882,5299.999882,0
12,16,17,246824,26,3974.999882,3974.999882,0
12,17,16,246824,26,3974.999882,3974.999882,0
12,16,18,246824,30,3974.999882,7949.999882,0
12,18,16,246824,30,7949.999882,3974.999882,0
12,16,19,246824,26,3974.999882,5299.999882,0
12,19,16,246824,26,5299.999882,3974.999882,0
12,17,18,246824,31,3974.999882,7949.999882,0
12,18,17,246824,31,7949.999882,3974.999882,0
12,19,22,246824,42,5299.999882,7949.999882,0
12,22,19,246824,42,7949.999882,5299.999882,0
12,21,23,246824,44,5299.999882,7949.999882,0
12,23,21,246824,44,7949.999882,5299.999882,0
12,22,25,246824,38,7949.999882,3974.999882,0
12,25,22,246824,38,3974.999882,7949.999882,0
12,23,26,246824,41,7949.999882,5299.999882,0
12,26,23,246824,41,5299.999882,7949.999882,0
12,24,25,246824,28,5299.999882,3974.999882,0
12,25,24,246824,28,3974.999882,5299.999882,0
12,25,27,246824,36,3974.999882,7949.999882,0
12,27,25,246824,36,7949.999882,3974.999882,0
12,25,28,246824,32,3974.999882,3974.999882,0
12,28,25,246824,32,3974.999882,3974.999882,0
12,26,28,246824,35,5299.999882,3974.999882,0
12,28,26,246824,35,3974.999882,5299.999882,0
13,0,1,246824,9,2645.833216,2645.833216,0
13,1,0,246824,9,2645.833216,2645.833216,0
13,0,3,246824,11,2645.833216,5291.666549,0
13,3,0,246824,11,5291.666549,2645.833216,0
13,0,17,246824,25,2645.833216,3174.999882,0
13,17,0,246824,25,3174.999882,2645.833216,0
13,0,19,246824,24,2645.833216,7937.499882,0
13,19,0,246824,24,7937.499882,2645.833216,0
13,0,24,246824,22,2645.833216,3174.999882,0
13,24,0,246824,22,3174.999882,2645.833216,0
13,0,29,246824,27,2645.833216,7937.499882,0
13,29,0,246824,27,7937.499882,2645.833216,0
13,1,4,246824,8,2645.833216,7937.499882,0
13,4,1,246824,8,7937.499882,2645.833216,0
13,1,7,246824,9,2645.833216,2267.857025,0
13,7,1,246824,9,2267.857025,2645.833216,0
13,1,15,246824,21,2645.833216,5291.666549,0
13,15,1,246824,21,5291.666549,2645.833216,0
13,1,20,246824,27,2645.833216,5291.666549,0
13,20,1,246824,27,5291.666549,2645.833216,0
13,1,26,246824,31,2645.833216,5291.666549,0
13,26,1,246824,31,5291.666549,2645.833216,0
13,2,3,246824,12,3174.999882,5291.666549,0
13,3,2,246824,12,5291.666549,3174.999882,0
13,2,5,246824,12,3174.999882,3174.999882,0
13,5,2,246824,12,3174.999882,3174.999882,0
13,2,12,246824,13,3174.999882,3968.749882,0
13,12,2,246824,13,3968.749882,3174.999882,0
13,2,17,246824,26,3174.999882,3174.999882,0
13,17,2,246824,26,3174.999882,3174.999882,0
13,2,29,246824,28,3174.999882,7937.499882,0
13,29,2,246824,28,7937.499882,3174.999882,0
13,3,6,246824,10,5291.666549,3968.749882,0
13,6,3,246824,10,3968.749882,5291.666549,0
13,4,7,246824,9,7937.499882,2267.857025,0
13,7,4,246824,9,2267.857025,7937.499882,0
13,5,7,246824,11,3174.999882,2267.857025,0
13,7,5,246824,11,2267.857025,3174.999882,0
13,5,8,246824,11,3174.999882,3174.999882,0
13,8,5,246824,11,3174.999882,3174.999882,0
13,5,15,246824,23,3174.999882,5291.666549,0
13,15,5,246824,23,5291.666549,3174.999882,0
13,5,20,246824,29,3174.999882,5291.666549,0
13,20,5,246824,29,5291.666549,3174.999882,0
13,6,8,246824,10,3968.749882,3174.999882,0
13,8,6,246824,10,3174.999882,3968.749882,0
13,6,14,246824,9,3968.749882,5291.666549,0
13,14,6,246824,9,5291.666549,3968.749882,0
13,6,28,246824,30,3968.749882,7937.499882,0
13,28,6,246824,30,7937.499882,3968.749882,0
13,7,9,246824,8,2267.857025,5291.666549,0
13,9,7,246824,8,5291.666549,2267.857025,0
13,7,13,246824,11,2267.857025,5291.666549,0
13,13,7,246824,11,5291.666549,2267.857025,0
13,7,21,246824,30,2267.857025,7937.499882,0
13,21,7,246824,30,7937.499882,2267.857025,0
13,7,28,246824,31,2267.857025,7937.499882,0
13,28,7,246824,31,7937.499882,2267.857025,0
13,8,9,246824,9,3174.999882,5291.666549,0
13,9,8,246824,9,5291.666549,3174.999882,0
13,8,10,246824,12,3174.999882,3968.749882,0
13,10,8,246824,12,3968.749882,3174.999882,0
13,8,11,246824,10,3174.999882,3174.999882,0
13,11,8,246824,10,3174.999882,3174.999882,0
13,9,12,246824,10,5291.666549,3968.749882,0
13,12,9,246824,10,3968.749882,5291.666549,0
13,10,11,246824,11,3968.749882,3174.999882,0
13,11,10,246824,11,3174.999882,3968.749882,0
13,10,12,246824,12,3968.749882,3968.749882,0
13,12,10,246824,12,3968.749882,3968.749882,0
13,10,13,246824,13,3968.749882,5291.666549,0
13,13,10,246824,13,5291.666549,3968.749882,0
13,11,14,246824,9,3174.999882,5291.666549,0
13,14,11,246824,9,5291.666549,3174.999882,0
13,11,21,246824,29,3174.999882,7937.499882,0
13,21,11,246824,29,7937.499882,3174.999882,0
13,11,24,246824,21,3174.999882,3174.999882,0
13,24,11,246824,21,3174.999882,3174.999882,0
13,12,27,246824,35,3968.749882,7937.499882,0
13,27,12,246824,35,7937.499882,3968.749882,0
13,13,14,246824,11,5291.666549,5291.666549,0
13,14,13,246824,11,5291.666549,5291.666549,0
13,15,16,246824,24,5291.666549,7937.499882,0
13,16,15,246824,24,7937.499882,5291.666549,0
13,16,17,246824,26,7937.499882,3174.999882,0
13,17,16,246824,26,3174.999882,7937.499882,0
13,17,18,246824,31,3174.999882,7937.499882,0
13,18,17,246824,31,7937.499882,3174.999882,0
13,17,19,246824,30,3174.999882,7937.499882,0
13,19,17,246824,30,7937.499882,3174.999882,0
13,18,20,246824,37,7937.499882,5291.666549,0
13,20,18,246824,37,5291.666549,7937.499882,0
13,22,24,246824,40,7937.499882,3174.999882,0
13,24,22,246824,40,3174.999882,7937.499882,0
13,22,25,246824,38,7937.499882,3968.749882,0
13,25,22,246824,38,3968.749882,7937.499882,0
13,23,24,246824,40,7937.499882,3174.999882,0
13,24,23,246824,40,3174.999882,7937.499882,0
13,23,26,246824,41,7937.499882,5291.666549,0
13,26,23,246824,41,5291.666549,7937.499882,0
13,24,25,246824,28,3174.999882,3968.749882,0
13,25,24,246824,28,3968.749882,3174.999882,0
13,25,26,246824,34,3968.749882,5291.666549,0
13,26,25,246824,34,5291.666549,3968.749882,0
13,25,27,246824,36,3968.749882,7937.499882,0
13,27,25,246824,36,7937.499882,3968.749882,0
14,0,1,246824,9,3977.083216,2651.388771,0
14,1,0,246824,9,2651.388771,3977.083216,0
14,0,3,246824,11,3977.083216,3181.666549,0
14,3,0,246824,11,3181.666549,3977.083216,0
14,0,19,246824,24,3977.083216,7954.166549,0
14,19,0,246824,24,7954.166549,3977.083216,0
14,0,24,246824,22,3977.083216,5302.777660,0
14,24,0,246824,22,5302.777660,3977.083216,0
14,1,4,246824,8,2651.388771,3977.083216,0
14,4,1,246824,8,3977.083216,2651.388771,0
14,1,7,246824,9,2651.388771,1988.541549,0
14,7,1,246824,9,1988.541549,2651.388771,0
14,1,20,246824,27,2651.388771,5302.777660,0
14,20,1,246824,27,5302.777660,2651.388771,0
14,1,26,246824,31,2651.388771,5302.777660,0
14,26,1,246824,31,5302.777660,2651.388771,0
14,1,29,246824,25,2651.388771,7954.166549,0
14,29,1,246824,25,7954.166549,2651.388771,0
14,2,3,246824,12,3181.666549,3181.666549,0
14,3,2,246824,12,3181.666549,3181.666549,0
14,2,5,246824,12,3181.666549,3977.083216,0
14,5,2,246824,12,3977.083216,3181.666549,0
14,2,12,246824,13,3181.666549,3977.083216,0
14,12,2,246824,13,3977.083216,3181.666549,0
14,2,27,246824,36,3181.666549,5302.777660,0
14,27,2,246824,36,5302.777660,3181.666549,0
14,2,29,246824,28,3181.666549,7954.166549,0
14,29,2,246824,28,7954.166549,3181.666549,0
14,3,6,246824,10,3181.666549,3977.083216,0
14,6,3,246824,10,3977.083216,3181.666549,0
14,3,8,246824,11,3181.666549,3977.083216,0
14,8,3,246824,11,3977.083216,3181.666549,0
14,3,21,246824,30,3181.666549,3977.083216,0
14,21,3,246824,30,3977.083216,3181.666549,0
14,4,6,246824,9,3977.083216,3977.083216,0
14,6,4,246824,9,3977.083216,3977.083216,0
14,4,7,246824,9,3977.083216,1988.541549,0
14,7,4,246824,9,1988.541549,3977.083216,0
14,4,13,246824,10,3977.083216,3977.083216,0
14,13,4,246824,10,3977.083216,3977.083216,0
14,5,7,246824,11,3977.083216,1988.541549,0
14,7,5,246824,11,1988.541549,3977.083216,0
14,5,15,246824,23,3977.083216,5302.777660,0
14,15,5,246824,23,5302.777660,3977.083216,0
14,5,20,246824,29,3977.083216,5302.777660,0
14,20,5,246824,29,5302.777660,3977.083216,0
14,6,7,246824,10,3977.083216,1988.541549,0
14,7,6,246824,10,1988.541549,3977.083216,0
14,6,8,246824,10,3977.083216,3977.083216,0
14,8,6,246824,10,3977.083216,3977.083216,0
14,7,9,246824,8,1988.541549,5302.777660,0
14,9,7,246824,8,5302.777660,1988.541549,0
14,7,14,246824,10,1988.541549,3181.666549,0
14,14,7,246824,10,3181.666549,1988.541549,0
14,7,21,246824,30,1988.541549,3977.083216,0
14,21,7,246824,30,3977.083216,1988.541549,0
14,7,28,246824,31,1988.541549,7954.166549,0
14,28,7,246824,31,7954.166549,1988.541549,0
14,8,9,246824,9,3977.083216,5302.777660,0
14,9,8,246824,9,5302.777660,3977.083216,0
14,8,10,246824,12,3977.083216,5302.777660,0
14,10,8,246824,12,5302.777660,3977.083216,0
14,9,10,246824,10,5302.777660,5302.777660,0
14,10,9,246824,10,5302.777660,5302.777660,0
14,10,11,246824,11,5302.777660,7954.166549,0
14,11,10,246824,11,7954.166549,5302.777660,0
14,11,14,246824,9,7954.166549,3181.666549,0
14,14,11,246824,9,3181.666549,7954.166549,0
14,12,13,246824,13,3977.083216,3977.083216,0
14,13,12,246824,13,3977.083216,3977.083216,0
14,12,24,246824,22,3977.083216,5302.777660,0
14,24,12,246824,22,5302.777660,3977.083216,0
14,12,27,246824,35,3977.083216,5302.777660,0
14,27,12,246824,35,5302.777660,3977.083216,0
14,13,14,246824,11,3977.083216,3181.666549,0
14,14,13,246824,11,3181.666549,3977.083216,0
14,13,17,246824,26,3977.083216,7954.166549,0
14,17,13,246824,26,7954.166549,3977.083216,0
14,14,15,246824,21,3181.666549,5302.777660,0
14,15,14,246824,21,5302.777660,3181.666549,0
14,14,17,246824,23,3181.666549,7954.166549,0
14,17,14,246824,23,7954.166549,3181.666549,0
14,15,16,246824,24,5302.777660,5302.777660,0
14,16,15,246824,24,5302.777660,5302.777660,0
14,16,18,246824,30,5302.777660,7954.166549,0
14,18,16,246824,30,7954.166549,5302.777660,0
14,16,19,246824,26,5302.777660,7954.166549,0
14,19,16,246824,26,7954.166549,5302.777660,0
14,18,21,246824,36,7954.166549,3977.083216,0
14,21,18,246824,36,3977.083216,7954.166549,0
14,20,22,246824,45,5302.777660,7954.166549,0
14,22,20,246824,45,7954.166549,5302.777660,0
14,21,23,246824,44,3977.083216,7954.166549,0
14,23,21,246824,44,7954.166549,3977.083216,0
14,22,25,246824,38,7954.166549,5302.777660,0
14,25,22,246824,38,5302.777660,7954.166549,0
14,23,26,246824,41,7954.166549,5302.777660,0
14,26,23,246824,41,5302.777660,7954.166549,0
14,24,26,246824,36,5302.777660,5302.777660,0
14,26,24,246824,36,5302.777660,5302.777660,0
14,25,27,246824,36,5302.777660,5302.777660,0
14,27,25,246824,36,5302.777660,5302.777660,0
14,25,28,246824,32,5302.777660,7954.166549,0
14,28,25,246824,32,7954.166549,5302.777660,0
15,0,1,246824,9,2645.833216,5291.666549,0
15,1,0,246824,9,5291.666549,2645.833216,0
15,0,3,246824,11,2645.833216,7937.499882,0
15,3,0,246824,11,7937.499882,2645.833216,0
15,0,17,246824,25,2645.833216,3174.999882,0
15,17,0,246824,25,3174.999882,2645.833216,0
15,0,19,246824,24,2645.833216,5291.666549,0
15,19,0,246824,24,5291.666549,2645.833216,0
15,0,24,246824,22,2645.833216,3968.749882,0
15,24,0,246824,22,3968.749882,2645.833216,0
15,0,29,246824,27,2645.833216,5291.666549,0
15,29,0,246824,27,5291.666549,2645.833216,0
15,1,7,246824,9,5291.666549,1763.888771,0
15,7,1,246824,9,1763.888771,5291.666549,0
15,1,15,246824,21,5291.666549,5291.666549,0
15,15,1,246824,21,5291.666549,5291.666549,0
15,2,5,246824,12,5291.666549,3968.749882,0
15,5,2,246824,12,3968.749882,5291.666549,0
15,2,12,246824,13,5291.666549,3968.749882,0
15,12,2,246824,13,3968.749882,5291.666549,0
15,2,29,246824,28,5291.666549,5291.666549,0
15,29,2,246824,28,5291.666549,5291.666549,0
15,3,8,246824,11,7937.499882,3968.749882,0
15,8,3,246824,11,3968.749882,7937.499882,0
15,4,5,246824,10,5291.666549,3968.749882,0
15,5,4,246824,10,3968.749882,5291.666549,0
15,4,7,246824,9,5291.666549,1763.888771,0
15,7,4,246824,9,1763.888771,5291.666549,0
15,4,13,246824,10,5291.666549,3174.999882,0
15,13,4,246824,10,3174.999882,5291.666549,0
15,5,7,246824,11,3968.749882,1763.888771,0
15,7,5,246824,11,1763.888771,3968.749882,0
15,5,20,246824,29,3968.749882,7937.499882,0
15,20,5,246824,29,7937.499882,3968.749882,0
15,6,7,246824,10,3968.749882,1763.888771,0
15,7,6,246824,10,1763.888771,3968.749882,0
15,6,8,246824,10,3968.749882,3968.749882,0
15,8,6,246824,10,3968.749882,3968.749882,0
15,6,14,246824,9,3968.749882,2645.833216,0
15,14,6,246824,9,2645.833216,3968.749882,0
15,6,28,246824,30,3968.749882,7937.499882,0
15,28,6,246824,30,7937.499882,3968.749882,0
15,7,9,246824,8,1763.888771,3174.999882,0
15,9,7,246824,8,3174.999882,1763.888771,0
15,7,14,246824,10,1763.888771,2645.833216,0
15,14,7,246824,10,2645.833216,1763.888771,0
15,7,20,246824,29,1763.888771,7937.499882,0
15,20,7,246824,29,7937.499882,1763.888771,0
15,7,21,246824,30,1763.888771,7937.499882,0
15,21,7,246824,30,7937.499882,1763.888771,0
15,7,28,246824,31,1763.888771,7937.499882,0
15,28,7,246824,31,7937.499882,1763.888771,0
15,8,9,246824,9,3968.749882,3174.999882,0
15,9,8,246824,9,3174.999882,3968.749882,0
15,8,11,246824,10,3968.749882,3968.749882,0
15,11,8,246824,10,3968.749882,3968.749882,0
15,9,10,246824,10,3174.999882,7937.499882,0
15,10,9,246824,10,7937.499882,3174.999882,0
15,9,12,246824,10,3174.999882,3968.749882,0
15,12,9,246824,10,3968.749882,3174.999882,0
15,9,14,246824,8,3174.999882,2645.833216,0
15,14,9,246824,8,2645.833216,3174.999882,0
15,10,13,246824,13,7937.499882,3174.999882,0
15,13,10,246824,13,3174.999882,7937.499882,0
15,11,14,246824,9,3968.749882,2645.833216,0
15,14,11,246824,9,2645.833216,3968.749882,0
15,11,21,246824,29,3968.749882,7937.499882,0
15,21,11,246824,29,7937.499882,3968.749882,0
15,11,24,246824,21,3968.749882,3968.749882,0
15,24,11,246824,21,3968.749882,3968.749882,0
15,12,13,246824,13,3968.749882,3174.999882,0
15,13,12,246824,13,3174.999882,3968.749882,0
15,12,27,246824,35,3968.749882,7937.499882,0
15,27,12,246824,35,7937.499882,3968.749882,0
15,13,14,246824,11,3174.999882,2645.833216,0
15,14,13,246824,11,2645.833216,3174.999882,0
15,13,17,246824,26,3174.999882,3174.999882,0
15,17,13,246824,26,3174.999882,3174.999882,0
15,14,15,246824,21,2645.833216,5291.666549,0
15,15,14,246824,21,5291.666549,2645.833216,0
15,15,16,246824,24,5291.666549,7937.499882,0
15,16,15,246824,24,7937.499882,5291.666549,0
15,16,17,246824,26,7937.499882,3174.999882,0
15,17,16,246824,26,3174.999882,7937.499882,0
15,17,18,246824,31,3174.999882,7937.499882,0
15,18,17,246824,31,7937.499882,3174.999882,0
15,17,19,246824,30,3174.999882,5291.666549,0
15,19,17,246824,30,5291.666549,3174.999882,0
15,18,19,246824,34,7937.499882,5291.666549,0
15,19,18,246824,34,5291.666549,7937.499882,0
15,22,24,246824,40,7937.499882,3968.749882,0
15,24,22,246824,40,3968.749882,7937.499882,0
15,22,25,246824,38,7937.499882,5291.666549,0
15,25,22,246824,38,5291.666549,7937.499882,0
15,23,24,246824,40,7937.499882,3968.749882,0
15,24,23,246824,40,3968.749882,7937.499882,0
15,23,26,246824,41,7937.499882,5291.666549,0
15,26,23,246824,41,5291.666549,7937.499882,0
15,25,26,246824,34,5291.666549,5291.666549,0
15,26,25,246824,34,5291.666549,5291.666549,0
15,25,27,246824,36,5291.666549,7937.499882,0
15,27,25,246824,36,7937.499882,5291.666549,0
15,26,29,246824,38,5291.666549,5291.666549,0
15,29,26,246824,38,5291.666549,5291.666549,0
16,0,1,246824,9,5302.777660,2272.618930,0
16,1,0,246824,9,2272.618930,5302.777660,0
16,0,3,246824,11,5302.777660,7954.166549,0
16,3,0,246824,11,7954.166549,5302.777660,0
16,0,19,246824,24,5302.777660,5302.777660,0
16,19,0,246824,24,5302.777660,5302.777660,0
16,1,4,246824,8,2272.618930,3977.083216,0
16,4,1,246824,8,3977.083216,2272.618930,0
16,1,7,246824,9,2272.618930,3181.666549,0
16,7,1,246824,9,3181.666549,2272.618930,0
16,1,15,246824,21,2272.618930,5302.777660,0
16,15,1,246824,21,5302.777660,2272.618930,0
16,1,20,246824,27,2272.618930,3977.083216,0
16,20,1,246824,27,3977.083216,2272.618930,0
16,1,26,246824,31,2272.618930,3977.083216,0
16,26,1,246824,31,3977.083216,2272.618930,0
16,1,29,246824,25,2272.618930,7954.166549,0
16,29,1,246824,25,7954.166549,2272.618930,0
16,2,3,246824,12,3181.666549,7954.166549,0
16,3,2,246824,12,7954.166549,3181.666549,0
16,2,5,246824,12,3181.666549,3977.083216,0
16,5,2,246824,12,3977.083216,3181.666549,0
16,2,17,246824,26,3181.666549,3977.083216,0
16,17,2,246824,26,3977.083216,3181.666549,0
16,2,27,246824,36,3181.666549,7954.166549,0
16,27,2,246824,36,7954.166549,3181.666549,0
16,2,29,246824,28,3181.666549,7954.166549,0
16,29,2,246824,28,7954.166549,3181.666549,0
16,4,5,246824,10,3977.083216,3977.083216,0
16,5,4,246824,10,3977.083216,3977.083216,0
16,4,6,246824,9,3977.083216,5302.777660,0
16,6,4,246824,9,5302.777660,3977.083216,0
16,4,13,246824,10,3977.083216,5302.777660,0
16,13,4,246824,10,5302.777660,3977.083216,0
16,5,8,246824,11,3977.083216,5302.777660,0
16,8,5,246824,11,5302.777660,3977.083216,0
16,5,20,246824,29,3977.083216,3977.083216,0
16,20,5,246824,29,3977.083216,3977.083216,0
16,6,14,246824,9,5302.777660,2651.388771,0
16,14,6,246824,9,2651.388771,5302.777660,0
16,6,28,246824,30,5302.777660,5302.777660,0
16,28,6,246824,30,5302.777660,5302.777660,0
16,7,9,246824,8,3181.666549,3181.666549,0
16,9,7,246824,8,3181.666549,3181.666549,0
16,7,13,246824,11,3181.666549,5302.777660,0
16,13,7,246824,11,5302.777660,3181.666549,0
16,7,21,246824,30,3181.666549,7954.166549,0
16,21,7,246824,30,7954.166549,3181.666549,0
16,7,28,246824,31,3181.666549,5302.777660,0
16,28,7,246824,31,5302.777660,3181.666549,0
16,8,9,246824,9,5302.777660,3181.666549,0
16,9,8,246824,9,3181.666549,5302.777660,0
16,8,11,246824,10,5302.777660,3181.666549,0
16,11,8,246824,10,3181.666549,5302.777660,0
16,9,10,246824,10,3181.666549,5302.777660,0
16,10,9,246824,10,5302.777660,3181.666549,0
16,9,12,246824,10,3181.666549,5302.777660,0
16,12,9,246824,10,5302.777660,3181.666549,0
16,9,14,246824,8,3181.666549,2651.388771,0
16,14,9,246824,8,2651.388771,3181.666549,0
16,10,11,246824,11,5302.777660,3181.666549,0
16,11,10,246824,11,3181.666549,5302.777660,0
16,10,12,246824,12,5302.777660,5302.777660,0
16,12,10,246824,12,5302.777660,5302.777660,0
16,11,14,246824,9,3181.666549,2651.388771,0
16,14,11,246824,9,2651.388771,3181.666549,0
16,11,21,246824,29,3181.666549,7954.166549,0
16,21,11,246824,29,7954.166549,3181.666549,0
16,11,24,246824,21,3181.666549,3977.083216,0
16,24,11,246824,21,3977.083216,3181.666549,0
16,12,24,246824,22,5302.777660,3977.083216,0
16,24,12,246824,22,3977.083216,5302.777660,0
16,13,14,246824,11,5302.777660,2651.388771,0
16,14,13,246824,11,2651.388771,5302.777660,0
16,14,15,246824,21,2651.388771,5302.777660,0
16,15,14,246824,21,5302.777660,2651.388771,0
16,14,17,246824,23,2651.388771,3977.083216,0
16,17,14,246824,23,3977.083216,2651.388771,0
16,15,16,246824,24,5302.777660,5302.777660,0
16,16,15,246824,24,5302.777660,5302.777660,0
16,16,17,246824,26,5302.777660,3977.083216,0
16,17,16,246824,26,3977.083216,5302.777660,0
16,16,19,246824,26,5302.777660,5302.777660,0
16,19,16,246824,26,5302.777660,5302.777660,0
16,17,18,246824,31,3977.083216,7954.166549,0
16,18,17,246824,31,7954.166549,3977.083216,0
16,18,20,246824,37,7954.166549,3977.083216,0
16,20,18,246824,37,3977.083216,7954.166549,0
16,19,22,246824,42,5302.777660,7954.166549,0
16,22,19,246824,42,7954.166549,5302.777660,0
16,20,22,246824,45,3977.083216,7954.166549,0
16,22,20,246824,45,7954.166549,3977.083216,0
16,23,24,246824,40,7954.166549,3977.083216,0
16,24,23,246824,40,3977.083216,7954.166549,0
16,23,26,246824,41,7954.166549,3977.083216,0
16,26,23,246824,41,3977.083216,7954.166549,0
16,24,25,246824,28,3977.083216,5302.777660,0
16,25,24,246824,28,5302.777660,3977.083216,0
16,25,26,246824,34,5302.777660,3977.083216,0
16,26,25,246824,34,3977.083216,5302.777660,0
16,25,27,246824,36,5302.777660,7954.166549,0
16,27,25,246824,36,7954.166549,5302.777660,0
16,26,28,246824,35,3977.083216,5302.777660,0
16,28,26,246824,35,5302.777660,3977.083216,0
17,0,1,246824,9,3181.666549,2272.618930,0
17,1,0,246824,9,2272.618930,3181.666549,0
17,0,3,246824,11,3181.666549,3977.083216,0
17,3,0,246824,11,3977.083216,3181.666549,0
17,0,17,246824,25,3181.666549,7954.166549,0
17,17,0,246824,25,7954.166549,3181.666549,0
17,0,19,246824,24,3181.666549,5302.777660,0
17,19,0,246824,24,5302.777660,3181.666549,0
17,0,24,246824,22,3181.666549,3977.083216,0
17,24,0,246824,22,3977.083216,3181.666549,0
17,1,4,246824,8,2272.618930,3181.666549,0
17,4,1,246824,8,3181.666549,2272.618930,0
17,1,7,246824,9,2272.618930,1767.592475,0
17,7,1,246824,9,1767.592475,2272.618930,0
17,1,15,246824,21,2272.618930,5302.777660,0
17,15,1,246824,21,5302.777660,2272.618930,0
17,1,20,246824,27,2272.618930,5302.777660,0
17,20,1,246824,27,5302.777660,2272.618930,0
17,1,26,246824,31,2272.618930,5302.777660,0
17,26,1,246824,31,5302.777660,2272.618930,0
17,1,29,246824,25,2272.618930,7954.166549,0
17,29,1,246824,25,7954.166549,2272.618930,0
17,2,3,246824,12,3181.666549,3977.083216,0
17,3,2,246824,12,3977.083216,3181.666549,0
17,2,12,246824,13,3181.666549,5302.777660,0
17,12,2,246824,13,5302.777660,3181.666549,0
17,2,17,246824,26,3181.666549,7954.166549,0
17,17,2,246824,26,7954.166549,3181.666549,0
17,2,27,246824,36,3181.666549,7954.166549,0
17,27,2,246824,36,7954.166549,3181.666549,0
17,2,29,246824,28,3181.666549,7954.166549,0
17,29,2,246824,28,7954.166549,3181.666549,0
17,3,8,246824,11,3977.083216,3181.666549,0
17,8,3,246824,11,3181.666549,3977.083216,0
17,3,21,246824,30,3977.083216,7954.166549,0
17,21,3,246824,30,7954.166549,3977.083216,0
17,4,5,246824,10,3181.666549,5302.777660,0
17,5,4,246824,10,5302.777660,3181.666549,0
17,4,6,246824,9,3181.666549,3977.083216,0
17,6,4,246824,9,3977.083216,3181.666549,0
17,4,7,246824,9,3181.666549,1767.592475,0
17,7,4,246824,9,1767.592475,3181.666549,0
17,4,13,246824,10,3181.666549,3181.666549,0
17,13,4,246824,10,3181.666549,3181.666549,0
17,5,7,246824,11,5302.777660,1767.592475,0
17,7,5,246824,11,1767.592475,5302.777660,0
17,5,15,246824,23,5302.777660,5302.777660,0
17,15,5,246824,23,5302.777660,5302.777660,0
17,6,7,246824,10,3977.083216,1767.592475,0
17,7,6,246824,10,1767.592475,3977.083216,0
17,6,8,246824,10,3977.083216,3181.666549,0
17,8,6,246824,10,3181.666549,3977.083216,0
17,6,28,246824,30,3977.083216,7954.166549,0
17,28,6,246824,30,7954.166549,3977.083216,0
17,7,9,246824,8,1767.592475,3977.083216,0
17,9,7,246824,8,3977.083216,1767.592475,0
17,7,13,246824,11,1767.592475,3181.666549,0
17,13,7,246824,11,3181.666549,1767.592475,0
17,7,14,246824,10,1767.592475,5302.777660,0
17,14,7,246824,10,5302.777660,1767.592475,0
17,7,20,246824,29,1767.592475,5302.777660,0
17,20,7,246824,29,5302.777660,1767.592475,0
17,7,21,246824,30,1767.592475,7954.166549,0
17,21,7,246824,30,7954.166549,1767.592475,0
17,8,9,246824,9,3181.666549,3977.083216,0
17,9,8,246824,9,3977.083216,3181.666549,0
17,8,10,246824,12,3181.666549,5302.777660,0
17,10,8,246824,12,5302.777660,3181.666549,0
17,8,11,246824,10,3181.666549,5302.777660,0
17,11,8,246824,10,5302.777660,3181.666549,0
17,9,12,246824,10,3977.083216,5302.777660,0
17,12,9,246824,10,5302.777660,3977.083216,0
17,9,14,246824,8,3977.083216,5302.777660,0
17,14,9,246824,8,5302.777660,3977.083216,0
17,10,11,246824,11,5302.777660,5302.777660,0
17,11,10,246824,11,5302.777660,5302.777660,0
17,10,13,246824,13,5302.777660,3181.666549,0
17,13,10,246824,13,3181.666549,5302.777660,0
17,11,24,246824,21,5302.777660,3977.083216,0
17,24,11,246824,21,3977.083216,5302.777660,0
17,12,13,246824,13,5302.777660,3181.666549,0
17,13,12,246824,13,3181.666549,5302.777660,0
17,13,14,246824,11,3181.666549,5302.777660,0
17,14,13,246824,11,5302.777660,3181.666549,0
17,15,16,246824,24,5302.777660,5302.777660,0
17,16,15,246824,24,5302.777660,5302.777660,0
17,16,18,246824,30,5302.777660,7954.166549,0
17,18,16,246824,30,7954.166549,5302.777660,0
17,16,19,246824,26,5302.777660,5302.777660,0
17,19,16,246824,26,5302.777660,5302.777660,0
17,18,19,246824,34,7954.166549,5302.777660,0
17,19,18,246824,34,5302.777660,7954.166549,0
17,20,22,246824,45,5302.777660,7954.166549,0
17,22,20,246824,45,7954.166549,5302.777660,0
17,22,25,246824,38,7954.166549,3181.666549,0
17,25,22,246824,38,3181.666549,7954.166549,0
17,23,24,246824,40,7954.166549,3977.083216,0
17,24,23,246824,40,3977.083216,7954.166549,0
17,23,26,246824,41,7954.166549,5302.777660,0
17,26,23,246824,41,5302.777660,7954.166549,0
17,24,25,246824,28,3977.083216,3181.666549,0
17,25,24,246824,28,3181.666549,3977.083216,0
17,25,26,246824,34,3181.666549,5302.777660,0
17,26,25,246824,34,5302.777660,3181.666549,0
17,25,27,246824,36,3181.666549,7954.166549,0
17,27,25,246824,36,7954.166549,3181.666549,0
17,25,28,246824,32,3181.666549,7954.166549,0
17,28,25,246824,32,7954.166549,3181.666549,0
18,0,1,246824,9,2649.999882,5299.999882,0
18,1,0,246824,9,5299.999882,2649.999882,0
18,0,3,246824,11,2649.999882,7949.999882,0
18,3,0,246824,11,7949.999882,2649.999882,0
18,0,17,246824,25,2649.999882,3179.999882,0
18,17,0,246824,25,3179.999882,2649.999882,0
18,0,19,246824,24,2649.999882,5299.999882,0
18,19,0,246824,24,5299.999882,2649.999882,0
18,0,24,246824,22,2649.999882,2649.999882,0
18,24,0,246824,22,2649.999882,2649.999882,0
18,0,29,246824,27,2649.999882,7949.999882,0
18,29,0,246824,27,7949.999882,2649.999882,0
18,1,7,246824,9,5299.999882,1987.499882,0
18,7,1,246824,9,1987.499882,5299.999882,0
18,1,26,246824,31,5299.999882,7949.999882,0
18,26,1,246824,31,7949.999882,5299.999882,0
18,2,5,246824,12,5299.999882,3179.999882,0
18,5,2,246824,12,3179.999882,5299.999882,0
18,2,12,246824,13,5299.999882,3179.999882,0
18,12,2,246824,13,3179.999882,5299.999882,0
18,2,29,246824,28,5299.999882,7949.999882,0
18,29,2,246824,28,7949.999882,5299.999882,0
18,3,6,246824,10,7949.999882,3974.999882,0
18,6,3,246824,10,3974.999882,7949.999882,0
18,4,6,246824,9,7949.999882,3974.999882,0
18,6,4,246824,9,3974.999882,7949.999882,0
18,4,7,246824,9,7949.999882,1987.499882,0
18,7,4,246824,9,1987.499882,7949.999882,0
18,5,7,246824,11,3179.999882,1987.499882,0
18,7,5,246824,11,1987.499882,3179.999882,0
18,5,8,246824,11,3179.999882,3974.999882,0
18,8,5,246824,11,3974.999882,3179.999882,0
18,5,15,246824,23,3179.999882,5299.999882,0
18,15,5,246824,23,5299.999882,3179.999882,0
18,5,20,246824,29,3179.999882,7949.999882,0
18,20,5,246824,29,7949.999882,3179.999882,0
18,6,8,246824,10,3974.999882,3974.999882,0
18,8,6,246824,10,3974.999882,3974.999882,0
18,6,28,246824,30,3974.999882,7949.999882,0
18,28,6,246824,30,7949.999882,3974.999882,0
18,7,9,246824,8,1987.499882,3179.999882,0
18,9,7,246824,8,3179.999882,1987.499882,0
18,7,13,246824,11,1987.499882,7949.999882,0
18,13,7,246824,11,7949.999882,1987.499882,0
18,7,20,246824,29,1987.499882,7949.999882,0
18,20,7,246824,29,7949.999882,1987.499882,0
18,7,21,246824,30,1987.499882,3974.999882,0
18,21,7,246824,30,3974.999882,1987.499882,0
18,7,28,246824,31,1987.499882,7949.999882,0
18,28,7,246824,31,7949.999882,1987.499882,0
18,8,9,246824,9,3974.999882,3179.999882,0
18,9,8,246824,9,3179.999882,3974.999882,0
18,8,11,246824,10,3974.999882,3974.999882,0
18,11,8,246824,10,3974.999882,3974.999882,0
18,9,10,246824,10,3179.999882,7949.999882,0
18,10,9,246824,10,7949.999882,3179.999882,0
18,9,12,246824,10,3179.999882,3179.999882,0
18,12,9,246824,10,3179.999882,3179.999882,0
18,9,14,246824,8,3179.999882,3974.999882,0
18,14,9,246824,8,3974.999882,3179.999882,0
18,10,11,246824,11,7949.999882,3974.999882,0
18,11,10,246824,11,3974.999882,7949.999882,0
18,11,14,246824,9,3974.999882,3974.999882,0
18,14,11,246824,9,3974.999882,3974.999882,0
18,11,21,246824,29,3974.999882,3974.999882,0
18,21,11,246824,29,3974.999882,3974.999882,0
18,12,13,246824,13,3179.999882,7949.999882,0
18,13,12,246824,13,7949.999882,3179.999882,0
18,12,24,246824,22,3179.999882,2649.999882,0
18,24,12,246824,22,2649.999882,3179.999882,0
18,12,27,246824,35,3179.999882,7949.999882,0
18,27,12,246824,35,7949.999882,3179.999882,0
18,14,15,246824,21,3974.999882,5299.999882,0
18,15,14,246824,21,5299.999882,3974.999882,0
18,14,17,246824,23,3974.999882,3179.999882,0
18,17,14,246824,23,3179.999882,3974.999882,0
18,15,16,246824,24,5299.999882,7949.999882,0
18,16,15,246824,24,7949.999882,5299.999882,0
18,16,17,246824,26,7949.999882,3179.999882,0
18,17,16,246824,26,3179.999882,7949.999882,0
18,17,18,246824,31,3179.999882,7949.999882,0
18,18,17,246824,31,7949.999882,3179.999882,0
18,17,19,246824,30,3179.999882,5299.999882,0
18,19,17,246824,30,5299.999882,3179.999882,0
18,18,21,246824,36,7949.999882,3974.999882,0
18,21,18,246824,36,3974.999882,7949.999882,0
18,19,22,246824,42,5299.999882,7949.999882,0
18,22,19,246824,42,7949.999882,5299.999882,0
18,21,23,246824,44,3974.999882,7949.999882,0
18,23,21,246824,44,7949.999882,3974.999882,0
18,22,24,246824,40,7949.999882,2649.999882,0
18,24,22,246824,40,2649.999882,7949.999882,0
18,23,24,246824,40,7949.999882,2649.999882,0
18,24,23,246824,40,2649.999882,7949.999882,0
18,24,25,246824,28,2649.999882,7949.999882,0
18,25,24,246824,28,7949.999882,2649.999882,0
18,24,26,246824,36,2649.999882,7949.999882,0
18,26,24,246824,36,7949.999882,2649.999882,0
18,25,27,246824,36,7949.999882,7949.999882,0
18,27,25,246824,36,7949.999882,7949.999882,0
19,0,1,246824,9,3968.749882,2645.833216,0
19,1,0,246824,9,2645.833216,3968.749882,0
19,0,3,246824,11,3968.749882,3968.749882,0
19,3,0,246824,11,3968.749882,3968.749882,0
19,0,19,246824,24,3968.749882,7937.499882,0
19,19,0,246824,24,7937.499882,3968.749882,0
19,0,24,246824,22,3968.749882,2645.833216,0
19,24,0,246824,22,2645.833216,3968.749882,0
19,1,4,246824,8,2645.833216,3968.749882,0
19,4,1,246824,8,3968.749882,2645.833216,0
19,1,7,246824,9,2645.833216,3968.749882,0
19,7,1,246824,9,3968.749882,2645.833216,0
19,1,15,246824,21,2645.833216,5291.666549,0
19,15,1,246824,21,5291.666549,2645.833216,0
19,1,20,246824,27,2645.833216,5291.666549,0
19,20,1,246824,27,5291.666549,2645.833216,0
19,1,29,246824,25,2645.833216,7937.499882,0
19,29,1,246824,25,7937.499882,2645.833216,0
19,2,3,246824,12,3968.749882,3968.749882,0
19,3,2,246824,12,3968.749882,3968.749882,0
19,2,5,246824,12,3968.749882,3968.749882,0
19,5,2,246824,12,3968.749882,3968.749882,0
19,2,27,246824,36,3968.749882,7937.499882,0
19,27,2,246824,36,7937.499882,3968.749882,0
19,2,29,246824,28,3968.749882,7937.499882,0
19,29,2,246824,28,7937.499882,3968.749882,0
19,3,6,246824,10,3968.749882,2645.833216,0
19,6,3,246824,10,2645.833216,3968.749882,0
19,3,8,246824,11,3968.749882,3174.999882,0
19,8,3,246824,11,3174.999882,3968.749882,0
19,4,5,246824,10,3968.749882,3968.749882,0
19,5,4,246824,10,3968.749882,3968.749882,0
19,4,6,246824,9,3968.749882,2645.833216,0
19,6,4,246824,9,2645.833216,3968.749882,0
19,4,13,246824,10,3968.749882,3174.999882,0
19,13,4,246824,10,3174.999882,3968.749882,0
19,5,8,246824,11,3968.749882,3174.999882,0
19,8,5,246824,11,3174.999882,3968.749882,0
19,5,15,246824,23,3968.749882,5291.666549,0
19,15,5,246824,23,5291.666549,3968.749882,0
19,6,7,246824,10,2645.833216,3968.749882,0
19,7,6,246824,10,3968.749882,2645.833216,0
19,6,8,246824,10,2645.833216,3174.999882,0
19,8,6,246824,10,3174.999882,2645.833216,0
19,6,14,246824,9,2645.833216,3174.999882,0
19,14,6,246824,9,3174.999882,2645.833216,0
19,6,28,246824,30,2645.833216,7937.499882,0
19,28,6,246824,30,7937.499882,2645.833216,0
19,7,20,246824,29,3968.749882,5291.666549,0
19,20,7,246824,29,5291.666549,3968.749882,0
19,7,21,246824,30,3968.749882,7937.499882,0
19,21,7,246824,30,7937.499882,3968.749882,0
19,8,9,246824,9,3174.999882,5291.666549,0
19,9,8,246824,9,5291.666549,3174.999882,0
19,8,11,246824,10,3174.999882,3174.999882,0
19,11,8,246824,10,3174.999882,3174.999882,0
19,9,10,246824,10,5291.666549,3968.749882,0
19,10,9,246824,10,3968.749882,5291.666549,0
19,9,14,246824,8,5291.666549,3174.999882,0
19,14,9,246824,8,3174.999882,5291.666549,0
19,10,11,246824,11,3968.749882,3174.999882,0
19,11,10,246824,11,3174.999882,3968.749882,0
19,10,12,246824,12,3968.749882,7937.499882,0
19,12,10,246824,12,7937.499882,3968.749882,0
19,10,13,246824,13,3968.749882,3174.999882,0
19,13,10,246824,13,3174.999882,3968.749882,0
19,11,14,246824,9,3174.999882,3174.999882,0
19,14,11,246824,9,3174.999882,3174.999882,0
19,11,21,246824,29,3174.999882,7937.499882,0
19,21,11,246824,29,7937.499882,3174.999882,0
19,11,24,246824,21,3174.999882,2645.833216,0
19,24,11,246824,21,2645.833216,3174.999882,0
19,12,13,246824,13,7937.499882,3174.999882,0
19,13,12,246824,13,3174.999882,7937.499882,0
19,13,14,246824,11,3174.999882,3174.999882,0
19,14,13,246824,11,3174.999882,3174.999882,0
19,13,17,246824,26,3174.999882,7937.499882,0
19,17,13,246824,26,7937.499882,3174.999882,0
19,14,17,246824,23,3174.999882,7937.499882,0
19,17,14,246824,23,7937.499882,3174.999882,0
19,15,16,246824,24,5291.666549,5291.666549,0
19,16,15,246824,24,5291.666549,5291.666549,0
19,16,18,246824,30,5291.666549,7937.499882,0
19,18,16,246824,30,7937.499882,5291.666549,0
19,16,19,246824,26,5291.666549,7937.499882,0
19,19,16,246824,26,7937.499882,5291.666549,0
19,18,20,246824,37,7937.499882,5291.666549,0
19,20,18,246824,37,5291.666549,7937.499882,0
19,22,24,246824,40,7937.499882,2645.833216,0
19,24,22,246824,40,2645.833216,7937.499882,0
19,22,25,246824,38,7937.499882,3174.999882,0
19,25,22,246824,38,3174.999882,7937.499882,0
19,23,24,246824,40,7937.499882,2645.833216,0
19,24,23,246824,40,2645.833216,7937.499882,0
19,23,26,246824,41,7937.499882,5291.666549,0
19,26,23,246824,41,5291.666549,7937.499882,0
19,24,25,246824,28,2645.833216,3174.999882,0
19,25,24,246824,28,3174.999882,2645.833216,0
19,24,26,246824,36,2645.833216,5291.666549,0
19,26,24,246824,36,5291.666549,2645.833216,0
19,25,26,246824,34,3174.999882,5291.666549,0
19,26,25,246824,34,5291.666549,3174.999882,0
19,25,27,246824,36,3174.999882,7937.499882,0
19,27,25,246824,36,7937.499882,3174.999882,0
19,25,28,246824,32,3174.999882,7937.499882,0
19,28,25,246824,32,7937.499882,3174.999882,0
20,0,1,246824,9,3181.666549,3181.666549,0
20,1,0,246824,9,3181.666549,3181.666549,0
20,0,3,246824,11,3181.666549,5302.777660,0
20,3,0,246824,11,5302.777660,3181.666549,0
20,0,17,246824,25,3181.666549,3181.666549,0
20,17,0,246824,25,3181.666549,3181.666549,0
20,0,19,246824,24,3181.666549,3977.083216,0
20,19,0,246824,24,3977.083216,3181.666549,0
20,0,24,246824,22,3181.666549,7954.166549,0
20,24,0,246824,22,7954.166549,3181.666549,0
20,1,7,246824,9,3181.666549,2272.618930,0
20,7,1,246824,9,2272.618930,3181.666549,0
20,1,20,246824,27,3181.666549,5302.777660,0
20,20,1,246824,27,5302.777660,3181.666549,0
20,1,26,246824,31,3181.666549,5302.777660,0
20,26,1,246824,31,5302.777660,3181.666549,0
20,1,29,246824,25,3181.666549,7954.166549,0
20,29,1,246824,25,7954.166549,3181.666549,0
20,2,5,246824,12,3977.083216,3977.083216,0
20,5,2,246824,12,3977.083216,3977.083216,0
20,2,12,246824,13,3977.083216,3181.666549,0
20,12,2,246824,13,3181.666549,3977.083216,0
20,2,27,246824,36,3977.083216,7954.166549,0
20,27,2,246824,36,7954.166549,3977.083216,0
20,2,29,246824,28,3977.083216,7954.166549,0
20,29,2,246824,28,7954.166549,3977.083216,0
20,3,6,246824,10,5302.777660,2651.388771,0
20,6,3,246824,10,2651.388771,5302.777660,0
20,3,21,246824,30,5302.777660,5302.777660,0
20,21,3,246824,30,5302.777660,5302.777660,0
20,4,5,246824,10,3977.083216,3977.083216,0
20,5,4,246824,10,3977.083216,3977.083216,0
20,4,6,246824,9,3977.083216,2651.388771,0
20,6,4,246824,9,2651.388771,3977.083216,0
20,4,7,246824,9,3977.083216,2272.618930,0
20,7,4,246824,9,2272.618930,3977.083216,0
20,4,13,246824,10,3977.083216,7954.166549,0
20,13,4,246824,10,7954.166549,3977.083216,0
20,5,15,246824,23,3977.083216,5302.777660,0
20,15,5,246824,23,5302.777660,3977.083216,0
20,5,20,246824,29,3977.083216,5302.777660,0
20,20,5,246824,29,5302.777660,3977.083216,0
20,6,7,246824,10,2651.388771,2272.618930,0
20,7,6,246824,10,2272.618930,2651.388771,0
20,6,8,246824,10,2651.388771,3977.083216,0
20,8,6,246824,10,3977.083216,2651.388771,0
20,6,14,246824,9,2651.388771,2272.618930,0
20,14,6,246824,9,2272.618930,2651.388771,0
20,6,28,246824,30,2651.388771,3977.083216,0
20,28,6,246824,30,3977.083216,2651.388771,0
20,7,9,246824,8,2272.618930,3181.666549,0
20,9,7,246824,8,3181.666549,2272.618930,0
20,7,14,246824,10,2272.618930,2272.618930,0
20,14,7,246824,10,2272.618930,2272.618930,0
20,7,21,246824,30,2272.618930,5302.777660,0
20,21,7,246824,30,5302.777660,2272.618930,0
20,7,28,246824,31,2272.618930,3977.083216,0
20,28,7,246824,31,3977.083216,2272.618930,0
20,8,9,246824,9,3977.083216,3181.666549,0
20,9,8,246824,9,3181.666549,3977.083216,0
20,8,10,246824,12,3977.083216,5302.777660,0
20,10,8,246824,12,5302.777660,3977.083216,0
20,8,11,246824,10,3977.083216,7954.166549,0
20,11,8,246824,10,7954.166549,3977.083216,0
20,9,10,246824,10,3181.666549,5302.777660,0
20,10,9,246824,10,5302.777660,3181.666549,0
20,9,12,246824,10,3181.666549,3181.666549,0
20,12,9,246824,10,3181.666549,3181.666549,0
20,9,14,246824,8,3181.666549,2272.618930,0
20,14,9,246824,8,2272.618930,3181.666549,0
20,10,12,246824,12,5302.777660,3181.666549,0
20,12,10,246824,12,3181.666549,5302.777660,0
20,11,14,246824,9,7954.166549,2272.618930,0
20,14,11,246824,9,2272.618930,7954.166549,0
20,12,24,246824,22,3181.666549,7954.166549,0
20,24,12,246824,22,7954.166549,3181.666549,0
20,12,27,246824,35,3181.666549,7954.166549,0
20,27,12,246824,35,7954.166549,3181.666549,0
20,13,14,246824,11,7954.166549,2272.618930,0
20,14,13,246824,11,2272.618930,7954.166549,0
20,14,15,246824,21,2272.618930,5302.777660,0
20,15,14,246824,21,5302.777660,2272.618930,0
20,14,17,246824,23,2272.618930,3181.666549,0
20,17,14,246824,23,3181.666549,2272.618930,0
20,15,16,246824,24,5302.777660,7954.166549,0
20,16,15,246824,24,7954.166549,5302.777660,0
20,16,17,246824,26,7954.166549,3181.666549,0
20,17,16,246824,26,3181.666549,7954.166549,0
20,17,18,246824,31,3181.666549,7954.166549,0
20,18,17,246824,31,7954.166549,3181.666549,0
20,17,19,246824,30,3181.666549,3977.083216,0
20,19,17,246824,30,3977.083216,3181.666549,0
20,18,19,246824,34,7954.166549,3977.083216,0
20,19,18,246824,34,3977.083216,7954.166549,0
20,19,22,246824,42,3977.083216,5302.777660,0
20,22,19,246824,42,5302.777660,3977.083216,0
20,20,22,246824,45,5302.777660,5302.777660,0
20,22,20,246824,45,5302.777660,5302.777660,0
20,21,23,246824,44,5302.777660,7954.166549,0
20,23,21,246824,44,7954.166549,5302.777660,0
20,22,25,246824,38,5302.777660,7954.166549,0
20,25,22,246824,38,7954.166549,5302.777660,0
20,23,26,246824,41,7954.166549,5302.777660,0
20,26,23,246824,41,5302.777660,7954.166549,0
20,25,28,246824,32,7954.166549,3977.083216,0
20,28,25,246824,32,3977.083216,7954.166549,0
20,26,28,246824,35,5302.777660,3977.083216,0
20,28,26,246824,35,3977.083216,5302.777660,0
21,0,1,246824,9,3176.666549,2647.222105,0
21,1,0,246824,9,2647.222105,3176.666549,0
21,0,3,246824,11,3176.666549,5294.444327,0
21,3,0,246824,11,5294.444327,3176.666549,0
21,0,17,246824,25,3176.666549,7941.666549,0
21,17,0,246824,25,7941.666549,3176.666549,0
21,0,19,246824,24,3176.666549,5294.444327,0
21,19,0,246824,24,5294.444327,3176.666549,0
21,0,29,246824,27,3176.666549,7941.666549,0
21,29,0,246824,27,7941.666549,3176.666549,0
21,1,4,246824,8,2647.222105,3970.833216,0
21,4,1,246824,8,3970.833216,2647.222105,0
21,1,7,246824,9,2647.222105,1764.814697,0
21,7,1,246824,9,1764.814697,2647.222105,0
21,1,15,246824,21,2647.222105,5294.444327,0
21,15,1,246824,21,5294.444327,2647.222105,0
21,1,26,246824,31,2647.222105,5294.444327,0
21,26,1,246824,31,5294.444327,2647.222105,0
21,1,29,246824,25,2647.222105,7941.666549,0
21,29,1,246824,25,7941.666549,2647.222105,0
21,2,3,246824,12,3970.833216,5294.444327,0
21,3,2,246824,12,5294.444327,3970.833216,0
21,2,5,246824,12,3970.833216,3176.666549,0
21,5,2,246824,12,3176.666549,3970.833216,0
21,2,12,246824,13,3970.833216,3970.833216,0
21,12,2,246824,13,3970.833216,3970.833216,0
21,2,27,246824,36,3970.833216,7941.666549,0
21,27,2,246824,36,7941.666549,3970.833216,0
21,3,8,246824,11,5294.444327,3176.666549,0
21,8,3,246824,11,3176.666549,5294.444327,0
21,4,6,246824,9,3970.833216,3970.833216,0
21,6,4,246824,9,3970.833216,3970.833216,0
21,4,7,246824,9,3970.833216,1764.814697,0
21,7,4,246824,9,1764.814697,3970.833216,0
21,4,13,246824,10,3970.833216,5294.444327,0
21,13,4,246824,10,5294.444327,3970.833216,0
21,5,7,246824,11,3176.666549,1764.814697,0
21,7,5,246824,11,1764.814697,3176.666549,0
21,5,8,246824,11,3176.666549,3176.666549,0
21,8,5,246824,11,3176.666549,3176.666549,0
21,5,15,246824,23,3176.666549,5294.444327,0
21,15,5,246824,23,5294.444327,3176.666549,0
21,5,20,246824,29,3176.666549,5294.444327,0
21,20,5,246824,29,5294.444327,3176.666549,0
21,6,7,246824,10,3970.833216,1764.814697,0
21,7,6,246824,10,1764.814697,3970.833216,0
21,6,8,246824,10,3970.833216,3176.666549,0
21,8,6,246824,10,3176.666549,3970.833216,0
21,6,28,246824,30,3970.833216,7941.666549,0
21,28,6,246824,30,7941.666549,3970.833216,0
21,7,9,246824,8,1764.814697,3176.666549,0
21,9,7,246824,8,3176.666549,1764.814697,0
21,7,13,246824,11,1764.814697,5294.444327,0
21,13,7,246824,11,5294.444327,1764.814697,0
21,7,20,246824,29,1764.814697,5294.444327,0
21,20,7,246824,29,5294.444327,1764.814697,0
21,7,21,246824,30,1764.814697,7941.666549,0
21,21,7,246824,30,7941.666549,1764.814697,0
21,7,28,246824,31,1764.814697,7941.666549,0
21,28,7,246824,31,7941.666549,1764.814697,0
21,8,9,246824,9,3176.666549,3176.666549,0
21,9,8,246824,9,3176.666549,3176.666549,0
21,8,11,246824,10,3176.666549,3176.666549,0
21,11,8,246824,10,3176.666549,3176.666549,0
21,9,10,246824,10,3176.666549,7941.666549,0
21,10,9,246824,10,7941.666549,3176.666549,0
21,9,12,246824,10,3176.666549,3970.833216,0
21,12,9,246824,10,3970.833216,3176.666549,0
21,9,14,246824,8,3176.666549,7941.666549,0
21,14,9,246824,8,7941.666549,3176.666549,0
21,10,11,246824,11,7941.666549,3176.666549,0
21,11,10,246824,11,3176.666549,7941.666549,0
21,11,14,246824,9,3176.666549,7941.666549,0
21,14,11,246824,9,7941.666549,3176.666549,0
21,11,21,246824,29,3176.666549,7941.666549,0
21,21,11,246824,29,7941.666549,3176.666549,0
21,11,24,246824,21,3176.666549,5294.444327,0
21,24,11,246824,21,5294.444327,3176.666549,0
21,12,24,246824,22,3970.833216,5294.444327,0
21,24,12,246824,22,5294.444327,3970.833216,0
21,12,27,246824,35,3970.833216,7941.666549,0
21,27,12,246824,35,7941.666549,3970.833216,0
21,13,17,246824,26,5294.444327,7941.666549,0
21,17,13,246824,26,7941.666549,5294.444327,0
21,15,16,246824,24,5294.444327,5294.444327,0
21,16,15,246824,24,5294.444327,5294.444327,0
21,16,18,246824,30,5294.444327,7941.666549,0
21,18,16,246824,30,7941.666549,5294.444327,0
21,16,19,246824,26,5294.444327,5294.444327,0
21,19,16,246824,26,5294.444327,5294.444327,0
21,18,20,246824,37,7941.666549,5294.444327,0
21,20,18,246824,37,5294.444327,7941.666549,0
21,19,22,246824,42,5294.444327,7941.666549,0
21,22,19,246824,42,7941.666549,5294.444327,0
21,22,25,246824,38,7941.666549,7941.666549,0
21,25,22,246824,38,7941.666549,7941.666549,0
21,23,24,246824,40,7941.666549,5294.444327,0
21,24,23,246824,40,5294.444327,7941.666549,0
21,23,26,246824,41,7941.666549,5294.444327,0
21,26,23,246824,41,5294.444327,7941.666549,0
21,25,26,246824,34,7941.666549,5294.444327,0
21,26,25,246824,34,5294.444327,7941.666549,0
22,0,1,246824,9,3977.083216,2651.388771,0
22,1,0,246824,9,2651.388771,3977.083216,0
22,0,3,246824,11,3977.083216,3181.666549,0
22,3,0,246824,11,3181.666549,3977.083216,0
22,0,19,246824,24,3977.083216,7954.166549,0
22,19,0,246824,24,7954.166549,3977.083216,0
22,0,24,246824,22,3977.083216,3977.083216,0
22,24,0,246824,22,3977.083216,3977.083216,0
22,1,4,246824,8,2651.388771,5302.777660,0
22,4,1,246824,8,5302.777660,2651.388771,0
22,1,7,246824,9,2651.388771,3977.083216,0
22,7,1,246824,9,3977.083216,2651.388771,0
22,1,20,246824,27,2651.388771,5302.777660,0
22,20,1,246824,27,5302.777660,2651.388771,0
22,1,26,246824,31,2651.388771,5302.777660,0
22,26,1,246824,31,5302.777660,2651.388771,0
22,1,29,246824,25,2651.388771,5302.777660,0
22,29,1,246824,25,5302.777660,2651.388771,0
22,2,3,246824,12,2651.388771,3181.666549,0
22,3,2,246824,12,3181.666549,2651.388771,0
22,2,5,246824,12,2651.388771,3977.083216,0
22,5,2,246824,12,3977.083216,2651.388771,0
22,2,12,246824,13,2651.388771,5302.777660,0
22,12,2,246824,13,5302.777660,2651.388771,0
22,2,17,246824,26,2651.388771,3181.666549,0
22,17,2,246824,26,3181.666549,2651.388771,0
22,2,27,246824,36,2651.388771,7954.166549,0
22,27,2,246824,36,7954.166549,2651.388771,0
22,2,29,246824,28,2651.388771,5302.777660,0
22,29,2,246824,28,5302.777660,2651.388771,0
22,3,6,246824,10,3181.666549,7954.166549,0
22,6,3,246824,10,7954.166549,3181.666549,0
22,3,8,246824,11,3181.666549,5302.777660,0
22,8,3,246824,11,5302.777660,3181.666549,0
22,3,21,246824,30,3181.666549,7954.166549,0
22,21,3,246824,30,7954.166549,3181.666549,0
22,4,5,246824,10,5302.777660,3977.083216,0
22,5,4,246824,10,3977.083216,5302.777660,0
22,4,13,246824,10,5302.777660,3181.666549,0
22,13,4,246824,10,3181.666549,5302.777660,0
22,5,15,246824,23,3977.083216,5302.777660,0
22,15,5,246824,23,5302.777660,3977.083216,0
22,5,20,246824,29,3977.083216,5302.777660,0
22,20,5,246824,29,5302.777660,3977.083216,0
22,6,8,246824,10,7954.166549,5302.777660,0
22,8,6,246824,10,5302.777660,7954.166549,0
22,7,9,246824,8,3977.083216,3181.666549,0
22,9,7,246824,8,3181.666549,3977.083216,0
22,7,13,246824,11,3977.083216,3181.666549,0
22,13,7,246824,11,3181.666549,3977.083216,0
22,7,28,246824,31,3977.083216,7954.166549,0
22,28,7,246824,31,7954.166549,3977.083216,0
22,8,9,246824,9,5302.777660,3181.666549,0
22,9,8,246824,9,3181.666549,5302.777660,0
22,9,10,246824,10,3181.666549,7954.166549,0
22,10,9,246824,10,7954.166549,3181.666549,0
22,9,12,246824,10,3181.666549,5302.777660,0
22,12,9,246824,10,5302.777660,3181.666549,0
22,9,14,246824,8,3181.666549,3977.083216,0
22,14,9,246824,8,3977.083216,3181.666549,0
22,10,11,246824,11,7954.166549,3977.083216,0
22,11,10,246824,11,3977.083216,7954.166549,0
22,11,14,246824,9,3977.083216,3977.083216,0
22,14,11,246824,9,3977.083216,3977.083216,0
22,11,21,246824,29,3977.083216,7954.166549,0
22,21,11,246824,29,7954.166549,3977.083216,0
22,11,24,246824,21,3977.083216,3977.083216,0
22,24,11,246824,21,3977.083216,3977.083216,0
22,12,13,246824,13,5302.777660,3181.666549,0
22,13,12,246824,13,3181.666549,5302.777660,0
22,13,14,246824,11,3181.666549,3977.083216,0
22,14,13,246824,11,3977.083216,3181.666549,0
22,13,17,246824,26,3181.666549,3181.666549,0
22,17,13,246824,26,3181.666549,3181.666549,0
22,14,15,246824,21,3977.083216,5302.777660,0
22,15,14,246824,21,5302.777660,3977.083216,0
22,15,16,246824,24,5302.777660,5302.777660,0
22,16,15,246824,24,5302.777660,5302.777660,0
22,16,17,246824,26,5302.777660,3181.666549,0
22,17,16,246824,26,3181.666549,5302.777660,0
22,16,18,246824,30,5302.777660,7954.166549,0
22,18,16,246824,30,7954.166549,5302.777660,0
22,17,18,246824,31,3181.666549,7954.166549,0
22,18,17,246824,31,7954.166549,3181.666549,0
22,17,19,246824,30,3181.666549,7954.166549,0
22,19,17,246824,30,7954.166549,3181.666549,0
22,20,22,246824,45,5302.777660,7954.166549,0
22,22,20,246824,45,7954.166549,5302.777660,0
22,22,25,246824,38,7954.166549,3977.083216,0
22,25,22,246824,38,3977.083216,7954.166549,0
22,23,24,246824,40,7954.166549,3977.083216,0
22,24,23,246824,40,3977.083216,7954.166549,0
22,23,26,246824,41,7954.166549,5302.777660,0
22,26,23,246824,41,5302.777660,7954.166549,0
22,24,25,246824,28,3977.083216,3977.083216,0
22,25,24,246824,28,3977.083216,3977.083216,0
22,25,27,246824,36,3977.083216,7954.166549,0
22,27,25,246824,36,7954.166549,3977.083216,0
22,25,28,246824,32,3977.083216,7954.166549,0
22,28,25,246824,32,7954.166549,3977.083216,0
22,26,29,246824,38,5302.777660,5302.777660,0
22,29,26,246824,38,5302.777660,5302.777660,0
23,0,1,246824,9,3974.999882,2649.999882,0
23,1,0,246824,9,2649.999882,3974.999882,0
23,0,3,246824,11,3974.999882,5299.999882,0
23,3,0,246824,11,5299.999882,3974.999882,0
23,0,19,246824,24,3974.999882,3974.999882,0
23,19,0,246824,24,3974.999882,3974.999882,0
23,0,24,246824,22,3974.999882,3974.999882,0
23,24,0,246824,22,3974.999882,3974.999882,0
23,1,4,246824,8,2649.999882,3179.999882,0
23,4,1,246824,8,3179.999882,2649.999882,0
23,1,15,246824,21,2649.999882,7949.999882,0
23,15,1,246824,21,7949.999882,2649.999882,0
23,1,20,246824,27,2649.999882,7949.999882,0
23,20,1,246824,27,7949.999882,2649.999882,0
23,1,26,246824,31,2649.999882,7949.999882,0
23,26,1,246824,31,7949.999882,2649.999882,0
23,1,29,246824,25,2649.999882,7949.999882,0
23,29,1,246824,25,7949.999882,2649.999882,0
23,2,3,246824,12,5299.999882,5299.999882,0
23,3,2,246824,12,5299.999882,5299.999882,0
23,2,5,246824,12,5299.999882,3974.999882,0
23,5,2,246824,12,3974.999882,5299.999882,0
23,2,29,246824,28,5299.999882,7949.999882,0
23,29,2,246824,28,7949.999882,5299.999882,0
23,3,6,246824,10,5299.999882,3179.999882,0
23,6,3,246824,10,3179.999882,5299.999882,0
23,4,5,246824,10,3179.999882,3974.999882,0
23,5,4,246824,10,3974.999882,3179.999882,0
23,4,6,246824,9,3179.999882,3179.999882,0
23,6,4,246824,9,3179.999882,3179.999882,0
23,4,7,246824,9,3179.999882,2649.999882,0
23,7,4,246824,9,2649.999882,3179.999882,0
23,4,13,246824,10,3179.999882,2649.999882,0
23,13,4,246824,10,2649.999882,3179.999882,0
23,5,7,246824,11,3974.999882,2649.999882,0
23,7,5,246824,11,2649.999882,3974.999882,0
23,5,20,246824,29,3974.999882,7949.999882,0
23,20,5,246824,29,7949.999882,3974.999882,0
23,6,8,246824,10,3179.999882,7949.999882,0
23,8,6,246824,10,7949.999882,3179.999882,0
23,6,14,246824,9,3179.999882,2649.999882,0
23,14,6,246824,9,2649.999882,3179.999882,0
23,6,28,246824,30,3179.999882,5299.999882,0
23,28,6,246824,30,5299.999882,3179.999882,0
23,7,9,246824,8,2649.999882,3179.999882,0
23,9,7,246824,8,3179.999882,2649.999882,0
23,7,13,246824,11,2649.999882,2649.999882,0
23,13,7,246824,11,2649.999882,2649.999882,0
23,7,21,246824,30,2649.999882,5299.999882,0
23,21,7,246824,30,5299.999882,2649.999882,0
23,7,28,246824,31,2649.999882,5299.999882,0
23,28,7,246824,31,5299.999882,2649.999882,0
23,8,9,246824,9,7949.999882,3179.999882,0
23,9,8,246824,9,3179.999882,7949.999882,0
23,9,10,246824,10,3179.999882,5299.999882,0
23,10,9,246824,10,5299.999882,3179.999882,0
23,9,12,246824,10,3179.999882,3974.999882,0
23,12,9,246824,10,3974.999882,3179.999882,0
23,9,14,246824,8,3179.999882,2649.999882,0
23,14,9,246824,8,2649.999882,3179.999882,0
23,10,11,246824,11,5299.999882,5299.999882,0
23,11,10,246824,11,5299.999882,5299.999882,0
23,10,13,246824,13,5299.999882,2649.999882,0
23,13,10,246824,13,2649.999882,5299.999882,0
23,11,14,246824,9,5299.999882,2649.999882,0
23,14,11,246824,9,2649.999882,5299.999882,0
23,11,21,246824,29,5299.999882,5299.999882,0
23,21,11,246824,29,5299.999882,5299.999882,0
23,12,13,246824,13,3974.999882,2649.999882,0
23,13,12,246824,13,2649.999882,3974.999882,0
23,12,24,246824,22,3974.999882,3974.999882,0
23,24,12,246824,22,3974.999882,3974.999882,0
23,12,27,246824,35,3974.999882,7949.999882,0
23,27,12,246824,35,7949.999882,3974.999882,0
23,13,14,246824,11,2649.999882,2649.999882,0
23,14,13,246824,11,2649.999882,2649.999882,0
23,13,17,246824,26,2649.999882,3974.999882,0
23,17,13,246824,26,3974.999882,2649.999882,0
23,14,15,246824,21,2649.999882,7949.999882,0
23,15,14,246824,21,7949.999882,2649.999882,0
23,14,17,246824,23,2649.999882,3974.999882,0
23,17,14,246824,23,3974.999882,2649.999882,0
23,16,17,246824,26,7949.999882,3974.999882,0
23,17,16,246824,26,3974.999882,7949.999882,0
23,16,19,246824,26,7949.999882,3974.999882,0
23,19,16,246824,26,3974.999882,7949.999882,0
23,17,18,246824,31,3974.999882,7949.999882,0
23,18,17,246824,31,7949.999882,3974.999882,0
23,18,19,246824,34,7949.999882,3974.999882,0
23,19,18,246824,34,3974.999882,7949.999882,0
23,19,22,246824,42,3974.999882,7949.999882,0
23,22,19,246824,42,7949.999882,3974.999882,0
23,21,23,246824,44,5299.999882,7949.999882,0
23,23,21,246824,44,7949.999882,5299.999882,0
23,22,25,246824,38,7949.999882,3179.999882,0
23,25,22,246824,38,3179.999882,7949.999882,0
23,23,24,246824,40,7949.999882,3974.999882,0
23,24,23,246824,40,3974.999882,7949.999882,0
23,24,25,246824,28,3974.999882,3179.999882,0
23,25,24,246824,28,3179.999882,3974.999882,0
23,25,26,246824,34,3179.999882,7949.999882,0
23,26,25,246824,34,7949.999882,3179.999882,0
23,25,27,246824,36,3179.999882,7949.999882,0
23,27,25,246824,36,7949.999882,3179.999882,0
23,25,28,246824,32,3179.999882,5299.999882,0
23,28,25,246824,32,5299.999882,3179.999882,0
24,0,1,246824,9,3974.999882,2649.999882,0
24,1,0,246824,9,2649.999882,3974.999882,0
24,0,3,246824,11,3974.999882,5299.999882,0
24,3,0,246824,11,5299.999882,3974.999882,0
24,0,19,246824,24,3974.999882,5299.999882,0
24,19,0,246824,24,5299.999882,3974.999882,0
24,0,24,246824,22,3974.999882,3974.999882,0
24,24,0,246824,22,3974.999882,3974.999882,0
24,1,4,246824,8,2649.999882,5299.999882,0
24,4,1,246824,8,5299.999882,2649.999882,0
24,1,7,246824,9,2649.999882,1589.999882,0
24,7,1,246824,9,1589.999882,2649.999882,0
24,1,15,246824,21,2649.999882,5299.999882,0
24,15,1,246824,21,5299.999882,2649.999882,0
24,1,26,246824,31,2649.999882,5299.999882,0
24,26,1,246824,31,5299.999882,2649.999882,0
24,1,29,246824,25,2649.999882,7949.999882,0
24,29,1,246824,25,7949.999882,2649.999882,0
24,2,3,246824,12,3974.999882,5299.999882,0
24,3,2,246824,12,5299.999882,3974.999882,0
24,2,12,246824,13,3974.999882,3974.999882,0
24,12,2,246824,13,3974.999882,3974.999882,0
24,2,27,246824,36,3974.999882,5299.999882,0
24,27,2,246824,36,5299.999882,3974.999882,0
24,2,29,246824,28,3974.999882,7949.999882,0
24,29,2,246824,28,7949.999882,3974.999882,0
24,3,8,246824,11,5299.999882,3179.999882,0
24,8,3,246824,11,3179.999882,5299.999882,0
24,4,7,246824,9,5299.999882,1589.999882,0
24,7,4,246824,9,1589.999882,5299.999882,0
24,4,13,246824,10,5299.999882,3179.999882,0
24,13,4,246824,10,3179.999882,5299.999882,0
24,5,7,246824,11,5299.999882,1589.999882,0
24,7,5,246824,11,1589.999882,5299.999882,0
24,5,8,246824,11,5299.999882,3179.999882,0
24,8,5,246824,11,3179.999882,5299.999882,0
24,5,20,246824,29,5299.999882,7949.999882,0
24,20,5,246824,29,7949.999882,5299.999882,0
24,6,7,246824,10,7949.999882,1589.999882,0
24,7,6,246824,10,1589.999882,7949.999882,0
24,6,14,246824,9,7949.999882,2271.428454,0
24,14,6,246824,9,2271.428454,7949.999882,0
24,7,9,246824,8,1589.999882,3179.999882,0
24,9,7,246824,8,3179.999882,1589.999882,0
24,7,13,246824,11,1589.999882,3179.999882,0
24,13,7,246824,11,3179.999882,1589.999882,0
24,7,14,246824,10,1589.999882,2271.428454,0
24,14,7,246824,10,2271.428454,1589.999882,0
24,7,20,246824,29,1589.999882,7949.999882,0
24,20,7,246824,29,7949.999882,1589.999882,0
24,7,21,246824,30,1589.999882,3974.999882,0
24,21,7,246824,30,3974.999882,1589.999882,0
24,7,28,246824,31,1589.999882,5299.999882,0
24,28,7,246824,31,5299.999882,1589.999882,0
24,8,9,246824,9,3179.999882,3179.999882,0
24,9,8,246824,9,3179.999882,3179.999882,0
24,8,10,246824,12,3179.999882,7949.999882,0
24,10,8,246824,12,7949.999882,3179.999882,0
24,8,11,246824,10,3179.999882,3974.999882,0
24,11,8,246824,10,3974.999882,3179.999882,0
24,9,10,246824,10,3179.999882,7949.999882,0
24,10,9,246824,10,7949.999882,3179.999882,0
24,9,12,246824,10,3179.999882,3974.999882,0
24,12,9,246824,10,3974.999882,3179.999882,0
24,9,14,246824,8,3179.999882,2271.428454,0
24,14,9,246824,8,2271.428454,3179.999882,0
24,11,14,246824,9,3974.999882,2271.428454,0
24,14,11,246824,9,2271.428454,3974.999882,0
24,11,21,246824,29,3974.999882,3974.999882,0
24,21,11,246824,29,3974.999882,3974.999882,0
24,11,24,246824,21,3974.999882,3974.999882,0
24,24,11,246824,21,3974.999882,3974.999882,0
24,12,13,246824,13,3974.999882,3179.999882,0
24,13,12,246824,13,3179.999882,3974.999882,0
24,12,27,246824,35,3974.999882,5299.999882,0
24,27,12,246824,35,5299.999882,3974.999882,0
24,13,14,246824,11,3179.999882,2271.428454,0
24,14,13,246824,11,2271.428454,3179.999882,0
24,13,17,246824,26,3179.999882,7949.999882,0
24,17,13,246824,26,7949.999882,3179.999882,0
24,14,15,246824,21,2271.428454,5299.999882,0
24,15,14,246824,21,5299.999882,2271.428454,0
24,14,17,246824,23,2271.428454,7949.999882,0
24,17,14,246824,23,7949.999882,2271.428454,0
24,15,16,246824,24,5299.999882,5299.999882,0
24,16,15,246824,24,5299.999882,5299.999882,0
24,16,18,246824,30,5299.999882,7949.999882,0
24,18,16,246824,30,7949.999882,5299.999882,0
24,16,19,246824,26,5299.999882,5299.999882,0
24,19,16,246824,26,5299.999882,5299.999882,0
24,18,21,246824,36,7949.999882,3974.999882,0
24,21,18,246824,36,3974.999882,7949.999882,0
24,19,22,246824,42,5299.999882,7949.999882,0
24,22,19,246824,42,7949.999882,5299.999882,0
24,21,23,246824,44,3974.999882,7949.999882,0
24,23,21,246824,44,7949.999882,3974.999882,0
24,22,24,246824,40,7949.999882,3974.999882,0
24,24,22,246824,40,3974.999882,7949.999882,0
24,23,26,246824,41,7949.999882,5299.999882,0
24,26,23,246824,41,5299.999882,7949.999882,0
24,24,25,246824,28,3974.999882,5299.999882,0
24,25,24,246824,28,5299.999882,3974.999882,0
24,25,27,246824,36,5299.999882,5299.999882,0
24,27,25,246824,36,5299.999882,5299.999882,0
24,25,28,246824,32,5299.999882,5299.999882,0
24,28,25,246824,32,5299.999882,5299.999882,0
24,26,28,246824,35,5299.999882,5299.999882,0
24,28,26,246824,35,5299.999882,5299.999882,0
25,0,1,246824,9,3181.666549,3181.666549,0
25,1,0,246824,9,3181.666549,3181.666549,0
25,0,3,246824,11,3181.666549,7954.166549,0
25,3,0,246824,11,7954.166549,3181.666549,0
25,0,17,246824,25,3181.666549,3181.666549,0
25,17,0,246824,25,3181.666549,3181.666549,0
25,0,19,246824,24,3181.666549,7954.166549,0
25,19,0,246824,24,7954.166549,3181.666549,0
25,0,29,246824,27,3181.666549,7954.166549,0
25,29,0,246824,27,7954.166549,3181.666549,0
25,1,4,246824,8,3181.666549,3977.083216,0
25,4,1,246824,8,3977.083216,3181.666549,0
25,1,15,246824,21,3181.666549,5302.777660,0
25,15,1,246824,21,5302.777660,3181.666549,0
25,1,20,246824,27,3181.666549,3977.083216,0
25,20,1,246824,27,3977.083216,3181.666549,0
25,1,26,246824,31,3181.666549,5302.777660,0
25,26,1,246824,31,5302.777660,3181.666549,0
25,2,5,246824,12,5302.777660,3977.083216,0
25,5,2,246824,12,3977.083216,5302.777660,0
25,2,12,246824,13,5302.777660,3181.666549,0
25,12,2,246824,13,3181.666549,5302.777660,0
25,2,29,246824,28,5302.777660,7954.166549,0
25,29,2,246824,28,7954.166549,5302.777660,0
25,3,6,246824,10,7954.166549,3977.083216,0
25,6,3,246824,10,3977.083216,7954.166549,0
25,4,5,246824,10,3977.083216,3977.083216,0
25,5,4,246824,10,3977.083216,3977.083216,0
25,4,6,246824,9,3977.083216,3977.083216,0
25,6,4,246824,9,3977.083216,3977.083216,0
25,4,13,246824,10,3977.083216,3181.666549,0
25,13,4,246824,10,3181.666549,3977.083216,0
25,5,7,246824,11,3977.083216,2651.388771,0
25,7,5,246824,11,2651.388771,3977.083216,0
25,5,15,246824,23,3977.083216,5302.777660,0
25,15,5,246824,23,5302.777660,3977.083216,0
25,6,14,246824,9,3977.083216,7954.166549,0
25,14,6,246824,9,7954.166549,3977.083216,0
25,6,28,246824,30,3977.083216,7954.166549,0
25,28,6,246824,30,7954.166549,3977.083216,0
25,7,9,246824,8,2651.388771,5302.777660,0
25,9,7,246824,8,5302.777660,2651.388771,0
25,7,13,246824,11,2651.388771,3181.666549,0
25,13,7,246824,11,3181.666549,2651.388771,0
25,7,20,246824,29,2651.388771,3977.083216,0
25,20,7,246824,29,3977.083216,2651.388771,0
25,7,21,246824,30,2651.388771,5302.777660,0
25,21,7,246824,30,5302.777660,2651.388771,0
25,7,28,246824,31,2651.388771,7954.166549,0
25,28,7,246824,31,7954.166549,2651.388771,0
25,8,9,246824,9,7954.166549,5302.777660,0
25,9,8,246824,9,5302.777660,7954.166549,0
25,8,11,246824,10,7954.166549,3181.666549,0
25,11,8,246824,10,3181.666549,7954.166549,0
25,9,10,246824,10,5302.777660,3977.083216,0
25,10,9,246824,10,3977.083216,5302.777660,0
25,10,11,246824,11,3977.083216,3181.666549,0
25,11,10,246824,11,3181.666549,3977.083216,0
25,10,12,246824,12,3977.083216,3181.666549,0
25,12,10,246824,12,3181.666549,3977.083216,0
25,10,13,246824,13,3977.083216,3181.666549,0
25,13,10,246824,13,3181.666549,3977.083216,0
25,11,14,246824,9,3181.666549,7954.166549,0
25,14,11,246824,9,7954.166549,3181.666549,0
25,11,21,246824,29,3181.666549,5302.777660,0
25,21,11,246824,29,5302.777660,3181.666549,0
25,11,24,246824,21,3181.666549,5302.777660,0
25,24,11,246824,21,5302.777660,3181.666549,0
25,12,13,246824,13,3181.666549,3181.666549,0
25,13,12,246824,13,3181.666549,3181.666549,0
25,12,24,246824,22,3181.666549,5302.777660,0
25,24,12,246824,22,5302.777660,3181.666549,0
25,12,27,246824,35,3181.666549,7954.166549,0
25,27,12,246824,35,7954.166549,3181.666549,0
25,13,17,246824,26,3181.666549,3181.666549,0
25,17,13,246824,26,3181.666549,3181.666549,0
25,15,16,246824,24,5302.777660,7954.166549,0
25,16,15,246824,24,7954.166549,5302.777660,0
25,16,17,246824,26,7954.166549,3181.666549,0
25,17,16,246824,26,3181.666549,7954.166549,0
25,17,18,246824,31,3181.666549,7954.166549,0
25,18,17,246824,31,7954.166549,3181.666549,0
25,17,19,246824,30,3181.666549,7954.166549,0
25,19,17,246824,30,7954.166549,3181.666549,0
25,18,20,246824,37,7954.166549,3977.083216,0
25,20,18,246824,37,3977.083216,7954.166549,0
25,20,22,246824,45,3977.083216,7954.166549,0
25,22,20,246824,45,7954.166549,3977.083216,0
25,21,23,246824,44,5302.777660,7954.166549,0
25,23,21,246824,44,7954.166549,5302.777660,0
25,22,25,246824,38,7954.166549,3977.083216,0
25,25,22,246824,38,3977.083216,7954.166549,0
25,23,26,246824,41,7954.166549,5302.777660,0
25,26,23,246824,41,5302.777660,7954.166549,0
25,24,25,246824,28,5302.777660,3977.083216,0
25,25,24,246824,28,3977.083216,5302.777660,0
25,25,26,246824,34,3977.083216,5302.777660,0
25,26,25,246824,34,5302.777660,3977.083216,0
25,25,27,246824,36,3977.083216,7954.166549,0
25,27,25,246824,36,7954.166549,3977.083216,0
26,0,1,246824,9,3176.666549,2269.047501,0
26,1,0,246824,9,2269.047501,3176.666549,0
26,0,3,246824,11,3176.666549,3176.666549,0
26,3,0,246824,11,3176.666549,3176.666549,0
26,0,17,246824,25,3176.666549,3176.666549,0
26,17,0,246824,25,3176.666549,3176.666549,0
26,0,19,246824,24,3176.666549,3970.833216,0
26,19,0,246824,24,3970.833216,3176.666549,0
26,0,24,246824,22,3176.666549,2647.222105,0
26,24,0,246824,22,2647.222105,3176.666549,0
26,1,4,246824,8,2269.047501,7941.666549,0
26,4,1,246824,8,7941.666549,2269.047501,0
26,1,7,246824,9,2269.047501,1985.416549,0
26,7,1,246824,9,1985.416549,2269.047501,0
26,1,15,246824,21,2269.047501,5294.444327,0
26,15,1,246824,21,5294.444327,2269.047501,0
26,1,20,246824,27,2269.047501,7941.666549,0
26,20,1,246824,27,7941.666549,2269.047501,0
26,1,26,246824,31,2269.047501,3970.833216,0
26,26,1,246824,31,3970.833216,2269.047501,0
26,1,29,246824,25,2269.047501,7941.666549,0
26,29,1,246824,25,7941.666549,2269.047501,0
26,2,3,246824,12,2647.222105,3176.666549,0
26,3,2,246824,12,3176.666549,2647.222105,0
26,2,5,246824,12,2647.222105,5294.444327,0
26,5,2,246824,12,5294.444327,2647.222105,0
26,2,12,246824,13,2647.222105,3970.833216,0
26,12,2,246824,13,3970.833216,2647.222105,0
26,2,17,246824,26,2647.222105,3176.666549,0
26,17,2,246824,26,3176.666549,2647.222105,0
26,2,27,246824,36,2647.222105,7941.666549,0
26,27,2,246824,36,7941.666549,2647.222105,0
26,2,29,246824,28,2647.222105,7941.666549,0
26,29,2,246824,28,7941.666549,2647.222105,0
26,3,6,246824,10,3176.666549,3970.833216,0
26,6,3,246824,10,3970.833216,3176.666549,0
26,3,8,246824,11,3176.666549,2647.222105,0
26,8,3,246824,11,2647.222105,3176.666549,0
26,3,21,246824,30,3176.666549,7941.666549,0
26,21,3,246824,30,7941.666549,3176.666549,0
26,4,7,246824,9,7941.666549,1985.416549,0
26,7,4,246824,9,1985.416549,7941.666549,0
26,5,8,246824,11,5294.444327,2647.222105,0
26,8,5,246824,11,2647.222105,5294.444327,0
26,5,20,246824,29,5294.444327,7941.666549,0
26,20,5,246824,29,7941.666549,5294.444327,0
26,6,7,246824,10,3970.833216,1985.416549,0
26,7,6,246824,10,1985.416549,3970.833216,0
26,6,8,246824,10,3970.833216,2647.222105,0
26,8,6,246824,10,2647.222105,3970.833216,0
26,6,28,246824,30,3970.833216,7941.666549,0
26,28,6,246824,30,7941.666549,3970.833216,0
26,7,9,246824,8,1985.416549,5294.444327,0
26,9,7,246824,8,5294.444327,1985.416549,0
26,7,13,246824,11,1985.416549,7941.666549,0
26,13,7,246824,11,7941.666549,1985.416549,0
26,7,14,246824,10,1985.416549,5294.444327,0
26,14,7,246824,10,5294.444327,1985.416549,0
26,7,21,246824,30,1985.416549,7941.666549,0
26,21,7,246824,30,7941.666549,1985.416549,0
26,7,28,246824,31,1985.416549,7941.666549,0
26,28,7,246824,31,7941.666549,1985.416549,0
26,8,9,246824,9,2647.222105,5294.444327,0
26,9,8,246824,9,5294.444327,2647.222105,0
26,8,10,246824,12,2647.222105,7941.666549,0
26,10,8,246824,12,7941.666549,2647.222105,0
26,8,11,246824,10,2647.222105,3970.833216,0
26,11,8,246824,10,3970.833216,2647.222105,0
26,9,12,246824,10,5294.444327,3970.833216,0
26,12,9,246824,10,3970.833216,5294.444327,0
26,10,11,246824,11,7941.666549,3970.833216,0
26,11,10,246824,11,3970.833216,7941.666549,0
26,11,14,246824,9,3970.833216,5294.444327,0
26,14,11,246824,9,5294.444327,3970.833216,0
26,11,24,246824,21,3970.833216,2647.222105,0
26,24,11,246824,21,2647.222105,3970.833216,0
26,12,13,246824,13,3970.833216,7941.666549,0
26,13,12,246824,13,7941.666549,3970.833216,0
26,12,27,246824,35,3970.833216,7941.666549,0
26,27,12,246824,35,7941.666549,3970.833216,0
26,14,15,246824,21,5294.444327,5294.444327,0
26,15,14,246824,21,5294.444327,5294.444327,0
26,15,16,246824,24,5294.444327,7941.666549,0
26,16,15,246824,24,7941.666549,5294.444327,0
26,16,17,246824,26,7941.666549,3176.666549,0
26,17,16,246824,26,3176.666549,7941.666549,0
26,17,18,246824,31,3176.666549,7941.666549,0
26,18,17,246824,31,7941.666549,3176.666549,0
26,17,19,246824,30,3176.666549,3970.833216,0
26,19,17,246824,30,3970.833216,3176.666549,0
26,18,19,246824,34,7941.666549,3970.833216,0
26,19,18,246824,34,3970.833216,7941.666549,0
26,19,22,246824,42,3970.833216,7941.666549,0
26,22,19,246824,42,7941.666549,3970.833216,0
26,22,24,246824,40,7941.666549,2647.222105,0
26,24,22,246824,40,2647.222105,7941.666549,0
26,23,24,246824,40,7941.666549,2647.222105,0
26,24,23,246824,40,2647.222105,7941.666549,0
26,23,26,246824,41,7941.666549,3970.833216,0
26,26,23,246824,41,3970.833216,7941.666549,0
26,24,25,246824,28,2647.222105,7941.666549,0
26,25,24,246824,28,7941.666549,2647.222105,0
26,24,26,246824,36,2647.222105,3970.833216,0
26,26,24,246824,36,3970.833216,2647.222105,0
26,25,26,246824,34,7941.666549,3970.833216,0
26,26,25,246824,34,3970.833216,7941.666549,0
27,0,1,246824,9,3977.083216,2651.388771,0
27,1,0,246824,9,2651.388771,3977.083216,0
27,0,3,246824,11,3977.083216,5302.777660,0
27,3,0,246824,11,5302.777660,3977.083216,0
27,0,19,246824,24,3977.083216,5302.777660,0
27,19,0,246824,24,5302.777660,3977.083216,0
27,0,24,246824,22,3977.083216,5302.777660,0
27,24,0,246824,22,5302.777660,3977.083216,0
27,1,4,246824,8,2651.388771,3977.083216,0
27,4,1,246824,8,3977.083216,2651.388771,0
27,1,7,246824,9,2651.388771,3181.666549,0
27,7,1,246824,9,3181.666549,2651.388771,0
27,1,20,246824,27,2651.388771,5302.777660,0
27,20,1,246824,27,5302.777660,2651.388771,0
27,1,26,246824,31,2651.388771,5302.777660,0
27,26,1,246824,31,5302.777660,2651.388771,0
27,1,29,246824,25,2651.388771,7954.166549,0
27,29,1,246824,25,7954.166549,2651.388771,0
27,2,5,246824,12,5302.777660,2651.388771,0
27,5,2,246824,12,2651.388771,5302.777660,0
27,2,12,246824,13,5302.777660,3181.666549,0
27,12,2,246824,13,3181.666549,5302.777660,0
27,2,29,246824,28,5302.777660,7954.166549,0
27,29,2,246824,28,7954.166549,5302.777660,0
27,3,6,246824,10,5302.777660,3977.083216,0
27,6,3,246824,10,3977.083216,5302.777660,0
27,3,21,246824,30,5302.777660,5302.777660,0
27,21,3,246824,30,5302.777660,5302.777660,0
27,4,5,246824,10,3977.083216,2651.388771,0
27,5,4,246824,10,2651.388771,3977.083216,0
27,4,6,246824,9,3977.083216,3977.083216,0
27,6,4,246824,9,3977.083216,3977.083216,0
27,4,13,246824,10,3977.083216,3977.083216,0
27,13,4,246824,10,3977.083216,3977.083216,0
27,5,7,246824,11,2651.388771,3181.666549,0
27,7,5,246824,11,3181.666549,2651.388771,0
27,5,8,246824,11,2651.388771,5302.777660,0
27,8,5,246824,11,5302.777660,2651.388771,0
27,5,15,246824,23,2651.388771,5302.777660,0
27,15,5,246824,23,5302.777660,2651.388771,0
27,5,20,246824,29,2651.388771,5302.777660,0
27,20,5,246824,29,5302.777660,2651.388771,0
27,6,14,246824,9,3977.083216,2651.388771,0
27,14,6,246824,9,2651.388771,3977.083216,0
27,6,28,246824,30,3977.083216,7954.166549,0
27,28,6,246824,30,7954.166549,3977.083216,0
27,7,9,246824,8,3181.666549,3181.666549,0
27,9,7,246824,8,3181.666549,3181.666549,0
27,7,14,246824,10,3181.666549,2651.388771,0
27,14,7,246824,10,2651.388771,3181.666549,0
27,7,28,246824,31,3181.666549,7954.166549,0
27,28,7,246824,31,7954.166549,3181.666549,0
27,8,9,246824,9,5302.777660,3181.666549,0
27,9,8,246824,9,3181.666549,5302.777660,0
27,8,11,246824,10,5302.777660,5302.777660,0
27,11,8,246824,10,5302.777660,5302.777660,0
27,9,10,246824,10,3181.666549,3977.083216,0
27,10,9,246824,10,3977.083216,3181.666549,0
27,9,12,246824,10,3181.666549,3181.666549,0
27,12,9,246824,10,3181.666549,3181.666549,0
27,9,14,246824,8,3181.666549,2651.388771,0
27,14,9,246824,8,2651.388771,3181.666549,0
27,10,11,246824,11,3977.083216,5302.777660,0
27,11,10,246824,11,5302.777660,3977.083216,0
27,10,12,246824,12,3977.083216,3181.666549,0
27,12,10,246824,12,3181.666549,3977.083216,0
27,10,13,246824,13,3977.083216,3977.083216,0
27,13,10,246824,13,3977.083216,3977.083216,0
27,11,21,246824,29,5302.777660,5302.777660,0
27,21,11,246824,29,5302.777660,5302.777660,0
27,12,24,246824,22,3181.666549,5302.777660,0
27,24,12,246824,22,5302.777660,3181.666549,0
27,12,27,246824,35,3181.666549,7954.166549,0
27,27,12,246824,35,7954.166549,3181.666549,0
27,13,14,246824,11,3977.083216,2651.388771,0
27,14,13,246824,11,2651.388771,3977.083216,0
27,13,17,246824,26,3977.083216,7954.166549,0
27,17,13,246824,26,7954.166549,3977.083216,0
27,14,15,246824,21,2651.388771,5302.777660,0
27,15,14,246824,21,5302.777660,2651.388771,0
27,14,17,246824,23,2651.388771,7954.166549,0
27,17,14,246824,23,7954.166549,2651.388771,0
27,15,16,246824,24,5302.777660,5302.777660,0
27,16,15,246824,24,5302.777660,5302.777660,0
27,16,18,246824,30,5302.777660,7954.166549,0
27,18,16,246824,30,7954.166549,5302.777660,0
27,16,19,246824,26,5302.777660,5302.777660,0
27,19,16,246824,26,5302.777660,5302.777660,0
27,18,19,246824,34,7954.166549,5302.777660,0
27,19,18,246824,34,5302.777660,7954.166549,0
27,20,22,246824,45,5302.777660,7954.166549,0
27,22,20,246824,45,7954.166549,5302.777660,0
27,21,23,246824,44,5302.777660,7954.166549,0
27,23,21,246824,44,7954.166549,5302.777660,0
27,22,25,246824,38,7954.166549,3977.083216,0
27,25,22,246824,38,3977.083216,7954.166549,0
27,23,26,246824,41,7954.166549,5302.777660,0
27,26,23,246824,41,5302.777660,7954.166549,0
27,24,25,246824,28,5302.777660,3977.083216,0
27,25,24,246824,28,3977.083216,5302.777660,0
27,25,26,246824,34,3977.083216,5302.777660,0
27,26,25,246824,34,5302.777660,3977.083216,0
27,25,27,246824,36,3977.083216,7954.166549,0
27,27,25,246824,36,7954.166549,3977.083216,0
28,0,1,246824,9,3174.999882,3174.999882,0
28,1,0,246824,9,3174.999882,3174.999882,0
28,0,3,246824,11,3174.999882,5291.666549,0
28,3,0,246824,11,5291.666549,3174.999882,0
28,0,17,246824,25,3174.999882,5291.666549,0
28,17,0,246824,25,5291.666549,3174.999882,0
28,0,19,246824,24,3174.999882,7937.499882,0
28,19,0,246824,24,7937.499882,3174.999882,0
28,0,29,246824,27,3174.999882,7937.499882,0
28,29,0,246824,27,7937.499882,3174.999882,0
28,1,4,246824,8,3174.999882,5291.666549,0
28,4,1,246824,8,5291.666549,3174.999882,0
28,1,7,246824,9,3174.999882,2267.857025,0
28,7,1,246824,9,2267.857025,3174.999882,0
28,1,15,246824,21,3174.999882,5291.666549,0
28,15,1,246824,21,5291.666549,3174.999882,0
28,1,26,246824,31,3174.999882,5291.666549,0
28,26,1,246824,31,5291.666549,3174.999882,0
28,2,3,246824,12,3968.749882,5291.666549,0
28,3,2,246824,12,5291.666549,3968.749882,0
28,2,5,246824,12,3968.749882,5291.666549,0
28,5,2,246824,12,5291.666549,3968.749882,0
28,2,12,246824,13,3968.749882,3174.999882,0
28,12,2,246824,13,3174.999882,3968.749882,0
28,2,29,246824,28,3968.749882,7937.499882,0
28,29,2,246824,28,7937.499882,3968.749882,0
28,3,8,246824,11,5291.666549,3174.999882,0
28,8,3,246824,11,3174.999882,5291.666549,0
28,4,6,246824,9,5291.666549,3968.749882,0
28,6,4,246824,9,3968.749882,5291.666549,0
28,4,13,246824,10,5291.666549,7937.499882,0
28,13,4,246824,10,7937.499882,5291.666549,0
28,5,8,246824,11,5291.666549,3174.999882,0
28,8,5,246824,11,3174.999882,5291.666549,0
28,5,20,246824,29,5291.666549,5291.666549,0
28,20,5,246824,29,5291.666549,5291.666549,0
28,6,7,246824,10,3968.749882,2267.857025,0
28,7,6,246824,10,2267.857025,3968.749882,0
28,6,8,246824,10,3968.749882,3174.999882,0
28,8,6,246824,10,3174.999882,3968.749882,0
28,6,14,246824,9,3968.749882,2267.857025,0
28,14,6,246824,9,2267.857025,3968.749882,0
28,7,9,246824,8,2267.857025,3174.999882,0
28,9,7,246824,8,3174.999882,2267.857025,0
28,7,14,246824,10,2267.857025,2267.857025,0
28,14,7,246824,10,2267.857025,2267.857025,0
28,7,20,246824,29,2267.857025,5291.666549,0
28,20,7,246824,29,5291.666549,2267.857025,0
28,7,21,246824,30,2267.857025,7937.499882,0
28,21,7,246824,30,7937.499882,2267.857025,0
28,7,28,246824,31,2267.857025,7937.499882,0
28,28,7,246824,31,7937.499882,2267.857025,0
28,8,9,246824,9,3174.999882,3174.999882,0
28,9,8,246824,9,3174.999882,3174.999882,0
28,8,10,246824,12,3174.999882,3968.749882,0
28,10,8,246824,12,3968.749882,3174.999882,0
28,9,10,246824,10,3174.999882,3968.749882,0
28,10,9,246824,10,3968.749882,3174.999882,0
28,9,12,246824,10,3174.999882,3174.999882,0
28,12,9,246824,10,3174.999882,3174.999882,0
28,9,14,246824,8,3174.999882,2267.857025,0
28,14,9,246824,8,2267.857025,3174.999882,0
28,10,11,246824,11,3968.749882,3968.749882,0
28,11,10,246824,11,3968.749882,3968.749882,0
28,10,12,246824,12,3968.749882,3174.999882,0
28,12,10,246824,12,3174.999882,3968.749882,0
28,11,14,246824,9,3968.749882,2267.857025,0
28,14,11,246824,9,2267.857025,3968.749882,0
28,11,21,246824,29,3968.749882,7937.499882,0
28,21,11,246824,29,7937.499882,3968.749882,0
28,11,24,246824,21,3968.749882,2645.833216,0
28,24,11,246824,21,2645.833216,3968.749882,0
28,12,24,246824,22,3174.999882,2645.833216,0
28,24,12,246824,22,2645.833216,3174.999882,0
28,12,27,246824,35,3174.999882,7937.499882,0
28,27,12,246824,35,7937.499882,3174.999882,0
28,13,14,246824,11,7937.499882,2267.857025,0
28,14,13,246824,11,2267.857025,7937.499882,0
28,14,15,246824,21,2267.857025,5291.666549,0
28,15,14,246824,21,5291.666549,2267.857025,0
28,14,17,246824,23,2267.857025,5291.666549,0
28,17,14,246824,23,5291.666549,2267.857025,0
28,15,16,246824,24,5291.666549,3968.749882,0
28,16,15,246824,24,3968.749882,5291.666549,0
28,16,17,246824,26,3968.749882,5291.666549,0
28,17,16,246824,26,5291.666549,3968.749882,0
28,16,18,246824,30,3968.749882,7937.499882,0
28,18,16,246824,30,7937.499882,3968.749882,0
28,16,19,246824,26,3968.749882,7937.499882,0
28,19,16,246824,26,7937.499882,3968.749882,0
28,18,20,246824,37,7937.499882,5291.666549,0
28,20,18,246824,37,5291.666549,7937.499882,0
28,22,24,246824,40,7937.499882,2645.833216,0
28,24,22,246824,40,2645.833216,7937.499882,0
28,22,25,246824,38,7937.499882,3968.749882,0
28,25,22,246824,38,3968.749882,7937.499882,0
28,23,24,246824,40,7937.499882,2645.833216,0
28,24,23,246824,40,2645.833216,7937.499882,0
28,23,26,246824,41,7937.499882,5291.666549,0
28,26,23,246824,41,5291.666549,7937.499882,0
28,24,25,246824,28,2645.833216,3968.749882,0
28,25,24,246824,28,3968.749882,2645.833216,0
28,24,26,246824,36,2645.833216,5291.666549,0
28,26,24,246824,36,5291.666549,2645.833216,0
28,25,27,246824,36,3968.749882,7937.499882,0
28,27,25,246824,36,7937.499882,3968.749882,0
28,25,28,246824,32,3968.749882,7937.499882,0
28,28,25,246824,32,7937.499882,3968.749882,0
29,0,1,246824,9,3181.666549,2272.618930,0
29,1,0,246824,9,2272.618930,3181.666549,0
29,0,3,246824,11,3181.666549,3181.666549,0
29,3,0,246824,11,3181.666549,3181.666549,0
29,0,17,246824,25,3181.666549,3977.083216,0
29,17,0,246824,25,3977.083216,3181.666549,0
29,0,19,246824,24,3181.666549,5302.777660,0
29,19,0,246824,24,5302.777660,3181.666549,0
29,0,24,246824,22,3181.666549,3181.666549,0
29,24,0,246824,22,3181.666549,3181.666549,0
29,1,4,246824,8,2272.618930,3977.083216,0
29,4,1,246824,8,3977.083216,2272.618930,0
29,1,7,246824,9,2272.618930,2272.618930,0
29,7,1,246824,9,2272.618930,2272.618930,0
29,1,15,246824,21,2272.618930,5302.777660,0
29,15,1,246824,21,5302.777660,2272.618930,0
29,1,20,246824,27,2272.618930,5302.777660,0
29,20,1,246824,27,5302.777660,2272.618930,0
29,1,26,246824,31,2272.618930,3977.083216,0
29,26,1,246824,31,3977.083216,2272.618930,0
29,1,29,246824,25,2272.618930,5302.777660,0
29,29,1,246824,25,5302.777660,2272.618930,0
29,2,3,246824,12,3977.083216,3181.666549,0
29,3,2,246824,12,3181.666549,3977.083216,0
29,2,5,246824,12,3977.083216,5302.777660,0
29,5,2,246824,12,5302.777660,3977.083216,0
29,2,27,246824,36,3977.083216,7954.166549,0
29,27,2,246824,36,7954.166549,3977.083216,0
29,2,29,246824,28,3977.083216,5302.777660,0
29,29,2,246824,28,5302.777660,3977.083216,0
29,3,6,246824,10,3181.666549,5302.777660,0
29,6,3,246824,10,5302.777660,3181.666549,0
29,3,8,246824,11,3181.666549,7954.166549,0
29,8,3,246824,11,7954.166549,3181.666549,0
29,3,21,246824,30,3181.666549,7954.166549,0
29,21,3,246824,30,7954.166549,3181.666549,0
29,4,5,246824,10,3977.083216,5302.777660,0
29,5,4,246824,10,5302.777660,3977.083216,0
29,4,7,246824,9,3977.083216,2272.618930,0
29,7,4,246824,9,2272.618930,3977.083216,0
29,4,13,246824,10,3977.083216,3977.083216,0
29,13,4,246824,10,3977.083216,3977.083216,0
29,5,7,246824,11,5302.777660,2272.618930,0
29,7,5,246824,11,2272.618930,5302.777660,0
29,6,14,246824,9,5302.777660,2651.388771,0
29,14,6,246824,9,2651.388771,5302.777660,0
29,6,28,246824,30,5302.777660,7954.166549,0
29,28,6,246824,30,7954.166549,5302.777660,0
29,7,9,246824,8,2272.618930,3977.083216,0
29,9,7,246824,8,3977.083216,2272.618930,0
29,7,20,246824,29,2272.618930,5302.777660,0
29,20,7,246824,29,5302.777660,2272.618930,0
29,7,21,246824,30,2272.618930,7954.166549,0
29,21,7,246824,30,7954.166549,2272.618930,0
29,7,28,246824,31,2272.618930,7954.166549,0
29,28,7,246824,31,7954.166549,2272.618930,0
29,8,11,246824,10,7954.166549,3977.083216,0
29,11,8,246824,10,3977.083216,7954.166549,0
29,9,10,246824,10,3977.083216,5302.777660,0
29,10,9,246824,10,5302.777660,3977.083216,0
29,9,12,246824,10,3977.083216,7954.166549,0
29,12,9,246824,10,7954.166549,3977.083216,0
29,9,14,246824,8,3977.083216,2651.388771,0
29,14,9,246824,8,2651.388771,3977.083216,0
29,10,11,246824,11,5302.777660,3977.083216,0
29,11,10,246824,11,3977.083216,5302.777660,0
29,10,13,246824,13,5302.777660,3977.083216,0
29,13,10,246824,13,3977.083216,5302.777660,0
29,11,14,246824,9,3977.083216,2651.388771,0
29,14,11,246824,9,2651.388771,3977.083216,0
29,11,24,246824,21,3977.083216,3181.666549,0
29,24,11,246824,21,3181.666549,3977.083216,0
29,12,13,246824,13,7954.166549,3977.083216,0
29,13,12,246824,13,3977.083216,7954.166549,0
29,13,14,246824,11,3977.083216,2651.388771,0
29,14,13,246824,11,2651.388771,3977.083216,0
29,14,15,246824,21,2651.388771,5302.777660,0
29,15,14,246824,21,5302.777660,2651.388771,0
29,14,17,246824,23,2651.388771,3977.083216,0
29,17,14,246824,23,3977.083216,2651.388771,0
29,15,16,246824,24,5302.777660,5302.777660,0
29,16,15,246824,24,5302.777660,5302.777660,0
29,16,18,246824,30,5302.777660,7954.166549,0
29,18,16,246824,30,7954.166549,5302.777660,0
29,16,19,246824,26,5302.777660,5302.777660,0
29,19,16,246824,26,5302.777660,5302.777660,0
29,17,18,246824,31,3977.083216,7954.166549,0
29,18,17,246824,31,7954.166549,3977.083216,0
29,17,19,246824,30,3977.083216,5302.777660,0
29,19,17,246824,30,5302.777660,3977.083216,0
29,20,22,246824,45,5302.777660,7954.166549,0
29,22,20,246824,45,7954.166549,5302.777660,0
29,22,24,246824,40,7954.166549,3181.666549,0
29,24,22,246824,40,3181.666549,7954.166549,0
29,23,24,246824,40,7954.166549,3181.666549,0
29,24,23,246824,40,3181.666549,7954.166549,0
29,23,26,246824,41,7954.166549,3977.083216,0
29,26,23,246824,41,3977.083216,7954.166549,0
29,24,25,246824,28,3181.666549,5302.777660,0
29,25,24,246824,28,5302.777660,3181.666549,0
29,25,26,246824,34,5302.777660,3977.083216,0
29,26,25,246824,34,3977.083216,5302.777660,0
29,25,27,246824,36,5302.777660,7954.166549,0
29,27,25,246824,36,7954.166549,5302.777660,0
29,26,29,246824,38,3977.083216,5302.777660,0
29,29,26,246824,38,5302.777660,3977.083216,0
30,0,1,246824,9,3974.999882,3974.999882,0
30,1,0,246824,9,3974.999882,3974.999882,0
30,0,3,246824,11,3974.999882,7949.999882,0
30,3,0,246824,11,7949.999882,3974.999882,0
30,0,19,246824,24,3974.999882,3974.999882,0
30,19,0,246824,24,3974.999882,3974.999882,0
30,0,29,246824,27,3974.999882,7949.999882,0
30,29,0,246824,27,7949.999882,3974.999882,0
30,1,4,246824,8,3974.999882,7949.999882,0
30,4,1,246824,8,7949.999882,3974.999882,0
30,1,7,246824,9,3974.999882,1766.666549,0
30,7,1,246824,9,1766.666549,3974.999882,0
30,1,26,246824,31,3974.999882,5299.999882,0
30,26,1,246824,31,5299.999882,3974.999882,0
30,2,5,246824,12,5299.999882,3179.999882,0
30,5,2,246824,12,3179.999882,5299.999882,0
30,2,12,246824,13,5299.999882,2649.999882,0
30,12,2,246824,13,2649.999882,5299.999882,0
30,2,29,246824,28,5299.999882,7949.999882,0
30,29,2,246824,28,7949.999882,5299.999882,0
30,3,6,246824,10,7949.999882,3179.999882,0
30,6,3,246824,10,3179.999882,7949.999882,0
30,4,7,246824,9,7949.999882,1766.666549,0
30,7,4,246824,9,1766.666549,7949.999882,0
30,5,7,246824,11,3179.999882,1766.666549,0
30,7,5,246824,11,1766.666549,3179.999882,0
30,5,8,246824,11,3179.999882,5299.999882,0
30,8,5,246824,11,5299.999882,3179.999882,0
30,5,15,246824,23,3179.999882,5299.999882,0
30,15,5,246824,23,5299.999882,3179.999882,0
30,5,20,246824,29,3179.999882,7949.999882,0
30,20,5,246824,29,7949.999882,3179.999882,0
30,6,7,246824,10,3179.999882,1766.666549,0
30,7,6,246824,10,1766.666549,3179.999882,0
30,6,8,246824,10,3179.999882,5299.999882,0
30,8,6,246824,10,5299.999882,3179.999882,0
30,6,14,246824,9,3179.999882,2649.999882,0
30,14,6,246824,9,2649.999882,3179.999882,0
30,6,28,246824,30,3179.999882,3974.999882,0
30,28,6,246824,30,3974.999882,3179.999882,0
30,7,13,246824,11,1766.666549,5299.999882,0
30,13,7,246824,11,5299.999882,1766.666549,0
30,7,14,246824,10,1766.666549,2649.999882,0
30,14,7,246824,10,2649.999882,1766.666549,0
30,7,20,246824,29,1766.666549,7949.999882,0
30,20,7,246824,29,7949.999882,1766.666549,0
30,7,21,246824,30,1766.666549,3974.999882,0
30,21,7,246824,30,3974.999882,1766.666549,0
30,7,28,246824,31,1766.666549,3974.999882,0
30,28,7,246824,31,3974.999882,1766.666549,0
30,8,11,246824,10,5299.999882,3179.999882,0
30,11,8,246824,10,3179.999882,5299.999882,0
30,9,10,246824,10,5299.999882,5299.999882,0
30,10,9,246824,10,5299.999882,5299.999882,0
30,9,12,246824,10,5299.999882,2649.999882,0
30,12,9,246824,10,2649.999882,5299.999882,0
30,9,14,246824,8,5299.999882,2649.999882,0
30,14,9,246824,8,2649.999882,5299.999882,0
30,10,11,246824,11,5299.999882,3179.999882,0
30,11,10,246824,11,3179.999882,5299.999882,0
30,10,12,246824,12,5299.999882,2649.999882,0
30,12,10,246824,12,2649.999882,5299.999882,0
30,11,14,246824,9,3179.999882,2649.999882,0
30,14,11,246824,9,2649.999882,3179.999882,0
30,11,21,246824,29,3179.999882,3974.999882,0
30,21,11,246824,29,3974.999882,3179.999882,0
30,11,24,246824,21,3179.999882,7949.999882,0
30,24,11,246824,21,7949.999882,3179.999882,0
30,12,13,246824,13,2649.999882,5299.999882,0
30,13,12,246824,13,5299.999882,2649.999882,0
30,12,24,246824,22,2649.999882,7949.999882,0
30,24,12,246824,22,7949.999882,2649.999882,0
30,12,27,246824,35,2649.999882,7949.999882,0
30,27,12,246824,35,7949.999882,2649.999882,0
30,13,17,246824,26,5299.999882,5299.999882,0
30,17,13,246824,26,5299.999882,5299.999882,0
30,14,15,246824,21,2649.999882,5299.999882,0
30,15,14,246824,21,5299.999882,2649.999882,0
30,14,17,246824,23,2649.999882,5299.999882,0
30,17,14,246824,23,5299.999882,2649.999882,0
30,15,16,246824,24,5299.999882,5299.999882,0
30,16,15,246824,24,5299.999882,5299.999882,0
30,16,17,246824,26,5299.999882,5299.999882,0
30,17,16,246824,26,5299.999882,5299.999882,0
30,16,19,246824,26,5299.999882,3974.999882,0
30,19,16,246824,26,3974.999882,5299.999882,0
30,18,19,246824,34,7949.999882,3974.999882,0
30,19,18,246824,34,3974.999882,7949.999882,0
30,18,21,246824,36,7949.999882,3974.999882,0
30,21,18,246824,36,3974.999882,7949.999882,0
30,19,22,246824,42,3974.999882,7949.999882,0
30,22,19,246824,42,7949.999882,3974.999882,0
30,21,23,246824,44,3974.999882,7949.999882,0
30,23,21,246824,44,7949.999882,3974.999882,0
30,22,25,246824,38,7949.999882,5299.999882,0
30,25,22,246824,38,5299.999882,7949.999882,0
30,23,26,246824,41,7949.999882,5299.999882,0
30,26,23,246824,41,5299.999882,7949.999882,0
30,25,27,246824,36,5299.999882,7949.999882,0
30,27,25,246824,36,7949.999882,5299.999882,0
30,25,28,246824,32,5299.999882,3974.999882,0
30,28,25,246824,32,3974.999882,5299.999882,0
30,26,28,246824,35,5299.999882,3974.999882,0
30,28,26,246824,35,3974.999882,5299.999882,0
31,0,1,246824,9,3179.999936,2649.999936,0
31,1,0,246824,9,2649.999936,3179.999936,0
31,0,3,246824,11,3179.999936,5299.999936,0
31,3,0,246824,11,5299.999936,3179.999936,0
31,0,17,246824,25,3179.999936,3179.999936,0
31,17,0,246824,25,3179.999936,3179.999936,0
31,0,19,246824,24,3179.999936,3974.999936,0
31,19,0,246824,24,3974.999936,3179.999936,0
31,0,24,246824,22,3179.999936,2649.999936,0
31,24,0,246824,22,2649.999936,3179.999936,0
31,1,4,246824,8,2649.999936,3974.999936,0
31,4,1,246824,8,3974.999936,2649.999936,0
31,1,7,246824,9,2649.999936,2271.428507,0
31,7,1,246824,9,2271.428507,2649.999936,0
31,1,15,246824,21,2649.999936,5299.999936,0
31,15,1,246824,21,5299.999936,2649.999936,0
31,1,20,246824,27,2649.999936,7949.999936,0
31,20,1,246824,27,7949.999936,2649.999936,0
31,1,29,246824,25,2649.999936,7949.999936,0
31,29,1,246824,25,7949.999936,2649.999936,0
31,2,3,246824,12,3974.999936,5299.999936,0
31,3,2,246824,12,5299.999936,3974.999936,0
31,2,5,246824,12,3974.999936,3974.999936,0
31,5,2,246824,12,3974.999936,3974.999936,0
31,2,17,246824,26,3974.999936,3179.999936,0
31,17,2,246824,26,3179.999936,3974.999936,0
31,2,29,246824,28,3974.999936,7949.999936,0
31,29,2,246824,28,7949.999936,3974.999936,0
31,3,8,246824,11,5299.999936,5299.999936,0
31,8,3,246824,11,5299.999936,5299.999936,0
31,4,5,246824,10,3974.999936,3974.999936,0
31,5,4,246824,10,3974.999936,3974.999936,0
31,4,6,246824,9,3974.999936,5299.999936,0
31,6,4,246824,9,5299.999936,3974.999936,0
31,4,13,246824,10,3974.999936,3179.999936,0
31,13,4,246824,10,3179.999936,3974.999936,0
31,5,15,246824,23,3974.999936,5299.999936,0
31,15,5,246824,23,5299.999936,3974.999936,0
31,5,20,246824,29,3974.999936,7949.999936,0
31,20,5,246824,29,7949.999936,3974.999936,0
31,6,7,246824,10,5299.999936,2271.428507,0
31,7,6,246824,10,2271.428507,5299.999936,0
31,6,28,246824,30,5299.999936,3974.999936,0
31,28,6,246824,30,3974.999936,5299.999936,0
31,7,9,246824,8,2271.428507,3974.999936,0
31,9,7,246824,8,3974.999936,2271.428507,0
31,7,13,246824,11,2271.428507,3179.999936,0
31,13,7,246824,11,3179.999936,2271.428507,0
31,7,14,246824,10,2271.428507,7949.999936,0
31,14,7,246824,10,7949.999936,2271.428507,0
31,7,21,246824,30,2271.428507,5299.999936,0
31,21,7,246824,30,5299.999936,2271.428507,0
31,7,28,246824,31,2271.428507,3974.999936,0
31,28,7,246824,31,3974.999936,2271.428507,0
31,8,9,246824,9,5299.999936,3974.999936,0
31,9,8,246824,9,3974.999936,5299.999936,0
31,8,11,246824,10,5299.999936,3974.999936,0
31,11,8,246824,10,3974.999936,5299.999936,0
31,9,10,246824,10,3974.999936,5299.999936,0
31,10,9,246824,10,5299.999936,3974.999936,0
31,9,12,246824,10,3974.999936,5299.999936,0
31,12,9,246824,10,5299.999936,3974.999936,0
31,10,11,246824,11,5299.999936,3974.999936,0
31,11,10,246824,11,3974.999936,5299.999936,0
31,10,13,246824,13,5299.999936,3179.999936,0
31,13,10,246824,13,3179.999936,5299.999936,0
31,11,21,246824,29,3974.999936,5299.999936,0
31,21,11,246824,29,5299.999936,3974.999936,0
31,11,24,246824,21,3974.999936,2649.999936,0
31,24,11,246824,21,2649.999936,3974.999936,0
31,12,13,246824,13,5299.999936,3179.999936,0
31,13,12,246824,13,3179.999936,5299.999936,0
31,12,27,246824,35,5299.999936,7949.999936,0
31,27,12,246824,35,7949.999936,5299.999936,0
31,13,14,246824,11,3179.999936,7949.999936,0
31,14,13,246824,11,7949.999936,3179.999936,0
31,15,16,246824,24,5299.999936,7949.999936,0
31,16,15,246824,24,7949.999936,5299.999936,0
31,16,17,246824,26,7949.999936,3179.999936,0
31,17,16,246824,26,3179.999936,7949.999936,0
31,17,18,246824,31,3179.999936,7949.999936,0
31,18,17,246824,31,7949.999936,3179.999936,0
31,17,19,246824,30,3179.999936,3974.999936,0
31,19,17,246824,30,3974.999936,3179.999936,0
31,18,19,246824,34,7949.999936,3974.999936,0
31,19,18,246824,34,3974.999936,7949.999936,0
31,19,22,246824,42,3974.999936,7949.999936,0
31,22,19,246824,42,7949.999936,3974.999936,0
31,21,23,246824,44,5299.999936,7949.999936,0
31,23,21,246824,44,7949.999936,5299.999936,0
31,22,24,246824,40,7949.999936,2649.999936,0
31,24,22,246824,40,2649.999936,7949.999936,0
31,23,24,246824,40,7949.999936,2649.999936,0
31,24,23,246824,40,2649.999936,7949.999936,0
31,24,25,246824,28,2649.999936,5299.999936,0
31,25,24,246824,28,5299.999936,2649.999936,0
31,24,26,246824,36,2649.999936,7949.999936,0
31,26,24,246824,36,7949.999936,2649.999936,0
31,25,27,246824,36,5299.999936,7949.999936,0
31,27,25,246824,36,7949.999936,5299.999936,0
31,25,28,246824,32,5299.999936,3974.999936,0
31,28,25,246824,32,3974.999936,5299.999936,0
31,26,28,246824,35,7949.999936,3974.999936,0
31,28,26,246824,35,3974.999936,7949.999936,0
32,0,1,246824,9,5302.777660,2272.618930,0
32,1,0,246824,9,2272.618930,5302.777660,0
32,0,3,246824,11,5302.777660,5302.777660,0
32,3,0,246824,11,5302.777660,5302.777660,0
32,0,19,246824,24,5302.777660,7954.166549,0
32,19,0,246824,24,7954.166549,5302.777660,0
32,1,4,246824,8,2272.618930,5302.777660,0
32,4,1,246824,8,5302.777660,2272.618930,0
32,1,7,246824,9,2272.618930,5302.777660,0
32,7,1,246824,9,5302.777660,2272.618930,0
32,1,15,246824,21,2272.618930,5302.777660,0
32,15,1,246824,21,5302.777660,2272.618930,0
32,1,20,246824,27,2272.618930,5302.777660,0
32,20,1,246824,27,5302.777660,2272.618930,0
32,1,26,246824,31,2272.618930,3977.083216,0
32,26,1,246824,31,3977.083216,2272.618930,0
32,1,29,246824,25,2272.618930,7954.166549,0
32,29,1,246824,25,7954.166549,2272.618930,0
32,2,5,246824,12,5302.777660,5302.777660,0
32,5,2,246824,12,5302.777660,5302.777660,0
32,2,12,246824,13,5302.777660,2651.388771,0
32,12,2,246824,13,2651.388771,5302.777660,0
32,2,29,246824,28,5302.777660,7954.166549,0
32,29,2,246824,28,7954.166549,5302.777660,0
32,3,6,246824,10,5302.777660,3181.666549,0
32,6,3,246824,10,3181.666549,5302.777660,0
32,3,21,246824,30,5302.777660,7954.166549,0
32,21,3,246824,30,7954.166549,5302.777660,0
32,4,6,246824,9,5302.777660,3181.666549,0
32,6,4,246824,9,3181.666549,5302.777660,0
32,4,13,246824,10,5302.777660,3977.083216,0
32,13,4,246824,10,3977.083216,5302.777660,0
32,5,8,246824,11,5302.777660,3977.083216,0
32,8,5,246824,11,3977.083216,5302.777660,0
32,5,20,246824,29,5302.777660,5302.777660,0
32,20,5,246824,29,5302.777660,5302.777660,0
32,6,8,246824,10,3181.666549,3977.083216,0
32,8,6,246824,10,3977.083216,3181.666549,0
32,6,14,246824,9,3181.666549,2651.388771,0
32,14,6,246824,9,2651.388771,3181.666549,0
32,6,28,246824,30,3181.666549,7954.166549,0
32,28,6,246824,30,7954.166549,3181.666549,0
32,7,9,246824,8,5302.777660,3181.666549,0
32,9,7,246824,8,3181.666549,5302.777660,0
32,7,28,246824,31,5302.777660,7954.166549,0
32,28,7,246824,31,7954.166549,5302.777660,0
32,8,9,246824,9,3977.083216,3181.666549,0
32,9,8,246824,9,3181.666549,3977.083216,0
32,8,11,246824,10,3977.083216,3181.666549,0
32,11,8,246824,10,3181.666549,3977.083216,0
32,9,10,246824,10,3181.666549,5302.777660,0
32,10,9,246824,10,5302.777660,3181.666549,0
32,9,12,246824,10,3181.666549,2651.388771,0
32,12,9,246824,10,2651.388771,3181.666549,0
32,9,14,246824,8,3181.666549,2651.388771,0
32,14,9,246824,8,2651.388771,3181.666549,0
32,10,11,246824,11,5302.777660,3181.666549,0
32,11,10,246824,11,3181.666549,5302.777660,0
32,10,12,246824,12,5302.777660,2651.388771,0
32,12,10,246824,12,2651.388771,5302.777660,0
32,11,14,246824,9,3181.666549,2651.388771,0
32,14,11,246824,9,2651.388771,3181.666549,0
32,11,21,246824,29,3181.666549,7954.166549,0
32,21,11,246824,29,7954.166549,3181.666549,0
32,11,24,246824,21,3181.666549,3181.666549,0
32,24,11,246824,21,3181.666549,3181.666549,0
32,12,13,246824,13,2651.388771,3977.083216,0
32,13,12,246824,13,3977.083216,2651.388771,0
32,12,24,246824,22,2651.388771,3181.666549,0
32,24,12,246824,22,3181.666549,2651.388771,0
32,12,27,246824,35,2651.388771,7954.166549,0
32,27,12,246824,35,7954.166549,2651.388771,0
32,13,14,246824,11,3977.083216,2651.388771,0
32,14,13,246824,11,2651.388771,3977.083216,0
32,13,17,246824,26,3977.083216,3181.666549,0
32,17,13,246824,26,3181.666549,3977.083216,0
32,14,15,246824,21,2651.388771,5302.777660,0
32,15,14,246824,21,5302.777660,2651.388771,0
32,14,17,246824,23,2651.388771,3181.666549,0
32,17,14,246824,23,3181.666549,2651.388771,0
32,15,16,246824,24,5302.777660,5302.777660,0
32,16,15,246824,24,5302.777660,5302.777660,0
32,16,17,246824,26,5302.777660,3181.666549,0
32,17,16,246824,26,3181.666549,5302.777660,0
32,16,18,246824,30,5302.777660,7954.166549,0
32,18,16,246824,30,7954.166549,5302.777660,0
32,17,18,246824,31,3181.666549,7954.166549,0
32,18,17,246824,31,7954.166549,3181.666549,0
32,17,19,246824,30,3181.666549,7954.166549,0
32,19,17,246824,30,7954.166549,3181.666549,0
32,20,22,246824,45,5302.777660,5302.777660,0
32,22,20,246824,45,5302.777660,5302.777660,0
32,22,24,246824,40,5302.777660,3181.666549,0
32,24,22,246824,40,3181.666549,5302.777660,0
32,22,25,246824,38,5302.777660,5302.777660,0
32,25,22,246824,38,5302.777660,5302.777660,0
32,23,24,246824,40,7954.166549,3181.666549,0
32,24,23,246824,40,3181.666549,7954.166549,0
32,23,26,246824,41,7954.166549,3977.083216,0
32,26,23,246824,41,3977.083216,7954.166549,0
32,24,26,246824,36,3181.666549,3977.083216,0
32,26,24,246824,36,3977.083216,3181.666549,0
32,25,26,246824,34,5302.777660,3977.083216,0
32,26,25,246824,34,3977.083216,5302.777660,0
32,25,27,246824,36,5302.777660,7954.166549,0
32,27,25,246824,36,7954.166549,5302.777660,0
33,0,1,246824,9,2651.388771,5302.777660,0
33,1,0,246824,9,5302.777660,2651.388771,0
33,0,3,246824,11,2651.388771,3977.083216,0
33,3,0,246824,11,3977.083216,2651.388771,0
33,0,17,246824,25,2651.388771,7954.166549,0
33,17,0,246824,25,7954.166549,2651.388771,0
33,0,19,246824,24,2651.388771,7954.166549,0
33,19,0,246824,24,7954.166549,2651.388771,0
33,0,24,246824,22,2651.388771,7954.166549,0
33,24,0,246824,22,7954.166549,2651.388771,0
33,0,29,246824,27,2651.388771,7954.166549,0
33,29,0,246824,27,7954.166549,2651.388771,0
33,1,4,246824,8,5302.777660,3977.083216,0
33,4,1,246824,8,3977.083216,5302.777660,0
33,1,20,246824,27,5302.777660,3977.083216,0
33,20,1,246824,27,3977.083216,5302.777660,0
33,2,3,246824,12,3181.666549,3977.083216,0
33,3,2,246824,12,3977.083216,3181.666549,0
33,2,5,246824,12,3181.666549,2651.388771,0
33,5,2,246824,12,2651.388771,3181.666549,0
33,2,12,246824,13,3181.666549,7954.166549,0
33,12,2,246824,13,7954.166549,3181.666549,0
33,2,27,246824,36,3181.666549,7954.166549,0
33,27,2,246824,36,7954.166549,3181.666549,0
33,2,29,246824,28,3181.666549,7954.166549,0
33,29,2,246824,28,7954.166549,3181.666549,0
33,3,6,246824,10,3977.083216,5302.777660,0
33,6,3,246824,10,5302.777660,3977.083216,0
33,3,8,246824,11,3977.083216,3977.083216,0
33,8,3,246824,11,3977.083216,3977.083216,0
33,4,5,246824,10,3977.083216,2651.388771,0
33,5,4,246824,10,2651.388771,3977.083216,0
33,4,6,246824,9,3977.083216,5302.777660,0
33,6,4,246824,9,5302.777660,3977.083216,0
33,4,13,246824,10,3977.083216,3977.083216,0
33,13,4,246824,10,3977.083216,3977.083216,0
33,5,7,246824,11,2651.388771,3181.666549,0
33,7,5,246824,11,3181.666549,2651.388771,0
33,5,8,246824,11,2651.388771,3977.083216,0
33,8,5,246824,11,3977.083216,2651.388771,0
33,5,15,246824,23,2651.388771,5302.777660,0
33,15,5,246824,23,5302.777660,2651.388771,0
33,5,20,246824,29,2651.388771,3977.083216,0
33,20,5,246824,29,3977.083216,2651.388771,0
33,6,14,246824,9,5302.777660,2272.618930,0
33,14,6,246824,9,2272.618930,5302.777660,0
33,7,13,246824,11,3181.666549,3977.083216,0
33,13,7,246824,11,3977.083216,3181.666549,0
33,7,14,246824,10,3181.666549,2272.618930,0
33,14,7,246824,10,2272.618930,3181.666549,0
33,7,21,246824,30,3181.666549,3977.083216,0
33,21,7,246824,30,3977.083216,3181.666549,0
33,7,28,246824,31,3181.666549,5302.777660,0
33,28,7,246824,31,5302.777660,3181.666549,0
33,8,10,246824,12,3977.083216,3181.666549,0
33,10,8,246824,12,3181.666549,3977.083216,0
33,8,11,246824,10,3977.083216,3181.666549,0
33,11,8,246824,10,3181.666549,3977.083216,0
33,9,10,246824,10,7954.166549,3181.666549,0
33,10,9,246824,10,3181.666549,7954.166549,0
33,9,14,246824,8,7954.166549,2272.618930,0
33,14,9,246824,8,2272.618930,7954.166549,0
33,10,11,246824,11,3181.666549,3181.666549,0
33,11,10,246824,11,3181.666549,3181.666549,0
33,10,12,246824,12,3181.666549,7954.166549,0
33,12,10,246824,12,7954.166549,3181.666549,0
33,10,13,246824,13,3181.666549,3977.083216,0
33,13,10,246824,13,3977.083216,3181.666549,0
33,11,14,246824,9,3181.666549,2272.618930,0
33,14,11,246824,9,2272.618930,3181.666549,0
33,11,21,246824,29,3181.666549,3977.083216,0
33,21,11,246824,29,3977.083216,3181.666549,0
33,11,24,246824,21,3181.666549,7954.166549,0
33,24,11,246824,21,7954.166549,3181.666549,0
33,13,14,246824,11,3977.083216,2272.618930,0
33,14,13,246824,11,2272.618930,3977.083216,0
33,14,15,246824,21,2272.618930,5302.777660,0
33,15,14,246824,21,5302.777660,2272.618930,0
33,14,17,246824,23,2272.618930,7954.166549,0
33,17,14,246824,23,7954.166549,2272.618930,0
33,15,16,246824,24,5302.777660,7954.166549,0
33,16,15,246824,24,7954.166549,5302.777660,0
33,16,19,246824,26,7954.166549,7954.166549,0
33,19,16,246824,26,7954.166549,7954.166549,0
33,18,20,246824,37,7954.166549,3977.083216,0
33,20,18,246824,37,3977.083216,7954.166549,0
33,18,21,246824,36,7954.166549,3977.083216,0
33,21,18,246824,36,3977.083216,7954.166549,0
33,20,22,246824,45,3977.083216,7954.166549,0
33,22,20,246824,45,7954.166549,3977.083216,0
33,21,23,246824,44,3977.083216,7954.166549,0
33,23,21,246824,44,7954.166549,3977.083216,0
33,22,25,246824,38,7954.166549,3977.083216,0
33,25,22,246824,38,3977.083216,7954.166549,0
33,23,26,246824,41,7954.166549,5302.777660,0
33,26,23,246824,41,5302.777660,7954.166549,0
33,25,26,246824,34,3977.083216,5302.777660,0
33,26,25,246824,34,5302.777660,3977.083216,0
33,25,27,246824,36,3977.083216,7954.166549,0
33,27,25,246824,36,7954.166549,3977.083216,0
33,25,28,246824,32,3977.083216,5302.777660,0
33,28,25,246824,32,5302.777660,3977.083216,0
33,26,28,246824,35,5302.777660,5302.777660,0
33,28,26,246824,35,5302.777660,5302.777660,0
34,0,1,246824,9,3179.999882,2649.999882,0
34,1,0,246824,9,2649.999882,3179.999882,0
34,0,3,246824,11,3179.999882,5299.999882,0
34,3,0,246824,11,5299.999882,3179.999882,0
34,0,17,246824,25,3179.999882,5299.999882,0
34,17,0,246824,25,5299.999882,3179.999882,0
34,0,19,246824,24,3179.999882,7949.999882,0
34,19,0,246824,24,7949.999882,3179.999882,0
34,0,24,246824,22,3179.999882,2649.999882,0
34,24,0,246824,22,2649.999882,3179.999882,0
34,1,4,246824,8,2649.999882,5299.999882,0
34,4,1,246824,8,5299.999882,2649.999882,0
34,1,7,246824,9,2649.999882,1589.999882,0
34,7,1,246824,9,1589.999882,2649.999882,0
34,1,15,246824,21,2649.999882,5299.999882,0
34,15,1,246824,21,5299.999882,2649.999882,0
34,1,26,246824,31,2649.999882,7949.999882,0
34,26,1,246824,31,7949.999882,2649.999882,0
34,1,29,246824,25,2649.999882,7949.999882,0
34,29,1,246824,25,7949.999882,2649.999882,0
34,2,3,246824,12,3974.999882,5299.999882,0
34,3,2,246824,12,5299.999882,3974.999882,0
34,2,5,246824,12,3974.999882,3179.999882,0
34,5,2,246824,12,3179.999882,3974.999882,0
34,2,12,246824,13,3974.999882,2649.999882,0
34,12,2,246824,13,2649.999882,3974.999882,0
34,2,29,246824,28,3974.999882,7949.999882,0
34,29,2,246824,28,7949.999882,3974.999882,0
34,3,8,246824,11,5299.999882,3974.999882,0
34,8,3,246824,11,3974.999882,5299.999882,0
34,4,6,246824,9,5299.999882,5299.999882,0
34,6,4,246824,9,5299.999882,5299.999882,0
34,4,7,246824,9,5299.999882,1589.999882,0
34,7,4,246824,9,1589.999882,5299.999882,0
34,5,7,246824,11,3179.999882,1589.999882,0
34,7,5,246824,11,1589.999882,3179.999882,0
34,5,8,246824,11,3179.999882,3974.999882,0
34,8,5,246824,11,3974.999882,3179.999882,0
34,5,15,246824,23,3179.999882,5299.999882,0
34,15,5,246824,23,5299.999882,3179.999882,0
34,5,20,246824,29,3179.999882,3974.999882,0
34,20,5,246824,29,3974.999882,3179.999882,0
34,6,7,246824,10,5299.999882,1589.999882,0
34,7,6,246824,10,1589.999882,5299.999882,0
34,6,28,246824,30,5299.999882,7949.999882,0
34,28,6,246824,30,7949.999882,5299.999882,0
34,7,9,246824,8,1589.999882,3179.999882,0
34,9,7,246824,8,3179.999882,1589.999882,0
34,7,13,246824,11,1589.999882,7949.999882,0
34,13,7,246824,11,7949.999882,1589.999882,0
34,7,14,246824,10,1589.999882,5299.999882,0
34,14,7,246824,10,5299.999882,1589.999882,0
34,7,20,246824,29,1589.999882,3974.999882,0
34,20,7,246824,29,3974.999882,1589.999882,0
34,7,21,246824,30,1589.999882,3974.999882,0
34,21,7,246824,30,3974.999882,1589.999882,0
34,7,28,246824,31,1589.999882,7949.999882,0
34,28,7,246824,31,7949.999882,1589.999882,0
34,8,9,246824,9,3974.999882,3179.999882,0
34,9,8,246824,9,3179.999882,3974.999882,0
34,8,11,246824,10,3974.999882,5299.999882,0
34,11,8,246824,10,5299.999882,3974.999882,0
34,9,10,246824,10,3179.999882,5299.999882,0
34,10,9,246824,10,5299.999882,3179.999882,0
34,9,12,246824,10,3179.999882,2649.999882,0
34,12,9,246824,10,2649.999882,3179.999882,0
34,9,14,246824,8,3179.999882,5299.999882,0
34,14,9,246824,8,5299.999882,3179.999882,0
34,10,11,246824,11,5299.999882,5299.999882,0
34,11,10,246824,11,5299.999882,5299.999882,0
34,10,12,246824,12,5299.999882,2649.999882,0
34,12,10,246824,12,2649.999882,5299.999882,0
34,11,21,246824,29,5299.999882,3974.999882,0
34,21,11,246824,29,3974.999882,5299.999882,0
34,12,13,246824,13,2649.999882,7949.999882,0
34,13,12,246824,13,7949.999882,2649.999882,0
34,12,24,246824,22,2649.999882,2649.999882,0
34,24,12,246824,22,2649.999882,2649.999882,0
34,12,27,246824,35,2649.999882,7949.999882,0
34,27,12,246824,35,7949.999882,2649.999882,0
34,14,17,246824,23,5299.999882,5299.999882,0
34,17,14,246824,23,5299.999882,5299.999882,0
34,15,16,246824,24,5299.999882,7949.999882,0
34,16,15,246824,24,7949.999882,5299.999882,0
34,16,17,246824,26,7949.999882,5299.999882,0
34,17,16,246824,26,5299.999882,7949.999882,0
34,18,20,246824,37,7949.999882,3974.999882,0
34,20,18,246824,37,3974.999882,7949.999882,0
34,18,21,246824,36,7949.999882,3974.999882,0
34,21,18,246824,36,3974.999882,7949.999882,0
34,19,20,246824,34,7949.999882,3974.999882,0
34,20,19,246824,34,3974.999882,7949.999882,0
34,21,23,246824,44,3974.999882,7949.999882,0
34,23,21,246824,44,7949.999882,3974.999882,0
34,22,24,246824,40,7949.999882,2649.999882,0
34,24,22,246824,40,2649.999882,7949.999882,0
34,22,25,246824,38,7949.999882,5299.999882,0
34,25,22,246824,38,5299.999882,7949.999882,0
34,23,24,246824,40,7949.999882,2649.999882,0
34,24,23,246824,40,2649.999882,7949.999882,0
34,24,25,246824,28,2649.999882,5299.999882,0
34,25,24,246824,28,5299.999882,2649.999882,0
34,24,26,246824,36,2649.999882,7949.999882,0
34,26,24,246824,36,7949.999882,2649.999882,0
34,25,27,246824,36,5299.999882,7949.999882,0
34,27,25,246824,36,7949.999882,5299.999882,0
35,0,1,246824,9,3179.999882,3974.999882,0
35,1,0,246824,9,3974.999882,3179.999882,0
35,0,3,246824,11,3179.999882,3179.999882,0
35,3,0,246824,11,3179.999882,3179.999882,0
35,0,17,246824,25,3179.999882,3179.999882,0
35,17,0,246824,25,3179.999882,3179.999882,0
35,0,19,246824,24,3179.999882,3179.999882,0
35,19,0,246824,24,3179.999882,3179.999882,0
35,0,29,246824,27,3179.999882,7949.999882,0
35,29,0,246824,27,7949.999882,3179.999882,0
35,1,4,246824,8,3974.999882,3974.999882,0
35,4,1,246824,8,3974.999882,3974.999882,0
35,1,7,246824,9,3974.999882,1987.499882,0
35,7,1,246824,9,1987.499882,3974.999882,0
35,1,20,246824,27,3974.999882,7949.999882,0
35,20,1,246824,27,7949.999882,3974.999882,0
35,2,3,246824,12,3974.999882,3179.999882,0
35,3,2,246824,12,3179.999882,3974.999882,0
35,2,5,246824,12,3974.999882,3974.999882,0
35,5,2,246824,12,3974.999882,3974.999882,0
35,2,27,246824,36,3974.999882,7949.999882,0
35,27,2,246824,36,7949.999882,3974.999882,0
35,2,29,246824,28,3974.999882,7949.999882,0
35,29,2,246824,28,7949.999882,3974.999882,0
35,3,6,246824,10,3179.999882,3179.999882,0
35,6,3,246824,10,3179.999882,3179.999882,0
35,3,8,246824,11,3179.999882,3974.999882,0
35,8,3,246824,11,3974.999882,3179.999882,0
35,3,21,246824,30,3179.999882,5299.999882,0
35,21,3,246824,30,5299.999882,3179.999882,0
35,4,5,246824,10,3974.999882,3974.999882,0
35,5,4,246824,10,3974.999882,3974.999882,0
35,4,7,246824,9,3974.999882,1987.499882,0
35,7,4,246824,9,1987.499882,3974.999882,0
35,4,13,246824,10,3974.999882,5299.999882,0
35,13,4,246824,10,5299.999882,3974.999882,0
35,5,7,246824,11,3974.999882,1987.499882,0
35,7,5,246824,11,1987.499882,3974.999882,0
35,5,15,246824,23,3974.999882,7949.999882,0
35,15,5,246824,23,7949.999882,3974.999882,0
35,6,7,246824,10,3179.999882,1987.499882,0
35,7,6,246824,10,1987.499882,3179.999882,0
35,6,8,246824,10,3179.999882,3974.999882,0
35,8,6,246824,10,3974.999882,3179.999882,0
35,6,14,246824,9,3179.999882,2649.999882,0
35,14,6,246824,9,2649.999882,3179.999882,0
35,6,28,246824,30,3179.999882,3974.999882,0
35,28,6,246824,30,3974.999882,3179.999882,0
35,7,9,246824,8,1987.499882,3179.999882,0
35,9,7,246824,8,3179.999882,1987.499882,0
35,7,14,246824,10,1987.499882,2649.999882,0
35,14,7,246824,10,2649.999882,1987.499882,0
35,7,20,246824,29,1987.499882,7949.999882,0
35,20,7,246824,29,7949.999882,1987.499882,0
35,7,28,246824,31,1987.499882,3974.999882,0
35,28,7,246824,31,3974.999882,1987.499882,0
35,8,9,246824,9,3974.999882,3179.999882,0
35,9,8,246824,9,3179.999882,3974.999882,0
35,8,10,246824,12,3974.999882,3974.999882,0
35,10,8,246824,12,3974.999882,3974.999882,0
35,9,10,246824,10,3179.999882,3974.999882,0
35,10,9,246824,10,3974.999882,3179.999882,0
35,9,12,246824,10,3179.999882,3974.999882,0
35,12,9,246824,10,3974.999882,3179.999882,0
35,9,14,246824,8,3179.999882,2649.999882,0
35,14,9,246824,8,2649.999882,3179.999882,0
35,10,11,246824,11,3974.999882,3974.999882,0
35,11,10,246824,11,3974.999882,3974.999882,0
35,10,12,246824,12,3974.999882,3974.999882,0
35,12,10,246824,12,3974.999882,3974.999882,0
35,11,14,246824,9,3974.999882,2649.999882,0
35,14,11,246824,9,2649.999882,3974.999882,0
35,11,21,246824,29,3974.999882,5299.999882,0
35,21,11,246824,29,5299.999882,3974.999882,0
35,11,24,246824,21,3974.999882,7949.999882,0
35,24,11,246824,21,7949.999882,3974.999882,0
35,12,24,246824,22,3974.999882,7949.999882,0
35,24,12,246824,22,7949.999882,3974.999882,0
35,12,27,246824,35,3974.999882,7949.999882,0
35,27,12,246824,35,7949.999882,3974.999882,0
35,13,14,246824,11,5299.999882,2649.999882,0
35,14,13,246824,11,2649.999882,5299.999882,0
35,13,17,246824,26,5299.999882,3179.999882,0
35,17,13,246824,26,3179.999882,5299.999882,0
35,14,15,246824,21,2649.999882,7949.999882,0
35,15,14,246824,21,7949.999882,2649.999882,0
35,16,17,246824,26,7949.999882,3179.999882,0
35,17,16,246824,26,3179.999882,7949.999882,0
35,16,19,246824,26,7949.999882,3179.999882,0
35,19,16,246824,26,3179.999882,7949.999882,0
35,17,18,246824,31,3179.999882,7949.999882,0
35,18,17,246824,31,7949.999882,3179.999882,0
35,17,19,246824,30,3179.999882,3179.999882,0
35,19,17,246824,30,3179.999882,3179.999882,0
35,18,19,246824,34,7949.999882,3179.999882,0
35,19,18,246824,34,3179.999882,7949.999882,0
35,19,22,246824,42,3179.999882,7949.999882,0
35,22,19,246824,42,7949.999882,3179.999882,0
35,21,23,246824,44,5299.999882,7949.999882,0
35,23,21,246824,44,7949.999882,5299.999882,0
35,22,25,246824,38,7949.999882,5299.999882,0
35,25,22,246824,38,5299.999882,7949.999882,0
35,23,26,246824,41,7949.999882,5299.999882,0
35,26,23,246824,41,5299.999882,7949.999882,0
35,25,26,246824,34,5299.999882,5299.999882,0
35,26,25,246824,34,5299.999882,5299.999882,0
35,25,28,246824,32,5299.999882,3974.999882,0
35,28,25,246824,32,3974.999882,5299.999882,0
35,26,28,246824,35,5299.999882,3974.999882,0
35,28,26,246824,35,3974.999882,5299.999882,0
36,0,1,246824,9,3977.083216,2651.388771,0
36,1,0,246824,9,2651.388771,3977.083216,0
36,0,3,246824,11,3977.083216,7954.166549,0
36,3,0,246824,11,7954.166549,3977.083216,0
36,0,19,246824,24,3977.083216,7954.166549,0
36,19,0,246824,24,7954.166549,3977.083216,0
36,0,24,246824,22,3977.083216,3977.083216,0
36,24,0,246824,22,3977.083216,3977.083216,0
36,1,4,246824,8,2651.388771,3181.666549,0
36,4,1,246824,8,3181.666549,2651.388771,0
36,1,15,246824,21,2651.388771,5302.777660,0
36,15,1,246824,21,5302.777660,2651.388771,0
36,1,20,246824,27,2651.388771,5302.777660,0
36,20,1,246824,27,5302.777660,2651.388771,0
36,1,26,246824,31,2651.388771,5302.777660,0
36,26,1,246824,31,5302.777660,2651.388771,0
36,1,29,246824,25,2651.388771,5302.777660,0
36,29,1,246824,25,5302.777660,2651.388771,0
36,2,5,246824,12,3181.666549,3181.666549,0
36,5,2,246824,12,3181.666549,3181.666549,0
36,2,12,246824,13,3181.666549,7954.166549,0
36,12,2,246824,13,7954.166549,3181.666549,0
36,2,17,246824,26,3181.666549,3977.083216,0
36,17,2,246824,26,3977.083216,3181.666549,0
36,2,27,246824,36,3181.666549,7954.166549,0
36,27,2,246824,36,7954.166549,3181.666549,0
36,2,29,246824,28,3181.666549,5302.777660,0
36,29,2,246824,28,5302.777660,3181.666549,0
36,3,6,246824,10,7954.166549,2651.388771,0
36,6,3,246824,10,2651.388771,7954.166549,0
36,4,5,246824,10,3181.666549,3181.666549,0
36,5,4,246824,10,3181.666549,3181.666549,0
36,4,6,246824,9,3181.666549,2651.388771,0
36,6,4,246824,9,2651.388771,3181.666549,0
36,4,7,246824,9,3181.666549,2651.388771,0
36,7,4,246824,9,2651.388771,3181.666549,0
36,4,13,246824,10,3181.666549,5302.777660,0
36,13,4,246824,10,5302.777660,3181.666549,0
36,5,8,246824,11,3181.666549,3977.083216,0
36,8,5,246824,11,3977.083216,3181.666549,0
36,5,15,246824,23,3181.666549,5302.777660,0
36,15,5,246824,23,5302.777660,3181.666549,0
36,5,20,246824,29,3181.666549,5302.777660,0
36,20,5,246824,29,5302.777660,3181.666549,0
36,6,7,246824,10,2651.388771,2651.388771,0
36,7,6,246824,10,2651.388771,2651.388771,0
36,6,8,246824,10,2651.388771,3977.083216,0
36,8,6,246824,10,3977.083216,2651.388771,0
36,6,14,246824,9,2651.388771,3977.083216,0
36,14,6,246824,9,3977.083216,2651.388771,0
36,6,28,246824,30,2651.388771,7954.166549,0
36,28,6,246824,30,7954.166549,2651.388771,0
36,7,9,246824,8,2651.388771,3977.083216,0
36,9,7,246824,8,3977.083216,2651.388771,0
36,7,14,246824,10,2651.388771,3977.083216,0
36,14,7,246824,10,3977.083216,2651.388771,0
36,7,21,246824,30,2651.388771,7954.166549,0
36,21,7,246824,30,7954.166549,2651.388771,0
36,7,28,246824,31,2651.388771,7954.166549,0
36,28,7,246824,31,7954.166549,2651.388771,0
36,8,9,246824,9,3977.083216,3977.083216,0
36,9,8,246824,9,3977.083216,3977.083216,0
36,8,11,246824,10,3977.083216,3181.666549,0
36,11,8,246824,10,3181.666549,3977.083216,0
36,9,10,246824,10,3977.083216,7954.166549,0
36,10,9,246824,10,7954.166549,3977.083216,0
36,9,14,246824,8,3977.083216,3977.083216,0
36,14,9,246824,8,3977.083216,3977.083216,0
36,10,11,246824,11,7954.166549,3181.666549,0
36,11,10,246824,11,3181.666549,7954.166549,0
36,11,14,246824,9,3181.666549,3977.083216,0
36,14,11,246824,9,3977.083216,3181.666549,0
36,11,21,246824,29,3181.666549,7954.166549,0
36,21,11,246824,29,7954.166549,3181.666549,0
36,11,24,246824,21,3181.666549,3977.083216,0
36,24,11,246824,21,3977.083216,3181.666549,0
36,12,13,246824,13,7954.166549,5302.777660,0
36,13,12,246824,13,5302.777660,7954.166549,0
36,13,17,246824,26,5302.777660,3977.083216,0
36,17,13,246824,26,3977.083216,5302.777660,0
36,15,16,246824,24,5302.777660,3977.083216,0
36,16,15,246824,24,3977.083216,5302.777660,0
36,16,17,246824,26,3977.083216,3977.083216,0
36,17,16,246824,26,3977.083216,3977.083216,0
36,16,18,246824,30,3977.083216,7954.166549,0
36,18,16,246824,30,7954.166549,3977.083216,0
36,16,19,246824,26,3977.083216,7954.166549,0
36,19,16,246824,26,7954.166549,3977.083216,0
36,17,18,246824,31,3977.083216,7954.166549,0
36,18,17,246824,31,7954.166549,3977.083216,0
36,20,22,246824,45,5302.777660,7954.166549,0
36,22,20,246824,45,7954.166549,5302.777660,0
36,22,25,246824,38,7954.166549,5302.777660,0
36,25,22,246824,38,5302.777660,7954.166549,0
36,23,24,246824,40,7954.166549,3977.083216,0
36,24,23,246824,40,3977.083216,7954.166549,0
36,23,26,246824,41,7954.166549,5302.777660,0
36,26,23,246824,41,5302.777660,7954.166549,0
36,24,25,246824,28,3977.083216,5302.777660,0
36,25,24,246824,28,5302.777660,3977.083216,0
36,25,27,246824,36,5302.777660,7954.166549,0
36,27,25,246824,36,7954.166549,5302.777660,0
36,26,29,246824,38,5302.777660,5302.777660,0
36,29,26,246824,38,5302.777660,5302.777660,0
37,0,1,246824,9,3181.666549,2272.618930,0
37,1,0,246824,9,2272.618930,3181.666549,0
37,0,3,246824,11,3181.666549,3977.083216,0
37,3,0,246824,11,3977.083216,3181.666549,0
37,0,17,246824,25,3181.666549,3977.083216,0
37,17,0,246824,25,3977.083216,3181.666549,0
37,0,19,246824,24,3181.666549,7954.166549,0
37,19,0,246824,24,7954.166549,3181.666549,0
37,0,24,246824,22,3181.666549,5302.777660,0
37,24,0,246824,22,5302.777660,3181.666549,0
37,1,4,246824,8,2272.618930,3181.666549,0
37,4,1,246824,8,3181.666549,2272.618930,0
37,1,7,246824,9,2272.618930,2651.388771,0
37,7,1,246824,9,2651.388771,2272.618930,0
37,1,15,246824,21,2272.618930,5302.777660,0
37,15,1,246824,21,5302.777660,2272.618930,0
37,1,20,246824,27,2272.618930,5302.777660,0
37,20,1,246824,27,5302.777660,2272.618930,0
37,1,26,246824,31,2272.618930,7954.166549,0
37,26,1,246824,31,7954.166549,2272.618930,0
37,1,29,246824,25,2272.618930,7954.166549,0
37,29,1,246824,25,7954.166549,2272.618930,0
37,2,3,246824,12,3181.666549,3977.083216,0
37,3,2,246824,12,3977.083216,3181.666549,0
37,2,5,246824,12,3181.666549,3977.083216,0
37,5,2,246824,12,3977.083216,3181.666549,0
37,2,12,246824,13,3181.666549,3977.083216,0
37,12,2,246824,13,3977.083216,3181.666549,0
37,2,27,246824,36,3181.666549,7954.166549,0
37,27,2,246824,36,7954.166549,3181.666549,0
37,2,29,246824,28,3181.666549,7954.166549,0
37,29,2,246824,28,7954.166549,3181.666549,0
37,3,8,246824,11,3977.083216,7954.166549,0
37,8,3,246824,11,7954.166549,3977.083216,0
37,3,21,246824,30,3977.083216,3977.083216,0
37,21,3,246824,30,3977.083216,3977.083216,0
37,4,5,246824,10,3181.666549,3977.083216,0
37,5,4,246824,10,3977.083216,3181.666549,0
37,4,6,246824,9,3181.666549,5302.777660,0
37,6,4,246824,9,5302.777660,3181.666549,0
37,4,7,246824,9,3181.666549,2651.388771,0
37,7,4,246824,9,2651.388771,3181.666549,0
37,4,13,246824,10,3181.666549,7954.166549,0
37,13,4,246824,10,7954.166549,3181.666549,0
37,5,7,246824,11,3977.083216,2651.388771,0
37,7,5,246824,11,2651.388771,3977.083216,0
37,5,20,246824,29,3977.083216,5302.777660,0
37,20,5,246824,29,5302.777660,3977.083216,0
37,6,14,246824,9,5302.777660,3181.666549,0
37,14,6,246824,9,3181.666549,5302.777660,0
37,6,28,246824,30,5302.777660,3977.083216,0
37,28,6,246824,30,3977.083216,5302.777660,0
37,7,9,246824,8,2651.388771,3977.083216,0
37,9,7,246824,8,3977.083216,2651.388771,0
37,7,21,246824,30,2651.388771,3977.083216,0
37,21,7,246824,30,3977.083216,2651.388771,0
37,7,28,246824,31,2651.388771,3977.083216,0
37,28,7,246824,31,3977.083216,2651.388771,0
37,8,9,246824,9,7954.166549,3977.083216,0
37,9,8,246824,9,3977.083216,7954.166549,0
37,9,10,246824,10,3977.083216,3977.083216,0
37,10,9,246824,10,3977.083216,3977.083216,0
37,9,14,246824,8,3977.083216,3181.666549,0
37,14,9,246824,8,3181.666549,3977.083216,0
37,10,11,246824,11,3977.083216,7954.166549,0
37,11,10,246824,11,7954.166549,3977.083216,0
37,10,12,246824,12,3977.083216,3977.083216,0
37,12,10,246824,12,3977.083216,3977.083216,0
37,10,13,246824,13,3977.083216,7954.166549,0
37,13,10,246824,13,7954.166549,3977.083216,0
37,11,14,246824,9,7954.166549,3181.666549,0
37,14,11,246824,9,3181.666549,7954.166549,0
37,12,24,246824,22,3977.083216,5302.777660,0
37,24,12,246824,22,5302.777660,3977.083216,0
37,12,27,246824,35,3977.083216,7954.166549,0
37,27,12,246824,35,7954.166549,3977.083216,0
37,14,15,246824,21,3181.666549,5302.777660,0
37,15,14,246824,21,5302.777660,3181.666549,0
37,14,17,246824,23,3181.666549,3977.083216,0
37,17,14,246824,23,3977.083216,3181.666549,0
37,15,16,246824,24,5302.777660,5302.777660,0
37,16,15,246824,24,5302.777660,5302.777660,0
37,16,17,246824,26,5302.777660,3977.083216,0
37,17,16,246824,26,3977.083216,5302.777660,0
37,16,18,246824,30,5302.777660,7954.166549,0
37,18,16,246824,30,7954.166549,5302.777660,0
37,17,19,246824,30,3977.083216,7954.166549,0
37,19,17,246824,30,7954.166549,3977.083216,0
37,18,21,246824,36,7954.166549,3977.083216,0
37,21,18,246824,36,3977.083216,7954.166549,0
37,20,22,246824,45,5302.777660,7954.166549,0
37,22,20,246824,45,7954.166549,5302.777660,0
37,21,23,246824,44,3977.083216,7954.166549,0
37,23,21,246824,44,7954.166549,3977.083216,0
37,22,25,246824,38,7954.166549,7954.166549,0
37,25,22,246824,38,7954.166549,7954.166549,0
37,23,24,246824,40,7954.166549,5302.777660,0
37,24,23,246824,40,5302.777660,7954.166549,0
37,25,28,246824,32,7954.166549,3977.083216,0
37,28,25,246824,32,3977.083216,7954.166549,0
37,26,28,246824,35,7954.166549,3977.083216,0
37,28,26,246824,35,3977.083216,7954.166549,0
38,0,1,246824,9,3174.999882,2645.833216,0
38,1,0,246824,9,2645.833216,3174.999882,0
38,0,3,246824,11,3174.999882,3968.749882,0
38,3,0,246824,11,3968.749882,3174.999882,0
38,0,17,246824,25,3174.999882,3968.749882,0
38,17,0,246824,25,3968.749882,3174.999882,0
38,0,19,246824,24,3174.999882,7937.499882,0
38,19,0,246824,24,7937.499882,3174.999882,0
38,0,24,246824,22,3174.999882,2645.833216,0
38,24,0,246824,22,2645.833216,3174.999882,0
38,1,4,246824,8,2645.833216,3968.749882,0
38,4,1,246824,8,3968.749882,2645.833216,0
38,1,15,246824,21,2645.833216,5291.666549,0
38,15,1,246824,21,5291.666549,2645.833216,0
38,1,20,246824,27,2645.833216,5291.666549,0
38,20,1,246824,27,5291.666549,2645.833216,0
38,1,26,246824,31,2645.833216,3968.749882,0
38,26,1,246824,31,3968.749882,2645.833216,0
38,1,29,246824,25,2645.833216,7937.499882,0
38,29,1,246824,25,7937.499882,2645.833216,0
38,2,3,246824,12,5291.666549,3968.749882,0
38,3,2,246824,12,3968.749882,5291.666549,0
38,2,12,246824,13,5291.666549,3174.999882,0
38,12,2,246824,13,3174.999882,5291.666549,0
38,2,29,246824,28,5291.666549,7937.499882,0
38,29,2,246824,28,7937.499882,5291.666549,0
38,3,6,246824,10,3968.749882,3174.999882,0
38,6,3,246824,10,3174.999882,3968.749882,0
38,3,21,246824,30,3968.749882,7937.499882,0
38,21,3,246824,30,7937.499882,3968.749882,0
38,4,6,246824,9,3968.749882,3174.999882,0
38,6,4,246824,9,3174.999882,3968.749882,0
38,4,7,246824,9,3968.749882,3174.999882,0
38,7,4,246824,9,3174.999882,3968.749882,0
38,4,13,246824,10,3968.749882,5291.666549,0
38,13,4,246824,10,5291.666549,3968.749882,0
38,5,7,246824,11,5291.666549,3174.999882,0
38,7,5,246824,11,3174.999882,5291.666549,0
38,5,8,246824,11,5291.666549,3174.999882,0
38,8,5,246824,11,3174.999882,5291.666549,0
38,5,20,246824,29,5291.666549,5291.666549,0
38,20,5,246824,29,5291.666549,5291.666549,0
38,6,8,246824,10,3174.999882,3174.999882,0
38,8,6,246824,10,3174.999882,3174.999882,0
38,6,14,246824,9,3174.999882,3174.999882,0
38,14,6,246824,9,3174.999882,3174.999882,0
38,6,28,246824,30,3174.999882,7937.499882,0
38,28,6,246824,30,7937.499882,3174.999882,0
38,7,9,246824,8,3174.999882,3174.999882,0
38,9,7,246824,8,3174.999882,3174.999882,0
38,7,13,246824,11,3174.999882,5291.666549,0
38,13,7,246824,11,5291.666549,3174.999882,0
38,7,28,246824,31,3174.999882,7937.499882,0
38,28,7,246824,31,7937.499882,3174.999882,0
38,8,9,246824,9,3174.999882,3174.999882,0
38,9,8,246824,9,3174.999882,3174.999882,0
38,8,10,246824,12,3174.999882,5291.666549,0
38,10,8,246824,12,5291.666549,3174.999882,0
38,8,11,246824,10,3174.999882,3968.749882,0
38,11,8,246824,10,3968.749882,3174.999882,0
38,9,10,246824,10,3174.999882,5291.666549,0
38,10,9,246824,10,5291.666549,3174.999882,0
38,9,12,246824,10,3174.999882,3174.999882,0
38,12,9,246824,10,3174.999882,3174.999882,0
38,9,14,246824,8,3174.999882,3174.999882,0
38,14,9,246824,8,3174.999882,3174.999882,0
38,10,12,246824,12,5291.666549,3174.999882,0
38,12,10,246824,12,3174.999882,5291.666549,0
38,11,14,246824,9,3968.749882,3174.999882,0
38,14,11,246824,9,3174.999882,3968.749882,0
38,11,21,246824,29,3968.749882,7937.499882,0
38,21,11,246824,29,7937.499882,3968.749882,0
38,11,24,246824,21,3968.749882,2645.833216,0
38,24,11,246824,21,2645.833216,3968.749882,0
38,12,13,246824,13,3174.999882,5291.666549,0
38,13,12,246824,13,5291.666549,3174.999882,0
38,12,27,246824,35,3174.999882,7937.499882,0
38,27,12,246824,35,7937.499882,3174.999882,0
38,14,15,246824,21,3174.999882,5291.666549,0
38,15,14,246824,21,5291.666549,3174.999882,0
38,14,17,246824,23,3174.999882,3968.749882,0
38,17,14,246824,23,3968.749882,3174.999882,0
38,15,16,246824,24,5291.666549,5291.666549,0
38,16,15,246824,24,5291.666549,5291.666549,0
38,16,17,246824,26,5291.666549,3968.749882,0
38,17,16,246824,26,3968.749882,5291.666549,0
38,16,18,246824,30,5291.666549,7937.499882,0
38,18,16,246824,30,7937.499882,5291.666549,0
38,17,19,246824,30,3968.749882,7937.499882,0
38,19,17,246824,30,7937.499882,3968.749882,0
38,18,20,246824,37,7937.499882,5291.666549,0
38,20,18,246824,37,5291.666549,7937.499882,0
38,22,24,246824,40,7937.499882,2645.833216,0
38,24,22,246824,40,2645.833216,7937.499882,0
38,22,25,246824,38,7937.499882,3968.749882,0
38,25,22,246824,38,3968.749882,7937.499882,0
38,23,24,246824,40,7937.499882,2645.833216,0
38,24,23,246824,40,2645.833216,7937.499882,0
38,23,26,246824,41,7937.499882,3968.749882,0
38,26,23,246824,41,3968.749882,7937.499882,0
38,24,25,246824,28,2645.833216,3968.749882,0
38,25,24,246824,28,3968.749882,2645.833216,0
38,24,26,246824,36,2645.833216,3968.749882,0
38,26,24,246824,36,3968.749882,2645.833216,0
38,25,26,246824,34,3968.749882,3968.749882,0
38,26,25,246824,34,3968.749882,3968.749882,0
38,25,27,246824,36,3968.749882,7937.499882,0
38,27,25,246824,36,7937.499882,3968.749882,0
39,0,1,246824,9,3179.999882,2649.999882,0
39,1,0,246824,9,2649.999882,3179.999882,0
39,0,3,246824,11,3179.999882,5299.999882,0
39,3,0,246824,11,5299.999882,3179.999882,0
39,0,17,246824,25,3179.999882,7949.999882,0
39,17,0,246824,25,7949.999882,3179.999882,0
39,0,19,246824,24,3179.999882,7949.999882,0
39,19,0,246824,24,7949.999882,3179.999882,0
39,0,24,246824,22,3179.999882,3974.999882,0
39,24,0,246824,22,3974.999882,3179.999882,0
39,1,4,246824,8,2649.999882,3179.999882,0
39,4,1,246824,8,3179.999882,2649.999882,0
39,1,7,246824,9,2649.999882,3179.999882,0
39,7,1,246824,9,3179.999882,2649.999882,0
39,1,20,246824,27,2649.999882,7949.999882,0
39,20,1,246824,27,7949.999882,2649.999882,0
39,1,26,246824,31,2649.999882,5299.999882,0
39,26,1,246824,31,5299.999882,2649.999882,0
39,1,29,246824,25,2649.999882,7949.999882,0
39,29,1,246824,25,7949.999882,2649.999882,0
39,2,3,246824,12,3974.999882,5299.999882,0
39,3,2,246824,12,5299.999882,3974.999882,0
39,2,5,246824,12,3974.999882,3179.999882,0
39,5,2,246824,12,3179.999882,3974.999882,0
39,2,12,246824,13,3974.999882,3179.999882,0
39,12,2,246824,13,3179.999882,3974.999882,0
39,2,29,246824,28,3974.999882,7949.999882,0
39,29,2,246824,28,7949.999882,3974.999882,0
39,3,6,246824,10,5299.999882,3179.999882,0
39,6,3,246824,10,3179.999882,5299.999882,0
39,4,5,246824,10,3179.999882,3179.999882,0
39,5,4,246824,10,3179.999882,3179.999882,0
39,4,6,246824,9,3179.999882,3179.999882,0
39,6,4,246824,9,3179.999882,3179.999882,0
39,4,7,246824,9,3179.999882,3179.999882,0
39,7,4,246824,9,3179.999882,3179.999882,0
39,4,13,246824,10,3179.999882,3974.999882,0
39,13,4,246824,10,3974.999882,3179.999882,0
39,5,8,246824,11,3179.999882,5299.999882,0
39,8,5,246824,11,5299.999882,3179.999882,0
39,5,15,246824,23,3179.999882,5299.999882,0
39,15,5,246824,23,5299.999882,3179.999882,0
39,5,20,246824,29,3179.999882,7949.999882,0
39,20,5,246824,29,7949.999882,3179.999882,0
39,6,7,246824,10,3179.999882,3179.999882,0
39,7,6,246824,10,3179.999882,3179.999882,0
39,6,8,246824,10,3179.999882,5299.999882,0
39,8,6,246824,10,5299.999882,3179.999882,0
39,6,14,246824,9,3179.999882,3974.999882,0
39,14,6,246824,9,3974.999882,3179.999882,0
39,7,21,246824,30,3179.999882,3974.999882,0
39,21,7,246824,30,3974.999882,3179.999882,0
39,7,28,246824,31,3179.999882,7949.999882,0
39,28,7,246824,31,7949.999882,3179.999882,0
39,8,11,246824,10,5299.999882,5299.999882,0
39,11,8,246824,10,5299.999882,5299.999882,0
39,9,10,246824,10,7949.999882,5299.999882,0
39,10,9,246824,10,5299.999882,7949.999882,0
39,9,12,246824,10,7949.999882,3179.999882,0
39,12,9,246824,10,3179.999882,7949.999882,0
39,10,11,246824,11,5299.999882,5299.999882,0
39,11,10,246824,11,5299.999882,5299.999882,0
39,10,13,246824,13,5299.999882,3974.999882,0
39,13,10,246824,13,3974.999882,5299.999882,0
39,11,21,246824,29,5299.999882,3974.999882,0
39,21,11,246824,29,3974.999882,5299.999882,0
39,12,13,246824,13,3179.999882,3974.999882,0
39,13,12,246824,13,3974.999882,3179.999882,0
39,12,24,246824,22,3179.999882,3974.999882,0
39,24,12,246824,22,3974.999882,3179.999882,0
39,12,27,246824,35,3179.999882,7949.999882,0
39,27,12,246824,35,7949.999882,3179.999882,0
39,13,14,246824,11,3974.999882,3974.999882,0
39,14,13,246824,11,3974.999882,3974.999882,0
39,14,15,246824,21,3974.999882,5299.999882,0
39,15,14,246824,21,5299.999882,3974.999882,0
39,14,17,246824,23,3974.999882,7949.999882,0
39,17,14,246824,23,7949.999882,3974.999882,0
39,15,16,246824,24,5299.999882,5299.999882,0
39,16,15,246824,24,5299.999882,5299.999882,0
39,16,18,246824,30,5299.999882,7949.999882,0
39,18,16,246824,30,7949.999882,5299.999882,0
39,16,19,246824,26,5299.999882,7949.999882,0
39,19,16,246824,26,7949.999882,5299.999882,0
39,18,21,246824,36,7949.999882,3974.999882,0
39,21,18,246824,36,3974.999882,7949.999882,0
39,21,23,246824,44,3974.999882,7949.999882,0
39,23,21,246824,44,7949.999882,3974.999882,0
39,22,24,246824,40,7949.999882,3974.999882,0
39,24,22,246824,40,3974.999882,7949.999882,0
39,22,25,246824,38,7949.999882,3179.999882,0
39,25,22,246824,38,3179.999882,7949.999882,0
39,23,26,246824,41,7949.999882,5299.999882,0
39,26,23,246824,41,5299.999882,7949.999882,0
39,24,25,246824,28,3974.999882,3179.999882,0
39,25,24,246824,28,3179.999882,3974.999882,0
39,25,26,246824,34,3179.999882,5299.999882,0
39,26,25,246824,34,5299.999882,3179.999882,0
39,25,27,246824,36,3179.999882,7949.999882,0
39,27,25,246824,36,7949.999882,3179.999882,0
39,25,28,246824,32,3179.999882,7949.999882,0
39,28,25,246824,32,7949.999882,3179.999882,0
40,0,1,246824,9,3176.666549,3176.666549,0
40,1,0,246824,9,3176.666549,3176.666549,0
40,0,3,246824,11,3176.666549,5294.444327,0
40,3,0,246824,11,5294.444327,3176.666549,0
40,0,17,246824,25,3176.666549,3970.833216,0
40,17,0,246824,25,3970.833216,3176.666549,0
40,0,19,246824,24,3176.666549,5294.444327,0
40,19,0,246824,24,5294.444327,3176.666549,0
40,0,24,246824,22,3176.666549,3970.833216,0
40,24,0,246824,22,3970.833216,3176.666549,0
40,1,7,246824,9,3176.666549,1588.333216,0
40,7,1,246824,9,1588.333216,3176.666549,0
40,1,15,246824,21,3176.666549,5294.444327,0
40,15,1,246824,21,5294.444327,3176.666549,0
40,1,26,246824,31,3176.666549,3970.833216,0
40,26,1,246824,31,3970.833216,3176.666549,0
40,1,29,246824,25,3176.666549,7941.666549,0
40,29,1,246824,25,7941.666549,3176.666549,0
40,2,3,246824,12,3970.833216,5294.444327,0
40,3,2,246824,12,5294.444327,3970.833216,0
40,2,5,246824,12,3970.833216,5294.444327,0
40,5,2,246824,12,5294.444327,3970.833216,0
40,2,27,246824,36,3970.833216,7941.666549,0
40,27,2,246824,36,7941.666549,3970.833216,0
40,2,29,246824,28,3970.833216,7941.666549,0
40,29,2,246824,28,7941.666549,3970.833216,0
40,3,8,246824,11,5294.444327,3970.833216,0
40,8,3,246824,11,3970.833216,5294.444327,0
40,4,7,246824,9,7941.666549,1588.333216,0
40,7,4,246824,9,1588.333216,7941.666549,0
40,4,13,246824,10,7941.666549,3176.666549,0
40,13,4,246824,10,3176.666549,7941.666549,0
40,5,7,246824,11,5294.444327,1588.333216,0
40,7,5,246824,11,1588.333216,5294.444327,0
40,5,20,246824,29,5294.444327,7941.666549,0
40,20,5,246824,29,7941.666549,5294.444327,0
40,6,7,246824,10,5294.444327,1588.333216,0
40,7,6,246824,10,1588.333216,5294.444327,0
40,6,14,246824,9,5294.444327,2647.222105,0
40,14,6,246824,9,2647.222105,5294.444327,0
40,6,28,246824,30,5294.444327,3970.833216,0
40,28,6,246824,30,3970.833216,5294.444327,0
40,7,9,246824,8,1588.333216,3176.666549,0
40,9,7,246824,8,3176.666549,1588.333216,0
40,7,13,246824,11,1588.333216,3176.666549,0
40,13,7,246824,11,3176.666549,1588.333216,0
40,7,14,246824,10,1588.333216,2647.222105,0
40,14,7,246824,10,2647.222105,1588.333216,0
40,7,20,246824,29,1588.333216,7941.666549,0
40,20,7,246824,29,7941.666549,1588.333216,0
40,7,21,246824,30,1588.333216,7941.666549,0
40,21,7,246824,30,7941.666549,1588.333216,0
40,7,28,246824,31,1588.333216,3970.833216,0
40,28,7,246824,31,3970.833216,1588.333216,0
40,8,9,246824,9,3970.833216,3176.666549,0
40,9,8,246824,9,3176.666549,3970.833216,0
40,8,10,246824,12,3970.833216,5294.444327,0
40,10,8,246824,12,5294.444327,3970.833216,0
40,8,11,246824,10,3970.833216,3176.666549,0
40,11,8,246824,10,3176.666549,3970.833216,0
40,9,10,246824,10,3176.666549,5294.444327,0
40,10,9,246824,10,5294.444327,3176.666549,0
40,9,12,246824,10,3176.666549,5294.444327,0
40,12,9,246824,10,5294.444327,3176.666549,0
40,9,14,246824,8,3176.666549,2647.222105,0
40,14,9,246824,8,2647.222105,3176.666549,0
40,10,11,246824,11,5294.444327,3176.666549,0
40,11,10,246824,11,3176.666549,5294.444327,0
40,11,14,246824,9,3176.666549,2647.222105,0
40,14,11,246824,9,2647.222105,3176.666549,0
40,11,21,246824,29,3176.666549,7941.666549,0
40,21,11,246824,29,7941.666549,3176.666549,0
40,11,24,246824,21,3176.666549,3970.833216,0
40,24,11,246824,21,3970.833216,3176.666549,0
40,12,13,246824,13,5294.444327,3176.666549,0
40,13,12,246824,13,3176.666549,5294.444327,0
40,12,27,246824,35,5294.444327,7941.666549,0
40,27,12,246824,35,7941.666549,5294.444327,0
40,13,14,246824,11,3176.666549,2647.222105,0
40,14,13,246824,11,2647.222105,3176.666549,0
40,13,17,246824,26,3176.666549,3970.833216,0
40,17,13,246824,26,3970.833216,3176.666549,0
40,14,15,246824,21,2647.222105,5294.444327,0
40,15,14,246824,21,5294.444327,2647.222105,0
40,15,16,246824,24,5294.444327,3970.833216,0
40,16,15,246824,24,3970.833216,5294.444327,0
40,16,17,246824,26,3970.833216,3970.833216,0
40,17,16,246824,26,3970.833216,3970.833216,0
40,16,18,246824,30,3970.833216,7941.666549,0
40,18,16,246824,30,7941.666549,3970.833216,0
40,16,19,246824,26,3970.833216,5294.444327,0
40,19,16,246824,26,5294.444327,3970.833216,0
40,17,18,246824,31,3970.833216,7941.666549,0
40,18,17,246824,31,7941.666549,3970.833216,0
40,19,22,246824,42,5294.444327,7941.666549,0
40,22,19,246824,42,7941.666549,5294.444327,0
40,22,24,246824,40,7941.666549,3970.833216,0
40,24,22,246824,40,3970.833216,7941.666549,0
40,23,24,246824,40,7941.666549,3970.833216,0
40,24,23,246824,40,3970.833216,7941.666549,0
40,23,26,246824,41,7941.666549,3970.833216,0
40,26,23,246824,41,3970.833216,7941.666549,0
40,25,26,246824,34,7941.666549,3970.833216,0
40,26,25,246824,34,3970.833216,7941.666549,0
40,25,28,246824,32,7941.666549,3970.833216,0
40,28,25,246824,32,3970.833216,7941.666549,0
40,26,28,246824,35,3970.833216,3970.833216,0
40,28,26,246824,35,3970.833216,3970.833216,0
41,0,1,246824,9,5302.777660,2651.388771,0
41,1,0,246824,9,2651.388771,5302.777660,0
41,0,3,246824,11,5302.777660,7954.166549,0
41,3,0,246824,11,7954.166549,5302.777660,0
41,0,19,246824,24,5302.777660,3977.083216,0
41,19,0,246824,24,3977.083216,5302.777660,0
41,1,4,246824,8,2651.388771,7954.166549,0
41,4,1,246824,8,7954.166549,2651.388771,0
41,1,7,246824,9,2651.388771,2651.388771,0
41,7,1,246824,9,2651.388771,2651.388771,0
41,1,20,246824,27,2651.388771,3181.666549,0
41,20,1,246824,27,3181.666549,2651.388771,0
41,1,26,246824,31,2651.388771,3977.083216,0
41,26,1,246824,31,3977.083216,2651.388771,0
41,1,29,246824,25,2651.388771,7954.166549,0
41,29,1,246824,25,7954.166549,2651.388771,0
41,2,5,246824,12,3977.083216,3181.666549,0
41,5,2,246824,12,3181.666549,3977.083216,0
41,2,12,246824,13,3977.083216,3977.083216,0
41,12,2,246824,13,3977.083216,3977.083216,0
41,2,27,246824,36,3977.083216,7954.166549,0
41,27,2,246824,36,7954.166549,3977.083216,0
41,2,29,246824,28,3977.083216,7954.166549,0
41,29,2,246824,28,7954.166549,3977.083216,0
41,3,8,246824,11,7954.166549,3181.666549,0
41,8,3,246824,11,3181.666549,7954.166549,0
41,4,13,246824,10,7954.166549,3977.083216,0
41,13,4,246824,10,3977.083216,7954.166549,0
41,5,7,246824,11,3181.666549,2651.388771,0
41,7,5,246824,11,2651.388771,3181.666549,0
41,5,8,246824,11,3181.666549,3181.666549,0
41,8,5,246824,11,3181.666549,3181.666549,0
41,5,15,246824,23,3181.666549,5302.777660,0
41,15,5,246824,23,5302.777660,3181.666549,0
41,5,20,246824,29,3181.666549,3181.666549,0
41,20,5,246824,29,3181.666549,3181.666549,0
41,6,7,246824,10,5302.777660,2651.388771,0
41,7,6,246824,10,2651.388771,5302.777660,0
41,6,14,246824,9,5302.777660,3181.666549,0
41,14,6,246824,9,3181.666549,5302.777660,0
41,6,28,246824,30,5302.777660,7954.166549,0
41,28,6,246824,30,7954.166549,5302.777660,0
41,7,9,246824,8,2651.388771,7954.166549,0
41,9,7,246824,8,7954.166549,2651.388771,0
41,7,21,246824,30,2651.388771,7954.166549,0
41,21,7,246824,30,7954.166549,2651.388771,0
41,7,28,246824,31,2651.388771,7954.166549,0
41,28,7,246824,31,7954.166549,2651.388771,0
41,8,9,246824,9,3181.666549,7954.166549,0
41,9,8,246824,9,7954.166549,3181.666549,0
41,8,10,246824,12,3181.666549,5302.777660,0
41,10,8,246824,12,5302.777660,3181.666549,0
41,8,11,246824,10,3181.666549,3181.666549,0
41,11,8,246824,10,3181.666549,3181.666549,0
41,10,11,246824,11,5302.777660,3181.666549,0
41,11,10,246824,11,3181.666549,5302.777660,0
41,10,12,246824,12,5302.777660,3977.083216,0
41,12,10,246824,12,3977.083216,5302.777660,0
41,11,14,246824,9,3181.666549,3181.666549,0
41,14,11,246824,9,3181.666549,3181.666549,0
41,11,21,246824,29,3181.666549,7954.166549,0
41,21,11,246824,29,7954.166549,3181.666549,0
41,11,24,246824,21,3181.666549,3181.666549,0
41,24,11,246824,21,3181.666549,3181.666549,0
41,12,13,246824,13,3977.083216,3977.083216,0
41,13,12,246824,13,3977.083216,3977.083216,0
41,12,24,246824,22,3977.083216,3181.666549,0
41,24,12,246824,22,3181.666549,3977.083216,0
41,13,14,246824,11,3977.083216,3181.666549,0
41,14,13,246824,11,3181.666549,3977.083216,0
41,13,17,246824,26,3977.083216,5302.777660,0
41,17,13,246824,26,5302.777660,3977.083216,0
41,14,15,246824,21,3181.666549,5302.777660,0
41,15,14,246824,21,5302.777660,3181.666549,0
41,14,17,246824,23,3181.666549,5302.777660,0
41,17,14,246824,23,5302.777660,3181.666549,0
41,15,16,246824,24,5302.777660,7954.166549,0
41,16,15,246824,24,7954.166549,5302.777660,0
41,16,17,246824,26,7954.166549,5302.777660,0
41,17,16,246824,26,5302.777660,7954.166549,0
41,18,19,246824,34,7954.166549,3977.083216,0
41,19,18,246824,34,3977.083216,7954.166549,0
41,18,20,246824,37,7954.166549,3181.666549,0
41,20,18,246824,37,3181.666549,7954.166549,0
41,19,20,246824,34,3977.083216,3181.666549,0
41,20,19,246824,34,3181.666549,3977.083216,0
41,19,22,246824,42,3977.083216,7954.166549,0
41,22,19,246824,42,7954.166549,3977.083216,0
41,20,22,246824,45,3181.666549,7954.166549,0
41,22,20,246824,45,7954.166549,3181.666549,0
41,23,24,246824,40,7954.166549,3181.666549,0
41,24,23,246824,40,3181.666549,7954.166549,0
41,23,26,246824,41,7954.166549,3977.083216,0
41,26,23,246824,41,3977.083216,7954.166549,0
41,24,25,246824,28,3181.666549,5302.777660,0
41,25,24,246824,28,5302.777660,3181.666549,0
41,24,26,246824,36,3181.666549,3977.083216,0
41,26,24,246824,36,3977.083216,3181.666549,0
41,25,26,246824,34,5302.777660,3977.083216,0
41,26,25,246824,34,3977.083216,5302.777660,0
41,25,27,246824,36,5302.777660,7954.166549,0
41,27,25,246824,36,7954.166549,5302.777660,0
42,0,1,246824,9,2651.388771,3181.666549,0
42,1,0,246824,9,3181.666549,2651.388771,0
42,0,3,246824,11,2651.388771,3181.666549,0
42,3,0,246824,11,3181.666549,2651.388771,0
42,0,17,246824,25,2651.388771,5302.777660,0
42,17,0,246824,25,5302.777660,2651.388771,0
42,0,19,246824,24,2651.388771,7954.166549,0
42,19,0,246824,24,7954.166549,2651.388771,0
42,0,24,246824,22,2651.388771,3181.666549,0
42,24,0,246824,22,3181.666549,2651.388771,0
42,0,29,246824,27,2651.388771,7954.166549,0
42,29,0,246824,27,7954.166549,2651.388771,0
42,1,4,246824,8,3181.666549,3977.083216,0
42,4,1,246824,8,3977.083216,3181.666549,0
42,1,15,246824,21,3181.666549,7954.166549,0
42,15,1,246824,21,7954.166549,3181.666549,0
42,1,20,246824,27,3181.666549,3977.083216,0
42,20,1,246824,27,3977.083216,3181.666549,0
42,1,26,246824,31,3181.666549,5302.777660,0
42,26,1,246824,31,5302.777660,3181.666549,0
42,2,3,246824,12,3181.666549,3181.666549,0
42,3,2,246824,12,3181.666549,3181.666549,0
42,2,5,246824,12,3181.666549,3977.083216,0
42,5,2,246824,12,3977.083216,3181.666549,0
42,2,17,246824,26,3181.666549,5302.777660,0
42,17,2,246824,26,5302.777660,3181.666549,0
42,2,27,246824,36,3181.666549,7954.166549,0
42,27,2,246824,36,7954.166549,3181.666549,0
42,2,29,246824,28,3181.666549,7954.166549,0
42,29,2,246824,28,7954.166549,3181.666549,0
42,3,6,246824,10,3181.666549,3977.083216,0
42,6,3,246824,10,3977.083216,3181.666549,0
42,3,8,246824,11,3181.666549,5302.777660,0
42,8,3,246824,11,5302.777660,3181.666549,0
42,3,21,246824,30,3181.666549,5302.777660,0
42,21,3,246824,30,5302.777660,3181.666549,0
42,4,5,246824,10,3977.083216,3977.083216,0
42,5,4,246824,10,3977.083216,3977.083216,0
42,4,6,246824,9,3977.083216,3977.083216,0
42,6,4,246824,9,3977.083216,3977.083216,0
42,4,7,246824,9,3977.083216,1988.541549,0
42,7,4,246824,9,1988.541549,3977.083216,0
42,5,7,246824,11,3977.083216,1988.541549,0
42,7,5,246824,11,1988.541549,3977.083216,0
42,5,15,246824,23,3977.083216,7954.166549,0
42,15,5,246824,23,7954.166549,3977.083216,0
42,6,7,246824,10,3977.083216,1988.541549,0
42,7,6,246824,10,1988.541549,3977.083216,0
42,6,28,246824,30,3977.083216,3977.083216,0
42,28,6,246824,30,3977.083216,3977.083216,0
42,7,9,246824,8,1988.541549,3181.666549,0
42,9,7,246824,8,3181.666549,1988.541549,0
42,7,13,246824,11,1988.541549,5302.777660,0
42,13,7,246824,11,5302.777660,1988.541549,0
42,7,14,246824,10,1988.541549,7954.166549,0
42,14,7,246824,10,7954.166549,1988.541549,0
42,7,20,246824,29,1988.541549,3977.083216,0
42,20,7,246824,29,3977.083216,1988.541549,0
42,7,28,246824,31,1988.541549,3977.083216,0
42,28,7,246824,31,3977.083216,1988.541549,0
42,8,9,246824,9,5302.777660,3181.666549,0
42,9,8,246824,9,3181.666549,5302.777660,0
42,8,11,246824,10,5302.777660,5302.777660,0
42,11,8,246824,10,5302.777660,5302.777660,0
42,9,10,246824,10,3181.666549,3977.083216,0
42,10,9,246824,10,3977.083216,3181.666549,0
42,9,12,246824,10,3181.666549,3181.666549,0
42,12,9,246824,10,3181.666549,3181.666549,0
42,9,14,246824,8,3181.666549,7954.166549,0
42,14,9,246824,8,7954.166549,3181.666549,0
42,10,11,246824,11,3977.083216,5302.777660,0
42,11,10,246824,11,5302.777660,3977.083216,0
42,10,12,246824,12,3977.083216,3181.666549,0
42,12,10,246824,12,3181.666549,3977.083216,0
42,10,13,246824,13,3977.083216,5302.777660,0
42,13,10,246824,13,5302.777660,3977.083216,0
42,11,21,246824,29,5302.777660,5302.777660,0
42,21,11,246824,29,5302.777660,5302.777660,0
42,12,13,246824,13,3181.666549,5302.777660,0
42,13,12,246824,13,5302.777660,3181.666549,0
42,12,24,246824,22,3181.666549,3181.666549,0
42,24,12,246824,22,3181.666549,3181.666549,0
42,12,27,246824,35,3181.666549,7954.166549,0
42,27,12,246824,35,7954.166549,3181.666549,0
42,16,17,246824,26,7954.166549,5302.777660,0
42,17,16,246824,26,5302.777660,7954.166549,0
42,16,19,246824,26,7954.166549,7954.166549,0
42,19,16,246824,26,7954.166549,7954.166549,0
42,18,20,246824,37,7954.166549,3977.083216,0
42,20,18,246824,37,3977.083216,7954.166549,0
42,18,21,246824,36,7954.166549,5302.777660,0
42,21,18,246824,36,5302.777660,7954.166549,0
42,20,22,246824,45,3977.083216,7954.166549,0
42,22,20,246824,45,7954.166549,3977.083216,0
42,22,24,246824,40,7954.166549,3181.666549,0
42,24,22,246824,40,3181.666549,7954.166549,0
42,23,24,246824,40,7954.166549,3181.666549,0
42,24,23,246824,40,3181.666549,7954.166549,0
42,23,26,246824,41,7954.166549,5302.777660,0
42,26,23,246824,41,5302.777660,7954.166549,0
42,24,25,246824,28,3181.666549,7954.166549,0
42,25,24,246824,28,7954.166549,3181.666549,0
42,25,28,246824,32,7954.166549,3977.083216,0
42,28,25,246824,32,3977.083216,7954.166549,0
42,26,28,246824,35,5302.777660,3977.083216,0
42,28,26,246824,35,3977.083216,5302.777660,0
43,0,1,246824,9,3181.666549,2651.388771,0
43,1,0,246824,9,2651.388771,3181.666549,0
43,0,3,246824,11,3181.666549,5302.777660,0
43,3,0,246824,11,5302.777660,3181.666549,0
43,0,17,246824,25,3181.666549,3977.083216,0
43,17,0,246824,25,3977.083216,3181.666549,0
43,0,19,246824,24,3181.666549,7954.166549,0
43,19,0,246824,24,7954.166549,3181.666549,0
43,0,24,246824,22,3181.666549,3977.083216,0
43,24,0,246824,22,3977.083216,3181.666549,0
43,1,4,246824,8,2651.388771,3181.666549,0
43,4,1,246824,8,3181.666549,2651.388771,0
43,1,7,246824,9,2651.388771,1988.541549,0
43,7,1,246824,9,1988.541549,2651.388771,0
43,1,20,246824,27,2651.388771,3181.666549,0
43,20,1,246824,27,3181.666549,2651.388771,0
43,1,26,246824,31,2651.388771,5302.777660,0
43,26,1,246824,31,5302.777660,2651.388771,0
43,1,29,246824,25,2651.388771,7954.166549,0
43,29,1,246824,25,7954.166549,2651.388771,0
43,2,5,246824,12,5302.777660,3181.666549,0
43,5,2,246824,12,3181.666549,5302.777660,0
43,2,12,246824,13,5302.777660,3977.083216,0
43,12,2,246824,13,3977.083216,5302.777660,0
43,2,29,246824,28,5302.777660,7954.166549,0
43,29,2,246824,28,7954.166549,5302.777660,0
43,3,6,246824,10,5302.777660,2651.388771,0
43,6,3,246824,10,2651.388771,5302.777660,0
43,3,8,246824,11,5302.777660,3977.083216,0
43,8,3,246824,11,3977.083216,5302.777660,0
43,4,5,246824,10,3181.666549,3181.666549,0
43,5,4,246824,10,3181.666549,3181.666549,0
43,4,6,246824,9,3181.666549,2651.388771,0
43,6,4,246824,9,2651.388771,3181.666549,0
43,4,7,246824,9,3181.666549,1988.541549,0
43,7,4,246824,9,1988.541549,3181.666549,0
43,4,13,246824,10,3181.666549,3977.083216,0
43,13,4,246824,10,3977.083216,3181.666549,0
43,5,8,246824,11,3181.666549,3977.083216,0
43,8,5,246824,11,3977.083216,3181.666549,0
43,5,15,246824,23,3181.666549,5302.777660,0
43,15,5,246824,23,5302.777660,3181.666549,0
43,5,20,246824,29,3181.666549,3181.666549,0
43,20,5,246824,29,3181.666549,3181.666549,0
43,6,7,246824,10,2651.388771,1988.541549,0
43,7,6,246824,10,1988.541549,2651.388771,0
43,6,8,246824,10,2651.388771,3977.083216,0
43,8,6,246824,10,3977.083216,2651.388771,0
43,6,14,246824,9,2651.388771,3181.666549,0
43,14,6,246824,9,3181.666549,2651.388771,0
43,6,28,246824,30,2651.388771,5302.777660,0
43,28,6,246824,30,5302.777660,2651.388771,0
43,7,9,246824,8,1988.541549,3977.083216,0
43,9,7,246824,8,3977.083216,1988.541549,0
43,7,13,246824,11,1988.541549,3977.083216,0
43,13,7,246824,11,3977.083216,1988.541549,0
43,7,14,246824,10,1988.541549,3181.666549,0
43,14,7,246824,10,3181.666549,1988.541549,0
43,7,21,246824,30,1988.541549,5302.777660,0
43,21,7,246824,30,5302.777660,1988.541549,0
43,7,28,246824,31,1988.541549,5302.777660,0
43,28,7,246824,31,5302.777660,1988.541549,0
43,8,9,246824,9,3977.083216,3977.083216,0
43,9,8,246824,9,3977.083216,3977.083216,0
43,9,10,246824,10,3977.083216,5302.777660,0
43,10,9,246824,10,5302.777660,3977.083216,0
43,9,14,246824,8,3977.083216,3181.666549,0
43,14,9,246824,8,3181.666549,3977.083216,0
43,10,11,246824,11,5302.777660,3977.083216,0
43,11,10,246824,11,3977.083216,5302.777660,0
43,10,12,246824,12,5302.777660,3977.083216,0
43,12,10,246824,12,3977.083216,5302.777660,0
43,11,14,246824,9,3977.083216,3181.666549,0
43,14,11,246824,9,3181.666549,3977.083216,0
43,11,21,246824,29,3977.083216,5302.777660,0
43,21,11,246824,29,5302.777660,3977.083216,0
43,11,24,246824,21,3977.083216,3977.083216,0
43,24,11,246824,21,3977.083216,3977.083216,0
43,12,13,246824,13,3977.083216,3977.083216,0
43,13,12,246824,13,3977.083216,3977.083216,0
43,12,27,246824,35,3977.083216,7954.166549,0
43,27,12,246824,35,7954.166549,3977.083216,0
43,13,17,246824,26,3977.083216,3977.083216,0
43,17,13,246824,26,3977.083216,3977.083216,0
43,14,15,246824,21,3181.666549,5302.777660,0
43,15,14,246824,21,5302.777660,3181.666549,0
43,15,16,246824,24,5302.777660,7954.166549,0
43,16,15,246824,24,7954.166549,5302.777660,0
43,16,17,246824,26,7954.166549,3977.083216,0
43,17,16,246824,26,3977.083216,7954.166549,0
43,17,18,246824,31,3977.083216,7954.166549,0
43,18,17,246824,31,7954.166549,3977.083216,0
43,18,20,246824,37,7954.166549,3181.666549,0
43,20,18,246824,37,3181.666549,7954.166549,0
43,19,20,246824,34,7954.166549,3181.666549,0
43,20,19,246824,34,3181.666549,7954.166549,0
43,20,22,246824,45,3181.666549,5302.777660,0
43,22,20,246824,45,5302.777660,3181.666549,0
43,21,23,246824,44,5302.777660,7954.166549,0
43,23,21,246824,44,7954.166549,5302.777660,0
43,22,24,246824,40,5302.777660,3977.083216,0
43,24,22,246824,40,3977.083216,5302.777660,0
43,22,25,246824,38,5302.777660,5302.777660,0
43,25,22,246824,38,5302.777660,5302.777660,0
43,23,24,246824,40,7954.166549,3977.083216,0
43,24,23,246824,40,3977.083216,7954.166549,0
43,25,26,246824,34,5302.777660,5302.777660,0
43,26,25,246824,34,5302.777660,5302.777660,0
43,25,27,246824,36,5302.777660,7954.166549,0
43,27,25,246824,36,7954.166549,5302.777660,0
43,26,28,246824,35,5302.777660,5302.777660,0
43,28,26,246824,35,5302.777660,5302.777660,0
44,0,1,246824,9,5299.999882,2271.428454,0
44,1,0,246824,9,2271.428454,5299.999882,0
44,0,3,246824,11,5299.999882,3974.999882,0
44,3,0,246824,11,3974.999882,5299.999882,0
44,0,19,246824,24,5299.999882,5299.999882,0
44,19,0,246824,24,5299.999882,5299.999882,0
44,1,4,246824,8,2271.428454,5299.999882,0
44,4,1,246824,8,5299.999882,2271.428454,0
44,1,7,246824,9,2271.428454,2649.999882,0
44,7,1,246824,9,2649.999882,2271.428454,0
44,1,15,246824,21,2271.428454,5299.999882,0
44,15,1,246824,21,5299.999882,2271.428454,0
44,1,20,246824,27,2271.428454,7949.999882,0
44,20,1,246824,27,7949.999882,2271.428454,0
44,1,26,246824,31,2271.428454,7949.999882,0
44,26,1,246824,31,7949.999882,2271.428454,0
44,1,29,246824,25,2271.428454,7949.999882,0
44,29,1,246824,25,7949.999882,2271.428454,0
44,2,3,246824,12,3974.999882,3974.999882,0
44,3,2,246824,12,3974.999882,3974.999882,0
44,2,5,246824,12,3974.999882,5299.999882,0
44,5,2,246824,12,5299.999882,3974.999882,0
44,2,27,246824,36,3974.999882,7949.999882,0
44,27,2,246824,36,7949.999882,3974.999882,0
44,2,29,246824,28,3974.999882,7949.999882,0
44,29,2,246824,28,7949.999882,3974.999882,0
44,3,8,246824,11,3974.999882,3974.999882,0
44,8,3,246824,11,3974.999882,3974.999882,0
44,3,21,246824,30,3974.999882,5299.999882,0
44,21,3,246824,30,5299.999882,3974.999882,0
44,4,5,246824,10,5299.999882,5299.999882,0
44,5,4,246824,10,5299.999882,5299.999882,0
44,4,7,246824,9,5299.999882,2649.999882,0
44,7,4,246824,9,2649.999882,5299.999882,0
44,5,20,246824,29,5299.999882,7949.999882,0
44,20,5,246824,29,7949.999882,5299.999882,0
44,6,8,246824,10,5299.999882,3974.999882,0
44,8,6,246824,10,3974.999882,5299.999882,0
44,6,14,246824,9,5299.999882,2649.999882,0
44,14,6,246824,9,2649.999882,5299.999882,0
44,6,28,246824,30,5299.999882,5299.999882,0
44,28,6,246824,30,5299.999882,5299.999882,0
44,7,9,246824,8,2649.999882,7949.999882,0
44,9,7,246824,8,7949.999882,2649.999882,0
44,7,13,246824,11,2649.999882,3974.999882,0
44,13,7,246824,11,3974.999882,2649.999882,0
44,7,14,246824,10,2649.999882,2649.999882,0
44,14,7,246824,10,2649.999882,2649.999882,0
44,7,28,246824,31,2649.999882,5299.999882,0
44,28,7,246824,31,5299.999882,2649.999882,0
44,8,10,246824,12,3974.999882,3974.999882,0
44,10,8,246824,12,3974.999882,3974.999882,0
44,8,11,246824,10,3974.999882,3179.999882,0
44,11,8,246824,10,3179.999882,3974.999882,0
44,9,14,246824,8,7949.999882,2649.999882,0
44,14,9,246824,8,2649.999882,7949.999882,0
44,10,11,246824,11,3974.999882,3179.999882,0
44,11,10,246824,11,3179.999882,3974.999882,0
44,10,12,246824,12,3974.999882,3974.999882,0
44,12,10,246824,12,3974.999882,3974.999882,0
44,10,13,246824,13,3974.999882,3974.999882,0
44,13,10,246824,13,3974.999882,3974.999882,0
44,11,14,246824,9,3179.999882,2649.999882,0
44,14,11,246824,9,2649.999882,3179.999882,0
44,11,21,246824,29,3179.999882,5299.999882,0
44,21,11,246824,29,5299.999882,3179.999882,0
44,11,24,246824,21,3179.999882,2649.999882,0
44,24,11,246824,21,2649.999882,3179.999882,0
44,12,13,246824,13,3974.999882,3974.999882,0
44,13,12,246824,13,3974.999882,3974.999882,0
44,12,24,246824,22,3974.999882,2649.999882,0
44,24,12,246824,22,2649.999882,3974.999882,0
44,12,27,246824,35,3974.999882,7949.999882,0
44,27,12,246824,35,7949.999882,3974.999882,0
44,13,17,246824,26,3974.999882,3974.999882,0
44,17,13,246824,26,3974.999882,3974.999882,0
44,14,15,246824,21,2649.999882,5299.999882,0
44,15,14,246824,21,5299.999882,2649.999882,0
44,14,17,246824,23,2649.999882,3974.999882,0
44,17,14,246824,23,3974.999882,2649.999882,0
44,15,16,246824,24,5299.999882,3974.999882,0
44,16,15,246824,24,3974.999882,5299.999882,0
44,16,17,246824,26,3974.999882,3974.999882,0
44,17,16,246824,26,3974.999882,3974.999882,0
44,16,18,246824,30,3974.999882,7949.999882,0
44,18,16,246824,30,7949.999882,3974.999882,0
44,16,19,246824,26,3974.999882,5299.999882,0
44,19,16,246824,26,5299.999882,3974.999882,0
44,17,18,246824,31,3974.999882,7949.999882,0
44,18,17,246824,31,7949.999882,3974.999882,0
44,19,22,246824,42,5299.999882,7949.999882,0
44,22,19,246824,42,7949.999882,5299.999882,0
44,21,23,246824,44,5299.999882,7949.999882,0
44,23,21,246824,44,7949.999882,5299.999882,0
44,22,24,246824,40,7949.999882,2649.999882,0
44,24,22,246824,40,2649.999882,7949.999882,0
44,23,24,246824,40,7949.999882,2649.999882,0
44,24,23,246824,40,2649.999882,7949.999882,0
44,24,25,246824,28,2649.999882,7949.999882,0
44,25,24,246824,28,7949.999882,2649.999882,0
44,24,26,246824,36,2649.999882,7949.999882,0
44,26,24,246824,36,7949.999882,2649.999882,0
44,25,28,246824,32,7949.999882,5299.999882,0
44,28,25,246824,32,5299.999882,7949.999882,0
45,0,1,246824,9,2649.999882,3179.999882,0
45,1,0,246824,9,3179.999882,2649.999882,0
45,0,3,246824,11,2649.999882,3179.999882,0
45,3,0,246824,11,3179.999882,2649.999882,0
45,0,17,246824,25,2649.999882,3179.999882,0
45,17,0,246824,25,3179.999882,2649.999882,0
45,0,19,246824,24,2649.999882,3179.999882,0
45,19,0,246824,24,3179.999882,2649.999882,0
45,0,24,246824,22,2649.999882,5299.999882,0
45,24,0,246824,22,5299.999882,2649.999882,0
45,0,29,246824,27,2649.999882,5299.999882,0
45,29,0,246824,27,5299.999882,2649.999882,0
45,1,4,246824,8,3179.999882,5299.999882,0
45,4,1,246824,8,5299.999882,3179.999882,0
45,1,7,246824,9,3179.999882,3179.999882,0
45,7,1,246824,9,3179.999882,3179.999882,0
45,1,20,246824,27,3179.999882,7949.999882,0
45,20,1,246824,27,7949.999882,3179.999882,0
45,1,26,246824,31,3179.999882,3974.999882,0
45,26,1,246824,31,3974.999882,3179.999882,0
45,2,3,246824,12,3179.999882,3179.999882,0
45,3,2,246824,12,3179.999882,3179.999882,0
45,2,5,246824,12,3179.999882,3974.999882,0
45,5,2,246824,12,3974.999882,3179.999882,0
45,2,12,246824,13,3179.999882,3179.999882,0
45,12,2,246824,13,3179.999882,3179.999882,0
45,2,27,246824,36,3179.999882,7949.999882,0
45,27,2,246824,36,7949.999882,3179.999882,0
45,2,29,246824,28,3179.999882,5299.999882,0
45,29,2,246824,28,5299.999882,3179.999882,0
45,3,6,246824,10,3179.999882,2649.999882,0
45,6,3,246824,10,2649.999882,3179.999882,0
45,3,8,246824,11,3179.999882,5299.999882,0
45,8,3,246824,11,5299.999882,3179.999882,0
45,3,21,246824,30,3179.999882,5299.999882,0
45,21,3,246824,30,5299.999882,3179.999882,0
45,4,6,246824,9,5299.999882,2649.999882,0
45,6,4,246824,9,2649.999882,5299.999882,0
45,4,13,246824,10,5299.999882,2649.999882,0
45,13,4,246824,10,2649.999882,5299.999882,0
45,5,7,246824,11,3974.999882,3179.999882,0
45,7,5,246824,11,3179.999882,3974.999882,0
45,5,15,246824,23,3974.999882,7949.999882,0
45,15,5,246824,23,7949.999882,3974.999882,0
45,5,20,246824,29,3974.999882,7949.999882,0
45,20,5,246824,29,7949.999882,3974.999882,0
45,6,7,246824,10,2649.999882,3179.999882,0
45,7,6,246824,10,3179.999882,2649.999882,0
45,6,8,246824,10,2649.999882,5299.999882,0
45,8,6,246824,10,5299.999882,2649.999882,0
45,6,14,246824,9,2649.999882,3974.999882,0
45,14,6,246824,9,3974.999882,2649.999882,0
45,6,28,246824,30,2649.999882,7949.999882,0
45,28,6,246824,30,7949.999882,2649.999882,0
45,7,9,246824,8,3179.999882,5299.999882,0
45,9,7,246824,8,5299.999882,3179.999882,0
45,7,13,246824,11,3179.999882,2649.999882,0
45,13,7,246824,11,2649.999882,3179.999882,0
45,8,11,246824,10,5299.999882,5299.999882,0
45,11,8,246824,10,5299.999882,5299.999882,0
45,9,10,246824,10,5299.999882,7949.999882,0
45,10,9,246824,10,7949.999882,5299.999882,0
45,9,12,246824,10,5299.999882,3179.999882,0
45,12,9,246824,10,3179.999882,5299.999882,0
45,10,13,246824,13,7949.999882,2649.999882,0
45,13,10,246824,13,2649.999882,7949.999882,0
45,11,14,246824,9,5299.999882,3974.999882,0
45,14,11,246824,9,3974.999882,5299.999882,0
45,11,21,246824,29,5299.999882,5299.999882,0
45,21,11,246824,29,5299.999882,5299.999882,0
45,12,13,246824,13,3179.999882,2649.999882,0
45,13,12,246824,13,2649.999882,3179.999882,0
45,12,24,246824,22,3179.999882,5299.999882,0
45,24,12,246824,22,5299.999882,3179.999882,0
45,12,27,246824,35,3179.999882,7949.999882,0
45,27,12,246824,35,7949.999882,3179.999882,0
45,13,14,246824,11,2649.999882,3974.999882,0
45,14,13,246824,11,3974.999882,2649.999882,0
45,13,17,246824,26,2649.999882,3179.999882,0
45,17,13,246824,26,3179.999882,2649.999882,0
45,14,15,246824,21,3974.999882,7949.999882,0
45,15,14,246824,21,7949.999882,3974.999882,0
45,16,17,246824,26,7949.999882,3179.999882,0
45,17,16,246824,26,3179.999882,7949.999882,0
45,16,19,246824,26,7949.999882,3179.999882,0
45,19,16,246824,26,3179.999882,7949.999882,0
45,17,18,246824,31,3179.999882,7949.999882,0
45,18,17,246824,31,7949.999882,3179.999882,0
45,17,19,246824,30,3179.999882,3179.999882,0
45,19,17,246824,30,3179.999882,3179.999882,0
45,18,19,246824,34,7949.999882,3179.999882,0
45,19,18,246824,34,3179.999882,7949.999882,0
45,19,22,246824,42,3179.999882,7949.999882,0
45,22,19,246824,42,7949.999882,3179.999882,0
45,21,23,246824,44,5299.999882,7949.999882,0
45,23,21,246824,44,7949.999882,5299.999882,0
45,22,25,246824,38,7949.999882,3974.999882,0
45,25,22,246824,38,3974.999882,7949.999882,0
45,23,26,246824,41,7949.999882,3974.999882,0
45,26,23,246824,41,3974.999882,7949.999882,0
45,24,25,246824,28,5299.999882,3974.999882,0
45,25,24,246824,28,3974.999882,5299.999882,0
45,25,26,246824,34,3974.999882,3974.999882,0
45,26,25,246824,34,3974.999882,3974.999882,0
45,25,28,246824,32,3974.999882,7949.999882,0
45,28,25,246824,32,7949.999882,3974.999882,0
45,26,29,246824,38,3974.999882,5299.999882,0
45,29,26,246824,38,5299.999882,3974.999882,0
46,0,1,246824,9,3174.999882,2267.857025,0
46,1,0,246824,9,2267.857025,3174.999882,0
46,0,3,246824,11,3174.999882,7937.499882,0
46,3,0,246824,11,7937.499882,3174.999882,0
46,0,17,246824,25,3174.999882,5291.666549,0
46,17,0,246824,25,5291.666549,3174.999882,0
46,0,19,246824,24,3174.999882,7937.499882,0
46,19,0,246824,24,7937.499882,3174.999882,0
46,0,24,246824,22,3174.999882,2645.833216,0
46,24,0,246824,22,2645.833216,3174.999882,0
46,1,4,246824,8,2267.857025,3174.999882,0
46,4,1,246824,8,3174.999882,2267.857025,0
46,1,7,246824,9,2267.857025,2645.833216,0
46,7,1,246824,9,2645.833216,2267.857025,0
46,1,15,246824,21,2267.857025,5291.666549,0
46,15,1,246824,21,5291.666549,2267.857025,0
46,1,20,246824,27,2267.857025,5291.666549,0
46,20,1,246824,27,5291.666549,2267.857025,0
46,1,26,246824,31,2267.857025,5291.666549,0
46,26,1,246824,31,5291.666549,2267.857025,0
46,1,29,246824,25,2267.857025,7937.499882,0
46,29,1,246824,25,7937.499882,2267.857025,0
46,2,5,246824,12,3174.999882,3968.749882,0
46,5,2,246824,12,3968.749882,3174.999882,0
46,2,12,246824,13,3174.999882,7937.499882,0
46,12,2,246824,13,7937.499882,3174.999882,0
46,2,17,246824,26,3174.999882,5291.666549,0
46,17,2,246824,26,5291.666549,3174.999882,0
46,2,27,246824,36,3174.999882,7937.499882,0
46,27,2,246824,36,7937.499882,3174.999882,0
46,2,29,246824,28,3174.999882,7937.499882,0
46,29,2,246824,28,7937.499882,3174.999882,0
46,3,8,246824,11,7937.499882,3174.999882,0
46,8,3,246824,11,3174.999882,7937.499882,0
46,4,5,246824,10,3174.999882,3968.749882,0
46,5,4,246824,10,3968.749882,3174.999882,0
46,4,6,246824,9,3174.999882,5291.666549,0
46,6,4,246824,9,5291.666549,3174.999882,0
46,4,7,246824,9,3174.999882,2645.833216,0
46,7,4,246824,9,2645.833216,3174.999882,0
46,4,13,246824,10,3174.999882,7937.499882,0
46,13,4,246824,10,7937.499882,3174.999882,0
46,5,8,246824,11,3968.749882,3174.999882,0
46,8,5,246824,11,3174.999882,3968.749882,0
46,5,20,246824,29,3968.749882,5291.666549,0
46,20,5,246824,29,5291.666549,3968.749882,0
46,6,8,246824,10,5291.666549,3174.999882,0
46,8,6,246824,10,3174.999882,5291.666549,0
46,6,28,246824,30,5291.666549,5291.666549,0
46,28,6,246824,30,5291.666549,5291.666549,0
46,7,9,246824,8,2645.833216,3174.999882,0
46,9,7,246824,8,3174.999882,2645.833216,0
46,7,13,246824,11,2645.833216,7937.499882,0
46,13,7,246824,11,7937.499882,2645.833216,0
46,7,21,246824,30,2645.833216,7937.499882,0
46,21,7,246824,30,7937.499882,2645.833216,0
46,7,28,246824,31,2645.833216,5291.666549,0
46,28,7,246824,31,5291.666549,2645.833216,0
46,8,9,246824,9,3174.999882,3174.999882,0
46,9,8,246824,9,3174.999882,3174.999882,0
46,8,11,246824,10,3174.999882,3174.999882,0
46,11,8,246824,10,3174.999882,3174.999882,0
46,9,10,246824,10,3174.999882,7937.499882,0
46,10,9,246824,10,7937.499882,3174.999882,0
46,9,12,246824,10,3174.999882,7937.499882,0
46,12,9,246824,10,7937.499882,3174.999882,0
46,9,14,246824,8,3174.999882,5291.666549,0
46,14,9,246824,8,5291.666549,3174.999882,0
46,10,11,246824,11,7937.499882,3174.999882,0
46,11,10,246824,11,3174.999882,7937.499882,0
46,11,14,246824,9,3174.999882,5291.666549,0
46,14,11,246824,9,5291.666549,3174.999882,0
46,11,21,246824,29,3174.999882,7937.499882,0
46,21,11,246824,29,7937.499882,3174.999882,0
46,11,24,246824,21,3174.999882,2645.833216,0
46,24,11,246824,21,2645.833216,3174.999882,0
46,14,15,246824,21,5291.666549,5291.666549,0
46,15,14,246824,21,5291.666549,5291.666549,0
46,15,16,246824,24,5291.666549,3968.749882,0
46,16,15,246824,24,3968.749882,5291.666549,0
46,16,17,246824,26,3968.749882,5291.666549,0
46,17,16,246824,26,5291.666549,3968.749882,0
46,16,18,246824,30,3968.749882,7937.499882,0
46,18,16,246824,30,7937.499882,3968.749882,0
46,16,19,246824,26,3968.749882,7937.499882,0
46,19,16,246824,26,7937.499882,3968.749882,0
46,18,20,246824,37,7937.499882,5291.666549,0
46,20,18,246824,37,5291.666549,7937.499882,0
46,22,24,246824,40,7937.499882,2645.833216,0
46,24,22,246824,40,2645.833216,7937.499882,0
46,22,25,246824,38,7937.499882,3968.749882,0
46,25,22,246824,38,3968.749882,7937.499882,0
46,23,24,246824,40,7937.499882,2645.833216,0
46,24,23,246824,40,2645.833216,7937.499882,0
46,23,26,246824,41,7937.499882,5291.666549,0
46,26,23,246824,41,5291.666549,7937.499882,0
46,24,25,246824,28,2645.833216,3968.749882,0
46,25,24,246824,28,3968.749882,2645.833216,0
46,24,26,246824,36,2645.833216,5291.666549,0
46,26,24,246824,36,5291.666549,2645.833216,0
46,25,27,246824,36,3968.749882,7937.499882,0
46,27,25,246824,36,7937.499882,3968.749882,0
46,25,28,246824,32,3968.749882,5291.666549,0
46,28,25,246824,32,5291.666549,3968.749882,0
47,0,1,246824,9,5302.777660,2651.388771,0
47,1,0,246824,9,2651.388771,5302.777660,0
47,0,3,246824,11,5302.777660,3181.666549,0
47,3,0,246824,11,3181.666549,5302.777660,0
47,0,19,246824,24,5302.777660,7954.166549,0
47,19,0,246824,24,7954.166549,5302.777660,0
47,1,4,246824,8,2651.388771,3977.083216,0
47,4,1,246824,8,3977.083216,2651.388771,0
47,1,15,246824,21,2651.388771,5302.777660,0
47,15,1,246824,21,5302.777660,2651.388771,0
47,1,20,246824,27,2651.388771,3977.083216,0
47,20,1,246824,27,3977.083216,2651.388771,0
47,1,26,246824,31,2651.388771,3977.083216,0
47,26,1,246824,31,3977.083216,2651.388771,0
47,1,29,246824,25,2651.388771,7954.166549,0
47,29,1,246824,25,7954.166549,2651.388771,0
47,2,3,246824,12,3181.666549,3181.666549,0
47,3,2,246824,12,3181.666549,3181.666549,0
47,2,5,246824,12,3181.666549,3977.083216,0
47,5,2,246824,12,3977.083216,3181.666549,0
47,2,17,246824,26,3181.666549,5302.777660,0
47,17,2,246824,26,5302.777660,3181.666549,0
47,2,27,246824,36,3181.666549,7954.166549,0
47,27,2,246824,36,7954.166549,3181.666549,0
47,2,29,246824,28,3181.666549,7954.166549,0
47,29,2,246824,28,7954.166549,3181.666549,0
47,3,6,246824,10,3181.666549,3181.666549,0
47,6,3,246824,10,3181.666549,3181.666549,0
47,3,8,246824,11,3181.666549,5302.777660,0
47,8,3,246824,11,5302.777660,3181.666549,0
47,3,21,246824,30,3181.666549,5302.777660,0
47,21,3,246824,30,5302.777660,3181.666549,0
47,4,5,246824,10,3977.083216,3977.083216,0
47,5,4,246824,10,3977.083216,3977.083216,0
47,4,6,246824,9,3977.083216,3181.666549,0
47,6,4,246824,9,3181.666549,3977.083216,0
47,4,13,246824,10,3977.083216,2651.388771,0
47,13,4,246824,10,2651.388771,3977.083216,0
47,5,8,246824,11,3977.083216,5302.777660,0
47,8,5,246824,11,5302.777660,3977.083216,0
47,5,20,246824,29,3977.083216,3977.083216,0
47,20,5,246824,29,3977.083216,3977.083216,0
47,6,7,246824,10,3181.666549,3181.666549,0
47,7,6,246824,10,3181.666549,3181.666549,0
47,6,14,246824,9,3181.666549,5302.777660,0
47,14,6,246824,9,5302.777660,3181.666549,0
47,6,28,246824,30,3181.666549,5302.777660,0
47,28,6,246824,30,5302.777660,3181.666549,0
47,7,9,246824,8,3181.666549,7954.166549,0
47,9,7,246824,8,7954.166549,3181.666549,0
47,7,13,246824,11,3181.666549,2651.388771,0
47,13,7,246824,11,2651.388771,3181.666549,0
47,7,21,246824,30,3181.666549,5302.777660,0
47,21,7,246824,30,5302.777660,3181.666549,0
47,7,28,246824,31,3181.666549,5302.777660,0
47,28,7,246824,31,5302.777660,3181.666549,0
47,8,11,246824,10,5302.777660,5302.777660,0
47,11,8,246824,10,5302.777660,5302.777660,0
47,9,10,246824,10,7954.166549,3977.083216,0
47,10,9,246824,10,3977.083216,7954.166549,0
47,10,11,246824,11,3977.083216,5302.777660,0
47,11,10,246824,11,5302.777660,3977.083216,0
47,10,12,246824,12,3977.083216,5302.777660,0
47,12,10,246824,12,5302.777660,3977.083216,0
47,10,13,246824,13,3977.083216,2651.388771,0
47,13,10,246824,13,2651.388771,3977.083216,0
47,11,24,246824,21,5302.777660,5302.777660,0
47,24,11,246824,21,5302.777660,5302.777660,0
47,12,13,246824,13,5302.777660,2651.388771,0
47,13,12,246824,13,2651.388771,5302.777660,0
47,12,24,246824,22,5302.777660,5302.777660,0
47,24,12,246824,22,5302.777660,5302.777660,0
47,13,14,246824,11,2651.388771,5302.777660,0
47,14,13,246824,11,5302.777660,2651.388771,0
47,13,17,246824,26,2651.388771,5302.777660,0
47,17,13,246824,26,5302.777660,2651.388771,0
47,14,15,246824,21,5302.777660,5302.777660,0
47,15,14,246824,21,5302.777660,5302.777660,0
47,15,16,246824,24,5302.777660,5302.777660,0
47,16,15,246824,24,5302.777660,5302.777660,0
47,16,17,246824,26,5302.777660,5302.777660,0
47,17,16,246824,26,5302.777660,5302.777660,0
47,16,18,246824,30,5302.777660,7954.166549,0
47,18,16,246824,30,7954.166549,5302.777660,0
47,18,21,246824,36,7954.166549,5302.777660,0
47,21,18,246824,36,5302.777660,7954.166549,0
47,19,20,246824,34,7954.166549,3977.083216,0
47,20,19,246824,34,3977.083216,7954.166549,0
47,20,22,246824,45,3977.083216,7954.166549,0
47,22,20,246824,45,7954.166549,3977.083216,0
47,22,25,246824,38,7954.166549,5302.777660,0
47,25,22,246824,38,5302.777660,7954.166549,0
47,23,24,246824,40,7954.166549,5302.777660,0
47,24,23,246824,40,5302.777660,7954.166549,0
47,23,26,246824,41,7954.166549,3977.083216,0
47,26,23,246824,41,3977.083216,7954.166549,0
47,25,26,246824,34,5302.777660,3977.083216,0
47,26,25,246824,34,3977.083216,5302.777660,0
47,25,27,246824,36,5302.777660,7954.166549,0
47,27,25,246824,36,7954.166549,5302.777660,0
47,26,28,246824,35,3977.083216,5302.777660,0
47,28,26,246824,35,5302.777660,3977.083216,0
48,0,1,246824,9,3176.666549,5294.444327,0
48,1,0,246824,9,5294.444327,3176.666549,0
48,0,3,246824,11,3176.666549,7941.666549,0
48,3,0,246824,11,7941.666549,3176.666549,0
48,0,19,246824,24,3176.666549,3970.833216,0
48,19,0,246824,24,3970.833216,3176.666549,0
48,0,24,246824,22,3176.666549,2647.222105,0
48,24,0,246824,22,2647.222105,3176.666549,0
48,0,29,246824,27,3176.666549,7941.666549,0
48,29,0,246824,27,7941.666549,3176.666549,0
48,1,4,246824,8,5294.444327,5294.444327,0
48,4,1,246824,8,5294.444327,5294.444327,0
48,1,26,246824,31,5294.444327,5294.444327,0
48,26,1,246824,31,5294.444327,5294.444327,0
48,2,3,246824,12,3176.666549,7941.666549,0
48,3,2,246824,12,7941.666549,3176.666549,0
48,2,5,246824,12,3176.666549,3176.666549,0
48,5,2,246824,12,3176.666549,3176.666549,0
48,2,12,246824,13,3176.666549,5294.444327,0
48,12,2,246824,13,5294.444327,3176.666549,0
48,2,27,246824,36,3176.666549,7941.666549,0
48,27,2,246824,36,7941.666549,3176.666549,0
48,2,29,246824,28,3176.666549,7941.666549,0
48,29,2,246824,28,7941.666549,3176.666549,0
48,4,7,246824,9,5294.444327,1985.416549,0
48,7,4,246824,9,1985.416549,5294.444327,0
48,4,13,246824,10,5294.444327,2647.222105,0
48,13,4,246824,10,2647.222105,5294.444327,0
48,5,7,246824,11,3176.666549,1985.416549,0
48,7,5,246824,11,1985.416549,3176.666549,0
48,5,8,246824,11,3176.666549,7941.666549,0
48,8,5,246824,11,7941.666549,3176.666549,0
48,5,15,246824,23,3176.666549,5294.444327,0
48,15,5,246824,23,5294.444327,3176.666549,0
48,5,20,246824,29,3176.666549,7941.666549,0
48,20,5,246824,29,7941.666549,3176.666549,0
48,6,7,246824,10,5294.444327,1985.416549,0
48,7,6,246824,10,1985.416549,5294.444327,0
48,6,14,246824,9,5294.444327,2647.222105,0
48,14,6,246824,9,2647.222105,5294.444327,0
48,6,28,246824,30,5294.444327,5294.444327,0
48,28,6,246824,30,5294.444327,5294.444327,0
48,7,9,246824,8,1985.416549,7941.666549,0
48,9,7,246824,8,7941.666549,1985.416549,0
48,7,13,246824,11,1985.416549,2647.222105,0
48,13,7,246824,11,2647.222105,1985.416549,0
48,7,20,246824,29,1985.416549,7941.666549,0
48,20,7,246824,29,7941.666549,1985.416549,0
48,7,21,246824,30,1985.416549,7941.666549,0
48,21,7,246824,30,7941.666549,1985.416549,0
48,7,28,246824,31,1985.416549,5294.444327,0
48,28,7,246824,31,5294.444327,1985.416549,0
48,8,11,246824,10,7941.666549,3176.666549,0
48,11,8,246824,10,3176.666549,7941.666549,0
48,9,14,246824,8,7941.666549,2647.222105,0
48,14,9,246824,8,2647.222105,7941.666549,0
48,10,11,246824,11,7941.666549,3176.666549,0
48,11,10,246824,11,3176.666549,7941.666549,0
48,10,13,246824,13,7941.666549,2647.222105,0
48,13,10,246824,13,2647.222105,7941.666549,0
48,11,14,246824,9,3176.666549,2647.222105,0
48,14,11,246824,9,2647.222105,3176.666549,0
48,11,21,246824,29,3176.666549,7941.666549,0
48,21,11,246824,29,7941.666549,3176.666549,0
48,11,24,246824,21,3176.666549,2647.222105,0
48,24,11,246824,21,2647.222105,3176.666549,0
48,12,13,246824,13,5294.444327,2647.222105,0
48,13,12,246824,13,2647.222105,5294.444327,0
48,12,27,246824,35,5294.444327,7941.666549,0
48,27,12,246824,35,7941.666549,5294.444327,0
48,13,14,246824,11,2647.222105,2647.222105,0
48,14,13,246824,11,2647.222105,2647.222105,0
48,13,17,246824,26,2647.222105,3176.666549,0
48,17,13,246824,26,3176.666549,2647.222105,0
48,14,15,246824,21,2647.222105,5294.444327,0
48,15,14,246824,21,5294.444327,2647.222105,0
48,14,17,246824,23,2647.222105,3176.666549,0
48,17,14,246824,23,3176.666549,2647.222105,0
48,15,16,246824,24,5294.444327,7941.666549,0
48,16,15,246824,24,7941.666549,5294.444327,0
48,16,17,246824,26,7941.666549,3176.666549,0
48,17,16,246824,26,3176.666549,7941.666549,0
48,17,18,246824,31,3176.666549,7941.666549,0
48,18,17,246824,31,7941.666549,3176.666549,0
48,17,19,246824,30,3176.666549,3970.833216,0
48,19,17,246824,30,3970.833216,3176.666549,0
48,18,19,246824,34,7941.666549,3970.833216,0
48,19,18,246824,34,3970.833216,7941.666549,0
48,19,22,246824,42,3970.833216,7941.666549,0
48,22,19,246824,42,7941.666549,3970.833216,0
48,22,24,246824,40,7941.666549,2647.222105,0
48,24,22,246824,40,2647.222105,7941.666549,0
48,23,24,246824,40,7941.666549,2647.222105,0
48,24,23,246824,40,2647.222105,7941.666549,0
48,23,26,246824,41,7941.666549,5294.444327,0
48,26,23,246824,41,5294.444327,7941.666549,0
48,24,25,246824,28,2647.222105,7941.666549,0
48,25,24,246824,28,7941.666549,2647.222105,0
48,24,26,246824,36,2647.222105,5294.444327,0
48,26,24,246824,36,5294.444327,2647.222105,0
48,25,28,246824,32,7941.666549,5294.444327,0
48,28,25,246824,32,5294.444327,7941.666549,0
49,0,1,246824,9,5299.999882,2649.999882,0
49,1,0,246824,9,2649.999882,5299.999882,0
49,0,3,246824,11,5299.999882,3974.999882,0
49,3,0,246824,11,3974.999882,5299.999882,0
49,0,19,246824,24,5299.999882,3974.999882,0
49,19,0,246824,24,3974.999882,5299.999882,0
49,1,7,246824,9,2649.999882,2271.428454,0
49,7,1,246824,9,2271.428454,2649.999882,0
49,1,15,246824,21,2649.999882,5299.999882,0
49,15,1,246824,21,5299.999882,2649.999882,0
49,1,20,246824,27,2649.999882,7949.999882,0
49,20,1,246824,27,7949.999882,2649.999882,0
49,1,26,246824,31,2649.999882,5299.999882,0
49,26,1,246824,31,5299.999882,2649.999882,0
49,1,29,246824,25,2649.999882,5299.999882,0
49,29,1,246824,25,5299.999882,2649.999882,0
49,2,3,246824,12,3179.999882,3974.999882,0
49,3,2,246824,12,3974.999882,3179.999882,0
49,2,5,246824,12,3179.999882,3179.999882,0
49,5,2,246824,12,3179.999882,3179.999882,0
49,2,17,246824,26,3179.999882,3179.999882,0
49,17,2,246824,26,3179.999882,3179.999882,0
49,2,27,246824,36,3179.999882,7949.999882,0
49,27,2,246824,36,7949.999882,3179.999882,0
49,2,29,246824,28,3179.999882,5299.999882,0
49,29,2,246824,28,5299.999882,3179.999882,0
49,3,6,246824,10,3974.999882,5299.999882,0
49,6,3,246824,10,5299.999882,3974.999882,0
49,3,8,246824,11,3974.999882,3179.999882,0
49,8,3,246824,11,3179.999882,3974.999882,0
49,4,5,246824,10,7949.999882,3179.999882,0
49,5,4,246824,10,3179.999882,7949.999882,0
49,4,13,246824,10,7949.999882,3179.999882,0
49,13,4,246824,10,3179.999882,7949.999882,0
49,5,7,246824,11,3179.999882,2271.428454,0
49,7,5,246824,11,2271.428454,3179.999882,0
49,5,8,246824,11,3179.999882,3179.999882,0
49,8,5,246824,11,3179.999882,3179.999882,0
49,5,15,246824,23,3179.999882,5299.999882,0
49,15,5,246824,23,5299.999882,3179.999882,0
49,6,8,246824,10,5299.999882,3179.999882,0
49,8,6,246824,10,3179.999882,5299.999882,0
49,6,28,246824,30,5299.999882,7949.999882,0
49,28,6,246824,30,7949.999882,5299.999882,0
49,7,9,246824,8,2271.428454,3974.999882,0
49,9,7,246824,8,3974.999882,2271.428454,0
49,7,13,246824,11,2271.428454,3179.999882,0
49,13,7,246824,11,3179.999882,2271.428454,0
49,7,20,246824,29,2271.428454,7949.999882,0
49,20,7,246824,29,7949.999882,2271.428454,0
49,7,21,246824,30,2271.428454,5299.999882,0
49,21,7,246824,30,5299.999882,2271.428454,0
49,7,28,246824,31,2271.428454,7949.999882,0
49,28,7,246824,31,7949.999882,2271.428454,0
49,8,9,246824,9,3179.999882,3974.999882,0
49,9,8,246824,9,3974.999882,3179.999882,0
49,8,11,246824,10,3179.999882,3179.999882,0
49,11,8,246824,10,3179.999882,3179.999882,0
49,9,10,246824,10,3974.999882,7949.999882,0
49,10,9,246824,10,7949.999882,3974.999882,0
49,9,12,246824,10,3974.999882,3974.999882,0
49,12,9,246824,10,3974.999882,3974.999882,0
49,10,11,246824,11,7949.999882,3179.999882,0
49,11,10,246824,11,3179.999882,7949.999882,0
49,11,14,246824,9,3179.999882,7949.999882,0
49,14,11,246824,9,7949.999882,3179.999882,0
49,11,21,246824,29,3179.999882,5299.999882,0
49,21,11,246824,29,5299.999882,3179.999882,0
49,11,24,246824,21,3179.999882,3179.999882,0
49,24,11,246824,21,3179.999882,3179.999882,0
49,12,13,246824,13,3974.999882,3179.999882,0
49,13,12,246824,13,3179.999882,3974.999882,0
49,12,24,246824,22,3974.999882,3179.999882,0
49,24,12,246824,22,3179.999882,3974.999882,0
49,12,27,246824,35,3974.999882,7949.999882,0
49,27,12,246824,35,7949.999882,3974.999882,0
49,13,14,246824,11,3179.999882,7949.999882,0
49,14,13,246824,11,7949.999882,3179.999882,0
49,13,17,246824,26,3179.999882,3179.999882,0
49,17,13,246824,26,3179.999882,3179.999882,0
49,15,16,246824,24,5299.999882,7949.999882,0
49,16,15,246824,24,7949.999882,5299.999882,0
49,16,17,246824,26,7949.999882,3179.999882,0
49,17,16,246824,26,3179.999882,7949.999882,0
49,17,18,246824,31,3179.999882,7949.999882,0
49,18,17,246824,31,7949.999882,3179.999882,0
49,17,19,246824,30,3179.999882,3974.999882,0
49,19,17,246824,30,3974.999882,3179.999882,0
49,18,19,246824,34,7949.999882,3974.999882,0
49,19,18,246824,34,3974.999882,7949.999882,0
49,19,22,246824,42,3974.999882,7949.999882,0
49,22,19,246824,42,7949.999882,3974.999882,0
49,21,23,246824,44,5299.999882,7949.999882,0
49,23,21,246824,44,7949.999882,5299.999882,0
49,22,24,246824,40,7949.999882,3179.999882,0
49,24,22,246824,40,3179.999882,7949.999882,0
49,23,24,246824,40,7949.999882,3179.999882,0
49,24,23,246824,40,3179.999882,7949.999882,0
49,24,25,246824,28,3179.999882,7949.999882,0
49,25,24,246824,28,7949.999882,3179.999882,0
49,25,26,246824,34,7949.999882,5299.999882,0
49,26,25,246824,34,5299.999882,7949.999882,0
49,26,29,246824,38,5299.999882,5299.999882,0
49,29,26,246824,38,5299.999882,5299.999882,0
50,0,1,246824,9,3970.833216,2269.047501,0
50,1,0,246824,9,2269.047501,3970.833216,0
50,0,3,246824,11,3970.833216,3970.833216,0
50,3,0,246824,11,3970.833216,3970.833216,0
50,0,19,246824,24,3970.833216,3970.833216,0
50,19,0,246824,24,3970.833216,3970.833216,0
50,0,29,246824,27,3970.833216,7941.666549,0
50,29,0,246824,27,7941.666549,3970.833216,0
50,1,4,246824,8,2269.047501,5294.444327,0
50,4,1,246824,8,5294.444327,2269.047501,0
50,1,7,246824,9,2269.047501,2647.222105,0
50,7,1,246824,9,2647.222105,2269.047501,0
50,1,15,246824,21,2269.047501,5294.444327,0
50,15,1,246824,21,5294.444327,2269.047501,0
50,1,20,246824,27,2269.047501,7941.666549,0
50,20,1,246824,27,7941.666549,2269.047501,0
50,1,26,246824,31,2269.047501,5294.444327,0
50,26,1,246824,31,5294.444327,2269.047501,0
50,1,29,246824,25,2269.047501,7941.666549,0
50,29,1,246824,25,7941.666549,2269.047501,0
50,2,3,246824,12,3970.833216,3970.833216,0
50,3,2,246824,12,3970.833216,3970.833216,0
50,2,5,246824,12,3970.833216,3970.833216,0
50,5,2,246824,12,3970.833216,3970.833216,0
50,2,17,246824,26,3970.833216,5294.444327,0
50,17,2,246824,26,5294.444327,3970.833216,0
50,2,27,246824,36,3970.833216,7941.666549,0
50,27,2,246824,36,7941.666549,3970.833216,0
50,3,6,246824,10,3970.833216,5294.444327,0
50,6,3,246824,10,5294.444327,3970.833216,0
50,3,8,246824,11,3970.833216,3970.833216,0
50,8,3,246824,11,3970.833216,3970.833216,0
50,4,7,246824,9,5294.444327,2647.222105,0
50,7,4,246824,9,2647.222105,5294.444327,0
50,4,13,246824,10,5294.444327,5294.444327,0
50,13,4,246824,10,5294.444327,5294.444327,0
50,5,8,246824,11,3970.833216,3970.833216,0
50,8,5,246824,11,3970.833216,3970.833216,0
50,5,15,246824,23,3970.833216,5294.444327,0
50,15,5,246824,23,5294.444327,3970.833216,0
50,5,20,246824,29,3970.833216,7941.666549,0
50,20,5,246824,29,7941.666549,3970.833216,0
50,6,14,246824,9,5294.444327,2647.222105,0
50,14,6,246824,9,2647.222105,5294.444327,0
50,6,28,246824,30,5294.444327,5294.444327,0
50,28,6,246824,30,5294.444327,5294.444327,0
50,7,13,246824,11,2647.222105,5294.444327,0
50,13,7,246824,11,5294.444327,2647.222105,0
50,7,14,246824,10,2647.222105,2647.222105,0
50,14,7,246824,10,2647.222105,2647.222105,0
50,7,21,246824,30,2647.222105,7941.666549,0
50,21,7,246824,30,7941.666549,2647.222105,0
50,7,28,246824,31,2647.222105,5294.444327,0
50,28,7,246824,31,5294.444327,2647.222105,0
50,8,9,246824,9,3970.833216,3970.833216,0
50,9,8,246824,9,3970.833216,3970.833216,0
50,8,11,246824,10,3970.833216,3176.666549,0
50,11,8,246824,10,3176.666549,3970.833216,0
50,9,10,246824,10,3970.833216,5294.444327,0
50,10,9,246824,10,5294.444327,3970.833216,0
50,9,12,246824,10,3970.833216,3970.833216,0
50,12,9,246824,10,3970.833216,3970.833216,0
50,9,14,246824,8,3970.833216,2647.222105,0
50,14,9,246824,8,2647.222105,3970.833216,0
50,10,11,246824,11,5294.444327,3176.666549,0
50,11,10,246824,11,3176.666549,5294.444327,0
50,10,12,246824,12,5294.444327,3970.833216,0
50,12,10,246824,12,3970.833216,5294.444327,0
50,11,14,246824,9,3176.666549,2647.222105,0
50,14,11,246824,9,2647.222105,3176.666549,0
50,11,21,246824,29,3176.666549,7941.666549,0
50,21,11,246824,29,7941.666549,3176.666549,0
50,11,24,246824,21,3176.666549,3970.833216,0
50,24,11,246824,21,3970.833216,3176.666549,0
50,12,24,246824,22,3970.833216,3970.833216,0
50,24,12,246824,22,3970.833216,3970.833216,0
50,12,27,246824,35,3970.833216,7941.666549,0
50,27,12,246824,35,7941.666549,3970.833216,0
50,13,14,246824,11,5294.444327,2647.222105,0
50,14,13,246824,11,2647.222105,5294.444327,0
50,14,17,246824,23,2647.222105,5294.444327,0
50,17,14,246824,23,5294.444327,2647.222105,0
50,15,16,246824,24,5294.444327,3970.833216,0
50,16,15,246824,24,3970.833216,5294.444327,0
50,16,17,246824,26,3970.833216,5294.444327,0
50,17,16,246824,26,5294.444327,3970.833216,0
50,16,18,246824,30,3970.833216,7941.666549,0
50,18,16,246824,30,7941.666549,3970.833216,0
50,16,19,246824,26,3970.833216,3970.833216,0
50,19,16,246824,26,3970.833216,3970.833216,0
50,18,19,246824,34,7941.666549,3970.833216,0
50,19,18,246824,34,3970.833216,7941.666549,0
50,19,22,246824,42,3970.833216,7941.666549,0
50,22,19,246824,42,7941.666549,3970.833216,0
50,22,25,246824,38,7941.666549,3970.833216,0
50,25,22,246824,38,3970.833216,7941.666549,0
50,23,24,246824,40,7941.666549,3970.833216,0
50,24,23,246824,40,3970.833216,7941.666549,0
50,23,26,246824,41,7941.666549,5294.444327,0
50,26,23,246824,41,5294.444327,7941.666549,0
50,24,25,246824,28,3970.833216,3970.833216,0
50,25,24,246824,28,3970.833216,3970.833216,0
50,25,26,246824,34,3970.833216,5294.444327,0
50,26,25,246824,34,5294.444327,3970.833216,0
50,25,28,246824,32,3970.833216,5294.444327,0
50,28,25,246824,32,5294.444327,3970.833216,0
51,0,1,246824,9,3970.833216,2269.047501,0
51,1,0,246824,9,2269.047501,3970.833216,0
51,0,3,246824,11,3970.833216,3970.833216,0
51,3,0,246824,11,3970.833216,3970.833216,0
51,0,19,246824,24,3970.833216,5294.444327,0
51,19,0,246824,24,5294.444327,3970.833216,0
51,0,29,246824,27,3970.833216,7941.666549,0
51,29,0,246824,27,7941.666549,3970.833216,0
51,1,4,246824,8,2269.047501,3970.833216,0
51,4,1,246824,8,3970.833216,2269.047501,0
51,1,7,246824,9,2269.047501,2269.047501,0
51,7,1,246824,9,2269.047501,2269.047501,0
51,1,15,246824,21,2269.047501,5294.444327,0
51,15,1,246824,21,5294.444327,2269.047501,0
51,1,20,246824,27,2269.047501,7941.666549,0
51,20,1,246824,27,7941.666549,2269.047501,0
51,1,26,246824,31,2269.047501,5294.444327,0
51,26,1,246824,31,5294.444327,2269.047501,0
51,1,29,246824,25,2269.047501,7941.666549,0
51,29,1,246824,25,7941.666549,2269.047501,0
51,2,3,246824,12,3970.833216,3970.833216,0
51,3,2,246824,12,3970.833216,3970.833216,0
51,2,5,246824,12,3970.833216,3970.833216,0
51,5,2,246824,12,3970.833216,3970.833216,0
51,2,17,246824,26,3970.833216,3176.666549,0
51,17,2,246824,26,3176.666549,3970.833216,0
51,2,27,246824,36,3970.833216,7941.666549,0
51,27,2,246824,36,7941.666549,3970.833216,0
51,3,6,246824,10,3970.833216,3970.833216,0
51,6,3,246824,10,3970.833216,3970.833216,0
51,3,8,246824,11,3970.833216,2647.222105,0
51,8,3,246824,11,2647.222105,3970.833216,0
51,4,5,246824,10,3970.833216,3970.833216,0
51,5,4,246824,10,3970.833216,3970.833216,0
51,4,7,246824,9,3970.833216,2269.047501,0
51,7,4,246824,9,2269.047501,3970.833216,0
51,4,13,246824,10,3970.833216,5294.444327,0
51,13,4,246824,10,5294.444327,3970.833216,0
51,5,8,246824,11,3970.833216,2647.222105,0
51,8,5,246824,11,2647.222105,3970.833216,0
51,5,20,246824,29,3970.833216,7941.666549,0
51,20,5,246824,29,7941.666549,3970.833216,0
51,6,8,246824,10,3970.833216,2647.222105,0
51,8,6,246824,10,2647.222105,3970.833216,0
51,6,14,246824,9,3970.833216,2647.222105,0
51,14,6,246824,9,2647.222105,3970.833216,0
51,6,28,246824,30,3970.833216,5294.444327,0
51,28,6,246824,30,5294.444327,3970.833216,0
51,7,9,246824,8,2269.047501,3970.833216,0
51,9,7,246824,8,3970.833216,2269.047501,0
51,7,13,246824,11,2269.047501,5294.444327,0
51,13,7,246824,11,5294.444327,2269.047501,0
51,7,14,246824,10,2269.047501,2647.222105,0
51,14,7,246824,10,2647.222105,2269.047501,0
51,7,21,246824,30,2269.047501,7941.666549,0
51,21,7,246824,30,7941.666549,2269.047501,0
51,7,28,246824,31,2269.047501,5294.444327,0
51,28,7,246824,31,5294.444327,2269.047501,0
51,8,9,246824,9,2647.222105,3970.833216,0
51,9,8,246824,9,3970.833216,2647.222105,0
51,8,10,246824,12,2647.222105,5294.444327,0
51,10,8,246824,12,5294.444327,2647.222105,0
51,8,11,246824,10,2647.222105,3970.833216,0
51,11,8,246824,10,3970.833216,2647.222105,0
51,9,12,246824,10,3970.833216,3970.833216,0
51,12,9,246824,10,3970.833216,3970.833216,0
51,9,14,246824,8,3970.833216,2647.222105,0
51,14,9,246824,8,2647.222105,3970.833216,0
51,10,11,246824,11,5294.444327,3970.833216,0
51,11,10,246824,11,3970.833216,5294.444327,0
51,10,12,246824,12,5294.444327,3970.833216,0
51,12,10,246824,12,3970.833216,5294.444327,0
51,11,21,246824,29,3970.833216,7941.666549,0
51,21,11,246824,29,7941.666549,3970.833216,0
51,11,24,246824,21,3970.833216,3176.666549,0
51,24,11,246824,21,3176.666549,3970.833216,0
51,12,24,246824,22,3970.833216,3176.666549,0
51,24,12,246824,22,3176.666549,3970.833216,0
51,12,27,246824,35,3970.833216,7941.666549,0
51,27,12,246824,35,7941.666549,3970.833216,0
51,13,14,246824,11,5294.444327,2647.222105,0
51,14,13,246824,11,2647.222105,5294.444327,0
51,14,15,246824,21,2647.222105,5294.444327,0
51,15,14,246824,21,5294.444327,2647.222105,0
51,14,17,246824,23,2647.222105,3176.666549,0
51,17,14,246824,23,3176.666549,2647.222105,0
51,15,16,246824,24,5294.444327,5294.444327,0
51,16,15,246824,24,5294.444327,5294.444327,0
51,16,17,246824,26,5294.444327,3176.666549,0
51,17,16,246824,26,3176.666549,5294.444327,0
51,16,18,246824,30,5294.444327,7941.666549,0
51,18,16,246824,30,7941.666549,5294.444327,0
51,17,18,246824,31,3176.666549,7941.666549,0
51,18,17,246824,31,7941.666549,3176.666549,0
51,17,19,246824,30,3176.666549,5294.444327,0
51,19,17,246824,30,5294.444327,3176.666549,0
51,19,22,246824,42,5294.444327,7941.666549,0
51,22,19,246824,42,7941.666549,5294.444327,0
51,22,24,246824,40,7941.666549,3176.666549,0
51,24,22,246824,40,3176.666549,7941.666549,0
51,23,24,246824,40,7941.666549,3176.666549,0
51,24,23,246824,40,3176.666549,7941.666549,0
51,23,26,246824,41,7941.666549,5294.444327,0
51,26,23,246824,41,5294.444327,7941.666549,0
51,24,25,246824,28,3176.666549,5294.444327,0
51,25,24,246824,28,5294.444327,3176.666549,0
51,25,26,246824,34,5294.444327,5294.444327,0
51,26,25,246824,34,5294.444327,5294.444327,0
51,25,28,246824,32,5294.444327,5294.444327,0
51,28,25,246824,32,5294.444327,5294.444327,0
52,0,1,246824,9,3968.749882,2645.833216,0
52,1,0,246824,9,2645.833216,3968.749882,0
52,0,3,246824,11,3968.749882,3968.749882,0
52,3,0,246824,11,3968.749882,3968.749882,0
52,0,19,246824,24,3968.749882,7937.499882,0
52,19,0,246824,24,7937.499882,3968.749882,0
52,0,29,246824,27,3968.749882,7937.499882,0
52,29,0,246824,27,7937.499882,3968.749882,0
52,1,4,246824,8,2645.833216,3968.749882,0
52,4,1,246824,8,3968.749882,2645.833216,0
52,1,15,246824,21,2645.833216,5291.666549,0
52,15,1,246824,21,5291.666549,2645.833216,0
52,1,20,246824,27,2645.833216,7937.499882,0
52,20,1,246824,27,7937.499882,2645.833216,0
52,1,26,246824,31,2645.833216,5291.666549,0
52,26,1,246824,31,5291.666549,2645.833216,0
52,1,29,246824,25,2645.833216,7937.499882,0
52,29,1,246824,25,7937.499882,2645.833216,0
52,2,3,246824,12,3968.749882,3968.749882,0
52,3,2,246824,12,3968.749882,3968.749882,0
52,2,5,246824,12,3968.749882,3174.999882,0
52,5,2,246824,12,3174.999882,3968.749882,0
52,2,17,246824,26,3968.749882,3968.749882,0
52,17,2,246824,26,3968.749882,3968.749882,0
52,2,27,246824,36,3968.749882,7937.499882,0
52,27,2,246824,36,7937.499882,3968.749882,0
52,3,6,246824,10,3968.749882,3174.999882,0
52,6,3,246824,10,3174.999882,3968.749882,0
52,3,8,246824,11,3968.749882,3174.999882,0
52,8,3,246824,11,3174.999882,3968.749882,0
52,4,5,246824,10,3968.749882,3174.999882,0
52,5,4,246824,10,3174.999882,3968.749882,0
52,4,7,246824,9,3968.749882,3174.999882,0
52,7,4,246824,9,3174.999882,3968.749882,0
52,4,13,246824,10,3968.749882,7937.499882,0
52,13,4,246824,10,7937.499882,3968.749882,0
52,5,8,246824,11,3174.999882,3174.999882,0
52,8,5,246824,11,3174.999882,3174.999882,0
52,5,15,246824,23,3174.999882,5291.666549,0
52,15,5,246824,23,5291.666549,3174.999882,0
52,5,20,246824,29,3174.999882,7937.499882,0
52,20,5,246824,29,7937.499882,3174.999882,0
52,6,7,246824,10,3174.999882,3174.999882,0
52,7,6,246824,10,3174.999882,3174.999882,0
52,6,8,246824,10,3174.999882,3174.999882,0
52,8,6,246824,10,3174.999882,3174.999882,0
52,6,14,246824,9,3174.999882,3968.749882,0
52,14,6,246824,9,3968.749882,3174.999882,0
52,6,28,246824,30,3174.999882,5291.666549,0
52,28,6,246824,30,5291.666549,3174.999882,0
52,7,9,246824,8,3174.999882,3174.999882,0
52,9,7,246824,8,3174.999882,3174.999882,0
52,7,21,246824,30,3174.999882,7937.499882,0
52,21,7,246824,30,7937.499882,3174.999882,0
52,7,28,246824,31,3174.999882,5291.666549,0
52,28,7,246824,31,5291.666549,3174.999882,0
52,8,9,246824,9,3174.999882,3174.999882,0
52,9,8,246824,9,3174.999882,3174.999882,0
52,8,11,246824,10,3174.999882,3968.749882,0
52,11,8,246824,10,3968.749882,3174.999882,0
52,9,10,246824,10,3174.999882,5291.666549,0
52,10,9,246824,10,5291.666549,3174.999882,0
52,9,12,246824,10,3174.999882,3968.749882,0
52,12,9,246824,10,3968.749882,3174.999882,0
52,9,14,246824,8,3174.999882,3968.749882,0
52,14,9,246824,8,3968.749882,3174.999882,0
52,10,11,246824,11,5291.666549,3968.749882,0
52,11,10,246824,11,3968.749882,5291.666549,0
52,10,12,246824,12,5291.666549,3968.749882,0
52,12,10,246824,12,3968.749882,5291.666549,0
52,11,21,246824,29,3968.749882,7937.499882,0
52,21,11,246824,29,7937.499882,3968.749882,0
52,11,24,246824,21,3968.749882,3174.999882,0
52,24,11,246824,21,3174.999882,3968.749882,0
52,12,24,246824,22,3968.749882,3174.999882,0
52,24,12,246824,22,3174.999882,3968.749882,0
52,12,27,246824,35,3968.749882,7937.499882,0
52,27,12,246824,35,7937.499882,3968.749882,0
52,13,14,246824,11,7937.499882,3968.749882,0
52,14,13,246824,11,3968.749882,7937.499882,0
52,14,17,246824,23,3968.749882,3968.749882,0
52,17,14,246824,23,3968.749882,3968.749882,0
52,15,16,246824,24,5291.666549,3968.749882,0
52,16,15,246824,24,3968.749882,5291.666549,0
52,16,17,246824,26,3968.749882,3968.749882,0
52,17,16,246824,26,3968.749882,3968.749882,0
52,16,18,246824,30,3968.749882,7937.499882,0
52,18,16,246824,30,7937.499882,3968.749882,0
52,16,19,246824,26,3968.749882,7937.499882,0
52,19,16,246824,26,7937.499882,3968.749882,0
52,17,18,246824,31,3968.749882,7937.499882,0
52,18,17,246824,31,7937.499882,3968.749882,0
52,22,24,246824,40,7937.499882,3174.999882,0
52,24,22,246824,40,3174.999882,7937.499882,0
52,22,25,246824,38,7937.499882,3968.749882,0
52,25,22,246824,38,3968.749882,7937.499882,0
52,23,24,246824,40,7937.499882,3174.999882,0
52,24,23,246824,40,3174.999882,7937.499882,0
52,23,26,246824,41,7937.499882,5291.666549,0
52,26,23,246824,41,5291.666549,7937.499882,0
52,24,25,246824,28,3174.999882,3968.749882,0
52,25,24,246824,28,3968.749882,3174.999882,0
52,25,26,246824,34,3968.749882,5291.666549,0
52,26,25,246824,34,5291.666549,3968.749882,0
52,25,28,246824,32,3968.749882,5291.666549,0
52,28,25,246824,32,5291.666549,3968.749882,0
53,0,1,246824,9,3968.749882,2645.833216,0
53,1,0,246824,9,2645.833216,3968.749882,0
53,0,3,246824,11,3968.749882,3968.749882,0
53,3,0,246824,11,3968.749882,3968.749882,0
53,0,19,246824,24,3968.749882,7937.499882,0
53,19,0,246824,24,7937.499882,3968.749882,0
53,0,29,246824,27,3968.749882,5291.666549,0
53,29,0,246824,27,5291.666549,3968.749882,0
53,1,7,246824,9,2645.833216,2267.857025,0
53,7,1,246824,9,2267.857025,2645.833216,0
53,1,15,246824,21,2645.833216,5291.666549,0
53,15,1,246824,21,5291.666549,2645.833216,0
53,1,20,246824,27,2645.833216,7937.499882,0
53,20,1,246824,27,7937.499882,2645.833216,0
53,1,26,246824,31,2645.833216,5291.666549,0
53,26,1,246824,31,5291.666549,2645.833216,0
53,1,29,246824,25,2645.833216,5291.666549,0
53,29,1,246824,25,5291.666549,2645.833216,0
53,2,3,246824,12,3968.749882,3968.749882,0
53,3,2,246824,12,3968.749882,3968.749882,0
53,2,5,246824,12,3968.749882,3174.999882,0
53,5,2,246824,12,3174.999882,3968.749882,0
53,2,17,246824,26,3968.749882,3968.749882,0
53,17,2,246824,26,3968.749882,3968.749882,0
53,2,27,246824,36,3968.749882,7937.499882,0
53,27,2,246824,36,7937.499882,3968.749882,0
53,3,6,246824,10,3968.749882,5291.666549,0
53,6,3,246824,10,5291.666549,3968.749882,0
53,3,8,246824,11,3968.749882,3174.999882,0
53,8,3,246824,11,3174.999882,3968.749882,0
53,4,7,246824,9,7937.499882,2267.857025,0
53,7,4,246824,9,2267.857025,7937.499882,0
53,4,13,246824,10,7937.499882,5291.666549,0
53,13,4,246824,10,5291.666549,7937.499882,0
53,5,7,246824,11,3174.999882,2267.857025,0
53,7,5,246824,11,2267.857025,3174.999882,0
53,5,8,246824,11,3174.999882,3174.999882,0
53,8,5,246824,11,3174.999882,3174.999882,0
53,5,15,246824,23,3174.999882,5291.666549,0
53,15,5,246824,23,5291.666549,3174.999882,0
53,5,20,246824,29,3174.999882,7937.499882,0
53,20,5,246824,29,7937.499882,3174.999882,0
53,6,8,246824,10,5291.666549,3174.999882,0
53,8,6,246824,10,3174.999882,5291.666549,0
53,6,28,246824,30,5291.666549,5291.666549,0
53,28,6,246824,30,5291.666549,5291.666549,0
53,7,9,246824,8,2267.857025,3174.999882,0
53,9,7,246824,8,3174.999882,2267.857025,0
53,7,13,246824,11,2267.857025,5291.666549,0
53,13,7,246824,11,5291.666549,2267.857025,0
53,7,21,246824,30,2267.857025,7937.499882,0
53,21,7,246824,30,7937.499882,2267.857025,0
53,7,28,246824,31,2267.857025,5291.666549,0
53,28,7,246824,31,5291.666549,2267.857025,0
53,8,9,246824,9,3174.999882,3174.999882,0
53,9,8,246824,9,3174.999882,3174.999882,0
53,8,11,246824,10,3174.999882,3174.999882,0
53,11,8,246824,10,3174.999882,3174.999882,0
53,9,10,246824,10,3174.999882,5291.666549,0
53,10,9,246824,10,5291.666549,3174.999882,0
53,9,12,246824,10,3174.999882,3968.749882,0
53,12,9,246824,10,3968.749882,3174.999882,0
53,9,14,246824,8,3174.999882,3968.749882,0
53,14,9,246824,8,3968.749882,3174.999882,0
53,10,11,246824,11,5291.666549,3174.999882,0
53,11,10,246824,11,3174.999882,5291.666549,0
53,10,12,246824,12,5291.666549,3968.749882,0
53,12,10,246824,12,3968.749882,5291.666549,0
53,11,14,246824,9,3174.999882,3968.749882,0
53,14,11,246824,9,3968.749882,3174.999882,0
53,11,21,246824,29,3174.999882,7937.499882,0
53,21,11,246824,29,7937.499882,3174.999882,0
53,11,24,246824,21,3174.999882,3174.999882,0
53,24,11,246824,21,3174.999882,3174.999882,0
53,12,24,246824,22,3968.749882,3174.999882,0
53,24,12,246824,22,3174.999882,3968.749882,0
53,12,27,246824,35,3968.749882,7937.499882,0
53,27,12,246824,35,7937.499882,3968.749882,0
53,13,14,246824,11,5291.666549,3968.749882,0
53,14,13,246824,11,3968.749882,5291.666549,0
53,14,17,246824,23,3968.749882,3968.749882,0
53,17,14,246824,23,3968.749882,3968.749882,0
53,15,16,246824,24,5291.666549,3968.749882,0
53,16,15,246824,24,3968.749882,5291.666549,0
53,16,17,246824,26,3968.749882,3968.749882,0
53,17,16,246824,26,3968.749882,3968.749882,0
53,16,18,246824,30,3968.749882,7937.499882,0
53,18,16,246824,30,7937.499882,3968.749882,0
53,16,19,246824,26,3968.749882,7937.499882,0
53,19,16,246824,26,7937.499882,3968.749882,0
53,17,18,246824,31,3968.749882,7937.499882,0
53,18,17,246824,31,7937.499882,3968.749882,0
53,22,24,246824,40,7937.499882,3174.999882,0
53,24,22,246824,40,3174.999882,7937.499882,0
53,22,25,246824,38,7937.499882,5291.666549,0
53,25,22,246824,38,5291.666549,7937.499882,0
53,23,24,246824,40,7937.499882,3174.999882,0
53,24,23,246824,40,3174.999882,7937.499882,0
53,23,26,246824,41,7937.499882,5291.666549,0
53,26,23,246824,41,5291.666549,7937.499882,0
53,24,25,246824,28,3174.999882,5291.666549,0
53,25,24,246824,28,5291.666549,3174.999882,0
53,25,28,246824,32,5291.666549,5291.666549,0
53,28,25,246824,32,5291.666549,5291.666549,0
53,26,29,246824,38,5291.666549,5291.666549,0
53,29,26,246824,38,5291.666549,5291.666549,0
54,0,1,246824,9,3968.749882,2645.833216,0
54,1,0,246824,9,2645.833216,3968.749882,0
54,0,3,246824,11,3968.749882,5291.666549,0
54,3,0,246824,11,5291.666549,3968.749882,0
54,0,19,246824,24,3968.749882,7937.499882,0
54,19,0,246824,24,7937.499882,3968.749882,0
54,0,29,246824,27,3968.749882,5291.666549,0
54,29,0,246824,27,5291.666549,3968.749882,0
54,1,7,246824,9,2645.833216,2267.857025,0
54,7,1,246824,9,2267.857025,2645.833216,0
54,1,15,246824,21,2645.833216,5291.666549,0
54,15,1,246824,21,5291.666549,2645.833216,0
54,1,20,246824,27,2645.833216,7937.499882,0
54,20,1,246824,27,7937.499882,2645.833216,0
54,1,26,246824,31,2645.833216,5291.666549,0
54,26,1,246824,31,5291.666549,2645.833216,0
54,1,29,246824,25,2645.833216,5291.666549,0
54,29,1,246824,25,5291.666549,2645.833216,0
54,2,3,246824,12,3968.749882,5291.666549,0
54,3,2,246824,12,5291.666549,3968.749882,0
54,2,5,246824,12,3968.749882,5291.666549,0
54,5,2,246824,12,5291.666549,3968.749882,0
54,2,17,246824,26,3968.749882,3968.749882,0
54,17,2,246824,26,3968.749882,3968.749882,0
54,2,27,246824,36,3968.749882,7937.499882,0
54,27,2,246824,36,7937.499882,3968.749882,0
54,3,6,246824,10,5291.666549,3968.749882,0
54,6,3,246824,10,3968.749882,5291.666549,0
54,4,6,246824,9,7937.499882,3968.749882,0
54,6,4,246824,9,3968.749882,7937.499882,0
54,4,7,246824,9,7937.499882,2267.857025,0
54,7,4,246824,9,2267.857025,7937.499882,0
54,5,8,246824,11,5291.666549,5291.666549,0
54,8,5,246824,11,5291.666549,5291.666549,0
54,5,20,246824,29,5291.666549,7937.499882,0
54,20,5,246824,29,7937.499882,5291.666549,0
54,6,14,246824,9,3968.749882,2645.833216,0
54,14,6,246824,9,2645.833216,3968.749882,0
54,6,28,246824,30,3968.749882,5291.666549,0
54,28,6,246824,30,5291.666549,3968.749882,0
54,7,9,246824,8,2267.857025,3174.999882,0
54,9,7,246824,8,3174.999882,2267.857025,0
54,7,13,246824,11,2267.857025,7937.499882,0
54,13,7,246824,11,7937.499882,2267.857025,0
54,7,14,246824,10,2267.857025,2645.833216,0
54,14,7,246824,10,2645.833216,2267.857025,0
54,7,21,246824,30,2267.857025,7937.499882,0
54,21,7,246824,30,7937.499882,2267.857025,0
54,7,28,246824,31,2267.857025,5291.666549,0
54,28,7,246824,31,5291.666549,2267.857025,0
54,8,9,246824,9,5291.666549,3174.999882,0
54,9,8,246824,9,3174.999882,5291.666549,0
54,8,11,246824,10,5291.666549,3968.749882,0
54,11,8,246824,10,3968.749882,5291.666549,0
54,9,10,246824,10,3174.999882,5291.666549,0
54,10,9,246824,10,5291.666549,3174.999882,0
54,9,12,246824,10,3174.999882,3968.749882,0
54,12,9,246824,10,3968.749882,3174.999882,0
54,9,14,246824,8,3174.999882,2645.833216,0
54,14,9,246824,8,2645.833216,3174.999882,0
54,10,11,246824,11,5291.666549,3968.749882,0
54,11,10,246824,11,3968.749882,5291.666549,0
54,10,12,246824,12,5291.666549,3968.749882,0
54,12,10,246824,12,3968.749882,5291.666549,0
54,11,21,246824,29,3968.749882,7937.499882,0
54,21,11,246824,29,7937.499882,3968.749882,0
54,11,24,246824,21,3968.749882,3174.999882,0
54,24,11,246824,21,3174.999882,3968.749882,0
54,12,24,246824,22,3968.749882,3174.999882,0
54,24,12,246824,22,3174.999882,3968.749882,0
54,12,27,246824,35,3968.749882,7937.499882,0
54,27,12,246824,35,7937.499882,3968.749882,0
54,13,14,246824,11,7937.499882,2645.833216,0
54,14,13,246824,11,2645.833216,7937.499882,0
54,14,15,246824,21,2645.833216,5291.666549,0
54,15,14,246824,21,5291.666549,2645.833216,0
54,14,17,246824,23,2645.833216,3968.749882,0
54,17,14,246824,23,3968.749882,2645.833216,0
54,15,16,246824,24,5291.666549,3968.749882,0
54,16,15,246824,24,3968.749882,5291.666549,0
54,16,17,246824,26,3968.749882,3968.749882,0
54,17,16,246824,26,3968.749882,3968.749882,0
54,16,18,246824,30,3968.749882,7937.499882,0
54,18,16,246824,30,7937.499882,3968.749882,0
54,16,19,246824,26,3968.749882,7937.499882,0
54,19,16,246824,26,7937.499882,3968.749882,0
54,17,18,246824,31,3968.749882,7937.499882,0
54,18,17,246824,31,7937.499882,3968.749882,0
54,22,24,246824,40,7937.499882,3174.999882,0
54,24,22,246824,40,3174.999882,7937.499882,0
54,22,25,246824,38,7937.499882,5291.666549,0
54,25,22,246824,38,5291.666549,7937.499882,0
54,23,24,246824,40,7937.499882,3174.999882,0
54,24,23,246824,40,3174.999882,7937.499882,0
54,23,26,246824,41,7937.499882,5291.666549,0
54,26,23,246824,41,5291.666549,7937.499882,0
54,24,25,246824,28,3174.999882,5291.666549,0
54,25,24,246824,28,5291.666549,3174.999882,0
54,25,28,246824,32,5291.666549,5291.666549,0
54,28,25,246824,32,5291.666549,5291.666549,0
54,26,29,246824,38,5291.666549,5291.666549,0
54,29,26,246824,38,5291.666549,5291.666549,0
55,0,1,246824,9,3968.749882,2645.833216,0
55,1,0,246824,9,2645.833216,3968.749882,0
55,0,3,246824,11,3968.749882,3968.749882,0
55,3,0,246824,11,3968.749882,3968.749882,0
55,0,19,246824,24,3968.749882,7937.499882,0
55,19,0,246824,24,7937.499882,3968.749882,0
55,0,29,246824,27,3968.749882,5291.666549,0
55,29,0,246824,27,5291.666549,3968.749882,0
55,1,7,246824,9,2645.833216,2267.857025,0
55,7,1,246824,9,2267.857025,2645.833216,0
55,1,15,246824,21,2645.833216,5291.666549,0
55,15,1,246824,21,5291.666549,2645.833216,0
55,1,20,246824,27,2645.833216,7937.499882,0
55,20,1,246824,27,7937.499882,2645.833216,0
55,1,26,246824,31,2645.833216,5291.666549,0
55,26,1,246824,31,5291.666549,2645.833216,0
55,1,29,246824,25,2645.833216,5291.666549,0
55,29,1,246824,25,5291.666549,2645.833216,0
55,2,3,246824,12,3968.749882,3968.749882,0
55,3,2,246824,12,3968.749882,3968.749882,0
55,2,5,246824,12,3968.749882,5291.666549,0
55,5,2,246824,12,5291.666549,3968.749882,0
55,2,17,246824,26,3968.749882,3968.749882,0
55,17,2,246824,26,3968.749882,3968.749882,0
55,2,27,246824,36,3968.749882,7937.499882,0
55,27,2,246824,36,7937.499882,3968.749882,0
55,3,6,246824,10,3968.749882,5291.666549,0
55,6,3,246824,10,5291.666549,3968.749882,0
55,3,8,246824,11,3968.749882,2645.833216,0
55,8,3,246824,11,2645.833216,3968.749882,0
55,4,7,246824,9,7937.499882,2267.857025,0
55,7,4,246824,9,2267.857025,7937.499882,0
55,4,13,246824,10,7937.499882,5291.666549,0
55,13,4,246824,10,5291.666549,7937.499882,0
55,5,8,246824,11,5291.666549,2645.833216,0
55,8,5,246824,11,2645.833216,5291.666549,0
55,5,20,246824,29,5291.666549,7937.499882,0
55,20,5,246824,29,7937.499882,5291.666549,0
55,6,8,246824,10,5291.666549,2645.833216,0
55,8,6,246824,10,2645.833216,5291.666549,0
55,6,28,246824,30,5291.666549,5291.666549,0
55,28,6,246824,30,5291.666549,5291.666549,0
55,7,9,246824,8,2267.857025,3174.999882,0
55,9,7,246824,8,3174.999882,2267.857025,0
55,7,13,246824,11,2267.857025,5291.666549,0
55,13,7,246824,11,5291.666549,2267.857025,0
55,7,14,246824,10,2267.857025,3174.999882,0
55,14,7,246824,10,3174.999882,2267.857025,0
55,7,21,246824,30,2267.857025,7937.499882,0
55,21,7,246824,30,7937.499882,2267.857025,0
55,7,28,246824,31,2267.857025,5291.666549,0
55,28,7,246824,31,5291.666549,2267.857025,0
55,8,9,246824,9,2645.833216,3174.999882,0
55,9,8,246824,9,3174.999882,2645.833216,0
55,8,10,246824,12,2645.833216,3968.749882,0
55,10,8,246824,12,3968.749882,2645.833216,0
55,8,11,246824,10,2645.833216,3968.749882,0
55,11,8,246824,10,3968.749882,2645.833216,0
55,9,10,246824,10,3174.999882,3968.749882,0
55,10,9,246824,10,3968.749882,3174.999882,0
55,9,12,246824,10,3174.999882,3968.749882,0
55,12,9,246824,10,3968.749882,3174.999882,0
55,9,14,246824,8,3174.999882,3174.999882,0
55,14,9,246824,8,3174.999882,3174.999882,0
55,10,11,246824,11,3968.749882,3968.749882,0
55,11,10,246824,11,3968.749882,3968.749882,0
55,10,12,246824,12,3968.749882,3968.749882,0
55,12,10,246824,12,3968.749882,3968.749882,0
55,11,21,246824,29,3968.749882,7937.499882,0
55,21,11,246824,29,7937.499882,3968.749882,0
55,11,24,246824,21,3968.749882,3174.999882,0
55,24,11,246824,21,3174.999882,3968.749882,0
55,12,24,246824,22,3968.749882,3174.999882,0
55,24,12,246824,22,3174.999882,3968.749882,0
55,12,27,246824,35,3968.749882,7937.499882,0
55,27,12,246824,35,7937.499882,3968.749882,0
55,13,14,246824,11,5291.666549,3174.999882,0
55,14,13,246824,11,3174.999882,5291.666549,0
55,14,15,246824,21,3174.999882,5291.666549,0
55,15,14,246824,21,5291.666549,3174.999882,0
55,14,17,246824,23,3174.999882,3968.749882,0
55,17,14,246824,23,3968.749882,3174.999882,0
55,15,16,246824,24,5291.666549,3968.749882,0
55,16,15,246824,24,3968.749882,5291.666549,0
55,16,17,246824,26,3968.749882,3968.749882,0
55,17,16,246824,26,3968.749882,3968.749882,0
55,16,18,246824,30,3968.749882,7937.499882,0
55,18,16,246824,30,7937.499882,3968.749882,0
55,16,19,246824,26,3968.749882,7937.499882,0
55,19,16,246824,26,7937.499882,3968.749882,0
55,17,18,246824,31,3968.749882,7937.499882,0
55,18,17,246824,31,7937.499882,3968.749882,0
55,22,24,246824,40,7937.499882,3174.999882,0
55,24,22,246824,40,3174.999882,7937.499882,0
55,22,25,246824,38,7937.499882,5291.666549,0
55,25,22,246824,38,5291.666549,7937.499882,0
55,23,24,246824,40,7937.499882,3174.999882,0
55,24,23,246824,40,3174.999882,7937.499882,0
55,23,26,246824,41,7937.499882,5291.666549,0
55,26,23,246824,41,5291.666549,7937.499882,0
55,24,25,246824,28,3174.999882,5291.666549,0
55,25,24,246824,28,5291.666549,3174.999882,0
55,25,28,246824,32,5291.666549,5291.666549,0
55,28,25,246824,32,5291.666549,5291.666549,0
55,26,29,246824,38,5291.666549,5291.666549,0
55,29,26,246824,38,5291.666549,5291.666549,0
56,0,1,246824,9,3968.749882,2645.833216,0
56,1,0,246824,9,2645.833216,3968.749882,0
56,0,3,246824,11,3968.749882,5291.666549,0
56,3,0,246824,11,5291.666549,3968.749882,0
56,0,19,246824,24,3968.749882,7937.499882,0
56,19,0,246824,24,7937.499882,3968.749882,0
56,0,29,246824,27,3968.749882,7937.499882,0
56,29,0,246824,27,7937.499882,3968.749882,0
56,1,4,246824,8,2645.833216,3968.749882,0
56,4,1,246824,8,3968.749882,2645.833216,0
56,1,15,246824,21,2645.833216,5291.666549,0
56,15,1,246824,21,5291.666549,2645.833216,0
56,1,20,246824,27,2645.833216,7937.499882,0
56,20,1,246824,27,7937.499882,2645.833216,0
56,1,26,246824,31,2645.833216,5291.666549,0
56,26,1,246824,31,5291.666549,2645.833216,0
56,1,29,246824,25,2645.833216,7937.499882,0
56,29,1,246824,25,7937.499882,2645.833216,0
56,2,3,246824,12,3174.999882,5291.666549,0
56,3,2,246824,12,5291.666549,3174.999882,0
56,2,5,246824,12,3174.999882,5291.666549,0
56,5,2,246824,12,5291.666549,3174.999882,0
56,2,12,246824,13,3174.999882,3968.749882,0
56,12,2,246824,13,3968.749882,3174.999882,0
56,2,17,246824,26,3174.999882,3968.749882,0
56,17,2,246824,26,3968.749882,3174.999882,0
56,2,27,246824,36,3174.999882,5291.666549,0
56,27,2,246824,36,5291.666549,3174.999882,0
56,3,6,246824,10,5291.666549,3968.749882,0
56,6,3,246824,10,3968.749882,5291.666549,0
56,4,6,246824,9,3968.749882,3968.749882,0
56,6,4,246824,9,3968.749882,3968.749882,0
56,4,7,246824,9,3968.749882,3174.999882,0
56,7,4,246824,9,3174.999882,3968.749882,0
56,4,13,246824,10,3968.749882,7937.499882,0
56,13,4,246824,10,7937.499882,3968.749882,0
56,5,8,246824,11,5291.666549,5291.666549,0
56,8,5,246824,11,5291.666549,5291.666549,0
56,5,20,246824,29,5291.666549,7937.499882,0
56,20,5,246824,29,7937.499882,5291.666549,0
56,6,14,246824,9,3968.749882,2267.857025,0
56,14,6,246824,9,2267.857025,3968.749882,0
56,6,28,246824,30,3968.749882,7937.499882,0
56,28,6,246824,30,7937.499882,3968.749882,0
56,7,9,246824,8,3174.999882,3174.999882,0
56,9,7,246824,8,3174.999882,3174.999882,0
56,7,14,246824,10,3174.999882,2267.857025,0
56,14,7,246824,10,2267.857025,3174.999882,0
56,7,21,246824,30,3174.999882,7937.499882,0
56,21,7,246824,30,7937.499882,3174.999882,0
56,7,28,246824,31,3174.999882,7937.499882,0
56,28,7,246824,31,7937.499882,3174.999882,0
56,8,9,246824,9,5291.666549,3174.999882,0
56,9,8,246824,9,3174.999882,5291.666549,0
56,8,11,246824,10,5291.666549,3174.999882,0
56,11,8,246824,10,3174.999882,5291.666549,0
56,9,10,246824,10,3174.999882,7937.499882,0
56,10,9,246824,10,7937.499882,3174.999882,0
56,9,12,246824,10,3174.999882,3968.749882,0
56,12,9,246824,10,3968.749882,3174.999882,0
56,9,14,246824,8,3174.999882,2267.857025,0
56,14,9,246824,8,2267.857025,3174.999882,0
56,10,11,246824,11,7937.499882,3174.999882,0
56,11,10,246824,11,3174.999882,7937.499882,0
56,11,14,246824,9,3174.999882,2267.857025,0
56,14,11,246824,9,2267.857025,3174.999882,0
56,11,21,246824,29,3174.999882,7937.499882,0
56,21,11,246824,29,7937.499882,3174.999882,0
56,11,24,246824,21,3174.999882,3174.999882,0
56,24,11,246824,21,3174.999882,3174.999882,0
56,12,24,246824,22,3968.749882,3174.999882,0
56,24,12,246824,22,3174.999882,3968.749882,0
56,12,27,246824,35,3968.749882,5291.666549,0
56,27,12,246824,35,5291.666549,3968.749882,0
56,13,14,246824,11,7937.499882,2267.857025,0
56,14,13,246824,11,2267.857025,7937.499882,0
56,14,15,246824,21,2267.857025,5291.666549,0
56,15,14,246824,21,5291.666549,2267.857025,0
56,14,17,246824,23,2267.857025,3968.749882,0
56,17,14,246824,23,3968.749882,2267.857025,0
56,15,16,246824,24,5291.666549,3968.749882,0
56,16,15,246824,24,3968.749882,5291.666549,0
56,16,17,246824,26,3968.749882,3968.749882,0
56,17,16,246824,26,3968.749882,3968.749882,0
56,16,18,246824,30,3968.749882,7937.499882,0
56,18,16,246824,30,7937.499882,3968.749882,0
56,16,19,246824,26,3968.749882,7937.499882,0
56,19,16,246824,26,7937.499882,3968.749882,0
56,17,18,246824,31,3968.749882,7937.499882,0
56,18,17,246824,31,7937.499882,3968.749882,0
56,22,24,246824,40,7937.499882,3174.999882,0
56,24,22,246824,40,3174.999882,7937.499882,0
56,22,25,246824,38,7937.499882,3968.749882,0
56,25,22,246824,38,3968.749882,7937.499882,0
56,23,24,246824,40,7937.499882,3174.999882,0
56,24,23,246824,40,3174.999882,7937.499882,0
56,23,26,246824,41,7937.499882,5291.666549,0
56,26,23,246824,41,5291.666549,7937.499882,0
56,24,25,246824,28,3174.999882,3968.749882,0
56,25,24,246824,28,3968.749882,3174.999882,0
56,25,26,246824,34,3968.749882,5291.666549,0
56,26,25,246824,34,5291.666549,3968.749882,0
56,25,27,246824,36,3968.749882,5291.666549,0
56,27,25,246824,36,5291.666549,3968.749882,0
57,0,1,246824,9,3972.916549,2648.610993,0
57,1,0,246824,9,2648.610993,3972.916549,0
57,0,3,246824,11,3972.916549,5297.222105,0
57,3,0,246824,11,5297.222105,3972.916549,0
57,0,19,246824,24,3972.916549,7945.833216,0
57,19,0,246824,24,7945.833216,3972.916549,0
57,0,29,246824,27,3972.916549,7945.833216,0
57,29,0,246824,27,7945.833216,3972.916549,0
57,1,7,246824,9,2648.610993,1986.458216,0
57,7,1,246824,9,1986.458216,2648.610993,0
57,1,15,246824,21,2648.610993,5297.222105,0
57,15,1,246824,21,5297.222105,2648.610993,0
57,1,20,246824,27,2648.610993,7945.833216,0
57,20,1,246824,27,7945.833216,2648.610993,0
57,1,26,246824,31,2648.610993,5297.222105,0
57,26,1,246824,31,5297.222105,2648.610993,0
57,1,29,246824,25,2648.610993,7945.833216,0
57,29,1,246824,25,7945.833216,2648.610993,0
57,2,3,246824,12,3972.916549,5297.222105,0
57,3,2,246824,12,5297.222105,3972.916549,0
57,2,5,246824,12,3972.916549,3972.916549,0
57,5,2,246824,12,3972.916549,3972.916549,0
57,2,17,246824,26,3972.916549,3972.916549,0
57,17,2,246824,26,3972.916549,3972.916549,0
57,2,27,246824,36,3972.916549,5297.222105,0
57,27,2,246824,36,5297.222105,3972.916549,0
57,3,8,246824,11,5297.222105,5297.222105,0
57,8,3,246824,11,5297.222105,5297.222105,0
57,4,5,246824,10,3972.916549,3972.916549,0
57,5,4,246824,10,3972.916549,3972.916549,0
57,4,6,246824,9,3972.916549,5297.222105,0
57,6,4,246824,9,5297.222105,3972.916549,0
57,4,7,246824,9,3972.916549,1986.458216,0
57,7,4,246824,9,1986.458216,3972.916549,0
57,4,13,246824,10,3972.916549,7945.833216,0
57,13,4,246824,10,7945.833216,3972.916549,0
57,5,7,246824,11,3972.916549,1986.458216,0
57,7,5,246824,11,1986.458216,3972.916549,0
57,5,20,246824,29,3972.916549,7945.833216,0
57,20,5,246824,29,7945.833216,3972.916549,0
57,6,14,246824,9,5297.222105,2648.610993,0
57,14,6,246824,9,2648.610993,5297.222105,0
57,6,28,246824,30,5297.222105,7945.833216,0
57,28,6,246824,30,7945.833216,5297.222105,0
57,7,9,246824,8,1986.458216,3178.333216,0
57,9,7,246824,8,3178.333216,1986.458216,0
57,7,13,246824,11,1986.458216,7945.833216,0
57,13,7,246824,11,7945.833216,1986.458216,0
57,7,14,246824,10,1986.458216,2648.610993,0
57,14,7,246824,10,2648.610993,1986.458216,0
57,7,21,246824,30,1986.458216,7945.833216,0
57,21,7,246824,30,7945.833216,1986.458216,0
57,7,28,246824,31,1986.458216,7945.833216,0
57,28,7,246824,31,7945.833216,1986.458216,0
57,8,9,246824,9,5297.222105,3178.333216,0
57,9,8,246824,9,3178.333216,5297.222105,0
57,8,11,246824,10,5297.222105,3178.333216,0
57,11,8,246824,10,3178.333216,5297.222105,0
57,9,10,246824,10,3178.333216,5297.222105,0
57,10,9,246824,10,5297.222105,3178.333216,0
57,9,12,246824,10,3178.333216,3972.916549,0
57,12,9,246824,10,3972.916549,3178.333216,0
57,9,14,246824,8,3178.333216,2648.610993,0
57,14,9,246824,8,2648.610993,3178.333216,0
57,10,11,246824,11,5297.222105,3178.333216,0
57,11,10,246824,11,3178.333216,5297.222105,0
57,10,12,246824,12,5297.222105,3972.916549,0
57,12,10,246824,12,3972.916549,5297.222105,0
57,11,14,246824,9,3178.333216,2648.610993,0
57,14,11,246824,9,2648.610993,3178.333216,0
57,11,21,246824,29,3178.333216,7945.833216,0
57,21,11,246824,29,7945.833216,3178.333216,0
57,11,24,246824,21,3178.333216,3178.333216,0
57,24,11,246824,21,3178.333216,3178.333216,0
57,12,24,246824,22,3972.916549,3178.333216,0
57,24,12,246824,22,3178.333216,3972.916549,0
57,12,27,246824,35,3972.916549,5297.222105,0
57,27,12,246824,35,5297.222105,3972.916549,0
57,14,15,246824,21,2648.610993,5297.222105,0
57,15,14,246824,21,5297.222105,2648.610993,0
57,14,17,246824,23,2648.610993,3972.916549,0
57,17,14,246824,23,3972.916549,2648.610993,0
57,15,16,246824,24,5297.222105,3972.916549,0
57,16,15,246824,24,3972.916549,5297.222105,0
57,16,17,246824,26,3972.916549,3972.916549,0
57,17,16,246824,26,3972.916549,3972.916549,0
57,16,18,246824,30,3972.916549,7945.833216,0
57,18,16,246824,30,7945.833216,3972.916549,0
57,16,19,246824,26,3972.916549,7945.833216,0
57,19,16,246824,26,7945.833216,3972.916549,0
57,17,18,246824,31,3972.916549,7945.833216,0
57,18,17,246824,31,7945.833216,3972.916549,0
57,22,24,246824,40,5297.222105,3178.333216,0
57,24,22,246824,40,3178.333216,5297.222105,0
57,22,25,246824,38,5297.222105,5297.222105,0
57,25,22,246824,38,5297.222105,5297.222105,0
57,22,26,246824,43,5297.222105,5297.222105,0
57,26,22,246824,43,5297.222105,5297.222105,0
57,23,24,246824,40,7945.833216,3178.333216,0
57,24,23,246824,40,3178.333216,7945.833216,0
57,23,26,246824,41,7945.833216,5297.222105,0
57,26,23,246824,41,5297.222105,7945.833216,0
57,24,25,246824,28,3178.333216,5297.222105,0
57,25,24,246824,28,5297.222105,3178.333216,0
57,25,27,246824,36,5297.222105,5297.222105,0
57,27,25,246824,36,5297.222105,5297.222105,0
58,0,1,246824,9,3968.749882,2267.857025,0
58,1,0,246824,9,2267.857025,3968.749882,0
58,0,3,246824,11,3968.749882,5291.666549,0
58,3,0,246824,11,5291.666549,3968.749882,0
58,0,19,246824,24,3968.749882,7937.499882,0
58,19,0,246824,24,7937.499882,3968.749882,0
58,0,29,246824,27,3968.749882,7937.499882,0
58,29,0,246824,27,7937.499882,3968.749882,0
58,1,4,246824,8,2267.857025,3174.999882,0
58,4,1,246824,8,3174.999882,2267.857025,0
58,1,7,246824,9,2267.857025,2645.833216,0
58,7,1,246824,9,2645.833216,2267.857025,0
58,1,15,246824,21,2267.857025,5291.666549,0
58,15,1,246824,21,5291.666549,2267.857025,0
58,1,20,246824,27,2267.857025,7937.499882,0
58,20,1,246824,27,7937.499882,2267.857025,0
58,1,26,246824,31,2267.857025,5291.666549,0
58,26,1,246824,31,5291.666549,2267.857025,0
58,1,29,246824,25,2267.857025,7937.499882,0
58,29,1,246824,25,7937.499882,2267.857025,0
58,2,3,246824,12,3968.749882,5291.666549,0
58,3,2,246824,12,5291.666549,3968.749882,0
58,2,5,246824,12,3968.749882,3968.749882,0
58,5,2,246824,12,3968.749882,3968.749882,0
58,2,17,246824,26,3968.749882,3968.749882,0
58,17,2,246824,26,3968.749882,3968.749882,0
58,2,27,246824,36,3968.749882,7937.499882,0
58,27,2,246824,36,7937.499882,3968.749882,0
58,3,8,246824,11,5291.666549,3968.749882,0
58,8,3,246824,11,3968.749882,5291.666549,0
58,4,5,246824,10,3174.999882,3968.749882,0
58,5,4,246824,10,3968.749882,3174.999882,0
58,4,6,246824,9,3174.999882,5291.666549,0
58,6,4,246824,9,5291.666549,3174.999882,0
58,4,7,246824,9,3174.999882,2645.833216,0
58,7,4,246824,9,2645.833216,3174.999882,0
58,4,13,246824,10,3174.999882,7937.499882,0
58,13,4,246824,10,7937.499882,3174.999882,0
58,5,8,246824,11,3968.749882,3968.749882,0
58,8,5,246824,11,3968.749882,3968.749882,0
58,5,20,246824,29,3968.749882,7937.499882,0
58,20,5,246824,29,7937.499882,3968.749882,0
58,6,14,246824,9,5291.666549,3174.999882,0
58,14,6,246824,9,3174.999882,5291.666549,0
58,6,28,246824,30,5291.666549,5291.666549,0
58,28,6,246824,30,5291.666549,5291.666549,0
58,7,9,246824,8,2645.833216,3174.999882,0
58,9,7,246824,8,3174.999882,2645.833216,0
58,7,13,246824,11,2645.833216,7937.499882,0
58,13,7,246824,11,7937.499882,2645.833216,0
58,7,21,246824,30,2645.833216,7937.499882,0
58,21,7,246824,30,7937.499882,2645.833216,0
58,7,28,246824,31,2645.833216,5291.666549,0
58,28,7,246824,31,5291.666549,2645.833216,0
58,8,9,246824,9,3968.749882,3174.999882,0
58,9,8,246824,9,3174.999882,3968.749882,0
58,8,11,246824,10,3968.749882,3174.999882,0
58,11,8,246824,10,3174.999882,3968.749882,0
58,9,10,246824,10,3174.999882,5291.666549,0
58,10,9,246824,10,5291.666549,3174.999882,0
58,9,12,246824,10,3174.999882,3968.749882,0
58,12,9,246824,10,3968.749882,3174.999882,0
58,9,14,246824,8,3174.999882,3174.999882,0
58,14,9,246824,8,3174.999882,3174.999882,0
58,10,11,246824,11,5291.666549,3174.999882,0
58,11,10,246824,11,3174.999882,5291.666549,0
58,10,12,246824,12,5291.666549,3968.749882,0
58,12,10,246824,12,3968.749882,5291.666549,0
58,11,14,246824,9,3174.999882,3174.999882,0
58,14,11,246824,9,3174.999882,3174.999882,0
58,11,21,246824,29,3174.999882,7937.499882,0
58,21,11,246824,29,7937.499882,3174.999882,0
58,11,24,246824,21,3174.999882,3174.999882,0
58,24,11,246824,21,3174.999882,3174.999882,0
58,12,24,246824,22,3968.749882,3174.999882,0
58,24,12,246824,22,3174.999882,3968.749882,0
58,12,27,246824,35,3968.749882,7937.499882,0
58,27,12,246824,35,7937.499882,3968.749882,0
58,14,15,246824,21,3174.999882,5291.666549,0
58,15,14,246824,21,5291.666549,3174.999882,0
58,14,17,246824,23,3174.999882,3968.749882,0
58,17,14,246824,23,3968.749882,3174.999882,0
58,15,16,246824,24,5291.666549,3968.749882,0
58,16,15,246824,24,3968.749882,5291.666549,0
58,16,17,246824,26,3968.749882,3968.749882,0
58,17,16,246824,26,3968.749882,3968.749882,0
58,16,18,246824,30,3968.749882,7937.499882,0
58,18,16,246824,30,7937.499882,3968.749882,0
58,16,19,246824,26,3968.749882,7937.499882,0
58,19,16,246824,26,7937.499882,3968.749882,0
58,17,18,246824,31,3968.749882,7937.499882,0
58,18,17,246824,31,7937.499882,3968.749882,0
58,22,24,246824,40,7937.499882,3174.999882,0
58,24,22,246824,40,3174.999882,7937.499882,0
58,22,25,246824,38,7937.499882,3968.749882,0
58,25,22,246824,38,3968.749882,7937.499882,0
58,23,24,246824,40,7937.499882,3174.999882,0
58,24,23,246824,40,3174.999882,7937.499882,0
58,23,26,246824,41,7937.499882,5291.666549,0
58,26,23,246824,41,5291.666549,7937.499882,0
58,24,25,246824,28,3174.999882,3968.749882,0
58,25,24,246824,28,3968.749882,3174.999882,0
58,25,26,246824,34,3968.749882,5291.666549,0
58,26,25,246824,34,5291.666549,3968.749882,0
58,25,28,246824,32,3968.749882,5291.666549,0
58,28,25,246824,32,5291.666549,3968.749882,0
59,0,1,246824,9,3968.749882,2645.833216,0
59,1,0,246824,9,2645.833216,3968.749882,0
59,0,3,246824,11,3968.749882,5291.666549,0
59,3,0,246824,11,5291.666549,3968.749882,0
59,0,19,246824,24,3968.749882,7937.499882,0
59,19,0,246824,24,7937.499882,3968.749882,0
59,0,29,246824,27,3968.749882,7937.499882,0
59,29,0,246824,27,7937.499882,3968.749882,0
59,1,7,246824,9,2645.833216,2267.857025,0
59,7,1,246824,9,2267.857025,2645.833216,0
59,1,15,246824,21,2645.833216,5291.666549,0
59,15,1,246824,21,5291.666549,2645.833216,0
59,1,20,246824,27,2645.833216,7937.499882,0
59,20,1,246824,27,7937.499882,2645.833216,0
59,1,26,246824,31,2645.833216,5291.666549,0
59,26,1,246824,31,5291.666549,2645.833216,0
59,1,29,246824,25,2645.833216,7937.499882,0
59,29,1,246824,25,7937.499882,2645.833216,0
59,2,3,246824,12,3968.749882,5291.666549,0
59,3,2,246824,12,5291.666549,3968.749882,0
59,2,5,246824,12,3968.749882,5291.666549,0
59,5,2,246824,12,5291.666549,3968.749882,0
59,2,17,246824,26,3968.749882,3968.749882,0
59,17,2,246824,26,3968.749882,3968.749882,0
59,2,27,246824,36,3968.749882,5291.666549,0
59,27,2,246824,36,5291.666549,3968.749882,0
59,3,6,246824,10,5291.666549,3174.999882,0
59,6,3,246824,10,3174.999882,5291.666549,0
59,4,6,246824,9,5291.666549,3174.999882,0
59,6,4,246824,9,3174.999882,5291.666549,0
59,4,7,246824,9,5291.666549,2267.857025,0
59,7,4,246824,9,2267.857025,5291.666549,0
59,4,13,246824,10,5291.666549,5291.666549,0
59,13,4,246824,10,5291.666549,5291.666549,0
59,5,8,246824,11,5291.666549,5291.666549,0
59,8,5,246824,11,5291.666549,5291.666549,0
59,5,20,246824,29,5291.666549,7937.499882,0
59,20,5,246824,29,7937.499882,5291.666549,0
59,6,7,246824,10,3174.999882,2267.857025,0
59,7,6,246824,10,2267.857025,3174.999882,0
59,6,14,246824,9,3174.999882,2645.833216,0
59,14,6,246824,9,2645.833216,3174.999882,0
59,6,28,246824,30,3174.999882,7937.499882,0
59,28,6,246824,30,7937.499882,3174.999882,0
59,7,9,246824,8,2267.857025,3174.999882,0
59,9,7,246824,8,3174.999882,2267.857025,0
59,7,13,246824,11,2267.857025,5291.666549,0
59,13,7,246824,11,5291.666549,2267.857025,0
59,7,21,246824,30,2267.857025,7937.499882,0
59,21,7,246824,30,7937.499882,2267.857025,0
59,7,28,246824,31,2267.857025,7937.499882,0
59,28,7,246824,31,7937.499882,2267.857025,0
59,8,9,246824,9,5291.666549,3174.999882,0
59,9,8,246824,9,3174.999882,5291.666549,0
59,8,11,246824,10,5291.666549,3174.999882,0
59,11,8,246824,10,3174.999882,5291.666549,0
59,9,10,246824,10,3174.999882,5291.666549,0
59,10,9,246824,10,5291.666549,3174.999882,0
59,9,12,246824,10,3174.999882,3968.749882,0
59,12,9,246824,10,3968.749882,3174.999882,0
59,9,14,246824,8,3174.999882,2645.833216,0
59,14,9,246824,8,2645.833216,3174.999882,0
59,10,11,246824,11,5291.666549,3174.999882,0
59,11,10,246824,11,3174.999882,5291.666549,0
59,10,12,246824,12,5291.666549,3968.749882,0
59,12,10,246824,12,3968.749882,5291.666549,0
59,11,14,246824,9,3174.999882,2645.833216,0
59,14,11,246824,9,2645.833216,3174.999882,0
59,11,21,246824,29,3174.999882,7937.499882,0
59,21,11,246824,29,7937.499882,3174.999882,0
59,11,24,246824,21,3174.999882,3174.999882,0
59,24,11,246824,21,3174.999882,3174.999882,0
59,12,24,246824,22,3968.749882,3174.999882,0
59,24,12,246824,22,3174.999882,3968.749882,0
59,12,27,246824,35,3968.749882,5291.666549,0
59,27,12,246824,35,5291.666549,3968.749882,0
59,13,14,246824,11,5291.666549,2645.833216,0
59,14,13,246824,11,2645.833216,5291.666549,0
59,14,15,246824,21,2645.833216,5291.666549,0
59,15,14,246824,21,5291.666549,2645.833216,0
59,14,17,246824,23,2645.833216,3968.749882,0
59,17,14,246824,23,3968.749882,2645.833216,0
59,15,16,246824,24,5291.666549,3968.749882,0
59,16,15,246824,24,3968.749882,5291.666549,0
59,16,17,246824,26,3968.749882,3968.749882,0
59,17,16,246824,26,3968.749882,3968.749882,0
59,16,18,246824,30,3968.749882,7937.499882,0
59,18,16,246824,30,7937.499882,3968.749882,0
59,16,19,246824,26,3968.749882,7937.499882,0
59,19,16,246824,26,7937.499882,3968.749882,0
59,17,18,246824,31,3968.749882,7937.499882,0
59,18,17,246824,31,7937.499882,3968.749882,0
59,22,24,246824,40,7937.499882,3174.999882,0
59,24,22,246824,40,3174.999882,7937.499882,0
59,22,25,246824,38,7937.499882,3968.749882,0
59,25,22,246824,38,3968.749882,7937.499882,0
59,23,24,246824,40,7937.499882,3174.999882,0
59,24,23,246824,40,3174.999882,7937.499882,0
59,23,26,246824,41,7937.499882,5291.666549,0
59,26,23,246824,41,5291.666549,7937.499882,0
59,24,25,246824,28,3174.999882,3968.749882,0
59,25,24,246824,28,3968.749882,3174.999882,0
59,25,26,246824,34,3968.749882,5291.666549,0
59,26,25,246824,34,5291.666549,3968.749882,0
59,25,27,246824,36,3968.749882,5291.666549,0
59,27,25,246824,36,5291.666549,3968.749882,0
60,0,1,246824,9,3968.749882,2645.833216,0
60,1,0,246824,9,2645.833216,3968.749882,0
60,0,3,246824,11,3968.749882,5291.666549,0
60,3,0,246824,11,5291.666549,3968.749882,0
60,0,19,246824,24,3968.749882,7937.499882,0
60,19,0,246824,24,7937.499882,3968.749882,0
60,0,29,246824,27,3968.749882,7937.499882,0
60,29,0,246824,27,7937.499882,3968.749882,0
60,1,4,246824,8,2645.833216,3174.999882,0
60,4,1,246824,8,3174.999882,2645.833216,0
60,1,7,246824,9,2645.833216,2645.833216,0
60,7,1,246824,9,2645.833216,2645.833216,0
60,1,20,246824,27,2645.833216,7937.499882,0
60,20,1,246824,27,7937.499882,2645.833216,0
60,1,26,246824,31,2645.833216,5291.666549,0
60,26,1,246824,31,5291.666549,2645.833216,0
60,1,29,246824,25,2645.833216,7937.499882,0
60,29,1,246824,25,7937.499882,2645.833216,0
60,2,3,246824,12,3174.999882,5291.666549,0
60,3,2,246824,12,5291.666549,3174.999882,0
60,2,5,246824,12,3174.999882,3174.999882,0
60,5,2,246824,12,3174.999882,3174.999882,0
60,2,12,246824,13,3174.999882,3968.749882,0
60,12,2,246824,13,3968.749882,3174.999882,0
60,2,17,246824,26,3174.999882,3968.749882,0
60,17,2,246824,26,3968.749882,3174.999882,0
60,2,27,246824,36,3174.999882,7937.499882,0
60,27,2,246824,36,7937.499882,3174.999882,0
60,3,6,246824,10,5291.666549,3174.999882,0
60,6,3,246824,10,3174.999882,5291.666549,0
60,4,5,246824,10,3174.999882,3174.999882,0
60,5,4,246824,10,3174.999882,3174.999882,0
60,4,6,246824,9,3174.999882,3174.999882,0
60,6,4,246824,9,3174.999882,3174.999882,0
60,4,7,246824,9,3174.999882,2645.833216,0
60,7,4,246824,9,2645.833216,3174.999882,0
60,4,13,246824,10,3174.999882,7937.499882,0
60,13,4,246824,10,7937.499882,3174.999882,0
60,5,8,246824,11,3174.999882,3174.999882,0
60,8,5,246824,11,3174.999882,3174.999882,0
60,5,15,246824,23,3174.999882,5291.666549,0
60,15,5,246824,23,5291.666549,3174.999882,0
60,5,20,246824,29,3174.999882,7937.499882,0
60,20,5,246824,29,7937.499882,3174.999882,0
60,6,8,246824,10,3174.999882,3174.999882,0
60,8,6,246824,10,3174.999882,3174.999882,0
60,6,14,246824,9,3174.999882,2267.857025,0
60,14,6,246824,9,2267.857025,3174.999882,0
60,6,28,246824,30,3174.999882,5291.666549,0
60,28,6,246824,30,5291.666549,3174.999882,0
60,7,9,246824,8,2645.833216,3174.999882,0
60,9,7,246824,8,3174.999882,2645.833216,0
60,7,14,246824,10,2645.833216,2267.857025,0
60,14,7,246824,10,2267.857025,2645.833216,0
60,7,21,246824,30,2645.833216,7937.499882,0
60,21,7,246824,30,7937.499882,2645.833216,0
60,7,28,246824,31,2645.833216,5291.666549,0
60,28,7,246824,31,5291.666549,2645.833216,0
60,8,9,246824,9,3174.999882,3174.999882,0
60,9,8,246824,9,3174.999882,3174.999882,0
60,8,10,246824,12,3174.999882,7937.499882,0
60,10,8,246824,12,7937.499882,3174.999882,0
60,8,11,246824,10,3174.999882,3968.749882,0
60,11,8,246824,10,3968.749882,3174.999882,0
60,9,10,246824,10,3174.999882,7937.499882,0
60,10,9,246824,10,7937.499882,3174.999882,0
60,9,12,246824,10,3174.999882,3968.749882,0
60,12,9,246824,10,3968.749882,3174.999882,0
60,9,14,246824,8,3174.999882,2267.857025,0
60,14,9,246824,8,2267.857025,3174.999882,0
60,11,14,246824,9,3968.749882,2267.857025,0
60,14,11,246824,9,2267.857025,3968.749882,0
60,11,21,246824,29,3968.749882,7937.499882,0
60,21,11,246824,29,7937.499882,3968.749882,0
60,11,24,246824,21,3968.749882,2645.833216,0
60,24,11,246824,21,2645.833216,3968.749882,0
60,12,24,246824,22,3968.749882,2645.833216,0
60,24,12,246824,22,2645.833216,3968.749882,0
60,12,27,246824,35,3968.749882,7937.499882,0
60,27,12,246824,35,7937.499882,3968.749882,0
60,13,14,246824,11,7937.499882,2267.857025,0
60,14,13,246824,11,2267.857025,7937.499882,0
60,14,15,246824,21,2267.857025,5291.666549,0
60,15,14,246824,21,5291.666549,2267.857025,0
60,14,17,246824,23,2267.857025,3968.749882,0
60,17,14,246824,23,3968.749882,2267.857025,0
60,15,16,246824,24,5291.666549,3968.749882,0
60,16,15,246824,24,3968.749882,5291.666549,0
60,16,17,246824,26,3968.749882,3968.749882,0
60,17,16,246824,26,3968.749882,3968.749882,0
60,16,18,246824,30,3968.749882,7937.499882,0
60,18,16,246824,30,7937.499882,3968.749882,0
60,16,19,246824,26,3968.749882,7937.499882,0
60,19,16,246824,26,7937.499882,3968.749882,0
60,17,18,246824,31,3968.749882,7937.499882,0
60,18,17,246824,31,7937.499882,3968.749882,0
60,22,24,246824,40,7937.499882,2645.833216,0
60,24,22,246824,40,2645.833216,7937.499882,0
60,22,25,246824,38,7937.499882,5291.666549,0
60,25,22,246824,38,5291.666549,7937.499882,0
60,23,24,246824,40,7937.499882,2645.833216,0
60,24,23,246824,40,2645.833216,7937.499882,0
60,23,26,246824,41,7937.499882,5291.666549,0
60,26,23,246824,41,5291.666549,7937.499882,0
60,24,25,246824,28,2645.833216,5291.666549,0
60,25,24,246824,28,5291.666549,2645.833216,0
60,24,26,246824,36,2645.833216,5291.666549,0
60,26,24,246824,36,5291.666549,2645.833216,0
60,25,28,246824,32,5291.666549,5291.666549,0
60,28,25,246824,32,5291.666549,5291.666549,0
61,0,1,246824,9,3968.749882,2645.833216,0
61,1,0,246824,9,2645.833216,3968.749882,0
61,0,3,246824,11,3968.749882,5291.666549,0
61,3,0,246824,11,5291.666549,3968.749882,0
61,0,19,246824,24,3968.749882,7937.499882,0
61,19,0,246824,24,7937.499882,3968.749882,0
61,0,29,246824,27,3968.749882,7937.499882,0
61,29,0,246824,27,7937.499882,3968.749882,0
61,1,4,246824,8,2645.833216,3174.999882,0
61,4,1,246824,8,3174.999882,2645.833216,0
61,1,7,246824,9,2645.833216,2645.833216,0
61,7,1,246824,9,2645.833216,2645.833216,0
61,1,20,246824,27,2645.833216,7937.499882,0
61,20,1,246824,27,7937.499882,2645.833216,0
61,1,26,246824,31,2645.833216,5291.666549,0
61,26,1,246824,31,5291.666549,2645.833216,0
61,1,29,246824,25,2645.833216,7937.499882,0
61,29,1,246824,25,7937.499882,2645.833216,0
61,2,3,246824,12,3968.749882,5291.666549,0
61,3,2,246824,12,5291.666549,3968.749882,0
61,2,5,246824,12,3968.749882,3174.999882,0
61,5,2,246824,12,3174.999882,3968.749882,0
61,2,17,246824,26,3968.749882,3968.749882,0
61,17,2,246824,26,3968.749882,3968.749882,0
61,2,27,246824,36,3968.749882,7937.499882,0
61,27,2,246824,36,7937.499882,3968.749882,0
61,3,8,246824,11,5291.666549,2645.833216,0
61,8,3,246824,11,2645.833216,5291.666549,0
61,4,5,246824,10,3174.999882,3174.999882,0
61,5,4,246824,10,3174.999882,3174.999882,0
61,4,6,246824,9,3174.999882,3968.749882,0
61,6,4,246824,9,3968.749882,3174.999882,0
61,4,7,246824,9,3174.999882,2645.833216,0
61,7,4,246824,9,2645.833216,3174.999882,0
61,4,13,246824,10,3174.999882,7937.499882,0
61,13,4,246824,10,7937.499882,3174.999882,0
61,5,8,246824,11,3174.999882,2645.833216,0
61,8,5,246824,11,2645.833216,3174.999882,0
61,5,15,246824,23,3174.999882,5291.666549,0
61,15,5,246824,23,5291.666549,3174.999882,0
61,5,20,246824,29,3174.999882,7937.499882,0
61,20,5,246824,29,7937.499882,3174.999882,0
61,6,8,246824,10,3968.749882,2645.833216,0
61,8,6,246824,10,2645.833216,3968.749882,0
61,6,14,246824,9,3968.749882,2267.857025,0
61,14,6,246824,9,2267.857025,3968.749882,0
61,6,28,246824,30,3968.749882,5291.666549,0
61,28,6,246824,30,5291.666549,3968.749882,0
61,7,9,246824,8,2645.833216,3174.999882,0
61,9,7,246824,8,3174.999882,2645.833216,0
61,7,14,246824,10,2645.833216,2267.857025,0
61,14,7,246824,10,2267.857025,2645.833216,0
61,7,21,246824,30,2645.833216,7937.499882,0
61,21,7,246824,30,7937.499882,2645.833216,0
61,7,28,246824,31,2645.833216,5291.666549,0
61,28,7,246824,31,5291.666549,2645.833216,0
61,8,9,246824,9,2645.833216,3174.999882,0
61,9,8,246824,9,3174.999882,2645.833216,0
61,8,10,246824,12,2645.833216,5291.666549,0
61,10,8,246824,12,5291.666549,2645.833216,0
61,8,11,246824,10,2645.833216,3968.749882,0
61,11,8,246824,10,3968.749882,2645.833216,0
61,9,10,246824,10,3174.999882,5291.666549,0
61,10,9,246824,10,5291.666549,3174.999882,0
61,9,12,246824,10,3174.999882,3968.749882,0
61,12,9,246824,10,3968.749882,3174.999882,0
61,9,14,246824,8,3174.999882,2267.857025,0
61,14,9,246824,8,2267.857025,3174.999882,0
61,10,12,246824,12,5291.666549,3968.749882,0
61,12,10,246824,12,3968.749882,5291.666549,0
61,11,14,246824,9,3968.749882,2267.857025,0
61,14,11,246824,9,2267.857025,3968.749882,0
61,11,21,246824,29,3968.749882,7937.499882,0
61,21,11,246824,29,7937.499882,3968.749882,0
61,11,24,246824,21,3968.749882,3174.999882,0
61,24,11,246824,21,3174.999882,3968.749882,0
61,12,24,246824,22,3968.749882,3174.999882,0
61,24,12,246824,22,3174.999882,3968.749882,0
61,12,27,246824,35,3968.749882,7937.499882,0
61,27,12,246824,35,7937.499882,3968.749882,0
61,13,14,246824,11,7937.499882,2267.857025,0
61,14,13,246824,11,2267.857025,7937.499882,0
61,14,15,246824,21,2267.857025,5291.666549,0
61,15,14,246824,21,5291.666549,2267.857025,0
61,14,17,246824,23,2267.857025,3968.749882,0
61,17,14,246824,23,3968.749882,2267.857025,0
61,15,16,246824,24,5291.666549,3968.749882,0
61,16,15,246824,24,3968.749882,5291.666549,0
61,16,17,246824,26,3968.749882,3968.749882,0
61,17,16,246824,26,3968.749882,3968.749882,0
61,16,18,246824,30,3968.749882,7937.499882,0
61,18,16,246824,30,7937.499882,3968.749882,0
61,16,19,246824,26,3968.749882,7937.499882,0
61,19,16,246824,26,7937.499882,3968.749882,0
61,17,18,246824,31,3968.749882,7937.499882,0
61,18,17,246824,31,7937.499882,3968.749882,0
61,22,24,246824,40,7937.499882,3174.999882,0
61,24,22,246824,40,3174.999882,7937.499882,0
61,22,25,246824,38,7937.499882,3968.749882,0
61,25,22,246824,38,3968.749882,7937.499882,0
61,23,24,246824,40,7937.499882,3174.999882,0
61,24,23,246824,40,3174.999882,7937.499882,0
61,23,26,246824,41,7937.499882,5291.666549,0
61,26,23,246824,41,5291.666549,7937.499882,0
61,24,25,246824,28,3174.999882,3968.749882,0
61,25,24,246824,28,3968.749882,3174.999882,0
61,25,26,246824,34,3968.749882,5291.666549,0
61,26,25,246824,34,5291.666549,3968.749882,0
61,25,28,246824,32,3968.749882,5291.666549,0
61,28,25,246824,32,5291.666549,3968.749882,0
62,0,1,246824,9,3968.749892,2645.833225,0
62,1,0,246824,9,2645.833225,3968.749892,0
62,0,3,246824,11,3968.749892,5291.666559,0
62,3,0,246824,11,5291.666559,3968.749892,0
62,0,19,246824,24,3968.749892,7937.499892,0
62,19,0,246824,24,7937.499892,3968.749892,0
62,0,29,246824,27,3968.749892,7937.499892,0
62,29,0,246824,27,7937.499892,3968.749892,0
62,1,4,246824,8,2645.833225,3174.999892,0
62,4,1,246824,8,3174.999892,2645.833225,0
62,1,7,246824,9,2645.833225,2645.833225,0
62,7,1,246824,9,2645.833225,2645.833225,0
62,1,20,246824,27,2645.833225,7937.499892,0
62,20,1,246824,27,7937.499892,2645.833225,0
62,1,26,246824,31,2645.833225,5291.666559,0
62,26,1,246824,31,5291.666559,2645.833225,0
62,1,29,246824,25,2645.833225,7937.499892,0
62,29,1,246824,25,7937.499892,2645.833225,0
62,2,3,246824,12,3968.749892,5291.666559,0
62,3,2,246824,12,5291.666559,3968.749892,0
62,2,5,246824,12,3968.749892,3174.999892,0
62,5,2,246824,12,3174.999892,3968.749892,0
62,2,17,246824,26,3968.749892,3968.749892,0
62,17,2,246824,26,3968.749892,3968.749892,0
62,2,27,246824,36,3968.749892,7937.499892,0
62,27,2,246824,36,7937.499892,3968.749892,0
62,3,6,246824,10,5291.666559,2645.833225,0
62,6,3,246824,10,2645.833225,5291.666559,0
62,4,5,246824,10,3174.999892,3174.999892,0
62,5,4,246824,10,3174.999892,3174.999892,0
62,4,6,246824,9,3174.999892,2645.833225,0
62,6,4,246824,9,2645.833225,3174.999892,0
62,4,7,246824,9,3174.999892,2645.833225,0
62,7,4,246824,9,2645.833225,3174.999892,0
62,4,13,246824,10,3174.999892,7937.499892,0
62,13,4,246824,10,7937.499892,3174.999892,0
62,5,8,246824,11,3174.999892,5291.666559,0
62,8,5,246824,11,5291.666559,3174.999892,0
62,5,15,246824,23,3174.999892,5291.666559,0
62,15,5,246824,23,5291.666559,3174.999892,0
62,5,20,246824,29,3174.999892,7937.499892,0
62,20,5,246824,29,7937.499892,3174.999892,0
62,6,7,246824,10,2645.833225,2645.833225,0
62,7,6,246824,10,2645.833225,2645.833225,0
62,6,8,246824,10,2645.833225,5291.666559,0
62,8,6,246824,10,5291.666559,2645.833225,0
62,6,14,246824,9,2645.833225,2645.833225,0
62,14,6,246824,9,2645.833225,2645.833225,0
62,6,28,246824,30,2645.833225,5291.666559,0
62,28,6,246824,30,5291.666559,2645.833225,0
62,7,9,246824,8,2645.833225,3968.749892,0
62,9,7,246824,8,3968.749892,2645.833225,0
62,7,21,246824,30,2645.833225,7937.499892,0
62,21,7,246824,30,7937.499892,2645.833225,0
62,7,28,246824,31,2645.833225,5291.666559,0
62,28,7,246824,31,5291.666559,2645.833225,0
62,8,11,246824,10,5291.666559,3174.999892,0
62,11,8,246824,10,3174.999892,5291.666559,0
62,9,10,246824,10,3968.749892,5291.666559,0
62,10,9,246824,10,5291.666559,3968.749892,0
62,9,12,246824,10,3968.749892,3968.749892,0
62,12,9,246824,10,3968.749892,3968.749892,0
62,9,14,246824,8,3968.749892,2645.833225,0
62,14,9,246824,8,2645.833225,3968.749892,0
62,10,11,246824,11,5291.666559,3174.999892,0
62,11,10,246824,11,3174.999892,5291.666559,0
62,10,12,246824,12,5291.666559,3968.749892,0
62,12,10,246824,12,3968.749892,5291.666559,0
62,11,14,246824,9,3174.999892,2645.833225,0
62,14,11,246824,9,2645.833225,3174.999892,0
62,11,21,246824,29,3174.999892,7937.499892,0
62,21,11,246824,29,7937.499892,3174.999892,0
62,11,24,246824,21,3174.999892,3174.999892,0
62,24,11,246824,21,3174.999892,3174.999892,0
62,12,24,246824,22,3968.749892,3174.999892,0
62,24,12,246824,22,3174.999892,3968.749892,0
62,12,27,246824,35,3968.749892,7937.499892,0
62,27,12,246824,35,7937.499892,3968.749892,0
62,13,14,246824,11,7937.499892,2645.833225,0
62,14,13,246824,11,2645.833225,7937.499892,0
62,14,15,246824,21,2645.833225,5291.666559,0
62,15,14,246824,21,5291.666559,2645.833225,0
62,14,17,246824,23,2645.833225,3968.749892,0
62,17,14,246824,23,3968.749892,2645.833225,0
62,15,16,246824,24,5291.666559,3968.749892,0
62,16,15,246824,24,3968.749892,5291.666559,0
62,16,17,246824,26,3968.749892,3968.749892,0
62,17,16,246824,26,3968.749892,3968.749892,0
62,16,18,246824,30,3968.749892,7937.499892,0
62,18,16,246824,30,7937.499892,3968.749892,0
62,16,19,246824,26,3968.749892,7937.499892,0
62,19,16,246824,26,7937.499892,3968.749892,0
62,17,18,246824,31,3968.749892,7937.499892,0
62,18,17,246824,31,7937.499892,3968.749892,0
62,22,24,246824,40,7937.499892,3174.999892,0
62,24,22,246824,40,3174.999892,7937.499892,0
62,22,25,246824,38,7937.499892,3968.749892,0
62,25,22,246824,38,3968.749892,7937.499892,0
62,23,24,246824,40,7937.499892,3174.999892,0
62,24,23,246824,40,3174.999892,7937.499892,0
62,23,26,246824,41,7937.499892,5291.666559,0
62,26,23,246824,41,5291.666559,7937.499892,0
62,24,25,246824,28,3174.999892,3968.749892,0
62,25,24,246824,28,3968.749892,3174.999892,0
62,25,26,246824,34,3968.749892,5291.666559,0
62,26,25,246824,34,5291.666559,3968.749892,0
62,25,28,246824,32,3968.749892,5291.666559,0
62,28,25,246824,32,5291.666559,3968.749892,0
63,0,1,246824,9,3968.749882,2645.833216,0
63,1,0,246824,9,2645.833216,3968.749882,0
63,0,3,246824,11,3968.749882,5291.666549,0
63,3,0,246824,11,5291.666549,3968.749882,0
63,0,19,246824,24,3968.749882,7937.499882,0
63,19,0,246824,24,7937.499882,3968.749882,0
63,0,29,246824,27,3968.749882,7937.499882,0
63,29,0,246824,27,7937.499882,3968.749882,0
63,1,4,246824,8,2645.833216,3174.999882,0
63,4,1,246824,8,3174.999882,2645.833216,0
63,1,7,246824,9,2645.833216,2645.833216,0
63,7,1,246824,9,2645.833216,2645.833216,0
63,1,20,246824,27,2645.833216,7937.499882,0
63,20,1,246824,27,7937.499882,2645.833216,0
63,1,26,246824,31,2645.833216,5291.666549,0
63,26,1,246824,31,5291.666549,2645.833216,0
63,1,29,246824,25,2645.833216,7937.499882,0
63,29,1,246824,25,7937.499882,2645.833216,0
63,2,3,246824,12,3174.999882,5291.666549,0
63,3,2,246824,12,5291.666549,3174.999882,0
63,2,5,246824,12,3174.999882,3174.999882,0
63,5,2,246824,12,3174.999882,3174.999882,0
63,2,12,246824,13,3174.999882,3968.749882,0
63,12,2,246824,13,3968.749882,3174.999882,0
63,2,17,246824,26,3174.999882,3968.749882,0
63,17,2,246824,26,3968.749882,3174.999882,0
63,2,27,246824,36,3174.999882,7937.499882,0
63,27,2,246824,36,7937.499882,3174.999882,0
63,3,6,246824,10,5291.666549,3968.749882,0
63,6,3,246824,10,3968.749882,5291.666549,0
63,4,5,246824,10,3174.999882,3174.999882,0
63,5,4,246824,10,3174.999882,3174.999882,0
63,4,6,246824,9,3174.999882,3968.749882,0
63,6,4,246824,9,3968.749882,3174.999882,0
63,4,7,246824,9,3174.999882,2645.833216,0
63,7,4,246824,9,2645.833216,3174.999882,0
63,4,13,246824,10,3174.999882,7937.499882,0
63,13,4,246824,10,7937.499882,3174.999882,0
63,5,8,246824,11,3174.999882,5291.666549,0
63,8,5,246824,11,5291.666549,3174.999882,0
63,5,15,246824,23,3174.999882,5291.666549,0
63,15,5,246824,23,5291.666549,3174.999882,0
63,5,20,246824,29,3174.999882,7937.499882,0
63,20,5,246824,29,7937.499882,3174.999882,0
63,6,14,246824,9,3968.749882,2267.857025,0
63,14,6,246824,9,2267.857025,3968.749882,0
63,6,28,246824,30,3968.749882,5291.666549,0
63,28,6,246824,30,5291.666549,3968.749882,0
63,7,9,246824,8,2645.833216,3174.999882,0
63,9,7,246824,8,3174.999882,2645.833216,0
63,7,14,246824,10,2645.833216,2267.857025,0
63,14,7,246824,10,2267.857025,2645.833216,0
63,7,21,246824,30,2645.833216,7937.499882,0
63,21,7,246824,30,7937.499882,2645.833216,0
63,7,28,246824,31,2645.833216,5291.666549,0
63,28,7,246824,31,5291.666549,2645.833216,0
63,8,9,246824,9,5291.666549,3174.999882,0
63,9,8,246824,9,3174.999882,5291.666549,0
63,8,11,246824,10,5291.666549,3174.999882,0
63,11,8,246824,10,3174.999882,5291.666549,0
63,9,10,246824,10,3174.999882,7937.499882,0
63,10,9,246824,10,7937.499882,3174.999882,0
63,9,12,246824,10,3174.999882,3968.749882,0
63,12,9,246824,10,3968.749882,3174.999882,0
63,9,14,246824,8,3174.999882,2267.857025,0
63,14,9,246824,8,2267.857025,3174.999882,0
63,10,11,246824,11,7937.499882,3174.999882,0
63,11,10,246824,11,3174.999882,7937.499882,0
63,11,14,246824,9,3174.999882,2267.857025,0
63,14,11,246824,9,2267.857025,3174.999882,0
63,11,21,246824,29,3174.999882,7937.499882,0
63,21,11,246824,29,7937.499882,3174.999882,0
63,11,24,246824,21,3174.999882,2645.833216,0
63,24,11,246824,21,2645.833216,3174.999882,0
63,12,24,246824,22,3968.749882,2645.833216,0
63,24,12,246824,22,2645.833216,3968.749882,0
63,12,27,246824,35,3968.749882,7937.499882,0
63,27,12,246824,35,7937.499882,3968.749882,0
63,13,14,246824,11,7937.499882,2267.857025,0
63,14,13,246824,11,2267.857025,7937.499882,0
63,14,15,246824,21,2267.857025,5291.666549,0
63,15,14,246824,21,5291.666549,2267.857025,0
63,14,17,246824,23,2267.857025,3968.749882,0
63,17,14,246824,23,3968.749882,2267.857025,0
63,15,16,246824,24,5291.666549,3968.749882,0
63,16,15,246824,24,3968.749882,5291.666549,0
63,16,17,246824,26,3968.749882,3968.749882,0
63,17,16,246824,26,3968.749882,3968.749882,0
63,16,18,246824,30,3968.749882,7937.499882,0
63,18,16,246824,30,7937.499882,3968.749882,0
63,16,19,246824,26,3968.749882,7937.499882,0
63,19,16,246824,26,7937.499882,3968.749882,0
63,17,18,246824,31,3968.749882,7937.499882,0
63,18,17,246824,31,7937.499882,3968.749882,0
63,22,24,246824,40,7937.499882,2645.833216,0
63,24,22,246824,40,2645.833216,7937.499882,0
63,22,25,246824,38,7937.499882,5291.666549,0
63,25,22,246824,38,5291.666549,7937.499882,0
63,23,24,246824,40,7937.499882,2645.833216,0
63,24,23,246824,40,2645.833216,7937.499882,0
63,23,26,246824,41,7937.499882,5291.666549,0
63,26,23,246824,41,5291.666549,7937.499882,0
63,24,25,246824,28,2645.833216,5291.666549,0
63,25,24,246824,28,5291.666549,2645.833216,0
63,24,26,246824,36,2645.833216,5291.666549,0
63,26,24,246824,36,5291.666549,2645.833216,0
63,25,28,246824,32,5291.666549,5291.666549,0
63,28,25,246824,32,5291.666549,5291.666549,0
64,0,1,246824,9,3968.749882,2645.833216,0
64,1,0,246824,9,2645.833216,3968.749882,0
64,0,3,246824,11,3968.749882,5291.666549,0
64,3,0,246824,11,5291.666549,3968.749882,0
64,0,19,246824,24,3968.749882,7937.499882,0
64,19,0,246824,24,7937.499882,3968.749882,0
64,0,29,246824,27,3968.749882,7937.499882,0
64,29,0,246824,27,7937.499882,3968.749882,0
64,1,4,246824,8,2645.833216,3968.749882,0
64,4,1,246824,8,3968.749882,2645.833216,0
64,1,7,246824,9,2645.833216,2645.833216,0
64,7,1,246824,9,2645.833216,2645.833216,0
64,1,20,246824,27,2645.833216,7937.499882,0
64,20,1,246824,27,7937.499882,2645.833216,0
64,1,26,246824,31,2645.833216,5291.666549,0
64,26,1,246824,31,5291.666549,2645.833216,0
64,1,29,246824,25,2645.833216,7937.499882,0
64,29,1,246824,25,7937.499882,2645.833216,0
64,2,3,246824,12,3968.749882,5291.666549,0
64,3,2,246824,12,5291.666549,3968.749882,0
64,2,5,246824,12,3968.749882,3174.999882,0
64,5,2,246824,12,3174.999882,3968.749882,0
64,2,17,246824,26,3968.749882,3968.749882,0
64,17,2,246824,26,3968.749882,3968.749882,0
64,2,27,246824,36,3968.749882,7937.499882,0
64,27,2,246824,36,7937.499882,3968.749882,0
64,3,6,246824,10,5291.666549,3174.999882,0
64,6,3,246824,10,3174.999882,5291.666549,0
64,4,5,246824,10,3968.749882,3174.999882,0
64,5,4,246824,10,3174.999882,3968.749882,0
64,4,7,246824,9,3968.749882,2645.833216,0
64,7,4,246824,9,2645.833216,3968.749882,0
64,4,13,246824,10,3968.749882,7937.499882,0
64,13,4,246824,10,7937.499882,3968.749882,0
64,5,8,246824,11,3174.999882,3968.749882,0
64,8,5,246824,11,3968.749882,3174.999882,0
64,5,15,246824,23,3174.999882,5291.666549,0
64,15,5,246824,23,5291.666549,3174.999882,0
64,5,20,246824,29,3174.999882,7937.499882,0
64,20,5,246824,29,7937.499882,3174.999882,0
64,6,7,246824,10,3174.999882,2645.833216,0
64,7,6,246824,10,2645.833216,3174.999882,0
64,6,8,246824,10,3174.999882,3968.749882,0
64,8,6,246824,10,3968.749882,3174.999882,0
64,6,14,246824,9,3174.999882,2645.833216,0
64,14,6,246824,9,2645.833216,3174.999882,0
64,6,28,246824,30,3174.999882,5291.666549,0
64,28,6,246824,30,5291.666549,3174.999882,0
64,7,9,246824,8,2645.833216,3174.999882,0
64,9,7,246824,8,3174.999882,2645.833216,0
64,7,21,246824,30,2645.833216,7937.499882,0
64,21,7,246824,30,7937.499882,2645.833216,0
64,7,28,246824,31,2645.833216,5291.666549,0
64,28,7,246824,31,5291.666549,2645.833216,0
64,8,9,246824,9,3968.749882,3174.999882,0
64,9,8,246824,9,3174.999882,3968.749882,0
64,8,11,246824,10,3968.749882,3174.999882,0
64,11,8,246824,10,3174.999882,3968.749882,0
64,9,10,246824,10,3174.999882,5291.666549,0
64,10,9,246824,10,5291.666549,3174.999882,0
64,9,12,246824,10,3174.999882,3968.749882,0
64,12,9,246824,10,3968.749882,3174.999882,0
64,9,14,246824,8,3174.999882,2645.833216,0
64,14,9,246824,8,2645.833216,3174.999882,0
64,10,11,246824,11,5291.666549,3174.999882,0
64,11,10,246824,11,3174.999882,5291.666549,0
64,10,12,246824,12,5291.666549,3968.749882,0
64,12,10,246824,12,3968.749882,5291.666549,0
64,11,14,246824,9,3174.999882,2645.833216,0
64,14,11,246824,9,2645.833216,3174.999882,0
64,11,21,246824,29,3174.999882,7937.499882,0
64,21,11,246824,29,7937.499882,3174.999882,0
64,11,24,246824,21,3174.999882,3174.999882,0
64,24,11,246824,21,3174.999882,3174.999882,0
64,12,24,246824,22,3968.749882,3174.999882,0
64,24,12,246824,22,3174.999882,3968.749882,0
64,12,27,246824,35,3968.749882,7937.499882,0
64,27,12,246824,35,7937.499882,3968.749882,0
64,13,14,246824,11,7937.499882,2645.833216,0
64,14,13,246824,11,2645.833216,7937.499882,0
64,14,15,246824,21,2645.833216,5291.666549,0
64,15,14,246824,21,5291.666549,2645.833216,0
64,14,17,246824,23,2645.833216,3968.749882,0
64,17,14,246824,23,3968.749882,2645.833216,0
64,15,16,246824,24,5291.666549,3968.749882,0
64,16,15,246824,24,3968.749882,5291.666549,0
64,16,17,246824,26,3968.749882,3968.749882,0
64,17,16,246824,26,3968.749882,3968.749882,0
64,16,18,246824,30,3968.749882,7937.499882,0
64,18,16,246824,30,7937.499882,3968.749882,0
64,16,19,246824,26,3968.749882,7937.499882,0
64,19,16,246824,26,7937.499882,3968.749882,0
64,17,18,246824,31,3968.749882,7937.499882,0
64,18,17,246824,31,7937.499882,3968.749882,0
64,22,24,246824,40,7937.499882,3174.999882,0
64,24,22,246824,40,3174.999882,7937.499882,0
64,22,25,246824,38,7937.499882,3968.749882,0
64,25,22,246824,38,3968.749882,7937.499882,0
64,23,24,246824,40,7937.499882,3174.999882,0
64,24,23,246824,40,3174.999882,7937.499882,0
64,23,26,246824,41,7937.499882,5291.666549,0
64,26,23,246824,41,5291.666549,7937.499882,0
64,24,25,246824,28,3174.999882,3968.749882,0
64,25,24,246824,28,3968.749882,3174.999882,0
64,25,26,246824,34,3968.749882,5291.666549,0
64,26,25,246824,34,5291.666549,3968.749882,0
64,25,28,246824,32,3968.749882,5291.666549,0
64,28,25,246824,32,5291.666549,3968.749882,0
65,0,1,246824,9,3968.749882,2645.833216,0
65,1,0,246824,9,2645.833216,3968.749882,0
65,0,3,246824,11,3968.749882,5291.666549,0
65,3,0,246824,11,5291.666549,3968.749882,0
65,0,19,246824,24,3968.749882,7937.499882,0
65,19,0,246824,24,7937.499882,3968.749882,0
65,0,29,246824,27,3968.749882,7937.499882,0
65,29,0,246824,27,7937.499882,3968.749882,0
65,1,4,246824,8,2645.833216,3968.749882,0
65,4,1,246824,8,3968.749882,2645.833216,0
65,1,7,246824,9,2645.833216,1984.374882,0
65,7,1,246824,9,1984.374882,2645.833216,0
65,1,20,246824,27,2645.833216,7937.499882,0
65,20,1,246824,27,7937.499882,2645.833216,0
65,1,26,246824,31,2645.833216,5291.666549,0
65,26,1,246824,31,5291.666549,2645.833216,0
65,1,29,246824,25,2645.833216,7937.499882,0
65,29,1,246824,25,7937.499882,2645.833216,0
65,2,3,246824,12,3968.749882,5291.666549,0
65,3,2,246824,12,5291.666549,3968.749882,0
65,2,5,246824,12,3968.749882,2645.833216,0
65,5,2,246824,12,2645.833216,3968.749882,0
65,2,17,246824,26,3968.749882,3968.749882,0
65,17,2,246824,26,3968.749882,3968.749882,0
65,2,27,246824,36,3968.749882,7937.499882,0
65,27,2,246824,36,7937.499882,3968.749882,0
65,3,8,246824,11,5291.666549,2645.833216,0
65,8,3,246824,11,2645.833216,5291.666549,0
65,4,5,246824,10,3968.749882,2645.833216,0
65,5,4,246824,10,2645.833216,3968.749882,0
65,4,7,246824,9,3968.749882,1984.374882,0
65,7,4,246824,9,1984.374882,3968.749882,0
65,4,13,246824,10,3968.749882,5291.666549,0
65,13,4,246824,10,5291.666549,3968.749882,0
65,5,7,246824,11,2645.833216,1984.374882,0
65,7,5,246824,11,1984.374882,2645.833216,0
65,5,8,246824,11,2645.833216,2645.833216,0
65,8,5,246824,11,2645.833216,2645.833216,0
65,5,15,246824,23,2645.833216,5291.666549,0
65,15,5,246824,23,5291.666549,2645.833216,0
65,5,20,246824,29,2645.833216,7937.499882,0
65,20,5,246824,29,7937.499882,2645.833216,0
65,6,8,246824,10,5291.666549,2645.833216,0
65,8,6,246824,10,2645.833216,5291.666549,0
65,6,14,246824,9,5291.666549,2267.857025,0
65,14,6,246824,9,2267.857025,5291.666549,0
65,6,28,246824,30,5291.666549,5291.666549,0
65,28,6,246824,30,5291.666549,5291.666549,0
65,7,9,246824,8,1984.374882,3174.999882,0
65,9,7,246824,8,3174.999882,1984.374882,0
65,7,13,246824,11,1984.374882,5291.666549,0
65,13,7,246824,11,5291.666549,1984.374882,0
65,7,14,246824,10,1984.374882,2267.857025,0
65,14,7,246824,10,2267.857025,1984.374882,0
65,7,21,246824,30,1984.374882,7937.499882,0
65,21,7,246824,30,7937.499882,1984.374882,0
65,7,28,246824,31,1984.374882,5291.666549,0
65,28,7,246824,31,5291.666549,1984.374882,0
65,8,9,246824,9,2645.833216,3174.999882,0
65,9,8,246824,9,3174.999882,2645.833216,0
65,8,10,246824,12,2645.833216,5291.666549,0
65,10,8,246824,12,5291.666549,2645.833216,0
65,8,11,246824,10,2645.833216,3968.749882,0
65,11,8,246824,10,3968.749882,2645.833216,0
65,9,10,246824,10,3174.999882,5291.666549,0
65,10,9,246824,10,5291.666549,3174.999882,0
65,9,12,246824,10,3174.999882,3968.749882,0
65,12,9,246824,10,3968.749882,3174.999882,0
65,9,14,246824,8,3174.999882,2267.857025,0
65,14,9,246824,8,2267.857025,3174.999882,0
65,10,12,246824,12,5291.666549,3968.749882,0
65,12,10,246824,12,3968.749882,5291.666549,0
65,11,14,246824,9,3968.749882,2267.857025,0
65,14,11,246824,9,2267.857025,3968.749882,0
65,11,21,246824,29,3968.749882,7937.499882,0
65,21,11,246824,29,7937.499882,3968.749882,0
65,11,24,246824,21,3968.749882,2645.833216,0
65,24,11,246824,21,2645.833216,3968.749882,0
65,12,24,246824,22,3968.749882,2645.833216,0
65,24,12,246824,22,2645.833216,3968.749882,0
65,12,27,246824,35,3968.749882,7937.499882,0
65,27,12,246824,35,7937.499882,3968.749882,0
65,13,14,246824,11,5291.666549,2267.857025,0
65,14,13,246824,11,2267.857025,5291.666549,0
65,14,15,246824,21,2267.857025,5291.666549,0
65,15,14,246824,21,5291.666549,2267.857025,0
65,14,17,246824,23,2267.857025,3968.749882,0
65,17,14,246824,23,3968.749882,2267.857025,0
65,15,16,246824,24,5291.666549,3968.749882,0
65,16,15,246824,24,3968.749882,5291.666549,0
65,16,17,246824,26,3968.749882,3968.749882,0
65,17,16,246824,26,3968.749882,3968.749882,0
65,16,18,246824,30,3968.749882,7937.499882,0
65,18,16,246824,30,7937.499882,3968.749882,0
65,16,19,246824,26,3968.749882,7937.499882,0
65,19,16,246824,26,7937.499882,3968.749882,0
65,17,18,246824,31,3968.749882,7937.499882,0
65,18,17,246824,31,7937.499882,3968.749882,0
65,22,24,246824,40,7937.499882,2645.833216,0
65,24,22,246824,40,2645.833216,7937.499882,0
65,22,25,246824,38,7937.499882,5291.666549,0
65,25,22,246824,38,5291.666549,7937.499882,0
65,23,24,246824,40,7937.499882,2645.833216,0
65,24,23,246824,40,2645.833216,7937.499882,0
65,23,26,246824,41,7937.499882,5291.666549,0
65,26,23,246824,41,5291.666549,7937.499882,0
65,24,25,246824,28,2645.833216,5291.666549,0
65,25,24,246824,28,5291.666549,2645.833216,0
65,24,26,246824,36,2645.833216,5291.666549,0
65,26,24,246824,36,5291.666549,2645.833216,0
65,25,28,246824,32,5291.666549,5291.666549,0
65,28,25,246824,32,5291.666549,5291.666549,0
66,0,1,246824,9,3968.749882,2645.833216,0
66,1,0,246824,9,2645.833216,3968.749882,0
66,0,3,246824,11,3968.749882,5291.666549,0
66,3,0,246824,11,5291.666549,3968.749882,0
66,0,19,246824,24,3968.749882,7937.499882,0
66,19,0,246824,24,7937.499882,3968.749882,0
66,0,29,246824,27,3968.749882,7937.499882,0
66,29,0,246824,27,7937.499882,3968.749882,0
66,1,4,246824,8,2645.833216,3174.999882,0
66,4,1,246824,8,3174.999882,2645.833216,0
66,1,7,246824,9,2645.833216,2267.857025,0
66,7,1,246824,9,2267.857025,2645.833216,0
66,1,20,246824,27,2645.833216,7937.499882,0
66,20,1,246824,27,7937.499882,2645.833216,0
66,1,26,246824,31,2645.833216,5291.666549,0
66,26,1,246824,31,5291.666549,2645.833216,0
66,1,29,246824,25,2645.833216,7937.499882,0
66,29,1,246824,25,7937.499882,2645.833216,0
66,2,3,246824,12,3968.749882,5291.666549,0
66,3,2,246824,12,5291.666549,3968.749882,0
66,2,5,246824,12,3968.749882,3174.999882,0
66,5,2,246824,12,3174.999882,3968.749882,0
66,2,17,246824,26,3968.749882,3968.749882,0
66,17,2,246824,26,3968.749882,3968.749882,0
66,2,27,246824,36,3968.749882,7937.499882,0
66,27,2,246824,36,7937.499882,3968.749882,0
66,3,6,246824,10,5291.666549,3174.999882,0
66,6,3,246824,10,3174.999882,5291.666549,0
66,4,5,246824,10,3174.999882,3174.999882,0
66,5,4,246824,10,3174.999882,3174.999882,0
66,4,6,246824,9,3174.999882,3174.999882,0
66,6,4,246824,9,3174.999882,3174.999882,0
66,4,7,246824,9,3174.999882,2267.857025,0
66,7,4,246824,9,2267.857025,3174.999882,0
66,4,13,246824,10,3174.999882,5291.666549,0
66,13,4,246824,10,5291.666549,3174.999882,0
66,5,8,246824,11,3174.999882,3968.749882,0
66,8,5,246824,11,3968.749882,3174.999882,0
66,5,15,246824,23,3174.999882,5291.666549,0
66,15,5,246824,23,5291.666549,3174.999882,0
66,5,20,246824,29,3174.999882,7937.499882,0
66,20,5,246824,29,7937.499882,3174.999882,0
66,6,8,246824,10,3174.999882,3968.749882,0
66,8,6,246824,10,3968.749882,3174.999882,0
66,6,14,246824,9,3174.999882,2267.857025,0
66,14,6,246824,9,2267.857025,3174.999882,0
66,6,28,246824,30,3174.999882,5291.666549,0
66,28,6,246824,30,5291.666549,3174.999882,0
66,7,9,246824,8,2267.857025,3174.999882,0
66,9,7,246824,8,3174.999882,2267.857025,0
66,7,13,246824,11,2267.857025,5291.666549,0
66,13,7,246824,11,5291.666549,2267.857025,0
66,7,14,246824,10,2267.857025,2267.857025,0
66,14,7,246824,10,2267.857025,2267.857025,0
66,7,21,246824,30,2267.857025,7937.499882,0
66,21,7,246824,30,7937.499882,2267.857025,0
66,7,28,246824,31,2267.857025,5291.666549,0
66,28,7,246824,31,5291.666549,2267.857025,0
66,8,9,246824,9,3968.749882,3174.999882,0
66,9,8,246824,9,3174.999882,3968.749882,0
66,8,11,246824,10,3968.749882,3174.999882,0
66,11,8,246824,10,3174.999882,3968.749882,0
66,9,10,246824,10,3174.999882,5291.666549,0
66,10,9,246824,10,5291.666549,3174.999882,0
66,9,12,246824,10,3174.999882,3968.749882,0
66,12,9,246824,10,3968.749882,3174.999882,0
66,9,14,246824,8,3174.999882,2267.857025,0
66,14,9,246824,8,2267.857025,3174.999882,0
66,10,11,246824,11,5291.666549,3174.999882,0
66,11,10,246824,11,3174.999882,5291.666549,0
66,10,12,246824,12,5291.666549,3968.749882,0
66,12,10,246824,12,3968.749882,5291.666549,0
66,11,14,246824,9,3174.999882,2267.857025,0
66,14,11,246824,9,2267.857025,3174.999882,0
66,11,21,246824,29,3174.999882,7937.499882,0
66,21,11,246824,29,7937.499882,3174.999882,0
66,11,24,246824,21,3174.999882,3174.999882,0
66,24,11,246824,21,3174.999882,3174.999882,0
66,12,24,246824,22,3968.749882,3174.999882,0
66,24,12,246824,22,3174.999882,3968.749882,0
66,12,27,246824,35,3968.749882,7937.499882,0
66,27,12,246824,35,7937.499882,3968.749882,0
66,13,14,246824,11,5291.666549,2267.857025,0
66,14,13,246824,11,2267.857025,5291.666549,0
66,14,15,246824,21,2267.857025,5291.666549,0
66,15,14,246824,21,5291.666549,2267.857025,0
66,14,17,246824,23,2267.857025,3968.749882,0
66,17,14,246824,23,3968.749882,2267.857025,0
66,15,16,246824,24,5291.666549,3968.749882,0
66,16,15,246824,24,3968.749882,5291.666549,0
66,16,17,246824,26,3968.749882,3968.749882,0
66,17,16,246824,26,3968.749882,3968.749882,0
66,16,18,246824,30,3968.749882,7937.499882,0
66,18,16,246824,30,7937.499882,3968.749882,0
66,16,19,246824,26,3968.749882,7937.499882,0
66,19,16,246824,26,7937.499882,3968.749882,0
66,17,18,246824,31,3968.749882,7937.499882,0
66,18,17,246824,31,7937.499882,3968.749882,0
66,22,24,246824,40,7937.499882,3174.999882,0
66,24,22,246824,40,3174.999882,7937.499882,0
66,22,25,246824,38,7937.499882,3968.749882,0
66,25,22,246824,38,3968.749882,7937.499882,0
66,23,24,246824,40,7937.499882,3174.999882,0
66,24,23,246824,40,3174.999882,7937.499882,0
66,23,26,246824,41,7937.499882,5291.666549,0
66,26,23,246824,41,5291.666549,7937.499882,0
66,24,25,246824,28,3174.999882,3968.749882,0
66,25,24,246824,28,3968.749882,3174.999882,0
66,25,26,246824,34,3968.749882,5291.666549,0
66,26,25,246824,34,5291.666549,3968.749882,0
66,25,28,246824,32,3968.749882,5291.666549,0
66,28,25,246824,32,5291.666549,3968.749882,0
67,0,1,246824,9,3968.749882,2645.833216,0
67,1,0,246824,9,2645.833216,3968.749882,0
67,0,3,246824,11,3968.749882,3968.749882,0
67,3,0,246824,11,3968.749882,3968.749882,0
67,0,19,246824,24,3968.749882,7937.499882,0
67,19,0,246824,24,7937.499882,3968.749882,0
67,0,29,246824,27,3968.749882,7937.499882,0
67,29,0,246824,27,7937.499882,3968.749882,0
67,1,4,246824,8,2645.833216,3968.749882,0
67,4,1,246824,8,3968.749882,2645.833216,0
67,1,7,246824,9,2645.833216,2267.857025,0
67,7,1,246824,9,2267.857025,2645.833216,0
67,1,20,246824,27,2645.833216,7937.499882,0
67,20,1,246824,27,7937.499882,2645.833216,0
67,1,26,246824,31,2645.833216,5291.666549,0
67,26,1,246824,31,5291.666549,2645.833216,0
67,1,29,246824,25,2645.833216,7937.499882,0
67,29,1,246824,25,7937.499882,2645.833216,0
67,2,3,246824,12,3968.749882,3968.749882,0
67,3,2,246824,12,3968.749882,3968.749882,0
67,2,5,246824,12,3968.749882,3174.999882,0
67,5,2,246824,12,3174.999882,3968.749882,0
67,2,17,246824,26,3968.749882,3968.749882,0
67,17,2,246824,26,3968.749882,3968.749882,0
67,2,27,246824,36,3968.749882,5291.666549,0
67,27,2,246824,36,5291.666549,3968.749882,0
67,3,6,246824,10,3968.749882,3968.749882,0
67,6,3,246824,10,3968.749882,3968.749882,0
67,3,8,246824,11,3968.749882,2645.833216,0
67,8,3,246824,11,2645.833216,3968.749882,0
67,4,5,246824,10,3968.749882,3174.999882,0
67,5,4,246824,10,3174.999882,3968.749882,0
67,4,7,246824,9,3968.749882,2267.857025,0
67,7,4,246824,9,2267.857025,3968.749882,0
67,4,13,246824,10,3968.749882,5291.666549,0
67,13,4,246824,10,5291.666549,3968.749882,0
67,5,8,246824,11,3174.999882,2645.833216,0
67,8,5,246824,11,2645.833216,3174.999882,0
67,5,15,246824,23,3174.999882,5291.666549,0
67,15,5,246824,23,5291.666549,3174.999882,0
67,5,20,246824,29,3174.999882,7937.499882,0
67,20,5,246824,29,7937.499882,3174.999882,0
67,6,8,246824,10,3968.749882,2645.833216,0
67,8,6,246824,10,2645.833216,3968.749882,0
67,6,14,246824,9,3968.749882,2267.857025,0
67,14,6,246824,9,2267.857025,3968.749882,0
67,6,28,246824,30,3968.749882,7937.499882,0
67,28,6,246824,30,7937.499882,3968.749882,0
67,7,9,246824,8,2267.857025,3174.999882,0
67,9,7,246824,8,3174.999882,2267.857025,0
67,7,13,246824,11,2267.857025,5291.666549,0
67,13,7,246824,11,5291.666549,2267.857025,0
67,7,14,246824,10,2267.857025,2267.857025,0
67,14,7,246824,10,2267.857025,2267.857025,0
67,7,21,246824,30,2267.857025,7937.499882,0
67,21,7,246824,30,7937.499882,2267.857025,0
67,7,28,246824,31,2267.857025,7937.499882,0
67,28,7,246824,31,7937.499882,2267.857025,0
67,8,9,246824,9,2645.833216,3174.999882,0
67,9,8,246824,9,3174.999882,2645.833216,0
67,8,10,246824,12,2645.833216,5291.666549,0
67,10,8,246824,12,5291.666549,2645.833216,0
67,8,11,246824,10,2645.833216,3968.749882,0
67,11,8,246824,10,3968.749882,2645.833216,0
67,9,10,246824,10,3174.999882,5291.666549,0
67,10,9,246824,10,5291.666549,3174.999882,0
67,9,12,246824,10,3174.999882,3968.749882,0
67,12,9,246824,10,3968.749882,3174.999882,0
67,9,14,246824,8,3174.999882,2267.857025,0
67,14,9,246824,8,2267.857025,3174.999882,0
67,10,12,246824,12,5291.666549,3968.749882,0
67,12,10,246824,12,3968.749882,5291.666549,0
67,11,14,246824,9,3968.749882,2267.857025,0
67,14,11,246824,9,2267.857025,3968.749882,0
67,11,21,246824,29,3968.749882,7937.499882,0
67,21,11,246824,29,7937.499882,3968.749882,0
67,11,24,246824,21,3968.749882,3174.999882,0
67,24,11,246824,21,3174.999882,3968.749882,0
67,12,24,246824,22,3968.749882,3174.999882,0
67,24,12,246824,22,3174.999882,3968.749882,0
67,12,27,246824,35,3968.749882,5291.666549,0
67,27,12,246824,35,5291.666549,3968.749882,0
67,13,14,246824,11,5291.666549,2267.857025,0
67,14,13,246824,11,2267.857025,5291.666549,0
67,14,15,246824,21,2267.857025,5291.666549,0
67,15,14,246824,21,5291.666549,2267.857025,0
67,14,17,246824,23,2267.857025,3968.749882,0
67,17,14,246824,23,3968.749882,2267.857025,0
67,15,16,246824,24,5291.666549,3968.749882,0
67,16,15,246824,24,3968.749882,5291.666549,0
67,16,17,246824,26,3968.749882,3968.749882,0
67,17,16,246824,26,3968.749882,3968.749882,0
67,16,18,246824,30,3968.749882,7937.499882,0
67,18,16,246824,30,7937.499882,3968.749882,0
67,16,19,246824,26,3968.749882,7937.499882,0
67,19,16,246824,26,7937.499882,3968.749882,0
67,17,18,246824,31,3968.749882,7937.499882,0
67,18,17,246824,31,7937.499882,3968.749882,0
67,22,24,246824,40,7937.499882,3174.999882,0
67,24,22,246824,40,3174.999882,7937.499882,0
67,22,25,246824,38,7937.499882,3968.749882,0
67,25,22,246824,38,3968.749882,7937.499882,0
67,23,24,246824,40,7937.499882,3174.999882,0
67,24,23,246824,40,3174.999882,7937.499882,0
67,23,26,246824,41,7937.499882,5291.666549,0
67,26,23,246824,41,5291.666549,7937.499882,0
67,24,25,246824,28,3174.999882,3968.749882,0
67,25,24,246824,28,3968.749882,3174.999882,0
67,25,26,246824,34,3968.749882,5291.666549,0
67,26,25,246824,34,5291.666549,3968.749882,0
67,25,27,246824,36,3968.749882,5291.666549,0
67,27,25,246824,36,5291.666549,3968.749882,0
68,0,1,246824,9,3968.749882,2645.833216,0
68,1,0,246824,9,2645.833216,3968.749882,0
68,0,3,246824,11,3968.749882,5291.666549,0
68,3,0,246824,11,5291.666549,3968.749882,0
68,0,19,246824,24,3968.749882,7937.499882,0
68,19,0,246824,24,7937.499882,3968.749882,0
68,0,29,246824,27,3968.749882,7937.499882,0
68,29,0,246824,27,7937.499882,3968.749882,0
68,1,4,246824,8,2645.833216,3174.999882,0
68,4,1,246824,8,3174.999882,2645.833216,0
68,1,7,246824,9,2645.833216,3174.999882,0
68,7,1,246824,9,3174.999882,2645.833216,0
68,1,20,246824,27,2645.833216,7937.499882,0
68,20,1,246824,27,7937.499882,2645.833216,0
68,1,26,246824,31,2645.833216,5291.666549,0
68,26,1,246824,31,5291.666549,2645.833216,0
68,1,29,246824,25,2645.833216,7937.499882,0
68,29,1,246824,25,7937.499882,2645.833216,0
68,2,3,246824,12,3174.999882,5291.666549,0
68,3,2,246824,12,5291.666549,3174.999882,0
68,2,5,246824,12,3174.999882,3174.999882,0
68,5,2,246824,12,3174.999882,3174.999882,0
68,2,12,246824,13,3174.999882,3968.749882,0
68,12,2,246824,13,3968.749882,3174.999882,0
68,2,17,246824,26,3174.999882,3968.749882,0
68,17,2,246824,26,3968.749882,3174.999882,0
68,2,27,246824,36,3174.999882,7937.499882,0
68,27,2,246824,36,7937.499882,3174.999882,0
68,3,8,246824,11,5291.666549,3174.999882,0
68,8,3,246824,11,3174.999882,5291.666549,0
68,4,5,246824,10,3174.999882,3174.999882,0
68,5,4,246824,10,3174.999882,3174.999882,0
68,4,6,246824,9,3174.999882,5291.666549,0
68,6,4,246824,9,5291.666549,3174.999882,0
68,4,7,246824,9,3174.999882,3174.999882,0
68,7,4,246824,9,3174.999882,3174.999882,0
68,4,13,246824,10,3174.999882,7937.499882,0
68,13,4,246824,10,7937.499882,3174.999882,0
68,5,8,246824,11,3174.999882,3174.999882,0
68,8,5,246824,11,3174.999882,3174.999882,0
68,5,15,246824,23,3174.999882,5291.666549,0
68,15,5,246824,23,5291.666549,3174.999882,0
68,5,20,246824,29,3174.999882,7937.499882,0
68,20,5,246824,29,7937.499882,3174.999882,0
68,6,14,246824,9,5291.666549,2645.833216,0
68,14,6,246824,9,2645.833216,5291.666549,0
68,6,28,246824,30,5291.666549,7937.499882,0
68,28,6,246824,30,7937.499882,5291.666549,0
68,7,9,246824,8,3174.999882,3174.999882,0
68,9,7,246824,8,3174.999882,3174.999882,0
68,7,21,246824,30,3174.999882,7937.499882,0
68,21,7,246824,30,7937.499882,3174.999882,0
68,7,28,246824,31,3174.999882,7937.499882,0
68,28,7,246824,31,7937.499882,3174.999882,0
68,8,9,246824,9,3174.999882,3174.999882,0
68,9,8,246824,9,3174.999882,3174.999882,0
68,8,10,246824,12,3174.999882,7937.499882,0
68,10,8,246824,12,7937.499882,3174.999882,0
68,8,11,246824,10,3174.999882,3968.749882,0
68,11,8,246824,10,3968.749882,3174.999882,0
68,9,10,246824,10,3174.999882,7937.499882,0
68,10,9,246824,10,7937.499882,3174.999882,0
68,9,12,246824,10,3174.999882,3968.749882,0
68,12,9,246824,10,3968.749882,3174.999882,0
68,9,14,246824,8,3174.999882,2645.833216,0
68,14,9,246824,8,2645.833216,3174.999882,0
68,11,14,246824,9,3968.749882,2645.833216,0
68,14,11,246824,9,2645.833216,3968.749882,0
68,11,21,246824,29,3968.749882,7937.499882,0
68,21,11,246824,29,7937.499882,3968.749882,0
68,11,24,246824,21,3968.749882,3174.999882,0
68,24,11,246824,21,3174.999882,3968.749882,0
68,12,24,246824,22,3968.749882,3174.999882,0
68,24,12,246824,22,3174.999882,3968.749882,0
68,12,27,246824,35,3968.749882,7937.499882,0
68,27,12,246824,35,7937.499882,3968.749882,0
68,13,14,246824,11,7937.499882,2645.833216,0
68,14,13,246824,11,2645.833216,7937.499882,0
68,14,15,246824,21,2645.833216,5291.666549,0
68,15,14,246824,21,5291.666549,2645.833216,0
68,14,17,246824,23,2645.833216,3968.749882,0
68,17,14,246824,23,3968.749882,2645.833216,0
68,15,16,246824,24,5291.666549,3968.749882,0
68,16,15,246824,24,3968.749882,5291.666549,0
68,16,17,246824,26,3968.749882,3968.749882,0
68,17,16,246824,26,3968.749882,3968.749882,0
68,16,18,246824,30,3968.749882,7937.499882,0
68,18,16,246824,30,7937.499882,3968.749882,0
68,16,19,246824,26,3968.749882,7937.499882,0
68,19,16,246824,26,7937.499882,3968.749882,0
68,17,18,246824,31,3968.749882,7937.499882,0
68,18,17,246824,31,7937.499882,3968.749882,0
68,22,24,246824,40,7937.499882,3174.999882,0
68,24,22,246824,40,3174.999882,7937.499882,0
68,22,25,246824,38,7937.499882,5291.666549,0
68,25,22,246824,38,5291.666549,7937.499882,0
68,23,24,246824,40,7937.499882,3174.999882,0
68,24,23,246824,40,3174.999882,7937.499882,0
68,23,26,246824,41,7937.499882,5291.666549,0
68,26,23,246824,41,5291.666549,7937.499882,0
68,24,25,246824,28,3174.999882,5291.666549,0
68,25,24,246824,28,5291.666549,3174.999882,0
68,25,26,246824,34,5291.666549,5291.666549,0
68,26,25,246824,34,5291.666549,5291.666549,0
69,0,1,246824,9,3174.999882,2645.833216,0
69,1,0,246824,9,2645.833216,3174.999882,0
69,0,3,246824,11,3174.999882,5291.666549,0
69,3,0,246824,11,5291.666549,3174.999882,0
69,0,17,246824,25,3174.999882,3968.749882,0
69,17,0,246824,25,3968.749882,3174.999882,0
69,0,19,246824,24,3174.999882,7937.499882,0
69,19,0,246824,24,7937.499882,3174.999882,0
69,0,29,246824,27,3174.999882,7937.499882,0
69,29,0,246824,27,7937.499882,3174.999882,0
69,1,4,246824,8,2645.833216,3174.999882,0
69,4,1,246824,8,3174.999882,2645.833216,0
69,1,7,246824,9,2645.833216,2267.857025,0
69,7,1,246824,9,2267.857025,2645.833216,0
69,1,20,246824,27,2645.833216,7937.499882,0
69,20,1,246824,27,7937.499882,2645.833216,0
69,1,26,246824,31,2645.833216,5291.666549,0
69,26,1,246824,31,5291.666549,2645.833216,0
69,1,29,246824,25,2645.833216,7937.499882,0
69,29,1,246824,25,7937.499882,2645.833216,0
69,2,3,246824,12,5291.666549,5291.666549,0
69,3,2,246824,12,5291.666549,5291.666549,0
69,2,5,246824,12,5291.666549,2645.833216,0
69,5,2,246824,12,2645.833216,5291.666549,0
69,2,27,246824,36,5291.666549,7937.499882,0
69,27,2,246824,36,7937.499882,5291.666549,0
69,3,6,246824,10,5291.666549,3968.749882,0
69,6,3,246824,10,3968.749882,5291.666549,0
69,4,5,246824,10,3174.999882,2645.833216,0
69,5,4,246824,10,2645.833216,3174.999882,0
69,4,6,246824,9,3174.999882,3968.749882,0
69,6,4,246824,9,3968.749882,3174.999882,0
69,4,7,246824,9,3174.999882,2267.857025,0
69,7,4,246824,9,2267.857025,3174.999882,0
69,4,13,246824,10,3174.999882,7937.499882,0
69,13,4,246824,10,7937.499882,3174.999882,0
69,5,7,246824,11,2645.833216,2267.857025,0
69,7,5,246824,11,2267.857025,2645.833216,0
69,5,8,246824,11,2645.833216,5291.666549,0
69,8,5,246824,11,5291.666549,2645.833216,0
69,5,15,246824,23,2645.833216,5291.666549,0
69,15,5,246824,23,5291.666549,2645.833216,0
69,5,20,246824,29,2645.833216,7937.499882,0
69,20,5,246824,29,7937.499882,2645.833216,0
69,6,14,246824,9,3968.749882,3174.999882,0
69,14,6,246824,9,3174.999882,3968.749882,0
69,6,28,246824,30,3968.749882,5291.666549,0
69,28,6,246824,30,5291.666549,3968.749882,0
69,7,9,246824,8,2267.857025,3174.999882,0
69,9,7,246824,8,3174.999882,2267.857025,0
69,7,13,246824,11,2267.857025,7937.499882,0
69,13,7,246824,11,7937.499882,2267.857025,0
69,7,21,246824,30,2267.857025,7937.499882,0
69,21,7,246824,30,7937.499882,2267.857025,0
69,7,28,246824,31,2267.857025,5291.666549,0
69,28,7,246824,31,5291.666549,2267.857025,0
69,8,9,246824,9,5291.666549,3174.999882,0
69,9,8,246824,9,3174.999882,5291.666549,0
69,8,11,246824,10,5291.666549,3174.999882,0
69,11,8,246824,10,3174.999882,5291.666549,0
69,9,10,246824,10,3174.999882,5291.666549,0
69,10,9,246824,10,5291.666549,3174.999882,0
69,9,12,246824,10,3174.999882,3968.749882,0
69,12,9,246824,10,3968.749882,3174.999882,0
69,9,14,246824,8,3174.999882,3174.999882,0
69,14,9,246824,8,3174.999882,3174.999882,0
69,10,11,246824,11,5291.666549,3174.999882,0
69,11,10,246824,11,3174.999882,5291.666549,0
69,10,12,246824,12,5291.666549,3968.749882,0
69,12,10,246824,12,3968.749882,5291.666549,0
69,11,14,246824,9,3174.999882,3174.999882,0
69,14,11,246824,9,3174.999882,3174.999882,0
69,11,21,246824,29,3174.999882,7937.499882,0
69,21,11,246824,29,7937.499882,3174.999882,0
69,11,24,246824,21,3174.999882,2645.833216,0
69,24,11,246824,21,2645.833216,3174.999882,0
69,12,24,246824,22,3968.749882,2645.833216,0
69,24,12,246824,22,2645.833216,3968.749882,0
69,12,27,246824,35,3968.749882,7937.499882,0
69,27,12,246824,35,7937.499882,3968.749882,0
69,14,15,246824,21,3174.999882,5291.666549,0
69,15,14,246824,21,5291.666549,3174.999882,0
69,14,17,246824,23,3174.999882,3968.749882,0
69,17,14,246824,23,3968.749882,3174.999882,0
69,15,16,246824,24,5291.666549,3968.749882,0
69,16,15,246824,24,3968.749882,5291.666549,0
69,16,17,246824,26,3968.749882,3968.749882,0
69,17,16,246824,26,3968.749882,3968.749882,0
69,16,18,246824,30,3968.749882,7937.499882,0
69,18,16,246824,30,7937.499882,3968.749882,0
69,16,19,246824,26,3968.749882,7937.499882,0
69,19,16,246824,26,7937.499882,3968.749882,0
69,17,18,246824,31,3968.749882,7937.499882,0
69,18,17,246824,31,7937.499882,3968.749882,0
69,22,24,246824,40,7937.499882,2645.833216,0
69,24,22,246824,40,2645.833216,7937.499882,0
69,22,25,246824,38,7937.499882,5291.666549,0
69,25,22,246824,38,5291.666549,7937.499882,0
69,23,24,246824,40,7937.499882,2645.833216,0
69,24,23,246824,40,2645.833216,7937.499882,0
69,23,26,246824,41,7937.499882,5291.666549,0
69,26,23,246824,41,5291.666549,7937.499882,0
69,24,25,246824,28,2645.833216,5291.666549,0
69,25,24,246824,28,5291.666549,2645.833216,0
69,24,26,246824,36,2645.833216,5291.666549,0
69,26,24,246824,36,5291.666549,2645.833216,0
69,25,28,246824,32,5291.666549,5291.666549,0
69,28,25,246824,32,5291.666549,5291.666549,0
70,0,1,246824,9,3174.999882,2645.833216,0
70,1,0,246824,9,2645.833216,3174.999882,0
70,0,3,246824,11,3174.999882,5291.666549,0
70,3,0,246824,11,5291.666549,3174.999882,0
70,0,17,246824,25,3174.999882,3968.749882,0
70,17,0,246824,25,3968.749882,3174.999882,0
70,0,19,246824,24,3174.999882,7937.499882,0
70,19,0,246824,24,7937.499882,3174.999882,0
70,0,29,246824,27,3174.999882,7937.499882,0
70,29,0,246824,27,7937.499882,3174.999882,0
70,1,4,246824,8,2645.833216,3174.999882,0
70,4,1,246824,8,3174.999882,2645.833216,0
70,1,7,246824,9,2645.833216,3174.999882,0
70,7,1,246824,9,3174.999882,2645.833216,0
70,1,20,246824,27,2645.833216,7937.499882,0
70,20,1,246824,27,7937.499882,2645.833216,0
70,1,26,246824,31,2645.833216,5291.666549,0
70,26,1,246824,31,5291.666549,2645.833216,0
70,1,29,246824,25,2645.833216,7937.499882,0
70,29,1,246824,25,7937.499882,2645.833216,0
70,2,3,246824,12,5291.666549,5291.666549,0
70,3,2,246824,12,5291.666549,5291.666549,0
70,2,5,246824,12,5291.666549,3174.999882,0
70,5,2,246824,12,3174.999882,5291.666549,0
70,2,27,246824,36,5291.666549,7937.499882,0
70,27,2,246824,36,7937.499882,5291.666549,0
70,3,8,246824,11,5291.666549,3968.749882,0
70,8,3,246824,11,3968.749882,5291.666549,0
70,4,5,246824,10,3174.999882,3174.999882,0
70,5,4,246824,10,3174.999882,3174.999882,0
70,4,6,246824,9,3174.999882,5291.666549,0
70,6,4,246824,9,5291.666549,3174.999882,0
70,4,7,246824,9,3174.999882,3174.999882,0
70,7,4,246824,9,3174.999882,3174.999882,0
70,4,13,246824,10,3174.999882,7937.499882,0
70,13,4,246824,10,7937.499882,3174.999882,0
70,5,8,246824,11,3174.999882,3968.749882,0
70,8,5,246824,11,3968.749882,3174.999882,0
70,5,15,246824,23,3174.999882,5291.666549,0
70,15,5,246824,23,5291.666549,3174.999882,0
70,5,20,246824,29,3174.999882,7937.499882,0
70,20,5,246824,29,7937.499882,3174.999882,0
70,6,14,246824,9,5291.666549,2645.833216,0
70,14,6,246824,9,2645.833216,5291.666549,0
70,6,28,246824,30,5291.666549,5291.666549,0
70,28,6,246824,30,5291.666549,5291.666549,0
70,7,9,246824,8,3174.999882,3174.999882,0
70,9,7,246824,8,3174.999882,3174.999882,0
70,7,21,246824,30,3174.999882,7937.499882,0
70,21,7,246824,30,7937.499882,3174.999882,0
70,7,28,246824,31,3174.999882,5291.666549,0
70,28,7,246824,31,5291.666549,3174.999882,0
70,8,9,246824,9,3968.749882,3174.999882,0
70,9,8,246824,9,3174.999882,3968.749882,0
70,8,11,246824,10,3968.749882,3174.999882,0
70,11,8,246824,10,3174.999882,3968.749882,0
70,9,10,246824,10,3174.999882,5291.666549,0
70,10,9,246824,10,5291.666549,3174.999882,0
70,9,12,246824,10,3174.999882,3968.749882,0
70,12,9,246824,10,3968.749882,3174.999882,0
70,9,14,246824,8,3174.999882,2645.833216,0
70,14,9,246824,8,2645.833216,3174.999882,0
70,10,11,246824,11,5291.666549,3174.999882,0
70,11,10,246824,11,3174.999882,5291.666549,0
70,10,12,246824,12,5291.666549,3968.749882,0
70,12,10,246824,12,3968.749882,5291.666549,0
70,11,14,246824,9,3174.999882,2645.833216,0
70,14,11,246824,9,2645.833216,3174.999882,0
70,11,21,246824,29,3174.999882,7937.499882,0
70,21,11,246824,29,7937.499882,3174.999882,0
70,11,24,246824,21,3174.999882,3174.999882,0
70,24,11,246824,21,3174.999882,3174.999882,0
70,12,24,246824,22,3968.749882,3174.999882,0
70,24,12,246824,22,3174.999882,3968.749882,0
70,12,27,246824,35,3968.749882,7937.499882,0
70,27,12,246824,35,7937.499882,3968.749882,0
70,13,14,246824,11,7937.499882,2645.833216,0
70,14,13,246824,11,2645.833216,7937.499882,0
70,14,15,246824,21,2645.833216,5291.666549,0
70,15,14,246824,21,5291.666549,2645.833216,0
70,14,17,246824,23,2645.833216,3968.749882,0
70,17,14,246824,23,3968.749882,2645.833216,0
70,15,16,246824,24,5291.666549,3968.749882,0
70,16,15,246824,24,3968.749882,5291.666549,0
70,16,17,246824,26,3968.749882,3968.749882,0
70,17,16,246824,26,3968.749882,3968.749882,0
70,16,18,246824,30,3968.749882,7937.499882,0
70,18,16,246824,30,7937.499882,3968.749882,0
70,16,19,246824,26,3968.749882,7937.499882,0
70,19,16,246824,26,7937.499882,3968.749882,0
70,17,18,246824,31,3968.749882,7937.499882,0
70,18,17,246824,31,7937.499882,3968.749882,0
70,22,24,246824,40,7937.499882,3174.999882,0
70,24,22,246824,40,3174.999882,7937.499882,0
70,22,25,246824,38,7937.499882,3968.749882,0
70,25,22,246824,38,3968.749882,7937.499882,0
70,23,24,246824,40,7937.499882,3174.999882,0
70,24,23,246824,40,3174.999882,7937.499882,0
70,23,26,246824,41,7937.499882,5291.666549,0
70,26,23,246824,41,5291.666549,7937.499882,0
70,24,25,246824,28,3174.999882,3968.749882,0
70,25,24,246824,28,3968.749882,3174.999882,0
70,25,26,246824,34,3968.749882,5291.666549,0
70,26,25,246824,34,5291.666549,3968.749882,0
70,25,28,246824,32,3968.749882,5291.666549,0
70,28,25,246824,32,5291.666549,3968.749882,0
71,0,1,246824,9,3174.999882,3174.999882,0
71,1,0,246824,9,3174.999882,3174.999882,0
71,0,3,246824,11,3174.999882,5291.666549,0
71,3,0,246824,11,5291.666549,3174.999882,0
71,0,17,246824,25,3174.999882,3968.749882,0
71,17,0,246824,25,3968.749882,3174.999882,0
71,0,19,246824,24,3174.999882,7937.499882,0
71,19,0,246824,24,7937.499882,3174.999882,0
71,0,29,246824,27,3174.999882,7937.499882,0
71,29,0,246824,27,7937.499882,3174.999882,0
71,1,7,246824,9,3174.999882,2267.857025,0
71,7,1,246824,9,2267.857025,3174.999882,0
71,1,20,246824,27,3174.999882,7937.499882,0
71,20,1,246824,27,7937.499882,3174.999882,0
71,1,26,246824,31,3174.999882,5291.666549,0
71,26,1,246824,31,5291.666549,3174.999882,0
71,1,29,246824,25,3174.999882,7937.499882,0
71,29,1,246824,25,7937.499882,3174.999882,0
71,2,3,246824,12,3968.749882,5291.666549,0
71,3,2,246824,12,5291.666549,3968.749882,0
71,2,5,246824,12,3968.749882,3968.749882,0
71,5,2,246824,12,3968.749882,3968.749882,0
71,2,12,246824,13,3968.749882,3968.749882,0
71,12,2,246824,13,3968.749882,3968.749882,0
71,2,27,246824,36,3968.749882,7937.499882,0
71,27,2,246824,36,7937.499882,3968.749882,0
71,3,6,246824,10,5291.666549,3968.749882,0
71,6,3,246824,10,3968.749882,5291.666549,0
71,4,6,246824,9,5291.666549,3968.749882,0
71,6,4,246824,9,3968.749882,5291.666549,0
71,4,7,246824,9,5291.666549,2267.857025,0
71,7,4,246824,9,2267.857025,5291.666549,0
71,4,13,246824,10,5291.666549,5291.666549,0
71,13,4,246824,10,5291.666549,5291.666549,0
71,5,8,246824,11,3968.749882,5291.666549,0
71,8,5,246824,11,5291.666549,3968.749882,0
71,5,15,246824,23,3968.749882,5291.666549,0
71,15,5,246824,23,5291.666549,3968.749882,0
71,5,20,246824,29,3968.749882,7937.499882,0
71,20,5,246824,29,7937.499882,3968.749882,0
71,6,14,246824,9,3968.749882,2267.857025,0
71,14,6,246824,9,2267.857025,3968.749882,0
71,6,28,246824,30,3968.749882,7937.499882,0
71,28,6,246824,30,7937.499882,3968.749882,0
71,7,9,246824,8,2267.857025,3174.999882,0
71,9,7,246824,8,3174.999882,2267.857025,0
71,7,13,246824,11,2267.857025,5291.666549,0
71,13,7,246824,11,5291.666549,2267.857025,0
71,7,14,246824,10,2267.857025,2267.857025,0
71,14,7,246824,10,2267.857025,2267.857025,0
71,7,21,246824,30,2267.857025,7937.499882,0
71,21,7,246824,30,7937.499882,2267.857025,0
71,7,28,246824,31,2267.857025,7937.499882,0
71,28,7,246824,31,7937.499882,2267.857025,0
71,8,9,246824,9,5291.666549,3174.999882,0
71,9,8,246824,9,3174.999882,5291.666549,0
71,8,11,246824,10,5291.666549,3174.999882,0
71,11,8,246824,10,3174.999882,5291.666549,0
71,9,10,246824,10,3174.999882,7937.499882,0
71,10,9,246824,10,7937.499882,3174.999882,0
71,9,12,246824,10,3174.999882,3968.749882,0
71,12,9,246824,10,3968.749882,3174.999882,0
71,9,14,246824,8,3174.999882,2267.857025,0
71,14,9,246824,8,2267.857025,3174.999882,0
71,10,11,246824,11,7937.499882,3174.999882,0
71,11,10,246824,11,3174.999882,7937.499882,0
71,11,14,246824,9,3174.999882,2267.857025,0
71,14,11,246824,9,2267.857025,3174.999882,0
71,11,21,246824,29,3174.999882,7937.499882,0
71,21,11,246824,29,7937.499882,3174.999882,0
71,11,24,246824,21,3174.999882,3174.999882,0
71,24,11,246824,21,3174.999882,3174.999882,0
71,12,24,246824,22,3968.749882,3174.999882,0
71,24,12,246824,22,3174.999882,3968.749882,0
71,12,27,246824,35,3968.749882,7937.499882,0
71,27,12,246824,35,7937.499882,3968.749882,0
71,13,14,246824,11,5291.666549,2267.857025,0
71,14,13,246824,11,2267.857025,5291.666549,0
71,14,15,246824,21,2267.857025,5291.666549,0
71,15,14,246824,21,5291.666549,2267.857025,0
71,14,17,246824,23,2267.857025,3968.749882,0
71,17,14,246824,23,3968.749882,2267.857025,0
71,15,16,246824,24,5291.666549,3968.749882,0
71,16,15,246824,24,3968.749882,5291.666549,0
71,16,17,246824,26,3968.749882,3968.749882,0
71,17,16,246824,26,3968.749882,3968.749882,0
71,16,18,246824,30,3968.749882,7937.499882,0
71,18,16,246824,30,7937.499882,3968.749882,0
71,16,19,246824,26,3968.749882,7937.499882,0
71,19,16,246824,26,7937.499882,3968.749882,0
71,17,18,246824,31,3968.749882,7937.499882,0
71,18,17,246824,31,7937.499882,3968.749882,0
71,22,24,246824,40,7937.499882,3174.999882,0
71,24,22,246824,40,3174.999882,7937.499882,0
71,22,25,246824,38,7937.499882,5291.666549,0
71,25,22,246824,38,5291.666549,7937.499882,0
71,23,24,246824,40,7937.499882,3174.999882,0
71,24,23,246824,40,3174.999882,7937.499882,0
71,23,26,246824,41,7937.499882,5291.666549,0
71,26,23,246824,41,5291.666549,7937.499882,0
71,24,25,246824,28,3174.999882,5291.666549,0
71,25,24,246824,28,5291.666549,3174.999882,0
71,25,26,246824,34,5291.666549,5291.666549,0
71,26,25,246824,34,5291.666549,5291.666549,0
72,0,1,246824,9,3968.749882,3174.999882,0
72,1,0,246824,9,3174.999882,3968.749882,0
72,0,3,246824,11,3968.749882,5291.666549,0
72,3,0,246824,11,5291.666549,3968.749882,0
72,0,19,246824,24,3968.749882,7937.499882,0
72,19,0,246824,24,7937.499882,3968.749882,0
72,0,29,246824,27,3968.749882,7937.499882,0
72,29,0,246824,27,7937.499882,3968.749882,0
72,1,7,246824,9,3174.999882,1984.374882,0
72,7,1,246824,9,1984.374882,3174.999882,0
72,1,20,246824,27,3174.999882,7937.499882,0
72,20,1,246824,27,7937.499882,3174.999882,0
72,1,26,246824,31,3174.999882,5291.666549,0
72,26,1,246824,31,5291.666549,3174.999882,0
72,1,29,246824,25,3174.999882,7937.499882,0
72,29,1,246824,25,7937.499882,3174.999882,0
72,2,3,246824,12,3174.999882,5291.666549,0
72,3,2,246824,12,5291.666549,3174.999882,0
72,2,5,246824,12,3174.999882,3174.999882,0
72,5,2,246824,12,3174.999882,3174.999882,0
72,2,12,246824,13,3174.999882,3968.749882,0
72,12,2,246824,13,3968.749882,3174.999882,0
72,2,17,246824,26,3174.999882,3968.749882,0
72,17,2,246824,26,3968.749882,3174.999882,0
72,2,27,246824,36,3174.999882,5291.666549,0
72,27,2,246824,36,5291.666549,3174.999882,0
72,3,8,246824,11,5291.666549,3174.999882,0
72,8,3,246824,11,3174.999882,5291.666549,0
72,4,7,246824,9,7937.499882,1984.374882,0
72,7,4,246824,9,1984.374882,7937.499882,0
72,4,13,246824,10,7937.499882,5291.666549,0
72,13,4,246824,10,5291.666549,7937.499882,0
72,5,7,246824,11,3174.999882,1984.374882,0
72,7,5,246824,11,1984.374882,3174.999882,0
72,5,8,246824,11,3174.999882,3174.999882,0
72,8,5,246824,11,3174.999882,3174.999882,0
72,5,15,246824,23,3174.999882,5291.666549,0
72,15,5,246824,23,5291.666549,3174.999882,0
72,5,20,246824,29,3174.999882,7937.499882,0
72,20,5,246824,29,7937.499882,3174.999882,0
72,6,8,246824,10,5291.666549,3174.999882,0
72,8,6,246824,10,3174.999882,5291.666549,0
72,6,14,246824,9,5291.666549,2267.857025,0
72,14,6,246824,9,2267.857025,5291.666549,0
72,6,28,246824,30,5291.666549,7937.499882,0
72,28,6,246824,30,7937.499882,5291.666549,0
72,7,9,246824,8,1984.374882,3968.749882,0
72,9,7,246824,8,3968.749882,1984.374882,0
72,7,13,246824,11,1984.374882,5291.666549,0
72,13,7,246824,11,5291.666549,1984.374882,0
72,7,14,246824,10,1984.374882,2267.857025,0
72,14,7,246824,10,2267.857025,1984.374882,0
72,7,21,246824,30,1984.374882,7937.499882,0
72,21,7,246824,30,7937.499882,1984.374882,0
72,7,28,246824,31,1984.374882,7937.499882,0
72,28,7,246824,31,7937.499882,1984.374882,0
72,8,9,246824,9,3174.999882,3968.749882,0
72,9,8,246824,9,3968.749882,3174.999882,0
72,8,11,246824,10,3174.999882,3174.999882,0
72,11,8,246824,10,3174.999882,3174.999882,0
72,9,10,246824,10,3968.749882,5291.666549,0
72,10,9,246824,10,5291.666549,3968.749882,0
72,9,14,246824,8,3968.749882,2267.857025,0
72,14,9,246824,8,2267.857025,3968.749882,0
72,10,11,246824,11,5291.666549,3174.999882,0
72,11,10,246824,11,3174.999882,5291.666549,0
72,10,12,246824,12,5291.666549,3968.749882,0
72,12,10,246824,12,3968.749882,5291.666549,0
72,11,14,246824,9,3174.999882,2267.857025,0
72,14,11,246824,9,2267.857025,3174.999882,0
72,11,21,246824,29,3174.999882,7937.499882,0
72,21,11,246824,29,7937.499882,3174.999882,0
72,11,24,246824,21,3174.999882,3174.999882,0
72,24,11,246824,21,3174.999882,3174.999882,0
72,12,24,246824,22,3968.749882,3174.999882,0
72,24,12,246824,22,3174.999882,3968.749882,0
72,12,27,246824,35,3968.749882,5291.666549,0
72,27,12,246824,35,5291.666549,3968.749882,0
72,13,14,246824,11,5291.666549,2267.857025,0
72,14,13,246824,11,2267.857025,5291.666549,0
72,14,15,246824,21,2267.857025,5291.666549,0
72,15,14,246824,21,5291.666549,2267.857025,0
72,14,17,246824,23,2267.857025,3968.749882,0
72,17,14,246824,23,3968.749882,2267.857025,0
72,15,16,246824,24,5291.666549,3968.749882,0
72,16,15,246824,24,3968.749882,5291.666549,0
72,16,17,246824,26,3968.749882,3968.749882,0
72,17,16,246824,26,3968.749882,3968.749882,0
72,16,18,246824,30,3968.749882,7937.499882,0
72,18,16,246824,30,7937.499882,3968.749882,0
72,16,19,246824,26,3968.749882,7937.499882,0
72,19,16,246824,26,7937.499882,3968.749882,0
72,17,18,246824,31,3968.749882,7937.499882,0
72,18,17,246824,31,7937.499882,3968.749882,0
72,22,24,246824,40,7937.499882,3174.999882,0
72,24,22,246824,40,3174.999882,7937.499882,0
72,22,25,246824,38,7937.499882,3968.749882,0
72,25,22,246824,38,3968.749882,7937.499882,0
72,23,24,246824,40,7937.499882,3174.999882,0
72,24,23,246824,40,3174.999882,7937.499882,0
72,23,26,246824,41,7937.499882,5291.666549,0
72,26,23,246824,41,5291.666549,7937.499882,0
72,24,25,246824,28,3174.999882,3968.749882,0
72,25,24,246824,28,3968.749882,3174.999882,0
72,25,26,246824,34,3968.749882,5291.666549,0
72,26,25,246824,34,5291.666549,3968.749882,0
72,25,27,246824,36,3968.749882,5291.666549,0
72,27,25,246824,36,5291.666549,3968.749882,0
73,0,1,246824,9,3968.749882,3174.999882,0
73,1,0,246824,9,3174.999882,3968.749882,0
73,0,3,246824,11,3968.749882,5291.666549,0
73,3,0,246824,11,5291.666549,3968.749882,0
73,0,19,246824,24,3968.749882,7937.499882,0
73,19,0,246824,24,7937.499882,3968.749882,0
73,0,29,246824,27,3968.749882,7937.499882,0
73,29,0,246824,27,7937.499882,3968.749882,0
73,1,7,246824,9,3174.999882,2645.833216,0
73,7,1,246824,9,2645.833216,3174.999882,0
73,1,20,246824,27,3174.999882,7937.499882,0
73,20,1,246824,27,7937.499882,3174.999882,0
73,1,26,246824,31,3174.999882,5291.666549,0
73,26,1,246824,31,5291.666549,3174.999882,0
73,1,29,246824,25,3174.999882,7937.499882,0
73,29,1,246824,25,7937.499882,3174.999882,0
73,2,3,246824,12,3174.999882,5291.666549,0
73,3,2,246824,12,5291.666549,3174.999882,0
73,2,5,246824,12,3174.999882,3968.749882,0
73,5,2,246824,12,3968.749882,3174.999882,0
73,2,12,246824,13,3174.999882,3174.999882,0
73,12,2,246824,13,3174.999882,3174.999882,0
73,2,17,246824,26,3174.999882,3968.749882,0
73,17,2,246824,26,3968.749882,3174.999882,0
73,2,27,246824,36,3174.999882,7937.499882,0
73,27,2,246824,36,7937.499882,3174.999882,0
73,3,8,246824,11,5291.666549,2645.833216,0
73,8,3,246824,11,2645.833216,5291.666549,0
73,4,7,246824,9,7937.499882,2645.833216,0
73,7,4,246824,9,2645.833216,7937.499882,0
73,4,13,246824,10,7937.499882,5291.666549,0
73,13,4,246824,10,5291.666549,7937.499882,0
73,5,8,246824,11,3968.749882,2645.833216,0
73,8,5,246824,11,2645.833216,3968.749882,0
73,5,15,246824,23,3968.749882,5291.666549,0
73,15,5,246824,23,5291.666549,3968.749882,0
73,5,20,246824,29,3968.749882,7937.499882,0
73,20,5,246824,29,7937.499882,3968.749882,0
73,6,8,246824,10,5291.666549,2645.833216,0
73,8,6,246824,10,2645.833216,5291.666549,0
73,6,14,246824,9,5291.666549,2267.857025,0
73,14,6,246824,9,2267.857025,5291.666549,0
73,6,28,246824,30,5291.666549,5291.666549,0
73,28,6,246824,30,5291.666549,5291.666549,0
73,7,9,246824,8,2645.833216,3174.999882,0
73,9,7,246824,8,3174.999882,2645.833216,0
73,7,14,246824,10,2645.833216,2267.857025,0
73,14,7,246824,10,2267.857025,2645.833216,0
73,7,21,246824,30,2645.833216,7937.499882,0
73,21,7,246824,30,7937.499882,2645.833216,0
73,7,28,246824,31,2645.833216,5291.666549,0
73,28,7,246824,31,5291.666549,2645.833216,0
73,8,9,246824,9,2645.833216,3174.999882,0
73,9,8,246824,9,3174.999882,2645.833216,0
73,8,10,246824,12,2645.833216,7937.499882,0
73,10,8,246824,12,7937.499882,2645.833216,0
73,8,11,246824,10,2645.833216,3968.749882,0
73,11,8,246824,10,3968.749882,2645.833216,0
73,9,10,246824,10,3174.999882,7937.499882,0
73,10,9,246824,10,7937.499882,3174.999882,0
73,9,12,246824,10,3174.999882,3174.999882,0
73,12,9,246824,10,3174.999882,3174.999882,0
73,9,14,246824,8,3174.999882,2267.857025,0
73,14,9,246824,8,2267.857025,3174.999882,0
73,11,14,246824,9,3968.749882,2267.857025,0
73,14,11,246824,9,2267.857025,3968.749882,0
73,11,21,246824,29,3968.749882,7937.499882,0
73,21,11,246824,29,7937.499882,3968.749882,0
73,11,24,246824,21,3968.749882,3174.999882,0
73,24,11,246824,21,3174.999882,3968.749882,0
73,12,13,246824,13,3174.999882,5291.666549,0
73,13,12,246824,13,5291.666549,3174.999882,0
73,12,24,246824,22,3174.999882,3174.999882,0
73,24,12,246824,22,3174.999882,3174.999882,0
73,12,27,246824,35,3174.999882,7937.499882,0
73,27,12,246824,35,7937.499882,3174.999882,0
73,13,14,246824,11,5291.666549,2267.857025,0
73,14,13,246824,11,2267.857025,5291.666549,0
73,14,15,246824,21,2267.857025,5291.666549,0
73,15,14,246824,21,5291.666549,2267.857025,0
73,14,17,246824,23,2267.857025,3968.749882,0
73,17,14,246824,23,3968.749882,2267.857025,0
73,15,16,246824,24,5291.666549,3968.749882,0
73,16,15,246824,24,3968.749882,5291.666549,0
73,16,17,246824,26,3968.749882,3968.749882,0
73,17,16,246824,26,3968.749882,3968.749882,0
73,16,18,246824,30,3968.749882,7937.499882,0
73,18,16,246824,30,7937.499882,3968.749882,0
73,16,19,246824,26,3968.749882,7937.499882,0
73,19,16,246824,26,7937.499882,3968.749882,0
73,17,18,246824,31,3968.749882,7937.499882,0
73,18,17,246824,31,7937.499882,3968.749882,0
73,22,24,246824,40,7937.499882,3174.999882,0
73,24,22,246824,40,3174.999882,7937.499882,0
73,22,25,246824,38,7937.499882,3968.749882,0
73,25,22,246824,38,3968.749882,7937.499882,0
73,23,24,246824,40,7937.499882,3174.999882,0
73,24,23,246824,40,3174.999882,7937.499882,0
73,23,26,246824,41,7937.499882,5291.666549,0
73,26,23,246824,41,5291.666549,7937.499882,0
73,24,25,246824,28,3174.999882,3968.749882,0
73,25,24,246824,28,3968.749882,3174.999882,0
73,25,26,246824,34,3968.749882,5291.666549,0
73,26,25,246824,34,5291.666549,3968.749882,0
73,25,28,246824,32,3968.749882,5291.666549,0
73,28,25,246824,32,5291.666549,3968.749882,0
74,0,1,246824,9,3174.999882,2645.833216,0
74,1,0,246824,9,2645.833216,3174.999882,0
74,0,3,246824,11,3174.999882,3968.749882,0
74,3,0,246824,11,3968.749882,3174.999882,0
74,0,17,246824,25,3174.999882,3968.749882,0
74,17,0,246824,25,3968.749882,3174.999882,0
74,0,19,246824,24,3174.999882,7937.499882,0
74,19,0,246824,24,7937.499882,3174.999882,0
74,0,29,246824,27,3174.999882,7937.499882,0
74,29,0,246824,27,7937.499882,3174.999882,0
74,1,4,246824,8,2645.833216,3968.749882,0
74,4,1,246824,8,3968.749882,2645.833216,0
74,1,7,246824,9,2645.833216,3174.999882,0
74,7,1,246824,9,3174.999882,2645.833216,0
74,1,20,246824,27,2645.833216,7937.499882,0
74,20,1,246824,27,7937.499882,2645.833216,0
74,1,26,246824,31,2645.833216,5291.666549,0
74,26,1,246824,31,5291.666549,2645.833216,0
74,1,29,246824,25,2645.833216,7937.499882,0
74,29,1,246824,25,7937.499882,2645.833216,0
74,2,3,246824,12,5291.666549,3968.749882,0
74,3,2,246824,12,3968.749882,5291.666549,0
74,2,5,246824,12,5291.666549,3174.999882,0
74,5,2,246824,12,3174.999882,5291.666549,0
74,2,27,246824,36,5291.666549,7937.499882,0
74,27,2,246824,36,7937.499882,5291.666549,0
74,3,6,246824,10,3968.749882,3174.999882,0
74,6,3,246824,10,3174.999882,3968.749882,0
74,3,8,246824,11,3968.749882,3174.999882,0
74,8,3,246824,11,3174.999882,3968.749882,0
74,4,5,246824,10,3968.749882,3174.999882,0
74,5,4,246824,10,3174.999882,3968.749882,0
74,4,6,246824,9,3968.749882,3174.999882,0
74,6,4,246824,9,3174.999882,3968.749882,0
74,4,13,246824,10,3968.749882,7937.499882,0
74,13,4,246824,10,7937.499882,3968.749882,0
74,5,8,246824,11,3174.999882,3174.999882,0
74,8,5,246824,11,3174.999882,3174.999882,0
74,5,15,246824,23,3174.999882,5291.666549,0
74,15,5,246824,23,5291.666549,3174.999882,0
74,5,20,246824,29,3174.999882,7937.499882,0
74,20,5,246824,29,7937.499882,3174.999882,0
74,6,8,246824,10,3174.999882,3174.999882,0
74,8,6,246824,10,3174.999882,3174.999882,0
74,6,14,246824,9,3174.999882,2645.833216,0
74,14,6,246824,9,2645.833216,3174.999882,0
74,6,28,246824,30,3174.999882,5291.666549,0
74,28,6,246824,30,5291.666549,3174.999882,0
74,7,9,246824,8,3174.999882,5291.666549,0
74,9,7,246824,8,5291.666549,3174.999882,0
74,7,14,246824,10,3174.999882,2645.833216,0
74,14,7,246824,10,2645.833216,3174.999882,0
74,7,21,246824,30,3174.999882,7937.499882,0
74,21,7,246824,30,7937.499882,3174.999882,0
74,7,28,246824,31,3174.999882,5291.666549,0
74,28,7,246824,31,5291.666549,3174.999882,0
74,8,10,246824,12,3174.999882,5291.666549,0
74,10,8,246824,12,5291.666549,3174.999882,0
74,8,11,246824,10,3174.999882,3174.999882,0
74,11,8,246824,10,3174.999882,3174.999882,0
74,9,12,246824,10,5291.666549,3174.999882,0
74,12,9,246824,10,3174.999882,5291.666549,0
74,9,14,246824,8,5291.666549,2645.833216,0
74,14,9,246824,8,2645.833216,5291.666549,0
74,10,11,246824,11,5291.666549,3174.999882,0
74,11,10,246824,11,3174.999882,5291.666549,0
74,10,12,246824,12,5291.666549,3174.999882,0
74,12,10,246824,12,3174.999882,5291.666549,0
74,11,14,246824,9,3174.999882,2645.833216,0
74,14,11,246824,9,2645.833216,3174.999882,0
74,11,21,246824,29,3174.999882,7937.499882,0
74,21,11,246824,29,7937.499882,3174.999882,0
74,11,24,246824,21,3174.999882,3174.999882,0
74,24,11,246824,21,3174.999882,3174.999882,0
74,12,13,246824,13,3174.999882,7937.499882,0
74,13,12,246824,13,7937.499882,3174.999882,0
74,12,24,246824,22,3174.999882,3174.999882,0
74,24,12,246824,22,3174.999882,3174.999882,0
74,12,27,246824,35,3174.999882,7937.499882,0
74,27,12,246824,35,7937.499882,3174.999882,0
74,14,15,246824,21,2645.833216,5291.666549,0
74,15,14,246824,21,5291.666549,2645.833216,0
74,14,17,246824,23,2645.833216,3968.749882,0
74,17,14,246824,23,3968.749882,2645.833216,0
74,15,16,246824,24,5291.666549,3968.749882,0
74,16,15,246824,24,3968.749882,5291.666549,0
74,16,17,246824,26,3968.749882,3968.749882,0
74,17,16,246824,26,3968.749882,3968.749882,0
74,16,18,246824,30,3968.749882,7937.499882,0
74,18,16,246824,30,7937.499882,3968.749882,0
74,16,19,246824,26,3968.749882,7937.499882,0
74,19,16,246824,26,7937.499882,3968.749882,0
74,17,18,246824,31,3968.749882,7937.499882,0
74,18,17,246824,31,7937.499882,3968.749882,0
74,22,24,246824,40,7937.499882,3174.999882,0
74,24,22,246824,40,3174.999882,7937.499882,0
74,22,25,246824,38,7937.499882,3968.749882,0
74,25,22,246824,38,3968.749882,7937.499882,0
74,23,24,246824,40,7937.499882,3174.999882,0
74,24,23,246824,40,3174.999882,7937.499882,0
74,23,26,246824,41,7937.499882,5291.666549,0
74,26,23,246824,41,5291.666549,7937.499882,0
74,24,25,246824,28,3174.999882,3968.749882,0
74,25,24,246824,28,3968.749882,3174.999882,0
74,25,26,246824,34,3968.749882,5291.666549,0
74,26,25,246824,34,5291.666549,3968.749882,0
74,25,28,246824,32,3968.749882,5291.666549,0
74,28,25,246824,32,5291.666549,3968.749882,0
75,0,1,246824,9,3968.749882,2645.833216,0
75,1,0,246824,9,2645.833216,3968.749882,0
75,0,3,246824,11,3968.749882,3968.749882,0
75,3,0,246824,11,3968.749882,3968.749882,0
75,0,19,246824,24,3968.749882,7937.499882,0
75,19,0,246824,24,7937.499882,3968.749882,0
75,0,29,246824,27,3968.749882,7937.499882,0
75,29,0,246824,27,7937.499882,3968.749882,0
75,1,4,246824,8,2645.833216,3968.749882,0
75,4,1,246824,8,3968.749882,2645.833216,0
75,1,7,246824,9,2645.833216,3174.999882,0
75,7,1,246824,9,3174.999882,2645.833216,0
75,1,20,246824,27,2645.833216,7937.499882,0
75,20,1,246824,27,7937.499882,2645.833216,0
75,1,26,246824,31,2645.833216,5291.666549,0
75,26,1,246824,31,5291.666549,2645.833216,0
75,1,29,246824,25,2645.833216,7937.499882,0
75,29,1,246824,25,7937.499882,2645.833216,0
75,2,3,246824,12,3968.749882,3968.749882,0
75,3,2,246824,12,3968.749882,3968.749882,0
75,2,5,246824,12,3968.749882,3174.999882,0
75,5,2,246824,12,3174.999882,3968.749882,0
75,2,17,246824,26,3968.749882,3968.749882,0
75,17,2,246824,26,3968.749882,3968.749882,0
75,2,27,246824,36,3968.749882,7937.499882,0
75,27,2,246824,36,7937.499882,3968.749882,0
75,3,6,246824,10,3968.749882,2645.833216,0
75,6,3,246824,10,2645.833216,3968.749882,0
75,3,8,246824,11,3968.749882,3968.749882,0
75,8,3,246824,11,3968.749882,3968.749882,0
75,4,5,246824,10,3968.749882,3174.999882,0
75,5,4,246824,10,3174.999882,3968.749882,0
75,4,6,246824,9,3968.749882,2645.833216,0
75,6,4,246824,9,2645.833216,3968.749882,0
75,4,13,246824,10,3968.749882,7937.499882,0
75,13,4,246824,10,7937.499882,3968.749882,0
75,5,8,246824,11,3174.999882,3968.749882,0
75,8,5,246824,11,3968.749882,3174.999882,0
75,5,15,246824,23,3174.999882,5291.666549,0
75,15,5,246824,23,5291.666549,3174.999882,0
75,5,20,246824,29,3174.999882,7937.499882,0
75,20,5,246824,29,7937.499882,3174.999882,0
75,6,7,246824,10,2645.833216,3174.999882,0
75,7,6,246824,10,3174.999882,2645.833216,0
75,6,8,246824,10,2645.833216,3968.749882,0
75,8,6,246824,10,3968.749882,2645.833216,0
75,6,14,246824,9,2645.833216,2645.833216,0
75,14,6,246824,9,2645.833216,2645.833216,0
75,6,28,246824,30,2645.833216,7937.499882,0
75,28,6,246824,30,7937.499882,2645.833216,0
75,7,9,246824,8,3174.999882,3968.749882,0
75,9,7,246824,8,3968.749882,3174.999882,0
75,7,21,246824,30,3174.999882,7937.499882,0
75,21,7,246824,30,7937.499882,3174.999882,0
75,7,28,246824,31,3174.999882,7937.499882,0
75,28,7,246824,31,7937.499882,3174.999882,0
75,8,11,246824,10,3968.749882,3174.999882,0
75,11,8,246824,10,3174.999882,3968.749882,0
75,9,10,246824,10,3968.749882,5291.666549,0
75,10,9,246824,10,5291.666549,3968.749882,0
75,9,12,246824,10,3968.749882,3968.749882,0
75,12,9,246824,10,3968.749882,3968.749882,0
75,9,14,246824,8,3968.749882,2645.833216,0
75,14,9,246824,8,2645.833216,3968.749882,0
75,10,11,246824,11,5291.666549,3174.999882,0
75,11,10,246824,11,3174.999882,5291.666549,0
75,10,12,246824,12,5291.666549,3968.749882,0
75,12,10,246824,12,3968.749882,5291.666549,0
75,11,14,246824,9,3174.999882,2645.833216,0
75,14,11,246824,9,2645.833216,3174.999882,0
75,11,21,246824,29,3174.999882,7937.499882,0
75,21,11,246824,29,7937.499882,3174.999882,0
75,11,24,246824,21,3174.999882,3174.999882,0
75,24,11,246824,21,3174.999882,3174.999882,0
75,12,24,246824,22,3968.749882,3174.999882,0
75,24,12,246824,22,3174.999882,3968.749882,0
75,12,27,246824,35,3968.749882,7937.499882,0
75,27,12,246824,35,7937.499882,3968.749882,0
75,13,14,246824,11,7937.499882,2645.833216,0
75,14,13,246824,11,2645.833216,7937.499882,0
75,14,15,246824,21,2645.833216,5291.666549,0
75,15,14,246824,21,5291.666549,2645.833216,0
75,14,17,246824,23,2645.833216,3968.749882,0
75,17,14,246824,23,3968.749882,2645.833216,0
75,15,16,246824,24,5291.666549,3968.749882,0
75,16,15,246824,24,3968.749882,5291.666549,0
75,16,17,246824,26,3968.749882,3968.749882,0
75,17,16,246824,26,3968.749882,3968.749882,0
75,16,18,246824,30,3968.749882,7937.499882,0
75,18,16,246824,30,7937.499882,3968.749882,0
75,16,19,246824,26,3968.749882,7937.499882,0
75,19,16,246824,26,7937.499882,3968.749882,0
75,17,18,246824,31,3968.749882,7937.499882,0
75,18,17,246824,31,7937.499882,3968.749882,0
75,22,24,246824,40,7937.499882,3174.999882,0
75,24,22,246824,40,3174.999882,7937.499882,0
75,22,25,246824,38,7937.499882,5291.666549,0
75,25,22,246824,38,5291.666549,7937.499882,0
75,23,24,246824,40,7937.499882,3174.999882,0
75,24,23,246824,40,3174.999882,7937.499882,0
75,23,26,246824,41,7937.499882,5291.666549,0
75,26,23,246824,41,5291.666549,7937.499882,0
75,24,25,246824,28,3174.999882,5291.666549,0
75,25,24,246824,28,5291.666549,3174.999882,0
75,25,26,246824,34,5291.666549,5291.666549,0
75,26,25,246824,34,5291.666549,5291.666549,0
76,0,1,246824,9,3968.749882,2645.833216,0
76,1,0,246824,9,2645.833216,3968.749882,0
76,0,3,246824,11,3968.749882,5291.666549,0
76,3,0,246824,11,5291.666549,3968.749882,0
76,0,19,246824,24,3968.749882,7937.499882,0
76,19,0,246824,24,7937.499882,3968.749882,0
76,0,29,246824,27,3968.749882,7937.499882,0
76,29,0,246824,27,7937.499882,3968.749882,0
76,1,4,246824,8,2645.833216,3968.749882,0
76,4,1,246824,8,3968.749882,2645.833216,0
76,1,7,246824,9,2645.833216,3968.749882,0
76,7,1,246824,9,3968.749882,2645.833216,0
76,1,20,246824,27,2645.833216,7937.499882,0
76,20,1,246824,27,7937.499882,2645.833216,0
76,1,26,246824,31,2645.833216,5291.666549,0
76,26,1,246824,31,5291.666549,2645.833216,0
76,1,29,246824,25,2645.833216,7937.499882,0
76,29,1,246824,25,7937.499882,2645.833216,0
76,2,3,246824,12,3968.749882,5291.666549,0
76,3,2,246824,12,5291.666549,3968.749882,0
76,2,5,246824,12,3968.749882,3174.999882,0
76,5,2,246824,12,3174.999882,3968.749882,0
76,2,17,246824,26,3968.749882,3968.749882,0
76,17,2,246824,26,3968.749882,3968.749882,0
76,2,27,246824,36,3968.749882,7937.499882,0
76,27,2,246824,36,7937.499882,3968.749882,0
76,3,6,246824,10,5291.666549,3174.999882,0
76,6,3,246824,10,3174.999882,5291.666549,0
76,4,5,246824,10,3968.749882,3174.999882,0
76,5,4,246824,10,3174.999882,3968.749882,0
76,4,6,246824,9,3968.749882,3174.999882,0
76,6,4,246824,9,3174.999882,3968.749882,0
76,4,13,246824,10,3968.749882,7937.499882,0
76,13,4,246824,10,7937.499882,3968.749882,0
76,5,8,246824,11,3174.999882,3968.749882,0
76,8,5,246824,11,3968.749882,3174.999882,0
76,5,15,246824,23,3174.999882,5291.666549,0
76,15,5,246824,23,5291.666549,3174.999882,0
76,5,20,246824,29,3174.999882,7937.499882,0
76,20,5,246824,29,7937.499882,3174.999882,0
76,6,8,246824,10,3174.999882,3968.749882,0
76,8,6,246824,10,3968.749882,3174.999882,0
76,6,14,246824,9,3174.999882,3174.999882,0
76,14,6,246824,9,3174.999882,3174.999882,0
76,6,28,246824,30,3174.999882,5291.666549,0
76,28,6,246824,30,5291.666549,3174.999882,0
76,7,9,246824,8,3968.749882,3174.999882,0
76,9,7,246824,8,3174.999882,3968.749882,0
76,7,21,246824,30,3968.749882,7937.499882,0
76,21,7,246824,30,7937.499882,3968.749882,0
76,7,28,246824,31,3968.749882,5291.666549,0
76,28,7,246824,31,5291.666549,3968.749882,0
76,8,9,246824,9,3968.749882,3174.999882,0
76,9,8,246824,9,3174.999882,3968.749882,0
76,8,11,246824,10,3968.749882,3174.999882,0
76,11,8,246824,10,3174.999882,3968.749882,0
76,9,10,246824,10,3174.999882,5291.666549,0
76,10,9,246824,10,5291.666549,3174.999882,0
76,9,12,246824,10,3174.999882,3174.999882,0
76,12,9,246824,10,3174.999882,3174.999882,0
76,9,14,246824,8,3174.999882,3174.999882,0
76,14,9,246824,8,3174.999882,3174.999882,0
76,10,11,246824,11,5291.666549,3174.999882,0
76,11,10,246824,11,3174.999882,5291.666549,0
76,10,12,246824,12,5291.666549,3174.999882,0
76,12,10,246824,12,3174.999882,5291.666549,0
76,11,14,246824,9,3174.999882,3174.999882,0
76,14,11,246824,9,3174.999882,3174.999882,0
76,11,21,246824,29,3174.999882,7937.499882,0
76,21,11,246824,29,7937.499882,3174.999882,0
76,11,24,246824,21,3174.999882,3968.749882,0
76,24,11,246824,21,3968.749882,3174.999882,0
76,12,13,246824,13,3174.999882,7937.499882,0
76,13,12,246824,13,7937.499882,3174.999882,0
76,12,24,246824,22,3174.999882,3968.749882,0
76,24,12,246824,22,3968.749882,3174.999882,0
76,12,27,246824,35,3174.999882,7937.499882,0
76,27,12,246824,35,7937.499882,3174.999882,0
76,14,15,246824,21,3174.999882,5291.666549,0
76,15,14,246824,21,5291.666549,3174.999882,0
76,14,17,246824,23,3174.999882,3968.749882,0
76,17,14,246824,23,3968.749882,3174.999882,0
76,15,16,246824,24,5291.666549,3968.749882,0
76,16,15,246824,24,3968.749882,5291.666549,0
76,16,17,246824,26,3968.749882,3968.749882,0
76,17,16,246824,26,3968.749882,3968.749882,0
76,16,18,246824,30,3968.749882,7937.499882,0
76,18,16,246824,30,7937.499882,3968.749882,0
76,16,19,246824,26,3968.749882,7937.499882,0
76,19,16,246824,26,7937.499882,3968.749882,0
76,17,18,246824,31,3968.749882,7937.499882,0
76,18,17,246824,31,7937.499882,3968.749882,0
76,22,24,246824,40,7937.499882,3968.749882,0
76,24,22,246824,40,3968.749882,7937.499882,0
76,22,25,246824,38,7937.499882,5291.666549,0
76,25,22,246824,38,5291.666549,7937.499882,0
76,23,24,246824,40,7937.499882,3968.749882,0
76,24,23,246824,40,3968.749882,7937.499882,0
76,23,26,246824,41,7937.499882,5291.666549,0
76,26,23,246824,41,5291.666549,7937.499882,0
76,25,26,246824,34,5291.666549,5291.666549,0
76,26,25,246824,34,5291.666549,5291.666549,0
76,25,28,246824,32,5291.666549,5291.666549,0
76,28,25,246824,32,5291.666549,5291.666549,0
77,0,1,246824,9,3968.749882,2645.833216,0
77,1,0,246824,9,2645.833216,3968.749882,0
77,0,3,246824,11,3968.749882,5291.666549,0
77,3,0,246824,11,5291.666549,3968.749882,0
77,0,19,246824,24,3968.749882,7937.499882,0
77,19,0,246824,24,7937.499882,3968.749882,0
77,0,29,246824,27,3968.749882,7937.499882,0
77,29,0,246824,27,7937.499882,3968.749882,0
77,1,4,246824,8,2645.833216,3174.999882,0
77,4,1,246824,8,3174.999882,2645.833216,0
77,1,7,246824,9,2645.833216,2645.833216,0
77,7,1,246824,9,2645.833216,2645.833216,0
77,1,20,246824,27,2645.833216,7937.499882,0
77,20,1,246824,27,7937.499882,2645.833216,0
77,1,26,246824,31,2645.833216,5291.666549,0
77,26,1,246824,31,5291.666549,2645.833216,0
77,1,29,246824,25,2645.833216,7937.499882,0
77,29,1,246824,25,7937.499882,2645.833216,0
77,2,3,246824,12,3968.749882,5291.666549,0
77,3,2,246824,12,5291.666549,3968.749882,0
77,2,5,246824,12,3968.749882,3968.749882,0
77,5,2,246824,12,3968.749882,3968.749882,0
77,2,17,246824,26,3968.749882,3968.749882,0
77,17,2,246824,26,3968.749882,3968.749882,0
77,2,27,246824,36,3968.749882,7937.499882,0
77,27,2,246824,36,7937.499882,3968.749882,0
77,3,8,246824,11,5291.666549,5291.666549,0
77,8,3,246824,11,5291.666549,5291.666549,0
77,4,5,246824,10,3174.999882,3968.749882,0
77,5,4,246824,10,3968.749882,3174.999882,0
77,4,6,246824,9,3174.999882,5291.666549,0
77,6,4,246824,9,5291.666549,3174.999882,0
77,4,7,246824,9,3174.999882,2645.833216,0
77,7,4,246824,9,2645.833216,3174.999882,0
77,4,13,246824,10,3174.999882,7937.499882,0
77,13,4,246824,10,7937.499882,3174.999882,0
77,5,15,246824,23,3968.749882,5291.666549,0
77,15,5,246824,23,5291.666549,3968.749882,0
77,5,20,246824,29,3968.749882,7937.499882,0
77,20,5,246824,29,7937.499882,3968.749882,0
77,6,14,246824,9,5291.666549,2267.857025,0
77,14,6,246824,9,2267.857025,5291.666549,0
77,6,28,246824,30,5291.666549,7937.499882,0
77,28,6,246824,30,7937.499882,5291.666549,0
77,7,9,246824,8,2645.833216,3174.999882,0
77,9,7,246824,8,3174.999882,2645.833216,0
77,7,14,246824,10,2645.833216,2267.857025,0
77,14,7,246824,10,2267.857025,2645.833216,0
77,7,21,246824,30,2645.833216,7937.499882,0
77,21,7,246824,30,7937.499882,2645.833216,0
77,7,28,246824,31,2645.833216,7937.499882,0
77,28,7,246824,31,7937.499882,2645.833216,0
77,8,9,246824,9,5291.666549,3174.999882,0
77,9,8,246824,9,3174.999882,5291.666549,0
77,8,11,246824,10,5291.666549,3174.999882,0
77,11,8,246824,10,3174.999882,5291.666549,0
77,9,10,246824,10,3174.999882,5291.666549,0
77,10,9,246824,10,5291.666549,3174.999882,0
77,9,12,246824,10,3174.999882,3968.749882,0
77,12,9,246824,10,3968.749882,3174.999882,0
77,9,14,246824,8,3174.999882,2267.857025,0
77,14,9,246824,8,2267.857025,3174.999882,0
77,10,11,246824,11,5291.666549,3174.999882,0
77,11,10,246824,11,3174.999882,5291.666549,0
77,10,12,246824,12,5291.666549,3968.749882,0
77,12,10,246824,12,3968.749882,5291.666549,0
77,11,14,246824,9,3174.999882,2267.857025,0
77,14,11,246824,9,2267.857025,3174.999882,0
77,11,21,246824,29,3174.999882,7937.499882,0
77,21,11,246824,29,7937.499882,3174.999882,0
77,11,24,246824,21,3174.999882,3174.999882,0
77,24,11,246824,21,3174.999882,3174.999882,0
77,12,24,246824,22,3968.749882,3174.999882,0
77,24,12,246824,22,3174.999882,3968.749882,0
77,12,27,246824,35,3968.749882,7937.499882,0
77,27,12,246824,35,7937.499882,3968.749882,0
77,13,14,246824,11,7937.499882,2267.857025,0
77,14,13,246824,11,2267.857025,7937.499882,0
77,14,15,246824,21,2267.857025,5291.666549,0
77,15,14,246824,21,5291.666549,2267.857025,0
77,14,17,246824,23,2267.857025,3968.749882,0
77,17,14,246824,23,3968.749882,2267.857025,0
77,15,16,246824,24,5291.666549,3968.749882,0
77,16,15,246824,24,3968.749882,5291.666549,0
77,16,17,246824,26,3968.749882,3968.749882,0
77,17,16,246824,26,3968.749882,3968.749882,0
77,16,18,246824,30,3968.749882,7937.499882,0
77,18,16,246824,30,7937.499882,3968.749882,0
77,16,19,246824,26,3968.749882,7937.499882,0
77,19,16,246824,26,7937.499882,3968.749882,0
77,17,18,246824,31,3968.749882,7937.499882,0
77,18,17,246824,31,7937.499882,3968.749882,0
77,22,24,246824,40,7937.499882,3174.999882,0
77,24,22,246824,40,3174.999882,7937.499882,0
77,22,25,246824,38,7937.499882,5291.666549,0
77,25,22,246824,38,5291.666549,7937.499882,0
77,23,24,246824,40,7937.499882,3174.999882,0
77,24,23,246824,40,3174.999882,7937.499882,0
77,23,26,246824,41,7937.499882,5291.666549,0
77,26,23,246824,41,5291.666549,7937.499882,0
77,24,25,246824,28,3174.999882,5291.666549,0
77,25,24,246824,28,5291.666549,3174.999882,0
77,25,26,246824,34,5291.666549,5291.666549,0
77,26,25,246824,34,5291.666549,5291.666549,0
78,0,1,246824,9,3174.999882,2645.833216,0
78,1,0,246824,9,2645.833216,3174.999882,0
78,0,3,246824,11,3174.999882,3968.749882,0
78,3,0,246824,11,3968.749882,3174.999882,0
78,0,17,246824,25,3174.999882,3968.749882,0
78,17,0,246824,25,3968.749882,3174.999882,0
78,0,19,246824,24,3174.999882,7937.499882,0
78,19,0,246824,24,7937.499882,3174.999882,0
78,0,29,246824,27,3174.999882,7937.499882,0
78,29,0,246824,27,7937.499882,3174.999882,0
78,1,4,246824,8,2645.833216,3968.749882,0
78,4,1,246824,8,3968.749882,2645.833216,0
78,1,7,246824,9,2645.833216,3174.999882,0
78,7,1,246824,9,3174.999882,2645.833216,0
78,1,20,246824,27,2645.833216,7937.499882,0
78,20,1,246824,27,7937.499882,2645.833216,0
78,1,26,246824,31,2645.833216,5291.666549,0
78,26,1,246824,31,5291.666549,2645.833216,0
78,1,29,246824,25,2645.833216,7937.499882,0
78,29,1,246824,25,7937.499882,2645.833216,0
78,2,3,246824,12,5291.666549,3968.749882,0
78,3,2,246824,12,3968.749882,5291.666549,0
78,2,5,246824,12,5291.666549,3174.999882,0
78,5,2,246824,12,3174.999882,5291.666549,0
78,2,27,246824,36,5291.666549,7937.499882,0
78,27,2,246824,36,7937.499882,5291.666549,0
78,3,6,246824,10,3968.749882,2645.833216,0
78,6,3,246824,10,2645.833216,3968.749882,0
78,3,8,246824,11,3968.749882,2645.833216,0
78,8,3,246824,11,2645.833216,3968.749882,0
78,4,5,246824,10,3968.749882,3174.999882,0
78,5,4,246824,10,3174.999882,3968.749882,0
78,4,6,246824,9,3968.749882,2645.833216,0
78,6,4,246824,9,2645.833216,3968.749882,0
78,4,13,246824,10,3968.749882,7937.499882,0
78,13,4,246824,10,7937.499882,3968.749882,0
78,5,8,246824,11,3174.999882,2645.833216,0
78,8,5,246824,11,2645.833216,3174.999882,0
78,5,15,246824,23,3174.999882,5291.666549,0
78,15,5,246824,23,5291.666549,3174.999882,0
78,5,20,246824,29,3174.999882,7937.499882,0
78,20,5,246824,29,7937.499882,3174.999882,0
78,6,7,246824,10,2645.833216,3174.999882,0
78,7,6,246824,10,3174.999882,2645.833216,0
78,6,8,246824,10,2645.833216,2645.833216,0
78,8,6,246824,10,2645.833216,2645.833216,0
78,6,14,246824,9,2645.833216,2645.833216,0
78,14,6,246824,9,2645.833216,2645.833216,0
78,6,28,246824,30,2645.833216,5291.666549,0
78,28,6,246824,30,5291.666549,2645.833216,0
78,7,9,246824,8,3174.999882,3968.749882,0
78,9,7,246824,8,3968.749882,3174.999882,0
78,7,21,246824,30,3174.999882,7937.499882,0
78,21,7,246824,30,7937.499882,3174.999882,0
78,7,28,246824,31,3174.999882,5291.666549,0
78,28,7,246824,31,5291.666549,3174.999882,0
78,8,9,246824,9,2645.833216,3968.749882,0
78,9,8,246824,9,3968.749882,2645.833216,0
78,8,10,246824,12,2645.833216,5291.666549,0
78,10,8,246824,12,5291.666549,2645.833216,0
78,8,11,246824,10,2645.833216,3174.999882,0
78,11,8,246824,10,3174.999882,2645.833216,0
78,9,12,246824,10,3968.749882,3968.749882,0
78,12,9,246824,10,3968.749882,3968.749882,0
78,9,14,246824,8,3968.749882,2645.833216,0
78,14,9,246824,8,2645.833216,3968.749882,0
78,10,11,246824,11,5291.666549,3174.999882,0
78,11,10,246824,11,3174.999882,5291.666549,0
78,10,12,246824,12,5291.666549,3968.749882,0
78,12,10,246824,12,3968.749882,5291.666549,0
78,11,14,246824,9,3174.999882,2645.833216,0
78,14,11,246824,9,2645.833216,3174.999882,0
78,11,21,246824,29,3174.999882,7937.499882,0
78,21,11,246824,29,7937.499882,3174.999882,0
78,11,24,246824,21,3174.999882,3174.999882,0
78,24,11,246824,21,3174.999882,3174.999882,0
78,12,24,246824,22,3968.749882,3174.999882,0
78,24,12,246824,22,3174.999882,3968.749882,0
78,12,27,246824,35,3968.749882,7937.499882,0
78,27,12,246824,35,7937.499882,3968.749882,0
78,13,14,246824,11,7937.499882,2645.833216,0
78,14,13,246824,11,2645.833216,7937.499882,0
78,14,15,246824,21,2645.833216,5291.666549,0
78,15,14,246824,21,5291.666549,2645.833216,0
78,14,17,246824,23,2645.833216,3968.749882,0
78,17,14,246824,23,3968.749882,2645.833216,0
78,15,16,246824,24,5291.666549,3968.749882,0
78,16,15,246824,24,3968.749882,5291.666549,0
78,16,17,246824,26,3968.749882,3968.749882,0
78,17,16,246824,26,3968.749882,3968.749882,0
78,16,18,246824,30,3968.749882,7937.499882,0
78,18,16,246824,30,7937.499882,3968.749882,0
78,16,19,246824,26,3968.749882,7937.499882,0
78,19,16,246824,26,7937.499882,3968.749882,0
78,17,18,246824,31,3968.749882,7937.499882,0
78,18,17,246824,31,7937.499882,3968.749882,0
78,22,24,246824,40,7937.499882,3174.999882,0
78,24,22,246824,40,3174.999882,7937.499882,0
78,22,25,246824,38,7937.499882,3968.749882,0
78,25,22,246824,38,3968.749882,7937.499882,0
78,23,24,246824,40,7937.499882,3174.999882,0
78,24,23,246824,40,3174.999882,7937.499882,0
78,23,26,246824,41,7937.499882,5291.666549,0
78,26,23,246824,41,5291.666549,7937.499882,0
78,24,25,246824,28,3174.999882,3968.749882,0
78,25,24,246824,28,3968.749882,3174.999882,0
78,25,26,246824,34,3968.749882,5291.666549,0
78,26,25,246824,34,5291.666549,3968.749882,0
78,25,28,246824,32,3968.749882,5291.666549,0
78,28,25,246824,32,5291.666549,3968.749882,0
79,0,1,246824,9,3968.749882,2645.833216,0
79,1,0,246824,9,2645.833216,3968.749882,0
79,0,3,246824,11,3968.749882,5291.666549,0
79,3,0,246824,11,5291.666549,3968.749882,0
79,0,19,246824,24,3968.749882,7937.499882,0
79,19,0,246824,24,7937.499882,3968.749882,0
79,0,29,246824,27,3968.749882,7937.499882,0
79,29,0,246824,27,7937.499882,3968.749882,0
79,1,4,246824,8,2645.833216,3968.749882,0
79,4,1,246824,8,3968.749882,2645.833216,0
79,1,7,246824,9,2645.833216,3174.999882,0
79,7,1,246824,9,3174.999882,2645.833216,0
79,1,20,246824,27,2645.833216,7937.499882,0
79,20,1,246824,27,7937.499882,2645.833216,0
79,1,26,246824,31,2645.833216,5291.666549,0
79,26,1,246824,31,5291.666549,2645.833216,0
79,1,29,246824,25,2645.833216,7937.499882,0
79,29,1,246824,25,7937.499882,2645.833216,0
79,2,3,246824,12,3174.999882,5291.666549,0
79,3,2,246824,12,5291.666549,3174.999882,0
79,2,5,246824,12,3174.999882,3174.999882,0
79,5,2,246824,12,3174.999882,3174.999882,0
79,2,12,246824,13,3174.999882,3968.749882,0
79,12,2,246824,13,3968.749882,3174.999882,0
79,2,17,246824,26,3174.999882,3968.749882,0
79,17,2,246824,26,3968.749882,3174.999882,0
79,2,27,246824,36,3174.999882,7937.499882,0
79,27,2,246824,36,7937.499882,3174.999882,0
79,3,6,246824,10,5291.666549,3968.749882,0
79,6,3,246824,10,3968.749882,5291.666549,0
79,4,5,246824,10,3968.749882,3174.999882,0
79,5,4,246824,10,3174.999882,3968.749882,0
79,4,6,246824,9,3968.749882,3968.749882,0
79,6,4,246824,9,3968.749882,3968.749882,0
79,4,13,246824,10,3968.749882,7937.499882,0
79,13,4,246824,10,7937.499882,3968.749882,0
79,5,7,246824,11,3174.999882,3174.999882,0
79,7,5,246824,11,3174.999882,3174.999882,0
79,5,15,246824,23,3174.999882,5291.666549,0
79,15,5,246824,23,5291.666549,3174.999882,0
79,5,20,246824,29,3174.999882,7937.499882,0
79,20,5,246824,29,7937.499882,3174.999882,0
79,6,14,246824,9,3968.749882,2645.833216,0
79,14,6,246824,9,2645.833216,3968.749882,0
79,6,28,246824,30,3968.749882,5291.666549,0
79,28,6,246824,30,5291.666549,3968.749882,0
79,7,9,246824,8,3174.999882,3968.749882,0
79,9,7,246824,8,3968.749882,3174.999882,0
79,7,21,246824,30,3174.999882,7937.499882,0
79,21,7,246824,30,7937.499882,3174.999882,0
79,7,28,246824,31,3174.999882,5291.666549,0
79,28,7,246824,31,5291.666549,3174.999882,0
79,8,9,246824,9,7937.499882,3968.749882,0
79,9,8,246824,9,3968.749882,7937.499882,0
79,8,11,246824,10,7937.499882,3174.999882,0
79,11,8,246824,10,3174.999882,7937.499882,0
79,9,10,246824,10,3968.749882,5291.666549,0
79,10,9,246824,10,5291.666549,3968.749882,0
79,9,14,246824,8,3968.749882,2645.833216,0
79,14,9,246824,8,2645.833216,3968.749882,0
79,10,11,246824,11,5291.666549,3174.999882,0
79,11,10,246824,11,3174.999882,5291.666549,0
79,10,12,246824,12,5291.666549,3968.749882,0
79,12,10,246824,12,3968.749882,5291.666549,0
79,11,14,246824,9,3174.999882,2645.833216,0
79,14,11,246824,9,2645.833216,3174.999882,0
79,11,21,246824,29,3174.999882,7937.499882,0
79,21,11,246824,29,7937.499882,3174.999882,0
79,11,24,246824,21,3174.999882,3174.999882,0
79,24,11,246824,21,3174.999882,3174.999882,0
79,12,24,246824,22,3968.749882,3174.999882,0
79,24,12,246824,22,3174.999882,3968.749882,0
79,12,27,246824,35,3968.749882,7937.499882,0
79,27,12,246824,35,7937.499882,3968.749882,0
79,13,14,246824,11,7937.499882,2645.833216,0
79,14,13,246824,11,2645.833216,7937.499882,0
79,14,15,246824,21,2645.833216,5291.666549,0
79,15,14,246824,21,5291.666549,2645.833216,0
79,14,17,246824,23,2645.833216,3968.749882,0
79,17,14,246824,23,3968.749882,2645.833216,0
79,15,16,246824,24,5291.666549,3968.749882,0
79,16,15,246824,24,3968.749882,5291.666549,0
79,16,17,246824,26,3968.749882,3968.749882,0
79,17,16,246824,26,3968.749882,3968.749882,0
79,16,18,246824,30,3968.749882,7937.499882,0
79,18,16,246824,30,7937.499882,3968.749882,0
79,16,19,246824,26,3968.749882,7937.499882,0
79,19,16,246824,26,7937.499882,3968.749882,0
79,17,18,246824,31,3968.749882,7937.499882,0
79,18,17,246824,31,7937.499882,3968.749882,0
79,22,24,246824,40,7937.499882,3174.999882,0
79,24,22,246824,40,3174.999882,7937.499882,0
79,22,25,246824,38,7937.499882,3968.749882,0
79,25,22,246824,38,3968.749882,7937.499882,0
79,23,24,246824,40,7937.499882,3174.999882,0
79,24,23,246824,40,3174.999882,7937.499882,0
79,23,26,246824,41,7937.499882,5291.666549,0
79,26,23,246824,41,5291.666549,7937.499882,0
79,24,25,246824,28,3174.999882,3968.749882,0
79,25,24,246824,28,3968.749882,3174.999882,0
79,25,26,246824,34,3968.749882,5291.666549,0
79,26,25,246824,34,5291.666549,3968.749882,0
79,25,28,246824,32,3968.749882,5291.666549,0
79,28,25,246824,32,5291.666549,3968.749882,0
80,0,1,246824,9,3968.749882,2645.833216,0
80,1,0,246824,9,2645.833216,3968.749882,0
80,0,3,246824,11,3968.749882,5291.666549,0
80,3,0,246824,11,5291.666549,3968.749882,0
80,0,19,246824,24,3968.749882,7937.499882,0
80,19,0,246824,24,7937.499882,3968.749882,0
80,0,29,246824,27,3968.749882,7937.499882,0
80,29,0,246824,27,7937.499882,3968.749882,0
80,1,4,246824,8,2645.833216,3174.999882,0
80,4,1,246824,8,3174.999882,2645.833216,0
80,1,7,246824,9,2645.833216,2267.857025,0
80,7,1,246824,9,2267.857025,2645.833216,0
80,1,20,246824,27,2645.833216,7937.499882,0
80,20,1,246824,27,7937.499882,2645.833216,0
80,1,26,246824,31,2645.833216,5291.666549,0
80,26,1,246824,31,5291.666549,2645.833216,0
80,1,29,246824,25,2645.833216,7937.499882,0
80,29,1,246824,25,7937.499882,2645.833216,0
80,2,3,246824,12,3174.999882,5291.666549,0
80,3,2,246824,12,5291.666549,3174.999882,0
80,2,5,246824,12,3174.999882,3174.999882,0
80,5,2,246824,12,3174.999882,3174.999882,0
80,2,12,246824,13,3174.999882,3968.749882,0
80,12,2,246824,13,3968.749882,3174.999882,0
80,2,17,246824,26,3174.999882,3968.749882,0
80,17,2,246824,26,3968.749882,3174.999882,0
80,2,27,246824,36,3174.999882,7937.499882,0
80,27,2,246824,36,7937.499882,3174.999882,0
80,3,8,246824,11,5291.666549,2645.833216,0
80,8,3,246824,11,2645.833216,5291.666549,0
80,4,5,246824,10,3174.999882,3174.999882,0
80,5,4,246824,10,3174.999882,3174.999882,0
80,4,6,246824,9,3174.999882,5291.666549,0
80,6,4,246824,9,5291.666549,3174.999882,0
80,4,7,246824,9,3174.999882,2267.857025,0
80,7,4,246824,9,2267.857025,3174.999882,0
80,4,13,246824,10,3174.999882,7937.499882,0
80,13,4,246824,10,7937.499882,3174.999882,0
80,5,8,246824,11,3174.999882,2645.833216,0
80,8,5,246824,11,2645.833216,3174.999882,0
80,5,15,246824,23,3174.999882,5291.666549,0
80,15,5,246824,23,5291.666549,3174.999882,0
80,5,20,246824,29,3174.999882,7937.499882,0
80,20,5,246824,29,7937.499882,3174.999882,0
80,6,8,246824,10,5291.666549,2645.833216,0
80,8,6,246824,10,2645.833216,5291.666549,0
80,6,28,246824,30,5291.666549,7937.499882,0
80,28,6,246824,30,7937.499882,5291.666549,0
80,7,9,246824,8,2267.857025,3174.999882,0
80,9,7,246824,8,3174.999882,2267.857025,0
80,7,13,246824,11,2267.857025,7937.499882,0
80,13,7,246824,11,7937.499882,2267.857025,0
80,7,14,246824,10,2267.857025,3174.999882,0
80,14,7,246824,10,3174.999882,2267.857025,0
80,7,21,246824,30,2267.857025,7937.499882,0
80,21,7,246824,30,7937.499882,2267.857025,0
80,7,28,246824,31,2267.857025,7937.499882,0
80,28,7,246824,31,7937.499882,2267.857025,0
80,8,9,246824,9,2645.833216,3174.999882,0
80,9,8,246824,9,3174.999882,2645.833216,0
80,8,10,246824,12,2645.833216,7937.499882,0
80,10,8,246824,12,7937.499882,2645.833216,0
80,8,11,246824,10,2645.833216,3968.749882,0
80,11,8,246824,10,3968.749882,2645.833216,0
80,9,10,246824,10,3174.999882,7937.499882,0
80,10,9,246824,10,7937.499882,3174.999882,0
80,9,12,246824,10,3174.999882,3968.749882,0
80,12,9,246824,10,3968.749882,3174.999882,0
80,9,14,246824,8,3174.999882,3174.999882,0
80,14,9,246824,8,3174.999882,3174.999882,0
80,11,14,246824,9,3968.749882,3174.999882,0
80,14,11,246824,9,3174.999882,3968.749882,0
80,11,21,246824,29,3968.749882,7937.499882,0
80,21,11,246824,29,7937.499882,3968.749882,0
80,11,24,246824,21,3968.749882,3174.999882,0
80,24,11,246824,21,3174.999882,3968.749882,0
80,12,24,246824,22,3968.749882,3174.999882,0
80,24,12,246824,22,3174.999882,3968.749882,0
80,12,27,246824,35,3968.749882,7937.499882,0
80,27,12,246824,35,7937.499882,3968.749882,0
80,14,15,246824,21,3174.999882,5291.666549,0
80,15,14,246824,21,5291.666549,3174.999882,0
80,14,17,246824,23,3174.999882,3968.749882,0
80,17,14,246824,23,3968.749882,3174.999882,0
80,15,16,246824,24,5291.666549,3968.749882,0
80,16,15,246824,24,3968.749882,5291.666549,0
80,16,17,246824,26,3968.749882,3968.749882,0
80,17,16,246824,26,3968.749882,3968.749882,0
80,16,18,246824,30,3968.749882,7937.499882,0
80,18,16,246824,30,7937.499882,3968.749882,0
80,16,19,246824,26,3968.749882,7937.499882,0
80,19,16,246824,26,7937.499882,3968.749882,0
80,17,18,246824,31,3968.749882,7937.499882,0
80,18,17,246824,31,7937.499882,3968.749882,0
80,22,24,246824,40,7937.499882,3174.999882,0
80,24,22,246824,40,3174.999882,7937.499882,0
80,22,25,246824,38,7937.499882,5291.666549,0
80,25,22,246824,38,5291.666549,7937.499882,0
80,23,24,246824,40,7937.499882,3174.999882,0
80,24,23,246824,40,3174.999882,7937.499882,0
80,23,26,246824,41,7937.499882,5291.666549,0
80,26,23,246824,41,5291.666549,7937.499882,0
80,24,25,246824,28,3174.999882,5291.666549,0
80,25,24,246824,28,5291.666549,3174.999882,0
80,25,26,246824,34,5291.666549,5291.666549,0
80,26,25,246824,34,5291.666549,5291.666549,0
81,0,1,246824,9,3968.749882,2645.833216,0
81,1,0,246824,9,2645.833216,3968.749882,0
81,0,3,246824,11,3968.749882,5291.666549,0
81,3,0,246824,11,5291.666549,3968.749882,0
81,0,19,246824,24,3968.749882,7937.499882,0
81,19,0,246824,24,7937.499882,3968.749882,0
81,0,29,246824,27,3968.749882,7937.499882,0
81,29,0,246824,27,7937.499882,3968.749882,0
81,1,4,246824,8,2645.833216,3174.999882,0
81,4,1,246824,8,3174.999882,2645.833216,0
81,1,7,246824,9,2645.833216,3174.999882,0
81,7,1,246824,9,3174.999882,2645.833216,0
81,1,20,246824,27,2645.833216,7937.499882,0
81,20,1,246824,27,7937.499882,2645.833216,0
81,1,26,246824,31,2645.833216,5291.666549,0
81,26,1,246824,31,5291.666549,2645.833216,0
81,1,29,246824,25,2645.833216,7937.499882,0
81,29,1,246824,25,7937.499882,2645.833216,0
81,2,3,246824,12,3174.999882,5291.666549,0
81,3,2,246824,12,5291.666549,3174.999882,0
81,2,5,246824,12,3174.999882,3968.749882,0
81,5,2,246824,12,3968.749882,3174.999882,0
81,2,12,246824,13,3174.999882,3968.749882,0
81,12,2,246824,13,3968.749882,3174.999882,0
81,2,17,246824,26,3174.999882,3968.749882,0
81,17,2,246824,26,3968.749882,3174.999882,0
81,2,27,246824,36,3174.999882,7937.499882,0
81,27,2,246824,36,7937.499882,3174.999882,0
81,3,8,246824,11,5291.666549,5291.666549,0
81,8,3,246824,11,5291.666549,5291.666549,0
81,4,5,246824,10,3174.999882,3968.749882,0
81,5,4,246824,10,3968.749882,3174.999882,0
81,4,6,246824,9,3174.999882,5291.666549,0
81,6,4,246824,9,5291.666549,3174.999882,0
81,4,7,246824,9,3174.999882,3174.999882,0
81,7,4,246824,9,3174.999882,3174.999882,0
81,4,13,246824,10,3174.999882,7937.499882,0
81,13,4,246824,10,7937.499882,3174.999882,0
81,5,15,246824,23,3968.749882,5291.666549,0
81,15,5,246824,23,5291.666549,3968.749882,0
81,5,20,246824,29,3968.749882,7937.499882,0
81,20,5,246824,29,7937.499882,3968.749882,0
81,6,14,246824,9,5291.666549,2645.833216,0
81,14,6,246824,9,2645.833216,5291.666549,0
81,6,28,246824,30,5291.666549,7937.499882,0
81,28,6,246824,30,7937.499882,5291.666549,0
81,7,9,246824,8,3174.999882,3174.999882,0
81,9,7,246824,8,3174.999882,3174.999882,0
81,7,21,246824,30,3174.999882,7937.499882,0
81,21,7,246824,30,7937.499882,3174.999882,0
81,7,28,246824,31,3174.999882,7937.499882,0
81,28,7,246824,31,7937.499882,3174.999882,0
81,8,9,246824,9,5291.666549,3174.999882,0
81,9,8,246824,9,3174.999882,5291.666549,0
81,8,11,246824,10,5291.666549,3174.999882,0
81,11,8,246824,10,3174.999882,5291.666549,0
81,9,10,246824,10,3174.999882,7937.499882,0
81,10,9,246824,10,7937.499882,3174.999882,0
81,9,12,246824,10,3174.999882,3968.749882,0
81,12,9,246824,10,3968.749882,3174.999882,0
81,9,14,246824,8,3174.999882,2645.833216,0
81,14,9,246824,8,2645.833216,3174.999882,0
81,10,11,246824,11,7937.499882,3174.999882,0
81,11,10,246824,11,3174.999882,7937.499882,0
81,11,14,246824,9,3174.999882,2645.833216,0
81,14,11,246824,9,2645.833216,3174.999882,0
81,11,21,246824,29,3174.999882,7937.499882,0
81,21,11,246824,29,7937.499882,3174.999882,0
81,11,24,246824,21,3174.999882,3174.999882,0
81,24,11,246824,21,3174.999882,3174.999882,0
81,12,24,246824,22,3968.749882,3174.999882,0
81,24,12,246824,22,3174.999882,3968.749882,0
81,12,27,246824,35,3968.749882,7937.499882,0
81,27,12,246824,35,7937.499882,3968.749882,0
81,13,14,246824,11,7937.499882,2645.833216,0
81,14,13,246824,11,2645.833216,7937.499882,0
81,14,15,246824,21,2645.833216,5291.666549,0
81,15,14,246824,21,5291.666549,2645.833216,0
81,14,17,246824,23,2645.833216,3968.749882,0
81,17,14,246824,23,3968.749882,2645.833216,0
81,15,16,246824,24,5291.666549,3968.749882,0
81,16,15,246824,24,3968.749882,5291.666549,0
81,16,17,246824,26,3968.749882,3968.749882,0
81,17,16,246824,26,3968.749882,3968.749882,0
81,16,18,246824,30,3968.749882,7937.499882,0
81,18,16,246824,30,7937.499882,3968.749882,0
81,16,19,246824,26,3968.749882,7937.499882,0
81,19,16,246824,26,7937.499882,3968.749882,0
81,17,18,246824,31,3968.749882,7937.499882,0
81,18,17,246824,31,7937.499882,3968.749882,0
81,22,24,246824,40,7937.499882,3174.999882,0
81,24,22,246824,40,3174.999882,7937.499882,0
81,22,25,246824,38,7937.499882,5291.666549,0
81,25,22,246824,38,5291.666549,7937.499882,0
81,23,24,246824,40,7937.499882,3174.999882,0
81,24,23,246824,40,3174.999882,7937.499882,0
81,23,26,246824,41,7937.499882,5291.666549,0
81,26,23,246824,41,5291.666549,7937.499882,0
81,24,25,246824,28,3174.999882,5291.666549,0
81,25,24,246824,28,5291.666549,3174.999882,0
81,25,26,246824,34,5291.666549,5291.666549,0
81,26,25,246824,34,5291.666549,5291.666549,0
82,0,1,246824,9,3968.749882,2645.833216,0
82,1,0,246824,9,2645.833216,3968.749882,0
82,0,3,246824,11,3968.749882,5291.666549,0
82,3,0,246824,11,5291.666549,3968.749882,0
82,0,19,246824,24,3968.749882,7937.499882,0
82,19,0,246824,24,7937.499882,3968.749882,0
82,0,29,246824,27,3968.749882,7937.499882,0
82,29,0,246824,27,7937.499882,3968.749882,0
82,1,4,246824,8,2645.833216,3174.999882,0
82,4,1,246824,8,3174.999882,2645.833216,0
82,1,7,246824,9,2645.833216,2645.833216,0
82,7,1,246824,9,2645.833216,2645.833216,0
82,1,20,246824,27,2645.833216,7937.499882,0
82,20,1,246824,27,7937.499882,2645.833216,0
82,1,26,246824,31,2645.833216,5291.666549,0
82,26,1,246824,31,5291.666549,2645.833216,0
82,1,29,246824,25,2645.833216,7937.499882,0
82,29,1,246824,25,7937.499882,2645.833216,0
82,2,3,246824,12,3968.749882,5291.666549,0
82,3,2,246824,12,5291.666549,3968.749882,0
82,2,5,246824,12,3968.749882,3968.749882,0
82,5,2,246824,12,3968.749882,3968.749882,0
82,2,17,246824,26,3968.749882,3968.749882,0
82,17,2,246824,26,3968.749882,3968.749882,0
82,2,27,246824,36,3968.749882,7937.499882,0
82,27,2,246824,36,7937.499882,3968.749882,0
82,3,6,246824,10,5291.666549,3968.749882,0
82,6,3,246824,10,3968.749882,5291.666549,0
82,4,5,246824,10,3174.999882,3968.749882,0
82,5,4,246824,10,3968.749882,3174.999882,0
82,4,6,246824,9,3174.999882,3968.749882,0
82,6,4,246824,9,3968.749882,3174.999882,0
82,4,7,246824,9,3174.999882,2645.833216,0
82,7,4,246824,9,2645.833216,3174.999882,0
82,4,13,246824,10,3174.999882,7937.499882,0
82,13,4,246824,10,7937.499882,3174.999882,0
82,5,15,246824,23,3968.749882,5291.666549,0
82,15,5,246824,23,5291.666549,3968.749882,0
82,5,20,246824,29,3968.749882,7937.499882,0
82,20,5,246824,29,7937.499882,3968.749882,0
82,6,14,246824,9,3968.749882,2267.857025,0
82,14,6,246824,9,2267.857025,3968.749882,0
82,6,28,246824,30,3968.749882,5291.666549,0
82,28,6,246824,30,5291.666549,3968.749882,0
82,7,9,246824,8,2645.833216,3174.999882,0
82,9,7,246824,8,3174.999882,2645.833216,0
82,7,14,246824,10,2645.833216,2267.857025,0
82,14,7,246824,10,2267.857025,2645.833216,0
82,7,21,246824,30,2645.833216,7937.499882,0
82,21,7,246824,30,7937.499882,2645.833216,0
82,7,28,246824,31,2645.833216,5291.666549,0
82,28,7,246824,31,5291.666549,2645.833216,0
82,8,9,246824,9,7937.499882,3174.999882,0
82,9,8,246824,9,3174.999882,7937.499882,0
82,8,11,246824,10,7937.499882,3174.999882,0
82,11,8,246824,10,3174.999882,7937.499882,0
82,9,10,246824,10,3174.999882,5291.666549,0
82,10,9,246824,10,5291.666549,3174.999882,0
82,9,12,246824,10,3174.999882,3968.749882,0
82,12,9,246824,10,3968.749882,3174.999882,0
82,9,14,246824,8,3174.999882,2267.857025,0
82,14,9,246824,8,2267.857025,3174.999882,0
82,10,11,246824,11,5291.666549,3174.999882,0
82,11,10,246824,11,3174.999882,5291.666549,0
82,10,12,246824,12,5291.666549,3968.749882,0
82,12,10,246824,12,3968.749882,5291.666549,0
82,11,14,246824,9,3174.999882,2267.857025,0
82,14,11,246824,9,2267.857025,3174.999882,0
82,11,21,246824,29,3174.999882,7937.499882,0
82,21,11,246824,29,7937.499882,3174.999882,0
82,11,24,246824,21,3174.999882,2645.833216,0
82,24,11,246824,21,2645.833216,3174.999882,0
82,12,24,246824,22,3968.749882,2645.833216,0
82,24,12,246824,22,2645.833216,3968.749882,0
82,12,27,246824,35,3968.749882,7937.499882,0
82,27,12,246824,35,7937.499882,3968.749882,0
82,13,14,246824,11,7937.499882,2267.857025,0
82,14,13,246824,11,2267.857025,7937.499882,0
82,14,15,246824,21,2267.857025,5291.666549,0
82,15,14,246824,21,5291.666549,2267.857025,0
82,14,17,246824,23,2267.857025,3968.749882,0
82,17,14,246824,23,3968.749882,2267.857025,0
82,15,16,246824,24,5291.666549,3968.749882,0
82,16,15,246824,24,3968.749882,5291.666549,0
82,16,17,246824,26,3968.749882,3968.749882,0
82,17,16,246824,26,3968.749882,3968.749882,0
82,16,18,246824,30,3968.749882,7937.499882,0
82,18,16,246824,30,7937.499882,3968.749882,0
82,16,19,246824,26,3968.749882,7937.499882,0
82,19,16,246824,26,7937.499882,3968.749882,0
82,17,18,246824,31,3968.749882,7937.499882,0
82,18,17,246824,31,7937.499882,3968.749882,0
82,22,24,246824,40,7937.499882,2645.833216,0
82,24,22,246824,40,2645.833216,7937.499882,0
82,22,25,246824,38,7937.499882,5291.666549,0
82,25,22,246824,38,5291.666549,7937.499882,0
82,23,24,246824,40,7937.499882,2645.833216,0
82,24,23,246824,40,2645.833216,7937.499882,0
82,23,26,246824,41,7937.499882,5291.666549,0
82,26,23,246824,41,5291.666549,7937.499882,0
82,24,25,246824,28,2645.833216,5291.666549,0
82,25,24,246824,28,5291.666549,2645.833216,0
82,24,26,246824,36,2645.833216,5291.666549,0
82,26,24,246824,36,5291.666549,2645.833216,0
82,25,28,246824,32,5291.666549,5291.666549,0
82,28,25,246824,32,5291.666549,5291.666549,0
83,0,1,246824,9,3174.999882,3174.999882,0
83,1,0,246824,9,3174.999882,3174.999882,0
83,0,3,246824,11,3174.999882,3968.749882,0
83,3,0,246824,11,3968.749882,3174.999882,0
83,0,17,246824,25,3174.999882,3968.749882,0
83,17,0,246824,25,3968.749882,3174.999882,0
83,0,19,246824,24,3174.999882,7937.499882,0
83,19,0,246824,24,7937.499882,3174.999882,0
83,0,29,246824,27,3174.999882,7937.499882,0
83,29,0,246824,27,7937.499882,3174.999882,0
83,1,7,246824,9,3174.999882,2645.833216,0
83,7,1,246824,9,2645.833216,3174.999882,0
83,1,20,246824,27,3174.999882,7937.499882,0
83,20,1,246824,27,7937.499882,3174.999882,0
83,1,26,246824,31,3174.999882,5291.666549,0
83,26,1,246824,31,5291.666549,3174.999882,0
83,1,29,246824,25,3174.999882,7937.499882,0
83,29,1,246824,25,7937.499882,3174.999882,0
83,2,3,246824,12,5291.666549,3968.749882,0
83,3,2,246824,12,3968.749882,5291.666549,0
83,2,5,246824,12,5291.666549,3174.999882,0
83,5,2,246824,12,3174.999882,5291.666549,0
83,2,27,246824,36,5291.666549,7937.499882,0
83,27,2,246824,36,7937.499882,5291.666549,0
83,3,6,246824,10,3968.749882,2645.833216,0
83,6,3,246824,10,2645.833216,3968.749882,0
83,3,8,246824,11,3968.749882,2645.833216,0
83,8,3,246824,11,2645.833216,3968.749882,0
83,4,5,246824,10,3968.749882,3174.999882,0
83,5,4,246824,10,3174.999882,3968.749882,0
83,4,6,246824,9,3968.749882,2645.833216,0
83,6,4,246824,9,2645.833216,3968.749882,0
83,4,7,246824,9,3968.749882,2645.833216,0
83,7,4,246824,9,2645.833216,3968.749882,0
83,4,13,246824,10,3968.749882,7937.499882,0
83,13,4,246824,10,7937.499882,3968.749882,0
83,5,8,246824,11,3174.999882,2645.833216,0
83,8,5,246824,11,2645.833216,3174.999882,0
83,5,15,246824,23,3174.999882,5291.666549,0
83,15,5,246824,23,5291.666549,3174.999882,0
83,5,20,246824,29,3174.999882,7937.499882,0
83,20,5,246824,29,7937.499882,3174.999882,0
83,6,7,246824,10,2645.833216,2645.833216,0
83,7,6,246824,10,2645.833216,2645.833216,0
83,6,8,246824,10,2645.833216,2645.833216,0
83,8,6,246824,10,2645.833216,2645.833216,0
83,6,14,246824,9,2645.833216,2645.833216,0
83,14,6,246824,9,2645.833216,2645.833216,0
83,6,28,246824,30,2645.833216,5291.666549,0
83,28,6,246824,30,5291.666549,2645.833216,0
83,7,9,246824,8,2645.833216,3968.749882,0
83,9,7,246824,8,3968.749882,2645.833216,0
83,7,21,246824,30,2645.833216,7937.499882,0
83,21,7,246824,30,7937.499882,2645.833216,0
83,7,28,246824,31,2645.833216,5291.666549,0
83,28,7,246824,31,5291.666549,2645.833216,0
83,8,9,246824,9,2645.833216,3968.749882,0
83,9,8,246824,9,3968.749882,2645.833216,0
83,8,10,246824,12,2645.833216,5291.666549,0
83,10,8,246824,12,5291.666549,2645.833216,0
83,8,11,246824,10,2645.833216,3174.999882,0
83,11,8,246824,10,3174.999882,2645.833216,0
83,9,12,246824,10,3968.749882,3968.749882,0
83,12,9,246824,10,3968.749882,3968.749882,0
83,9,14,246824,8,3968.749882,2645.833216,0
83,14,9,246824,8,2645.833216,3968.749882,0
83,10,11,246824,11,5291.666549,3174.999882,0
83,11,10,246824,11,3174.999882,5291.666549,0
83,10,12,246824,12,5291.666549,3968.749882,0
83,12,10,246824,12,3968.749882,5291.666549,0
83,11,14,246824,9,3174.999882,2645.833216,0
83,14,11,246824,9,2645.833216,3174.999882,0
83,11,21,246824,29,3174.999882,7937.499882,0
83,21,11,246824,29,7937.499882,3174.999882,0
83,11,24,246824,21,3174.999882,3174.999882,0
83,24,11,246824,21,3174.999882,3174.999882,0
83,12,24,246824,22,3968.749882,3174.999882,0
83,24,12,246824,22,3174.999882,3968.749882,0
83,12,27,246824,35,3968.749882,7937.499882,0
83,27,12,246824,35,7937.499882,3968.749882,0
83,13,14,246824,11,7937.499882,2645.833216,0
83,14,13,246824,11,2645.833216,7937.499882,0
83,14,15,246824,21,2645.833216,5291.666549,0
83,15,14,246824,21,5291.666549,2645.833216,0
83,14,17,246824,23,2645.833216,3968.749882,0
83,17,14,246824,23,3968.749882,2645.833216,0
83,15,16,246824,24,5291.666549,3968.749882,0
83,16,15,246824,24,3968.749882,5291.666549,0
83,16,17,246824,26,3968.749882,3968.749882,0
83,17,16,246824,26,3968.749882,3968.749882,0
83,16,18,246824,30,3968.749882,7937.499882,0
83,18,16,246824,30,7937.499882,3968.749882,0
83,16,19,246824,26,3968.749882,7937.499882,0
83,19,16,246824,26,7937.499882,3968.749882,0
83,17,18,246824,31,3968.749882,7937.499882,0
83,18,17,246824,31,7937.499882,3968.749882,0
83,22,24,246824,40,7937.499882,3174.999882,0
83,24,22,246824,40,3174.999882,7937.499882,0
83,22,25,246824,38,7937.499882,3968.749882,0
83,25,22,246824,38,3968.749882,7937.499882,0
83,23,24,246824,40,7937.499882,3174.999882,0
83,24,23,246824,40,3174.999882,7937.499882,0
83,23,26,246824,41,7937.499882,5291.666549,0
83,26,23,246824,41,5291.666549,7937.499882,0
83,24,25,246824,28,3174.999882,3968.749882,0
83,25,24,246824,28,3968.749882,3174.999882,0
83,25,26,246824,34,3968.749882,5291.666549,0
83,26,25,246824,34,5291.666549,3968.749882,0
83,25,28,246824,32,3968.749882,5291.666549,0
83,28,25,246824,32,5291.666549,3968.749882,0
84,0,1,246824,9,3968.749882,3174.999882,0
84,1,0,246824,9,3174.999882,3968.749882,0
84,0,3,246824,11,3968.749882,5291.666549,0
84,3,0,246824,11,5291.666549,3968.749882,0
84,0,19,246824,24,3968.749882,7937.499882,0
84,19,0,246824,24,7937.499882,3968.749882,0
84,0,29,246824,27,3968.749882,7937.499882,0
84,29,0,246824,27,7937.499882,3968.749882,0
84,1,7,246824,9,3174.999882,2645.833216,0
84,7,1,246824,9,2645.833216,3174.999882,0
84,1,20,246824,27,3174.999882,7937.499882,0
84,20,1,246824,27,7937.499882,3174.999882,0
84,1,26,246824,31,3174.999882,5291.666549,0
84,26,1,246824,31,5291.666549,3174.999882,0
84,1,29,246824,25,3174.999882,7937.499882,0
84,29,1,246824,25,7937.499882,3174.999882,0
84,2,3,246824,12,3968.749882,5291.666549,0
84,3,2,246824,12,5291.666549,3968.749882,0
84,2,5,246824,12,3968.749882,3968.749882,0
84,5,2,246824,12,3968.749882,3968.749882,0
84,2,17,246824,26,3968.749882,3968.749882,0
84,17,2,246824,26,3968.749882,3968.749882,0
84,2,27,246824,36,3968.749882,7937.499882,0
84,27,2,246824,36,7937.499882,3968.749882,0
84,3,6,246824,10,5291.666549,2645.833216,0
84,6,3,246824,10,2645.833216,5291.666549,0
84,4,5,246824,10,3968.749882,3968.749882,0
84,5,4,246824,10,3968.749882,3968.749882,0
84,4,6,246824,9,3968.749882,2645.833216,0
84,6,4,246824,9,2645.833216,3968.749882,0
84,4,7,246824,9,3968.749882,2645.833216,0
84,7,4,246824,9,2645.833216,3968.749882,0
84,4,13,246824,10,3968.749882,7937.499882,0
84,13,4,246824,10,7937.499882,3968.749882,0
84,5,15,246824,23,3968.749882,5291.666549,0
84,15,5,246824,23,5291.666549,3968.749882,0
84,5,20,246824,29,3968.749882,7937.499882,0
84,20,5,246824,29,7937.499882,3968.749882,0
84,6,7,246824,10,2645.833216,2645.833216,0
84,7,6,246824,10,2645.833216,2645.833216,0
84,6,8,246824,10,2645.833216,5291.666549,0
84,8,6,246824,10,5291.666549,2645.833216,0
84,6,14,246824,9,2645.833216,2645.833216,0
84,14,6,246824,9,2645.833216,2645.833216,0
84,6,28,246824,30,2645.833216,5291.666549,0
84,28,6,246824,30,5291.666549,2645.833216,0
84,7,9,246824,8,2645.833216,3174.999882,0
84,9,7,246824,8,3174.999882,2645.833216,0
84,7,21,246824,30,2645.833216,7937.499882,0
84,21,7,246824,30,7937.499882,2645.833216,0
84,7,28,246824,31,2645.833216,5291.666549,0
84,28,7,246824,31,5291.666549,2645.833216,0
84,8,9,246824,9,5291.666549,3174.999882,0
84,9,8,246824,9,3174.999882,5291.666549,0
84,8,11,246824,10,5291.666549,3174.999882,0
84,11,8,246824,10,3174.999882,5291.666549,0
84,9,10,246824,10,3174.999882,5291.666549,0
84,10,9,246824,10,5291.666549,3174.999882,0
84,9,12,246824,10,3174.999882,3968.749882,0
84,12,9,246824,10,3968.749882,3174.999882,0
84,9,14,246824,8,3174.999882,2645.833216,0
84,14,9,246824,8,2645.833216,3174.999882,0
84,10,11,246824,11,5291.666549,3174.999882,0
84,11,10,246824,11,3174.999882,5291.666549,0
84,10,12,246824,12,5291.666549,3968.749882,0
84,12,10,246824,12,3968.749882,5291.666549,0
84,11,14,246824,9,3174.999882,2645.833216,0
84,14,11,246824,9,2645.833216,3174.999882,0
84,11,21,246824,29,3174.999882,7937.499882,0
84,21,11,246824,29,7937.499882,3174.999882,0
84,11,24,246824,21,3174.999882,3174.999882,0
84,24,11,246824,21,3174.999882,3174.999882,0
84,12,24,246824,22,3968.749882,3174.999882,0
84,24,12,246824,22,3174.999882,3968.749882,0
84,12,27,246824,35,3968.749882,7937.499882,0
84,27,12,246824,35,7937.499882,3968.749882,0
84,13,14,246824,11,7937.499882,2645.833216,0
84,14,13,246824,11,2645.833216,7937.499882,0
84,14,15,246824,21,2645.833216,5291.666549,0
84,15,14,246824,21,5291.666549,2645.833216,0
84,14,17,246824,23,2645.833216,3968.749882,0
84,17,14,246824,23,3968.749882,2645.833216,0
84,15,16,246824,24,5291.666549,3968.749882,0
84,16,15,246824,24,3968.749882,5291.666549,0
84,16,17,246824,26,3968.749882,3968.749882,0
84,17,16,246824,26,3968.749882,3968.749882,0
84,16,18,246824,30,3968.749882,7937.499882,0
84,18,16,246824,30,7937.499882,3968.749882,0
84,16,19,246824,26,3968.749882,7937.499882,0
84,19,16,246824,26,7937.499882,3968.749882,0
84,17,18,246824,31,3968.749882,7937.499882,0
84,18,17,246824,31,7937.499882,3968.749882,0
84,22,24,246824,40,7937.499882,3174.999882,0
84,24,22,246824,40,3174.999882,7937.499882,0
84,22,25,246824,38,7937.499882,3968.749882,0
84,25,22,246824,38,3968.749882,7937.499882,0
84,23,24,246824,40,7937.499882,3174.999882,0
84,24,23,246824,40,3174.999882,7937.499882,0
84,23,26,246824,41,7937.499882,5291.666549,0
84,26,23,246824,41,5291.666549,7937.499882,0
84,24,25,246824,28,3174.999882,3968.749882,0
84,25,24,246824,28,3968.749882,3174.999882,0
84,25,26,246824,34,3968.749882,5291.666549,0
84,26,25,246824,34,5291.666549,3968.749882,0
84,25,28,246824,32,3968.749882,5291.666549,0
84,28,25,246824,32,5291.666549,3968.749882,0
85,0,1,246824,9,3174.999882,3174.999882,0
85,1,0,246824,9,3174.999882,3174.999882,0
85,0,3,246824,11,3174.999882,3968.749882,0
85,3,0,246824,11,3968.749882,3174.999882,0
85,0,17,246824,25,3174.999882,3968.749882,0
85,17,0,246824,25,3968.749882,3174.999882,0
85,0,19,246824,24,3174.999882,7937.499882,0
85,19,0,246824,24,7937.499882,3174.999882,0
85,0,29,246824,27,3174.999882,7937.499882,0
85,29,0,246824,27,7937.499882,3174.999882,0
85,1,7,246824,9,3174.999882,2645.833216,0
85,7,1,246824,9,2645.833216,3174.999882,0
85,1,20,246824,27,3174.999882,7937.499882,0
85,20,1,246824,27,7937.499882,3174.999882,0
85,1,26,246824,31,3174.999882,5291.666549,0
85,26,1,246824,31,5291.666549,3174.999882,0
85,1,29,246824,25,3174.999882,7937.499882,0
85,29,1,246824,25,7937.499882,3174.999882,0
85,2,3,246824,12,5291.666549,3968.749882,0
85,3,2,246824,12,3968.749882,5291.666549,0
85,2,5,246824,12,5291.666549,3174.999882,0
85,5,2,246824,12,3174.999882,5291.666549,0
85,2,27,246824,36,5291.666549,7937.499882,0
85,27,2,246824,36,7937.499882,5291.666549,0
85,3,6,246824,10,3968.749882,3174.999882,0
85,6,3,246824,10,3174.999882,3968.749882,0
85,3,8,246824,11,3968.749882,2645.833216,0
85,8,3,246824,11,2645.833216,3968.749882,0
85,4,5,246824,10,3968.749882,3174.999882,0
85,5,4,246824,10,3174.999882,3968.749882,0
85,4,6,246824,9,3968.749882,3174.999882,0
85,6,4,246824,9,3174.999882,3968.749882,0
85,4,7,246824,9,3968.749882,2645.833216,0
85,7,4,246824,9,2645.833216,3968.749882,0
85,4,13,246824,10,3968.749882,7937.499882,0
85,13,4,246824,10,7937.499882,3968.749882,0
85,5,8,246824,11,3174.999882,2645.833216,0
85,8,5,246824,11,2645.833216,3174.999882,0
85,5,15,246824,23,3174.999882,5291.666549,0
85,15,5,246824,23,5291.666549,3174.999882,0
85,5,20,246824,29,3174.999882,7937.499882,0
85,20,5,246824,29,7937.499882,3174.999882,0
85,6,8,246824,10,3174.999882,2645.833216,0
85,8,6,246824,10,2645.833216,3174.999882,0
85,6,14,246824,9,3174.999882,2267.857025,0
85,14,6,246824,9,2267.857025,3174.999882,0
85,6,28,246824,30,3174.999882,5291.666549,0
85,28,6,246824,30,5291.666549,3174.999882,0
85,7,9,246824,8,2645.833216,3968.749882,0
85,9,7,246824,8,3968.749882,2645.833216,0
85,7,14,246824,10,2645.833216,2267.857025,0
85,14,7,246824,10,2267.857025,2645.833216,0
85,7,21,246824,30,2645.833216,7937.499882,0
85,21,7,246824,30,7937.499882,2645.833216,0
85,7,28,246824,31,2645.833216,5291.666549,0
85,28,7,246824,31,5291.666549,2645.833216,0
85,8,9,246824,9,2645.833216,3968.749882,0
85,9,8,246824,9,3968.749882,2645.833216,0
85,8,10,246824,12,2645.833216,5291.666549,0
85,10,8,246824,12,5291.666549,2645.833216,0
85,8,11,246824,10,2645.833216,3174.999882,0
85,11,8,246824,10,3174.999882,2645.833216,0
85,9,12,246824,10,3968.749882,3968.749882,0
85,12,9,246824,10,3968.749882,3968.749882,0
85,9,14,246824,8,3968.749882,2267.857025,0
85,14,9,246824,8,2267.857025,3968.749882,0
85,10,11,246824,11,5291.666549,3174.999882,0
85,11,10,246824,11,3174.999882,5291.666549,0
85,10,12,246824,12,5291.666549,3968.749882,0
85,12,10,246824,12,3968.749882,5291.666549,0
85,11,14,246824,9,3174.999882,2267.857025,0
85,14,11,246824,9,2267.857025,3174.999882,0
85,11,21,246824,29,3174.999882,7937.499882,0
85,21,11,246824,29,7937.499882,3174.999882,0
85,11,24,246824,21,3174.999882,2645.833216,0
85,24,11,246824,21,2645.833216,3174.999882,0
85,12,24,246824,22,3968.749882,2645.833216,0
85,24,12,246824,22,2645.833216,3968.749882,0
85,12,27,246824,35,3968.749882,7937.499882,0
85,27,12,246824,35,7937.499882,3968.749882,0
85,13,14,246824,11,7937.499882,2267.857025,0
85,14,13,246824,11,2267.857025,7937.499882,0
85,14,15,246824,21,2267.857025,5291.666549,0
85,15,14,246824,21,5291.666549,2267.857025,0
85,14,17,246824,23,2267.857025,3968.749882,0
85,17,14,246824,23,3968.749882,2267.857025,0
85,15,16,246824,24,5291.666549,3968.749882,0
85,16,15,246824,24,3968.749882,5291.666549,0
85,16,17,246824,26,3968.749882,3968.749882,0
85,17,16,246824,26,3968.749882,3968.749882,0
85,16,18,246824,30,3968.749882,7937.499882,0
85,18,16,246824,30,7937.499882,3968.749882,0
85,16,19,246824,26,3968.749882,7937.499882,0
85,19,16,246824,26,7937.499882,3968.749882,0
85,17,18,246824,31,3968.749882,7937.499882,0
85,18,17,246824,31,7937.499882,3968.749882,0
85,22,24,246824,40,7937.499882,2645.833216,0
85,24,22,246824,40,2645.833216,7937.499882,0
85,22,25,246824,38,7937.499882,5291.666549,0
85,25,22,246824,38,5291.666549,7937.499882,0
85,23,24,246824,40,7937.499882,2645.833216,0
85,24,23,246824,40,2645.833216,7937.499882,0
85,23,26,246824,41,7937.499882,5291.666549,0
85,26,23,246824,41,5291.666549,7937.499882,0
85,24,25,246824,28,2645.833216,5291.666549,0
85,25,24,246824,28,5291.666549,2645.833216,0
85,24,26,246824,36,2645.833216,5291.666549,0
85,26,24,246824,36,5291.666549,2645.833216,0
85,25,28,246824,32,5291.666549,5291.666549,0
85,28,25,246824,32,5291.666549,5291.666549,0
86,0,1,246824,9,3968.749882,2645.833216,0
86,1,0,246824,9,2645.833216,3968.749882,0
86,0,3,246824,11,3968.749882,5291.666549,0
86,3,0,246824,11,5291.666549,3968.749882,0
86,0,19,246824,24,3968.749882,7937.499882,0
86,19,0,246824,24,7937.499882,3968.749882,0
86,0,29,246824,27,3968.749882,7937.499882,0
86,29,0,246824,27,7937.499882,3968.749882,0
86,1,4,246824,8,2645.833216,3968.749882,0
86,4,1,246824,8,3968.749882,2645.833216,0
86,1,7,246824,9,2645.833216,3174.999882,0
86,7,1,246824,9,3174.999882,2645.833216,0
86,1,20,246824,27,2645.833216,7937.499882,0
86,20,1,246824,27,7937.499882,2645.833216,0
86,1,26,246824,31,2645.833216,5291.666549,0
86,26,1,246824,31,5291.666549,2645.833216,0
86,1,29,246824,25,2645.833216,7937.499882,0
86,29,1,246824,25,7937.499882,2645.833216,0
86,2,3,246824,12,3174.999882,5291.666549,0
86,3,2,246824,12,5291.666549,3174.999882,0
86,2,5,246824,12,3174.999882,3174.999882,0
86,5,2,246824,12,3174.999882,3174.999882,0
86,2,12,246824,13,3174.999882,3968.749882,0
86,12,2,246824,13,3968.749882,3174.999882,0
86,2,17,246824,26,3174.999882,3968.749882,0
86,17,2,246824,26,3968.749882,3174.999882,0
86,2,27,246824,36,3174.999882,7937.499882,0
86,27,2,246824,36,7937.499882,3174.999882,0
86,3,8,246824,11,5291.666549,3174.999882,0
86,8,3,246824,11,3174.999882,5291.666549,0
86,4,5,246824,10,3968.749882,3174.999882,0
86,5,4,246824,10,3174.999882,3968.749882,0
86,4,7,246824,9,3968.749882,3174.999882,0
86,7,4,246824,9,3174.999882,3968.749882,0
86,4,13,246824,10,3968.749882,7937.499882,0
86,13,4,246824,10,7937.499882,3968.749882,0
86,5,8,246824,11,3174.999882,3174.999882,0
86,8,5,246824,11,3174.999882,3174.999882,0
86,5,15,246824,23,3174.999882,5291.666549,0
86,15,5,246824,23,5291.666549,3174.999882,0
86,5,20,246824,29,3174.999882,7937.499882,0
86,20,5,246824,29,7937.499882,3174.999882,0
86,6,8,246824,10,5291.666549,3174.999882,0
86,8,6,246824,10,3174.999882,5291.666549,0
86,6,14,246824,9,5291.666549,2645.833216,0
86,14,6,246824,9,2645.833216,5291.666549,0
86,6,28,246824,30,5291.666549,5291.666549,0
86,28,6,246824,30,5291.666549,5291.666549,0
86,7,9,246824,8,3174.999882,3174.999882,0
86,9,7,246824,8,3174.999882,3174.999882,0
86,7,21,246824,30,3174.999882,7937.499882,0
86,21,7,246824,30,7937.499882,3174.999882,0
86,7,28,246824,31,3174.999882,5291.666549,0
86,28,7,246824,31,5291.666549,3174.999882,0
86,8,9,246824,9,3174.999882,3174.999882,0
86,9,8,246824,9,3174.999882,3174.999882,0
86,8,11,246824,10,3174.999882,3174.999882,0
86,11,8,246824,10,3174.999882,3174.999882,0
86,9,10,246824,10,3174.999882,7937.499882,0
86,10,9,246824,10,7937.499882,3174.999882,0
86,9,12,246824,10,3174.999882,3968.749882,0
86,12,9,246824,10,3968.749882,3174.999882,0
86,9,14,246824,8,3174.999882,2645.833216,0
86,14,9,246824,8,2645.833216,3174.999882,0
86,10,11,246824,11,7937.499882,3174.999882,0
86,11,10,246824,11,3174.999882,7937.499882,0
86,11,14,246824,9,3174.999882,2645.833216,0
86,14,11,246824,9,2645.833216,3174.999882,0
86,11,21,246824,29,3174.999882,7937.499882,0
86,21,11,246824,29,7937.499882,3174.999882,0
86,11,24,246824,21,3174.999882,3174.999882,0
86,24,11,246824,21,3174.999882,3174.999882,0
86,12,24,246824,22,3968.749882,3174.999882,0
86,24,12,246824,22,3174.999882,3968.749882,0
86,12,27,246824,35,3968.749882,7937.499882,0
86,27,12,246824,35,7937.499882,3968.749882,0
86,13,14,246824,11,7937.499882,2645.833216,0
86,14,13,246824,11,2645.833216,7937.499882,0
86,14,15,246824,21,2645.833216,5291.666549,0
86,15,14,246824,21,5291.666549,2645.833216,0
86,14,17,246824,23,2645.833216,3968.749882,0
86,17,14,246824,23,3968.749882,2645.833216,0
86,15,16,246824,24,5291.666549,3968.749882,0
86,16,15,246824,24,3968.749882,5291.666549,0
86,16,17,246824,26,3968.749882,3968.749882,0
86,17,16,246824,26,3968.749882,3968.749882,0
86,16,18,246824,30,3968.749882,7937.499882,0
86,18,16,246824,30,7937.499882,3968.749882,0
86,16,19,246824,26,3968.749882,7937.499882,0
86,19,16,246824,26,7937.499882,3968.749882,0
86,17,18,246824,31,3968.749882,7937.499882,0
86,18,17,246824,31,7937.499882,3968.749882,0
86,22,24,246824,40,7937.499882,3174.999882,0
86,24,22,246824,40,3174.999882,7937.499882,0
86,22,25,246824,38,7937.499882,3968.749882,0
86,25,22,246824,38,3968.749882,7937.499882,0
86,23,24,246824,40,7937.499882,3174.999882,0
86,24,23,246824,40,3174.999882,7937.499882,0
86,23,26,246824,41,7937.499882,5291.666549,0
86,26,23,246824,41,5291.666549,7937.499882,0
86,24,25,246824,28,3174.999882,3968.749882,0
86,25,24,246824,28,3968.749882,3174.999882,0
86,25,26,246824,34,3968.749882,5291.666549,0
86,26,25,246824,34,5291.666549,3968.749882,0
86,25,28,246824,32,3968.749882,5291.666549,0
86,28,25,246824,32,5291.666549,3968.749882,0
87,0,1,246824,9,3968.749882,3174.999882,0
87,1,0,246824,9,3174.999882,3968.749882,0
87,0,3,246824,11,3968.749882,5291.666549,0
87,3,0,246824,11,5291.666549,3968.749882,0
87,0,19,246824,24,3968.749882,7937.499882,0
87,19,0,246824,24,7937.499882,3968.749882,0
87,0,29,246824,27,3968.749882,7937.499882,0
87,29,0,246824,27,7937.499882,3968.749882,0
87,1,7,246824,9,3174.999882,2645.833216,0
87,7,1,246824,9,2645.833216,3174.999882,0
87,1,20,246824,27,3174.999882,7937.499882,0
87,20,1,246824,27,7937.499882,3174.999882,0
87,1,26,246824,31,3174.999882,5291.666549,0
87,26,1,246824,31,5291.666549,3174.999882,0
87,1,29,246824,25,3174.999882,7937.499882,0
87,29,1,246824,25,7937.499882,3174.999882,0
87,2,3,246824,12,3174.999882,5291.666549,0
87,3,2,246824,12,5291.666549,3174.999882,0
87,2,5,246824,12,3174.999882,3968.749882,0
87,5,2,246824,12,3968.749882,3174.999882,0
87,2,12,246824,13,3174.999882,3968.749882,0
87,12,2,246824,13,3968.749882,3174.999882,0
87,2,17,246824,26,3174.999882,3968.749882,0
87,17,2,246824,26,3968.749882,3174.999882,0
87,2,27,246824,36,3174.999882,7937.499882,0
87,27,2,246824,36,7937.499882,3174.999882,0
87,3,6,246824,10,5291.666549,2645.833216,0
87,6,3,246824,10,2645.833216,5291.666549,0
87,4,6,246824,9,5291.666549,2645.833216,0
87,6,4,246824,9,2645.833216,5291.666549,0
87,4,7,246824,9,5291.666549,2645.833216,0
87,7,4,246824,9,2645.833216,5291.666549,0
87,4,13,246824,10,5291.666549,7937.499882,0
87,13,4,246824,10,7937.499882,5291.666549,0
87,5,8,246824,11,3968.749882,3968.749882,0
87,8,5,246824,11,3968.749882,3968.749882,0
87,5,15,246824,23,3968.749882,5291.666549,0
87,15,5,246824,23,5291.666549,3968.749882,0
87,5,20,246824,29,3968.749882,7937.499882,0
87,20,5,246824,29,7937.499882,3968.749882,0
87,6,7,246824,10,2645.833216,2645.833216,0
87,7,6,246824,10,2645.833216,2645.833216,0
87,6,8,246824,10,2645.833216,3968.749882,0
87,8,6,246824,10,3968.749882,2645.833216,0
87,6,14,246824,9,2645.833216,2645.833216,0
87,14,6,246824,9,2645.833216,2645.833216,0
87,6,28,246824,30,2645.833216,5291.666549,0
87,28,6,246824,30,5291.666549,2645.833216,0
87,7,9,246824,8,2645.833216,3174.999882,0
87,9,7,246824,8,3174.999882,2645.833216,0
87,7,21,246824,30,2645.833216,7937.499882,0
87,21,7,246824,30,7937.499882,2645.833216,0
87,7,28,246824,31,2645.833216,5291.666549,0
87,28,7,246824,31,5291.666549,2645.833216,0
87,8,9,246824,9,3968.749882,3174.999882,0
87,9,8,246824,9,3174.999882,3968.749882,0
87,8,11,246824,10,3968.749882,3174.999882,0
87,11,8,246824,10,3174.999882,3968.749882,0
87,9,10,246824,10,3174.999882,7937.499882,0
87,10,9,246824,10,7937.499882,3174.999882,0
87,9,12,246824,10,3174.999882,3968.749882,0
87,12,9,246824,10,3968.749882,3174.999882,0
87,9,14,246824,8,3174.999882,2645.833216,0
87,14,9,246824,8,2645.833216,3174.999882,0
87,10,11,246824,11,7937.499882,3174.999882,0
87,11,10,246824,11,3174.999882,7937.499882,0
87,11,14,246824,9,3174.999882,2645.833216,0
87,14,11,246824,9,2645.833216,3174.999882,0
87,11,21,246824,29,3174.999882,7937.499882,0
87,21,11,246824,29,7937.499882,3174.999882,0
87,11,24,246824,21,3174.999882,3174.999882,0
87,24,11,246824,21,3174.999882,3174.999882,0
87,12,24,246824,22,3968.749882,3174.999882,0
87,24,12,246824,22,3174.999882,3968.749882,0
87,12,27,246824,35,3968.749882,7937.499882,0
87,27,12,246824,35,7937.499882,3968.749882,0
87,13,14,246824,11,7937.499882,2645.833216,0
87,14,13,246824,11,2645.833216,7937.499882,0
87,14,15,246824,21,2645.833216,5291.666549,0
87,15,14,246824,21,5291.666549,2645.833216,0
87,14,17,246824,23,2645.833216,3968.749882,0
87,17,14,246824,23,3968.749882,2645.833216,0
87,15,16,246824,24,5291.666549,3968.749882,0
87,16,15,246824,24,3968.749882,5291.666549,0
87,16,17,246824,26,3968.749882,3968.749882,0
87,17,16,246824,26,3968.749882,3968.749882,0
87,16,18,246824,30,3968.749882,7937.499882,0
87,18,16,246824,30,7937.499882,3968.749882,0
87,16,19,246824,26,3968.749882,7937.499882,0
87,19,16,246824,26,7937.499882,3968.749882,0
87,17,18,246824,31,3968.749882,7937.499882,0
87,18,17,246824,31,7937.499882,3968.749882,0
87,22,24,246824,40,7937.499882,3174.999882,0
87,24,22,246824,40,3174.999882,7937.499882,0
87,22,25,246824,38,7937.499882,3968.749882,0
87,25,22,246824,38,3968.749882,7937.499882,0
87,23,24,246824,40,7937.499882,3174.999882,0
87,24,23,246824,40,3174.999882,7937.499882,0
87,23,26,246824,41,7937.499882,5291.666549,0
87,26,23,246824,41,5291.666549,7937.499882,0
87,24,25,246824,28,3174.999882,3968.749882,0
87,25,24,246824,28,3968.749882,3174.999882,0
87,25,26,246824,34,3968.749882,5291.666549,0
87,26,25,246824,34,5291.666549,3968.749882,0
87,25,28,246824,32,3968.749882,5291.666549,0
87,28,25,246824,32,5291.666549,3968.749882,0
88,0,1,246824,9,3968.749882,3174.999882,0
88,1,0,246824,9,3174.999882,3968.749882,0
88,0,3,246824,11,3968.749882,5291.666549,0
88,3,0,246824,11,5291.666549,3968.749882,0
88,0,19,246824,24,3968.749882,7937.499882,0
88,19,0,246824,24,7937.499882,3968.749882,0
88,0,29,246824,27,3968.749882,7937.499882,0
88,29,0,246824,27,7937.499882,3968.749882,0
88,1,7,246824,9,3174.999882,1984.374882,0
88,7,1,246824,9,1984.374882,3174.999882,0
88,1,20,246824,27,3174.999882,7937.499882,0
88,20,1,246824,27,7937.499882,3174.999882,0
88,1,26,246824,31,3174.999882,5291.666549,0
88,26,1,246824,31,5291.666549,3174.999882,0
88,1,29,246824,25,3174.999882,7937.499882,0
88,29,1,246824,25,7937.499882,3174.999882,0
88,2,3,246824,12,3174.999882,5291.666549,0
88,3,2,246824,12,5291.666549,3174.999882,0
88,2,5,246824,12,3174.999882,2645.833216,0
88,5,2,246824,12,2645.833216,3174.999882,0
88,2,12,246824,13,3174.999882,3968.749882,0
88,12,2,246824,13,3968.749882,3174.999882,0
88,2,17,246824,26,3174.999882,3968.749882,0
88,17,2,246824,26,3968.749882,3174.999882,0
88,2,27,246824,36,3174.999882,7937.499882,0
88,27,2,246824,36,7937.499882,3174.999882,0
88,3,8,246824,11,5291.666549,2645.833216,0
88,8,3,246824,11,2645.833216,5291.666549,0
88,4,5,246824,10,7937.499882,2645.833216,0
88,5,4,246824,10,2645.833216,7937.499882,0
88,4,7,246824,9,7937.499882,1984.374882,0
88,7,4,246824,9,1984.374882,7937.499882,0
88,5,7,246824,11,2645.833216,1984.374882,0
88,7,5,246824,11,1984.374882,2645.833216,0
88,5,8,246824,11,2645.833216,2645.833216,0
88,8,5,246824,11,2645.833216,2645.833216,0
88,5,15,246824,23,2645.833216,5291.666549,0
88,15,5,246824,23,5291.666549,2645.833216,0
88,5,20,246824,29,2645.833216,7937.499882,0
88,20,5,246824,29,7937.499882,2645.833216,0
88,6,8,246824,10,5291.666549,2645.833216,0
88,8,6,246824,10,2645.833216,5291.666549,0
88,6,14,246824,9,5291.666549,2267.857025,0
88,14,6,246824,9,2267.857025,5291.666549,0
88,6,28,246824,30,5291.666549,5291.666549,0
88,28,6,246824,30,5291.666549,5291.666549,0
88,7,9,246824,8,1984.374882,3968.749882,0
88,9,7,246824,8,3968.749882,1984.374882,0
88,7,13,246824,11,1984.374882,7937.499882,0
88,13,7,246824,11,7937.499882,1984.374882,0
88,7,14,246824,10,1984.374882,2267.857025,0
88,14,7,246824,10,2267.857025,1984.374882,0
88,7,21,246824,30,1984.374882,7937.499882,0
88,21,7,246824,30,7937.499882,1984.374882,0
88,7,28,246824,31,1984.374882,5291.666549,0
88,28,7,246824,31,5291.666549,1984.374882,0
88,8,9,246824,9,2645.833216,3968.749882,0
88,9,8,246824,9,3968.749882,2645.833216,0
88,8,10,246824,12,2645.833216,7937.499882,0
88,10,8,246824,12,7937.499882,2645.833216,0
88,8,11,246824,10,2645.833216,3174.999882,0
88,11,8,246824,10,3174.999882,2645.833216,0
88,9,12,246824,10,3968.749882,3968.749882,0
88,12,9,246824,10,3968.749882,3968.749882,0
88,9,14,246824,8,3968.749882,2267.857025,0
88,14,9,246824,8,2267.857025,3968.749882,0
88,10,11,246824,11,7937.499882,3174.999882,0
88,11,10,246824,11,3174.999882,7937.499882,0
88,11,14,246824,9,3174.999882,2267.857025,0
88,14,11,246824,9,2267.857025,3174.999882,0
88,11,21,246824,29,3174.999882,7937.499882,0
88,21,11,246824,29,7937.499882,3174.999882,0
88,11,24,246824,21,3174.999882,2645.833216,0
88,24,11,246824,21,2645.833216,3174.999882,0
88,12,24,246824,22,3968.749882,2645.833216,0
88,24,12,246824,22,2645.833216,3968.749882,0
88,12,27,246824,35,3968.749882,7937.499882,0
88,27,12,246824,35,7937.499882,3968.749882,0
88,13,14,246824,11,7937.499882,2267.857025,0
88,14,13,246824,11,2267.857025,7937.499882,0
88,14,15,246824,21,2267.857025,5291.666549,0
88,15,14,246824,21,5291.666549,2267.857025,0
88,14,17,246824,23,2267.857025,3968.749882,0
88,17,14,246824,23,3968.749882,2267.857025,0
88,15,16,246824,24,5291.666549,3968.749882,0
88,16,15,246824,24,3968.749882,5291.666549,0
88,16,17,246824,26,3968.749882,3968.749882,0
88,17,16,246824,26,3968.749882,3968.749882,0
88,16,18,246824,30,3968.749882,7937.499882,0
88,18,16,246824,30,7937.499882,3968.749882,0
88,16,19,246824,26,3968.749882,7937.499882,0
88,19,16,246824,26,7937.499882,3968.749882,0
88,17,18,246824,31,3968.749882,7937.499882,0
88,18,17,246824,31,7937.499882,3968.749882,0
88,22,24,246824,40,7937.499882,2645.833216,0
88,24,22,246824,40,2645.833216,7937.499882,0
88,22,25,246824,38,7937.499882,5291.666549,0
88,25,22,246824,38,5291.666549,7937.499882,0
88,23,24,246824,40,7937.499882,2645.833216,0
88,24,23,246824,40,2645.833216,7937.499882,0
88,23,26,246824,41,7937.499882,5291.666549,0
88,26,23,246824,41,5291.666549,7937.499882,0
88,24,25,246824,28,2645.833216,5291.666549,0
88,25,24,246824,28,5291.666549,2645.833216,0
88,24,26,246824,36,2645.833216,5291.666549,0
88,26,24,246824,36,5291.666549,2645.833216,0
88,25,28,246824,32,5291.666549,5291.666549,0
88,28,25,246824,32,5291.666549,5291.666549,0
89,0,1,246824,9,3968.749882,2645.833216,0
89,1,0,246824,9,2645.833216,3968.749882,0
89,0,3,246824,11,3968.749882,5291.666549,0
89,3,0,246824,11,5291.666549,3968.749882,0
89,0,19,246824,24,3968.749882,7937.499882,0
89,19,0,246824,24,7937.499882,3968.749882,0
89,0,29,246824,27,3968.749882,7937.499882,0
89,29,0,246824,27,7937.499882,3968.749882,0
89,1,4,246824,8,2645.833216,7937.499882,0
89,4,1,246824,8,7937.499882,2645.833216,0
89,1,7,246824,9,2645.833216,2645.833216,0
89,7,1,246824,9,2645.833216,2645.833216,0
89,1,20,246824,27,2645.833216,7937.499882,0
89,20,1,246824,27,7937.499882,2645.833216,0
89,1,26,246824,31,2645.833216,5291.666549,0
89,26,1,246824,31,5291.666549,2645.833216,0
89,1,29,246824,25,2645.833216,7937.499882,0
89,29,1,246824,25,7937.499882,2645.833216,0
89,2,3,246824,12,3174.999882,5291.666549,0
89,3,2,246824,12,5291.666549,3174.999882,0
89,2,5,246824,12,3174.999882,3968.749882,0
89,5,2,246824,12,3968.749882,3174.999882,0
89,2,12,246824,13,3174.999882,3968.749882,0
89,12,2,246824,13,3968.749882,3174.999882,0
89,2,17,246824,26,3174.999882,3968.749882,0
89,17,2,246824,26,3968.749882,3174.999882,0
89,2,27,246824,36,3174.999882,7937.499882,0
89,27,2,246824,36,7937.499882,3174.999882,0
89,3,8,246824,11,5291.666549,3174.999882,0
89,8,3,246824,11,3174.999882,5291.666549,0
89,4,7,246824,9,7937.499882,2645.833216,0
89,7,4,246824,9,2645.833216,7937.499882,0
89,5,8,246824,11,3968.749882,3174.999882,0
89,8,5,246824,11,3174.999882,3968.749882,0
89,5,15,246824,23,3968.749882,5291.666549,0
89,15,5,246824,23,5291.666549,3968.749882,0
89,5,20,246824,29,3968.749882,7937.499882,0
89,20,5,246824,29,7937.499882,3968.749882,0
89,6,8,246824,10,5291.666549,3174.999882,0
89,8,6,246824,10,3174.999882,5291.666549,0
89,6,14,246824,9,5291.666549,2645.833216,0
89,14,6,246824,9,2645.833216,5291.666549,0
89,6,28,246824,30,5291.666549,5291.666549,0
89,28,6,246824,30,5291.666549,5291.666549,0
89,7,9,246824,8,2645.833216,3174.999882,0
89,9,7,246824,8,3174.999882,2645.833216,0
89,7,13,246824,11,2645.833216,7937.499882,0
89,13,7,246824,11,7937.499882,2645.833216,0
89,7,21,246824,30,2645.833216,7937.499882,0
89,21,7,246824,30,7937.499882,2645.833216,0
89,7,28,246824,31,2645.833216,5291.666549,0
89,28,7,246824,31,5291.666549,2645.833216,0
89,8,9,246824,9,3174.999882,3174.999882,0
89,9,8,246824,9,3174.999882,3174.999882,0
89,8,11,246824,10,3174.999882,3174.999882,0
89,11,8,246824,10,3174.999882,3174.999882,0
89,9,10,246824,10,3174.999882,7937.499882,0
89,10,9,246824,10,7937.499882,3174.999882,0
89,9,12,246824,10,3174.999882,3968.749882,0
89,12,9,246824,10,3968.749882,3174.999882,0
89,9,14,246824,8,3174.999882,2645.833216,0
89,14,9,246824,8,2645.833216,3174.999882,0
89,10,11,246824,11,7937.499882,3174.999882,0
89,11,10,246824,11,3174.999882,7937.499882,0
89,11,14,246824,9,3174.999882,2645.833216,0
89,14,11,246824,9,2645.833216,3174.999882,0
89,11,21,246824,29,3174.999882,7937.499882,0
89,21,11,246824,29,7937.499882,3174.999882,0
89,11,24,246824,21,3174.999882,3174.999882,0
89,24,11,246824,21,3174.999882,3174.999882,0
89,12,24,246824,22,3968.749882,3174.999882,0
89,24,12,246824,22,3174.999882,3968.749882,0
89,12,27,246824,35,3968.749882,7937.499882,0
89,27,12,246824,35,7937.499882,3968.749882,0
89,13,14,246824,11,7937.499882,2645.833216,0
89,14,13,246824,11,2645.833216,7937.499882,0
89,14,15,246824,21,2645.833216,5291.666549,0
89,15,14,246824,21,5291.666549,2645.833216,0
89,14,17,246824,23,2645.833216,3968.749882,0
89,17,14,246824,23,3968.749882,2645.833216,0
89,15,16,246824,24,5291.666549,3968.749882,0
89,16,15,246824,24,3968.749882,5291.666549,0
89,16,17,246824,26,3968.749882,3968.749882,0
89,17,16,246824,26,3968.749882,3968.749882,0
89,16,18,246824,30,3968.749882,7937.499882,0
89,18,16,246824,30,7937.499882,3968.749882,0
89,16,19,246824,26,3968.749882,7937.499882,0
89,19,16,246824,26,7937.499882,3968.749882,0
89,17,18,246824,31,3968.749882,7937.499882,0
89,18,17,246824,31,7937.499882,3968.749882,0
89,22,24,246824,40,7937.499882,3174.999882,0
89,24,22,246824,40,3174.999882,7937.499882,0
89,22,25,246824,38,7937.499882,3968.749882,0
89,25,22,246824,38,3968.749882,7937.499882,0
89,23,24,246824,40,7937.499882,3174.999882,0
89,24,23,246824,40,3174.999882,7937.499882,0
89,23,26,246824,41,7937.499882,5291.666549,0
89,26,23,246824,41,5291.666549,7937.499882,0
89,24,25,246824,28,3174.999882,3968.749882,0
89,25,24,246824,28,3968.749882,3174.999882,0
89,25,26,246824,34,3968.749882,5291.666549,0
89,26,25,246824,34,5291.666549,3968.749882,0
89,25,28,246824,32,3968.749882,5291.666549,0
89,28,25,246824,32,5291.666549,3968.749882,0
90,0,1,246824,9,3968.749882,3174.999882,0
90,1,0,246824,9,3174.999882,3968.749882,0
90,0,3,246824,11,3968.749882,5291.666549,0
90,3,0,246824,11,5291.666549,3968.749882,0
90,0,19,246824,24,3968.749882,7937.499882,0
90,19,0,246824,24,7937.499882,3968.749882,0
90,0,29,246824,27,3968.749882,7937.499882,0
90,29,0,246824,27,7937.499882,3968.749882,0
90,1,7,246824,9,3174.999882,2267.857025,0
90,7,1,246824,9,2267.857025,3174.999882,0
90,1,20,246824,27,3174.999882,7937.499882,0
90,20,1,246824,27,7937.499882,3174.999882,0
90,1,26,246824,31,3174.999882,5291.666549,0
90,26,1,246824,31,5291.666549,3174.999882,0
90,1,29,246824,25,3174.999882,7937.499882,0
90,29,1,246824,25,7937.499882,3174.999882,0
90,2,3,246824,12,3174.999882,5291.666549,0
90,3,2,246824,12,5291.666549,3174.999882,0
90,2,5,246824,12,3174.999882,3174.999882,0
90,5,2,246824,12,3174.999882,3174.999882,0
90,2,12,246824,13,3174.999882,3968.749882,0
90,12,2,246824,13,3968.749882,3174.999882,0
90,2,17,246824,26,3174.999882,3968.749882,0
90,17,2,246824,26,3968.749882,3174.999882,0
90,2,27,246824,36,3174.999882,7937.499882,0
90,27,2,246824,36,7937.499882,3174.999882,0
90,3,8,246824,11,5291.666549,3174.999882,0
90,8,3,246824,11,3174.999882,5291.666549,0
90,4,5,246824,10,3968.749882,3174.999882,0
90,5,4,246824,10,3174.999882,3968.749882,0
90,4,6,246824,9,3968.749882,3968.749882,0
90,6,4,246824,9,3968.749882,3968.749882,0
90,4,7,246824,9,3968.749882,2267.857025,0
90,7,4,246824,9,2267.857025,3968.749882,0
90,4,13,246824,10,3968.749882,7937.499882,0
90,13,4,246824,10,7937.499882,3968.749882,0
90,5,8,246824,11,3174.999882,3174.999882,0
90,8,5,246824,11,3174.999882,3174.999882,0
90,5,15,246824,23,3174.999882,5291.666549,0
90,15,5,246824,23,5291.666549,3174.999882,0
90,5,20,246824,29,3174.999882,7937.499882,0
90,20,5,246824,29,7937.499882,3174.999882,0
90,6,8,246824,10,3968.749882,3174.999882,0
90,8,6,246824,10,3174.999882,3968.749882,0
90,6,14,246824,9,3968.749882,2645.833216,0
90,14,6,246824,9,2645.833216,3968.749882,0
90,6,28,246824,30,3968.749882,5291.666549,0
90,28,6,246824,30,5291.666549,3968.749882,0
90,7,9,246824,8,2267.857025,3174.999882,0
90,9,7,246824,8,3174.999882,2267.857025,0
90,7,13,246824,11,2267.857025,7937.499882,0
90,13,7,246824,11,7937.499882,2267.857025,0
90,7,14,246824,10,2267.857025,2645.833216,0
90,14,7,246824,10,2645.833216,2267.857025,0
90,7,21,246824,30,2267.857025,7937.499882,0
90,21,7,246824,30,7937.499882,2267.857025,0
90,7,28,246824,31,2267.857025,5291.666549,0
90,28,7,246824,31,5291.666549,2267.857025,0
90,8,9,246824,9,3174.999882,3174.999882,0
90,9,8,246824,9,3174.999882,3174.999882,0
90,8,11,246824,10,3174.999882,3174.999882,0
90,11,8,246824,10,3174.999882,3174.999882,0
90,9,10,246824,10,3174.999882,7937.499882,0
90,10,9,246824,10,7937.499882,3174.999882,0
90,9,12,246824,10,3174.999882,3968.749882,0
90,12,9,246824,10,3968.749882,3174.999882,0
90,9,14,246824,8,3174.999882,2645.833216,0
90,14,9,246824,8,2645.833216,3174.999882,0
90,10,11,246824,11,7937.499882,3174.999882,0
90,11,10,246824,11,3174.999882,7937.499882,0
90,11,14,246824,9,3174.999882,2645.833216,0
90,14,11,246824,9,2645.833216,3174.999882,0
90,11,21,246824,29,3174.999882,7937.499882,0
90,21,11,246824,29,7937.499882,3174.999882,0
90,11,24,246824,21,3174.999882,2645.833216,0
90,24,11,246824,21,2645.833216,3174.999882,0
90,12,24,246824,22,3968.749882,2645.833216,0
90,24,12,246824,22,2645.833216,3968.749882,0
90,12,27,246824,35,3968.749882,7937.499882,0
90,27,12,246824,35,7937.499882,3968.749882,0
90,14,15,246824,21,2645.833216,5291.666549,0
90,15,14,246824,21,5291.666549,2645.833216,0
90,14,17,246824,23,2645.833216,3968.749882,0
90,17,14,246824,23,3968.749882,2645.833216,0
90,15,16,246824,24,5291.666549,3968.749882,0
90,16,15,246824,24,3968.749882,5291.666549,0
90,16,17,246824,26,3968.749882,3968.749882,0
90,17,16,246824,26,3968.749882,3968.749882,0
90,16,18,246824,30,3968.749882,7937.499882,0
90,18,16,246824,30,7937.499882,3968.749882,0
90,16,19,246824,26,3968.749882,7937.499882,0
90,19,16,246824,26,7937.499882,3968.749882,0
90,17,18,246824,31,3968.749882,7937.499882,0
90,18,17,246824,31,7937.499882,3968.749882,0
90,22,24,246824,40,7937.499882,2645.833216,0
90,24,22,246824,40,2645.833216,7937.499882,0
90,22,25,246824,38,7937.499882,5291.666549,0
90,25,22,246824,38,5291.666549,7937.499882,0
90,23,24,246824,40,7937.499882,2645.833216,0
90,24,23,246824,40,2645.833216,7937.499882,0
90,23,26,246824,41,7937.499882,5291.666549,0
90,26,23,246824,41,5291.666549,7937.499882,0
90,24,25,246824,28,2645.833216,5291.666549,0
90,25,24,246824,28,5291.666549,2645.833216,0
90,24,26,246824,36,2645.833216,5291.666549,0
90,26,24,246824,36,5291.666549,2645.833216,0
90,25,28,246824,32,5291.666549,5291.666549,0
90,28,25,246824,32,5291.666549,5291.666549,0
91,0,1,246824,9,3174.999882,3174.999882,0
91,1,0,246824,9,3174.999882,3174.999882,0
91,0,3,246824,11,3174.999882,3968.749882,0
91,3,0,246824,11,3968.749882,3174.999882,0
91,0,17,246824,25,3174.999882,3968.749882,0
91,17,0,246824,25,3968.749882,3174.999882,0
91,0,19,246824,24,3174.999882,7937.499882,0
91,19,0,246824,24,7937.499882,3174.999882,0
91,0,29,246824,27,3174.999882,7937.499882,0
91,29,0,246824,27,7937.499882,3174.999882,0
91,1,7,246824,9,3174.999882,1984.374882,0
91,7,1,246824,9,1984.374882,3174.999882,0
91,1,20,246824,27,3174.999882,7937.499882,0
91,20,1,246824,27,7937.499882,3174.999882,0
91,1,26,246824,31,3174.999882,5291.666549,0
91,26,1,246824,31,5291.666549,3174.999882,0
91,1,29,246824,25,3174.999882,7937.499882,0
91,29,1,246824,25,7937.499882,3174.999882,0
91,2,3,246824,12,5291.666549,3968.749882,0
91,3,2,246824,12,3968.749882,5291.666549,0
91,2,5,246824,12,5291.666549,3968.749882,0
91,5,2,246824,12,3968.749882,5291.666549,0
91,2,27,246824,36,5291.666549,5291.666549,0
91,27,2,246824,36,5291.666549,5291.666549,0
91,3,6,246824,10,3968.749882,3968.749882,0
91,6,3,246824,10,3968.749882,3968.749882,0
91,3,8,246824,11,3968.749882,3968.749882,0
91,8,3,246824,11,3968.749882,3968.749882,0
91,4,5,246824,10,5291.666549,3968.749882,0
91,5,4,246824,10,3968.749882,5291.666549,0
91,4,6,246824,9,5291.666549,3968.749882,0
91,6,4,246824,9,3968.749882,5291.666549,0
91,4,7,246824,9,5291.666549,1984.374882,0
91,7,4,246824,9,1984.374882,5291.666549,0
91,5,8,246824,11,3968.749882,3968.749882,0
91,8,5,246824,11,3968.749882,3968.749882,0
91,5,15,246824,23,3968.749882,5291.666549,0
91,15,5,246824,23,5291.666549,3968.749882,0
91,6,14,246824,9,3968.749882,2645.833216,0
91,14,6,246824,9,2645.833216,3968.749882,0
91,6,28,246824,30,3968.749882,7937.499882,0
91,28,6,246824,30,7937.499882,3968.749882,0
91,7,9,246824,8,1984.374882,3174.999882,0
91,9,7,246824,8,3174.999882,1984.374882,0
91,7,13,246824,11,1984.374882,7937.499882,0
91,13,7,246824,11,7937.499882,1984.374882,0
91,7,14,246824,10,1984.374882,2645.833216,0
91,14,7,246824,10,2645.833216,1984.374882,0
91,7,20,246824,29,1984.374882,7937.499882,0
91,20,7,246824,29,7937.499882,1984.374882,0
91,7,21,246824,30,1984.374882,7937.499882,0
91,21,7,246824,30,7937.499882,1984.374882,0
91,7,28,246824,31,1984.374882,7937.499882,0
91,28,7,246824,31,7937.499882,1984.374882,0
91,8,9,246824,9,3968.749882,3174.999882,0
91,9,8,246824,9,3174.999882,3968.749882,0
91,8,11,246824,10,3968.749882,3174.999882,0
91,11,8,246824,10,3174.999882,3968.749882,0
91,9,10,246824,10,3174.999882,3968.749882,0
91,10,9,246824,10,3968.749882,3174.999882,0
91,9,12,246824,10,3174.999882,3968.749882,0
91,12,9,246824,10,3968.749882,3174.999882,0
91,9,14,246824,8,3174.999882,2645.833216,0
91,14,9,246824,8,2645.833216,3174.999882,0
91,10,11,246824,11,3968.749882,3174.999882,0
91,11,10,246824,11,3174.999882,3968.749882,0
91,10,12,246824,12,3968.749882,3968.749882,0
91,12,10,246824,12,3968.749882,3968.749882,0
91,10,13,246824,13,3968.749882,7937.499882,0
91,13,10,246824,13,7937.499882,3968.749882,0
91,11,14,246824,9,3174.999882,2645.833216,0
91,14,11,246824,9,2645.833216,3174.999882,0
91,11,21,246824,29,3174.999882,7937.499882,0
91,21,11,246824,29,7937.499882,3174.999882,0
91,11,24,246824,21,3174.999882,3174.999882,0
91,24,11,246824,21,3174.999882,3174.999882,0
91,12,24,246824,22,3968.749882,3174.999882,0
91,24,12,246824,22,3174.999882,3968.749882,0
91,12,27,246824,35,3968.749882,5291.666549,0
91,27,12,246824,35,5291.666549,3968.749882,0
91,14,15,246824,21,2645.833216,5291.666549,0
91,15,14,246824,21,5291.666549,2645.833216,0
91,14,17,246824,23,2645.833216,3968.749882,0
91,17,14,246824,23,3968.749882,2645.833216,0
91,15,16,246824,24,5291.666549,3968.749882,0
91,16,15,246824,24,3968.749882,5291.666549,0
91,16,17,246824,26,3968.749882,3968.749882,0
91,17,16,246824,26,3968.749882,3968.749882,0
91,16,18,246824,30,3968.749882,7937.499882,0
91,18,16,246824,30,7937.499882,3968.749882,0
91,16,19,246824,26,3968.749882,7937.499882,0
91,19,16,246824,26,7937.499882,3968.749882,0
91,17,18,246824,31,3968.749882,7937.499882,0
91,18,17,246824,31,7937.499882,3968.749882,0
91,22,24,246824,40,7937.499882,3174.999882,0
91,24,22,246824,40,3174.999882,7937.499882,0
91,22,25,246824,38,7937.499882,3968.749882,0
91,25,22,246824,38,3968.749882,7937.499882,0
91,23,24,246824,40,7937.499882,3174.999882,0
91,24,23,246824,40,3174.999882,7937.499882,0
91,23,26,246824,41,7937.499882,5291.666549,0
91,26,23,246824,41,5291.666549,7937.499882,0
91,24,25,246824,28,3174.999882,3968.749882,0
91,25,24,246824,28,3968.749882,3174.999882,0
91,25,26,246824,34,3968.749882,5291.666549,0
91,26,25,246824,34,5291.666549,3968.749882,0
91,25,27,246824,36,3968.749882,5291.666549,0
91,27,25,246824,36,5291.666549,3968.749882,0
92,0,1,246824,9,3174.999882,3174.999882,0
92,1,0,246824,9,3174.999882,3174.999882,0
92,0,3,246824,11,3174.999882,5291.666549,0
92,3,0,246824,11,5291.666549,3174.999882,0
92,0,17,246824,25,3174.999882,3968.749882,0
92,17,0,246824,25,3968.749882,3174.999882,0
92,0,19,246824,24,3174.999882,7937.499882,0
92,19,0,246824,24,7937.499882,3174.999882,0
92,0,29,246824,27,3174.999882,7937.499882,0
92,29,0,246824,27,7937.499882,3174.999882,0
92,1,7,246824,9,3174.999882,2267.857025,0
92,7,1,246824,9,2267.857025,3174.999882,0
92,1,20,246824,27,3174.999882,7937.499882,0
92,20,1,246824,27,7937.499882,3174.999882,0
92,1,26,246824,31,3174.999882,5291.666549,0
92,26,1,246824,31,5291.666549,3174.999882,0
92,1,29,246824,25,3174.999882,7937.499882,0
92,29,1,246824,25,7937.499882,3174.999882,0
92,2,3,246824,12,5291.666549,5291.666549,0
92,3,2,246824,12,5291.666549,5291.666549,0
92,2,5,246824,12,5291.666549,3968.749882,0
92,5,2,246824,12,3968.749882,5291.666549,0
92,2,27,246824,36,5291.666549,7937.499882,0
92,27,2,246824,36,7937.499882,5291.666549,0
92,3,6,246824,10,5291.666549,3174.999882,0
92,6,3,246824,10,3174.999882,5291.666549,0
92,4,5,246824,10,3968.749882,3968.749882,0
92,5,4,246824,10,3968.749882,3968.749882,0
92,4,6,246824,9,3968.749882,3174.999882,0
92,6,4,246824,9,3174.999882,3968.749882,0
92,4,7,246824,9,3968.749882,2267.857025,0
92,7,4,246824,9,2267.857025,3968.749882,0
92,4,13,246824,10,3968.749882,7937.499882,0
92,13,4,246824,10,7937.499882,3968.749882,0
92,5,8,246824,11,3968.749882,3968.749882,0
92,8,5,246824,11,3968.749882,3968.749882,0
92,5,15,246824,23,3968.749882,5291.666549,0
92,15,5,246824,23,5291.666549,3968.749882,0
92,6,8,246824,10,3174.999882,3968.749882,0
92,8,6,246824,10,3968.749882,3174.999882,0
92,6,14,246824,9,3174.999882,2645.833216,0
92,14,6,246824,9,2645.833216,3174.999882,0
92,6,28,246824,30,3174.999882,7937.499882,0
92,28,6,246824,30,7937.499882,3174.999882,0
92,7,9,246824,8,2267.857025,3174.999882,0
92,9,7,246824,8,3174.999882,2267.857025,0
92,7,14,246824,10,2267.857025,2645.833216,0
92,14,7,246824,10,2645.833216,2267.857025,0
92,7,20,246824,29,2267.857025,7937.499882,0
92,20,7,246824,29,7937.499882,2267.857025,0
92,7,21,246824,30,2267.857025,7937.499882,0
92,21,7,246824,30,7937.499882,2267.857025,0
92,7,28,246824,31,2267.857025,7937.499882,0
92,28,7,246824,31,7937.499882,2267.857025,0
92,8,9,246824,9,3968.749882,3174.999882,0
92,9,8,246824,9,3174.999882,3968.749882,0
92,8,11,246824,10,3968.749882,3174.999882,0
92,11,8,246824,10,3174.999882,3968.749882,0
92,9,10,246824,10,3174.999882,5291.666549,0
92,10,9,246824,10,5291.666549,3174.999882,0
92,9,12,246824,10,3174.999882,3174.999882,0
92,12,9,246824,10,3174.999882,3174.999882,0
92,9,14,246824,8,3174.999882,2645.833216,0
92,14,9,246824,8,2645.833216,3174.999882,0
92,10,11,246824,11,5291.666549,3174.999882,0
92,11,10,246824,11,3174.999882,5291.666549,0
92,10,12,246824,12,5291.666549,3174.999882,0
92,12,10,246824,12,3174.999882,5291.666549,0
92,11,14,246824,9,3174.999882,2645.833216,0
92,14,11,246824,9,2645.833216,3174.999882,0
92,11,21,246824,29,3174.999882,7937.499882,0
92,21,11,246824,29,7937.499882,3174.999882,0
92,11,24,246824,21,3174.999882,3174.999882,0
92,24,11,246824,21,3174.999882,3174.999882,0
92,12,13,246824,13,3174.999882,7937.499882,0
92,13,12,246824,13,7937.499882,3174.999882,0
92,12,24,246824,22,3174.999882,3174.999882,0
92,24,12,246824,22,3174.999882,3174.999882,0
92,12,27,246824,35,3174.999882,7937.499882,0
92,27,12,246824,35,7937.499882,3174.999882,0
92,14,15,246824,21,2645.833216,5291.666549,0
92,15,14,246824,21,5291.666549,2645.833216,0
92,14,17,246824,23,2645.833216,3968.749882,0
92,17,14,246824,23,3968.749882,2645.833216,0
92,15,16,246824,24,5291.666549,3968.749882,0
92,16,15,246824,24,3968.749882,5291.666549,0
92,16,17,246824,26,3968.749882,3968.749882,0
92,17,16,246824,26,3968.749882,3968.749882,0
92,16,18,246824,30,3968.749882,7937.499882,0
92,18,16,246824,30,7937.499882,3968.749882,0
92,16,19,246824,26,3968.749882,7937.499882,0
92,19,16,246824,26,7937.499882,3968.749882,0
92,17,18,246824,31,3968.749882,7937.499882,0
92,18,17,246824,31,7937.499882,3968.749882,0
92,22,24,246824,40,7937.499882,3174.999882,0
92,24,22,246824,40,3174.999882,7937.499882,0
92,22,25,246824,38,7937.499882,5291.666549,0
92,25,22,246824,38,5291.666549,7937.499882,0
92,23,24,246824,40,7937.499882,3174.999882,0
92,24,23,246824,40,3174.999882,7937.499882,0
92,23,26,246824,41,7937.499882,5291.666549,0
92,26,23,246824,41,5291.666549,7937.499882,0
92,24,25,246824,28,3174.999882,5291.666549,0
92,25,24,246824,28,5291.666549,3174.999882,0
92,25,26,246824,34,5291.666549,5291.666549,0
92,26,25,246824,34,5291.666549,5291.666549,0
93,0,1,246824,9,3968.749882,3174.999882,0
93,1,0,246824,9,3174.999882,3968.749882,0
93,0,3,246824,11,3968.749882,3968.749882,0
93,3,0,246824,11,3968.749882,3968.749882,0
93,0,19,246824,24,3968.749882,7937.499882,0
93,19,0,246824,24,7937.499882,3968.749882,0
93,0,29,246824,27,3968.749882,7937.499882,0
93,29,0,246824,27,7937.499882,3968.749882,0
93,1,7,246824,9,3174.999882,1984.374882,0
93,7,1,246824,9,1984.374882,3174.999882,0
93,1,20,246824,27,3174.999882,7937.499882,0
93,20,1,246824,27,7937.499882,3174.999882,0
93,1,26,246824,31,3174.999882,5291.666549,0
93,26,1,246824,31,5291.666549,3174.999882,0
93,1,29,246824,25,3174.999882,7937.499882,0
93,29,1,246824,25,7937.499882,3174.999882,0
93,2,3,246824,12,3968.749882,3968.749882,0
93,3,2,246824,12,3968.749882,3968.749882,0
93,2,5,246824,12,3968.749882,3968.749882,0
93,5,2,246824,12,3968.749882,3968.749882,0
93,2,17,246824,26,3968.749882,3968.749882,0
93,17,2,246824,26,3968.749882,3968.749882,0
93,2,27,246824,36,3968.749882,7937.499882,0
93,27,2,246824,36,7937.499882,3968.749882,0
93,3,6,246824,10,3968.749882,3174.999882,0
93,6,3,246824,10,3174.999882,3968.749882,0
93,3,8,246824,11,3968.749882,2645.833216,0
93,8,3,246824,11,2645.833216,3968.749882,0
93,4,5,246824,10,3968.749882,3968.749882,0
93,5,4,246824,10,3968.749882,3968.749882,0
93,4,6,246824,9,3968.749882,3174.999882,0
93,6,4,246824,9,3174.999882,3968.749882,0
93,4,7,246824,9,3968.749882,1984.374882,0
93,7,4,246824,9,1984.374882,3968.749882,0
93,4,13,246824,10,3968.749882,7937.499882,0
93,13,4,246824,10,7937.499882,3968.749882,0
93,5,8,246824,11,3968.749882,2645.833216,0
93,8,5,246824,11,2645.833216,3968.749882,0
93,5,15,246824,23,3968.749882,5291.666549,0
93,15,5,246824,23,5291.666549,3968.749882,0
93,6,7,246824,10,3174.999882,1984.374882,0
93,7,6,246824,10,1984.374882,3174.999882,0
93,6,8,246824,10,3174.999882,2645.833216,0
93,8,6,246824,10,2645.833216,3174.999882,0
93,6,28,246824,30,3174.999882,5291.666549,0
93,28,6,246824,30,5291.666549,3174.999882,0
93,7,9,246824,8,1984.374882,3174.999882,0
93,9,7,246824,8,3174.999882,1984.374882,0
93,7,14,246824,10,1984.374882,3174.999882,0
93,14,7,246824,10,3174.999882,1984.374882,0
93,7,20,246824,29,1984.374882,7937.499882,0
93,20,7,246824,29,7937.499882,1984.374882,0
93,7,21,246824,30,1984.374882,7937.499882,0
93,21,7,246824,30,7937.499882,1984.374882,0
93,7,28,246824,31,1984.374882,5291.666549,0
93,28,7,246824,31,5291.666549,1984.374882,0
93,8,9,246824,9,2645.833216,3174.999882,0
93,9,8,246824,9,3174.999882,2645.833216,0
93,8,10,246824,12,2645.833216,5291.666549,0
93,10,8,246824,12,5291.666549,2645.833216,0
93,8,11,246824,10,2645.833216,3968.749882,0
93,11,8,246824,10,3968.749882,2645.833216,0
93,9,10,246824,10,3174.999882,5291.666549,0
93,10,9,246824,10,5291.666549,3174.999882,0
93,9,12,246824,10,3174.999882,3174.999882,0
93,12,9,246824,10,3174.999882,3174.999882,0
93,9,14,246824,8,3174.999882,3174.999882,0
93,14,9,246824,8,3174.999882,3174.999882,0
93,10,12,246824,12,5291.666549,3174.999882,0
93,12,10,246824,12,3174.999882,5291.666549,0
93,11,14,246824,9,3968.749882,3174.999882,0
93,14,11,246824,9,3174.999882,3968.749882,0
93,11,21,246824,29,3968.749882,7937.499882,0
93,21,11,246824,29,7937.499882,3968.749882,0
93,11,24,246824,21,3968.749882,3174.999882,0
93,24,11,246824,21,3174.999882,3968.749882,0
93,12,13,246824,13,3174.999882,7937.499882,0
93,13,12,246824,13,7937.499882,3174.999882,0
93,12,24,246824,22,3174.999882,3174.999882,0
93,24,12,246824,22,3174.999882,3174.999882,0
93,12,27,246824,35,3174.999882,7937.499882,0
93,27,12,246824,35,7937.499882,3174.999882,0
93,14,15,246824,21,3174.999882,5291.666549,0
93,15,14,246824,21,5291.666549,3174.999882,0
93,14,17,246824,23,3174.999882,3968.749882,0
93,17,14,246824,23,3968.749882,3174.999882,0
93,15,16,246824,24,5291.666549,3968.749882,0
93,16,15,246824,24,3968.749882,5291.666549,0
93,16,17,246824,26,3968.749882,3968.749882,0
93,17,16,246824,26,3968.749882,3968.749882,0
93,16,18,246824,30,3968.749882,7937.499882,0
93,18,16,246824,30,7937.499882,3968.749882,0
93,16,19,246824,26,3968.749882,7937.499882,0
93,19,16,246824,26,7937.499882,3968.749882,0
93,17,18,246824,31,3968.749882,7937.499882,0
93,18,17,246824,31,7937.499882,3968.749882,0
93,22,24,246824,40,7937.499882,3174.999882,0
93,24,22,246824,40,3174.999882,7937.499882,0
93,22,25,246824,38,7937.499882,3968.749882,0
93,25,22,246824,38,3968.749882,7937.499882,0
93,23,24,246824,40,7937.499882,3174.999882,0
93,24,23,246824,40,3174.999882,7937.499882,0
93,23,26,246824,41,7937.499882,5291.666549,0
93,26,23,246824,41,5291.666549,7937.499882,0
93,24,25,246824,28,3174.999882,3968.749882,0
93,25,24,246824,28,3968.749882,3174.999882,0
93,25,26,246824,34,3968.749882,5291.666549,0
93,26,25,246824,34,5291.666549,3968.749882,0
93,25,28,246824,32,3968.749882,5291.666549,0
93,28,25,246824,32,5291.666549,3968.749882,0
94,0,1,246824,9,3174.999931,3174.999931,0
94,1,0,246824,9,3174.999931,3174.999931,0
94,0,3,246824,11,3174.999931,3968.749931,0
94,3,0,246824,11,3968.749931,3174.999931,0
94,0,17,246824,25,3174.999931,3968.749931,0
94,17,0,246824,25,3968.749931,3174.999931,0
94,0,19,246824,24,3174.999931,7937.499931,0
94,19,0,246824,24,7937.499931,3174.999931,0
94,0,29,246824,27,3174.999931,7937.499931,0
94,29,0,246824,27,7937.499931,3174.999931,0
94,1,7,246824,9,3174.999931,3174.999931,0
94,7,1,246824,9,3174.999931,3174.999931,0
94,1,20,246824,27,3174.999931,7937.499931,0
94,20,1,246824,27,7937.499931,3174.999931,0
94,1,26,246824,31,3174.999931,5291.666598,0
94,26,1,246824,31,5291.666598,3174.999931,0
94,1,29,246824,25,3174.999931,7937.499931,0
94,29,1,246824,25,7937.499931,3174.999931,0
94,2,3,246824,12,5291.666598,3968.749931,0
94,3,2,246824,12,3968.749931,5291.666598,0
94,2,5,246824,12,5291.666598,3174.999931,0
94,5,2,246824,12,3174.999931,5291.666598,0
94,2,27,246824,36,5291.666598,5291.666598,0
94,27,2,246824,36,5291.666598,5291.666598,0
94,3,6,246824,10,3968.749931,3174.999931,0
94,6,3,246824,10,3174.999931,3968.749931,0
94,3,8,246824,11,3968.749931,3174.999931,0
94,8,3,246824,11,3174.999931,3968.749931,0
94,4,5,246824,10,7937.499931,3174.999931,0
94,5,4,246824,10,3174.999931,7937.499931,0
94,4,6,246824,9,7937.499931,3174.999931,0
94,6,4,246824,9,3174.999931,7937.499931,0
94,5,8,246824,11,3174.999931,3174.999931,0
94,8,5,246824,11,3174.999931,3174.999931,0
94,5,15,246824,23,3174.999931,5291.666598,0
94,15,5,246824,23,5291.666598,3174.999931,0
94,5,20,246824,29,3174.999931,7937.499931,0
94,20,5,246824,29,7937.499931,3174.999931,0
94,6,8,246824,10,3174.999931,3174.999931,0
94,8,6,246824,10,3174.999931,3174.999931,0
94,6,14,246824,9,3174.999931,2267.857074,0
94,14,6,246824,9,2267.857074,3174.999931,0
94,6,28,246824,30,3174.999931,7937.499931,0
94,28,6,246824,30,7937.499931,3174.999931,0
94,7,9,246824,8,3174.999931,3174.999931,0
94,9,7,246824,8,3174.999931,3174.999931,0
94,7,14,246824,10,3174.999931,2267.857074,0
94,14,7,246824,10,2267.857074,3174.999931,0
94,7,21,246824,30,3174.999931,7937.499931,0
94,21,7,246824,30,7937.499931,3174.999931,0
94,7,28,246824,31,3174.999931,7937.499931,0
94,28,7,246824,31,7937.499931,3174.999931,0
94,8,9,246824,9,3174.999931,3174.999931,0
94,9,8,246824,9,3174.999931,3174.999931,0
94,8,11,246824,10,3174.999931,3174.999931,0
94,11,8,246824,10,3174.999931,3174.999931,0
94,9,10,246824,10,3174.999931,5291.666598,0
94,10,9,246824,10,5291.666598,3174.999931,0
94,9,12,246824,10,3174.999931,3174.999931,0
94,12,9,246824,10,3174.999931,3174.999931,0
94,9,14,246824,8,3174.999931,2267.857074,0
94,14,9,246824,8,2267.857074,3174.999931,0
94,10,11,246824,11,5291.666598,3174.999931,0
94,11,10,246824,11,3174.999931,5291.666598,0
94,10,12,246824,12,5291.666598,3174.999931,0
94,12,10,246824,12,3174.999931,5291.666598,0
94,11,14,246824,9,3174.999931,2267.857074,0
94,14,11,246824,9,2267.857074,3174.999931,0
94,11,21,246824,29,3174.999931,7937.499931,0
94,21,11,246824,29,7937.499931,3174.999931,0
94,11,24,246824,21,3174.999931,3174.999931,0
94,24,11,246824,21,3174.999931,3174.999931,0
94,12,13,246824,13,3174.999931,7937.499931,0
94,13,12,246824,13,7937.499931,3174.999931,0
94,12,24,246824,22,3174.999931,3174.999931,0
94,24,12,246824,22,3174.999931,3174.999931,0
94,12,27,246824,35,3174.999931,5291.666598,0
94,27,12,246824,35,5291.666598,3174.999931,0
94,13,14,246824,11,7937.499931,2267.857074,0
94,14,13,246824,11,2267.857074,7937.499931,0
94,14,15,246824,21,2267.857074,5291.666598,0
94,15,14,246824,21,5291.666598,2267.857074,0
94,14,17,246824,23,2267.857074,3968.749931,0
94,17,14,246824,23,3968.749931,2267.857074,0
94,15,16,246824,24,5291.666598,3968.749931,0
94,16,15,246824,24,3968.749931,5291.666598,0
94,16,17,246824,26,3968.749931,3968.749931,0
94,17,16,246824,26,3968.749931,3968.749931,0
94,16,18,246824,30,3968.749931,7937.499931,0
94,18,16,246824,30,7937.499931,3968.749931,0
94,16,19,246824,26,3968.749931,7937.499931,0
94,19,16,246824,26,7937.499931,3968.749931,0
94,17,18,246824,31,3968.749931,7937.499931,0
94,18,17,246824,31,7937.499931,3968.749931,0
94,22,24,246824,40,7937.499931,3174.999931,0
94,24,22,246824,40,3174.999931,7937.499931,0
94,22,25,246824,38,7937.499931,3968.749931,0
94,25,22,246824,38,3968.749931,7937.499931,0
94,23,24,246824,40,7937.499931,3174.999931,0
94,24,23,246824,40,3174.999931,7937.499931,0
94,23,26,246824,41,7937.499931,5291.666598,0
94,26,23,246824,41,5291.666598,7937.499931,0
94,24,25,246824,28,3174.999931,3968.749931,0
94,25,24,246824,28,3968.749931,3174.999931,0
94,25,26,246824,34,3968.749931,5291.666598,0
94,26,25,246824,34,5291.666598,3968.749931,0
94,25,27,246824,36,3968.749931,5291.666598,0
94,27,25,246824,36,5291.666598,3968.749931,0
95,0,1,246824,9,3174.999882,3174.999882,0
95,1,0,246824,9,3174.999882,3174.999882,0
95,0,3,246824,11,3174.999882,3968.749882,0
95,3,0,246824,11,3968.749882,3174.999882,0
95,0,17,246824,25,3174.999882,3968.749882,0
95,17,0,246824,25,3968.749882,3174.999882,0
95,0,19,246824,24,3174.999882,5291.666549,0
95,19,0,246824,24,5291.666549,3174.999882,0
95,0,29,246824,27,3174.999882,5291.666549,0
95,29,0,246824,27,5291.666549,3174.999882,0
95,1,7,246824,9,3174.999882,2645.833216,0
95,7,1,246824,9,2645.833216,3174.999882,0
95,1,20,246824,27,3174.999882,7937.499882,0
95,20,1,246824,27,7937.499882,3174.999882,0
95,1,26,246824,31,3174.999882,5291.666549,0
95,26,1,246824,31,5291.666549,3174.999882,0
95,1,29,246824,25,3174.999882,5291.666549,0
95,29,1,246824,25,5291.666549,3174.999882,0
95,2,3,246824,12,5291.666549,3968.749882,0
95,3,2,246824,12,3968.749882,5291.666549,0
95,2,5,246824,12,5291.666549,5291.666549,0
95,5,2,246824,12,5291.666549,5291.666549,0
95,2,27,246824,36,5291.666549,7937.499882,0
95,27,2,246824,36,7937.499882,5291.666549,0
95,3,6,246824,10,3968.749882,3174.999882,0
95,6,3,246824,10,3174.999882,3968.749882,0
95,3,8,246824,11,3968.749882,2645.833216,0
95,8,3,246824,11,2645.833216,3968.749882,0
95,4,6,246824,9,7937.499882,3174.999882,0
95,6,4,246824,9,3174.999882,7937.499882,0
95,4,7,246824,9,7937.499882,2645.833216,0
95,7,4,246824,9,2645.833216,7937.499882,0
95,5,8,246824,11,5291.666549,2645.833216,0
95,8,5,246824,11,2645.833216,5291.666549,0
95,5,15,246824,23,5291.666549,5291.666549,0
95,15,5,246824,23,5291.666549,5291.666549,0
95,6,8,246824,10,3174.999882,2645.833216,0
95,8,6,246824,10,2645.833216,3174.999882,0
95,6,14,246824,9,3174.999882,2267.857025,0
95,14,6,246824,9,2267.857025,3174.999882,0
95,6,28,246824,30,3174.999882,5291.666549,0
95,28,6,246824,30,5291.666549,3174.999882,0
95,7,9,246824,8,2645.833216,3174.999882,0
95,9,7,246824,8,3174.999882,2645.833216,0
95,7,14,246824,10,2645.833216,2267.857025,0
95,14,7,246824,10,2267.857025,2645.833216,0
95,7,21,246824,30,2645.833216,7937.499882,0
95,21,7,246824,30,7937.499882,2645.833216,0
95,7,28,246824,31,2645.833216,5291.666549,0
95,28,7,246824,31,5291.666549,2645.833216,0
95,8,9,246824,9,2645.833216,3174.999882,0
95,9,8,246824,9,3174.999882,2645.833216,0
95,8,10,246824,12,2645.833216,5291.666549,0
95,10,8,246824,12,5291.666549,2645.833216,0
95,8,11,246824,10,2645.833216,3968.749882,0
95,11,8,246824,10,3968.749882,2645.833216,0
95,9,10,246824,10,3174.999882,5291.666549,0
95,10,9,246824,10,5291.666549,3174.999882,0
95,9,12,246824,10,3174.999882,3174.999882,0
95,12,9,246824,10,3174.999882,3174.999882,0
95,9,14,246824,8,3174.999882,2267.857025,0
95,14,9,246824,8,2267.857025,3174.999882,0
95,10,12,246824,12,5291.666549,3174.999882,0
95,12,10,246824,12,3174.999882,5291.666549,0
95,11,14,246824,9,3968.749882,2267.857025,0
95,14,11,246824,9,2267.857025,3968.749882,0
95,11,21,246824,29,3968.749882,7937.499882,0
95,21,11,246824,29,7937.499882,3968.749882,0
95,11,24,246824,21,3968.749882,3174.999882,0
95,24,11,246824,21,3174.999882,3968.749882,0
95,12,13,246824,13,3174.999882,7937.499882,0
95,13,12,246824,13,7937.499882,3174.999882,0
95,12,24,246824,22,3174.999882,3174.999882,0
95,24,12,246824,22,3174.999882,3174.999882,0
95,12,27,246824,35,3174.999882,7937.499882,0
95,27,12,246824,35,7937.499882,3174.999882,0
95,13,14,246824,11,7937.499882,2267.857025,0
95,14,13,246824,11,2267.857025,7937.499882,0
95,14,15,246824,21,2267.857025,5291.666549,0
95,15,14,246824,21,5291.666549,2267.857025,0
95,14,17,246824,23,2267.857025,3968.749882,0
95,17,14,246824,23,3968.749882,2267.857025,0
95,15,16,246824,24,5291.666549,3968.749882,0
95,16,15,246824,24,3968.749882,5291.666549,0
95,16,17,246824,26,3968.749882,3968.749882,0
95,17,16,246824,26,3968.749882,3968.749882,0
95,16,18,246824,30,3968.749882,7937.499882,0
95,18,16,246824,30,7937.499882,3968.749882,0
95,16,19,246824,26,3968.749882,5291.666549,0
95,19,16,246824,26,5291.666549,3968.749882,0
95,17,18,246824,31,3968.749882,7937.499882,0
95,18,17,246824,31,7937.499882,3968.749882,0
95,19,20,246824,34,5291.666549,7937.499882,0
95,20,19,246824,34,7937.499882,5291.666549,0
95,22,24,246824,40,7937.499882,3174.999882,0
95,24,22,246824,40,3174.999882,7937.499882,0
95,22,25,246824,38,7937.499882,5291.666549,0
95,25,22,246824,38,5291.666549,7937.499882,0
95,23,24,246824,40,7937.499882,3174.999882,0
95,24,23,246824,40,3174.999882,7937.499882,0
95,23,26,246824,41,7937.499882,5291.666549,0
95,26,23,246824,41,5291.666549,7937.499882,0
95,24,25,246824,28,3174.999882,5291.666549,0
95,25,24,246824,28,5291.666549,3174.999882,0
95,25,28,246824,32,5291.666549,5291.666549,0
95,28,25,246824,32,5291.666549,5291.666549,0
95,26,29,246824,38,5291.666549,5291.666549,0
95,29,26,246824,38,5291.666549,5291.666549,0
96,0,1,246824,9,3174.999882,2645.833216,0
96,1,0,246824,9,2645.833216,3174.999882,0
96,0,3,246824,11,3174.999882,5291.666549,0
96,3,0,246824,11,5291.666549,3174.999882,0
96,0,17,246824,25,3174.999882,3968.749882,0
96,17,0,246824,25,3968.749882,3174.999882,0
96,0,19,246824,24,3174.999882,7937.499882,0
96,19,0,246824,24,7937.499882,3174.999882,0
96,0,29,246824,27,3174.999882,5291.666549,0
96,29,0,246824,27,5291.666549,3174.999882,0
96,1,4,246824,8,2645.833216,3968.749882,0
96,4,1,246824,8,3968.749882,2645.833216,0
96,1,7,246824,9,2645.833216,1984.374882,0
96,7,1,246824,9,1984.374882,2645.833216,0
96,1,20,246824,27,2645.833216,7937.499882,0
96,20,1,246824,27,7937.499882,2645.833216,0
96,1,26,246824,31,2645.833216,5291.666549,0
96,26,1,246824,31,5291.666549,2645.833216,0
96,1,29,246824,25,2645.833216,5291.666549,0
96,29,1,246824,25,5291.666549,2645.833216,0
96,2,3,246824,12,5291.666549,5291.666549,0
96,3,2,246824,12,5291.666549,5291.666549,0
96,2,5,246824,12,5291.666549,3968.749882,0
96,5,2,246824,12,3968.749882,5291.666549,0
96,2,27,246824,36,5291.666549,7937.499882,0
96,27,2,246824,36,7937.499882,5291.666549,0
96,3,8,246824,11,5291.666549,3968.749882,0
96,8,3,246824,11,3968.749882,5291.666549,0
96,4,5,246824,10,3968.749882,3968.749882,0
96,5,4,246824,10,3968.749882,3968.749882,0
96,4,6,246824,9,3968.749882,5291.666549,0
96,6,4,246824,9,5291.666549,3968.749882,0
96,4,7,246824,9,3968.749882,1984.374882,0
96,7,4,246824,9,1984.374882,3968.749882,0
96,5,8,246824,11,3968.749882,3968.749882,0
96,8,5,246824,11,3968.749882,3968.749882,0
96,5,15,246824,23,3968.749882,5291.666549,0
96,15,5,246824,23,5291.666549,3968.749882,0
96,6,14,246824,9,5291.666549,2645.833216,0
96,14,6,246824,9,2645.833216,5291.666549,0
96,6,28,246824,30,5291.666549,5291.666549,0
96,28,6,246824,30,5291.666549,5291.666549,0
96,7,9,246824,8,1984.374882,3174.999882,0
96,9,7,246824,8,3174.999882,1984.374882,0
96,7,13,246824,11,1984.374882,7937.499882,0
96,13,7,246824,11,7937.499882,1984.374882,0
96,7,14,246824,10,1984.374882,2645.833216,0
96,14,7,246824,10,2645.833216,1984.374882,0
96,7,20,246824,29,1984.374882,7937.499882,0
96,20,7,246824,29,7937.499882,1984.374882,0
96,7,21,246824,30,1984.374882,7937.499882,0
96,21,7,246824,30,7937.499882,1984.374882,0
96,7,28,246824,31,1984.374882,5291.666549,0
96,28,7,246824,31,5291.666549,1984.374882,0
96,8,9,246824,9,3968.749882,3174.999882,0
96,9,8,246824,9,3174.999882,3968.749882,0
96,8,11,246824,10,3968.749882,3174.999882,0
96,11,8,246824,10,3174.999882,3968.749882,0
96,9,10,246824,10,3174.999882,5291.666549,0
96,10,9,246824,10,5291.666549,3174.999882,0
96,9,12,246824,10,3174.999882,3174.999882,0
96,12,9,246824,10,3174.999882,3174.999882,0
96,9,14,246824,8,3174.999882,2645.833216,0
96,14,9,246824,8,2645.833216,3174.999882,0
96,10,11,246824,11,5291.666549,3174.999882,0
96,11,10,246824,11,3174.999882,5291.666549,0
96,10,12,246824,12,5291.666549,3174.999882,0
96,12,10,246824,12,3174.999882,5291.666549,0
96,11,14,246824,9,3174.999882,2645.833216,0
96,14,11,246824,9,2645.833216,3174.999882,0
96,11,21,246824,29,3174.999882,7937.499882,0
96,21,11,246824,29,7937.499882,3174.999882,0
96,11,24,246824,21,3174.999882,3174.999882,0
96,24,11,246824,21,3174.999882,3174.999882,0
96,12,13,246824,13,3174.999882,7937.499882,0
96,13,12,246824,13,7937.499882,3174.999882,0
96,12,24,246824,22,3174.999882,3174.999882,0
96,24,12,246824,22,3174.999882,3174.999882,0
96,12,27,246824,35,3174.999882,7937.499882,0
96,27,12,246824,35,7937.499882,3174.999882,0
96,14,15,246824,21,2645.833216,5291.666549,0
96,15,14,246824,21,5291.666549,2645.833216,0
96,14,17,246824,23,2645.833216,3968.749882,0
96,17,14,246824,23,3968.749882,2645.833216,0
96,15,16,246824,24,5291.666549,3968.749882,0
96,16,15,246824,24,3968.749882,5291.666549,0
96,16,17,246824,26,3968.749882,3968.749882,0
96,17,16,246824,26,3968.749882,3968.749882,0
96,16,18,246824,30,3968.749882,7937.499882,0
96,18,16,246824,30,7937.499882,3968.749882,0
96,16,19,246824,26,3968.749882,7937.499882,0
96,19,16,246824,26,7937.499882,3968.749882,0
96,17,18,246824,31,3968.749882,7937.499882,0
96,18,17,246824,31,7937.499882,3968.749882,0
96,22,24,246824,40,7937.499882,3174.999882,0
96,24,22,246824,40,3174.999882,7937.499882,0
96,22,25,246824,38,7937.499882,5291.666549,0
96,25,22,246824,38,5291.666549,7937.499882,0
96,23,24,246824,40,7937.499882,3174.999882,0
96,24,23,246824,40,3174.999882,7937.499882,0
96,23,26,246824,41,7937.499882,5291.666549,0
96,26,23,246824,41,5291.666549,7937.499882,0
96,24,25,246824,28,3174.999882,5291.666549,0
96,25,24,246824,28,5291.666549,3174.999882,0
96,25,28,246824,32,5291.666549,5291.666549,0
96,28,25,246824,32,5291.666549,5291.666549,0
96,26,29,246824,38,5291.666549,5291.666549,0
96,29,26,246824,38,5291.666549,5291.666549,0
97,0,1,246824,9,3968.749882,3174.999882,0
97,1,0,246824,9,3174.999882,3968.749882,0
97,0,3,246824,11,3968.749882,3968.749882,0
97,3,0,246824,11,3968.749882,3968.749882,0
97,0,19,246824,24,3968.749882,7937.499882,0
97,19,0,246824,24,7937.499882,3968.749882,0
97,0,29,246824,27,3968.749882,7937.499882,0
97,29,0,246824,27,7937.499882,3968.749882,0
97,1,7,246824,9,3174.999882,2267.857025,0
97,7,1,246824,9,2267.857025,3174.999882,0
97,1,20,246824,27,3174.999882,7937.499882,0
97,20,1,246824,27,7937.499882,3174.999882,0
97,1,26,246824,31,3174.999882,5291.666549,0
97,26,1,246824,31,5291.666549,3174.999882,0
97,1,29,246824,25,3174.999882,7937.499882,0
97,29,1,246824,25,7937.499882,3174.999882,0
97,2,3,246824,12,3174.999882,3968.749882,0
97,3,2,246824,12,3968.749882,3174.999882,0
97,2,5,246824,12,3174.999882,3968.749882,0
97,5,2,246824,12,3968.749882,3174.999882,0
97,2,12,246824,13,3174.999882,3174.999882,0
97,12,2,246824,13,3174.999882,3174.999882,0
97,2,17,246824,26,3174.999882,3968.749882,0
97,17,2,246824,26,3968.749882,3174.999882,0
97,2,27,246824,36,3174.999882,7937.499882,0
97,27,2,246824,36,7937.499882,3174.999882,0
97,3,6,246824,10,3968.749882,3174.999882,0
97,6,3,246824,10,3174.999882,3968.749882,0
97,3,8,246824,11,3968.749882,3174.999882,0
97,8,3,246824,11,3174.999882,3968.749882,0
97,4,5,246824,10,3968.749882,3968.749882,0
97,5,4,246824,10,3968.749882,3968.749882,0
97,4,6,246824,9,3968.749882,3174.999882,0
97,6,4,246824,9,3174.999882,3968.749882,0
97,4,7,246824,9,3968.749882,2267.857025,0
97,7,4,246824,9,2267.857025,3968.749882,0
97,4,13,246824,10,3968.749882,7937.499882,0
97,13,4,246824,10,7937.499882,3968.749882,0
97,5,8,246824,11,3968.749882,3174.999882,0
97,8,5,246824,11,3174.999882,3968.749882,0
97,5,15,246824,23,3968.749882,5291.666549,0
97,15,5,246824,23,5291.666549,3968.749882,0
97,6,7,246824,10,3174.999882,2267.857025,0
97,7,6,246824,10,2267.857025,3174.999882,0
97,6,8,246824,10,3174.999882,3174.999882,0
97,8,6,246824,10,3174.999882,3174.999882,0
97,6,28,246824,30,3174.999882,5291.666549,0
97,28,6,246824,30,5291.666549,3174.999882,0
97,7,9,246824,8,2267.857025,5291.666549,0
97,9,7,246824,8,5291.666549,2267.857025,0
97,7,20,246824,29,2267.857025,7937.499882,0
97,20,7,246824,29,7937.499882,2267.857025,0
97,7,21,246824,30,2267.857025,7937.499882,0
97,21,7,246824,30,7937.499882,2267.857025,0
97,7,28,246824,31,2267.857025,5291.666549,0
97,28,7,246824,31,5291.666549,2267.857025,0
97,8,10,246824,12,3174.999882,7937.499882,0
97,10,8,246824,12,7937.499882,3174.999882,0
97,8,11,246824,10,3174.999882,3174.999882,0
97,11,8,246824,10,3174.999882,3174.999882,0
97,9,12,246824,10,5291.666549,3174.999882,0
97,12,9,246824,10,3174.999882,5291.666549,0
97,9,14,246824,8,5291.666549,3968.749882,0
97,14,9,246824,8,3968.749882,5291.666549,0
97,10,11,246824,11,7937.499882,3174.999882,0
97,11,10,246824,11,3174.999882,7937.499882,0
97,11,14,246824,9,3174.999882,3968.749882,0
97,14,11,246824,9,3968.749882,3174.999882,0
97,11,21,246824,29,3174.999882,7937.499882,0
97,21,11,246824,29,7937.499882,3174.999882,0
97,11,24,246824,21,3174.999882,2645.833216,0
97,24,11,246824,21,2645.833216,3174.999882,0
97,12,13,246824,13,3174.999882,7937.499882,0
97,13,12,246824,13,7937.499882,3174.999882,0
97,12,24,246824,22,3174.999882,2645.833216,0
97,24,12,246824,22,2645.833216,3174.999882,0
97,12,27,246824,35,3174.999882,7937.499882,0
97,27,12,246824,35,7937.499882,3174.999882,0
97,14,15,246824,21,3968.749882,5291.666549,0
97,15,14,246824,21,5291.666549,3968.749882,0
97,14,17,246824,23,3968.749882,3968.749882,0
97,17,14,246824,23,3968.749882,3968.749882,0
97,15,16,246824,24,5291.666549,3968.749882,0
97,16,15,246824,24,3968.749882,5291.666549,0
97,16,17,246824,26,3968.749882,3968.749882,0
97,17,16,246824,26,3968.749882,3968.749882,0
97,16,18,246824,30,3968.749882,7937.499882,0
97,18,16,246824,30,7937.499882,3968.749882,0
97,16,19,246824,26,3968.749882,7937.499882,0
97,19,16,246824,26,7937.499882,3968.749882,0
97,17,18,246824,31,3968.749882,7937.499882,0
97,18,17,246824,31,7937.499882,3968.749882,0
97,22,24,246824,40,7937.499882,2645.833216,0
97,24,22,246824,40,2645.833216,7937.499882,0
97,22,25,246824,38,7937.499882,5291.666549,0
97,25,22,246824,38,5291.666549,7937.499882,0
97,23,24,246824,40,7937.499882,2645.833216,0
97,24,23,246824,40,2645.833216,7937.499882,0
97,23,26,246824,41,7937.499882,5291.666549,0
97,26,23,246824,41,5291.666549,7937.499882,0
97,24,25,246824,28,2645.833216,5291.666549,0
97,25,24,246824,28,5291.666549,2645.833216,0
97,24,26,246824,36,2645.833216,5291.666549,0
97,26,24,246824,36,5291.666549,2645.833216,0
97,25,28,246824,32,5291.666549,5291.666549,0
97,28,25,246824,32,5291.666549,5291.666549,0
98,0,1,246824,9,3174.999882,2645.833216,0
98,1,0,246824,9,2645.833216,3174.999882,0
98,0,3,246824,11,3174.999882,3968.749882,0
98,3,0,246824,11,3968.749882,3174.999882,0
98,0,17,246824,25,3174.999882,3968.749882,0
98,17,0,246824,25,3968.749882,3174.999882,0
98,0,19,246824,24,3174.999882,7937.499882,0
98,19,0,246824,24,7937.499882,3174.999882,0
98,0,29,246824,27,3174.999882,7937.499882,0
98,29,0,246824,27,7937.499882,3174.999882,0
98,1,4,246824,8,2645.833216,3968.749882,0
98,4,1,246824,8,3968.749882,2645.833216,0
98,1,7,246824,9,2645.833216,3968.749882,0
98,7,1,246824,9,3968.749882,2645.833216,0
98,1,20,246824,27,2645.833216,7937.499882,0
98,20,1,246824,27,7937.499882,2645.833216,0
98,1,26,246824,31,2645.833216,5291.666549,0
98,26,1,246824,31,5291.666549,2645.833216,0
98,1,29,246824,25,2645.833216,7937.499882,0
98,29,1,246824,25,7937.499882,2645.833216,0
98,2,3,246824,12,5291.666549,3968.749882,0
98,3,2,246824,12,3968.749882,5291.666549,0
98,2,5,246824,12,5291.666549,3174.999882,0
98,5,2,246824,12,3174.999882,5291.666549,0
98,2,27,246824,36,5291.666549,5291.666549,0
98,27,2,246824,36,5291.666549,5291.666549,0
98,3,6,246824,10,3968.749882,3174.999882,0
98,6,3,246824,10,3174.999882,3968.749882,0
98,3,8,246824,11,3968.749882,3174.999882,0
98,8,3,246824,11,3174.999882,3968.749882,0
98,4,5,246824,10,3968.749882,3174.999882,0
98,5,4,246824,10,3174.999882,3968.749882,0
98,4,6,246824,9,3968.749882,3174.999882,0
98,6,4,246824,9,3174.999882,3968.749882,0
98,4,13,246824,10,3968.749882,7937.499882,0
98,13,4,246824,10,7937.499882,3968.749882,0
98,5,8,246824,11,3174.999882,3174.999882,0
98,8,5,246824,11,3174.999882,3174.999882,0
98,5,15,246824,23,3174.999882,5291.666549,0
98,15,5,246824,23,5291.666549,3174.999882,0
98,5,20,246824,29,3174.999882,7937.499882,0
98,20,5,246824,29,7937.499882,3174.999882,0
98,6,8,246824,10,3174.999882,3174.999882,0
98,8,6,246824,10,3174.999882,3174.999882,0
98,6,14,246824,9,3174.999882,3174.999882,0
98,14,6,246824,9,3174.999882,3174.999882,0
98,6,28,246824,30,3174.999882,7937.499882,0
98,28,6,246824,30,7937.499882,3174.999882,0
98,7,9,246824,8,3968.749882,3174.999882,0
98,9,7,246824,8,3174.999882,3968.749882,0
98,7,21,246824,30,3968.749882,7937.499882,0
98,21,7,246824,30,7937.499882,3968.749882,0
98,7,28,246824,31,3968.749882,7937.499882,0
98,28,7,246824,31,7937.499882,3968.749882,0
98,8,9,246824,9,3174.999882,3174.999882,0
98,9,8,246824,9,3174.999882,3174.999882,0
98,8,11,246824,10,3174.999882,3174.999882,0
98,11,8,246824,10,3174.999882,3174.999882,0
98,9,10,246824,10,3174.999882,3968.749882,0
98,10,9,246824,10,3968.749882,3174.999882,0
98,9,12,246824,10,3174.999882,3968.749882,0
98,12,9,246824,10,3968.749882,3174.999882,0
98,9,14,246824,8,3174.999882,3174.999882,0
98,14,9,246824,8,3174.999882,3174.999882,0
98,10,11,246824,11,3968.749882,3174.999882,0
98,11,10,246824,11,3174.999882,3968.749882,0
98,10,12,246824,12,3968.749882,3968.749882,0
98,12,10,246824,12,3968.749882,3968.749882,0
98,10,13,246824,13,3968.749882,7937.499882,0
98,13,10,246824,13,7937.499882,3968.749882,0
98,11,14,246824,9,3174.999882,3174.999882,0
98,14,11,246824,9,3174.999882,3174.999882,0
98,11,21,246824,29,3174.999882,7937.499882,0
98,21,11,246824,29,7937.499882,3174.999882,0
98,11,24,246824,21,3174.999882,2645.833216,0
98,24,11,246824,21,2645.833216,3174.999882,0
98,12,24,246824,22,3968.749882,2645.833216,0
98,24,12,246824,22,2645.833216,3968.749882,0
98,12,27,246824,35,3968.749882,5291.666549,0
98,27,12,246824,35,5291.666549,3968.749882,0
98,14,15,246824,21,3174.999882,5291.666549,0
98,15,14,246824,21,5291.666549,3174.999882,0
98,14,17,246824,23,3174.999882,3968.749882,0
98,17,14,246824,23,3968.749882,3174.999882,0
98,15,16,246824,24,5291.666549,3968.749882,0
98,16,15,246824,24,3968.749882,5291.666549,0
98,16,17,246824,26,3968.749882,3968.749882,0
98,17,16,246824,26,3968.749882,3968.749882,0
98,16,18,246824,30,3968.749882,7937.499882,0
98,18,16,246824,30,7937.499882,3968.749882,0
98,16,19,246824,26,3968.749882,7937.499882,0
98,19,16,246824,26,7937.499882,3968.749882,0
98,17,18,246824,31,3968.749882,7937.499882,0
98,18,17,246824,31,7937.499882,3968.749882,0
98,22,24,246824,40,7937.499882,2645.833216,0
98,24,22,246824,40,2645.833216,7937.499882,0
98,22,25,246824,38,7937.499882,5291.666549,0
98,25,22,246824,38,5291.666549,7937.499882,0
98,23,24,246824,40,7937.499882,2645.833216,0
98,24,23,246824,40,2645.833216,7937.499882,0
98,23,26,246824,41,7937.499882,5291.666549,0
98,26,23,246824,41,5291.666549,7937.499882,0
98,24,25,246824,28,2645.833216,5291.666549,0
98,25,24,246824,28,5291.666549,2645.833216,0
98,24,26,246824,36,2645.833216,5291.666549,0
98,26,24,246824,36,5291.666549,2645.833216,0
98,25,27,246824,36,5291.666549,5291.666549,0
98,27,25,246824,36,5291.666549,5291.666549,0
99,0,1,246824,9,3174.999882,3174.999882,0
99,1,0,246824,9,3174.999882,3174.999882,0
99,0,3,246824,11,3174.999882,3968.749882,0
99,3,0,246824,11,3968.749882,3174.999882,0
99,0,17,246824,25,3174.999882,3968.749882,0
99,17,0,246824,25,3968.749882,3174.999882,0
99,0,19,246824,24,3174.999882,7937.499882,0
99,19,0,246824,24,7937.499882,3174.999882,0
99,0,29,246824,27,3174.999882,7937.499882,0
99,29,0,246824,27,7937.499882,3174.999882,0
99,1,7,246824,9,3174.999882,2267.857025,0
99,7,1,246824,9,2267.857025,3174.999882,0
99,1,20,246824,27,3174.999882,7937.499882,0
99,20,1,246824,27,7937.499882,3174.999882,0
99,1,26,246824,31,3174.999882,5291.666549,0
99,26,1,246824,31,5291.666549,3174.999882,0
99,1,29,246824,25,3174.999882,7937.499882,0
99,29,1,246824,25,7937.499882,3174.999882,0
99,2,3,246824,12,5291.666549,3968.749882,0
99,3,2,246824,12,3968.749882,5291.666549,0
99,2,5,246824,12,5291.666549,3968.749882,0
99,5,2,246824,12,3968.749882,5291.666549,0
99,2,27,246824,36,5291.666549,7937.499882,0
99,27,2,246824,36,7937.499882,5291.666549,0
99,3,6,246824,10,3968.749882,3968.749882,0
99,6,3,246824,10,3968.749882,3968.749882,0
99,3,8,246824,11,3968.749882,3968.749882,0
99,8,3,246824,11,3968.749882,3968.749882,0
99,4,5,246824,10,3968.749882,3968.749882,0
99,5,4,246824,10,3968.749882,3968.749882,0
99,4,6,246824,9,3968.749882,3968.749882,0
99,6,4,246824,9,3968.749882,3968.749882,0
99,4,7,246824,9,3968.749882,2267.857025,0
99,7,4,246824,9,2267.857025,3968.749882,0
99,4,13,246824,10,3968.749882,7937.499882,0
99,13,4,246824,10,7937.499882,3968.749882,0
99,5,8,246824,11,3968.749882,3968.749882,0
99,8,5,246824,11,3968.749882,3968.749882,0
99,5,15,246824,23,3968.749882,5291.666549,0
99,15,5,246824,23,5291.666549,3968.749882,0
99,6,14,246824,9,3968.749882,2267.857025,0
99,14,6,246824,9,2267.857025,3968.749882,0
99,6,28,246824,30,3968.749882,5291.666549,0
99,28,6,246824,30,5291.666549,3968.749882,0
99,7,9,246824,8,2267.857025,3174.999882,0
99,9,7,246824,8,3174.999882,2267.857025,0
99,7,14,246824,10,2267.857025,2267.857025,0
99,14,7,246824,10,2267.857025,2267.857025,0
99,7,20,246824,29,2267.857025,7937.499882,0
99,20,7,246824,29,7937.499882,2267.857025,0
99,7,21,246824,30,2267.857025,7937.499882,0
99,21,7,246824,30,7937.499882,2267.857025,0
99,7,28,246824,31,2267.857025,5291.666549,0
99,28,7,246824,31,5291.666549,2267.857025,0
99,8,9,246824,9,3968.749882,3174.999882,0
99,9,8,246824,9,3174.999882,3968.749882,0
99,8,11,246824,10,3968.749882,3174.999882,0
99,11,8,246824,10,3174.999882,3968.749882,0
99,9,10,246824,10,3174.999882,5291.666549,0
99,10,9,246824,10,5291.666549,3174.999882,0
99,9,12,246824,10,3174.999882,3968.749882,0
99,12,9,246824,10,3968.749882,3174.999882,0
99,9,14,246824,8,3174.999882,2267.857025,0
99,14,9,246824,8,2267.857025,3174.999882,0
99,10,11,246824,11,5291.666549,3174.999882,0
99,11,10,246824,11,3174.999882,5291.666549,0
99,10,12,246824,12,5291.666549,3968.749882,0
99,12,10,246824,12,3968.749882,5291.666549,0
99,11,14,246824,9,3174.999882,2267.857025,0
99,14,11,246824,9,2267.857025,3174.999882,0
99,11,21,246824,29,3174.999882,7937.499882,0
99,21,11,246824,29,7937.499882,3174.999882,0
99,11,24,246824,21,3174.999882,2645.833216,0
99,24,11,246824,21,2645.833216,3174.999882,0
99,12,24,246824,22,3968.749882,2645.833216,0
99,24,12,246824,22,2645.833216,3968.749882,0
99,12,27,246824,35,3968.749882,7937.499882,0
99,27,12,246824,35,7937.499882,3968.749882,0
99,13,14,246824,11,7937.499882,2267.857025,0
99,14,13,246824,11,2267.857025,7937.499882,0
99,14,15,246824,21,2267.857025,5291.666549,0
99,15,14,246824,21,5291.666549,2267.857025,0
99,14,17,246824,23,2267.857025,3968.749882,0
99,17,14,246824,23,3968.749882,2267.857025,0
99,15,16,246824,24,5291.666549,3968.749882,0
99,16,15,246824,24,3968.749882,5291.666549,0
99,16,17,246824,26,3968.749882,3968.749882,0
99,17,16,246824,26,3968.749882,3968.749882,0
99,16,18,246824,30,3968.749882,7937.499882,0
99,18,16,246824,30,7937.499882,3968.749882,0
99,16,19,246824,26,3968.749882,7937.499882,0
99,19,16,246824,26,7937.499882,3968.749882,0
99,17,18,246824,31,3968.749882,7937.499882,0
99,18,17,246824,31,7937.499882,3968.749882,0
99,22,24,246824,40,7937.499882,2645.833216,0
99,24,22,246824,40,2645.833216,7937.499882,0
99,22,25,246824,38,7937.499882,5291.666549,0
99,25,22,246824,38,5291.666549,7937.499882,0
99,23,24,246824,40,7937.499882,2645.833216,0
99,24,23,246824,40,2645.833216,7937.499882,0
99,23,26,246824,41,7937.499882,5291.666549,0
99,26,23,246824,41,5291.666549,7937.499882,0
99,24,25,246824,28,2645.833216,5291.666549,0
99,25,24,246824,28,5291.666549,2645.833216,0
99,24,26,246824,36,2645.833216,5291.666549,0
99,26,24,246824,36,5291.666549,2645.833216,0
99,25,28,246824,32,5291.666549,5291.666549,0
99,28,25,246824,32,5291.666549,5291.666549,0
