round,node,peers,ul_bytes,dl_bytes,busy_ticks,train_ticks,round_duration_ticks,idle_ticks
0,0,3;9,1727768,1727768,115,83,913,798
0,1,4;10,740472,740472,81,46,913,832
0,2,4;9,1480944,1480944,139,102,913,774
0,3,4;12,987296,987296,64,29,913,849
0,4,2;8,1480944,1480944,87,51,913,826
0,5,2;9,493648,493648,56,47,913,857
0,6,9;11,987296,987296,56,25,913,857
0,7,9;10,740472,740472,76,48,913,837
0,8,4;10,740472,740472,70,41,913,843
0,9,0;2,1727768,1727768,71,43,913,842
0,10,8;11,987296,987296,66,53,913,847
0,11,10;14,987296,987296,98,87,913,815
0,12,3;13,987296,987296,72,44,913,841
0,13,11;12,987296,987296,95,54,913,818
0,14,11;12,1234120,1234120,151,110,913,762
0,15,7;12,987296,987296,615,568,913,298
0,16,13;14,493648,493648,475,434,913,438
0,17,14;15,493648,493648,666,629,913,247
0,18,2;15,493648,493648,573,526,913,340
0,19,0;20,493648,493648,518,484,913,395
0,20,14;29,740472,740472,447,413,913,466
0,21,4;13,493648,493648,619,584,913,294
0,22,2;4,493648,493648,869,833,913,44
0,23,0;6,493648,493648,499,467,913,414
0,24,9;27,493648,493648,901,866,913,12
0,25,9;27,493648,493648,544,502,913,369
0,26,0;8,493648,493648,559,528,913,354
0,27,0;6,987296,987296,662,620,913,251
0,28,1;3,493648,493648,612,577,913,301
0,29,0;2,740472,740472,451,418,913,462
1,0,1;3,1727768,1727768,115,83,911,796
1,1,0;2,740472,740472,73,46,911,838
1,2,1;5,1480944,1480944,139,102,911,772
1,3,0;4,1234120,1234120,64,29,911,847
1,4,2;3,740472,740472,64,51,911,847
1,5,7;8,987296,987296,82,47,911,829
1,6,4;8,1234120,1234120,56,25,911,855
1,7,5;10,740472,740472,59,48,911,852
1,8,5;6,740472,740472,70,41,911,841
1,9,0;7,987296,987296,71,43,911,840
1,10,7;11,740472,740472,65,53,911,846
1,11,6;14,740472,740472,98,87,911,813
1,12,3;14,740472,740472,72,44,911,839
1,13,10;14,740472,740472,95,54,911,816
1,14,11;13,2221416,2221416,151,110,911,760
1,15,12;14,493648,493648,596,568,911,315
1,16,13;14,493648,493648,475,434,911,436
1,17,14;20,987296,987296,673,629,911,238
1,18,2;17,493648,493648,570,526,911,341
1,19,0;17,740472,740472,521,484,911,390
1,20,14;19,740472,740472,449,413,911,462
1,21,3;14,493648,493648,619,584,911,292
1,22,2;5,493648,493648,868,833,911,43
1,23,0;6,740472,740472,502,467,911,409
1,24,9;23,493648,493648,901,866,911,10
1,25,9;28,493648,493648,547,502,911,364
1,26,0;8,493648,493648,559,528,911,352
1,27,0;6,493648,493648,652,620,911,259
1,28,3;14,740472,740472,622,577,911,289
1,29,1;2,493648,493648,445,418,911,466
2,0,1;3,1234120,1234120,114,83,910,796
2,1,4;10,1480944,1480944,81,46,910,829
2,2,5;9,1234120,1234120,139,102,910,771
2,3,1;4,987296,987296,43,29,910,867
2,4,2;3,740472,740472,65,51,910,845
2,5,6;7,1727768,1727768,82,47,910,828
2,6,5;8,1234120,1234120,56,25,910,854
2,7,5;9,987296,987296,76,48,910,834
2,8,5;6,493648,493648,52,41,910,858
2,9,5;7,1234120,1234120,71,43,910,839
2,10,7;11,987296,987296,66,53,910,844
2,11,6;14,740472,740472,98,87,910,812
2,12,3;13,987296,987296,72,44,910,838
2,13,5;10,1234120,1234120,95,54,910,815
2,14,11;12,1727768,1727768,151,110,910,759
2,15,7;12,740472,740472,605,568,910,305
2,16,13;14,493648,493648,475,434,910,435
2,17,14;15,987296,987296,673,629,910,237
2,18,2;17,493648,493648,570,526,910,340
2,19,0;17,493648,493648,521,484,910,389
2,20,14;29,493648,493648,446,413,910,464
2,21,13;14,493648,493648,618,584,910,292
2,22,2;5,493648,493648,868,833,910,42
2,23,6;24,493648,493648,502,467,910,408
2,24,9;26,987296,987296,901,866,910,9
2,25,9;27,493648,493648,544,502,910,366
2,26,0;24,493648,493648,562,528,910,348
2,27,6;24,740472,740472,662,620,910,248
2,28,1;14,493648,493648,612,577,910,298
2,29,0;1,740472,740472,451,418,910,459
3,0,3;9,1480944,1480944,115,83,910,795
3,1,2;4,1234120,1234120,81,46,910,829
3,2,1;5,1234120,1234120,139,102,910,771
3,3,1;4,1234120,1234120,64,29,910,846
3,4,3;8,1234120,1234120,86,51,910,824
3,5,2;8,1234120,1234120,82,47,910,828
3,6,4;5,1234120,1234120,56,25,910,854
3,7,5;9,987296,987296,76,48,910,834
3,8,5;6,1234120,1234120,70,41,910,840
3,9,2;7,1234120,1234120,71,43,910,839
3,10,7;8,740472,740472,65,53,910,845
3,11,6;14,493648,493648,98,87,910,812
3,12,3;14,740472,740472,56,44,910,854
3,13,10;12,740472,740472,95,54,910,815
3,14,11;12,1727768,1727768,151,110,910,759
3,15,7;14,493648,493648,596,568,910,314
3,16,13;14,493648,493648,475,434,910,435
3,17,14;20,987296,987296,673,629,910,237
3,18,2;17,493648,493648,570,526,910,340
3,19,0;17,493648,493648,521,484,910,389
3,20,14;29,740472,740472,449,413,910,461
3,21,4;14,493648,493648,619,584,910,291
3,22,2;5,493648,493648,868,833,910,42
3,23,0;24,493648,493648,502,467,910,408
3,24,9;26,987296,987296,901,866,910,9
3,25,9;27,493648,493648,544,502,910,366
3,26,0;8,740472,740472,562,528,910,348
3,27,6;24,740472,740472,662,620,910,248
3,28,1;3,493648,493648,612,577,910,298
3,29,0;1,740472,740472,451,418,910,459
4,0,1;3,1727768,1727768,115,83,910,795
4,1,0;10,987296,987296,81,46,910,829
4,2,4;5,1234120,1234120,139,102,910,771
4,3,4;12,987296,987296,64,29,910,846
4,4,2;8,987296,987296,86,51,910,824
4,5,2;7,987296,987296,82,47,910,828
4,6,5;11,987296,987296,56,25,910,854
4,7,5;10,987296,987296,76,48,910,834
4,8,4;10,740472,740472,70,41,910,840
4,9,0;7,987296,987296,71,43,910,839
4,10,8;11,1234120,1234120,66,53,910,844
4,11,6;10,987296,987296,98,87,910,812
4,12,3;13,740472,740472,72,44,910,838
4,13,10;11,1234120,1234120,95,54,910,815
4,14,11;13,1234120,1234120,144,110,910,766
4,15,7;12,740472,740472,605,568,910,305
4,16,13;28,493648,493648,476,434,910,434
4,17,14;15,1234120,1234120,673,629,910,237
4,18,2;17,493648,493648,570,526,910,340
4,19,0;17,493648,493648,521,484,910,389
4,20,14;17,493648,493648,449,413,910,461
4,21,3;4,493648,493648,619,584,910,291
4,22,2;5,493648,493648,868,833,910,42
4,23,0;6,493648,493648,499,467,910,411
4,24,9;26,493648,493648,900,866,910,10
4,25,9;27,493648,493648,544,502,910,366
4,26,0;8,740472,740472,562,528,910,348
4,27,0;6,740472,740472,662,620,910,248
4,28,1;14,740472,740472,619,577,910,291
4,29,1;2,493648,493648,445,418,910,465
5,0,3;9,1727768,1727768,115,83,910,795
5,1,2;10,987296,987296,81,46,910,829
5,2,4;9,1234120,1234120,139,102,910,771
5,3,0;4,987296,987296,64,29,910,846
5,4,6;8,1234120,1234120,87,51,910,823
5,5,6;8,740472,740472,58,47,910,852
5,6,9;11,1727768,1727768,56,25,910,854
5,7,5;9,987296,987296,76,48,910,834
5,8,5;6,987296,987296,70,41,910,840
5,9,2;6,1480944,1480944,71,43,910,839
5,10,7;11,987296,987296,66,53,910,844
5,11,6;10,740472,740472,98,87,910,812
5,12,3;14,493648,493648,56,44,910,854
5,13,10;14,987296,987296,95,54,910,815
5,14,11;12,1974592,1974592,151,110,910,759
5,15,7;14,493648,493648,596,568,910,314
5,16,13;14,493648,493648,475,434,910,435
5,17,14;20,987296,987296,673,629,910,237
5,18,2;17,493648,493648,570,526,910,340
5,19,0;17,493648,493648,521,484,910,389
5,20,14;29,740472,740472,449,413,910,461
5,21,13;14,493648,493648,618,584,910,292
5,22,2;4,493648,493648,869,833,910,41
5,23,0;6,740472,740472,502,467,910,408
5,24,9;23,493648,493648,901,866,910,9
5,25,9;27,493648,493648,544,502,910,366
5,26,0;8,493648,493648,559,528,910,351
5,27,0;6,740472,740472,662,620,910,248
5,28,1;3,493648,493648,612,577,910,298
5,29,0;1,740472,740472,451,418,910,459
6,0,1;3,1234120,1234120,115,83,913,798
6,1,0;4,1234120,1234120,81,46,913,832
6,2,1;5,1234120,1234120,139,102,913,774
6,3,1;4,1234120,1234120,64,29,913,849
6,4,2;3,1727768,1727768,87,51,913,826
6,5,2;9,1480944,1480944,82,47,913,831
6,6,4;5,740472,740472,56,25,913,857
6,7,9;10,740472,740472,76,48,913,837
6,8,4;5,740472,740472,70,41,913,843
6,9,5;7,987296,987296,71,43,913,842
6,10,7;11,493648,493648,64,53,913,849
6,11,10;14,740472,740472,98,87,913,815
6,12,3;13,740472,740472,72,44,913,841
6,13,5;11,1234120,1234120,95,54,913,818
6,14,11;13,1234120,1234120,144,110,913,769
6,15,7;12,987296,987296,615,568,913,298
6,16,13;28,493648,493648,476,434,913,437
6,17,14;15,493648,493648,666,629,913,247
6,18,2;15,493648,493648,573,526,913,340
6,19,0;20,493648,493648,518,484,913,395
6,20,14;19,493648,493648,447,413,913,466
6,21,3;4,493648,493648,619,584,913,294
6,22,4;5,493648,493648,869,833,913,44
6,23,0;24,493648,493648,502,467,913,411
6,24,9;27,987296,987296,901,866,913,12
6,25,9;28,493648,493648,547,502,913,366
6,26,8;24,493648,493648,562,528,913,351
6,27,6;24,493648,493648,655,620,913,258
6,28,1;14,987296,987296,622,577,913,291
6,29,0;2,493648,493648,445,418,913,468
7,0,3;9,1234120,1234120,115,83,910,795
7,1,2;4,740472,740472,73,46,910,837
7,2,5;9,1480944,1480944,139,102,910,771
7,3,4;12,1234120,1234120,64,29,910,846
7,4,2;8,1480944,1480944,87,51,910,823
7,5,7;8,1234120,1234120,82,47,910,828
7,6,8;9,1234120,1234120,56,25,910,854
7,7,5;9,987296,987296,76,48,910,834
7,8,5;10,1234120,1234120,70,41,910,840
7,9,2;7,1480944,1480944,71,43,910,839
7,10,7;8,493648,493648,64,53,910,846
7,11,6;14,493648,493648,98,87,910,812
7,12,3;14,740472,740472,56,44,910,854
7,13,5;12,493648,493648,66,54,910,844
7,14,11;12,1727768,1727768,151,110,910,759
7,15,7;14,493648,493648,596,568,910,314
7,16,14;28,493648,493648,476,434,910,434
7,17,14;20,740472,740472,673,629,910,237
7,18,2;17,493648,493648,570,526,910,340
7,19,0;20,493648,493648,518,484,910,392
7,20,14;29,987296,987296,449,413,910,461
7,21,3;4,493648,493648,619,584,910,291
7,22,4;5,493648,493648,869,833,910,41
7,23,0;6,740472,740472,502,467,910,408
7,24,9;23,740472,740472,901,866,910,9
7,25,9;27,493648,493648,544,502,910,366
7,26,0;8,493648,493648,559,528,910,351
7,27,6;24,740472,740472,662,620,910,248
7,28,3;14,740472,740472,619,577,910,291
7,29,1;2,740472,740472,451,418,910,459
8,0,1;3,1234120,1234120,115,83,913,798
8,1,4;10,987296,987296,81,46,913,832
8,2,4;9,1480944,1480944,139,102,913,774
8,3,0;4,987296,987296,64,29,913,849
8,4,6;8,1480944,1480944,86,51,913,827
8,5,2;9,1234120,1234120,82,47,913,831
8,6,8;11,1480944,1480944,56,25,913,857
8,7,5;9,740472,740472,76,48,913,837
8,8,4;5,1234120,1234120,70,41,913,843
8,9,5;6,1480944,1480944,71,43,913,842
8,10,8;11,987296,987296,66,53,913,847
8,11,6;14,987296,987296,98,87,913,815
8,12,3;14,740472,740472,72,44,913,841
8,13,10;11,987296,987296,95,54,913,818
8,14,12;13,1480944,1480944,144,110,913,769
8,15,7;12,987296,987296,615,568,913,298
8,16,13;28,493648,493648,476,434,913,437
8,17,14;15,740472,740472,666,629,913,247
8,18,2;15,493648,493648,573,526,913,340
8,19,0;17,493648,493648,521,484,913,392
8,20,14;29,493648,493648,446,413,913,467
8,21,4;14,493648,493648,619,584,913,294
8,22,2;5,493648,493648,868,833,913,45
8,23,6;24,493648,493648,502,467,913,411
8,24,9;27,987296,987296,901,866,913,12
8,25,9;28,493648,493648,547,502,913,366
8,26,8;24,493648,493648,562,528,913,351
8,27,0;6,740472,740472,655,620,913,258
8,28,1;3,987296,987296,622,577,913,291
8,29,0;2,740472,740472,451,418,913,462
9,0,3;9,1974592,1974592,115,83,910,795
9,1,0;3,987296,987296,73,46,910,837
9,2,1;5,987296,987296,139,102,910,771
9,3,1;12,1480944,1480944,64,29,910,846
9,4,2;3,740472,740472,87,51,910,823
9,5,6;7,1234120,1234120,82,47,910,828
9,6,5;9,1480944,1480944,56,25,910,854
9,7,9;10,987296,987296,76,48,910,834
9,8,6;10,740472,740472,70,41,910,840
9,9,0;7,1234120,1234120,71,43,910,839
9,10,7;8,987296,987296,65,53,910,845
9,11,6;10,740472,740472,98,87,910,812
9,12,3;14,740472,740472,72,44,910,838
9,13,5;10,1234120,1234120,95,54,910,815
9,14,11;13,1727768,1727768,151,110,910,759
9,15,7;12,493648,493648,596,568,910,314
9,16,13;14,493648,493648,475,434,910,435
9,17,14;20,987296,987296,673,629,910,237
9,18,2;17,493648,493648,570,526,910,340
9,19,0;17,493648,493648,521,484,910,389
9,20,14;17,493648,493648,449,413,910,461
9,21,3;13,493648,493648,619,584,910,291
9,22,4;5,493648,493648,869,833,910,41
9,23,0;6,493648,493648,499,467,910,411
9,24,9;26,493648,493648,900,866,910,10
9,25,9;27,493648,493648,544,502,910,366
9,26,0;8,740472,740472,562,528,910,348
9,27,0;6,740472,740472,662,620,910,248
9,28,3;14,493648,493648,612,577,910,298
9,29,0;1,493648,493648,445,418,910,465
10,0,1;9,987296,987296,114,83,913,799
10,1,2;10,1234120,1234120,81,46,913,832
10,2,4;9,1727768,1727768,139,102,913,774
10,3,4;12,987296,987296,64,29,913,849
10,4,6;8,1480944,1480944,87,51,913,826
10,5,2;8,740472,740472,58,47,913,855
10,6,4;8,1480944,1480944,56,25,913,857
10,7,5;9,740472,740472,76,48,913,837
10,8,4;5,987296,987296,70,41,913,843
10,9,2;6,1480944,1480944,71,43,913,842
10,10,11;13,740472,740472,66,53,913,847
10,11,6;10,493648,493648,98,87,913,815
10,12,3;13,987296,987296,72,44,913,841
10,13,12;14,987296,987296,95,54,913,818
10,14,12;13,987296,987296,139,110,913,774
10,15,7;12,987296,987296,615,568,913,298
10,16,13;28,493648,493648,476,434,913,437
10,17,14;15,493648,493648,666,629,913,247
10,18,2;15,493648,493648,573,526,913,340
10,19,0;20,493648,493648,518,484,913,395
10,20,14;19,493648,493648,447,413,913,466
10,21,3;4,493648,493648,619,584,913,294
10,22,2;4,493648,493648,869,833,913,44
10,23,6;24,493648,493648,502,467,913,411
10,24,9;27,740472,740472,901,866,913,12
10,25,9;27,493648,493648,544,502,913,369
10,26,0;8,493648,493648,559,528,913,354
10,27,6;24,740472,740472,662,620,913,251
10,28,1;3,740472,740472,619,577,913,294
10,29,1;2,493648,493648,445,418,913,468
11,0,3;9,1974592,1974592,115,83,911,796
11,1,0;4,987296,987296,81,46,911,830
11,2,1;9,1727768,1727768,139,102,911,772
11,3,0;4,740472,740472,42,29,911,869
11,4,1;2,1234120,1234120,86,51,911,825
11,5,2;9,740472,740472,82,47,911,829
11,6,9;11,1234120,1234120,56,25,911,855
11,7,9;10,740472,740472,76,48,911,835
11,8,4;6,987296,987296,70,41,911,841
11,9,0;5,1727768,1727768,71,43,911,840
11,10,8;11,987296,987296,65,53,911,846
11,11,6;10,987296,987296,98,87,911,813
11,12,3;14,493648,493648,56,44,911,855
11,13,10;11,740472,740472,66,54,911,845
11,14,11;13,2221416,2221416,151,110,911,760
11,15,7;14,493648,493648,596,568,911,315
11,16,14;28,493648,493648,476,434,911,435
11,17,14;20,740472,740472,673,629,911,238
11,18,2;17,493648,493648,570,526,911,341
11,19,0;20,493648,493648,518,484,911,393
11,20,14;29,987296,987296,449,413,911,462
11,21,4;14,493648,493648,619,584,911,292
11,22,2;5,493648,493648,868,833,911,43
11,23,0;6,740472,740472,502,467,911,409
11,24,9;23,493648,493648,901,866,911,10
11,25,9;28,493648,493648,547,502,911,364
11,26,0;8,493648,493648,559,528,911,352
11,27,0;6,493648,493648,652,620,911,259
11,28,1;14,987296,987296,622,577,911,289
11,29,0;2,740472,740472,451,418,911,460
12,0,1;3,1480944,1480944,115,83,910,795
12,1,2;10,1480944,1480944,81,46,910,829
12,2,1;5,1480944,1480944,139,102,910,771
12,3,1;12,1480944,1480944,64,29,910,846
12,4,3;6,740472,740472,86,51,910,824
12,5,6;7,1234120,1234120,82,47,910,828
12,6,8;11,1480944,1480944,56,25,910,854
12,7,5;9,987296,987296,76,48,910,834
12,8,5;10,987296,987296,70,41,910,840
12,9,2;7,987296,987296,71,43,910,839
12,10,7;11,1234120,1234120,66,53,910,844
12,11,6;14,987296,987296,98,87,910,812
12,12,3;13,987296,987296,72,44,910,838
12,13,10;11,987296,987296,95,54,910,815
12,14,11;12,987296,987296,139,110,910,771
12,15,7;12,740472,740472,605,568,910,305
12,16,13;28,493648,493648,476,434,910,434
12,17,14;15,987296,987296,673,629,910,237
12,18,2;17,493648,493648,570,526,910,340
12,19,0;17,493648,493648,521,484,910,389
12,20,14;29,493648,493648,446,413,910,464
12,21,3;4,493648,493648,619,584,910,291
12,22,2;5,493648,493648,868,833,910,42
12,23,0;6,493648,493648,499,467,910,411
12,24,9;26,493648,493648,900,866,910,10
12,25,9;27,493648,493648,544,502,910,366
12,26,0;8,740472,740472,562,528,910,348
12,27,0;6,740472,740472,662,620,910,248
12,28,1;3,740472,740472,619,577,910,291
12,29,1;2,740472,740472,451,418,910,459
13,0,3;9,1974592,1974592,115,83,911,796
13,1,0;3,740472,740472,81,46,911,830
13,2,4;9,1480944,1480944,139,102,911,772
13,3,0;12,740472,740472,43,29,911,868
13,4,2;8,740472,740472,87,51,911,824
13,5,2;8,1480944,1480944,59,47,911,852
13,6,5;9,1480944,1480944,56,25,911,855
13,7,5;9,740472,740472,76,48,911,835
13,8,5;6,1234120,1234120,70,41,911,841
13,9,0;5,1727768,1727768,71,43,911,840
13,10,8;13,740472,740472,65,53,911,846
13,11,6;10,740472,740472,98,87,911,813
13,12,3;14,987296,987296,72,44,911,839
13,13,5;12,1480944,1480944,95,54,911,816
13,14,11;13,1974592,1974592,151,110,911,760
13,15,7;12,740472,740472,605,568,911,306
13,16,13;14,493648,493648,475,434,911,436
13,17,14;15,987296,987296,673,629,911,238
13,18,2;17,493648,493648,570,526,911,341
13,19,0;17,493648,493648,521,484,911,390
13,20,14;29,493648,493648,446,413,911,465
13,21,13;14,493648,493648,618,584,911,293
13,22,2;4,493648,493648,869,833,911,42
13,23,0;6,493648,493648,499,467,911,412
13,24,9;27,493648,493648,901,866,911,10
13,25,9;28,493648,493648,547,502,911,364
13,26,0;8,493648,493648,559,528,911,352
13,27,0;6,740472,740472,655,620,911,256
13,28,1;14,740472,740472,622,577,911,289
13,29,0;2,740472,740472,451,418,911,460
14,0,1;9,740472,740472,111,83,913,802
14,1,2;10,1480944,1480944,81,46,913,832
14,2,1;5,1234120,1234120,139,102,913,774
14,3,4;12,987296,987296,64,29,913,849
14,4,1;3,1234120,1234120,87,51,913,826
14,5,7;9,1234120,1234120,82,47,913,831
14,6,9;11,987296,987296,56,25,913,857
14,7,9;10,987296,987296,76,48,913,837
14,8,4;10,740472,740472,70,41,913,843
14,9,2;6,1727768,1727768,71,43,913,842
14,10,7;11,987296,987296,66,53,913,847
14,11,6;14,740472,740472,98,87,913,815
14,12,3;14,493648,493648,56,44,913,857
14,13,5;14,740472,740472,95,54,913,818
14,14,11;13,1727768,1727768,151,110,913,762
14,15,7;14,740472,740472,615,568,913,298
14,16,13;14,493648,493648,475,434,913,438
14,17,14;20,493648,493648,665,629,913,248
14,18,2;15,493648,493648,573,526,913,340
14,19,0;20,493648,493648,518,484,913,395
14,20,14;29,987296,987296,449,413,913,464
14,21,3;4,493648,493648,619,584,913,294
14,22,4;5,493648,493648,869,833,913,44
14,23,6;24,493648,493648,502,467,913,411
14,24,9;23,987296,987296,901,866,913,12
14,25,9;27,493648,493648,544,502,913,369
14,26,8;24,493648,493648,562,528,913,351
14,27,6;24,740472,740472,662,620,913,251
14,28,1;3,493648,493648,612,577,913,301
14,29,1;2,740472,740472,451,418,913,462
15,0,3;9,1234120,1234120,114,83,910,796
15,1,4;10,987296,987296,81,46,910,829
15,2,4;5,1234120,1234120,139,102,910,771
15,3,1;4,987296,987296,43,29,910,867
15,4,2;8,1727768,1727768,87,51,910,823
15,5,2;8,987296,987296,59,47,910,851
15,6,4;8,1234120,1234120,56,25,910,854
15,7,9;10,740472,740472,76,48,910,834
15,8,4;5,1234120,1234120,70,41,910,840
15,9,5;7,1234120,1234120,71,43,910,839
15,10,7;8,1234120,1234120,66,53,910,844
15,11,6;10,740472,740472,98,87,910,812
15,12,3;13,987296,987296,72,44,910,838
15,13,5;10,987296,987296,95,54,910,815
15,14,11;12,1480944,1480944,144,110,910,766
15,15,7;12,740472,740472,605,568,910,305
15,16,13;28,493648,493648,476,434,910,434
15,17,14;15,987296,987296,673,629,910,237
15,18,2;17,493648,493648,570,526,910,340
15,19,0;17,493648,493648,521,484,910,389
15,20,14;29,493648,493648,446,413,910,464
15,21,4;14,493648,493648,619,584,910,291
15,22,2;4,493648,493648,869,833,910,41
15,23,6;24,493648,493648,502,467,910,408
15,24,9;26,987296,987296,901,866,910,9
15,25,9;27,493648,493648,544,502,910,366
15,26,0;8,740472,740472,562,528,910,348
15,27,6;24,740472,740472,662,620,910,248
15,28,1;14,740472,740472,619,577,910,291
15,29,0;2,740472,740472,451,418,910,459
16,0,3;9,1727768,1727768,115,83,910,795
16,1,0;2,987296,987296,81,46,910,829
16,2,1;9,1480944,1480944,139,102,910,771
16,3,0;12,1234120,1234120,64,29,910,846
16,4,3;6,740472,740472,86,51,910,824
16,5,2;7,987296,987296,82,47,910,828
16,6,9;11,1480944,1480944,56,25,910,854
16,7,5;9,740472,740472,76,48,910,834
16,8,6;10,493648,493648,52,41,910,858
16,9,0;7,1480944,1480944,71,43,910,839
16,10,11;13,740472,740472,65,53,910,845
16,11,6;14,987296,987296,98,87,910,812
16,12,3;14,740472,740472,72,44,910,838
16,13,5;11,987296,987296,66,54,910,844
16,14,11;13,1480944,1480944,151,110,910,759
16,15,7;12,493648,493648,596,568,910,314
16,16,14;28,493648,493648,476,434,910,434
16,17,14;20,740472,740472,673,629,910,237
16,18,2;17,493648,493648,570,526,910,340
16,19,0;20,493648,493648,518,484,910,392
16,20,14;19,740472,740472,449,413,910,461
16,21,3;4,493648,493648,619,584,910,291
16,22,2;5,493648,493648,868,833,910,42
16,23,0;6,493648,493648,499,467,910,411
16,24,9;27,740472,740472,901,866,910,9
16,25,9;27,493648,493648,544,502,910,366
16,26,0;24,493648,493648,562,528,910,348
16,27,0;6,987296,987296,662,620,910,248
16,28,1;3,740472,740472,619,577,910,291
16,29,1;2,493648,493648,445,418,910,465
17,0,1;3,1234120,1234120,114,83,910,796
17,1,3;10,987296,987296,73,46,910,837
17,2,4;5,987296,987296,139,102,910,771
17,3,4;12,1234120,1234120,64,29,910,846
17,4,2;8,1480944,1480944,87,51,910,823
17,5,6;8,1480944,1480944,82,47,910,828
17,6,4;5,1234120,1234120,56,25,910,854
17,7,5;10,987296,987296,76,48,910,834
17,8,4;5,987296,987296,70,41,910,840
17,9,2;7,987296,987296,71,43,910,839
17,10,7;8,1234120,1234120,66,53,910,844
17,11,6;10,740472,740472,98,87,910,812
17,12,3;13,493648,493648,56,44,910,854
17,13,5;10,1480944,1480944,95,54,910,815
17,14,11;13,1480944,1480944,144,110,910,766
17,15,7;14,740472,740472,605,568,910,305
17,16,13;28,493648,493648,476,434,910,434
17,17,14;15,987296,987296,673,629,910,237
17,18,2;17,493648,493648,570,526,910,340
17,19,0;17,493648,493648,521,484,910,389
17,20,14;29,493648,493648,446,413,910,464
17,21,4;13,493648,493648,619,584,910,291
17,22,4;5,493648,493648,869,833,910,41
17,23,6;24,493648,493648,502,467,910,408
17,24,9;23,740472,740472,901,866,910,9
17,25,9;27,493648,493648,544,502,910,366
17,26,0;8,493648,493648,559,528,910,351
17,27,6;24,740472,740472,662,620,910,248
17,28,3;14,740472,740472,619,577,910,291
17,29,0;1,740472,740472,451,418,910,459
18,0,1;9,1727768,1727768,115,83,911,796
18,1,2;10,1480944,1480944,81,46,911,830
18,2,1;9,1234120,1234120,139,102,911,772
18,3,0;4,987296,987296,64,29,911,847
18,4,1;8,1234120,1234120,87,51,911,824
18,5,2;7,740472,740472,82,47,911,829
18,6,8;11,1234120,1234120,56,25,911,855
18,7,9;10,987296,987296,76,48,911,835
18,8,4;10,987296,987296,70,41,911,841
18,9,0;6,1480944,1480944,71,43,911,840
18,10,11;13,1234120,1234120,66,53,911,845
18,11,10;14,740472,740472,98,87,911,813
18,12,3;14,987296,987296,72,44,911,839
18,13,12;14,987296,987296,95,54,911,816
18,14,12;13,1727768,1727768,151,110,911,760
18,15,7;12,740472,740472,605,568,911,306
18,16,13;14,493648,493648,475,434,911,436
18,17,14;15,987296,987296,673,629,911,238
18,18,2;17,493648,493648,570,526,911,341
18,19,0;17,493648,493648,521,484,911,390
18,20,14;29,493648,493648,446,413,911,465
18,21,4;14,740472,740472,622,584,911,289
18,22,4;5,493648,493648,869,833,911,42
18,23,0;6,493648,493648,499,467,911,412
18,24,9;21,493648,493648,904,866,911,7
18,25,9;28,493648,493648,547,502,911,364
18,26,0;8,493648,493648,559,528,911,352
18,27,0;6,493648,493648,652,620,911,259
18,28,1;3,740472,740472,622,577,911,289
18,29,1;2,740472,740472,451,418,911,460
19,0,3;9,1974592,1974592,115,83,910,795
19,1,0;4,740472,740472,73,46,910,837
19,2,4;5,1234120,1234120,139,102,910,771
19,3,4;12,1234120,1234120,64,29,910,846
19,4,2;3,987296,987296,86,51,910,824
19,5,8;9,1727768,1727768,82,47,910,828
19,6,5;9,1480944,1480944,56,25,910,854
19,7,5;9,740472,740472,76,48,910,834
19,8,5;6,987296,987296,70,41,910,840
19,9,2;5,1727768,1727768,71,43,910,839
19,10,8;11,493648,493648,64,53,910,846
19,11,6;10,987296,987296,98,87,910,812
19,12,3;13,493648,493648,56,44,910,854
19,13,5;11,1234120,1234120,95,54,910,815
19,14,11;13,1480944,1480944,144,110,910,766
19,15,7;14,493648,493648,596,568,910,314
19,16,13;28,493648,493648,476,434,910,434
19,17,14;19,987296,987296,673,629,910,237
19,18,2;17,493648,493648,570,526,910,340
19,19,0;17,493648,493648,521,484,910,389
19,20,14;17,493648,493648,449,413,910,461
19,21,3;4,493648,493648,619,584,910,291
19,22,2;5,493648,493648,868,833,910,42
19,23,0;6,493648,493648,499,467,910,411
19,24,9;26,493648,493648,900,866,910,10
19,25,9;27,493648,493648,544,502,910,366
19,26,0;8,740472,740472,562,528,910,348
19,27,0;6,740472,740472,662,620,910,248
19,28,3;14,740472,740472,619,577,910,291
19,29,0;1,493648,493648,445,418,910,465
20,0,1;9,987296,987296,111,83,911,800
20,1,2;10,1480944,1480944,81,46,911,830
20,2,1;9,1480944,1480944,139,102,911,772
20,3,0;1,987296,987296,64,29,911,847
20,4,6;8,493648,493648,63,51,911,848
20,5,2;7,1234120,1234120,82,47,911,829
20,6,9;11,1234120,1234120,56,25,911,855
20,7,5;9,987296,987296,76,48,911,835
20,8,5;10,987296,987296,70,41,911,841
20,9,2;7,1480944,1480944,71,43,911,840
20,10,7;8,987296,987296,66,53,911,845
20,11,6;14,493648,493648,98,87,911,813
20,12,3;14,740472,740472,72,44,911,839
20,13,5;10,987296,987296,95,54,911,816
20,14,11;12,1480944,1480944,151,110,911,760
20,15,7;12,493648,493648,596,568,911,315
20,16,13;14,493648,493648,475,434,911,436
20,17,14;19,740472,740472,673,629,911,238
20,18,2;17,493648,493648,570,526,911,341
20,19,0;17,493648,493648,521,484,911,390
20,20,14;29,493648,493648,446,413,911,465
20,21,13;14,740472,740472,622,584,911,289
20,22,2;5,493648,493648,868,833,911,43
20,23,6;24,493648,493648,502,467,911,409
20,24,9;21,1234120,1234120,904,866,911,7
20,25,9;28,493648,493648,547,502,911,364
20,26,8;24,493648,493648,562,528,911,349
20,27,6;24,493648,493648,655,620,911,256
20,28,1;3,740472,740472,622,577,911,289
20,29,1;2,740472,740472,451,418,911,460
21,0,3;9,1480944,1480944,115,83,913,798
21,1,3;10,740472,740472,60,46,913,853
21,2,4;5,987296,987296,139,102,913,774
21,3,4;12,1480944,1480944,64,29,913,849
21,4,1;2,1727768,1727768,87,51,913,826
21,5,6;7,1234120,1234120,82,47,913,831
21,6,4;5,1727768,1727768,56,25,913,857
21,7,9;10,987296,987296,76,48,913,837
21,8,4;6,740472,740472,70,41,913,843
21,9,6;7,1234120,1234120,71,43,913,842
21,10,7;11,740472,740472,66,53,913,847
21,11,6;14,740472,740472,98,87,913,815
21,12,3;14,493648,493648,56,44,913,857
21,13,5;14,493648,493648,66,54,913,847
21,14,11;12,1974592,1974592,151,110,913,762
21,15,7;14,740472,740472,615,568,913,298
21,16,14;28,493648,493648,476,434,913,437
21,17,14;20,493648,493648,665,629,913,248
21,18,2;15,493648,493648,573,526,913,340
21,19,0;20,493648,493648,518,484,913,395
21,20,14;19,740472,740472,449,413,913,464
21,21,3;4,493648,493648,619,584,913,294
21,22,4;5,493648,493648,869,833,913,44
21,23,6;24,493648,493648,502,467,913,411
21,24,9;27,740472,740472,901,866,913,12
21,25,9;27,493648,493648,544,502,913,369
21,26,0;8,493648,493648,559,528,913,354
21,27,0;6,987296,987296,662,620,913,251
21,28,3;14,740472,740472,619,577,913,294
21,29,0;2,493648,493648,445,418,913,468
22,0,1;9,1974592,1974592,115,83,911,796
22,1,2;10,1234120,1234120,81,46,911,830
22,2,1;4,1234120,1234120,139,102,911,772
22,3,0;12,987296,987296,64,29,911,847
22,4,3;6,1234120,1234120,87,51,911,824
22,5,2;9,987296,987296,59,47,911,852
22,6,9;11,1480944,1480944,56,25,911,855
22,7,5;9,987296,987296,76,48,911,835
22,8,6;10,740472,740472,70,41,911,841
22,9,5;7,1480944,1480944,71,43,911,840
22,10,7;11,987296,987296,66,53,911,845
22,11,6;10,740472,740472,98,87,911,813
22,12,3;13,740472,740472,72,44,911,839
22,13,5;12,987296,987296,95,54,911,816
22,14,11;13,1480944,1480944,151,110,911,760
22,15,7;12,493648,493648,596,568,911,315
22,16,13;14,493648,493648,475,434,911,436
22,17,14;19,740472,740472,673,629,911,238
22,18,2;17,493648,493648,570,526,911,341
22,19,0;17,493648,493648,521,484,911,390
22,20,14;29,493648,493648,446,413,911,465
22,21,4;14,493648,493648,619,584,911,292
22,22,2;4,493648,493648,869,833,911,42
22,23,0;6,740472,740472,502,467,911,409
22,24,9;23,493648,493648,901,866,911,10
22,25,9;28,493648,493648,547,502,911,364
22,26,0;8,493648,493648,559,528,911,352
22,27,0;6,493648,493648,652,620,911,259
22,28,1;3,740472,740472,622,577,911,289
22,29,0;1,740472,740472,451,418,911,460
23,0,1;9,987296,987296,114,83,913,799
23,1,0;4,1234120,1234120,81,46,913,832
23,2,1;9,740472,740472,126,102,913,787
23,3,4;12,740472,740472,64,29,913,849
23,4,6;8,1480944,1480944,87,51,913,826
23,5,6;8,1234120,1234120,82,47,913,831
23,6,8;9,1727768,1727768,56,25,913,857
23,7,5;9,740472,740472,76,48,913,837
23,8,4;5,1234120,1234120,70,41,913,843
23,9,0;6,1480944,1480944,71,43,913,842
23,10,8;11,493648,493648,64,53,913,849
23,11,6;14,987296,987296,98,87,913,815
23,12,3;14,493648,493648,56,44,913,857
23,13,5;11,740472,740472,66,54,913,847
23,14,12;13,1974592,1974592,151,110,913,762
23,15,7;14,987296,987296,615,568,913,298
23,16,14;28,493648,493648,476,434,913,437
23,17,14;15,987296,987296,673,629,913,240
23,18,15;17,493648,493648,573,526,913,340
23,19,0;17,493648,493648,521,484,913,392
23,20,14;29,493648,493648,446,413,913,467
23,21,3;4,493648,493648,619,584,913,294
23,22,4;5,493648,493648,869,833,913,44
23,23,6;24,493648,493648,502,467,913,411
23,24,9;26,987296,987296,901,866,913,12
23,25,9;27,493648,493648,544,502,913,369
23,26,0;8,740472,740472,562,528,913,351
23,27,6;24,740472,740472,662,620,913,251
23,28,1;14,740472,740472,619,577,913,294
23,29,1;2,740472,740472,451,418,913,462
24,0,1;3,1727768,1727768,115,83,913,798
24,1,2;10,1234120,1234120,81,46,913,832
24,2,5;9,1727768,1727768,139,102,913,774
24,3,0;1,987296,987296,64,29,913,849
24,4,2;8,740472,740472,87,51,913,826
24,5,2;13,987296,987296,59,47,913,854
24,6,5;11,1234120,1234120,56,25,913,857
24,7,5;10,987296,987296,76,48,913,837
24,8,6;10,987296,987296,70,41,913,843
24,9,2;7,987296,987296,71,43,913,842
24,10,7;13,1234120,1234120,66,53,913,847
24,11,6;10,740472,740472,98,87,913,815
24,12,3;13,987296,987296,72,44,913,841
24,13,5;10,1234120,1234120,95,54,913,818
24,14,11;12,1234120,1234120,144,110,913,769
24,15,7;12,493648,493648,596,568,913,317
24,16,13;28,493648,493648,476,434,913,437
24,17,14;19,493648,493648,666,629,913,247
24,18,2;19,493648,493648,573,526,913,340
24,19,0;20,987296,987296,531,484,913,382
24,20,14;29,740472,740472,447,413,913,466
24,21,13;14,493648,493648,618,584,913,295
24,22,2;4,493648,493648,869,833,913,44
24,23,0;6,493648,493648,499,467,913,414
24,24,9;27,493648,493648,901,866,913,12
24,25,9;27,493648,493648,544,502,913,369
24,26,0;8,493648,493648,559,528,913,354
24,27,0;6,987296,987296,662,620,913,251
24,28,1;3,740472,740472,619,577,913,294
24,29,0;2,740472,740472,451,418,913,462
25,0,3;9,1234120,1234120,115,83,911,796
25,1,3;10,740472,740472,81,46,911,830
25,2,4;9,987296,987296,139,102,911,772
25,3,4;12,987296,987296,43,29,911,868
25,4,3;6,1480944,1480944,87,51,911,824
25,5,7;9,987296,987296,82,47,911,829
25,6,4;9,1234120,1234120,56,25,911,855
25,7,9;10,987296,987296,76,48,911,835
25,8,4;5,740472,740472,70,41,911,841
25,9,6;7,1727768,1727768,71,43,911,840
25,10,7;11,740472,740472,66,53,911,845
25,11,6;14,740472,740472,98,87,911,813
25,12,3;14,740472,740472,56,44,911,855
25,13,12;14,740472,740472,95,54,911,816
25,14,11;13,2221416,2221416,151,110,911,760
25,15,7;14,493648,493648,596,568,911,315
25,16,13;14,493648,493648,475,434,911,436
25,17,14;19,740472,740472,673,629,911,238
25,18,2;17,493648,493648,570,526,911,341
25,19,0;17,493648,493648,521,484,911,390
25,20,14;29,493648,493648,446,413,911,465
25,21,4;14,740472,740472,622,584,911,289
25,22,4;5,493648,493648,869,833,911,42
25,23,0;6,493648,493648,499,467,911,412
25,24,9;21,987296,987296,904,866,911,7
25,25,9;28,493648,493648,547,502,911,364
25,26,8;24,493648,493648,562,528,911,349
25,27,6;24,493648,493648,655,620,911,256
25,28,1;14,740472,740472,622,577,911,289
25,29,0;2,740472,740472,451,418,911,460
26,0,3;9,1727768,1727768,115,83,910,795
26,1,0;2,987296,987296,81,46,910,829
26,2,5;9,1727768,1727768,139,102,910,771
26,3,0;12,740472,740472,64,29,910,846
26,4,2;6,740472,740472,86,51,910,824
26,5,2;13,740472,740472,82,47,910,828
26,6,9;11,1480944,1480944,56,25,910,854
26,7,9;10,740472,740472,76,48,910,834
26,8,6;10,740472,740472,70,41,910,840
26,9,0;2,1480944,1480944,71,43,910,839
26,10,8;11,987296,987296,65,53,910,845
26,11,6;10,740472,740472,98,87,910,812
26,12,3;13,493648,493648,56,44,910,854
26,13,5;10,1234120,1234120,95,54,910,815
26,14,11;13,1727768,1727768,151,110,910,759
26,15,7;14,493648,493648,596,568,910,314
26,16,13;14,493648,493648,475,434,910,435
26,17,14;20,740472,740472,673,629,910,237
26,18,2;17,493648,493648,570,526,910,340
26,19,0;20,493648,493648,518,484,910,392
26,20,14;29,987296,987296,449,413,910,461
26,21,3;4,493648,493648,619,584,910,291
26,22,2;5,493648,493648,868,833,910,42
26,23,0;6,493648,493648,499,467,910,411
26,24,9;26,493648,493648,900,866,910,10
26,25,9;27,493648,493648,544,502,910,366
26,26,0;8,740472,740472,562,528,910,348
26,27,0;6,740472,740472,662,620,910,248
26,28,1;14,493648,493648,612,577,910,298
26,29,1;2,740472,740472,451,418,910,459
27,0,3;9,1727768,1727768,115,83,912,797
27,1,4;10,1234120,1234120,81,46,912,831
27,2,1;9,740472,740472,139,102,912,773
27,3,4;12,987296,987296,64,29,912,848
27,4,1;3,1480944,1480944,87,51,912,825
27,5,9;13,987296,987296,82,47,912,830
27,6,4;11,1480944,1480944,56,25,912,856
27,7,5;9,987296,987296,76,48,912,836
27,8,4;6,493648,493648,53,41,912,859
27,9,5;6,1727768,1727768,71,43,912,841
27,10,7;13,987296,987296,66,53,912,846
27,11,6;10,740472,740472,98,87,912,814
27,12,3;14,740472,740472,72,44,912,840
27,13,11;14,1234120,1234120,95,54,912,817
27,14,12;13,1234120,1234120,144,110,912,768
27,15,7;12,493648,493648,596,568,912,316
27,16,13;28,493648,493648,476,434,912,436
27,17,14;19,493648,493648,666,629,912,246
27,18,2;20,493648,493648,572,526,912,340
27,19,0;20,740472,740472,521,484,912,391
27,20,14;19,740472,740472,459,413,912,453
27,21,4;14,740472,740472,622,584,912,290
27,22,4;5,493648,493648,869,833,912,43
27,23,0;6,493648,493648,499,467,912,413
27,24,9;21,740472,740472,904,866,912,8
27,25,9;28,493648,493648,547,502,912,365
27,26,0;24,493648,493648,562,528,912,350
27,27,0;6,493648,493648,652,620,912,260
27,28,1;3,987296,987296,622,577,912,290
27,29,0;1,493648,493648,445,418,912,467
28,0,1;9,1727768,1727768,115,83,911,796
28,1,2;10,987296,987296,81,46,911,830
28,2,5;9,1727768,1727768,139,102,911,772
28,3,0;4,740472,740472,42,29,911,869
28,4,2;8,987296,987296,86,51,911,825
28,5,2;6,1234120,1234120,82,47,911,829
28,6,5;8,1480944,1480944,56,25,911,855
28,7,9;10,740472,740472,76,48,911,835
28,8,5;10,1234120,1234120,70,41,911,841
28,9,2;6,1480944,1480944,71,43,911,840
28,10,8;11,987296,987296,66,53,911,845
28,11,6;14,740472,740472,98,87,911,813
28,12,3;13,740472,740472,56,44,911,855
28,13,5;12,740472,740472,66,54,911,845
28,14,12;13,2221416,2221416,151,110,911,760
28,15,7;14,740472,740472,605,568,911,306
28,16,14;28,493648,493648,476,434,911,435
28,17,14;15,1234120,1234120,673,629,911,238
28,18,2;17,493648,493648,570,526,911,341
28,19,0;17,493648,493648,521,484,911,390
28,20,14;17,493648,493648,449,413,911,462
28,21,4;14,493648,493648,619,584,911,292
28,22,2;5,493648,493648,868,833,911,43
28,23,0;6,493648,493648,499,467,911,412
28,24,9;27,493648,493648,901,866,911,10
28,25,9;28,493648,493648,547,502,911,364
28,26,0;8,493648,493648,559,528,911,352
28,27,6;24,493648,493648,655,620,911,256
28,28,1;14,987296,987296,622,577,911,289
28,29,0;2,493648,493648,445,418,911,466
29,0,1;9,1480944,1480944,115,83,911,796
29,1,0;10,1234120,1234120,81,46,911,830
29,2,4;5,987296,987296,139,102,911,772
29,3,1;12,987296,987296,64,29,911,847
29,4,2;3,1480944,1480944,87,51,911,824
29,5,7;8,987296,987296,82,47,911,829
29,6,4;11,1480944,1480944,56,25,911,855
29,7,9;10,987296,987296,76,48,911,835
29,8,4;6,987296,987296,70,41,911,841
29,9,6;7,1234120,1234120,71,43,911,840
29,10,7;11,740472,740472,66,53,911,845
29,11,6;14,987296,987296,98,87,911,813
29,12,3;14,493648,493648,56,44,911,855
29,13,11;14,493648,493648,66,54,911,845
29,14,11;13,1974592,1974592,151,110,911,760
29,15,7;14,493648,493648,596,568,911,315
29,16,14;28,493648,493648,476,434,911,435
29,17,14;19,740472,740472,673,629,911,238
29,18,2;17,493648,493648,570,526,911,341
29,19,0;17,493648,493648,521,484,911,390
29,20,14;29,493648,493648,446,413,911,465
29,21,3;4,493648,493648,619,584,911,292
29,22,4;5,493648,493648,869,833,911,42
29,23,0;6,740472,740472,502,467,911,409
29,24,9;23,493648,493648,901,866,911,10
29,25,9;28,493648,493648,547,502,911,364
29,26,0;8,493648,493648,559,528,911,352
29,27,0;6,493648,493648,652,620,911,259
29,28,1;14,987296,987296,622,577,911,289
29,29,1;2,740472,740472,451,418,911,460
30,0,1;3,1974592,1974592,115,83,910,795
30,1,2;10,1234120,1234120,81,46,910,829
30,2,1;9,1480944,1480944,139,102,910,771
30,3,0;12,987296,987296,64,29,910,846
30,4,1;3,493648,493648,65,51,910,845
30,5,2;13,1234120,1234120,82,47,910,828
30,6,5;9,1234120,1234120,56,25,910,854
30,7,9;10,740472,740472,76,48,910,834
30,8,5;10,740472,740472,70,41,910,840
30,9,0;2,1480944,1480944,71,43,910,839
30,10,8;11,1234120,1234120,66,53,910,844
30,11,6;10,740472,740472,98,87,910,812
30,12,3;13,740472,740472,72,44,910,838
30,13,5;10,1480944,1480944,95,54,910,815
30,14,11;13,1480944,1480944,151,110,910,759
30,15,7;12,493648,493648,596,568,910,314
30,16,13;14,493648,493648,475,434,910,435
30,17,14;19,740472,740472,673,629,910,237
30,18,2;17,493648,493648,570,526,910,340
30,19,0;17,493648,493648,521,484,910,389
30,20,14;29,493648,493648,446,413,910,464
30,21,13;14,493648,493648,618,584,910,292
30,22,2;5,493648,493648,868,833,910,42
30,23,0;6,740472,740472,502,467,910,408
30,24,9;23,493648,493648,901,866,910,9
30,25,9;27,493648,493648,544,502,910,366
30,26,0;8,493648,493648,559,528,910,351
30,27,0;6,740472,740472,662,620,910,248
30,28,1;3,493648,493648,612,577,910,298
30,29,0;2,740472,740472,451,418,910,459
31,0,3;9,1727768,1727768,115,83,911,796
31,1,0;4,1234120,1234120,81,46,911,830
31,2,1;9,1480944,1480944,139,102,911,772
31,3,4;12,987296,987296,64,29,911,847
31,4,2;8,1480944,1480944,87,51,911,824
31,5,2;7,1234120,1234120,82,47,911,829
31,6,9;11,493648,493648,36,25,911,875
31,7,5;9,987296,987296,76,48,911,835
31,8,4;5,740472,740472,53,41,911,858
31,9,2;7,1480944,1480944,71,43,911,840
31,10,7;8,493648,493648,64,53,911,847
31,11,6;14,493648,493648,98,87,911,813
31,12,3;14,493648,493648,56,44,911,855
31,13,5;14,493648,493648,66,54,911,845
31,14,11;12,1974592,1974592,151,110,911,760
31,15,7;14,740472,740472,605,568,911,306
31,16,14;28,493648,493648,476,434,911,435
31,17,14;15,740472,740472,673,629,911,238
31,18,2;17,493648,493648,570,526,911,341
31,19,0;20,493648,493648,518,484,911,393
31,20,14;29,740472,740472,447,413,911,464
31,21,3;4,493648,493648,619,584,911,292
31,22,4;5,493648,493648,869,833,911,42
31,23,0;24,493648,493648,502,467,911,409
31,24,9;26,987296,987296,901,866,911,10
31,25,9;28,493648,493648,547,502,911,364
31,26,0;24,493648,493648,562,528,911,349
31,27,0;24,493648,493648,655,620,911,256
31,28,1;14,987296,987296,622,577,911,289
31,29,1;2,740472,740472,451,418,911,460
32,0,1;9,1974592,1974592,115,83,910,795
32,1,3;10,1234120,1234120,81,46,910,829
32,2,4;9,987296,987296,139,102,910,771
32,3,0;1,1234120,1234120,64,29,910,846
32,4,3;6,1234120,1234120,87,51,910,823
32,5,6;13,987296,987296,59,47,910,851
32,6,4;8,1727768,1727768,56,25,910,854
32,7,5;10,740472,740472,76,48,910,834
32,8,6;10,740472,740472,70,41,910,840
32,9,5;6,1480944,1480944,71,43,910,839
32,10,8;11,987296,987296,66,53,910,844
32,11,6;10,987296,987296,98,87,910,812
32,12,3;14,740472,740472,72,44,910,838
32,13,5;11,740472,740472,95,54,910,815
32,14,11;12,1234120,1234120,144,110,910,766
32,15,7;12,493648,493648,596,568,910,314
32,16,13;28,493648,493648,476,434,910,434
32,17,14;20,987296,987296,673,629,910,237
32,18,2;17,493648,493648,570,526,910,340
32,19,0;17,493648,493648,521,484,910,389
32,20,14;29,740472,740472,449,413,910,461
32,21,4;14,493648,493648,619,584,910,291
32,22,2;4,493648,493648,869,833,910,41
32,23,0;6,493648,493648,499,467,910,411
32,24,9;27,493648,493648,901,866,910,9
32,25,9;27,493648,493648,544,502,910,366
32,26,0;8,493648,493648,559,528,910,351
32,27,0;6,987296,987296,662,620,910,248
32,28,1;3,740472,740472,619,577,910,291
32,29,0;1,740472,740472,451,418,910,459
33,0,3;9,1234120,1234120,114,83,912,798
33,1,0;2,1234120,1234120,81,46,912,831
33,2,5;9,1234120,1234120,139,102,912,773
33,3,4;12,740472,740472,42,29,912,870
33,4,1;6,1480944,1480944,87,51,912,825
33,5,7;9,1234120,1234120,82,47,912,830
33,6,4;11,1480944,1480944,56,25,912,856
33,7,9;10,987296,987296,76,48,912,836
33,8,4;6,493648,493648,53,41,912,859
33,9,6;7,1727768,1727768,71,43,912,841
33,10,11;13,740472,740472,65,53,912,847
33,11,6;10,740472,740472,98,87,912,814
33,12,3;13,493648,493648,56,44,912,856
33,13,5;10,1480944,1480944,95,54,912,817
33,14,11;13,1727768,1727768,151,110,912,761
33,15,7;14,493648,493648,596,568,912,316
33,16,13;14,493648,493648,475,434,912,437
33,17,14;19,493648,493648,666,629,912,246
33,18,2;20,493648,493648,572,526,912,340
33,19,0;20,740472,740472,521,484,912,391
33,20,14;19,740472,740472,459,413,912,453
33,21,4;13,740472,740472,622,584,912,290
33,22,4;5,493648,493648,869,833,912,43
33,23,6;24,493648,493648,502,467,912,410
33,24,9;21,1234120,1234120,904,866,912,8
33,25,9;28,493648,493648,547,502,912,365
33,26,0;24,493648,493648,562,528,912,350
33,27,6;24,493648,493648,655,620,912,257
33,28,1;14,740472,740472,622,577,912,290
33,29,1;2,493648,493648,445,418,912,467
34,0,1;9,1974592,1974592,115,83,913,798
34,1,3;10,1234120,1234120,81,46,913,832
34,2,5;9,1234120,1234120,139,102,913,774
34,3,0;12,987296,987296,64,29,913,849
34,4,2;8,740472,740472,86,51,913,827
34,5,2;13,1480944,1480944,82,47,913,831
34,6,5;9,1480944,1480944,56,25,913,857
34,7,5;10,740472,740472,76,48,913,837
34,8,5;6,1234120,1234120,70,41,913,843
34,9,0;2,1234120,1234120,71,43,913,842
34,10,7;8,987296,987296,66,53,913,847
34,11,6;13,740472,740472,98,87,913,815
34,12,3;13,493648,493648,56,44,913,857
34,13,10;11,1480944,1480944,95,54,913,818
34,14,11;13,1480944,1480944,144,110,913,769
34,15,7;14,493648,493648,596,568,913,317
34,16,13;28,493648,493648,476,434,913,437
34,17,14;19,493648,493648,666,629,913,247
34,18,2;19,493648,493648,573,526,913,340
34,19,0;17,740472,740472,531,484,913,382
34,20,14;29,493648,493648,446,413,913,467
34,21,4;14,493648,493648,619,584,913,294
34,22,2;5,493648,493648,868,833,913,45
34,23,0;6,740472,740472,502,467,913,411
34,24,9;23,493648,493648,901,866,913,12
34,25,9;27,493648,493648,544,502,913,369
34,26,0;8,493648,493648,559,528,913,354
34,27,0;6,740472,740472,662,620,913,251
34,28,1;3,740472,740472,619,577,913,294
34,29,0;1,740472,740472,451,418,913,462
35,0,1;9,1480944,1480944,115,83,910,795
35,1,2;10,1234120,1234120,81,46,910,829
35,2,5;9,1234120,1234120,139,102,910,771
35,3,4;12,740472,740472,64,29,910,846
35,4,1;3,1234120,1234120,87,51,910,823
35,5,8;13,987296,987296,82,47,910,828
35,6,4;11,1480944,1480944,56,25,910,854
35,7,9;10,740472,740472,76,48,910,834
35,8,6;10,740472,740472,52,41,910,858
35,9,6;7,1480944,1480944,71,43,910,839
35,10,11;13,1234120,1234120,66,53,910,844
35,11,10;14,740472,740472,98,87,910,812
35,12,13;14,987296,987296,72,44,910,838
35,13,12;14,1234120,1234120,95,54,910,815
35,14,11;13,1727768,1727768,151,110,910,759
35,15,7;12,493648,493648,596,568,910,314
35,16,13;14,493648,493648,475,434,910,435
35,17,14;19,740472,740472,673,629,910,237
35,18,2;17,493648,493648,570,526,910,340
35,19,0;20,740472,740472,521,484,910,389
35,20,14;29,740472,740472,447,413,910,463
35,21,3;4,493648,493648,619,584,910,291
35,22,4;5,493648,493648,869,833,910,41
35,23,6;24,493648,493648,502,467,910,408
35,24,9;23,740472,740472,901,866,910,9
35,25,9;27,493648,493648,544,502,910,366
35,26,0;24,493648,493648,562,528,910,348
35,27,0;6,740472,740472,662,620,910,248
35,28,1;14,493648,493648,612,577,910,298
35,29,0;2,740472,740472,451,418,910,459
36,0,1;9,1727768,1727768,115,83,912,797
36,1,0;10,1234120,1234120,73,46,912,839
36,2,1;9,1727768,1727768,139,102,912,773
36,3,0;1,987296,987296,64,29,912,848
36,4,2;8,740472,740472,87,51,912,825
36,5,2;13,493648,493648,59,47,912,853
36,6,8;11,740472,740472,56,25,912,856
36,7,9;10,493648,493648,59,48,912,853
36,8,4;6,987296,987296,70,41,912,842
36,9,0;2,1234120,1234120,71,43,912,841
36,10,8;11,987296,987296,66,53,912,846
36,11,6;10,987296,987296,98,87,912,814
36,12,3;13,740472,740472,72,44,912,840
36,13,5;11,1234120,1234120,88,54,912,824
36,14,11;13,1974592,1974592,151,110,912,761
36,15,12;14,493648,493648,596,568,912,316
36,16,14;28,493648,493648,476,434,912,436
36,17,14;19,493648,493648,666,629,912,246
36,18,2;20,493648,493648,572,526,912,340
36,19,0;20,740472,740472,521,484,912,391
36,20,14;29,987296,987296,459,413,912,453
36,21,13;14,740472,740472,622,584,912,290
36,22,2;4,493648,493648,869,833,912,43
36,23,0;6,493648,493648,499,467,912,413
36,24,9;21,740472,740472,904,866,912,8
36,25,9;27,493648,493648,544,502,912,368
36,26,0;8,493648,493648,559,528,912,353
36,27,0;24,740472,740472,662,620,912,250
36,28,3;14,740472,740472,619,577,912,293
36,29,1;2,740472,740472,451,418,912,461
37,0,1;9,1727768,1727768,115,83,913,798
37,1,2;4,987296,987296,81,46,913,832
37,2,4;9,1480944,1480944,139,102,913,774
37,3,4;12,987296,987296,64,29,913,849
37,4,6;8,1727768,1727768,87,51,913,826
37,5,7;13,740472,740472,59,47,913,854
37,6,4;9,1480944,1480944,56,25,913,857
37,7,5;10,987296,987296,76,48,913,837
37,8,5;6,1234120,1234120,70,41,913,843
37,9,6;7,1480944,1480944,71,43,913,842
37,10,7;8,493648,493648,64,53,913,849
37,11,6;14,493648,493648,98,87,913,815
37,12,3;14,987296,987296,72,44,913,841
37,13,5;12,740472,740472,95,54,913,818
37,14,11;12,987296,987296,139,110,913,774
37,15,7;12,987296,987296,615,568,913,298
37,16,13;28,493648,493648,476,434,913,437
37,17,14;15,740472,740472,666,629,913,247
37,18,2;15,493648,493648,573,526,913,340
37,19,0;17,493648,493648,521,484,913,392
37,20,14;29,493648,493648,446,413,913,467
37,21,3;4,493648,493648,619,584,913,294
37,22,2;4,493648,493648,869,833,913,44
37,23,0;6,493648,493648,499,467,913,414
37,24,9;26,493648,493648,900,866,913,13
37,25,9;28,493648,493648,547,502,913,366
37,26,0;8,740472,740472,562,528,913,351
37,27,0;6,493648,493648,652,620,913,261
37,28,1;3,987296,987296,622,577,913,291
37,29,0;2,740472,740472,451,418,913,462
38,0,1;3,1480944,1480944,114,83,913,799
38,1,0;10,987296,987296,73,46,913,840
38,2,1;4,740472,740472,113,102,913,800
38,3,0;12,987296,987296,64,29,913,849
38,4,2;6,987296,987296,87,51,913,826
38,5,2;9,740472,740472,82,47,913,831
38,6,4;11,1480944,1480944,56,25,913,857
38,7,9;10,740472,740472,76,48,913,837
38,8,6;10,493648,493648,52,41,913,861
38,9,0;6,1480944,1480944,71,43,913,842
38,10,11;13,1234120,1234120,66,53,913,847
38,11,10;14,740472,740472,98,87,913,815
38,12,3;14,493648,493648,56,44,913,857
38,13,10;14,740472,740472,95,54,913,818
38,14,11;12,1974592,1974592,151,110,913,762
38,15,7;14,493648,493648,596,568,913,317
38,16,13;14,493648,493648,475,434,913,438
38,17,14;19,740472,740472,673,629,913,240
38,18,17;19,493648,493648,573,526,913,340
38,19,0;17,987296,987296,531,484,913,382
38,20,14;19,493648,493648,447,413,913,466
38,21,3;4,740472,740472,622,584,913,291
38,22,4;5,493648,493648,869,833,913,44
38,23,6;24,493648,493648,502,467,913,411
38,24,9;21,1234120,1234120,904,866,913,9
38,25,9;28,493648,493648,547,502,913,366
38,26,0;24,493648,493648,562,528,913,351
38,27,6;24,493648,493648,655,620,913,258
38,28,3;14,740472,740472,622,577,913,291
38,29,0;1,493648,493648,445,418,913,468
39,0,1;3,1234120,1234120,115,83,910,795
39,1,3;4,1234120,1234120,81,46,910,829
39,2,4;5,1480944,1480944,139,102,910,771
39,3,4;12,1234120,1234120,64,29,910,846
39,4,1;3,987296,987296,65,51,910,845
39,5,8;13,1480944,1480944,82,47,910,828
39,6,5;9,1234120,1234120,56,25,910,854
39,7,5;9,987296,987296,76,48,910,834
39,8,4;6,1234120,1234120,70,41,910,840
39,9,2;7,1234120,1234120,71,43,910,839
39,10,7;8,493648,493648,64,53,910,846
39,11,13;14,493648,493648,98,87,910,812
39,12,3;14,740472,740472,72,44,910,838
39,13,5;11,1234120,1234120,95,54,910,815
39,14,11;13,1480944,1480944,144,110,910,766
39,15,7;12,493648,493648,596,568,910,314
39,16,13;28,493648,493648,476,434,910,434
39,17,14;19,740472,740472,673,629,910,237
39,18,2;17,493648,493648,570,526,910,340
39,19,0;17,493648,493648,521,484,910,389
39,20,14;29,493648,493648,446,413,910,464
39,21,13;14,740472,740472,622,584,910,288
39,22,2;5,493648,493648,868,833,910,42
39,23,6;24,493648,493648,502,467,910,408
39,24,9;21,740472,740472,904,866,910,6
39,25,9;27,493648,493648,544,502,910,366
39,26,0;8,493648,493648,559,528,910,351
39,27,0;6,740472,740472,662,620,910,248
39,28,1;3,740472,740472,619,577,910,291
39,29,1;2,740472,740472,451,418,910,459
40,0,1;9,1727768,1727768,115,83,912,797
40,1,2;10,1234120,1234120,81,46,912,831
40,2,1;9,987296,987296,135,102,912,777
40,3,0;12,740472,740472,64,29,912,848
40,4,6;8,493648,493648,63,51,912,849
40,5,2;6,1727768,1727768,82,47,912,830
40,6,8;11,1234120,1234120,56,25,912,856
40,7,5;9,987296,987296,76,48,912,836
40,8,4;5,1234120,1234120,70,41,912,842
40,9,5;7,1480944,1480944,71,43,912,841
40,10,7;8,1234120,1234120,66,53,912,846
40,11,10;14,740472,740472,98,87,912,814
40,12,3;14,493648,493648,56,44,912,856
40,13,5;10,740472,740472,66,54,912,846
40,14,11;13,2221416,2221416,151,110,912,761
40,15,7;14,493648,493648,596,568,912,316
40,16,14;28,493648,493648,476,434,912,436
40,17,14;20,740472,740472,673,629,912,239
40,18,17;20,493648,493648,572,526,912,340
40,19,0;20,493648,493648,518,484,912,394
40,20,14;29,1234120,1234120,459,413,912,453
40,21,3;14,493648,493648,619,584,912,293
40,22,2;5,493648,493648,868,833,912,44
40,23,0;6,740472,740472,502,467,912,410
40,24,9;23,987296,987296,901,866,912,11
40,25,9;27,493648,493648,544,502,912,368
40,26,8;24,493648,493648,562,528,912,350
40,27,0;24,740472,740472,662,620,912,250
40,28,1;14,740472,740472,619,577,912,293
40,29,0;1,740472,740472,451,418,912,461
41,0,3;9,1727768,1727768,115,83,915,800
41,1,0;10,740472,740472,81,46,915,834
41,2,4;9,1234120,1234120,139,102,915,776
41,3,4;12,987296,987296,64,29,915,851
41,4,2;6,1234120,1234120,87,51,915,828
41,5,2;13,987296,987296,82,47,915,833
41,6,5;9,1727768,1727768,56,25,915,859
41,7,9;10,740472,740472,76,48,915,839
41,8,6;10,740472,740472,70,41,915,845
41,9,2;7,1480944,1480944,71,43,915,844
41,10,7;11,987296,987296,66,53,915,849
41,11,6;10,987296,987296,98,87,915,817
41,12,3;13,493648,493648,56,44,915,859
41,13,11;14,1234120,1234120,95,54,915,820
41,14,11;13,1480944,1480944,144,110,915,771
41,15,7;14,493648,493648,596,568,915,319
41,16,13;28,493648,493648,476,434,915,439
41,17,14;19,493648,493648,666,629,915,249
41,18,2;21,493648,493648,575,526,915,340
41,19,0;17,493648,493648,521,484,915,394
41,20,14;29,493648,493648,446,413,915,469
41,21,3;4,740472,740472,633,584,915,282
41,22,4;5,493648,493648,869,833,915,46
41,23,6;24,493648,493648,502,467,915,413
41,24,9;27,740472,740472,901,866,915,14
41,25,9;28,493648,493648,547,502,915,368
41,26,0;8,493648,493648,559,528,915,356
41,27,0;6,740472,740472,655,620,915,260
41,28,1;14,987296,987296,622,577,915,293
41,29,0;2,740472,740472,451,418,915,464
42,0,3;9,1234120,1234120,115,83,913,798
42,1,2;10,1234120,1234120,81,46,913,832
42,2,4;9,1480944,1480944,139,102,913,774
42,3,0;1,987296,987296,64,29,913,849
42,4,2;6,1234120,1234120,87,51,913,826
42,5,9;13,740472,740472,59,47,913,854
42,6,8;11,1480944,1480944,56,25,913,857
42,7,5;10,740472,740472,76,48,913,837
42,8,4;6,987296,987296,70,41,913,843
42,9,0;6,1480944,1480944,71,43,913,842
42,10,8;11,1234120,1234120,66,53,913,847
42,11,10;14,740472,740472,98,87,913,815
42,12,3;14,493648,493648,56,44,913,857
42,13,10;14,987296,987296,95,54,913,818
42,14,12;13,1974592,1974592,151,110,913,762
42,15,7;14,987296,987296,615,568,913,298
42,16,13;14,493648,493648,475,434,913,438
42,17,14;15,740472,740472,666,629,913,247
42,18,2;15,493648,493648,573,526,913,340
42,19,0;17,493648,493648,521,484,913,392
42,20,14;29,493648,493648,446,413,913,467
42,21,4;14,740472,740472,622,584,913,291
42,22,2;4,493648,493648,869,833,913,44
42,23,0;6,493648,493648,499,467,913,414
42,24,9;21,740472,740472,904,866,913,9
42,25,9;27,493648,493648,544,502,913,369
42,26,0;8,493648,493648,559,528,913,354
42,27,6;24,740472,740472,662,620,913,251
42,28,1;3,493648,493648,612,577,913,301
42,29,1;2,740472,740472,451,418,913,462
43,0,3;9,1727768,1727768,115,83,911,796
43,1,0;10,1234120,1234120,81,46,911,830
43,2,4;9,987296,987296,139,102,911,772
43,3,4;12,740472,740472,42,29,911,869
43,4,1;8,1480944,1480944,87,51,911,824
43,5,7;13,740472,740472,59,47,911,852
43,6,5;9,1234120,1234120,56,25,911,855
43,7,5;9,987296,987296,76,48,911,835
43,8,4;10,493648,493648,53,41,911,858
43,9,2;7,1480944,1480944,71,43,911,840
43,10,7;8,1234120,1234120,66,53,911,845
43,11,6;10,740472,740472,98,87,911,813
43,12,13;14,740472,740472,56,44,911,855
43,13,5;10,740472,740472,66,54,911,845
43,14,11;12,1974592,1974592,151,110,911,760
43,15,7;14,493648,493648,596,568,911,315
43,16,14;28,493648,493648,476,434,911,435
43,17,14;19,987296,987296,673,629,911,238
43,18,2;17,493648,493648,570,526,911,341
43,19,0;17,493648,493648,521,484,911,390
43,20,14;17,493648,493648,449,413,911,462
43,21,4;14,493648,493648,619,584,911,292
43,22,2;4,493648,493648,869,833,911,42
43,23,6;24,493648,493648,502,467,911,409
43,24,9;26,740472,740472,901,866,911,10
43,25,9;28,493648,493648,547,502,911,364
43,26,0;24,493648,493648,562,528,911,349
43,27,0;6,493648,493648,652,620,911,259
43,28,1;14,987296,987296,622,577,911,289
43,29,0;1,493648,493648,445,418,911,466
44,0,1;9,1727768,1727768,115,83,910,795
44,1,2;10,1234120,1234120,81,46,910,829
44,2,1;5,1234120,1234120,139,102,910,771
44,3,0;12,740472,740472,42,29,910,868
44,4,3;6,740472,740472,86,51,910,824
44,5,2;6,987296,987296,82,47,910,828
44,6,8;11,1480944,1480944,56,25,910,854
44,7,9;10,740472,740472,76,48,910,834
44,8,6;10,740472,740472,70,41,910,840
44,9,5;7,1234120,1234120,71,43,910,839
44,10,8;11,987296,987296,66,53,910,844
44,11,6;14,740472,740472,98,87,910,812
44,12,3;14,987296,987296,72,44,910,838
44,13,12;14,493648,493648,66,54,910,844
44,14,12;13,1974592,1974592,151,110,910,759
44,15,7;12,493648,493648,596,568,910,314
44,16,14;28,493648,493648,476,434,910,434
44,17,14;19,740472,740472,673,629,910,237
44,18,2;17,493648,493648,570,526,910,340
44,19,0;20,740472,740472,521,484,910,389
44,20,14;29,740472,740472,447,413,910,463
44,21,4;14,493648,493648,619,584,910,291
44,22,2;5,493648,493648,868,833,910,42
44,23,0;6,493648,493648,499,467,910,411
44,24,9;26,493648,493648,900,866,910,10
44,25,9;27,493648,493648,544,502,910,366
44,26,0;8,740472,740472,562,528,910,348
44,27,0;6,740472,740472,662,620,910,248
44,28,1;14,740472,740472,619,577,910,291
44,29,1;2,740472,740472,451,418,910,459
45,0,1;9,1234120,1234120,114,83,912,798
45,1,3;4,987296,987296,81,46,912,831
45,2,4;5,1234120,1234120,139,102,912,773
45,3,4;12,1234120,1234120,64,29,912,848
45,4,6;8,1727768,1727768,87,51,912,825
45,5,8;13,1234120,1234120,82,47,912,830
45,6,4;9,1480944,1480944,56,25,912,856
45,7,5;9,740472,740472,76,48,912,836
45,8,4;6,987296,987296,70,41,912,842
45,9,0;2,1480944,1480944,71,43,912,841
45,10,11;13,493648,493648,65,53,912,847
45,11,6;13,987296,987296,98,87,912,814
45,12,3;13,493648,493648,56,44,912,856
45,13,5;11,1480944,1480944,95,54,912,817
45,14,11;13,1234120,1234120,139,110,912,773
45,15,7;14,493648,493648,596,568,912,316
45,16,13;28,493648,493648,476,434,912,436
45,17,14;20,493648,493648,665,629,912,247
45,18,2;20,493648,493648,572,526,912,340
45,19,0;20,493648,493648,518,484,912,394
45,20,14;29,1234120,1234120,459,413,912,453
45,21,3;4,493648,493648,619,584,912,293
45,22,4;5,493648,493648,869,833,912,43
45,23,6;24,493648,493648,502,467,912,410
45,24,9;23,740472,740472,901,866,912,11
45,25,9;28,493648,493648,547,502,912,365
45,26,0;8,493648,493648,559,528,912,353
45,27,6;24,493648,493648,655,620,912,257
45,28,1;3,987296,987296,622,577,912,290
45,29,0;2,740472,740472,451,418,912,461
46,0,1;9,1974592,1974592,115,83,912,797
46,1,0;2,987296,987296,81,46,912,831
46,2,1;9,987296,987296,135,102,912,777
46,3,0;12,493648,493648,42,29,912,870
46,4,2;6,740472,740472,87,51,912,825
46,5,9;13,987296,987296,59,47,912,853
46,6,9;11,1480944,1480944,56,25,912,856
46,7,5;9,987296,987296,76,48,912,836
46,8,5;6,740472,740472,52,41,912,860
46,9,6;7,1727768,1727768,71,43,912,841
46,10,7;8,493648,493648,64,53,912,848
46,11,6;14,493648,493648,98,87,912,814
46,12,3;14,493648,493648,56,44,912,856
46,13,5;14,987296,987296,95,54,912,817
46,14,11;12,2221416,2221416,151,110,912,761
46,15,7;14,493648,493648,596,568,912,316
46,16,13;14,493648,493648,475,434,912,437
46,17,14;19,740472,740472,673,629,912,239
46,18,17;20,493648,493648,572,526,912,340
46,19,0;17,493648,493648,521,484,912,391
46,20,14;29,740472,740472,459,413,912,453
46,21,13;14,740472,740472,622,584,912,290
46,22,2;4,493648,493648,869,833,912,43
46,23,0;6,493648,493648,499,467,912,413
46,24,9;21,740472,740472,904,866,912,8
46,25,9;27,493648,493648,544,502,912,368
46,26,0;24,493648,493648,562,528,912,350
46,27,0;6,740472,740472,662,620,912,250
46,28,1;14,493648,493648,612,577,912,300
46,29,0;1,740472,740472,451,418,912,461
47,0,1;3,1234120,1234120,115,83,911,796
47,1,3;10,1234120,1234120,81,46,911,830
47,2,4;9,1480944,1480944,139,102,911,772
47,3,0;12,1234120,1234120,64,29,911,847
47,4,6;8,1234120,1234120,87,51,911,824
47,5,2;7,740472,740472,59,47,911,852
47,6,9;11,1480944,1480944,56,25,911,855
47,7,5;9,987296,987296,76,48,911,835
47,8,4;6,740472,740472,70,41,911,841
47,9,2;6,1234120,1234120,71,43,911,840
47,10,7;11,740472,740472,66,53,911,845
47,11,6;14,987296,987296,98,87,911,813
47,12,3;14,493648,493648,56,44,911,855
47,13,5;11,740472,740472,95,54,911,816
47,14,11;12,1234120,1234120,139,110,911,772
47,15,7;14,493648,493648,596,568,911,315
47,16,13;28,493648,493648,476,434,911,435
47,17,14;19,740472,740472,673,629,911,238
47,18,2;17,493648,493648,570,526,911,341
47,19,0;17,493648,493648,521,484,911,390
47,20,14;29,493648,493648,446,413,911,465
47,21,3;4,740472,740472,622,584,911,289
47,22,2;4,493648,493648,869,833,911,42
47,23,6;24,493648,493648,502,467,911,409
47,24,9;21,740472,740472,904,866,911,7
47,25,9;28,493648,493648,547,502,911,364
47,26,0;8,493648,493648,559,528,911,352
47,27,0;6,493648,493648,652,620,911,259
47,28,1;3,987296,987296,622,577,911,289
47,29,1;2,740472,740472,451,418,911,460
48,0,1;3,1234120,1234120,115,83,913,798
48,1,0;2,1480944,1480944,81,46,913,832
48,2,1;9,987296,987296,139,102,913,774
48,3,1;12,740472,740472,43,29,913,870
48,4,1;2,987296,987296,87,51,913,826
48,5,9;13,987296,987296,82,47,913,831
48,6,8;9,1234120,1234120,56,25,913,857
48,7,5;10,987296,987296,76,48,913,837
48,8,6;10,740472,740472,70,41,913,843
48,9,6;7,1480944,1480944,71,43,913,842
48,10,7;8,987296,987296,65,53,913,848
48,11,6;10,493648,493648,98,87,913,815
48,12,3;14,987296,987296,72,44,913,841
48,13,10;12,1234120,1234120,95,54,913,818
48,14,12;13,1727768,1727768,151,110,913,762
48,15,7;12,493648,493648,596,568,913,317
48,16,13;14,493648,493648,475,434,913,438
48,17,14;19,493648,493648,666,629,913,247
48,18,2;19,493648,493648,573,526,913,340
48,19,0;20,987296,987296,531,484,913,382
48,20,14;19,493648,493648,447,413,913,466
48,21,4;14,740472,740472,622,584,913,291
48,22,4;5,493648,493648,869,833,913,44
48,23,0;6,493648,493648,499,467,913,414
48,24,9;21,987296,987296,904,866,913,9
48,25,9;27,493648,493648,544,502,913,369
48,26,8;24,493648,493648,562,528,913,351
48,27,6;24,740472,740472,662,620,913,251
48,28,1;14,493648,493648,612,577,913,301
48,29,0;1,493648,493648,445,418,913,468
49,0,1;9,987296,987296,114,83,912,798
49,1,2;10,1234120,1234120,81,46,912,831
49,2,1;9,1480944,1480944,139,102,912,773
49,3,4;12,493648,493648,42,29,912,870
49,4,2;6,1480944,1480944,87,51,912,825
49,5,6;13,493648,493648,59,47,912,853
49,6,9;11,1727768,1727768,56,25,912,856
49,7,9;10,740472,740472,76,48,912,836
49,8,4;6,740472,740472,70,41,912,842
49,9,2;6,1480944,1480944,71,43,912,841
49,10,7;11,740472,740472,66,53,912,846
49,11,6;10,493648,493648,98,87,912,814
49,12,3;13,987296,987296,72,44,912,840
49,13,12;14,1234120,1234120,95,54,912,817
49,14,12;13,1234120,1234120,144,110,912,768
49,15,7;12,493648,493648,596,568,912,316
49,16,13;28,493648,493648,476,434,912,436
49,17,14;19,493648,493648,666,629,912,246
49,18,2;20,493648,493648,572,526,912,340
49,19,0;20,740472,740472,521,484,912,391
49,20,14;29,987296,987296,459,413,912,453
49,21,4;13,493648,493648,619,584,912,293
49,22,2;4,493648,493648,869,833,912,43
49,23,6;24,493648,493648,502,467,912,410
49,24,9;23,740472,740472,901,866,912,11
49,25,9;28,493648,493648,547,502,912,365
49,26,0;8,493648,493648,559,528,912,353
49,27,6;24,493648,493648,655,620,912,257
49,28,1;14,987296,987296,622,577,912,290
49,29,1;2,740472,740472,451,418,912,461
50,0,1;3,987296,987296,114,83,911,797
50,1,2;3,987296,987296,73,46,911,838
50,2,1;5,1727768,1727768,139,102,911,772
50,3,1;12,1480944,1480944,64,29,911,847
50,4,2;3,493648,493648,64,51,911,847
50,5,6;13,1480944,1480944,82,47,911,829
50,6,9;11,1234120,1234120,56,25,911,855
50,7,5;10,740472,740472,76,48,911,835
50,8,5;10,740472,740472,70,41,911,841
50,9,2;6,987296,987296,71,43,911,840
50,10,7;11,740472,740472,64,53,911,847
50,11,10;14,740472,740472,98,87,911,813
50,12,13;14,740472,740472,56,44,911,855
50,13,12;14,1234120,1234120,95,54,911,816
50,14,11;12,1974592,1974592,151,110,911,760
50,15,7;14,493648,493648,596,568,911,315
50,16,13;14,493648,493648,475,434,911,436
50,17,14;20,740472,740472,673,629,911,238
50,18,2;17,493648,493648,570,526,911,341
50,19,0;20,493648,493648,518,484,911,393
50,20,14;17,740472,740472,449,413,911,462
50,21,3;13,493648,493648,619,584,911,292
50,22,2;5,493648,493648,868,833,911,43
50,23,6;24,493648,493648,502,467,911,409
50,24,9;26,987296,987296,901,866,911,10
50,25,9;28,493648,493648,547,502,911,364
50,26,0;8,740472,740472,562,528,911,349
50,27,6;24,493648,493648,655,620,911,256
50,28,3;14,740472,740472,622,577,911,289
50,29,1;2,493648,493648,445,418,911,466
51,0,1;9,987296,987296,114,83,911,797
51,1,2;3,987296,987296,73,46,911,838
51,2,1;4,1480944,1480944,139,102,911,772
51,3,4;12,1234120,1234120,64,29,911,847
51,4,2;3,987296,987296,87,51,911,824
51,5,6;13,1234120,1234120,59,47,911,852
51,6,9;11,1234120,1234120,56,25,911,855
51,7,5;10,493648,493648,59,48,911,852
51,8,4;5,740472,740472,70,41,911,841
51,9,2;5,1480944,1480944,71,43,911,840
51,10,11;13,740472,740472,65,53,911,846
51,11,13;14,987296,987296,98,87,911,813
51,12,13;14,987296,987296,72,44,911,839
51,13,12;14,1727768,1727768,95,54,911,816
51,14,11;12,1974592,1974592,151,110,911,760
51,15,12;14,493648,493648,596,568,911,315
51,16,13;14,493648,493648,475,434,911,436
51,17,14;20,740472,740472,673,629,911,238
51,18,2;17,493648,493648,570,526,911,341
51,19,0;20,493648,493648,518,484,911,393
51,20,14;17,740472,740472,449,413,911,462
51,21,3;13,493648,493648,619,584,911,292
51,22,2;4,493648,493648,869,833,911,42
51,23,6;24,493648,493648,502,467,911,409
51,24,9;26,987296,987296,901,866,911,10
51,25,9;28,493648,493648,547,502,911,364
51,26,0;8,740472,740472,562,528,911,349
51,27,6;24,493648,493648,655,620,911,256
51,28,3;14,740472,740472,622,577,911,289
51,29,1;2,493648,493648,445,418,911,466
52,0,1;9,987296,987296,114,83,915,801
52,1,2;4,1234120,1234120,73,46,915,842
52,2,1;4,1480944,1480944,139,102,915,776
52,3,1;4,987296,987296,64,29,915,851
52,4,1;2,987296,987296,87,51,915,828
52,5,6;9,987296,987296,58,47,915,857
52,6,9;11,1234120,1234120,56,25,915,859
52,7,5;10,740472,740472,59,48,915,856
52,8,5;10,740472,740472,70,41,915,845
52,9,2;7,1727768,1727768,71,43,915,844
52,10,7;11,740472,740472,64,53,915,851
52,11,6;14,987296,987296,98,87,915,817
52,12,13;14,740472,740472,72,44,915,843
52,13,11;14,987296,987296,95,54,915,820
52,14,11;12,2221416,2221416,151,110,915,764
52,15,12;14,493648,493648,596,568,915,319
52,16,13;14,740472,740472,483,434,915,432
52,17,14;20,493648,493648,665,629,915,250
52,18,2;19,493648,493648,573,526,915,342
52,19,0;16,987296,987296,533,484,915,382
52,20,14;19,740472,740472,449,413,915,466
52,21,3;14,493648,493648,619,584,915,296
52,22,2;4,493648,493648,869,833,915,46
52,23,6;24,493648,493648,502,467,915,413
52,24,9;26,987296,987296,901,866,915,14
52,25,9;28,493648,493648,547,502,915,368
52,26,0;8,740472,740472,562,528,915,353
52,27,6;24,493648,493648,655,620,915,260
52,28,3;14,740472,740472,622,577,915,293
52,29,1;2,493648,493648,445,418,915,470
53,0,1;9,987296,987296,114,83,913,799
53,1,2;4,1234120,1234120,73,46,913,840
53,2,1;4,1480944,1480944,139,102,913,774
53,3,1;4,740472,740472,64,29,913,849
53,4,2;6,987296,987296,65,51,913,848
53,5,6;9,1234120,1234120,82,47,913,831
53,6,9;11,1727768,1727768,56,25,913,857
53,7,5;10,493648,493648,59,48,913,854
53,8,5;6,740472,740472,70,41,913,843
53,9,2;5,1480944,1480944,71,43,913,842
53,10,7;11,493648,493648,64,53,913,849
53,11,6;14,987296,987296,98,87,913,815
53,12,13;14,740472,740472,72,44,913,841
53,13,11;12,987296,987296,95,54,913,818
53,14,11;12,1974592,1974592,151,110,913,762
53,15,12;14,493648,493648,596,568,913,317
53,16,13;14,493648,493648,475,434,913,438
53,17,14;20,493648,493648,665,629,913,248
53,18,2;19,493648,493648,573,526,913,340
53,19,0;20,740472,740472,531,484,913,382
53,20,14;17,740472,740472,449,413,913,464
53,21,13;14,493648,493648,618,584,913,295
53,22,2;5,493648,493648,868,833,913,45
53,23,6;24,493648,493648,502,467,913,411
53,24,9;26,987296,987296,901,866,913,12
53,25,9;28,493648,493648,547,502,913,366
53,26,0;8,740472,740472,562,528,913,351
53,27,6;24,493648,493648,655,620,913,258
53,28,3;14,740472,740472,622,577,913,291
53,29,1;2,493648,493648,445,418,913,468
54,0,1;3,987296,987296,114,83,913,799
54,1,2;4,987296,987296,73,46,913,840
54,2,1;4,1727768,1727768,139,102,913,774
54,3,0;4,740472,740472,64,29,913,849
54,4,2;3,987296,987296,87,51,913,826
54,5,2;6,1234120,1234120,58,47,913,855
54,6,8;11,1234120,1234120,56,25,913,857
54,7,5;10,493648,493648,59,48,913,854
54,8,5;6,740472,740472,70,41,913,843
54,9,2;5,987296,987296,71,43,913,842
54,10,7;11,493648,493648,64,53,913,849
54,11,6;14,987296,987296,98,87,913,815
54,12,13;14,740472,740472,72,44,913,841
54,13,11;14,1234120,1234120,95,54,913,818
54,14,11;12,2221416,2221416,151,110,913,762
54,15,12;14,493648,493648,596,568,913,317
54,16,13;14,493648,493648,475,434,913,438
54,17,14;20,493648,493648,665,629,913,248
54,18,2;19,493648,493648,573,526,913,340
54,19,0;20,740472,740472,531,484,913,382
54,20,14;17,740472,740472,449,413,913,464
54,21,13;14,493648,493648,618,584,913,295
54,22,2;4,493648,493648,869,833,913,44
54,23,6;24,493648,493648,502,467,913,411
54,24,9;23,740472,740472,901,866,913,12
54,25,9;28,493648,493648,547,502,913,366
54,26,0;8,493648,493648,559,528,913,354
54,27,6;24,493648,493648,655,620,913,258
54,28,3;14,740472,740472,622,577,913,291
54,29,1;2,493648,493648,445,418,913,468
55,0,1;3,987296,987296,114,83,916,802
55,1,2;4,1234120,1234120,73,46,916,843
55,2,1;4,1727768,1727768,139,102,916,777
55,3,1;4,987296,987296,64,29,916,852
55,4,2;3,987296,987296,87,51,916,829
55,5,2;7,493648,493648,58,47,916,858
55,6,8;11,1234120,1234120,56,25,916,860
55,7,5;10,493648,493648,59,48,916,857
55,8,6;10,740472,740472,70,41,916,846
55,9,2;6,987296,987296,71,43,916,845
55,10,7;11,740472,740472,64,53,916,852
55,11,6;14,987296,987296,98,87,916,818
55,12,13;14,740472,740472,72,44,916,844
55,13,11;12,987296,987296,95,54,916,821
55,14,11;12,1974592,1974592,151,110,916,765
55,15,12;14,493648,493648,596,568,916,320
55,16,13;14,493648,493648,475,434,916,441
55,17,14;20,493648,493648,665,629,916,251
55,18,2;26,493648,493648,576,526,916,340
55,19,0;20,493648,493648,518,484,916,398
55,20,14;29,987296,987296,449,413,916,467
55,21,13;14,493648,493648,618,584,916,298
55,22,2;4,493648,493648,869,833,916,47
55,23,6;24,493648,493648,502,467,916,414
55,24,9;26,987296,987296,901,866,916,15
55,25,9;28,493648,493648,547,502,916,369
55,26,0;8,987296,987296,578,528,916,338
55,27,6;24,493648,493648,655,620,916,261
55,28,3;14,740472,740472,622,577,916,294
55,29,1;2,740472,740472,451,418,916,465
56,0,1;3,1480944,1480944,115,83,913,798
56,1,2;4,1480944,1480944,81,46,913,832
56,2,1;4,1727768,1727768,139,102,913,774
56,3,0;1,493648,493648,43,29,913,870
56,4,1;2,740472,740472,87,51,913,826
56,5,2;7,987296,987296,58,47,913,855
56,6,8;11,493648,493648,36,25,913,877
56,7,5;10,493648,493648,59,48,913,854
56,8,5;10,987296,987296,70,41,913,843
56,9,2;5,987296,987296,71,43,913,842
56,10,7;11,740472,740472,64,53,913,849
56,11,10;14,987296,987296,98,87,913,815
56,12,13;14,740472,740472,72,44,913,841
56,13,11;14,1234120,1234120,95,54,913,818
56,14,11;12,2221416,2221416,151,110,913,762
56,15,12;14,493648,493648,596,568,913,317
56,16,13;14,493648,493648,475,434,913,438
56,17,14;20,493648,493648,665,629,913,248
56,18,2;19,493648,493648,573,526,913,340
56,19,0;20,740472,740472,531,484,913,382
56,20,14;17,740472,740472,449,413,913,464
56,21,13;14,493648,493648,618,584,913,295
56,22,2;4,493648,493648,869,833,913,44
56,23,0;24,493648,493648,502,467,913,411
56,24,9;26,987296,987296,901,866,913,12
56,25,9;28,493648,493648,547,502,913,366
56,26,0;8,740472,740472,562,528,913,351
56,27,0;24,493648,493648,655,620,913,258
56,28,1;14,740472,740472,622,577,913,291
56,29,1;2,493648,493648,445,418,913,468
57,0,1;3,1480944,1480944,115,83,912,797
57,1,2;4,987296,987296,73,46,912,839
57,2,1;4,1727768,1727768,139,102,912,773
57,3,0;4,740472,740472,64,29,912,848
57,4,2;3,987296,987296,87,51,912,825
57,5,2;6,740472,740472,58,47,912,854
57,6,8;11,1234120,1234120,56,25,912,856
57,7,9;10,493648,493648,59,48,912,853
57,8,6;10,740472,740472,70,41,912,842
57,9,2;5,1234120,1234120,71,43,912,841
57,10,7;11,740472,740472,64,53,912,848
57,11,10;14,987296,987296,98,87,912,814
57,12,13;14,740472,740472,72,44,912,840
57,13,11;14,1234120,1234120,95,54,912,817
57,14,11;12,2221416,2221416,151,110,912,761
57,15,12;14,493648,493648,596,568,912,316
57,16,13;14,493648,493648,475,434,912,437
57,17,14;20,493648,493648,665,629,912,247
57,18,2;20,493648,493648,572,526,912,340
57,19,0;20,493648,493648,518,484,912,394
57,20,14;17,987296,987296,459,413,912,453
57,21,13;14,493648,493648,618,584,912,294
57,22,2;4,493648,493648,869,833,912,43
57,23,0;6,493648,493648,499,467,912,413
57,24,9;26,493648,493648,900,866,912,12
57,25,9;28,493648,493648,547,502,912,365
57,26,0;8,740472,740472,562,528,912,350
57,27,0;6,493648,493648,652,620,912,260
57,28,3;14,740472,740472,622,577,912,290
57,29,1;2,493648,493648,445,418,912,467
58,0,1;3,1480944,1480944,115,83,913,798
58,1,2;4,987296,987296,73,46,913,840
58,2,1;4,1727768,1727768,139,102,913,774
58,3,0;4,740472,740472,64,29,913,849
58,4,2;3,1234120,1234120,87,51,913,826
58,5,2;7,740472,740472,58,47,913,855
58,6,4;11,1234120,1234120,56,25,913,857
58,7,5;10,493648,493648,59,48,913,854
58,8,6;10,740472,740472,70,41,913,843
58,9,2;5,987296,987296,71,43,913,842
58,10,7;11,740472,740472,64,53,913,849
58,11,6;14,987296,987296,98,87,913,815
58,12,13;14,740472,740472,72,44,913,841
58,13,11;12,987296,987296,95,54,913,818
58,14,11;12,1974592,1974592,151,110,913,762
58,15,12;14,493648,493648,596,568,913,317
58,16,13;14,493648,493648,475,434,913,438
58,17,14;20,740472,740472,666,629,913,247
58,18,2;19,493648,493648,573,526,913,340
58,19,0;17,740472,740472,531,484,913,382
58,20,14;17,493648,493648,449,413,913,464
58,21,13;14,493648,493648,618,584,913,295
58,22,2;4,493648,493648,869,833,913,44
58,23,0;6,493648,493648,499,467,913,414
58,24,9;26,493648,493648,900,866,913,13
58,25,9;28,493648,493648,547,502,913,366
58,26,0;8,740472,740472,562,528,913,351
58,27,0;6,493648,493648,652,620,913,261
58,28,3;14,740472,740472,622,577,913,291
58,29,1;2,493648,493648,445,418,913,468
59,0,1;3,1727768,1727768,115,83,916,801
59,1,2;4,1234120,1234120,81,46,916,835
59,2,1;4,1727768,1727768,139,102,916,777
59,3,0;4,493648,493648,42,29,916,874
59,4,2;3,987296,987296,87,51,916,829
59,5,2;9,493648,493648,56,47,916,860
59,6,8;11,987296,987296,56,25,916,860
59,7,9;10,493648,493648,59,48,916,857
59,8,6;10,740472,740472,70,41,916,846
59,9,0;2,1480944,1480944,71,43,916,845
59,10,11;13,987296,987296,65,53,916,851
59,11,10;14,987296,987296,98,87,916,818
59,12,13;14,740472,740472,72,44,916,844
59,13,11;14,1480944,1480944,95,54,916,821
59,14,11;12,2221416,2221416,151,110,916,765
59,15,12;14,493648,493648,596,568,916,320
59,16,13;14,493648,493648,475,434,916,441
59,17,14;20,493648,493648,665,629,916,251
59,18,2;26,493648,493648,576,526,916,340
59,19,0;20,493648,493648,518,484,916,398
59,20,14;17,740472,740472,449,413,916,467
59,21,13;14,493648,493648,618,584,916,298
59,22,2;4,493648,493648,869,833,916,47
59,23,0;6,493648,493648,499,467,916,417
59,24,9;26,493648,493648,900,866,916,16
59,25,9;28,493648,493648,547,502,916,369
59,26,0;8,987296,987296,578,528,916,338
59,27,0;6,493648,493648,652,620,916,264
59,28,1;14,740472,740472,622,577,916,294
59,29,1;2,493648,493648,445,418,916,471
60,0,1;3,1727768,1727768,115,83,913,798
60,1,2;4,987296,987296,73,46,913,840
60,2,1;4,1727768,1727768,139,102,913,774
60,3,0;4,740472,740472,64,29,913,849
60,4,2;3,987296,987296,87,51,913,826
60,5,2;6,493648,493648,58,47,913,855
60,6,8;11,1234120,1234120,56,25,913,857
60,7,9;10,493648,493648,59,48,913,854
60,8,6;10,740472,740472,70,41,913,843
60,9,0;2,1234120,1234120,71,43,913,842
60,10,11;13,987296,987296,65,53,913,848
60,11,6;14,987296,987296,98,87,913,815
60,12,13;14,740472,740472,72,44,913,841
60,13,11;14,1480944,1480944,95,54,913,818
60,14,11;12,2221416,2221416,151,110,913,762
60,15,12;14,493648,493648,596,568,913,317
60,16,13;14,493648,493648,475,434,913,438
60,17,14;20,493648,493648,665,629,913,248
60,18,2;19,493648,493648,573,526,913,340
60,19,0;20,740472,740472,531,484,913,382
60,20,14;17,740472,740472,449,413,913,464
60,21,13;14,493648,493648,618,584,913,295
60,22,2;4,493648,493648,869,833,913,44
60,23,0;6,493648,493648,499,467,913,414
60,24,9;26,493648,493648,900,866,913,13
60,25,9;28,493648,493648,547,502,913,366
60,26,0;8,740472,740472,562,528,913,351
60,27,0;6,493648,493648,652,620,913,261
60,28,3;14,740472,740472,622,577,913,291
60,29,1;2,493648,493648,445,418,913,468
61,0,1;3,1727768,1727768,115,83,916,801
61,1,2;4,1234120,1234120,73,46,916,843
61,2,1;4,1727768,1727768,139,102,916,777
61,3,1;4,1234120,1234120,64,29,916,852
61,4,2;3,987296,987296,87,51,916,829
61,5,2;9,493648,493648,56,47,916,860
61,6,8;11,987296,987296,56,25,916,860
61,7,9;10,493648,493648,59,48,916,857
61,8,6;10,740472,740472,70,41,916,846
61,9,0;2,1480944,1480944,71,43,916,845
61,10,7;11,740472,740472,64,53,916,852
61,11,6;14,987296,987296,98,87,916,818
61,12,3;14,740472,740472,72,44,916,844
61,13,11;14,987296,987296,95,54,916,821
61,14,11;12,2221416,2221416,151,110,916,765
61,15,12;14,493648,493648,596,568,916,320
61,16,13;14,493648,493648,475,434,916,441
61,17,14;20,493648,493648,665,629,916,251
61,18,2;26,493648,493648,576,526,916,340
61,19,0;20,493648,493648,518,484,916,398
61,20,14;17,740472,740472,449,413,916,467
61,21,13;14,493648,493648,618,584,916,298
61,22,2;4,493648,493648,869,833,916,47
61,23,0;6,493648,493648,499,467,916,417
61,24,9;26,493648,493648,900,866,916,16
61,25,9;28,493648,493648,547,502,916,369
61,26,0;8,987296,987296,578,528,916,338
61,27,0;6,493648,493648,652,620,916,264
61,28,3;14,740472,740472,622,577,916,294
61,29,1;2,493648,493648,445,418,916,471
62,0,1;3,1727768,1727768,115,83,916,801
62,1,2;4,987296,987296,73,46,916,843
62,2,1;4,1727768,1727768,139,102,916,777
62,3,0;4,740472,740472,64,29,916,852
62,4,2;3,987296,987296,87,51,916,829
62,5,2;9,493648,493648,56,47,916,860
62,6,8;11,987296,987296,56,25,916,860
62,7,9;10,493648,493648,59,48,916,857
62,8,6;10,740472,740472,70,41,916,846
62,9,0;2,1480944,1480944,71,43,916,845
62,10,7;11,740472,740472,64,53,916,852
62,11,6;14,987296,987296,98,87,916,818
62,12,13;14,740472,740472,72,44,916,844
62,13,11;14,1234120,1234120,95,54,916,821
62,14,11;12,2221416,2221416,151,110,916,765
62,15,12;14,493648,493648,596,568,916,320
62,16,13;14,493648,493648,475,434,916,441
62,17,14;20,740472,740472,666,629,916,250
62,18,2;26,493648,493648,576,526,916,340
62,19,0;17,493648,493648,521,484,916,395
62,20,14;17,493648,493648,449,413,916,467
62,21,13;14,493648,493648,618,584,916,298
62,22,2;4,493648,493648,869,833,916,47
62,23,0;6,493648,493648,499,467,916,417
62,24,9;26,493648,493648,900,866,916,16
62,25,9;28,493648,493648,547,502,916,369
62,26,0;8,987296,987296,578,528,916,338
62,27,0;6,493648,493648,652,620,916,264
62,28,3;14,740472,740472,622,577,916,294
62,29,1;2,493648,493648,445,418,916,471
63,0,1;3,1727768,1727768,115,83,913,798
63,1,2;3,1234120,1234120,81,46,913,832
63,2,1;9,1727768,1727768,139,102,913,774
63,3,0;1,740472,740472,43,29,913,870
63,4,2;3,740472,740472,87,51,913,826
63,5,2;9,740472,740472,58,47,913,855
63,6,8;11,987296,987296,56,25,913,857
63,7,9;10,493648,493648,59,48,913,854
63,8,5;6,740472,740472,70,41,913,843
63,9,0;2,1480944,1480944,71,43,913,842
63,10,7;11,493648,493648,64,53,913,849
63,11,6;14,987296,987296,98,87,913,815
63,12,13;14,740472,740472,72,44,913,841
63,13,11;12,987296,987296,95,54,913,818
63,14,11;12,1974592,1974592,151,110,913,762
63,15,12;14,493648,493648,596,568,913,317
63,16,13;14,493648,493648,475,434,913,438
63,17,14;20,740472,740472,666,629,913,247
63,18,2;19,493648,493648,573,526,913,340
63,19,0;17,987296,987296,531,484,913,382
63,20,14;19,740472,740472,449,413,913,464
63,21,13;14,493648,493648,618,584,913,295
63,22,2;4,493648,493648,869,833,913,44
63,23,0;6,493648,493648,499,467,913,414
63,24,9;26,493648,493648,900,866,913,13
63,25,9;28,493648,493648,547,502,913,366
63,26,0;8,740472,740472,562,528,913,351
63,27,0;6,493648,493648,652,620,913,261
63,28,1;14,740472,740472,622,577,913,291
63,29,1;2,493648,493648,445,418,913,468
64,0,1;3,1727768,1727768,115,83,916,801
64,1,2;3,987296,987296,73,46,916,843
64,2,1;4,1727768,1727768,139,102,916,777
64,3,1;4,987296,987296,64,29,916,852
64,4,2;3,740472,740472,87,51,916,829
64,5,2;6,493648,493648,58,47,916,858
64,6,8;11,1234120,1234120,56,25,916,860
64,7,9;10,493648,493648,59,48,916,857
64,8,6;10,740472,740472,70,41,916,846
64,9,0;2,1234120,1234120,71,43,916,845
64,10,11;13,987296,987296,65,53,916,851
64,11,6;10,987296,987296,98,87,916,818
64,12,13;14,740472,740472,72,44,916,844
64,13,11;14,1480944,1480944,95,54,916,821
64,14,11;12,2221416,2221416,151,110,916,765
64,15,12;14,493648,493648,596,568,916,320
64,16,13;14,493648,493648,475,434,916,441
64,17,14;20,740472,740472,666,629,916,250
64,18,2;26,493648,493648,576,526,916,340
64,19,0;17,740472,740472,521,484,916,395
64,20,14;19,740472,740472,449,413,916,467
64,21,13;14,493648,493648,618,584,916,298
64,22,2;4,493648,493648,869,833,916,47
64,23,0;6,493648,493648,499,467,916,417
64,24,9;26,493648,493648,900,866,916,16
64,25,9;28,493648,493648,547,502,916,369
64,26,0;8,987296,987296,578,528,916,338
64,27,0;6,493648,493648,652,620,916,264
64,28,3;14,740472,740472,622,577,916,294
64,29,1;2,493648,493648,445,418,916,471
65,0,1;3,1727768,1727768,115,83,913,798
65,1,2;4,1480944,1480944,81,46,913,832
65,2,1;9,1727768,1727768,139,102,913,774
65,3,1;4,740472,740472,43,29,913,870
65,4,1;2,987296,987296,87,51,913,826
65,5,2;9,493648,493648,56,47,913,857
65,6,8;11,987296,987296,56,25,913,857
65,7,9;10,493648,493648,59,48,913,854
65,8,6;10,740472,740472,70,41,913,843
65,9,0;2,1480944,1480944,71,43,913,842
65,10,7;11,740472,740472,64,53,913,849
65,11,6;14,987296,987296,98,87,913,815
65,12,13;14,740472,740472,72,44,913,841
65,13,11;14,1234120,1234120,95,54,913,818
65,14,11;12,2221416,2221416,151,110,913,762
65,15,12;14,493648,493648,596,568,913,317
65,16,13;14,493648,493648,475,434,913,438
65,17,14;20,740472,740472,666,629,913,247
65,18,2;19,493648,493648,573,526,913,340
65,19,0;17,987296,987296,531,484,913,382
65,20,14;19,740472,740472,449,413,913,464
65,21,13;14,493648,493648,618,584,913,295
65,22,2;4,493648,493648,869,833,913,44
65,23,0;6,493648,493648,499,467,913,414
65,24,9;26,493648,493648,900,866,913,13
65,25,9;28,493648,493648,547,502,913,366
65,26,0;8,740472,740472,562,528,913,351
65,27,0;6,493648,493648,652,620,913,261
65,28,1;14,740472,740472,622,577,913,291
65,29,1;2,493648,493648,445,418,913,468
66,0,1;3,1727768,1727768,115,83,913,798
66,1,2;4,1480944,1480944,81,46,913,832
66,2,1;9,1727768,1727768,139,102,913,774
66,3,1;4,740472,740472,43,29,913,870
66,4,1;2,987296,987296,87,51,913,826
66,5,2;9,493648,493648,56,47,913,857
66,6,8;11,987296,987296,56,25,913,857
66,7,9;10,493648,493648,59,48,913,854
66,8,6;10,740472,740472,70,41,913,843
66,9,0;2,1480944,1480944,71,43,913,842
66,10,7;11,740472,740472,64,53,913,849
66,11,6;14,740472,740472,98,87,913,815
66,12,13;14,740472,740472,72,44,913,841
66,13,12;14,987296,987296,95,54,913,818
66,14,11;12,2221416,2221416,151,110,913,762
66,15,12;14,493648,493648,596,568,913,317
66,16,13;14,493648,493648,475,434,913,438
66,17,14;20,493648,493648,665,629,913,248
66,18,2;19,493648,493648,573,526,913,340
66,19,0;22,987296,987296,531,484,913,382
66,20,14;19,740472,740472,449,413,913,464
66,21,13;14,493648,493648,618,584,913,295
66,22,2;4,740472,740472,876,833,913,37
66,23,0;6,493648,493648,499,467,913,414
66,24,9;26,493648,493648,900,866,913,13
66,25,9;27,493648,493648,544,502,913,369
66,26,0;8,740472,740472,562,528,913,351
66,27,0;6,740472,740472,662,620,913,251
66,28,1;14,493648,493648,612,577,913,301
66,29,1;2,493648,493648,445,418,913,468
67,0,1;3,1727768,1727768,115,83,916,801
67,1,2;4,1234120,1234120,81,46,916,835
67,2,4;9,1480944,1480944,139,102,916,777
67,3,0;4,493648,493648,42,29,916,874
67,4,2;6,1234120,1234120,87,51,916,829
67,5,6;9,493648,493648,58,47,916,858
67,6,8;11,1480944,1480944,56,25,916,860
67,7,9;10,493648,493648,59,48,916,857
67,8,6;10,740472,740472,70,41,916,846
67,9,0;2,1480944,1480944,71,43,916,845
67,10,7;11,740472,740472,64,53,916,852
67,11,6;14,740472,740472,98,87,916,818
67,12,13;14,740472,740472,72,44,916,844
67,13,12;14,987296,987296,95,54,916,821
67,14,11;12,2221416,2221416,151,110,916,765
67,15,12;14,493648,493648,596,568,916,320
67,16,13;14,493648,493648,475,434,916,441
67,17,14;20,493648,493648,665,629,916,251
67,18,2;26,493648,493648,576,526,916,340
67,19,0;22,740472,740472,527,484,916,389
67,20,14;19,740472,740472,449,413,916,467
67,21,13;14,493648,493648,618,584,916,298
67,22,2;4,740472,740472,876,833,916,40
67,23,0;6,493648,493648,499,467,916,417
67,24,9;26,493648,493648,900,866,916,16
67,25,9;27,493648,493648,544,502,916,372
67,26,0;8,987296,987296,578,528,916,338
67,27,0;6,740472,740472,662,620,916,254
67,28,1;14,493648,493648,612,577,916,304
67,29,1;2,493648,493648,445,418,916,471
68,0,1;3,1727768,1727768,115,83,912,797
68,1,2;4,1480944,1480944,81,46,912,831
68,2,1;9,1727768,1727768,139,102,912,773
68,3,0;1,493648,493648,43,29,912,869
68,4,1;2,740472,740472,87,51,912,825
68,5,2;9,493648,493648,56,47,912,856
68,6,8;11,987296,987296,56,25,912,856
68,7,9;10,493648,493648,59,48,912,853
68,8,6;10,740472,740472,70,41,912,842
68,9,0;2,1480944,1480944,71,43,912,841
68,10,7;11,740472,740472,64,53,912,848
68,11,6;14,987296,987296,98,87,912,814
68,12,13;14,740472,740472,72,44,912,840
68,13,11;14,1234120,1234120,95,54,912,817
68,14,11;12,2221416,2221416,151,110,912,761
68,15,12;14,493648,493648,596,568,912,316
68,16,13;14,493648,493648,475,434,912,437
68,17,14;20,493648,493648,665,629,912,247
68,18,2;20,493648,493648,572,526,912,340
68,19,0;20,493648,493648,518,484,912,394
68,20,14;19,987296,987296,459,413,912,453
68,21,13;14,493648,493648,618,584,912,294
68,22,2;4,493648,493648,869,833,912,43
68,23,0;6,740472,740472,502,467,912,410
68,24,9;23,493648,493648,901,866,912,11
68,25,9;27,493648,493648,544,502,912,368
68,26,0;8,493648,493648,559,528,912,353
68,27,0;6,740472,740472,662,620,912,250
68,28,1;14,493648,493648,612,577,912,300
68,29,1;2,493648,493648,445,418,912,467
69,0,1;3,1480944,1480944,115,83,916,801
69,1,2;4,1480944,1480944,81,46,916,835
69,2,1;4,1480944,1480944,139,102,916,777
69,3,1;4,740472,740472,43,29,916,873
69,4,1;2,987296,987296,87,51,916,829
69,5,6;9,493648,493648,58,47,916,858
69,6,8;11,1234120,1234120,56,25,916,860
69,7,9;10,493648,493648,59,48,916,857
69,8,6;10,740472,740472,70,41,916,846
69,9,2;7,1234120,1234120,71,43,916,845
69,10,7;11,740472,740472,64,53,916,852
69,11,6;14,740472,740472,98,87,916,818
69,12,13;14,740472,740472,72,44,916,844
69,13,12;14,987296,987296,95,54,916,821
69,14,11;12,2221416,2221416,151,110,916,765
69,15,12;14,493648,493648,596,568,916,320
69,16,13;14,493648,493648,475,434,916,441
69,17,14;20,493648,493648,665,629,916,251
69,18,2;26,493648,493648,576,526,916,340
69,19,0;22,493648,493648,527,484,916,389
69,20,14;29,740472,740472,449,413,916,467
69,21,13;14,493648,493648,618,584,916,298
69,22,2;4,740472,740472,876,833,916,40
69,23,0;6,493648,493648,499,467,916,417
69,24,9;26,493648,493648,900,866,916,16
69,25,9;27,493648,493648,544,502,916,372
69,26,0;8,987296,987296,578,528,916,338
69,27,0;6,740472,740472,662,620,916,254
69,28,1;14,493648,493648,612,577,916,304
69,29,1;2,740472,740472,451,418,916,465
70,0,1;3,1727768,1727768,115,83,913,798
70,1,2;4,1480944,1480944,81,46,913,832
70,2,1;9,1727768,1727768,139,102,913,774
70,3,0;1,493648,493648,43,29,913,870
70,4,1;2,740472,740472,87,51,913,826
70,5,2;6,493648,493648,58,47,913,855
70,6,8;11,1234120,1234120,56,25,913,857
70,7,9;10,493648,493648,59,48,913,854
70,8,6;10,740472,740472,70,41,913,843
70,9,0;2,1234120,1234120,71,43,913,842
70,10,7;11,740472,740472,64,53,913,849
70,11,6;14,987296,987296,98,87,913,815
70,12,13;14,740472,740472,72,44,913,841
70,13,11;12,987296,987296,95,54,913,818
70,14,11;12,1974592,1974592,151,110,913,762
70,15,12;14,493648,493648,596,568,913,317
70,16,13;14,493648,493648,475,434,913,438
70,17,14;20,493648,493648,665,629,913,248
70,18,2;19,493648,493648,573,526,913,340
70,19,0;22,740472,740472,531,484,913,382
70,20,14;29,740472,740472,449,413,913,464
70,21,13;14,493648,493648,618,584,913,295
70,22,2;4,740472,740472,876,833,913,37
70,23,0;6,493648,493648,499,467,913,414
70,24,9;26,493648,493648,900,866,913,13
70,25,9;27,493648,493648,544,502,913,369
70,26,0;8,740472,740472,562,528,913,351
70,27,0;6,740472,740472,662,620,913,251
70,28,1;14,493648,493648,612,577,913,301
70,29,1;2,740472,740472,451,418,913,462
71,0,1;3,1480944,1480944,115,83,913,798
71,1,2;4,1480944,1480944,81,46,913,832
71,2,1;9,1727768,1727768,139,102,913,774
71,3,1;4,740472,740472,43,29,913,870
71,4,1;2,987296,987296,87,51,913,826
71,5,2;9,493648,493648,56,47,913,857
71,6,8;11,987296,987296,56,25,913,857
71,7,9;10,493648,493648,59,48,913,854
71,8,6;10,740472,740472,70,41,913,843
71,9,2;7,1234120,1234120,71,43,913,842
71,10,7;13,740472,740472,65,53,913,848
71,11,6;14,493648,493648,98,87,913,815
71,12,13;14,740472,740472,72,44,913,841
71,13,12;14,1234120,1234120,95,54,913,818
71,14,11;12,2221416,2221416,151,110,913,762
71,15,12;14,493648,493648,596,568,913,317
71,16,13;14,493648,493648,475,434,913,438
71,17,14;20,493648,493648,665,629,913,248
71,18,2;19,493648,493648,573,526,913,340
71,19,0;22,987296,987296,531,484,913,382
71,20,14;19,740472,740472,449,413,913,464
71,21,13;14,493648,493648,618,584,913,295
71,22,2;4,740472,740472,876,833,913,37
71,23,0;6,493648,493648,499,467,913,414
71,24,9;26,493648,493648,900,866,913,13
71,25,9;27,493648,493648,544,502,913,369
71,26,0;8,740472,740472,562,528,913,351
71,27,0;6,740472,740472,662,620,913,251
71,28,1;14,493648,493648,612,577,913,301
71,29,1;2,493648,493648,445,418,913,468
72,0,1;3,1727768,1727768,115,83,913,798
72,1,2;4,987296,987296,73,46,913,840
72,2,4;9,1727768,1727768,139,102,913,774
72,3,0;4,740472,740472,64,29,913,849
72,4,2;3,987296,987296,87,51,913,826
72,5,2;9,493648,493648,56,47,913,857
72,6,8;11,987296,987296,56,25,913,857
72,7,9;10,493648,493648,59,48,913,854
72,8,6;10,740472,740472,70,41,913,843
72,9,0;2,1480944,1480944,71,43,913,842
72,10,7;11,740472,740472,64,53,913,849
72,11,6;10,987296,987296,98,87,913,815
72,12,13;14,740472,740472,72,44,913,841
72,13,11;12,987296,987296,95,54,913,818
72,14,11;12,1974592,1974592,151,110,913,762
72,15,12;14,493648,493648,596,568,913,317
72,16,13;14,493648,493648,475,434,913,438
72,17,14;20,493648,493648,665,629,913,248
72,18,2;19,493648,493648,573,526,913,340
72,19,0;22,987296,987296,531,484,913,382
72,20,14;19,740472,740472,449,413,913,464
72,21,13;14,493648,493648,618,584,913,295
72,22,2;4,740472,740472,876,833,913,37
72,23,0;6,493648,493648,499,467,913,414
72,24,9;26,493648,493648,900,866,913,13
72,25,9;27,493648,493648,544,502,913,369
72,26,0;8,740472,740472,562,528,913,351
72,27,0;6,740472,740472,662,620,913,251
72,28,3;14,493648,493648,612,577,913,301
72,29,1;2,493648,493648,445,418,913,468
73,0,1;3,1727768,1727768,115,83,913,798
73,1,2;4,987296,987296,73,46,913,840
73,2,4;9,1727768,1727768,139,102,913,774
73,3,0;4,740472,740472,64,29,913,849
73,4,2;3,987296,987296,87,51,913,826
73,5,2;9,493648,493648,56,47,913,857
73,6,8;11,987296,987296,56,25,913,857
73,7,9;10,493648,493648,59,48,913,854
73,8,6;10,740472,740472,70,41,913,843
73,9,0;2,1480944,1480944,71,43,913,842
73,10,7;11,740472,740472,64,53,913,849
73,11,6;14,740472,740472,98,87,913,815
73,12,13;14,740472,740472,72,44,913,841
73,13,12;14,987296,987296,95,54,913,818
73,14,11;12,2221416,2221416,151,110,913,762
73,15,12;14,493648,493648,596,568,913,317
73,16,13;14,493648,493648,475,434,913,438
73,17,14;20,493648,493648,665,629,913,248
73,18,2;19,493648,493648,573,526,913,340
73,19,0;20,740472,740472,531,484,913,382
73,20,14;29,987296,987296,449,413,913,464
73,21,13;14,493648,493648,618,584,913,295
73,22,2;4,493648,493648,869,833,913,44
73,23,0;6,493648,493648,499,467,913,414
73,24,9;26,493648,493648,900,866,913,13
73,25,9;27,493648,493648,544,502,913,369
73,26,0;8,740472,740472,562,528,913,351
73,27,0;6,740472,740472,662,620,913,251
73,28,3;14,493648,493648,612,577,913,301
73,29,1;2,740472,740472,451,418,913,462
74,0,1;3,1727768,1727768,115,83,913,798
74,1,2;4,1480944,1480944,81,46,913,832
74,2,1;4,1727768,1727768,139,102,913,774
74,3,1;4,740472,740472,43,29,913,870
74,4,1;2,987296,987296,87,51,913,826
74,5,2;9,493648,493648,56,47,913,857
74,6,8;11,987296,987296,56,25,913,857
74,7,9;10,493648,493648,59,48,913,854
74,8,6;10,740472,740472,70,41,913,843
74,9,0;2,1480944,1480944,71,43,913,842
74,10,11;13,987296,987296,65,53,913,848
74,11,6;14,987296,987296,98,87,913,815
74,12,13;14,740472,740472,72,44,913,841
74,13,11;14,1480944,1480944,95,54,913,818
74,14,11;12,2221416,2221416,151,110,913,762
74,15,12;14,493648,493648,596,568,913,317
74,16,13;14,493648,493648,475,434,913,438
74,17,14;20,740472,740472,666,629,913,247
74,18,2;19,493648,493648,573,526,913,340
74,19,0;17,987296,987296,531,484,913,382
74,20,14;19,740472,740472,449,413,913,464
74,21,13;14,493648,493648,618,584,913,295
74,22,2;4,493648,493648,869,833,913,44
74,23,0;6,493648,493648,499,467,913,414
74,24,9;26,493648,493648,900,866,913,13
74,25,9;27,493648,493648,544,502,913,369
74,26,0;8,740472,740472,562,528,913,351
74,27,0;6,740472,740472,662,620,913,251
74,28,1;14,493648,493648,612,577,913,301
74,29,1;2,493648,493648,445,418,913,468
75,0,1;3,1727768,1727768,115,83,913,798
75,1,2;4,1480944,1480944,81,46,913,832
75,2,1;9,1727768,1727768,139,102,913,774
75,3,1;4,740472,740472,43,29,913,870
75,4,1;2,987296,987296,87,51,913,826
75,5,2;9,493648,493648,56,47,913,857
75,6,8;11,987296,987296,56,25,913,857
75,7,9;10,493648,493648,59,48,913,854
75,8,6;10,740472,740472,70,41,913,843
75,9,0;2,1480944,1480944,71,43,913,842
75,10,7;11,740472,740472,64,53,913,849
75,11,10;14,740472,740472,98,87,913,815
75,12,13;14,740472,740472,72,44,913,841
75,13,12;14,987296,987296,95,54,913,818
75,14,11;12,2221416,2221416,151,110,913,762
75,15,12;14,493648,493648,596,568,913,317
75,16,13;14,493648,493648,475,434,913,438
75,17,14;20,493648,493648,665,629,913,248
75,18,2;19,493648,493648,573,526,913,340
75,19,0;20,740472,740472,531,484,913,382
75,20,14;29,987296,987296,449,413,913,464
75,21,13;14,493648,493648,618,584,913,295
75,22,2;4,493648,493648,869,833,913,44
75,23,0;6,493648,493648,499,467,913,414
75,24,9;26,493648,493648,900,866,913,13
75,25,9;27,493648,493648,544,502,913,369
75,26,0;8,740472,740472,562,528,913,351
75,27,0;6,740472,740472,662,620,913,251
75,28,1;14,493648,493648,612,577,913,301
75,29,1;2,740472,740472,451,418,913,462
76,0,1;3,1480944,1480944,115,83,916,801
76,1,2;4,1480944,1480944,81,46,916,835
76,2,1;4,1480944,1480944,139,102,916,777
76,3,1;4,740472,740472,43,29,916,873
76,4,1;2,987296,987296,87,51,916,829
76,5,8;9,493648,493648,58,47,916,858
76,6,8;11,1234120,1234120,56,25,916,860
76,7,9;10,493648,493648,59,48,916,857
76,8,6;10,987296,987296,70,41,916,846
76,9,2;6,1480944,1480944,71,43,916,845
76,10,8;11,740472,740472,64,53,916,852
76,11,6;14,987296,987296,98,87,916,818
76,12,13;14,740472,740472,72,44,916,844
76,13,11;14,1234120,1234120,95,54,916,821
76,14,11;12,2221416,2221416,151,110,916,765
76,15,12;14,493648,493648,596,568,916,320
76,16,13;14,493648,493648,475,434,916,441
76,17,14;20,493648,493648,665,629,916,251
76,18,2;26,493648,493648,576,526,916,340
76,19,0;20,493648,493648,518,484,916,398
76,20,14;19,740472,740472,449,413,916,467
76,21,13;14,493648,493648,618,584,916,298
76,22,2;4,493648,493648,869,833,916,47
76,23,0;6,493648,493648,499,467,916,417
76,24,9;26,493648,493648,900,866,916,16
76,25,9;27,493648,493648,544,502,916,372
76,26,0;8,987296,987296,578,528,916,338
76,27,0;6,740472,740472,662,620,916,254
76,28,1;14,493648,493648,612,577,916,304
76,29,1;2,493648,493648,445,418,916,471
77,0,1;3,1727768,1727768,115,83,913,798
77,1,2;4,1480944,1480944,81,46,913,832
77,2,1;9,1727768,1727768,139,102,913,774
77,3,0;1,493648,493648,43,29,913,870
77,4,1;2,740472,740472,87,51,913,826
77,5,2;9,493648,493648,56,47,913,857
77,6,9;11,1234120,1234120,56,25,913,857
77,7,9;10,493648,493648,59,48,913,854
77,8,6;10,740472,740472,70,41,913,843
77,9,0;2,1727768,1727768,71,43,913,842
77,10,7;11,740472,740472,64,53,913,849
77,11,6;14,987296,987296,98,87,913,815
77,12,13;14,740472,740472,72,44,913,841
77,13,11;14,1234120,1234120,95,54,913,818
77,14,11;12,2221416,2221416,151,110,913,762
77,15,12;14,493648,493648,596,568,913,317
77,16,13;14,493648,493648,475,434,913,438
77,17,14;20,493648,493648,665,629,913,248
77,18,2;19,493648,493648,573,526,913,340
77,19,0;20,740472,740472,531,484,913,382
77,20,14;19,740472,740472,449,413,913,464
77,21,13;14,493648,493648,618,584,913,295
77,22,2;4,493648,493648,869,833,913,44
77,23,0;6,493648,493648,499,467,913,414
77,24,9;26,493648,493648,900,866,913,13
77,25,9;27,493648,493648,544,502,913,369
77,26,0;8,740472,740472,562,528,913,351
77,27,0;6,740472,740472,662,620,913,251
77,28,1;14,493648,493648,612,577,913,301
77,29,1;2,493648,493648,445,418,913,468
78,0,1;3,1727768,1727768,115,83,916,801
78,1,2;4,987296,987296,73,46,916,843
78,2,1;9,1727768,1727768,139,102,916,777
78,3,0;4,740472,740472,64,29,916,852
78,4,2;3,987296,987296,87,51,916,829
78,5,2;9,493648,493648,56,47,916,860
78,6,9;11,1234120,1234120,56,25,916,860
78,7,9;10,493648,493648,59,48,916,857
78,8,6;10,740472,740472,70,41,916,846
78,9,0;2,1727768,1727768,71,43,916,845
78,10,7;11,740472,740472,64,53,916,852
78,11,6;10,987296,987296,98,87,916,818
78,12,13;14,740472,740472,72,44,916,844
78,13,11;14,1234120,1234120,95,54,916,821
78,14,11;12,2221416,2221416,151,110,916,765
78,15,12;14,493648,493648,596,568,916,320
78,16,13;14,493648,493648,475,434,916,441
78,17,14;20,493648,493648,665,629,916,251
78,18,2;26,493648,493648,576,526,916,340
78,19,0;20,493648,493648,518,484,916,398
78,20,14;29,987296,987296,449,413,916,467
78,21,13;14,493648,493648,618,584,916,298
78,22,2;4,493648,493648,869,833,916,47
78,23,0;6,493648,493648,499,467,916,417
78,24,9;26,493648,493648,900,866,916,16
78,25,9;27,493648,493648,544,502,916,372
78,26,0;8,987296,987296,578,528,916,338
78,27,0;6,740472,740472,662,620,916,254
78,28,3;14,493648,493648,612,577,916,304
78,29,1;2,740472,740472,451,418,916,465
79,0,1;3,1727768,1727768,115,83,913,798
79,1,2;4,1480944,1480944,81,46,913,832
79,2,1;4,1727768,1727768,139,102,913,774
79,3,0;1,740472,740472,43,29,913,870
79,4,1;3,987296,987296,87,51,913,826
79,5,2;9,740472,740472,58,47,913,855
79,6,5;11,1234120,1234120,56,25,913,857
79,7,9;10,493648,493648,59,48,913,854
79,8,6;10,740472,740472,70,41,913,843
79,9,0;2,1480944,1480944,71,43,913,842
79,10,7;11,740472,740472,64,53,913,849
79,11,10;14,987296,987296,98,87,913,815
79,12,13;14,740472,740472,72,44,913,841
79,13,11;14,1234120,1234120,95,54,913,818
79,14,11;12,2221416,2221416,151,110,913,762
79,15,12;14,493648,493648,596,568,913,317
79,16,13;14,493648,493648,475,434,913,438
79,17,14;20,493648,493648,665,629,913,248
79,18,2;19,493648,493648,573,526,913,340
79,19,0;20,740472,740472,531,484,913,382
79,20,14;19,740472,740472,449,413,913,464
79,21,13;14,493648,493648,618,584,913,295
79,22,2;4,493648,493648,869,833,913,44
79,23,0;6,493648,493648,499,467,913,414
79,24,9;26,493648,493648,900,866,913,13
79,25,9;28,493648,493648,547,502,913,366
79,26,0;8,740472,740472,562,528,913,351
79,27,0;6,493648,493648,652,620,913,261
79,28,1;14,740472,740472,622,577,913,291
79,29,1;2,493648,493648,445,418,913,468
80,0,1;3,1727768,1727768,115,83,916,801
80,1,2;4,987296,987296,73,46,916,843
80,2,4;9,1727768,1727768,139,102,916,777
80,3,0;4,740472,740472,64,29,916,852
80,4,2;3,987296,987296,87,51,916,829
80,5,2;9,740472,740472,58,47,916,858
80,6,5;9,1480944,1480944,56,25,916,860
80,7,9;10,493648,493648,59,48,916,857
80,8,6;10,740472,740472,70,41,916,846
80,9,0;2,1727768,1727768,71,43,916,845
80,10,7;11,740472,740472,64,53,916,852
80,11,6;14,740472,740472,98,87,916,818
80,12,13;14,740472,740472,72,44,916,844
80,13,12;14,987296,987296,95,54,916,821
80,14,11;12,2221416,2221416,151,110,916,765
80,15,12;14,493648,493648,596,568,916,320
80,16,13;14,493648,493648,475,434,916,441
80,17,14;20,493648,493648,665,629,916,251
80,18,2;26,493648,493648,576,526,916,340
80,19,0;22,493648,493648,527,484,916,389
80,20,14;22,740472,740472,455,413,916,461
80,21,13;14,493648,493648,618,584,916,298
80,22,2;4,987296,987296,876,833,916,40
80,23,0;6,493648,493648,499,467,916,417
80,24,9;26,493648,493648,900,866,916,16
80,25,9;28,493648,493648,547,502,916,369
80,26,0;8,987296,987296,578,528,916,338
80,27,0;6,493648,493648,652,620,916,264
80,28,3;14,740472,740472,622,577,916,294
80,29,1;2,493648,493648,445,418,916,471
81,0,1;3,1727768,1727768,115,83,916,801
81,1,2;4,987296,987296,73,46,916,843
81,2,1;4,1727768,1727768,139,102,916,777
81,3,0;4,740472,740472,64,29,916,852
81,4,2;3,1234120,1234120,87,51,916,829
81,5,2;9,740472,740472,58,47,916,858
81,6,4;5,1234120,1234120,56,25,916,860
81,7,9;10,493648,493648,59,48,916,857
81,8,6;10,740472,740472,70,41,916,846
81,9,0;2,1480944,1480944,71,43,916,845
81,10,8;11,740472,740472,64,53,916,852
81,11,10;14,493648,493648,98,87,916,818
81,12,13;14,740472,740472,72,44,916,844
81,13,12;14,987296,987296,95,54,916,821
81,14,11;12,2221416,2221416,151,110,916,765
81,15,12;14,493648,493648,596,568,916,320
81,16,13;14,493648,493648,475,434,916,441
81,17,14;20,493648,493648,665,629,916,251
81,18,2;26,493648,493648,576,526,916,340
81,19,0;22,493648,493648,527,484,916,389
81,20,14;29,740472,740472,449,413,916,467
81,21,13;14,493648,493648,618,584,916,298
81,22,2;4,740472,740472,876,833,916,40
81,23,0;6,493648,493648,499,467,916,417
81,24,9;26,493648,493648,900,866,916,16
81,25,9;28,493648,493648,547,502,916,369
81,26,0;8,987296,987296,578,528,916,338
81,27,0;6,493648,493648,652,620,916,264
81,28,3;14,740472,740472,622,577,916,294
81,29,1;2,740472,740472,451,418,916,465
82,0,1;3,1727768,1727768,115,83,913,798
82,1,2;4,1480944,1480944,81,46,913,832
82,2,1;4,1727768,1727768,139,102,913,774
82,3,1;4,740472,740472,43,29,913,870
82,4,1;3,1480944,1480944,87,51,913,826
82,5,2;9,493648,493648,56,47,913,857
82,6,4;11,987296,987296,56,25,913,857
82,7,9;10,493648,493648,59,48,913,854
82,8,4;10,740472,740472,70,41,913,843
82,9,0;2,1480944,1480944,71,43,913,842
82,10,8;11,740472,740472,64,53,913,849
82,11,6;14,987296,987296,98,87,913,815
82,12,13;14,740472,740472,72,44,913,841
82,13,11;12,987296,987296,95,54,913,818
82,14,11;12,1974592,1974592,151,110,913,762
82,15,12;14,493648,493648,596,568,913,317
82,16,13;14,493648,493648,475,434,913,438
82,17,14;20,493648,493648,665,629,913,248
82,18,2;19,493648,493648,573,526,913,340
82,19,0;20,740472,740472,531,484,913,382
82,20,14;19,740472,740472,449,413,913,464
82,21,13;14,493648,493648,618,584,913,295
82,22,2;4,493648,493648,869,833,913,44
82,23,0;6,493648,493648,499,467,913,414
82,24,9;26,493648,493648,900,866,913,13
82,25,9;27,493648,493648,544,502,913,369
82,26,0;8,740472,740472,562,528,913,351
82,27,0;6,740472,740472,662,620,913,251
82,28,1;14,493648,493648,612,577,913,301
82,29,1;2,493648,493648,445,418,913,468
83,0,1;3,1727768,1727768,115,83,916,801
83,1,2;4,1234120,1234120,73,46,916,843
83,2,1;4,1727768,1727768,139,102,916,777
83,3,0;1,987296,987296,64,29,916,852
83,4,2;3,987296,987296,87,51,916,829
83,5,2;9,740472,740472,58,47,916,858
83,6,5;9,1234120,1234120,56,25,916,860
83,7,9;10,493648,493648,59,48,916,857
83,8,6;10,740472,740472,70,41,916,846
83,9,0;2,1727768,1727768,71,43,916,845
83,10,8;11,740472,740472,64,53,916,852
83,11,10;14,493648,493648,98,87,916,818
83,12,13;14,740472,740472,72,44,916,844
83,13,12;14,987296,987296,95,54,916,821
83,14,11;12,2221416,2221416,151,110,916,765
83,15,12;14,493648,493648,596,568,916,320
83,16,13;14,493648,493648,475,434,916,441
83,17,14;20,493648,493648,665,629,916,251
83,18,2;26,493648,493648,576,526,916,340
83,19,0;20,493648,493648,518,484,916,398
83,20,14;19,740472,740472,449,413,916,467
83,21,13;14,493648,493648,618,584,916,298
83,22,2;4,493648,493648,869,833,916,47
83,23,0;6,493648,493648,499,467,916,417
83,24,9;26,493648,493648,900,866,916,16
83,25,9;27,493648,493648,544,502,916,372
83,26,0;8,987296,987296,578,528,916,338
83,27,0;6,740472,740472,662,620,916,254
83,28,3;14,493648,493648,612,577,916,304
83,29,1;2,493648,493648,445,418,916,471
84,0,1;3,1727768,1727768,115,83,912,797
84,1,2;4,987296,987296,73,46,912,839
84,2,4;9,1727768,1727768,139,102,912,773
84,3,0;4,740472,740472,64,29,912,848
84,4,2;3,1234120,1234120,87,51,912,825
84,5,2;6,493648,493648,58,47,912,854
84,6,4;9,1727768,1727768,56,25,912,856
84,7,9;10,493648,493648,59,48,912,853
84,8,6;10,740472,740472,70,41,912,842
84,9,0;2,1480944,1480944,71,43,912,841
84,10,11;13,987296,987296,65,53,912,847
84,11,6;10,987296,987296,98,87,912,814
84,12,13;14,740472,740472,72,44,912,840
84,13,11;12,1234120,1234120,95,54,912,817
84,14,11;12,1974592,1974592,151,110,912,761
84,15,12;14,493648,493648,596,568,912,316
84,16,13;14,493648,493648,475,434,912,437
84,17,14;20,493648,493648,665,629,912,247
84,18,2;20,493648,493648,572,526,912,340
84,19,0;20,493648,493648,518,484,912,394
84,20,14;21,1234120,1234120,459,413,912,453
84,21,13;14,740472,740472,625,584,912,287
84,22,2;4,493648,493648,869,833,912,43
84,23,0;6,493648,493648,499,467,912,413
84,24,9;26,493648,493648,900,866,912,12
84,25,9;27,493648,493648,544,502,912,368
84,26,0;8,740472,740472,562,528,912,350
84,27,0;6,740472,740472,662,620,912,250
84,28,3;14,493648,493648,612,577,912,300
84,29,1;2,493648,493648,445,418,912,467
85,0,1;3,1727768,1727768,115,83,913,798
85,1,2;4,987296,987296,73,46,913,840
85,2,4;9,1727768,1727768,139,102,913,774
85,3,0;4,740472,740472,64,29,913,849
85,4,2;3,1234120,1234120,87,51,913,826
85,5,2;6,493648,493648,58,47,913,855
85,6,4;9,1480944,1480944,56,25,913,857
85,7,9;10,493648,493648,59,48,913,854
85,8,6;10,740472,740472,70,41,913,843
85,9,0;2,1480944,1480944,71,43,913,842
85,10,11;13,987296,987296,65,53,913,848
85,11,10;14,740472,740472,98,87,913,815
85,12,13;14,740472,740472,72,44,913,841
85,13,11;12,1234120,1234120,95,54,913,818
85,14,11;12,1974592,1974592,151,110,913,762
85,15,12;14,493648,493648,596,568,913,317
85,16,13;14,493648,493648,475,434,913,438
85,17,14;20,493648,493648,665,629,913,248
85,18,2;19,493648,493648,573,526,913,340
85,19,0;20,740472,740472,531,484,913,382
85,20,14;21,987296,987296,454,413,913,459
85,21,13;14,740472,740472,625,584,913,288
85,22,2;4,493648,493648,869,833,913,44
85,23,0;6,493648,493648,499,467,913,414
85,24,9;26,493648,493648,900,866,913,13
85,25,9;27,493648,493648,544,502,913,369
85,26,0;8,740472,740472,562,528,913,351
85,27,0;6,740472,740472,662,620,913,251
85,28,3;14,493648,493648,612,577,913,301
85,29,1;2,493648,493648,445,418,913,468
86,0,1;3,1727768,1727768,115,83,913,798
86,1,2;4,1480944,1480944,81,46,913,832
86,2,1;9,1234120,1234120,139,102,913,774
86,3,0;1,740472,740472,43,29,913,870
86,4,1;3,740472,740472,87,51,913,826
86,5,6;9,740472,740472,58,47,913,855
86,6,5;9,1234120,1234120,56,25,913,857
86,7,9;10,493648,493648,59,48,913,854
86,8,5;10,740472,740472,70,41,913,843
86,9,0;2,1727768,1727768,71,43,913,842
86,10,11;13,987296,987296,65,53,913,848
86,11,6;14,987296,987296,98,87,913,815
86,12,13;14,740472,740472,72,44,913,841
86,13,11;12,1234120,1234120,95,54,913,818
86,14,11;12,1974592,1974592,151,110,913,762
86,15,12;14,493648,493648,596,568,913,317
86,16,13;14,493648,493648,475,434,913,438
86,17,14;20,493648,493648,665,629,913,248
86,18,2;19,493648,493648,573,526,913,340
86,19,0;22,987296,987296,531,484,913,382
86,20,14;19,740472,740472,449,413,913,464
86,21,13;14,493648,493648,618,584,913,295
86,22,2;4,740472,740472,876,833,913,37
86,23,0;6,493648,493648,499,467,913,414
86,24,9;26,493648,493648,900,866,913,13
86,25,9;27,493648,493648,544,502,913,369
86,26,0;8,740472,740472,562,528,913,351
86,27,0;6,740472,740472,662,620,913,251
86,28,1;14,493648,493648,612,577,913,301
86,29,1;2,493648,493648,445,418,913,468
87,0,1;3,1727768,1727768,115,83,915,800
87,1,2;4,1480944,1480944,81,46,915,834
87,2,1;4,1727768,1727768,139,102,915,776
87,3,1;4,740472,740472,43,29,915,872
87,4,1;2,1234120,1234120,87,51,915,828
87,5,2;6,493648,493648,58,47,915,857
87,6,4;9,1480944,1480944,56,25,915,859
87,7,9;10,493648,493648,59,48,915,856
87,8,6;10,740472,740472,70,41,915,845
87,9,0;2,1480944,1480944,71,43,915,844
87,10,11;13,987296,987296,65,53,915,850
87,11,10;14,740472,740472,98,87,915,817
87,12,13;14,740472,740472,72,44,915,843
87,13,11;12,1234120,1234120,95,54,915,820
87,14,11;12,1974592,1974592,151,110,915,764
87,15,12;14,493648,493648,596,568,915,319
87,16,13;14,493648,493648,475,434,915,440
87,17,14;20,493648,493648,665,629,915,250
87,18,2;21,493648,493648,575,526,915,340
87,19,0;22,493648,493648,527,484,915,388
87,20,14;21,740472,740472,454,413,915,461
87,21,13;14,987296,987296,633,584,915,282
87,22,2;4,740472,740472,876,833,915,39
87,23,0;6,493648,493648,499,467,915,416
87,24,9;26,493648,493648,900,866,915,15
87,25,9;27,493648,493648,544,502,915,371
87,26,0;8,740472,740472,562,528,915,353
87,27,0;6,740472,740472,662,620,915,253
87,28,1;14,493648,493648,612,577,915,303
87,29,1;2,493648,493648,445,418,915,470
88,0,1;3,1727768,1727768,115,83,916,801
88,1,2;4,987296,987296,73,46,916,843
88,2,4;9,1727768,1727768,139,102,916,777
88,3,0;4,740472,740472,64,29,916,852
88,4,2;3,987296,987296,87,51,916,829
88,5,2;13,987296,987296,59,47,916,857
88,6,5;9,987296,987296,56,25,916,860
88,7,9;10,493648,493648,59,48,916,857
88,8,5;10,740472,740472,70,41,916,846
88,9,0;2,1480944,1480944,71,43,916,845
88,10,11;13,987296,987296,65,53,916,851
88,11,10;14,740472,740472,98,87,916,818
88,12,13;14,740472,740472,72,44,916,844
88,13,11;14,1727768,1727768,95,54,916,821
88,14,11;12,2221416,2221416,151,110,916,765
88,15,12;14,493648,493648,596,568,916,320
88,16,13;14,493648,493648,475,434,916,441
88,17,14;20,493648,493648,665,629,916,251
88,18,2;26,493648,493648,576,526,916,340
88,19,0;22,493648,493648,527,484,916,389
88,20,14;21,740472,740472,454,413,916,462
88,21,13;14,740472,740472,625,584,916,291
88,22,2;4,740472,740472,876,833,916,40
88,23,0;6,493648,493648,499,467,916,417
88,24,9;26,493648,493648,900,866,916,16
88,25,9;27,493648,493648,544,502,916,372
88,26,0;8,987296,987296,578,528,916,338
88,27,0;6,740472,740472,662,620,916,254
88,28,3;14,493648,493648,612,577,916,304
88,29,1;2,493648,493648,445,418,916,471
89,0,1;3,1727768,1727768,115,83,913,798
89,1,2;4,1234120,1234120,73,46,913,840
89,2,1;4,1727768,1727768,139,102,913,774
89,3,1;4,987296,987296,64,29,913,849
89,4,2;3,987296,987296,87,51,913,826
89,5,2;9,987296,987296,58,47,913,855
89,6,5;9,987296,987296,56,25,913,857
89,7,9;10,493648,493648,59,48,913,854
89,8,5;10,740472,740472,70,41,913,843
89,9,0;2,1727768,1727768,71,43,913,842
89,10,11;13,987296,987296,65,53,913,848
89,11,10;14,740472,740472,98,87,913,815
89,12,13;14,740472,740472,72,44,913,841
89,13,11;14,1480944,1480944,95,54,913,818
89,14,11;12,2221416,2221416,151,110,913,762
89,15,12;14,493648,493648,596,568,913,317
89,16,13;14,493648,493648,475,434,913,438
89,17,14;20,493648,493648,665,629,913,248
89,18,2;19,493648,493648,573,526,913,340
89,19,0;22,987296,987296,531,484,913,382
89,20,14;19,740472,740472,449,413,913,464
89,21,13;14,493648,493648,618,584,913,295
89,22,2;4,740472,740472,876,833,913,37
89,23,0;6,493648,493648,499,467,913,414
89,24,9;26,493648,493648,900,866,913,13
89,25,9;27,493648,493648,544,502,913,369
89,26,0;8,740472,740472,562,528,913,351
89,27,0;6,740472,740472,662,620,913,251
89,28,3;14,493648,493648,612,577,913,301
89,29,1;2,493648,493648,445,418,913,468
90,0,1;3,1727768,1727768,115,83,913,798
90,1,2;4,1234120,1234120,73,46,913,840
90,2,1;9,1727768,1727768,139,102,913,774
90,3,0;1,987296,987296,64,29,913,849
90,4,2;3,987296,987296,87,51,913,826
90,5,2;9,740472,740472,58,47,913,855
90,6,9;11,987296,987296,56,25,913,857
90,7,9;10,493648,493648,59,48,913,854
90,8,5;10,740472,740472,70,41,913,843
90,9,0;2,1727768,1727768,71,43,913,842
90,10,7;11,740472,740472,64,53,913,849
90,11,10;14,987296,987296,98,87,913,815
90,12,13;14,740472,740472,72,44,913,841
90,13,11;12,987296,987296,95,54,913,818
90,14,11;12,1974592,1974592,151,110,913,762
90,15,12;14,493648,493648,596,568,913,317
90,16,13;14,493648,493648,475,434,913,438
90,17,14;20,493648,493648,665,629,913,248
90,18,2;19,493648,493648,573,526,913,340
90,19,0;20,740472,740472,531,484,913,382
90,20,14;29,987296,987296,449,413,913,464
90,21,13;14,493648,493648,618,584,913,295
90,22,2;4,493648,493648,869,833,913,44
90,23,0;6,493648,493648,499,467,913,414
90,24,9;26,493648,493648,900,866,913,13
90,25,9;27,493648,493648,544,502,913,369
90,26,0;8,740472,740472,562,528,913,351
90,27,0;6,740472,740472,662,620,913,251
90,28,3;14,493648,493648,612,577,913,301
90,29,1;2,740472,740472,451,418,913,462
91,0,1;3,1727768,1727768,115,83,913,798
91,1,2;4,987296,987296,73,46,913,840
91,2,4;9,1727768,1727768,139,102,913,774
91,3,0;4,740472,740472,64,29,913,849
91,4,2;3,987296,987296,87,51,913,826
91,5,2;9,740472,740472,58,47,913,855
91,6,9;11,987296,987296,56,25,913,857
91,7,9;10,493648,493648,59,48,913,854
91,8,5;10,740472,740472,70,41,913,843
91,9,0;2,1727768,1727768,71,43,913,842
91,10,11;13,987296,987296,65,53,913,848
91,11,10;14,987296,987296,98,87,913,815
91,12,13;14,740472,740472,72,44,913,841
91,13,11;14,1480944,1480944,95,54,913,818
91,14,11;12,2221416,2221416,151,110,913,762
91,15,12;14,493648,493648,596,568,913,317
91,16,13;14,493648,493648,475,434,913,438
91,17,14;20,493648,493648,665,629,913,248
91,18,2;19,493648,493648,573,526,913,340
91,19,0;20,740472,740472,531,484,913,382
91,20,14;19,740472,740472,449,413,913,464
91,21,13;14,493648,493648,618,584,913,295
91,22,2;4,493648,493648,869,833,913,44
91,23,0;6,493648,493648,499,467,913,414
91,24,9;26,493648,493648,900,866,913,13
91,25,9;27,493648,493648,544,502,913,369
91,26,0;8,740472,740472,562,528,913,351
91,27,0;6,740472,740472,662,620,913,251
91,28,3;14,493648,493648,612,577,913,301
91,29,1;2,493648,493648,445,418,913,468
92,0,1;3,1727768,1727768,115,83,913,798
92,1,2;4,1480944,1480944,81,46,913,832
92,2,4;9,1727768,1727768,139,102,913,774
92,3,1;4,740472,740472,43,29,913,870
92,4,1;2,1234120,1234120,87,51,913,826
92,5,2;9,740472,740472,58,47,913,855
92,6,4;9,987296,987296,56,25,913,857
92,7,9;10,493648,493648,59,48,913,854
92,8,5;10,740472,740472,70,41,913,843
92,9,0;2,1727768,1727768,71,43,913,842
92,10,8;11,740472,740472,64,53,913,849
92,11,10;14,493648,493648,98,87,913,815
92,12,13;14,740472,740472,72,44,913,841
92,13,12;14,987296,987296,95,54,913,818
92,14,11;12,2221416,2221416,151,110,913,762
92,15,12;14,493648,493648,596,568,913,317
92,16,13;14,493648,493648,475,434,913,438
92,17,14;20,493648,493648,665,629,913,248
92,18,2;19,493648,493648,573,526,913,340
92,19,0;20,740472,740472,531,484,913,382
92,20,14;29,987296,987296,449,413,913,464
92,21,13;14,493648,493648,618,584,913,295
92,22,2;4,493648,493648,869,833,913,44
92,23,0;6,493648,493648,499,467,913,414
92,24,9;26,493648,493648,900,866,913,13
92,25,9;27,493648,493648,544,502,913,369
92,26,0;8,740472,740472,562,528,913,351
92,27,0;6,740472,740472,662,620,913,251
92,28,1;14,493648,493648,612,577,913,301
92,29,1;2,740472,740472,451,418,913,462
93,0,1;3,1727768,1727768,115,83,912,797
93,1,2;4,987296,987296,73,46,912,839
93,2,4;9,1727768,1727768,139,102,912,773
93,3,0;4,740472,740472,64,29,912,848
93,4,2;3,1480944,1480944,87,51,912,825
93,5,2;9,493648,493648,56,47,912,856
93,6,4;9,987296,987296,56,25,912,856
93,7,9;10,493648,493648,59,48,912,853
93,8,4;10,740472,740472,70,41,912,842
93,9,0;2,1727768,1727768,71,43,912,841
93,10,7;11,740472,740472,64,53,912,848
93,11,10;14,740472,740472,98,87,912,814
93,12,13;14,740472,740472,72,44,912,840
93,13,11;14,1234120,1234120,95,54,912,817
93,14,11;12,2221416,2221416,151,110,912,761
93,15,12;14,493648,493648,596,568,912,316
93,16,13;14,493648,493648,475,434,912,437
93,17,14;20,493648,493648,665,629,912,247
93,18,2;20,493648,493648,572,526,912,340
93,19,0;20,493648,493648,518,484,912,394
93,20,14;21,1234120,1234120,459,413,912,453
93,21,13;14,740472,740472,625,584,912,287
93,22,2;4,493648,493648,869,833,912,43
93,23,0;6,493648,493648,499,467,912,413
93,24,9;26,493648,493648,900,866,912,12
93,25,9;27,493648,493648,544,502,912,368
93,26,0;8,740472,740472,562,528,912,350
93,27,0;6,740472,740472,662,620,912,250
93,28,3;14,493648,493648,612,577,912,300
93,29,1;2,493648,493648,445,418,912,467
94,0,1;3,1727768,1727768,115,83,913,798
94,1,2;4,987296,987296,73,46,913,840
94,2,4;9,1727768,1727768,139,102,913,774
94,3,0;4,740472,740472,64,29,913,849
94,4,2;3,1480944,1480944,87,51,913,826
94,5,2;9,493648,493648,56,47,913,857
94,6,4;9,987296,987296,56,25,913,857
94,7,9;10,493648,493648,59,48,913,854
94,8,4;10,740472,740472,70,41,913,843
94,9,0;2,1727768,1727768,71,43,913,842
94,10,7;11,740472,740472,64,53,913,849
94,11,10;14,740472,740472,98,87,913,815
94,12,13;14,740472,740472,72,44,913,841
94,13,11;12,987296,987296,95,54,913,818
94,14,11;12,1974592,1974592,151,110,913,762
94,15,12;14,493648,493648,596,568,913,317
94,16,13;14,493648,493648,475,434,913,438
94,17,14;20,740472,740472,666,629,913,247
94,18,2;19,493648,493648,573,526,913,340
94,19,0;17,987296,987296,531,484,913,382
94,20,14;19,740472,740472,449,413,913,464
94,21,13;14,493648,493648,618,584,913,295
94,22,2;4,493648,493648,869,833,913,44
94,23,0;6,493648,493648,499,467,913,414
94,24,9;26,493648,493648,900,866,913,13
94,25,9;27,493648,493648,544,502,913,369
94,26,0;8,740472,740472,562,528,913,351
94,27,0;6,740472,740472,662,620,913,251
94,28,3;14,493648,493648,612,577,913,301
94,29,1;2,493648,493648,445,418,913,468
95,0,1;3,1727768,1727768,115,83,910,795
95,1,2;4,1234120,1234120,73,46,910,837
95,2,1;9,1727768,1727768,139,102,910,771
95,3,1;4,987296,987296,64,29,910,846
95,4,2;3,1234120,1234120,87,51,910,823
95,5,2;9,740472,740472,58,47,910,852
95,6,4;9,987296,987296,56,25,910,854
95,7,9;10,493648,493648,59,48,910,851
95,8,5;10,740472,740472,70,41,910,840
95,9,0;2,1727768,1727768,71,43,910,839
95,10,8;11,740472,740472,64,53,910,846
95,11,10;14,740472,740472,98,87,910,812
95,12,13;14,740472,740472,72,44,910,838
95,13,11;14,1234120,1234120,95,54,910,815
95,14,11;12,2221416,2221416,151,110,910,759
95,15,12;14,493648,493648,596,568,910,314
95,16,13;14,493648,493648,475,434,910,435
95,17,14;20,740472,740472,673,629,910,237
95,18,2;17,493648,493648,570,526,910,340
95,19,0;20,493648,493648,518,484,910,392
95,20,14;19,740472,740472,449,413,910,461
95,21,13;14,493648,493648,618,584,910,292
95,22,2;4,493648,493648,869,833,910,41
95,23,0;6,493648,493648,499,467,910,411
95,24,9;26,493648,493648,900,866,910,10
95,25,9;27,493648,493648,544,502,910,366
95,26,0;8,740472,740472,562,528,910,348
95,27,0;6,740472,740472,662,620,910,248
95,28,3;14,493648,493648,612,577,910,298
95,29,1;2,493648,493648,445,418,910,465
96,0,1;3,1727768,1727768,115,83,913,798
96,1,2;4,1234120,1234120,73,46,913,840
96,2,4;9,1727768,1727768,139,102,913,774
96,3,1;4,987296,987296,64,29,913,849
96,4,2;3,1480944,1480944,87,51,913,826
96,5,2;9,493648,493648,56,47,913,857
96,6,4;9,987296,987296,56,25,913,857
96,7,9;10,493648,493648,59,48,913,854
96,8,4;10,740472,740472,70,41,913,843
96,9,0;2,1727768,1727768,71,43,913,842
96,10,11;13,987296,987296,65,53,913,848
96,11,10;14,740472,740472,98,87,913,815
96,12,13;14,740472,740472,72,44,913,841
96,13,11;14,1480944,1480944,95,54,913,818
96,14,11;12,2221416,2221416,151,110,913,762
96,15,12;14,493648,493648,596,568,913,317
96,16,13;14,493648,493648,475,434,913,438
96,17,14;20,493648,493648,665,629,913,248
96,18,2;19,493648,493648,573,526,913,340
96,19,0;22,987296,987296,531,484,913,382
96,20,14;19,740472,740472,449,413,913,464
96,21,13;14,493648,493648,618,584,913,295
96,22,2;4,740472,740472,876,833,913,37
96,23,0;6,493648,493648,499,467,913,414
96,24,9;26,493648,493648,900,866,913,13
96,25,9;27,493648,493648,544,502,913,369
96,26,0;8,740472,740472,562,528,913,351
96,27,0;6,740472,740472,662,620,913,251
96,28,3;14,493648,493648,612,577,913,301
96,29,1;2,493648,493648,445,418,913,468
97,0,1;3,1727768,1727768,115,83,912,797
97,1,2;4,987296,987296,73,46,912,839
97,2,4;9,1727768,1727768,139,102,912,773
97,3,0;4,987296,987296,64,29,912,848
97,4,2;3,1480944,1480944,87,51,912,825
97,5,2;9,493648,493648,56,47,912,856
97,6,4;9,987296,987296,56,25,912,856
97,7,9;10,493648,493648,59,48,912,853
97,8,4;10,740472,740472,70,41,912,842
97,9,0;2,1727768,1727768,71,43,912,841
97,10,7;11,740472,740472,64,53,912,848
97,11,10;14,493648,493648,98,87,912,814
97,12,3;14,987296,987296,72,44,912,840
97,13,12;14,987296,987296,95,54,912,817
97,14,11;12,2221416,2221416,151,110,912,761
97,15,12;14,493648,493648,596,568,912,316
97,16,13;14,493648,493648,475,434,912,437
97,17,14;20,493648,493648,665,629,912,247
97,18,2;20,493648,493648,572,526,912,340
97,19,0;22,740472,740472,527,484,912,385
97,20,14;19,987296,987296,459,413,912,453
97,21,13;14,493648,493648,618,584,912,294
97,22,2;4,740472,740472,876,833,912,36
97,23,0;6,493648,493648,499,467,912,413
97,24,9;26,493648,493648,900,866,912,12
97,25,9;27,493648,493648,544,502,912,368
97,26,0;8,740472,740472,562,528,912,350
97,27,0;6,740472,740472,662,620,912,250
97,28,3;14,493648,493648,612,577,912,300
97,29,1;2,493648,493648,445,418,912,467
98,0,1;3,1727768,1727768,115,83,913,798
98,1,2;4,1480944,1480944,81,46,913,832
98,2,4;9,1727768,1727768,139,102,913,774
98,3,1;4,740472,740472,43,29,913,870
98,4,1;2,1480944,1480944,87,51,913,826
98,5,2;9,740472,740472,58,47,913,855
98,6,4;9,1234120,1234120,56,25,913,857
98,7,9;10,493648,493648,59,48,913,854
98,8,4;5,987296,987296,70,41,913,843
98,9,0;2,1727768,1727768,71,43,913,842
98,10,8;11,740472,740472,64,53,913,849
98,11,6;14,987296,987296,98,87,913,815
98,12,13;14,740472,740472,72,44,913,841
98,13,11;12,987296,987296,95,54,913,818
98,14,11;12,1974592,1974592,151,110,913,762
98,15,12;14,493648,493648,596,568,913,317
98,16,13;14,493648,493648,475,434,913,438
98,17,14;20,493648,493648,665,629,913,248
98,18,2;19,493648,493648,573,526,913,340
98,19,0;22,740472,740472,531,484,913,382
98,20,14;17,493648,493648,449,413,913,464
98,21,13;14,493648,493648,618,584,913,295
98,22,2;4,740472,740472,876,833,913,37
98,23,0;6,493648,493648,499,467,913,414
98,24,9;26,493648,493648,900,866,913,13
98,25,9;27,493648,493648,544,502,913,369
98,26,0;8,740472,740472,562,528,913,351
98,27,0;6,740472,740472,662,620,913,251
98,28,1;14,493648,493648,612,577,913,301
98,29,1;2,493648,493648,445,418,913,468
99,0,1;9,1480944,1480944,115,83,912,797
99,1,2;4,1480944,1480944,81,46,912,831
99,2,1;4,1727768,1727768,139,102,912,773
99,3,1;4,493648,493648,43,29,912,869
99,4,1;2,1480944,1480944,87,51,912,825
99,5,2;9,740472,740472,58,47,912,854
99,6,4;9,987296,987296,56,25,912,856
99,7,9;10,493648,493648,59,48,912,853
99,8,4;5,987296,987296,70,41,912,842
99,9,0;2,1727768,1727768,71,43,912,841
99,10,8;11,740472,740472,64,53,912,848
99,11,10;14,740472,740472,98,87,912,814
99,12,13;14,740472,740472,72,44,912,840
99,13,11;12,987296,987296,95,54,912,817
99,14,11;12,1974592,1974592,151,110,912,761
99,15,12;14,493648,493648,596,568,912,316
99,16,13;14,493648,493648,475,434,912,437
99,17,14;20,493648,493648,665,629,912,247
99,18,2;20,493648,493648,572,526,912,340
99,19,0;22,493648,493648,527,484,912,385
99,20,14;17,740472,740472,459,413,912,453
99,21,13;14,493648,493648,618,584,912,294
99,22,2;4,740472,740472,876,833,912,36
99,23,0;6,740472,740472,502,467,912,410
99,24,9;23,493648,493648,901,866,912,11
99,25,9;27,493648,493648,544,502,912,368
99,26,0;8,493648,493648,559,528,912,353
99,27,0;6,740472,740472,662,620,912,250
99,28,1;14,493648,493648,612,577,912,300
99,29,1;2,493648,493648,445,418,912,467
