round,src,dst,bytes,delay_ticks,src_mj,dst_mj,failed
0,0,3,246824,13,2277.380834,3985.416549,0
0,3,0,246824,13,3985.416549,2277.380834,0
0,0,9,246824,10,2277.380834,2277.380834,0
0,9,0,246824,10,2277.380834,2277.380834,0
0,0,19,246824,28,2277.380834,7970.833215,0
0,19,0,246824,28,7970.833215,2277.380834,0
0,0,23,246824,32,2277.380834,7970.833215,0
0,23,0,246824,32,7970.833215,2277.380834,0
0,0,26,246824,31,2277.380834,7970.833215,0
0,26,0,246824,31,7970.833215,2277.380834,0
0,0,27,246824,32,2277.380834,3985.416549,0
0,27,0,246824,32,3985.416549,2277.380834,0
0,0,29,246824,27,2277.380834,5313.888771,0
0,29,0,246824,27,5313.888771,2277.380834,0
0,1,4,246824,14,5313.888771,2656.944326,0
0,4,1,246824,14,2656.944326,5313.888771,0
0,1,10,246824,13,5313.888771,3985.416549,0
0,10,1,246824,13,3985.416549,5313.888771,0
0,1,28,246824,35,5313.888771,7970.833215,0
0,28,1,246824,35,7970.833215,5313.888771,0
0,2,4,246824,10,2656.944326,2656.944326,0
0,4,2,246824,10,2656.944326,2656.944326,0
0,2,5,246824,9,2656.944326,7970.833215,0
0,5,2,246824,9,7970.833215,2656.944326,0
0,2,9,246824,7,2656.944326,2277.380834,0
0,9,2,246824,7,2277.380834,2656.944326,0
0,2,18,246824,37,2656.944326,7970.833215,0
0,18,2,246824,37,7970.833215,2656.944326,0
0,2,22,246824,33,2656.944326,7970.833215,0
0,22,2,246824,33,7970.833215,2656.944326,0
0,2,29,246824,24,2656.944326,5313.888771,0
0,29,2,246824,24,5313.888771,2656.944326,0
0,3,4,246824,13,3985.416549,2656.944326,0
0,4,3,246824,13,2656.944326,3985.416549,0
0,3,12,246824,12,3985.416549,3985.416549,0
0,12,3,246824,12,3985.416549,3985.416549,0
0,3,28,246824,35,3985.416549,7970.833215,0
0,28,3,246824,35,7970.833215,3985.416549,0
0,4,8,246824,12,2656.944326,5313.888771,0
0,8,4,246824,12,5313.888771,2656.944326,0
0,4,21,246824,35,2656.944326,7970.833215,0
0,21,4,246824,35,7970.833215,2656.944326,0
0,4,22,246824,36,2656.944326,7970.833215,0
0,22,4,246824,36,7970.833215,2656.944326,0
0,5,9,246824,9,7970.833215,2277.380834,0
0,9,5,246824,9,2277.380834,7970.833215,0
0,6,9,246824,9,3985.416549,2277.380834,0
0,9,6,246824,9,2277.380834,3985.416549,0
0,6,11,246824,11,3985.416549,3985.416549,0
0,11,6,246824,11,3985.416549,3985.416549,0
0,6,23,246824,31,3985.416549,7970.833215,0
0,23,6,246824,31,7970.833215,3985.416549,0
0,6,27,246824,31,3985.416549,3985.416549,0
0,27,6,246824,31,3985.416549,3985.416549,0
0,7,9,246824,9,5313.888771,2277.380834,0
0,9,7,246824,9,2277.380834,5313.888771,0
0,7,10,246824,11,5313.888771,3985.416549,0
0,10,7,246824,11,3985.416549,5313.888771,0
0,7,15,246824,28,5313.888771,3985.416549,0
0,15,7,246824,28,3985.416549,5313.888771,0
0,8,10,246824,11,5313.888771,3985.416549,0
0,10,8,246824,11,3985.416549,5313.888771,0
0,8,26,246824,29,5313.888771,7970.833215,0
0,26,8,246824,29,7970.833215,5313.888771,0
0,9,24,246824,21,2277.380834,7970.833215,0
0,24,9,246824,21,7970.833215,2277.380834,0
0,9,25,246824,28,2277.380834,7970.833215,0
0,25,9,246824,28,7970.833215,2277.380834,0
0,10,11,246824,11,3985.416549,3985.416549,0
0,11,10,246824,11,3985.416549,3985.416549,0
0,11,13,246824,11,3985.416549,3985.416549,0
0,13,11,246824,11,3985.416549,3985.416549,0
0,11,14,246824,11,3985.416549,3188.333215,0
0,14,11,246824,11,3188.333215,3985.416549,0
0,12,13,246824,12,3985.416549,3985.416549,0
0,13,12,246824,12,3985.416549,3985.416549,0
0,12,14,246824,12,3985.416549,3188.333215,0
0,14,12,246824,12,3188.333215,3985.416549,0
0,12,15,246824,28,3985.416549,3985.416549,0
0,15,12,246824,28,3985.416549,3985.416549,0
0,13,16,246824,41,3985.416549,7970.833215,0
0,16,13,246824,41,7970.833215,3985.416549,0
0,13,21,246824,34,3985.416549,7970.833215,0
0,21,13,246824,34,7970.833215,3985.416549,0
0,14,16,246824,41,3188.333215,7970.833215,0
0,16,14,246824,41,7970.833215,3188.333215,0
0,14,17,246824,29,3188.333215,7970.833215,0
0,17,14,246824,29,7970.833215,3188.333215,0
0,14,20,246824,26,3188.333215,5313.888771,0
0,20,14,246824,26,5313.888771,3188.333215,0
0,15,17,246824,37,3985.416549,7970.833215,0
0,17,15,246824,37,7970.833215,3985.416549,0
0,15,18,246824,47,3985.416549,7970.833215,0
0,18,15,246824,47,7970.833215,3985.416549,0
0,19,20,246824,34,7970.833215,5313.888771,0
0,20,19,246824,34,5313.888771,7970.833215,0
0,20,29,246824,33,5313.888771,5313.888771,0
0,29,20,246824,33,5313.888771,5313.888771,0
0,24,27,246824,35,7970.833215,3985.416549,0
0,27,24,246824,35,3985.416549,7970.833215,0
0,25,27,246824,42,7970.833215,3985.416549,0
0,27,25,246824,42,3985.416549,7970.833215,0
1,0,1,246824,14,2274.999882,5308.333215,0
1,1,0,246824,14,5308.333215,2274.999882,0
1,0,3,246824,13,2274.999882,3184.999882,0
1,3,0,246824,13,3184.999882,2274.999882,0
1,0,9,246824,10,2274.999882,3981.249882,0
1,9,0,246824,10,3981.249882,2274.999882,0
1,0,19,246824,28,2274.999882,5308.333215,0
1,19,0,246824,28,5308.333215,2274.999882,0
1,0,23,246824,32,2274.999882,5308.333215,0
1,23,0,246824,32,5308.333215,2274.999882,0
1,0,26,246824,31,2274.999882,7962.499882,0
1,26,0,246824,31,7962.499882,2274.999882,0
1,0,27,246824,32,2274.999882,7962.499882,0
1,27,0,246824,32,7962.499882,2274.999882,0
1,1,2,246824,11,5308.333215,2654.166549,0
1,2,1,246824,11,2654.166549,5308.333215,0
1,1,29,246824,27,5308.333215,7962.499882,0
1,29,1,246824,27,7962.499882,5308.333215,0
1,2,4,246824,10,2654.166549,5308.333215,0
1,4,2,246824,10,5308.333215,2654.166549,0
1,2,5,246824,9,2654.166549,3981.249882,0
1,5,2,246824,9,3981.249882,2654.166549,0
1,2,18,246824,37,2654.166549,7962.499882,0
1,18,2,246824,37,7962.499882,2654.166549,0
1,2,22,246824,33,2654.166549,7962.499882,0
1,22,2,246824,33,7962.499882,2654.166549,0
1,2,29,246824,24,2654.166549,7962.499882,0
1,29,2,246824,24,7962.499882,2654.166549,0
1,3,4,246824,13,3184.999882,5308.333215,0
1,4,3,246824,13,5308.333215,3184.999882,0
1,3,12,246824,12,3184.999882,5308.333215,0
1,12,3,246824,12,5308.333215,3184.999882,0
1,3,21,246824,35,3184.999882,7962.499882,0
1,21,3,246824,35,7962.499882,3184.999882,0
1,3,28,246824,35,3184.999882,5308.333215,0
1,28,3,246824,35,5308.333215,3184.999882,0
1,4,6,246824,12,5308.333215,3184.999882,0
1,6,4,246824,12,3184.999882,5308.333215,0
1,5,7,246824,11,3981.249882,5308.333215,0
1,7,5,246824,11,5308.333215,3981.249882,0
1,5,8,246824,11,3981.249882,5308.333215,0
1,8,5,246824,11,5308.333215,3981.249882,0
1,5,22,246824,35,3981.249882,7962.499882,0
1,22,5,246824,35,7962.499882,3981.249882,0
1,6,8,246824,11,3184.999882,5308.333215,0
1,8,6,246824,11,5308.333215,3184.999882,0
1,6,11,246824,11,3184.999882,5308.333215,0
1,11,6,246824,11,5308.333215,3184.999882,0
1,6,23,246824,31,3184.999882,5308.333215,0
1,23,6,246824,31,5308.333215,3184.999882,0
1,6,27,246824,31,3184.999882,7962.499882,0
1,27,6,246824,31,7962.499882,3184.999882,0
1,7,9,246824,9,5308.333215,3981.249882,0
1,9,7,246824,9,3981.249882,5308.333215,0
1,7,10,246824,11,5308.333215,5308.333215,0
1,10,7,246824,11,5308.333215,5308.333215,0
1,8,26,246824,29,5308.333215,7962.499882,0
1,26,8,246824,29,7962.499882,5308.333215,0
1,9,24,246824,21,3981.249882,7962.499882,0
1,24,9,246824,21,7962.499882,3981.249882,0
1,9,25,246824,28,3981.249882,7962.499882,0
1,25,9,246824,28,7962.499882,3981.249882,0
1,10,11,246824,11,5308.333215,5308.333215,0
1,11,10,246824,11,5308.333215,5308.333215,0
1,10,13,246824,12,5308.333215,5308.333215,0
1,13,10,246824,12,5308.333215,5308.333215,0
1,11,14,246824,11,5308.333215,1769.444327,0
1,14,11,246824,11,1769.444327,5308.333215,0
1,12,14,246824,12,5308.333215,1769.444327,0
1,14,12,246824,12,1769.444327,5308.333215,0
1,12,15,246824,28,5308.333215,7962.499882,0
1,15,12,246824,28,7962.499882,5308.333215,0
1,13,14,246824,12,5308.333215,1769.444327,0
1,14,13,246824,12,1769.444327,5308.333215,0
1,13,16,246824,41,5308.333215,7962.499882,0
1,16,13,246824,41,7962.499882,5308.333215,0
1,14,15,246824,28,1769.444327,7962.499882,0
1,15,14,246824,28,7962.499882,1769.444327,0
1,14,16,246824,41,1769.444327,7962.499882,0
1,16,14,246824,41,7962.499882,1769.444327,0
1,14,17,246824,29,1769.444327,3981.249882,0
1,17,14,246824,29,3981.249882,1769.444327,0
1,14,20,246824,26,1769.444327,5308.333215,0
1,20,14,246824,26,5308.333215,1769.444327,0
1,14,21,246824,34,1769.444327,7962.499882,0
1,21,14,246824,34,7962.499882,1769.444327,0
1,14,28,246824,34,1769.444327,5308.333215,0
1,28,14,246824,34,5308.333215,1769.444327,0
1,17,18,246824,44,3981.249882,7962.499882,0
1,18,17,246824,44,7962.499882,3981.249882,0
1,17,19,246824,37,3981.249882,5308.333215,0
1,19,17,246824,37,5308.333215,3981.249882,0
1,17,20,246824,36,3981.249882,5308.333215,0
1,20,17,246824,36,5308.333215,3981.249882,0
1,19,20,246824,34,5308.333215,5308.333215,0
1,20,19,246824,34,5308.333215,5308.333215,0
1,23,24,246824,35,5308.333215,7962.499882,0
1,24,23,246824,35,7962.499882,5308.333215,0
1,25,28,246824,45,7962.499882,5308.333215,0
1,28,25,246824,45,5308.333215,7962.499882,0
2,0,1,246824,14,3183.333215,2652.777660,0
2,1,0,246824,14,2652.777660,3183.333215,0
2,0,3,246824,13,3183.333215,3979.166549,0
2,3,0,246824,13,3979.166549,3183.333215,0
2,0,19,246824,28,3183.333215,7958.333215,0
2,19,0,246824,28,7958.333215,3183.333215,0
2,0,26,246824,31,3183.333215,7958.333215,0
2,26,0,246824,31,7958.333215,3183.333215,0
2,0,29,246824,27,3183.333215,5305.555438,0
2,29,0,246824,27,5305.555438,3183.333215,0
2,1,3,246824,14,2652.777660,3979.166549,0
2,3,1,246824,14,3979.166549,2652.777660,0
2,1,4,246824,14,2652.777660,5305.555438,0
2,4,1,246824,14,5305.555438,2652.777660,0
2,1,10,246824,13,2652.777660,3979.166549,0
2,10,1,246824,13,3979.166549,2652.777660,0
2,1,28,246824,35,2652.777660,7958.333215,0
2,28,1,246824,35,7958.333215,2652.777660,0
2,1,29,246824,27,2652.777660,5305.555438,0
2,29,1,246824,27,5305.555438,2652.777660,0
2,2,4,246824,10,3183.333215,5305.555438,0
2,4,2,246824,10,5305.555438,3183.333215,0
2,2,5,246824,9,3183.333215,2273.809406,0
2,5,2,246824,9,2273.809406,3183.333215,0
2,2,9,246824,7,3183.333215,3183.333215,0
2,9,2,246824,7,3183.333215,3183.333215,0
2,2,18,246824,37,3183.333215,7958.333215,0
2,18,2,246824,37,7958.333215,3183.333215,0
2,2,22,246824,33,3183.333215,7958.333215,0
2,22,2,246824,33,7958.333215,3183.333215,0
2,3,4,246824,13,3979.166549,5305.555438,0
2,4,3,246824,13,5305.555438,3979.166549,0
2,3,12,246824,12,3979.166549,3979.166549,0
2,12,3,246824,12,3979.166549,3979.166549,0
2,5,6,246824,11,2273.809406,3183.333215,0
2,6,5,246824,11,3183.333215,2273.809406,0
2,5,7,246824,11,2273.809406,3979.166549,0
2,7,5,246824,11,3979.166549,2273.809406,0
2,5,8,246824,11,2273.809406,7958.333215,0
2,8,5,246824,11,7958.333215,2273.809406,0
2,5,9,246824,9,2273.809406,3183.333215,0
2,9,5,246824,9,3183.333215,2273.809406,0
2,5,13,246824,12,2273.809406,3183.333215,0
2,13,5,246824,12,3183.333215,2273.809406,0
2,5,22,246824,35,2273.809406,7958.333215,0
2,22,5,246824,35,7958.333215,2273.809406,0
2,6,8,246824,11,3183.333215,7958.333215,0
2,8,6,246824,11,7958.333215,3183.333215,0
2,6,11,246824,11,3183.333215,5305.555438,0
2,11,6,246824,11,5305.555438,3183.333215,0
2,6,23,246824,31,3183.333215,7958.333215,0
2,23,6,246824,31,7958.333215,3183.333215,0
2,6,27,246824,31,3183.333215,5305.555438,0
2,27,6,246824,31,5305.555438,3183.333215,0
2,7,9,246824,9,3979.166549,3183.333215,0
2,9,7,246824,9,3183.333215,3979.166549,0
2,7,10,246824,11,3979.166549,3979.166549,0
2,10,7,246824,11,3979.166549,3979.166549,0
2,7,15,246824,28,3979.166549,5305.555438,0
2,15,7,246824,28,5305.555438,3979.166549,0
2,9,24,246824,21,3183.333215,3979.166549,0
2,24,9,246824,21,3979.166549,3183.333215,0
2,9,25,246824,28,3183.333215,7958.333215,0
2,25,9,246824,28,7958.333215,3183.333215,0
2,10,11,246824,11,3979.166549,5305.555438,0
2,11,10,246824,11,5305.555438,3979.166549,0
2,10,13,246824,12,3979.166549,3183.333215,0
2,13,10,246824,12,3183.333215,3979.166549,0
2,11,14,246824,11,5305.555438,2273.809406,0
2,14,11,246824,11,2273.809406,5305.555438,0
2,12,13,246824,12,3979.166549,3183.333215,0
2,13,12,246824,12,3183.333215,3979.166549,0
2,12,14,246824,12,3979.166549,2273.809406,0
2,14,12,246824,12,2273.809406,3979.166549,0
2,12,15,246824,28,3979.166549,5305.555438,0
2,15,12,246824,28,5305.555438,3979.166549,0
2,13,16,246824,41,3183.333215,7958.333215,0
2,16,13,246824,41,7958.333215,3183.333215,0
2,13,21,246824,34,3183.333215,7958.333215,0
2,21,13,246824,34,7958.333215,3183.333215,0
2,14,16,246824,41,2273.809406,7958.333215,0
2,16,14,246824,41,7958.333215,2273.809406,0
2,14,17,246824,29,2273.809406,3979.166549,0
2,17,14,246824,29,3979.166549,2273.809406,0
2,14,20,246824,26,2273.809406,7958.333215,0
2,20,14,246824,26,7958.333215,2273.809406,0
2,14,21,246824,34,2273.809406,7958.333215,0
2,21,14,246824,34,7958.333215,2273.809406,0
2,14,28,246824,34,2273.809406,7958.333215,0
2,28,14,246824,34,7958.333215,2273.809406,0
2,15,17,246824,37,5305.555438,3979.166549,0
2,17,15,246824,37,3979.166549,5305.555438,0
2,17,18,246824,44,3979.166549,7958.333215,0
2,18,17,246824,44,7958.333215,3979.166549,0
2,17,19,246824,37,3979.166549,7958.333215,0
2,19,17,246824,37,7958.333215,3979.166549,0
2,20,29,246824,33,7958.333215,5305.555438,0
2,29,20,246824,33,5305.555438,7958.333215,0
2,23,24,246824,35,7958.333215,3979.166549,0
2,24,23,246824,35,3979.166549,7958.333215,0
2,24,26,246824,34,3979.166549,7958.333215,0
2,26,24,246824,34,7958.333215,3979.166549,0
2,24,27,246824,35,3979.166549,5305.555438,0
2,27,24,246824,35,5305.555438,3979.166549,0
2,25,27,246824,42,7958.333215,5305.555438,0
2,27,25,246824,42,5305.555438,7958.333215,0
3,0,3,246824,13,2652.777660,3183.333215,0
3,3,0,246824,13,3183.333215,2652.777660,0
3,0,9,246824,10,2652.777660,3183.333215,0
3,9,0,246824,10,3183.333215,2652.777660,0
3,0,19,246824,28,2652.777660,7958.333215,0
3,19,0,246824,28,7958.333215,2652.777660,0
3,0,23,246824,32,2652.777660,7958.333215,0
3,23,0,246824,32,7958.333215,2652.777660,0
3,0,26,246824,31,2652.777660,5305.555438,0
3,26,0,246824,31,5305.555438,2652.777660,0
3,0,29,246824,27,2652.777660,5305.555438,0
3,29,0,246824,27,5305.555438,2652.777660,0
3,1,2,246824,11,3183.333215,3183.333215,0
3,2,1,246824,11,3183.333215,3183.333215,0
3,1,3,246824,14,3183.333215,3183.333215,0
3,3,1,246824,14,3183.333215,3183.333215,0
3,1,4,246824,14,3183.333215,3183.333215,0
3,4,1,246824,14,3183.333215,3183.333215,0
3,1,28,246824,35,3183.333215,7958.333215,0
3,28,1,246824,35,7958.333215,3183.333215,0
3,1,29,246824,27,3183.333215,5305.555438,0
3,29,1,246824,27,5305.555438,3183.333215,0
3,2,5,246824,9,3183.333215,3183.333215,0
3,5,2,246824,9,3183.333215,3183.333215,0
3,2,9,246824,7,3183.333215,3183.333215,0
3,9,2,246824,7,3183.333215,3183.333215,0
3,2,18,246824,37,3183.333215,7958.333215,0
3,18,2,246824,37,7958.333215,3183.333215,0
3,2,22,246824,33,3183.333215,7958.333215,0
3,22,2,246824,33,7958.333215,3183.333215,0
3,3,4,246824,13,3183.333215,3183.333215,0
3,4,3,246824,13,3183.333215,3183.333215,0
3,3,12,246824,12,3183.333215,5305.555438,0
3,12,3,246824,12,5305.555438,3183.333215,0
3,3,28,246824,35,3183.333215,7958.333215,0
3,28,3,246824,35,7958.333215,3183.333215,0
3,4,6,246824,12,3183.333215,3183.333215,0
3,6,4,246824,12,3183.333215,3183.333215,0
3,4,8,246824,12,3183.333215,3183.333215,0
3,8,4,246824,12,3183.333215,3183.333215,0
3,4,21,246824,35,3183.333215,7958.333215,0
3,21,4,246824,35,7958.333215,3183.333215,0
3,5,6,246824,11,3183.333215,3183.333215,0
3,6,5,246824,11,3183.333215,3183.333215,0
3,5,7,246824,11,3183.333215,3979.166549,0
3,7,5,246824,11,3979.166549,3183.333215,0
3,5,8,246824,11,3183.333215,3183.333215,0
3,8,5,246824,11,3183.333215,3183.333215,0
3,5,22,246824,35,3183.333215,7958.333215,0
3,22,5,246824,35,7958.333215,3183.333215,0
3,6,8,246824,11,3183.333215,3183.333215,0
3,8,6,246824,11,3183.333215,3183.333215,0
3,6,11,246824,11,3183.333215,7958.333215,0
3,11,6,246824,11,7958.333215,3183.333215,0
3,6,27,246824,31,3183.333215,5305.555438,0
3,27,6,246824,31,5305.555438,3183.333215,0
3,7,9,246824,9,3979.166549,3183.333215,0
3,9,7,246824,9,3183.333215,3979.166549,0
3,7,10,246824,11,3979.166549,5305.555438,0
3,10,7,246824,11,5305.555438,3979.166549,0
3,7,15,246824,28,3979.166549,7958.333215,0
3,15,7,246824,28,7958.333215,3979.166549,0
3,8,10,246824,11,3183.333215,5305.555438,0
3,10,8,246824,11,5305.555438,3183.333215,0
3,8,26,246824,29,3183.333215,5305.555438,0
3,26,8,246824,29,5305.555438,3183.333215,0
3,9,24,246824,21,3183.333215,3979.166549,0
3,24,9,246824,21,3979.166549,3183.333215,0
3,9,25,246824,28,3183.333215,7958.333215,0
3,25,9,246824,28,7958.333215,3183.333215,0
3,10,13,246824,12,5305.555438,5305.555438,0
3,13,10,246824,12,5305.555438,5305.555438,0
3,11,14,246824,11,7958.333215,2273.809406,0
3,14,11,246824,11,2273.809406,7958.333215,0
3,12,13,246824,12,5305.555438,5305.555438,0
3,13,12,246824,12,5305.555438,5305.555438,0
3,12,14,246824,12,5305.555438,2273.809406,0
3,14,12,246824,12,2273.809406,5305.555438,0
3,13,16,246824,41,5305.555438,7958.333215,0
3,16,13,246824,41,7958.333215,5305.555438,0
3,14,15,246824,28,2273.809406,7958.333215,0
3,15,14,246824,28,7958.333215,2273.809406,0
3,14,16,246824,41,2273.809406,7958.333215,0
3,16,14,246824,41,7958.333215,2273.809406,0
3,14,17,246824,29,2273.809406,3979.166549,0
3,17,14,246824,29,3979.166549,2273.809406,0
3,14,20,246824,26,2273.809406,5305.555438,0
3,20,14,246824,26,5305.555438,2273.809406,0
3,14,21,246824,34,2273.809406,7958.333215,0
3,21,14,246824,34,7958.333215,2273.809406,0
3,17,18,246824,44,3979.166549,7958.333215,0
3,18,17,246824,44,7958.333215,3979.166549,0
3,17,19,246824,37,3979.166549,7958.333215,0
3,19,17,246824,37,7958.333215,3979.166549,0
3,17,20,246824,36,3979.166549,5305.555438,0
3,20,17,246824,36,5305.555438,3979.166549,0
3,20,29,246824,33,5305.555438,5305.555438,0
3,29,20,246824,33,5305.555438,5305.555438,0
3,23,24,246824,35,7958.333215,3979.166549,0
3,24,23,246824,35,3979.166549,7958.333215,0
3,24,26,246824,34,3979.166549,5305.555438,0
3,26,24,246824,34,5305.555438,3979.166549,0
3,24,27,246824,35,3979.166549,5305.555438,0
3,27,24,246824,35,5305.555438,3979.166549,0
3,25,27,246824,42,7958.333215,5305.555438,0
3,27,25,246824,42,5305.555438,7958.333215,0
4,0,1,246824,14,2273.809406,3979.166549,0
4,1,0,246824,14,3979.166549,2273.809406,0
4,0,3,246824,13,2273.809406,3979.166549,0
4,3,0,246824,13,3979.166549,2273.809406,0
4,0,9,246824,10,2273.809406,3979.166549,0
4,9,0,246824,10,3979.166549,2273.809406,0
4,0,19,246824,28,2273.809406,7958.333215,0
4,19,0,246824,28,7958.333215,2273.809406,0
4,0,23,246824,32,2273.809406,7958.333215,0
4,23,0,246824,32,7958.333215,2273.809406,0
4,0,26,246824,31,2273.809406,5305.555438,0
4,26,0,246824,31,5305.555438,2273.809406,0
4,0,27,246824,32,2273.809406,5305.555438,0
4,27,0,246824,32,5305.555438,2273.809406,0
4,1,10,246824,13,3979.166549,3183.333215,0
4,10,1,246824,13,3183.333215,3979.166549,0
4,1,28,246824,35,3979.166549,5305.555438,0
4,28,1,246824,35,5305.555438,3979.166549,0
4,1,29,246824,27,3979.166549,7958.333215,0
4,29,1,246824,27,7958.333215,3979.166549,0
4,2,4,246824,10,3183.333215,3979.166549,0
4,4,2,246824,10,3979.166549,3183.333215,0
4,2,5,246824,9,3183.333215,3979.166549,0
4,5,2,246824,9,3979.166549,3183.333215,0
4,2,18,246824,37,3183.333215,7958.333215,0
4,18,2,246824,37,7958.333215,3183.333215,0
4,2,22,246824,33,3183.333215,7958.333215,0
4,22,2,246824,33,7958.333215,3183.333215,0
4,2,29,246824,24,3183.333215,7958.333215,0
4,29,2,246824,24,7958.333215,3183.333215,0
4,3,4,246824,13,3979.166549,3979.166549,0
4,4,3,246824,13,3979.166549,3979.166549,0
4,3,12,246824,12,3979.166549,5305.555438,0
4,12,3,246824,12,5305.555438,3979.166549,0
4,3,21,246824,35,3979.166549,7958.333215,0
4,21,3,246824,35,7958.333215,3979.166549,0
4,4,8,246824,12,3979.166549,5305.555438,0
4,8,4,246824,12,5305.555438,3979.166549,0
4,4,21,246824,35,3979.166549,7958.333215,0
4,21,4,246824,35,7958.333215,3979.166549,0
4,5,6,246824,11,3979.166549,3979.166549,0
4,6,5,246824,11,3979.166549,3979.166549,0
4,5,7,246824,11,3979.166549,3979.166549,0
4,7,5,246824,11,3979.166549,3979.166549,0
4,5,22,246824,35,3979.166549,7958.333215,0
4,22,5,246824,35,7958.333215,3979.166549,0
4,6,11,246824,11,3979.166549,3979.166549,0
4,11,6,246824,11,3979.166549,3979.166549,0
4,6,23,246824,31,3979.166549,7958.333215,0
4,23,6,246824,31,7958.333215,3979.166549,0
4,6,27,246824,31,3979.166549,5305.555438,0
4,27,6,246824,31,5305.555438,3979.166549,0
4,7,9,246824,9,3979.166549,3979.166549,0
4,9,7,246824,9,3979.166549,3979.166549,0
4,7,10,246824,11,3979.166549,3183.333215,0
4,10,7,246824,11,3183.333215,3979.166549,0
4,7,15,246824,28,3979.166549,5305.555438,0
4,15,7,246824,28,5305.555438,3979.166549,0
4,8,10,246824,11,5305.555438,3183.333215,0
4,10,8,246824,11,3183.333215,5305.555438,0
4,8,26,246824,29,5305.555438,5305.555438,0
4,26,8,246824,29,5305.555438,5305.555438,0
4,9,24,246824,21,3979.166549,7958.333215,0
4,24,9,246824,21,7958.333215,3979.166549,0
4,9,25,246824,28,3979.166549,7958.333215,0
4,25,9,246824,28,7958.333215,3979.166549,0
4,10,11,246824,11,3183.333215,3979.166549,0
4,11,10,246824,11,3979.166549,3183.333215,0
4,10,13,246824,12,3183.333215,3183.333215,0
4,13,10,246824,12,3183.333215,3183.333215,0
4,11,13,246824,11,3979.166549,3183.333215,0
4,13,11,246824,11,3183.333215,3979.166549,0
4,11,14,246824,11,3979.166549,3183.333215,0
4,14,11,246824,11,3183.333215,3979.166549,0
4,12,13,246824,12,5305.555438,3183.333215,0
4,13,12,246824,12,3183.333215,5305.555438,0
4,12,15,246824,28,5305.555438,5305.555438,0
4,15,12,246824,28,5305.555438,5305.555438,0
4,13,14,246824,12,3183.333215,3183.333215,0
4,14,13,246824,12,3183.333215,3183.333215,0
4,13,16,246824,41,3183.333215,7958.333215,0
4,16,13,246824,41,7958.333215,3183.333215,0
4,14,17,246824,29,3183.333215,3183.333215,0
4,17,14,246824,29,3183.333215,3183.333215,0
4,14,20,246824,26,3183.333215,7958.333215,0
4,20,14,246824,26,7958.333215,3183.333215,0
4,14,28,246824,34,3183.333215,5305.555438,0
4,28,14,246824,34,5305.555438,3183.333215,0
4,15,17,246824,37,5305.555438,3183.333215,0
4,17,15,246824,37,3183.333215,5305.555438,0
4,16,28,246824,42,7958.333215,5305.555438,0
4,28,16,246824,42,5305.555438,7958.333215,0
4,17,18,246824,44,3183.333215,7958.333215,0
4,18,17,246824,44,7958.333215,3183.333215,0
4,17,19,246824,37,3183.333215,7958.333215,0
4,19,17,246824,37,7958.333215,3183.333215,0
4,17,20,246824,36,3183.333215,7958.333215,0
4,20,17,246824,36,7958.333215,3183.333215,0
4,24,26,246824,34,7958.333215,5305.555438,0
4,26,24,246824,34,5305.555438,7958.333215,0
4,25,27,246824,42,7958.333215,5305.555438,0
4,27,25,246824,42,5305.555438,7958.333215,0
5,0,3,246824,13,2273.809406,3979.166549,0
5,3,0,246824,13,3979.166549,2273.809406,0
5,0,9,246824,10,2273.809406,2652.777660,0
5,9,0,246824,10,2652.777660,2273.809406,0
5,0,19,246824,28,2273.809406,7958.333215,0
5,19,0,246824,28,7958.333215,2273.809406,0
5,0,23,246824,32,2273.809406,5305.555438,0
5,23,0,246824,32,5305.555438,2273.809406,0
5,0,26,246824,31,2273.809406,7958.333215,0
5,26,0,246824,31,7958.333215,2273.809406,0
5,0,27,246824,32,2273.809406,5305.555438,0
5,27,0,246824,32,5305.555438,2273.809406,0
5,0,29,246824,27,2273.809406,5305.555438,0
5,29,0,246824,27,5305.555438,2273.809406,0
5,1,2,246824,11,3979.166549,3183.333215,0
5,2,1,246824,11,3183.333215,3979.166549,0
5,1,10,246824,13,3979.166549,3979.166549,0
5,10,1,246824,13,3979.166549,3979.166549,0
5,1,28,246824,35,3979.166549,7958.333215,0
5,28,1,246824,35,7958.333215,3979.166549,0
5,1,29,246824,27,3979.166549,5305.555438,0
5,29,1,246824,27,5305.555438,3979.166549,0
5,2,4,246824,10,3183.333215,3183.333215,0
5,4,2,246824,10,3183.333215,3183.333215,0
5,2,9,246824,7,3183.333215,2652.777660,0
5,9,2,246824,7,2652.777660,3183.333215,0
5,2,18,246824,37,3183.333215,7958.333215,0
5,18,2,246824,37,7958.333215,3183.333215,0
5,2,22,246824,33,3183.333215,7958.333215,0
5,22,2,246824,33,7958.333215,3183.333215,0
5,3,4,246824,13,3979.166549,3183.333215,0
5,4,3,246824,13,3183.333215,3979.166549,0
5,3,12,246824,12,3979.166549,7958.333215,0
5,12,3,246824,12,7958.333215,3979.166549,0
5,3,28,246824,35,3979.166549,7958.333215,0
5,28,3,246824,35,7958.333215,3979.166549,0
5,4,6,246824,12,3183.333215,2273.809406,0
5,6,4,246824,12,2273.809406,3183.333215,0
5,4,8,246824,12,3183.333215,3979.166549,0
5,8,4,246824,12,3979.166549,3183.333215,0
5,4,22,246824,36,3183.333215,7958.333215,0
5,22,4,246824,36,7958.333215,3183.333215,0
5,5,6,246824,11,5305.555438,2273.809406,0
5,6,5,246824,11,2273.809406,5305.555438,0
5,5,7,246824,11,5305.555438,3979.166549,0
5,7,5,246824,11,3979.166549,5305.555438,0
5,5,8,246824,11,5305.555438,3979.166549,0
5,8,5,246824,11,3979.166549,5305.555438,0
5,6,8,246824,11,2273.809406,3979.166549,0
5,8,6,246824,11,3979.166549,2273.809406,0
5,6,9,246824,9,2273.809406,2652.777660,0
5,9,6,246824,9,2652.777660,2273.809406,0
5,6,11,246824,11,2273.809406,5305.555438,0
5,11,6,246824,11,5305.555438,2273.809406,0
5,6,23,246824,31,2273.809406,5305.555438,0
5,23,6,246824,31,5305.555438,2273.809406,0
5,6,27,246824,31,2273.809406,5305.555438,0
5,27,6,246824,31,5305.555438,2273.809406,0
5,7,9,246824,9,3979.166549,2652.777660,0
5,9,7,246824,9,2652.777660,3979.166549,0
5,7,10,246824,11,3979.166549,3979.166549,0
5,10,7,246824,11,3979.166549,3979.166549,0
5,7,15,246824,28,3979.166549,7958.333215,0
5,15,7,246824,28,7958.333215,3979.166549,0
5,8,26,246824,29,3979.166549,7958.333215,0
5,26,8,246824,29,7958.333215,3979.166549,0
5,9,24,246824,21,2652.777660,7958.333215,0
5,24,9,246824,21,7958.333215,2652.777660,0
5,9,25,246824,28,2652.777660,7958.333215,0
5,25,9,246824,28,7958.333215,2652.777660,0
5,10,11,246824,11,3979.166549,5305.555438,0
5,11,10,246824,11,5305.555438,3979.166549,0
5,10,13,246824,12,3979.166549,3979.166549,0
5,13,10,246824,12,3979.166549,3979.166549,0
5,11,14,246824,11,5305.555438,1989.583215,0
5,14,11,246824,11,1989.583215,5305.555438,0
5,12,14,246824,12,7958.333215,1989.583215,0
5,14,12,246824,12,1989.583215,7958.333215,0
5,13,14,246824,12,3979.166549,1989.583215,0
5,14,13,246824,12,1989.583215,3979.166549,0
5,13,16,246824,41,3979.166549,7958.333215,0
5,16,13,246824,41,7958.333215,3979.166549,0
5,13,21,246824,34,3979.166549,7958.333215,0
5,21,13,246824,34,7958.333215,3979.166549,0
5,14,15,246824,28,1989.583215,7958.333215,0
5,15,14,246824,28,7958.333215,1989.583215,0
5,14,16,246824,41,1989.583215,7958.333215,0
5,16,14,246824,41,7958.333215,1989.583215,0
5,14,17,246824,29,1989.583215,3979.166549,0
5,17,14,246824,29,3979.166549,1989.583215,0
5,14,20,246824,26,1989.583215,5305.555438,0
5,20,14,246824,26,5305.555438,1989.583215,0
5,14,21,246824,34,1989.583215,7958.333215,0
5,21,14,246824,34,7958.333215,1989.583215,0
5,17,18,246824,44,3979.166549,7958.333215,0
5,18,17,246824,44,7958.333215,3979.166549,0
5,17,19,246824,37,3979.166549,7958.333215,0
5,19,17,246824,37,7958.333215,3979.166549,0
5,17,20,246824,36,3979.166549,5305.555438,0
5,20,17,246824,36,5305.555438,3979.166549,0
5,20,29,246824,33,5305.555438,5305.555438,0
5,29,20,246824,33,5305.555438,5305.555438,0
5,23,24,246824,35,5305.555438,7958.333215,0
5,24,23,246824,35,7958.333215,5305.555438,0
5,25,27,246824,42,7958.333215,5305.555438,0
5,27,25,246824,42,5305.555438,7958.333215,0
6,0,1,246824,14,3188.333215,3188.333215,0
6,1,0,246824,14,3188.333215,3188.333215,0
6,0,3,246824,13,3188.333215,3188.333215,0
6,3,0,246824,13,3188.333215,3188.333215,0
6,0,19,246824,28,3188.333215,7970.833215,0
6,19,0,246824,28,7970.833215,3188.333215,0
6,0,23,246824,32,3188.333215,7970.833215,0
6,23,0,246824,32,7970.833215,3188.333215,0
6,0,29,246824,27,3188.333215,7970.833215,0
6,29,0,246824,27,7970.833215,3188.333215,0
6,1,2,246824,11,3188.333215,3188.333215,0
6,2,1,246824,11,3188.333215,3188.333215,0
6,1,3,246824,14,3188.333215,3188.333215,0
6,3,1,246824,14,3188.333215,3188.333215,0
6,1,4,246824,14,3188.333215,2277.380834,0
6,4,1,246824,14,2277.380834,3188.333215,0
6,1,28,246824,35,3188.333215,3985.416549,0
6,28,1,246824,35,3985.416549,3188.333215,0
6,2,4,246824,10,3188.333215,2277.380834,0
6,4,2,246824,10,2277.380834,3188.333215,0
6,2,5,246824,9,3188.333215,2656.944326,0
6,5,2,246824,9,2656.944326,3188.333215,0
6,2,18,246824,37,3188.333215,7970.833215,0
6,18,2,246824,37,7970.833215,3188.333215,0
6,2,29,246824,24,3188.333215,7970.833215,0
6,29,2,246824,24,7970.833215,3188.333215,0
6,3,4,246824,13,3188.333215,2277.380834,0
6,4,3,246824,13,2277.380834,3188.333215,0
6,3,12,246824,12,3188.333215,5313.888771,0
6,12,3,246824,12,5313.888771,3188.333215,0
6,3,21,246824,35,3188.333215,7970.833215,0
6,21,3,246824,35,7970.833215,3188.333215,0
6,4,6,246824,12,2277.380834,5313.888771,0
6,6,4,246824,12,5313.888771,2277.380834,0
6,4,8,246824,12,2277.380834,5313.888771,0
6,8,4,246824,12,5313.888771,2277.380834,0
6,4,21,246824,35,2277.380834,7970.833215,0
6,21,4,246824,35,7970.833215,2277.380834,0
6,4,22,246824,36,2277.380834,7970.833215,0
6,22,4,246824,36,7970.833215,2277.380834,0
6,5,6,246824,11,2656.944326,5313.888771,0
6,6,5,246824,11,5313.888771,2656.944326,0
6,5,8,246824,11,2656.944326,5313.888771,0
6,8,5,246824,11,5313.888771,2656.944326,0
6,5,9,246824,9,2656.944326,3985.416549,0
6,9,5,246824,9,3985.416549,2656.944326,0
6,5,13,246824,12,2656.944326,3188.333215,0
6,13,5,246824,12,3188.333215,2656.944326,0
6,5,22,246824,35,2656.944326,7970.833215,0
6,22,5,246824,35,7970.833215,2656.944326,0
6,6,27,246824,31,5313.888771,7970.833215,0
6,27,6,246824,31,7970.833215,5313.888771,0
6,7,9,246824,9,5313.888771,3985.416549,0
6,9,7,246824,9,3985.416549,5313.888771,0
6,7,10,246824,11,5313.888771,7970.833215,0
6,10,7,246824,11,7970.833215,5313.888771,0
6,7,15,246824,28,5313.888771,3985.416549,0
6,15,7,246824,28,3985.416549,5313.888771,0
6,8,26,246824,29,5313.888771,7970.833215,0
6,26,8,246824,29,7970.833215,5313.888771,0
6,9,24,246824,21,3985.416549,3985.416549,0
6,24,9,246824,21,3985.416549,3985.416549,0
6,9,25,246824,28,3985.416549,7970.833215,0
6,25,9,246824,28,7970.833215,3985.416549,0
6,10,11,246824,11,7970.833215,5313.888771,0
6,11,10,246824,11,5313.888771,7970.833215,0
6,11,13,246824,11,5313.888771,3188.333215,0
6,13,11,246824,11,3188.333215,5313.888771,0
6,11,14,246824,11,5313.888771,3188.333215,0
6,14,11,246824,11,3188.333215,5313.888771,0
6,12,13,246824,12,5313.888771,3188.333215,0
6,13,12,246824,12,3188.333215,5313.888771,0
6,12,15,246824,28,5313.888771,3985.416549,0
6,15,12,246824,28,3985.416549,5313.888771,0
6,13,14,246824,12,3188.333215,3188.333215,0
6,14,13,246824,12,3188.333215,3188.333215,0
6,13,16,246824,41,3188.333215,7970.833215,0
6,16,13,246824,41,7970.833215,3188.333215,0
6,14,17,246824,29,3188.333215,7970.833215,0
6,17,14,246824,29,7970.833215,3188.333215,0
6,14,20,246824,26,3188.333215,7970.833215,0
6,20,14,246824,26,7970.833215,3188.333215,0
6,14,28,246824,34,3188.333215,3985.416549,0
6,28,14,246824,34,3985.416549,3188.333215,0
6,15,17,246824,37,3985.416549,7970.833215,0
6,17,15,246824,37,7970.833215,3985.416549,0
6,15,18,246824,47,3985.416549,7970.833215,0
6,18,15,246824,47,7970.833215,3985.416549,0
6,16,28,246824,42,7970.833215,3985.416549,0
6,28,16,246824,42,3985.416549,7970.833215,0
6,19,20,246824,34,7970.833215,7970.833215,0
6,20,19,246824,34,7970.833215,7970.833215,0
6,23,24,246824,35,7970.833215,3985.416549,0
6,24,23,246824,35,3985.416549,7970.833215,0
6,24,26,246824,34,3985.416549,7970.833215,0
6,26,24,246824,34,7970.833215,3985.416549,0
6,24,27,246824,35,3985.416549,7970.833215,0
6,27,24,246824,35,7970.833215,3985.416549,0
6,25,28,246824,45,7970.833215,3985.416549,0
6,28,25,246824,45,3985.416549,7970.833215,0
7,0,3,246824,13,3183.333215,3183.333215,0
7,3,0,246824,13,3183.333215,3183.333215,0
7,0,9,246824,10,3183.333215,2652.777660,0
7,9,0,246824,10,2652.777660,3183.333215,0
7,0,19,246824,28,3183.333215,7958.333215,0
7,19,0,246824,28,7958.333215,3183.333215,0
7,0,23,246824,32,3183.333215,5305.555438,0
7,23,0,246824,32,5305.555438,3183.333215,0
7,0,26,246824,31,3183.333215,7958.333215,0
7,26,0,246824,31,7958.333215,3183.333215,0
7,1,2,246824,11,5305.555438,2652.777660,0
7,2,1,246824,11,2652.777660,5305.555438,0
7,1,4,246824,14,5305.555438,2652.777660,0
7,4,1,246824,14,2652.777660,5305.555438,0
7,1,29,246824,27,5305.555438,5305.555438,0
7,29,1,246824,27,5305.555438,5305.555438,0
7,2,4,246824,10,2652.777660,2652.777660,0
7,4,2,246824,10,2652.777660,2652.777660,0
7,2,5,246824,9,2652.777660,3183.333215,0
7,5,2,246824,9,3183.333215,2652.777660,0
7,2,9,246824,7,2652.777660,2652.777660,0
7,9,2,246824,7,2652.777660,2652.777660,0
7,2,18,246824,37,2652.777660,7958.333215,0
7,18,2,246824,37,7958.333215,2652.777660,0
7,2,29,246824,24,2652.777660,5305.555438,0
7,29,2,246824,24,5305.555438,2652.777660,0
7,3,4,246824,13,3183.333215,2652.777660,0
7,4,3,246824,13,2652.777660,3183.333215,0
7,3,12,246824,12,3183.333215,5305.555438,0
7,12,3,246824,12,5305.555438,3183.333215,0
7,3,21,246824,35,3183.333215,7958.333215,0
7,21,3,246824,35,7958.333215,3183.333215,0
7,3,28,246824,35,3183.333215,5305.555438,0
7,28,3,246824,35,5305.555438,3183.333215,0
7,4,8,246824,12,2652.777660,3183.333215,0
7,8,4,246824,12,3183.333215,2652.777660,0
7,4,21,246824,35,2652.777660,7958.333215,0
7,21,4,246824,35,7958.333215,2652.777660,0
7,4,22,246824,36,2652.777660,7958.333215,0
7,22,4,246824,36,7958.333215,2652.777660,0
7,5,7,246824,11,3183.333215,3979.166549,0
7,7,5,246824,11,3979.166549,3183.333215,0
7,5,8,246824,11,3183.333215,3183.333215,0
7,8,5,246824,11,3183.333215,3183.333215,0
7,5,13,246824,12,3183.333215,7958.333215,0
7,13,5,246824,12,7958.333215,3183.333215,0
7,5,22,246824,35,3183.333215,7958.333215,0
7,22,5,246824,35,7958.333215,3183.333215,0
7,6,8,246824,11,3183.333215,3183.333215,0
7,8,6,246824,11,3183.333215,3183.333215,0
7,6,9,246824,9,3183.333215,2652.777660,0
7,9,6,246824,9,2652.777660,3183.333215,0
7,6,11,246824,11,3183.333215,7958.333215,0
7,11,6,246824,11,7958.333215,3183.333215,0
7,6,23,246824,31,3183.333215,5305.555438,0
7,23,6,246824,31,5305.555438,3183.333215,0
7,6,27,246824,31,3183.333215,5305.555438,0
7,27,6,246824,31,5305.555438,3183.333215,0
7,7,9,246824,9,3979.166549,2652.777660,0
7,9,7,246824,9,2652.777660,3979.166549,0
7,7,10,246824,11,3979.166549,7958.333215,0
7,10,7,246824,11,7958.333215,3979.166549,0
7,7,15,246824,28,3979.166549,7958.333215,0
7,15,7,246824,28,7958.333215,3979.166549,0
7,8,10,246824,11,3183.333215,7958.333215,0
7,10,8,246824,11,7958.333215,3183.333215,0
7,8,26,246824,29,3183.333215,7958.333215,0
7,26,8,246824,29,7958.333215,3183.333215,0
7,9,24,246824,21,2652.777660,5305.555438,0
7,24,9,246824,21,5305.555438,2652.777660,0
7,9,25,246824,28,2652.777660,7958.333215,0
7,25,9,246824,28,7958.333215,2652.777660,0
7,11,14,246824,11,7958.333215,2273.809406,0
7,14,11,246824,11,2273.809406,7958.333215,0
7,12,13,246824,12,5305.555438,7958.333215,0
7,13,12,246824,12,7958.333215,5305.555438,0
7,12,14,246824,12,5305.555438,2273.809406,0
7,14,12,246824,12,2273.809406,5305.555438,0
7,14,15,246824,28,2273.809406,7958.333215,0
7,15,14,246824,28,7958.333215,2273.809406,0
7,14,16,246824,41,2273.809406,7958.333215,0
7,16,14,246824,41,7958.333215,2273.809406,0
7,14,17,246824,29,2273.809406,5305.555438,0
7,17,14,246824,29,5305.555438,2273.809406,0
7,14,20,246824,26,2273.809406,3979.166549,0
7,20,14,246824,26,3979.166549,2273.809406,0
7,14,28,246824,34,2273.809406,5305.555438,0
7,28,14,246824,34,5305.555438,2273.809406,0
7,16,28,246824,42,7958.333215,5305.555438,0
7,28,16,246824,42,5305.555438,7958.333215,0
7,17,18,246824,44,5305.555438,7958.333215,0
7,18,17,246824,44,7958.333215,5305.555438,0
7,17,20,246824,36,5305.555438,3979.166549,0
7,20,17,246824,36,3979.166549,5305.555438,0
7,19,20,246824,34,7958.333215,3979.166549,0
7,20,19,246824,34,3979.166549,7958.333215,0
7,20,29,246824,33,3979.166549,5305.555438,0
7,29,20,246824,33,5305.555438,3979.166549,0
7,23,24,246824,35,5305.555438,5305.555438,0
7,24,23,246824,35,5305.555438,5305.555438,0
7,24,27,246824,35,5305.555438,5305.555438,0
7,27,24,246824,35,5305.555438,5305.555438,0
7,25,27,246824,42,7958.333215,5305.555438,0
7,27,25,246824,42,5305.555438,7958.333215,0
8,0,1,246824,14,3188.333215,3985.416549,0
8,1,0,246824,14,3985.416549,3188.333215,0
8,0,3,246824,13,3188.333215,3985.416549,0
8,3,0,246824,13,3985.416549,3188.333215,0
8,0,19,246824,28,3188.333215,7970.833215,0
8,19,0,246824,28,7970.833215,3188.333215,0
8,0,27,246824,32,3188.333215,5313.888771,0
8,27,0,246824,32,5313.888771,3188.333215,0
8,0,29,246824,27,3188.333215,5313.888771,0
8,29,0,246824,27,5313.888771,3188.333215,0
8,1,4,246824,14,3985.416549,2656.944326,0
8,4,1,246824,14,2656.944326,3985.416549,0
8,1,10,246824,13,3985.416549,3985.416549,0
8,10,1,246824,13,3985.416549,3985.416549,0
8,1,28,246824,35,3985.416549,3985.416549,0
8,28,1,246824,35,3985.416549,3985.416549,0
8,2,4,246824,10,2656.944326,2656.944326,0
8,4,2,246824,10,2656.944326,2656.944326,0
8,2,5,246824,9,2656.944326,3188.333215,0
8,5,2,246824,9,3188.333215,2656.944326,0
8,2,9,246824,7,2656.944326,2656.944326,0
8,9,2,246824,7,2656.944326,2656.944326,0
8,2,18,246824,37,2656.944326,7970.833215,0
8,18,2,246824,37,7970.833215,2656.944326,0
8,2,22,246824,33,2656.944326,7970.833215,0
8,22,2,246824,33,7970.833215,2656.944326,0
8,2,29,246824,24,2656.944326,5313.888771,0
8,29,2,246824,24,5313.888771,2656.944326,0
8,3,4,246824,13,3985.416549,2656.944326,0
8,4,3,246824,13,2656.944326,3985.416549,0
8,3,12,246824,12,3985.416549,5313.888771,0
8,12,3,246824,12,5313.888771,3985.416549,0
8,3,28,246824,35,3985.416549,3985.416549,0
8,28,3,246824,35,3985.416549,3985.416549,0
8,4,6,246824,12,2656.944326,2656.944326,0
8,6,4,246824,12,2656.944326,2656.944326,0
8,4,8,246824,12,2656.944326,3188.333215,0
8,8,4,246824,12,3188.333215,2656.944326,0
8,4,21,246824,35,2656.944326,7970.833215,0
8,21,4,246824,35,7970.833215,2656.944326,0
8,5,7,246824,11,3188.333215,5313.888771,0
8,7,5,246824,11,5313.888771,3188.333215,0
8,5,8,246824,11,3188.333215,3188.333215,0
8,8,5,246824,11,3188.333215,3188.333215,0
8,5,9,246824,9,3188.333215,2656.944326,0
8,9,5,246824,9,2656.944326,3188.333215,0
8,5,22,246824,35,3188.333215,7970.833215,0
8,22,5,246824,35,7970.833215,3188.333215,0
8,6,8,246824,11,2656.944326,3188.333215,0
8,8,6,246824,11,3188.333215,2656.944326,0
8,6,9,246824,9,2656.944326,2656.944326,0
8,9,6,246824,9,2656.944326,2656.944326,0
8,6,11,246824,11,2656.944326,3985.416549,0
8,11,6,246824,11,3985.416549,2656.944326,0
8,6,23,246824,31,2656.944326,7970.833215,0
8,23,6,246824,31,7970.833215,2656.944326,0
8,6,27,246824,31,2656.944326,5313.888771,0
8,27,6,246824,31,5313.888771,2656.944326,0
8,7,9,246824,9,5313.888771,2656.944326,0
8,9,7,246824,9,2656.944326,5313.888771,0
8,7,15,246824,28,5313.888771,3985.416549,0
8,15,7,246824,28,3985.416549,5313.888771,0
8,8,10,246824,11,3188.333215,3985.416549,0
8,10,8,246824,11,3985.416549,3188.333215,0
8,8,26,246824,29,3188.333215,7970.833215,0
8,26,8,246824,29,7970.833215,3188.333215,0
8,9,24,246824,21,2656.944326,3985.416549,0
8,24,9,246824,21,3985.416549,2656.944326,0
8,9,25,246824,28,2656.944326,7970.833215,0
8,25,9,246824,28,7970.833215,2656.944326,0
8,10,11,246824,11,3985.416549,3985.416549,0
8,11,10,246824,11,3985.416549,3985.416549,0
8,10,13,246824,12,3985.416549,3985.416549,0
8,13,10,246824,12,3985.416549,3985.416549,0
8,11,13,246824,11,3985.416549,3985.416549,0
8,13,11,246824,11,3985.416549,3985.416549,0
8,11,14,246824,11,3985.416549,2656.944326,0
8,14,11,246824,11,2656.944326,3985.416549,0
8,12,14,246824,12,5313.888771,2656.944326,0
8,14,12,246824,12,2656.944326,5313.888771,0
8,12,15,246824,28,5313.888771,3985.416549,0
8,15,12,246824,28,3985.416549,5313.888771,0
8,13,14,246824,12,3985.416549,2656.944326,0
8,14,13,246824,12,2656.944326,3985.416549,0
8,13,16,246824,41,3985.416549,7970.833215,0
8,16,13,246824,41,7970.833215,3985.416549,0
8,14,17,246824,29,2656.944326,5313.888771,0
8,17,14,246824,29,5313.888771,2656.944326,0
8,14,20,246824,26,2656.944326,7970.833215,0
8,20,14,246824,26,7970.833215,2656.944326,0
8,14,21,246824,34,2656.944326,7970.833215,0
8,21,14,246824,34,7970.833215,2656.944326,0
8,15,17,246824,37,3985.416549,5313.888771,0
8,17,15,246824,37,5313.888771,3985.416549,0
8,15,18,246824,47,3985.416549,7970.833215,0
8,18,15,246824,47,7970.833215,3985.416549,0
8,16,28,246824,42,7970.833215,3985.416549,0
8,28,16,246824,42,3985.416549,7970.833215,0
8,17,19,246824,37,5313.888771,7970.833215,0
8,19,17,246824,37,7970.833215,5313.888771,0
8,20,29,246824,33,7970.833215,5313.888771,0
8,29,20,246824,33,5313.888771,7970.833215,0
8,23,24,246824,35,7970.833215,3985.416549,0
8,24,23,246824,35,3985.416549,7970.833215,0
8,24,26,246824,34,3985.416549,7970.833215,0
8,26,24,246824,34,7970.833215,3985.416549,0
8,24,27,246824,35,3985.416549,5313.888771,0
8,27,24,246824,35,5313.888771,3985.416549,0
8,25,28,246824,45,7970.833215,3985.416549,0
8,28,25,246824,45,3985.416549,7970.833215,0
9,0,1,246824,14,1989.583215,3979.166549,0
9,1,0,246824,14,3979.166549,1989.583215,0
9,0,3,246824,13,1989.583215,2652.777660,0
9,3,0,246824,13,2652.777660,1989.583215,0
9,0,9,246824,10,1989.583215,3183.333215,0
9,9,0,246824,10,3183.333215,1989.583215,0
9,0,19,246824,28,1989.583215,7958.333215,0
9,19,0,246824,28,7958.333215,1989.583215,0
9,0,23,246824,32,1989.583215,7958.333215,0
9,23,0,246824,32,7958.333215,1989.583215,0
9,0,26,246824,31,1989.583215,5305.555438,0
9,26,0,246824,31,5305.555438,1989.583215,0
9,0,27,246824,32,1989.583215,5305.555438,0
9,27,0,246824,32,5305.555438,1989.583215,0
9,0,29,246824,27,1989.583215,7958.333215,0
9,29,0,246824,27,7958.333215,1989.583215,0
9,1,2,246824,11,3979.166549,3979.166549,0
9,2,1,246824,11,3979.166549,3979.166549,0
9,1,3,246824,14,3979.166549,2652.777660,0
9,3,1,246824,14,2652.777660,3979.166549,0
9,1,29,246824,27,3979.166549,7958.333215,0
9,29,1,246824,27,7958.333215,3979.166549,0
9,2,4,246824,10,3979.166549,5305.555438,0
9,4,2,246824,10,5305.555438,3979.166549,0
9,2,5,246824,9,3979.166549,3183.333215,0
9,5,2,246824,9,3183.333215,3979.166549,0
9,2,18,246824,37,3979.166549,7958.333215,0
9,18,2,246824,37,7958.333215,3979.166549,0
9,3,4,246824,13,2652.777660,5305.555438,0
9,4,3,246824,13,5305.555438,2652.777660,0
9,3,12,246824,12,2652.777660,5305.555438,0
9,12,3,246824,12,5305.555438,2652.777660,0
9,3,21,246824,35,2652.777660,7958.333215,0
9,21,3,246824,35,7958.333215,2652.777660,0
9,3,28,246824,35,2652.777660,7958.333215,0
9,28,3,246824,35,7958.333215,2652.777660,0
9,4,22,246824,36,5305.555438,7958.333215,0
9,22,4,246824,36,7958.333215,5305.555438,0
9,5,6,246824,11,3183.333215,2652.777660,0
9,6,5,246824,11,2652.777660,3183.333215,0
9,5,7,246824,11,3183.333215,3979.166549,0
9,7,5,246824,11,3979.166549,3183.333215,0
9,5,13,246824,12,3183.333215,3183.333215,0
9,13,5,246824,12,3183.333215,3183.333215,0
9,5,22,246824,35,3183.333215,7958.333215,0
9,22,5,246824,35,7958.333215,3183.333215,0
9,6,8,246824,11,2652.777660,5305.555438,0
9,8,6,246824,11,5305.555438,2652.777660,0
9,6,9,246824,9,2652.777660,3183.333215,0
9,9,6,246824,9,3183.333215,2652.777660,0
9,6,11,246824,11,2652.777660,5305.555438,0
9,11,6,246824,11,5305.555438,2652.777660,0
9,6,23,246824,31,2652.777660,7958.333215,0
9,23,6,246824,31,7958.333215,2652.777660,0
9,6,27,246824,31,2652.777660,5305.555438,0
9,27,6,246824,31,5305.555438,2652.777660,0
9,7,9,246824,9,3979.166549,3183.333215,0
9,9,7,246824,9,3183.333215,3979.166549,0
9,7,10,246824,11,3979.166549,3979.166549,0
9,10,7,246824,11,3979.166549,3979.166549,0
9,7,15,246824,28,3979.166549,7958.333215,0
9,15,7,246824,28,7958.333215,3979.166549,0
9,8,10,246824,11,5305.555438,3979.166549,0
9,10,8,246824,11,3979.166549,5305.555438,0
9,8,26,246824,29,5305.555438,5305.555438,0
9,26,8,246824,29,5305.555438,5305.555438,0
9,9,24,246824,21,3183.333215,7958.333215,0
9,24,9,246824,21,7958.333215,3183.333215,0
9,9,25,246824,28,3183.333215,7958.333215,0
9,25,9,246824,28,7958.333215,3183.333215,0
9,10,11,246824,11,3979.166549,5305.555438,0
9,11,10,246824,11,5305.555438,3979.166549,0
9,10,13,246824,12,3979.166549,3183.333215,0
9,13,10,246824,12,3183.333215,3979.166549,0
9,11,14,246824,11,5305.555438,2273.809406,0
9,14,11,246824,11,2273.809406,5305.555438,0
9,12,14,246824,12,5305.555438,2273.809406,0
9,14,12,246824,12,2273.809406,5305.555438,0
9,12,15,246824,28,5305.555438,7958.333215,0
9,15,12,246824,28,7958.333215,5305.555438,0
9,13,14,246824,12,3183.333215,2273.809406,0
9,14,13,246824,12,2273.809406,3183.333215,0
9,13,16,246824,41,3183.333215,7958.333215,0
9,16,13,246824,41,7958.333215,3183.333215,0
9,13,21,246824,34,3183.333215,7958.333215,0
9,21,13,246824,34,7958.333215,3183.333215,0
9,14,16,246824,41,2273.809406,7958.333215,0
9,16,14,246824,41,7958.333215,2273.809406,0
9,14,17,246824,29,2273.809406,3979.166549,0
9,17,14,246824,29,3979.166549,2273.809406,0
9,14,20,246824,26,2273.809406,7958.333215,0
9,20,14,246824,26,7958.333215,2273.809406,0
9,14,28,246824,34,2273.809406,7958.333215,0
9,28,14,246824,34,7958.333215,2273.809406,0
9,17,18,246824,44,3979.166549,7958.333215,0
9,18,17,246824,44,7958.333215,3979.166549,0
9,17,19,246824,37,3979.166549,7958.333215,0
9,19,17,246824,37,7958.333215,3979.166549,0
9,17,20,246824,36,3979.166549,7958.333215,0
9,20,17,246824,36,7958.333215,3979.166549,0
9,24,26,246824,34,7958.333215,5305.555438,0
9,26,24,246824,34,5305.555438,7958.333215,0
9,25,27,246824,42,7958.333215,5305.555438,0
9,27,25,246824,42,5305.555438,7958.333215,0
10,0,1,246824,14,3985.416549,3188.333215,0
10,1,0,246824,14,3188.333215,3985.416549,0
10,0,9,246824,10,3985.416549,2656.944326,0
10,9,0,246824,10,2656.944326,3985.416549,0
10,0,19,246824,28,3985.416549,7970.833215,0
10,19,0,246824,28,7970.833215,3985.416549,0
10,0,26,246824,31,3985.416549,7970.833215,0
10,26,0,246824,31,7970.833215,3985.416549,0
10,1,2,246824,11,3188.333215,2277.380834,0
10,2,1,246824,11,2277.380834,3188.333215,0
10,1,10,246824,13,3188.333215,5313.888771,0
10,10,1,246824,13,5313.888771,3188.333215,0
10,1,28,246824,35,3188.333215,5313.888771,0
10,28,1,246824,35,5313.888771,3188.333215,0
10,1,29,246824,27,3188.333215,7970.833215,0
10,29,1,246824,27,7970.833215,3188.333215,0
10,2,4,246824,10,2277.380834,2656.944326,0
10,4,2,246824,10,2656.944326,2277.380834,0
10,2,5,246824,9,2277.380834,5313.888771,0
10,5,2,246824,9,5313.888771,2277.380834,0
10,2,9,246824,7,2277.380834,2656.944326,0
10,9,2,246824,7,2656.944326,2277.380834,0
10,2,18,246824,37,2277.380834,7970.833215,0
10,18,2,246824,37,7970.833215,2277.380834,0
10,2,22,246824,33,2277.380834,7970.833215,0
10,22,2,246824,33,7970.833215,2277.380834,0
10,2,29,246824,24,2277.380834,7970.833215,0
10,29,2,246824,24,7970.833215,2277.380834,0
10,3,4,246824,13,3985.416549,2656.944326,0
10,4,3,246824,13,2656.944326,3985.416549,0
10,3,12,246824,12,3985.416549,3985.416549,0
10,12,3,246824,12,3985.416549,3985.416549,0
10,3,21,246824,35,3985.416549,7970.833215,0
10,21,3,246824,35,7970.833215,3985.416549,0
10,3,28,246824,35,3985.416549,5313.888771,0
10,28,3,246824,35,5313.888771,3985.416549,0
10,4,6,246824,12,2656.944326,2656.944326,0
10,6,4,246824,12,2656.944326,2656.944326,0
10,4,8,246824,12,2656.944326,3985.416549,0
10,8,4,246824,12,3985.416549,2656.944326,0
10,4,21,246824,35,2656.944326,7970.833215,0
10,21,4,246824,35,7970.833215,2656.944326,0
10,4,22,246824,36,2656.944326,7970.833215,0
10,22,4,246824,36,7970.833215,2656.944326,0
10,5,7,246824,11,5313.888771,5313.888771,0
10,7,5,246824,11,5313.888771,5313.888771,0
10,5,8,246824,11,5313.888771,3985.416549,0
10,8,5,246824,11,3985.416549,5313.888771,0
10,6,8,246824,11,2656.944326,3985.416549,0
10,8,6,246824,11,3985.416549,2656.944326,0
10,6,9,246824,9,2656.944326,2656.944326,0
10,9,6,246824,9,2656.944326,2656.944326,0
10,6,11,246824,11,2656.944326,7970.833215,0
10,11,6,246824,11,7970.833215,2656.944326,0
10,6,23,246824,31,2656.944326,7970.833215,0
10,23,6,246824,31,7970.833215,2656.944326,0
10,6,27,246824,31,2656.944326,5313.888771,0
10,27,6,246824,31,5313.888771,2656.944326,0
10,7,9,246824,9,5313.888771,2656.944326,0
10,9,7,246824,9,2656.944326,5313.888771,0
10,7,15,246824,28,5313.888771,3985.416549,0
10,15,7,246824,28,3985.416549,5313.888771,0
10,8,26,246824,29,3985.416549,7970.833215,0
10,26,8,246824,29,7970.833215,3985.416549,0
10,9,24,246824,21,2656.944326,5313.888771,0
10,24,9,246824,21,5313.888771,2656.944326,0
10,9,25,246824,28,2656.944326,7970.833215,0
10,25,9,246824,28,7970.833215,2656.944326,0
10,10,11,246824,11,5313.888771,7970.833215,0
10,11,10,246824,11,7970.833215,5313.888771,0
10,10,13,246824,12,5313.888771,3985.416549,0
10,13,10,246824,12,3985.416549,5313.888771,0
10,12,13,246824,12,3985.416549,3985.416549,0
10,13,12,246824,12,3985.416549,3985.416549,0
10,12,14,246824,12,3985.416549,3985.416549,0
10,14,12,246824,12,3985.416549,3985.416549,0
10,12,15,246824,28,3985.416549,3985.416549,0
10,15,12,246824,28,3985.416549,3985.416549,0
10,13,14,246824,12,3985.416549,3985.416549,0
10,14,13,246824,12,3985.416549,3985.416549,0
10,13,16,246824,41,3985.416549,7970.833215,0
10,16,13,246824,41,7970.833215,3985.416549,0
10,14,17,246824,29,3985.416549,7970.833215,0
10,17,14,246824,29,7970.833215,3985.416549,0
10,14,20,246824,26,3985.416549,7970.833215,0
10,20,14,246824,26,7970.833215,3985.416549,0
10,15,17,246824,37,3985.416549,7970.833215,0
10,17,15,246824,37,7970.833215,3985.416549,0
10,15,18,246824,47,3985.416549,7970.833215,0
10,18,15,246824,47,7970.833215,3985.416549,0
10,16,28,246824,42,7970.833215,5313.888771,0
10,28,16,246824,42,5313.888771,7970.833215,0
10,19,20,246824,34,7970.833215,7970.833215,0
10,20,19,246824,34,7970.833215,7970.833215,0
10,23,24,246824,35,7970.833215,5313.888771,0
10,24,23,246824,35,5313.888771,7970.833215,0
10,24,27,246824,35,5313.888771,5313.888771,0
10,27,24,246824,35,5313.888771,5313.888771,0
10,25,27,246824,42,7970.833215,5313.888771,0
10,27,25,246824,42,5313.888771,7970.833215,0
11,0,1,246824,14,1990.624882,3981.249882,0
11,1,0,246824,14,3981.249882,1990.624882,0
11,0,3,246824,13,1990.624882,5308.333215,0
11,3,0,246824,13,5308.333215,1990.624882,0
11,0,9,246824,10,1990.624882,2274.999882,0
11,9,0,246824,10,2274.999882,1990.624882,0
11,0,19,246824,28,1990.624882,7962.499882,0
11,19,0,246824,28,7962.499882,1990.624882,0
11,0,23,246824,32,1990.624882,5308.333215,0
11,23,0,246824,32,5308.333215,1990.624882,0
11,0,26,246824,31,1990.624882,7962.499882,0
11,26,0,246824,31,7962.499882,1990.624882,0
11,0,27,246824,32,1990.624882,7962.499882,0
11,27,0,246824,32,7962.499882,1990.624882,0
11,0,29,246824,27,1990.624882,5308.333215,0
11,29,0,246824,27,5308.333215,1990.624882,0
11,1,2,246824,11,3981.249882,2274.999882,0
11,2,1,246824,11,2274.999882,3981.249882,0
11,1,4,246824,14,3981.249882,3184.999882,0
11,4,1,246824,14,3184.999882,3981.249882,0
11,1,28,246824,35,3981.249882,3981.249882,0
11,28,1,246824,35,3981.249882,3981.249882,0
11,2,4,246824,10,2274.999882,3184.999882,0
11,4,2,246824,10,3184.999882,2274.999882,0
11,2,5,246824,9,2274.999882,5308.333215,0
11,5,2,246824,9,5308.333215,2274.999882,0
11,2,9,246824,7,2274.999882,2274.999882,0
11,9,2,246824,7,2274.999882,2274.999882,0
11,2,18,246824,37,2274.999882,7962.499882,0
11,18,2,246824,37,7962.499882,2274.999882,0
11,2,22,246824,33,2274.999882,7962.499882,0
11,22,2,246824,33,7962.499882,2274.999882,0
11,2,29,246824,24,2274.999882,5308.333215,0
11,29,2,246824,24,5308.333215,2274.999882,0
11,3,4,246824,13,5308.333215,3184.999882,0
11,4,3,246824,13,3184.999882,5308.333215,0
11,3,12,246824,12,5308.333215,7962.499882,0
11,12,3,246824,12,7962.499882,5308.333215,0
11,4,8,246824,12,3184.999882,3981.249882,0
11,8,4,246824,12,3981.249882,3184.999882,0
11,4,21,246824,35,3184.999882,7962.499882,0
11,21,4,246824,35,7962.499882,3184.999882,0
11,5,9,246824,9,5308.333215,2274.999882,0
11,9,5,246824,9,2274.999882,5308.333215,0
11,5,22,246824,35,5308.333215,7962.499882,0
11,22,5,246824,35,7962.499882,5308.333215,0
11,6,8,246824,11,3184.999882,3981.249882,0
11,8,6,246824,11,3981.249882,3184.999882,0
11,6,9,246824,9,3184.999882,2274.999882,0
11,9,6,246824,9,2274.999882,3184.999882,0
11,6,11,246824,11,3184.999882,3981.249882,0
11,11,6,246824,11,3981.249882,3184.999882,0
11,6,23,246824,31,3184.999882,5308.333215,0
11,23,6,246824,31,5308.333215,3184.999882,0
11,6,27,246824,31,3184.999882,7962.499882,0
11,27,6,246824,31,7962.499882,3184.999882,0
11,7,9,246824,9,5308.333215,2274.999882,0
11,9,7,246824,9,2274.999882,5308.333215,0
11,7,10,246824,11,5308.333215,3981.249882,0
11,10,7,246824,11,3981.249882,5308.333215,0
11,7,15,246824,28,5308.333215,7962.499882,0
11,15,7,246824,28,7962.499882,5308.333215,0
11,8,10,246824,11,3981.249882,3981.249882,0
11,10,8,246824,11,3981.249882,3981.249882,0
11,8,26,246824,29,3981.249882,7962.499882,0
11,26,8,246824,29,7962.499882,3981.249882,0
11,9,24,246824,21,2274.999882,7962.499882,0
11,24,9,246824,21,7962.499882,2274.999882,0
11,9,25,246824,28,2274.999882,7962.499882,0
11,25,9,246824,28,7962.499882,2274.999882,0
11,10,11,246824,11,3981.249882,3981.249882,0
11,11,10,246824,11,3981.249882,3981.249882,0
11,10,13,246824,12,3981.249882,5308.333215,0
11,13,10,246824,12,5308.333215,3981.249882,0
11,11,13,246824,11,3981.249882,5308.333215,0
11,13,11,246824,11,5308.333215,3981.249882,0
11,11,14,246824,11,3981.249882,1769.444327,0
11,14,11,246824,11,1769.444327,3981.249882,0
11,12,14,246824,12,7962.499882,1769.444327,0
11,14,12,246824,12,1769.444327,7962.499882,0
11,13,14,246824,12,5308.333215,1769.444327,0
11,14,13,246824,12,1769.444327,5308.333215,0
11,14,15,246824,28,1769.444327,7962.499882,0
11,15,14,246824,28,7962.499882,1769.444327,0
11,14,16,246824,41,1769.444327,7962.499882,0
11,16,14,246824,41,7962.499882,1769.444327,0
11,14,17,246824,29,1769.444327,5308.333215,0
11,17,14,246824,29,5308.333215,1769.444327,0
11,14,20,246824,26,1769.444327,3981.249882,0
11,20,14,246824,26,3981.249882,1769.444327,0
11,14,21,246824,34,1769.444327,7962.499882,0
11,21,14,246824,34,7962.499882,1769.444327,0
11,14,28,246824,34,1769.444327,3981.249882,0
11,28,14,246824,34,3981.249882,1769.444327,0
11,16,28,246824,42,7962.499882,3981.249882,0
11,28,16,246824,42,3981.249882,7962.499882,0
11,17,18,246824,44,5308.333215,7962.499882,0
11,18,17,246824,44,7962.499882,5308.333215,0
11,17,20,246824,36,5308.333215,3981.249882,0
11,20,17,246824,36,3981.249882,5308.333215,0
11,19,20,246824,34,7962.499882,3981.249882,0
11,20,19,246824,34,3981.249882,7962.499882,0
11,20,29,246824,33,3981.249882,5308.333215,0
11,29,20,246824,33,5308.333215,3981.249882,0
11,23,24,246824,35,5308.333215,7962.499882,0
11,24,23,246824,35,7962.499882,5308.333215,0
11,25,28,246824,45,7962.499882,3981.249882,0
11,28,25,246824,45,3981.249882,7962.499882,0
12,0,1,246824,14,2652.777660,2652.777660,0
12,1,0,246824,14,2652.777660,2652.777660,0
12,0,3,246824,13,2652.777660,2652.777660,0
12,3,0,246824,13,2652.777660,2652.777660,0
12,0,19,246824,28,2652.777660,7958.333215,0
12,19,0,246824,28,7958.333215,2652.777660,0
12,0,23,246824,32,2652.777660,7958.333215,0
12,23,0,246824,32,7958.333215,2652.777660,0
12,0,26,246824,31,2652.777660,5305.555438,0
12,26,0,246824,31,5305.555438,2652.777660,0
12,0,27,246824,32,2652.777660,5305.555438,0
12,27,0,246824,32,5305.555438,2652.777660,0
12,1,2,246824,11,2652.777660,2652.777660,0
12,2,1,246824,11,2652.777660,2652.777660,0
12,1,3,246824,14,2652.777660,2652.777660,0
12,3,1,246824,14,2652.777660,2652.777660,0
12,1,10,246824,13,2652.777660,3183.333215,0
12,10,1,246824,13,3183.333215,2652.777660,0
12,1,28,246824,35,2652.777660,5305.555438,0
12,28,1,246824,35,5305.555438,2652.777660,0
12,1,29,246824,27,2652.777660,5305.555438,0
12,29,1,246824,27,5305.555438,2652.777660,0
12,2,5,246824,9,2652.777660,3183.333215,0
12,5,2,246824,9,3183.333215,2652.777660,0
12,2,9,246824,7,2652.777660,3979.166549,0
12,9,2,246824,7,3979.166549,2652.777660,0
12,2,18,246824,37,2652.777660,7958.333215,0
12,18,2,246824,37,7958.333215,2652.777660,0
12,2,22,246824,33,2652.777660,7958.333215,0
12,22,2,246824,33,7958.333215,2652.777660,0
12,2,29,246824,24,2652.777660,5305.555438,0
12,29,2,246824,24,5305.555438,2652.777660,0
12,3,4,246824,13,2652.777660,5305.555438,0
12,4,3,246824,13,5305.555438,2652.777660,0
12,3,12,246824,12,2652.777660,3979.166549,0
12,12,3,246824,12,3979.166549,2652.777660,0
12,3,21,246824,35,2652.777660,7958.333215,0
12,21,3,246824,35,7958.333215,2652.777660,0
12,3,28,246824,35,2652.777660,5305.555438,0
12,28,3,246824,35,5305.555438,2652.777660,0
12,4,6,246824,12,5305.555438,2652.777660,0
12,6,4,246824,12,2652.777660,5305.555438,0
12,4,21,246824,35,5305.555438,7958.333215,0
12,21,4,246824,35,7958.333215,5305.555438,0
12,5,6,246824,11,3183.333215,2652.777660,0
12,6,5,246824,11,2652.777660,3183.333215,0
12,5,7,246824,11,3183.333215,3979.166549,0
12,7,5,246824,11,3979.166549,3183.333215,0
12,5,8,246824,11,3183.333215,3979.166549,0
12,8,5,246824,11,3979.166549,3183.333215,0
12,5,22,246824,35,3183.333215,7958.333215,0
12,22,5,246824,35,7958.333215,3183.333215,0
12,6,8,246824,11,2652.777660,3979.166549,0
12,8,6,246824,11,3979.166549,2652.777660,0
12,6,11,246824,11,2652.777660,3979.166549,0
12,11,6,246824,11,3979.166549,2652.777660,0
12,6,23,246824,31,2652.777660,7958.333215,0
12,23,6,246824,31,7958.333215,2652.777660,0
12,6,27,246824,31,2652.777660,5305.555438,0
12,27,6,246824,31,5305.555438,2652.777660,0
12,7,9,246824,9,3979.166549,3979.166549,0
12,9,7,246824,9,3979.166549,3979.166549,0
12,7,10,246824,11,3979.166549,3183.333215,0
12,10,7,246824,11,3183.333215,3979.166549,0
12,7,15,246824,28,3979.166549,5305.555438,0
12,15,7,246824,28,5305.555438,3979.166549,0
12,8,10,246824,11,3979.166549,3183.333215,0
12,10,8,246824,11,3183.333215,3979.166549,0
12,8,26,246824,29,3979.166549,5305.555438,0
12,26,8,246824,29,5305.555438,3979.166549,0
12,9,24,246824,21,3979.166549,7958.333215,0
12,24,9,246824,21,7958.333215,3979.166549,0
12,9,25,246824,28,3979.166549,7958.333215,0
12,25,9,246824,28,7958.333215,3979.166549,0
12,10,11,246824,11,3183.333215,3979.166549,0
12,11,10,246824,11,3979.166549,3183.333215,0
12,10,13,246824,12,3183.333215,3979.166549,0
12,13,10,246824,12,3979.166549,3183.333215,0
12,11,13,246824,11,3979.166549,3979.166549,0
12,13,11,246824,11,3979.166549,3979.166549,0
12,11,14,246824,11,3979.166549,3979.166549,0
12,14,11,246824,11,3979.166549,3979.166549,0
12,12,13,246824,12,3979.166549,3979.166549,0
12,13,12,246824,12,3979.166549,3979.166549,0
12,12,14,246824,12,3979.166549,3979.166549,0
12,14,12,246824,12,3979.166549,3979.166549,0
12,12,15,246824,28,3979.166549,5305.555438,0
12,15,12,246824,28,5305.555438,3979.166549,0
12,13,16,246824,41,3979.166549,7958.333215,0
12,16,13,246824,41,7958.333215,3979.166549,0
12,14,17,246824,29,3979.166549,3979.166549,0
12,17,14,246824,29,3979.166549,3979.166549,0
12,14,20,246824,26,3979.166549,7958.333215,0
12,20,14,246824,26,7958.333215,3979.166549,0
12,15,17,246824,37,5305.555438,3979.166549,0
12,17,15,246824,37,3979.166549,5305.555438,0
12,16,28,246824,42,7958.333215,5305.555438,0
12,28,16,246824,42,5305.555438,7958.333215,0
12,17,18,246824,44,3979.166549,7958.333215,0
12,18,17,246824,44,7958.333215,3979.166549,0
12,17,19,246824,37,3979.166549,7958.333215,0
12,19,17,246824,37,7958.333215,3979.166549,0
12,20,29,246824,33,7958.333215,5305.555438,0
12,29,20,246824,33,5305.555438,7958.333215,0
12,24,26,246824,34,7958.333215,5305.555438,0
12,26,24,246824,34,5305.555438,7958.333215,0
12,25,27,246824,42,7958.333215,5305.555438,0
12,27,25,246824,42,5305.555438,7958.333215,0
13,0,1,246824,14,1990.624882,5308.333215,0
13,1,0,246824,14,5308.333215,1990.624882,0
13,0,3,246824,13,1990.624882,5308.333215,0
13,3,0,246824,13,5308.333215,1990.624882,0
13,0,9,246824,10,1990.624882,2274.999882,0
13,9,0,246824,10,2274.999882,1990.624882,0
13,0,19,246824,28,1990.624882,7962.499882,0
13,19,0,246824,28,7962.499882,1990.624882,0
13,0,23,246824,32,1990.624882,7962.499882,0
13,23,0,246824,32,7962.499882,1990.624882,0
13,0,26,246824,31,1990.624882,7962.499882,0
13,26,0,246824,31,7962.499882,1990.624882,0
13,0,27,246824,32,1990.624882,5308.333215,0
13,27,0,246824,32,5308.333215,1990.624882,0
13,0,29,246824,27,1990.624882,5308.333215,0
13,29,0,246824,27,5308.333215,1990.624882,0
13,1,3,246824,14,5308.333215,5308.333215,0
13,3,1,246824,14,5308.333215,5308.333215,0
13,1,28,246824,35,5308.333215,5308.333215,0
13,28,1,246824,35,5308.333215,5308.333215,0
13,2,4,246824,10,2654.166549,5308.333215,0
13,4,2,246824,10,5308.333215,2654.166549,0
13,2,5,246824,9,2654.166549,2654.166549,0
13,5,2,246824,9,2654.166549,2654.166549,0
13,2,9,246824,7,2654.166549,2274.999882,0
13,9,2,246824,7,2274.999882,2654.166549,0
13,2,18,246824,37,2654.166549,7962.499882,0
13,18,2,246824,37,7962.499882,2654.166549,0
13,2,22,246824,33,2654.166549,7962.499882,0
13,22,2,246824,33,7962.499882,2654.166549,0
13,2,29,246824,24,2654.166549,5308.333215,0
13,29,2,246824,24,5308.333215,2654.166549,0
13,3,12,246824,12,5308.333215,3981.249882,0
13,12,3,246824,12,3981.249882,5308.333215,0
13,4,8,246824,12,5308.333215,3184.999882,0
13,8,4,246824,12,3184.999882,5308.333215,0
13,4,22,246824,36,5308.333215,7962.499882,0
13,22,4,246824,36,7962.499882,5308.333215,0
13,5,6,246824,11,2654.166549,2654.166549,0
13,6,5,246824,11,2654.166549,2654.166549,0
13,5,7,246824,11,2654.166549,5308.333215,0
13,7,5,246824,11,5308.333215,2654.166549,0
13,5,8,246824,11,2654.166549,3184.999882,0
13,8,5,246824,11,3184.999882,2654.166549,0
13,5,9,246824,9,2654.166549,2274.999882,0
13,9,5,246824,9,2274.999882,2654.166549,0
13,5,13,246824,12,2654.166549,2654.166549,0
13,13,5,246824,12,2654.166549,2654.166549,0
13,6,8,246824,11,2654.166549,3184.999882,0
13,8,6,246824,11,3184.999882,2654.166549,0
13,6,9,246824,9,2654.166549,2274.999882,0
13,9,6,246824,9,2274.999882,2654.166549,0
13,6,11,246824,11,2654.166549,5308.333215,0
13,11,6,246824,11,5308.333215,2654.166549,0
13,6,23,246824,31,2654.166549,7962.499882,0
13,23,6,246824,31,7962.499882,2654.166549,0
13,6,27,246824,31,2654.166549,5308.333215,0
13,27,6,246824,31,5308.333215,2654.166549,0
13,7,9,246824,9,5308.333215,2274.999882,0
13,9,7,246824,9,2274.999882,5308.333215,0
13,7,15,246824,28,5308.333215,5308.333215,0
13,15,7,246824,28,5308.333215,5308.333215,0
13,8,10,246824,11,3184.999882,5308.333215,0
13,10,8,246824,11,5308.333215,3184.999882,0
13,8,26,246824,29,3184.999882,7962.499882,0
13,26,8,246824,29,7962.499882,3184.999882,0
13,9,24,246824,21,2274.999882,7962.499882,0
13,24,9,246824,21,7962.499882,2274.999882,0
13,9,25,246824,28,2274.999882,7962.499882,0
13,25,9,246824,28,7962.499882,2274.999882,0
13,10,11,246824,11,5308.333215,5308.333215,0
13,11,10,246824,11,5308.333215,5308.333215,0
13,10,13,246824,12,5308.333215,2654.166549,0
13,13,10,246824,12,2654.166549,5308.333215,0
13,11,14,246824,11,5308.333215,1990.624882,0
13,14,11,246824,11,1990.624882,5308.333215,0
13,12,13,246824,12,3981.249882,2654.166549,0
13,13,12,246824,12,2654.166549,3981.249882,0
13,12,14,246824,12,3981.249882,1990.624882,0
13,14,12,246824,12,1990.624882,3981.249882,0
13,12,15,246824,28,3981.249882,5308.333215,0
13,15,12,246824,28,5308.333215,3981.249882,0
13,13,14,246824,12,2654.166549,1990.624882,0
13,14,13,246824,12,1990.624882,2654.166549,0
13,13,16,246824,41,2654.166549,7962.499882,0
13,16,13,246824,41,7962.499882,2654.166549,0
13,13,21,246824,34,2654.166549,7962.499882,0
13,21,13,246824,34,7962.499882,2654.166549,0
13,14,16,246824,41,1990.624882,7962.499882,0
13,16,14,246824,41,7962.499882,1990.624882,0
13,14,17,246824,29,1990.624882,3981.249882,0
13,17,14,246824,29,3981.249882,1990.624882,0
13,14,20,246824,26,1990.624882,7962.499882,0
13,20,14,246824,26,7962.499882,1990.624882,0
13,14,21,246824,34,1990.624882,7962.499882,0
13,21,14,246824,34,7962.499882,1990.624882,0
13,14,28,246824,34,1990.624882,5308.333215,0
13,28,14,246824,34,5308.333215,1990.624882,0
13,15,17,246824,37,5308.333215,3981.249882,0
13,17,15,246824,37,3981.249882,5308.333215,0
13,17,18,246824,44,3981.249882,7962.499882,0
13,18,17,246824,44,7962.499882,3981.249882,0
13,17,19,246824,37,3981.249882,7962.499882,0
13,19,17,246824,37,7962.499882,3981.249882,0
13,20,29,246824,33,7962.499882,5308.333215,0
13,29,20,246824,33,5308.333215,7962.499882,0
13,24,27,246824,35,7962.499882,5308.333215,0
13,27,24,246824,35,5308.333215,7962.499882,0
13,25,28,246824,45,7962.499882,5308.333215,0
13,28,25,246824,45,5308.333215,7962.499882,0
14,0,1,246824,14,5313.888771,2656.944326,0
14,1,0,246824,14,2656.944326,5313.888771,0
14,0,9,246824,10,5313.888771,2277.380834,0
14,9,0,246824,10,2277.380834,5313.888771,0
14,0,19,246824,28,5313.888771,7970.833215,0
14,19,0,246824,28,7970.833215,5313.888771,0
14,1,2,246824,11,2656.944326,3188.333215,0
14,2,1,246824,11,3188.333215,2656.944326,0
14,1,4,246824,14,2656.944326,3188.333215,0
14,4,1,246824,14,3188.333215,2656.944326,0
14,1,10,246824,13,2656.944326,3985.416549,0
14,10,1,246824,13,3985.416549,2656.944326,0
14,1,28,246824,35,2656.944326,7970.833215,0
14,28,1,246824,35,7970.833215,2656.944326,0
14,1,29,246824,27,2656.944326,5313.888771,0
14,29,1,246824,27,5313.888771,2656.944326,0
14,2,5,246824,9,3188.333215,3188.333215,0
14,5,2,246824,9,3188.333215,3188.333215,0
14,2,9,246824,7,3188.333215,2277.380834,0
14,9,2,246824,7,2277.380834,3188.333215,0
14,2,18,246824,37,3188.333215,7970.833215,0
14,18,2,246824,37,7970.833215,3188.333215,0
14,2,29,246824,24,3188.333215,5313.888771,0
14,29,2,246824,24,5313.888771,3188.333215,0
14,3,4,246824,13,3985.416549,3188.333215,0
14,4,3,246824,13,3188.333215,3985.416549,0
14,3,12,246824,12,3985.416549,7970.833215,0
14,12,3,246824,12,7970.833215,3985.416549,0
14,3,21,246824,35,3985.416549,7970.833215,0
14,21,3,246824,35,7970.833215,3985.416549,0
14,3,28,246824,35,3985.416549,7970.833215,0
14,28,3,246824,35,7970.833215,3985.416549,0
14,4,8,246824,12,3188.333215,5313.888771,0
14,8,4,246824,12,5313.888771,3188.333215,0
14,4,21,246824,35,3188.333215,7970.833215,0
14,21,4,246824,35,7970.833215,3188.333215,0
14,4,22,246824,36,3188.333215,7970.833215,0
14,22,4,246824,36,7970.833215,3188.333215,0
14,5,7,246824,11,3188.333215,3985.416549,0
14,7,5,246824,11,3985.416549,3188.333215,0
14,5,9,246824,9,3188.333215,2277.380834,0
14,9,5,246824,9,2277.380834,3188.333215,0
14,5,13,246824,12,3188.333215,5313.888771,0
14,13,5,246824,12,5313.888771,3188.333215,0
14,5,22,246824,35,3188.333215,7970.833215,0
14,22,5,246824,35,7970.833215,3188.333215,0
14,6,9,246824,9,3985.416549,2277.380834,0
14,9,6,246824,9,2277.380834,3985.416549,0
14,6,11,246824,11,3985.416549,5313.888771,0
14,11,6,246824,11,5313.888771,3985.416549,0
14,6,23,246824,31,3985.416549,7970.833215,0
14,23,6,246824,31,7970.833215,3985.416549,0
14,6,27,246824,31,3985.416549,5313.888771,0
14,27,6,246824,31,5313.888771,3985.416549,0
14,7,9,246824,9,3985.416549,2277.380834,0
14,9,7,246824,9,2277.380834,3985.416549,0
14,7,10,246824,11,3985.416549,3985.416549,0
14,10,7,246824,11,3985.416549,3985.416549,0
14,7,15,246824,28,3985.416549,5313.888771,0
14,15,7,246824,28,5313.888771,3985.416549,0
14,8,10,246824,11,5313.888771,3985.416549,0
14,10,8,246824,11,3985.416549,5313.888771,0
14,8,26,246824,29,5313.888771,7970.833215,0
14,26,8,246824,29,7970.833215,5313.888771,0
14,9,24,246824,21,2277.380834,3985.416549,0
14,24,9,246824,21,3985.416549,2277.380834,0
14,9,25,246824,28,2277.380834,7970.833215,0
14,25,9,246824,28,7970.833215,2277.380834,0
14,10,11,246824,11,3985.416549,5313.888771,0
14,11,10,246824,11,5313.888771,3985.416549,0
14,11,14,246824,11,5313.888771,2277.380834,0
14,14,11,246824,11,2277.380834,5313.888771,0
14,12,14,246824,12,7970.833215,2277.380834,0
14,14,12,246824,12,2277.380834,7970.833215,0
14,13,14,246824,12,5313.888771,2277.380834,0
14,14,13,246824,12,2277.380834,5313.888771,0
14,13,16,246824,41,5313.888771,7970.833215,0
14,16,13,246824,41,7970.833215,5313.888771,0
14,14,15,246824,28,2277.380834,5313.888771,0
14,15,14,246824,28,5313.888771,2277.380834,0
14,14,16,246824,41,2277.380834,7970.833215,0
14,16,14,246824,41,7970.833215,2277.380834,0
14,14,17,246824,29,2277.380834,7970.833215,0
14,17,14,246824,29,7970.833215,2277.380834,0
14,14,20,246824,26,2277.380834,3985.416549,0
14,20,14,246824,26,3985.416549,2277.380834,0
14,15,18,246824,47,5313.888771,7970.833215,0
14,18,15,246824,47,7970.833215,5313.888771,0
14,17,20,246824,36,7970.833215,3985.416549,0
14,20,17,246824,36,3985.416549,7970.833215,0
14,19,20,246824,34,7970.833215,3985.416549,0
14,20,19,246824,34,3985.416549,7970.833215,0
14,20,29,246824,33,3985.416549,5313.888771,0
14,29,20,246824,33,5313.888771,3985.416549,0
14,23,24,246824,35,7970.833215,3985.416549,0
14,24,23,246824,35,3985.416549,7970.833215,0
14,24,26,246824,34,3985.416549,7970.833215,0
14,26,24,246824,34,7970.833215,3985.416549,0
14,24,27,246824,35,3985.416549,5313.888771,0
14,27,24,246824,35,5313.888771,3985.416549,0
14,25,27,246824,42,7970.833215,5313.888771,0
14,27,25,246824,42,5313.888771,7970.833215,0
15,0,3,246824,13,3183.333215,3979.166549,0
15,3,0,246824,13,3979.166549,3183.333215,0
15,0,9,246824,10,3183.333215,3183.333215,0
15,9,0,246824,10,3183.333215,3183.333215,0
15,0,19,246824,28,3183.333215,7958.333215,0
15,19,0,246824,28,7958.333215,3183.333215,0
15,0,26,246824,31,3183.333215,5305.555438,0
15,26,0,246824,31,5305.555438,3183.333215,0
15,0,29,246824,27,3183.333215,5305.555438,0
15,29,0,246824,27,5305.555438,3183.333215,0
15,1,3,246824,14,3979.166549,3979.166549,0
15,3,1,246824,14,3979.166549,3979.166549,0
15,1,4,246824,14,3979.166549,2273.809406,0
15,4,1,246824,14,2273.809406,3979.166549,0
15,1,10,246824,13,3979.166549,3183.333215,0
15,10,1,246824,13,3183.333215,3979.166549,0
15,1,28,246824,35,3979.166549,5305.555438,0
15,28,1,246824,35,5305.555438,3979.166549,0
15,2,4,246824,10,3183.333215,2273.809406,0
15,4,2,246824,10,2273.809406,3183.333215,0
15,2,5,246824,9,3183.333215,3979.166549,0
15,5,2,246824,9,3979.166549,3183.333215,0
15,2,18,246824,37,3183.333215,7958.333215,0
15,18,2,246824,37,7958.333215,3183.333215,0
15,2,22,246824,33,3183.333215,7958.333215,0
15,22,2,246824,33,7958.333215,3183.333215,0
15,2,29,246824,24,3183.333215,5305.555438,0
15,29,2,246824,24,5305.555438,3183.333215,0
15,3,4,246824,13,3979.166549,2273.809406,0
15,4,3,246824,13,2273.809406,3979.166549,0
15,3,12,246824,12,3979.166549,3979.166549,0
15,12,3,246824,12,3979.166549,3979.166549,0
15,4,6,246824,12,2273.809406,3183.333215,0
15,6,4,246824,12,3183.333215,2273.809406,0
15,4,8,246824,12,2273.809406,3183.333215,0
15,8,4,246824,12,3183.333215,2273.809406,0
15,4,21,246824,35,2273.809406,7958.333215,0
15,21,4,246824,35,7958.333215,2273.809406,0
15,4,22,246824,36,2273.809406,7958.333215,0
15,22,4,246824,36,7958.333215,2273.809406,0
15,5,8,246824,11,3979.166549,3183.333215,0
15,8,5,246824,11,3183.333215,3979.166549,0
15,5,9,246824,9,3979.166549,3183.333215,0
15,9,5,246824,9,3183.333215,3979.166549,0
15,5,13,246824,12,3979.166549,3979.166549,0
15,13,5,246824,12,3979.166549,3979.166549,0
15,6,8,246824,11,3183.333215,3183.333215,0
15,8,6,246824,11,3183.333215,3183.333215,0
15,6,11,246824,11,3183.333215,5305.555438,0
15,11,6,246824,11,5305.555438,3183.333215,0
15,6,23,246824,31,3183.333215,7958.333215,0
15,23,6,246824,31,7958.333215,3183.333215,0
15,6,27,246824,31,3183.333215,5305.555438,0
15,27,6,246824,31,5305.555438,3183.333215,0
15,7,9,246824,9,5305.555438,3183.333215,0
15,9,7,246824,9,3183.333215,5305.555438,0
15,7,10,246824,11,5305.555438,3183.333215,0
15,10,7,246824,11,3183.333215,5305.555438,0
15,7,15,246824,28,5305.555438,5305.555438,0
15,15,7,246824,28,5305.555438,5305.555438,0
15,8,10,246824,11,3183.333215,3183.333215,0
15,10,8,246824,11,3183.333215,3183.333215,0
15,8,26,246824,29,3183.333215,5305.555438,0
15,26,8,246824,29,5305.555438,3183.333215,0
15,9,24,246824,21,3183.333215,3979.166549,0
15,24,9,246824,21,3979.166549,3183.333215,0
15,9,25,246824,28,3183.333215,7958.333215,0
15,25,9,246824,28,7958.333215,3183.333215,0
15,10,11,246824,11,3183.333215,5305.555438,0
15,11,10,246824,11,5305.555438,3183.333215,0
15,10,13,246824,12,3183.333215,3979.166549,0
15,13,10,246824,12,3979.166549,3183.333215,0
15,11,14,246824,11,5305.555438,2652.777660,0
15,14,11,246824,11,2652.777660,5305.555438,0
15,12,13,246824,12,3979.166549,3979.166549,0
15,13,12,246824,12,3979.166549,3979.166549,0
15,12,14,246824,12,3979.166549,2652.777660,0
15,14,12,246824,12,2652.777660,3979.166549,0
15,12,15,246824,28,3979.166549,5305.555438,0
15,15,12,246824,28,5305.555438,3979.166549,0
15,13,16,246824,41,3979.166549,7958.333215,0
15,16,13,246824,41,7958.333215,3979.166549,0
15,14,17,246824,29,2652.777660,3979.166549,0
15,17,14,246824,29,3979.166549,2652.777660,0
15,14,20,246824,26,2652.777660,7958.333215,0
15,20,14,246824,26,7958.333215,2652.777660,0
15,14,21,246824,34,2652.777660,7958.333215,0
15,21,14,246824,34,7958.333215,2652.777660,0
15,14,28,246824,34,2652.777660,5305.555438,0
15,28,14,246824,34,5305.555438,2652.777660,0
15,15,17,246824,37,5305.555438,3979.166549,0
15,17,15,246824,37,3979.166549,5305.555438,0
15,16,28,246824,42,7958.333215,5305.555438,0
15,28,16,246824,42,5305.555438,7958.333215,0
15,17,18,246824,44,3979.166549,7958.333215,0
15,18,17,246824,44,7958.333215,3979.166549,0
15,17,19,246824,37,3979.166549,7958.333215,0
15,19,17,246824,37,7958.333215,3979.166549,0
15,20,29,246824,33,7958.333215,5305.555438,0
15,29,20,246824,33,5305.555438,7958.333215,0
15,23,24,246824,35,7958.333215,3979.166549,0
15,24,23,246824,35,3979.166549,7958.333215,0
15,24,26,246824,34,3979.166549,5305.555438,0
15,26,24,246824,34,5305.555438,3979.166549,0
15,24,27,246824,35,3979.166549,5305.555438,0
15,27,24,246824,35,5305.555438,3979.166549,0
15,25,27,246824,42,7958.333215,5305.555438,0
15,27,25,246824,42,5305.555438,7958.333215,0
16,0,1,246824,14,2273.809406,3979.166549,0
16,1,0,246824,14,3979.166549,2273.809406,0
16,0,3,246824,13,2273.809406,3183.333215,0
16,3,0,246824,13,3183.333215,2273.809406,0
16,0,9,246824,10,2273.809406,2652.777660,0
16,9,0,246824,10,2652.777660,2273.809406,0
16,0,19,246824,28,2273.809406,7958.333215,0
16,19,0,246824,28,7958.333215,2273.809406,0
16,0,23,246824,32,2273.809406,7958.333215,0
16,23,0,246824,32,7958.333215,2273.809406,0
16,0,26,246824,31,2273.809406,7958.333215,0
16,26,0,246824,31,7958.333215,2273.809406,0
16,0,27,246824,32,2273.809406,3979.166549,0
16,27,0,246824,32,3979.166549,2273.809406,0
16,1,2,246824,11,3979.166549,2652.777660,0
16,2,1,246824,11,2652.777660,3979.166549,0
16,1,28,246824,35,3979.166549,5305.555438,0
16,28,1,246824,35,5305.555438,3979.166549,0
16,1,29,246824,27,3979.166549,7958.333215,0
16,29,1,246824,27,7958.333215,3979.166549,0
16,2,5,246824,9,2652.777660,3979.166549,0
16,5,2,246824,9,3979.166549,2652.777660,0
16,2,9,246824,7,2652.777660,2652.777660,0
16,9,2,246824,7,2652.777660,2652.777660,0
16,2,18,246824,37,2652.777660,7958.333215,0
16,18,2,246824,37,7958.333215,2652.777660,0
16,2,22,246824,33,2652.777660,7958.333215,0
16,22,2,246824,33,7958.333215,2652.777660,0
16,2,29,246824,24,2652.777660,7958.333215,0
16,29,2,246824,24,7958.333215,2652.777660,0
16,3,4,246824,13,3183.333215,5305.555438,0
16,4,3,246824,13,5305.555438,3183.333215,0
16,3,12,246824,12,3183.333215,5305.555438,0
16,12,3,246824,12,5305.555438,3183.333215,0
16,3,21,246824,35,3183.333215,7958.333215,0
16,21,3,246824,35,7958.333215,3183.333215,0
16,3,28,246824,35,3183.333215,5305.555438,0
16,28,3,246824,35,5305.555438,3183.333215,0
16,4,6,246824,12,5305.555438,2652.777660,0
16,6,4,246824,12,2652.777660,5305.555438,0
16,4,21,246824,35,5305.555438,7958.333215,0
16,21,4,246824,35,7958.333215,5305.555438,0
16,5,7,246824,11,3979.166549,5305.555438,0
16,7,5,246824,11,5305.555438,3979.166549,0
16,5,13,246824,12,3979.166549,3979.166549,0
16,13,5,246824,12,3979.166549,3979.166549,0
16,5,22,246824,35,3979.166549,7958.333215,0
16,22,5,246824,35,7958.333215,3979.166549,0
16,6,8,246824,11,2652.777660,7958.333215,0
16,8,6,246824,11,7958.333215,2652.777660,0
16,6,9,246824,9,2652.777660,2652.777660,0
16,9,6,246824,9,2652.777660,2652.777660,0
16,6,11,246824,11,2652.777660,3979.166549,0
16,11,6,246824,11,3979.166549,2652.777660,0
16,6,23,246824,31,2652.777660,7958.333215,0
16,23,6,246824,31,7958.333215,2652.777660,0
16,6,27,246824,31,2652.777660,3979.166549,0
16,27,6,246824,31,3979.166549,2652.777660,0
16,7,9,246824,9,5305.555438,2652.777660,0
16,9,7,246824,9,2652.777660,5305.555438,0
16,7,15,246824,28,5305.555438,7958.333215,0
16,15,7,246824,28,7958.333215,5305.555438,0
16,8,10,246824,11,7958.333215,5305.555438,0
16,10,8,246824,11,5305.555438,7958.333215,0
16,9,24,246824,21,2652.777660,5305.555438,0
16,24,9,246824,21,5305.555438,2652.777660,0
16,9,25,246824,28,2652.777660,7958.333215,0
16,25,9,246824,28,7958.333215,2652.777660,0
16,10,11,246824,11,5305.555438,3979.166549,0
16,11,10,246824,11,3979.166549,5305.555438,0
16,10,13,246824,12,5305.555438,3979.166549,0
16,13,10,246824,12,3979.166549,5305.555438,0
16,11,13,246824,11,3979.166549,3979.166549,0
16,13,11,246824,11,3979.166549,3979.166549,0
16,11,14,246824,11,3979.166549,2652.777660,0
16,14,11,246824,11,2652.777660,3979.166549,0
16,12,14,246824,12,5305.555438,2652.777660,0
16,14,12,246824,12,2652.777660,5305.555438,0
16,12,15,246824,28,5305.555438,7958.333215,0
16,15,12,246824,28,7958.333215,5305.555438,0
16,13,14,246824,12,3979.166549,2652.777660,0
16,14,13,246824,12,2652.777660,3979.166549,0
16,14,16,246824,41,2652.777660,7958.333215,0
16,16,14,246824,41,7958.333215,2652.777660,0
16,14,17,246824,29,2652.777660,5305.555438,0
16,17,14,246824,29,5305.555438,2652.777660,0
16,14,20,246824,26,2652.777660,5305.555438,0
16,20,14,246824,26,5305.555438,2652.777660,0
16,16,28,246824,42,7958.333215,5305.555438,0
16,28,16,246824,42,5305.555438,7958.333215,0
16,17,18,246824,44,5305.555438,7958.333215,0
16,18,17,246824,44,7958.333215,5305.555438,0
16,17,20,246824,36,5305.555438,5305.555438,0
16,20,17,246824,36,5305.555438,5305.555438,0
16,19,20,246824,34,7958.333215,5305.555438,0
16,20,19,246824,34,5305.555438,7958.333215,0
16,24,26,246824,34,5305.555438,7958.333215,0
16,26,24,246824,34,7958.333215,5305.555438,0
16,24,27,246824,35,5305.555438,3979.166549,0
16,27,24,246824,35,3979.166549,5305.555438,0
16,25,27,246824,42,7958.333215,3979.166549,0
16,27,25,246824,42,3979.166549,7958.333215,0
17,0,1,246824,14,3183.333215,3979.166549,0
17,1,0,246824,14,3979.166549,3183.333215,0
17,0,3,246824,13,3183.333215,3183.333215,0
17,3,0,246824,13,3183.333215,3183.333215,0
17,0,19,246824,28,3183.333215,7958.333215,0
17,19,0,246824,28,7958.333215,3183.333215,0
17,0,26,246824,31,3183.333215,7958.333215,0
17,26,0,246824,31,7958.333215,3183.333215,0
17,0,29,246824,27,3183.333215,5305.555438,0
17,29,0,246824,27,5305.555438,3183.333215,0
17,1,3,246824,14,3979.166549,3183.333215,0
17,3,1,246824,14,3183.333215,3979.166549,0
17,1,10,246824,13,3979.166549,3183.333215,0
17,10,1,246824,13,3183.333215,3979.166549,0
17,1,29,246824,27,3979.166549,5305.555438,0
17,29,1,246824,27,5305.555438,3979.166549,0
17,2,4,246824,10,3979.166549,2652.777660,0
17,4,2,246824,10,2652.777660,3979.166549,0
17,2,5,246824,9,3979.166549,2652.777660,0
17,5,2,246824,9,2652.777660,3979.166549,0
17,2,9,246824,7,3979.166549,3979.166549,0
17,9,2,246824,7,3979.166549,3979.166549,0
17,2,18,246824,37,3979.166549,7958.333215,0
17,18,2,246824,37,7958.333215,3979.166549,0
17,3,4,246824,13,3183.333215,2652.777660,0
17,4,3,246824,13,2652.777660,3183.333215,0
17,3,12,246824,12,3183.333215,7958.333215,0
17,12,3,246824,12,7958.333215,3183.333215,0
17,3,28,246824,35,3183.333215,5305.555438,0
17,28,3,246824,35,5305.555438,3183.333215,0
17,4,6,246824,12,2652.777660,3183.333215,0
17,6,4,246824,12,3183.333215,2652.777660,0
17,4,8,246824,12,2652.777660,3979.166549,0
17,8,4,246824,12,3979.166549,2652.777660,0
17,4,21,246824,35,2652.777660,7958.333215,0
17,21,4,246824,35,7958.333215,2652.777660,0
17,4,22,246824,36,2652.777660,7958.333215,0
17,22,4,246824,36,7958.333215,2652.777660,0
17,5,6,246824,11,2652.777660,3183.333215,0
17,6,5,246824,11,3183.333215,2652.777660,0
17,5,7,246824,11,2652.777660,3979.166549,0
17,7,5,246824,11,3979.166549,2652.777660,0
17,5,8,246824,11,2652.777660,3979.166549,0
17,8,5,246824,11,3979.166549,2652.777660,0
17,5,13,246824,12,2652.777660,2652.777660,0
17,13,5,246824,12,2652.777660,2652.777660,0
17,5,22,246824,35,2652.777660,7958.333215,0
17,22,5,246824,35,7958.333215,2652.777660,0
17,6,11,246824,11,3183.333215,5305.555438,0
17,11,6,246824,11,5305.555438,3183.333215,0
17,6,23,246824,31,3183.333215,7958.333215,0
17,23,6,246824,31,7958.333215,3183.333215,0
17,6,27,246824,31,3183.333215,5305.555438,0
17,27,6,246824,31,5305.555438,3183.333215,0
17,7,9,246824,9,3979.166549,3979.166549,0
17,9,7,246824,9,3979.166549,3979.166549,0
17,7,10,246824,11,3979.166549,3183.333215,0
17,10,7,246824,11,3183.333215,3979.166549,0
17,7,15,246824,28,3979.166549,5305.555438,0
17,15,7,246824,28,5305.555438,3979.166549,0
17,8,10,246824,11,3979.166549,3183.333215,0
17,10,8,246824,11,3183.333215,3979.166549,0
17,8,26,246824,29,3979.166549,7958.333215,0
17,26,8,246824,29,7958.333215,3979.166549,0
17,9,24,246824,21,3979.166549,5305.555438,0
17,24,9,246824,21,5305.555438,3979.166549,0
17,9,25,246824,28,3979.166549,7958.333215,0
17,25,9,246824,28,7958.333215,3979.166549,0
17,10,11,246824,11,3183.333215,5305.555438,0
17,11,10,246824,11,5305.555438,3183.333215,0
17,10,13,246824,12,3183.333215,2652.777660,0
17,13,10,246824,12,2652.777660,3183.333215,0
17,11,14,246824,11,5305.555438,2652.777660,0
17,14,11,246824,11,2652.777660,5305.555438,0
17,12,13,246824,12,7958.333215,2652.777660,0
17,13,12,246824,12,2652.777660,7958.333215,0
17,13,14,246824,12,2652.777660,2652.777660,0
17,14,13,246824,12,2652.777660,2652.777660,0
17,13,16,246824,41,2652.777660,7958.333215,0
17,16,13,246824,41,7958.333215,2652.777660,0
17,13,21,246824,34,2652.777660,7958.333215,0
17,21,13,246824,34,7958.333215,2652.777660,0
17,14,15,246824,28,2652.777660,5305.555438,0
17,15,14,246824,28,5305.555438,2652.777660,0
17,14,17,246824,29,2652.777660,3979.166549,0
17,17,14,246824,29,3979.166549,2652.777660,0
17,14,20,246824,26,2652.777660,7958.333215,0
17,20,14,246824,26,7958.333215,2652.777660,0
17,14,28,246824,34,2652.777660,5305.555438,0
17,28,14,246824,34,5305.555438,2652.777660,0
17,15,17,246824,37,5305.555438,3979.166549,0
17,17,15,246824,37,3979.166549,5305.555438,0
17,16,28,246824,42,7958.333215,5305.555438,0
17,28,16,246824,42,5305.555438,7958.333215,0
17,17,18,246824,44,3979.166549,7958.333215,0
17,18,17,246824,44,7958.333215,3979.166549,0
17,17,19,246824,37,3979.166549,7958.333215,0
17,19,17,246824,37,7958.333215,3979.166549,0
17,20,29,246824,33,7958.333215,5305.555438,0
17,29,20,246824,33,5305.555438,7958.333215,0
17,23,24,246824,35,7958.333215,5305.555438,0
17,24,23,246824,35,5305.555438,7958.333215,0
17,24,27,246824,35,5305.555438,5305.555438,0
17,27,24,246824,35,5305.555438,5305.555438,0
17,25,27,246824,42,7958.333215,5305.555438,0
17,27,25,246824,42,5305.555438,7958.333215,0
18,0,1,246824,14,2274.999882,2654.166549,0
18,1,0,246824,14,2654.166549,2274.999882,0
18,0,3,246824,13,2274.999882,3981.249882,0
18,3,0,246824,13,3981.249882,2274.999882,0
18,0,9,246824,10,2274.999882,2654.166549,0
18,9,0,246824,10,2654.166549,2274.999882,0
18,0,19,246824,28,2274.999882,7962.499882,0
18,19,0,246824,28,7962.499882,2274.999882,0
18,0,23,246824,32,2274.999882,7962.499882,0
18,23,0,246824,32,7962.499882,2274.999882,0
18,0,26,246824,31,2274.999882,7962.499882,0
18,26,0,246824,31,7962.499882,2274.999882,0
18,0,27,246824,32,2274.999882,7962.499882,0
18,27,0,246824,32,7962.499882,2274.999882,0
18,1,2,246824,11,2654.166549,3184.999882,0
18,2,1,246824,11,3184.999882,2654.166549,0
18,1,4,246824,14,2654.166549,3184.999882,0
18,4,1,246824,14,3184.999882,2654.166549,0
18,1,10,246824,13,2654.166549,3184.999882,0
18,10,1,246824,13,3184.999882,2654.166549,0
18,1,28,246824,35,2654.166549,5308.333215,0
18,28,1,246824,35,5308.333215,2654.166549,0
18,1,29,246824,27,2654.166549,5308.333215,0
18,29,1,246824,27,5308.333215,2654.166549,0
18,2,5,246824,9,3184.999882,5308.333215,0
18,5,2,246824,9,5308.333215,3184.999882,0
18,2,9,246824,7,3184.999882,2654.166549,0
18,9,2,246824,7,2654.166549,3184.999882,0
18,2,18,246824,37,3184.999882,7962.499882,0
18,18,2,246824,37,7962.499882,3184.999882,0
18,2,29,246824,24,3184.999882,5308.333215,0
18,29,2,246824,24,5308.333215,3184.999882,0
18,3,4,246824,13,3981.249882,3184.999882,0
18,4,3,246824,13,3184.999882,3981.249882,0
18,3,12,246824,12,3981.249882,3981.249882,0
18,12,3,246824,12,3981.249882,3981.249882,0
18,3,28,246824,35,3981.249882,5308.333215,0
18,28,3,246824,35,5308.333215,3981.249882,0
18,4,8,246824,12,3184.999882,3981.249882,0
18,8,4,246824,12,3981.249882,3184.999882,0
18,4,21,246824,35,3184.999882,5308.333215,0
18,21,4,246824,35,5308.333215,3184.999882,0
18,4,22,246824,36,3184.999882,7962.499882,0
18,22,4,246824,36,7962.499882,3184.999882,0
18,5,7,246824,11,5308.333215,3981.249882,0
18,7,5,246824,11,3981.249882,5308.333215,0
18,5,22,246824,35,5308.333215,7962.499882,0
18,22,5,246824,35,7962.499882,5308.333215,0
18,6,8,246824,11,3184.999882,3981.249882,0
18,8,6,246824,11,3981.249882,3184.999882,0
18,6,9,246824,9,3184.999882,2654.166549,0
18,9,6,246824,9,2654.166549,3184.999882,0
18,6,11,246824,11,3184.999882,5308.333215,0
18,11,6,246824,11,5308.333215,3184.999882,0
18,6,23,246824,31,3184.999882,7962.499882,0
18,23,6,246824,31,7962.499882,3184.999882,0
18,6,27,246824,31,3184.999882,7962.499882,0
18,27,6,246824,31,7962.499882,3184.999882,0
18,7,9,246824,9,3981.249882,2654.166549,0
18,9,7,246824,9,2654.166549,3981.249882,0
18,7,10,246824,11,3981.249882,3184.999882,0
18,10,7,246824,11,3184.999882,3981.249882,0
18,7,15,246824,28,3981.249882,5308.333215,0
18,15,7,246824,28,5308.333215,3981.249882,0
18,8,10,246824,11,3981.249882,3184.999882,0
18,10,8,246824,11,3184.999882,3981.249882,0
18,8,26,246824,29,3981.249882,7962.499882,0
18,26,8,246824,29,7962.499882,3981.249882,0
18,9,24,246824,21,2654.166549,7962.499882,0
18,24,9,246824,21,7962.499882,2654.166549,0
18,9,25,246824,28,2654.166549,7962.499882,0
18,25,9,246824,28,7962.499882,2654.166549,0
18,10,11,246824,11,3184.999882,5308.333215,0
18,11,10,246824,11,5308.333215,3184.999882,0
18,10,13,246824,12,3184.999882,3981.249882,0
18,13,10,246824,12,3981.249882,3184.999882,0
18,11,14,246824,11,5308.333215,2274.999882,0
18,14,11,246824,11,2274.999882,5308.333215,0
18,12,13,246824,12,3981.249882,3981.249882,0
18,13,12,246824,12,3981.249882,3981.249882,0
18,12,14,246824,12,3981.249882,2274.999882,0
18,14,12,246824,12,2274.999882,3981.249882,0
18,12,15,246824,28,3981.249882,5308.333215,0
18,15,12,246824,28,5308.333215,3981.249882,0
18,13,14,246824,12,3981.249882,2274.999882,0
18,14,13,246824,12,2274.999882,3981.249882,0
18,13,16,246824,41,3981.249882,7962.499882,0
18,16,13,246824,41,7962.499882,3981.249882,0
18,14,16,246824,41,2274.999882,7962.499882,0
18,16,14,246824,41,7962.499882,2274.999882,0
18,14,17,246824,29,2274.999882,3981.249882,0
18,17,14,246824,29,3981.249882,2274.999882,0
18,14,20,246824,26,2274.999882,7962.499882,0
18,20,14,246824,26,7962.499882,2274.999882,0
18,14,21,246824,34,2274.999882,5308.333215,0
18,21,14,246824,34,5308.333215,2274.999882,0
18,15,17,246824,37,5308.333215,3981.249882,0
18,17,15,246824,37,3981.249882,5308.333215,0
18,17,18,246824,44,3981.249882,7962.499882,0
18,18,17,246824,44,7962.499882,3981.249882,0
18,17,19,246824,37,3981.249882,7962.499882,0
18,19,17,246824,37,7962.499882,3981.249882,0
18,20,29,246824,33,7962.499882,5308.333215,0
18,29,20,246824,33,5308.333215,7962.499882,0
18,21,24,246824,38,5308.333215,7962.499882,0
18,24,21,246824,38,7962.499882,5308.333215,0
18,25,28,246824,45,7962.499882,5308.333215,0
18,28,25,246824,45,5308.333215,7962.499882,0
19,0,1,246824,14,1989.583215,5305.555438,0
19,1,0,246824,14,5305.555438,1989.583215,0
19,0,3,246824,13,1989.583215,3183.333215,0
19,3,0,246824,13,3183.333215,1989.583215,0
19,0,9,246824,10,1989.583215,2273.809406,0
19,9,0,246824,10,2273.809406,1989.583215,0
19,0,19,246824,28,1989.583215,7958.333215,0
19,19,0,246824,28,7958.333215,1989.583215,0
19,0,23,246824,32,1989.583215,7958.333215,0
19,23,0,246824,32,7958.333215,1989.583215,0
19,0,26,246824,31,1989.583215,5305.555438,0
19,26,0,246824,31,5305.555438,1989.583215,0
19,0,27,246824,32,1989.583215,5305.555438,0
19,27,0,246824,32,5305.555438,1989.583215,0
19,0,29,246824,27,1989.583215,7958.333215,0
19,29,0,246824,27,7958.333215,1989.583215,0
19,1,4,246824,14,5305.555438,3979.166549,0
19,4,1,246824,14,3979.166549,5305.555438,0
19,1,29,246824,27,5305.555438,7958.333215,0
19,29,1,246824,27,7958.333215,5305.555438,0
19,2,4,246824,10,3183.333215,3979.166549,0
19,4,2,246824,10,3979.166549,3183.333215,0
19,2,5,246824,9,3183.333215,2273.809406,0
19,5,2,246824,9,2273.809406,3183.333215,0
19,2,9,246824,7,3183.333215,2273.809406,0
19,9,2,246824,7,2273.809406,3183.333215,0
19,2,18,246824,37,3183.333215,7958.333215,0
19,18,2,246824,37,7958.333215,3183.333215,0
19,2,22,246824,33,3183.333215,7958.333215,0
19,22,2,246824,33,7958.333215,3183.333215,0
19,3,4,246824,13,3183.333215,3979.166549,0
19,4,3,246824,13,3979.166549,3183.333215,0
19,3,12,246824,12,3183.333215,7958.333215,0
19,12,3,246824,12,7958.333215,3183.333215,0
19,3,21,246824,35,3183.333215,7958.333215,0
19,21,3,246824,35,7958.333215,3183.333215,0
19,3,28,246824,35,3183.333215,5305.555438,0
19,28,3,246824,35,5305.555438,3183.333215,0
19,4,21,246824,35,3979.166549,7958.333215,0
19,21,4,246824,35,7958.333215,3979.166549,0
19,5,6,246824,11,2273.809406,2652.777660,0
19,6,5,246824,11,2652.777660,2273.809406,0
19,5,7,246824,11,2273.809406,5305.555438,0
19,7,5,246824,11,5305.555438,2273.809406,0
19,5,8,246824,11,2273.809406,3979.166549,0
19,8,5,246824,11,3979.166549,2273.809406,0
19,5,9,246824,9,2273.809406,2273.809406,0
19,9,5,246824,9,2273.809406,2273.809406,0
19,5,13,246824,12,2273.809406,3183.333215,0
19,13,5,246824,12,3183.333215,2273.809406,0
19,5,22,246824,35,2273.809406,7958.333215,0
19,22,5,246824,35,7958.333215,2273.809406,0
19,6,8,246824,11,2652.777660,3979.166549,0
19,8,6,246824,11,3979.166549,2652.777660,0
19,6,9,246824,9,2652.777660,2273.809406,0
19,9,6,246824,9,2273.809406,2652.777660,0
19,6,11,246824,11,2652.777660,3979.166549,0
19,11,6,246824,11,3979.166549,2652.777660,0
19,6,23,246824,31,2652.777660,7958.333215,0
19,23,6,246824,31,7958.333215,2652.777660,0
19,6,27,246824,31,2652.777660,5305.555438,0
19,27,6,246824,31,5305.555438,2652.777660,0
19,7,9,246824,9,5305.555438,2273.809406,0
19,9,7,246824,9,2273.809406,5305.555438,0
19,7,15,246824,28,5305.555438,7958.333215,0
19,15,7,246824,28,7958.333215,5305.555438,0
19,8,10,246824,11,3979.166549,7958.333215,0
19,10,8,246824,11,7958.333215,3979.166549,0
19,8,26,246824,29,3979.166549,5305.555438,0
19,26,8,246824,29,5305.555438,3979.166549,0
19,9,24,246824,21,2273.809406,7958.333215,0
19,24,9,246824,21,7958.333215,2273.809406,0
19,9,25,246824,28,2273.809406,7958.333215,0
19,25,9,246824,28,7958.333215,2273.809406,0
19,10,11,246824,11,7958.333215,3979.166549,0
19,11,10,246824,11,3979.166549,7958.333215,0
19,11,13,246824,11,3979.166549,3183.333215,0
19,13,11,246824,11,3183.333215,3979.166549,0
19,11,14,246824,11,3979.166549,2652.777660,0
19,14,11,246824,11,2652.777660,3979.166549,0
19,12,13,246824,12,7958.333215,3183.333215,0
19,13,12,246824,12,3183.333215,7958.333215,0
19,13,14,246824,12,3183.333215,2652.777660,0
19,14,13,246824,12,2652.777660,3183.333215,0
19,13,16,246824,41,3183.333215,7958.333215,0
19,16,13,246824,41,7958.333215,3183.333215,0
19,14,15,246824,28,2652.777660,7958.333215,0
19,15,14,246824,28,7958.333215,2652.777660,0
19,14,17,246824,29,2652.777660,3979.166549,0
19,17,14,246824,29,3979.166549,2652.777660,0
19,14,20,246824,26,2652.777660,7958.333215,0
19,20,14,246824,26,7958.333215,2652.777660,0
19,14,28,246824,34,2652.777660,5305.555438,0
19,28,14,246824,34,5305.555438,2652.777660,0
19,16,28,246824,42,7958.333215,5305.555438,0
19,28,16,246824,42,5305.555438,7958.333215,0
19,17,18,246824,44,3979.166549,7958.333215,0
19,18,17,246824,44,7958.333215,3979.166549,0
19,17,19,246824,37,3979.166549,7958.333215,0
19,19,17,246824,37,7958.333215,3979.166549,0
19,17,20,246824,36,3979.166549,7958.333215,0
19,20,17,246824,36,7958.333215,3979.166549,0
19,24,26,246824,34,7958.333215,5305.555438,0
19,26,24,246824,34,5305.555438,7958.333215,0
19,25,27,246824,42,7958.333215,5305.555438,0
19,27,25,246824,42,5305.555438,7958.333215,0
20,0,1,246824,14,3981.249882,2654.166549,0
20,1,0,246824,14,2654.166549,3981.249882,0
20,0,3,246824,13,3981.249882,3981.249882,0
20,3,0,246824,13,3981.249882,3981.249882,0
20,0,9,246824,10,3981.249882,2654.166549,0
20,9,0,246824,10,2654.166549,3981.249882,0
20,0,19,246824,28,3981.249882,7962.499882,0
20,19,0,246824,28,7962.499882,3981.249882,0
20,1,2,246824,11,2654.166549,2654.166549,0
20,2,1,246824,11,2654.166549,2654.166549,0
20,1,3,246824,14,2654.166549,3981.249882,0
20,3,1,246824,14,3981.249882,2654.166549,0
20,1,10,246824,13,2654.166549,3981.249882,0
20,10,1,246824,13,3981.249882,2654.166549,0
20,1,28,246824,35,2654.166549,5308.333215,0
20,28,1,246824,35,5308.333215,2654.166549,0
20,1,29,246824,27,2654.166549,5308.333215,0
20,29,1,246824,27,5308.333215,2654.166549,0
20,2,5,246824,9,2654.166549,3184.999882,0
20,5,2,246824,9,3184.999882,2654.166549,0
20,2,9,246824,7,2654.166549,2654.166549,0
20,9,2,246824,7,2654.166549,2654.166549,0
20,2,18,246824,37,2654.166549,7962.499882,0
20,18,2,246824,37,7962.499882,2654.166549,0
20,2,22,246824,33,2654.166549,7962.499882,0
20,22,2,246824,33,7962.499882,2654.166549,0
20,2,29,246824,24,2654.166549,5308.333215,0
20,29,2,246824,24,5308.333215,2654.166549,0
20,3,12,246824,12,3981.249882,5308.333215,0
20,12,3,246824,12,5308.333215,3981.249882,0
20,3,28,246824,35,3981.249882,5308.333215,0
20,28,3,246824,35,5308.333215,3981.249882,0
20,4,6,246824,12,7962.499882,3184.999882,0
20,6,4,246824,12,3184.999882,7962.499882,0
20,4,8,246824,12,7962.499882,3981.249882,0
20,8,4,246824,12,3981.249882,7962.499882,0
20,5,7,246824,11,3184.999882,3981.249882,0
20,7,5,246824,11,3981.249882,3184.999882,0
20,5,8,246824,11,3184.999882,3981.249882,0
20,8,5,246824,11,3981.249882,3184.999882,0
20,5,13,246824,12,3184.999882,3981.249882,0
20,13,5,246824,12,3981.249882,3184.999882,0
20,5,22,246824,35,3184.999882,7962.499882,0
20,22,5,246824,35,7962.499882,3184.999882,0
20,6,9,246824,9,3184.999882,2654.166549,0
20,9,6,246824,9,2654.166549,3184.999882,0
20,6,11,246824,11,3184.999882,7962.499882,0
20,11,6,246824,11,7962.499882,3184.999882,0
20,6,23,246824,31,3184.999882,7962.499882,0
20,23,6,246824,31,7962.499882,3184.999882,0
20,6,27,246824,31,3184.999882,7962.499882,0
20,27,6,246824,31,7962.499882,3184.999882,0
20,7,9,246824,9,3981.249882,2654.166549,0
20,9,7,246824,9,2654.166549,3981.249882,0
20,7,10,246824,11,3981.249882,3981.249882,0
20,10,7,246824,11,3981.249882,3981.249882,0
20,7,15,246824,28,3981.249882,7962.499882,0
20,15,7,246824,28,7962.499882,3981.249882,0
20,8,10,246824,11,3981.249882,3981.249882,0
20,10,8,246824,11,3981.249882,3981.249882,0
20,8,26,246824,29,3981.249882,7962.499882,0
20,26,8,246824,29,7962.499882,3981.249882,0
20,9,24,246824,21,2654.166549,3184.999882,0
20,24,9,246824,21,3184.999882,2654.166549,0
20,9,25,246824,28,2654.166549,7962.499882,0
20,25,9,246824,28,7962.499882,2654.166549,0
20,10,13,246824,12,3981.249882,3981.249882,0
20,13,10,246824,12,3981.249882,3981.249882,0
20,11,14,246824,11,7962.499882,2654.166549,0
20,14,11,246824,11,2654.166549,7962.499882,0
20,12,14,246824,12,5308.333215,2654.166549,0
20,14,12,246824,12,2654.166549,5308.333215,0
20,12,15,246824,28,5308.333215,7962.499882,0
20,15,12,246824,28,7962.499882,5308.333215,0
20,13,16,246824,41,3981.249882,7962.499882,0
20,16,13,246824,41,7962.499882,3981.249882,0
20,13,21,246824,34,3981.249882,5308.333215,0
20,21,13,246824,34,5308.333215,3981.249882,0
20,14,16,246824,41,2654.166549,7962.499882,0
20,16,14,246824,41,7962.499882,2654.166549,0
20,14,17,246824,29,2654.166549,5308.333215,0
20,17,14,246824,29,5308.333215,2654.166549,0
20,14,20,246824,26,2654.166549,7962.499882,0
20,20,14,246824,26,7962.499882,2654.166549,0
20,14,21,246824,34,2654.166549,5308.333215,0
20,21,14,246824,34,5308.333215,2654.166549,0
20,17,18,246824,44,5308.333215,7962.499882,0
20,18,17,246824,44,7962.499882,5308.333215,0
20,17,19,246824,37,5308.333215,7962.499882,0
20,19,17,246824,37,7962.499882,5308.333215,0
20,20,29,246824,33,7962.499882,5308.333215,0
20,29,20,246824,33,5308.333215,7962.499882,0
20,21,24,246824,38,5308.333215,3184.999882,0
20,24,21,246824,38,3184.999882,5308.333215,0
20,23,24,246824,35,7962.499882,3184.999882,0
20,24,23,246824,35,3184.999882,7962.499882,0
20,24,26,246824,34,3184.999882,7962.499882,0
20,26,24,246824,34,7962.499882,3184.999882,0
20,24,27,246824,35,3184.999882,7962.499882,0
20,27,24,246824,35,7962.499882,3184.999882,0
20,25,28,246824,45,7962.499882,5308.333215,0
20,28,25,246824,45,5308.333215,7962.499882,0
21,0,3,246824,13,2656.944326,2656.944326,0
21,3,0,246824,13,2656.944326,2656.944326,0
21,0,9,246824,10,2656.944326,3188.333215,0
21,9,0,246824,10,3188.333215,2656.944326,0
21,0,19,246824,28,2656.944326,7970.833215,0
21,19,0,246824,28,7970.833215,2656.944326,0
21,0,26,246824,31,2656.944326,7970.833215,0
21,26,0,246824,31,7970.833215,2656.944326,0
21,0,27,246824,32,2656.944326,3985.416549,0
21,27,0,246824,32,3985.416549,2656.944326,0
21,0,29,246824,27,2656.944326,7970.833215,0
21,29,0,246824,27,7970.833215,2656.944326,0
21,1,3,246824,14,5313.888771,2656.944326,0
21,3,1,246824,14,2656.944326,5313.888771,0
21,1,4,246824,14,5313.888771,2277.380834,0
21,4,1,246824,14,2277.380834,5313.888771,0
21,1,10,246824,13,5313.888771,5313.888771,0
21,10,1,246824,13,5313.888771,5313.888771,0
21,2,4,246824,10,3985.416549,2277.380834,0
21,4,2,246824,10,2277.380834,3985.416549,0
21,2,5,246824,9,3985.416549,3188.333215,0
21,5,2,246824,9,3188.333215,3985.416549,0
21,2,18,246824,37,3985.416549,7970.833215,0
21,18,2,246824,37,7970.833215,3985.416549,0
21,2,29,246824,24,3985.416549,7970.833215,0
21,29,2,246824,24,7970.833215,3985.416549,0
21,3,4,246824,13,2656.944326,2277.380834,0
21,4,3,246824,13,2277.380834,2656.944326,0
21,3,12,246824,12,2656.944326,7970.833215,0
21,12,3,246824,12,7970.833215,2656.944326,0
21,3,21,246824,35,2656.944326,7970.833215,0
21,21,3,246824,35,7970.833215,2656.944326,0
21,3,28,246824,35,2656.944326,5313.888771,0
21,28,3,246824,35,5313.888771,2656.944326,0
21,4,6,246824,12,2277.380834,2277.380834,0
21,6,4,246824,12,2277.380834,2277.380834,0
21,4,8,246824,12,2277.380834,5313.888771,0
21,8,4,246824,12,5313.888771,2277.380834,0
21,4,21,246824,35,2277.380834,7970.833215,0
21,21,4,246824,35,7970.833215,2277.380834,0
21,4,22,246824,36,2277.380834,7970.833215,0
21,22,4,246824,36,7970.833215,2277.380834,0
21,5,6,246824,11,3188.333215,2277.380834,0
21,6,5,246824,11,2277.380834,3188.333215,0
21,5,7,246824,11,3188.333215,3985.416549,0
21,7,5,246824,11,3985.416549,3188.333215,0
21,5,13,246824,12,3188.333215,7970.833215,0
21,13,5,246824,12,7970.833215,3188.333215,0
21,5,22,246824,35,3188.333215,7970.833215,0
21,22,5,246824,35,7970.833215,3188.333215,0
21,6,8,246824,11,2277.380834,5313.888771,0
21,8,6,246824,11,5313.888771,2277.380834,0
21,6,9,246824,9,2277.380834,3188.333215,0
21,9,6,246824,9,3188.333215,2277.380834,0
21,6,11,246824,11,2277.380834,5313.888771,0
21,11,6,246824,11,5313.888771,2277.380834,0
21,6,23,246824,31,2277.380834,7970.833215,0
21,23,6,246824,31,7970.833215,2277.380834,0
21,6,27,246824,31,2277.380834,3985.416549,0
21,27,6,246824,31,3985.416549,2277.380834,0
21,7,9,246824,9,3985.416549,3188.333215,0
21,9,7,246824,9,3188.333215,3985.416549,0
21,7,10,246824,11,3985.416549,5313.888771,0
21,10,7,246824,11,5313.888771,3985.416549,0
21,7,15,246824,28,3985.416549,5313.888771,0
21,15,7,246824,28,5313.888771,3985.416549,0
21,8,26,246824,29,5313.888771,7970.833215,0
21,26,8,246824,29,7970.833215,5313.888771,0
21,9,24,246824,21,3188.333215,5313.888771,0
21,24,9,246824,21,5313.888771,3188.333215,0
21,9,25,246824,28,3188.333215,7970.833215,0
21,25,9,246824,28,7970.833215,3188.333215,0
21,10,11,246824,11,5313.888771,5313.888771,0
21,11,10,246824,11,5313.888771,5313.888771,0
21,11,14,246824,11,5313.888771,1992.708215,0
21,14,11,246824,11,1992.708215,5313.888771,0
21,12,14,246824,12,7970.833215,1992.708215,0
21,14,12,246824,12,1992.708215,7970.833215,0
21,13,14,246824,12,7970.833215,1992.708215,0
21,14,13,246824,12,1992.708215,7970.833215,0
21,14,15,246824,28,1992.708215,5313.888771,0
21,15,14,246824,28,5313.888771,1992.708215,0
21,14,16,246824,41,1992.708215,7970.833215,0
21,16,14,246824,41,7970.833215,1992.708215,0
21,14,17,246824,29,1992.708215,7970.833215,0
21,17,14,246824,29,7970.833215,1992.708215,0
21,14,20,246824,26,1992.708215,5313.888771,0
21,20,14,246824,26,5313.888771,1992.708215,0
21,14,28,246824,34,1992.708215,5313.888771,0
21,28,14,246824,34,5313.888771,1992.708215,0
21,15,18,246824,47,5313.888771,7970.833215,0
21,18,15,246824,47,7970.833215,5313.888771,0
21,16,28,246824,42,7970.833215,5313.888771,0
21,28,16,246824,42,5313.888771,7970.833215,0
21,17,20,246824,36,7970.833215,5313.888771,0
21,20,17,246824,36,5313.888771,7970.833215,0
21,19,20,246824,34,7970.833215,5313.888771,0
21,20,19,246824,34,5313.888771,7970.833215,0
21,23,24,246824,35,7970.833215,5313.888771,0
21,24,23,246824,35,5313.888771,7970.833215,0
21,24,27,246824,35,5313.888771,3985.416549,0
21,27,24,246824,35,3985.416549,5313.888771,0
21,25,27,246824,42,7970.833215,3985.416549,0
21,27,25,246824,42,3985.416549,7970.833215,0
22,0,1,246824,14,1990.624882,3184.999882,0
22,1,0,246824,14,3184.999882,1990.624882,0
22,0,3,246824,13,1990.624882,3981.249882,0
22,3,0,246824,13,3981.249882,1990.624882,0
22,0,9,246824,10,1990.624882,2654.166549,0
22,9,0,246824,10,2654.166549,1990.624882,0
22,0,19,246824,28,1990.624882,7962.499882,0
22,19,0,246824,28,7962.499882,1990.624882,0
22,0,23,246824,32,1990.624882,5308.333215,0
22,23,0,246824,32,5308.333215,1990.624882,0
22,0,26,246824,31,1990.624882,7962.499882,0
22,26,0,246824,31,7962.499882,1990.624882,0
22,0,27,246824,32,1990.624882,7962.499882,0
22,27,0,246824,32,7962.499882,1990.624882,0
22,0,29,246824,27,1990.624882,5308.333215,0
22,29,0,246824,27,5308.333215,1990.624882,0
22,1,2,246824,11,3184.999882,3184.999882,0
22,2,1,246824,11,3184.999882,3184.999882,0
22,1,10,246824,13,3184.999882,3981.249882,0
22,10,1,246824,13,3981.249882,3184.999882,0
22,1,28,246824,35,3184.999882,5308.333215,0
22,28,1,246824,35,5308.333215,3184.999882,0
22,1,29,246824,27,3184.999882,5308.333215,0
22,29,1,246824,27,5308.333215,3184.999882,0
22,2,4,246824,10,3184.999882,3184.999882,0
22,4,2,246824,10,3184.999882,3184.999882,0
22,2,5,246824,9,3184.999882,3981.249882,0
22,5,2,246824,9,3981.249882,3184.999882,0
22,2,18,246824,37,3184.999882,7962.499882,0
22,18,2,246824,37,7962.499882,3184.999882,0
22,2,22,246824,33,3184.999882,7962.499882,0
22,22,2,246824,33,7962.499882,3184.999882,0
22,3,4,246824,13,3981.249882,3184.999882,0
22,4,3,246824,13,3184.999882,3981.249882,0
22,3,12,246824,12,3981.249882,5308.333215,0
22,12,3,246824,12,5308.333215,3981.249882,0
22,3,28,246824,35,3981.249882,5308.333215,0
22,28,3,246824,35,5308.333215,3981.249882,0
22,4,6,246824,12,3184.999882,2654.166549,0
22,6,4,246824,12,2654.166549,3184.999882,0
22,4,21,246824,35,3184.999882,7962.499882,0
22,21,4,246824,35,7962.499882,3184.999882,0
22,4,22,246824,36,3184.999882,7962.499882,0
22,22,4,246824,36,7962.499882,3184.999882,0
22,5,7,246824,11,3981.249882,3981.249882,0
22,7,5,246824,11,3981.249882,3981.249882,0
22,5,9,246824,9,3981.249882,2654.166549,0
22,9,5,246824,9,2654.166549,3981.249882,0
22,5,13,246824,12,3981.249882,3981.249882,0
22,13,5,246824,12,3981.249882,3981.249882,0
22,6,8,246824,11,2654.166549,5308.333215,0
22,8,6,246824,11,5308.333215,2654.166549,0
22,6,9,246824,9,2654.166549,2654.166549,0
22,9,6,246824,9,2654.166549,2654.166549,0
22,6,11,246824,11,2654.166549,5308.333215,0
22,11,6,246824,11,5308.333215,2654.166549,0
22,6,23,246824,31,2654.166549,5308.333215,0
22,23,6,246824,31,5308.333215,2654.166549,0
22,6,27,246824,31,2654.166549,7962.499882,0
22,27,6,246824,31,7962.499882,2654.166549,0
22,7,9,246824,9,3981.249882,2654.166549,0
22,9,7,246824,9,2654.166549,3981.249882,0
22,7,10,246824,11,3981.249882,3981.249882,0
22,10,7,246824,11,3981.249882,3981.249882,0
22,7,15,246824,28,3981.249882,7962.499882,0
22,15,7,246824,28,7962.499882,3981.249882,0
22,8,10,246824,11,5308.333215,3981.249882,0
22,10,8,246824,11,3981.249882,5308.333215,0
22,8,26,246824,29,5308.333215,7962.499882,0
22,26,8,246824,29,7962.499882,5308.333215,0
22,9,24,246824,21,2654.166549,7962.499882,0
22,24,9,246824,21,7962.499882,2654.166549,0
22,9,25,246824,28,2654.166549,7962.499882,0
22,25,9,246824,28,7962.499882,2654.166549,0
22,10,11,246824,11,3981.249882,5308.333215,0
22,11,10,246824,11,5308.333215,3981.249882,0
22,11,14,246824,11,5308.333215,2654.166549,0
22,14,11,246824,11,2654.166549,5308.333215,0
22,12,13,246824,12,5308.333215,3981.249882,0
22,13,12,246824,12,3981.249882,5308.333215,0
22,12,15,246824,28,5308.333215,7962.499882,0
22,15,12,246824,28,7962.499882,5308.333215,0
22,13,14,246824,12,3981.249882,2654.166549,0
22,14,13,246824,12,2654.166549,3981.249882,0
22,13,16,246824,41,3981.249882,7962.499882,0
22,16,13,246824,41,7962.499882,3981.249882,0
22,14,16,246824,41,2654.166549,7962.499882,0
22,16,14,246824,41,7962.499882,2654.166549,0
22,14,17,246824,29,2654.166549,5308.333215,0
22,17,14,246824,29,5308.333215,2654.166549,0
22,14,20,246824,26,2654.166549,7962.499882,0
22,20,14,246824,26,7962.499882,2654.166549,0
22,14,21,246824,34,2654.166549,7962.499882,0
22,21,14,246824,34,7962.499882,2654.166549,0
22,17,18,246824,44,5308.333215,7962.499882,0
22,18,17,246824,44,7962.499882,5308.333215,0
22,17,19,246824,37,5308.333215,7962.499882,0
22,19,17,246824,37,7962.499882,5308.333215,0
22,20,29,246824,33,7962.499882,5308.333215,0
22,29,20,246824,33,5308.333215,7962.499882,0
22,23,24,246824,35,5308.333215,7962.499882,0
22,24,23,246824,35,7962.499882,5308.333215,0
22,25,28,246824,45,7962.499882,5308.333215,0
22,28,25,246824,45,5308.333215,7962.499882,0
23,0,1,246824,14,3985.416549,3188.333215,0
23,1,0,246824,14,3188.333215,3985.416549,0
23,0,9,246824,10,3985.416549,2656.944326,0
23,9,0,246824,10,2656.944326,3985.416549,0
23,0,19,246824,28,3985.416549,7970.833215,0
23,19,0,246824,28,7970.833215,3985.416549,0
23,0,26,246824,31,3985.416549,5313.888771,0
23,26,0,246824,31,5313.888771,3985.416549,0
23,1,2,246824,11,3188.333215,5313.888771,0
23,2,1,246824,11,5313.888771,3188.333215,0
23,1,4,246824,14,3188.333215,2656.944326,0
23,4,1,246824,14,2656.944326,3188.333215,0
23,1,28,246824,35,3188.333215,5313.888771,0
23,28,1,246824,35,5313.888771,3188.333215,0
23,1,29,246824,27,3188.333215,5313.888771,0
23,29,1,246824,27,5313.888771,3188.333215,0
23,2,9,246824,7,5313.888771,2656.944326,0
23,9,2,246824,7,2656.944326,5313.888771,0
23,2,29,246824,24,5313.888771,5313.888771,0
23,29,2,246824,24,5313.888771,5313.888771,0
23,3,4,246824,13,5313.888771,2656.944326,0
23,4,3,246824,13,2656.944326,5313.888771,0
23,3,12,246824,12,5313.888771,7970.833215,0
23,12,3,246824,12,7970.833215,5313.888771,0
23,3,21,246824,35,5313.888771,7970.833215,0
23,21,3,246824,35,7970.833215,5313.888771,0
23,4,6,246824,12,2656.944326,2277.380834,0
23,6,4,246824,12,2277.380834,2656.944326,0
23,4,8,246824,12,2656.944326,3188.333215,0
23,8,4,246824,12,3188.333215,2656.944326,0
23,4,21,246824,35,2656.944326,7970.833215,0
23,21,4,246824,35,7970.833215,2656.944326,0
23,4,22,246824,36,2656.944326,7970.833215,0
23,22,4,246824,36,7970.833215,2656.944326,0
23,5,6,246824,11,3188.333215,2277.380834,0
23,6,5,246824,11,2277.380834,3188.333215,0
23,5,7,246824,11,3188.333215,5313.888771,0
23,7,5,246824,11,5313.888771,3188.333215,0
23,5,8,246824,11,3188.333215,3188.333215,0
23,8,5,246824,11,3188.333215,3188.333215,0
23,5,13,246824,12,3188.333215,5313.888771,0
23,13,5,246824,12,5313.888771,3188.333215,0
23,5,22,246824,35,3188.333215,7970.833215,0
23,22,5,246824,35,7970.833215,3188.333215,0
23,6,8,246824,11,2277.380834,3188.333215,0
23,8,6,246824,11,3188.333215,2277.380834,0
23,6,9,246824,9,2277.380834,2656.944326,0
23,9,6,246824,9,2656.944326,2277.380834,0
23,6,11,246824,11,2277.380834,3985.416549,0
23,11,6,246824,11,3985.416549,2277.380834,0
23,6,23,246824,31,2277.380834,7970.833215,0
23,23,6,246824,31,7970.833215,2277.380834,0
23,6,27,246824,31,2277.380834,5313.888771,0
23,27,6,246824,31,5313.888771,2277.380834,0
23,7,9,246824,9,5313.888771,2656.944326,0
23,9,7,246824,9,2656.944326,5313.888771,0
23,7,15,246824,28,5313.888771,3985.416549,0
23,15,7,246824,28,3985.416549,5313.888771,0
23,8,10,246824,11,3188.333215,7970.833215,0
23,10,8,246824,11,7970.833215,3188.333215,0
23,8,26,246824,29,3188.333215,5313.888771,0
23,26,8,246824,29,5313.888771,3188.333215,0
23,9,24,246824,21,2656.944326,3985.416549,0
23,24,9,246824,21,3985.416549,2656.944326,0
23,9,25,246824,28,2656.944326,7970.833215,0
23,25,9,246824,28,7970.833215,2656.944326,0
23,10,11,246824,11,7970.833215,3985.416549,0
23,11,10,246824,11,3985.416549,7970.833215,0
23,11,13,246824,11,3985.416549,5313.888771,0
23,13,11,246824,11,5313.888771,3985.416549,0
23,11,14,246824,11,3985.416549,1992.708215,0
23,14,11,246824,11,1992.708215,3985.416549,0
23,12,14,246824,12,7970.833215,1992.708215,0
23,14,12,246824,12,1992.708215,7970.833215,0
23,13,14,246824,12,5313.888771,1992.708215,0
23,14,13,246824,12,1992.708215,5313.888771,0
23,14,15,246824,28,1992.708215,3985.416549,0
23,15,14,246824,28,3985.416549,1992.708215,0
23,14,16,246824,41,1992.708215,7970.833215,0
23,16,14,246824,41,7970.833215,1992.708215,0
23,14,17,246824,29,1992.708215,3985.416549,0
23,17,14,246824,29,3985.416549,1992.708215,0
23,14,20,246824,26,1992.708215,7970.833215,0
23,20,14,246824,26,7970.833215,1992.708215,0
23,14,28,246824,34,1992.708215,5313.888771,0
23,28,14,246824,34,5313.888771,1992.708215,0
23,15,17,246824,37,3985.416549,3985.416549,0
23,17,15,246824,37,3985.416549,3985.416549,0
23,15,18,246824,47,3985.416549,7970.833215,0
23,18,15,246824,47,7970.833215,3985.416549,0
23,16,28,246824,42,7970.833215,5313.888771,0
23,28,16,246824,42,5313.888771,7970.833215,0
23,17,18,246824,44,3985.416549,7970.833215,0
23,18,17,246824,44,7970.833215,3985.416549,0
23,17,19,246824,37,3985.416549,7970.833215,0
23,19,17,246824,37,7970.833215,3985.416549,0
23,20,29,246824,33,7970.833215,5313.888771,0
23,29,20,246824,33,5313.888771,7970.833215,0
23,23,24,246824,35,7970.833215,3985.416549,0
23,24,23,246824,35,3985.416549,7970.833215,0
23,24,26,246824,34,3985.416549,5313.888771,0
23,26,24,246824,34,5313.888771,3985.416549,0
23,24,27,246824,35,3985.416549,5313.888771,0
23,27,24,246824,35,5313.888771,3985.416549,0
23,25,27,246824,42,7970.833215,5313.888771,0
23,27,25,246824,42,5313.888771,7970.833215,0
24,0,1,246824,14,2277.380834,3188.333215,0
24,1,0,246824,14,3188.333215,2277.380834,0
24,0,3,246824,13,2277.380834,3985.416549,0
24,3,0,246824,13,3985.416549,2277.380834,0
24,0,19,246824,28,2277.380834,3985.416549,0
24,19,0,246824,28,3985.416549,2277.380834,0
24,0,23,246824,32,2277.380834,7970.833215,0
24,23,0,246824,32,7970.833215,2277.380834,0
24,0,26,246824,31,2277.380834,7970.833215,0
24,26,0,246824,31,7970.833215,2277.380834,0
24,0,27,246824,32,2277.380834,3985.416549,0
24,27,0,246824,32,3985.416549,2277.380834,0
24,0,29,246824,27,2277.380834,5313.888771,0
24,29,0,246824,27,5313.888771,2277.380834,0
24,1,2,246824,11,3188.333215,2277.380834,0
24,2,1,246824,11,2277.380834,3188.333215,0
24,1,3,246824,14,3188.333215,3985.416549,0
24,3,1,246824,14,3985.416549,3188.333215,0
24,1,10,246824,13,3188.333215,3188.333215,0
24,10,1,246824,13,3188.333215,3188.333215,0
24,1,28,246824,35,3188.333215,5313.888771,0
24,28,1,246824,35,5313.888771,3188.333215,0
24,2,4,246824,10,2277.380834,5313.888771,0
24,4,2,246824,10,5313.888771,2277.380834,0
24,2,5,246824,9,2277.380834,3985.416549,0
24,5,2,246824,9,3985.416549,2277.380834,0
24,2,9,246824,7,2277.380834,3985.416549,0
24,9,2,246824,7,3985.416549,2277.380834,0
24,2,18,246824,37,2277.380834,7970.833215,0
24,18,2,246824,37,7970.833215,2277.380834,0
24,2,22,246824,33,2277.380834,7970.833215,0
24,22,2,246824,33,7970.833215,2277.380834,0
24,2,29,246824,24,2277.380834,5313.888771,0
24,29,2,246824,24,5313.888771,2277.380834,0
24,3,12,246824,12,3985.416549,3985.416549,0
24,12,3,246824,12,3985.416549,3985.416549,0
24,3,28,246824,35,3985.416549,5313.888771,0
24,28,3,246824,35,5313.888771,3985.416549,0
24,4,8,246824,12,5313.888771,3985.416549,0
24,8,4,246824,12,3985.416549,5313.888771,0
24,4,22,246824,36,5313.888771,7970.833215,0
24,22,4,246824,36,7970.833215,5313.888771,0
24,5,6,246824,11,3985.416549,3188.333215,0
24,6,5,246824,11,3188.333215,3985.416549,0
24,5,7,246824,11,3985.416549,3985.416549,0
24,7,5,246824,11,3985.416549,3985.416549,0
24,5,13,246824,12,3985.416549,3188.333215,0
24,13,5,246824,12,3188.333215,3985.416549,0
24,6,8,246824,11,3188.333215,3985.416549,0
24,8,6,246824,11,3985.416549,3188.333215,0
24,6,11,246824,11,3188.333215,5313.888771,0
24,11,6,246824,11,5313.888771,3188.333215,0
24,6,23,246824,31,3188.333215,7970.833215,0
24,23,6,246824,31,7970.833215,3188.333215,0
24,6,27,246824,31,3188.333215,3985.416549,0
24,27,6,246824,31,3985.416549,3188.333215,0
24,7,9,246824,9,3985.416549,3985.416549,0
24,9,7,246824,9,3985.416549,3985.416549,0
24,7,10,246824,11,3985.416549,3188.333215,0
24,10,7,246824,11,3188.333215,3985.416549,0
24,7,15,246824,28,3985.416549,7970.833215,0
24,15,7,246824,28,7970.833215,3985.416549,0
24,8,10,246824,11,3985.416549,3188.333215,0
24,10,8,246824,11,3188.333215,3985.416549,0
24,8,26,246824,29,3985.416549,7970.833215,0
24,26,8,246824,29,7970.833215,3985.416549,0
24,9,24,246824,21,3985.416549,7970.833215,0
24,24,9,246824,21,7970.833215,3985.416549,0
24,9,25,246824,28,3985.416549,7970.833215,0
24,25,9,246824,28,7970.833215,3985.416549,0
24,10,11,246824,11,3188.333215,5313.888771,0
24,11,10,246824,11,5313.888771,3188.333215,0
24,10,13,246824,12,3188.333215,3188.333215,0
24,13,10,246824,12,3188.333215,3188.333215,0
24,11,14,246824,11,5313.888771,3188.333215,0
24,14,11,246824,11,3188.333215,5313.888771,0
24,12,13,246824,12,3985.416549,3188.333215,0
24,13,12,246824,12,3188.333215,3985.416549,0
24,12,14,246824,12,3985.416549,3188.333215,0
24,14,12,246824,12,3188.333215,3985.416549,0
24,12,15,246824,28,3985.416549,7970.833215,0
24,15,12,246824,28,7970.833215,3985.416549,0
24,13,16,246824,41,3188.333215,7970.833215,0
24,16,13,246824,41,7970.833215,3188.333215,0
24,13,21,246824,34,3188.333215,7970.833215,0
24,21,13,246824,34,7970.833215,3188.333215,0
24,14,17,246824,29,3188.333215,7970.833215,0
24,17,14,246824,29,7970.833215,3188.333215,0
24,14,20,246824,26,3188.333215,5313.888771,0
24,20,14,246824,26,5313.888771,3188.333215,0
24,14,21,246824,34,3188.333215,7970.833215,0
24,21,14,246824,34,7970.833215,3188.333215,0
24,16,28,246824,42,7970.833215,5313.888771,0
24,28,16,246824,42,5313.888771,7970.833215,0
24,17,19,246824,37,7970.833215,3985.416549,0
24,19,17,246824,37,3985.416549,7970.833215,0
24,18,19,246824,47,7970.833215,3985.416549,0
24,19,18,246824,47,3985.416549,7970.833215,0
24,19,20,246824,34,3985.416549,5313.888771,0
24,20,19,246824,34,5313.888771,3985.416549,0
24,20,29,246824,33,5313.888771,5313.888771,0
24,29,20,246824,33,5313.888771,5313.888771,0
24,24,27,246824,35,7970.833215,3985.416549,0
24,27,24,246824,35,3985.416549,7970.833215,0
24,25,27,246824,42,7970.833215,3985.416549,0
24,27,25,246824,42,3985.416549,7970.833215,0
25,0,3,246824,13,3184.999882,3981.249882,0
25,3,0,246824,13,3981.249882,3184.999882,0
25,0,9,246824,10,3184.999882,2274.999882,0
25,9,0,246824,10,2274.999882,3184.999882,0
25,0,19,246824,28,3184.999882,7962.499882,0
25,19,0,246824,28,7962.499882,3184.999882,0
25,0,23,246824,32,3184.999882,7962.499882,0
25,23,0,246824,32,7962.499882,3184.999882,0
25,0,29,246824,27,3184.999882,5308.333215,0
25,29,0,246824,27,5308.333215,3184.999882,0
25,1,3,246824,14,5308.333215,3981.249882,0
25,3,1,246824,14,3981.249882,5308.333215,0
25,1,10,246824,13,5308.333215,5308.333215,0
25,10,1,246824,13,5308.333215,5308.333215,0
25,1,28,246824,35,5308.333215,5308.333215,0
25,28,1,246824,35,5308.333215,5308.333215,0
25,2,4,246824,10,3981.249882,2654.166549,0
25,4,2,246824,10,2654.166549,3981.249882,0
25,2,9,246824,7,3981.249882,2274.999882,0
25,9,2,246824,7,2274.999882,3981.249882,0
25,2,18,246824,37,3981.249882,7962.499882,0
25,18,2,246824,37,7962.499882,3981.249882,0
25,2,29,246824,24,3981.249882,5308.333215,0
25,29,2,246824,24,5308.333215,3981.249882,0
25,3,4,246824,13,3981.249882,2654.166549,0
25,4,3,246824,13,2654.166549,3981.249882,0
25,3,12,246824,12,3981.249882,5308.333215,0
25,12,3,246824,12,5308.333215,3981.249882,0
25,4,6,246824,12,2654.166549,3184.999882,0
25,6,4,246824,12,3184.999882,2654.166549,0
25,4,8,246824,12,2654.166549,5308.333215,0
25,8,4,246824,12,5308.333215,2654.166549,0
25,4,21,246824,35,2654.166549,5308.333215,0
25,21,4,246824,35,5308.333215,2654.166549,0
25,4,22,246824,36,2654.166549,7962.499882,0
25,22,4,246824,36,7962.499882,2654.166549,0
25,5,7,246824,11,3981.249882,3981.249882,0
25,7,5,246824,11,3981.249882,3981.249882,0
25,5,8,246824,11,3981.249882,5308.333215,0
25,8,5,246824,11,5308.333215,3981.249882,0
25,5,9,246824,9,3981.249882,2274.999882,0
25,9,5,246824,9,2274.999882,3981.249882,0
25,5,22,246824,35,3981.249882,7962.499882,0
25,22,5,246824,35,7962.499882,3981.249882,0
25,6,9,246824,9,3184.999882,2274.999882,0
25,9,6,246824,9,2274.999882,3184.999882,0
25,6,11,246824,11,3184.999882,5308.333215,0
25,11,6,246824,11,5308.333215,3184.999882,0
25,6,23,246824,31,3184.999882,7962.499882,0
25,23,6,246824,31,7962.499882,3184.999882,0
25,6,27,246824,31,3184.999882,7962.499882,0
25,27,6,246824,31,7962.499882,3184.999882,0
25,7,9,246824,9,3981.249882,2274.999882,0
25,9,7,246824,9,2274.999882,3981.249882,0
25,7,10,246824,11,3981.249882,5308.333215,0
25,10,7,246824,11,5308.333215,3981.249882,0
25,7,15,246824,28,3981.249882,7962.499882,0
25,15,7,246824,28,7962.499882,3981.249882,0
25,8,26,246824,29,5308.333215,7962.499882,0
25,26,8,246824,29,7962.499882,5308.333215,0
25,9,24,246824,21,2274.999882,3981.249882,0
25,24,9,246824,21,3981.249882,2274.999882,0
25,9,25,246824,28,2274.999882,7962.499882,0
25,25,9,246824,28,7962.499882,2274.999882,0
25,10,11,246824,11,5308.333215,5308.333215,0
25,11,10,246824,11,5308.333215,5308.333215,0
25,11,14,246824,11,5308.333215,1769.444327,0
25,14,11,246824,11,1769.444327,5308.333215,0
25,12,13,246824,12,5308.333215,5308.333215,0
25,13,12,246824,12,5308.333215,5308.333215,0
25,12,14,246824,12,5308.333215,1769.444327,0
25,14,12,246824,12,1769.444327,5308.333215,0
25,13,14,246824,12,5308.333215,1769.444327,0
25,14,13,246824,12,1769.444327,5308.333215,0
25,13,16,246824,41,5308.333215,7962.499882,0
25,16,13,246824,41,7962.499882,5308.333215,0
25,14,15,246824,28,1769.444327,7962.499882,0
25,15,14,246824,28,7962.499882,1769.444327,0
25,14,16,246824,41,1769.444327,7962.499882,0
25,16,14,246824,41,7962.499882,1769.444327,0
25,14,17,246824,29,1769.444327,5308.333215,0
25,17,14,246824,29,5308.333215,1769.444327,0
25,14,20,246824,26,1769.444327,7962.499882,0
25,20,14,246824,26,7962.499882,1769.444327,0
25,14,21,246824,34,1769.444327,5308.333215,0
25,21,14,246824,34,5308.333215,1769.444327,0
25,14,28,246824,34,1769.444327,5308.333215,0
25,28,14,246824,34,5308.333215,1769.444327,0
25,17,18,246824,44,5308.333215,7962.499882,0
25,18,17,246824,44,7962.499882,5308.333215,0
25,17,19,246824,37,5308.333215,7962.499882,0
25,19,17,246824,37,7962.499882,5308.333215,0
25,20,29,246824,33,7962.499882,5308.333215,0
25,29,20,246824,33,5308.333215,7962.499882,0
25,21,24,246824,38,5308.333215,3981.249882,0
25,24,21,246824,38,3981.249882,5308.333215,0
25,24,26,246824,34,3981.249882,7962.499882,0
25,26,24,246824,34,7962.499882,3981.249882,0
25,24,27,246824,35,3981.249882,7962.499882,0
25,27,24,246824,35,7962.499882,3981.249882,0
25,25,28,246824,45,7962.499882,5308.333215,0
25,28,25,246824,45,5308.333215,7962.499882,0
26,0,1,246824,14,2273.809406,3979.166549,0
26,1,0,246824,14,3979.166549,2273.809406,0
26,0,3,246824,13,2273.809406,5305.555438,0
26,3,0,246824,13,5305.555438,2273.809406,0
26,0,9,246824,10,2273.809406,2652.777660,0
26,9,0,246824,10,2652.777660,2273.809406,0
26,0,19,246824,28,2273.809406,7958.333215,0
26,19,0,246824,28,7958.333215,2273.809406,0
26,0,23,246824,32,2273.809406,7958.333215,0
26,23,0,246824,32,7958.333215,2273.809406,0
26,0,26,246824,31,2273.809406,5305.555438,0
26,26,0,246824,31,5305.555438,2273.809406,0
26,0,27,246824,32,2273.809406,5305.555438,0
26,27,0,246824,32,5305.555438,2273.809406,0
26,1,2,246824,11,3979.166549,2273.809406,0
26,2,1,246824,11,2273.809406,3979.166549,0
26,1,28,246824,35,3979.166549,7958.333215,0
26,28,1,246824,35,7958.333215,3979.166549,0
26,1,29,246824,27,3979.166549,5305.555438,0
26,29,1,246824,27,5305.555438,3979.166549,0
26,2,4,246824,10,2273.809406,5305.555438,0
26,4,2,246824,10,5305.555438,2273.809406,0
26,2,5,246824,9,2273.809406,5305.555438,0
26,5,2,246824,9,5305.555438,2273.809406,0
26,2,9,246824,7,2273.809406,2652.777660,0
26,9,2,246824,7,2652.777660,2273.809406,0
26,2,18,246824,37,2273.809406,7958.333215,0
26,18,2,246824,37,7958.333215,2273.809406,0
26,2,22,246824,33,2273.809406,7958.333215,0
26,22,2,246824,33,7958.333215,2273.809406,0
26,2,29,246824,24,2273.809406,5305.555438,0
26,29,2,246824,24,5305.555438,2273.809406,0
26,3,12,246824,12,5305.555438,7958.333215,0
26,12,3,246824,12,7958.333215,5305.555438,0
26,3,21,246824,35,5305.555438,7958.333215,0
26,21,3,246824,35,7958.333215,5305.555438,0
26,4,6,246824,12,5305.555438,2652.777660,0
26,6,4,246824,12,2652.777660,5305.555438,0
26,4,21,246824,35,5305.555438,7958.333215,0
26,21,4,246824,35,7958.333215,5305.555438,0
26,5,13,246824,12,5305.555438,3183.333215,0
26,13,5,246824,12,3183.333215,5305.555438,0
26,5,22,246824,35,5305.555438,7958.333215,0
26,22,5,246824,35,7958.333215,5305.555438,0
26,6,8,246824,11,2652.777660,5305.555438,0
26,8,6,246824,11,5305.555438,2652.777660,0
26,6,9,246824,9,2652.777660,2652.777660,0
26,9,6,246824,9,2652.777660,2652.777660,0
26,6,11,246824,11,2652.777660,5305.555438,0
26,11,6,246824,11,5305.555438,2652.777660,0
26,6,23,246824,31,2652.777660,7958.333215,0
26,23,6,246824,31,7958.333215,2652.777660,0
26,6,27,246824,31,2652.777660,5305.555438,0
26,27,6,246824,31,5305.555438,2652.777660,0
26,7,9,246824,9,5305.555438,2652.777660,0
26,9,7,246824,9,2652.777660,5305.555438,0
26,7,10,246824,11,5305.555438,3979.166549,0
26,10,7,246824,11,3979.166549,5305.555438,0
26,7,15,246824,28,5305.555438,7958.333215,0
26,15,7,246824,28,7958.333215,5305.555438,0
26,8,10,246824,11,5305.555438,3979.166549,0
26,10,8,246824,11,3979.166549,5305.555438,0
26,8,26,246824,29,5305.555438,5305.555438,0
26,26,8,246824,29,5305.555438,5305.555438,0
26,9,24,246824,21,2652.777660,7958.333215,0
26,24,9,246824,21,7958.333215,2652.777660,0
26,9,25,246824,28,2652.777660,7958.333215,0
26,25,9,246824,28,7958.333215,2652.777660,0
26,10,11,246824,11,3979.166549,5305.555438,0
26,11,10,246824,11,5305.555438,3979.166549,0
26,10,13,246824,12,3979.166549,3183.333215,0
26,13,10,246824,12,3183.333215,3979.166549,0
26,11,14,246824,11,5305.555438,2273.809406,0
26,14,11,246824,11,2273.809406,5305.555438,0
26,12,13,246824,12,7958.333215,3183.333215,0
26,13,12,246824,12,3183.333215,7958.333215,0
26,13,14,246824,12,3183.333215,2273.809406,0
26,14,13,246824,12,2273.809406,3183.333215,0
26,13,16,246824,41,3183.333215,7958.333215,0
26,16,13,246824,41,7958.333215,3183.333215,0
26,14,15,246824,28,2273.809406,7958.333215,0
26,15,14,246824,28,7958.333215,2273.809406,0
26,14,16,246824,41,2273.809406,7958.333215,0
26,16,14,246824,41,7958.333215,2273.809406,0
26,14,17,246824,29,2273.809406,5305.555438,0
26,17,14,246824,29,5305.555438,2273.809406,0
26,14,20,246824,26,2273.809406,3979.166549,0
26,20,14,246824,26,3979.166549,2273.809406,0
26,14,28,246824,34,2273.809406,7958.333215,0
26,28,14,246824,34,7958.333215,2273.809406,0
26,17,18,246824,44,5305.555438,7958.333215,0
26,18,17,246824,44,7958.333215,5305.555438,0
26,17,20,246824,36,5305.555438,3979.166549,0
26,20,17,246824,36,3979.166549,5305.555438,0
26,19,20,246824,34,7958.333215,3979.166549,0
26,20,19,246824,34,3979.166549,7958.333215,0
26,20,29,246824,33,3979.166549,5305.555438,0
26,29,20,246824,33,5305.555438,3979.166549,0
26,24,26,246824,34,7958.333215,5305.555438,0
26,26,24,246824,34,5305.555438,7958.333215,0
26,25,27,246824,42,7958.333215,5305.555438,0
26,27,25,246824,42,5305.555438,7958.333215,0
27,0,3,246824,13,2276.190358,3983.333215,0
27,3,0,246824,13,3983.333215,2276.190358,0
27,0,9,246824,10,2276.190358,2276.190358,0
27,9,0,246824,10,2276.190358,2276.190358,0
27,0,19,246824,28,2276.190358,5311.110993,0
27,19,0,246824,28,5311.110993,2276.190358,0
27,0,23,246824,32,2276.190358,7966.666549,0
27,23,0,246824,32,7966.666549,2276.190358,0
27,0,26,246824,31,2276.190358,7966.666549,0
27,26,0,246824,31,7966.666549,2276.190358,0
27,0,27,246824,32,2276.190358,7966.666549,0
27,27,0,246824,32,7966.666549,2276.190358,0
27,0,29,246824,27,2276.190358,7966.666549,0
27,29,0,246824,27,7966.666549,2276.190358,0
27,1,2,246824,11,3186.666549,5311.110993,0
27,2,1,246824,11,5311.110993,3186.666549,0
27,1,4,246824,14,3186.666549,2655.555438,0
27,4,1,246824,14,2655.555438,3186.666549,0
27,1,10,246824,13,3186.666549,3983.333215,0
27,10,1,246824,13,3983.333215,3186.666549,0
27,1,28,246824,35,3186.666549,3983.333215,0
27,28,1,246824,35,3983.333215,3186.666549,0
27,1,29,246824,27,3186.666549,7966.666549,0
27,29,1,246824,27,7966.666549,3186.666549,0
27,2,9,246824,7,5311.110993,2276.190358,0
27,9,2,246824,7,2276.190358,5311.110993,0
27,2,18,246824,37,5311.110993,7966.666549,0
27,18,2,246824,37,7966.666549,5311.110993,0
27,3,4,246824,13,3983.333215,2655.555438,0
27,4,3,246824,13,2655.555438,3983.333215,0
27,3,12,246824,12,3983.333215,5311.110993,0
27,12,3,246824,12,5311.110993,3983.333215,0
27,3,28,246824,35,3983.333215,3983.333215,0
27,28,3,246824,35,3983.333215,3983.333215,0
27,4,6,246824,12,2655.555438,2655.555438,0
27,6,4,246824,12,2655.555438,2655.555438,0
27,4,8,246824,12,2655.555438,7966.666549,0
27,8,4,246824,12,7966.666549,2655.555438,0
27,4,21,246824,35,2655.555438,5311.110993,0
27,21,4,246824,35,5311.110993,2655.555438,0
27,4,22,246824,36,2655.555438,7966.666549,0
27,22,4,246824,36,7966.666549,2655.555438,0
27,5,7,246824,11,3983.333215,3983.333215,0
27,7,5,246824,11,3983.333215,3983.333215,0
27,5,9,246824,9,3983.333215,2276.190358,0
27,9,5,246824,9,2276.190358,3983.333215,0
27,5,13,246824,12,3983.333215,3186.666549,0
27,13,5,246824,12,3186.666549,3983.333215,0
27,5,22,246824,35,3983.333215,7966.666549,0
27,22,5,246824,35,7966.666549,3983.333215,0
27,6,8,246824,11,2655.555438,7966.666549,0
27,8,6,246824,11,7966.666549,2655.555438,0
27,6,9,246824,9,2655.555438,2276.190358,0
27,9,6,246824,9,2276.190358,2655.555438,0
27,6,11,246824,11,2655.555438,5311.110993,0
27,11,6,246824,11,5311.110993,2655.555438,0
27,6,23,246824,31,2655.555438,7966.666549,0
27,23,6,246824,31,7966.666549,2655.555438,0
27,6,27,246824,31,2655.555438,7966.666549,0
27,27,6,246824,31,7966.666549,2655.555438,0
27,7,9,246824,9,3983.333215,2276.190358,0
27,9,7,246824,9,2276.190358,3983.333215,0
27,7,10,246824,11,3983.333215,3983.333215,0
27,10,7,246824,11,3983.333215,3983.333215,0
27,7,15,246824,28,3983.333215,7966.666549,0
27,15,7,246824,28,7966.666549,3983.333215,0
27,9,24,246824,21,2276.190358,5311.110993,0
27,24,9,246824,21,5311.110993,2276.190358,0
27,9,25,246824,28,2276.190358,7966.666549,0
27,25,9,246824,28,7966.666549,2276.190358,0
27,10,11,246824,11,3983.333215,5311.110993,0
27,11,10,246824,11,5311.110993,3983.333215,0
27,10,13,246824,12,3983.333215,3186.666549,0
27,13,10,246824,12,3186.666549,3983.333215,0
27,11,13,246824,11,5311.110993,3186.666549,0
27,13,11,246824,11,3186.666549,5311.110993,0
27,12,14,246824,12,5311.110993,3186.666549,0
27,14,12,246824,12,3186.666549,5311.110993,0
27,12,15,246824,28,5311.110993,7966.666549,0
27,15,12,246824,28,7966.666549,5311.110993,0
27,13,14,246824,12,3186.666549,3186.666549,0
27,14,13,246824,12,3186.666549,3186.666549,0
27,13,16,246824,41,3186.666549,7966.666549,0
27,16,13,246824,41,7966.666549,3186.666549,0
27,14,17,246824,29,3186.666549,7966.666549,0
27,17,14,246824,29,7966.666549,3186.666549,0
27,14,20,246824,26,3186.666549,5311.110993,0
27,20,14,246824,26,5311.110993,3186.666549,0
27,14,21,246824,34,3186.666549,5311.110993,0
27,21,14,246824,34,5311.110993,3186.666549,0
27,16,28,246824,42,7966.666549,3983.333215,0
27,28,16,246824,42,3983.333215,7966.666549,0
27,17,19,246824,37,7966.666549,5311.110993,0
27,19,17,246824,37,5311.110993,7966.666549,0
27,18,20,246824,46,7966.666549,5311.110993,0
27,20,18,246824,46,5311.110993,7966.666549,0
27,19,20,246824,34,5311.110993,5311.110993,0
27,20,19,246824,34,5311.110993,5311.110993,0
27,21,24,246824,38,5311.110993,5311.110993,0
27,24,21,246824,38,5311.110993,5311.110993,0
27,24,26,246824,34,5311.110993,7966.666549,0
27,26,24,246824,34,7966.666549,5311.110993,0
27,25,28,246824,45,7966.666549,3983.333215,0
27,28,25,246824,45,3983.333215,7966.666549,0
28,0,1,246824,14,2274.999882,3981.249882,0
28,1,0,246824,14,3981.249882,2274.999882,0
28,0,3,246824,13,2274.999882,5308.333215,0
28,3,0,246824,13,5308.333215,2274.999882,0
28,0,9,246824,10,2274.999882,2654.166549,0
28,9,0,246824,10,2654.166549,2274.999882,0
28,0,19,246824,28,2274.999882,7962.499882,0
28,19,0,246824,28,7962.499882,2274.999882,0
28,0,23,246824,32,2274.999882,7962.499882,0
28,23,0,246824,32,7962.499882,2274.999882,0
28,0,26,246824,31,2274.999882,7962.499882,0
28,26,0,246824,31,7962.499882,2274.999882,0
28,0,29,246824,27,2274.999882,7962.499882,0
28,29,0,246824,27,7962.499882,2274.999882,0
28,1,2,246824,11,3981.249882,2274.999882,0
28,2,1,246824,11,2274.999882,3981.249882,0
28,1,10,246824,13,3981.249882,3981.249882,0
28,10,1,246824,13,3981.249882,3981.249882,0
28,1,28,246824,35,3981.249882,3981.249882,0
28,28,1,246824,35,3981.249882,3981.249882,0
28,2,4,246824,10,2274.999882,3981.249882,0
28,4,2,246824,10,3981.249882,2274.999882,0
28,2,5,246824,9,2274.999882,3184.999882,0
28,5,2,246824,9,3184.999882,2274.999882,0
28,2,9,246824,7,2274.999882,2654.166549,0
28,9,2,246824,7,2654.166549,2274.999882,0
28,2,18,246824,37,2274.999882,7962.499882,0
28,18,2,246824,37,7962.499882,2274.999882,0
28,2,22,246824,33,2274.999882,7962.499882,0
28,22,2,246824,33,7962.499882,2274.999882,0
28,2,29,246824,24,2274.999882,7962.499882,0
28,29,2,246824,24,7962.499882,2274.999882,0
28,3,4,246824,13,5308.333215,3981.249882,0
28,4,3,246824,13,3981.249882,5308.333215,0
28,3,12,246824,12,5308.333215,5308.333215,0
28,12,3,246824,12,5308.333215,5308.333215,0
28,4,8,246824,12,3981.249882,3184.999882,0
28,8,4,246824,12,3184.999882,3981.249882,0
28,4,21,246824,35,3981.249882,7962.499882,0
28,21,4,246824,35,7962.499882,3981.249882,0
28,5,6,246824,11,3184.999882,2654.166549,0
28,6,5,246824,11,2654.166549,3184.999882,0
28,5,8,246824,11,3184.999882,3184.999882,0
28,8,5,246824,11,3184.999882,3184.999882,0
28,5,13,246824,12,3184.999882,5308.333215,0
28,13,5,246824,12,5308.333215,3184.999882,0
28,5,22,246824,35,3184.999882,7962.499882,0
28,22,5,246824,35,7962.499882,3184.999882,0
28,6,8,246824,11,2654.166549,3184.999882,0
28,8,6,246824,11,3184.999882,2654.166549,0
28,6,9,246824,9,2654.166549,2654.166549,0
28,9,6,246824,9,2654.166549,2654.166549,0
28,6,11,246824,11,2654.166549,5308.333215,0
28,11,6,246824,11,5308.333215,2654.166549,0
28,6,23,246824,31,2654.166549,7962.499882,0
28,23,6,246824,31,7962.499882,2654.166549,0
28,6,27,246824,31,2654.166549,7962.499882,0
28,27,6,246824,31,7962.499882,2654.166549,0
28,7,9,246824,9,5308.333215,2654.166549,0
28,9,7,246824,9,2654.166549,5308.333215,0
28,7,10,246824,11,5308.333215,3981.249882,0
28,10,7,246824,11,3981.249882,5308.333215,0
28,7,15,246824,28,5308.333215,5308.333215,0
28,15,7,246824,28,5308.333215,5308.333215,0
28,8,10,246824,11,3184.999882,3981.249882,0
28,10,8,246824,11,3981.249882,3184.999882,0
28,8,26,246824,29,3184.999882,7962.499882,0
28,26,8,246824,29,7962.499882,3184.999882,0
28,9,24,246824,21,2654.166549,7962.499882,0
28,24,9,246824,21,7962.499882,2654.166549,0
28,9,25,246824,28,2654.166549,7962.499882,0
28,25,9,246824,28,7962.499882,2654.166549,0
28,10,11,246824,11,3981.249882,5308.333215,0
28,11,10,246824,11,5308.333215,3981.249882,0
28,11,14,246824,11,5308.333215,1769.444327,0
28,14,11,246824,11,1769.444327,5308.333215,0
28,12,13,246824,12,5308.333215,5308.333215,0
28,13,12,246824,12,5308.333215,5308.333215,0
28,12,14,246824,12,5308.333215,1769.444327,0
28,14,12,246824,12,1769.444327,5308.333215,0
28,13,14,246824,12,5308.333215,1769.444327,0
28,14,13,246824,12,1769.444327,5308.333215,0
28,14,15,246824,28,1769.444327,5308.333215,0
28,15,14,246824,28,5308.333215,1769.444327,0
28,14,16,246824,41,1769.444327,7962.499882,0
28,16,14,246824,41,7962.499882,1769.444327,0
28,14,17,246824,29,1769.444327,3184.999882,0
28,17,14,246824,29,3184.999882,1769.444327,0
28,14,20,246824,26,1769.444327,7962.499882,0
28,20,14,246824,26,7962.499882,1769.444327,0
28,14,21,246824,34,1769.444327,7962.499882,0
28,21,14,246824,34,7962.499882,1769.444327,0
28,14,28,246824,34,1769.444327,3981.249882,0
28,28,14,246824,34,3981.249882,1769.444327,0
28,15,17,246824,37,5308.333215,3184.999882,0
28,17,15,246824,37,3184.999882,5308.333215,0
28,16,28,246824,42,7962.499882,3981.249882,0
28,28,16,246824,42,3981.249882,7962.499882,0
28,17,18,246824,44,3184.999882,7962.499882,0
28,18,17,246824,44,7962.499882,3184.999882,0
28,17,19,246824,37,3184.999882,7962.499882,0
28,19,17,246824,37,7962.499882,3184.999882,0
28,17,20,246824,36,3184.999882,7962.499882,0
28,20,17,246824,36,7962.499882,3184.999882,0
28,24,27,246824,35,7962.499882,7962.499882,0
28,27,24,246824,35,7962.499882,7962.499882,0
28,25,28,246824,45,7962.499882,3981.249882,0
28,28,25,246824,45,3981.249882,7962.499882,0
29,0,1,246824,14,2654.166549,3184.999882,0
29,1,0,246824,14,3184.999882,2654.166549,0
29,0,9,246824,10,2654.166549,3184.999882,0
29,9,0,246824,10,3184.999882,2654.166549,0
29,0,19,246824,28,2654.166549,7962.499882,0
29,19,0,246824,28,7962.499882,2654.166549,0
29,0,23,246824,32,2654.166549,5308.333215,0
29,23,0,246824,32,5308.333215,2654.166549,0
29,0,26,246824,31,2654.166549,7962.499882,0
29,26,0,246824,31,7962.499882,2654.166549,0
29,0,27,246824,32,2654.166549,7962.499882,0
29,27,0,246824,32,7962.499882,2654.166549,0
29,1,3,246824,14,3184.999882,3981.249882,0
29,3,1,246824,14,3981.249882,3184.999882,0
29,1,10,246824,13,3184.999882,5308.333215,0
29,10,1,246824,13,5308.333215,3184.999882,0
29,1,28,246824,35,3184.999882,3981.249882,0
29,28,1,246824,35,3981.249882,3184.999882,0
29,1,29,246824,27,3184.999882,5308.333215,0
29,29,1,246824,27,5308.333215,3184.999882,0
29,2,4,246824,10,3981.249882,2654.166549,0
29,4,2,246824,10,2654.166549,3981.249882,0
29,2,5,246824,9,3981.249882,3981.249882,0
29,5,2,246824,9,3981.249882,3981.249882,0
29,2,18,246824,37,3981.249882,7962.499882,0
29,18,2,246824,37,7962.499882,3981.249882,0
29,2,29,246824,24,3981.249882,5308.333215,0
29,29,2,246824,24,5308.333215,3981.249882,0
29,3,4,246824,13,3981.249882,2654.166549,0
29,4,3,246824,13,2654.166549,3981.249882,0
29,3,12,246824,12,3981.249882,7962.499882,0
29,12,3,246824,12,7962.499882,3981.249882,0
29,3,21,246824,35,3981.249882,7962.499882,0
29,21,3,246824,35,7962.499882,3981.249882,0
29,4,6,246824,12,2654.166549,2654.166549,0
29,6,4,246824,12,2654.166549,2654.166549,0
29,4,8,246824,12,2654.166549,3981.249882,0
29,8,4,246824,12,3981.249882,2654.166549,0
29,4,21,246824,35,2654.166549,7962.499882,0
29,21,4,246824,35,7962.499882,2654.166549,0
29,4,22,246824,36,2654.166549,7962.499882,0
29,22,4,246824,36,7962.499882,2654.166549,0
29,5,7,246824,11,3981.249882,3981.249882,0
29,7,5,246824,11,3981.249882,3981.249882,0
29,5,8,246824,11,3981.249882,3981.249882,0
29,8,5,246824,11,3981.249882,3981.249882,0
29,5,22,246824,35,3981.249882,7962.499882,0
29,22,5,246824,35,7962.499882,3981.249882,0
29,6,8,246824,11,2654.166549,3981.249882,0
29,8,6,246824,11,3981.249882,2654.166549,0
29,6,9,246824,9,2654.166549,3184.999882,0
29,9,6,246824,9,3184.999882,2654.166549,0
29,6,11,246824,11,2654.166549,3981.249882,0
29,11,6,246824,11,3981.249882,2654.166549,0
29,6,23,246824,31,2654.166549,5308.333215,0
29,23,6,246824,31,5308.333215,2654.166549,0
29,6,27,246824,31,2654.166549,7962.499882,0
29,27,6,246824,31,7962.499882,2654.166549,0
29,7,9,246824,9,3981.249882,3184.999882,0
29,9,7,246824,9,3184.999882,3981.249882,0
29,7,10,246824,11,3981.249882,5308.333215,0
29,10,7,246824,11,5308.333215,3981.249882,0
29,7,15,246824,28,3981.249882,7962.499882,0
29,15,7,246824,28,7962.499882,3981.249882,0
29,8,26,246824,29,3981.249882,7962.499882,0
29,26,8,246824,29,7962.499882,3981.249882,0
29,9,24,246824,21,3184.999882,7962.499882,0
29,24,9,246824,21,7962.499882,3184.999882,0
29,9,25,246824,28,3184.999882,7962.499882,0
29,25,9,246824,28,7962.499882,3184.999882,0
29,10,11,246824,11,5308.333215,3981.249882,0
29,11,10,246824,11,3981.249882,5308.333215,0
29,11,13,246824,11,3981.249882,7962.499882,0
29,13,11,246824,11,7962.499882,3981.249882,0
29,11,14,246824,11,3981.249882,1990.624882,0
29,14,11,246824,11,1990.624882,3981.249882,0
29,12,14,246824,12,7962.499882,1990.624882,0
29,14,12,246824,12,1990.624882,7962.499882,0
29,13,14,246824,12,7962.499882,1990.624882,0
29,14,13,246824,12,1990.624882,7962.499882,0
29,14,15,246824,28,1990.624882,7962.499882,0
29,15,14,246824,28,7962.499882,1990.624882,0
29,14,16,246824,41,1990.624882,7962.499882,0
29,16,14,246824,41,7962.499882,1990.624882,0
29,14,17,246824,29,1990.624882,5308.333215,0
29,17,14,246824,29,5308.333215,1990.624882,0
29,14,20,246824,26,1990.624882,7962.499882,0
29,20,14,246824,26,7962.499882,1990.624882,0
29,14,28,246824,34,1990.624882,3981.249882,0
29,28,14,246824,34,3981.249882,1990.624882,0
29,16,28,246824,42,7962.499882,3981.249882,0
29,28,16,246824,42,3981.249882,7962.499882,0
29,17,18,246824,44,5308.333215,7962.499882,0
29,18,17,246824,44,7962.499882,5308.333215,0
29,17,19,246824,37,5308.333215,7962.499882,0
29,19,17,246824,37,7962.499882,5308.333215,0
29,20,29,246824,33,7962.499882,5308.333215,0
29,29,20,246824,33,5308.333215,7962.499882,0
29,23,24,246824,35,5308.333215,7962.499882,0
29,24,23,246824,35,7962.499882,5308.333215,0
29,25,28,246824,45,7962.499882,3981.249882,0
29,28,25,246824,45,3981.249882,7962.499882,0
30,0,1,246824,14,1989.583215,3183.333215,0
30,1,0,246824,14,3183.333215,1989.583215,0
30,0,3,246824,13,1989.583215,3979.166549,0
30,3,0,246824,13,3979.166549,1989.583215,0
30,0,9,246824,10,1989.583215,2652.777660,0
30,9,0,246824,10,2652.777660,1989.583215,0
30,0,19,246824,28,1989.583215,7958.333215,0
30,19,0,246824,28,7958.333215,1989.583215,0
30,0,23,246824,32,1989.583215,5305.555438,0
30,23,0,246824,32,5305.555438,1989.583215,0
30,0,26,246824,31,1989.583215,7958.333215,0
30,26,0,246824,31,7958.333215,1989.583215,0
30,0,27,246824,32,1989.583215,5305.555438,0
30,27,0,246824,32,5305.555438,1989.583215,0
30,0,29,246824,27,1989.583215,5305.555438,0
30,29,0,246824,27,5305.555438,1989.583215,0
30,1,2,246824,11,3183.333215,2652.777660,0
30,2,1,246824,11,2652.777660,3183.333215,0
30,1,4,246824,14,3183.333215,7958.333215,0
30,4,1,246824,14,7958.333215,3183.333215,0
30,1,10,246824,13,3183.333215,3183.333215,0
30,10,1,246824,13,3183.333215,3183.333215,0
30,1,28,246824,35,3183.333215,7958.333215,0
30,28,1,246824,35,7958.333215,3183.333215,0
30,2,5,246824,9,2652.777660,3183.333215,0
30,5,2,246824,9,3183.333215,2652.777660,0
30,2,9,246824,7,2652.777660,2652.777660,0
30,9,2,246824,7,2652.777660,2652.777660,0
30,2,18,246824,37,2652.777660,7958.333215,0
30,18,2,246824,37,7958.333215,2652.777660,0
30,2,22,246824,33,2652.777660,7958.333215,0
30,22,2,246824,33,7958.333215,2652.777660,0
30,2,29,246824,24,2652.777660,5305.555438,0
30,29,2,246824,24,5305.555438,2652.777660,0
30,3,4,246824,13,3979.166549,7958.333215,0
30,4,3,246824,13,7958.333215,3979.166549,0
30,3,12,246824,12,3979.166549,5305.555438,0
30,12,3,246824,12,5305.555438,3979.166549,0
30,3,28,246824,35,3979.166549,7958.333215,0
30,28,3,246824,35,7958.333215,3979.166549,0
30,5,6,246824,11,3183.333215,3183.333215,0
30,6,5,246824,11,3183.333215,3183.333215,0
30,5,8,246824,11,3183.333215,5305.555438,0
30,8,5,246824,11,5305.555438,3183.333215,0
30,5,13,246824,12,3183.333215,2652.777660,0
30,13,5,246824,12,2652.777660,3183.333215,0
30,5,22,246824,35,3183.333215,7958.333215,0
30,22,5,246824,35,7958.333215,3183.333215,0
30,6,9,246824,9,3183.333215,2652.777660,0
30,9,6,246824,9,2652.777660,3183.333215,0
30,6,11,246824,11,3183.333215,5305.555438,0
30,11,6,246824,11,5305.555438,3183.333215,0
30,6,23,246824,31,3183.333215,5305.555438,0
30,23,6,246824,31,5305.555438,3183.333215,0
30,6,27,246824,31,3183.333215,5305.555438,0
30,27,6,246824,31,5305.555438,3183.333215,0
30,7,9,246824,9,5305.555438,2652.777660,0
30,9,7,246824,9,2652.777660,5305.555438,0
30,7,10,246824,11,5305.555438,3183.333215,0
30,10,7,246824,11,3183.333215,5305.555438,0
30,7,15,246824,28,5305.555438,7958.333215,0
30,15,7,246824,28,7958.333215,5305.555438,0
30,8,10,246824,11,5305.555438,3183.333215,0
30,10,8,246824,11,3183.333215,5305.555438,0
30,8,26,246824,29,5305.555438,7958.333215,0
30,26,8,246824,29,7958.333215,5305.555438,0
30,9,24,246824,21,2652.777660,7958.333215,0
30,24,9,246824,21,7958.333215,2652.777660,0
30,9,25,246824,28,2652.777660,7958.333215,0
30,25,9,246824,28,7958.333215,2652.777660,0
30,10,11,246824,11,3183.333215,5305.555438,0
30,11,10,246824,11,5305.555438,3183.333215,0
30,10,13,246824,12,3183.333215,2652.777660,0
30,13,10,246824,12,2652.777660,3183.333215,0
30,11,14,246824,11,5305.555438,2652.777660,0
30,14,11,246824,11,2652.777660,5305.555438,0
30,12,13,246824,12,5305.555438,2652.777660,0
30,13,12,246824,12,2652.777660,5305.555438,0
30,12,15,246824,28,5305.555438,7958.333215,0
30,15,12,246824,28,7958.333215,5305.555438,0
30,13,14,246824,12,2652.777660,2652.777660,0
30,14,13,246824,12,2652.777660,2652.777660,0
30,13,16,246824,41,2652.777660,7958.333215,0
30,16,13,246824,41,7958.333215,2652.777660,0
30,13,21,246824,34,2652.777660,7958.333215,0
30,21,13,246824,34,7958.333215,2652.777660,0
30,14,16,246824,41,2652.777660,7958.333215,0
30,16,14,246824,41,7958.333215,2652.777660,0
30,14,17,246824,29,2652.777660,5305.555438,0
30,17,14,246824,29,5305.555438,2652.777660,0
30,14,20,246824,26,2652.777660,7958.333215,0
30,20,14,246824,26,7958.333215,2652.777660,0
30,14,21,246824,34,2652.777660,7958.333215,0
30,21,14,246824,34,7958.333215,2652.777660,0
30,17,18,246824,44,5305.555438,7958.333215,0
30,18,17,246824,44,7958.333215,5305.555438,0
30,17,19,246824,37,5305.555438,7958.333215,0
30,19,17,246824,37,7958.333215,5305.555438,0
30,20,29,246824,33,7958.333215,5305.555438,0
30,29,20,246824,33,5305.555438,7958.333215,0
30,23,24,246824,35,5305.555438,7958.333215,0
30,24,23,246824,35,7958.333215,5305.555438,0
30,25,27,246824,42,7958.333215,5305.555438,0
30,27,25,246824,42,5305.555438,7958.333215,0
31,0,1,246824,14,2274.999929,3184.999929,0
31,1,0,246824,14,3184.999929,2274.999929,0
31,0,3,246824,13,2274.999929,3981.249929,0
31,3,0,246824,13,3981.249929,2274.999929,0
31,0,9,246824,10,2274.999929,2654.166595,0
31,9,0,246824,10,2654.166595,2274.999929,0
31,0,19,246824,28,2274.999929,7962.499929,0
31,19,0,246824,28,7962.499929,2274.999929,0
31,0,23,246824,32,2274.999929,7962.499929,0
31,23,0,246824,32,7962.499929,2274.999929,0
31,0,26,246824,31,2274.999929,7962.499929,0
31,26,0,246824,31,7962.499929,2274.999929,0
31,0,27,246824,32,2274.999929,7962.499929,0
31,27,0,246824,32,7962.499929,2274.999929,0
31,1,2,246824,11,3184.999929,2654.166595,0
31,2,1,246824,11,2654.166595,3184.999929,0
31,1,4,246824,14,3184.999929,2654.166595,0
31,4,1,246824,14,2654.166595,3184.999929,0
31,1,28,246824,35,3184.999929,3981.249929,0
31,28,1,246824,35,3981.249929,3184.999929,0
31,1,29,246824,27,3184.999929,5308.333262,0
31,29,1,246824,27,5308.333262,3184.999929,0
31,2,4,246824,10,2654.166595,2654.166595,0
31,4,2,246824,10,2654.166595,2654.166595,0
31,2,5,246824,9,2654.166595,3184.999929,0
31,5,2,246824,9,3184.999929,2654.166595,0
31,2,9,246824,7,2654.166595,2654.166595,0
31,9,2,246824,7,2654.166595,2654.166595,0
31,2,18,246824,37,2654.166595,7962.499929,0
31,18,2,246824,37,7962.499929,2654.166595,0
31,2,29,246824,24,2654.166595,5308.333262,0
31,29,2,246824,24,5308.333262,2654.166595,0
31,3,4,246824,13,3981.249929,2654.166595,0
31,4,3,246824,13,2654.166595,3981.249929,0
31,3,12,246824,12,3981.249929,7962.499929,0
31,12,3,246824,12,7962.499929,3981.249929,0
31,3,21,246824,35,3981.249929,7962.499929,0
31,21,3,246824,35,7962.499929,3981.249929,0
31,4,8,246824,12,2654.166595,5308.333262,0
31,8,4,246824,12,5308.333262,2654.166595,0
31,4,21,246824,35,2654.166595,7962.499929,0
31,21,4,246824,35,7962.499929,2654.166595,0
31,4,22,246824,36,2654.166595,7962.499929,0
31,22,4,246824,36,7962.499929,2654.166595,0
31,5,7,246824,11,3184.999929,3981.249929,0
31,7,5,246824,11,3981.249929,3184.999929,0
31,5,8,246824,11,3184.999929,5308.333262,0
31,8,5,246824,11,5308.333262,3184.999929,0
31,5,13,246824,12,3184.999929,7962.499929,0
31,13,5,246824,12,7962.499929,3184.999929,0
31,5,22,246824,35,3184.999929,7962.499929,0
31,22,5,246824,35,7962.499929,3184.999929,0
31,6,9,246824,9,7962.499929,2654.166595,0
31,9,6,246824,9,2654.166595,7962.499929,0
31,6,11,246824,11,7962.499929,7962.499929,0
31,11,6,246824,11,7962.499929,7962.499929,0
31,7,9,246824,9,3981.249929,2654.166595,0
31,9,7,246824,9,2654.166595,3981.249929,0
31,7,10,246824,11,3981.249929,7962.499929,0
31,10,7,246824,11,7962.499929,3981.249929,0
31,7,15,246824,28,3981.249929,5308.333262,0
31,15,7,246824,28,5308.333262,3981.249929,0
31,8,10,246824,11,5308.333262,7962.499929,0
31,10,8,246824,11,7962.499929,5308.333262,0
31,9,24,246824,21,2654.166595,3981.249929,0
31,24,9,246824,21,3981.249929,2654.166595,0
31,9,25,246824,28,2654.166595,7962.499929,0
31,25,9,246824,28,7962.499929,2654.166595,0
31,11,14,246824,11,7962.499929,1990.624929,0
31,14,11,246824,11,1990.624929,7962.499929,0
31,12,14,246824,12,7962.499929,1990.624929,0
31,14,12,246824,12,1990.624929,7962.499929,0
31,13,14,246824,12,7962.499929,1990.624929,0
31,14,13,246824,12,1990.624929,7962.499929,0
31,14,15,246824,28,1990.624929,5308.333262,0
31,15,14,246824,28,5308.333262,1990.624929,0
31,14,16,246824,41,1990.624929,7962.499929,0
31,16,14,246824,41,7962.499929,1990.624929,0
31,14,17,246824,29,1990.624929,5308.333262,0
31,17,14,246824,29,5308.333262,1990.624929,0
31,14,20,246824,26,1990.624929,5308.333262,0
31,20,14,246824,26,5308.333262,1990.624929,0
31,14,28,246824,34,1990.624929,3981.249929,0
31,28,14,246824,34,3981.249929,1990.624929,0
31,15,17,246824,37,5308.333262,5308.333262,0
31,17,15,246824,37,5308.333262,5308.333262,0
31,16,28,246824,42,7962.499929,3981.249929,0
31,28,16,246824,42,3981.249929,7962.499929,0
31,17,18,246824,44,5308.333262,7962.499929,0
31,18,17,246824,44,7962.499929,5308.333262,0
31,19,20,246824,34,7962.499929,5308.333262,0
31,20,19,246824,34,5308.333262,7962.499929,0
31,20,29,246824,33,5308.333262,5308.333262,0
31,29,20,246824,33,5308.333262,5308.333262,0
31,23,24,246824,35,7962.499929,3981.249929,0
31,24,23,246824,35,3981.249929,7962.499929,0
31,24,26,246824,34,3981.249929,7962.499929,0
31,26,24,246824,34,7962.499929,3981.249929,0
31,24,27,246824,35,3981.249929,7962.499929,0
31,27,24,246824,35,7962.499929,3981.249929,0
31,25,28,246824,45,7962.499929,3981.249929,0
31,28,25,246824,45,3981.249929,7962.499929,0
32,0,1,246824,14,1989.583215,3183.333215,0
32,1,0,246824,14,3183.333215,1989.583215,0
32,0,3,246824,13,1989.583215,3183.333215,0
32,3,0,246824,13,3183.333215,1989.583215,0
32,0,9,246824,10,1989.583215,2652.777660,0
32,9,0,246824,10,2652.777660,1989.583215,0
32,0,19,246824,28,1989.583215,7958.333215,0
32,19,0,246824,28,7958.333215,1989.583215,0
32,0,23,246824,32,1989.583215,7958.333215,0
32,23,0,246824,32,7958.333215,1989.583215,0
32,0,26,246824,31,1989.583215,7958.333215,0
32,26,0,246824,31,7958.333215,1989.583215,0
32,0,27,246824,32,1989.583215,3979.166549,0
32,27,0,246824,32,3979.166549,1989.583215,0
32,0,29,246824,27,1989.583215,5305.555438,0
32,29,0,246824,27,5305.555438,1989.583215,0
32,1,3,246824,14,3183.333215,3183.333215,0
32,3,1,246824,14,3183.333215,3183.333215,0
32,1,10,246824,13,3183.333215,3979.166549,0
32,10,1,246824,13,3979.166549,3183.333215,0
32,1,28,246824,35,3183.333215,5305.555438,0
32,28,1,246824,35,5305.555438,3183.333215,0
32,1,29,246824,27,3183.333215,5305.555438,0
32,29,1,246824,27,5305.555438,3183.333215,0
32,2,4,246824,10,3979.166549,3183.333215,0
32,4,2,246824,10,3183.333215,3979.166549,0
32,2,9,246824,7,3979.166549,2652.777660,0
32,9,2,246824,7,2652.777660,3979.166549,0
32,2,18,246824,37,3979.166549,7958.333215,0
32,18,2,246824,37,7958.333215,3979.166549,0
32,2,22,246824,33,3979.166549,7958.333215,0
32,22,2,246824,33,7958.333215,3979.166549,0
32,3,4,246824,13,3183.333215,3183.333215,0
32,4,3,246824,13,3183.333215,3183.333215,0
32,3,12,246824,12,3183.333215,5305.555438,0
32,12,3,246824,12,5305.555438,3183.333215,0
32,3,28,246824,35,3183.333215,5305.555438,0
32,28,3,246824,35,5305.555438,3183.333215,0
32,4,6,246824,12,3183.333215,2273.809406,0
32,6,4,246824,12,2273.809406,3183.333215,0
32,4,21,246824,35,3183.333215,7958.333215,0
32,21,4,246824,35,7958.333215,3183.333215,0
32,4,22,246824,36,3183.333215,7958.333215,0
32,22,4,246824,36,7958.333215,3183.333215,0
32,5,6,246824,11,3979.166549,2273.809406,0
32,6,5,246824,11,2273.809406,3979.166549,0
32,5,7,246824,11,3979.166549,5305.555438,0
32,7,5,246824,11,5305.555438,3979.166549,0
32,5,9,246824,9,3979.166549,2652.777660,0
32,9,5,246824,9,2652.777660,3979.166549,0
32,5,13,246824,12,3979.166549,5305.555438,0
32,13,5,246824,12,5305.555438,3979.166549,0
32,6,8,246824,11,2273.809406,5305.555438,0
32,8,6,246824,11,5305.555438,2273.809406,0
32,6,9,246824,9,2273.809406,2652.777660,0
32,9,6,246824,9,2652.777660,2273.809406,0
32,6,11,246824,11,2273.809406,3979.166549,0
32,11,6,246824,11,3979.166549,2273.809406,0
32,6,23,246824,31,2273.809406,7958.333215,0
32,23,6,246824,31,7958.333215,2273.809406,0
32,6,27,246824,31,2273.809406,3979.166549,0
32,27,6,246824,31,3979.166549,2273.809406,0
32,7,10,246824,11,5305.555438,3979.166549,0
32,10,7,246824,11,3979.166549,5305.555438,0
32,7,15,246824,28,5305.555438,7958.333215,0
32,15,7,246824,28,7958.333215,5305.555438,0
32,8,10,246824,11,5305.555438,3979.166549,0
32,10,8,246824,11,3979.166549,5305.555438,0
32,8,26,246824,29,5305.555438,7958.333215,0
32,26,8,246824,29,7958.333215,5305.555438,0
32,9,24,246824,21,2652.777660,7958.333215,0
32,24,9,246824,21,7958.333215,2652.777660,0
32,9,25,246824,28,2652.777660,7958.333215,0
32,25,9,246824,28,7958.333215,2652.777660,0
32,10,11,246824,11,3979.166549,3979.166549,0
32,11,10,246824,11,3979.166549,3979.166549,0
32,11,13,246824,11,3979.166549,5305.555438,0
32,13,11,246824,11,5305.555438,3979.166549,0
32,11,14,246824,11,3979.166549,3183.333215,0
32,14,11,246824,11,3183.333215,3979.166549,0
32,12,14,246824,12,5305.555438,3183.333215,0
32,14,12,246824,12,3183.333215,5305.555438,0
32,12,15,246824,28,5305.555438,7958.333215,0
32,15,12,246824,28,7958.333215,5305.555438,0
32,13,16,246824,41,5305.555438,7958.333215,0
32,16,13,246824,41,7958.333215,5305.555438,0
32,14,17,246824,29,3183.333215,3979.166549,0
32,17,14,246824,29,3979.166549,3183.333215,0
32,14,20,246824,26,3183.333215,5305.555438,0
32,20,14,246824,26,5305.555438,3183.333215,0
32,14,21,246824,34,3183.333215,7958.333215,0
32,21,14,246824,34,7958.333215,3183.333215,0
32,16,28,246824,42,7958.333215,5305.555438,0
32,28,16,246824,42,5305.555438,7958.333215,0
32,17,18,246824,44,3979.166549,7958.333215,0
32,18,17,246824,44,7958.333215,3979.166549,0
32,17,19,246824,37,3979.166549,7958.333215,0
32,19,17,246824,37,7958.333215,3979.166549,0
32,17,20,246824,36,3979.166549,5305.555438,0
32,20,17,246824,36,5305.555438,3979.166549,0
32,20,29,246824,33,5305.555438,5305.555438,0
32,29,20,246824,33,5305.555438,5305.555438,0
32,24,27,246824,35,7958.333215,3979.166549,0
32,27,24,246824,35,3979.166549,7958.333215,0
32,25,27,246824,42,7958.333215,3979.166549,0
32,27,25,246824,42,3979.166549,7958.333215,0
33,0,1,246824,14,3186.666549,3186.666549,0
33,1,0,246824,14,3186.666549,3186.666549,0
33,0,3,246824,13,3186.666549,5311.110993,0
33,3,0,246824,13,5311.110993,3186.666549,0
33,0,9,246824,10,3186.666549,2276.190358,0
33,9,0,246824,10,2276.190358,3186.666549,0
33,0,19,246824,28,3186.666549,5311.110993,0
33,19,0,246824,28,5311.110993,3186.666549,0
33,0,26,246824,31,3186.666549,7966.666549,0
33,26,0,246824,31,7966.666549,3186.666549,0
33,1,2,246824,11,3186.666549,3186.666549,0
33,2,1,246824,11,3186.666549,3186.666549,0
33,1,4,246824,14,3186.666549,2655.555438,0
33,4,1,246824,14,2655.555438,3186.666549,0
33,1,28,246824,35,3186.666549,5311.110993,0
33,28,1,246824,35,5311.110993,3186.666549,0
33,1,29,246824,27,3186.666549,7966.666549,0
33,29,1,246824,27,7966.666549,3186.666549,0
33,2,5,246824,9,3186.666549,3186.666549,0
33,5,2,246824,9,3186.666549,3186.666549,0
33,2,9,246824,7,3186.666549,2276.190358,0
33,9,2,246824,7,2276.190358,3186.666549,0
33,2,18,246824,37,3186.666549,7966.666549,0
33,18,2,246824,37,7966.666549,3186.666549,0
33,2,29,246824,24,3186.666549,7966.666549,0
33,29,2,246824,24,7966.666549,3186.666549,0
33,3,4,246824,13,5311.110993,2655.555438,0
33,4,3,246824,13,2655.555438,5311.110993,0
33,3,12,246824,12,5311.110993,7966.666549,0
33,12,3,246824,12,7966.666549,5311.110993,0
33,4,6,246824,12,2655.555438,2655.555438,0
33,6,4,246824,12,2655.555438,2655.555438,0
33,4,8,246824,12,2655.555438,7966.666549,0
33,8,4,246824,12,7966.666549,2655.555438,0
33,4,21,246824,35,2655.555438,5311.110993,0
33,21,4,246824,35,5311.110993,2655.555438,0
33,4,22,246824,36,2655.555438,7966.666549,0
33,22,4,246824,36,7966.666549,2655.555438,0
33,5,7,246824,11,3186.666549,3983.333215,0
33,7,5,246824,11,3983.333215,3186.666549,0
33,5,9,246824,9,3186.666549,2276.190358,0
33,9,5,246824,9,2276.190358,3186.666549,0
33,5,13,246824,12,3186.666549,2655.555438,0
33,13,5,246824,12,2655.555438,3186.666549,0
33,5,22,246824,35,3186.666549,7966.666549,0
33,22,5,246824,35,7966.666549,3186.666549,0
33,6,8,246824,11,2655.555438,7966.666549,0
33,8,6,246824,11,7966.666549,2655.555438,0
33,6,9,246824,9,2655.555438,2276.190358,0
33,9,6,246824,9,2276.190358,2655.555438,0
33,6,11,246824,11,2655.555438,5311.110993,0
33,11,6,246824,11,5311.110993,2655.555438,0
33,6,23,246824,31,2655.555438,7966.666549,0
33,23,6,246824,31,7966.666549,2655.555438,0
33,6,27,246824,31,2655.555438,7966.666549,0
33,27,6,246824,31,7966.666549,2655.555438,0
33,7,9,246824,9,3983.333215,2276.190358,0
33,9,7,246824,9,2276.190358,3983.333215,0
33,7,10,246824,11,3983.333215,5311.110993,0
33,10,7,246824,11,5311.110993,3983.333215,0
33,7,15,246824,28,3983.333215,7966.666549,0
33,15,7,246824,28,7966.666549,3983.333215,0
33,9,24,246824,21,2276.190358,3186.666549,0
33,24,9,246824,21,3186.666549,2276.190358,0
33,9,25,246824,28,2276.190358,7966.666549,0
33,25,9,246824,28,7966.666549,2276.190358,0
33,10,11,246824,11,5311.110993,5311.110993,0
33,11,10,246824,11,5311.110993,5311.110993,0
33,10,13,246824,12,5311.110993,2655.555438,0
33,13,10,246824,12,2655.555438,5311.110993,0
33,11,14,246824,11,5311.110993,2276.190358,0
33,14,11,246824,11,2276.190358,5311.110993,0
33,12,13,246824,12,7966.666549,2655.555438,0
33,13,12,246824,12,2655.555438,7966.666549,0
33,13,14,246824,12,2655.555438,2276.190358,0
33,14,13,246824,12,2276.190358,2655.555438,0
33,13,16,246824,41,2655.555438,7966.666549,0
33,16,13,246824,41,7966.666549,2655.555438,0
33,13,21,246824,34,2655.555438,5311.110993,0
33,21,13,246824,34,5311.110993,2655.555438,0
33,14,15,246824,28,2276.190358,7966.666549,0
33,15,14,246824,28,7966.666549,2276.190358,0
33,14,16,246824,41,2276.190358,7966.666549,0
33,16,14,246824,41,7966.666549,2276.190358,0
33,14,17,246824,29,2276.190358,7966.666549,0
33,17,14,246824,29,7966.666549,2276.190358,0
33,14,20,246824,26,2276.190358,5311.110993,0
33,20,14,246824,26,5311.110993,2276.190358,0
33,14,28,246824,34,2276.190358,5311.110993,0
33,28,14,246824,34,5311.110993,2276.190358,0
33,17,19,246824,37,7966.666549,5311.110993,0
33,19,17,246824,37,5311.110993,7966.666549,0
33,18,20,246824,46,7966.666549,5311.110993,0
33,20,18,246824,46,5311.110993,7966.666549,0
33,19,20,246824,34,5311.110993,5311.110993,0
33,20,19,246824,34,5311.110993,5311.110993,0
33,21,24,246824,38,5311.110993,3186.666549,0
33,24,21,246824,38,3186.666549,5311.110993,0
33,23,24,246824,35,7966.666549,3186.666549,0
33,24,23,246824,35,3186.666549,7966.666549,0
33,24,26,246824,34,3186.666549,7966.666549,0
33,26,24,246824,34,7966.666549,3186.666549,0
33,24,27,246824,35,3186.666549,7966.666549,0
33,27,24,246824,35,7966.666549,3186.666549,0
33,25,28,246824,45,7966.666549,5311.110993,0
33,28,25,246824,45,5311.110993,7966.666549,0
34,0,1,246824,14,1992.708215,3188.333215,0
34,1,0,246824,14,3188.333215,1992.708215,0
34,0,3,246824,13,1992.708215,3985.416549,0
34,3,0,246824,13,3985.416549,1992.708215,0
34,0,9,246824,10,1992.708215,3188.333215,0
34,9,0,246824,10,3188.333215,1992.708215,0
34,0,19,246824,28,1992.708215,5313.888771,0
34,19,0,246824,28,5313.888771,1992.708215,0
34,0,23,246824,32,1992.708215,5313.888771,0
34,23,0,246824,32,5313.888771,1992.708215,0
34,0,26,246824,31,1992.708215,7970.833215,0
34,26,0,246824,31,7970.833215,1992.708215,0
34,0,27,246824,32,1992.708215,5313.888771,0
34,27,0,246824,32,5313.888771,1992.708215,0
34,0,29,246824,27,1992.708215,5313.888771,0
34,29,0,246824,27,5313.888771,1992.708215,0
34,1,3,246824,14,3188.333215,3985.416549,0
34,3,1,246824,14,3985.416549,3188.333215,0
34,1,10,246824,13,3188.333215,3985.416549,0
34,10,1,246824,13,3985.416549,3188.333215,0
34,1,28,246824,35,3188.333215,5313.888771,0
34,28,1,246824,35,5313.888771,3188.333215,0
34,1,29,246824,27,3188.333215,5313.888771,0
34,29,1,246824,27,5313.888771,3188.333215,0
34,2,4,246824,10,3188.333215,5313.888771,0
34,4,2,246824,10,5313.888771,3188.333215,0
34,2,5,246824,9,3188.333215,2656.944326,0
34,5,2,246824,9,2656.944326,3188.333215,0
34,2,9,246824,7,3188.333215,3188.333215,0
34,9,2,246824,7,3188.333215,3188.333215,0
34,2,18,246824,37,3188.333215,7970.833215,0
34,18,2,246824,37,7970.833215,3188.333215,0
34,2,22,246824,33,3188.333215,7970.833215,0
34,22,2,246824,33,7970.833215,3188.333215,0
34,3,12,246824,12,3985.416549,7970.833215,0
34,12,3,246824,12,7970.833215,3985.416549,0
34,3,28,246824,35,3985.416549,5313.888771,0
34,28,3,246824,35,5313.888771,3985.416549,0
34,4,8,246824,12,5313.888771,3188.333215,0
34,8,4,246824,12,3188.333215,5313.888771,0
34,4,21,246824,35,5313.888771,7970.833215,0
34,21,4,246824,35,7970.833215,5313.888771,0
34,5,6,246824,11,2656.944326,2656.944326,0
34,6,5,246824,11,2656.944326,2656.944326,0
34,5,7,246824,11,2656.944326,5313.888771,0
34,7,5,246824,11,5313.888771,2656.944326,0
34,5,8,246824,11,2656.944326,3188.333215,0
34,8,5,246824,11,3188.333215,2656.944326,0
34,5,13,246824,12,2656.944326,2656.944326,0
34,13,5,246824,12,2656.944326,2656.944326,0
34,5,22,246824,35,2656.944326,7970.833215,0
34,22,5,246824,35,7970.833215,2656.944326,0
34,6,8,246824,11,2656.944326,3188.333215,0
34,8,6,246824,11,3188.333215,2656.944326,0
34,6,9,246824,9,2656.944326,3188.333215,0
34,9,6,246824,9,3188.333215,2656.944326,0
34,6,11,246824,11,2656.944326,5313.888771,0
34,11,6,246824,11,5313.888771,2656.944326,0
34,6,23,246824,31,2656.944326,5313.888771,0
34,23,6,246824,31,5313.888771,2656.944326,0
34,6,27,246824,31,2656.944326,5313.888771,0
34,27,6,246824,31,5313.888771,2656.944326,0
34,7,10,246824,11,5313.888771,3985.416549,0
34,10,7,246824,11,3985.416549,5313.888771,0
34,7,15,246824,28,5313.888771,7970.833215,0
34,15,7,246824,28,7970.833215,5313.888771,0
34,8,10,246824,11,3188.333215,3985.416549,0
34,10,8,246824,11,3985.416549,3188.333215,0
34,8,26,246824,29,3188.333215,7970.833215,0
34,26,8,246824,29,7970.833215,3188.333215,0
34,9,24,246824,21,3188.333215,7970.833215,0
34,24,9,246824,21,7970.833215,3188.333215,0
34,9,25,246824,28,3188.333215,7970.833215,0
34,25,9,246824,28,7970.833215,3188.333215,0
34,10,13,246824,12,3985.416549,2656.944326,0
34,13,10,246824,12,2656.944326,3985.416549,0
34,11,13,246824,11,5313.888771,2656.944326,0
34,13,11,246824,11,2656.944326,5313.888771,0
34,11,14,246824,11,5313.888771,2656.944326,0
34,14,11,246824,11,2656.944326,5313.888771,0
34,12,13,246824,12,7970.833215,2656.944326,0
34,13,12,246824,12,2656.944326,7970.833215,0
34,13,14,246824,12,2656.944326,2656.944326,0
34,14,13,246824,12,2656.944326,2656.944326,0
34,13,16,246824,41,2656.944326,7970.833215,0
34,16,13,246824,41,7970.833215,2656.944326,0
34,14,15,246824,28,2656.944326,7970.833215,0
34,15,14,246824,28,7970.833215,2656.944326,0
34,14,17,246824,29,2656.944326,7970.833215,0
34,17,14,246824,29,7970.833215,2656.944326,0
34,14,20,246824,26,2656.944326,7970.833215,0
34,20,14,246824,26,7970.833215,2656.944326,0
34,14,21,246824,34,2656.944326,7970.833215,0
34,21,14,246824,34,7970.833215,2656.944326,0
34,16,28,246824,42,7970.833215,5313.888771,0
34,28,16,246824,42,5313.888771,7970.833215,0
34,17,19,246824,37,7970.833215,5313.888771,0
34,19,17,246824,37,5313.888771,7970.833215,0
34,18,19,246824,47,7970.833215,5313.888771,0
34,19,18,246824,47,5313.888771,7970.833215,0
34,20,29,246824,33,7970.833215,5313.888771,0
34,29,20,246824,33,5313.888771,7970.833215,0
34,23,24,246824,35,5313.888771,7970.833215,0
34,24,23,246824,35,7970.833215,5313.888771,0
34,25,27,246824,42,7970.833215,5313.888771,0
34,27,25,246824,42,5313.888771,7970.833215,0
35,0,1,246824,14,2652.777660,3183.333215,0
35,1,0,246824,14,3183.333215,2652.777660,0
35,0,9,246824,10,2652.777660,2652.777660,0
35,9,0,246824,10,2652.777660,2652.777660,0
35,0,19,246824,28,2652.777660,5305.555438,0
35,19,0,246824,28,5305.555438,2652.777660,0
35,0,26,246824,31,2652.777660,7958.333215,0
35,26,0,246824,31,7958.333215,2652.777660,0
35,0,27,246824,32,2652.777660,5305.555438,0
35,27,0,246824,32,5305.555438,2652.777660,0
35,0,29,246824,27,2652.777660,5305.555438,0
35,29,0,246824,27,5305.555438,2652.777660,0
35,1,2,246824,11,3183.333215,3183.333215,0
35,2,1,246824,11,3183.333215,3183.333215,0
35,1,4,246824,14,3183.333215,3183.333215,0
35,4,1,246824,14,3183.333215,3183.333215,0
35,1,10,246824,13,3183.333215,3183.333215,0
35,10,1,246824,13,3183.333215,3183.333215,0
35,1,28,246824,35,3183.333215,7958.333215,0
35,28,1,246824,35,7958.333215,3183.333215,0
35,2,5,246824,9,3183.333215,3979.166549,0
35,5,2,246824,9,3979.166549,3183.333215,0
35,2,9,246824,7,3183.333215,2652.777660,0
35,9,2,246824,7,2652.777660,3183.333215,0
35,2,18,246824,37,3183.333215,7958.333215,0
35,18,2,246824,37,7958.333215,3183.333215,0
35,2,29,246824,24,3183.333215,5305.555438,0
35,29,2,246824,24,5305.555438,3183.333215,0
35,3,4,246824,13,5305.555438,3183.333215,0
35,4,3,246824,13,3183.333215,5305.555438,0
35,3,12,246824,12,5305.555438,3979.166549,0
35,12,3,246824,12,3979.166549,5305.555438,0
35,3,21,246824,35,5305.555438,7958.333215,0
35,21,3,246824,35,7958.333215,5305.555438,0
35,4,6,246824,12,3183.333215,2652.777660,0
35,6,4,246824,12,2652.777660,3183.333215,0
35,4,21,246824,35,3183.333215,7958.333215,0
35,21,4,246824,35,7958.333215,3183.333215,0
35,4,22,246824,36,3183.333215,7958.333215,0
35,22,4,246824,36,7958.333215,3183.333215,0
35,5,8,246824,11,3979.166549,5305.555438,0
35,8,5,246824,11,5305.555438,3979.166549,0
35,5,13,246824,12,3979.166549,3183.333215,0
35,13,5,246824,12,3183.333215,3979.166549,0
35,5,22,246824,35,3979.166549,7958.333215,0
35,22,5,246824,35,7958.333215,3979.166549,0
35,6,8,246824,11,2652.777660,5305.555438,0
35,8,6,246824,11,5305.555438,2652.777660,0
35,6,9,246824,9,2652.777660,2652.777660,0
35,9,6,246824,9,2652.777660,2652.777660,0
35,6,11,246824,11,2652.777660,5305.555438,0
35,11,6,246824,11,5305.555438,2652.777660,0
35,6,23,246824,31,2652.777660,7958.333215,0
35,23,6,246824,31,7958.333215,2652.777660,0
35,6,27,246824,31,2652.777660,5305.555438,0
35,27,6,246824,31,5305.555438,2652.777660,0
35,7,9,246824,9,5305.555438,2652.777660,0
35,9,7,246824,9,2652.777660,5305.555438,0
35,7,10,246824,11,5305.555438,3183.333215,0
35,10,7,246824,11,3183.333215,5305.555438,0
35,7,15,246824,28,5305.555438,7958.333215,0
35,15,7,246824,28,7958.333215,5305.555438,0
35,8,10,246824,11,5305.555438,3183.333215,0
35,10,8,246824,11,3183.333215,5305.555438,0
35,9,24,246824,21,2652.777660,5305.555438,0
35,24,9,246824,21,5305.555438,2652.777660,0
35,9,25,246824,28,2652.777660,7958.333215,0
35,25,9,246824,28,7958.333215,2652.777660,0
35,10,11,246824,11,3183.333215,5305.555438,0
35,11,10,246824,11,5305.555438,3183.333215,0
35,10,13,246824,12,3183.333215,3183.333215,0
35,13,10,246824,12,3183.333215,3183.333215,0
35,11,14,246824,11,5305.555438,2273.809406,0
35,14,11,246824,11,2273.809406,5305.555438,0
35,12,13,246824,12,3979.166549,3183.333215,0
35,13,12,246824,12,3183.333215,3979.166549,0
35,12,14,246824,12,3979.166549,2273.809406,0
35,14,12,246824,12,2273.809406,3979.166549,0
35,12,15,246824,28,3979.166549,7958.333215,0
35,15,12,246824,28,7958.333215,3979.166549,0
35,13,14,246824,12,3183.333215,2273.809406,0
35,14,13,246824,12,2273.809406,3183.333215,0
35,13,16,246824,41,3183.333215,7958.333215,0
35,16,13,246824,41,7958.333215,3183.333215,0
35,14,16,246824,41,2273.809406,7958.333215,0
35,16,14,246824,41,7958.333215,2273.809406,0
35,14,17,246824,29,2273.809406,5305.555438,0
35,17,14,246824,29,5305.555438,2273.809406,0
35,14,20,246824,26,2273.809406,5305.555438,0
35,20,14,246824,26,5305.555438,2273.809406,0
35,14,28,246824,34,2273.809406,7958.333215,0
35,28,14,246824,34,7958.333215,2273.809406,0
35,17,18,246824,44,5305.555438,7958.333215,0
35,18,17,246824,44,7958.333215,5305.555438,0
35,17,19,246824,37,5305.555438,5305.555438,0
35,19,17,246824,37,5305.555438,5305.555438,0
35,19,20,246824,34,5305.555438,5305.555438,0
35,20,19,246824,34,5305.555438,5305.555438,0
35,20,29,246824,33,5305.555438,5305.555438,0
35,29,20,246824,33,5305.555438,5305.555438,0
35,23,24,246824,35,7958.333215,5305.555438,0
35,24,23,246824,35,5305.555438,7958.333215,0
35,24,26,246824,34,5305.555438,7958.333215,0
35,26,24,246824,34,7958.333215,5305.555438,0
35,25,27,246824,42,7958.333215,5305.555438,0
35,27,25,246824,42,5305.555438,7958.333215,0
36,0,1,246824,14,2276.190358,3186.666549,0
36,1,0,246824,14,3186.666549,2276.190358,0
36,0,3,246824,13,2276.190358,3983.333215,0
36,3,0,246824,13,3983.333215,2276.190358,0
36,0,9,246824,10,2276.190358,3186.666549,0
36,9,0,246824,10,3186.666549,2276.190358,0
36,0,19,246824,28,2276.190358,5311.110993,0
36,19,0,246824,28,5311.110993,2276.190358,0
36,0,23,246824,32,2276.190358,7966.666549,0
36,23,0,246824,32,7966.666549,2276.190358,0
36,0,26,246824,31,2276.190358,7966.666549,0
36,26,0,246824,31,7966.666549,2276.190358,0
36,0,27,246824,32,2276.190358,5311.110993,0
36,27,0,246824,32,5311.110993,2276.190358,0
36,1,2,246824,11,3186.666549,2276.190358,0
36,2,1,246824,11,2276.190358,3186.666549,0
36,1,3,246824,14,3186.666549,3983.333215,0
36,3,1,246824,14,3983.333215,3186.666549,0
36,1,10,246824,13,3186.666549,3983.333215,0
36,10,1,246824,13,3983.333215,3186.666549,0
36,1,29,246824,27,3186.666549,5311.110993,0
36,29,1,246824,27,5311.110993,3186.666549,0
36,2,4,246824,10,2276.190358,5311.110993,0
36,4,2,246824,10,5311.110993,2276.190358,0
36,2,5,246824,9,2276.190358,7966.666549,0
36,5,2,246824,9,7966.666549,2276.190358,0
36,2,9,246824,7,2276.190358,3186.666549,0
36,9,2,246824,7,3186.666549,2276.190358,0
36,2,18,246824,37,2276.190358,7966.666549,0
36,18,2,246824,37,7966.666549,2276.190358,0
36,2,22,246824,33,2276.190358,7966.666549,0
36,22,2,246824,33,7966.666549,2276.190358,0
36,2,29,246824,24,2276.190358,5311.110993,0
36,29,2,246824,24,5311.110993,2276.190358,0
36,3,12,246824,12,3983.333215,5311.110993,0
36,12,3,246824,12,5311.110993,3983.333215,0
36,3,28,246824,35,3983.333215,5311.110993,0
36,28,3,246824,35,5311.110993,3983.333215,0
36,4,8,246824,12,5311.110993,3983.333215,0
36,8,4,246824,12,3983.333215,5311.110993,0
36,4,22,246824,36,5311.110993,7966.666549,0
36,22,4,246824,36,7966.666549,5311.110993,0
36,5,13,246824,12,7966.666549,3186.666549,0
36,13,5,246824,12,3186.666549,7966.666549,0
36,6,8,246824,11,5311.110993,3983.333215,0
36,8,6,246824,11,3983.333215,5311.110993,0
36,6,11,246824,11,5311.110993,3983.333215,0
36,11,6,246824,11,3983.333215,5311.110993,0
36,6,23,246824,31,5311.110993,7966.666549,0
36,23,6,246824,31,7966.666549,5311.110993,0
36,7,9,246824,9,7966.666549,3186.666549,0
36,9,7,246824,9,3186.666549,7966.666549,0
36,7,10,246824,11,7966.666549,3983.333215,0
36,10,7,246824,11,3983.333215,7966.666549,0
36,8,10,246824,11,3983.333215,3983.333215,0
36,10,8,246824,11,3983.333215,3983.333215,0
36,8,26,246824,29,3983.333215,7966.666549,0
36,26,8,246824,29,7966.666549,3983.333215,0
36,9,24,246824,21,3186.666549,5311.110993,0
36,24,9,246824,21,5311.110993,3186.666549,0
36,9,25,246824,28,3186.666549,7966.666549,0
36,25,9,246824,28,7966.666549,3186.666549,0
36,10,11,246824,11,3983.333215,3983.333215,0
36,11,10,246824,11,3983.333215,3983.333215,0
36,11,13,246824,11,3983.333215,3186.666549,0
36,13,11,246824,11,3186.666549,3983.333215,0
36,11,14,246824,11,3983.333215,1991.666549,0
36,14,11,246824,11,1991.666549,3983.333215,0
36,12,13,246824,12,5311.110993,3186.666549,0
36,13,12,246824,12,3186.666549,5311.110993,0
36,12,15,246824,28,5311.110993,7966.666549,0
36,15,12,246824,28,7966.666549,5311.110993,0
36,13,14,246824,12,3186.666549,1991.666549,0
36,14,13,246824,12,1991.666549,3186.666549,0
36,13,21,246824,34,3186.666549,5311.110993,0
36,21,13,246824,34,5311.110993,3186.666549,0
36,14,15,246824,28,1991.666549,7966.666549,0
36,15,14,246824,28,7966.666549,1991.666549,0
36,14,16,246824,41,1991.666549,7966.666549,0
36,16,14,246824,41,7966.666549,1991.666549,0
36,14,17,246824,29,1991.666549,7966.666549,0
36,17,14,246824,29,7966.666549,1991.666549,0
36,14,20,246824,26,1991.666549,3983.333215,0
36,20,14,246824,26,3983.333215,1991.666549,0
36,14,21,246824,34,1991.666549,5311.110993,0
36,21,14,246824,34,5311.110993,1991.666549,0
36,14,28,246824,34,1991.666549,5311.110993,0
36,28,14,246824,34,5311.110993,1991.666549,0
36,16,28,246824,42,7966.666549,5311.110993,0
36,28,16,246824,42,5311.110993,7966.666549,0
36,17,19,246824,37,7966.666549,5311.110993,0
36,19,17,246824,37,5311.110993,7966.666549,0
36,18,20,246824,46,7966.666549,3983.333215,0
36,20,18,246824,46,3983.333215,7966.666549,0
36,19,20,246824,34,5311.110993,3983.333215,0
36,20,19,246824,34,3983.333215,5311.110993,0
36,20,29,246824,33,3983.333215,5311.110993,0
36,29,20,246824,33,5311.110993,3983.333215,0
36,21,24,246824,38,5311.110993,5311.110993,0
36,24,21,246824,38,5311.110993,5311.110993,0
36,24,27,246824,35,5311.110993,5311.110993,0
36,27,24,246824,35,5311.110993,5311.110993,0
36,25,27,246824,42,7966.666549,5311.110993,0
36,27,25,246824,42,5311.110993,7966.666549,0
37,0,1,246824,14,2277.380834,3985.416549,0
37,1,0,246824,14,3985.416549,2277.380834,0
37,0,9,246824,10,2277.380834,2656.944326,0
37,9,0,246824,10,2656.944326,2277.380834,0
37,0,19,246824,28,2277.380834,7970.833215,0
37,19,0,246824,28,7970.833215,2277.380834,0
37,0,23,246824,32,2277.380834,7970.833215,0
37,23,0,246824,32,7970.833215,2277.380834,0
37,0,26,246824,31,2277.380834,5313.888771,0
37,26,0,246824,31,5313.888771,2277.380834,0
37,0,27,246824,32,2277.380834,7970.833215,0
37,27,0,246824,32,7970.833215,2277.380834,0
37,0,29,246824,27,2277.380834,5313.888771,0
37,29,0,246824,27,5313.888771,2277.380834,0
37,1,2,246824,11,3985.416549,2656.944326,0
37,2,1,246824,11,2656.944326,3985.416549,0
37,1,4,246824,14,3985.416549,2277.380834,0
37,4,1,246824,14,2277.380834,3985.416549,0
37,1,28,246824,35,3985.416549,3985.416549,0
37,28,1,246824,35,3985.416549,3985.416549,0
37,2,4,246824,10,2656.944326,2277.380834,0
37,4,2,246824,10,2277.380834,2656.944326,0
37,2,9,246824,7,2656.944326,2656.944326,0
37,9,2,246824,7,2656.944326,2656.944326,0
37,2,18,246824,37,2656.944326,7970.833215,0
37,18,2,246824,37,7970.833215,2656.944326,0
37,2,22,246824,33,2656.944326,7970.833215,0
37,22,2,246824,33,7970.833215,2656.944326,0
37,2,29,246824,24,2656.944326,5313.888771,0
37,29,2,246824,24,5313.888771,2656.944326,0
37,3,4,246824,13,3985.416549,2277.380834,0
37,4,3,246824,13,2277.380834,3985.416549,0
37,3,12,246824,12,3985.416549,3985.416549,0
37,12,3,246824,12,3985.416549,3985.416549,0
37,3,21,246824,35,3985.416549,7970.833215,0
37,21,3,246824,35,7970.833215,3985.416549,0
37,3,28,246824,35,3985.416549,3985.416549,0
37,28,3,246824,35,3985.416549,3985.416549,0
37,4,6,246824,12,2277.380834,2656.944326,0
37,6,4,246824,12,2656.944326,2277.380834,0
37,4,8,246824,12,2277.380834,3188.333215,0
37,8,4,246824,12,3188.333215,2277.380834,0
37,4,21,246824,35,2277.380834,7970.833215,0
37,21,4,246824,35,7970.833215,2277.380834,0
37,4,22,246824,36,2277.380834,7970.833215,0
37,22,4,246824,36,7970.833215,2277.380834,0
37,5,7,246824,11,5313.888771,3985.416549,0
37,7,5,246824,11,3985.416549,5313.888771,0
37,5,8,246824,11,5313.888771,3188.333215,0
37,8,5,246824,11,3188.333215,5313.888771,0
37,5,13,246824,12,5313.888771,5313.888771,0
37,13,5,246824,12,5313.888771,5313.888771,0
37,6,8,246824,11,2656.944326,3188.333215,0
37,8,6,246824,11,3188.333215,2656.944326,0
37,6,9,246824,9,2656.944326,2656.944326,0
37,9,6,246824,9,2656.944326,2656.944326,0
37,6,11,246824,11,2656.944326,7970.833215,0
37,11,6,246824,11,7970.833215,2656.944326,0
37,6,23,246824,31,2656.944326,7970.833215,0
37,23,6,246824,31,7970.833215,2656.944326,0
37,6,27,246824,31,2656.944326,7970.833215,0
37,27,6,246824,31,7970.833215,2656.944326,0
37,7,9,246824,9,3985.416549,2656.944326,0
37,9,7,246824,9,2656.944326,3985.416549,0
37,7,10,246824,11,3985.416549,7970.833215,0
37,10,7,246824,11,7970.833215,3985.416549,0
37,7,15,246824,28,3985.416549,3985.416549,0
37,15,7,246824,28,3985.416549,3985.416549,0
37,8,10,246824,11,3188.333215,7970.833215,0
37,10,8,246824,11,7970.833215,3188.333215,0
37,8,26,246824,29,3188.333215,5313.888771,0
37,26,8,246824,29,5313.888771,3188.333215,0
37,9,24,246824,21,2656.944326,7970.833215,0
37,24,9,246824,21,7970.833215,2656.944326,0
37,9,25,246824,28,2656.944326,7970.833215,0
37,25,9,246824,28,7970.833215,2656.944326,0
37,11,14,246824,11,7970.833215,3985.416549,0
37,14,11,246824,11,3985.416549,7970.833215,0
37,12,13,246824,12,3985.416549,5313.888771,0
37,13,12,246824,12,5313.888771,3985.416549,0
37,12,14,246824,12,3985.416549,3985.416549,0
37,14,12,246824,12,3985.416549,3985.416549,0
37,12,15,246824,28,3985.416549,3985.416549,0
37,15,12,246824,28,3985.416549,3985.416549,0
37,13,16,246824,41,5313.888771,7970.833215,0
37,16,13,246824,41,7970.833215,5313.888771,0
37,14,17,246824,29,3985.416549,5313.888771,0
37,17,14,246824,29,5313.888771,3985.416549,0
37,14,20,246824,26,3985.416549,7970.833215,0
37,20,14,246824,26,7970.833215,3985.416549,0
37,15,17,246824,37,3985.416549,5313.888771,0
37,17,15,246824,37,5313.888771,3985.416549,0
37,15,18,246824,47,3985.416549,7970.833215,0
37,18,15,246824,47,7970.833215,3985.416549,0
37,16,28,246824,42,7970.833215,3985.416549,0
37,28,16,246824,42,3985.416549,7970.833215,0
37,17,19,246824,37,5313.888771,7970.833215,0
37,19,17,246824,37,7970.833215,5313.888771,0
37,20,29,246824,33,7970.833215,5313.888771,0
37,29,20,246824,33,5313.888771,7970.833215,0
37,24,26,246824,34,7970.833215,5313.888771,0
37,26,24,246824,34,5313.888771,7970.833215,0
37,25,28,246824,45,7970.833215,3985.416549,0
37,28,25,246824,45,3985.416549,7970.833215,0
38,0,1,246824,14,2656.944326,3985.416549,0
38,1,0,246824,14,3985.416549,2656.944326,0
38,0,3,246824,13,2656.944326,3985.416549,0
38,3,0,246824,13,3985.416549,2656.944326,0
38,0,9,246824,10,2656.944326,2656.944326,0
38,9,0,246824,10,2656.944326,2656.944326,0
38,0,19,246824,28,2656.944326,3985.416549,0
38,19,0,246824,28,3985.416549,2656.944326,0
38,0,26,246824,31,2656.944326,7970.833215,0
38,26,0,246824,31,7970.833215,2656.944326,0
38,0,29,246824,27,2656.944326,7970.833215,0
38,29,0,246824,27,7970.833215,2656.944326,0
38,1,2,246824,11,3985.416549,5313.888771,0
38,2,1,246824,11,5313.888771,3985.416549,0
38,1,10,246824,13,3985.416549,3188.333215,0
38,10,1,246824,13,3188.333215,3985.416549,0
38,1,29,246824,27,3985.416549,7970.833215,0
38,29,1,246824,27,7970.833215,3985.416549,0
38,2,4,246824,10,5313.888771,3985.416549,0
38,4,2,246824,10,3985.416549,5313.888771,0
38,2,5,246824,9,5313.888771,5313.888771,0
38,5,2,246824,9,5313.888771,5313.888771,0
38,3,12,246824,12,3985.416549,7970.833215,0
38,12,3,246824,12,7970.833215,3985.416549,0
38,3,21,246824,35,3985.416549,5313.888771,0
38,21,3,246824,35,5313.888771,3985.416549,0
38,3,28,246824,35,3985.416549,5313.888771,0
38,28,3,246824,35,5313.888771,3985.416549,0
38,4,6,246824,12,3985.416549,2656.944326,0
38,6,4,246824,12,2656.944326,3985.416549,0
38,4,21,246824,35,3985.416549,5313.888771,0
38,21,4,246824,35,5313.888771,3985.416549,0
38,4,22,246824,36,3985.416549,7970.833215,0
38,22,4,246824,36,7970.833215,3985.416549,0
38,5,9,246824,9,5313.888771,2656.944326,0
38,9,5,246824,9,2656.944326,5313.888771,0
38,5,22,246824,35,5313.888771,7970.833215,0
38,22,5,246824,35,7970.833215,5313.888771,0
38,6,8,246824,11,2656.944326,7970.833215,0
38,8,6,246824,11,7970.833215,2656.944326,0
38,6,9,246824,9,2656.944326,2656.944326,0
38,9,6,246824,9,2656.944326,2656.944326,0
38,6,11,246824,11,2656.944326,5313.888771,0
38,11,6,246824,11,5313.888771,2656.944326,0
38,6,23,246824,31,2656.944326,7970.833215,0
38,23,6,246824,31,7970.833215,2656.944326,0
38,6,27,246824,31,2656.944326,7970.833215,0
38,27,6,246824,31,7970.833215,2656.944326,0
38,7,9,246824,9,5313.888771,2656.944326,0
38,9,7,246824,9,2656.944326,5313.888771,0
38,7,10,246824,11,5313.888771,3188.333215,0
38,10,7,246824,11,3188.333215,5313.888771,0
38,7,15,246824,28,5313.888771,7970.833215,0
38,15,7,246824,28,7970.833215,5313.888771,0
38,8,10,246824,11,7970.833215,3188.333215,0
38,10,8,246824,11,3188.333215,7970.833215,0
38,9,24,246824,21,2656.944326,3188.333215,0
38,24,9,246824,21,3188.333215,2656.944326,0
38,9,25,246824,28,2656.944326,7970.833215,0
38,25,9,246824,28,7970.833215,2656.944326,0
38,10,11,246824,11,3188.333215,5313.888771,0
38,11,10,246824,11,5313.888771,3188.333215,0
38,10,13,246824,12,3188.333215,5313.888771,0
38,13,10,246824,12,5313.888771,3188.333215,0
38,11,14,246824,11,5313.888771,1992.708215,0
38,14,11,246824,11,1992.708215,5313.888771,0
38,12,14,246824,12,7970.833215,1992.708215,0
38,14,12,246824,12,1992.708215,7970.833215,0
38,13,14,246824,12,5313.888771,1992.708215,0
38,14,13,246824,12,1992.708215,5313.888771,0
38,13,16,246824,41,5313.888771,7970.833215,0
38,16,13,246824,41,7970.833215,5313.888771,0
38,14,15,246824,28,1992.708215,7970.833215,0
38,15,14,246824,28,7970.833215,1992.708215,0
38,14,16,246824,41,1992.708215,7970.833215,0
38,16,14,246824,41,7970.833215,1992.708215,0
38,14,17,246824,29,1992.708215,5313.888771,0
38,17,14,246824,29,5313.888771,1992.708215,0
38,14,20,246824,26,1992.708215,7970.833215,0
38,20,14,246824,26,7970.833215,1992.708215,0
38,14,28,246824,34,1992.708215,5313.888771,0
38,28,14,246824,34,5313.888771,1992.708215,0
38,17,18,246824,44,5313.888771,7970.833215,0
38,18,17,246824,44,7970.833215,5313.888771,0
38,17,19,246824,37,5313.888771,3985.416549,0
38,19,17,246824,37,3985.416549,5313.888771,0
38,18,19,246824,47,7970.833215,3985.416549,0
38,19,18,246824,47,3985.416549,7970.833215,0
38,19,20,246824,34,3985.416549,7970.833215,0
38,20,19,246824,34,7970.833215,3985.416549,0
38,21,24,246824,38,5313.888771,3188.333215,0
38,24,21,246824,38,3188.333215,5313.888771,0
38,23,24,246824,35,7970.833215,3188.333215,0
38,24,23,246824,35,3188.333215,7970.833215,0
38,24,26,246824,34,3188.333215,7970.833215,0
38,26,24,246824,34,7970.833215,3188.333215,0
38,24,27,246824,35,3188.333215,7970.833215,0
38,27,24,246824,35,7970.833215,3188.333215,0
38,25,28,246824,45,7970.833215,5313.888771,0
38,28,25,246824,45,5313.888771,7970.833215,0
39,0,1,246824,14,3183.333215,3183.333215,0
39,1,0,246824,14,3183.333215,3183.333215,0
39,0,3,246824,13,3183.333215,3183.333215,0
39,3,0,246824,13,3183.333215,3183.333215,0
39,0,19,246824,28,3183.333215,7958.333215,0
39,19,0,246824,28,7958.333215,3183.333215,0
39,0,26,246824,31,3183.333215,7958.333215,0
39,26,0,246824,31,7958.333215,3183.333215,0
39,0,27,246824,32,3183.333215,5305.555438,0
39,27,0,246824,32,5305.555438,3183.333215,0
39,1,3,246824,14,3183.333215,3183.333215,0
39,3,1,246824,14,3183.333215,3183.333215,0
39,1,4,246824,14,3183.333215,3979.166549,0
39,4,1,246824,14,3979.166549,3183.333215,0
39,1,28,246824,35,3183.333215,5305.555438,0
39,28,1,246824,35,5305.555438,3183.333215,0
39,1,29,246824,27,3183.333215,5305.555438,0
39,29,1,246824,27,5305.555438,3183.333215,0
39,2,4,246824,10,2652.777660,3979.166549,0
39,4,2,246824,10,3979.166549,2652.777660,0
39,2,5,246824,9,2652.777660,2652.777660,0
39,5,2,246824,9,2652.777660,2652.777660,0
39,2,9,246824,7,2652.777660,3183.333215,0
39,9,2,246824,7,3183.333215,2652.777660,0
39,2,18,246824,37,2652.777660,7958.333215,0
39,18,2,246824,37,7958.333215,2652.777660,0
39,2,22,246824,33,2652.777660,7958.333215,0
39,22,2,246824,33,7958.333215,2652.777660,0
39,2,29,246824,24,2652.777660,5305.555438,0
39,29,2,246824,24,5305.555438,2652.777660,0
39,3,4,246824,13,3183.333215,3979.166549,0
39,4,3,246824,13,3979.166549,3183.333215,0
39,3,12,246824,12,3183.333215,5305.555438,0
39,12,3,246824,12,5305.555438,3183.333215,0
39,3,28,246824,35,3183.333215,5305.555438,0
39,28,3,246824,35,5305.555438,3183.333215,0
39,4,8,246824,12,3979.166549,3183.333215,0
39,8,4,246824,12,3183.333215,3979.166549,0
39,5,6,246824,11,2652.777660,3183.333215,0
39,6,5,246824,11,3183.333215,2652.777660,0
39,5,7,246824,11,2652.777660,3979.166549,0
39,7,5,246824,11,3979.166549,2652.777660,0
39,5,8,246824,11,2652.777660,3183.333215,0
39,8,5,246824,11,3183.333215,2652.777660,0
39,5,13,246824,12,2652.777660,3183.333215,0
39,13,5,246824,12,3183.333215,2652.777660,0
39,5,22,246824,35,2652.777660,7958.333215,0
39,22,5,246824,35,7958.333215,2652.777660,0
39,6,8,246824,11,3183.333215,3183.333215,0
39,8,6,246824,11,3183.333215,3183.333215,0
39,6,9,246824,9,3183.333215,3183.333215,0
39,9,6,246824,9,3183.333215,3183.333215,0
39,6,23,246824,31,3183.333215,7958.333215,0
39,23,6,246824,31,7958.333215,3183.333215,0
39,6,27,246824,31,3183.333215,5305.555438,0
39,27,6,246824,31,5305.555438,3183.333215,0
39,7,9,246824,9,3979.166549,3183.333215,0
39,9,7,246824,9,3183.333215,3979.166549,0
39,7,10,246824,11,3979.166549,7958.333215,0
39,10,7,246824,11,7958.333215,3979.166549,0
39,7,15,246824,28,3979.166549,7958.333215,0
39,15,7,246824,28,7958.333215,3979.166549,0
39,8,10,246824,11,3183.333215,7958.333215,0
39,10,8,246824,11,7958.333215,3183.333215,0
39,8,26,246824,29,3183.333215,7958.333215,0
39,26,8,246824,29,7958.333215,3183.333215,0
39,9,24,246824,21,3183.333215,5305.555438,0
39,24,9,246824,21,5305.555438,3183.333215,0
39,9,25,246824,28,3183.333215,7958.333215,0
39,25,9,246824,28,7958.333215,3183.333215,0
39,11,13,246824,11,7958.333215,3183.333215,0
39,13,11,246824,11,3183.333215,7958.333215,0
39,11,14,246824,11,7958.333215,2652.777660,0
39,14,11,246824,11,2652.777660,7958.333215,0
39,12,14,246824,12,5305.555438,2652.777660,0
39,14,12,246824,12,2652.777660,5305.555438,0
39,12,15,246824,28,5305.555438,7958.333215,0
39,15,12,246824,28,7958.333215,5305.555438,0
39,13,14,246824,12,3183.333215,2652.777660,0
39,14,13,246824,12,2652.777660,3183.333215,0
39,13,16,246824,41,3183.333215,7958.333215,0
39,16,13,246824,41,7958.333215,3183.333215,0
39,13,21,246824,34,3183.333215,5305.555438,0
39,21,13,246824,34,5305.555438,3183.333215,0
39,14,17,246824,29,2652.777660,5305.555438,0
39,17,14,246824,29,5305.555438,2652.777660,0
39,14,20,246824,26,2652.777660,7958.333215,0
39,20,14,246824,26,7958.333215,2652.777660,0
39,14,21,246824,34,2652.777660,5305.555438,0
39,21,14,246824,34,5305.555438,2652.777660,0
39,16,28,246824,42,7958.333215,5305.555438,0
39,28,16,246824,42,5305.555438,7958.333215,0
39,17,18,246824,44,5305.555438,7958.333215,0
39,18,17,246824,44,7958.333215,5305.555438,0
39,17,19,246824,37,5305.555438,7958.333215,0
39,19,17,246824,37,7958.333215,5305.555438,0
39,20,29,246824,33,7958.333215,5305.555438,0
39,29,20,246824,33,5305.555438,7958.333215,0
39,21,24,246824,38,5305.555438,5305.555438,0
39,24,21,246824,38,5305.555438,5305.555438,0
39,23,24,246824,35,7958.333215,5305.555438,0
39,24,23,246824,35,5305.555438,7958.333215,0
39,25,27,246824,42,7958.333215,5305.555438,0
39,27,25,246824,42,5305.555438,7958.333215,0
40,0,1,246824,14,2276.190358,3186.666549,0
40,1,0,246824,14,3186.666549,2276.190358,0
40,0,3,246824,13,2276.190358,5311.110993,0
40,3,0,246824,13,5311.110993,2276.190358,0
40,0,9,246824,10,2276.190358,2655.555438,0
40,9,0,246824,10,2655.555438,2276.190358,0
40,0,19,246824,28,2276.190358,7966.666549,0
40,19,0,246824,28,7966.666549,2276.190358,0
40,0,23,246824,32,2276.190358,5311.110993,0
40,23,0,246824,32,5311.110993,2276.190358,0
40,0,27,246824,32,2276.190358,5311.110993,0
40,27,0,246824,32,5311.110993,2276.190358,0
40,0,29,246824,27,2276.190358,5311.110993,0
40,29,0,246824,27,5311.110993,2276.190358,0
40,1,2,246824,11,3186.666549,3983.333215,0
40,2,1,246824,11,3983.333215,3186.666549,0
40,1,10,246824,13,3186.666549,3186.666549,0
40,10,1,246824,13,3186.666549,3186.666549,0
40,1,28,246824,35,3186.666549,5311.110993,0
40,28,1,246824,35,5311.110993,3186.666549,0
40,1,29,246824,27,3186.666549,5311.110993,0
40,29,1,246824,27,5311.110993,3186.666549,0
40,2,5,246824,9,3983.333215,2276.190358,0
40,5,2,246824,9,2276.190358,3983.333215,0
40,2,9,246824,7,3983.333215,2655.555438,0
40,9,2,246824,7,2655.555438,3983.333215,0
40,2,22,246824,33,3983.333215,7966.666549,0
40,22,2,246824,33,7966.666549,3983.333215,0
40,3,12,246824,12,5311.110993,7966.666549,0
40,12,3,246824,12,7966.666549,5311.110993,0
40,3,21,246824,35,5311.110993,7966.666549,0
40,21,3,246824,35,7966.666549,5311.110993,0
40,4,6,246824,12,7966.666549,3186.666549,0
40,6,4,246824,12,3186.666549,7966.666549,0
40,4,8,246824,12,7966.666549,3186.666549,0
40,8,4,246824,12,3186.666549,7966.666549,0
40,5,6,246824,11,2276.190358,3186.666549,0
40,6,5,246824,11,3186.666549,2276.190358,0
40,5,7,246824,11,2276.190358,3983.333215,0
40,7,5,246824,11,3983.333215,2276.190358,0
40,5,8,246824,11,2276.190358,3186.666549,0
40,8,5,246824,11,3186.666549,2276.190358,0
40,5,9,246824,9,2276.190358,2655.555438,0
40,9,5,246824,9,2655.555438,2276.190358,0
40,5,13,246824,12,2276.190358,5311.110993,0
40,13,5,246824,12,5311.110993,2276.190358,0
40,5,22,246824,35,2276.190358,7966.666549,0
40,22,5,246824,35,7966.666549,2276.190358,0
40,6,8,246824,11,3186.666549,3186.666549,0
40,8,6,246824,11,3186.666549,3186.666549,0
40,6,11,246824,11,3186.666549,5311.110993,0
40,11,6,246824,11,5311.110993,3186.666549,0
40,6,23,246824,31,3186.666549,5311.110993,0
40,23,6,246824,31,5311.110993,3186.666549,0
40,7,9,246824,9,3983.333215,2655.555438,0
40,9,7,246824,9,2655.555438,3983.333215,0
40,7,10,246824,11,3983.333215,3186.666549,0
40,10,7,246824,11,3186.666549,3983.333215,0
40,7,15,246824,28,3983.333215,7966.666549,0
40,15,7,246824,28,7966.666549,3983.333215,0
40,8,10,246824,11,3186.666549,3186.666549,0
40,10,8,246824,11,3186.666549,3186.666549,0
40,8,26,246824,29,3186.666549,7966.666549,0
40,26,8,246824,29,7966.666549,3186.666549,0
40,9,24,246824,21,2655.555438,3983.333215,0
40,24,9,246824,21,3983.333215,2655.555438,0
40,9,25,246824,28,2655.555438,7966.666549,0
40,25,9,246824,28,7966.666549,2655.555438,0
40,10,11,246824,11,3186.666549,5311.110993,0
40,11,10,246824,11,5311.110993,3186.666549,0
40,10,13,246824,12,3186.666549,5311.110993,0
40,13,10,246824,12,5311.110993,3186.666549,0
40,11,14,246824,11,5311.110993,1770.370252,0
40,14,11,246824,11,1770.370252,5311.110993,0
40,12,14,246824,12,7966.666549,1770.370252,0
40,14,12,246824,12,1770.370252,7966.666549,0
40,13,14,246824,12,5311.110993,1770.370252,0
40,14,13,246824,12,1770.370252,5311.110993,0
40,14,15,246824,28,1770.370252,7966.666549,0
40,15,14,246824,28,7966.666549,1770.370252,0
40,14,16,246824,41,1770.370252,7966.666549,0
40,16,14,246824,41,7966.666549,1770.370252,0
40,14,17,246824,29,1770.370252,5311.110993,0
40,17,14,246824,29,5311.110993,1770.370252,0
40,14,20,246824,26,1770.370252,3186.666549,0
40,20,14,246824,26,3186.666549,1770.370252,0
40,14,21,246824,34,1770.370252,7966.666549,0
40,21,14,246824,34,7966.666549,1770.370252,0
40,14,28,246824,34,1770.370252,5311.110993,0
40,28,14,246824,34,5311.110993,1770.370252,0
40,16,28,246824,42,7966.666549,5311.110993,0
40,28,16,246824,42,5311.110993,7966.666549,0
40,17,18,246824,44,5311.110993,7966.666549,0
40,18,17,246824,44,7966.666549,5311.110993,0
40,17,20,246824,36,5311.110993,3186.666549,0
40,20,17,246824,36,3186.666549,5311.110993,0
40,18,20,246824,46,7966.666549,3186.666549,0
40,20,18,246824,46,3186.666549,7966.666549,0
40,19,20,246824,34,7966.666549,3186.666549,0
40,20,19,246824,34,3186.666549,7966.666549,0
40,20,29,246824,33,3186.666549,5311.110993,0
40,29,20,246824,33,5311.110993,3186.666549,0
40,23,24,246824,35,5311.110993,3983.333215,0
40,24,23,246824,35,3983.333215,5311.110993,0
40,24,26,246824,34,3983.333215,7966.666549,0
40,26,24,246824,34,7966.666549,3983.333215,0
40,24,27,246824,35,3983.333215,5311.110993,0
40,27,24,246824,35,5311.110993,3983.333215,0
40,25,27,246824,42,7966.666549,5311.110993,0
40,27,25,246824,42,5311.110993,7966.666549,0
41,0,1,246824,14,2279.761787,5319.444326,0
41,1,0,246824,14,5319.444326,2279.761787,0
41,0,3,246824,13,2279.761787,3989.583215,0
41,3,0,246824,13,3989.583215,2279.761787,0
41,0,9,246824,10,2279.761787,2659.722104,0
41,9,0,246824,10,2659.722104,2279.761787,0
41,0,19,246824,28,2279.761787,7979.166548,0
41,19,0,246824,28,7979.166548,2279.761787,0
41,0,26,246824,31,2279.761787,7979.166548,0
41,26,0,246824,31,7979.166548,2279.761787,0
41,0,27,246824,32,2279.761787,5319.444326,0
41,27,0,246824,32,5319.444326,2279.761787,0
41,0,29,246824,27,2279.761787,5319.444326,0
41,29,0,246824,27,5319.444326,2279.761787,0
41,1,10,246824,13,5319.444326,3989.583215,0
41,10,1,246824,13,3989.583215,5319.444326,0
41,1,28,246824,35,5319.444326,3989.583215,0
41,28,1,246824,35,3989.583215,5319.444326,0
41,2,4,246824,10,3191.666548,3191.666548,0
41,4,2,246824,10,3191.666548,3191.666548,0
41,2,5,246824,9,3191.666548,3989.583215,0
41,5,2,246824,9,3989.583215,3191.666548,0
41,2,9,246824,7,3191.666548,2659.722104,0
41,9,2,246824,7,2659.722104,3191.666548,0
41,2,18,246824,37,3191.666548,7979.166548,0
41,18,2,246824,37,7979.166548,3191.666548,0
41,2,29,246824,24,3191.666548,5319.444326,0
41,29,2,246824,24,5319.444326,3191.666548,0
41,3,4,246824,13,3989.583215,3191.666548,0
41,4,3,246824,13,3191.666548,3989.583215,0
41,3,12,246824,12,3989.583215,7979.166548,0
41,12,3,246824,12,7979.166548,3989.583215,0
41,3,21,246824,35,3989.583215,5319.444326,0
41,21,3,246824,35,5319.444326,3989.583215,0
41,4,6,246824,12,3191.666548,2279.761787,0
41,6,4,246824,12,2279.761787,3191.666548,0
41,4,21,246824,35,3191.666548,5319.444326,0
41,21,4,246824,35,5319.444326,3191.666548,0
41,4,22,246824,36,3191.666548,7979.166548,0
41,22,4,246824,36,7979.166548,3191.666548,0
41,5,6,246824,11,3989.583215,2279.761787,0
41,6,5,246824,11,2279.761787,3989.583215,0
41,5,13,246824,12,3989.583215,3191.666548,0
41,13,5,246824,12,3191.666548,3989.583215,0
41,5,22,246824,35,3989.583215,7979.166548,0
41,22,5,246824,35,7979.166548,3989.583215,0
41,6,8,246824,11,2279.761787,5319.444326,0
41,8,6,246824,11,5319.444326,2279.761787,0
41,6,9,246824,9,2279.761787,2659.722104,0
41,9,6,246824,9,2659.722104,2279.761787,0
41,6,11,246824,11,2279.761787,3989.583215,0
41,11,6,246824,11,3989.583215,2279.761787,0
41,6,23,246824,31,2279.761787,7979.166548,0
41,23,6,246824,31,7979.166548,2279.761787,0
41,6,27,246824,31,2279.761787,5319.444326,0
41,27,6,246824,31,5319.444326,2279.761787,0
41,7,9,246824,9,5319.444326,2659.722104,0
41,9,7,246824,9,2659.722104,5319.444326,0
41,7,10,246824,11,5319.444326,3989.583215,0
41,10,7,246824,11,3989.583215,5319.444326,0
41,7,15,246824,28,5319.444326,7979.166548,0
41,15,7,246824,28,7979.166548,5319.444326,0
41,8,10,246824,11,5319.444326,3989.583215,0
41,10,8,246824,11,3989.583215,5319.444326,0
41,8,26,246824,29,5319.444326,7979.166548,0
41,26,8,246824,29,7979.166548,5319.444326,0
41,9,24,246824,21,2659.722104,5319.444326,0
41,24,9,246824,21,5319.444326,2659.722104,0
41,9,25,246824,28,2659.722104,7979.166548,0
41,25,9,246824,28,7979.166548,2659.722104,0
41,10,11,246824,11,3989.583215,3989.583215,0
41,11,10,246824,11,3989.583215,3989.583215,0
41,11,13,246824,11,3989.583215,3191.666548,0
41,13,11,246824,11,3191.666548,3989.583215,0
41,11,14,246824,11,3989.583215,2659.722104,0
41,14,11,246824,11,2659.722104,3989.583215,0
41,12,13,246824,12,7979.166548,3191.666548,0
41,13,12,246824,12,3191.666548,7979.166548,0
41,13,14,246824,12,3191.666548,2659.722104,0
41,14,13,246824,12,2659.722104,3191.666548,0
41,13,16,246824,41,3191.666548,7979.166548,0
41,16,13,246824,41,7979.166548,3191.666548,0
41,14,15,246824,28,2659.722104,7979.166548,0
41,15,14,246824,28,7979.166548,2659.722104,0
41,14,17,246824,29,2659.722104,7979.166548,0
41,17,14,246824,29,7979.166548,2659.722104,0
41,14,20,246824,26,2659.722104,7979.166548,0
41,20,14,246824,26,7979.166548,2659.722104,0
41,14,28,246824,34,2659.722104,3989.583215,0
41,28,14,246824,34,3989.583215,2659.722104,0
41,16,28,246824,42,7979.166548,3989.583215,0
41,28,16,246824,42,3989.583215,7979.166548,0
41,17,19,246824,37,7979.166548,7979.166548,0
41,19,17,246824,37,7979.166548,7979.166548,0
41,18,21,246824,49,7979.166548,5319.444326,0
41,21,18,246824,49,5319.444326,7979.166548,0
41,20,29,246824,33,7979.166548,5319.444326,0
41,29,20,246824,33,5319.444326,7979.166548,0
41,23,24,246824,35,7979.166548,5319.444326,0
41,24,23,246824,35,5319.444326,7979.166548,0
41,24,27,246824,35,5319.444326,5319.444326,0
41,27,24,246824,35,5319.444326,5319.444326,0
41,25,28,246824,45,7979.166548,3989.583215,0
41,28,25,246824,45,3989.583215,7979.166548,0
42,0,3,246824,13,3188.333215,3985.416549,0
42,3,0,246824,13,3985.416549,3188.333215,0
42,0,9,246824,10,3188.333215,2656.944326,0
42,9,0,246824,10,2656.944326,3188.333215,0
42,0,19,246824,28,3188.333215,7970.833215,0
42,19,0,246824,28,7970.833215,3188.333215,0
42,0,23,246824,32,3188.333215,7970.833215,0
42,23,0,246824,32,7970.833215,3188.333215,0
42,0,26,246824,31,3188.333215,7970.833215,0
42,26,0,246824,31,7970.833215,3188.333215,0
42,1,2,246824,11,3188.333215,2656.944326,0
42,2,1,246824,11,2656.944326,3188.333215,0
42,1,3,246824,14,3188.333215,3985.416549,0
42,3,1,246824,14,3985.416549,3188.333215,0
42,1,10,246824,13,3188.333215,3188.333215,0
42,10,1,246824,13,3188.333215,3188.333215,0
42,1,28,246824,35,3188.333215,7970.833215,0
42,28,1,246824,35,7970.833215,3188.333215,0
42,1,29,246824,27,3188.333215,5313.888771,0
42,29,1,246824,27,5313.888771,3188.333215,0
42,2,4,246824,10,2656.944326,3188.333215,0
42,4,2,246824,10,3188.333215,2656.944326,0
42,2,9,246824,7,2656.944326,2656.944326,0
42,9,2,246824,7,2656.944326,2656.944326,0
42,2,18,246824,37,2656.944326,7970.833215,0
42,18,2,246824,37,7970.833215,2656.944326,0
42,2,22,246824,33,2656.944326,7970.833215,0
42,22,2,246824,33,7970.833215,2656.944326,0
42,2,29,246824,24,2656.944326,5313.888771,0
42,29,2,246824,24,5313.888771,2656.944326,0
42,3,12,246824,12,3985.416549,7970.833215,0
42,12,3,246824,12,7970.833215,3985.416549,0
42,3,28,246824,35,3985.416549,7970.833215,0
42,28,3,246824,35,7970.833215,3985.416549,0
42,4,6,246824,12,3188.333215,2656.944326,0
42,6,4,246824,12,2656.944326,3188.333215,0
42,4,8,246824,12,3188.333215,3985.416549,0
42,8,4,246824,12,3985.416549,3188.333215,0
42,4,21,246824,35,3188.333215,5313.888771,0
42,21,4,246824,35,5313.888771,3188.333215,0
42,4,22,246824,36,3188.333215,7970.833215,0
42,22,4,246824,36,7970.833215,3188.333215,0
42,5,7,246824,11,5313.888771,5313.888771,0
42,7,5,246824,11,5313.888771,5313.888771,0
42,5,9,246824,9,5313.888771,2656.944326,0
42,9,5,246824,9,2656.944326,5313.888771,0
42,5,13,246824,12,5313.888771,3985.416549,0
42,13,5,246824,12,3985.416549,5313.888771,0
42,6,8,246824,11,2656.944326,3985.416549,0
42,8,6,246824,11,3985.416549,2656.944326,0
42,6,9,246824,9,2656.944326,2656.944326,0
42,9,6,246824,9,2656.944326,2656.944326,0
42,6,11,246824,11,2656.944326,5313.888771,0
42,11,6,246824,11,5313.888771,2656.944326,0
42,6,23,246824,31,2656.944326,7970.833215,0
42,23,6,246824,31,7970.833215,2656.944326,0
42,6,27,246824,31,2656.944326,5313.888771,0
42,27,6,246824,31,5313.888771,2656.944326,0
42,7,10,246824,11,5313.888771,3188.333215,0
42,10,7,246824,11,3188.333215,5313.888771,0
42,7,15,246824,28,5313.888771,3985.416549,0
42,15,7,246824,28,3985.416549,5313.888771,0
42,8,10,246824,11,3985.416549,3188.333215,0
42,10,8,246824,11,3188.333215,3985.416549,0
42,8,26,246824,29,3985.416549,7970.833215,0
42,26,8,246824,29,7970.833215,3985.416549,0
42,9,24,246824,21,2656.944326,5313.888771,0
42,24,9,246824,21,5313.888771,2656.944326,0
42,9,25,246824,28,2656.944326,7970.833215,0
42,25,9,246824,28,7970.833215,2656.944326,0
42,10,11,246824,11,3188.333215,5313.888771,0
42,11,10,246824,11,5313.888771,3188.333215,0
42,10,13,246824,12,3188.333215,3985.416549,0
42,13,10,246824,12,3985.416549,3188.333215,0
42,11,14,246824,11,5313.888771,1992.708215,0
42,14,11,246824,11,1992.708215,5313.888771,0
42,12,14,246824,12,7970.833215,1992.708215,0
42,14,12,246824,12,1992.708215,7970.833215,0
42,13,14,246824,12,3985.416549,1992.708215,0
42,14,13,246824,12,1992.708215,3985.416549,0
42,13,16,246824,41,3985.416549,7970.833215,0
42,16,13,246824,41,7970.833215,3985.416549,0
42,14,15,246824,28,1992.708215,3985.416549,0
42,15,14,246824,28,3985.416549,1992.708215,0
42,14,16,246824,41,1992.708215,7970.833215,0
42,16,14,246824,41,7970.833215,1992.708215,0
42,14,17,246824,29,1992.708215,5313.888771,0
42,17,14,246824,29,5313.888771,1992.708215,0
42,14,20,246824,26,1992.708215,7970.833215,0
42,20,14,246824,26,7970.833215,1992.708215,0
42,14,21,246824,34,1992.708215,5313.888771,0
42,21,14,246824,34,5313.888771,1992.708215,0
42,15,17,246824,37,3985.416549,5313.888771,0
42,17,15,246824,37,5313.888771,3985.416549,0
42,15,18,246824,47,3985.416549,7970.833215,0
42,18,15,246824,47,7970.833215,3985.416549,0
42,17,19,246824,37,5313.888771,7970.833215,0
42,19,17,246824,37,7970.833215,5313.888771,0
42,20,29,246824,33,7970.833215,5313.888771,0
42,29,20,246824,33,5313.888771,7970.833215,0
42,21,24,246824,38,5313.888771,5313.888771,0
42,24,21,246824,38,5313.888771,5313.888771,0
42,24,27,246824,35,5313.888771,5313.888771,0
42,27,24,246824,35,5313.888771,5313.888771,0
42,25,27,246824,42,7970.833215,5313.888771,0
42,27,25,246824,42,5313.888771,7970.833215,0
43,0,1,246824,14,2274.999882,3184.999882,0
43,1,0,246824,14,3184.999882,2274.999882,0
43,0,3,246824,13,2274.999882,5308.333215,0
43,3,0,246824,13,5308.333215,2274.999882,0
43,0,9,246824,10,2274.999882,2654.166549,0
43,9,0,246824,10,2654.166549,2274.999882,0
43,0,19,246824,28,2274.999882,7962.499882,0
43,19,0,246824,28,7962.499882,2274.999882,0
43,0,26,246824,31,2274.999882,7962.499882,0
43,26,0,246824,31,7962.499882,2274.999882,0
43,0,27,246824,32,2274.999882,7962.499882,0
43,27,0,246824,32,7962.499882,2274.999882,0
43,0,29,246824,27,2274.999882,7962.499882,0
43,29,0,246824,27,7962.499882,2274.999882,0
43,1,4,246824,14,3184.999882,2654.166549,0
43,4,1,246824,14,2654.166549,3184.999882,0
43,1,10,246824,13,3184.999882,3184.999882,0
43,10,1,246824,13,3184.999882,3184.999882,0
43,1,28,246824,35,3184.999882,3981.249882,0
43,28,1,246824,35,3981.249882,3184.999882,0
43,1,29,246824,27,3184.999882,7962.499882,0
43,29,1,246824,27,7962.499882,3184.999882,0
43,2,4,246824,10,3981.249882,2654.166549,0
43,4,2,246824,10,2654.166549,3981.249882,0
43,2,9,246824,7,3981.249882,2654.166549,0
43,9,2,246824,7,2654.166549,3981.249882,0
43,2,18,246824,37,3981.249882,7962.499882,0
43,18,2,246824,37,7962.499882,3981.249882,0
43,2,22,246824,33,3981.249882,7962.499882,0
43,22,2,246824,33,7962.499882,3981.249882,0
43,3,4,246824,13,5308.333215,2654.166549,0
43,4,3,246824,13,2654.166549,5308.333215,0
43,3,12,246824,12,5308.333215,5308.333215,0
43,12,3,246824,12,5308.333215,5308.333215,0
43,4,8,246824,12,2654.166549,7962.499882,0
43,8,4,246824,12,7962.499882,2654.166549,0
43,4,21,246824,35,2654.166549,7962.499882,0
43,21,4,246824,35,7962.499882,2654.166549,0
43,4,22,246824,36,2654.166549,7962.499882,0
43,22,4,246824,36,7962.499882,2654.166549,0
43,5,6,246824,11,5308.333215,3184.999882,0
43,6,5,246824,11,3184.999882,5308.333215,0
43,5,7,246824,11,5308.333215,3981.249882,0
43,7,5,246824,11,3981.249882,5308.333215,0
43,5,13,246824,12,5308.333215,5308.333215,0
43,13,5,246824,12,5308.333215,5308.333215,0
43,6,9,246824,9,3184.999882,2654.166549,0
43,9,6,246824,9,2654.166549,3184.999882,0
43,6,11,246824,11,3184.999882,5308.333215,0
43,11,6,246824,11,5308.333215,3184.999882,0
43,6,23,246824,31,3184.999882,7962.499882,0
43,23,6,246824,31,7962.499882,3184.999882,0
43,6,27,246824,31,3184.999882,7962.499882,0
43,27,6,246824,31,7962.499882,3184.999882,0
43,7,9,246824,9,3981.249882,2654.166549,0
43,9,7,246824,9,2654.166549,3981.249882,0
43,7,10,246824,11,3981.249882,3184.999882,0
43,10,7,246824,11,3184.999882,3981.249882,0
43,7,15,246824,28,3981.249882,7962.499882,0
43,15,7,246824,28,7962.499882,3981.249882,0
43,8,10,246824,11,7962.499882,3184.999882,0
43,10,8,246824,11,3184.999882,7962.499882,0
43,9,24,246824,21,2654.166549,5308.333215,0
43,24,9,246824,21,5308.333215,2654.166549,0
43,9,25,246824,28,2654.166549,7962.499882,0
43,25,9,246824,28,7962.499882,2654.166549,0
43,10,11,246824,11,3184.999882,5308.333215,0
43,11,10,246824,11,5308.333215,3184.999882,0
43,10,13,246824,12,3184.999882,5308.333215,0
43,13,10,246824,12,5308.333215,3184.999882,0
43,11,14,246824,11,5308.333215,1990.624882,0
43,14,11,246824,11,1990.624882,5308.333215,0
43,12,13,246824,12,5308.333215,5308.333215,0
43,13,12,246824,12,5308.333215,5308.333215,0
43,12,14,246824,12,5308.333215,1990.624882,0
43,14,12,246824,12,1990.624882,5308.333215,0
43,14,15,246824,28,1990.624882,7962.499882,0
43,15,14,246824,28,7962.499882,1990.624882,0
43,14,16,246824,41,1990.624882,7962.499882,0
43,16,14,246824,41,7962.499882,1990.624882,0
43,14,17,246824,29,1990.624882,3981.249882,0
43,17,14,246824,29,3981.249882,1990.624882,0
43,14,20,246824,26,1990.624882,7962.499882,0
43,20,14,246824,26,7962.499882,1990.624882,0
43,14,21,246824,34,1990.624882,7962.499882,0
43,21,14,246824,34,7962.499882,1990.624882,0
43,14,28,246824,34,1990.624882,3981.249882,0
43,28,14,246824,34,3981.249882,1990.624882,0
43,16,28,246824,42,7962.499882,3981.249882,0
43,28,16,246824,42,3981.249882,7962.499882,0
43,17,18,246824,44,3981.249882,7962.499882,0
43,18,17,246824,44,7962.499882,3981.249882,0
43,17,19,246824,37,3981.249882,7962.499882,0
43,19,17,246824,37,7962.499882,3981.249882,0
43,17,20,246824,36,3981.249882,7962.499882,0
43,20,17,246824,36,7962.499882,3981.249882,0
43,23,24,246824,35,7962.499882,5308.333215,0
43,24,23,246824,35,5308.333215,7962.499882,0
43,24,26,246824,34,5308.333215,7962.499882,0
43,26,24,246824,34,7962.499882,5308.333215,0
43,25,28,246824,45,7962.499882,3981.249882,0
43,28,25,246824,45,3981.249882,7962.499882,0
44,0,1,246824,14,2273.809406,3183.333215,0
44,1,0,246824,14,3183.333215,2273.809406,0
44,0,3,246824,13,2273.809406,5305.555438,0
44,3,0,246824,13,5305.555438,2273.809406,0
44,0,9,246824,10,2273.809406,3183.333215,0
44,9,0,246824,10,3183.333215,2273.809406,0
44,0,19,246824,28,2273.809406,5305.555438,0
44,19,0,246824,28,5305.555438,2273.809406,0
44,0,23,246824,32,2273.809406,7958.333215,0
44,23,0,246824,32,7958.333215,2273.809406,0
44,0,26,246824,31,2273.809406,5305.555438,0
44,26,0,246824,31,5305.555438,2273.809406,0
44,0,27,246824,32,2273.809406,5305.555438,0
44,27,0,246824,32,5305.555438,2273.809406,0
44,1,2,246824,11,3183.333215,3183.333215,0
44,2,1,246824,11,3183.333215,3183.333215,0
44,1,10,246824,13,3183.333215,3979.166549,0
44,10,1,246824,13,3979.166549,3183.333215,0
44,1,28,246824,35,3183.333215,5305.555438,0
44,28,1,246824,35,5305.555438,3183.333215,0
44,1,29,246824,27,3183.333215,5305.555438,0
44,29,1,246824,27,5305.555438,3183.333215,0
44,2,5,246824,9,3183.333215,3979.166549,0
44,5,2,246824,9,3979.166549,3183.333215,0
44,2,18,246824,37,3183.333215,7958.333215,0
44,18,2,246824,37,7958.333215,3183.333215,0
44,2,22,246824,33,3183.333215,7958.333215,0
44,22,2,246824,33,7958.333215,3183.333215,0
44,2,29,246824,24,3183.333215,5305.555438,0
44,29,2,246824,24,5305.555438,3183.333215,0
44,3,4,246824,13,5305.555438,5305.555438,0
44,4,3,246824,13,5305.555438,5305.555438,0
44,3,12,246824,12,5305.555438,3979.166549,0
44,12,3,246824,12,3979.166549,5305.555438,0
44,4,6,246824,12,5305.555438,2652.777660,0
44,6,4,246824,12,2652.777660,5305.555438,0
44,4,21,246824,35,5305.555438,7958.333215,0
44,21,4,246824,35,7958.333215,5305.555438,0
44,5,6,246824,11,3979.166549,2652.777660,0
44,6,5,246824,11,2652.777660,3979.166549,0
44,5,9,246824,9,3979.166549,3183.333215,0
44,9,5,246824,9,3183.333215,3979.166549,0
44,5,22,246824,35,3979.166549,7958.333215,0
44,22,5,246824,35,7958.333215,3979.166549,0
44,6,8,246824,11,2652.777660,5305.555438,0
44,8,6,246824,11,5305.555438,2652.777660,0
44,6,11,246824,11,2652.777660,5305.555438,0
44,11,6,246824,11,5305.555438,2652.777660,0
44,6,23,246824,31,2652.777660,7958.333215,0
44,23,6,246824,31,7958.333215,2652.777660,0
44,6,27,246824,31,2652.777660,5305.555438,0
44,27,6,246824,31,5305.555438,2652.777660,0
44,7,9,246824,9,5305.555438,3183.333215,0
44,9,7,246824,9,3183.333215,5305.555438,0
44,7,10,246824,11,5305.555438,3979.166549,0
44,10,7,246824,11,3979.166549,5305.555438,0
44,7,15,246824,28,5305.555438,7958.333215,0
44,15,7,246824,28,7958.333215,5305.555438,0
44,8,10,246824,11,5305.555438,3979.166549,0
44,10,8,246824,11,3979.166549,5305.555438,0
44,8,26,246824,29,5305.555438,5305.555438,0
44,26,8,246824,29,5305.555438,5305.555438,0
44,9,24,246824,21,3183.333215,7958.333215,0
44,24,9,246824,21,7958.333215,3183.333215,0
44,9,25,246824,28,3183.333215,7958.333215,0
44,25,9,246824,28,7958.333215,3183.333215,0
44,10,11,246824,11,3979.166549,5305.555438,0
44,11,10,246824,11,5305.555438,3979.166549,0
44,11,14,246824,11,5305.555438,1989.583215,0
44,14,11,246824,11,1989.583215,5305.555438,0
44,12,13,246824,12,3979.166549,7958.333215,0
44,13,12,246824,12,7958.333215,3979.166549,0
44,12,14,246824,12,3979.166549,1989.583215,0
44,14,12,246824,12,1989.583215,3979.166549,0
44,12,15,246824,28,3979.166549,7958.333215,0
44,15,12,246824,28,7958.333215,3979.166549,0
44,13,14,246824,12,7958.333215,1989.583215,0
44,14,13,246824,12,1989.583215,7958.333215,0
44,14,16,246824,41,1989.583215,7958.333215,0
44,16,14,246824,41,7958.333215,1989.583215,0
44,14,17,246824,29,1989.583215,5305.555438,0
44,17,14,246824,29,5305.555438,1989.583215,0
44,14,20,246824,26,1989.583215,5305.555438,0
44,20,14,246824,26,5305.555438,1989.583215,0
44,14,21,246824,34,1989.583215,7958.333215,0
44,21,14,246824,34,7958.333215,1989.583215,0
44,14,28,246824,34,1989.583215,5305.555438,0
44,28,14,246824,34,5305.555438,1989.583215,0
44,16,28,246824,42,7958.333215,5305.555438,0
44,28,16,246824,42,5305.555438,7958.333215,0
44,17,18,246824,44,5305.555438,7958.333215,0
44,18,17,246824,44,7958.333215,5305.555438,0
44,17,19,246824,37,5305.555438,5305.555438,0
44,19,17,246824,37,5305.555438,5305.555438,0
44,19,20,246824,34,5305.555438,5305.555438,0
44,20,19,246824,34,5305.555438,5305.555438,0
44,20,29,246824,33,5305.555438,5305.555438,0
44,29,20,246824,33,5305.555438,5305.555438,0
44,24,26,246824,34,7958.333215,5305.555438,0
44,26,24,246824,34,5305.555438,7958.333215,0
44,25,27,246824,42,7958.333215,5305.555438,0
44,27,25,246824,42,5305.555438,7958.333215,0
45,0,1,246824,14,3186.666549,3983.333215,0
45,1,0,246824,14,3983.333215,3186.666549,0
45,0,9,246824,10,3186.666549,2655.555438,0
45,9,0,246824,10,2655.555438,3186.666549,0
45,0,19,246824,28,3186.666549,7966.666549,0
45,19,0,246824,28,7966.666549,3186.666549,0
45,0,26,246824,31,3186.666549,7966.666549,0
45,26,0,246824,31,7966.666549,3186.666549,0
45,0,29,246824,27,3186.666549,5311.110993,0
45,29,0,246824,27,5311.110993,3186.666549,0
45,1,3,246824,14,3983.333215,3186.666549,0
45,3,1,246824,14,3186.666549,3983.333215,0
45,1,4,246824,14,3983.333215,2276.190358,0
45,4,1,246824,14,2276.190358,3983.333215,0
45,1,28,246824,35,3983.333215,3983.333215,0
45,28,1,246824,35,3983.333215,3983.333215,0
45,2,4,246824,10,3186.666549,2276.190358,0
45,4,2,246824,10,2276.190358,3186.666549,0
45,2,5,246824,9,3186.666549,3186.666549,0
45,5,2,246824,9,3186.666549,3186.666549,0
45,2,9,246824,7,3186.666549,2655.555438,0
45,9,2,246824,7,2655.555438,3186.666549,0
45,2,18,246824,37,3186.666549,7966.666549,0
45,18,2,246824,37,7966.666549,3186.666549,0
45,2,29,246824,24,3186.666549,5311.110993,0
45,29,2,246824,24,5311.110993,3186.666549,0
45,3,4,246824,13,3186.666549,2276.190358,0
45,4,3,246824,13,2276.190358,3186.666549,0
45,3,12,246824,12,3186.666549,7966.666549,0
45,12,3,246824,12,7966.666549,3186.666549,0
45,3,21,246824,35,3186.666549,7966.666549,0
45,21,3,246824,35,7966.666549,3186.666549,0
45,3,28,246824,35,3186.666549,3983.333215,0
45,28,3,246824,35,3983.333215,3186.666549,0
45,4,6,246824,12,2276.190358,2655.555438,0
45,6,4,246824,12,2655.555438,2276.190358,0
45,4,8,246824,12,2276.190358,3983.333215,0
45,8,4,246824,12,3983.333215,2276.190358,0
45,4,21,246824,35,2276.190358,7966.666549,0
45,21,4,246824,35,7966.666549,2276.190358,0
45,4,22,246824,36,2276.190358,7966.666549,0
45,22,4,246824,36,7966.666549,2276.190358,0
45,5,7,246824,11,3186.666549,5311.110993,0
45,7,5,246824,11,5311.110993,3186.666549,0
45,5,8,246824,11,3186.666549,3983.333215,0
45,8,5,246824,11,3983.333215,3186.666549,0
45,5,13,246824,12,3186.666549,2655.555438,0
45,13,5,246824,12,2655.555438,3186.666549,0
45,5,22,246824,35,3186.666549,7966.666549,0
45,22,5,246824,35,7966.666549,3186.666549,0
45,6,8,246824,11,2655.555438,3983.333215,0
45,8,6,246824,11,3983.333215,2655.555438,0
45,6,9,246824,9,2655.555438,2655.555438,0
45,9,6,246824,9,2655.555438,2655.555438,0
45,6,11,246824,11,2655.555438,3983.333215,0
45,11,6,246824,11,3983.333215,2655.555438,0
45,6,23,246824,31,2655.555438,7966.666549,0
45,23,6,246824,31,7966.666549,2655.555438,0
45,6,27,246824,31,2655.555438,7966.666549,0
45,27,6,246824,31,7966.666549,2655.555438,0
45,7,9,246824,9,5311.110993,2655.555438,0
45,9,7,246824,9,2655.555438,5311.110993,0
45,7,15,246824,28,5311.110993,7966.666549,0
45,15,7,246824,28,7966.666549,5311.110993,0
45,8,26,246824,29,3983.333215,7966.666549,0
45,26,8,246824,29,7966.666549,3983.333215,0
45,9,24,246824,21,2655.555438,5311.110993,0
45,24,9,246824,21,5311.110993,2655.555438,0
45,9,25,246824,28,2655.555438,7966.666549,0
45,25,9,246824,28,7966.666549,2655.555438,0
45,10,11,246824,11,7966.666549,3983.333215,0
45,11,10,246824,11,3983.333215,7966.666549,0
45,10,13,246824,12,7966.666549,2655.555438,0
45,13,10,246824,12,2655.555438,7966.666549,0
45,11,13,246824,11,3983.333215,2655.555438,0
45,13,11,246824,11,2655.555438,3983.333215,0
45,11,14,246824,11,3983.333215,3186.666549,0
45,14,11,246824,11,3186.666549,3983.333215,0
45,12,13,246824,12,7966.666549,2655.555438,0
45,13,12,246824,12,2655.555438,7966.666549,0
45,13,14,246824,12,2655.555438,3186.666549,0
45,14,13,246824,12,3186.666549,2655.555438,0
45,13,16,246824,41,2655.555438,7966.666549,0
45,16,13,246824,41,7966.666549,2655.555438,0
45,14,15,246824,28,3186.666549,7966.666549,0
45,15,14,246824,28,7966.666549,3186.666549,0
45,14,17,246824,29,3186.666549,7966.666549,0
45,17,14,246824,29,7966.666549,3186.666549,0
45,14,20,246824,26,3186.666549,3186.666549,0
45,20,14,246824,26,3186.666549,3186.666549,0
45,16,28,246824,42,7966.666549,3983.333215,0
45,28,16,246824,42,3983.333215,7966.666549,0
45,17,20,246824,36,7966.666549,3186.666549,0
45,20,17,246824,36,3186.666549,7966.666549,0
45,18,20,246824,46,7966.666549,3186.666549,0
45,20,18,246824,46,3186.666549,7966.666549,0
45,19,20,246824,34,7966.666549,3186.666549,0
45,20,19,246824,34,3186.666549,7966.666549,0
45,20,29,246824,33,3186.666549,5311.110993,0
45,29,20,246824,33,5311.110993,3186.666549,0
45,23,24,246824,35,7966.666549,5311.110993,0
45,24,23,246824,35,5311.110993,7966.666549,0
45,24,27,246824,35,5311.110993,7966.666549,0
45,27,24,246824,35,7966.666549,5311.110993,0
45,25,28,246824,45,7966.666549,3983.333215,0
45,28,25,246824,45,3983.333215,7966.666549,0
46,0,1,246824,14,1991.666549,3983.333215,0
46,1,0,246824,14,3983.333215,1991.666549,0
46,0,3,246824,13,1991.666549,7966.666549,0
46,3,0,246824,13,7966.666549,1991.666549,0
46,0,9,246824,10,1991.666549,2276.190358,0
46,9,0,246824,10,2276.190358,1991.666549,0
46,0,19,246824,28,1991.666549,7966.666549,0
46,19,0,246824,28,7966.666549,1991.666549,0
46,0,23,246824,32,1991.666549,7966.666549,0
46,23,0,246824,32,7966.666549,1991.666549,0
46,0,26,246824,31,1991.666549,7966.666549,0
46,26,0,246824,31,7966.666549,1991.666549,0
46,0,27,246824,32,1991.666549,5311.110993,0
46,27,0,246824,32,5311.110993,1991.666549,0
46,0,29,246824,27,1991.666549,5311.110993,0
46,29,0,246824,27,5311.110993,1991.666549,0
46,1,2,246824,11,3983.333215,3983.333215,0
46,2,1,246824,11,3983.333215,3983.333215,0
46,1,28,246824,35,3983.333215,7966.666549,0
46,28,1,246824,35,7966.666549,3983.333215,0
46,1,29,246824,27,3983.333215,5311.110993,0
46,29,1,246824,27,5311.110993,3983.333215,0
46,2,4,246824,10,3983.333215,5311.110993,0
46,4,2,246824,10,5311.110993,3983.333215,0
46,2,9,246824,7,3983.333215,2276.190358,0
46,9,2,246824,7,2276.190358,3983.333215,0
46,2,22,246824,33,3983.333215,7966.666549,0
46,22,2,246824,33,7966.666549,3983.333215,0
46,3,12,246824,12,7966.666549,7966.666549,0
46,12,3,246824,12,7966.666549,7966.666549,0
46,4,6,246824,12,5311.110993,2655.555438,0
46,6,4,246824,12,2655.555438,5311.110993,0
46,4,22,246824,36,5311.110993,7966.666549,0
46,22,4,246824,36,7966.666549,5311.110993,0
46,5,7,246824,11,3983.333215,3983.333215,0
46,7,5,246824,11,3983.333215,3983.333215,0
46,5,8,246824,11,3983.333215,5311.110993,0
46,8,5,246824,11,5311.110993,3983.333215,0
46,5,9,246824,9,3983.333215,2276.190358,0
46,9,5,246824,9,2276.190358,3983.333215,0
46,5,13,246824,12,3983.333215,3983.333215,0
46,13,5,246824,12,3983.333215,3983.333215,0
46,6,8,246824,11,2655.555438,5311.110993,0
46,8,6,246824,11,5311.110993,2655.555438,0
46,6,9,246824,9,2655.555438,2276.190358,0
46,9,6,246824,9,2276.190358,2655.555438,0
46,6,11,246824,11,2655.555438,7966.666549,0
46,11,6,246824,11,7966.666549,2655.555438,0
46,6,23,246824,31,2655.555438,7966.666549,0
46,23,6,246824,31,7966.666549,2655.555438,0
46,6,27,246824,31,2655.555438,5311.110993,0
46,27,6,246824,31,5311.110993,2655.555438,0
46,7,9,246824,9,3983.333215,2276.190358,0
46,9,7,246824,9,2276.190358,3983.333215,0
46,7,10,246824,11,3983.333215,7966.666549,0
46,10,7,246824,11,7966.666549,3983.333215,0
46,7,15,246824,28,3983.333215,7966.666549,0
46,15,7,246824,28,7966.666549,3983.333215,0
46,8,10,246824,11,5311.110993,7966.666549,0
46,10,8,246824,11,7966.666549,5311.110993,0
46,9,24,246824,21,2276.190358,5311.110993,0
46,24,9,246824,21,5311.110993,2276.190358,0
46,9,25,246824,28,2276.190358,7966.666549,0
46,25,9,246824,28,7966.666549,2276.190358,0
46,11,14,246824,11,7966.666549,1770.370252,0
46,14,11,246824,11,1770.370252,7966.666549,0
46,12,14,246824,12,7966.666549,1770.370252,0
46,14,12,246824,12,1770.370252,7966.666549,0
46,13,14,246824,12,3983.333215,1770.370252,0
46,14,13,246824,12,1770.370252,3983.333215,0
46,13,16,246824,41,3983.333215,7966.666549,0
46,16,13,246824,41,7966.666549,3983.333215,0
46,13,21,246824,34,3983.333215,5311.110993,0
46,21,13,246824,34,5311.110993,3983.333215,0
46,14,15,246824,28,1770.370252,7966.666549,0
46,15,14,246824,28,7966.666549,1770.370252,0
46,14,16,246824,41,1770.370252,7966.666549,0
46,16,14,246824,41,7966.666549,1770.370252,0
46,14,17,246824,29,1770.370252,5311.110993,0
46,17,14,246824,29,5311.110993,1770.370252,0
46,14,20,246824,26,1770.370252,5311.110993,0
46,20,14,246824,26,5311.110993,1770.370252,0
46,14,21,246824,34,1770.370252,5311.110993,0
46,21,14,246824,34,5311.110993,1770.370252,0
46,14,28,246824,34,1770.370252,7966.666549,0
46,28,14,246824,34,7966.666549,1770.370252,0
46,17,18,246824,44,5311.110993,7966.666549,0
46,18,17,246824,44,7966.666549,5311.110993,0
46,17,19,246824,37,5311.110993,7966.666549,0
46,19,17,246824,37,7966.666549,5311.110993,0
46,18,20,246824,46,7966.666549,5311.110993,0
46,20,18,246824,46,5311.110993,7966.666549,0
46,20,29,246824,33,5311.110993,5311.110993,0
46,29,20,246824,33,5311.110993,5311.110993,0
46,21,24,246824,38,5311.110993,5311.110993,0
46,24,21,246824,38,5311.110993,5311.110993,0
46,24,26,246824,34,5311.110993,7966.666549,0
46,26,24,246824,34,7966.666549,5311.110993,0
46,25,27,246824,42,7966.666549,5311.110993,0
46,27,25,246824,42,5311.110993,7966.666549,0
47,0,1,246824,14,3184.999882,3184.999882,0
47,1,0,246824,14,3184.999882,3184.999882,0
47,0,3,246824,13,3184.999882,3184.999882,0
47,3,0,246824,13,3184.999882,3184.999882,0
47,0,19,246824,28,3184.999882,7962.499882,0
47,19,0,246824,28,7962.499882,3184.999882,0
47,0,26,246824,31,3184.999882,7962.499882,0
47,26,0,246824,31,7962.499882,3184.999882,0
47,0,27,246824,32,3184.999882,7962.499882,0
47,27,0,246824,32,7962.499882,3184.999882,0
47,1,3,246824,14,3184.999882,3184.999882,0
47,3,1,246824,14,3184.999882,3184.999882,0
47,1,10,246824,13,3184.999882,5308.333215,0
47,10,1,246824,13,5308.333215,3184.999882,0
47,1,28,246824,35,3184.999882,3981.249882,0
47,28,1,246824,35,3981.249882,3184.999882,0
47,1,29,246824,27,3184.999882,5308.333215,0
47,29,1,246824,27,5308.333215,3184.999882,0
47,2,4,246824,10,2654.166549,3184.999882,0
47,4,2,246824,10,3184.999882,2654.166549,0
47,2,5,246824,9,2654.166549,5308.333215,0
47,5,2,246824,9,5308.333215,2654.166549,0
47,2,9,246824,7,2654.166549,3184.999882,0
47,9,2,246824,7,3184.999882,2654.166549,0
47,2,18,246824,37,2654.166549,7962.499882,0
47,18,2,246824,37,7962.499882,2654.166549,0
47,2,22,246824,33,2654.166549,7962.499882,0
47,22,2,246824,33,7962.499882,2654.166549,0
47,2,29,246824,24,2654.166549,5308.333215,0
47,29,2,246824,24,5308.333215,2654.166549,0
47,3,12,246824,12,3184.999882,7962.499882,0
47,12,3,246824,12,7962.499882,3184.999882,0
47,3,21,246824,35,3184.999882,5308.333215,0
47,21,3,246824,35,5308.333215,3184.999882,0
47,3,28,246824,35,3184.999882,3981.249882,0
47,28,3,246824,35,3981.249882,3184.999882,0
47,4,6,246824,12,3184.999882,2654.166549,0
47,6,4,246824,12,2654.166549,3184.999882,0
47,4,8,246824,12,3184.999882,5308.333215,0
47,8,4,246824,12,5308.333215,3184.999882,0
47,4,21,246824,35,3184.999882,5308.333215,0
47,21,4,246824,35,5308.333215,3184.999882,0
47,4,22,246824,36,3184.999882,7962.499882,0
47,22,4,246824,36,7962.499882,3184.999882,0
47,5,7,246824,11,5308.333215,3981.249882,0
47,7,5,246824,11,3981.249882,5308.333215,0
47,5,13,246824,12,5308.333215,5308.333215,0
47,13,5,246824,12,5308.333215,5308.333215,0
47,6,8,246824,11,2654.166549,5308.333215,0
47,8,6,246824,11,5308.333215,2654.166549,0
47,6,9,246824,9,2654.166549,3184.999882,0
47,9,6,246824,9,3184.999882,2654.166549,0
47,6,11,246824,11,2654.166549,3981.249882,0
47,11,6,246824,11,3981.249882,2654.166549,0
47,6,23,246824,31,2654.166549,7962.499882,0
47,23,6,246824,31,7962.499882,2654.166549,0
47,6,27,246824,31,2654.166549,7962.499882,0
47,27,6,246824,31,7962.499882,2654.166549,0
47,7,9,246824,9,3981.249882,3184.999882,0
47,9,7,246824,9,3184.999882,3981.249882,0
47,7,10,246824,11,3981.249882,5308.333215,0
47,10,7,246824,11,5308.333215,3981.249882,0
47,7,15,246824,28,3981.249882,7962.499882,0
47,15,7,246824,28,7962.499882,3981.249882,0
47,8,26,246824,29,5308.333215,7962.499882,0
47,26,8,246824,29,7962.499882,5308.333215,0
47,9,24,246824,21,3184.999882,5308.333215,0
47,24,9,246824,21,5308.333215,3184.999882,0
47,9,25,246824,28,3184.999882,7962.499882,0
47,25,9,246824,28,7962.499882,3184.999882,0
47,10,11,246824,11,5308.333215,3981.249882,0
47,11,10,246824,11,3981.249882,5308.333215,0
47,11,13,246824,11,3981.249882,5308.333215,0
47,13,11,246824,11,5308.333215,3981.249882,0
47,11,14,246824,11,3981.249882,3184.999882,0
47,14,11,246824,11,3184.999882,3981.249882,0
47,12,14,246824,12,7962.499882,3184.999882,0
47,14,12,246824,12,3184.999882,7962.499882,0
47,13,16,246824,41,5308.333215,7962.499882,0
47,16,13,246824,41,7962.499882,5308.333215,0
47,14,15,246824,28,3184.999882,7962.499882,0
47,15,14,246824,28,7962.499882,3184.999882,0
47,14,17,246824,29,3184.999882,5308.333215,0
47,17,14,246824,29,5308.333215,3184.999882,0
47,14,20,246824,26,3184.999882,7962.499882,0
47,20,14,246824,26,7962.499882,3184.999882,0
47,16,28,246824,42,7962.499882,3981.249882,0
47,28,16,246824,42,3981.249882,7962.499882,0
47,17,18,246824,44,5308.333215,7962.499882,0
47,18,17,246824,44,7962.499882,5308.333215,0
47,17,19,246824,37,5308.333215,7962.499882,0
47,19,17,246824,37,7962.499882,5308.333215,0
47,20,29,246824,33,7962.499882,5308.333215,0
47,29,20,246824,33,5308.333215,7962.499882,0
47,21,24,246824,38,5308.333215,5308.333215,0
47,24,21,246824,38,5308.333215,5308.333215,0
47,23,24,246824,35,7962.499882,5308.333215,0
47,24,23,246824,35,5308.333215,7962.499882,0
47,25,28,246824,45,7962.499882,3981.249882,0
47,28,25,246824,45,3981.249882,7962.499882,0
48,0,1,246824,14,3188.333215,2656.944326,0
48,1,0,246824,14,2656.944326,3188.333215,0
48,0,3,246824,13,3188.333215,5313.888771,0
48,3,0,246824,13,5313.888771,3188.333215,0
48,0,19,246824,28,3188.333215,3985.416549,0
48,19,0,246824,28,3985.416549,3188.333215,0
48,0,23,246824,32,3188.333215,7970.833215,0
48,23,0,246824,32,7970.833215,3188.333215,0
48,0,29,246824,27,3188.333215,7970.833215,0
48,29,0,246824,27,7970.833215,3188.333215,0
48,1,2,246824,11,2656.944326,3985.416549,0
48,2,1,246824,11,3985.416549,2656.944326,0
48,1,3,246824,14,2656.944326,5313.888771,0
48,3,1,246824,14,5313.888771,2656.944326,0
48,1,4,246824,14,2656.944326,3985.416549,0
48,4,1,246824,14,3985.416549,2656.944326,0
48,1,28,246824,35,2656.944326,7970.833215,0
48,28,1,246824,35,7970.833215,2656.944326,0
48,1,29,246824,27,2656.944326,7970.833215,0
48,29,1,246824,27,7970.833215,2656.944326,0
48,2,4,246824,10,3985.416549,3985.416549,0
48,4,2,246824,10,3985.416549,3985.416549,0
48,2,9,246824,7,3985.416549,2656.944326,0
48,9,2,246824,7,2656.944326,3985.416549,0
48,2,18,246824,37,3985.416549,7970.833215,0
48,18,2,246824,37,7970.833215,3985.416549,0
48,3,12,246824,12,5313.888771,3985.416549,0
48,12,3,246824,12,3985.416549,5313.888771,0
48,4,21,246824,35,3985.416549,5313.888771,0
48,21,4,246824,35,5313.888771,3985.416549,0
48,4,22,246824,36,3985.416549,7970.833215,0
48,22,4,246824,36,7970.833215,3985.416549,0
48,5,7,246824,11,3985.416549,3985.416549,0
48,7,5,246824,11,3985.416549,3985.416549,0
48,5,9,246824,9,3985.416549,2656.944326,0
48,9,5,246824,9,2656.944326,3985.416549,0
48,5,13,246824,12,3985.416549,3188.333215,0
48,13,5,246824,12,3188.333215,3985.416549,0
48,5,22,246824,35,3985.416549,7970.833215,0
48,22,5,246824,35,7970.833215,3985.416549,0
48,6,8,246824,11,3188.333215,5313.888771,0
48,8,6,246824,11,5313.888771,3188.333215,0
48,6,9,246824,9,3188.333215,2656.944326,0
48,9,6,246824,9,2656.944326,3188.333215,0
48,6,11,246824,11,3188.333215,7970.833215,0
48,11,6,246824,11,7970.833215,3188.333215,0
48,6,23,246824,31,3188.333215,7970.833215,0
48,23,6,246824,31,7970.833215,3188.333215,0
48,6,27,246824,31,3188.333215,5313.888771,0
48,27,6,246824,31,5313.888771,3188.333215,0
48,7,9,246824,9,3985.416549,2656.944326,0
48,9,7,246824,9,2656.944326,3985.416549,0
48,7,10,246824,11,3985.416549,3985.416549,0
48,10,7,246824,11,3985.416549,3985.416549,0
48,7,15,246824,28,3985.416549,7970.833215,0
48,15,7,246824,28,7970.833215,3985.416549,0
48,8,10,246824,11,5313.888771,3985.416549,0
48,10,8,246824,11,3985.416549,5313.888771,0
48,8,26,246824,29,5313.888771,7970.833215,0
48,26,8,246824,29,7970.833215,5313.888771,0
48,9,24,246824,21,2656.944326,3985.416549,0
48,24,9,246824,21,3985.416549,2656.944326,0
48,9,25,246824,28,2656.944326,7970.833215,0
48,25,9,246824,28,7970.833215,2656.944326,0
48,10,11,246824,11,3985.416549,7970.833215,0
48,11,10,246824,11,7970.833215,3985.416549,0
48,10,13,246824,12,3985.416549,3188.333215,0
48,13,10,246824,12,3188.333215,3985.416549,0
48,12,13,246824,12,3985.416549,3188.333215,0
48,13,12,246824,12,3188.333215,3985.416549,0
48,12,14,246824,12,3985.416549,2277.380834,0
48,14,12,246824,12,2277.380834,3985.416549,0
48,12,15,246824,28,3985.416549,7970.833215,0
48,15,12,246824,28,7970.833215,3985.416549,0
48,13,14,246824,12,3188.333215,2277.380834,0
48,14,13,246824,12,2277.380834,3188.333215,0
48,13,16,246824,41,3188.333215,7970.833215,0
48,16,13,246824,41,7970.833215,3188.333215,0
48,14,16,246824,41,2277.380834,7970.833215,0
48,16,14,246824,41,7970.833215,2277.380834,0
48,14,17,246824,29,2277.380834,7970.833215,0
48,17,14,246824,29,7970.833215,2277.380834,0
48,14,20,246824,26,2277.380834,7970.833215,0
48,20,14,246824,26,7970.833215,2277.380834,0
48,14,21,246824,34,2277.380834,5313.888771,0
48,21,14,246824,34,5313.888771,2277.380834,0
48,14,28,246824,34,2277.380834,7970.833215,0
48,28,14,246824,34,7970.833215,2277.380834,0
48,17,19,246824,37,7970.833215,3985.416549,0
48,19,17,246824,37,3985.416549,7970.833215,0
48,18,19,246824,47,7970.833215,3985.416549,0
48,19,18,246824,47,3985.416549,7970.833215,0
48,19,20,246824,34,3985.416549,7970.833215,0
48,20,19,246824,34,7970.833215,3985.416549,0
48,21,24,246824,38,5313.888771,3985.416549,0
48,24,21,246824,38,3985.416549,5313.888771,0
48,24,26,246824,34,3985.416549,7970.833215,0
48,26,24,246824,34,7970.833215,3985.416549,0
48,24,27,246824,35,3985.416549,5313.888771,0
48,27,24,246824,35,5313.888771,3985.416549,0
48,25,27,246824,42,7970.833215,5313.888771,0
48,27,25,246824,42,5313.888771,7970.833215,0
49,0,1,246824,14,3983.333215,3186.666549,0
49,1,0,246824,14,3186.666549,3983.333215,0
49,0,9,246824,10,3983.333215,2655.555438,0
49,9,0,246824,10,2655.555438,3983.333215,0
49,0,19,246824,28,3983.333215,5311.110993,0
49,19,0,246824,28,5311.110993,3983.333215,0
49,0,26,246824,31,3983.333215,7966.666549,0
49,26,0,246824,31,7966.666549,3983.333215,0
49,1,2,246824,11,3186.666549,2655.555438,0
49,2,1,246824,11,2655.555438,3186.666549,0
49,1,10,246824,13,3186.666549,5311.110993,0
49,10,1,246824,13,5311.110993,3186.666549,0
49,1,28,246824,35,3186.666549,3983.333215,0
49,28,1,246824,35,3983.333215,3186.666549,0
49,1,29,246824,27,3186.666549,5311.110993,0
49,29,1,246824,27,5311.110993,3186.666549,0
49,2,4,246824,10,2655.555438,2655.555438,0
49,4,2,246824,10,2655.555438,2655.555438,0
49,2,9,246824,7,2655.555438,2655.555438,0
49,9,2,246824,7,2655.555438,2655.555438,0
49,2,18,246824,37,2655.555438,7966.666549,0
49,18,2,246824,37,7966.666549,2655.555438,0
49,2,22,246824,33,2655.555438,7966.666549,0
49,22,2,246824,33,7966.666549,2655.555438,0
49,2,29,246824,24,2655.555438,5311.110993,0
49,29,2,246824,24,5311.110993,2655.555438,0
49,3,4,246824,13,7966.666549,2655.555438,0
49,4,3,246824,13,2655.555438,7966.666549,0
49,3,12,246824,12,7966.666549,3983.333215,0
49,12,3,246824,12,3983.333215,7966.666549,0
49,4,6,246824,12,2655.555438,2276.190358,0
49,6,4,246824,12,2276.190358,2655.555438,0
49,4,8,246824,12,2655.555438,5311.110993,0
49,8,4,246824,12,5311.110993,2655.555438,0
49,4,21,246824,35,2655.555438,7966.666549,0
49,21,4,246824,35,7966.666549,2655.555438,0
49,4,22,246824,36,2655.555438,7966.666549,0
49,22,4,246824,36,7966.666549,2655.555438,0
49,5,6,246824,11,7966.666549,2276.190358,0
49,6,5,246824,11,2276.190358,7966.666549,0
49,5,13,246824,12,7966.666549,3186.666549,0
49,13,5,246824,12,3186.666549,7966.666549,0
49,6,8,246824,11,2276.190358,5311.110993,0
49,8,6,246824,11,5311.110993,2276.190358,0
49,6,9,246824,9,2276.190358,2655.555438,0
49,9,6,246824,9,2655.555438,2276.190358,0
49,6,11,246824,11,2276.190358,7966.666549,0
49,11,6,246824,11,7966.666549,2276.190358,0
49,6,23,246824,31,2276.190358,7966.666549,0
49,23,6,246824,31,7966.666549,2276.190358,0
49,6,27,246824,31,2276.190358,7966.666549,0
49,27,6,246824,31,7966.666549,2276.190358,0
49,7,9,246824,9,5311.110993,2655.555438,0
49,9,7,246824,9,2655.555438,5311.110993,0
49,7,10,246824,11,5311.110993,5311.110993,0
49,10,7,246824,11,5311.110993,5311.110993,0
49,7,15,246824,28,5311.110993,7966.666549,0
49,15,7,246824,28,7966.666549,5311.110993,0
49,8,26,246824,29,5311.110993,7966.666549,0
49,26,8,246824,29,7966.666549,5311.110993,0
49,9,24,246824,21,2655.555438,5311.110993,0
49,24,9,246824,21,5311.110993,2655.555438,0
49,9,25,246824,28,2655.555438,7966.666549,0
49,25,9,246824,28,7966.666549,2655.555438,0
49,10,11,246824,11,5311.110993,7966.666549,0
49,11,10,246824,11,7966.666549,5311.110993,0
49,12,13,246824,12,3983.333215,3186.666549,0
49,13,12,246824,12,3186.666549,3983.333215,0
49,12,14,246824,12,3983.333215,3186.666549,0
49,14,12,246824,12,3186.666549,3983.333215,0
49,12,15,246824,28,3983.333215,7966.666549,0
49,15,12,246824,28,7966.666549,3983.333215,0
49,13,14,246824,12,3186.666549,3186.666549,0
49,14,13,246824,12,3186.666549,3186.666549,0
49,13,16,246824,41,3186.666549,7966.666549,0
49,16,13,246824,41,7966.666549,3186.666549,0
49,13,21,246824,34,3186.666549,7966.666549,0
49,21,13,246824,34,7966.666549,3186.666549,0
49,14,17,246824,29,3186.666549,7966.666549,0
49,17,14,246824,29,7966.666549,3186.666549,0
49,14,20,246824,26,3186.666549,3983.333215,0
49,20,14,246824,26,3983.333215,3186.666549,0
49,14,28,246824,34,3186.666549,3983.333215,0
49,28,14,246824,34,3983.333215,3186.666549,0
49,16,28,246824,42,7966.666549,3983.333215,0
49,28,16,246824,42,3983.333215,7966.666549,0
49,17,19,246824,37,7966.666549,5311.110993,0
49,19,17,246824,37,5311.110993,7966.666549,0
49,18,20,246824,46,7966.666549,3983.333215,0
49,20,18,246824,46,3983.333215,7966.666549,0
49,19,20,246824,34,5311.110993,3983.333215,0
49,20,19,246824,34,3983.333215,5311.110993,0
49,20,29,246824,33,3983.333215,5311.110993,0
49,29,20,246824,33,5311.110993,3983.333215,0
49,23,24,246824,35,7966.666549,5311.110993,0
49,24,23,246824,35,5311.110993,7966.666549,0
49,24,27,246824,35,5311.110993,7966.666549,0
49,27,24,246824,35,7966.666549,5311.110993,0
49,25,28,246824,45,7966.666549,3983.333215,0
49,28,25,246824,45,3983.333215,7966.666549,0
50,0,1,246824,14,3981.249882,3981.249882,0
50,1,0,246824,14,3981.249882,3981.249882,0
50,0,3,246824,13,3981.249882,2654.166549,0
50,3,0,246824,13,2654.166549,3981.249882,0
50,0,19,246824,28,3981.249882,7962.499882,0
50,19,0,246824,28,7962.499882,3981.249882,0
50,0,26,246824,31,3981.249882,5308.333215,0
50,26,0,246824,31,5308.333215,3981.249882,0
50,1,2,246824,11,3981.249882,2274.999882,0
50,2,1,246824,11,2274.999882,3981.249882,0
50,1,3,246824,14,3981.249882,2654.166549,0
50,3,1,246824,14,2654.166549,3981.249882,0
50,1,29,246824,27,3981.249882,7962.499882,0
50,29,1,246824,27,7962.499882,3981.249882,0
50,2,4,246824,10,2274.999882,7962.499882,0
50,4,2,246824,10,7962.499882,2274.999882,0
50,2,5,246824,9,2274.999882,2654.166549,0
50,5,2,246824,9,2654.166549,2274.999882,0
50,2,9,246824,7,2274.999882,3981.249882,0
50,9,2,246824,7,3981.249882,2274.999882,0
50,2,18,246824,37,2274.999882,7962.499882,0
50,18,2,246824,37,7962.499882,2274.999882,0
50,2,22,246824,33,2274.999882,7962.499882,0
50,22,2,246824,33,7962.499882,2274.999882,0
50,2,29,246824,24,2274.999882,7962.499882,0
50,29,2,246824,24,7962.499882,2274.999882,0
50,3,4,246824,13,2654.166549,7962.499882,0
50,4,3,246824,13,7962.499882,2654.166549,0
50,3,12,246824,12,2654.166549,5308.333215,0
50,12,3,246824,12,5308.333215,2654.166549,0
50,3,21,246824,35,2654.166549,7962.499882,0
50,21,3,246824,35,7962.499882,2654.166549,0
50,3,28,246824,35,2654.166549,5308.333215,0
50,28,3,246824,35,5308.333215,2654.166549,0
50,5,6,246824,11,2654.166549,3184.999882,0
50,6,5,246824,11,3184.999882,2654.166549,0
50,5,7,246824,11,2654.166549,5308.333215,0
50,7,5,246824,11,5308.333215,2654.166549,0
50,5,8,246824,11,2654.166549,5308.333215,0
50,8,5,246824,11,5308.333215,2654.166549,0
50,5,13,246824,12,2654.166549,3184.999882,0
50,13,5,246824,12,3184.999882,2654.166549,0
50,5,22,246824,35,2654.166549,7962.499882,0
50,22,5,246824,35,7962.499882,2654.166549,0
50,6,9,246824,9,3184.999882,3981.249882,0
50,9,6,246824,9,3981.249882,3184.999882,0
50,6,11,246824,11,3184.999882,5308.333215,0
50,11,6,246824,11,5308.333215,3184.999882,0
50,6,23,246824,31,3184.999882,7962.499882,0
50,23,6,246824,31,7962.499882,3184.999882,0
50,6,27,246824,31,3184.999882,7962.499882,0
50,27,6,246824,31,7962.499882,3184.999882,0
50,7,10,246824,11,5308.333215,5308.333215,0
50,10,7,246824,11,5308.333215,5308.333215,0
50,7,15,246824,28,5308.333215,7962.499882,0
50,15,7,246824,28,7962.499882,5308.333215,0
50,8,10,246824,11,5308.333215,5308.333215,0
50,10,8,246824,11,5308.333215,5308.333215,0
50,8,26,246824,29,5308.333215,5308.333215,0
50,26,8,246824,29,5308.333215,5308.333215,0
50,9,24,246824,21,3981.249882,3981.249882,0
50,24,9,246824,21,3981.249882,3981.249882,0
50,9,25,246824,28,3981.249882,7962.499882,0
50,25,9,246824,28,7962.499882,3981.249882,0
50,10,11,246824,11,5308.333215,5308.333215,0
50,11,10,246824,11,5308.333215,5308.333215,0
50,11,14,246824,11,5308.333215,1990.624882,0
50,14,11,246824,11,1990.624882,5308.333215,0
50,12,13,246824,12,5308.333215,3184.999882,0
50,13,12,246824,12,3184.999882,5308.333215,0
50,12,14,246824,12,5308.333215,1990.624882,0
50,14,12,246824,12,1990.624882,5308.333215,0
50,13,14,246824,12,3184.999882,1990.624882,0
50,14,13,246824,12,1990.624882,3184.999882,0
50,13,16,246824,41,3184.999882,7962.499882,0
50,16,13,246824,41,7962.499882,3184.999882,0
50,13,21,246824,34,3184.999882,7962.499882,0
50,21,13,246824,34,7962.499882,3184.999882,0
50,14,15,246824,28,1990.624882,7962.499882,0
50,15,14,246824,28,7962.499882,1990.624882,0
50,14,16,246824,41,1990.624882,7962.499882,0
50,16,14,246824,41,7962.499882,1990.624882,0
50,14,17,246824,29,1990.624882,5308.333215,0
50,17,14,246824,29,5308.333215,1990.624882,0
50,14,20,246824,26,1990.624882,5308.333215,0
50,20,14,246824,26,5308.333215,1990.624882,0
50,14,28,246824,34,1990.624882,5308.333215,0
50,28,14,246824,34,5308.333215,1990.624882,0
50,17,18,246824,44,5308.333215,7962.499882,0
50,18,17,246824,44,7962.499882,5308.333215,0
50,17,20,246824,36,5308.333215,5308.333215,0
50,20,17,246824,36,5308.333215,5308.333215,0
50,19,20,246824,34,7962.499882,5308.333215,0
50,20,19,246824,34,5308.333215,7962.499882,0
50,23,24,246824,35,7962.499882,3981.249882,0
50,24,23,246824,35,3981.249882,7962.499882,0
50,24,26,246824,34,3981.249882,5308.333215,0
50,26,24,246824,34,5308.333215,3981.249882,0
50,24,27,246824,35,3981.249882,7962.499882,0
50,27,24,246824,35,7962.499882,3981.249882,0
50,25,28,246824,45,7962.499882,5308.333215,0
50,28,25,246824,45,5308.333215,7962.499882,0
51,0,1,246824,14,3981.249882,3981.249882,0
51,1,0,246824,14,3981.249882,3981.249882,0
51,0,9,246824,10,3981.249882,2654.166549,0
51,9,0,246824,10,2654.166549,3981.249882,0
51,0,19,246824,28,3981.249882,7962.499882,0
51,19,0,246824,28,7962.499882,3981.249882,0
51,0,26,246824,31,3981.249882,5308.333215,0
51,26,0,246824,31,5308.333215,3981.249882,0
51,1,2,246824,11,3981.249882,2654.166549,0
51,2,1,246824,11,2654.166549,3981.249882,0
51,1,3,246824,14,3981.249882,3184.999882,0
51,3,1,246824,14,3184.999882,3981.249882,0
51,1,29,246824,27,3981.249882,7962.499882,0
51,29,1,246824,27,7962.499882,3981.249882,0
51,2,4,246824,10,2654.166549,3981.249882,0
51,4,2,246824,10,3981.249882,2654.166549,0
51,2,9,246824,7,2654.166549,2654.166549,0
51,9,2,246824,7,2654.166549,2654.166549,0
51,2,18,246824,37,2654.166549,7962.499882,0
51,18,2,246824,37,7962.499882,2654.166549,0
51,2,22,246824,33,2654.166549,7962.499882,0
51,22,2,246824,33,7962.499882,2654.166549,0
51,2,29,246824,24,2654.166549,7962.499882,0
51,29,2,246824,24,7962.499882,2654.166549,0
51,3,4,246824,13,3184.999882,3981.249882,0
51,4,3,246824,13,3981.249882,3184.999882,0
51,3,12,246824,12,3184.999882,3981.249882,0
51,12,3,246824,12,3981.249882,3184.999882,0
51,3,21,246824,35,3184.999882,7962.499882,0
51,21,3,246824,35,7962.499882,3184.999882,0
51,3,28,246824,35,3184.999882,5308.333215,0
51,28,3,246824,35,5308.333215,3184.999882,0
51,4,8,246824,12,3981.249882,5308.333215,0
51,8,4,246824,12,5308.333215,3981.249882,0
51,4,22,246824,36,3981.249882,7962.499882,0
51,22,4,246824,36,7962.499882,3981.249882,0
51,5,6,246824,11,3184.999882,3184.999882,0
51,6,5,246824,11,3184.999882,3184.999882,0
51,5,7,246824,11,3184.999882,7962.499882,0
51,7,5,246824,11,7962.499882,3184.999882,0
51,5,8,246824,11,3184.999882,5308.333215,0
51,8,5,246824,11,5308.333215,3184.999882,0
51,5,9,246824,9,3184.999882,2654.166549,0
51,9,5,246824,9,2654.166549,3184.999882,0
51,5,13,246824,12,3184.999882,2274.999882,0
51,13,5,246824,12,2274.999882,3184.999882,0
51,6,9,246824,9,3184.999882,2654.166549,0
51,9,6,246824,9,2654.166549,3184.999882,0
51,6,11,246824,11,3184.999882,3981.249882,0
51,11,6,246824,11,3981.249882,3184.999882,0
51,6,23,246824,31,3184.999882,7962.499882,0
51,23,6,246824,31,7962.499882,3184.999882,0
51,6,27,246824,31,3184.999882,7962.499882,0
51,27,6,246824,31,7962.499882,3184.999882,0
51,7,10,246824,11,7962.499882,5308.333215,0
51,10,7,246824,11,5308.333215,7962.499882,0
51,8,26,246824,29,5308.333215,5308.333215,0
51,26,8,246824,29,5308.333215,5308.333215,0
51,9,24,246824,21,2654.166549,3981.249882,0
51,24,9,246824,21,3981.249882,2654.166549,0
51,9,25,246824,28,2654.166549,7962.499882,0
51,25,9,246824,28,7962.499882,2654.166549,0
51,10,11,246824,11,5308.333215,3981.249882,0
51,11,10,246824,11,3981.249882,5308.333215,0
51,10,13,246824,12,5308.333215,2274.999882,0
51,13,10,246824,12,2274.999882,5308.333215,0
51,11,13,246824,11,3981.249882,2274.999882,0
51,13,11,246824,11,2274.999882,3981.249882,0
51,11,14,246824,11,3981.249882,1990.624882,0
51,14,11,246824,11,1990.624882,3981.249882,0
51,12,13,246824,12,3981.249882,2274.999882,0
51,13,12,246824,12,2274.999882,3981.249882,0
51,12,14,246824,12,3981.249882,1990.624882,0
51,14,12,246824,12,1990.624882,3981.249882,0
51,12,15,246824,28,3981.249882,7962.499882,0
51,15,12,246824,28,7962.499882,3981.249882,0
51,13,14,246824,12,2274.999882,1990.624882,0
51,14,13,246824,12,1990.624882,2274.999882,0
51,13,16,246824,41,2274.999882,7962.499882,0
51,16,13,246824,41,7962.499882,2274.999882,0
51,13,21,246824,34,2274.999882,7962.499882,0
51,21,13,246824,34,7962.499882,2274.999882,0
51,14,15,246824,28,1990.624882,7962.499882,0
51,15,14,246824,28,7962.499882,1990.624882,0
51,14,16,246824,41,1990.624882,7962.499882,0
51,16,14,246824,41,7962.499882,1990.624882,0
51,14,17,246824,29,1990.624882,5308.333215,0
51,17,14,246824,29,5308.333215,1990.624882,0
51,14,20,246824,26,1990.624882,5308.333215,0
51,20,14,246824,26,5308.333215,1990.624882,0
51,14,28,246824,34,1990.624882,5308.333215,0
51,28,14,246824,34,5308.333215,1990.624882,0
51,17,18,246824,44,5308.333215,7962.499882,0
51,18,17,246824,44,7962.499882,5308.333215,0
51,17,20,246824,36,5308.333215,5308.333215,0
51,20,17,246824,36,5308.333215,5308.333215,0
51,19,20,246824,34,7962.499882,5308.333215,0
51,20,19,246824,34,5308.333215,7962.499882,0
51,23,24,246824,35,7962.499882,3981.249882,0
51,24,23,246824,35,3981.249882,7962.499882,0
51,24,26,246824,34,3981.249882,5308.333215,0
51,26,24,246824,34,5308.333215,3981.249882,0
51,24,27,246824,35,3981.249882,7962.499882,0
51,27,24,246824,35,7962.499882,3981.249882,0
51,25,28,246824,45,7962.499882,5308.333215,0
51,28,25,246824,45,5308.333215,7962.499882,0
52,0,1,246824,14,3989.583215,3191.666548,0
52,1,0,246824,14,3191.666548,3989.583215,0
52,0,9,246824,10,3989.583215,2279.761787,0
52,9,0,246824,10,2279.761787,3989.583215,0
52,0,19,246824,28,3989.583215,3989.583215,0
52,19,0,246824,28,3989.583215,3989.583215,0
52,0,26,246824,31,3989.583215,5319.444326,0
52,26,0,246824,31,5319.444326,3989.583215,0
52,1,2,246824,11,3191.666548,2659.722104,0
52,2,1,246824,11,2659.722104,3191.666548,0
52,1,3,246824,14,3191.666548,3989.583215,0
52,3,1,246824,14,3989.583215,3191.666548,0
52,1,4,246824,14,3191.666548,3989.583215,0
52,4,1,246824,14,3989.583215,3191.666548,0
52,1,29,246824,27,3191.666548,7979.166548,0
52,29,1,246824,27,7979.166548,3191.666548,0
52,2,4,246824,10,2659.722104,3989.583215,0
52,4,2,246824,10,3989.583215,2659.722104,0
52,2,9,246824,7,2659.722104,2279.761787,0
52,9,2,246824,7,2279.761787,2659.722104,0
52,2,18,246824,37,2659.722104,7979.166548,0
52,18,2,246824,37,7979.166548,2659.722104,0
52,2,22,246824,33,2659.722104,7979.166548,0
52,22,2,246824,33,7979.166548,2659.722104,0
52,2,29,246824,24,2659.722104,7979.166548,0
52,29,2,246824,24,7979.166548,2659.722104,0
52,3,4,246824,13,3989.583215,3989.583215,0
52,4,3,246824,13,3989.583215,3989.583215,0
52,3,21,246824,35,3989.583215,7979.166548,0
52,21,3,246824,35,7979.166548,3989.583215,0
52,3,28,246824,35,3989.583215,5319.444326,0
52,28,3,246824,35,5319.444326,3989.583215,0
52,4,22,246824,36,3989.583215,7979.166548,0
52,22,4,246824,36,7979.166548,3989.583215,0
52,5,6,246824,11,3989.583215,3191.666548,0
52,6,5,246824,11,3191.666548,3989.583215,0
52,5,7,246824,11,3989.583215,5319.444326,0
52,7,5,246824,11,5319.444326,3989.583215,0
52,5,8,246824,11,3989.583215,5319.444326,0
52,8,5,246824,11,5319.444326,3989.583215,0
52,5,9,246824,9,3989.583215,2279.761787,0
52,9,5,246824,9,2279.761787,3989.583215,0
52,6,9,246824,9,3191.666548,2279.761787,0
52,9,6,246824,9,2279.761787,3191.666548,0
52,6,11,246824,11,3191.666548,3989.583215,0
52,11,6,246824,11,3989.583215,3191.666548,0
52,6,23,246824,31,3191.666548,7979.166548,0
52,23,6,246824,31,7979.166548,3191.666548,0
52,6,27,246824,31,3191.666548,7979.166548,0
52,27,6,246824,31,7979.166548,3191.666548,0
52,7,9,246824,9,5319.444326,2279.761787,0
52,9,7,246824,9,2279.761787,5319.444326,0
52,7,10,246824,11,5319.444326,5319.444326,0
52,10,7,246824,11,5319.444326,5319.444326,0
52,8,10,246824,11,5319.444326,5319.444326,0
52,10,8,246824,11,5319.444326,5319.444326,0
52,8,26,246824,29,5319.444326,5319.444326,0
52,26,8,246824,29,5319.444326,5319.444326,0
52,9,24,246824,21,2279.761787,3989.583215,0
52,24,9,246824,21,3989.583215,2279.761787,0
52,9,25,246824,28,2279.761787,7979.166548,0
52,25,9,246824,28,7979.166548,2279.761787,0
52,10,11,246824,11,5319.444326,3989.583215,0
52,11,10,246824,11,3989.583215,5319.444326,0
52,11,13,246824,11,3989.583215,3989.583215,0
52,13,11,246824,11,3989.583215,3989.583215,0
52,11,14,246824,11,3989.583215,1773.148030,0
52,14,11,246824,11,1773.148030,3989.583215,0
52,12,13,246824,12,5319.444326,3989.583215,0
52,13,12,246824,12,3989.583215,5319.444326,0
52,12,14,246824,12,5319.444326,1773.148030,0
52,14,12,246824,12,1773.148030,5319.444326,0
52,12,15,246824,28,5319.444326,7979.166548,0
52,15,12,246824,28,7979.166548,5319.444326,0
52,13,14,246824,12,3989.583215,1773.148030,0
52,14,13,246824,12,1773.148030,3989.583215,0
52,13,16,246824,41,3989.583215,5319.444326,0
52,16,13,246824,41,5319.444326,3989.583215,0
52,14,15,246824,28,1773.148030,7979.166548,0
52,15,14,246824,28,7979.166548,1773.148030,0
52,14,16,246824,41,1773.148030,5319.444326,0
52,16,14,246824,41,5319.444326,1773.148030,0
52,14,17,246824,29,1773.148030,7979.166548,0
52,17,14,246824,29,7979.166548,1773.148030,0
52,14,20,246824,26,1773.148030,5319.444326,0
52,20,14,246824,26,5319.444326,1773.148030,0
52,14,21,246824,34,1773.148030,7979.166548,0
52,21,14,246824,34,7979.166548,1773.148030,0
52,14,28,246824,34,1773.148030,5319.444326,0
52,28,14,246824,34,5319.444326,1773.148030,0
52,16,19,246824,49,5319.444326,3989.583215,0
52,19,16,246824,49,3989.583215,5319.444326,0
52,17,20,246824,36,7979.166548,5319.444326,0
52,20,17,246824,36,5319.444326,7979.166548,0
52,18,19,246824,47,7979.166548,3989.583215,0
52,19,18,246824,47,3989.583215,7979.166548,0
52,19,20,246824,34,3989.583215,5319.444326,0
52,20,19,246824,34,5319.444326,3989.583215,0
52,23,24,246824,35,7979.166548,3989.583215,0
52,24,23,246824,35,3989.583215,7979.166548,0
52,24,26,246824,34,3989.583215,5319.444326,0
52,26,24,246824,34,5319.444326,3989.583215,0
52,24,27,246824,35,3989.583215,7979.166548,0
52,27,24,246824,35,7979.166548,3989.583215,0
52,25,28,246824,45,7979.166548,5319.444326,0
52,28,25,246824,45,5319.444326,7979.166548,0
53,0,1,246824,14,3985.416549,3188.333215,0
53,1,0,246824,14,3188.333215,3985.416549,0
53,0,9,246824,10,3985.416549,2656.944326,0
53,9,0,246824,10,2656.944326,3985.416549,0
53,0,19,246824,28,3985.416549,5313.888771,0
53,19,0,246824,28,5313.888771,3985.416549,0
53,0,26,246824,31,3985.416549,5313.888771,0
53,26,0,246824,31,5313.888771,3985.416549,0
53,1,2,246824,11,3188.333215,2656.944326,0
53,2,1,246824,11,2656.944326,3188.333215,0
53,1,3,246824,14,3188.333215,5313.888771,0
53,3,1,246824,14,5313.888771,3188.333215,0
53,1,4,246824,14,3188.333215,3985.416549,0
53,4,1,246824,14,3985.416549,3188.333215,0
53,1,29,246824,27,3188.333215,7970.833215,0
53,29,1,246824,27,7970.833215,3188.333215,0
53,2,4,246824,10,2656.944326,3985.416549,0
53,4,2,246824,10,3985.416549,2656.944326,0
53,2,9,246824,7,2656.944326,2656.944326,0
53,9,2,246824,7,2656.944326,2656.944326,0
53,2,18,246824,37,2656.944326,7970.833215,0
53,18,2,246824,37,7970.833215,2656.944326,0
53,2,22,246824,33,2656.944326,7970.833215,0
53,22,2,246824,33,7970.833215,2656.944326,0
53,2,29,246824,24,2656.944326,7970.833215,0
53,29,2,246824,24,7970.833215,2656.944326,0
53,3,4,246824,13,5313.888771,3985.416549,0
53,4,3,246824,13,3985.416549,5313.888771,0
53,3,28,246824,35,5313.888771,5313.888771,0
53,28,3,246824,35,5313.888771,5313.888771,0
53,4,6,246824,12,3985.416549,2277.380834,0
53,6,4,246824,12,2277.380834,3985.416549,0
53,5,6,246824,11,3188.333215,2277.380834,0
53,6,5,246824,11,2277.380834,3188.333215,0
53,5,7,246824,11,3188.333215,7970.833215,0
53,7,5,246824,11,7970.833215,3188.333215,0
53,5,8,246824,11,3188.333215,5313.888771,0
53,8,5,246824,11,5313.888771,3188.333215,0
53,5,9,246824,9,3188.333215,2656.944326,0
53,9,5,246824,9,2656.944326,3188.333215,0
53,5,22,246824,35,3188.333215,7970.833215,0
53,22,5,246824,35,7970.833215,3188.333215,0
53,6,8,246824,11,2277.380834,5313.888771,0
53,8,6,246824,11,5313.888771,2277.380834,0
53,6,9,246824,9,2277.380834,2656.944326,0
53,9,6,246824,9,2656.944326,2277.380834,0
53,6,11,246824,11,2277.380834,3985.416549,0
53,11,6,246824,11,3985.416549,2277.380834,0
53,6,23,246824,31,2277.380834,7970.833215,0
53,23,6,246824,31,7970.833215,2277.380834,0
53,6,27,246824,31,2277.380834,7970.833215,0
53,27,6,246824,31,7970.833215,2277.380834,0
53,7,10,246824,11,7970.833215,7970.833215,0
53,10,7,246824,11,7970.833215,7970.833215,0
53,8,26,246824,29,5313.888771,5313.888771,0
53,26,8,246824,29,5313.888771,5313.888771,0
53,9,24,246824,21,2656.944326,3985.416549,0
53,24,9,246824,21,3985.416549,2656.944326,0
53,9,25,246824,28,2656.944326,7970.833215,0
53,25,9,246824,28,7970.833215,2656.944326,0
53,10,11,246824,11,7970.833215,3985.416549,0
53,11,10,246824,11,3985.416549,7970.833215,0
53,11,13,246824,11,3985.416549,3985.416549,0
53,13,11,246824,11,3985.416549,3985.416549,0
53,11,14,246824,11,3985.416549,1992.708215,0
53,14,11,246824,11,1992.708215,3985.416549,0
53,12,13,246824,12,5313.888771,3985.416549,0
53,13,12,246824,12,3985.416549,5313.888771,0
53,12,14,246824,12,5313.888771,1992.708215,0
53,14,12,246824,12,1992.708215,5313.888771,0
53,12,15,246824,28,5313.888771,7970.833215,0
53,15,12,246824,28,7970.833215,5313.888771,0
53,13,16,246824,41,3985.416549,7970.833215,0
53,16,13,246824,41,7970.833215,3985.416549,0
53,13,21,246824,34,3985.416549,7970.833215,0
53,21,13,246824,34,7970.833215,3985.416549,0
53,14,15,246824,28,1992.708215,7970.833215,0
53,15,14,246824,28,7970.833215,1992.708215,0
53,14,16,246824,41,1992.708215,7970.833215,0
53,16,14,246824,41,7970.833215,1992.708215,0
53,14,17,246824,29,1992.708215,7970.833215,0
53,17,14,246824,29,7970.833215,1992.708215,0
53,14,20,246824,26,1992.708215,5313.888771,0
53,20,14,246824,26,5313.888771,1992.708215,0
53,14,21,246824,34,1992.708215,7970.833215,0
53,21,14,246824,34,7970.833215,1992.708215,0
53,14,28,246824,34,1992.708215,5313.888771,0
53,28,14,246824,34,5313.888771,1992.708215,0
53,17,20,246824,36,7970.833215,5313.888771,0
53,20,17,246824,36,5313.888771,7970.833215,0
53,18,19,246824,47,7970.833215,5313.888771,0
53,19,18,246824,47,5313.888771,7970.833215,0
53,19,20,246824,34,5313.888771,5313.888771,0
53,20,19,246824,34,5313.888771,5313.888771,0
53,23,24,246824,35,7970.833215,3985.416549,0
53,24,23,246824,35,3985.416549,7970.833215,0
53,24,26,246824,34,3985.416549,5313.888771,0
53,26,24,246824,34,5313.888771,3985.416549,0
53,24,27,246824,35,3985.416549,7970.833215,0
53,27,24,246824,35,7970.833215,3985.416549,0
53,25,28,246824,45,7970.833215,5313.888771,0
53,28,25,246824,45,5313.888771,7970.833215,0
54,0,1,246824,14,3985.416549,3985.416549,0
54,1,0,246824,14,3985.416549,3985.416549,0
54,0,3,246824,13,3985.416549,5313.888771,0
54,3,0,246824,13,5313.888771,3985.416549,0
54,0,19,246824,28,3985.416549,5313.888771,0
54,19,0,246824,28,5313.888771,3985.416549,0
54,0,26,246824,31,3985.416549,7970.833215,0
54,26,0,246824,31,7970.833215,3985.416549,0
54,1,2,246824,11,3985.416549,2277.380834,0
54,2,1,246824,11,2277.380834,3985.416549,0
54,1,4,246824,14,3985.416549,3985.416549,0
54,4,1,246824,14,3985.416549,3985.416549,0
54,1,29,246824,27,3985.416549,7970.833215,0
54,29,1,246824,27,7970.833215,3985.416549,0
54,2,4,246824,10,2277.380834,3985.416549,0
54,4,2,246824,10,3985.416549,2277.380834,0
54,2,5,246824,9,2277.380834,3188.333215,0
54,5,2,246824,9,3188.333215,2277.380834,0
54,2,9,246824,7,2277.380834,3985.416549,0
54,9,2,246824,7,3985.416549,2277.380834,0
54,2,18,246824,37,2277.380834,7970.833215,0
54,18,2,246824,37,7970.833215,2277.380834,0
54,2,22,246824,33,2277.380834,7970.833215,0
54,22,2,246824,33,7970.833215,2277.380834,0
54,2,29,246824,24,2277.380834,7970.833215,0
54,29,2,246824,24,7970.833215,2277.380834,0
54,3,4,246824,13,5313.888771,3985.416549,0
54,4,3,246824,13,3985.416549,5313.888771,0
54,3,28,246824,35,5313.888771,5313.888771,0
54,28,3,246824,35,5313.888771,5313.888771,0
54,4,22,246824,36,3985.416549,7970.833215,0
54,22,4,246824,36,7970.833215,3985.416549,0
54,5,6,246824,11,3188.333215,3188.333215,0
54,6,5,246824,11,3188.333215,3188.333215,0
54,5,7,246824,11,3188.333215,7970.833215,0
54,7,5,246824,11,7970.833215,3188.333215,0
54,5,8,246824,11,3188.333215,5313.888771,0
54,8,5,246824,11,5313.888771,3188.333215,0
54,5,9,246824,9,3188.333215,3985.416549,0
54,9,5,246824,9,3985.416549,3188.333215,0
54,6,8,246824,11,3188.333215,5313.888771,0
54,8,6,246824,11,5313.888771,3188.333215,0
54,6,11,246824,11,3188.333215,3985.416549,0
54,11,6,246824,11,3985.416549,3188.333215,0
54,6,23,246824,31,3188.333215,7970.833215,0
54,23,6,246824,31,7970.833215,3188.333215,0
54,6,27,246824,31,3188.333215,7970.833215,0
54,27,6,246824,31,7970.833215,3188.333215,0
54,7,10,246824,11,7970.833215,7970.833215,0
54,10,7,246824,11,7970.833215,7970.833215,0
54,8,26,246824,29,5313.888771,7970.833215,0
54,26,8,246824,29,7970.833215,5313.888771,0
54,9,24,246824,21,3985.416549,5313.888771,0
54,24,9,246824,21,5313.888771,3985.416549,0
54,9,25,246824,28,3985.416549,7970.833215,0
54,25,9,246824,28,7970.833215,3985.416549,0
54,10,11,246824,11,7970.833215,3985.416549,0
54,11,10,246824,11,3985.416549,7970.833215,0
54,11,13,246824,11,3985.416549,3188.333215,0
54,13,11,246824,11,3188.333215,3985.416549,0
54,11,14,246824,11,3985.416549,1771.296178,0
54,14,11,246824,11,1771.296178,3985.416549,0
54,12,13,246824,12,5313.888771,3188.333215,0
54,13,12,246824,12,3188.333215,5313.888771,0
54,12,14,246824,12,5313.888771,1771.296178,0
54,14,12,246824,12,1771.296178,5313.888771,0
54,12,15,246824,28,5313.888771,7970.833215,0
54,15,12,246824,28,7970.833215,5313.888771,0
54,13,14,246824,12,3188.333215,1771.296178,0
54,14,13,246824,12,1771.296178,3188.333215,0
54,13,16,246824,41,3188.333215,7970.833215,0
54,16,13,246824,41,7970.833215,3188.333215,0
54,13,21,246824,34,3188.333215,7970.833215,0
54,21,13,246824,34,7970.833215,3188.333215,0
54,14,15,246824,28,1771.296178,7970.833215,0
54,15,14,246824,28,7970.833215,1771.296178,0
54,14,16,246824,41,1771.296178,7970.833215,0
54,16,14,246824,41,7970.833215,1771.296178,0
54,14,17,246824,29,1771.296178,7970.833215,0
54,17,14,246824,29,7970.833215,1771.296178,0
54,14,20,246824,26,1771.296178,5313.888771,0
54,20,14,246824,26,5313.888771,1771.296178,0
54,14,21,246824,34,1771.296178,7970.833215,0
54,21,14,246824,34,7970.833215,1771.296178,0
54,14,28,246824,34,1771.296178,5313.888771,0
54,28,14,246824,34,5313.888771,1771.296178,0
54,17,20,246824,36,7970.833215,5313.888771,0
54,20,17,246824,36,5313.888771,7970.833215,0
54,18,19,246824,47,7970.833215,5313.888771,0
54,19,18,246824,47,5313.888771,7970.833215,0
54,19,20,246824,34,5313.888771,5313.888771,0
54,20,19,246824,34,5313.888771,5313.888771,0
54,23,24,246824,35,7970.833215,5313.888771,0
54,24,23,246824,35,5313.888771,7970.833215,0
54,24,27,246824,35,5313.888771,7970.833215,0
54,27,24,246824,35,7970.833215,5313.888771,0
54,25,28,246824,45,7970.833215,5313.888771,0
54,28,25,246824,45,5313.888771,7970.833215,0
55,0,1,246824,14,3991.666548,3193.333215,0
55,1,0,246824,14,3193.333215,3991.666548,0
55,0,3,246824,13,3991.666548,3991.666548,0
55,3,0,246824,13,3991.666548,3991.666548,0
55,0,19,246824,28,3991.666548,7983.333215,0
55,19,0,246824,28,7983.333215,3991.666548,0
55,0,26,246824,31,3991.666548,3991.666548,0
55,26,0,246824,31,3991.666548,3991.666548,0
55,1,2,246824,11,3193.333215,2280.952263,0
55,2,1,246824,11,2280.952263,3193.333215,0
55,1,3,246824,14,3193.333215,3991.666548,0
55,3,1,246824,14,3991.666548,3193.333215,0
55,1,4,246824,14,3193.333215,3991.666548,0
55,4,1,246824,14,3991.666548,3193.333215,0
55,1,29,246824,27,3193.333215,5322.222104,0
55,29,1,246824,27,5322.222104,3193.333215,0
55,2,4,246824,10,2280.952263,3991.666548,0
55,4,2,246824,10,3991.666548,2280.952263,0
55,2,5,246824,9,2280.952263,7983.333215,0
55,5,2,246824,9,7983.333215,2280.952263,0
55,2,9,246824,7,2280.952263,3991.666548,0
55,9,2,246824,7,3991.666548,2280.952263,0
55,2,18,246824,37,2280.952263,7983.333215,0
55,18,2,246824,37,7983.333215,2280.952263,0
55,2,22,246824,33,2280.952263,7983.333215,0
55,22,2,246824,33,7983.333215,2280.952263,0
55,2,29,246824,24,2280.952263,5322.222104,0
55,29,2,246824,24,5322.222104,2280.952263,0
55,3,4,246824,13,3991.666548,3991.666548,0
55,4,3,246824,13,3991.666548,3991.666548,0
55,3,28,246824,35,3991.666548,5322.222104,0
55,28,3,246824,35,5322.222104,3991.666548,0
55,4,22,246824,36,3991.666548,7983.333215,0
55,22,4,246824,36,7983.333215,3991.666548,0
55,5,7,246824,11,7983.333215,7983.333215,0
55,7,5,246824,11,7983.333215,7983.333215,0
55,6,8,246824,11,3193.333215,5322.222104,0
55,8,6,246824,11,5322.222104,3193.333215,0
55,6,9,246824,9,3193.333215,3991.666548,0
55,9,6,246824,9,3991.666548,3193.333215,0
55,6,11,246824,11,3193.333215,3991.666548,0
55,11,6,246824,11,3991.666548,3193.333215,0
55,6,23,246824,31,3193.333215,7983.333215,0
55,23,6,246824,31,7983.333215,3193.333215,0
55,6,27,246824,31,3193.333215,7983.333215,0
55,27,6,246824,31,7983.333215,3193.333215,0
55,7,10,246824,11,7983.333215,5322.222104,0
55,10,7,246824,11,5322.222104,7983.333215,0
55,8,10,246824,11,5322.222104,5322.222104,0
55,10,8,246824,11,5322.222104,5322.222104,0
55,8,26,246824,29,5322.222104,3991.666548,0
55,26,8,246824,29,3991.666548,5322.222104,0
55,9,24,246824,21,3991.666548,3991.666548,0
55,24,9,246824,21,3991.666548,3991.666548,0
55,9,25,246824,28,3991.666548,7983.333215,0
55,25,9,246824,28,7983.333215,3991.666548,0
55,10,11,246824,11,5322.222104,3991.666548,0
55,11,10,246824,11,3991.666548,5322.222104,0
55,11,13,246824,11,3991.666548,3991.666548,0
55,13,11,246824,11,3991.666548,3991.666548,0
55,11,14,246824,11,3991.666548,1995.833215,0
55,14,11,246824,11,1995.833215,3991.666548,0
55,12,13,246824,12,5322.222104,3991.666548,0
55,13,12,246824,12,3991.666548,5322.222104,0
55,12,14,246824,12,5322.222104,1995.833215,0
55,14,12,246824,12,1995.833215,5322.222104,0
55,12,15,246824,28,5322.222104,7983.333215,0
55,15,12,246824,28,7983.333215,5322.222104,0
55,13,16,246824,41,3991.666548,7983.333215,0
55,16,13,246824,41,7983.333215,3991.666548,0
55,13,21,246824,34,3991.666548,7983.333215,0
55,21,13,246824,34,7983.333215,3991.666548,0
55,14,15,246824,28,1995.833215,7983.333215,0
55,15,14,246824,28,7983.333215,1995.833215,0
55,14,16,246824,41,1995.833215,7983.333215,0
55,16,14,246824,41,7983.333215,1995.833215,0
55,14,17,246824,29,1995.833215,7983.333215,0
55,17,14,246824,29,7983.333215,1995.833215,0
55,14,20,246824,26,1995.833215,3991.666548,0
55,20,14,246824,26,3991.666548,1995.833215,0
55,14,21,246824,34,1995.833215,7983.333215,0
55,21,14,246824,34,7983.333215,1995.833215,0
55,14,28,246824,34,1995.833215,5322.222104,0
55,28,14,246824,34,5322.222104,1995.833215,0
55,17,20,246824,36,7983.333215,3991.666548,0
55,20,17,246824,36,3991.666548,7983.333215,0
55,18,26,246824,50,7983.333215,3991.666548,0
55,26,18,246824,50,3991.666548,7983.333215,0
55,19,20,246824,34,7983.333215,3991.666548,0
55,20,19,246824,34,3991.666548,7983.333215,0
55,20,29,246824,33,3991.666548,5322.222104,0
55,29,20,246824,33,5322.222104,3991.666548,0
55,23,24,246824,35,7983.333215,3991.666548,0
55,24,23,246824,35,3991.666548,7983.333215,0
55,24,26,246824,34,3991.666548,3991.666548,0
55,26,24,246824,34,3991.666548,3991.666548,0
55,24,27,246824,35,3991.666548,7983.333215,0
55,27,24,246824,35,7983.333215,3991.666548,0
55,25,28,246824,45,7983.333215,5322.222104,0
55,28,25,246824,45,5322.222104,7983.333215,0
56,0,1,246824,14,2656.944326,2656.944326,0
56,1,0,246824,14,2656.944326,2656.944326,0
56,0,3,246824,13,2656.944326,7970.833215,0
56,3,0,246824,13,7970.833215,2656.944326,0
56,0,19,246824,28,2656.944326,5313.888771,0
56,19,0,246824,28,5313.888771,2656.944326,0
56,0,23,246824,32,2656.944326,7970.833215,0
56,23,0,246824,32,7970.833215,2656.944326,0
56,0,26,246824,31,2656.944326,5313.888771,0
56,26,0,246824,31,5313.888771,2656.944326,0
56,0,27,246824,32,2656.944326,7970.833215,0
56,27,0,246824,32,7970.833215,2656.944326,0
56,1,2,246824,11,2656.944326,2277.380834,0
56,2,1,246824,11,2277.380834,2656.944326,0
56,1,3,246824,14,2656.944326,7970.833215,0
56,3,1,246824,14,7970.833215,2656.944326,0
56,1,4,246824,14,2656.944326,5313.888771,0
56,4,1,246824,14,5313.888771,2656.944326,0
56,1,28,246824,35,2656.944326,5313.888771,0
56,28,1,246824,35,5313.888771,2656.944326,0
56,1,29,246824,27,2656.944326,7970.833215,0
56,29,1,246824,27,7970.833215,2656.944326,0
56,2,4,246824,10,2277.380834,5313.888771,0
56,4,2,246824,10,5313.888771,2277.380834,0
56,2,5,246824,9,2277.380834,3985.416549,0
56,5,2,246824,9,3985.416549,2277.380834,0
56,2,9,246824,7,2277.380834,3985.416549,0
56,9,2,246824,7,3985.416549,2277.380834,0
56,2,18,246824,37,2277.380834,7970.833215,0
56,18,2,246824,37,7970.833215,2277.380834,0
56,2,22,246824,33,2277.380834,7970.833215,0
56,22,2,246824,33,7970.833215,2277.380834,0
56,2,29,246824,24,2277.380834,7970.833215,0
56,29,2,246824,24,7970.833215,2277.380834,0
56,4,22,246824,36,5313.888771,7970.833215,0
56,22,4,246824,36,7970.833215,5313.888771,0
56,5,7,246824,11,3985.416549,7970.833215,0
56,7,5,246824,11,7970.833215,3985.416549,0
56,5,8,246824,11,3985.416549,3985.416549,0
56,8,5,246824,11,3985.416549,3985.416549,0
56,5,9,246824,9,3985.416549,3985.416549,0
56,9,5,246824,9,3985.416549,3985.416549,0
56,6,8,246824,11,7970.833215,3985.416549,0
56,8,6,246824,11,3985.416549,7970.833215,0
56,6,11,246824,11,7970.833215,3985.416549,0
56,11,6,246824,11,3985.416549,7970.833215,0
56,7,10,246824,11,7970.833215,5313.888771,0
56,10,7,246824,11,5313.888771,7970.833215,0
56,8,10,246824,11,3985.416549,5313.888771,0
56,10,8,246824,11,5313.888771,3985.416549,0
56,8,26,246824,29,3985.416549,5313.888771,0
56,26,8,246824,29,5313.888771,3985.416549,0
56,9,24,246824,21,3985.416549,3985.416549,0
56,24,9,246824,21,3985.416549,3985.416549,0
56,9,25,246824,28,3985.416549,7970.833215,0
56,25,9,246824,28,7970.833215,3985.416549,0
56,10,11,246824,11,5313.888771,3985.416549,0
56,11,10,246824,11,3985.416549,5313.888771,0
56,11,13,246824,11,3985.416549,3188.333215,0
56,13,11,246824,11,3188.333215,3985.416549,0
56,11,14,246824,11,3985.416549,1771.296178,0
56,14,11,246824,11,1771.296178,3985.416549,0
56,12,13,246824,12,5313.888771,3188.333215,0
56,13,12,246824,12,3188.333215,5313.888771,0
56,12,14,246824,12,5313.888771,1771.296178,0
56,14,12,246824,12,1771.296178,5313.888771,0
56,12,15,246824,28,5313.888771,7970.833215,0
56,15,12,246824,28,7970.833215,5313.888771,0
56,13,14,246824,12,3188.333215,1771.296178,0
56,14,13,246824,12,1771.296178,3188.333215,0
56,13,16,246824,41,3188.333215,7970.833215,0
56,16,13,246824,41,7970.833215,3188.333215,0
56,13,21,246824,34,3188.333215,7970.833215,0
56,21,13,246824,34,7970.833215,3188.333215,0
56,14,15,246824,28,1771.296178,7970.833215,0
56,15,14,246824,28,7970.833215,1771.296178,0
56,14,16,246824,41,1771.296178,7970.833215,0
56,16,14,246824,41,7970.833215,1771.296178,0
56,14,17,246824,29,1771.296178,7970.833215,0
56,17,14,246824,29,7970.833215,1771.296178,0
56,14,20,246824,26,1771.296178,5313.888771,0
56,20,14,246824,26,5313.888771,1771.296178,0
56,14,21,246824,34,1771.296178,7970.833215,0
56,21,14,246824,34,7970.833215,1771.296178,0
56,14,28,246824,34,1771.296178,5313.888771,0
56,28,14,246824,34,5313.888771,1771.296178,0
56,17,20,246824,36,7970.833215,5313.888771,0
56,20,17,246824,36,5313.888771,7970.833215,0
56,18,19,246824,47,7970.833215,5313.888771,0
56,19,18,246824,47,5313.888771,7970.833215,0
56,19,20,246824,34,5313.888771,5313.888771,0
56,20,19,246824,34,5313.888771,5313.888771,0
56,23,24,246824,35,7970.833215,3985.416549,0
56,24,23,246824,35,3985.416549,7970.833215,0
56,24,26,246824,34,3985.416549,5313.888771,0
56,26,24,246824,34,5313.888771,3985.416549,0
56,24,27,246824,35,3985.416549,7970.833215,0
56,27,24,246824,35,7970.833215,3985.416549,0
56,25,28,246824,45,7970.833215,5313.888771,0
56,28,25,246824,45,5313.888771,7970.833215,0
57,0,1,246824,14,2655.555438,3983.333215,0
57,1,0,246824,14,3983.333215,2655.555438,0
57,0,3,246824,13,2655.555438,5311.110993,0
57,3,0,246824,13,5311.110993,2655.555438,0
57,0,19,246824,28,2655.555438,7966.666549,0
57,19,0,246824,28,7966.666549,2655.555438,0
57,0,23,246824,32,2655.555438,7966.666549,0
57,23,0,246824,32,7966.666549,2655.555438,0
57,0,26,246824,31,2655.555438,5311.110993,0
57,26,0,246824,31,5311.110993,2655.555438,0
57,0,27,246824,32,2655.555438,7966.666549,0
57,27,0,246824,32,7966.666549,2655.555438,0
57,1,2,246824,11,3983.333215,2276.190358,0
57,2,1,246824,11,2276.190358,3983.333215,0
57,1,4,246824,14,3983.333215,3983.333215,0
57,4,1,246824,14,3983.333215,3983.333215,0
57,1,29,246824,27,3983.333215,7966.666549,0
57,29,1,246824,27,7966.666549,3983.333215,0
57,2,4,246824,10,2276.190358,3983.333215,0
57,4,2,246824,10,3983.333215,2276.190358,0
57,2,5,246824,9,2276.190358,5311.110993,0
57,5,2,246824,9,5311.110993,2276.190358,0
57,2,9,246824,7,2276.190358,3186.666549,0
57,9,2,246824,7,3186.666549,2276.190358,0
57,2,18,246824,37,2276.190358,7966.666549,0
57,18,2,246824,37,7966.666549,2276.190358,0
57,2,22,246824,33,2276.190358,7966.666549,0
57,22,2,246824,33,7966.666549,2276.190358,0
57,2,29,246824,24,2276.190358,7966.666549,0
57,29,2,246824,24,7966.666549,2276.190358,0
57,3,4,246824,13,5311.110993,3983.333215,0
57,4,3,246824,13,3983.333215,5311.110993,0
57,3,28,246824,35,5311.110993,5311.110993,0
57,28,3,246824,35,5311.110993,5311.110993,0
57,4,22,246824,36,3983.333215,7966.666549,0
57,22,4,246824,36,7966.666549,3983.333215,0
57,5,6,246824,11,5311.110993,3186.666549,0
57,6,5,246824,11,3186.666549,5311.110993,0
57,5,9,246824,9,5311.110993,3186.666549,0
57,9,5,246824,9,3186.666549,5311.110993,0
57,6,8,246824,11,3186.666549,5311.110993,0
57,8,6,246824,11,5311.110993,3186.666549,0
57,6,11,246824,11,3186.666549,3983.333215,0
57,11,6,246824,11,3983.333215,3186.666549,0
57,6,23,246824,31,3186.666549,7966.666549,0
57,23,6,246824,31,7966.666549,3186.666549,0
57,6,27,246824,31,3186.666549,7966.666549,0
57,27,6,246824,31,7966.666549,3186.666549,0
57,7,9,246824,9,7966.666549,3186.666549,0
57,9,7,246824,9,3186.666549,7966.666549,0
57,7,10,246824,11,7966.666549,5311.110993,0
57,10,7,246824,11,5311.110993,7966.666549,0
57,8,10,246824,11,5311.110993,5311.110993,0
57,10,8,246824,11,5311.110993,5311.110993,0
57,8,26,246824,29,5311.110993,5311.110993,0
57,26,8,246824,29,5311.110993,5311.110993,0
57,9,24,246824,21,3186.666549,7966.666549,0
57,24,9,246824,21,7966.666549,3186.666549,0
57,9,25,246824,28,3186.666549,7966.666549,0
57,25,9,246824,28,7966.666549,3186.666549,0
57,10,11,246824,11,5311.110993,3983.333215,0
57,11,10,246824,11,3983.333215,5311.110993,0
57,11,13,246824,11,3983.333215,3186.666549,0
57,13,11,246824,11,3186.666549,3983.333215,0
57,11,14,246824,11,3983.333215,1770.370252,0
57,14,11,246824,11,1770.370252,3983.333215,0
57,12,13,246824,12,5311.110993,3186.666549,0
57,13,12,246824,12,3186.666549,5311.110993,0
57,12,14,246824,12,5311.110993,1770.370252,0
57,14,12,246824,12,1770.370252,5311.110993,0
57,12,15,246824,28,5311.110993,7966.666549,0
57,15,12,246824,28,7966.666549,5311.110993,0
57,13,14,246824,12,3186.666549,1770.370252,0
57,14,13,246824,12,1770.370252,3186.666549,0
57,13,16,246824,41,3186.666549,7966.666549,0
57,16,13,246824,41,7966.666549,3186.666549,0
57,13,21,246824,34,3186.666549,7966.666549,0
57,21,13,246824,34,7966.666549,3186.666549,0
57,14,15,246824,28,1770.370252,7966.666549,0
57,15,14,246824,28,7966.666549,1770.370252,0
57,14,16,246824,41,1770.370252,7966.666549,0
57,16,14,246824,41,7966.666549,1770.370252,0
57,14,17,246824,29,1770.370252,7966.666549,0
57,17,14,246824,29,7966.666549,1770.370252,0
57,14,20,246824,26,1770.370252,3983.333215,0
57,20,14,246824,26,3983.333215,1770.370252,0
57,14,21,246824,34,1770.370252,7966.666549,0
57,21,14,246824,34,7966.666549,1770.370252,0
57,14,28,246824,34,1770.370252,5311.110993,0
57,28,14,246824,34,5311.110993,1770.370252,0
57,17,20,246824,36,7966.666549,3983.333215,0
57,20,17,246824,36,3983.333215,7966.666549,0
57,18,20,246824,46,7966.666549,3983.333215,0
57,20,18,246824,46,3983.333215,7966.666549,0
57,19,20,246824,34,7966.666549,3983.333215,0
57,20,19,246824,34,3983.333215,7966.666549,0
57,24,26,246824,34,7966.666549,5311.110993,0
57,26,24,246824,34,5311.110993,7966.666549,0
57,25,28,246824,45,7966.666549,5311.110993,0
57,28,25,246824,45,5311.110993,7966.666549,0
58,0,1,246824,14,2656.944326,3985.416549,0
58,1,0,246824,14,3985.416549,2656.944326,0
58,0,3,246824,13,2656.944326,5313.888771,0
58,3,0,246824,13,5313.888771,2656.944326,0
58,0,19,246824,28,2656.944326,5313.888771,0
58,19,0,246824,28,5313.888771,2656.944326,0
58,0,23,246824,32,2656.944326,7970.833215,0
58,23,0,246824,32,7970.833215,2656.944326,0
58,0,26,246824,31,2656.944326,5313.888771,0
58,26,0,246824,31,5313.888771,2656.944326,0
58,0,27,246824,32,2656.944326,7970.833215,0
58,27,0,246824,32,7970.833215,2656.944326,0
58,1,2,246824,11,3985.416549,2277.380834,0
58,2,1,246824,11,2277.380834,3985.416549,0
58,1,4,246824,14,3985.416549,3188.333215,0
58,4,1,246824,14,3188.333215,3985.416549,0
58,1,29,246824,27,3985.416549,7970.833215,0
58,29,1,246824,27,7970.833215,3985.416549,0
58,2,4,246824,10,2277.380834,3188.333215,0
58,4,2,246824,10,3188.333215,2277.380834,0
58,2,5,246824,9,2277.380834,5313.888771,0
58,5,2,246824,9,5313.888771,2277.380834,0
58,2,9,246824,7,2277.380834,3985.416549,0
58,9,2,246824,7,3985.416549,2277.380834,0
58,2,18,246824,37,2277.380834,7970.833215,0
58,18,2,246824,37,7970.833215,2277.380834,0
58,2,22,246824,33,2277.380834,7970.833215,0
58,22,2,246824,33,7970.833215,2277.380834,0
58,2,29,246824,24,2277.380834,7970.833215,0
58,29,2,246824,24,7970.833215,2277.380834,0
58,3,4,246824,13,5313.888771,3188.333215,0
58,4,3,246824,13,3188.333215,5313.888771,0
58,3,28,246824,35,5313.888771,5313.888771,0
58,28,3,246824,35,5313.888771,5313.888771,0
58,4,6,246824,12,3188.333215,3188.333215,0
58,6,4,246824,12,3188.333215,3188.333215,0
58,4,22,246824,36,3188.333215,7970.833215,0
58,22,4,246824,36,7970.833215,3188.333215,0
58,5,7,246824,11,5313.888771,7970.833215,0
58,7,5,246824,11,7970.833215,5313.888771,0
58,5,9,246824,9,5313.888771,3985.416549,0
58,9,5,246824,9,3985.416549,5313.888771,0
58,6,8,246824,11,3188.333215,5313.888771,0
58,8,6,246824,11,5313.888771,3188.333215,0
58,6,11,246824,11,3188.333215,3985.416549,0
58,11,6,246824,11,3985.416549,3188.333215,0
58,6,23,246824,31,3188.333215,7970.833215,0
58,23,6,246824,31,7970.833215,3188.333215,0
58,6,27,246824,31,3188.333215,7970.833215,0
58,27,6,246824,31,7970.833215,3188.333215,0
58,7,10,246824,11,7970.833215,5313.888771,0
58,10,7,246824,11,5313.888771,7970.833215,0
58,8,10,246824,11,5313.888771,5313.888771,0
58,10,8,246824,11,5313.888771,5313.888771,0
58,8,26,246824,29,5313.888771,5313.888771,0
58,26,8,246824,29,5313.888771,5313.888771,0
58,9,24,246824,21,3985.416549,7970.833215,0
58,24,9,246824,21,7970.833215,3985.416549,0
58,9,25,246824,28,3985.416549,7970.833215,0
58,25,9,246824,28,7970.833215,3985.416549,0
58,10,11,246824,11,5313.888771,3985.416549,0
58,11,10,246824,11,3985.416549,5313.888771,0
58,11,13,246824,11,3985.416549,3985.416549,0
58,13,11,246824,11,3985.416549,3985.416549,0
58,11,14,246824,11,3985.416549,1992.708215,0
58,14,11,246824,11,1992.708215,3985.416549,0
58,12,13,246824,12,5313.888771,3985.416549,0
58,13,12,246824,12,3985.416549,5313.888771,0
58,12,14,246824,12,5313.888771,1992.708215,0
58,14,12,246824,12,1992.708215,5313.888771,0
58,12,15,246824,28,5313.888771,7970.833215,0
58,15,12,246824,28,7970.833215,5313.888771,0
58,13,16,246824,41,3985.416549,7970.833215,0
58,16,13,246824,41,7970.833215,3985.416549,0
58,13,21,246824,34,3985.416549,7970.833215,0
58,21,13,246824,34,7970.833215,3985.416549,0
58,14,15,246824,28,1992.708215,7970.833215,0
58,15,14,246824,28,7970.833215,1992.708215,0
58,14,16,246824,41,1992.708215,7970.833215,0
58,16,14,246824,41,7970.833215,1992.708215,0
58,14,17,246824,29,1992.708215,5313.888771,0
58,17,14,246824,29,5313.888771,1992.708215,0
58,14,20,246824,26,1992.708215,7970.833215,0
58,20,14,246824,26,7970.833215,1992.708215,0
58,14,21,246824,34,1992.708215,7970.833215,0
58,21,14,246824,34,7970.833215,1992.708215,0
58,14,28,246824,34,1992.708215,5313.888771,0
58,28,14,246824,34,5313.888771,1992.708215,0
58,17,19,246824,37,5313.888771,5313.888771,0
58,19,17,246824,37,5313.888771,5313.888771,0
58,17,20,246824,36,5313.888771,7970.833215,0
58,20,17,246824,36,7970.833215,5313.888771,0
58,18,19,246824,47,7970.833215,5313.888771,0
58,19,18,246824,47,5313.888771,7970.833215,0
58,24,26,246824,34,7970.833215,5313.888771,0
58,26,24,246824,34,5313.888771,7970.833215,0
58,25,28,246824,45,7970.833215,5313.888771,0
58,28,25,246824,45,5313.888771,7970.833215,0
59,0,1,246824,14,2280.952263,3193.333215,0
59,1,0,246824,14,3193.333215,2280.952263,0
59,0,3,246824,13,2280.952263,7983.333215,0
59,3,0,246824,13,7983.333215,2280.952263,0
59,0,9,246824,10,2280.952263,2661.110993,0
59,9,0,246824,10,2661.110993,2280.952263,0
59,0,19,246824,28,2280.952263,7983.333215,0
59,19,0,246824,28,7983.333215,2280.952263,0
59,0,23,246824,32,2280.952263,7983.333215,0
59,23,0,246824,32,7983.333215,2280.952263,0
59,0,26,246824,31,2280.952263,3991.666548,0
59,26,0,246824,31,3991.666548,2280.952263,0
59,0,27,246824,32,2280.952263,7983.333215,0
59,27,0,246824,32,7983.333215,2280.952263,0
59,1,2,246824,11,3193.333215,2280.952263,0
59,2,1,246824,11,2280.952263,3193.333215,0
59,1,4,246824,14,3193.333215,3991.666548,0
59,4,1,246824,14,3991.666548,3193.333215,0
59,1,28,246824,35,3193.333215,5322.222104,0
59,28,1,246824,35,5322.222104,3193.333215,0
59,1,29,246824,27,3193.333215,7983.333215,0
59,29,1,246824,27,7983.333215,3193.333215,0
59,2,4,246824,10,2280.952263,3991.666548,0
59,4,2,246824,10,3991.666548,2280.952263,0
59,2,5,246824,9,2280.952263,7983.333215,0
59,5,2,246824,9,7983.333215,2280.952263,0
59,2,9,246824,7,2280.952263,2661.110993,0
59,9,2,246824,7,2661.110993,2280.952263,0
59,2,18,246824,37,2280.952263,7983.333215,0
59,18,2,246824,37,7983.333215,2280.952263,0
59,2,22,246824,33,2280.952263,7983.333215,0
59,22,2,246824,33,7983.333215,2280.952263,0
59,2,29,246824,24,2280.952263,7983.333215,0
59,29,2,246824,24,7983.333215,2280.952263,0
59,3,4,246824,13,7983.333215,3991.666548,0
59,4,3,246824,13,3991.666548,7983.333215,0
59,4,22,246824,36,3991.666548,7983.333215,0
59,22,4,246824,36,7983.333215,3991.666548,0
59,5,9,246824,9,7983.333215,2661.110993,0
59,9,5,246824,9,2661.110993,7983.333215,0
59,6,8,246824,11,3991.666548,5322.222104,0
59,8,6,246824,11,5322.222104,3991.666548,0
59,6,11,246824,11,3991.666548,3991.666548,0
59,11,6,246824,11,3991.666548,3991.666548,0
59,6,23,246824,31,3991.666548,7983.333215,0
59,23,6,246824,31,7983.333215,3991.666548,0
59,6,27,246824,31,3991.666548,7983.333215,0
59,27,6,246824,31,7983.333215,3991.666548,0
59,7,9,246824,9,7983.333215,2661.110993,0
59,9,7,246824,9,2661.110993,7983.333215,0
59,7,10,246824,11,7983.333215,3991.666548,0
59,10,7,246824,11,3991.666548,7983.333215,0
59,8,10,246824,11,5322.222104,3991.666548,0
59,10,8,246824,11,3991.666548,5322.222104,0
59,8,26,246824,29,5322.222104,3991.666548,0
59,26,8,246824,29,3991.666548,5322.222104,0
59,9,24,246824,21,2661.110993,7983.333215,0
59,24,9,246824,21,7983.333215,2661.110993,0
59,9,25,246824,28,2661.110993,7983.333215,0
59,25,9,246824,28,7983.333215,2661.110993,0
59,10,11,246824,11,3991.666548,3991.666548,0
59,11,10,246824,11,3991.666548,3991.666548,0
59,10,13,246824,12,3991.666548,2661.110993,0
59,13,10,246824,12,2661.110993,3991.666548,0
59,11,13,246824,11,3991.666548,2661.110993,0
59,13,11,246824,11,2661.110993,3991.666548,0
59,11,14,246824,11,3991.666548,1774.073956,0
59,14,11,246824,11,1774.073956,3991.666548,0
59,12,13,246824,12,5322.222104,2661.110993,0
59,13,12,246824,12,2661.110993,5322.222104,0
59,12,14,246824,12,5322.222104,1774.073956,0
59,14,12,246824,12,1774.073956,5322.222104,0
59,12,15,246824,28,5322.222104,7983.333215,0
59,15,12,246824,28,7983.333215,5322.222104,0
59,13,14,246824,12,2661.110993,1774.073956,0
59,14,13,246824,12,1774.073956,2661.110993,0
59,13,16,246824,41,2661.110993,7983.333215,0
59,16,13,246824,41,7983.333215,2661.110993,0
59,13,21,246824,34,2661.110993,7983.333215,0
59,21,13,246824,34,7983.333215,2661.110993,0
59,14,15,246824,28,1774.073956,7983.333215,0
59,15,14,246824,28,7983.333215,1774.073956,0
59,14,16,246824,41,1774.073956,7983.333215,0
59,16,14,246824,41,7983.333215,1774.073956,0
59,14,17,246824,29,1774.073956,7983.333215,0
59,17,14,246824,29,7983.333215,1774.073956,0
59,14,20,246824,26,1774.073956,5322.222104,0
59,20,14,246824,26,5322.222104,1774.073956,0
59,14,21,246824,34,1774.073956,7983.333215,0
59,21,14,246824,34,7983.333215,1774.073956,0
59,14,28,246824,34,1774.073956,5322.222104,0
59,28,14,246824,34,5322.222104,1774.073956,0
59,17,20,246824,36,7983.333215,5322.222104,0
59,20,17,246824,36,5322.222104,7983.333215,0
59,18,26,246824,50,7983.333215,3991.666548,0
59,26,18,246824,50,3991.666548,7983.333215,0
59,19,20,246824,34,7983.333215,5322.222104,0
59,20,19,246824,34,5322.222104,7983.333215,0
59,24,26,246824,34,7983.333215,3991.666548,0
59,26,24,246824,34,3991.666548,7983.333215,0
59,25,28,246824,45,7983.333215,5322.222104,0
59,28,25,246824,45,5322.222104,7983.333215,0
60,0,1,246824,14,2277.380834,3985.416549,0
60,1,0,246824,14,3985.416549,2277.380834,0
60,0,3,246824,13,2277.380834,5313.888771,0
60,3,0,246824,13,5313.888771,2277.380834,0
60,0,9,246824,10,2277.380834,3188.333215,0
60,9,0,246824,10,3188.333215,2277.380834,0
60,0,19,246824,28,2277.380834,5313.888771,0
60,19,0,246824,28,5313.888771,2277.380834,0
60,0,23,246824,32,2277.380834,7970.833215,0
60,23,0,246824,32,7970.833215,2277.380834,0
60,0,26,246824,31,2277.380834,5313.888771,0
60,26,0,246824,31,5313.888771,2277.380834,0
60,0,27,246824,32,2277.380834,7970.833215,0
60,27,0,246824,32,7970.833215,2277.380834,0
60,1,2,246824,11,3985.416549,2277.380834,0
60,2,1,246824,11,2277.380834,3985.416549,0
60,1,4,246824,14,3985.416549,3985.416549,0
60,4,1,246824,14,3985.416549,3985.416549,0
60,1,29,246824,27,3985.416549,7970.833215,0
60,29,1,246824,27,7970.833215,3985.416549,0
60,2,4,246824,10,2277.380834,3985.416549,0
60,4,2,246824,10,3985.416549,2277.380834,0
60,2,5,246824,9,2277.380834,7970.833215,0
60,5,2,246824,9,7970.833215,2277.380834,0
60,2,9,246824,7,2277.380834,3188.333215,0
60,9,2,246824,7,3188.333215,2277.380834,0
60,2,18,246824,37,2277.380834,7970.833215,0
60,18,2,246824,37,7970.833215,2277.380834,0
60,2,22,246824,33,2277.380834,7970.833215,0
60,22,2,246824,33,7970.833215,2277.380834,0
60,2,29,246824,24,2277.380834,7970.833215,0
60,29,2,246824,24,7970.833215,2277.380834,0
60,3,4,246824,13,5313.888771,3985.416549,0
60,4,3,246824,13,3985.416549,5313.888771,0
60,3,28,246824,35,5313.888771,5313.888771,0
60,28,3,246824,35,5313.888771,5313.888771,0
60,4,22,246824,36,3985.416549,7970.833215,0
60,22,4,246824,36,7970.833215,3985.416549,0
60,5,6,246824,11,7970.833215,3188.333215,0
60,6,5,246824,11,3188.333215,7970.833215,0
60,6,8,246824,11,3188.333215,5313.888771,0
60,8,6,246824,11,5313.888771,3188.333215,0
60,6,11,246824,11,3188.333215,3985.416549,0
60,11,6,246824,11,3985.416549,3188.333215,0
60,6,23,246824,31,3188.333215,7970.833215,0
60,23,6,246824,31,7970.833215,3188.333215,0
60,6,27,246824,31,3188.333215,7970.833215,0
60,27,6,246824,31,7970.833215,3188.333215,0
60,7,9,246824,9,7970.833215,3188.333215,0
60,9,7,246824,9,3188.333215,7970.833215,0
60,7,10,246824,11,7970.833215,3985.416549,0
60,10,7,246824,11,3985.416549,7970.833215,0
60,8,10,246824,11,5313.888771,3985.416549,0
60,10,8,246824,11,3985.416549,5313.888771,0
60,8,26,246824,29,5313.888771,5313.888771,0
60,26,8,246824,29,5313.888771,5313.888771,0
60,9,24,246824,21,3188.333215,7970.833215,0
60,24,9,246824,21,7970.833215,3188.333215,0
60,9,25,246824,28,3188.333215,7970.833215,0
60,25,9,246824,28,7970.833215,3188.333215,0
60,10,11,246824,11,3985.416549,3985.416549,0
60,11,10,246824,11,3985.416549,3985.416549,0
60,10,13,246824,12,3985.416549,2656.944326,0
60,13,10,246824,12,2656.944326,3985.416549,0
60,11,13,246824,11,3985.416549,2656.944326,0
60,13,11,246824,11,2656.944326,3985.416549,0
60,11,14,246824,11,3985.416549,1771.296178,0
60,14,11,246824,11,1771.296178,3985.416549,0
60,12,13,246824,12,5313.888771,2656.944326,0
60,13,12,246824,12,2656.944326,5313.888771,0
60,12,14,246824,12,5313.888771,1771.296178,0
60,14,12,246824,12,1771.296178,5313.888771,0
60,12,15,246824,28,5313.888771,7970.833215,0
60,15,12,246824,28,7970.833215,5313.888771,0
60,13,14,246824,12,2656.944326,1771.296178,0
60,14,13,246824,12,1771.296178,2656.944326,0
60,13,16,246824,41,2656.944326,7970.833215,0
60,16,13,246824,41,7970.833215,2656.944326,0
60,13,21,246824,34,2656.944326,7970.833215,0
60,21,13,246824,34,7970.833215,2656.944326,0
60,14,15,246824,28,1771.296178,7970.833215,0
60,15,14,246824,28,7970.833215,1771.296178,0
60,14,16,246824,41,1771.296178,7970.833215,0
60,16,14,246824,41,7970.833215,1771.296178,0
60,14,17,246824,29,1771.296178,7970.833215,0
60,17,14,246824,29,7970.833215,1771.296178,0
60,14,20,246824,26,1771.296178,5313.888771,0
60,20,14,246824,26,5313.888771,1771.296178,0
60,14,21,246824,34,1771.296178,7970.833215,0
60,21,14,246824,34,7970.833215,1771.296178,0
60,14,28,246824,34,1771.296178,5313.888771,0
60,28,14,246824,34,5313.888771,1771.296178,0
60,17,20,246824,36,7970.833215,5313.888771,0
60,20,17,246824,36,5313.888771,7970.833215,0
60,18,19,246824,47,7970.833215,5313.888771,0
60,19,18,246824,47,5313.888771,7970.833215,0
60,19,20,246824,34,5313.888771,5313.888771,0
60,20,19,246824,34,5313.888771,5313.888771,0
60,24,26,246824,34,7970.833215,5313.888771,0
60,26,24,246824,34,5313.888771,7970.833215,0
60,25,28,246824,45,7970.833215,5313.888771,0
60,28,25,246824,45,5313.888771,7970.833215,0
61,0,1,246824,14,2280.952263,3193.333215,0
61,1,0,246824,14,3193.333215,2280.952263,0
61,0,3,246824,13,2280.952263,3193.333215,0
61,3,0,246824,13,3193.333215,2280.952263,0
61,0,9,246824,10,2280.952263,2661.110993,0
61,9,0,246824,10,2661.110993,2280.952263,0
61,0,19,246824,28,2280.952263,7983.333215,0
61,19,0,246824,28,7983.333215,2280.952263,0
61,0,23,246824,32,2280.952263,7983.333215,0
61,23,0,246824,32,7983.333215,2280.952263,0
61,0,26,246824,31,2280.952263,3991.666548,0
61,26,0,246824,31,3991.666548,2280.952263,0
61,0,27,246824,32,2280.952263,7983.333215,0
61,27,0,246824,32,7983.333215,2280.952263,0
61,1,2,246824,11,3193.333215,2280.952263,0
61,2,1,246824,11,2280.952263,3193.333215,0
61,1,3,246824,14,3193.333215,3193.333215,0
61,3,1,246824,14,3193.333215,3193.333215,0
61,1,4,246824,14,3193.333215,3991.666548,0
61,4,1,246824,14,3991.666548,3193.333215,0
61,1,29,246824,27,3193.333215,7983.333215,0
61,29,1,246824,27,7983.333215,3193.333215,0
61,2,4,246824,10,2280.952263,3991.666548,0
61,4,2,246824,10,3991.666548,2280.952263,0
61,2,5,246824,9,2280.952263,7983.333215,0
61,5,2,246824,9,7983.333215,2280.952263,0
61,2,9,246824,7,2280.952263,2661.110993,0
61,9,2,246824,7,2661.110993,2280.952263,0
61,2,18,246824,37,2280.952263,7983.333215,0
61,18,2,246824,37,7983.333215,2280.952263,0
61,2,22,246824,33,2280.952263,7983.333215,0
61,22,2,246824,33,7983.333215,2280.952263,0
61,2,29,246824,24,2280.952263,7983.333215,0
61,29,2,246824,24,7983.333215,2280.952263,0
61,3,4,246824,13,3193.333215,3991.666548,0
61,4,3,246824,13,3991.666548,3193.333215,0
61,3,12,246824,12,3193.333215,5322.222104,0
61,12,3,246824,12,5322.222104,3193.333215,0
61,3,28,246824,35,3193.333215,5322.222104,0
61,28,3,246824,35,5322.222104,3193.333215,0
61,4,22,246824,36,3991.666548,7983.333215,0
61,22,4,246824,36,7983.333215,3991.666548,0
61,5,9,246824,9,7983.333215,2661.110993,0
61,9,5,246824,9,2661.110993,7983.333215,0
61,6,8,246824,11,3991.666548,5322.222104,0
61,8,6,246824,11,5322.222104,3991.666548,0
61,6,11,246824,11,3991.666548,3991.666548,0
61,11,6,246824,11,3991.666548,3991.666548,0
61,6,23,246824,31,3991.666548,7983.333215,0
61,23,6,246824,31,7983.333215,3991.666548,0
61,6,27,246824,31,3991.666548,7983.333215,0
61,27,6,246824,31,7983.333215,3991.666548,0
61,7,9,246824,9,7983.333215,2661.110993,0
61,9,7,246824,9,2661.110993,7983.333215,0
61,7,10,246824,11,7983.333215,5322.222104,0
61,10,7,246824,11,5322.222104,7983.333215,0
61,8,10,246824,11,5322.222104,5322.222104,0
61,10,8,246824,11,5322.222104,5322.222104,0
61,8,26,246824,29,5322.222104,3991.666548,0
61,26,8,246824,29,3991.666548,5322.222104,0
61,9,24,246824,21,2661.110993,7983.333215,0
61,24,9,246824,21,7983.333215,2661.110993,0
61,9,25,246824,28,2661.110993,7983.333215,0
61,25,9,246824,28,7983.333215,2661.110993,0
61,10,11,246824,11,5322.222104,3991.666548,0
61,11,10,246824,11,3991.666548,5322.222104,0
61,11,13,246824,11,3991.666548,3991.666548,0
61,13,11,246824,11,3991.666548,3991.666548,0
61,11,14,246824,11,3991.666548,1774.073956,0
61,14,11,246824,11,1774.073956,3991.666548,0
61,12,14,246824,12,5322.222104,1774.073956,0
61,14,12,246824,12,1774.073956,5322.222104,0
61,12,15,246824,28,5322.222104,7983.333215,0
61,15,12,246824,28,7983.333215,5322.222104,0
61,13,14,246824,12,3991.666548,1774.073956,0
61,14,13,246824,12,1774.073956,3991.666548,0
61,13,16,246824,41,3991.666548,7983.333215,0
61,16,13,246824,41,7983.333215,3991.666548,0
61,13,21,246824,34,3991.666548,7983.333215,0
61,21,13,246824,34,7983.333215,3991.666548,0
61,14,15,246824,28,1774.073956,7983.333215,0
61,15,14,246824,28,7983.333215,1774.073956,0
61,14,16,246824,41,1774.073956,7983.333215,0
61,16,14,246824,41,7983.333215,1774.073956,0
61,14,17,246824,29,1774.073956,7983.333215,0
61,17,14,246824,29,7983.333215,1774.073956,0
61,14,20,246824,26,1774.073956,5322.222104,0
61,20,14,246824,26,5322.222104,1774.073956,0
61,14,21,246824,34,1774.073956,7983.333215,0
61,21,14,246824,34,7983.333215,1774.073956,0
61,14,28,246824,34,1774.073956,5322.222104,0
61,28,14,246824,34,5322.222104,1774.073956,0
61,17,20,246824,36,7983.333215,5322.222104,0
61,20,17,246824,36,5322.222104,7983.333215,0
61,18,26,246824,50,7983.333215,3991.666548,0
61,26,18,246824,50,3991.666548,7983.333215,0
61,19,20,246824,34,7983.333215,5322.222104,0
61,20,19,246824,34,5322.222104,7983.333215,0
61,24,26,246824,34,7983.333215,3991.666548,0
61,26,24,246824,34,3991.666548,7983.333215,0
61,25,28,246824,45,7983.333215,5322.222104,0
61,28,25,246824,45,5322.222104,7983.333215,0
62,0,1,246824,14,2280.952290,3991.666576,0
62,1,0,246824,14,3991.666576,2280.952290,0
62,0,3,246824,13,2280.952290,5322.222132,0
62,3,0,246824,13,5322.222132,2280.952290,0
62,0,9,246824,10,2280.952290,2661.111021,0
62,9,0,246824,10,2661.111021,2280.952290,0
62,0,19,246824,28,2280.952290,7983.333243,0
62,19,0,246824,28,7983.333243,2280.952290,0
62,0,23,246824,32,2280.952290,7983.333243,0
62,23,0,246824,32,7983.333243,2280.952290,0
62,0,26,246824,31,2280.952290,3991.666576,0
62,26,0,246824,31,3991.666576,2280.952290,0
62,0,27,246824,32,2280.952290,7983.333243,0
62,27,0,246824,32,7983.333243,2280.952290,0
62,1,2,246824,11,3991.666576,2280.952290,0
62,2,1,246824,11,2280.952290,3991.666576,0
62,1,4,246824,14,3991.666576,3991.666576,0
62,4,1,246824,14,3991.666576,3991.666576,0
62,1,29,246824,27,3991.666576,7983.333243,0
62,29,1,246824,27,7983.333243,3991.666576,0
62,2,4,246824,10,2280.952290,3991.666576,0
62,4,2,246824,10,3991.666576,2280.952290,0
62,2,5,246824,9,2280.952290,7983.333243,0
62,5,2,246824,9,7983.333243,2280.952290,0
62,2,9,246824,7,2280.952290,2661.111021,0
62,9,2,246824,7,2661.111021,2280.952290,0
62,2,18,246824,37,2280.952290,7983.333243,0
62,18,2,246824,37,7983.333243,2280.952290,0
62,2,22,246824,33,2280.952290,7983.333243,0
62,22,2,246824,33,7983.333243,2280.952290,0
62,2,29,246824,24,2280.952290,7983.333243,0
62,29,2,246824,24,7983.333243,2280.952290,0
62,3,4,246824,13,5322.222132,3991.666576,0
62,4,3,246824,13,3991.666576,5322.222132,0
62,3,28,246824,35,5322.222132,5322.222132,0
62,28,3,246824,35,5322.222132,5322.222132,0
62,4,22,246824,36,3991.666576,7983.333243,0
62,22,4,246824,36,7983.333243,3991.666576,0
62,5,9,246824,9,7983.333243,2661.111021,0
62,9,5,246824,9,2661.111021,7983.333243,0
62,6,8,246824,11,3991.666576,5322.222132,0
62,8,6,246824,11,5322.222132,3991.666576,0
62,6,11,246824,11,3991.666576,3991.666576,0
62,11,6,246824,11,3991.666576,3991.666576,0
62,6,23,246824,31,3991.666576,7983.333243,0
62,23,6,246824,31,7983.333243,3991.666576,0
62,6,27,246824,31,3991.666576,7983.333243,0
62,27,6,246824,31,7983.333243,3991.666576,0
62,7,9,246824,9,7983.333243,2661.111021,0
62,9,7,246824,9,2661.111021,7983.333243,0
62,7,10,246824,11,7983.333243,5322.222132,0
62,10,7,246824,11,5322.222132,7983.333243,0
62,8,10,246824,11,5322.222132,5322.222132,0
62,10,8,246824,11,5322.222132,5322.222132,0
62,8,26,246824,29,5322.222132,3991.666576,0
62,26,8,246824,29,3991.666576,5322.222132,0
62,9,24,246824,21,2661.111021,7983.333243,0
62,24,9,246824,21,7983.333243,2661.111021,0
62,9,25,246824,28,2661.111021,7983.333243,0
62,25,9,246824,28,7983.333243,2661.111021,0
62,10,11,246824,11,5322.222132,3991.666576,0
62,11,10,246824,11,3991.666576,5322.222132,0
62,11,13,246824,11,3991.666576,3193.333243,0
62,13,11,246824,11,3193.333243,3991.666576,0
62,11,14,246824,11,3991.666576,1774.073983,0
62,14,11,246824,11,1774.073983,3991.666576,0
62,12,13,246824,12,5322.222132,3193.333243,0
62,13,12,246824,12,3193.333243,5322.222132,0
62,12,14,246824,12,5322.222132,1774.073983,0
62,14,12,246824,12,1774.073983,5322.222132,0
62,12,15,246824,28,5322.222132,7983.333243,0
62,15,12,246824,28,7983.333243,5322.222132,0
62,13,14,246824,12,3193.333243,1774.073983,0
62,14,13,246824,12,1774.073983,3193.333243,0
62,13,16,246824,41,3193.333243,7983.333243,0
62,16,13,246824,41,7983.333243,3193.333243,0
62,13,21,246824,34,3193.333243,7983.333243,0
62,21,13,246824,34,7983.333243,3193.333243,0
62,14,15,246824,28,1774.073983,7983.333243,0
62,15,14,246824,28,7983.333243,1774.073983,0
62,14,16,246824,41,1774.073983,7983.333243,0
62,16,14,246824,41,7983.333243,1774.073983,0
62,14,17,246824,29,1774.073983,5322.222132,0
62,17,14,246824,29,5322.222132,1774.073983,0
62,14,20,246824,26,1774.073983,7983.333243,0
62,20,14,246824,26,7983.333243,1774.073983,0
62,14,21,246824,34,1774.073983,7983.333243,0
62,21,14,246824,34,7983.333243,1774.073983,0
62,14,28,246824,34,1774.073983,5322.222132,0
62,28,14,246824,34,5322.222132,1774.073983,0
62,17,19,246824,37,5322.222132,7983.333243,0
62,19,17,246824,37,7983.333243,5322.222132,0
62,17,20,246824,36,5322.222132,7983.333243,0
62,20,17,246824,36,7983.333243,5322.222132,0
62,18,26,246824,50,7983.333243,3991.666576,0
62,26,18,246824,50,3991.666576,7983.333243,0
62,24,26,246824,34,7983.333243,3991.666576,0
62,26,24,246824,34,3991.666576,7983.333243,0
62,25,28,246824,45,7983.333243,5322.222132,0
62,28,25,246824,45,5322.222132,7983.333243,0
63,0,1,246824,14,2277.380834,3188.333215,0
63,1,0,246824,14,3188.333215,2277.380834,0
63,0,3,246824,13,2277.380834,5313.888771,0
63,3,0,246824,13,5313.888771,2277.380834,0
63,0,9,246824,10,2277.380834,2656.944326,0
63,9,0,246824,10,2656.944326,2277.380834,0
63,0,19,246824,28,2277.380834,3985.416549,0
63,19,0,246824,28,3985.416549,2277.380834,0
63,0,23,246824,32,2277.380834,7970.833215,0
63,23,0,246824,32,7970.833215,2277.380834,0
63,0,26,246824,31,2277.380834,5313.888771,0
63,26,0,246824,31,5313.888771,2277.380834,0
63,0,27,246824,32,2277.380834,7970.833215,0
63,27,0,246824,32,7970.833215,2277.380834,0
63,1,2,246824,11,3188.333215,2277.380834,0
63,2,1,246824,11,2277.380834,3188.333215,0
63,1,3,246824,14,3188.333215,5313.888771,0
63,3,1,246824,14,5313.888771,3188.333215,0
63,1,28,246824,35,3188.333215,5313.888771,0
63,28,1,246824,35,5313.888771,3188.333215,0
63,1,29,246824,27,3188.333215,7970.833215,0
63,29,1,246824,27,7970.833215,3188.333215,0
63,2,4,246824,10,2277.380834,5313.888771,0
63,4,2,246824,10,5313.888771,2277.380834,0
63,2,5,246824,9,2277.380834,5313.888771,0
63,5,2,246824,9,5313.888771,2277.380834,0
63,2,9,246824,7,2277.380834,2656.944326,0
63,9,2,246824,7,2656.944326,2277.380834,0
63,2,18,246824,37,2277.380834,7970.833215,0
63,18,2,246824,37,7970.833215,2277.380834,0
63,2,22,246824,33,2277.380834,7970.833215,0
63,22,2,246824,33,7970.833215,2277.380834,0
63,2,29,246824,24,2277.380834,7970.833215,0
63,29,2,246824,24,7970.833215,2277.380834,0
63,3,4,246824,13,5313.888771,5313.888771,0
63,4,3,246824,13,5313.888771,5313.888771,0
63,4,22,246824,36,5313.888771,7970.833215,0
63,22,4,246824,36,7970.833215,5313.888771,0
63,5,8,246824,11,5313.888771,5313.888771,0
63,8,5,246824,11,5313.888771,5313.888771,0
63,5,9,246824,9,5313.888771,2656.944326,0
63,9,5,246824,9,2656.944326,5313.888771,0
63,6,8,246824,11,3985.416549,5313.888771,0
63,8,6,246824,11,5313.888771,3985.416549,0
63,6,11,246824,11,3985.416549,3985.416549,0
63,11,6,246824,11,3985.416549,3985.416549,0
63,6,23,246824,31,3985.416549,7970.833215,0
63,23,6,246824,31,7970.833215,3985.416549,0
63,6,27,246824,31,3985.416549,7970.833215,0
63,27,6,246824,31,7970.833215,3985.416549,0
63,7,9,246824,9,7970.833215,2656.944326,0
63,9,7,246824,9,2656.944326,7970.833215,0
63,7,10,246824,11,7970.833215,7970.833215,0
63,10,7,246824,11,7970.833215,7970.833215,0
63,8,26,246824,29,5313.888771,5313.888771,0
63,26,8,246824,29,5313.888771,5313.888771,0
63,9,24,246824,21,2656.944326,7970.833215,0
63,24,9,246824,21,7970.833215,2656.944326,0
63,9,25,246824,28,2656.944326,7970.833215,0
63,25,9,246824,28,7970.833215,2656.944326,0
63,10,11,246824,11,7970.833215,3985.416549,0
63,11,10,246824,11,3985.416549,7970.833215,0
63,11,13,246824,11,3985.416549,3985.416549,0
63,13,11,246824,11,3985.416549,3985.416549,0
63,11,14,246824,11,3985.416549,1992.708215,0
63,14,11,246824,11,1992.708215,3985.416549,0
63,12,13,246824,12,5313.888771,3985.416549,0
63,13,12,246824,12,3985.416549,5313.888771,0
63,12,14,246824,12,5313.888771,1992.708215,0
63,14,12,246824,12,1992.708215,5313.888771,0
63,12,15,246824,28,5313.888771,7970.833215,0
63,15,12,246824,28,7970.833215,5313.888771,0
63,13,16,246824,41,3985.416549,7970.833215,0
63,16,13,246824,41,7970.833215,3985.416549,0
63,13,21,246824,34,3985.416549,7970.833215,0
63,21,13,246824,34,7970.833215,3985.416549,0
63,14,15,246824,28,1992.708215,7970.833215,0
63,15,14,246824,28,7970.833215,1992.708215,0
63,14,16,246824,41,1992.708215,7970.833215,0
63,16,14,246824,41,7970.833215,1992.708215,0
63,14,17,246824,29,1992.708215,5313.888771,0
63,17,14,246824,29,5313.888771,1992.708215,0
63,14,20,246824,26,1992.708215,5313.888771,0
63,20,14,246824,26,5313.888771,1992.708215,0
63,14,21,246824,34,1992.708215,7970.833215,0
63,21,14,246824,34,7970.833215,1992.708215,0
63,14,28,246824,34,1992.708215,5313.888771,0
63,28,14,246824,34,5313.888771,1992.708215,0
63,17,19,246824,37,5313.888771,3985.416549,0
63,19,17,246824,37,3985.416549,5313.888771,0
63,17,20,246824,36,5313.888771,5313.888771,0
63,20,17,246824,36,5313.888771,5313.888771,0
63,18,19,246824,47,7970.833215,3985.416549,0
63,19,18,246824,47,3985.416549,7970.833215,0
63,19,20,246824,34,3985.416549,5313.888771,0
63,20,19,246824,34,5313.888771,3985.416549,0
63,24,26,246824,34,7970.833215,5313.888771,0
63,26,24,246824,34,5313.888771,7970.833215,0
63,25,28,246824,45,7970.833215,5313.888771,0
63,28,25,246824,45,5313.888771,7970.833215,0
64,0,1,246824,14,2280.952263,3991.666548,0
64,1,0,246824,14,3991.666548,2280.952263,0
64,0,3,246824,13,2280.952263,3991.666548,0
64,3,0,246824,13,3991.666548,2280.952263,0
64,0,9,246824,10,2280.952263,3193.333215,0
64,9,0,246824,10,3193.333215,2280.952263,0
64,0,19,246824,28,2280.952263,5322.222104,0
64,19,0,246824,28,5322.222104,2280.952263,0
64,0,23,246824,32,2280.952263,7983.333215,0
64,23,0,246824,32,7983.333215,2280.952263,0
64,0,26,246824,31,2280.952263,3991.666548,0
64,26,0,246824,31,3991.666548,2280.952263,0
64,0,27,246824,32,2280.952263,7983.333215,0
64,27,0,246824,32,7983.333215,2280.952263,0
64,1,2,246824,11,3991.666548,2280.952263,0
64,2,1,246824,11,2280.952263,3991.666548,0
64,1,3,246824,14,3991.666548,3991.666548,0
64,3,1,246824,14,3991.666548,3991.666548,0
64,1,29,246824,27,3991.666548,7983.333215,0
64,29,1,246824,27,7983.333215,3991.666548,0
64,2,4,246824,10,2280.952263,5322.222104,0
64,4,2,246824,10,5322.222104,2280.952263,0
64,2,5,246824,9,2280.952263,7983.333215,0
64,5,2,246824,9,7983.333215,2280.952263,0
64,2,9,246824,7,2280.952263,3193.333215,0
64,9,2,246824,7,3193.333215,2280.952263,0
64,2,18,246824,37,2280.952263,7983.333215,0
64,18,2,246824,37,7983.333215,2280.952263,0
64,2,22,246824,33,2280.952263,7983.333215,0
64,22,2,246824,33,7983.333215,2280.952263,0
64,2,29,246824,24,2280.952263,7983.333215,0
64,29,2,246824,24,7983.333215,2280.952263,0
64,3,4,246824,13,3991.666548,5322.222104,0
64,4,3,246824,13,5322.222104,3991.666548,0
64,3,28,246824,35,3991.666548,5322.222104,0
64,28,3,246824,35,5322.222104,3991.666548,0
64,4,22,246824,36,5322.222104,7983.333215,0
64,22,4,246824,36,7983.333215,5322.222104,0
64,5,6,246824,11,7983.333215,3193.333215,0
64,6,5,246824,11,3193.333215,7983.333215,0
64,6,8,246824,11,3193.333215,5322.222104,0
64,8,6,246824,11,5322.222104,3193.333215,0
64,6,11,246824,11,3193.333215,3991.666548,0
64,11,6,246824,11,3991.666548,3193.333215,0
64,6,23,246824,31,3193.333215,7983.333215,0
64,23,6,246824,31,7983.333215,3193.333215,0
64,6,27,246824,31,3193.333215,7983.333215,0
64,27,6,246824,31,7983.333215,3193.333215,0
64,7,9,246824,9,7983.333215,3193.333215,0
64,9,7,246824,9,3193.333215,7983.333215,0
64,7,10,246824,11,7983.333215,3991.666548,0
64,10,7,246824,11,3991.666548,7983.333215,0
64,8,10,246824,11,5322.222104,3991.666548,0
64,10,8,246824,11,3991.666548,5322.222104,0
64,8,26,246824,29,5322.222104,3991.666548,0
64,26,8,246824,29,3991.666548,5322.222104,0
64,9,24,246824,21,3193.333215,7983.333215,0
64,24,9,246824,21,7983.333215,3193.333215,0
64,9,25,246824,28,3193.333215,7983.333215,0
64,25,9,246824,28,7983.333215,3193.333215,0
64,10,11,246824,11,3991.666548,3991.666548,0
64,11,10,246824,11,3991.666548,3991.666548,0
64,10,13,246824,12,3991.666548,2661.110993,0
64,13,10,246824,12,2661.110993,3991.666548,0
64,11,13,246824,11,3991.666548,2661.110993,0
64,13,11,246824,11,2661.110993,3991.666548,0
64,11,14,246824,11,3991.666548,1774.073956,0
64,14,11,246824,11,1774.073956,3991.666548,0
64,12,13,246824,12,5322.222104,2661.110993,0
64,13,12,246824,12,2661.110993,5322.222104,0
64,12,14,246824,12,5322.222104,1774.073956,0
64,14,12,246824,12,1774.073956,5322.222104,0
64,12,15,246824,28,5322.222104,7983.333215,0
64,15,12,246824,28,7983.333215,5322.222104,0
64,13,14,246824,12,2661.110993,1774.073956,0
64,14,13,246824,12,1774.073956,2661.110993,0
64,13,16,246824,41,2661.110993,7983.333215,0
64,16,13,246824,41,7983.333215,2661.110993,0
64,13,21,246824,34,2661.110993,7983.333215,0
64,21,13,246824,34,7983.333215,2661.110993,0
64,14,15,246824,28,1774.073956,7983.333215,0
64,15,14,246824,28,7983.333215,1774.073956,0
64,14,16,246824,41,1774.073956,7983.333215,0
64,16,14,246824,41,7983.333215,1774.073956,0
64,14,17,246824,29,1774.073956,5322.222104,0
64,17,14,246824,29,5322.222104,1774.073956,0
64,14,20,246824,26,1774.073956,5322.222104,0
64,20,14,246824,26,5322.222104,1774.073956,0
64,14,21,246824,34,1774.073956,7983.333215,0
64,21,14,246824,34,7983.333215,1774.073956,0
64,14,28,246824,34,1774.073956,5322.222104,0
64,28,14,246824,34,5322.222104,1774.073956,0
64,17,19,246824,37,5322.222104,5322.222104,0
64,19,17,246824,37,5322.222104,5322.222104,0
64,17,20,246824,36,5322.222104,5322.222104,0
64,20,17,246824,36,5322.222104,5322.222104,0
64,18,26,246824,50,7983.333215,3991.666548,0
64,26,18,246824,50,3991.666548,7983.333215,0
64,19,20,246824,34,5322.222104,5322.222104,0
64,20,19,246824,34,5322.222104,5322.222104,0
64,24,26,246824,34,7983.333215,3991.666548,0
64,26,24,246824,34,3991.666548,7983.333215,0
64,25,28,246824,45,7983.333215,5322.222104,0
64,28,25,246824,45,5322.222104,7983.333215,0
65,0,1,246824,14,2277.380834,2656.944326,0
65,1,0,246824,14,2656.944326,2277.380834,0
65,0,3,246824,13,2277.380834,5313.888771,0
65,3,0,246824,13,5313.888771,2277.380834,0
65,0,9,246824,10,2277.380834,2656.944326,0
65,9,0,246824,10,2656.944326,2277.380834,0
65,0,19,246824,28,2277.380834,3985.416549,0
65,19,0,246824,28,3985.416549,2277.380834,0
65,0,23,246824,32,2277.380834,7970.833215,0
65,23,0,246824,32,7970.833215,2277.380834,0
65,0,26,246824,31,2277.380834,5313.888771,0
65,26,0,246824,31,5313.888771,2277.380834,0
65,0,27,246824,32,2277.380834,7970.833215,0
65,27,0,246824,32,7970.833215,2277.380834,0
65,1,2,246824,11,2656.944326,2277.380834,0
65,2,1,246824,11,2277.380834,2656.944326,0
65,1,3,246824,14,2656.944326,5313.888771,0
65,3,1,246824,14,5313.888771,2656.944326,0
65,1,4,246824,14,2656.944326,3985.416549,0
65,4,1,246824,14,3985.416549,2656.944326,0
65,1,28,246824,35,2656.944326,5313.888771,0
65,28,1,246824,35,5313.888771,2656.944326,0
65,1,29,246824,27,2656.944326,7970.833215,0
65,29,1,246824,27,7970.833215,2656.944326,0
65,2,4,246824,10,2277.380834,3985.416549,0
65,4,2,246824,10,3985.416549,2277.380834,0
65,2,5,246824,9,2277.380834,7970.833215,0
65,5,2,246824,9,7970.833215,2277.380834,0
65,2,9,246824,7,2277.380834,2656.944326,0
65,9,2,246824,7,2656.944326,2277.380834,0
65,2,18,246824,37,2277.380834,7970.833215,0
65,18,2,246824,37,7970.833215,2277.380834,0
65,2,22,246824,33,2277.380834,7970.833215,0
65,22,2,246824,33,7970.833215,2277.380834,0
65,2,29,246824,24,2277.380834,7970.833215,0
65,29,2,246824,24,7970.833215,2277.380834,0
65,3,4,246824,13,5313.888771,3985.416549,0
65,4,3,246824,13,3985.416549,5313.888771,0
65,4,22,246824,36,3985.416549,7970.833215,0
65,22,4,246824,36,7970.833215,3985.416549,0
65,5,9,246824,9,7970.833215,2656.944326,0
65,9,5,246824,9,2656.944326,7970.833215,0
65,6,8,246824,11,3985.416549,5313.888771,0
65,8,6,246824,11,5313.888771,3985.416549,0
65,6,11,246824,11,3985.416549,3985.416549,0
65,11,6,246824,11,3985.416549,3985.416549,0
65,6,23,246824,31,3985.416549,7970.833215,0
65,23,6,246824,31,7970.833215,3985.416549,0
65,6,27,246824,31,3985.416549,7970.833215,0
65,27,6,246824,31,7970.833215,3985.416549,0
65,7,9,246824,9,7970.833215,2656.944326,0
65,9,7,246824,9,2656.944326,7970.833215,0
65,7,10,246824,11,7970.833215,5313.888771,0
65,10,7,246824,11,5313.888771,7970.833215,0
65,8,10,246824,11,5313.888771,5313.888771,0
65,10,8,246824,11,5313.888771,5313.888771,0
65,8,26,246824,29,5313.888771,5313.888771,0
65,26,8,246824,29,5313.888771,5313.888771,0
65,9,24,246824,21,2656.944326,7970.833215,0
65,24,9,246824,21,7970.833215,2656.944326,0
65,9,25,246824,28,2656.944326,7970.833215,0
65,25,9,246824,28,7970.833215,2656.944326,0
65,10,11,246824,11,5313.888771,3985.416549,0
65,11,10,246824,11,3985.416549,5313.888771,0
65,11,13,246824,11,3985.416549,3188.333215,0
65,13,11,246824,11,3188.333215,3985.416549,0
65,11,14,246824,11,3985.416549,1771.296178,0
65,14,11,246824,11,1771.296178,3985.416549,0
65,12,13,246824,12,5313.888771,3188.333215,0
65,13,12,246824,12,3188.333215,5313.888771,0
65,12,14,246824,12,5313.888771,1771.296178,0
65,14,12,246824,12,1771.296178,5313.888771,0
65,12,15,246824,28,5313.888771,7970.833215,0
65,15,12,246824,28,7970.833215,5313.888771,0
65,13,14,246824,12,3188.333215,1771.296178,0
65,14,13,246824,12,1771.296178,3188.333215,0
65,13,16,246824,41,3188.333215,7970.833215,0
65,16,13,246824,41,7970.833215,3188.333215,0
65,13,21,246824,34,3188.333215,7970.833215,0
65,21,13,246824,34,7970.833215,3188.333215,0
65,14,15,246824,28,1771.296178,7970.833215,0
65,15,14,246824,28,7970.833215,1771.296178,0
65,14,16,246824,41,1771.296178,7970.833215,0
65,16,14,246824,41,7970.833215,1771.296178,0
65,14,17,246824,29,1771.296178,5313.888771,0
65,17,14,246824,29,5313.888771,1771.296178,0
65,14,20,246824,26,1771.296178,5313.888771,0
65,20,14,246824,26,5313.888771,1771.296178,0
65,14,21,246824,34,1771.296178,7970.833215,0
65,21,14,246824,34,7970.833215,1771.296178,0
65,14,28,246824,34,1771.296178,5313.888771,0
65,28,14,246824,34,5313.888771,1771.296178,0
65,17,19,246824,37,5313.888771,3985.416549,0
65,19,17,246824,37,3985.416549,5313.888771,0
65,17,20,246824,36,5313.888771,5313.888771,0
65,20,17,246824,36,5313.888771,5313.888771,0
65,18,19,246824,47,7970.833215,3985.416549,0
65,19,18,246824,47,3985.416549,7970.833215,0
65,19,20,246824,34,3985.416549,5313.888771,0
65,20,19,246824,34,5313.888771,3985.416549,0
65,24,26,246824,34,7970.833215,5313.888771,0
65,26,24,246824,34,5313.888771,7970.833215,0
65,25,28,246824,45,7970.833215,5313.888771,0
65,28,25,246824,45,5313.888771,7970.833215,0
66,0,1,246824,14,2277.380834,2656.944326,0
66,1,0,246824,14,2656.944326,2277.380834,0
66,0,3,246824,13,2277.380834,5313.888771,0
66,3,0,246824,13,5313.888771,2277.380834,0
66,0,9,246824,10,2277.380834,2656.944326,0
66,9,0,246824,10,2656.944326,2277.380834,0
66,0,19,246824,28,2277.380834,3985.416549,0
66,19,0,246824,28,3985.416549,2277.380834,0
66,0,23,246824,32,2277.380834,7970.833215,0
66,23,0,246824,32,7970.833215,2277.380834,0
66,0,26,246824,31,2277.380834,5313.888771,0
66,26,0,246824,31,5313.888771,2277.380834,0
66,0,27,246824,32,2277.380834,5313.888771,0
66,27,0,246824,32,5313.888771,2277.380834,0
66,1,2,246824,11,2656.944326,2277.380834,0
66,2,1,246824,11,2277.380834,2656.944326,0
66,1,3,246824,14,2656.944326,5313.888771,0
66,3,1,246824,14,5313.888771,2656.944326,0
66,1,4,246824,14,2656.944326,3985.416549,0
66,4,1,246824,14,3985.416549,2656.944326,0
66,1,28,246824,35,2656.944326,7970.833215,0
66,28,1,246824,35,7970.833215,2656.944326,0
66,1,29,246824,27,2656.944326,7970.833215,0
66,29,1,246824,27,7970.833215,2656.944326,0
66,2,4,246824,10,2277.380834,3985.416549,0
66,4,2,246824,10,3985.416549,2277.380834,0
66,2,5,246824,9,2277.380834,7970.833215,0
66,5,2,246824,9,7970.833215,2277.380834,0
66,2,9,246824,7,2277.380834,2656.944326,0
66,9,2,246824,7,2656.944326,2277.380834,0
66,2,18,246824,37,2277.380834,7970.833215,0
66,18,2,246824,37,7970.833215,2277.380834,0
66,2,22,246824,33,2277.380834,5313.888771,0
66,22,2,246824,33,5313.888771,2277.380834,0
66,2,29,246824,24,2277.380834,7970.833215,0
66,29,2,246824,24,7970.833215,2277.380834,0
66,3,4,246824,13,5313.888771,3985.416549,0
66,4,3,246824,13,3985.416549,5313.888771,0
66,4,22,246824,36,3985.416549,5313.888771,0
66,22,4,246824,36,5313.888771,3985.416549,0
66,5,9,246824,9,7970.833215,2656.944326,0
66,9,5,246824,9,2656.944326,7970.833215,0
66,6,8,246824,11,3985.416549,5313.888771,0
66,8,6,246824,11,5313.888771,3985.416549,0
66,6,11,246824,11,3985.416549,5313.888771,0
66,11,6,246824,11,5313.888771,3985.416549,0
66,6,23,246824,31,3985.416549,7970.833215,0
66,23,6,246824,31,7970.833215,3985.416549,0
66,6,27,246824,31,3985.416549,5313.888771,0
66,27,6,246824,31,5313.888771,3985.416549,0
66,7,9,246824,9,7970.833215,2656.944326,0
66,9,7,246824,9,2656.944326,7970.833215,0
66,7,10,246824,11,7970.833215,5313.888771,0
66,10,7,246824,11,5313.888771,7970.833215,0
66,8,10,246824,11,5313.888771,5313.888771,0
66,10,8,246824,11,5313.888771,5313.888771,0
66,8,26,246824,29,5313.888771,5313.888771,0
66,26,8,246824,29,5313.888771,5313.888771,0
66,9,24,246824,21,2656.944326,7970.833215,0
66,24,9,246824,21,7970.833215,2656.944326,0
66,9,25,246824,28,2656.944326,7970.833215,0
66,25,9,246824,28,7970.833215,2656.944326,0
66,10,11,246824,11,5313.888771,5313.888771,0
66,11,10,246824,11,5313.888771,5313.888771,0
66,11,14,246824,11,5313.888771,1771.296178,0
66,14,11,246824,11,1771.296178,5313.888771,0
66,12,13,246824,12,5313.888771,3985.416549,0
66,13,12,246824,12,3985.416549,5313.888771,0
66,12,14,246824,12,5313.888771,1771.296178,0
66,14,12,246824,12,1771.296178,5313.888771,0
66,12,15,246824,28,5313.888771,7970.833215,0
66,15,12,246824,28,7970.833215,5313.888771,0
66,13,14,246824,12,3985.416549,1771.296178,0
66,14,13,246824,12,1771.296178,3985.416549,0
66,13,16,246824,41,3985.416549,7970.833215,0
66,16,13,246824,41,7970.833215,3985.416549,0
66,13,21,246824,34,3985.416549,7970.833215,0
66,21,13,246824,34,7970.833215,3985.416549,0
66,14,15,246824,28,1771.296178,7970.833215,0
66,15,14,246824,28,7970.833215,1771.296178,0
66,14,16,246824,41,1771.296178,7970.833215,0
66,16,14,246824,41,7970.833215,1771.296178,0
66,14,17,246824,29,1771.296178,7970.833215,0
66,17,14,246824,29,7970.833215,1771.296178,0
66,14,20,246824,26,1771.296178,5313.888771,0
66,20,14,246824,26,5313.888771,1771.296178,0
66,14,21,246824,34,1771.296178,7970.833215,0
66,21,14,246824,34,7970.833215,1771.296178,0
66,14,28,246824,34,1771.296178,7970.833215,0
66,28,14,246824,34,7970.833215,1771.296178,0
66,17,20,246824,36,7970.833215,5313.888771,0
66,20,17,246824,36,5313.888771,7970.833215,0
66,18,19,246824,47,7970.833215,3985.416549,0
66,19,18,246824,47,3985.416549,7970.833215,0
66,19,20,246824,34,3985.416549,5313.888771,0
66,20,19,246824,34,5313.888771,3985.416549,0
66,19,22,246824,43,3985.416549,5313.888771,0
66,22,19,246824,43,5313.888771,3985.416549,0
66,24,26,246824,34,7970.833215,5313.888771,0
66,26,24,246824,34,5313.888771,7970.833215,0
66,25,27,246824,42,7970.833215,5313.888771,0
66,27,25,246824,42,5313.888771,7970.833215,0
67,0,1,246824,14,2280.952263,3193.333215,0
67,1,0,246824,14,3193.333215,2280.952263,0
67,0,3,246824,13,2280.952263,7983.333215,0
67,3,0,246824,13,7983.333215,2280.952263,0
67,0,9,246824,10,2280.952263,2661.110993,0
67,9,0,246824,10,2661.110993,2280.952263,0
67,0,19,246824,28,2280.952263,5322.222104,0
67,19,0,246824,28,5322.222104,2280.952263,0
67,0,23,246824,32,2280.952263,7983.333215,0
67,23,0,246824,32,7983.333215,2280.952263,0
67,0,26,246824,31,2280.952263,3991.666548,0
67,26,0,246824,31,3991.666548,2280.952263,0
67,0,27,246824,32,2280.952263,5322.222104,0
67,27,0,246824,32,5322.222104,2280.952263,0
67,1,2,246824,11,3193.333215,2661.110993,0
67,2,1,246824,11,2661.110993,3193.333215,0
67,1,4,246824,14,3193.333215,3193.333215,0
67,4,1,246824,14,3193.333215,3193.333215,0
67,1,28,246824,35,3193.333215,7983.333215,0
67,28,1,246824,35,7983.333215,3193.333215,0
67,1,29,246824,27,3193.333215,7983.333215,0
67,29,1,246824,27,7983.333215,3193.333215,0
67,2,4,246824,10,2661.110993,3193.333215,0
67,4,2,246824,10,3193.333215,2661.110993,0
67,2,9,246824,7,2661.110993,2661.110993,0
67,9,2,246824,7,2661.110993,2661.110993,0
67,2,18,246824,37,2661.110993,7983.333215,0
67,18,2,246824,37,7983.333215,2661.110993,0
67,2,22,246824,33,2661.110993,5322.222104,0
67,22,2,246824,33,5322.222104,2661.110993,0
67,2,29,246824,24,2661.110993,7983.333215,0
67,29,2,246824,24,7983.333215,2661.110993,0
67,3,4,246824,13,7983.333215,3193.333215,0
67,4,3,246824,13,3193.333215,7983.333215,0
67,4,6,246824,12,3193.333215,2661.110993,0
67,6,4,246824,12,2661.110993,3193.333215,0
67,4,22,246824,36,3193.333215,5322.222104,0
67,22,4,246824,36,5322.222104,3193.333215,0
67,5,6,246824,11,7983.333215,2661.110993,0
67,6,5,246824,11,2661.110993,7983.333215,0
67,5,9,246824,9,7983.333215,2661.110993,0
67,9,5,246824,9,2661.110993,7983.333215,0
67,6,8,246824,11,2661.110993,5322.222104,0
67,8,6,246824,11,5322.222104,2661.110993,0
67,6,11,246824,11,2661.110993,5322.222104,0
67,11,6,246824,11,5322.222104,2661.110993,0
67,6,23,246824,31,2661.110993,7983.333215,0
67,23,6,246824,31,7983.333215,2661.110993,0
67,6,27,246824,31,2661.110993,5322.222104,0
67,27,6,246824,31,5322.222104,2661.110993,0
67,7,9,246824,9,7983.333215,2661.110993,0
67,9,7,246824,9,2661.110993,7983.333215,0
67,7,10,246824,11,7983.333215,5322.222104,0
67,10,7,246824,11,5322.222104,7983.333215,0
67,8,10,246824,11,5322.222104,5322.222104,0
67,10,8,246824,11,5322.222104,5322.222104,0
67,8,26,246824,29,5322.222104,3991.666548,0
67,26,8,246824,29,3991.666548,5322.222104,0
67,9,24,246824,21,2661.110993,7983.333215,0
67,24,9,246824,21,7983.333215,2661.110993,0
67,9,25,246824,28,2661.110993,7983.333215,0
67,25,9,246824,28,7983.333215,2661.110993,0
67,10,11,246824,11,5322.222104,5322.222104,0
67,11,10,246824,11,5322.222104,5322.222104,0
67,11,14,246824,11,5322.222104,1774.073956,0
67,14,11,246824,11,1774.073956,5322.222104,0
67,12,13,246824,12,5322.222104,3991.666548,0
67,13,12,246824,12,3991.666548,5322.222104,0
67,12,14,246824,12,5322.222104,1774.073956,0
67,14,12,246824,12,1774.073956,5322.222104,0
67,12,15,246824,28,5322.222104,7983.333215,0
67,15,12,246824,28,7983.333215,5322.222104,0
67,13,14,246824,12,3991.666548,1774.073956,0
67,14,13,246824,12,1774.073956,3991.666548,0
67,13,16,246824,41,3991.666548,7983.333215,0
67,16,13,246824,41,7983.333215,3991.666548,0
67,13,21,246824,34,3991.666548,7983.333215,0
67,21,13,246824,34,7983.333215,3991.666548,0
67,14,15,246824,28,1774.073956,7983.333215,0
67,15,14,246824,28,7983.333215,1774.073956,0
67,14,16,246824,41,1774.073956,7983.333215,0
67,16,14,246824,41,7983.333215,1774.073956,0
67,14,17,246824,29,1774.073956,7983.333215,0
67,17,14,246824,29,7983.333215,1774.073956,0
67,14,20,246824,26,1774.073956,5322.222104,0
67,20,14,246824,26,5322.222104,1774.073956,0
67,14,21,246824,34,1774.073956,7983.333215,0
67,21,14,246824,34,7983.333215,1774.073956,0
67,14,28,246824,34,1774.073956,7983.333215,0
67,28,14,246824,34,7983.333215,1774.073956,0
67,17,20,246824,36,7983.333215,5322.222104,0
67,20,17,246824,36,5322.222104,7983.333215,0
67,18,26,246824,50,7983.333215,3991.666548,0
67,26,18,246824,50,3991.666548,7983.333215,0
67,19,20,246824,34,5322.222104,5322.222104,0
67,20,19,246824,34,5322.222104,5322.222104,0
67,19,22,246824,43,5322.222104,5322.222104,0
67,22,19,246824,43,5322.222104,5322.222104,0
67,24,26,246824,34,7983.333215,3991.666548,0
67,26,24,246824,34,3991.666548,7983.333215,0
67,25,27,246824,42,7983.333215,5322.222104,0
67,27,25,246824,42,5322.222104,7983.333215,0
68,0,1,246824,14,2276.190358,2655.555438,0
68,1,0,246824,14,2655.555438,2276.190358,0
68,0,3,246824,13,2276.190358,7966.666549,0
68,3,0,246824,13,7966.666549,2276.190358,0
68,0,9,246824,10,2276.190358,2655.555438,0
68,9,0,246824,10,2655.555438,2276.190358,0
68,0,19,246824,28,2276.190358,7966.666549,0
68,19,0,246824,28,7966.666549,2276.190358,0
68,0,23,246824,32,2276.190358,5311.110993,0
68,23,0,246824,32,5311.110993,2276.190358,0
68,0,26,246824,31,2276.190358,7966.666549,0
68,26,0,246824,31,7966.666549,2276.190358,0
68,0,27,246824,32,2276.190358,5311.110993,0
68,27,0,246824,32,5311.110993,2276.190358,0
68,1,2,246824,11,2655.555438,2276.190358,0
68,2,1,246824,11,2276.190358,2655.555438,0
68,1,3,246824,14,2655.555438,7966.666549,0
68,3,1,246824,14,7966.666549,2655.555438,0
68,1,4,246824,14,2655.555438,5311.110993,0
68,4,1,246824,14,5311.110993,2655.555438,0
68,1,28,246824,35,2655.555438,7966.666549,0
68,28,1,246824,35,7966.666549,2655.555438,0
68,1,29,246824,27,2655.555438,7966.666549,0
68,29,1,246824,27,7966.666549,2655.555438,0
68,2,4,246824,10,2276.190358,5311.110993,0
68,4,2,246824,10,5311.110993,2276.190358,0
68,2,5,246824,9,2276.190358,7966.666549,0
68,5,2,246824,9,7966.666549,2276.190358,0
68,2,9,246824,7,2276.190358,2655.555438,0
68,9,2,246824,7,2655.555438,2276.190358,0
68,2,18,246824,37,2276.190358,7966.666549,0
68,18,2,246824,37,7966.666549,2276.190358,0
68,2,22,246824,33,2276.190358,7966.666549,0
68,22,2,246824,33,7966.666549,2276.190358,0
68,2,29,246824,24,2276.190358,7966.666549,0
68,29,2,246824,24,7966.666549,2276.190358,0
68,4,22,246824,36,5311.110993,7966.666549,0
68,22,4,246824,36,7966.666549,5311.110993,0
68,5,9,246824,9,7966.666549,2655.555438,0
68,9,5,246824,9,2655.555438,7966.666549,0
68,6,8,246824,11,3983.333215,5311.110993,0
68,8,6,246824,11,5311.110993,3983.333215,0
68,6,11,246824,11,3983.333215,3983.333215,0
68,11,6,246824,11,3983.333215,3983.333215,0
68,6,23,246824,31,3983.333215,5311.110993,0
68,23,6,246824,31,5311.110993,3983.333215,0
68,6,27,246824,31,3983.333215,5311.110993,0
68,27,6,246824,31,5311.110993,3983.333215,0
68,7,9,246824,9,7966.666549,2655.555438,0
68,9,7,246824,9,2655.555438,7966.666549,0
68,7,10,246824,11,7966.666549,5311.110993,0
68,10,7,246824,11,5311.110993,7966.666549,0
68,8,10,246824,11,5311.110993,5311.110993,0
68,10,8,246824,11,5311.110993,5311.110993,0
68,8,26,246824,29,5311.110993,7966.666549,0
68,26,8,246824,29,7966.666549,5311.110993,0
68,9,24,246824,21,2655.555438,7966.666549,0
68,24,9,246824,21,7966.666549,2655.555438,0
68,9,25,246824,28,2655.555438,7966.666549,0
68,25,9,246824,28,7966.666549,2655.555438,0
68,10,11,246824,11,5311.110993,3983.333215,0
68,11,10,246824,11,3983.333215,5311.110993,0
68,11,13,246824,11,3983.333215,3186.666549,0
68,13,11,246824,11,3186.666549,3983.333215,0
68,11,14,246824,11,3983.333215,1770.370252,0
68,14,11,246824,11,1770.370252,3983.333215,0
68,12,13,246824,12,5311.110993,3186.666549,0
68,13,12,246824,12,3186.666549,5311.110993,0
68,12,14,246824,12,5311.110993,1770.370252,0
68,14,12,246824,12,1770.370252,5311.110993,0
68,12,15,246824,28,5311.110993,7966.666549,0
68,15,12,246824,28,7966.666549,5311.110993,0
68,13,14,246824,12,3186.666549,1770.370252,0
68,14,13,246824,12,1770.370252,3186.666549,0
68,13,16,246824,41,3186.666549,7966.666549,0
68,16,13,246824,41,7966.666549,3186.666549,0
68,13,21,246824,34,3186.666549,7966.666549,0
68,21,13,246824,34,7966.666549,3186.666549,0
68,14,15,246824,28,1770.370252,7966.666549,0
68,15,14,246824,28,7966.666549,1770.370252,0
68,14,16,246824,41,1770.370252,7966.666549,0
68,16,14,246824,41,7966.666549,1770.370252,0
68,14,17,246824,29,1770.370252,7966.666549,0
68,17,14,246824,29,7966.666549,1770.370252,0
68,14,20,246824,26,1770.370252,3983.333215,0
68,20,14,246824,26,3983.333215,1770.370252,0
68,14,21,246824,34,1770.370252,7966.666549,0
68,21,14,246824,34,7966.666549,1770.370252,0
68,14,28,246824,34,1770.370252,7966.666549,0
68,28,14,246824,34,7966.666549,1770.370252,0
68,17,20,246824,36,7966.666549,3983.333215,0
68,20,17,246824,36,3983.333215,7966.666549,0
68,18,20,246824,46,7966.666549,3983.333215,0
68,20,18,246824,46,3983.333215,7966.666549,0
68,19,20,246824,34,7966.666549,3983.333215,0
68,20,19,246824,34,3983.333215,7966.666549,0
68,23,24,246824,35,5311.110993,7966.666549,0
68,24,23,246824,35,7966.666549,5311.110993,0
68,25,27,246824,42,7966.666549,5311.110993,0
68,27,25,246824,42,5311.110993,7966.666549,0
69,0,1,246824,14,2661.110993,2661.110993,0
69,1,0,246824,14,2661.110993,2661.110993,0
69,0,3,246824,13,2661.110993,5322.222104,0
69,3,0,246824,13,5322.222104,2661.110993,0
69,0,19,246824,28,2661.110993,7983.333215,0
69,19,0,246824,28,7983.333215,2661.110993,0
69,0,23,246824,32,2661.110993,7983.333215,0
69,23,0,246824,32,7983.333215,2661.110993,0
69,0,26,246824,31,2661.110993,3991.666548,0
69,26,0,246824,31,3991.666548,2661.110993,0
69,0,27,246824,32,2661.110993,5322.222104,0
69,27,0,246824,32,5322.222104,2661.110993,0
69,1,2,246824,11,2661.110993,2661.110993,0
69,2,1,246824,11,2661.110993,2661.110993,0
69,1,3,246824,14,2661.110993,5322.222104,0
69,3,1,246824,14,5322.222104,2661.110993,0
69,1,4,246824,14,2661.110993,3991.666548,0
69,4,1,246824,14,3991.666548,2661.110993,0
69,1,28,246824,35,2661.110993,7983.333215,0
69,28,1,246824,35,7983.333215,2661.110993,0
69,1,29,246824,27,2661.110993,5322.222104,0
69,29,1,246824,27,5322.222104,2661.110993,0
69,2,4,246824,10,2661.110993,3991.666548,0
69,4,2,246824,10,3991.666548,2661.110993,0
69,2,9,246824,7,2661.110993,3193.333215,0
69,9,2,246824,7,3193.333215,2661.110993,0
69,2,18,246824,37,2661.110993,7983.333215,0
69,18,2,246824,37,7983.333215,2661.110993,0
69,2,22,246824,33,2661.110993,5322.222104,0
69,22,2,246824,33,5322.222104,2661.110993,0
69,2,29,246824,24,2661.110993,5322.222104,0
69,29,2,246824,24,5322.222104,2661.110993,0
69,3,4,246824,13,5322.222104,3991.666548,0
69,4,3,246824,13,3991.666548,5322.222104,0
69,4,22,246824,36,3991.666548,5322.222104,0
69,22,4,246824,36,5322.222104,3991.666548,0
69,5,6,246824,11,7983.333215,3193.333215,0
69,6,5,246824,11,3193.333215,7983.333215,0
69,5,9,246824,9,7983.333215,3193.333215,0
69,9,5,246824,9,3193.333215,7983.333215,0
69,6,8,246824,11,3193.333215,5322.222104,0
69,8,6,246824,11,5322.222104,3193.333215,0
69,6,11,246824,11,3193.333215,5322.222104,0
69,11,6,246824,11,5322.222104,3193.333215,0
69,6,23,246824,31,3193.333215,7983.333215,0
69,23,6,246824,31,7983.333215,3193.333215,0
69,6,27,246824,31,3193.333215,5322.222104,0
69,27,6,246824,31,5322.222104,3193.333215,0
69,7,9,246824,9,7983.333215,3193.333215,0
69,9,7,246824,9,3193.333215,7983.333215,0
69,7,10,246824,11,7983.333215,5322.222104,0
69,10,7,246824,11,5322.222104,7983.333215,0
69,8,10,246824,11,5322.222104,5322.222104,0
69,10,8,246824,11,5322.222104,5322.222104,0
69,8,26,246824,29,5322.222104,3991.666548,0
69,26,8,246824,29,3991.666548,5322.222104,0
69,9,24,246824,21,3193.333215,7983.333215,0
69,24,9,246824,21,7983.333215,3193.333215,0
69,9,25,246824,28,3193.333215,7983.333215,0
69,25,9,246824,28,7983.333215,3193.333215,0
69,10,11,246824,11,5322.222104,5322.222104,0
69,11,10,246824,11,5322.222104,5322.222104,0
69,11,14,246824,11,5322.222104,1774.073956,0
69,14,11,246824,11,1774.073956,5322.222104,0
69,12,13,246824,12,5322.222104,3991.666548,0
69,13,12,246824,12,3991.666548,5322.222104,0
69,12,14,246824,12,5322.222104,1774.073956,0
69,14,12,246824,12,1774.073956,5322.222104,0
69,12,15,246824,28,5322.222104,7983.333215,0
69,15,12,246824,28,7983.333215,5322.222104,0
69,13,14,246824,12,3991.666548,1774.073956,0
69,14,13,246824,12,1774.073956,3991.666548,0
69,13,16,246824,41,3991.666548,7983.333215,0
69,16,13,246824,41,7983.333215,3991.666548,0
69,13,21,246824,34,3991.666548,7983.333215,0
69,21,13,246824,34,7983.333215,3991.666548,0
69,14,15,246824,28,1774.073956,7983.333215,0
69,15,14,246824,28,7983.333215,1774.073956,0
69,14,16,246824,41,1774.073956,7983.333215,0
69,16,14,246824,41,7983.333215,1774.073956,0
69,14,17,246824,29,1774.073956,7983.333215,0
69,17,14,246824,29,7983.333215,1774.073956,0
69,14,20,246824,26,1774.073956,5322.222104,0
69,20,14,246824,26,5322.222104,1774.073956,0
69,14,21,246824,34,1774.073956,7983.333215,0
69,21,14,246824,34,7983.333215,1774.073956,0
69,14,28,246824,34,1774.073956,7983.333215,0
69,28,14,246824,34,7983.333215,1774.073956,0
69,17,20,246824,36,7983.333215,5322.222104,0
69,20,17,246824,36,5322.222104,7983.333215,0
69,18,26,246824,50,7983.333215,3991.666548,0
69,26,18,246824,50,3991.666548,7983.333215,0
69,19,22,246824,43,7983.333215,5322.222104,0
69,22,19,246824,43,5322.222104,7983.333215,0
69,20,29,246824,33,5322.222104,5322.222104,0
69,29,20,246824,33,5322.222104,5322.222104,0
69,24,26,246824,34,7983.333215,3991.666548,0
69,26,24,246824,34,3991.666548,7983.333215,0
69,25,27,246824,42,7983.333215,5322.222104,0
69,27,25,246824,42,5322.222104,7983.333215,0
70,0,1,246824,14,2277.380834,2656.944326,0
70,1,0,246824,14,2656.944326,2277.380834,0
70,0,3,246824,13,2277.380834,7970.833215,0
70,3,0,246824,13,7970.833215,2277.380834,0
70,0,9,246824,10,2277.380834,3188.333215,0
70,9,0,246824,10,3188.333215,2277.380834,0
70,0,19,246824,28,2277.380834,5313.888771,0
70,19,0,246824,28,5313.888771,2277.380834,0
70,0,23,246824,32,2277.380834,7970.833215,0
70,23,0,246824,32,7970.833215,2277.380834,0
70,0,26,246824,31,2277.380834,5313.888771,0
70,26,0,246824,31,5313.888771,2277.380834,0
70,0,27,246824,32,2277.380834,5313.888771,0
70,27,0,246824,32,5313.888771,2277.380834,0
70,1,2,246824,11,2656.944326,2277.380834,0
70,2,1,246824,11,2277.380834,2656.944326,0
70,1,3,246824,14,2656.944326,7970.833215,0
70,3,1,246824,14,7970.833215,2656.944326,0
70,1,4,246824,14,2656.944326,5313.888771,0
70,4,1,246824,14,5313.888771,2656.944326,0
70,1,28,246824,35,2656.944326,7970.833215,0
70,28,1,246824,35,7970.833215,2656.944326,0
70,1,29,246824,27,2656.944326,5313.888771,0
70,29,1,246824,27,5313.888771,2656.944326,0
70,2,4,246824,10,2277.380834,5313.888771,0
70,4,2,246824,10,5313.888771,2277.380834,0
70,2,5,246824,9,2277.380834,7970.833215,0
70,5,2,246824,9,7970.833215,2277.380834,0
70,2,9,246824,7,2277.380834,3188.333215,0
70,9,2,246824,7,3188.333215,2277.380834,0
70,2,18,246824,37,2277.380834,7970.833215,0
70,18,2,246824,37,7970.833215,2277.380834,0
70,2,22,246824,33,2277.380834,5313.888771,0
70,22,2,246824,33,5313.888771,2277.380834,0
70,2,29,246824,24,2277.380834,5313.888771,0
70,29,2,246824,24,5313.888771,2277.380834,0
70,4,22,246824,36,5313.888771,5313.888771,0
70,22,4,246824,36,5313.888771,5313.888771,0
70,5,6,246824,11,7970.833215,3188.333215,0
70,6,5,246824,11,3188.333215,7970.833215,0
70,6,8,246824,11,3188.333215,5313.888771,0
70,8,6,246824,11,5313.888771,3188.333215,0
70,6,11,246824,11,3188.333215,3985.416549,0
70,11,6,246824,11,3985.416549,3188.333215,0
70,6,23,246824,31,3188.333215,7970.833215,0
70,23,6,246824,31,7970.833215,3188.333215,0
70,6,27,246824,31,3188.333215,5313.888771,0
70,27,6,246824,31,5313.888771,3188.333215,0
70,7,9,246824,9,7970.833215,3188.333215,0
70,9,7,246824,9,3188.333215,7970.833215,0
70,7,10,246824,11,7970.833215,5313.888771,0
70,10,7,246824,11,5313.888771,7970.833215,0
70,8,10,246824,11,5313.888771,5313.888771,0
70,10,8,246824,11,5313.888771,5313.888771,0
70,8,26,246824,29,5313.888771,5313.888771,0
70,26,8,246824,29,5313.888771,5313.888771,0
70,9,24,246824,21,3188.333215,7970.833215,0
70,24,9,246824,21,7970.833215,3188.333215,0
70,9,25,246824,28,3188.333215,7970.833215,0
70,25,9,246824,28,7970.833215,3188.333215,0
70,10,11,246824,11,5313.888771,3985.416549,0
70,11,10,246824,11,3985.416549,5313.888771,0
70,11,13,246824,11,3985.416549,3985.416549,0
70,13,11,246824,11,3985.416549,3985.416549,0
70,11,14,246824,11,3985.416549,1992.708215,0
70,14,11,246824,11,1992.708215,3985.416549,0
70,12,13,246824,12,5313.888771,3985.416549,0
70,13,12,246824,12,3985.416549,5313.888771,0
70,12,14,246824,12,5313.888771,1992.708215,0
70,14,12,246824,12,1992.708215,5313.888771,0
70,12,15,246824,28,5313.888771,7970.833215,0
70,15,12,246824,28,7970.833215,5313.888771,0
70,13,16,246824,41,3985.416549,7970.833215,0
70,16,13,246824,41,7970.833215,3985.416549,0
70,13,21,246824,34,3985.416549,7970.833215,0
70,21,13,246824,34,7970.833215,3985.416549,0
70,14,15,246824,28,1992.708215,7970.833215,0
70,15,14,246824,28,7970.833215,1992.708215,0
70,14,16,246824,41,1992.708215,7970.833215,0
70,16,14,246824,41,7970.833215,1992.708215,0
70,14,17,246824,29,1992.708215,7970.833215,0
70,17,14,246824,29,7970.833215,1992.708215,0
70,14,20,246824,26,1992.708215,5313.888771,0
70,20,14,246824,26,5313.888771,1992.708215,0
70,14,21,246824,34,1992.708215,7970.833215,0
70,21,14,246824,34,7970.833215,1992.708215,0
70,14,28,246824,34,1992.708215,7970.833215,0
70,28,14,246824,34,7970.833215,1992.708215,0
70,17,20,246824,36,7970.833215,5313.888771,0
70,20,17,246824,36,5313.888771,7970.833215,0
70,18,19,246824,47,7970.833215,5313.888771,0
70,19,18,246824,47,5313.888771,7970.833215,0
70,19,22,246824,43,5313.888771,5313.888771,0
70,22,19,246824,43,5313.888771,5313.888771,0
70,20,29,246824,33,5313.888771,5313.888771,0
70,29,20,246824,33,5313.888771,5313.888771,0
70,24,26,246824,34,7970.833215,5313.888771,0
70,26,24,246824,34,5313.888771,7970.833215,0
70,25,27,246824,42,7970.833215,5313.888771,0
70,27,25,246824,42,5313.888771,7970.833215,0
71,0,1,246824,14,2656.944326,2656.944326,0
71,1,0,246824,14,2656.944326,2656.944326,0
71,0,3,246824,13,2656.944326,5313.888771,0
71,3,0,246824,13,5313.888771,2656.944326,0
71,0,19,246824,28,2656.944326,3985.416549,0
71,19,0,246824,28,3985.416549,2656.944326,0
71,0,23,246824,32,2656.944326,7970.833215,0
71,23,0,246824,32,7970.833215,2656.944326,0
71,0,26,246824,31,2656.944326,5313.888771,0
71,26,0,246824,31,5313.888771,2656.944326,0
71,0,27,246824,32,2656.944326,5313.888771,0
71,27,0,246824,32,5313.888771,2656.944326,0
71,1,2,246824,11,2656.944326,2277.380834,0
71,2,1,246824,11,2277.380834,2656.944326,0
71,1,3,246824,14,2656.944326,5313.888771,0
71,3,1,246824,14,5313.888771,2656.944326,0
71,1,4,246824,14,2656.944326,3985.416549,0
71,4,1,246824,14,3985.416549,2656.944326,0
71,1,28,246824,35,2656.944326,7970.833215,0
71,28,1,246824,35,7970.833215,2656.944326,0
71,1,29,246824,27,2656.944326,7970.833215,0
71,29,1,246824,27,7970.833215,2656.944326,0
71,2,4,246824,10,2277.380834,3985.416549,0
71,4,2,246824,10,3985.416549,2277.380834,0
71,2,5,246824,9,2277.380834,7970.833215,0
71,5,2,246824,9,7970.833215,2277.380834,0
71,2,9,246824,7,2277.380834,3188.333215,0
71,9,2,246824,7,3188.333215,2277.380834,0
71,2,18,246824,37,2277.380834,7970.833215,0
71,18,2,246824,37,7970.833215,2277.380834,0
71,2,22,246824,33,2277.380834,5313.888771,0
71,22,2,246824,33,5313.888771,2277.380834,0
71,2,29,246824,24,2277.380834,7970.833215,0
71,29,2,246824,24,7970.833215,2277.380834,0
71,3,4,246824,13,5313.888771,3985.416549,0
71,4,3,246824,13,3985.416549,5313.888771,0
71,4,22,246824,36,3985.416549,5313.888771,0
71,22,4,246824,36,5313.888771,3985.416549,0
71,5,9,246824,9,7970.833215,3188.333215,0
71,9,5,246824,9,3188.333215,7970.833215,0
71,6,8,246824,11,3985.416549,5313.888771,0
71,8,6,246824,11,5313.888771,3985.416549,0
71,6,11,246824,11,3985.416549,7970.833215,0
71,11,6,246824,11,7970.833215,3985.416549,0
71,6,23,246824,31,3985.416549,7970.833215,0
71,23,6,246824,31,7970.833215,3985.416549,0
71,6,27,246824,31,3985.416549,5313.888771,0
71,27,6,246824,31,5313.888771,3985.416549,0
71,7,9,246824,9,7970.833215,3188.333215,0
71,9,7,246824,9,3188.333215,7970.833215,0
71,7,10,246824,11,7970.833215,5313.888771,0
71,10,7,246824,11,5313.888771,7970.833215,0
71,8,10,246824,11,5313.888771,5313.888771,0
71,10,8,246824,11,5313.888771,5313.888771,0
71,8,26,246824,29,5313.888771,5313.888771,0
71,26,8,246824,29,5313.888771,5313.888771,0
71,9,24,246824,21,3188.333215,7970.833215,0
71,24,9,246824,21,7970.833215,3188.333215,0
71,9,25,246824,28,3188.333215,7970.833215,0
71,25,9,246824,28,7970.833215,3188.333215,0
71,10,13,246824,12,5313.888771,3188.333215,0
71,13,10,246824,12,3188.333215,5313.888771,0
71,11,14,246824,11,7970.833215,1771.296178,0
71,14,11,246824,11,1771.296178,7970.833215,0
71,12,13,246824,12,5313.888771,3188.333215,0
71,13,12,246824,12,3188.333215,5313.888771,0
71,12,14,246824,12,5313.888771,1771.296178,0
71,14,12,246824,12,1771.296178,5313.888771,0
71,12,15,246824,28,5313.888771,7970.833215,0
71,15,12,246824,28,7970.833215,5313.888771,0
71,13,14,246824,12,3188.333215,1771.296178,0
71,14,13,246824,12,1771.296178,3188.333215,0
71,13,16,246824,41,3188.333215,7970.833215,0
71,16,13,246824,41,7970.833215,3188.333215,0
71,13,21,246824,34,3188.333215,7970.833215,0
71,21,13,246824,34,7970.833215,3188.333215,0
71,14,15,246824,28,1771.296178,7970.833215,0
71,15,14,246824,28,7970.833215,1771.296178,0
71,14,16,246824,41,1771.296178,7970.833215,0
71,16,14,246824,41,7970.833215,1771.296178,0
71,14,17,246824,29,1771.296178,7970.833215,0
71,17,14,246824,29,7970.833215,1771.296178,0
71,14,20,246824,26,1771.296178,5313.888771,0
71,20,14,246824,26,5313.888771,1771.296178,0
71,14,21,246824,34,1771.296178,7970.833215,0
71,21,14,246824,34,7970.833215,1771.296178,0
71,14,28,246824,34,1771.296178,7970.833215,0
71,28,14,246824,34,7970.833215,1771.296178,0
71,17,20,246824,36,7970.833215,5313.888771,0
71,20,17,246824,36,5313.888771,7970.833215,0
71,18,19,246824,47,7970.833215,3985.416549,0
71,19,18,246824,47,3985.416549,7970.833215,0
71,19,20,246824,34,3985.416549,5313.888771,0
71,20,19,246824,34,5313.888771,3985.416549,0
71,19,22,246824,43,3985.416549,5313.888771,0
71,22,19,246824,43,5313.888771,3985.416549,0
71,24,26,246824,34,7970.833215,5313.888771,0
71,26,24,246824,34,5313.888771,7970.833215,0
71,25,27,246824,42,7970.833215,5313.888771,0
71,27,25,246824,42,5313.888771,7970.833215,0
72,0,1,246824,14,2277.380834,3985.416549,0
72,1,0,246824,14,3985.416549,2277.380834,0
72,0,3,246824,13,2277.380834,5313.888771,0
72,3,0,246824,13,5313.888771,2277.380834,0
72,0,9,246824,10,2277.380834,2656.944326,0
72,9,0,246824,10,2656.944326,2277.380834,0
72,0,19,246824,28,2277.380834,3985.416549,0
72,19,0,246824,28,3985.416549,2277.380834,0
72,0,23,246824,32,2277.380834,7970.833215,0
72,23,0,246824,32,7970.833215,2277.380834,0
72,0,26,246824,31,2277.380834,5313.888771,0
72,26,0,246824,31,5313.888771,2277.380834,0
72,0,27,246824,32,2277.380834,5313.888771,0
72,27,0,246824,32,5313.888771,2277.380834,0
72,1,2,246824,11,3985.416549,2277.380834,0
72,2,1,246824,11,2277.380834,3985.416549,0
72,1,4,246824,14,3985.416549,3985.416549,0
72,4,1,246824,14,3985.416549,3985.416549,0
72,1,29,246824,27,3985.416549,7970.833215,0
72,29,1,246824,27,7970.833215,3985.416549,0
72,2,4,246824,10,2277.380834,3985.416549,0
72,4,2,246824,10,3985.416549,2277.380834,0
72,2,5,246824,9,2277.380834,7970.833215,0
72,5,2,246824,9,7970.833215,2277.380834,0
72,2,9,246824,7,2277.380834,2656.944326,0
72,9,2,246824,7,2656.944326,2277.380834,0
72,2,18,246824,37,2277.380834,7970.833215,0
72,18,2,246824,37,7970.833215,2277.380834,0
72,2,22,246824,33,2277.380834,5313.888771,0
72,22,2,246824,33,5313.888771,2277.380834,0
72,2,29,246824,24,2277.380834,7970.833215,0
72,29,2,246824,24,7970.833215,2277.380834,0
72,3,4,246824,13,5313.888771,3985.416549,0
72,4,3,246824,13,3985.416549,5313.888771,0
72,3,28,246824,35,5313.888771,7970.833215,0
72,28,3,246824,35,7970.833215,5313.888771,0
72,4,22,246824,36,3985.416549,5313.888771,0
72,22,4,246824,36,5313.888771,3985.416549,0
72,5,9,246824,9,7970.833215,2656.944326,0
72,9,5,246824,9,2656.944326,7970.833215,0
72,6,8,246824,11,3985.416549,5313.888771,0
72,8,6,246824,11,5313.888771,3985.416549,0
72,6,11,246824,11,3985.416549,3985.416549,0
72,11,6,246824,11,3985.416549,3985.416549,0
72,6,23,246824,31,3985.416549,7970.833215,0
72,23,6,246824,31,7970.833215,3985.416549,0
72,6,27,246824,31,3985.416549,5313.888771,0
72,27,6,246824,31,5313.888771,3985.416549,0
72,7,9,246824,9,7970.833215,2656.944326,0
72,9,7,246824,9,2656.944326,7970.833215,0
72,7,10,246824,11,7970.833215,5313.888771,0
72,10,7,246824,11,5313.888771,7970.833215,0
72,8,10,246824,11,5313.888771,5313.888771,0
72,10,8,246824,11,5313.888771,5313.888771,0
72,8,26,246824,29,5313.888771,5313.888771,0
72,26,8,246824,29,5313.888771,5313.888771,0
72,9,24,246824,21,2656.944326,7970.833215,0
72,24,9,246824,21,7970.833215,2656.944326,0
72,9,25,246824,28,2656.944326,7970.833215,0
72,25,9,246824,28,7970.833215,2656.944326,0
72,10,11,246824,11,5313.888771,3985.416549,0
72,11,10,246824,11,3985.416549,5313.888771,0
72,11,13,246824,11,3985.416549,3985.416549,0
72,13,11,246824,11,3985.416549,3985.416549,0
72,11,14,246824,11,3985.416549,1992.708215,0
72,14,11,246824,11,1992.708215,3985.416549,0
72,12,13,246824,12,5313.888771,3985.416549,0
72,13,12,246824,12,3985.416549,5313.888771,0
72,12,14,246824,12,5313.888771,1992.708215,0
72,14,12,246824,12,1992.708215,5313.888771,0
72,12,15,246824,28,5313.888771,7970.833215,0
72,15,12,246824,28,7970.833215,5313.888771,0
72,13,16,246824,41,3985.416549,7970.833215,0
72,16,13,246824,41,7970.833215,3985.416549,0
72,13,21,246824,34,3985.416549,7970.833215,0
72,21,13,246824,34,7970.833215,3985.416549,0
72,14,15,246824,28,1992.708215,7970.833215,0
72,15,14,246824,28,7970.833215,1992.708215,0
72,14,16,246824,41,1992.708215,7970.833215,0
72,16,14,246824,41,7970.833215,1992.708215,0
72,14,17,246824,29,1992.708215,7970.833215,0
72,17,14,246824,29,7970.833215,1992.708215,0
72,14,20,246824,26,1992.708215,5313.888771,0
72,20,14,246824,26,5313.888771,1992.708215,0
72,14,21,246824,34,1992.708215,7970.833215,0
72,21,14,246824,34,7970.833215,1992.708215,0
72,14,28,246824,34,1992.708215,7970.833215,0
72,28,14,246824,34,7970.833215,1992.708215,0
72,17,20,246824,36,7970.833215,5313.888771,0
72,20,17,246824,36,5313.888771,7970.833215,0
72,18,19,246824,47,7970.833215,3985.416549,0
72,19,18,246824,47,3985.416549,7970.833215,0
72,19,20,246824,34,3985.416549,5313.888771,0
72,20,19,246824,34,5313.888771,3985.416549,0
72,19,22,246824,43,3985.416549,5313.888771,0
72,22,19,246824,43,5313.888771,3985.416549,0
72,24,26,246824,34,7970.833215,5313.888771,0
72,26,24,246824,34,5313.888771,7970.833215,0
72,25,27,246824,42,7970.833215,5313.888771,0
72,27,25,246824,42,5313.888771,7970.833215,0
73,0,1,246824,14,2277.380834,3985.416549,0
73,1,0,246824,14,3985.416549,2277.380834,0
73,0,3,246824,13,2277.380834,5313.888771,0
73,3,0,246824,13,5313.888771,2277.380834,0
73,0,9,246824,10,2277.380834,2656.944326,0
73,9,0,246824,10,2656.944326,2277.380834,0
73,0,19,246824,28,2277.380834,5313.888771,0
73,19,0,246824,28,5313.888771,2277.380834,0
73,0,23,246824,32,2277.380834,7970.833215,0
73,23,0,246824,32,7970.833215,2277.380834,0
73,0,26,246824,31,2277.380834,5313.888771,0
73,26,0,246824,31,5313.888771,2277.380834,0
73,0,27,246824,32,2277.380834,5313.888771,0
73,27,0,246824,32,5313.888771,2277.380834,0
73,1,2,246824,11,3985.416549,2277.380834,0
73,2,1,246824,11,2277.380834,3985.416549,0
73,1,4,246824,14,3985.416549,3985.416549,0
73,4,1,246824,14,3985.416549,3985.416549,0
73,1,29,246824,27,3985.416549,5313.888771,0
73,29,1,246824,27,5313.888771,3985.416549,0
73,2,4,246824,10,2277.380834,3985.416549,0
73,4,2,246824,10,3985.416549,2277.380834,0
73,2,5,246824,9,2277.380834,7970.833215,0
73,5,2,246824,9,7970.833215,2277.380834,0
73,2,9,246824,7,2277.380834,2656.944326,0
73,9,2,246824,7,2656.944326,2277.380834,0
73,2,18,246824,37,2277.380834,7970.833215,0
73,18,2,246824,37,7970.833215,2277.380834,0
73,2,22,246824,33,2277.380834,7970.833215,0
73,22,2,246824,33,7970.833215,2277.380834,0
73,2,29,246824,24,2277.380834,5313.888771,0
73,29,2,246824,24,5313.888771,2277.380834,0
73,3,4,246824,13,5313.888771,3985.416549,0
73,4,3,246824,13,3985.416549,5313.888771,0
73,3,28,246824,35,5313.888771,7970.833215,0
73,28,3,246824,35,7970.833215,5313.888771,0
73,4,22,246824,36,3985.416549,7970.833215,0
73,22,4,246824,36,7970.833215,3985.416549,0
73,5,9,246824,9,7970.833215,2656.944326,0
73,9,5,246824,9,2656.944326,7970.833215,0
73,6,8,246824,11,3985.416549,5313.888771,0
73,8,6,246824,11,5313.888771,3985.416549,0
73,6,11,246824,11,3985.416549,5313.888771,0
73,11,6,246824,11,5313.888771,3985.416549,0
73,6,23,246824,31,3985.416549,7970.833215,0
73,23,6,246824,31,7970.833215,3985.416549,0
73,6,27,246824,31,3985.416549,5313.888771,0
73,27,6,246824,31,5313.888771,3985.416549,0
73,7,9,246824,9,7970.833215,2656.944326,0
73,9,7,246824,9,2656.944326,7970.833215,0
73,7,10,246824,11,7970.833215,5313.888771,0
73,10,7,246824,11,5313.888771,7970.833215,0
73,8,10,246824,11,5313.888771,5313.888771,0
73,10,8,246824,11,5313.888771,5313.888771,0
73,8,26,246824,29,5313.888771,5313.888771,0
73,26,8,246824,29,5313.888771,5313.888771,0
73,9,24,246824,21,2656.944326,7970.833215,0
73,24,9,246824,21,7970.833215,2656.944326,0
73,9,25,246824,28,2656.944326,7970.833215,0
73,25,9,246824,28,7970.833215,2656.944326,0
73,10,11,246824,11,5313.888771,5313.888771,0
73,11,10,246824,11,5313.888771,5313.888771,0
73,11,14,246824,11,5313.888771,1771.296178,0
73,14,11,246824,11,1771.296178,5313.888771,0
73,12,13,246824,12,5313.888771,3985.416549,0
73,13,12,246824,12,3985.416549,5313.888771,0
73,12,14,246824,12,5313.888771,1771.296178,0
73,14,12,246824,12,1771.296178,5313.888771,0
73,12,15,246824,28,5313.888771,7970.833215,0
73,15,12,246824,28,7970.833215,5313.888771,0
73,13,14,246824,12,3985.416549,1771.296178,0
73,14,13,246824,12,1771.296178,3985.416549,0
73,13,16,246824,41,3985.416549,7970.833215,0
73,16,13,246824,41,7970.833215,3985.416549,0
73,13,21,246824,34,3985.416549,7970.833215,0
73,21,13,246824,34,7970.833215,3985.416549,0
73,14,15,246824,28,1771.296178,7970.833215,0
73,15,14,246824,28,7970.833215,1771.296178,0
73,14,16,246824,41,1771.296178,7970.833215,0
73,16,14,246824,41,7970.833215,1771.296178,0
73,14,17,246824,29,1771.296178,7970.833215,0
73,17,14,246824,29,7970.833215,1771.296178,0
73,14,20,246824,26,1771.296178,3985.416549,0
73,20,14,246824,26,3985.416549,1771.296178,0
73,14,21,246824,34,1771.296178,7970.833215,0
73,21,14,246824,34,7970.833215,1771.296178,0
73,14,28,246824,34,1771.296178,7970.833215,0
73,28,14,246824,34,7970.833215,1771.296178,0
73,17,20,246824,36,7970.833215,3985.416549,0
73,20,17,246824,36,3985.416549,7970.833215,0
73,18,19,246824,47,7970.833215,5313.888771,0
73,19,18,246824,47,5313.888771,7970.833215,0
73,19,20,246824,34,5313.888771,3985.416549,0
73,20,19,246824,34,3985.416549,5313.888771,0
73,20,29,246824,33,3985.416549,5313.888771,0
73,29,20,246824,33,5313.888771,3985.416549,0
73,24,26,246824,34,7970.833215,5313.888771,0
73,26,24,246824,34,5313.888771,7970.833215,0
73,25,27,246824,42,7970.833215,5313.888771,0
73,27,25,246824,42,5313.888771,7970.833215,0
74,0,1,246824,14,2277.380834,2656.944326,0
74,1,0,246824,14,2656.944326,2277.380834,0
74,0,3,246824,13,2277.380834,5313.888771,0
74,3,0,246824,13,5313.888771,2277.380834,0
74,0,9,246824,10,2277.380834,2656.944326,0
74,9,0,246824,10,2656.944326,2277.380834,0
74,0,19,246824,28,2277.380834,3985.416549,0
74,19,0,246824,28,3985.416549,2277.380834,0
74,0,23,246824,32,2277.380834,7970.833215,0
74,23,0,246824,32,7970.833215,2277.380834,0
74,0,26,246824,31,2277.380834,5313.888771,0
74,26,0,246824,31,5313.888771,2277.380834,0
74,0,27,246824,32,2277.380834,5313.888771,0
74,27,0,246824,32,5313.888771,2277.380834,0
74,1,2,246824,11,2656.944326,2277.380834,0
74,2,1,246824,11,2277.380834,2656.944326,0
74,1,3,246824,14,2656.944326,5313.888771,0
74,3,1,246824,14,5313.888771,2656.944326,0
74,1,4,246824,14,2656.944326,3985.416549,0
74,4,1,246824,14,3985.416549,2656.944326,0
74,1,28,246824,35,2656.944326,7970.833215,0
74,28,1,246824,35,7970.833215,2656.944326,0
74,1,29,246824,27,2656.944326,7970.833215,0
74,29,1,246824,27,7970.833215,2656.944326,0
74,2,4,246824,10,2277.380834,3985.416549,0
74,4,2,246824,10,3985.416549,2277.380834,0
74,2,5,246824,9,2277.380834,7970.833215,0
74,5,2,246824,9,7970.833215,2277.380834,0
74,2,9,246824,7,2277.380834,2656.944326,0
74,9,2,246824,7,2656.944326,2277.380834,0
74,2,18,246824,37,2277.380834,7970.833215,0
74,18,2,246824,37,7970.833215,2277.380834,0
74,2,22,246824,33,2277.380834,7970.833215,0
74,22,2,246824,33,7970.833215,2277.380834,0
74,2,29,246824,24,2277.380834,7970.833215,0
74,29,2,246824,24,7970.833215,2277.380834,0
74,3,4,246824,13,5313.888771,3985.416549,0
74,4,3,246824,13,3985.416549,5313.888771,0
74,4,22,246824,36,3985.416549,7970.833215,0
74,22,4,246824,36,7970.833215,3985.416549,0
74,5,9,246824,9,7970.833215,2656.944326,0
74,9,5,246824,9,2656.944326,7970.833215,0
74,6,8,246824,11,3985.416549,5313.888771,0
74,8,6,246824,11,5313.888771,3985.416549,0
74,6,11,246824,11,3985.416549,3985.416549,0
74,11,6,246824,11,3985.416549,3985.416549,0
74,6,23,246824,31,3985.416549,7970.833215,0
74,23,6,246824,31,7970.833215,3985.416549,0
74,6,27,246824,31,3985.416549,5313.888771,0
74,27,6,246824,31,5313.888771,3985.416549,0
74,7,9,246824,9,7970.833215,2656.944326,0
74,9,7,246824,9,2656.944326,7970.833215,0
74,7,10,246824,11,7970.833215,3985.416549,0
74,10,7,246824,11,3985.416549,7970.833215,0
74,8,10,246824,11,5313.888771,3985.416549,0
74,10,8,246824,11,3985.416549,5313.888771,0
74,8,26,246824,29,5313.888771,5313.888771,0
74,26,8,246824,29,5313.888771,5313.888771,0
74,9,24,246824,21,2656.944326,7970.833215,0
74,24,9,246824,21,7970.833215,2656.944326,0
74,9,25,246824,28,2656.944326,7970.833215,0
74,25,9,246824,28,7970.833215,2656.944326,0
74,10,11,246824,11,3985.416549,3985.416549,0
74,11,10,246824,11,3985.416549,3985.416549,0
74,10,13,246824,12,3985.416549,2656.944326,0
74,13,10,246824,12,2656.944326,3985.416549,0
74,11,13,246824,11,3985.416549,2656.944326,0
74,13,11,246824,11,2656.944326,3985.416549,0
74,11,14,246824,11,3985.416549,1771.296178,0
74,14,11,246824,11,1771.296178,3985.416549,0
74,12,13,246824,12,5313.888771,2656.944326,0
74,13,12,246824,12,2656.944326,5313.888771,0
74,12,14,246824,12,5313.888771,1771.296178,0
74,14,12,246824,12,1771.296178,5313.888771,0
74,12,15,246824,28,5313.888771,7970.833215,0
74,15,12,246824,28,7970.833215,5313.888771,0
74,13,14,246824,12,2656.944326,1771.296178,0
74,14,13,246824,12,1771.296178,2656.944326,0
74,13,16,246824,41,2656.944326,7970.833215,0
74,16,13,246824,41,7970.833215,2656.944326,0
74,13,21,246824,34,2656.944326,7970.833215,0
74,21,13,246824,34,7970.833215,2656.944326,0
74,14,15,246824,28,1771.296178,7970.833215,0
74,15,14,246824,28,7970.833215,1771.296178,0
74,14,16,246824,41,1771.296178,7970.833215,0
74,16,14,246824,41,7970.833215,1771.296178,0
74,14,17,246824,29,1771.296178,5313.888771,0
74,17,14,246824,29,5313.888771,1771.296178,0
74,14,20,246824,26,1771.296178,5313.888771,0
74,20,14,246824,26,5313.888771,1771.296178,0
74,14,21,246824,34,1771.296178,7970.833215,0
74,21,14,246824,34,7970.833215,1771.296178,0
74,14,28,246824,34,1771.296178,7970.833215,0
74,28,14,246824,34,7970.833215,1771.296178,0
74,17,19,246824,37,5313.888771,3985.416549,0
74,19,17,246824,37,3985.416549,5313.888771,0
74,17,20,246824,36,5313.888771,5313.888771,0
74,20,17,246824,36,5313.888771,5313.888771,0
74,18,19,246824,47,7970.833215,3985.416549,0
74,19,18,246824,47,3985.416549,7970.833215,0
74,19,20,246824,34,3985.416549,5313.888771,0
74,20,19,246824,34,5313.888771,3985.416549,0
74,24,26,246824,34,7970.833215,5313.888771,0
74,26,24,246824,34,5313.888771,7970.833215,0
74,25,27,246824,42,7970.833215,5313.888771,0
74,27,25,246824,42,5313.888771,7970.833215,0
75,0,1,246824,14,2277.380834,2656.944326,0
75,1,0,246824,14,2656.944326,2277.380834,0
75,0,3,246824,13,2277.380834,5313.888771,0
75,3,0,246824,13,5313.888771,2277.380834,0
75,0,9,246824,10,2277.380834,2656.944326,0
75,9,0,246824,10,2656.944326,2277.380834,0
75,0,19,246824,28,2277.380834,5313.888771,0
75,19,0,246824,28,5313.888771,2277.380834,0
75,0,23,246824,32,2277.380834,7970.833215,0
75,23,0,246824,32,7970.833215,2277.380834,0
75,0,26,246824,31,2277.380834,5313.888771,0
75,26,0,246824,31,5313.888771,2277.380834,0
75,0,27,246824,32,2277.380834,5313.888771,0
75,27,0,246824,32,5313.888771,2277.380834,0
75,1,2,246824,11,2656.944326,2277.380834,0
75,2,1,246824,11,2277.380834,2656.944326,0
75,1,3,246824,14,2656.944326,5313.888771,0
75,3,1,246824,14,5313.888771,2656.944326,0
75,1,4,246824,14,2656.944326,3985.416549,0
75,4,1,246824,14,3985.416549,2656.944326,0
75,1,28,246824,35,2656.944326,7970.833215,0
75,28,1,246824,35,7970.833215,2656.944326,0
75,1,29,246824,27,2656.944326,5313.888771,0
75,29,1,246824,27,5313.888771,2656.944326,0
75,2,4,246824,10,2277.380834,3985.416549,0
75,4,2,246824,10,3985.416549,2277.380834,0
75,2,5,246824,9,2277.380834,7970.833215,0
75,5,2,246824,9,7970.833215,2277.380834,0
75,2,9,246824,7,2277.380834,2656.944326,0
75,9,2,246824,7,2656.944326,2277.380834,0
75,2,18,246824,37,2277.380834,7970.833215,0
75,18,2,246824,37,7970.833215,2277.380834,0
75,2,22,246824,33,2277.380834,7970.833215,0
75,22,2,246824,33,7970.833215,2277.380834,0
75,2,29,246824,24,2277.380834,5313.888771,0
75,29,2,246824,24,5313.888771,2277.380834,0
75,3,4,246824,13,5313.888771,3985.416549,0
75,4,3,246824,13,3985.416549,5313.888771,0
75,4,22,246824,36,3985.416549,7970.833215,0
75,22,4,246824,36,7970.833215,3985.416549,0
75,5,9,246824,9,7970.833215,2656.944326,0
75,9,5,246824,9,2656.944326,7970.833215,0
75,6,8,246824,11,3985.416549,5313.888771,0
75,8,6,246824,11,5313.888771,3985.416549,0
75,6,11,246824,11,3985.416549,5313.888771,0
75,11,6,246824,11,5313.888771,3985.416549,0
75,6,23,246824,31,3985.416549,7970.833215,0
75,23,6,246824,31,7970.833215,3985.416549,0
75,6,27,246824,31,3985.416549,5313.888771,0
75,27,6,246824,31,5313.888771,3985.416549,0
75,7,9,246824,9,7970.833215,2656.944326,0
75,9,7,246824,9,2656.944326,7970.833215,0
75,7,10,246824,11,7970.833215,5313.888771,0
75,10,7,246824,11,5313.888771,7970.833215,0
75,8,10,246824,11,5313.888771,5313.888771,0
75,10,8,246824,11,5313.888771,5313.888771,0
75,8,26,246824,29,5313.888771,5313.888771,0
75,26,8,246824,29,5313.888771,5313.888771,0
75,9,24,246824,21,2656.944326,7970.833215,0
75,24,9,246824,21,7970.833215,2656.944326,0
75,9,25,246824,28,2656.944326,7970.833215,0
75,25,9,246824,28,7970.833215,2656.944326,0
75,10,11,246824,11,5313.888771,5313.888771,0
75,11,10,246824,11,5313.888771,5313.888771,0
75,11,14,246824,11,5313.888771,1771.296178,0
75,14,11,246824,11,1771.296178,5313.888771,0
75,12,13,246824,12,5313.888771,3985.416549,0
75,13,12,246824,12,3985.416549,5313.888771,0
75,12,14,246824,12,5313.888771,1771.296178,0
75,14,12,246824,12,1771.296178,5313.888771,0
75,12,15,246824,28,5313.888771,7970.833215,0
75,15,12,246824,28,7970.833215,5313.888771,0
75,13,14,246824,12,3985.416549,1771.296178,0
75,14,13,246824,12,1771.296178,3985.416549,0
75,13,16,246824,41,3985.416549,7970.833215,0
75,16,13,246824,41,7970.833215,3985.416549,0
75,13,21,246824,34,3985.416549,7970.833215,0
75,21,13,246824,34,7970.833215,3985.416549,0
75,14,15,246824,28,1771.296178,7970.833215,0
75,15,14,246824,28,7970.833215,1771.296178,0
75,14,16,246824,41,1771.296178,7970.833215,0
75,16,14,246824,41,7970.833215,1771.296178,0
75,14,17,246824,29,1771.296178,7970.833215,0
75,17,14,246824,29,7970.833215,1771.296178,0
75,14,20,246824,26,1771.296178,3985.416549,0
75,20,14,246824,26,3985.416549,1771.296178,0
75,14,21,246824,34,1771.296178,7970.833215,0
75,21,14,246824,34,7970.833215,1771.296178,0
75,14,28,246824,34,1771.296178,7970.833215,0
75,28,14,246824,34,7970.833215,1771.296178,0
75,17,20,246824,36,7970.833215,3985.416549,0
75,20,17,246824,36,3985.416549,7970.833215,0
75,18,19,246824,47,7970.833215,5313.888771,0
75,19,18,246824,47,5313.888771,7970.833215,0
75,19,20,246824,34,5313.888771,3985.416549,0
75,20,19,246824,34,3985.416549,5313.888771,0
75,20,29,246824,33,3985.416549,5313.888771,0
75,29,20,246824,33,5313.888771,3985.416549,0
75,24,26,246824,34,7970.833215,5313.888771,0
75,26,24,246824,34,5313.888771,7970.833215,0
75,25,27,246824,42,7970.833215,5313.888771,0
75,27,25,246824,42,5313.888771,7970.833215,0
76,0,1,246824,14,2661.110993,2661.110993,0
76,1,0,246824,14,2661.110993,2661.110993,0
76,0,3,246824,13,2661.110993,5322.222104,0
76,3,0,246824,13,5322.222104,2661.110993,0
76,0,19,246824,28,2661.110993,7983.333215,0
76,19,0,246824,28,7983.333215,2661.110993,0
76,0,23,246824,32,2661.110993,7983.333215,0
76,23,0,246824,32,7983.333215,2661.110993,0
76,0,26,246824,31,2661.110993,3991.666548,0
76,26,0,246824,31,3991.666548,2661.110993,0
76,0,27,246824,32,2661.110993,5322.222104,0
76,27,0,246824,32,5322.222104,2661.110993,0
76,1,2,246824,11,2661.110993,2661.110993,0
76,2,1,246824,11,2661.110993,2661.110993,0
76,1,3,246824,14,2661.110993,5322.222104,0
76,3,1,246824,14,5322.222104,2661.110993,0
76,1,4,246824,14,2661.110993,3991.666548,0
76,4,1,246824,14,3991.666548,2661.110993,0
76,1,28,246824,35,2661.110993,7983.333215,0
76,28,1,246824,35,7983.333215,2661.110993,0
76,1,29,246824,27,2661.110993,7983.333215,0
76,29,1,246824,27,7983.333215,2661.110993,0
76,2,4,246824,10,2661.110993,3991.666548,0
76,4,2,246824,10,3991.666548,2661.110993,0
76,2,9,246824,7,2661.110993,2661.110993,0
76,9,2,246824,7,2661.110993,2661.110993,0
76,2,18,246824,37,2661.110993,7983.333215,0
76,18,2,246824,37,7983.333215,2661.110993,0
76,2,22,246824,33,2661.110993,7983.333215,0
76,22,2,246824,33,7983.333215,2661.110993,0
76,2,29,246824,24,2661.110993,7983.333215,0
76,29,2,246824,24,7983.333215,2661.110993,0
76,3,4,246824,13,5322.222104,3991.666548,0
76,4,3,246824,13,3991.666548,5322.222104,0
76,4,22,246824,36,3991.666548,7983.333215,0
76,22,4,246824,36,7983.333215,3991.666548,0
76,5,8,246824,11,7983.333215,3991.666548,0
76,8,5,246824,11,3991.666548,7983.333215,0
76,5,9,246824,9,7983.333215,2661.110993,0
76,9,5,246824,9,2661.110993,7983.333215,0
76,6,8,246824,11,3193.333215,3991.666548,0
76,8,6,246824,11,3991.666548,3193.333215,0
76,6,9,246824,9,3193.333215,2661.110993,0
76,9,6,246824,9,2661.110993,3193.333215,0
76,6,11,246824,11,3193.333215,3991.666548,0
76,11,6,246824,11,3991.666548,3193.333215,0
76,6,23,246824,31,3193.333215,7983.333215,0
76,23,6,246824,31,7983.333215,3193.333215,0
76,6,27,246824,31,3193.333215,5322.222104,0
76,27,6,246824,31,5322.222104,3193.333215,0
76,7,9,246824,9,7983.333215,2661.110993,0
76,9,7,246824,9,2661.110993,7983.333215,0
76,7,10,246824,11,7983.333215,5322.222104,0
76,10,7,246824,11,5322.222104,7983.333215,0
76,8,10,246824,11,3991.666548,5322.222104,0
76,10,8,246824,11,5322.222104,3991.666548,0
76,8,26,246824,29,3991.666548,3991.666548,0
76,26,8,246824,29,3991.666548,3991.666548,0
76,9,24,246824,21,2661.110993,7983.333215,0
76,24,9,246824,21,7983.333215,2661.110993,0
76,9,25,246824,28,2661.110993,7983.333215,0
76,25,9,246824,28,7983.333215,2661.110993,0
76,10,11,246824,11,5322.222104,3991.666548,0
76,11,10,246824,11,3991.666548,5322.222104,0
76,11,13,246824,11,3991.666548,3193.333215,0
76,13,11,246824,11,3193.333215,3991.666548,0
76,11,14,246824,11,3991.666548,1774.073956,0
76,14,11,246824,11,1774.073956,3991.666548,0
76,12,13,246824,12,5322.222104,3193.333215,0
76,13,12,246824,12,3193.333215,5322.222104,0
76,12,14,246824,12,5322.222104,1774.073956,0
76,14,12,246824,12,1774.073956,5322.222104,0
76,12,15,246824,28,5322.222104,7983.333215,0
76,15,12,246824,28,7983.333215,5322.222104,0
76,13,14,246824,12,3193.333215,1774.073956,0
76,14,13,246824,12,1774.073956,3193.333215,0
76,13,16,246824,41,3193.333215,7983.333215,0
76,16,13,246824,41,7983.333215,3193.333215,0
76,13,21,246824,34,3193.333215,7983.333215,0
76,21,13,246824,34,7983.333215,3193.333215,0
76,14,15,246824,28,1774.073956,7983.333215,0
76,15,14,246824,28,7983.333215,1774.073956,0
76,14,16,246824,41,1774.073956,7983.333215,0
76,16,14,246824,41,7983.333215,1774.073956,0
76,14,17,246824,29,1774.073956,7983.333215,0
76,17,14,246824,29,7983.333215,1774.073956,0
76,14,20,246824,26,1774.073956,5322.222104,0
76,20,14,246824,26,5322.222104,1774.073956,0
76,14,21,246824,34,1774.073956,7983.333215,0
76,21,14,246824,34,7983.333215,1774.073956,0
76,14,28,246824,34,1774.073956,7983.333215,0
76,28,14,246824,34,7983.333215,1774.073956,0
76,17,20,246824,36,7983.333215,5322.222104,0
76,20,17,246824,36,5322.222104,7983.333215,0
76,18,26,246824,50,7983.333215,3991.666548,0
76,26,18,246824,50,3991.666548,7983.333215,0
76,19,20,246824,34,7983.333215,5322.222104,0
76,20,19,246824,34,5322.222104,7983.333215,0
76,24,26,246824,34,7983.333215,3991.666548,0
76,26,24,246824,34,3991.666548,7983.333215,0
76,25,27,246824,42,7983.333215,5322.222104,0
76,27,25,246824,42,5322.222104,7983.333215,0
77,0,1,246824,14,2277.380834,2656.944326,0
77,1,0,246824,14,2656.944326,2277.380834,0
77,0,3,246824,13,2277.380834,7970.833215,0
77,3,0,246824,13,7970.833215,2277.380834,0
77,0,9,246824,10,2277.380834,2277.380834,0
77,9,0,246824,10,2277.380834,2277.380834,0
77,0,19,246824,28,2277.380834,5313.888771,0
77,19,0,246824,28,5313.888771,2277.380834,0
77,0,23,246824,32,2277.380834,7970.833215,0
77,23,0,246824,32,7970.833215,2277.380834,0
77,0,26,246824,31,2277.380834,5313.888771,0
77,26,0,246824,31,5313.888771,2277.380834,0
77,0,27,246824,32,2277.380834,5313.888771,0
77,27,0,246824,32,5313.888771,2277.380834,0
77,1,2,246824,11,2656.944326,2277.380834,0
77,2,1,246824,11,2277.380834,2656.944326,0
77,1,3,246824,14,2656.944326,7970.833215,0
77,3,1,246824,14,7970.833215,2656.944326,0
77,1,4,246824,14,2656.944326,5313.888771,0
77,4,1,246824,14,5313.888771,2656.944326,0
77,1,28,246824,35,2656.944326,7970.833215,0
77,28,1,246824,35,7970.833215,2656.944326,0
77,1,29,246824,27,2656.944326,7970.833215,0
77,29,1,246824,27,7970.833215,2656.944326,0
77,2,4,246824,10,2277.380834,5313.888771,0
77,4,2,246824,10,5313.888771,2277.380834,0
77,2,5,246824,9,2277.380834,7970.833215,0
77,5,2,246824,9,7970.833215,2277.380834,0
77,2,9,246824,7,2277.380834,2277.380834,0
77,9,2,246824,7,2277.380834,2277.380834,0
77,2,18,246824,37,2277.380834,7970.833215,0
77,18,2,246824,37,7970.833215,2277.380834,0
77,2,22,246824,33,2277.380834,7970.833215,0
77,22,2,246824,33,7970.833215,2277.380834,0
77,2,29,246824,24,2277.380834,7970.833215,0
77,29,2,246824,24,7970.833215,2277.380834,0
77,4,22,246824,36,5313.888771,7970.833215,0
77,22,4,246824,36,7970.833215,5313.888771,0
77,5,9,246824,9,7970.833215,2277.380834,0
77,9,5,246824,9,2277.380834,7970.833215,0
77,6,8,246824,11,3188.333215,5313.888771,0
77,8,6,246824,11,5313.888771,3188.333215,0
77,6,9,246824,9,3188.333215,2277.380834,0
77,9,6,246824,9,2277.380834,3188.333215,0
77,6,11,246824,11,3188.333215,3985.416549,0
77,11,6,246824,11,3985.416549,3188.333215,0
77,6,23,246824,31,3188.333215,7970.833215,0
77,23,6,246824,31,7970.833215,3188.333215,0
77,6,27,246824,31,3188.333215,5313.888771,0
77,27,6,246824,31,5313.888771,3188.333215,0
77,7,9,246824,9,7970.833215,2277.380834,0
77,9,7,246824,9,2277.380834,7970.833215,0
77,7,10,246824,11,7970.833215,5313.888771,0
77,10,7,246824,11,5313.888771,7970.833215,0
77,8,10,246824,11,5313.888771,5313.888771,0
77,10,8,246824,11,5313.888771,5313.888771,0
77,8,26,246824,29,5313.888771,5313.888771,0
77,26,8,246824,29,5313.888771,5313.888771,0
77,9,24,246824,21,2277.380834,7970.833215,0
77,24,9,246824,21,7970.833215,2277.380834,0
77,9,25,246824,28,2277.380834,7970.833215,0
77,25,9,246824,28,7970.833215,2277.380834,0
77,10,11,246824,11,5313.888771,3985.416549,0
77,11,10,246824,11,3985.416549,5313.888771,0
77,11,13,246824,11,3985.416549,3188.333215,0
77,13,11,246824,11,3188.333215,3985.416549,0
77,11,14,246824,11,3985.416549,1771.296178,0
77,14,11,246824,11,1771.296178,3985.416549,0
77,12,13,246824,12,5313.888771,3188.333215,0
77,13,12,246824,12,3188.333215,5313.888771,0
77,12,14,246824,12,5313.888771,1771.296178,0
77,14,12,246824,12,1771.296178,5313.888771,0
77,12,15,246824,28,5313.888771,7970.833215,0
77,15,12,246824,28,7970.833215,5313.888771,0
77,13,14,246824,12,3188.333215,1771.296178,0
77,14,13,246824,12,1771.296178,3188.333215,0
77,13,16,246824,41,3188.333215,7970.833215,0
77,16,13,246824,41,7970.833215,3188.333215,0
77,13,21,246824,34,3188.333215,7970.833215,0
77,21,13,246824,34,7970.833215,3188.333215,0
77,14,15,246824,28,1771.296178,7970.833215,0
77,15,14,246824,28,7970.833215,1771.296178,0
77,14,16,246824,41,1771.296178,7970.833215,0
77,16,14,246824,41,7970.833215,1771.296178,0
77,14,17,246824,29,1771.296178,7970.833215,0
77,17,14,246824,29,7970.833215,1771.296178,0
77,14,20,246824,26,1771.296178,5313.888771,0
77,20,14,246824,26,5313.888771,1771.296178,0
77,14,21,246824,34,1771.296178,7970.833215,0
77,21,14,246824,34,7970.833215,1771.296178,0
77,14,28,246824,34,1771.296178,7970.833215,0
77,28,14,246824,34,7970.833215,1771.296178,0
77,17,20,246824,36,7970.833215,5313.888771,0
77,20,17,246824,36,5313.888771,7970.833215,0
77,18,19,246824,47,7970.833215,5313.888771,0
77,19,18,246824,47,5313.888771,7970.833215,0
77,19,20,246824,34,5313.888771,5313.888771,0
77,20,19,246824,34,5313.888771,5313.888771,0
77,24,26,246824,34,7970.833215,5313.888771,0
77,26,24,246824,34,5313.888771,7970.833215,0
77,25,27,246824,42,7970.833215,5313.888771,0
77,27,25,246824,42,5313.888771,7970.833215,0
78,0,1,246824,14,2280.952263,3991.666548,0
78,1,0,246824,14,3991.666548,2280.952263,0
78,0,3,246824,13,2280.952263,5322.222104,0
78,3,0,246824,13,5322.222104,2280.952263,0
78,0,9,246824,10,2280.952263,2280.952263,0
78,9,0,246824,10,2280.952263,2280.952263,0
78,0,19,246824,28,2280.952263,7983.333215,0
78,19,0,246824,28,7983.333215,2280.952263,0
78,0,23,246824,32,2280.952263,7983.333215,0
78,23,0,246824,32,7983.333215,2280.952263,0
78,0,26,246824,31,2280.952263,3991.666548,0
78,26,0,246824,31,3991.666548,2280.952263,0
78,0,27,246824,32,2280.952263,5322.222104,0
78,27,0,246824,32,5322.222104,2280.952263,0
78,1,2,246824,11,3991.666548,2280.952263,0
78,2,1,246824,11,2280.952263,3991.666548,0
78,1,4,246824,14,3991.666548,3991.666548,0
78,4,1,246824,14,3991.666548,3991.666548,0
78,1,29,246824,27,3991.666548,5322.222104,0
78,29,1,246824,27,5322.222104,3991.666548,0
78,2,4,246824,10,2280.952263,3991.666548,0
78,4,2,246824,10,3991.666548,2280.952263,0
78,2,5,246824,9,2280.952263,7983.333215,0
78,5,2,246824,9,7983.333215,2280.952263,0
78,2,9,246824,7,2280.952263,2280.952263,0
78,9,2,246824,7,2280.952263,2280.952263,0
78,2,18,246824,37,2280.952263,7983.333215,0
78,18,2,246824,37,7983.333215,2280.952263,0
78,2,22,246824,33,2280.952263,7983.333215,0
78,22,2,246824,33,7983.333215,2280.952263,0
78,2,29,246824,24,2280.952263,5322.222104,0
78,29,2,246824,24,5322.222104,2280.952263,0
78,3,4,246824,13,5322.222104,3991.666548,0
78,4,3,246824,13,3991.666548,5322.222104,0
78,3,28,246824,35,5322.222104,7983.333215,0
78,28,3,246824,35,7983.333215,5322.222104,0
78,4,22,246824,36,3991.666548,7983.333215,0
78,22,4,246824,36,7983.333215,3991.666548,0
78,5,9,246824,9,7983.333215,2280.952263,0
78,9,5,246824,9,2280.952263,7983.333215,0
78,6,8,246824,11,3193.333215,5322.222104,0
78,8,6,246824,11,5322.222104,3193.333215,0
78,6,9,246824,9,3193.333215,2280.952263,0
78,9,6,246824,9,2280.952263,3193.333215,0
78,6,11,246824,11,3193.333215,3991.666548,0
78,11,6,246824,11,3991.666548,3193.333215,0
78,6,23,246824,31,3193.333215,7983.333215,0
78,23,6,246824,31,7983.333215,3193.333215,0
78,6,27,246824,31,3193.333215,5322.222104,0
78,27,6,246824,31,5322.222104,3193.333215,0
78,7,9,246824,9,7983.333215,2280.952263,0
78,9,7,246824,9,2280.952263,7983.333215,0
78,7,10,246824,11,7983.333215,5322.222104,0
78,10,7,246824,11,5322.222104,7983.333215,0
78,8,10,246824,11,5322.222104,5322.222104,0
78,10,8,246824,11,5322.222104,5322.222104,0
78,8,26,246824,29,5322.222104,3991.666548,0
78,26,8,246824,29,3991.666548,5322.222104,0
78,9,24,246824,21,2280.952263,7983.333215,0
78,24,9,246824,21,7983.333215,2280.952263,0
78,9,25,246824,28,2280.952263,7983.333215,0
78,25,9,246824,28,7983.333215,2280.952263,0
78,10,11,246824,11,5322.222104,3991.666548,0
78,11,10,246824,11,3991.666548,5322.222104,0
78,11,13,246824,11,3991.666548,3193.333215,0
78,13,11,246824,11,3193.333215,3991.666548,0
78,11,14,246824,11,3991.666548,1774.073956,0
78,14,11,246824,11,1774.073956,3991.666548,0
78,12,13,246824,12,5322.222104,3193.333215,0
78,13,12,246824,12,3193.333215,5322.222104,0
78,12,14,246824,12,5322.222104,1774.073956,0
78,14,12,246824,12,1774.073956,5322.222104,0
78,12,15,246824,28,5322.222104,7983.333215,0
78,15,12,246824,28,7983.333215,5322.222104,0
78,13,14,246824,12,3193.333215,1774.073956,0
78,14,13,246824,12,1774.073956,3193.333215,0
78,13,16,246824,41,3193.333215,7983.333215,0
78,16,13,246824,41,7983.333215,3193.333215,0
78,13,21,246824,34,3193.333215,7983.333215,0
78,21,13,246824,34,7983.333215,3193.333215,0
78,14,15,246824,28,1774.073956,7983.333215,0
78,15,14,246824,28,7983.333215,1774.073956,0
78,14,16,246824,41,1774.073956,7983.333215,0
78,16,14,246824,41,7983.333215,1774.073956,0
78,14,17,246824,29,1774.073956,7983.333215,0
78,17,14,246824,29,7983.333215,1774.073956,0
78,14,20,246824,26,1774.073956,3991.666548,0
78,20,14,246824,26,3991.666548,1774.073956,0
78,14,21,246824,34,1774.073956,7983.333215,0
78,21,14,246824,34,7983.333215,1774.073956,0
78,14,28,246824,34,1774.073956,7983.333215,0
78,28,14,246824,34,7983.333215,1774.073956,0
78,17,20,246824,36,7983.333215,3991.666548,0
78,20,17,246824,36,3991.666548,7983.333215,0
78,18,26,246824,50,7983.333215,3991.666548,0
78,26,18,246824,50,3991.666548,7983.333215,0
78,19,20,246824,34,7983.333215,3991.666548,0
78,20,19,246824,34,3991.666548,7983.333215,0
78,20,29,246824,33,3991.666548,5322.222104,0
78,29,20,246824,33,5322.222104,3991.666548,0
78,24,26,246824,34,7983.333215,3991.666548,0
78,26,24,246824,34,3991.666548,7983.333215,0
78,25,27,246824,42,7983.333215,5322.222104,0
78,27,25,246824,42,5322.222104,7983.333215,0
79,0,1,246824,14,2277.380834,2656.944326,0
79,1,0,246824,14,2656.944326,2277.380834,0
79,0,3,246824,13,2277.380834,5313.888771,0
79,3,0,246824,13,5313.888771,2277.380834,0
79,0,9,246824,10,2277.380834,2656.944326,0
79,9,0,246824,10,2656.944326,2277.380834,0
79,0,19,246824,28,2277.380834,5313.888771,0
79,19,0,246824,28,5313.888771,2277.380834,0
79,0,23,246824,32,2277.380834,7970.833215,0
79,23,0,246824,32,7970.833215,2277.380834,0
79,0,26,246824,31,2277.380834,5313.888771,0
79,26,0,246824,31,5313.888771,2277.380834,0
79,0,27,246824,32,2277.380834,7970.833215,0
79,27,0,246824,32,7970.833215,2277.380834,0
79,1,2,246824,11,2656.944326,2277.380834,0
79,2,1,246824,11,2277.380834,2656.944326,0
79,1,3,246824,14,2656.944326,5313.888771,0
79,3,1,246824,14,5313.888771,2656.944326,0
79,1,4,246824,14,2656.944326,3985.416549,0
79,4,1,246824,14,3985.416549,2656.944326,0
79,1,28,246824,35,2656.944326,5313.888771,0
79,28,1,246824,35,5313.888771,2656.944326,0
79,1,29,246824,27,2656.944326,7970.833215,0
79,29,1,246824,27,7970.833215,2656.944326,0
79,2,4,246824,10,2277.380834,3985.416549,0
79,4,2,246824,10,3985.416549,2277.380834,0
79,2,5,246824,9,2277.380834,5313.888771,0
79,5,2,246824,9,5313.888771,2277.380834,0
79,2,9,246824,7,2277.380834,2656.944326,0
79,9,2,246824,7,2656.944326,2277.380834,0
79,2,18,246824,37,2277.380834,7970.833215,0
79,18,2,246824,37,7970.833215,2277.380834,0
79,2,22,246824,33,2277.380834,7970.833215,0
79,22,2,246824,33,7970.833215,2277.380834,0
79,2,29,246824,24,2277.380834,7970.833215,0
79,29,2,246824,24,7970.833215,2277.380834,0
79,3,4,246824,13,5313.888771,3985.416549,0
79,4,3,246824,13,3985.416549,5313.888771,0
79,4,22,246824,36,3985.416549,7970.833215,0
79,22,4,246824,36,7970.833215,3985.416549,0
79,5,6,246824,11,5313.888771,3188.333215,0
79,6,5,246824,11,3188.333215,5313.888771,0
79,5,9,246824,9,5313.888771,2656.944326,0
79,9,5,246824,9,2656.944326,5313.888771,0
79,6,8,246824,11,3188.333215,5313.888771,0
79,8,6,246824,11,5313.888771,3188.333215,0
79,6,11,246824,11,3188.333215,3985.416549,0
79,11,6,246824,11,3985.416549,3188.333215,0
79,6,23,246824,31,3188.333215,7970.833215,0
79,23,6,246824,31,7970.833215,3188.333215,0
79,6,27,246824,31,3188.333215,7970.833215,0
79,27,6,246824,31,7970.833215,3188.333215,0
79,7,9,246824,9,7970.833215,2656.944326,0
79,9,7,246824,9,2656.944326,7970.833215,0
79,7,10,246824,11,7970.833215,5313.888771,0
79,10,7,246824,11,5313.888771,7970.833215,0
79,8,10,246824,11,5313.888771,5313.888771,0
79,10,8,246824,11,5313.888771,5313.888771,0
79,8,26,246824,29,5313.888771,5313.888771,0
79,26,8,246824,29,5313.888771,5313.888771,0
79,9,24,246824,21,2656.944326,7970.833215,0
79,24,9,246824,21,7970.833215,2656.944326,0
79,9,25,246824,28,2656.944326,7970.833215,0
79,25,9,246824,28,7970.833215,2656.944326,0
79,10,11,246824,11,5313.888771,3985.416549,0
79,11,10,246824,11,3985.416549,5313.888771,0
79,11,13,246824,11,3985.416549,3188.333215,0
79,13,11,246824,11,3188.333215,3985.416549,0
79,11,14,246824,11,3985.416549,1771.296178,0
79,14,11,246824,11,1771.296178,3985.416549,0
79,12,13,246824,12,5313.888771,3188.333215,0
79,13,12,246824,12,3188.333215,5313.888771,0
79,12,14,246824,12,5313.888771,1771.296178,0
79,14,12,246824,12,1771.296178,5313.888771,0
79,12,15,246824,28,5313.888771,7970.833215,0
79,15,12,246824,28,7970.833215,5313.888771,0
79,13,14,246824,12,3188.333215,1771.296178,0
79,14,13,246824,12,1771.296178,3188.333215,0
79,13,16,246824,41,3188.333215,7970.833215,0
79,16,13,246824,41,7970.833215,3188.333215,0
79,13,21,246824,34,3188.333215,7970.833215,0
79,21,13,246824,34,7970.833215,3188.333215,0
79,14,15,246824,28,1771.296178,7970.833215,0
79,15,14,246824,28,7970.833215,1771.296178,0
79,14,16,246824,41,1771.296178,7970.833215,0
79,16,14,246824,41,7970.833215,1771.296178,0
79,14,17,246824,29,1771.296178,7970.833215,0
79,17,14,246824,29,7970.833215,1771.296178,0
79,14,20,246824,26,1771.296178,5313.888771,0
79,20,14,246824,26,5313.888771,1771.296178,0
79,14,21,246824,34,1771.296178,7970.833215,0
79,21,14,246824,34,7970.833215,1771.296178,0
79,14,28,246824,34,1771.296178,5313.888771,0
79,28,14,246824,34,5313.888771,1771.296178,0
79,17,20,246824,36,7970.833215,5313.888771,0
79,20,17,246824,36,5313.888771,7970.833215,0
79,18,19,246824,47,7970.833215,5313.888771,0
79,19,18,246824,47,5313.888771,7970.833215,0
79,19,20,246824,34,5313.888771,5313.888771,0
79,20,19,246824,34,5313.888771,5313.888771,0
79,24,26,246824,34,7970.833215,5313.888771,0
79,26,24,246824,34,5313.888771,7970.833215,0
79,25,28,246824,45,7970.833215,5313.888771,0
79,28,25,246824,45,5313.888771,7970.833215,0
80,0,1,246824,14,2280.952263,3991.666548,0
80,1,0,246824,14,3991.666548,2280.952263,0
80,0,3,246824,13,2280.952263,5322.222104,0
80,3,0,246824,13,5322.222104,2280.952263,0
80,0,9,246824,10,2280.952263,2280.952263,0
80,9,0,246824,10,2280.952263,2280.952263,0
80,0,19,246824,28,2280.952263,7983.333215,0
80,19,0,246824,28,7983.333215,2280.952263,0
80,0,23,246824,32,2280.952263,7983.333215,0
80,23,0,246824,32,7983.333215,2280.952263,0
80,0,26,246824,31,2280.952263,3991.666548,0
80,26,0,246824,31,3991.666548,2280.952263,0
80,0,27,246824,32,2280.952263,7983.333215,0
80,27,0,246824,32,7983.333215,2280.952263,0
80,1,2,246824,11,3991.666548,2280.952263,0
80,2,1,246824,11,2280.952263,3991.666548,0
80,1,4,246824,14,3991.666548,3991.666548,0
80,4,1,246824,14,3991.666548,3991.666548,0
80,1,29,246824,27,3991.666548,7983.333215,0
80,29,1,246824,27,7983.333215,3991.666548,0
80,2,4,246824,10,2280.952263,3991.666548,0
80,4,2,246824,10,3991.666548,2280.952263,0
80,2,5,246824,9,2280.952263,5322.222104,0
80,5,2,246824,9,5322.222104,2280.952263,0
80,2,9,246824,7,2280.952263,2280.952263,0
80,9,2,246824,7,2280.952263,2280.952263,0
80,2,18,246824,37,2280.952263,7983.333215,0
80,18,2,246824,37,7983.333215,2280.952263,0
80,2,22,246824,33,2280.952263,3991.666548,0
80,22,2,246824,33,3991.666548,2280.952263,0
80,2,29,246824,24,2280.952263,7983.333215,0
80,29,2,246824,24,7983.333215,2280.952263,0
80,3,4,246824,13,5322.222104,3991.666548,0
80,4,3,246824,13,3991.666548,5322.222104,0
80,3,28,246824,35,5322.222104,5322.222104,0
80,28,3,246824,35,5322.222104,5322.222104,0
80,4,22,246824,36,3991.666548,3991.666548,0
80,22,4,246824,36,3991.666548,3991.666548,0
80,5,6,246824,11,5322.222104,2661.110993,0
80,6,5,246824,11,2661.110993,5322.222104,0
80,5,9,246824,9,5322.222104,2280.952263,0
80,9,5,246824,9,2280.952263,5322.222104,0
80,6,8,246824,11,2661.110993,5322.222104,0
80,8,6,246824,11,5322.222104,2661.110993,0
80,6,9,246824,9,2661.110993,2280.952263,0
80,9,6,246824,9,2280.952263,2661.110993,0
80,6,11,246824,11,2661.110993,5322.222104,0
80,11,6,246824,11,5322.222104,2661.110993,0
80,6,23,246824,31,2661.110993,7983.333215,0
80,23,6,246824,31,7983.333215,2661.110993,0
80,6,27,246824,31,2661.110993,7983.333215,0
80,27,6,246824,31,7983.333215,2661.110993,0
80,7,9,246824,9,7983.333215,2280.952263,0
80,9,7,246824,9,2280.952263,7983.333215,0
80,7,10,246824,11,7983.333215,5322.222104,0
80,10,7,246824,11,5322.222104,7983.333215,0
80,8,10,246824,11,5322.222104,5322.222104,0
80,10,8,246824,11,5322.222104,5322.222104,0
80,8,26,246824,29,5322.222104,3991.666548,0
80,26,8,246824,29,3991.666548,5322.222104,0
80,9,24,246824,21,2280.952263,7983.333215,0
80,24,9,246824,21,7983.333215,2280.952263,0
80,9,25,246824,28,2280.952263,7983.333215,0
80,25,9,246824,28,7983.333215,2280.952263,0
80,10,11,246824,11,5322.222104,5322.222104,0
80,11,10,246824,11,5322.222104,5322.222104,0
80,11,14,246824,11,5322.222104,1774.073956,0
80,14,11,246824,11,1774.073956,5322.222104,0
80,12,13,246824,12,5322.222104,3991.666548,0
80,13,12,246824,12,3991.666548,5322.222104,0
80,12,14,246824,12,5322.222104,1774.073956,0
80,14,12,246824,12,1774.073956,5322.222104,0
80,12,15,246824,28,5322.222104,7983.333215,0
80,15,12,246824,28,7983.333215,5322.222104,0
80,13,14,246824,12,3991.666548,1774.073956,0
80,14,13,246824,12,1774.073956,3991.666548,0
80,13,16,246824,41,3991.666548,7983.333215,0
80,16,13,246824,41,7983.333215,3991.666548,0
80,13,21,246824,34,3991.666548,7983.333215,0
80,21,13,246824,34,7983.333215,3991.666548,0
80,14,15,246824,28,1774.073956,7983.333215,0
80,15,14,246824,28,7983.333215,1774.073956,0
80,14,16,246824,41,1774.073956,7983.333215,0
80,16,14,246824,41,7983.333215,1774.073956,0
80,14,17,246824,29,1774.073956,7983.333215,0
80,17,14,246824,29,7983.333215,1774.073956,0
80,14,20,246824,26,1774.073956,5322.222104,0
80,20,14,246824,26,5322.222104,1774.073956,0
80,14,21,246824,34,1774.073956,7983.333215,0
80,21,14,246824,34,7983.333215,1774.073956,0
80,14,28,246824,34,1774.073956,5322.222104,0
80,28,14,246824,34,5322.222104,1774.073956,0
80,17,20,246824,36,7983.333215,5322.222104,0
80,20,17,246824,36,5322.222104,7983.333215,0
80,18,26,246824,50,7983.333215,3991.666548,0
80,26,18,246824,50,3991.666548,7983.333215,0
80,19,22,246824,43,7983.333215,3991.666548,0
80,22,19,246824,43,3991.666548,7983.333215,0
80,20,22,246824,42,5322.222104,3991.666548,0
80,22,20,246824,42,3991.666548,5322.222104,0
80,24,26,246824,34,7983.333215,3991.666548,0
80,26,24,246824,34,3991.666548,7983.333215,0
80,25,28,246824,45,7983.333215,5322.222104,0
80,28,25,246824,45,5322.222104,7983.333215,0
81,0,1,246824,14,2280.952263,3991.666548,0
81,1,0,246824,14,3991.666548,2280.952263,0
81,0,3,246824,13,2280.952263,5322.222104,0
81,3,0,246824,13,5322.222104,2280.952263,0
81,0,9,246824,10,2280.952263,2661.110993,0
81,9,0,246824,10,2661.110993,2280.952263,0
81,0,19,246824,28,2280.952263,7983.333215,0
81,19,0,246824,28,7983.333215,2280.952263,0
81,0,23,246824,32,2280.952263,7983.333215,0
81,23,0,246824,32,7983.333215,2280.952263,0
81,0,26,246824,31,2280.952263,3991.666548,0
81,26,0,246824,31,3991.666548,2280.952263,0
81,0,27,246824,32,2280.952263,7983.333215,0
81,27,0,246824,32,7983.333215,2280.952263,0
81,1,2,246824,11,3991.666548,2280.952263,0
81,2,1,246824,11,2280.952263,3991.666548,0
81,1,4,246824,14,3991.666548,3193.333215,0
81,4,1,246824,14,3193.333215,3991.666548,0
81,1,29,246824,27,3991.666548,5322.222104,0
81,29,1,246824,27,5322.222104,3991.666548,0
81,2,4,246824,10,2280.952263,3193.333215,0
81,4,2,246824,10,3193.333215,2280.952263,0
81,2,5,246824,9,2280.952263,5322.222104,0
81,5,2,246824,9,5322.222104,2280.952263,0
81,2,9,246824,7,2280.952263,2661.110993,0
81,9,2,246824,7,2661.110993,2280.952263,0
81,2,18,246824,37,2280.952263,7983.333215,0
81,18,2,246824,37,7983.333215,2280.952263,0
81,2,22,246824,33,2280.952263,5322.222104,0
81,22,2,246824,33,5322.222104,2280.952263,0
81,2,29,246824,24,2280.952263,5322.222104,0
81,29,2,246824,24,5322.222104,2280.952263,0
81,3,4,246824,13,5322.222104,3193.333215,0
81,4,3,246824,13,3193.333215,5322.222104,0
81,3,28,246824,35,5322.222104,5322.222104,0
81,28,3,246824,35,5322.222104,5322.222104,0
81,4,6,246824,12,3193.333215,3193.333215,0
81,6,4,246824,12,3193.333215,3193.333215,0
81,4,22,246824,36,3193.333215,5322.222104,0
81,22,4,246824,36,5322.222104,3193.333215,0
81,5,6,246824,11,5322.222104,3193.333215,0
81,6,5,246824,11,3193.333215,5322.222104,0
81,5,9,246824,9,5322.222104,2661.110993,0
81,9,5,246824,9,2661.110993,5322.222104,0
81,6,8,246824,11,3193.333215,5322.222104,0
81,8,6,246824,11,5322.222104,3193.333215,0
81,6,23,246824,31,3193.333215,7983.333215,0
81,23,6,246824,31,7983.333215,3193.333215,0
81,6,27,246824,31,3193.333215,7983.333215,0
81,27,6,246824,31,7983.333215,3193.333215,0
81,7,9,246824,9,7983.333215,2661.110993,0
81,9,7,246824,9,2661.110993,7983.333215,0
81,7,10,246824,11,7983.333215,5322.222104,0
81,10,7,246824,11,5322.222104,7983.333215,0
81,8,10,246824,11,5322.222104,5322.222104,0
81,10,8,246824,11,5322.222104,5322.222104,0
81,8,26,246824,29,5322.222104,3991.666548,0
81,26,8,246824,29,3991.666548,5322.222104,0
81,9,24,246824,21,2661.110993,7983.333215,0
81,24,9,246824,21,7983.333215,2661.110993,0
81,9,25,246824,28,2661.110993,7983.333215,0
81,25,9,246824,28,7983.333215,2661.110993,0
81,10,11,246824,11,5322.222104,7983.333215,0
81,11,10,246824,11,7983.333215,5322.222104,0
81,11,14,246824,11,7983.333215,1774.073956,0
81,14,11,246824,11,1774.073956,7983.333215,0
81,12,13,246824,12,5322.222104,3991.666548,0
81,13,12,246824,12,3991.666548,5322.222104,0
81,12,14,246824,12,5322.222104,1774.073956,0
81,14,12,246824,12,1774.073956,5322.222104,0
81,12,15,246824,28,5322.222104,7983.333215,0
81,15,12,246824,28,7983.333215,5322.222104,0
81,13,14,246824,12,3991.666548,1774.073956,0
81,14,13,246824,12,1774.073956,3991.666548,0
81,13,16,246824,41,3991.666548,7983.333215,0
81,16,13,246824,41,7983.333215,3991.666548,0
81,13,21,246824,34,3991.666548,7983.333215,0
81,21,13,246824,34,7983.333215,3991.666548,0
81,14,15,246824,28,1774.073956,7983.333215,0
81,15,14,246824,28,7983.333215,1774.073956,0
81,14,16,246824,41,1774.073956,7983.333215,0
81,16,14,246824,41,7983.333215,1774.073956,0
81,14,17,246824,29,1774.073956,7983.333215,0
81,17,14,246824,29,7983.333215,1774.073956,0
81,14,20,246824,26,1774.073956,5322.222104,0
81,20,14,246824,26,5322.222104,1774.073956,0
81,14,21,246824,34,1774.073956,7983.333215,0
81,21,14,246824,34,7983.333215,1774.073956,0
81,14,28,246824,34,1774.073956,5322.222104,0
81,28,14,246824,34,5322.222104,1774.073956,0
81,17,20,246824,36,7983.333215,5322.222104,0
81,20,17,246824,36,5322.222104,7983.333215,0
81,18,26,246824,50,7983.333215,3991.666548,0
81,26,18,246824,50,3991.666548,7983.333215,0
81,19,22,246824,43,7983.333215,5322.222104,0
81,22,19,246824,43,5322.222104,7983.333215,0
81,20,29,246824,33,5322.222104,5322.222104,0
81,29,20,246824,33,5322.222104,5322.222104,0
81,24,26,246824,34,7983.333215,3991.666548,0
81,26,24,246824,34,3991.666548,7983.333215,0
81,25,28,246824,45,7983.333215,5322.222104,0
81,28,25,246824,45,5322.222104,7983.333215,0
82,0,1,246824,14,2277.380834,2656.944326,0
82,1,0,246824,14,2656.944326,2277.380834,0
82,0,3,246824,13,2277.380834,5313.888771,0
82,3,0,246824,13,5313.888771,2277.380834,0
82,0,9,246824,10,2277.380834,2656.944326,0
82,9,0,246824,10,2656.944326,2277.380834,0
82,0,19,246824,28,2277.380834,5313.888771,0
82,19,0,246824,28,5313.888771,2277.380834,0
82,0,23,246824,32,2277.380834,7970.833215,0
82,23,0,246824,32,7970.833215,2277.380834,0
82,0,26,246824,31,2277.380834,5313.888771,0
82,26,0,246824,31,5313.888771,2277.380834,0
82,0,27,246824,32,2277.380834,5313.888771,0
82,27,0,246824,32,5313.888771,2277.380834,0
82,1,2,246824,11,2656.944326,2277.380834,0
82,2,1,246824,11,2277.380834,2656.944326,0
82,1,3,246824,14,2656.944326,5313.888771,0
82,3,1,246824,14,5313.888771,2656.944326,0
82,1,4,246824,14,2656.944326,2656.944326,0
82,4,1,246824,14,2656.944326,2656.944326,0
82,1,28,246824,35,2656.944326,7970.833215,0
82,28,1,246824,35,7970.833215,2656.944326,0
82,1,29,246824,27,2656.944326,7970.833215,0
82,29,1,246824,27,7970.833215,2656.944326,0
82,2,4,246824,10,2277.380834,2656.944326,0
82,4,2,246824,10,2656.944326,2277.380834,0
82,2,5,246824,9,2277.380834,7970.833215,0
82,5,2,246824,9,7970.833215,2277.380834,0
82,2,9,246824,7,2277.380834,2656.944326,0
82,9,2,246824,7,2656.944326,2277.380834,0
82,2,18,246824,37,2277.380834,7970.833215,0
82,18,2,246824,37,7970.833215,2277.380834,0
82,2,22,246824,33,2277.380834,7970.833215,0
82,22,2,246824,33,7970.833215,2277.380834,0
82,2,29,246824,24,2277.380834,7970.833215,0
82,29,2,246824,24,7970.833215,2277.380834,0
82,3,4,246824,13,5313.888771,2656.944326,0
82,4,3,246824,13,2656.944326,5313.888771,0
82,4,6,246824,12,2656.944326,3985.416549,0
82,6,4,246824,12,3985.416549,2656.944326,0
82,4,8,246824,12,2656.944326,5313.888771,0
82,8,4,246824,12,5313.888771,2656.944326,0
82,4,22,246824,36,2656.944326,7970.833215,0
82,22,4,246824,36,7970.833215,2656.944326,0
82,5,9,246824,9,7970.833215,2656.944326,0
82,9,5,246824,9,2656.944326,7970.833215,0
82,6,11,246824,11,3985.416549,3985.416549,0
82,11,6,246824,11,3985.416549,3985.416549,0
82,6,23,246824,31,3985.416549,7970.833215,0
82,23,6,246824,31,7970.833215,3985.416549,0
82,6,27,246824,31,3985.416549,5313.888771,0
82,27,6,246824,31,5313.888771,3985.416549,0
82,7,9,246824,9,7970.833215,2656.944326,0
82,9,7,246824,9,2656.944326,7970.833215,0
82,7,10,246824,11,7970.833215,5313.888771,0
82,10,7,246824,11,5313.888771,7970.833215,0
82,8,10,246824,11,5313.888771,5313.888771,0
82,10,8,246824,11,5313.888771,5313.888771,0
82,8,26,246824,29,5313.888771,5313.888771,0
82,26,8,246824,29,5313.888771,5313.888771,0
82,9,24,246824,21,2656.944326,7970.833215,0
82,24,9,246824,21,7970.833215,2656.944326,0
82,9,25,246824,28,2656.944326,7970.833215,0
82,25,9,246824,28,7970.833215,2656.944326,0
82,10,11,246824,11,5313.888771,3985.416549,0
82,11,10,246824,11,3985.416549,5313.888771,0
82,11,13,246824,11,3985.416549,3985.416549,0
82,13,11,246824,11,3985.416549,3985.416549,0
82,11,14,246824,11,3985.416549,1992.708215,0
82,14,11,246824,11,1992.708215,3985.416549,0
82,12,13,246824,12,5313.888771,3985.416549,0
82,13,12,246824,12,3985.416549,5313.888771,0
82,12,14,246824,12,5313.888771,1992.708215,0
82,14,12,246824,12,1992.708215,5313.888771,0
82,12,15,246824,28,5313.888771,7970.833215,0
82,15,12,246824,28,7970.833215,5313.888771,0
82,13,16,246824,41,3985.416549,7970.833215,0
82,16,13,246824,41,7970.833215,3985.416549,0
82,13,21,246824,34,3985.416549,7970.833215,0
82,21,13,246824,34,7970.833215,3985.416549,0
82,14,15,246824,28,1992.708215,7970.833215,0
82,15,14,246824,28,7970.833215,1992.708215,0
82,14,16,246824,41,1992.708215,7970.833215,0
82,16,14,246824,41,7970.833215,1992.708215,0
82,14,17,246824,29,1992.708215,7970.833215,0
82,17,14,246824,29,7970.833215,1992.708215,0
82,14,20,246824,26,1992.708215,5313.888771,0
82,20,14,246824,26,5313.888771,1992.708215,0
82,14,21,246824,34,1992.708215,7970.833215,0
82,21,14,246824,34,7970.833215,1992.708215,0
82,14,28,246824,34,1992.708215,7970.833215,0
82,28,14,246824,34,7970.833215,1992.708215,0
82,17,20,246824,36,7970.833215,5313.888771,0
82,20,17,246824,36,5313.888771,7970.833215,0
82,18,19,246824,47,7970.833215,5313.888771,0
82,19,18,246824,47,5313.888771,7970.833215,0
82,19,20,246824,34,5313.888771,5313.888771,0
82,20,19,246824,34,5313.888771,5313.888771,0
82,24,26,246824,34,7970.833215,5313.888771,0
82,26,24,246824,34,5313.888771,7970.833215,0
82,25,27,246824,42,7970.833215,5313.888771,0
82,27,25,246824,42,5313.888771,7970.833215,0
83,0,1,246824,14,2280.952263,3193.333215,0
83,1,0,246824,14,3193.333215,2280.952263,0
83,0,3,246824,13,2280.952263,3991.666548,0
83,3,0,246824,13,3991.666548,2280.952263,0
83,0,9,246824,10,2280.952263,2280.952263,0
83,9,0,246824,10,2280.952263,2280.952263,0
83,0,19,246824,28,2280.952263,7983.333215,0
83,19,0,246824,28,7983.333215,2280.952263,0
83,0,23,246824,32,2280.952263,7983.333215,0
83,23,0,246824,32,7983.333215,2280.952263,0
83,0,26,246824,31,2280.952263,3991.666548,0
83,26,0,246824,31,3991.666548,2280.952263,0
83,0,27,246824,32,2280.952263,5322.222104,0
83,27,0,246824,32,5322.222104,2280.952263,0
83,1,2,246824,11,3193.333215,2280.952263,0
83,2,1,246824,11,2280.952263,3193.333215,0
83,1,3,246824,14,3193.333215,3991.666548,0
83,3,1,246824,14,3991.666548,3193.333215,0
83,1,4,246824,14,3193.333215,3991.666548,0
83,4,1,246824,14,3991.666548,3193.333215,0
83,1,29,246824,27,3193.333215,7983.333215,0
83,29,1,246824,27,7983.333215,3193.333215,0
83,2,4,246824,10,2280.952263,3991.666548,0
83,4,2,246824,10,3991.666548,2280.952263,0
83,2,5,246824,9,2280.952263,5322.222104,0
83,5,2,246824,9,5322.222104,2280.952263,0
83,2,9,246824,7,2280.952263,2280.952263,0
83,9,2,246824,7,2280.952263,2280.952263,0
83,2,18,246824,37,2280.952263,7983.333215,0
83,18,2,246824,37,7983.333215,2280.952263,0
83,2,22,246824,33,2280.952263,7983.333215,0
83,22,2,246824,33,7983.333215,2280.952263,0
83,2,29,246824,24,2280.952263,7983.333215,0
83,29,2,246824,24,7983.333215,2280.952263,0
83,3,4,246824,13,3991.666548,3991.666548,0
83,4,3,246824,13,3991.666548,3991.666548,0
83,3,28,246824,35,3991.666548,7983.333215,0
83,28,3,246824,35,7983.333215,3991.666548,0
83,4,22,246824,36,3991.666548,7983.333215,0
83,22,4,246824,36,7983.333215,3991.666548,0
83,5,6,246824,11,5322.222104,3193.333215,0
83,6,5,246824,11,3193.333215,5322.222104,0
83,5,9,246824,9,5322.222104,2280.952263,0
83,9,5,246824,9,2280.952263,5322.222104,0
83,6,8,246824,11,3193.333215,5322.222104,0
83,8,6,246824,11,5322.222104,3193.333215,0
83,6,9,246824,9,3193.333215,2280.952263,0
83,9,6,246824,9,2280.952263,3193.333215,0
83,6,23,246824,31,3193.333215,7983.333215,0
83,23,6,246824,31,7983.333215,3193.333215,0
83,6,27,246824,31,3193.333215,5322.222104,0
83,27,6,246824,31,5322.222104,3193.333215,0
83,7,9,246824,9,7983.333215,2280.952263,0
83,9,7,246824,9,2280.952263,7983.333215,0
83,7,10,246824,11,7983.333215,5322.222104,0
83,10,7,246824,11,5322.222104,7983.333215,0
83,8,10,246824,11,5322.222104,5322.222104,0
83,10,8,246824,11,5322.222104,5322.222104,0
83,8,26,246824,29,5322.222104,3991.666548,0
83,26,8,246824,29,3991.666548,5322.222104,0
83,9,24,246824,21,2280.952263,7983.333215,0
83,24,9,246824,21,7983.333215,2280.952263,0
83,9,25,246824,28,2280.952263,7983.333215,0
83,25,9,246824,28,7983.333215,2280.952263,0
83,10,11,246824,11,5322.222104,7983.333215,0
83,11,10,246824,11,7983.333215,5322.222104,0
83,11,14,246824,11,7983.333215,1774.073956,0
83,14,11,246824,11,1774.073956,7983.333215,0
83,12,13,246824,12,5322.222104,3991.666548,0
83,13,12,246824,12,3991.666548,5322.222104,0
83,12,14,246824,12,5322.222104,1774.073956,0
83,14,12,246824,12,1774.073956,5322.222104,0
83,12,15,246824,28,5322.222104,7983.333215,0
83,15,12,246824,28,7983.333215,5322.222104,0
83,13,14,246824,12,3991.666548,1774.073956,0
83,14,13,246824,12,1774.073956,3991.666548,0
83,13,16,246824,41,3991.666548,7983.333215,0
83,16,13,246824,41,7983.333215,3991.666548,0
83,13,21,246824,34,3991.666548,7983.333215,0
83,21,13,246824,34,7983.333215,3991.666548,0
83,14,15,246824,28,1774.073956,7983.333215,0
83,15,14,246824,28,7983.333215,1774.073956,0
83,14,16,246824,41,1774.073956,7983.333215,0
83,16,14,246824,41,7983.333215,1774.073956,0
83,14,17,246824,29,1774.073956,7983.333215,0
83,17,14,246824,29,7983.333215,1774.073956,0
83,14,20,246824,26,1774.073956,5322.222104,0
83,20,14,246824,26,5322.222104,1774.073956,0
83,14,21,246824,34,1774.073956,7983.333215,0
83,21,14,246824,34,7983.333215,1774.073956,0
83,14,28,246824,34,1774.073956,7983.333215,0
83,28,14,246824,34,7983.333215,1774.073956,0
83,17,20,246824,36,7983.333215,5322.222104,0
83,20,17,246824,36,5322.222104,7983.333215,0
83,18,26,246824,50,7983.333215,3991.666548,0
83,26,18,246824,50,3991.666548,7983.333215,0
83,19,20,246824,34,7983.333215,5322.222104,0
83,20,19,246824,34,5322.222104,7983.333215,0
83,24,26,246824,34,7983.333215,3991.666548,0
83,26,24,246824,34,3991.666548,7983.333215,0
83,25,27,246824,42,7983.333215,5322.222104,0
83,27,25,246824,42,5322.222104,7983.333215,0
84,0,1,246824,14,2276.190358,3983.333215,0
84,1,0,246824,14,3983.333215,2276.190358,0
84,0,3,246824,13,2276.190358,5311.110993,0
84,3,0,246824,13,5311.110993,2276.190358,0
84,0,9,246824,10,2276.190358,2655.555438,0
84,9,0,246824,10,2655.555438,2276.190358,0
84,0,19,246824,28,2276.190358,7966.666549,0
84,19,0,246824,28,7966.666549,2276.190358,0
84,0,23,246824,32,2276.190358,7966.666549,0
84,23,0,246824,32,7966.666549,2276.190358,0
84,0,26,246824,31,2276.190358,5311.110993,0
84,26,0,246824,31,5311.110993,2276.190358,0
84,0,27,246824,32,2276.190358,5311.110993,0
84,27,0,246824,32,5311.110993,2276.190358,0
84,1,2,246824,11,3983.333215,2276.190358,0
84,2,1,246824,11,2276.190358,3983.333215,0
84,1,4,246824,14,3983.333215,3186.666549,0
84,4,1,246824,14,3186.666549,3983.333215,0
84,1,29,246824,27,3983.333215,7966.666549,0
84,29,1,246824,27,7966.666549,3983.333215,0
84,2,4,246824,10,2276.190358,3186.666549,0
84,4,2,246824,10,3186.666549,2276.190358,0
84,2,5,246824,9,2276.190358,7966.666549,0
84,5,2,246824,9,7966.666549,2276.190358,0
84,2,9,246824,7,2276.190358,2655.555438,0
84,9,2,246824,7,2655.555438,2276.190358,0
84,2,18,246824,37,2276.190358,7966.666549,0
84,18,2,246824,37,7966.666549,2276.190358,0
84,2,22,246824,33,2276.190358,7966.666549,0
84,22,2,246824,33,7966.666549,2276.190358,0
84,2,29,246824,24,2276.190358,7966.666549,0
84,29,2,246824,24,7966.666549,2276.190358,0
84,3,4,246824,13,5311.110993,3186.666549,0
84,4,3,246824,13,3186.666549,5311.110993,0
84,3,28,246824,35,5311.110993,7966.666549,0
84,28,3,246824,35,7966.666549,5311.110993,0
84,4,6,246824,12,3186.666549,2276.190358,0
84,6,4,246824,12,2276.190358,3186.666549,0
84,4,22,246824,36,3186.666549,7966.666549,0
84,22,4,246824,36,7966.666549,3186.666549,0
84,5,6,246824,11,7966.666549,2276.190358,0
84,6,5,246824,11,2276.190358,7966.666549,0
84,6,8,246824,11,2276.190358,5311.110993,0
84,8,6,246824,11,5311.110993,2276.190358,0
84,6,9,246824,9,2276.190358,2655.555438,0
84,9,6,246824,9,2655.555438,2276.190358,0
84,6,11,246824,11,2276.190358,3983.333215,0
84,11,6,246824,11,3983.333215,2276.190358,0
84,6,23,246824,31,2276.190358,7966.666549,0
84,23,6,246824,31,7966.666549,2276.190358,0
84,6,27,246824,31,2276.190358,5311.110993,0
84,27,6,246824,31,5311.110993,2276.190358,0
84,7,9,246824,9,7966.666549,2655.555438,0
84,9,7,246824,9,2655.555438,7966.666549,0
84,7,10,246824,11,7966.666549,3983.333215,0
84,10,7,246824,11,3983.333215,7966.666549,0
84,8,10,246824,11,5311.110993,3983.333215,0
84,10,8,246824,11,3983.333215,5311.110993,0
84,8,26,246824,29,5311.110993,5311.110993,0
84,26,8,246824,29,5311.110993,5311.110993,0
84,9,24,246824,21,2655.555438,7966.666549,0
84,24,9,246824,21,7966.666549,2655.555438,0
84,9,25,246824,28,2655.555438,7966.666549,0
84,25,9,246824,28,7966.666549,2655.555438,0
84,10,11,246824,11,3983.333215,3983.333215,0
84,11,10,246824,11,3983.333215,3983.333215,0
84,10,13,246824,12,3983.333215,3186.666549,0
84,13,10,246824,12,3186.666549,3983.333215,0
84,11,13,246824,11,3983.333215,3186.666549,0
84,13,11,246824,11,3186.666549,3983.333215,0
84,11,14,246824,11,3983.333215,1991.666549,0
84,14,11,246824,11,1991.666549,3983.333215,0
84,12,13,246824,12,5311.110993,3186.666549,0
84,13,12,246824,12,3186.666549,5311.110993,0
84,12,14,246824,12,5311.110993,1991.666549,0
84,14,12,246824,12,1991.666549,5311.110993,0
84,12,15,246824,28,5311.110993,7966.666549,0
84,15,12,246824,28,7966.666549,5311.110993,0
84,13,16,246824,41,3186.666549,7966.666549,0
84,16,13,246824,41,7966.666549,3186.666549,0
84,13,21,246824,34,3186.666549,5311.110993,0
84,21,13,246824,34,5311.110993,3186.666549,0
84,14,15,246824,28,1991.666549,7966.666549,0
84,15,14,246824,28,7966.666549,1991.666549,0
84,14,16,246824,41,1991.666549,7966.666549,0
84,16,14,246824,41,7966.666549,1991.666549,0
84,14,17,246824,29,1991.666549,7966.666549,0
84,17,14,246824,29,7966.666549,1991.666549,0
84,14,20,246824,26,1991.666549,3186.666549,0
84,20,14,246824,26,3186.666549,1991.666549,0
84,14,21,246824,34,1991.666549,5311.110993,0
84,21,14,246824,34,5311.110993,1991.666549,0
84,14,28,246824,34,1991.666549,7966.666549,0
84,28,14,246824,34,7966.666549,1991.666549,0
84,17,20,246824,36,7966.666549,3186.666549,0
84,20,17,246824,36,3186.666549,7966.666549,0
84,18,20,246824,46,7966.666549,3186.666549,0
84,20,18,246824,46,3186.666549,7966.666549,0
84,19,20,246824,34,7966.666549,3186.666549,0
84,20,19,246824,34,3186.666549,7966.666549,0
84,20,21,246824,41,3186.666549,5311.110993,0
84,21,20,246824,41,5311.110993,3186.666549,0
84,24,26,246824,34,7966.666549,5311.110993,0
84,26,24,246824,34,5311.110993,7966.666549,0
84,25,27,246824,42,7966.666549,5311.110993,0
84,27,25,246824,42,5311.110993,7966.666549,0
85,0,1,246824,14,2277.380834,3985.416549,0
85,1,0,246824,14,3985.416549,2277.380834,0
85,0,3,246824,13,2277.380834,5313.888771,0
85,3,0,246824,13,5313.888771,2277.380834,0
85,0,9,246824,10,2277.380834,2656.944326,0
85,9,0,246824,10,2656.944326,2277.380834,0
85,0,19,246824,28,2277.380834,5313.888771,0
85,19,0,246824,28,5313.888771,2277.380834,0
85,0,23,246824,32,2277.380834,7970.833215,0
85,23,0,246824,32,7970.833215,2277.380834,0
85,0,26,246824,31,2277.380834,5313.888771,0
85,26,0,246824,31,5313.888771,2277.380834,0
85,0,27,246824,32,2277.380834,5313.888771,0
85,27,0,246824,32,5313.888771,2277.380834,0
85,1,2,246824,11,3985.416549,2277.380834,0
85,2,1,246824,11,2277.380834,3985.416549,0
85,1,4,246824,14,3985.416549,3188.333215,0
85,4,1,246824,14,3188.333215,3985.416549,0
85,1,29,246824,27,3985.416549,7970.833215,0
85,29,1,246824,27,7970.833215,3985.416549,0
85,2,4,246824,10,2277.380834,3188.333215,0
85,4,2,246824,10,3188.333215,2277.380834,0
85,2,5,246824,9,2277.380834,7970.833215,0
85,5,2,246824,9,7970.833215,2277.380834,0
85,2,9,246824,7,2277.380834,2656.944326,0
85,9,2,246824,7,2656.944326,2277.380834,0
85,2,18,246824,37,2277.380834,7970.833215,0
85,18,2,246824,37,7970.833215,2277.380834,0
85,2,22,246824,33,2277.380834,7970.833215,0
85,22,2,246824,33,7970.833215,2277.380834,0
85,2,29,246824,24,2277.380834,7970.833215,0
85,29,2,246824,24,7970.833215,2277.380834,0
85,3,4,246824,13,5313.888771,3188.333215,0
85,4,3,246824,13,3188.333215,5313.888771,0
85,3,28,246824,35,5313.888771,7970.833215,0
85,28,3,246824,35,7970.833215,5313.888771,0
85,4,6,246824,12,3188.333215,2656.944326,0
85,6,4,246824,12,2656.944326,3188.333215,0
85,4,22,246824,36,3188.333215,7970.833215,0
85,22,4,246824,36,7970.833215,3188.333215,0
85,5,6,246824,11,7970.833215,2656.944326,0
85,6,5,246824,11,2656.944326,7970.833215,0
85,6,8,246824,11,2656.944326,5313.888771,0
85,8,6,246824,11,5313.888771,2656.944326,0
85,6,9,246824,9,2656.944326,2656.944326,0
85,9,6,246824,9,2656.944326,2656.944326,0
85,6,23,246824,31,2656.944326,7970.833215,0
85,23,6,246824,31,7970.833215,2656.944326,0
85,6,27,246824,31,2656.944326,5313.888771,0
85,27,6,246824,31,5313.888771,2656.944326,0
85,7,9,246824,9,7970.833215,2656.944326,0
85,9,7,246824,9,2656.944326,7970.833215,0
85,7,10,246824,11,7970.833215,3985.416549,0
85,10,7,246824,11,3985.416549,7970.833215,0
85,8,10,246824,11,5313.888771,3985.416549,0
85,10,8,246824,11,3985.416549,5313.888771,0
85,8,26,246824,29,5313.888771,5313.888771,0
85,26,8,246824,29,5313.888771,5313.888771,0
85,9,24,246824,21,2656.944326,7970.833215,0
85,24,9,246824,21,7970.833215,2656.944326,0
85,9,25,246824,28,2656.944326,7970.833215,0
85,25,9,246824,28,7970.833215,2656.944326,0
85,10,11,246824,11,3985.416549,5313.888771,0
85,11,10,246824,11,5313.888771,3985.416549,0
85,10,13,246824,12,3985.416549,3188.333215,0
85,13,10,246824,12,3188.333215,3985.416549,0
85,11,13,246824,11,5313.888771,3188.333215,0
85,13,11,246824,11,3188.333215,5313.888771,0
85,11,14,246824,11,5313.888771,1992.708215,0
85,14,11,246824,11,1992.708215,5313.888771,0
85,12,13,246824,12,5313.888771,3188.333215,0
85,13,12,246824,12,3188.333215,5313.888771,0
85,12,14,246824,12,5313.888771,1992.708215,0
85,14,12,246824,12,1992.708215,5313.888771,0
85,12,15,246824,28,5313.888771,7970.833215,0
85,15,12,246824,28,7970.833215,5313.888771,0
85,13,16,246824,41,3188.333215,7970.833215,0
85,16,13,246824,41,7970.833215,3188.333215,0
85,13,21,246824,34,3188.333215,5313.888771,0
85,21,13,246824,34,5313.888771,3188.333215,0
85,14,15,246824,28,1992.708215,7970.833215,0
85,15,14,246824,28,7970.833215,1992.708215,0
85,14,16,246824,41,1992.708215,7970.833215,0
85,16,14,246824,41,7970.833215,1992.708215,0
85,14,17,246824,29,1992.708215,7970.833215,0
85,17,14,246824,29,7970.833215,1992.708215,0
85,14,20,246824,26,1992.708215,3985.416549,0
85,20,14,246824,26,3985.416549,1992.708215,0
85,14,21,246824,34,1992.708215,5313.888771,0
85,21,14,246824,34,5313.888771,1992.708215,0
85,14,28,246824,34,1992.708215,7970.833215,0
85,28,14,246824,34,7970.833215,1992.708215,0
85,17,20,246824,36,7970.833215,3985.416549,0
85,20,17,246824,36,3985.416549,7970.833215,0
85,18,19,246824,47,7970.833215,5313.888771,0
85,19,18,246824,47,5313.888771,7970.833215,0
85,19,20,246824,34,5313.888771,3985.416549,0
85,20,19,246824,34,3985.416549,5313.888771,0
85,20,21,246824,41,3985.416549,5313.888771,0
85,21,20,246824,41,5313.888771,3985.416549,0
85,24,26,246824,34,7970.833215,5313.888771,0
85,26,24,246824,34,5313.888771,7970.833215,0
85,25,27,246824,42,7970.833215,5313.888771,0
85,27,25,246824,42,5313.888771,7970.833215,0
86,0,1,246824,14,2277.380834,2656.944326,0
86,1,0,246824,14,2656.944326,2277.380834,0
86,0,3,246824,13,2277.380834,5313.888771,0
86,3,0,246824,13,5313.888771,2277.380834,0
86,0,9,246824,10,2277.380834,2277.380834,0
86,9,0,246824,10,2277.380834,2277.380834,0
86,0,19,246824,28,2277.380834,3985.416549,0
86,19,0,246824,28,3985.416549,2277.380834,0
86,0,23,246824,32,2277.380834,7970.833215,0
86,23,0,246824,32,7970.833215,2277.380834,0
86,0,26,246824,31,2277.380834,5313.888771,0
86,26,0,246824,31,5313.888771,2277.380834,0
86,0,27,246824,32,2277.380834,5313.888771,0
86,27,0,246824,32,5313.888771,2277.380834,0
86,1,2,246824,11,2656.944326,3188.333215,0
86,2,1,246824,11,3188.333215,2656.944326,0
86,1,3,246824,14,2656.944326,5313.888771,0
86,3,1,246824,14,5313.888771,2656.944326,0
86,1,4,246824,14,2656.944326,5313.888771,0
86,4,1,246824,14,5313.888771,2656.944326,0
86,1,28,246824,35,2656.944326,7970.833215,0
86,28,1,246824,35,7970.833215,2656.944326,0
86,1,29,246824,27,2656.944326,7970.833215,0
86,29,1,246824,27,7970.833215,2656.944326,0
86,2,9,246824,7,3188.333215,2277.380834,0
86,9,2,246824,7,2277.380834,3188.333215,0
86,2,18,246824,37,3188.333215,7970.833215,0
86,18,2,246824,37,7970.833215,3188.333215,0
86,2,22,246824,33,3188.333215,5313.888771,0
86,22,2,246824,33,5313.888771,3188.333215,0
86,2,29,246824,24,3188.333215,7970.833215,0
86,29,2,246824,24,7970.833215,3188.333215,0
86,3,4,246824,13,5313.888771,5313.888771,0
86,4,3,246824,13,5313.888771,5313.888771,0
86,4,22,246824,36,5313.888771,5313.888771,0
86,22,4,246824,36,5313.888771,5313.888771,0
86,5,6,246824,11,5313.888771,3188.333215,0
86,6,5,246824,11,3188.333215,5313.888771,0
86,5,8,246824,11,5313.888771,5313.888771,0
86,8,5,246824,11,5313.888771,5313.888771,0
86,5,9,246824,9,5313.888771,2277.380834,0
86,9,5,246824,9,2277.380834,5313.888771,0
86,6,9,246824,9,3188.333215,2277.380834,0
86,9,6,246824,9,2277.380834,3188.333215,0
86,6,11,246824,11,3188.333215,3985.416549,0
86,11,6,246824,11,3985.416549,3188.333215,0
86,6,23,246824,31,3188.333215,7970.833215,0
86,23,6,246824,31,7970.833215,3188.333215,0
86,6,27,246824,31,3188.333215,5313.888771,0
86,27,6,246824,31,5313.888771,3188.333215,0
86,7,9,246824,9,7970.833215,2277.380834,0
86,9,7,246824,9,2277.380834,7970.833215,0
86,7,10,246824,11,7970.833215,3985.416549,0
86,10,7,246824,11,3985.416549,7970.833215,0
86,8,10,246824,11,5313.888771,3985.416549,0
86,10,8,246824,11,3985.416549,5313.888771,0
86,8,26,246824,29,5313.888771,5313.888771,0
86,26,8,246824,29,5313.888771,5313.888771,0
86,9,24,246824,21,2277.380834,7970.833215,0
86,24,9,246824,21,7970.833215,2277.380834,0
86,9,25,246824,28,2277.380834,7970.833215,0
86,25,9,246824,28,7970.833215,2277.380834,0
86,10,11,246824,11,3985.416549,3985.416549,0
86,11,10,246824,11,3985.416549,3985.416549,0
86,10,13,246824,12,3985.416549,3188.333215,0
86,13,10,246824,12,3188.333215,3985.416549,0
86,11,13,246824,11,3985.416549,3188.333215,0
86,13,11,246824,11,3188.333215,3985.416549,0
86,11,14,246824,11,3985.416549,1992.708215,0
86,14,11,246824,11,1992.708215,3985.416549,0
86,12,13,246824,12,5313.888771,3188.333215,0
86,13,12,246824,12,3188.333215,5313.888771,0
86,12,14,246824,12,5313.888771,1992.708215,0
86,14,12,246824,12,1992.708215,5313.888771,0
86,12,15,246824,28,5313.888771,7970.833215,0
86,15,12,246824,28,7970.833215,5313.888771,0
86,13,16,246824,41,3188.333215,7970.833215,0
86,16,13,246824,41,7970.833215,3188.333215,0
86,13,21,246824,34,3188.333215,7970.833215,0
86,21,13,246824,34,7970.833215,3188.333215,0
86,14,15,246824,28,1992.708215,7970.833215,0
86,15,14,246824,28,7970.833215,1992.708215,0
86,14,16,246824,41,1992.708215,7970.833215,0
86,16,14,246824,41,7970.833215,1992.708215,0
86,14,17,246824,29,1992.708215,7970.833215,0
86,17,14,246824,29,7970.833215,1992.708215,0
86,14,20,246824,26,1992.708215,5313.888771,0
86,20,14,246824,26,5313.888771,1992.708215,0
86,14,21,246824,34,1992.708215,7970.833215,0
86,21,14,246824,34,7970.833215,1992.708215,0
86,14,28,246824,34,1992.708215,7970.833215,0
86,28,14,246824,34,7970.833215,1992.708215,0
86,17,20,246824,36,7970.833215,5313.888771,0
86,20,17,246824,36,5313.888771,7970.833215,0
86,18,19,246824,47,7970.833215,3985.416549,0
86,19,18,246824,47,3985.416549,7970.833215,0
86,19,20,246824,34,3985.416549,5313.888771,0
86,20,19,246824,34,5313.888771,3985.416549,0
86,19,22,246824,43,3985.416549,5313.888771,0
86,22,19,246824,43,5313.888771,3985.416549,0
86,24,26,246824,34,7970.833215,5313.888771,0
86,26,24,246824,34,5313.888771,7970.833215,0
86,25,27,246824,42,7970.833215,5313.888771,0
86,27,25,246824,42,5313.888771,7970.833215,0
87,0,1,246824,14,2279.761787,2659.722104,0
87,1,0,246824,14,2659.722104,2279.761787,0
87,0,3,246824,13,2279.761787,5319.444326,0
87,3,0,246824,13,5319.444326,2279.761787,0
87,0,9,246824,10,2279.761787,2659.722104,0
87,9,0,246824,10,2659.722104,2279.761787,0
87,0,19,246824,28,2279.761787,7979.166548,0
87,19,0,246824,28,7979.166548,2279.761787,0
87,0,23,246824,32,2279.761787,7979.166548,0
87,23,0,246824,32,7979.166548,2279.761787,0
87,0,26,246824,31,2279.761787,5319.444326,0
87,26,0,246824,31,5319.444326,2279.761787,0
87,0,27,246824,32,2279.761787,5319.444326,0
87,27,0,246824,32,5319.444326,2279.761787,0
87,1,2,246824,11,2659.722104,2279.761787,0
87,2,1,246824,11,2279.761787,2659.722104,0
87,1,3,246824,14,2659.722104,5319.444326,0
87,3,1,246824,14,5319.444326,2659.722104,0
87,1,4,246824,14,2659.722104,3191.666548,0
87,4,1,246824,14,3191.666548,2659.722104,0
87,1,28,246824,35,2659.722104,7979.166548,0
87,28,1,246824,35,7979.166548,2659.722104,0
87,1,29,246824,27,2659.722104,7979.166548,0
87,29,1,246824,27,7979.166548,2659.722104,0
87,2,4,246824,10,2279.761787,3191.666548,0
87,4,2,246824,10,3191.666548,2279.761787,0
87,2,5,246824,9,2279.761787,7979.166548,0
87,5,2,246824,9,7979.166548,2279.761787,0
87,2,9,246824,7,2279.761787,2659.722104,0
87,9,2,246824,7,2659.722104,2279.761787,0
87,2,18,246824,37,2279.761787,7979.166548,0
87,18,2,246824,37,7979.166548,2279.761787,0
87,2,22,246824,33,2279.761787,5319.444326,0
87,22,2,246824,33,5319.444326,2279.761787,0
87,2,29,246824,24,2279.761787,7979.166548,0
87,29,2,246824,24,7979.166548,2279.761787,0
87,3,4,246824,13,5319.444326,3191.666548,0
87,4,3,246824,13,3191.666548,5319.444326,0
87,4,6,246824,12,3191.666548,2659.722104,0
87,6,4,246824,12,2659.722104,3191.666548,0
87,4,22,246824,36,3191.666548,5319.444326,0
87,22,4,246824,36,5319.444326,3191.666548,0
87,5,6,246824,11,7979.166548,2659.722104,0
87,6,5,246824,11,2659.722104,7979.166548,0
87,6,8,246824,11,2659.722104,5319.444326,0
87,8,6,246824,11,5319.444326,2659.722104,0
87,6,9,246824,9,2659.722104,2659.722104,0
87,9,6,246824,9,2659.722104,2659.722104,0
87,6,23,246824,31,2659.722104,7979.166548,0
87,23,6,246824,31,7979.166548,2659.722104,0
87,6,27,246824,31,2659.722104,5319.444326,0
87,27,6,246824,31,5319.444326,2659.722104,0
87,7,9,246824,9,7979.166548,2659.722104,0
87,9,7,246824,9,2659.722104,7979.166548,0
87,7,10,246824,11,7979.166548,3989.583215,0
87,10,7,246824,11,3989.583215,7979.166548,0
87,8,10,246824,11,5319.444326,3989.583215,0
87,10,8,246824,11,3989.583215,5319.444326,0
87,8,26,246824,29,5319.444326,5319.444326,0
87,26,8,246824,29,5319.444326,5319.444326,0
87,9,24,246824,21,2659.722104,7979.166548,0
87,24,9,246824,21,7979.166548,2659.722104,0
87,9,25,246824,28,2659.722104,7979.166548,0
87,25,9,246824,28,7979.166548,2659.722104,0
87,10,11,246824,11,3989.583215,5319.444326,0
87,11,10,246824,11,5319.444326,3989.583215,0
87,10,13,246824,12,3989.583215,3191.666548,0
87,13,10,246824,12,3191.666548,3989.583215,0
87,11,13,246824,11,5319.444326,3191.666548,0
87,13,11,246824,11,3191.666548,5319.444326,0
87,11,14,246824,11,5319.444326,1994.791548,0
87,14,11,246824,11,1994.791548,5319.444326,0
87,12,13,246824,12,5319.444326,3191.666548,0
87,13,12,246824,12,3191.666548,5319.444326,0
87,12,14,246824,12,5319.444326,1994.791548,0
87,14,12,246824,12,1994.791548,5319.444326,0
87,12,15,246824,28,5319.444326,7979.166548,0
87,15,12,246824,28,7979.166548,5319.444326,0
87,13,16,246824,41,3191.666548,7979.166548,0
87,16,13,246824,41,7979.166548,3191.666548,0
87,13,21,246824,34,3191.666548,3989.583215,0
87,21,13,246824,34,3989.583215,3191.666548,0
87,14,15,246824,28,1994.791548,7979.166548,0
87,15,14,246824,28,7979.166548,1994.791548,0
87,14,16,246824,41,1994.791548,7979.166548,0
87,16,14,246824,41,7979.166548,1994.791548,0
87,14,17,246824,29,1994.791548,7979.166548,0
87,17,14,246824,29,7979.166548,1994.791548,0
87,14,20,246824,26,1994.791548,5319.444326,0
87,20,14,246824,26,5319.444326,1994.791548,0
87,14,21,246824,34,1994.791548,3989.583215,0
87,21,14,246824,34,3989.583215,1994.791548,0
87,14,28,246824,34,1994.791548,7979.166548,0
87,28,14,246824,34,7979.166548,1994.791548,0
87,17,20,246824,36,7979.166548,5319.444326,0
87,20,17,246824,36,5319.444326,7979.166548,0
87,18,21,246824,49,7979.166548,3989.583215,0
87,21,18,246824,49,3989.583215,7979.166548,0
87,19,22,246824,43,7979.166548,5319.444326,0
87,22,19,246824,43,5319.444326,7979.166548,0
87,20,21,246824,41,5319.444326,3989.583215,0
87,21,20,246824,41,3989.583215,5319.444326,0
87,24,26,246824,34,7979.166548,5319.444326,0
87,26,24,246824,34,5319.444326,7979.166548,0
87,25,27,246824,42,7979.166548,5319.444326,0
87,27,25,246824,42,5319.444326,7979.166548,0
88,0,1,246824,14,2280.952263,3991.666548,0
88,1,0,246824,14,3991.666548,2280.952263,0
88,0,3,246824,13,2280.952263,5322.222104,0
88,3,0,246824,13,5322.222104,2280.952263,0
88,0,9,246824,10,2280.952263,2661.110993,0
88,9,0,246824,10,2661.110993,2280.952263,0
88,0,19,246824,28,2280.952263,7983.333215,0
88,19,0,246824,28,7983.333215,2280.952263,0
88,0,23,246824,32,2280.952263,7983.333215,0
88,23,0,246824,32,7983.333215,2280.952263,0
88,0,26,246824,31,2280.952263,3991.666548,0
88,26,0,246824,31,3991.666548,2280.952263,0
88,0,27,246824,32,2280.952263,5322.222104,0
88,27,0,246824,32,5322.222104,2280.952263,0
88,1,2,246824,11,3991.666548,2280.952263,0
88,2,1,246824,11,2280.952263,3991.666548,0
88,1,4,246824,14,3991.666548,3991.666548,0
88,4,1,246824,14,3991.666548,3991.666548,0
88,1,29,246824,27,3991.666548,7983.333215,0
88,29,1,246824,27,7983.333215,3991.666548,0
88,2,4,246824,10,2280.952263,3991.666548,0
88,4,2,246824,10,3991.666548,2280.952263,0
88,2,5,246824,9,2280.952263,3991.666548,0
88,5,2,246824,9,3991.666548,2280.952263,0
88,2,9,246824,7,2280.952263,2661.110993,0
88,9,2,246824,7,2661.110993,2280.952263,0
88,2,18,246824,37,2280.952263,7983.333215,0
88,18,2,246824,37,7983.333215,2280.952263,0
88,2,22,246824,33,2280.952263,5322.222104,0
88,22,2,246824,33,5322.222104,2280.952263,0
88,2,29,246824,24,2280.952263,7983.333215,0
88,29,2,246824,24,7983.333215,2280.952263,0
88,3,4,246824,13,5322.222104,3991.666548,0
88,4,3,246824,13,3991.666548,5322.222104,0
88,3,28,246824,35,5322.222104,7983.333215,0
88,28,3,246824,35,7983.333215,5322.222104,0
88,4,22,246824,36,3991.666548,5322.222104,0
88,22,4,246824,36,5322.222104,3991.666548,0
88,5,6,246824,11,3991.666548,3991.666548,0
88,6,5,246824,11,3991.666548,3991.666548,0
88,5,8,246824,11,3991.666548,5322.222104,0
88,8,5,246824,11,5322.222104,3991.666548,0
88,5,13,246824,12,3991.666548,2280.952263,0
88,13,5,246824,12,2280.952263,3991.666548,0
88,6,9,246824,9,3991.666548,2661.110993,0
88,9,6,246824,9,2661.110993,3991.666548,0
88,6,23,246824,31,3991.666548,7983.333215,0
88,23,6,246824,31,7983.333215,3991.666548,0
88,6,27,246824,31,3991.666548,5322.222104,0
88,27,6,246824,31,5322.222104,3991.666548,0
88,7,9,246824,9,7983.333215,2661.110993,0
88,9,7,246824,9,2661.110993,7983.333215,0
88,7,10,246824,11,7983.333215,3991.666548,0
88,10,7,246824,11,3991.666548,7983.333215,0
88,8,10,246824,11,5322.222104,3991.666548,0
88,10,8,246824,11,3991.666548,5322.222104,0
88,8,26,246824,29,5322.222104,3991.666548,0
88,26,8,246824,29,3991.666548,5322.222104,0
88,9,24,246824,21,2661.110993,7983.333215,0
88,24,9,246824,21,7983.333215,2661.110993,0
88,9,25,246824,28,2661.110993,7983.333215,0
88,25,9,246824,28,7983.333215,2661.110993,0
88,10,11,246824,11,3991.666548,5322.222104,0
88,11,10,246824,11,5322.222104,3991.666548,0
88,10,13,246824,12,3991.666548,2280.952263,0
88,13,10,246824,12,2280.952263,3991.666548,0
88,11,13,246824,11,5322.222104,2280.952263,0
88,13,11,246824,11,2280.952263,5322.222104,0
88,11,14,246824,11,5322.222104,1774.073956,0
88,14,11,246824,11,1774.073956,5322.222104,0
88,12,13,246824,12,5322.222104,2280.952263,0
88,13,12,246824,12,2280.952263,5322.222104,0
88,12,14,246824,12,5322.222104,1774.073956,0
88,14,12,246824,12,1774.073956,5322.222104,0
88,12,15,246824,28,5322.222104,7983.333215,0
88,15,12,246824,28,7983.333215,5322.222104,0
88,13,14,246824,12,2280.952263,1774.073956,0
88,14,13,246824,12,1774.073956,2280.952263,0
88,13,16,246824,41,2280.952263,7983.333215,0
88,16,13,246824,41,7983.333215,2280.952263,0
88,13,21,246824,34,2280.952263,5322.222104,0
88,21,13,246824,34,5322.222104,2280.952263,0
88,14,15,246824,28,1774.073956,7983.333215,0
88,15,14,246824,28,7983.333215,1774.073956,0
88,14,16,246824,41,1774.073956,7983.333215,0
88,16,14,246824,41,7983.333215,1774.073956,0
88,14,17,246824,29,1774.073956,7983.333215,0
88,17,14,246824,29,7983.333215,1774.073956,0
88,14,20,246824,26,1774.073956,5322.222104,0
88,20,14,246824,26,5322.222104,1774.073956,0
88,14,21,246824,34,1774.073956,5322.222104,0
88,21,14,246824,34,5322.222104,1774.073956,0
88,14,28,246824,34,1774.073956,7983.333215,0
88,28,14,246824,34,7983.333215,1774.073956,0
88,17,20,246824,36,7983.333215,5322.222104,0
88,20,17,246824,36,5322.222104,7983.333215,0
88,18,26,246824,50,7983.333215,3991.666548,0
88,26,18,246824,50,3991.666548,7983.333215,0
88,19,22,246824,43,7983.333215,5322.222104,0
88,22,19,246824,43,5322.222104,7983.333215,0
88,20,21,246824,41,5322.222104,5322.222104,0
88,21,20,246824,41,5322.222104,5322.222104,0
88,24,26,246824,34,7983.333215,3991.666548,0
88,26,24,246824,34,3991.666548,7983.333215,0
88,25,27,246824,42,7983.333215,5322.222104,0
88,27,25,246824,42,5322.222104,7983.333215,0
89,0,1,246824,14,2277.380834,3188.333215,0
89,1,0,246824,14,3188.333215,2277.380834,0
89,0,3,246824,13,2277.380834,3985.416549,0
89,3,0,246824,13,3985.416549,2277.380834,0
89,0,9,246824,10,2277.380834,2277.380834,0
89,9,0,246824,10,2277.380834,2277.380834,0
89,0,19,246824,28,2277.380834,3985.416549,0
89,19,0,246824,28,3985.416549,2277.380834,0
89,0,23,246824,32,2277.380834,7970.833215,0
89,23,0,246824,32,7970.833215,2277.380834,0
89,0,26,246824,31,2277.380834,5313.888771,0
89,26,0,246824,31,5313.888771,2277.380834,0
89,0,27,246824,32,2277.380834,5313.888771,0
89,27,0,246824,32,5313.888771,2277.380834,0
89,1,2,246824,11,3188.333215,2277.380834,0
89,2,1,246824,11,2277.380834,3188.333215,0
89,1,3,246824,14,3188.333215,3985.416549,0
89,3,1,246824,14,3985.416549,3188.333215,0
89,1,4,246824,14,3188.333215,3985.416549,0
89,4,1,246824,14,3985.416549,3188.333215,0
89,1,29,246824,27,3188.333215,7970.833215,0
89,29,1,246824,27,7970.833215,3188.333215,0
89,2,4,246824,10,2277.380834,3985.416549,0
89,4,2,246824,10,3985.416549,2277.380834,0
89,2,5,246824,9,2277.380834,3985.416549,0
89,5,2,246824,9,3985.416549,2277.380834,0
89,2,9,246824,7,2277.380834,2277.380834,0
89,9,2,246824,7,2277.380834,2277.380834,0
89,2,18,246824,37,2277.380834,7970.833215,0
89,18,2,246824,37,7970.833215,2277.380834,0
89,2,22,246824,33,2277.380834,5313.888771,0
89,22,2,246824,33,5313.888771,2277.380834,0
89,2,29,246824,24,2277.380834,7970.833215,0
89,29,2,246824,24,7970.833215,2277.380834,0
89,3,4,246824,13,3985.416549,3985.416549,0
89,4,3,246824,13,3985.416549,3985.416549,0
89,3,28,246824,35,3985.416549,7970.833215,0
89,28,3,246824,35,7970.833215,3985.416549,0
89,4,22,246824,36,3985.416549,5313.888771,0
89,22,4,246824,36,5313.888771,3985.416549,0
89,5,6,246824,11,3985.416549,3985.416549,0
89,6,5,246824,11,3985.416549,3985.416549,0
89,5,8,246824,11,3985.416549,5313.888771,0
89,8,5,246824,11,5313.888771,3985.416549,0
89,5,9,246824,9,3985.416549,2277.380834,0
89,9,5,246824,9,2277.380834,3985.416549,0
89,6,9,246824,9,3985.416549,2277.380834,0
89,9,6,246824,9,2277.380834,3985.416549,0
89,6,23,246824,31,3985.416549,7970.833215,0
89,23,6,246824,31,7970.833215,3985.416549,0
89,6,27,246824,31,3985.416549,5313.888771,0
89,27,6,246824,31,5313.888771,3985.416549,0
89,7,9,246824,9,7970.833215,2277.380834,0
89,9,7,246824,9,2277.380834,7970.833215,0
89,7,10,246824,11,7970.833215,3985.416549,0
89,10,7,246824,11,3985.416549,7970.833215,0
89,8,10,246824,11,5313.888771,3985.416549,0
89,10,8,246824,11,3985.416549,5313.888771,0
89,8,26,246824,29,5313.888771,5313.888771,0
89,26,8,246824,29,5313.888771,5313.888771,0
89,9,24,246824,21,2277.380834,7970.833215,0
89,24,9,246824,21,7970.833215,2277.380834,0
89,9,25,246824,28,2277.380834,7970.833215,0
89,25,9,246824,28,7970.833215,2277.380834,0
89,10,11,246824,11,3985.416549,5313.888771,0
89,11,10,246824,11,5313.888771,3985.416549,0
89,10,13,246824,12,3985.416549,2656.944326,0
89,13,10,246824,12,2656.944326,3985.416549,0
89,11,13,246824,11,5313.888771,2656.944326,0
89,13,11,246824,11,2656.944326,5313.888771,0
89,11,14,246824,11,5313.888771,1771.296178,0
89,14,11,246824,11,1771.296178,5313.888771,0
89,12,13,246824,12,5313.888771,2656.944326,0
89,13,12,246824,12,2656.944326,5313.888771,0
89,12,14,246824,12,5313.888771,1771.296178,0
89,14,12,246824,12,1771.296178,5313.888771,0
89,12,15,246824,28,5313.888771,7970.833215,0
89,15,12,246824,28,7970.833215,5313.888771,0
89,13,14,246824,12,2656.944326,1771.296178,0
89,14,13,246824,12,1771.296178,2656.944326,0
89,13,16,246824,41,2656.944326,7970.833215,0
89,16,13,246824,41,7970.833215,2656.944326,0
89,13,21,246824,34,2656.944326,7970.833215,0
89,21,13,246824,34,7970.833215,2656.944326,0
89,14,15,246824,28,1771.296178,7970.833215,0
89,15,14,246824,28,7970.833215,1771.296178,0
89,14,16,246824,41,1771.296178,7970.833215,0
89,16,14,246824,41,7970.833215,1771.296178,0
89,14,17,246824,29,1771.296178,7970.833215,0
89,17,14,246824,29,7970.833215,1771.296178,0
89,14,20,246824,26,1771.296178,5313.888771,0
89,20,14,246824,26,5313.888771,1771.296178,0
89,14,21,246824,34,1771.296178,7970.833215,0
89,21,14,246824,34,7970.833215,1771.296178,0
89,14,28,246824,34,1771.296178,7970.833215,0
89,28,14,246824,34,7970.833215,1771.296178,0
89,17,20,246824,36,7970.833215,5313.888771,0
89,20,17,246824,36,5313.888771,7970.833215,0
89,18,19,246824,47,7970.833215,3985.416549,0
89,19,18,246824,47,3985.416549,7970.833215,0
89,19,20,246824,34,3985.416549,5313.888771,0
89,20,19,246824,34,5313.888771,3985.416549,0
89,19,22,246824,43,3985.416549,5313.888771,0
89,22,19,246824,43,5313.888771,3985.416549,0
89,24,26,246824,34,7970.833215,5313.888771,0
89,26,24,246824,34,5313.888771,7970.833215,0
89,25,27,246824,42,7970.833215,5313.888771,0
89,27,25,246824,42,5313.888771,7970.833215,0
90,0,1,246824,14,2277.380834,3188.333215,0
90,1,0,246824,14,3188.333215,2277.380834,0
90,0,3,246824,13,2277.380834,3985.416549,0
90,3,0,246824,13,3985.416549,2277.380834,0
90,0,9,246824,10,2277.380834,2277.380834,0
90,9,0,246824,10,2277.380834,2277.380834,0
90,0,19,246824,28,2277.380834,5313.888771,0
90,19,0,246824,28,5313.888771,2277.380834,0
90,0,23,246824,32,2277.380834,7970.833215,0
90,23,0,246824,32,7970.833215,2277.380834,0
90,0,26,246824,31,2277.380834,5313.888771,0
90,26,0,246824,31,5313.888771,2277.380834,0
90,0,27,246824,32,2277.380834,5313.888771,0
90,27,0,246824,32,5313.888771,2277.380834,0
90,1,2,246824,11,3188.333215,2277.380834,0
90,2,1,246824,11,2277.380834,3188.333215,0
90,1,3,246824,14,3188.333215,3985.416549,0
90,3,1,246824,14,3985.416549,3188.333215,0
90,1,4,246824,14,3188.333215,3985.416549,0
90,4,1,246824,14,3985.416549,3188.333215,0
90,1,29,246824,27,3188.333215,5313.888771,0
90,29,1,246824,27,5313.888771,3188.333215,0
90,2,4,246824,10,2277.380834,3985.416549,0
90,4,2,246824,10,3985.416549,2277.380834,0
90,2,5,246824,9,2277.380834,5313.888771,0
90,5,2,246824,9,5313.888771,2277.380834,0
90,2,9,246824,7,2277.380834,2277.380834,0
90,9,2,246824,7,2277.380834,2277.380834,0
90,2,18,246824,37,2277.380834,7970.833215,0
90,18,2,246824,37,7970.833215,2277.380834,0
90,2,22,246824,33,2277.380834,7970.833215,0
90,22,2,246824,33,7970.833215,2277.380834,0
90,2,29,246824,24,2277.380834,5313.888771,0
90,29,2,246824,24,5313.888771,2277.380834,0
90,3,4,246824,13,3985.416549,3985.416549,0
90,4,3,246824,13,3985.416549,3985.416549,0
90,3,28,246824,35,3985.416549,7970.833215,0
90,28,3,246824,35,7970.833215,3985.416549,0
90,4,22,246824,36,3985.416549,7970.833215,0
90,22,4,246824,36,7970.833215,3985.416549,0
90,5,8,246824,11,5313.888771,5313.888771,0
90,8,5,246824,11,5313.888771,5313.888771,0
90,5,9,246824,9,5313.888771,2277.380834,0
90,9,5,246824,9,2277.380834,5313.888771,0
90,6,9,246824,9,3985.416549,2277.380834,0
90,9,6,246824,9,2277.380834,3985.416549,0
90,6,11,246824,11,3985.416549,3985.416549,0
90,11,6,246824,11,3985.416549,3985.416549,0
90,6,23,246824,31,3985.416549,7970.833215,0
90,23,6,246824,31,7970.833215,3985.416549,0
90,6,27,246824,31,3985.416549,5313.888771,0
90,27,6,246824,31,5313.888771,3985.416549,0
90,7,9,246824,9,7970.833215,2277.380834,0
90,9,7,246824,9,2277.380834,7970.833215,0
90,7,10,246824,11,7970.833215,5313.888771,0
90,10,7,246824,11,5313.888771,7970.833215,0
90,8,10,246824,11,5313.888771,5313.888771,0
90,10,8,246824,11,5313.888771,5313.888771,0
90,8,26,246824,29,5313.888771,5313.888771,0
90,26,8,246824,29,5313.888771,5313.888771,0
90,9,24,246824,21,2277.380834,7970.833215,0
90,24,9,246824,21,7970.833215,2277.380834,0
90,9,25,246824,28,2277.380834,7970.833215,0
90,25,9,246824,28,7970.833215,2277.380834,0
90,10,11,246824,11,5313.888771,3985.416549,0
90,11,10,246824,11,3985.416549,5313.888771,0
90,11,13,246824,11,3985.416549,3985.416549,0
90,13,11,246824,11,3985.416549,3985.416549,0
90,11,14,246824,11,3985.416549,1992.708215,0
90,14,11,246824,11,1992.708215,3985.416549,0
90,12,13,246824,12,5313.888771,3985.416549,0
90,13,12,246824,12,3985.416549,5313.888771,0
90,12,14,246824,12,5313.888771,1992.708215,0
90,14,12,246824,12,1992.708215,5313.888771,0
90,12,15,246824,28,5313.888771,7970.833215,0
90,15,12,246824,28,7970.833215,5313.888771,0
90,13,16,246824,41,3985.416549,7970.833215,0
90,16,13,246824,41,7970.833215,3985.416549,0
90,13,21,246824,34,3985.416549,7970.833215,0
90,21,13,246824,34,7970.833215,3985.416549,0
90,14,15,246824,28,1992.708215,7970.833215,0
90,15,14,246824,28,7970.833215,1992.708215,0
90,14,16,246824,41,1992.708215,7970.833215,0
90,16,14,246824,41,7970.833215,1992.708215,0
90,14,17,246824,29,1992.708215,7970.833215,0
90,17,14,246824,29,7970.833215,1992.708215,0
90,14,20,246824,26,1992.708215,3985.416549,0
90,20,14,246824,26,3985.416549,1992.708215,0
90,14,21,246824,34,1992.708215,7970.833215,0
90,21,14,246824,34,7970.833215,1992.708215,0
90,14,28,246824,34,1992.708215,7970.833215,0
90,28,14,246824,34,7970.833215,1992.708215,0
90,17,20,246824,36,7970.833215,3985.416549,0
90,20,17,246824,36,3985.416549,7970.833215,0
90,18,19,246824,47,7970.833215,5313.888771,0
90,19,18,246824,47,5313.888771,7970.833215,0
90,19,20,246824,34,5313.888771,3985.416549,0
90,20,19,246824,34,3985.416549,5313.888771,0
90,20,29,246824,33,3985.416549,5313.888771,0
90,29,20,246824,33,5313.888771,3985.416549,0
90,24,26,246824,34,7970.833215,5313.888771,0
90,26,24,246824,34,5313.888771,7970.833215,0
90,25,27,246824,42,7970.833215,5313.888771,0
90,27,25,246824,42,5313.888771,7970.833215,0
91,0,1,246824,14,2277.380834,3985.416549,0
91,1,0,246824,14,3985.416549,2277.380834,0
91,0,3,246824,13,2277.380834,5313.888771,0
91,3,0,246824,13,5313.888771,2277.380834,0
91,0,9,246824,10,2277.380834,2277.380834,0
91,9,0,246824,10,2277.380834,2277.380834,0
91,0,19,246824,28,2277.380834,5313.888771,0
91,19,0,246824,28,5313.888771,2277.380834,0
91,0,23,246824,32,2277.380834,7970.833215,0
91,23,0,246824,32,7970.833215,2277.380834,0
91,0,26,246824,31,2277.380834,5313.888771,0
91,26,0,246824,31,5313.888771,2277.380834,0
91,0,27,246824,32,2277.380834,5313.888771,0
91,27,0,246824,32,5313.888771,2277.380834,0
91,1,2,246824,11,3985.416549,2277.380834,0
91,2,1,246824,11,2277.380834,3985.416549,0
91,1,4,246824,14,3985.416549,3985.416549,0
91,4,1,246824,14,3985.416549,3985.416549,0
91,1,29,246824,27,3985.416549,7970.833215,0
91,29,1,246824,27,7970.833215,3985.416549,0
91,2,4,246824,10,2277.380834,3985.416549,0
91,4,2,246824,10,3985.416549,2277.380834,0
91,2,5,246824,9,2277.380834,5313.888771,0
91,5,2,246824,9,5313.888771,2277.380834,0
91,2,9,246824,7,2277.380834,2277.380834,0
91,9,2,246824,7,2277.380834,2277.380834,0
91,2,18,246824,37,2277.380834,7970.833215,0
91,18,2,246824,37,7970.833215,2277.380834,0
91,2,22,246824,33,2277.380834,7970.833215,0
91,22,2,246824,33,7970.833215,2277.380834,0
91,2,29,246824,24,2277.380834,7970.833215,0
91,29,2,246824,24,7970.833215,2277.380834,0
91,3,4,246824,13,5313.888771,3985.416549,0
91,4,3,246824,13,3985.416549,5313.888771,0
91,3,28,246824,35,5313.888771,7970.833215,0
91,28,3,246824,35,7970.833215,5313.888771,0
91,4,22,246824,36,3985.416549,7970.833215,0
91,22,4,246824,36,7970.833215,3985.416549,0
91,5,8,246824,11,5313.888771,5313.888771,0
91,8,5,246824,11,5313.888771,5313.888771,0
91,5,9,246824,9,5313.888771,2277.380834,0
91,9,5,246824,9,2277.380834,5313.888771,0
91,6,9,246824,9,3985.416549,2277.380834,0
91,9,6,246824,9,2277.380834,3985.416549,0
91,6,11,246824,11,3985.416549,3985.416549,0
91,11,6,246824,11,3985.416549,3985.416549,0
91,6,23,246824,31,3985.416549,7970.833215,0
91,23,6,246824,31,7970.833215,3985.416549,0
91,6,27,246824,31,3985.416549,5313.888771,0
91,27,6,246824,31,5313.888771,3985.416549,0
91,7,9,246824,9,7970.833215,2277.380834,0
91,9,7,246824,9,2277.380834,7970.833215,0
91,7,10,246824,11,7970.833215,3985.416549,0
91,10,7,246824,11,3985.416549,7970.833215,0
91,8,10,246824,11,5313.888771,3985.416549,0
91,10,8,246824,11,3985.416549,5313.888771,0
91,8,26,246824,29,5313.888771,5313.888771,0
91,26,8,246824,29,5313.888771,5313.888771,0
91,9,24,246824,21,2277.380834,7970.833215,0
91,24,9,246824,21,7970.833215,2277.380834,0
91,9,25,246824,28,2277.380834,7970.833215,0
91,25,9,246824,28,7970.833215,2277.380834,0
91,10,11,246824,11,3985.416549,3985.416549,0
91,11,10,246824,11,3985.416549,3985.416549,0
91,10,13,246824,12,3985.416549,2656.944326,0
91,13,10,246824,12,2656.944326,3985.416549,0
91,11,13,246824,11,3985.416549,2656.944326,0
91,13,11,246824,11,2656.944326,3985.416549,0
91,11,14,246824,11,3985.416549,1771.296178,0
91,14,11,246824,11,1771.296178,3985.416549,0
91,12,13,246824,12,5313.888771,2656.944326,0
91,13,12,246824,12,2656.944326,5313.888771,0
91,12,14,246824,12,5313.888771,1771.296178,0
91,14,12,246824,12,1771.296178,5313.888771,0
91,12,15,246824,28,5313.888771,7970.833215,0
91,15,12,246824,28,7970.833215,5313.888771,0
91,13,14,246824,12,2656.944326,1771.296178,0
91,14,13,246824,12,1771.296178,2656.944326,0
91,13,16,246824,41,2656.944326,7970.833215,0
91,16,13,246824,41,7970.833215,2656.944326,0
91,13,21,246824,34,2656.944326,7970.833215,0
91,21,13,246824,34,7970.833215,2656.944326,0
91,14,15,246824,28,1771.296178,7970.833215,0
91,15,14,246824,28,7970.833215,1771.296178,0
91,14,16,246824,41,1771.296178,7970.833215,0
91,16,14,246824,41,7970.833215,1771.296178,0
91,14,17,246824,29,1771.296178,7970.833215,0
91,17,14,246824,29,7970.833215,1771.296178,0
91,14,20,246824,26,1771.296178,5313.888771,0
91,20,14,246824,26,5313.888771,1771.296178,0
91,14,21,246824,34,1771.296178,7970.833215,0
91,21,14,246824,34,7970.833215,1771.296178,0
91,14,28,246824,34,1771.296178,7970.833215,0
91,28,14,246824,34,7970.833215,1771.296178,0
91,17,20,246824,36,7970.833215,5313.888771,0
91,20,17,246824,36,5313.888771,7970.833215,0
91,18,19,246824,47,7970.833215,5313.888771,0
91,19,18,246824,47,5313.888771,7970.833215,0
91,19,20,246824,34,5313.888771,5313.888771,0
91,20,19,246824,34,5313.888771,5313.888771,0
91,24,26,246824,34,7970.833215,5313.888771,0
91,26,24,246824,34,5313.888771,7970.833215,0
91,25,27,246824,42,7970.833215,5313.888771,0
91,27,25,246824,42,5313.888771,7970.833215,0
92,0,1,246824,14,2277.380834,2656.944326,0
92,1,0,246824,14,2656.944326,2277.380834,0
92,0,3,246824,13,2277.380834,5313.888771,0
92,3,0,246824,13,5313.888771,2277.380834,0
92,0,9,246824,10,2277.380834,2277.380834,0
92,9,0,246824,10,2277.380834,2277.380834,0
92,0,19,246824,28,2277.380834,5313.888771,0
92,19,0,246824,28,5313.888771,2277.380834,0
92,0,23,246824,32,2277.380834,7970.833215,0
92,23,0,246824,32,7970.833215,2277.380834,0
92,0,26,246824,31,2277.380834,5313.888771,0
92,26,0,246824,31,5313.888771,2277.380834,0
92,0,27,246824,32,2277.380834,5313.888771,0
92,27,0,246824,32,5313.888771,2277.380834,0
92,1,2,246824,11,2656.944326,2277.380834,0
92,2,1,246824,11,2277.380834,2656.944326,0
92,1,3,246824,14,2656.944326,5313.888771,0
92,3,1,246824,14,5313.888771,2656.944326,0
92,1,4,246824,14,2656.944326,3188.333215,0
92,4,1,246824,14,3188.333215,2656.944326,0
92,1,28,246824,35,2656.944326,7970.833215,0
92,28,1,246824,35,7970.833215,2656.944326,0
92,1,29,246824,27,2656.944326,5313.888771,0
92,29,1,246824,27,5313.888771,2656.944326,0
92,2,4,246824,10,2277.380834,3188.333215,0
92,4,2,246824,10,3188.333215,2277.380834,0
92,2,5,246824,9,2277.380834,5313.888771,0
92,5,2,246824,9,5313.888771,2277.380834,0
92,2,9,246824,7,2277.380834,2277.380834,0
92,9,2,246824,7,2277.380834,2277.380834,0
92,2,18,246824,37,2277.380834,7970.833215,0
92,18,2,246824,37,7970.833215,2277.380834,0
92,2,22,246824,33,2277.380834,7970.833215,0
92,22,2,246824,33,7970.833215,2277.380834,0
92,2,29,246824,24,2277.380834,5313.888771,0
92,29,2,246824,24,5313.888771,2277.380834,0
92,3,4,246824,13,5313.888771,3188.333215,0
92,4,3,246824,13,3188.333215,5313.888771,0
92,4,6,246824,12,3188.333215,3985.416549,0
92,6,4,246824,12,3985.416549,3188.333215,0
92,4,22,246824,36,3188.333215,7970.833215,0
92,22,4,246824,36,7970.833215,3188.333215,0
92,5,8,246824,11,5313.888771,5313.888771,0
92,8,5,246824,11,5313.888771,5313.888771,0
92,5,9,246824,9,5313.888771,2277.380834,0
92,9,5,246824,9,2277.380834,5313.888771,0
92,6,9,246824,9,3985.416549,2277.380834,0
92,9,6,246824,9,2277.380834,3985.416549,0
92,6,23,246824,31,3985.416549,7970.833215,0
92,23,6,246824,31,7970.833215,3985.416549,0
92,6,27,246824,31,3985.416549,5313.888771,0
92,27,6,246824,31,5313.888771,3985.416549,0
92,7,9,246824,9,7970.833215,2277.380834,0
92,9,7,246824,9,2277.380834,7970.833215,0
92,7,10,246824,11,7970.833215,5313.888771,0
92,10,7,246824,11,5313.888771,7970.833215,0
92,8,10,246824,11,5313.888771,5313.888771,0
92,10,8,246824,11,5313.888771,5313.888771,0
92,8,26,246824,29,5313.888771,5313.888771,0
92,26,8,246824,29,5313.888771,5313.888771,0
92,9,24,246824,21,2277.380834,7970.833215,0
92,24,9,246824,21,7970.833215,2277.380834,0
92,9,25,246824,28,2277.380834,7970.833215,0
92,25,9,246824,28,7970.833215,2277.380834,0
92,10,11,246824,11,5313.888771,7970.833215,0
92,11,10,246824,11,7970.833215,5313.888771,0
92,11,14,246824,11,7970.833215,1771.296178,0
92,14,11,246824,11,1771.296178,7970.833215,0
92,12,13,246824,12,5313.888771,3985.416549,0
92,13,12,246824,12,3985.416549,5313.888771,0
92,12,14,246824,12,5313.888771,1771.296178,0
92,14,12,246824,12,1771.296178,5313.888771,0
92,12,15,246824,28,5313.888771,7970.833215,0
92,15,12,246824,28,7970.833215,5313.888771,0
92,13,14,246824,12,3985.416549,1771.296178,0
92,14,13,246824,12,1771.296178,3985.416549,0
92,13,16,246824,41,3985.416549,7970.833215,0
92,16,13,246824,41,7970.833215,3985.416549,0
92,13,21,246824,34,3985.416549,7970.833215,0
92,21,13,246824,34,7970.833215,3985.416549,0
92,14,15,246824,28,1771.296178,7970.833215,0
92,15,14,246824,28,7970.833215,1771.296178,0
92,14,16,246824,41,1771.296178,7970.833215,0
92,16,14,246824,41,7970.833215,1771.296178,0
92,14,17,246824,29,1771.296178,7970.833215,0
92,17,14,246824,29,7970.833215,1771.296178,0
92,14,20,246824,26,1771.296178,3985.416549,0
92,20,14,246824,26,3985.416549,1771.296178,0
92,14,21,246824,34,1771.296178,7970.833215,0
92,21,14,246824,34,7970.833215,1771.296178,0
92,14,28,246824,34,1771.296178,7970.833215,0
92,28,14,246824,34,7970.833215,1771.296178,0
92,17,20,246824,36,7970.833215,3985.416549,0
92,20,17,246824,36,3985.416549,7970.833215,0
92,18,19,246824,47,7970.833215,5313.888771,0
92,19,18,246824,47,5313.888771,7970.833215,0
92,19,20,246824,34,5313.888771,3985.416549,0
92,20,19,246824,34,3985.416549,5313.888771,0
92,20,29,246824,33,3985.416549,5313.888771,0
92,29,20,246824,33,5313.888771,3985.416549,0
92,24,26,246824,34,7970.833215,5313.888771,0
92,26,24,246824,34,5313.888771,7970.833215,0
92,25,27,246824,42,7970.833215,5313.888771,0
92,27,25,246824,42,5313.888771,7970.833215,0
93,0,1,246824,14,2276.190358,3983.333215,0
93,1,0,246824,14,3983.333215,2276.190358,0
93,0,3,246824,13,2276.190358,5311.110993,0
93,3,0,246824,13,5311.110993,2276.190358,0
93,0,9,246824,10,2276.190358,2276.190358,0
93,9,0,246824,10,2276.190358,2276.190358,0
93,0,19,246824,28,2276.190358,7966.666549,0
93,19,0,246824,28,7966.666549,2276.190358,0
93,0,23,246824,32,2276.190358,7966.666549,0
93,23,0,246824,32,7966.666549,2276.190358,0
93,0,26,246824,31,2276.190358,5311.110993,0
93,26,0,246824,31,5311.110993,2276.190358,0
93,0,27,246824,32,2276.190358,5311.110993,0
93,27,0,246824,32,5311.110993,2276.190358,0
93,1,2,246824,11,3983.333215,2276.190358,0
93,2,1,246824,11,2276.190358,3983.333215,0
93,1,4,246824,14,3983.333215,2655.555438,0
93,4,1,246824,14,2655.555438,3983.333215,0
93,1,29,246824,27,3983.333215,7966.666549,0
93,29,1,246824,27,7966.666549,3983.333215,0
93,2,4,246824,10,2276.190358,2655.555438,0
93,4,2,246824,10,2655.555438,2276.190358,0
93,2,5,246824,9,2276.190358,7966.666549,0
93,5,2,246824,9,7966.666549,2276.190358,0
93,2,9,246824,7,2276.190358,2276.190358,0
93,9,2,246824,7,2276.190358,2276.190358,0
93,2,18,246824,37,2276.190358,7966.666549,0
93,18,2,246824,37,7966.666549,2276.190358,0
93,2,22,246824,33,2276.190358,7966.666549,0
93,22,2,246824,33,7966.666549,2276.190358,0
93,2,29,246824,24,2276.190358,7966.666549,0
93,29,2,246824,24,7966.666549,2276.190358,0
93,3,4,246824,13,5311.110993,2655.555438,0
93,4,3,246824,13,2655.555438,5311.110993,0
93,3,28,246824,35,5311.110993,7966.666549,0
93,28,3,246824,35,7966.666549,5311.110993,0
93,4,6,246824,12,2655.555438,3983.333215,0
93,6,4,246824,12,3983.333215,2655.555438,0
93,4,8,246824,12,2655.555438,5311.110993,0
93,8,4,246824,12,5311.110993,2655.555438,0
93,4,22,246824,36,2655.555438,7966.666549,0
93,22,4,246824,36,7966.666549,2655.555438,0
93,5,9,246824,9,7966.666549,2276.190358,0
93,9,5,246824,9,2276.190358,7966.666549,0
93,6,9,246824,9,3983.333215,2276.190358,0
93,9,6,246824,9,2276.190358,3983.333215,0
93,6,23,246824,31,3983.333215,7966.666549,0
93,23,6,246824,31,7966.666549,3983.333215,0
93,6,27,246824,31,3983.333215,5311.110993,0
93,27,6,246824,31,5311.110993,3983.333215,0
93,7,9,246824,9,7966.666549,2276.190358,0
93,9,7,246824,9,2276.190358,7966.666549,0
93,7,10,246824,11,7966.666549,5311.110993,0
93,10,7,246824,11,5311.110993,7966.666549,0
93,8,10,246824,11,5311.110993,5311.110993,0
93,10,8,246824,11,5311.110993,5311.110993,0
93,8,26,246824,29,5311.110993,5311.110993,0
93,26,8,246824,29,5311.110993,5311.110993,0
93,9,24,246824,21,2276.190358,7966.666549,0
93,24,9,246824,21,7966.666549,2276.190358,0
93,9,25,246824,28,2276.190358,7966.666549,0
93,25,9,246824,28,7966.666549,2276.190358,0
93,10,11,246824,11,5311.110993,5311.110993,0
93,11,10,246824,11,5311.110993,5311.110993,0
93,11,13,246824,11,5311.110993,3186.666549,0
93,13,11,246824,11,3186.666549,5311.110993,0
93,11,14,246824,11,5311.110993,1770.370252,0
93,14,11,246824,11,1770.370252,5311.110993,0
93,12,13,246824,12,5311.110993,3186.666549,0
93,13,12,246824,12,3186.666549,5311.110993,0
93,12,14,246824,12,5311.110993,1770.370252,0
93,14,12,246824,12,1770.370252,5311.110993,0
93,12,15,246824,28,5311.110993,7966.666549,0
93,15,12,246824,28,7966.666549,5311.110993,0
93,13,14,246824,12,3186.666549,1770.370252,0
93,14,13,246824,12,1770.370252,3186.666549,0
93,13,16,246824,41,3186.666549,7966.666549,0
93,16,13,246824,41,7966.666549,3186.666549,0
93,13,21,246824,34,3186.666549,5311.110993,0
93,21,13,246824,34,5311.110993,3186.666549,0
93,14,15,246824,28,1770.370252,7966.666549,0
93,15,14,246824,28,7966.666549,1770.370252,0
93,14,16,246824,41,1770.370252,7966.666549,0
93,16,14,246824,41,7966.666549,1770.370252,0
93,14,17,246824,29,1770.370252,7966.666549,0
93,17,14,246824,29,7966.666549,1770.370252,0
93,14,20,246824,26,1770.370252,3186.666549,0
93,20,14,246824,26,3186.666549,1770.370252,0
93,14,21,246824,34,1770.370252,5311.110993,0
93,21,14,246824,34,5311.110993,1770.370252,0
93,14,28,246824,34,1770.370252,7966.666549,0
93,28,14,246824,34,7966.666549,1770.370252,0
93,17,20,246824,36,7966.666549,3186.666549,0
93,20,17,246824,36,3186.666549,7966.666549,0
93,18,20,246824,46,7966.666549,3186.666549,0
93,20,18,246824,46,3186.666549,7966.666549,0
93,19,20,246824,34,7966.666549,3186.666549,0
93,20,19,246824,34,3186.666549,7966.666549,0
93,20,21,246824,41,3186.666549,5311.110993,0
93,21,20,246824,41,5311.110993,3186.666549,0
93,24,26,246824,34,7966.666549,5311.110993,0
93,26,24,246824,34,5311.110993,7966.666549,0
93,25,27,246824,42,7966.666549,5311.110993,0
93,27,25,246824,42,5311.110993,7966.666549,0
94,0,1,246824,14,2277.380848,3985.416562,0
94,1,0,246824,14,3985.416562,2277.380848,0
94,0,3,246824,13,2277.380848,5313.888785,0
94,3,0,246824,13,5313.888785,2277.380848,0
94,0,9,246824,10,2277.380848,2277.380848,0
94,9,0,246824,10,2277.380848,2277.380848,0
94,0,19,246824,28,2277.380848,3985.416562,0
94,19,0,246824,28,3985.416562,2277.380848,0
94,0,23,246824,32,2277.380848,7970.833229,0
94,23,0,246824,32,7970.833229,2277.380848,0
94,0,26,246824,31,2277.380848,5313.888785,0
94,26,0,246824,31,5313.888785,2277.380848,0
94,0,27,246824,32,2277.380848,5313.888785,0
94,27,0,246824,32,5313.888785,2277.380848,0
94,1,2,246824,11,3985.416562,2277.380848,0
94,2,1,246824,11,2277.380848,3985.416562,0
94,1,4,246824,14,3985.416562,2656.944340,0
94,4,1,246824,14,2656.944340,3985.416562,0
94,1,29,246824,27,3985.416562,7970.833229,0
94,29,1,246824,27,7970.833229,3985.416562,0
94,2,4,246824,10,2277.380848,2656.944340,0
94,4,2,246824,10,2656.944340,2277.380848,0
94,2,5,246824,9,2277.380848,7970.833229,0
94,5,2,246824,9,7970.833229,2277.380848,0
94,2,9,246824,7,2277.380848,2277.380848,0
94,9,2,246824,7,2277.380848,2277.380848,0
94,2,18,246824,37,2277.380848,7970.833229,0
94,18,2,246824,37,7970.833229,2277.380848,0
94,2,22,246824,33,2277.380848,7970.833229,0
94,22,2,246824,33,7970.833229,2277.380848,0
94,2,29,246824,24,2277.380848,7970.833229,0
94,29,2,246824,24,7970.833229,2277.380848,0
94,3,4,246824,13,5313.888785,2656.944340,0
94,4,3,246824,13,2656.944340,5313.888785,0
94,3,28,246824,35,5313.888785,7970.833229,0
94,28,3,246824,35,7970.833229,5313.888785,0
94,4,6,246824,12,2656.944340,3985.416562,0
94,6,4,246824,12,3985.416562,2656.944340,0
94,4,8,246824,12,2656.944340,5313.888785,0
94,8,4,246824,12,5313.888785,2656.944340,0
94,4,22,246824,36,2656.944340,7970.833229,0
94,22,4,246824,36,7970.833229,2656.944340,0
94,5,9,246824,9,7970.833229,2277.380848,0
94,9,5,246824,9,2277.380848,7970.833229,0
94,6,9,246824,9,3985.416562,2277.380848,0
94,9,6,246824,9,2277.380848,3985.416562,0
94,6,23,246824,31,3985.416562,7970.833229,0
94,23,6,246824,31,7970.833229,3985.416562,0
94,6,27,246824,31,3985.416562,5313.888785,0
94,27,6,246824,31,5313.888785,3985.416562,0
94,7,9,246824,9,7970.833229,2277.380848,0
94,9,7,246824,9,2277.380848,7970.833229,0
94,7,10,246824,11,7970.833229,5313.888785,0
94,10,7,246824,11,5313.888785,7970.833229,0
94,8,10,246824,11,5313.888785,5313.888785,0
94,10,8,246824,11,5313.888785,5313.888785,0
94,8,26,246824,29,5313.888785,5313.888785,0
94,26,8,246824,29,5313.888785,5313.888785,0
94,9,24,246824,21,2277.380848,7970.833229,0
94,24,9,246824,21,7970.833229,2277.380848,0
94,9,25,246824,28,2277.380848,7970.833229,0
94,25,9,246824,28,7970.833229,2277.380848,0
94,10,11,246824,11,5313.888785,5313.888785,0
94,11,10,246824,11,5313.888785,5313.888785,0
94,11,13,246824,11,5313.888785,3985.416562,0
94,13,11,246824,11,3985.416562,5313.888785,0
94,11,14,246824,11,5313.888785,1992.708229,0
94,14,11,246824,11,1992.708229,5313.888785,0
94,12,13,246824,12,5313.888785,3985.416562,0
94,13,12,246824,12,3985.416562,5313.888785,0
94,12,14,246824,12,5313.888785,1992.708229,0
94,14,12,246824,12,1992.708229,5313.888785,0
94,12,15,246824,28,5313.888785,7970.833229,0
94,15,12,246824,28,7970.833229,5313.888785,0
94,13,16,246824,41,3985.416562,7970.833229,0
94,16,13,246824,41,7970.833229,3985.416562,0
94,13,21,246824,34,3985.416562,7970.833229,0
94,21,13,246824,34,7970.833229,3985.416562,0
94,14,15,246824,28,1992.708229,7970.833229,0
94,15,14,246824,28,7970.833229,1992.708229,0
94,14,16,246824,41,1992.708229,7970.833229,0
94,16,14,246824,41,7970.833229,1992.708229,0
94,14,17,246824,29,1992.708229,5313.888785,0
94,17,14,246824,29,5313.888785,1992.708229,0
94,14,20,246824,26,1992.708229,5313.888785,0
94,20,14,246824,26,5313.888785,1992.708229,0
94,14,21,246824,34,1992.708229,7970.833229,0
94,21,14,246824,34,7970.833229,1992.708229,0
94,14,28,246824,34,1992.708229,7970.833229,0
94,28,14,246824,34,7970.833229,1992.708229,0
94,17,19,246824,37,5313.888785,3985.416562,0
94,19,17,246824,37,3985.416562,5313.888785,0
94,17,20,246824,36,5313.888785,5313.888785,0
94,20,17,246824,36,5313.888785,5313.888785,0
94,18,19,246824,47,7970.833229,3985.416562,0
94,19,18,246824,47,3985.416562,7970.833229,0
94,19,20,246824,34,3985.416562,5313.888785,0
94,20,19,246824,34,5313.888785,3985.416562,0
94,24,26,246824,34,7970.833229,5313.888785,0
94,26,24,246824,34,5313.888785,7970.833229,0
94,25,27,246824,42,7970.833229,5313.888785,0
94,27,25,246824,42,5313.888785,7970.833229,0
95,0,1,246824,14,2273.809406,3183.333215,0
95,1,0,246824,14,3183.333215,2273.809406,0
95,0,3,246824,13,2273.809406,3979.166549,0
95,3,0,246824,13,3979.166549,2273.809406,0
95,0,9,246824,10,2273.809406,2273.809406,0
95,9,0,246824,10,2273.809406,2273.809406,0
95,0,19,246824,28,2273.809406,7958.333215,0
95,19,0,246824,28,7958.333215,2273.809406,0
95,0,23,246824,32,2273.809406,7958.333215,0
95,23,0,246824,32,7958.333215,2273.809406,0
95,0,26,246824,31,2273.809406,5305.555438,0
95,26,0,246824,31,5305.555438,2273.809406,0
95,0,27,246824,32,2273.809406,5305.555438,0
95,27,0,246824,32,5305.555438,2273.809406,0
95,1,2,246824,11,3183.333215,2273.809406,0
95,2,1,246824,11,2273.809406,3183.333215,0
95,1,3,246824,14,3183.333215,3979.166549,0
95,3,1,246824,14,3979.166549,3183.333215,0
95,1,4,246824,14,3183.333215,3183.333215,0
95,4,1,246824,14,3183.333215,3183.333215,0
95,1,29,246824,27,3183.333215,7958.333215,0
95,29,1,246824,27,7958.333215,3183.333215,0
95,2,4,246824,10,2273.809406,3183.333215,0
95,4,2,246824,10,3183.333215,2273.809406,0
95,2,5,246824,9,2273.809406,5305.555438,0
95,5,2,246824,9,5305.555438,2273.809406,0
95,2,9,246824,7,2273.809406,2273.809406,0
95,9,2,246824,7,2273.809406,2273.809406,0
95,2,18,246824,37,2273.809406,7958.333215,0
95,18,2,246824,37,7958.333215,2273.809406,0
95,2,22,246824,33,2273.809406,7958.333215,0
95,22,2,246824,33,7958.333215,2273.809406,0
95,2,29,246824,24,2273.809406,7958.333215,0
95,29,2,246824,24,7958.333215,2273.809406,0
95,3,4,246824,13,3979.166549,3183.333215,0
95,4,3,246824,13,3183.333215,3979.166549,0
95,3,28,246824,35,3979.166549,7958.333215,0
95,28,3,246824,35,7958.333215,3979.166549,0
95,4,6,246824,12,3183.333215,3979.166549,0
95,6,4,246824,12,3979.166549,3183.333215,0
95,4,22,246824,36,3183.333215,7958.333215,0
95,22,4,246824,36,7958.333215,3183.333215,0
95,5,8,246824,11,5305.555438,5305.555438,0
95,8,5,246824,11,5305.555438,5305.555438,0
95,5,9,246824,9,5305.555438,2273.809406,0
95,9,5,246824,9,2273.809406,5305.555438,0
95,6,9,246824,9,3979.166549,2273.809406,0
95,9,6,246824,9,2273.809406,3979.166549,0
95,6,23,246824,31,3979.166549,7958.333215,0
95,23,6,246824,31,7958.333215,3979.166549,0
95,6,27,246824,31,3979.166549,5305.555438,0
95,27,6,246824,31,5305.555438,3979.166549,0
95,7,9,246824,9,7958.333215,2273.809406,0
95,9,7,246824,9,2273.809406,7958.333215,0
95,7,10,246824,11,7958.333215,5305.555438,0
95,10,7,246824,11,5305.555438,7958.333215,0
95,8,10,246824,11,5305.555438,5305.555438,0
95,10,8,246824,11,5305.555438,5305.555438,0
95,8,26,246824,29,5305.555438,5305.555438,0
95,26,8,246824,29,5305.555438,5305.555438,0
95,9,24,246824,21,2273.809406,7958.333215,0
95,24,9,246824,21,7958.333215,2273.809406,0
95,9,25,246824,28,2273.809406,7958.333215,0
95,25,9,246824,28,7958.333215,2273.809406,0
95,10,11,246824,11,5305.555438,5305.555438,0
95,11,10,246824,11,5305.555438,5305.555438,0
95,11,13,246824,11,5305.555438,3183.333215,0
95,13,11,246824,11,3183.333215,5305.555438,0
95,11,14,246824,11,5305.555438,1768.518401,0
95,14,11,246824,11,1768.518401,5305.555438,0
95,12,13,246824,12,5305.555438,3183.333215,0
95,13,12,246824,12,3183.333215,5305.555438,0
95,12,14,246824,12,5305.555438,1768.518401,0
95,14,12,246824,12,1768.518401,5305.555438,0
95,12,15,246824,28,5305.555438,7958.333215,0
95,15,12,246824,28,7958.333215,5305.555438,0
95,13,14,246824,12,3183.333215,1768.518401,0
95,14,13,246824,12,1768.518401,3183.333215,0
95,13,16,246824,41,3183.333215,7958.333215,0
95,16,13,246824,41,7958.333215,3183.333215,0
95,13,21,246824,34,3183.333215,7958.333215,0
95,21,13,246824,34,7958.333215,3183.333215,0
95,14,15,246824,28,1768.518401,7958.333215,0
95,15,14,246824,28,7958.333215,1768.518401,0
95,14,16,246824,41,1768.518401,7958.333215,0
95,16,14,246824,41,7958.333215,1768.518401,0
95,14,17,246824,29,1768.518401,5305.555438,0
95,17,14,246824,29,5305.555438,1768.518401,0
95,14,20,246824,26,1768.518401,5305.555438,0
95,20,14,246824,26,5305.555438,1768.518401,0
95,14,21,246824,34,1768.518401,7958.333215,0
95,21,14,246824,34,7958.333215,1768.518401,0
95,14,28,246824,34,1768.518401,7958.333215,0
95,28,14,246824,34,7958.333215,1768.518401,0
95,17,18,246824,44,5305.555438,7958.333215,0
95,18,17,246824,44,7958.333215,5305.555438,0
95,17,20,246824,36,5305.555438,5305.555438,0
95,20,17,246824,36,5305.555438,5305.555438,0
95,19,20,246824,34,7958.333215,5305.555438,0
95,20,19,246824,34,5305.555438,7958.333215,0
95,24,26,246824,34,7958.333215,5305.555438,0
95,26,24,246824,34,5305.555438,7958.333215,0
95,25,27,246824,42,7958.333215,5305.555438,0
95,27,25,246824,42,5305.555438,7958.333215,0
96,0,1,246824,14,2277.380834,3188.333215,0
96,1,0,246824,14,3188.333215,2277.380834,0
96,0,3,246824,13,2277.380834,3985.416549,0
96,3,0,246824,13,3985.416549,2277.380834,0
96,0,9,246824,10,2277.380834,2277.380834,0
96,9,0,246824,10,2277.380834,2277.380834,0
96,0,19,246824,28,2277.380834,3985.416549,0
96,19,0,246824,28,3985.416549,2277.380834,0
96,0,23,246824,32,2277.380834,7970.833215,0
96,23,0,246824,32,7970.833215,2277.380834,0
96,0,26,246824,31,2277.380834,5313.888771,0
96,26,0,246824,31,5313.888771,2277.380834,0
96,0,27,246824,32,2277.380834,5313.888771,0
96,27,0,246824,32,5313.888771,2277.380834,0
96,1,2,246824,11,3188.333215,2277.380834,0
96,2,1,246824,11,2277.380834,3188.333215,0
96,1,3,246824,14,3188.333215,3985.416549,0
96,3,1,246824,14,3985.416549,3188.333215,0
96,1,4,246824,14,3188.333215,2656.944326,0
96,4,1,246824,14,2656.944326,3188.333215,0
96,1,29,246824,27,3188.333215,7970.833215,0
96,29,1,246824,27,7970.833215,3188.333215,0
96,2,4,246824,10,2277.380834,2656.944326,0
96,4,2,246824,10,2656.944326,2277.380834,0
96,2,5,246824,9,2277.380834,7970.833215,0
96,5,2,246824,9,7970.833215,2277.380834,0
96,2,9,246824,7,2277.380834,2277.380834,0
96,9,2,246824,7,2277.380834,2277.380834,0
96,2,18,246824,37,2277.380834,7970.833215,0
96,18,2,246824,37,7970.833215,2277.380834,0
96,2,22,246824,33,2277.380834,5313.888771,0
96,22,2,246824,33,5313.888771,2277.380834,0
96,2,29,246824,24,2277.380834,7970.833215,0
96,29,2,246824,24,7970.833215,2277.380834,0
96,3,4,246824,13,3985.416549,2656.944326,0
96,4,3,246824,13,2656.944326,3985.416549,0
96,3,28,246824,35,3985.416549,7970.833215,0
96,28,3,246824,35,7970.833215,3985.416549,0
96,4,6,246824,12,2656.944326,3985.416549,0
96,6,4,246824,12,3985.416549,2656.944326,0
96,4,8,246824,12,2656.944326,5313.888771,0
96,8,4,246824,12,5313.888771,2656.944326,0
96,4,22,246824,36,2656.944326,5313.888771,0
96,22,4,246824,36,5313.888771,2656.944326,0
96,5,9,246824,9,7970.833215,2277.380834,0
96,9,5,246824,9,2277.380834,7970.833215,0
96,6,9,246824,9,3985.416549,2277.380834,0
96,9,6,246824,9,2277.380834,3985.416549,0
96,6,23,246824,31,3985.416549,7970.833215,0
96,23,6,246824,31,7970.833215,3985.416549,0
96,6,27,246824,31,3985.416549,5313.888771,0
96,27,6,246824,31,5313.888771,3985.416549,0
96,7,9,246824,9,7970.833215,2277.380834,0
96,9,7,246824,9,2277.380834,7970.833215,0
96,7,10,246824,11,7970.833215,3985.416549,0
96,10,7,246824,11,3985.416549,7970.833215,0
96,8,10,246824,11,5313.888771,3985.416549,0
96,10,8,246824,11,3985.416549,5313.888771,0
96,8,26,246824,29,5313.888771,5313.888771,0
96,26,8,246824,29,5313.888771,5313.888771,0
96,9,24,246824,21,2277.380834,7970.833215,0
96,24,9,246824,21,7970.833215,2277.380834,0
96,9,25,246824,28,2277.380834,7970.833215,0
96,25,9,246824,28,7970.833215,2277.380834,0
96,10,11,246824,11,3985.416549,5313.888771,0
96,11,10,246824,11,5313.888771,3985.416549,0
96,10,13,246824,12,3985.416549,2656.944326,0
96,13,10,246824,12,2656.944326,3985.416549,0
96,11,13,246824,11,5313.888771,2656.944326,0
96,13,11,246824,11,2656.944326,5313.888771,0
96,11,14,246824,11,5313.888771,1771.296178,0
96,14,11,246824,11,1771.296178,5313.888771,0
96,12,13,246824,12,5313.888771,2656.944326,0
96,13,12,246824,12,2656.944326,5313.888771,0
96,12,14,246824,12,5313.888771,1771.296178,0
96,14,12,246824,12,1771.296178,5313.888771,0
96,12,15,246824,28,5313.888771,7970.833215,0
96,15,12,246824,28,7970.833215,5313.888771,0
96,13,14,246824,12,2656.944326,1771.296178,0
96,14,13,246824,12,1771.296178,2656.944326,0
96,13,16,246824,41,2656.944326,7970.833215,0
96,16,13,246824,41,7970.833215,2656.944326,0
96,13,21,246824,34,2656.944326,7970.833215,0
96,21,13,246824,34,7970.833215,2656.944326,0
96,14,15,246824,28,1771.296178,7970.833215,0
96,15,14,246824,28,7970.833215,1771.296178,0
96,14,16,246824,41,1771.296178,7970.833215,0
96,16,14,246824,41,7970.833215,1771.296178,0
96,14,17,246824,29,1771.296178,7970.833215,0
96,17,14,246824,29,7970.833215,1771.296178,0
96,14,20,246824,26,1771.296178,5313.888771,0
96,20,14,246824,26,5313.888771,1771.296178,0
96,14,21,246824,34,1771.296178,7970.833215,0
96,21,14,246824,34,7970.833215,1771.296178,0
96,14,28,246824,34,1771.296178,7970.833215,0
96,28,14,246824,34,7970.833215,1771.296178,0
96,17,20,246824,36,7970.833215,5313.888771,0
96,20,17,246824,36,5313.888771,7970.833215,0
96,18,19,246824,47,7970.833215,3985.416549,0
96,19,18,246824,47,3985.416549,7970.833215,0
96,19,20,246824,34,3985.416549,5313.888771,0
96,20,19,246824,34,5313.888771,3985.416549,0
96,19,22,246824,43,3985.416549,5313.888771,0
96,22,19,246824,43,5313.888771,3985.416549,0
96,24,26,246824,34,7970.833215,5313.888771,0
96,26,24,246824,34,5313.888771,7970.833215,0
96,25,27,246824,42,7970.833215,5313.888771,0
96,27,25,246824,42,5313.888771,7970.833215,0
97,0,1,246824,14,2276.190358,3983.333215,0
97,1,0,246824,14,3983.333215,2276.190358,0
97,0,3,246824,13,2276.190358,3983.333215,0
97,3,0,246824,13,3983.333215,2276.190358,0
97,0,9,246824,10,2276.190358,2276.190358,0
97,9,0,246824,10,2276.190358,2276.190358,0
97,0,19,246824,28,2276.190358,5311.110993,0
97,19,0,246824,28,5311.110993,2276.190358,0
97,0,23,246824,32,2276.190358,7966.666549,0
97,23,0,246824,32,7966.666549,2276.190358,0
97,0,26,246824,31,2276.190358,5311.110993,0
97,26,0,246824,31,5311.110993,2276.190358,0
97,0,27,246824,32,2276.190358,5311.110993,0
97,27,0,246824,32,5311.110993,2276.190358,0
97,1,2,246824,11,3983.333215,2276.190358,0
97,2,1,246824,11,2276.190358,3983.333215,0
97,1,4,246824,14,3983.333215,2655.555438,0
97,4,1,246824,14,2655.555438,3983.333215,0
97,1,29,246824,27,3983.333215,7966.666549,0
97,29,1,246824,27,7966.666549,3983.333215,0
97,2,4,246824,10,2276.190358,2655.555438,0
97,4,2,246824,10,2655.555438,2276.190358,0
97,2,5,246824,9,2276.190358,7966.666549,0
97,5,2,246824,9,7966.666549,2276.190358,0
97,2,9,246824,7,2276.190358,2276.190358,0
97,9,2,246824,7,2276.190358,2276.190358,0
97,2,18,246824,37,2276.190358,7966.666549,0
97,18,2,246824,37,7966.666549,2276.190358,0
97,2,22,246824,33,2276.190358,5311.110993,0
97,22,2,246824,33,5311.110993,2276.190358,0
97,2,29,246824,24,2276.190358,7966.666549,0
97,29,2,246824,24,7966.666549,2276.190358,0
97,3,4,246824,13,3983.333215,2655.555438,0
97,4,3,246824,13,2655.555438,3983.333215,0
97,3,12,246824,12,3983.333215,3983.333215,0
97,12,3,246824,12,3983.333215,3983.333215,0
97,3,28,246824,35,3983.333215,7966.666549,0
97,28,3,246824,35,7966.666549,3983.333215,0
97,4,6,246824,12,2655.555438,3983.333215,0
97,6,4,246824,12,3983.333215,2655.555438,0
97,4,8,246824,12,2655.555438,5311.110993,0
97,8,4,246824,12,5311.110993,2655.555438,0
97,4,22,246824,36,2655.555438,5311.110993,0
97,22,4,246824,36,5311.110993,2655.555438,0
97,5,9,246824,9,7966.666549,2276.190358,0
97,9,5,246824,9,2276.190358,7966.666549,0
97,6,9,246824,9,3983.333215,2276.190358,0
97,9,6,246824,9,2276.190358,3983.333215,0
97,6,23,246824,31,3983.333215,7966.666549,0
97,23,6,246824,31,7966.666549,3983.333215,0
97,6,27,246824,31,3983.333215,5311.110993,0
97,27,6,246824,31,5311.110993,3983.333215,0
97,7,9,246824,9,7966.666549,2276.190358,0
97,9,7,246824,9,2276.190358,7966.666549,0
97,7,10,246824,11,7966.666549,5311.110993,0
97,10,7,246824,11,5311.110993,7966.666549,0
97,8,10,246824,11,5311.110993,5311.110993,0
97,10,8,246824,11,5311.110993,5311.110993,0
97,8,26,246824,29,5311.110993,5311.110993,0
97,26,8,246824,29,5311.110993,5311.110993,0
97,9,24,246824,21,2276.190358,7966.666549,0
97,24,9,246824,21,7966.666549,2276.190358,0
97,9,25,246824,28,2276.190358,7966.666549,0
97,25,9,246824,28,7966.666549,2276.190358,0
97,10,11,246824,11,5311.110993,7966.666549,0
97,11,10,246824,11,7966.666549,5311.110993,0
97,11,14,246824,11,7966.666549,1770.370252,0
97,14,11,246824,11,1770.370252,7966.666549,0
97,12,13,246824,12,3983.333215,3983.333215,0
97,13,12,246824,12,3983.333215,3983.333215,0
97,12,14,246824,12,3983.333215,1770.370252,0
97,14,12,246824,12,1770.370252,3983.333215,0
97,12,15,246824,28,3983.333215,7966.666549,0
97,15,12,246824,28,7966.666549,3983.333215,0
97,13,14,246824,12,3983.333215,1770.370252,0
97,14,13,246824,12,1770.370252,3983.333215,0
97,13,16,246824,41,3983.333215,7966.666549,0
97,16,13,246824,41,7966.666549,3983.333215,0
97,13,21,246824,34,3983.333215,7966.666549,0
97,21,13,246824,34,7966.666549,3983.333215,0
97,14,15,246824,28,1770.370252,7966.666549,0
97,15,14,246824,28,7966.666549,1770.370252,0
97,14,16,246824,41,1770.370252,7966.666549,0
97,16,14,246824,41,7966.666549,1770.370252,0
97,14,17,246824,29,1770.370252,7966.666549,0
97,17,14,246824,29,7966.666549,1770.370252,0
97,14,20,246824,26,1770.370252,3983.333215,0
97,20,14,246824,26,3983.333215,1770.370252,0
97,14,21,246824,34,1770.370252,7966.666549,0
97,21,14,246824,34,7966.666549,1770.370252,0
97,14,28,246824,34,1770.370252,7966.666549,0
97,28,14,246824,34,7966.666549,1770.370252,0
97,17,20,246824,36,7966.666549,3983.333215,0
97,20,17,246824,36,3983.333215,7966.666549,0
97,18,20,246824,46,7966.666549,3983.333215,0
97,20,18,246824,46,3983.333215,7966.666549,0
97,19,20,246824,34,5311.110993,3983.333215,0
97,20,19,246824,34,3983.333215,5311.110993,0
97,19,22,246824,43,5311.110993,5311.110993,0
97,22,19,246824,43,5311.110993,5311.110993,0
97,24,26,246824,34,7966.666549,5311.110993,0
97,26,24,246824,34,5311.110993,7966.666549,0
97,25,27,246824,42,7966.666549,5311.110993,0
97,27,25,246824,42,5311.110993,7966.666549,0
98,0,1,246824,14,2277.380834,2656.944326,0
98,1,0,246824,14,2656.944326,2277.380834,0
98,0,3,246824,13,2277.380834,5313.888771,0
98,3,0,246824,13,5313.888771,2277.380834,0
98,0,9,246824,10,2277.380834,2277.380834,0
98,9,0,246824,10,2277.380834,2277.380834,0
98,0,19,246824,28,2277.380834,5313.888771,0
98,19,0,246824,28,5313.888771,2277.380834,0
98,0,23,246824,32,2277.380834,7970.833215,0
98,23,0,246824,32,7970.833215,2277.380834,0
98,0,26,246824,31,2277.380834,5313.888771,0
98,26,0,246824,31,5313.888771,2277.380834,0
98,0,27,246824,32,2277.380834,5313.888771,0
98,27,0,246824,32,5313.888771,2277.380834,0
98,1,2,246824,11,2656.944326,2277.380834,0
98,2,1,246824,11,2277.380834,2656.944326,0
98,1,3,246824,14,2656.944326,5313.888771,0
98,3,1,246824,14,5313.888771,2656.944326,0
98,1,4,246824,14,2656.944326,2656.944326,0
98,4,1,246824,14,2656.944326,2656.944326,0
98,1,28,246824,35,2656.944326,7970.833215,0
98,28,1,246824,35,7970.833215,2656.944326,0
98,1,29,246824,27,2656.944326,7970.833215,0
98,29,1,246824,27,7970.833215,2656.944326,0
98,2,4,246824,10,2277.380834,2656.944326,0
98,4,2,246824,10,2656.944326,2277.380834,0
98,2,5,246824,9,2277.380834,5313.888771,0
98,5,2,246824,9,5313.888771,2277.380834,0
98,2,9,246824,7,2277.380834,2277.380834,0
98,9,2,246824,7,2277.380834,2277.380834,0
98,2,18,246824,37,2277.380834,7970.833215,0
98,18,2,246824,37,7970.833215,2277.380834,0
98,2,22,246824,33,2277.380834,5313.888771,0
98,22,2,246824,33,5313.888771,2277.380834,0
98,2,29,246824,24,2277.380834,7970.833215,0
98,29,2,246824,24,7970.833215,2277.380834,0
98,3,4,246824,13,5313.888771,2656.944326,0
98,4,3,246824,13,2656.944326,5313.888771,0
98,4,6,246824,12,2656.944326,3188.333215,0
98,6,4,246824,12,3188.333215,2656.944326,0
98,4,8,246824,12,2656.944326,3985.416549,0
98,8,4,246824,12,3985.416549,2656.944326,0
98,4,22,246824,36,2656.944326,5313.888771,0
98,22,4,246824,36,5313.888771,2656.944326,0
98,5,8,246824,11,5313.888771,3985.416549,0
98,8,5,246824,11,3985.416549,5313.888771,0
98,5,9,246824,9,5313.888771,2277.380834,0
98,9,5,246824,9,2277.380834,5313.888771,0
98,6,9,246824,9,3188.333215,2277.380834,0
98,9,6,246824,9,2277.380834,3188.333215,0
98,6,11,246824,11,3188.333215,3985.416549,0
98,11,6,246824,11,3985.416549,3188.333215,0
98,6,23,246824,31,3188.333215,7970.833215,0
98,23,6,246824,31,7970.833215,3188.333215,0
98,6,27,246824,31,3188.333215,5313.888771,0
98,27,6,246824,31,5313.888771,3188.333215,0
98,7,9,246824,9,7970.833215,2277.380834,0
98,9,7,246824,9,2277.380834,7970.833215,0
98,7,10,246824,11,7970.833215,5313.888771,0
98,10,7,246824,11,5313.888771,7970.833215,0
98,8,10,246824,11,3985.416549,5313.888771,0
98,10,8,246824,11,5313.888771,3985.416549,0
98,8,26,246824,29,3985.416549,5313.888771,0
98,26,8,246824,29,5313.888771,3985.416549,0
98,9,24,246824,21,2277.380834,7970.833215,0
98,24,9,246824,21,7970.833215,2277.380834,0
98,9,25,246824,28,2277.380834,7970.833215,0
98,25,9,246824,28,7970.833215,2277.380834,0
98,10,11,246824,11,5313.888771,3985.416549,0
98,11,10,246824,11,3985.416549,5313.888771,0
98,11,13,246824,11,3985.416549,3985.416549,0
98,13,11,246824,11,3985.416549,3985.416549,0
98,11,14,246824,11,3985.416549,1992.708215,0
98,14,11,246824,11,1992.708215,3985.416549,0
98,12,13,246824,12,5313.888771,3985.416549,0
98,13,12,246824,12,3985.416549,5313.888771,0
98,12,14,246824,12,5313.888771,1992.708215,0
98,14,12,246824,12,1992.708215,5313.888771,0
98,12,15,246824,28,5313.888771,7970.833215,0
98,15,12,246824,28,7970.833215,5313.888771,0
98,13,16,246824,41,3985.416549,7970.833215,0
98,16,13,246824,41,7970.833215,3985.416549,0
98,13,21,246824,34,3985.416549,7970.833215,0
98,21,13,246824,34,7970.833215,3985.416549,0
98,14,15,246824,28,1992.708215,7970.833215,0
98,15,14,246824,28,7970.833215,1992.708215,0
98,14,16,246824,41,1992.708215,7970.833215,0
98,16,14,246824,41,7970.833215,1992.708215,0
98,14,17,246824,29,1992.708215,7970.833215,0
98,17,14,246824,29,7970.833215,1992.708215,0
98,14,20,246824,26,1992.708215,7970.833215,0
98,20,14,246824,26,7970.833215,1992.708215,0
98,14,21,246824,34,1992.708215,7970.833215,0
98,21,14,246824,34,7970.833215,1992.708215,0
98,14,28,246824,34,1992.708215,7970.833215,0
98,28,14,246824,34,7970.833215,1992.708215,0
98,17,20,246824,36,7970.833215,7970.833215,0
98,20,17,246824,36,7970.833215,7970.833215,0
98,18,19,246824,47,7970.833215,5313.888771,0
98,19,18,246824,47,5313.888771,7970.833215,0
98,19,22,246824,43,5313.888771,5313.888771,0
98,22,19,246824,43,5313.888771,5313.888771,0
98,24,26,246824,34,7970.833215,5313.888771,0
98,26,24,246824,34,5313.888771,7970.833215,0
98,25,27,246824,42,7970.833215,5313.888771,0
98,27,25,246824,42,5313.888771,7970.833215,0
99,0,1,246824,14,2655.555438,2655.555438,0
99,1,0,246824,14,2655.555438,2655.555438,0
99,0,9,246824,10,2655.555438,2276.190358,0
99,9,0,246824,10,2276.190358,2655.555438,0
99,0,19,246824,28,2655.555438,7966.666549,0
99,19,0,246824,28,7966.666549,2655.555438,0
99,0,23,246824,32,2655.555438,5311.110993,0
99,23,0,246824,32,5311.110993,2655.555438,0
99,0,26,246824,31,2655.555438,7966.666549,0
99,26,0,246824,31,7966.666549,2655.555438,0
99,0,27,246824,32,2655.555438,5311.110993,0
99,27,0,246824,32,5311.110993,2655.555438,0
99,1,2,246824,11,2655.555438,2276.190358,0
99,2,1,246824,11,2276.190358,2655.555438,0
99,1,3,246824,14,2655.555438,7966.666549,0
99,3,1,246824,14,7966.666549,2655.555438,0
99,1,4,246824,14,2655.555438,2655.555438,0
99,4,1,246824,14,2655.555438,2655.555438,0
99,1,28,246824,35,2655.555438,7966.666549,0
99,28,1,246824,35,7966.666549,2655.555438,0
99,1,29,246824,27,2655.555438,7966.666549,0
99,29,1,246824,27,7966.666549,2655.555438,0
99,2,4,246824,10,2276.190358,2655.555438,0
99,4,2,246824,10,2655.555438,2276.190358,0
99,2,5,246824,9,2276.190358,5311.110993,0
99,5,2,246824,9,5311.110993,2276.190358,0
99,2,9,246824,7,2276.190358,2276.190358,0
99,9,2,246824,7,2276.190358,2276.190358,0
99,2,18,246824,37,2276.190358,7966.666549,0
99,18,2,246824,37,7966.666549,2276.190358,0
99,2,22,246824,33,2276.190358,5311.110993,0
99,22,2,246824,33,5311.110993,2276.190358,0
99,2,29,246824,24,2276.190358,7966.666549,0
99,29,2,246824,24,7966.666549,2276.190358,0
99,3,4,246824,13,7966.666549,2655.555438,0
99,4,3,246824,13,2655.555438,7966.666549,0
99,4,6,246824,12,2655.555438,3983.333215,0
99,6,4,246824,12,3983.333215,2655.555438,0
99,4,8,246824,12,2655.555438,3983.333215,0
99,8,4,246824,12,3983.333215,2655.555438,0
99,4,22,246824,36,2655.555438,5311.110993,0
99,22,4,246824,36,5311.110993,2655.555438,0
99,5,8,246824,11,5311.110993,3983.333215,0
99,8,5,246824,11,3983.333215,5311.110993,0
99,5,9,246824,9,5311.110993,2276.190358,0
99,9,5,246824,9,2276.190358,5311.110993,0
99,6,9,246824,9,3983.333215,2276.190358,0
99,9,6,246824,9,2276.190358,3983.333215,0
99,6,23,246824,31,3983.333215,5311.110993,0
99,23,6,246824,31,5311.110993,3983.333215,0
99,6,27,246824,31,3983.333215,5311.110993,0
99,27,6,246824,31,5311.110993,3983.333215,0
99,7,9,246824,9,7966.666549,2276.190358,0
99,9,7,246824,9,2276.190358,7966.666549,0
99,7,10,246824,11,7966.666549,5311.110993,0
99,10,7,246824,11,5311.110993,7966.666549,0
99,8,10,246824,11,3983.333215,5311.110993,0
99,10,8,246824,11,5311.110993,3983.333215,0
99,8,26,246824,29,3983.333215,7966.666549,0
99,26,8,246824,29,7966.666549,3983.333215,0
99,9,24,246824,21,2276.190358,7966.666549,0
99,24,9,246824,21,7966.666549,2276.190358,0
99,9,25,246824,28,2276.190358,7966.666549,0
99,25,9,246824,28,7966.666549,2276.190358,0
99,10,11,246824,11,5311.110993,5311.110993,0
99,11,10,246824,11,5311.110993,5311.110993,0
99,11,13,246824,11,5311.110993,3983.333215,0
99,13,11,246824,11,3983.333215,5311.110993,0
99,11,14,246824,11,5311.110993,1991.666549,0
99,14,11,246824,11,1991.666549,5311.110993,0
99,12,13,246824,12,5311.110993,3983.333215,0
99,13,12,246824,12,3983.333215,5311.110993,0
99,12,14,246824,12,5311.110993,1991.666549,0
99,14,12,246824,12,1991.666549,5311.110993,0
99,12,15,246824,28,5311.110993,7966.666549,0
99,15,12,246824,28,7966.666549,5311.110993,0
99,13,16,246824,41,3983.333215,7966.666549,0
99,16,13,246824,41,7966.666549,3983.333215,0
99,13,21,246824,34,3983.333215,7966.666549,0
99,21,13,246824,34,7966.666549,3983.333215,0
99,14,15,246824,28,1991.666549,7966.666549,0
99,15,14,246824,28,7966.666549,1991.666549,0
99,14,16,246824,41,1991.666549,7966.666549,0
99,16,14,246824,41,7966.666549,1991.666549,0
99,14,17,246824,29,1991.666549,7966.666549,0
99,17,14,246824,29,7966.666549,1991.666549,0
99,14,20,246824,26,1991.666549,5311.110993,0
99,20,14,246824,26,5311.110993,1991.666549,0
99,14,21,246824,34,1991.666549,7966.666549,0
99,21,14,246824,34,7966.666549,1991.666549,0
99,14,28,246824,34,1991.666549,7966.666549,0
99,28,14,246824,34,7966.666549,1991.666549,0
99,17,20,246824,36,7966.666549,5311.110993,0
99,20,17,246824,36,5311.110993,7966.666549,0
99,18,20,246824,46,7966.666549,5311.110993,0
99,20,18,246824,46,5311.110993,7966.666549,0
99,19,22,246824,43,7966.666549,5311.110993,0
99,22,19,246824,43,5311.110993,7966.666549,0
99,23,24,246824,35,5311.110993,7966.666549,0
99,24,23,246824,35,7966.666549,5311.110993,0
99,25,27,246824,42,7966.666549,5311.110993,0
99,27,25,246824,42,5311.110993,7966.666549,0
