round,node,peers,ul_bytes,dl_bytes,busy_ticks,train_ticks,round_duration_ticks,idle_ticks
0,0,3;4,1974592,1974592,115,73,1246,1131
0,1,9;13,1480944,1480944,118,81,1246,1128
0,2,1;3,1727768,1727768,128,100,1246,1118
0,3,4;6,1727768,1727768,42,20,1246,1204
0,4,6;7,2468240,2468240,88,60,1246,1158
0,5,0;3,987296,987296,29,6,1246,1217
0,6,4;14,987296,987296,90,54,1246,1156
0,7,4;10,1480944,1480944,102,72,1246,1144
0,8,3;10,740472,740472,181,169,1246,1065
0,9,1;4,493648,493648,25,14,1246,1221
0,10,7;8,493648,493648,98,87,1246,1148
0,11,2;8,493648,493648,187,175,1246,1059
0,12,0;4,740472,740472,69,39,1246,1177
0,13,1;7,493648,493648,40,31,1246,1206
0,14,4;6,987296,987296,65,26,1246,1181
0,15,0;14,493648,493648,202,160,1246,1044
0,16,0;5,740472,740472,235,209,1246,1011
0,17,2;3,740472,740472,523,493,1246,723
0,18,4;5,740472,740472,722,695,1246,524
0,19,4;14,493648,493648,468,444,1246,778
0,20,0;6,493648,493648,322,284,1246,924
0,21,0;1,493648,493648,475,437,1246,771
0,22,16;18,493648,493648,1231,1204,1246,15
0,23,2;7,493648,493648,281,256,1246,965
0,24,1;25,740472,740472,405,371,1246,841
0,25,2;24,493648,493648,377,347,1246,869
0,26,7;17,493648,493648,1107,1077,1246,139
0,27,7;12,493648,493648,122,92,1246,1124
0,28,1;24,493648,493648,994,960,1246,252
0,29,2;4,493648,493648,291,263,1246,955
1,0,1;2,2221416,2221416,115,73,1246,1131
1,1,0;2,1727768,1727768,118,81,1246,1128
1,2,0;8,2221416,2221416,128,100,1246,1118
1,3,2;8,1480944,1480944,42,20,1246,1204
1,4,0;9,1974592,1974592,88,60,1246,1158
1,5,0;3,987296,987296,29,6,1246,1217
1,6,3;4,987296,987296,90,54,1246,1156
1,7,3;13,1480944,1480944,102,72,1246,1144
1,8,2;3,987296,987296,181,169,1246,1065
1,9,1;4,493648,493648,25,14,1246,1221
1,10,7;8,493648,493648,98,87,1246,1148
1,11,2;8,493648,493648,187,175,1246,1059
1,12,0;4,740472,740472,69,39,1246,1177
1,13,1;7,493648,493648,40,31,1246,1206
1,14,4;6,987296,987296,65,26,1246,1181
1,15,0;14,493648,493648,202,160,1246,1044
1,16,0;5,740472,740472,235,209,1246,1011
1,17,2;3,740472,740472,523,493,1246,723
1,18,4;5,740472,740472,722,695,1246,524
1,19,4;14,493648,493648,468,444,1246,778
1,20,0;6,493648,493648,322,284,1246,924
1,21,0;1,740472,740472,476,437,1246,770
1,22,16;18,493648,493648,1231,1204,1246,15
1,23,2;7,493648,493648,281,256,1246,965
1,24,1;21,987296,987296,410,371,1246,836
1,25,2;24,493648,493648,377,347,1246,869
1,26,7;17,493648,493648,1107,1077,1246,139
1,27,7;12,493648,493648,122,92,1246,1124
1,28,1;24,493648,493648,994,960,1246,252
1,29,2;4,493648,493648,291,263,1246,955
2,0,2;4,1974592,1974592,115,73,1246,1131
2,1,2;13,1480944,1480944,118,81,1246,1128
2,2,0;11,1974592,1974592,128,100,1246,1118
2,3,4;8,1480944,1480944,42,20,1246,1204
2,4,3;14,1974592,1974592,88,60,1246,1158
2,5,0;3,987296,987296,29,6,1246,1217
2,6,3;14,740472,740472,90,54,1246,1156
2,7,3;13,1480944,1480944,102,72,1246,1144
2,8,2;3,987296,987296,181,169,1246,1065
2,9,1;4,493648,493648,25,14,1246,1221
2,10,7;8,493648,493648,98,87,1246,1148
2,11,2;8,493648,493648,187,175,1246,1059
2,12,0;4,740472,740472,69,39,1246,1177
2,13,1;7,493648,493648,40,31,1246,1206
2,14,4;6,987296,987296,65,26,1246,1181
2,15,0;14,493648,493648,202,160,1246,1044
2,16,0;5,740472,740472,235,209,1246,1011
2,17,2;3,740472,740472,523,493,1246,723
2,18,4;5,740472,740472,722,695,1246,524
2,19,4;14,493648,493648,468,444,1246,778
2,20,0;6,493648,493648,322,284,1246,924
2,21,0;1,493648,493648,475,437,1246,771
2,22,16;18,493648,493648,1231,1204,1246,15
2,23,2;7,493648,493648,281,256,1246,965
2,24,1;28,740472,740472,405,371,1246,841
2,25,2;24,493648,493648,377,347,1246,869
2,26,7;17,493648,493648,1107,1077,1246,139
2,27,7;12,493648,493648,122,92,1246,1124
2,28,1;24,493648,493648,994,960,1246,252
2,29,2;4,493648,493648,291,263,1246,955
3,0,1;2,1974592,1974592,115,73,1246,1131
3,1,0;2,1727768,1727768,118,81,1246,1128
3,2,8;11,2221416,2221416,128,100,1246,1118
3,3,2;8,1480944,1480944,42,20,1246,1204
3,4,6;14,1974592,1974592,88,60,1246,1158
3,5,0;3,987296,987296,29,6,1246,1217
3,6,3;4,987296,987296,90,54,1246,1156
3,7,3;4,1727768,1727768,102,72,1246,1144
3,8,2;10,987296,987296,181,169,1246,1065
3,9,1;4,493648,493648,25,14,1246,1221
3,10,7;8,493648,493648,98,87,1246,1148
3,11,2;8,493648,493648,187,175,1246,1059
3,12,0;4,740472,740472,69,39,1246,1177
3,13,1;7,493648,493648,40,31,1246,1206
3,14,4;6,987296,987296,65,26,1246,1181
3,15,0;14,493648,493648,202,160,1246,1044
3,16,0;5,740472,740472,235,209,1246,1011
3,17,2;3,740472,740472,523,493,1246,723
3,18,4;5,740472,740472,722,695,1246,524
3,19,4;14,493648,493648,468,444,1246,778
3,20,0;6,493648,493648,322,284,1246,924
3,21,0;1,740472,740472,476,437,1246,770
3,22,16;18,493648,493648,1231,1204,1246,15
3,23,2;7,493648,493648,281,256,1246,965
3,24,1;21,987296,987296,410,371,1246,836
3,25,2;24,493648,493648,377,347,1246,869
3,26,7;17,493648,493648,1107,1077,1246,139
3,27,7;12,493648,493648,122,92,1246,1124
3,28,1;24,493648,493648,994,960,1246,252
3,29,2;4,493648,493648,291,263,1246,955
4,0,2;4,1974592,1974592,115,73,1246,1131
4,1,2;9,1480944,1480944,118,81,1246,1128
4,2,0;1,2221416,2221416,128,100,1246,1118
4,3,2;4,1727768,1727768,42,20,1246,1204
4,4,0;9,1974592,1974592,88,60,1246,1158
4,5,0;3,987296,987296,29,6,1246,1217
4,6,3;14,740472,740472,90,54,1246,1156
4,7,3;10,1480944,1480944,102,72,1246,1144
4,8,2;3,987296,987296,181,169,1246,1065
4,9,1;4,493648,493648,25,14,1246,1221
4,10,7;8,493648,493648,98,87,1246,1148
4,11,2;8,493648,493648,187,175,1246,1059
4,12,0;4,740472,740472,69,39,1246,1177
4,13,1;7,493648,493648,40,31,1246,1206
4,14,4;6,987296,987296,65,26,1246,1181
4,15,0;14,493648,493648,202,160,1246,1044
4,16,0;5,740472,740472,235,209,1246,1011
4,17,2;3,740472,740472,523,493,1246,723
4,18,4;5,740472,740472,722,695,1246,524
4,19,4;14,493648,493648,468,444,1246,778
4,20,0;6,493648,493648,322,284,1246,924
4,21,0;1,493648,493648,475,437,1246,771
4,22,16;18,493648,493648,1231,1204,1246,15
4,23,2;7,493648,493648,281,256,1246,965
4,24,1;28,740472,740472,405,371,1246,841
4,25,2;24,493648,493648,377,347,1246,869
4,26,7;17,493648,493648,1107,1077,1246,139
4,27,7;12,493648,493648,122,92,1246,1124
4,28,1;24,493648,493648,994,960,1246,252
4,29,2;4,493648,493648,291,263,1246,955
5,0,3;12,1974592,1974592,115,73,1246,1131
5,1,0;13,1480944,1480944,118,81,1246,1128
5,2,3;8,1727768,1727768,128,100,1246,1118
5,3,4;6,1727768,1727768,42,20,1246,1204
5,4,12;14,1974592,1974592,88,60,1246,1158
5,5,0;3,987296,987296,29,6,1246,1217
5,6,3;14,740472,740472,90,54,1246,1156
5,7,3;4,1727768,1727768,102,72,1246,1144
5,8,2;10,740472,740472,181,169,1246,1065
5,9,1;4,493648,493648,25,14,1246,1221
5,10,7;8,493648,493648,98,87,1246,1148
5,11,2;8,493648,493648,187,175,1246,1059
5,12,0;4,740472,740472,69,39,1246,1177
5,13,1;7,493648,493648,40,31,1246,1206
5,14,4;6,987296,987296,65,26,1246,1181
5,15,0;14,493648,493648,202,160,1246,1044
5,16,0;5,740472,740472,235,209,1246,1011
5,17,2;3,740472,740472,523,493,1246,723
5,18,4;5,740472,740472,722,695,1246,524
5,19,4;14,493648,493648,468,444,1246,778
5,20,0;6,493648,493648,322,284,1246,924
5,21,0;1,493648,493648,475,437,1246,771
5,22,16;18,493648,493648,1231,1204,1246,15
5,23,2;7,493648,493648,281,256,1246,965
5,24,1;25,740472,740472,405,371,1246,841
5,25,2;24,493648,493648,377,347,1246,869
5,26,7;17,493648,493648,1107,1077,1246,139
5,27,7;12,493648,493648,122,92,1246,1124
5,28,1;24,493648,493648,994,960,1246,252
5,29,2;4,493648,493648,291,263,1246,955
6,0,2;4,1974592,1974592,115,73,1246,1131
6,1,9;13,1480944,1480944,118,81,1246,1128
6,2,1;11,1974592,1974592,128,100,1246,1118
6,3,7;8,987296,987296,42,20,1246,1204
6,4,7;9,2221416,2221416,88,60,1246,1158
6,5,0;3,987296,987296,29,6,1246,1217
6,6,4;14,740472,740472,90,54,1246,1156
6,7,4;13,1727768,1727768,102,72,1246,1144
6,8,2;3,987296,987296,181,169,1246,1065
6,9,1;4,493648,493648,25,14,1246,1221
6,10,7;8,493648,493648,98,87,1246,1148
6,11,2;8,493648,493648,187,175,1246,1059
6,12,0;4,740472,740472,69,39,1246,1177
6,13,1;7,493648,493648,40,31,1246,1206
6,14,4;6,987296,987296,65,26,1246,1181
6,15,0;14,493648,493648,202,160,1246,1044
6,16,0;5,740472,740472,235,209,1246,1011
6,17,2;3,740472,740472,523,493,1246,723
6,18,4;5,740472,740472,722,695,1246,524
6,19,4;14,493648,493648,468,444,1246,778
6,20,0;6,493648,493648,322,284,1246,924
6,21,0;1,740472,740472,476,437,1246,770
6,22,16;18,493648,493648,1231,1204,1246,15
6,23,2;7,493648,493648,281,256,1246,965
6,24,1;21,987296,987296,410,371,1246,836
6,25,2;24,493648,493648,377,347,1246,869
6,26,7;17,493648,493648,1107,1077,1246,139
6,27,7;12,493648,493648,122,92,1246,1124
6,28,1;24,493648,493648,994,960,1246,252
6,29,2;4,493648,493648,291,263,1246,955
7,0,1;2,1974592,1974592,115,73,1246,1131
7,1,2;13,1727768,1727768,118,81,1246,1128
7,2,0;1,2221416,2221416,128,100,1246,1118
7,3,2;4,1480944,1480944,42,20,1246,1204
7,4,9;14,1974592,1974592,88,60,1246,1158
7,5,0;3,987296,987296,29,6,1246,1217
7,6,3;14,740472,740472,90,54,1246,1156
7,7,4;10,1480944,1480944,102,72,1246,1144
7,8,2;3,987296,987296,181,169,1246,1065
7,9,1;4,493648,493648,25,14,1246,1221
7,10,7;8,493648,493648,98,87,1246,1148
7,11,2;8,493648,493648,187,175,1246,1059
7,12,0;4,740472,740472,69,39,1246,1177
7,13,1;7,493648,493648,40,31,1246,1206
7,14,4;6,987296,987296,65,26,1246,1181
7,15,0;14,493648,493648,202,160,1246,1044
7,16,0;5,740472,740472,235,209,1246,1011
7,17,2;3,740472,740472,523,493,1246,723
7,18,4;5,740472,740472,722,695,1246,524
7,19,4;14,493648,493648,468,444,1246,778
7,20,0;6,493648,493648,322,284,1246,924
7,21,0;1,493648,493648,475,437,1246,771
7,22,16;18,493648,493648,1231,1204,1246,15
7,23,2;7,493648,493648,281,256,1246,965
7,24,1;25,740472,740472,405,371,1246,841
7,25,2;24,493648,493648,377,347,1246,869
7,26,7;17,493648,493648,1107,1077,1246,139
7,27,7;12,493648,493648,122,92,1246,1124
7,28,1;24,493648,493648,994,960,1246,252
7,29,2;4,493648,493648,291,263,1246,955
8,0,3;4,2221416,2221416,115,73,1246,1131
8,1,0;2,1727768,1727768,118,81,1246,1128
8,2,1;8,1727768,1727768,128,100,1246,1118
8,3,0;6,1234120,1234120,42,20,1246,1204
8,4,0;9,1727768,1727768,88,60,1246,1158
8,5,0;3,987296,987296,29,6,1246,1217
8,6,3;14,740472,740472,90,54,1246,1156
8,7,3;13,1480944,1480944,102,72,1246,1144
8,8,10;11,740472,740472,181,169,1246,1065
8,9,1;4,493648,493648,25,14,1246,1221
8,10,7;8,493648,493648,98,87,1246,1148
8,11,2;8,493648,493648,187,175,1246,1059
8,12,0;4,740472,740472,69,39,1246,1177
8,13,1;7,493648,493648,40,31,1246,1206
8,14,4;6,987296,987296,65,26,1246,1181
8,15,0;14,493648,493648,202,160,1246,1044
8,16,0;5,740472,740472,235,209,1246,1011
8,17,2;3,740472,740472,523,493,1246,723
8,18,4;5,740472,740472,722,695,1246,524
8,19,4;14,493648,493648,468,444,1246,778
8,20,0;6,493648,493648,322,284,1246,924
8,21,0;1,493648,493648,475,437,1246,771
8,22,16;18,493648,493648,1231,1204,1246,15
8,23,2;7,493648,493648,281,256,1246,965
8,24,1;25,740472,740472,405,371,1246,841
8,25,2;24,493648,493648,377,347,1246,869
8,26,7;17,493648,493648,1107,1077,1246,139
8,27,7;12,493648,493648,122,92,1246,1124
8,28,1;24,493648,493648,994,960,1246,252
8,29,2;4,493648,493648,291,263,1246,955
9,0,4;12,1727768,1727768,115,73,1246,1131
9,1,9;13,1234120,1234120,118,81,1246,1128
9,2,3;11,1727768,1727768,128,100,1246,1118
9,3,7;8,1727768,1727768,42,20,1246,1204
9,4,3;6,2468240,2468240,88,60,1246,1158
9,5,0;3,987296,987296,29,6,1246,1217
9,6,3;4,987296,987296,90,54,1246,1156
9,7,4;13,1727768,1727768,102,72,1246,1144
9,8,2;3,987296,987296,181,169,1246,1065
9,9,1;4,493648,493648,25,14,1246,1221
9,10,7;8,493648,493648,98,87,1246,1148
9,11,2;8,493648,493648,187,175,1246,1059
9,12,0;4,740472,740472,69,39,1246,1177
9,13,1;7,493648,493648,40,31,1246,1206
9,14,4;6,987296,987296,65,26,1246,1181
9,15,0;14,493648,493648,202,160,1246,1044
9,16,0;5,740472,740472,235,209,1246,1011
9,17,2;3,740472,740472,523,493,1246,723
9,18,4;5,740472,740472,722,695,1246,524
9,19,4;14,493648,493648,468,444,1246,778
9,20,0;6,493648,493648,322,284,1246,924
9,21,0;1,493648,493648,475,437,1246,771
9,22,16;18,493648,493648,1231,1204,1246,15
9,23,2;7,493648,493648,281,256,1246,965
9,24,1;25,740472,740472,405,371,1246,841
9,25,2;24,493648,493648,377,347,1246,869
9,26,7;17,493648,493648,1107,1077,1246,139
9,27,7;12,493648,493648,122,92,1246,1124
9,28,1;24,493648,493648,994,960,1246,252
9,29,2;4,493648,493648,291,263,1246,955
10,0,1;2,1974592,1974592,115,73,1246,1131
10,1,2;13,1727768,1727768,118,81,1246,1128
10,2,0;1,1974592,1974592,128,100,1246,1118
10,3,4;6,1234120,1234120,42,20,1246,1204
10,4,7;12,1974592,1974592,88,60,1246,1158
10,5,0;3,987296,987296,29,6,1246,1217
10,6,3;4,987296,987296,90,54,1246,1156
10,7,10;13,1480944,1480944,102,72,1246,1144
10,8,2;3,987296,987296,181,169,1246,1065
10,9,1;4,493648,493648,25,14,1246,1221
10,10,7;8,493648,493648,98,87,1246,1148
10,11,2;8,493648,493648,187,175,1246,1059
10,12,0;4,740472,740472,69,39,1246,1177
10,13,1;7,493648,493648,40,31,1246,1206
10,14,4;6,987296,987296,65,26,1246,1181
10,15,0;14,493648,493648,202,160,1246,1044
10,16,0;5,740472,740472,235,209,1246,1011
10,17,2;3,740472,740472,523,493,1246,723
10,18,5;22,493648,493648,722,695,1246,524
10,19,4;14,493648,493648,468,444,1246,778
10,20,0;6,493648,493648,322,284,1246,924
10,21,0;1,493648,493648,475,437,1246,771
10,22,16;18,493648,493648,1231,1204,1246,15
10,23,2;7,493648,493648,281,256,1246,965
10,24,1;28,740472,740472,405,371,1246,841
10,25,2;24,493648,493648,377,347,1246,869
10,26,7;17,493648,493648,1107,1077,1246,139
10,27,7;12,493648,493648,122,92,1246,1124
10,28,1;24,493648,493648,994,960,1246,252
10,29,2;4,493648,493648,291,263,1246,955
11,0,2;3,1974592,1974592,115,73,1246,1131
11,1,2;13,1480944,1480944,118,81,1246,1128
11,2,3;8,2221416,2221416,128,100,1246,1118
11,3,2;8,1727768,1727768,42,20,1246,1204
11,4,3;14,1974592,1974592,88,60,1246,1158
11,5,0;3,987296,987296,29,6,1246,1217
11,6,3;14,740472,740472,90,54,1246,1156
11,7,4;13,1480944,1480944,102,72,1246,1144
11,8,2;10,987296,987296,181,169,1246,1065
11,9,1;4,493648,493648,25,14,1246,1221
11,10,7;8,493648,493648,98,87,1246,1148
11,11,2;8,493648,493648,187,175,1246,1059
11,12,0;4,740472,740472,69,39,1246,1177
11,13,1;7,493648,493648,40,31,1246,1206
11,14,4;6,987296,987296,65,26,1246,1181
11,15,0;14,493648,493648,202,160,1246,1044
11,16,0;5,740472,740472,235,209,1246,1011
11,17,2;3,740472,740472,523,493,1246,723
11,18,4;5,740472,740472,722,695,1246,524
11,19,4;14,493648,493648,468,444,1246,778
11,20,0;6,493648,493648,322,284,1246,924
11,21,0;1,740472,740472,476,437,1246,770
11,22,16;18,493648,493648,1231,1204,1246,15
11,23,2;7,493648,493648,281,256,1246,965
11,24,1;21,987296,987296,410,371,1246,836
11,25,2;24,493648,493648,377,347,1246,869
11,26,7;17,493648,493648,1107,1077,1246,139
11,27,7;12,493648,493648,122,92,1246,1124
11,28,1;24,493648,493648,994,960,1246,252
11,29,2;4,493648,493648,291,263,1246,955
12,0,3;4,2221416,2221416,115,73,1246,1131
12,1,0;9,1727768,1727768,118,81,1246,1128
12,2,1;3,1727768,1727768,128,100,1246,1118
12,3,6;7,1727768,1727768,42,20,1246,1204
12,4,6;9,1974592,1974592,88,60,1246,1158
12,5,0;3,987296,987296,29,6,1246,1217
12,6,4;14,987296,987296,90,54,1246,1156
12,7,3;10,1480944,1480944,102,72,1246,1144
12,8,3;11,740472,740472,181,169,1246,1065
12,9,1;4,493648,493648,25,14,1246,1221
12,10,7;8,493648,493648,98,87,1246,1148
12,11,2;8,493648,493648,187,175,1246,1059
12,12,0;4,740472,740472,69,39,1246,1177
12,13,1;7,493648,493648,40,31,1246,1206
12,14,4;6,987296,987296,65,26,1246,1181
12,15,0;14,493648,493648,202,160,1246,1044
12,16,0;5,740472,740472,235,209,1246,1011
12,17,2;3,740472,740472,523,493,1246,723
12,18,4;5,740472,740472,722,695,1246,524
12,19,4;14,493648,493648,468,444,1246,778
12,20,0;6,493648,493648,322,284,1246,924
12,21,0;1,493648,493648,475,437,1246,771
12,22,16;18,493648,493648,1231,1204,1246,15
12,23,2;7,493648,493648,281,256,1246,965
12,24,1;25,740472,740472,405,371,1246,841
12,25,2;24,493648,493648,377,347,1246,869
12,26,7;17,493648,493648,1107,1077,1246,139
12,27,7;12,493648,493648,122,92,1246,1124
12,28,1;24,493648,493648,994,960,1246,252
12,29,2;4,493648,493648,291,263,1246,955
13,0,3;4,2221416,2221416,115,73,1246,1131
13,1,2;13,1480944,1480944,118,81,1246,1128
13,2,0;11,1974592,1974592,128,100,1246,1118
13,3,0;4,1234120,1234120,42,20,1246,1204
13,4,0;12,2468240,2468240,88,60,1246,1158
13,5,0;3,987296,987296,29,6,1246,1217
13,6,3;4,987296,987296,90,54,1246,1156
13,7,4;13,1480944,1480944,102,72,1246,1144
13,8,2;10,740472,740472,181,169,1246,1065
13,9,1;4,493648,493648,25,14,1246,1221
13,10,7;8,493648,493648,98,87,1246,1148
13,11,2;8,493648,493648,187,175,1246,1059
13,12,0;4,740472,740472,69,39,1246,1177
13,13,1;7,493648,493648,40,31,1246,1206
13,14,4;6,987296,987296,65,26,1246,1181
13,15,0;14,493648,493648,202,160,1246,1044
13,16,0;5,740472,740472,235,209,1246,1011
13,17,2;3,740472,740472,523,493,1246,723
13,18,4;5,740472,740472,722,695,1246,524
13,19,4;14,493648,493648,468,444,1246,778
13,20,0;6,493648,493648,322,284,1246,924
13,21,0;1,493648,493648,475,437,1246,771
13,22,16;18,493648,493648,1231,1204,1246,15
13,23,2;7,493648,493648,281,256,1246,965
13,24,1;28,740472,740472,405,371,1246,841
13,25,2;24,493648,493648,377,347,1246,869
13,26,7;17,493648,493648,1107,1077,1246,139
13,27,7;12,493648,493648,122,92,1246,1124
13,28,1;24,493648,493648,994,960,1246,252
13,29,2;4,493648,493648,291,263,1246,955
14,0,2;3,2221416,2221416,115,73,1246,1131
14,1,0;2,1727768,1727768,118,81,1246,1128
14,2,0;1,2221416,2221416,128,100,1246,1118
14,3,2;4,1727768,1727768,42,20,1246,1204
14,4,3;7,2221416,2221416,88,60,1246,1158
14,5,0;3,987296,987296,29,6,1246,1217
14,6,3;4,987296,987296,90,54,1246,1156
14,7,3;4,1727768,1727768,102,72,1246,1144
14,8,2;10,740472,740472,181,169,1246,1065
14,9,1;4,493648,493648,25,14,1246,1221
14,10,7;8,493648,493648,98,87,1246,1148
14,11,2;8,493648,493648,187,175,1246,1059
14,12,0;4,740472,740472,69,39,1246,1177
14,13,1;7,493648,493648,40,31,1246,1206
14,14,4;6,987296,987296,65,26,1246,1181
14,15,0;14,493648,493648,202,160,1246,1044
14,16,0;5,740472,740472,235,209,1246,1011
14,17,2;3,740472,740472,523,493,1246,723
14,18,4;5,740472,740472,722,695,1246,524
14,19,4;14,493648,493648,468,444,1246,778
14,20,0;6,493648,493648,322,284,1246,924
14,21,0;1,740472,740472,476,437,1246,770
14,22,16;18,493648,493648,1231,1204,1246,15
14,23,2;7,493648,493648,281,256,1246,965
14,24,1;21,987296,987296,410,371,1246,836
14,25,2;24,493648,493648,377,347,1246,869
14,26,7;17,493648,493648,1107,1077,1246,139
14,27,7;12,493648,493648,122,92,1246,1124
14,28,1;24,493648,493648,994,960,1246,252
14,29,2;4,493648,493648,291,263,1246,955
15,0,4;12,1974592,1974592,115,73,1246,1131
15,1,9;13,1234120,1234120,118,81,1246,1128
15,2,0;8,1727768,1727768,128,100,1246,1118
15,3,4;6,987296,987296,42,20,1246,1204
15,4,9;14,2221416,2221416,88,60,1246,1158
15,5,0;3,987296,987296,29,6,1246,1217
15,6,4;14,987296,987296,90,54,1246,1156
15,7,10;13,1234120,1234120,102,72,1246,1144
15,8,2;10,740472,740472,181,169,1246,1065
15,9,1;4,493648,493648,25,14,1246,1221
15,10,7;8,493648,493648,98,87,1246,1148
15,11,2;8,493648,493648,187,175,1246,1059
15,12,0;4,740472,740472,69,39,1246,1177
15,13,1;7,493648,493648,40,31,1246,1206
15,14,4;6,987296,987296,65,26,1246,1181
15,15,0;14,493648,493648,202,160,1246,1044
15,16,0;5,740472,740472,235,209,1246,1011
15,17,2;3,740472,740472,523,493,1246,723
15,18,4;5,740472,740472,722,695,1246,524
15,19,4;14,493648,493648,468,444,1246,778
15,20,0;6,493648,493648,322,284,1246,924
15,21,0;1,493648,493648,475,437,1246,771
15,22,16;18,493648,493648,1231,1204,1246,15
15,23,2;7,493648,493648,281,256,1246,965
15,24,1;28,740472,740472,405,371,1246,841
15,25,2;24,493648,493648,377,347,1246,869
15,26,7;17,493648,493648,1107,1077,1246,139
15,27,7;12,493648,493648,122,92,1246,1124
15,28,1;24,493648,493648,994,960,1246,252
15,29,2;4,493648,493648,291,263,1246,955
16,0,2;4,2221416,2221416,115,73,1246,1131
16,1,0;2,1727768,1727768,118,81,1246,1128
16,2,0;3,2221416,2221416,128,100,1246,1118
16,3,2;7,1727768,1727768,42,20,1246,1204
16,4,3;6,2468240,2468240,88,60,1246,1158
16,5,0;3,987296,987296,29,6,1246,1217
16,6,3;4,987296,987296,90,54,1246,1156
16,7,3;4,1727768,1727768,102,72,1246,1144
16,8,2;3,987296,987296,181,169,1246,1065
16,9,1;4,493648,493648,25,14,1246,1221
16,10,7;8,493648,493648,98,87,1246,1148
16,11,2;8,493648,493648,187,175,1246,1059
16,12,0;4,740472,740472,69,39,1246,1177
16,13,1;7,493648,493648,40,31,1246,1206
16,14,4;6,987296,987296,65,26,1246,1181
16,15,0;14,493648,493648,202,160,1246,1044
16,16,0;5,740472,740472,235,209,1246,1011
16,17,2;3,740472,740472,523,493,1246,723
16,18,4;5,740472,740472,722,695,1246,524
16,19,4;14,493648,493648,468,444,1246,778
16,20,0;6,493648,493648,322,284,1246,924
16,21,0;1,740472,740472,476,437,1246,770
16,22,16;18,493648,493648,1231,1204,1246,15
16,23,2;7,493648,493648,281,256,1246,965
16,24,1;21,987296,987296,410,371,1246,836
16,25,2;24,493648,493648,377,347,1246,869
16,26,7;17,493648,493648,1107,1077,1246,139
16,27,7;12,493648,493648,122,92,1246,1124
16,28,1;24,493648,493648,994,960,1246,252
16,29,2;4,493648,493648,291,263,1246,955
17,0,1;4,2468240,2468240,115,73,1246,1131
17,1,0;2,1727768,1727768,118,81,1246,1128
17,2,0;3,1974592,1974592,128,100,1246,1118
17,3,0;6,1480944,1480944,42,20,1246,1204
17,4,0;12,1727768,1727768,88,60,1246,1158
17,5,0;3,987296,987296,29,6,1246,1217
17,6,3;14,740472,740472,90,54,1246,1156
17,7,10;13,1234120,1234120,102,72,1246,1144
17,8,3;10,740472,740472,181,169,1246,1065
17,9,1;4,493648,493648,25,14,1246,1221
17,10,7;8,493648,493648,98,87,1246,1148
17,11,2;8,493648,493648,187,175,1246,1059
17,12,0;4,740472,740472,69,39,1246,1177
17,13,1;7,493648,493648,40,31,1246,1206
17,14,4;6,987296,987296,65,26,1246,1181
17,15,0;14,493648,493648,202,160,1246,1044
17,16,0;5,740472,740472,235,209,1246,1011
17,17,2;3,740472,740472,523,493,1246,723
17,18,4;5,740472,740472,722,695,1246,524
17,19,4;14,493648,493648,468,444,1246,778
17,20,0;6,493648,493648,322,284,1246,924
17,21,0;1,493648,493648,475,437,1246,771
17,22,16;18,493648,493648,1231,1204,1246,15
17,23,2;7,493648,493648,281,256,1246,965
17,24,1;25,740472,740472,405,371,1246,841
17,25,2;24,493648,493648,377,347,1246,869
17,26,7;17,493648,493648,1107,1077,1246,139
17,27,7;12,493648,493648,122,92,1246,1124
17,28,1;24,493648,493648,994,960,1246,252
17,29,2;4,493648,493648,291,263,1246,955
18,0,2;4,1974592,1974592,115,73,1246,1131
18,1,2;13,1480944,1480944,118,81,1246,1128
18,2,8;11,1974592,1974592,128,100,1246,1118
18,3,6;8,1234120,1234120,42,20,1246,1204
18,4,6;7,2221416,2221416,88,60,1246,1158
18,5,0;3,987296,987296,29,6,1246,1217
18,6,3;4,987296,987296,90,54,1246,1156
18,7,3;4,1727768,1727768,102,72,1246,1144
18,8,2;3,987296,987296,181,169,1246,1065
18,9,1;4,493648,493648,25,14,1246,1221
18,10,7;8,493648,493648,98,87,1246,1148
18,11,2;8,493648,493648,187,175,1246,1059
18,12,0;4,740472,740472,69,39,1246,1177
18,13,1;7,493648,493648,40,31,1246,1206
18,14,4;6,987296,987296,65,26,1246,1181
18,15,0;14,493648,493648,202,160,1246,1044
18,16,0;5,740472,740472,235,209,1246,1011
18,17,2;3,740472,740472,523,493,1246,723
18,18,4;5,740472,740472,722,695,1246,524
18,19,4;14,493648,493648,468,444,1246,778
18,20,0;6,493648,493648,322,284,1246,924
18,21,0;1,740472,740472,476,437,1246,770
18,22,16;18,493648,493648,1231,1204,1246,15
18,23,2;7,493648,493648,281,256,1246,965
18,24,1;21,987296,987296,410,371,1246,836
18,25,2;24,493648,493648,377,347,1246,869
18,26,7;17,493648,493648,1107,1077,1246,139
18,27,7;12,493648,493648,122,92,1246,1124
18,28,1;24,493648,493648,994,960,1246,252
18,29,2;4,493648,493648,291,263,1246,955
19,0,2;3,1974592,1974592,115,73,1246,1131
19,1,9;13,1480944,1480944,118,81,1246,1128
19,2,0;1,1974592,1974592,128,100,1246,1118
19,3,4;6,1234120,1234120,42,20,1246,1204
19,4,9;14,1727768,1727768,88,60,1246,1158
19,5,0;3,987296,987296,29,6,1246,1217
19,6,3;14,740472,740472,90,54,1246,1156
19,7,10;13,1234120,1234120,102,72,1246,1144
19,8,2;11,740472,740472,181,169,1246,1065
19,9,1;4,493648,493648,25,14,1246,1221
19,10,7;8,493648,493648,98,87,1246,1148
19,11,2;8,493648,493648,187,175,1246,1059
19,12,0;4,740472,740472,69,39,1246,1177
19,13,1;7,493648,493648,40,31,1246,1206
19,14,4;6,987296,987296,65,26,1246,1181
19,15,0;14,493648,493648,202,160,1246,1044
19,16,0;5,740472,740472,235,209,1246,1011
19,17,2;3,740472,740472,523,493,1246,723
19,18,4;5,740472,740472,722,695,1246,524
19,19,4;14,493648,493648,468,444,1246,778
19,20,0;6,493648,493648,322,284,1246,924
19,21,0;1,493648,493648,475,437,1246,771
19,22,16;18,493648,493648,1231,1204,1246,15
19,23,2;7,493648,493648,281,256,1246,965
19,24,1;28,740472,740472,405,371,1246,841
19,25,2;24,493648,493648,377,347,1246,869
19,26,7;17,493648,493648,1107,1077,1246,139
19,27,7;12,493648,493648,122,92,1246,1124
19,28,1;24,493648,493648,994,960,1246,252
19,29,2;4,493648,493648,291,263,1246,955
20,0,4;12,2468240,2468240,115,73,1246,1131
20,1,0;2,1727768,1727768,118,81,1246,1128
20,2,0;3,1974592,1974592,128,100,1246,1118
20,3,0;2,1727768,1727768,42,20,1246,1204
20,4,0;9,2221416,2221416,88,60,1246,1158
20,5,0;3,987296,987296,29,6,1246,1217
20,6,3;4,987296,987296,90,54,1246,1156
20,7,3;4,1727768,1727768,102,72,1246,1144
20,8,3;10,740472,740472,181,169,1246,1065
20,9,1;4,493648,493648,25,14,1246,1221
20,10,7;8,493648,493648,98,87,1246,1148
20,11,2;8,493648,493648,187,175,1246,1059
20,12,0;4,740472,740472,69,39,1246,1177
20,13,1;7,493648,493648,40,31,1246,1206
20,14,4;6,987296,987296,65,26,1246,1181
20,15,0;14,493648,493648,202,160,1246,1044
20,16,0;5,740472,740472,235,209,1246,1011
20,17,2;3,740472,740472,523,493,1246,723
20,18,4;5,740472,740472,722,695,1246,524
20,19,4;14,493648,493648,468,444,1246,778
20,20,0;6,493648,493648,322,284,1246,924
20,21,0;1,740472,740472,476,437,1246,770
20,22,16;18,493648,493648,1231,1204,1246,15
20,23,2;7,493648,493648,281,256,1246,965
20,24,1;21,987296,987296,410,371,1246,836
20,25,2;24,493648,493648,377,347,1246,869
20,26,7;17,493648,493648,1107,1077,1246,139
20,27,7;12,493648,493648,122,92,1246,1124
20,28,1;24,493648,493648,994,960,1246,252
20,29,2;4,493648,493648,291,263,1246,955
21,0,2;3,1974592,1974592,115,73,1246,1131
21,1,2;13,1480944,1480944,118,81,1246,1128
21,2,3;8,2221416,2221416,128,100,1246,1118
21,3,4;8,1974592,1974592,42,20,1246,1204
21,4,3;6,1974592,1974592,88,60,1246,1158
21,5,0;3,987296,987296,29,6,1246,1217
21,6,3;14,987296,987296,90,54,1246,1156
21,7,3;10,1480944,1480944,102,72,1246,1144
21,8,2;3,987296,987296,181,169,1246,1065
21,9,1;4,493648,493648,25,14,1246,1221
21,10,7;8,493648,493648,98,87,1246,1148
21,11,2;8,493648,493648,187,175,1246,1059
21,12,0;4,740472,740472,69,39,1246,1177
21,13,1;7,493648,493648,40,31,1246,1206
21,14,4;6,987296,987296,65,26,1246,1181
21,15,0;14,493648,493648,202,160,1246,1044
21,16,0;5,740472,740472,235,209,1246,1011
21,17,2;3,740472,740472,523,493,1246,723
21,18,4;5,740472,740472,722,695,1246,524
21,19,4;14,493648,493648,468,444,1246,778
21,20,0;6,493648,493648,322,284,1246,924
21,21,0;1,493648,493648,475,437,1246,771
21,22,16;18,493648,493648,1231,1204,1246,15
21,23,2;7,493648,493648,281,256,1246,965
21,24,1;28,740472,740472,405,371,1246,841
21,25,2;24,493648,493648,377,347,1246,869
21,26,7;17,493648,493648,1107,1077,1246,139
21,27,7;12,493648,493648,122,92,1246,1124
21,28,1;24,493648,493648,994,960,1246,252
21,29,2;4,493648,493648,291,263,1246,955
22,0,4;5,2221416,2221416,115,73,1246,1131
22,1,0;9,1480944,1480944,118,81,1246,1128
22,2,0;11,1727768,1727768,128,100,1246,1118
22,3,5;6,1480944,1480944,42,20,1246,1204
22,4,0;3,2221416,2221416,88,60,1246,1158
22,5,0;3,987296,987296,29,6,1246,1217
22,6,3;14,740472,740472,90,54,1246,1156
22,7,3;4,1727768,1727768,102,72,1246,1144
22,8,2;3,987296,987296,181,169,1246,1065
22,9,1;4,493648,493648,25,14,1246,1221
22,10,7;8,493648,493648,98,87,1246,1148
22,11,2;8,493648,493648,187,175,1246,1059
22,12,0;4,740472,740472,69,39,1246,1177
22,13,1;7,493648,493648,40,31,1246,1206
22,14,4;6,987296,987296,65,26,1246,1181
22,15,0;14,493648,493648,202,160,1246,1044
22,16,0;5,740472,740472,235,209,1246,1011
22,17,2;3,740472,740472,523,493,1246,723
22,18,4;5,740472,740472,722,695,1246,524
22,19,4;14,493648,493648,468,444,1246,778
22,20,0;6,493648,493648,322,284,1246,924
22,21,0;1,493648,493648,475,437,1246,771
22,22,16;18,493648,493648,1231,1204,1246,15
22,23,2;7,493648,493648,281,256,1246,965
22,24,1;28,740472,740472,405,371,1246,841
22,25,2;24,493648,493648,377,347,1246,869
22,26,7;17,493648,493648,1107,1077,1246,139
22,27,7;12,493648,493648,122,92,1246,1124
22,28,1;24,493648,493648,994,960,1246,252
22,29,2;4,493648,493648,291,263,1246,955
23,0,1;2,1974592,1974592,115,73,1246,1131
23,1,2;13,1727768,1727768,118,81,1246,1128
23,2,1;8,2221416,2221416,128,100,1246,1118
23,3,2;7,1234120,1234120,42,20,1246,1204
23,4,7;14,1727768,1727768,88,60,1246,1158
23,5,0;3,987296,987296,29,6,1246,1217
23,6,3;14,740472,740472,90,54,1246,1156
23,7,3;13,1727768,1727768,102,72,1246,1144
23,8,2;10,740472,740472,181,169,1246,1065
23,9,1;4,493648,493648,25,14,1246,1221
23,10,7;8,493648,493648,98,87,1246,1148
23,11,2;8,493648,493648,187,175,1246,1059
23,12,0;4,740472,740472,69,39,1246,1177
23,13,1;7,493648,493648,40,31,1246,1206
23,14,4;6,987296,987296,65,26,1246,1181
23,15,0;14,493648,493648,202,160,1246,1044
23,16,0;5,740472,740472,235,209,1246,1011
23,17,2;3,740472,740472,523,493,1246,723
23,18,4;5,740472,740472,722,695,1246,524
23,19,4;14,493648,493648,468,444,1246,778
23,20,0;6,493648,493648,322,284,1246,924
23,21,0;1,740472,740472,476,437,1246,770
23,22,16;18,493648,493648,1231,1204,1246,15
23,23,2;7,493648,493648,281,256,1246,965
23,24,1;21,987296,987296,410,371,1246,836
23,25,2;24,493648,493648,377,347,1246,869
23,26,7;17,493648,493648,1107,1077,1246,139
23,27,7;12,493648,493648,122,92,1246,1124
23,28,1;24,493648,493648,994,960,1246,252
23,29,2;4,493648,493648,291,263,1246,955
24,0,2;4,1974592,1974592,115,73,1246,1131
24,1,2;9,1480944,1480944,118,81,1246,1128
24,2,0;3,1974592,1974592,128,100,1246,1118
24,3,4;6,1480944,1480944,42,20,1246,1204
24,4,3;7,2468240,2468240,88,60,1246,1158
24,5,0;3,987296,987296,29,6,1246,1217
24,6,3;4,987296,987296,90,54,1246,1156
24,7,4;10,1480944,1480944,102,72,1246,1144
24,8,3;10,740472,740472,181,169,1246,1065
24,9,1;4,493648,493648,25,14,1246,1221
24,10,7;8,493648,493648,98,87,1246,1148
24,11,2;8,493648,493648,187,175,1246,1059
24,12,0;4,740472,740472,69,39,1246,1177
24,13,1;7,493648,493648,40,31,1246,1206
24,14,4;6,987296,987296,65,26,1246,1181
24,15,0;14,493648,493648,202,160,1246,1044
24,16,0;5,740472,740472,235,209,1246,1011
24,17,2;3,740472,740472,523,493,1246,723
24,18,4;5,740472,740472,722,695,1246,524
24,19,4;14,493648,493648,468,444,1246,778
24,20,0;6,493648,493648,322,284,1246,924
24,21,0;1,740472,740472,476,437,1246,770
24,22,16;18,493648,493648,1231,1204,1246,15
24,23,2;7,493648,493648,281,256,1246,965
24,24,1;21,987296,987296,410,371,1246,836
24,25,2;24,493648,493648,377,347,1246,869
24,26,7;17,493648,493648,1107,1077,1246,139
24,27,7;12,493648,493648,122,92,1246,1124
24,28,1;24,493648,493648,994,960,1246,252
24,29,2;4,493648,493648,291,263,1246,955
25,0,4;5,2221416,2221416,115,73,1246,1131
25,1,0;13,1727768,1727768,118,81,1246,1128
25,2,1;3,1727768,1727768,128,100,1246,1118
25,3,0;7,1480944,1480944,42,20,1246,1204
25,4,0;9,1727768,1727768,88,60,1246,1158
25,5,0;3,987296,987296,29,6,1246,1217
25,6,3;14,740472,740472,90,54,1246,1156
25,7,3;10,1480944,1480944,102,72,1246,1144
25,8,10;11,493648,493648,181,169,1246,1065
25,9,1;4,493648,493648,25,14,1246,1221
25,10,7;8,493648,493648,98,87,1246,1148
25,11,2;8,493648,493648,187,175,1246,1059
25,12,0;4,740472,740472,69,39,1246,1177
25,13,1;7,493648,493648,40,31,1246,1206
25,14,4;6,987296,987296,65,26,1246,1181
25,15,0;14,493648,493648,202,160,1246,1044
25,16,0;5,740472,740472,235,209,1246,1011
25,17,2;3,740472,740472,523,493,1246,723
25,18,4;5,740472,740472,722,695,1246,524
25,19,4;14,493648,493648,468,444,1246,778
25,20,0;6,493648,493648,322,284,1246,924
25,21,0;1,493648,493648,475,437,1246,771
25,22,16;18,493648,493648,1231,1204,1246,15
25,23,2;7,493648,493648,281,256,1246,965
25,24,1;28,740472,740472,405,371,1246,841
25,25,2;24,493648,493648,377,347,1246,869
25,26,7;17,493648,493648,1107,1077,1246,139
25,27,7;12,493648,493648,122,92,1246,1124
25,28,1;24,493648,493648,994,960,1246,252
25,29,2;4,493648,493648,291,263,1246,955
26,0,2;12,1727768,1727768,115,73,1246,1131
26,1,2;13,1480944,1480944,118,81,1246,1128
26,2,3;8,2221416,2221416,128,100,1246,1118
26,3,2;5,1480944,1480944,42,20,1246,1204
26,4,12;14,1727768,1727768,88,60,1246,1158
26,5,0;3,987296,987296,29,6,1246,1217
26,6,3;4,987296,987296,90,54,1246,1156
26,7,3;13,1480944,1480944,102,72,1246,1144
26,8,2;3,987296,987296,181,169,1246,1065
26,9,1;4,493648,493648,25,14,1246,1221
26,10,7;8,493648,493648,98,87,1246,1148
26,11,2;8,493648,493648,187,175,1246,1059
26,12,0;4,740472,740472,69,39,1246,1177
26,13,1;7,493648,493648,40,31,1246,1206
26,14,4;6,987296,987296,65,26,1246,1181
26,15,0;14,493648,493648,202,160,1246,1044
26,16,0;5,740472,740472,235,209,1246,1011
26,17,2;3,740472,740472,523,493,1246,723
26,18,4;5,740472,740472,722,695,1246,524
26,19,4;14,493648,493648,468,444,1246,778
26,20,0;6,493648,493648,322,284,1246,924
26,21,0;1,493648,493648,475,437,1246,771
26,22,16;18,493648,493648,1231,1204,1246,15
26,23,2;7,493648,493648,281,256,1246,965
26,24,1;25,740472,740472,405,371,1246,841
26,25,2;24,493648,493648,377,347,1246,869
26,26,7;17,493648,493648,1107,1077,1246,139
26,27,7;12,493648,493648,122,92,1246,1124
26,28,1;24,493648,493648,994,960,1246,252
26,29,2;4,493648,493648,291,263,1246,955
27,0,2;4,1974592,1974592,115,73,1246,1131
27,1,2;9,1480944,1480944,118,81,1246,1128
27,2,3;11,1974592,1974592,128,100,1246,1118
27,3,4;5,1480944,1480944,42,20,1246,1204
27,4,3;7,2221416,2221416,88,60,1246,1158
27,5,0;3,987296,987296,29,6,1246,1217
27,6,3;14,740472,740472,90,54,1246,1156
27,7,4;10,1480944,1480944,102,72,1246,1144
27,8,3;10,740472,740472,181,169,1246,1065
27,9,1;4,493648,493648,25,14,1246,1221
27,10,7;8,493648,493648,98,87,1246,1148
27,11,2;8,493648,493648,187,175,1246,1059
27,12,0;4,740472,740472,69,39,1246,1177
27,13,1;7,493648,493648,40,31,1246,1206
27,14,4;6,987296,987296,65,26,1246,1181
27,15,0;14,493648,493648,202,160,1246,1044
27,16,0;5,740472,740472,235,209,1246,1011
27,17,2;3,740472,740472,523,493,1246,723
27,18,4;5,740472,740472,722,695,1246,524
27,19,4;14,493648,493648,468,444,1246,778
27,20,0;6,493648,493648,322,284,1246,924
27,21,0;1,493648,493648,475,437,1246,771
27,22,16;18,493648,493648,1231,1204,1246,15
27,23,2;7,493648,493648,281,256,1246,965
27,24,1;28,740472,740472,405,371,1246,841
27,25,2;24,493648,493648,377,347,1246,869
27,26,7;17,493648,493648,1107,1077,1246,139
27,27,7;12,493648,493648,122,92,1246,1124
27,28,1;24,493648,493648,994,960,1246,252
27,29,2;4,493648,493648,291,263,1246,955
28,0,2;3,2221416,2221416,115,73,1246,1131
28,1,0;2,1727768,1727768,118,81,1246,1128
28,2,0;3,1974592,1974592,128,100,1246,1118
28,3,6;8,1727768,1727768,42,20,1246,1204
28,4,3;6,2221416,2221416,88,60,1246,1158
28,5,0;3,987296,987296,29,6,1246,1217
28,6,3;14,987296,987296,90,54,1246,1156
28,7,4;10,1480944,1480944,102,72,1246,1144
28,8,3;10,740472,740472,181,169,1246,1065
28,9,1;4,493648,493648,25,14,1246,1221
28,10,7;8,493648,493648,98,87,1246,1148
28,11,2;8,493648,493648,187,175,1246,1059
28,12,0;4,740472,740472,69,39,1246,1177
28,13,1;7,493648,493648,40,31,1246,1206
28,14,4;6,987296,987296,65,26,1246,1181
28,15,0;14,493648,493648,202,160,1246,1044
28,16,0;5,740472,740472,235,209,1246,1011
28,17,2;3,740472,740472,523,493,1246,723
28,18,4;5,740472,740472,722,695,1246,524
28,19,4;14,493648,493648,468,444,1246,778
28,20,0;6,493648,493648,322,284,1246,924
28,21,0;1,740472,740472,476,437,1246,770
28,22,16;18,493648,493648,1231,1204,1246,15
28,23,2;7,493648,493648,281,256,1246,965
28,24,1;21,987296,987296,410,371,1246,836
28,25,2;24,493648,493648,377,347,1246,869
28,26,7;17,493648,493648,1107,1077,1246,139
28,27,7;12,493648,493648,122,92,1246,1124
28,28,1;24,493648,493648,994,960,1246,252
28,29,2;4,493648,493648,291,263,1246,955
29,0,1;4,1974592,1974592,115,73,1246,1131
29,1,2;13,1727768,1727768,118,81,1246,1128
29,2,3;8,1974592,1974592,128,100,1246,1118
29,3,4;6,1727768,1727768,42,20,1246,1204
29,4,0;14,2221416,2221416,88,60,1246,1158
29,5,0;3,987296,987296,29,6,1246,1217
29,6,3;4,987296,987296,90,54,1246,1156
29,7,3;13,1480944,1480944,102,72,1246,1144
29,8,2;3,987296,987296,181,169,1246,1065
29,9,1;4,493648,493648,25,14,1246,1221
29,10,7;8,493648,493648,98,87,1246,1148
29,11,2;8,493648,493648,187,175,1246,1059
29,12,0;4,740472,740472,69,39,1246,1177
29,13,1;7,493648,493648,40,31,1246,1206
29,14,4;6,987296,987296,65,26,1246,1181
29,15,0;14,493648,493648,202,160,1246,1044
29,16,0;5,740472,740472,235,209,1246,1011
29,17,2;3,740472,740472,523,493,1246,723
29,18,4;5,740472,740472,722,695,1246,524
29,19,4;14,493648,493648,468,444,1246,778
29,20,0;6,493648,493648,322,284,1246,924
29,21,0;1,740472,740472,476,437,1246,770
29,22,16;18,493648,493648,1231,1204,1246,15
29,23,2;7,493648,493648,281,256,1246,965
29,24,1;21,987296,987296,410,371,1246,836
29,25,2;24,493648,493648,377,347,1246,869
29,26,7;17,493648,493648,1107,1077,1246,139
29,27,7;12,493648,493648,122,92,1246,1124
29,28,1;24,493648,493648,994,960,1246,252
29,29,2;4,493648,493648,291,263,1246,955
30,0,2;4,1974592,1974592,115,73,1246,1131
30,1,9;13,1480944,1480944,118,81,1246,1128
30,2,1;3,2221416,2221416,128,100,1246,1118
30,3,2;4,1727768,1727768,42,20,1246,1204
30,4,0;9,2221416,2221416,88,60,1246,1158
30,5,0;3,740472,740472,28,6,1246,1218
30,6,3;4,987296,987296,90,54,1246,1156
30,7,3;10,1480944,1480944,102,72,1246,1144
30,8,2;3,987296,987296,181,169,1246,1065
30,9,1;4,493648,493648,25,14,1246,1221
30,10,7;8,493648,493648,98,87,1246,1148
30,11,2;8,493648,493648,187,175,1246,1059
30,12,0;4,740472,740472,69,39,1246,1177
30,13,1;7,493648,493648,40,31,1246,1206
30,14,4;6,987296,987296,65,26,1246,1181
30,15,0;14,493648,493648,202,160,1246,1044
30,16,0;5,740472,740472,235,209,1246,1011
30,17,2;3,740472,740472,523,493,1246,723
30,18,4;22,493648,493648,722,695,1246,524
30,19,4;14,493648,493648,468,444,1246,778
30,20,0;6,493648,493648,322,284,1246,924
30,21,0;1,493648,493648,475,437,1246,771
30,22,16;18,493648,493648,1231,1204,1246,15
30,23,2;7,493648,493648,281,256,1246,965
30,24,1;25,740472,740472,405,371,1246,841
30,25,2;24,493648,493648,377,347,1246,869
30,26,7;17,493648,493648,1107,1077,1246,139
30,27,7;12,493648,493648,122,92,1246,1124
30,28,1;24,493648,493648,994,960,1246,252
30,29,2;4,493648,493648,291,263,1246,955
31,0,2;5,1727768,1727768,115,73,1246,1131
31,1,2;9,1480944,1480944,118,81,1246,1128
31,2,3;11,1974592,1974592,128,100,1246,1118
31,3,5;7,1234120,1234120,42,20,1246,1204
31,4,9;14,1974592,1974592,88,60,1246,1158
31,5,0;3,987296,987296,29,6,1246,1217
31,6,4;14,740472,740472,90,54,1246,1156
31,7,3;4,1727768,1727768,102,72,1246,1144
31,8,3;11,740472,740472,181,169,1246,1065
31,9,1;4,493648,493648,25,14,1246,1221
31,10,7;8,493648,493648,98,87,1246,1148
31,11,2;8,493648,493648,187,175,1246,1059
31,12,0;4,740472,740472,69,39,1246,1177
31,13,1;7,493648,493648,40,31,1246,1206
31,14,4;6,987296,987296,65,26,1246,1181
31,15,0;14,493648,493648,202,160,1246,1044
31,16,0;5,740472,740472,235,209,1246,1011
31,17,2;3,740472,740472,523,493,1246,723
31,18,4;5,740472,740472,722,695,1246,524
31,19,4;14,493648,493648,468,444,1246,778
31,20,0;6,493648,493648,322,284,1246,924
31,21,0;1,493648,493648,475,437,1246,771
31,22,16;18,493648,493648,1231,1204,1246,15
31,23,2;7,493648,493648,281,256,1246,965
31,24,1;28,740472,740472,405,371,1246,841
31,25,2;24,493648,493648,377,347,1246,869
31,26,7;17,493648,493648,1107,1077,1246,139
31,27,7;12,493648,493648,122,92,1246,1124
31,28,1;24,493648,493648,994,960,1246,252
31,29,2;4,493648,493648,291,263,1246,955
32,0,4;12,1974592,1974592,115,73,1246,1131
32,1,0;2,1727768,1727768,118,81,1246,1128
32,2,1;3,1727768,1727768,128,100,1246,1118
32,3,4;6,1727768,1727768,42,20,1246,1204
32,4,6;7,2468240,2468240,88,60,1246,1158
32,5,0;3,987296,987296,29,6,1246,1217
32,6,3;4,987296,987296,90,54,1246,1156
32,7,3;4,1727768,1727768,102,72,1246,1144
32,8,3;10,740472,740472,181,169,1246,1065
32,9,1;4,493648,493648,25,14,1246,1221
32,10,7;8,493648,493648,98,87,1246,1148
32,11,2;8,493648,493648,187,175,1246,1059
32,12,0;4,740472,740472,69,39,1246,1177
32,13,1;7,493648,493648,40,31,1246,1206
32,14,4;6,987296,987296,65,26,1246,1181
32,15,0;14,493648,493648,202,160,1246,1044
32,16,0;5,740472,740472,235,209,1246,1011
32,17,2;3,740472,740472,523,493,1246,723
32,18,4;5,740472,740472,722,695,1246,524
32,19,4;14,493648,493648,468,444,1246,778
32,20,0;6,493648,493648,322,284,1246,924
32,21,0;1,740472,740472,476,437,1246,770
32,22,16;18,493648,493648,1231,1204,1246,15
32,23,2;7,493648,493648,281,256,1246,965
32,24,1;21,987296,987296,410,371,1246,836
32,25,2;24,493648,493648,377,347,1246,869
32,26,7;17,493648,493648,1107,1077,1246,139
32,27,7;12,493648,493648,122,92,1246,1124
32,28,1;24,493648,493648,994,960,1246,252
32,29,2;4,493648,493648,291,263,1246,955
33,0,2;4,1727768,1727768,115,73,1246,1131
33,1,2;13,1480944,1480944,118,81,1246,1128
33,2,0;8,2221416,2221416,128,100,1246,1118
33,3,2;4,1480944,1480944,42,20,1246,1204
33,4,6;12,2468240,2468240,88,60,1246,1158
33,5,0;3,987296,987296,29,6,1246,1217
33,6,3;4,987296,987296,90,54,1246,1156
33,7,4;10,1480944,1480944,102,72,1246,1144
33,8,3;10,987296,987296,181,169,1246,1065
33,9,1;4,493648,493648,25,14,1246,1221
33,10,7;8,493648,493648,98,87,1246,1148
33,11,2;8,493648,493648,187,175,1246,1059
33,12,0;4,740472,740472,69,39,1246,1177
33,13,1;7,493648,493648,40,31,1246,1206
33,14,4;6,987296,987296,65,26,1246,1181
33,15,0;14,493648,493648,202,160,1246,1044
33,16,0;5,740472,740472,235,209,1246,1011
33,17,2;3,740472,740472,523,493,1246,723
33,18,4;5,740472,740472,722,695,1246,524
33,19,4;14,493648,493648,468,444,1246,778
33,20,0;6,493648,493648,322,284,1246,924
33,21,1;24,493648,493648,476,437,1246,770
33,22,16;18,493648,493648,1231,1204,1246,15
33,23,2;7,493648,493648,281,256,1246,965
33,24,1;25,987296,987296,410,371,1246,836
33,25,2;24,493648,493648,377,347,1246,869
33,26,7;17,493648,493648,1107,1077,1246,139
33,27,7;12,493648,493648,122,92,1246,1124
33,28,1;24,493648,493648,994,960,1246,252
33,29,2;4,493648,493648,291,263,1246,955
34,0,2;3,2468240,2468240,115,73,1246,1131
34,1,0;2,1727768,1727768,118,81,1246,1128
34,2,0;3,2221416,2221416,128,100,1246,1118
34,3,0;6,1727768,1727768,42,20,1246,1204
34,4,0;3,1974592,1974592,88,60,1246,1158
34,5,0;3,987296,987296,29,6,1246,1217
34,6,3;14,740472,740472,90,54,1246,1156
34,7,10;13,1234120,1234120,102,72,1246,1144
34,8,2;3,987296,987296,181,169,1246,1065
34,9,1;4,493648,493648,25,14,1246,1221
34,10,7;8,493648,493648,98,87,1246,1148
34,11,2;8,493648,493648,187,175,1246,1059
34,12,0;4,740472,740472,69,39,1246,1177
34,13,1;7,493648,493648,40,31,1246,1206
34,14,4;6,987296,987296,65,26,1246,1181
34,15,0;14,493648,493648,202,160,1246,1044
34,16,0;5,740472,740472,235,209,1246,1011
34,17,2;3,740472,740472,523,493,1246,723
34,18,4;5,740472,740472,722,695,1246,524
34,19,4;14,493648,493648,468,444,1246,778
34,20,0;6,493648,493648,322,284,1246,924
34,21,0;1,493648,493648,475,437,1246,771
34,22,16;18,493648,493648,1231,1204,1246,15
34,23,2;7,493648,493648,281,256,1246,965
34,24,1;28,740472,740472,405,371,1246,841
34,25,2;24,493648,493648,377,347,1246,869
34,26,7;17,493648,493648,1107,1077,1246,139
34,27,7;12,493648,493648,122,92,1246,1124
34,28,1;24,493648,493648,994,960,1246,252
34,29,2;4,493648,493648,291,263,1246,955
35,0,3;4,1727768,1727768,115,73,1246,1131
35,1,2;9,1480944,1480944,118,81,1246,1128
35,2,1;3,1727768,1727768,128,100,1246,1118
35,3,7;8,1974592,1974592,42,20,1246,1204
35,4,3;7,2221416,2221416,88,60,1246,1158
35,5,0;3,987296,987296,29,6,1246,1217
35,6,3;14,740472,740472,90,54,1246,1156
35,7,4;13,1727768,1727768,102,72,1246,1144
35,8,3;10,740472,740472,181,169,1246,1065
35,9,1;4,493648,493648,25,14,1246,1221
35,10,7;8,493648,493648,98,87,1246,1148
35,11,2;8,493648,493648,187,175,1246,1059
35,12,0;4,740472,740472,69,39,1246,1177
35,13,1;7,493648,493648,40,31,1246,1206
35,14,4;6,987296,987296,65,26,1246,1181
35,15,0;14,493648,493648,202,160,1246,1044
35,16,0;5,740472,740472,235,209,1246,1011
35,17,2;3,740472,740472,523,493,1246,723
35,18,4;5,740472,740472,722,695,1246,524
35,19,4;14,493648,493648,468,444,1246,778
35,20,0;6,493648,493648,322,284,1246,924
35,21,1;24,493648,493648,476,437,1246,770
35,22,16;18,493648,493648,1231,1204,1246,15
35,23,2;7,493648,493648,281,256,1246,965
35,24,1;25,987296,987296,410,371,1246,836
35,25,2;24,493648,493648,377,347,1246,869
35,26,7;17,493648,493648,1107,1077,1246,139
35,27,7;12,493648,493648,122,92,1246,1124
35,28,1;24,493648,493648,994,960,1246,252
35,29,2;4,493648,493648,291,263,1246,955
36,0,1;2,1974592,1974592,115,73,1246,1131
36,1,2;13,1727768,1727768,118,81,1246,1128
36,2,8;11,1974592,1974592,128,100,1246,1118
36,3,4;6,987296,987296,42,20,1246,1204
36,4,6;14,2221416,2221416,88,60,1246,1158
36,5,0;3,987296,987296,29,6,1246,1217
36,6,4;14,987296,987296,90,54,1246,1156
36,7,4;10,1480944,1480944,102,72,1246,1144
36,8,2;10,740472,740472,181,169,1246,1065
36,9,1;4,493648,493648,25,14,1246,1221
36,10,7;8,493648,493648,98,87,1246,1148
36,11,2;8,493648,493648,187,175,1246,1059
36,12,0;4,740472,740472,69,39,1246,1177
36,13,1;7,493648,493648,40,31,1246,1206
36,14,4;6,987296,987296,65,26,1246,1181
36,15,0;14,493648,493648,202,160,1246,1044
36,16,0;5,740472,740472,235,209,1246,1011
36,17,2;3,740472,740472,523,493,1246,723
36,18,4;5,740472,740472,722,695,1246,524
36,19,4;14,493648,493648,468,444,1246,778
36,20,0;6,493648,493648,322,284,1246,924
36,21,0;1,740472,740472,476,437,1246,770
36,22,16;18,493648,493648,1231,1204,1246,15
36,23,2;7,493648,493648,281,256,1246,965
36,24,1;21,987296,987296,410,371,1246,836
36,25,2;24,493648,493648,377,347,1246,869
36,26,7;17,493648,493648,1107,1077,1246,139
36,27,7;12,493648,493648,122,92,1246,1124
36,28,1;24,493648,493648,994,960,1246,252
36,29,2;4,493648,493648,291,263,1246,955
37,0,2;5,1974592,1974592,115,73,1246,1131
37,1,0;2,1727768,1727768,118,81,1246,1128
37,2,0;3,2221416,2221416,128,100,1246,1118
37,3,2;6,1480944,1480944,42,20,1246,1204
37,4,7;12,1974592,1974592,88,60,1246,1158
37,5,0;3,987296,987296,29,6,1246,1217
37,6,4;14,987296,987296,90,54,1246,1156
37,7,3;13,1727768,1727768,102,72,1246,1144
37,8,2;3,987296,987296,181,169,1246,1065
37,9,1;4,493648,493648,25,14,1246,1221
37,10,7;8,493648,493648,98,87,1246,1148
37,11,2;8,493648,493648,187,175,1246,1059
37,12,0;4,740472,740472,69,39,1246,1177
37,13,1;7,493648,493648,40,31,1246,1206
37,14,4;6,987296,987296,65,26,1246,1181
37,15,0;14,493648,493648,202,160,1246,1044
37,16,0;5,740472,740472,235,209,1246,1011
37,17,2;3,740472,740472,523,493,1246,723
37,18,4;5,740472,740472,722,695,1246,524
37,19,4;14,493648,493648,468,444,1246,778
37,20,0;6,493648,493648,322,284,1246,924
37,21,0;1,493648,493648,475,437,1246,771
37,22,16;18,493648,493648,1231,1204,1246,15
37,23,2;7,493648,493648,281,256,1246,965
37,24,1;25,740472,740472,405,371,1246,841
37,25,2;24,493648,493648,377,347,1246,869
37,26,7;17,493648,493648,1107,1077,1246,139
37,27,7;12,493648,493648,122,92,1246,1124
37,28,1;24,493648,493648,994,960,1246,252
37,29,2;4,493648,493648,291,263,1246,955
38,0,4;5,1480944,1480944,115,73,1246,1131
38,1,2;13,1480944,1480944,118,81,1246,1128
38,2,1;3,1727768,1727768,128,100,1246,1118
38,3,5;7,1480944,1480944,42,20,1246,1204
38,4,7;9,1974592,1974592,88,60,1246,1158
38,5,0;3,987296,987296,29,6,1246,1217
38,6,3;14,740472,740472,90,54,1246,1156
38,7,3;10,1727768,1727768,102,72,1246,1144
38,8,3;10,740472,740472,181,169,1246,1065
38,9,1;4,493648,493648,25,14,1246,1221
38,10,7;8,493648,493648,98,87,1246,1148
38,11,2;8,493648,493648,187,175,1246,1059
38,12,0;4,740472,740472,69,39,1246,1177
38,13,1;7,493648,493648,40,31,1246,1206
38,14,4;6,987296,987296,65,26,1246,1181
38,15,0;14,493648,493648,202,160,1246,1044
38,16,0;5,740472,740472,235,209,1246,1011
38,17,2;3,740472,740472,523,493,1246,723
38,18,4;5,740472,740472,722,695,1246,524
38,19,4;14,493648,493648,468,444,1246,778
38,20,0;6,493648,493648,322,284,1246,924
38,21,1;24,493648,493648,476,437,1246,770
38,22,16;18,493648,493648,1231,1204,1246,15
38,23,2;7,493648,493648,281,256,1246,965
38,24,1;28,987296,987296,410,371,1246,836
38,25,2;24,493648,493648,377,347,1246,869
38,26,7;17,493648,493648,1107,1077,1246,139
38,27,7;12,493648,493648,122,92,1246,1124
38,28,1;24,493648,493648,994,960,1246,252
38,29,2;4,493648,493648,291,263,1246,955
39,0,2;5,1974592,1974592,115,73,1246,1131
39,1,2;9,1480944,1480944,118,81,1246,1128
39,2,8;11,2221416,2221416,128,100,1246,1118
39,3,2;5,1234120,1234120,42,20,1246,1204
39,4,0;6,2221416,2221416,88,60,1246,1158
39,5,0;3,987296,987296,29,6,1246,1217
39,6,3;4,987296,987296,90,54,1246,1156
39,7,4;13,1480944,1480944,102,72,1246,1144
39,8,2;3,987296,987296,181,169,1246,1065
39,9,1;4,493648,493648,25,14,1246,1221
39,10,7;8,493648,493648,98,87,1246,1148
39,11,2;8,493648,493648,187,175,1246,1059
39,12,0;4,740472,740472,69,39,1246,1177
39,13,1;7,493648,493648,40,31,1246,1206
39,14,4;6,987296,987296,65,26,1246,1181
39,15,0;14,493648,493648,202,160,1246,1044
39,16,0;5,740472,740472,235,209,1246,1011
39,17,2;3,740472,740472,523,493,1246,723
39,18,4;5,740472,740472,722,695,1246,524
39,19,4;14,493648,493648,468,444,1246,778
39,20,0;6,493648,493648,322,284,1246,924
39,21,0;1,493648,493648,475,437,1246,771
39,22,16;18,493648,493648,1231,1204,1246,15
39,23,2;7,493648,493648,281,256,1246,965
39,24,1;25,740472,740472,405,371,1246,841
39,25,2;24,493648,493648,377,347,1246,869
39,26,7;17,493648,493648,1107,1077,1246,139
39,27,7;12,493648,493648,122,92,1246,1124
39,28,1;24,493648,493648,994,960,1246,252
39,29,2;4,493648,493648,291,263,1246,955
40,0,4;12,1974592,1974592,115,73,1246,1131
40,1,2;13,1480944,1480944,118,81,1246,1128
40,2,0;3,2221416,2221416,128,100,1246,1118
40,3,4;6,1234120,1234120,42,20,1246,1204
40,4,9;14,2221416,2221416,88,60,1246,1158
40,5,0;3,987296,987296,29,6,1246,1217
40,6,3;4,987296,987296,90,54,1246,1156
40,7,10;13,1234120,1234120,102,72,1246,1144
40,8,2;10,740472,740472,181,169,1246,1065
40,9,1;4,493648,493648,25,14,1246,1221
40,10,7;8,493648,493648,98,87,1246,1148
40,11,2;8,493648,493648,187,175,1246,1059
40,12,0;4,740472,740472,69,39,1246,1177
40,13,1;7,493648,493648,40,31,1246,1206
40,14,4;6,987296,987296,65,26,1246,1181
40,15,0;14,493648,493648,202,160,1246,1044
40,16,0;5,740472,740472,235,209,1246,1011
40,17,2;3,740472,740472,523,493,1246,723
40,18,4;5,740472,740472,722,695,1246,524
40,19,4;14,493648,493648,468,444,1246,778
40,20,0;6,493648,493648,322,284,1246,924
40,21,0;1,493648,493648,475,437,1246,771
40,22,16;18,493648,493648,1231,1204,1246,15
40,23,2;7,493648,493648,281,256,1246,965
40,24,1;25,740472,740472,405,371,1246,841
40,25,2;24,493648,493648,377,347,1246,869
40,26,7;17,493648,493648,1107,1077,1246,139
40,27,7;12,493648,493648,122,92,1246,1124
40,28,1;24,493648,493648,994,960,1246,252
40,29,2;4,493648,493648,291,263,1246,955
41,0,2;5,1727768,1727768,115,73,1246,1131
41,1,2;9,1480944,1480944,118,81,1246,1128
41,2,0;8,2221416,2221416,128,100,1246,1118
41,3,2;8,1480944,1480944,42,20,1246,1204
41,4,7;9,1727768,1727768,88,60,1246,1158
41,5,0;3,987296,987296,29,6,1246,1217
41,6,3;14,740472,740472,90,54,1246,1156
41,7,3;13,1727768,1727768,102,72,1246,1144
41,8,2;3,987296,987296,181,169,1246,1065
41,9,1;4,493648,493648,25,14,1246,1221
41,10,7;8,493648,493648,98,87,1246,1148
41,11,2;8,493648,493648,187,175,1246,1059
41,12,0;4,740472,740472,69,39,1246,1177
41,13,1;7,493648,493648,40,31,1246,1206
41,14,4;6,987296,987296,65,26,1246,1181
41,15,0;14,493648,493648,202,160,1246,1044
41,16,0;5,740472,740472,235,209,1246,1011
41,17,2;3,740472,740472,523,493,1246,723
41,18,4;5,740472,740472,722,695,1246,524
41,19,4;14,493648,493648,468,444,1246,778
41,20,0;6,493648,493648,322,284,1246,924
41,21,0;1,493648,493648,475,437,1246,771
41,22,16;18,493648,493648,1231,1204,1246,15
41,23,2;7,493648,493648,281,256,1246,965
41,24,1;28,740472,740472,405,371,1246,841
41,25,2;24,493648,493648,377,347,1246,869
41,26,7;17,493648,493648,1107,1077,1246,139
41,27,7;12,493648,493648,122,92,1246,1124
41,28,1;24,493648,493648,994,960,1246,252
41,29,2;4,493648,493648,291,263,1246,955
42,0,4;5,1974592,1974592,115,73,1246,1131
42,1,2;13,1480944,1480944,118,81,1246,1128
42,2,0;11,1727768,1727768,128,100,1246,1118
42,3,4;7,1234120,1234120,42,20,1246,1204
42,4,0;6,2221416,2221416,88,60,1246,1158
42,5,0;3,987296,987296,29,6,1246,1217
42,6,4;14,740472,740472,90,54,1246,1156
42,7,3;10,1480944,1480944,102,72,1246,1144
42,8,3;11,740472,740472,181,169,1246,1065
42,9,1;4,493648,493648,25,14,1246,1221
42,10,7;8,493648,493648,98,87,1246,1148
42,11,2;8,493648,493648,187,175,1246,1059
42,12,0;4,740472,740472,69,39,1246,1177
42,13,1;7,493648,493648,40,31,1246,1206
42,14,4;6,987296,987296,65,26,1246,1181
42,15,0;14,493648,493648,202,160,1246,1044
42,16,0;5,740472,740472,235,209,1246,1011
42,17,2;3,740472,740472,523,493,1246,723
42,18,4;5,740472,740472,722,695,1246,524
42,19,4;14,493648,493648,468,444,1246,778
42,20,0;6,493648,493648,322,284,1246,924
42,21,0;1,740472,740472,476,437,1246,770
42,22,16;18,493648,493648,1231,1204,1246,15
42,23,2;7,493648,493648,281,256,1246,965
42,24,1;21,987296,987296,410,371,1246,836
42,25,2;24,493648,493648,377,347,1246,869
42,26,7;17,493648,493648,1107,1077,1246,139
42,27,7;12,493648,493648,122,92,1246,1124
42,28,1;24,493648,493648,994,960,1246,252
42,29,2;4,493648,493648,291,263,1246,955
43,0,2;5,2221416,2221416,115,73,1246,1131
43,1,0;2,1727768,1727768,118,81,1246,1128
43,2,0;1,1974592,1974592,128,100,1246,1118
43,3,5;6,1480944,1480944,42,20,1246,1204
43,4,0;3,2468240,2468240,88,60,1246,1158
43,5,0;3,987296,987296,29,6,1246,1217
43,6,3;4,987296,987296,90,54,1246,1156
43,7,3;4,1727768,1727768,102,72,1246,1144
43,8,2;3,987296,987296,181,169,1246,1065
43,9,1;4,493648,493648,25,14,1246,1221
43,10,7;8,493648,493648,98,87,1246,1148
43,11,2;8,493648,493648,187,175,1246,1059
43,12,0;4,740472,740472,69,39,1246,1177
43,13,1;7,493648,493648,40,31,1246,1206
43,14,4;6,987296,987296,65,26,1246,1181
43,15,0;14,493648,493648,202,160,1246,1044
43,16,0;5,740472,740472,235,209,1246,1011
43,17,2;3,740472,740472,523,493,1246,723
43,18,4;5,740472,740472,722,695,1246,524
43,19,4;14,493648,493648,468,444,1246,778
43,20,0;6,493648,493648,322,284,1246,924
43,21,0;1,493648,493648,475,437,1246,771
43,22,16;18,493648,493648,1231,1204,1246,15
43,23,2;7,493648,493648,281,256,1246,965
43,24,1;28,740472,740472,405,371,1246,841
43,25,2;24,493648,493648,377,347,1246,869
43,26,7;17,493648,493648,1107,1077,1246,139
43,27,7;12,493648,493648,122,92,1246,1124
43,28,1;24,493648,493648,994,960,1246,252
43,29,2;4,493648,493648,291,263,1246,955
44,0,3;5,1974592,1974592,115,73,1246,1131
44,1,2;13,1480944,1480944,118,81,1246,1128
44,2,0;11,1974592,1974592,128,100,1246,1118
44,3,2;5,1727768,1727768,42,20,1246,1204
44,4,3;7,1974592,1974592,88,60,1246,1158
44,5,0;3,987296,987296,29,6,1246,1217
44,6,3;14,740472,740472,90,54,1246,1156
44,7,10;13,1480944,1480944,102,72,1246,1144
44,8,3;10,740472,740472,181,169,1246,1065
44,9,1;4,493648,493648,25,14,1246,1221
44,10,7;8,493648,493648,98,87,1246,1148
44,11,2;8,493648,493648,187,175,1246,1059
44,12,0;4,740472,740472,69,39,1246,1177
44,13,1;7,493648,493648,40,31,1246,1206
44,14,4;6,987296,987296,65,26,1246,1181
44,15,0;14,493648,493648,202,160,1246,1044
44,16,0;5,740472,740472,235,209,1246,1011
44,17,2;3,740472,740472,523,493,1246,723
44,18,4;5,740472,740472,722,695,1246,524
44,19,4;14,493648,493648,468,444,1246,778
44,20,0;6,493648,493648,322,284,1246,924
44,21,0;1,493648,493648,475,437,1246,771
44,22,16;18,493648,493648,1231,1204,1246,15
44,23,2;7,493648,493648,281,256,1246,965
44,24,1;25,740472,740472,405,371,1246,841
44,25,2;24,493648,493648,377,347,1246,869
44,26,7;17,493648,493648,1107,1077,1246,139
44,27,7;12,493648,493648,122,92,1246,1124
44,28,1;24,493648,493648,994,960,1246,252
44,29,2;4,493648,493648,291,263,1246,955
45,0,1;4,1727768,1727768,115,73,1246,1131
45,1,2;13,1727768,1727768,118,81,1246,1128
45,2,1;8,1727768,1727768,128,100,1246,1118
45,3,4;6,1234120,1234120,42,20,1246,1204
45,4,6;14,2468240,2468240,88,60,1246,1158
45,5,0;3,987296,987296,29,6,1246,1217
45,6,3;14,987296,987296,90,54,1246,1156
45,7,4;13,1480944,1480944,102,72,1246,1144
45,8,2;3,987296,987296,181,169,1246,1065
45,9,1;4,493648,493648,25,14,1246,1221
45,10,7;8,493648,493648,98,87,1246,1148
45,11,2;8,493648,493648,187,175,1246,1059
45,12,0;4,740472,740472,69,39,1246,1177
45,13,1;7,493648,493648,40,31,1246,1206
45,14,4;6,987296,987296,65,26,1246,1181
45,15,0;14,493648,493648,202,160,1246,1044
45,16,0;5,740472,740472,235,209,1246,1011
45,17,2;3,740472,740472,523,493,1246,723
45,18,4;5,740472,740472,722,695,1246,524
45,19,4;14,493648,493648,468,444,1246,778
45,20,0;6,493648,493648,322,284,1246,924
45,21,1;24,493648,493648,476,437,1246,770
45,22,16;18,493648,493648,1231,1204,1246,15
45,23,2;7,493648,493648,281,256,1246,965
45,24,1;28,987296,987296,410,371,1246,836
45,25,2;24,493648,493648,377,347,1246,869
45,26,7;17,493648,493648,1107,1077,1246,139
45,27,7;12,493648,493648,122,92,1246,1124
45,28,1;24,493648,493648,994,960,1246,252
45,29,2;4,493648,493648,291,263,1246,955
46,0,2;3,2221416,2221416,115,73,1246,1131
46,1,2;13,1480944,1480944,118,81,1246,1128
46,2,0;1,1727768,1727768,128,100,1246,1118
46,3,0;5,1234120,1234120,42,20,1246,1204
46,4,0;9,1974592,1974592,88,60,1246,1158
46,5,0;3,987296,987296,29,6,1246,1217
46,6,3;4,987296,987296,90,54,1246,1156
46,7,10;13,1234120,1234120,102,72,1246,1144
46,8,3;10,740472,740472,181,169,1246,1065
46,9,1;4,493648,493648,25,14,1246,1221
46,10,7;8,493648,493648,98,87,1246,1148
46,11,2;8,493648,493648,187,175,1246,1059
46,12,0;4,740472,740472,69,39,1246,1177
46,13,1;7,493648,493648,40,31,1246,1206
46,14,4;6,987296,987296,65,26,1246,1181
46,15,0;14,493648,493648,202,160,1246,1044
46,16,0;5,740472,740472,235,209,1246,1011
46,17,2;3,740472,740472,523,493,1246,723
46,18,4;5,740472,740472,722,695,1246,524
46,19,4;14,493648,493648,468,444,1246,778
46,20,0;6,493648,493648,322,284,1246,924
46,21,0;1,740472,740472,476,437,1246,770
46,22,16;18,493648,493648,1231,1204,1246,15
46,23,2;7,493648,493648,281,256,1246,965
46,24,1;21,987296,987296,410,371,1246,836
46,25,2;24,493648,493648,377,347,1246,869
46,26,7;17,493648,493648,1107,1077,1246,139
46,27,7;12,493648,493648,122,92,1246,1124
46,28,1;24,493648,493648,994,960,1246,252
46,29,2;4,493648,493648,291,263,1246,955
47,0,2;4,2221416,2221416,115,73,1246,1131
47,1,0;2,1727768,1727768,118,81,1246,1128
47,2,0;11,2221416,2221416,128,100,1246,1118
47,3,2;4,1727768,1727768,42,20,1246,1204
47,4,7;12,2468240,2468240,88,60,1246,1158
47,5,0;3,987296,987296,29,6,1246,1217
47,6,3;4,987296,987296,90,54,1246,1156
47,7,3;4,1727768,1727768,102,72,1246,1144
47,8,2;3,987296,987296,181,169,1246,1065
47,9,1;4,493648,493648,25,14,1246,1221
47,10,7;8,493648,493648,98,87,1246,1148
47,11,2;8,493648,493648,187,175,1246,1059
47,12,0;4,740472,740472,69,39,1246,1177
47,13,1;7,493648,493648,40,31,1246,1206
47,14,4;6,987296,987296,65,26,1246,1181
47,15,0;14,493648,493648,202,160,1246,1044
47,16,0;5,740472,740472,235,209,1246,1011
47,17,2;3,740472,740472,523,493,1246,723
47,18,4;5,740472,740472,722,695,1246,524
47,19,4;14,493648,493648,468,444,1246,778
47,20,0;6,493648,493648,322,284,1246,924
47,21,0;1,493648,493648,475,437,1246,771
47,22,16;18,493648,493648,1231,1204,1246,15
47,23,2;7,493648,493648,281,256,1246,965
47,24,1;28,740472,740472,405,371,1246,841
47,25,2;24,493648,493648,377,347,1246,869
47,26,7;17,493648,493648,1107,1077,1246,139
47,27,7;12,493648,493648,122,92,1246,1124
47,28,1;24,493648,493648,994,960,1246,252
47,29,2;4,493648,493648,291,263,1246,955
48,0,2;12,1727768,1727768,115,73,1246,1131
48,1,2;9,1480944,1480944,118,81,1246,1128
48,2,0;3,2221416,2221416,128,100,1246,1118
48,3,6;7,1480944,1480944,42,20,1246,1204
48,4,3;6,1974592,1974592,88,60,1246,1158
48,5,0;3,987296,987296,29,6,1246,1217
48,6,3;4,987296,987296,90,54,1246,1156
48,7,10;13,1480944,1480944,102,72,1246,1144
48,8,2;10,740472,740472,181,169,1246,1065
48,9,1;4,493648,493648,25,14,1246,1221
48,10,7;8,493648,493648,98,87,1246,1148
48,11,2;8,493648,493648,187,175,1246,1059
48,12,0;4,740472,740472,69,39,1246,1177
48,13,1;7,493648,493648,40,31,1246,1206
48,14,4;6,987296,987296,65,26,1246,1181
48,15,0;14,493648,493648,202,160,1246,1044
48,16,0;5,740472,740472,235,209,1246,1011
48,17,2;3,740472,740472,523,493,1246,723
48,18,4;5,740472,740472,722,695,1246,524
48,19,4;14,493648,493648,468,444,1246,778
48,20,0;6,493648,493648,322,284,1246,924
48,21,0;1,493648,493648,475,437,1246,771
48,22,16;18,493648,493648,1231,1204,1246,15
48,23,2;7,493648,493648,281,256,1246,965
48,24,1;25,740472,740472,405,371,1246,841
48,25,2;24,493648,493648,377,347,1246,869
48,26,7;17,493648,493648,1107,1077,1246,139
48,27,7;12,493648,493648,122,92,1246,1124
48,28,1;24,493648,493648,994,960,1246,252
48,29,2;4,493648,493648,291,263,1246,955
49,0,3;4,1974592,1974592,115,73,1246,1131
49,1,2;13,1480944,1480944,118,81,1246,1128
49,2,3;8,1974592,1974592,128,100,1246,1118
49,3,2;8,1974592,1974592,42,20,1246,1204
49,4,3;7,2221416,2221416,88,60,1246,1158
49,5,0;3,987296,987296,29,6,1246,1217
49,6,3;14,740472,740472,90,54,1246,1156
49,7,3;4,1727768,1727768,102,72,1246,1144
49,8,2;3,987296,987296,181,169,1246,1065
49,9,1;4,493648,493648,25,14,1246,1221
49,10,7;8,493648,493648,98,87,1246,1148
49,11,2;8,493648,493648,187,175,1246,1059
49,12,0;4,740472,740472,69,39,1246,1177
49,13,1;7,493648,493648,40,31,1246,1206
49,14,4;6,987296,987296,65,26,1246,1181
49,15,0;14,493648,493648,202,160,1246,1044
49,16,0;5,740472,740472,235,209,1246,1011
49,17,2;3,740472,740472,523,493,1246,723
49,18,4;5,740472,740472,722,695,1246,524
49,19,4;14,493648,493648,468,444,1246,778
49,20,0;6,493648,493648,322,284,1246,924
49,21,0;1,493648,493648,475,437,1246,771
49,22,16;18,493648,493648,1231,1204,1246,15
49,23,2;7,493648,493648,281,256,1246,965
49,24,1;28,740472,740472,405,371,1246,841
49,25,2;24,493648,493648,377,347,1246,869
49,26,7;17,493648,493648,1107,1077,1246,139
49,27,7;12,493648,493648,122,92,1246,1124
49,28,1;24,493648,493648,994,960,1246,252
49,29,2;4,493648,493648,291,263,1246,955
50,0,4;12,1727768,1727768,115,73,1246,1131
50,1,2;9,1480944,1480944,118,81,1246,1128
50,2,8;11,1974592,1974592,128,100,1246,1118
50,3,2;4,1234120,1234120,42,20,1246,1204
50,4,3;6,2468240,2468240,88,60,1246,1158
50,5,0;3,987296,987296,29,6,1246,1217
50,6,4;14,740472,740472,90,54,1246,1156
50,7,3;4,1727768,1727768,102,72,1246,1144
50,8,2;10,740472,740472,181,169,1246,1065
50,9,1;4,493648,493648,25,14,1246,1221
50,10,7;8,493648,493648,98,87,1246,1148
50,11,2;8,493648,493648,187,175,1246,1059
50,12,0;4,740472,740472,69,39,1246,1177
50,13,1;7,493648,493648,40,31,1246,1206
50,14,4;6,987296,987296,65,26,1246,1181
50,15,0;14,493648,493648,202,160,1246,1044
50,16,0;5,740472,740472,235,209,1246,1011
50,17,2;3,740472,740472,523,493,1246,723
50,18,4;5,740472,740472,722,695,1246,524
50,19,4;14,493648,493648,468,444,1246,778
50,20,0;6,493648,493648,322,284,1246,924
50,21,0;1,493648,493648,475,437,1246,771
50,22,16;18,493648,493648,1231,1204,1246,15
50,23,2;7,493648,493648,281,256,1246,965
50,24,1;25,740472,740472,405,371,1246,841
50,25,2;24,493648,493648,377,347,1246,869
50,26,7;17,493648,493648,1107,1077,1246,139
50,27,7;12,493648,493648,122,92,1246,1124
50,28,1;24,493648,493648,994,960,1246,252
50,29,2;4,493648,493648,291,263,1246,955
51,0,3;4,1974592,1974592,115,73,1246,1131
51,1,9;13,1234120,1234120,118,81,1246,1128
51,2,8;11,1727768,1727768,128,100,1246,1118
51,3,2;4,1480944,1480944,42,20,1246,1204
51,4,6;14,2468240,2468240,88,60,1246,1158
51,5,0;3,987296,987296,29,6,1246,1217
51,6,4;14,740472,740472,90,54,1246,1156
51,7,4;13,1480944,1480944,102,72,1246,1144
51,8,2;3,987296,987296,181,169,1246,1065
51,9,1;4,493648,493648,25,14,1246,1221
51,10,7;8,493648,493648,98,87,1246,1148
51,11,2;8,493648,493648,187,175,1246,1059
51,12,0;4,740472,740472,69,39,1246,1177
51,13,1;7,493648,493648,40,31,1246,1206
51,14,4;6,987296,987296,65,26,1246,1181
51,15,0;14,493648,493648,202,160,1246,1044
51,16,0;5,740472,740472,235,209,1246,1011
51,17,2;3,740472,740472,523,493,1246,723
51,18,4;5,740472,740472,722,695,1246,524
51,19,4;14,493648,493648,468,444,1246,778
51,20,0;6,493648,493648,322,284,1246,924
51,21,0;1,740472,740472,476,437,1246,770
51,22,16;18,493648,493648,1231,1204,1246,15
51,23,2;7,493648,493648,281,256,1246,965
51,24,1;21,987296,987296,410,371,1246,836
51,25,2;24,493648,493648,377,347,1246,869
51,26,7;17,493648,493648,1107,1077,1246,139
51,27,7;12,493648,493648,122,92,1246,1124
51,28,1;24,493648,493648,994,960,1246,252
51,29,2;4,493648,493648,291,263,1246,955
52,0,4;12,1727768,1727768,115,73,1246,1131
52,1,9;13,1234120,1234120,118,81,1246,1128
52,2,8;11,1727768,1727768,128,100,1246,1118
52,3,2;4,1234120,1234120,42,20,1246,1204
52,4,12;14,2468240,2468240,88,60,1246,1158
52,5,0;3,987296,987296,29,6,1246,1217
52,6,4;14,740472,740472,90,54,1246,1156
52,7,4;13,1480944,1480944,102,72,1246,1144
52,8,2;3,987296,987296,181,169,1246,1065
52,9,1;4,493648,493648,25,14,1246,1221
52,10,7;8,493648,493648,98,87,1246,1148
52,11,2;8,493648,493648,187,175,1246,1059
52,12,0;4,740472,740472,69,39,1246,1177
52,13,1;7,493648,493648,40,31,1246,1206
52,14,4;6,987296,987296,65,26,1246,1181
52,15,0;14,493648,493648,202,160,1246,1044
52,16,0;5,740472,740472,235,209,1246,1011
52,17,2;3,740472,740472,523,493,1246,723
52,18,4;5,740472,740472,722,695,1246,524
52,19,4;14,493648,493648,468,444,1246,778
52,20,0;6,493648,493648,322,284,1246,924
52,21,0;1,493648,493648,475,437,1246,771
52,22,16;18,493648,493648,1231,1204,1246,15
52,23,2;7,493648,493648,281,256,1246,965
52,24,1;25,740472,740472,405,371,1246,841
52,25,2;24,493648,493648,377,347,1246,869
52,26,7;17,493648,493648,1107,1077,1246,139
52,27,7;12,493648,493648,122,92,1246,1124
52,28,1;24,493648,493648,994,960,1246,252
52,29,2;4,493648,493648,291,263,1246,955
53,0,3;4,1974592,1974592,115,73,1246,1131
53,1,9;13,1234120,1234120,118,81,1246,1128
53,2,8;11,1480944,1480944,128,100,1246,1118
53,3,4;5,1234120,1234120,42,20,1246,1204
53,4,6;14,2468240,2468240,88,60,1246,1158
53,5,0;3,987296,987296,29,6,1246,1217
53,6,4;14,740472,740472,90,54,1246,1156
53,7,4;13,1480944,1480944,102,72,1246,1144
53,8,2;3,987296,987296,181,169,1246,1065
53,9,1;4,493648,493648,25,14,1246,1221
53,10,7;8,493648,493648,98,87,1246,1148
53,11,2;8,493648,493648,187,175,1246,1059
53,12,0;4,740472,740472,69,39,1246,1177
53,13,1;7,493648,493648,40,31,1246,1206
53,14,4;6,987296,987296,65,26,1246,1181
53,15,0;14,493648,493648,202,160,1246,1044
53,16,0;5,740472,740472,235,209,1246,1011
53,17,2;3,740472,740472,523,493,1246,723
53,18,4;5,740472,740472,722,695,1246,524
53,19,4;14,493648,493648,468,444,1246,778
53,20,0;6,493648,493648,322,284,1246,924
53,21,0;1,740472,740472,476,437,1246,770
53,22,16;18,493648,493648,1231,1204,1246,15
53,23,2;7,493648,493648,281,256,1246,965
53,24,1;21,987296,987296,410,371,1246,836
53,25,2;24,493648,493648,377,347,1246,869
53,26,7;17,493648,493648,1107,1077,1246,139
53,27,7;12,493648,493648,122,92,1246,1124
53,28,1;24,493648,493648,994,960,1246,252
53,29,2;4,493648,493648,291,263,1246,955
54,0,4;12,2221416,2221416,115,73,1246,1131
54,1,9;13,1234120,1234120,118,81,1246,1128
54,2,0;8,1727768,1727768,128,100,1246,1118
54,3,0;4,987296,987296,42,20,1246,1204
54,4,6;14,2468240,2468240,88,60,1246,1158
54,5,0;3,987296,987296,29,6,1246,1217
54,6,4;14,740472,740472,90,54,1246,1156
54,7,4;13,1480944,1480944,102,72,1246,1144
54,8,2;10,740472,740472,181,169,1246,1065
54,9,1;4,493648,493648,25,14,1246,1221
54,10,7;8,493648,493648,98,87,1246,1148
54,11,2;8,493648,493648,187,175,1246,1059
54,12,0;4,740472,740472,69,39,1246,1177
54,13,1;7,493648,493648,40,31,1246,1206
54,14,4;6,987296,987296,65,26,1246,1181
54,15,0;14,493648,493648,202,160,1246,1044
54,16,0;5,740472,740472,235,209,1246,1011
54,17,2;3,740472,740472,523,493,1246,723
54,18,4;5,740472,740472,722,695,1246,524
54,19,4;14,493648,493648,468,444,1246,778
54,20,0;6,493648,493648,322,284,1246,924
54,21,0;1,493648,493648,475,437,1246,771
54,22,16;18,493648,493648,1231,1204,1246,15
54,23,2;7,493648,493648,281,256,1246,965
54,24,1;25,740472,740472,405,371,1246,841
54,25,2;24,493648,493648,377,347,1246,869
54,26,7;17,493648,493648,1107,1077,1246,139
54,27,7;12,493648,493648,122,92,1246,1124
54,28,1;24,493648,493648,994,960,1246,252
54,29,2;4,493648,493648,291,263,1246,955
55,0,4;12,1974592,1974592,115,73,1246,1131
55,1,9;13,1234120,1234120,118,81,1246,1128
55,2,8;11,1480944,1480944,128,100,1246,1118
55,3,0;4,1234120,1234120,42,20,1246,1204
55,4,6;14,2468240,2468240,88,60,1246,1158
55,5,0;3,987296,987296,29,6,1246,1217
55,6,4;14,740472,740472,90,54,1246,1156
55,7,4;13,1480944,1480944,102,72,1246,1144
55,8,2;3,987296,987296,181,169,1246,1065
55,9,1;4,493648,493648,25,14,1246,1221
55,10,7;8,493648,493648,98,87,1246,1148
55,11,2;8,493648,493648,187,175,1246,1059
55,12,0;4,740472,740472,69,39,1246,1177
55,13,1;7,493648,493648,40,31,1246,1206
55,14,4;6,987296,987296,65,26,1246,1181
55,15,0;14,493648,493648,202,160,1246,1044
55,16,0;5,740472,740472,235,209,1246,1011
55,17,2;3,740472,740472,523,493,1246,723
55,18,4;5,740472,740472,722,695,1246,524
55,19,4;14,493648,493648,468,444,1246,778
55,20,0;6,493648,493648,322,284,1246,924
55,21,0;1,493648,493648,475,437,1246,771
55,22,16;18,493648,493648,1231,1204,1246,15
55,23,2;7,493648,493648,281,256,1246,965
55,24,1;25,740472,740472,405,371,1246,841
55,25,2;24,493648,493648,377,347,1246,869
55,26,7;17,493648,493648,1107,1077,1246,139
55,27,7;12,493648,493648,122,92,1246,1124
55,28,1;24,493648,493648,994,960,1246,252
55,29,2;4,493648,493648,291,263,1246,955
56,0,4;12,1727768,1727768,115,73,1246,1131
56,1,9;13,1234120,1234120,118,81,1246,1128
56,2,8;11,1480944,1480944,128,100,1246,1118
56,3,4;6,987296,987296,42,20,1246,1204
56,4,6;14,2468240,2468240,88,60,1246,1158
56,5,0;3,987296,987296,29,6,1246,1217
56,6,4;14,987296,987296,90,54,1246,1156
56,7,4;13,1480944,1480944,102,72,1246,1144
56,8,2;10,740472,740472,181,169,1246,1065
56,9,1;4,493648,493648,25,14,1246,1221
56,10,7;8,493648,493648,98,87,1246,1148
56,11,2;8,493648,493648,187,175,1246,1059
56,12,0;4,740472,740472,69,39,1246,1177
56,13,1;7,493648,493648,40,31,1246,1206
56,14,4;6,987296,987296,65,26,1246,1181
56,15,0;14,493648,493648,202,160,1246,1044
56,16,0;5,740472,740472,235,209,1246,1011
56,17,2;3,740472,740472,523,493,1246,723
56,18,4;5,740472,740472,722,695,1246,524
56,19,4;14,493648,493648,468,444,1246,778
56,20,0;6,493648,493648,322,284,1246,924
56,21,0;1,493648,493648,475,437,1246,771
56,22,16;18,493648,493648,1231,1204,1246,15
56,23,2;7,493648,493648,281,256,1246,965
56,24,1;25,740472,740472,405,371,1246,841
56,25,2;24,493648,493648,377,347,1246,869
56,26,7;17,493648,493648,1107,1077,1246,139
56,27,7;12,493648,493648,122,92,1246,1124
56,28,1;24,493648,493648,994,960,1246,252
56,29,2;4,493648,493648,291,263,1246,955
57,0,4;12,1974592,1974592,115,73,1246,1131
57,1,9;13,1234120,1234120,118,81,1246,1128
57,2,8;11,1480944,1480944,128,100,1246,1118
57,3,0;4,987296,987296,42,20,1246,1204
57,4,6;14,2468240,2468240,88,60,1246,1158
57,5,0;3,987296,987296,29,6,1246,1217
57,6,4;14,740472,740472,90,54,1246,1156
57,7,4;13,1480944,1480944,102,72,1246,1144
57,8,2;10,740472,740472,181,169,1246,1065
57,9,1;4,493648,493648,25,14,1246,1221
57,10,7;8,493648,493648,98,87,1246,1148
57,11,2;8,493648,493648,187,175,1246,1059
57,12,0;4,740472,740472,69,39,1246,1177
57,13,1;7,493648,493648,40,31,1246,1206
57,14,4;6,987296,987296,65,26,1246,1181
57,15,0;14,493648,493648,202,160,1246,1044
57,16,0;5,740472,740472,235,209,1246,1011
57,17,2;3,740472,740472,523,493,1246,723
57,18,4;5,740472,740472,722,695,1246,524
57,19,4;14,493648,493648,468,444,1246,778
57,20,0;6,493648,493648,322,284,1246,924
57,21,0;1,493648,493648,475,437,1246,771
57,22,16;18,493648,493648,1231,1204,1246,15
57,23,2;7,493648,493648,281,256,1246,965
57,24,1;25,740472,740472,405,371,1246,841
57,25,2;24,493648,493648,377,347,1246,869
57,26,7;17,493648,493648,1107,1077,1246,139
57,27,7;12,493648,493648,122,92,1246,1124
57,28,1;24,493648,493648,994,960,1246,252
57,29,2;4,493648,493648,291,263,1246,955
58,0,4;12,1727768,1727768,115,73,1246,1131
58,1,9;13,1234120,1234120,118,81,1246,1128
58,2,8;11,1480944,1480944,128,100,1246,1118
58,3,4;6,987296,987296,42,20,1246,1204
58,4,6;14,2468240,2468240,88,60,1246,1158
58,5,0;3,987296,987296,29,6,1246,1217
58,6,4;14,987296,987296,90,54,1246,1156
58,7,4;13,1480944,1480944,102,72,1246,1144
58,8,2;10,740472,740472,181,169,1246,1065
58,9,1;4,493648,493648,25,14,1246,1221
58,10,7;8,493648,493648,98,87,1246,1148
58,11,2;8,493648,493648,187,175,1246,1059
58,12,0;4,740472,740472,69,39,1246,1177
58,13,1;7,493648,493648,40,31,1246,1206
58,14,4;6,987296,987296,65,26,1246,1181
58,15,0;14,493648,493648,202,160,1246,1044
58,16,0;5,740472,740472,235,209,1246,1011
58,17,2;3,740472,740472,523,493,1246,723
58,18,4;5,740472,740472,722,695,1246,524
58,19,4;14,493648,493648,468,444,1246,778
58,20,0;6,493648,493648,322,284,1246,924
58,21,0;1,493648,493648,475,437,1246,771
58,22,16;18,493648,493648,1231,1204,1246,15
58,23,2;7,493648,493648,281,256,1246,965
58,24,1;25,740472,740472,405,371,1246,841
58,25,2;24,493648,493648,377,347,1246,869
58,26,7;17,493648,493648,1107,1077,1246,139
58,27,7;12,493648,493648,122,92,1246,1124
58,28,1;24,493648,493648,994,960,1246,252
58,29,2;4,493648,493648,291,263,1246,955
59,0,4;12,1727768,1727768,115,73,1246,1131
59,1,9;13,1234120,1234120,118,81,1246,1128
59,2,8;11,1727768,1727768,128,100,1246,1118
59,3,2;4,987296,987296,42,20,1246,1204
59,4,6;14,2468240,2468240,88,60,1246,1158
59,5,0;3,987296,987296,29,6,1246,1217
59,6,4;14,740472,740472,90,54,1246,1156
59,7,4;13,1480944,1480944,102,72,1246,1144
59,8,2;10,740472,740472,181,169,1246,1065
59,9,1;4,493648,493648,25,14,1246,1221
59,10,7;8,493648,493648,98,87,1246,1148
59,11,2;8,493648,493648,187,175,1246,1059
59,12,0;4,740472,740472,69,39,1246,1177
59,13,1;7,493648,493648,40,31,1246,1206
59,14,4;6,987296,987296,65,26,1246,1181
59,15,0;14,493648,493648,202,160,1246,1044
59,16,0;5,740472,740472,235,209,1246,1011
59,17,2;3,740472,740472,523,493,1246,723
59,18,4;5,740472,740472,722,695,1246,524
59,19,4;14,493648,493648,468,444,1246,778
59,20,0;6,493648,493648,322,284,1246,924
59,21,0;1,493648,493648,475,437,1246,771
59,22,16;18,493648,493648,1231,1204,1246,15
59,23,2;7,493648,493648,281,256,1246,965
59,24,1;25,740472,740472,405,371,1246,841
59,25,2;24,493648,493648,377,347,1246,869
59,26,7;17,493648,493648,1107,1077,1246,139
59,27,7;12,493648,493648,122,92,1246,1124
59,28,1;24,493648,493648,994,960,1246,252
59,29,2;4,493648,493648,291,263,1246,955
60,0,4;12,1974592,1974592,115,73,1246,1131
60,1,9;13,1234120,1234120,118,81,1246,1128
60,2,8;11,1480944,1480944,128,100,1246,1118
60,3,0;7,987296,987296,42,20,1246,1204
60,4,6;14,2221416,2221416,88,60,1246,1158
60,5,0;3,987296,987296,29,6,1246,1217
60,6,4;14,740472,740472,90,54,1246,1156
60,7,4;13,1727768,1727768,102,72,1246,1144
60,8,2;10,740472,740472,181,169,1246,1065
60,9,1;4,493648,493648,25,14,1246,1221
60,10,7;8,493648,493648,98,87,1246,1148
60,11,2;8,493648,493648,187,175,1246,1059
60,12,0;4,740472,740472,69,39,1246,1177
60,13,1;7,493648,493648,40,31,1246,1206
60,14,4;6,987296,987296,65,26,1246,1181
60,15,0;14,493648,493648,202,160,1246,1044
60,16,0;5,740472,740472,235,209,1246,1011
60,17,2;3,740472,740472,523,493,1246,723
60,18,4;5,740472,740472,722,695,1246,524
60,19,4;14,493648,493648,468,444,1246,778
60,20,0;6,493648,493648,322,284,1246,924
60,21,0;1,493648,493648,475,437,1246,771
60,22,16;18,493648,493648,1231,1204,1246,15
60,23,2;7,493648,493648,281,256,1246,965
60,24,1;25,740472,740472,405,371,1246,841
60,25,2;24,493648,493648,377,347,1246,869
60,26,7;17,493648,493648,1107,1077,1246,139
60,27,7;12,493648,493648,122,92,1246,1124
60,28,1;24,493648,493648,994,960,1246,252
60,29,2;4,493648,493648,291,263,1246,955
61,0,4;12,1727768,1727768,115,73,1246,1131
61,1,9;13,1234120,1234120,118,81,1246,1128
61,2,8;11,1727768,1727768,128,100,1246,1118
61,3,2;4,987296,987296,42,20,1246,1204
61,4,6;14,2468240,2468240,88,60,1246,1158
61,5,0;3,987296,987296,29,6,1246,1217
61,6,4;14,740472,740472,90,54,1246,1156
61,7,4;13,1480944,1480944,102,72,1246,1144
61,8,2;10,740472,740472,181,169,1246,1065
61,9,1;4,493648,493648,25,14,1246,1221
61,10,7;8,493648,493648,98,87,1246,1148
61,11,2;8,493648,493648,187,175,1246,1059
61,12,0;4,740472,740472,69,39,1246,1177
61,13,1;7,493648,493648,40,31,1246,1206
61,14,4;6,987296,987296,65,26,1246,1181
61,15,0;14,493648,493648,202,160,1246,1044
61,16,0;5,740472,740472,235,209,1246,1011
61,17,2;3,740472,740472,523,493,1246,723
61,18,4;5,740472,740472,722,695,1246,524
61,19,4;14,493648,493648,468,444,1246,778
61,20,0;6,493648,493648,322,284,1246,924
61,21,0;1,493648,493648,475,437,1246,771
61,22,16;18,493648,493648,1231,1204,1246,15
61,23,2;7,493648,493648,281,256,1246,965
61,24,1;25,740472,740472,405,371,1246,841
61,25,2;24,493648,493648,377,347,1246,869
61,26,7;17,493648,493648,1107,1077,1246,139
61,27,7;12,493648,493648,122,92,1246,1124
61,28,1;24,493648,493648,994,960,1246,252
61,29,2;4,493648,493648,291,263,1246,955
62,0,4;12,1727768,1727768,115,73,1246,1131
62,1,9;13,1234120,1234120,118,81,1246,1128
62,2,8;11,1480944,1480944,128,100,1246,1118
62,3,4;8,987296,987296,42,20,1246,1204
62,4,6;14,2468240,2468240,88,60,1246,1158
62,5,0;3,987296,987296,29,6,1246,1217
62,6,4;14,740472,740472,90,54,1246,1156
62,7,4;13,1480944,1480944,102,72,1246,1144
62,8,3;10,987296,987296,181,169,1246,1065
62,9,1;4,493648,493648,25,14,1246,1221
62,10,7;8,493648,493648,98,87,1246,1148
62,11,2;8,493648,493648,187,175,1246,1059
62,12,0;4,740472,740472,69,39,1246,1177
62,13,1;7,493648,493648,40,31,1246,1206
62,14,4;6,987296,987296,65,26,1246,1181
62,15,0;14,493648,493648,202,160,1246,1044
62,16,0;5,740472,740472,235,209,1246,1011
62,17,2;3,740472,740472,523,493,1246,723
62,18,4;5,740472,740472,722,695,1246,524
62,19,4;14,493648,493648,468,444,1246,778
62,20,0;6,493648,493648,322,284,1246,924
62,21,0;1,493648,493648,475,437,1246,771
62,22,16;18,493648,493648,1231,1204,1246,15
62,23,2;7,493648,493648,281,256,1246,965
62,24,1;25,740472,740472,405,371,1246,841
62,25,2;24,493648,493648,377,347,1246,869
62,26,7;17,493648,493648,1107,1077,1246,139
62,27,7;12,493648,493648,122,92,1246,1124
62,28,1;24,493648,493648,994,960,1246,252
62,29,2;4,493648,493648,291,263,1246,955
63,0,4;12,1974592,1974592,115,73,1246,1131
63,1,9;13,1234120,1234120,118,81,1246,1128
63,2,8;11,1727768,1727768,128,100,1246,1118
63,3,0;2,1234120,1234120,42,20,1246,1204
63,4,6;14,2221416,2221416,88,60,1246,1158
63,5,0;3,987296,987296,29,6,1246,1217
63,6,4;14,740472,740472,90,54,1246,1156
63,7,4;13,1480944,1480944,102,72,1246,1144
63,8,2;3,987296,987296,181,169,1246,1065
63,9,1;4,493648,493648,25,14,1246,1221
63,10,7;8,493648,493648,98,87,1246,1148
63,11,2;8,493648,493648,187,175,1246,1059
63,12,0;4,740472,740472,69,39,1246,1177
63,13,1;7,493648,493648,40,31,1246,1206
63,14,4;6,987296,987296,65,26,1246,1181
63,15,0;14,493648,493648,202,160,1246,1044
63,16,0;5,740472,740472,235,209,1246,1011
63,17,2;3,740472,740472,523,493,1246,723
63,18,4;5,740472,740472,722,695,1246,524
63,19,4;14,493648,493648,468,444,1246,778
63,20,0;6,493648,493648,322,284,1246,924
63,21,0;1,493648,493648,475,437,1246,771
63,22,16;18,493648,493648,1231,1204,1246,15
63,23,2;7,493648,493648,281,256,1246,965
63,24,1;25,740472,740472,405,371,1246,841
63,25,2;24,493648,493648,377,347,1246,869
63,26,7;17,493648,493648,1107,1077,1246,139
63,27,7;12,493648,493648,122,92,1246,1124
63,28,1;24,493648,493648,994,960,1246,252
63,29,2;4,493648,493648,291,263,1246,955
64,0,4;12,1727768,1727768,115,73,1246,1131
64,1,9;13,1234120,1234120,118,81,1246,1128
64,2,8;11,1727768,1727768,128,100,1246,1118
64,3,2;4,987296,987296,42,20,1246,1204
64,4,6;14,2468240,2468240,88,60,1246,1158
64,5,0;3,987296,987296,29,6,1246,1217
64,6,4;14,740472,740472,90,54,1246,1156
64,7,4;13,1480944,1480944,102,72,1246,1144
64,8,2;10,740472,740472,181,169,1246,1065
64,9,1;4,493648,493648,25,14,1246,1221
64,10,7;8,493648,493648,98,87,1246,1148
64,11,2;8,493648,493648,187,175,1246,1059
64,12,0;4,740472,740472,69,39,1246,1177
64,13,1;7,493648,493648,40,31,1246,1206
64,14,4;6,987296,987296,65,26,1246,1181
64,15,0;14,493648,493648,202,160,1246,1044
64,16,0;5,740472,740472,235,209,1246,1011
64,17,2;3,740472,740472,523,493,1246,723
64,18,4;5,740472,740472,722,695,1246,524
64,19,4;14,493648,493648,468,444,1246,778
64,20,0;6,493648,493648,322,284,1246,924
64,21,0;1,493648,493648,475,437,1246,771
64,22,16;18,493648,493648,1231,1204,1246,15
64,23,2;7,493648,493648,281,256,1246,965
64,24,1;25,740472,740472,405,371,1246,841
64,25,2;24,493648,493648,377,347,1246,869
64,26,7;17,493648,493648,1107,1077,1246,139
64,27,7;12,493648,493648,122,92,1246,1124
64,28,1;24,493648,493648,994,960,1246,252
64,29,2;4,493648,493648,291,263,1246,955
65,0,4;12,1727768,1727768,115,73,1246,1131
65,1,9;13,1234120,1234120,118,81,1246,1128
65,2,8;11,1727768,1727768,128,100,1246,1118
65,3,2;4,1234120,1234120,42,20,1246,1204
65,4,6;14,2468240,2468240,88,60,1246,1158
65,5,0;3,987296,987296,29,6,1246,1217
65,6,4;14,740472,740472,90,54,1246,1156
65,7,4;13,1480944,1480944,102,72,1246,1144
65,8,2;3,987296,987296,181,169,1246,1065
65,9,1;4,493648,493648,25,14,1246,1221
65,10,7;8,493648,493648,98,87,1246,1148
65,11,2;8,493648,493648,187,175,1246,1059
65,12,0;4,740472,740472,69,39,1246,1177
65,13,1;7,493648,493648,40,31,1246,1206
65,14,4;6,987296,987296,65,26,1246,1181
65,15,0;14,493648,493648,202,160,1246,1044
65,16,0;5,740472,740472,235,209,1246,1011
65,17,2;3,740472,740472,523,493,1246,723
65,18,4;5,740472,740472,722,695,1246,524
65,19,4;14,493648,493648,468,444,1246,778
65,20,0;6,493648,493648,322,284,1246,924
65,21,0;1,493648,493648,475,437,1246,771
65,22,16;18,493648,493648,1231,1204,1246,15
65,23,2;7,493648,493648,281,256,1246,965
65,24,1;25,740472,740472,405,371,1246,841
65,25,2;24,493648,493648,377,347,1246,869
65,26,7;17,493648,493648,1107,1077,1246,139
65,27,7;12,493648,493648,122,92,1246,1124
65,28,1;24,493648,493648,994,960,1246,252
65,29,2;4,493648,493648,291,263,1246,955
66,0,1;4,1974592,1974592,115,73,1246,1131
66,1,9;13,1480944,1480944,118,81,1246,1128
66,2,8;11,1480944,1480944,128,100,1246,1118
66,3,4;8,987296,987296,42,20,1246,1204
66,4,6;14,2468240,2468240,88,60,1246,1158
66,5,0;3,987296,987296,29,6,1246,1217
66,6,4;14,740472,740472,90,54,1246,1156
66,7,4;13,1480944,1480944,102,72,1246,1144
66,8,2;10,987296,987296,181,169,1246,1065
66,9,1;4,493648,493648,25,14,1246,1221
66,10,7;8,493648,493648,98,87,1246,1148
66,11,2;8,493648,493648,187,175,1246,1059
66,12,0;4,740472,740472,69,39,1246,1177
66,13,1;7,493648,493648,40,31,1246,1206
66,14,4;6,987296,987296,65,26,1246,1181
66,15,0;14,493648,493648,202,160,1246,1044
66,16,0;5,740472,740472,235,209,1246,1011
66,17,2;3,740472,740472,523,493,1246,723
66,18,4;5,740472,740472,722,695,1246,524
66,19,4;14,493648,493648,468,444,1246,778
66,20,0;6,493648,493648,322,284,1246,924
66,21,0;1,493648,493648,475,437,1246,771
66,22,16;18,493648,493648,1231,1204,1246,15
66,23,2;7,493648,493648,281,256,1246,965
66,24,1;25,740472,740472,405,371,1246,841
66,25,2;24,493648,493648,377,347,1246,869
66,26,7;17,493648,493648,1107,1077,1246,139
66,27,7;12,493648,493648,122,92,1246,1124
66,28,1;24,493648,493648,994,960,1246,252
66,29,2;4,493648,493648,291,263,1246,955
67,0,1;4,1974592,1974592,115,73,1246,1131
67,1,9;13,1480944,1480944,118,81,1246,1128
67,2,8;11,1727768,1727768,128,100,1246,1118
67,3,2;6,987296,987296,42,20,1246,1204
67,4,6;14,2221416,2221416,88,60,1246,1158
67,5,0;3,987296,987296,29,6,1246,1217
67,6,4;14,987296,987296,90,54,1246,1156
67,7,4;13,1480944,1480944,102,72,1246,1144
67,8,2;10,740472,740472,181,169,1246,1065
67,9,1;4,493648,493648,25,14,1246,1221
67,10,7;8,493648,493648,98,87,1246,1148
67,11,2;8,493648,493648,187,175,1246,1059
67,12,0;4,740472,740472,69,39,1246,1177
67,13,1;7,493648,493648,40,31,1246,1206
67,14,4;6,987296,987296,65,26,1246,1181
67,15,0;14,493648,493648,202,160,1246,1044
67,16,0;5,740472,740472,235,209,1246,1011
67,17,2;3,740472,740472,523,493,1246,723
67,18,4;5,740472,740472,722,695,1246,524
67,19,4;14,493648,493648,468,444,1246,778
67,20,0;6,493648,493648,322,284,1246,924
67,21,0;1,493648,493648,475,437,1246,771
67,22,16;18,493648,493648,1231,1204,1246,15
67,23,2;7,493648,493648,281,256,1246,965
67,24,1;25,740472,740472,405,371,1246,841
67,25,2;24,493648,493648,377,347,1246,869
67,26,7;17,493648,493648,1107,1077,1246,139
67,27,7;12,493648,493648,122,92,1246,1124
67,28,1;24,493648,493648,994,960,1246,252
67,29,2;4,493648,493648,291,263,1246,955
68,0,1;4,1974592,1974592,115,73,1246,1131
68,1,9;13,1480944,1480944,118,81,1246,1128
68,2,8;11,1480944,1480944,128,100,1246,1118
68,3,4;8,987296,987296,42,20,1246,1204
68,4,6;14,2468240,2468240,88,60,1246,1158
68,5,0;3,987296,987296,29,6,1246,1217
68,6,4;14,740472,740472,90,54,1246,1156
68,7,4;13,1480944,1480944,102,72,1246,1144
68,8,2;10,987296,987296,181,169,1246,1065
68,9,1;4,493648,493648,25,14,1246,1221
68,10,7;8,493648,493648,98,87,1246,1148
68,11,2;8,493648,493648,187,175,1246,1059
68,12,0;4,740472,740472,69,39,1246,1177
68,13,1;7,493648,493648,40,31,1246,1206
68,14,4;6,987296,987296,65,26,1246,1181
68,15,0;14,493648,493648,202,160,1246,1044
68,16,0;5,740472,740472,235,209,1246,1011
68,17,2;3,740472,740472,523,493,1246,723
68,18,4;5,740472,740472,722,695,1246,524
68,19,4;14,493648,493648,468,444,1246,778
68,20,0;6,493648,493648,322,284,1246,924
68,21,0;1,493648,493648,475,437,1246,771
68,22,16;18,493648,493648,1231,1204,1246,15
68,23,2;7,493648,493648,281,256,1246,965
68,24,1;25,740472,740472,405,371,1246,841
68,25,2;24,493648,493648,377,347,1246,869
68,26,7;17,493648,493648,1107,1077,1246,139
68,27,7;12,493648,493648,122,92,1246,1124
68,28,1;24,493648,493648,994,960,1246,252
68,29,2;4,493648,493648,291,263,1246,955
69,0,4;12,1727768,1727768,115,73,1246,1131
69,1,9;13,1234120,1234120,118,81,1246,1128
69,2,8;11,1480944,1480944,128,100,1246,1118
69,3,4;8,987296,987296,42,20,1246,1204
69,4,6;14,2468240,2468240,88,60,1246,1158
69,5,0;3,987296,987296,29,6,1246,1217
69,6,4;14,740472,740472,90,54,1246,1156
69,7,4;13,1480944,1480944,102,72,1246,1144
69,8,2;10,987296,987296,181,169,1246,1065
69,9,1;4,493648,493648,25,14,1246,1221
69,10,7;8,493648,493648,98,87,1246,1148
69,11,2;8,493648,493648,187,175,1246,1059
69,12,0;4,740472,740472,69,39,1246,1177
69,13,1;7,493648,493648,40,31,1246,1206
69,14,4;6,987296,987296,65,26,1246,1181
69,15,0;14,493648,493648,202,160,1246,1044
69,16,0;5,740472,740472,235,209,1246,1011
69,17,2;3,740472,740472,523,493,1246,723
69,18,4;5,740472,740472,722,695,1246,524
69,19,4;14,493648,493648,468,444,1246,778
69,20,0;6,493648,493648,322,284,1246,924
69,21,0;1,493648,493648,475,437,1246,771
69,22,16;18,493648,493648,1231,1204,1246,15
69,23,2;7,493648,493648,281,256,1246,965
69,24,1;25,740472,740472,405,371,1246,841
69,25,2;24,493648,493648,377,347,1246,869
69,26,7;17,493648,493648,1107,1077,1246,139
69,27,7;12,493648,493648,122,92,1246,1124
69,28,1;24,493648,493648,994,960,1246,252
69,29,2;4,493648,493648,291,263,1246,955
70,0,1;4,1974592,1974592,115,73,1246,1131
70,1,9;13,1480944,1480944,118,81,1246,1128
70,2,3;11,1727768,1727768,128,100,1246,1118
70,3,2;6,1234120,1234120,42,20,1246,1204
70,4,6;14,2221416,2221416,88,60,1246,1158
70,5,0;3,987296,987296,29,6,1246,1217
70,6,4;14,987296,987296,90,54,1246,1156
70,7,4;13,1480944,1480944,102,72,1246,1144
70,8,2;3,987296,987296,181,169,1246,1065
70,9,1;4,493648,493648,25,14,1246,1221
70,10,7;8,493648,493648,98,87,1246,1148
70,11,2;8,493648,493648,187,175,1246,1059
70,12,0;4,740472,740472,69,39,1246,1177
70,13,1;7,493648,493648,40,31,1246,1206
70,14,4;6,987296,987296,65,26,1246,1181
70,15,0;14,493648,493648,202,160,1246,1044
70,16,0;5,740472,740472,235,209,1246,1011
70,17,2;3,740472,740472,523,493,1246,723
70,18,4;5,740472,740472,722,695,1246,524
70,19,4;14,493648,493648,468,444,1246,778
70,20,0;6,493648,493648,322,284,1246,924
70,21,0;1,493648,493648,475,437,1246,771
70,22,16;18,493648,493648,1231,1204,1246,15
70,23,2;7,493648,493648,281,256,1246,965
70,24,1;25,740472,740472,405,371,1246,841
70,25,2;24,493648,493648,377,347,1246,869
70,26,7;17,493648,493648,1107,1077,1246,139
70,27,7;12,493648,493648,122,92,1246,1124
70,28,1;24,493648,493648,994,960,1246,252
70,29,2;4,493648,493648,291,263,1246,955
71,0,1;4,1974592,1974592,115,73,1246,1131
71,1,9;13,1480944,1480944,118,81,1246,1128
71,2,3;11,1727768,1727768,128,100,1246,1118
71,3,4;7,1480944,1480944,42,20,1246,1204
71,4,6;14,2468240,2468240,88,60,1246,1158
71,5,0;3,987296,987296,29,6,1246,1217
71,6,4;14,740472,740472,90,54,1246,1156
71,7,4;13,1727768,1727768,102,72,1246,1144
71,8,2;3,987296,987296,181,169,1246,1065
71,9,1;4,493648,493648,25,14,1246,1221
71,10,7;8,493648,493648,98,87,1246,1148
71,11,2;8,493648,493648,187,175,1246,1059
71,12,0;4,740472,740472,69,39,1246,1177
71,13,1;7,493648,493648,40,31,1246,1206
71,14,4;6,987296,987296,65,26,1246,1181
71,15,0;14,493648,493648,202,160,1246,1044
71,16,0;5,740472,740472,235,209,1246,1011
71,17,2;3,740472,740472,523,493,1246,723
71,18,4;5,740472,740472,722,695,1246,524
71,19,4;14,493648,493648,468,444,1246,778
71,20,0;6,493648,493648,322,284,1246,924
71,21,0;1,493648,493648,475,437,1246,771
71,22,16;18,493648,493648,1231,1204,1246,15
71,23,2;7,493648,493648,281,256,1246,965
71,24,1;25,740472,740472,405,371,1246,841
71,25,2;24,493648,493648,377,347,1246,869
71,26,7;17,493648,493648,1107,1077,1246,139
71,27,7;12,493648,493648,122,92,1246,1124
71,28,1;24,493648,493648,994,960,1246,252
71,29,2;4,493648,493648,291,263,1246,955
72,0,4;12,1727768,1727768,115,73,1246,1131
72,1,9;13,1234120,1234120,118,81,1246,1128
72,2,8;11,1480944,1480944,128,100,1246,1118
72,3,4;7,987296,987296,42,20,1246,1204
72,4,6;14,2468240,2468240,88,60,1246,1158
72,5,0;3,987296,987296,29,6,1246,1217
72,6,4;14,740472,740472,90,54,1246,1156
72,7,4;13,1727768,1727768,102,72,1246,1144
72,8,2;10,740472,740472,181,169,1246,1065
72,9,1;4,493648,493648,25,14,1246,1221
72,10,7;8,493648,493648,98,87,1246,1148
72,11,2;8,493648,493648,187,175,1246,1059
72,12,0;4,740472,740472,69,39,1246,1177
72,13,1;7,493648,493648,40,31,1246,1206
72,14,4;6,987296,987296,65,26,1246,1181
72,15,0;14,493648,493648,202,160,1246,1044
72,16,0;5,740472,740472,235,209,1246,1011
72,17,2;3,740472,740472,523,493,1246,723
72,18,4;5,740472,740472,722,695,1246,524
72,19,4;14,493648,493648,468,444,1246,778
72,20,0;6,493648,493648,322,284,1246,924
72,21,0;1,493648,493648,475,437,1246,771
72,22,16;18,493648,493648,1231,1204,1246,15
72,23,2;7,493648,493648,281,256,1246,965
72,24,1;25,740472,740472,405,371,1246,841
72,25,2;24,493648,493648,377,347,1246,869
72,26,7;17,493648,493648,1107,1077,1246,139
72,27,7;12,493648,493648,122,92,1246,1124
72,28,1;24,493648,493648,994,960,1246,252
72,29,2;4,493648,493648,291,263,1246,955
73,0,1;4,1974592,1974592,115,73,1246,1131
73,1,9;13,1480944,1480944,118,81,1246,1128
73,2,8;11,1480944,1480944,128,100,1246,1118
73,3,4;6,1234120,1234120,42,20,1246,1204
73,4,6;14,2468240,2468240,88,60,1246,1158
73,5,0;3,987296,987296,29,6,1246,1217
73,6,4;14,987296,987296,90,54,1246,1156
73,7,4;13,1480944,1480944,102,72,1246,1144
73,8,2;3,987296,987296,181,169,1246,1065
73,9,1;4,493648,493648,25,14,1246,1221
73,10,7;8,493648,493648,98,87,1246,1148
73,11,2;8,493648,493648,187,175,1246,1059
73,12,0;4,740472,740472,69,39,1246,1177
73,13,1;7,493648,493648,40,31,1246,1206
73,14,4;6,987296,987296,65,26,1246,1181
73,15,0;14,493648,493648,202,160,1246,1044
73,16,0;5,740472,740472,235,209,1246,1011
73,17,2;3,740472,740472,523,493,1246,723
73,18,4;5,740472,740472,722,695,1246,524
73,19,4;14,493648,493648,468,444,1246,778
73,20,0;6,493648,493648,322,284,1246,924
73,21,0;1,493648,493648,475,437,1246,771
73,22,16;18,493648,493648,1231,1204,1246,15
73,23,2;7,493648,493648,281,256,1246,965
73,24,1;25,740472,740472,405,371,1246,841
73,25,2;24,493648,493648,377,347,1246,869
73,26,7;17,493648,493648,1107,1077,1246,139
73,27,7;12,493648,493648,122,92,1246,1124
73,28,1;24,493648,493648,994,960,1246,252
73,29,2;4,493648,493648,291,263,1246,955
74,0,1;4,2221416,2221416,115,73,1246,1131
74,1,9;13,1480944,1480944,118,81,1246,1128
74,2,8;11,1480944,1480944,128,100,1246,1118
74,3,0;6,987296,987296,42,20,1246,1204
74,4,6;14,2221416,2221416,88,60,1246,1158
74,5,0;3,987296,987296,29,6,1246,1217
74,6,4;14,987296,987296,90,54,1246,1156
74,7,4;13,1480944,1480944,102,72,1246,1144
74,8,2;10,740472,740472,181,169,1246,1065
74,9,1;4,493648,493648,25,14,1246,1221
74,10,7;8,493648,493648,98,87,1246,1148
74,11,2;8,493648,493648,187,175,1246,1059
74,12,0;4,740472,740472,69,39,1246,1177
74,13,1;7,493648,493648,40,31,1246,1206
74,14,4;6,987296,987296,65,26,1246,1181
74,15,0;14,493648,493648,202,160,1246,1044
74,16,0;5,740472,740472,235,209,1246,1011
74,17,2;3,740472,740472,523,493,1246,723
74,18,4;5,740472,740472,722,695,1246,524
74,19,4;14,493648,493648,468,444,1246,778
74,20,0;6,493648,493648,322,284,1246,924
74,21,0;1,740472,740472,476,437,1246,770
74,22,16;18,493648,493648,1231,1204,1246,15
74,23,2;7,493648,493648,281,256,1246,965
74,24,1;21,987296,987296,410,371,1246,836
74,25,2;24,493648,493648,377,347,1246,869
74,26,7;17,493648,493648,1107,1077,1246,139
74,27,7;12,493648,493648,122,92,1246,1124
74,28,1;24,493648,493648,994,960,1246,252
74,29,2;4,493648,493648,291,263,1246,955
75,0,4;12,2221416,2221416,115,73,1246,1131
75,1,0;9,1480944,1480944,118,81,1246,1128
75,2,8;11,1480944,1480944,128,100,1246,1118
75,3,0;7,987296,987296,42,20,1246,1204
75,4,6;14,2221416,2221416,88,60,1246,1158
75,5,0;3,987296,987296,29,6,1246,1217
75,6,4;14,740472,740472,90,54,1246,1156
75,7,4;13,1727768,1727768,102,72,1246,1144
75,8,2;10,740472,740472,181,169,1246,1065
75,9,1;4,493648,493648,25,14,1246,1221
75,10,7;8,493648,493648,98,87,1246,1148
75,11,2;8,493648,493648,187,175,1246,1059
75,12,0;4,740472,740472,69,39,1246,1177
75,13,1;7,493648,493648,40,31,1246,1206
75,14,4;6,987296,987296,65,26,1246,1181
75,15,0;14,493648,493648,202,160,1246,1044
75,16,0;5,740472,740472,235,209,1246,1011
75,17,2;3,740472,740472,523,493,1246,723
75,18,4;5,740472,740472,722,695,1246,524
75,19,4;14,493648,493648,468,444,1246,778
75,20,0;6,493648,493648,322,284,1246,924
75,21,0;1,493648,493648,475,437,1246,771
75,22,16;18,493648,493648,1231,1204,1246,15
75,23,2;7,493648,493648,281,256,1246,965
75,24,1;25,740472,740472,405,371,1246,841
75,25,2;24,493648,493648,377,347,1246,869
75,26,7;17,493648,493648,1107,1077,1246,139
75,27,7;12,493648,493648,122,92,1246,1124
75,28,1;24,493648,493648,994,960,1246,252
75,29,2;4,493648,493648,291,263,1246,955
76,0,4;12,1727768,1727768,115,73,1246,1131
76,1,9;13,1234120,1234120,118,81,1246,1128
76,2,8;11,1480944,1480944,128,100,1246,1118
76,3,4;8,987296,987296,42,20,1246,1204
76,4,6;14,2468240,2468240,88,60,1246,1158
76,5,0;3,987296,987296,29,6,1246,1217
76,6,4;14,740472,740472,90,54,1246,1156
76,7,4;13,1480944,1480944,102,72,1246,1144
76,8,2;3,987296,987296,181,169,1246,1065
76,9,1;4,493648,493648,25,14,1246,1221
76,10,7;8,493648,493648,98,87,1246,1148
76,11,2;8,493648,493648,187,175,1246,1059
76,12,0;4,740472,740472,69,39,1246,1177
76,13,1;7,493648,493648,40,31,1246,1206
76,14,4;6,987296,987296,65,26,1246,1181
76,15,0;14,493648,493648,202,160,1246,1044
76,16,0;5,740472,740472,235,209,1246,1011
76,17,2;3,740472,740472,523,493,1246,723
76,18,4;5,740472,740472,722,695,1246,524
76,19,4;14,493648,493648,468,444,1246,778
76,20,0;6,493648,493648,322,284,1246,924
76,21,0;1,740472,740472,476,437,1246,770
76,22,16;18,493648,493648,1231,1204,1246,15
76,23,2;7,493648,493648,281,256,1246,965
76,24,1;21,987296,987296,410,371,1246,836
76,25,2;24,493648,493648,377,347,1246,869
76,26,7;17,493648,493648,1107,1077,1246,139
76,27,7;12,493648,493648,122,92,1246,1124
76,28,1;24,493648,493648,994,960,1246,252
76,29,2;4,493648,493648,291,263,1246,955
77,0,4;12,1974592,1974592,115,73,1246,1131
77,1,0;13,1480944,1480944,118,81,1246,1128
77,2,8;11,1727768,1727768,128,100,1246,1118
77,3,2;4,987296,987296,42,20,1246,1204
77,4,6;14,2468240,2468240,88,60,1246,1158
77,5,0;3,987296,987296,29,6,1246,1217
77,6,4;14,740472,740472,90,54,1246,1156
77,7,4;13,1480944,1480944,102,72,1246,1144
77,8,2;10,740472,740472,181,169,1246,1065
77,9,1;4,493648,493648,25,14,1246,1221
77,10,7;8,493648,493648,98,87,1246,1148
77,11,2;8,493648,493648,187,175,1246,1059
77,12,0;4,740472,740472,69,39,1246,1177
77,13,1;7,493648,493648,40,31,1246,1206
77,14,4;6,987296,987296,65,26,1246,1181
77,15,0;14,493648,493648,202,160,1246,1044
77,16,0;5,740472,740472,235,209,1246,1011
77,17,2;3,740472,740472,523,493,1246,723
77,18,4;5,740472,740472,722,695,1246,524
77,19,4;14,493648,493648,468,444,1246,778
77,20,0;6,493648,493648,322,284,1246,924
77,21,0;1,740472,740472,476,437,1246,770
77,22,16;18,493648,493648,1231,1204,1246,15
77,23,2;7,493648,493648,281,256,1246,965
77,24,1;21,987296,987296,410,371,1246,836
77,25,2;24,493648,493648,377,347,1246,869
77,26,7;17,493648,493648,1107,1077,1246,139
77,27,7;12,493648,493648,122,92,1246,1124
77,28,1;24,493648,493648,994,960,1246,252
77,29,2;4,493648,493648,291,263,1246,955
78,0,4;12,1974592,1974592,115,73,1246,1131
78,1,0;13,1480944,1480944,118,81,1246,1128
78,2,8;11,1727768,1727768,128,100,1246,1118
78,3,2;4,987296,987296,42,20,1246,1204
78,4,6;14,2468240,2468240,88,60,1246,1158
78,5,0;3,987296,987296,29,6,1246,1217
78,6,4;14,740472,740472,90,54,1246,1156
78,7,4;13,1480944,1480944,102,72,1246,1144
78,8,2;10,740472,740472,181,169,1246,1065
78,9,1;4,493648,493648,25,14,1246,1221
78,10,7;8,493648,493648,98,87,1246,1148
78,11,2;8,493648,493648,187,175,1246,1059
78,12,0;4,740472,740472,69,39,1246,1177
78,13,1;7,493648,493648,40,31,1246,1206
78,14,4;6,987296,987296,65,26,1246,1181
78,15,0;14,493648,493648,202,160,1246,1044
78,16,0;5,740472,740472,235,209,1246,1011
78,17,2;3,740472,740472,523,493,1246,723
78,18,4;5,740472,740472,722,695,1246,524
78,19,4;14,493648,493648,468,444,1246,778
78,20,0;6,493648,493648,322,284,1246,924
78,21,0;1,740472,740472,476,437,1246,770
78,22,16;18,493648,493648,1231,1204,1246,15
78,23,2;7,493648,493648,281,256,1246,965
78,24,1;21,987296,987296,410,371,1246,836
78,25,2;24,493648,493648,377,347,1246,869
78,26,7;17,493648,493648,1107,1077,1246,139
78,27,7;12,493648,493648,122,92,1246,1124
78,28,1;24,493648,493648,994,960,1246,252
78,29,2;4,493648,493648,291,263,1246,955
79,0,4;12,1727768,1727768,115,73,1246,1131
79,1,9;13,1234120,1234120,118,81,1246,1128
79,2,8;11,1480944,1480944,128,100,1246,1118
79,3,4;8,987296,987296,42,20,1246,1204
79,4,6;14,2468240,2468240,88,60,1246,1158
79,5,0;3,987296,987296,29,6,1246,1217
79,6,4;14,740472,740472,90,54,1246,1156
79,7,4;13,1480944,1480944,102,72,1246,1144
79,8,2;10,987296,987296,181,169,1246,1065
79,9,1;4,493648,493648,25,14,1246,1221
79,10,7;8,493648,493648,98,87,1246,1148
79,11,2;8,493648,493648,187,175,1246,1059
79,12,0;4,740472,740472,69,39,1246,1177
79,13,1;7,493648,493648,40,31,1246,1206
79,14,4;6,987296,987296,65,26,1246,1181
79,15,0;14,493648,493648,202,160,1246,1044
79,16,0;5,740472,740472,235,209,1246,1011
79,17,2;3,740472,740472,523,493,1246,723
79,18,4;5,740472,740472,722,695,1246,524
79,19,4;14,493648,493648,468,444,1246,778
79,20,0;6,493648,493648,322,284,1246,924
79,21,0;1,740472,740472,476,437,1246,770
79,22,16;18,493648,493648,1231,1204,1246,15
79,23,2;7,493648,493648,281,256,1246,965
79,24,1;21,987296,987296,410,371,1246,836
79,25,2;24,493648,493648,377,347,1246,869
79,26,7;17,493648,493648,1107,1077,1246,139
79,27,7;12,493648,493648,122,92,1246,1124
79,28,1;24,493648,493648,994,960,1246,252
79,29,2;4,493648,493648,291,263,1246,955
80,0,2;4,1974592,1974592,115,73,1246,1131
80,1,9;13,1234120,1234120,118,81,1246,1128
80,2,8;11,1974592,1974592,128,100,1246,1118
80,3,2;8,987296,987296,42,20,1246,1204
80,4,6;14,2221416,2221416,88,60,1246,1158
80,5,0;3,987296,987296,29,6,1246,1217
80,6,4;14,740472,740472,90,54,1246,1156
80,7,4;13,1480944,1480944,102,72,1246,1144
80,8,2;10,987296,987296,181,169,1246,1065
80,9,1;4,493648,493648,25,14,1246,1221
80,10,7;8,493648,493648,98,87,1246,1148
80,11,2;8,493648,493648,187,175,1246,1059
80,12,0;4,740472,740472,69,39,1246,1177
80,13,1;7,493648,493648,40,31,1246,1206
80,14,4;6,987296,987296,65,26,1246,1181
80,15,0;14,493648,493648,202,160,1246,1044
80,16,0;5,740472,740472,235,209,1246,1011
80,17,2;3,740472,740472,523,493,1246,723
80,18,4;5,740472,740472,722,695,1246,524
80,19,4;14,493648,493648,468,444,1246,778
80,20,0;6,493648,493648,322,284,1246,924
80,21,0;1,740472,740472,476,437,1246,770
80,22,16;18,493648,493648,1231,1204,1246,15
80,23,2;7,493648,493648,281,256,1246,965
80,24,1;21,987296,987296,410,371,1246,836
80,25,2;24,493648,493648,377,347,1246,869
80,26,7;17,493648,493648,1107,1077,1246,139
80,27,7;12,493648,493648,122,92,1246,1124
80,28,1;24,493648,493648,994,960,1246,252
80,29,2;4,493648,493648,291,263,1246,955
81,0,4;12,1727768,1727768,115,73,1246,1131
81,1,9;13,1234120,1234120,118,81,1246,1128
81,2,8;11,1727768,1727768,128,100,1246,1118
81,3,2;4,987296,987296,42,20,1246,1204
81,4,6;14,2468240,2468240,88,60,1246,1158
81,5,0;3,987296,987296,29,6,1246,1217
81,6,4;14,740472,740472,90,54,1246,1156
81,7,4;13,1480944,1480944,102,72,1246,1144
81,8,2;10,740472,740472,181,169,1246,1065
81,9,1;4,493648,493648,25,14,1246,1221
81,10,7;8,493648,493648,98,87,1246,1148
81,11,2;8,493648,493648,187,175,1246,1059
81,12,0;4,740472,740472,69,39,1246,1177
81,13,1;7,493648,493648,40,31,1246,1206
81,14,4;6,987296,987296,65,26,1246,1181
81,15,0;14,493648,493648,202,160,1246,1044
81,16,0;5,740472,740472,235,209,1246,1011
81,17,2;3,740472,740472,523,493,1246,723
81,18,4;5,740472,740472,722,695,1246,524
81,19,4;14,493648,493648,468,444,1246,778
81,20,0;6,493648,493648,322,284,1246,924
81,21,0;1,493648,493648,475,437,1246,771
81,22,16;18,493648,493648,1231,1204,1246,15
81,23,2;7,493648,493648,281,256,1246,965
81,24,1;25,740472,740472,405,371,1246,841
81,25,2;24,493648,493648,377,347,1246,869
81,26,7;17,493648,493648,1107,1077,1246,139
81,27,7;12,493648,493648,122,92,1246,1124
81,28,1;24,493648,493648,994,960,1246,252
81,29,2;4,493648,493648,291,263,1246,955
82,0,4;12,1727768,1727768,115,73,1246,1131
82,1,9;13,1234120,1234120,118,81,1246,1128
82,2,8;11,1727768,1727768,128,100,1246,1118
82,3,2;4,987296,987296,42,20,1246,1204
82,4,6;14,2468240,2468240,88,60,1246,1158
82,5,0;3,987296,987296,29,6,1246,1217
82,6,4;14,740472,740472,90,54,1246,1156
82,7,4;13,1480944,1480944,102,72,1246,1144
82,8,2;10,740472,740472,181,169,1246,1065
82,9,1;4,493648,493648,25,14,1246,1221
82,10,7;8,493648,493648,98,87,1246,1148
82,11,2;8,493648,493648,187,175,1246,1059
82,12,0;4,740472,740472,69,39,1246,1177
82,13,1;7,493648,493648,40,31,1246,1206
82,14,4;6,987296,987296,65,26,1246,1181
82,15,0;14,493648,493648,202,160,1246,1044
82,16,0;5,740472,740472,235,209,1246,1011
82,17,2;3,740472,740472,523,493,1246,723
82,18,4;5,740472,740472,722,695,1246,524
82,19,4;14,493648,493648,468,444,1246,778
82,20,0;6,493648,493648,322,284,1246,924
82,21,0;1,493648,493648,475,437,1246,771
82,22,16;18,493648,493648,1231,1204,1246,15
82,23,2;7,493648,493648,281,256,1246,965
82,24,1;25,740472,740472,405,371,1246,841
82,25,2;24,493648,493648,377,347,1246,869
82,26,7;17,493648,493648,1107,1077,1246,139
82,27,7;12,493648,493648,122,92,1246,1124
82,28,1;24,493648,493648,994,960,1246,252
82,29,2;4,493648,493648,291,263,1246,955
83,0,3;4,2221416,2221416,115,73,1246,1131
83,1,0;13,1480944,1480944,118,81,1246,1128
83,2,8;11,1480944,1480944,128,100,1246,1118
83,3,4;8,1234120,1234120,42,20,1246,1204
83,4,6;14,2468240,2468240,88,60,1246,1158
83,5,0;3,987296,987296,29,6,1246,1217
83,6,4;14,740472,740472,90,54,1246,1156
83,7,4;13,1480944,1480944,102,72,1246,1144
83,8,3;10,987296,987296,181,169,1246,1065
83,9,1;4,493648,493648,25,14,1246,1221
83,10,7;8,493648,493648,98,87,1246,1148
83,11,2;8,493648,493648,187,175,1246,1059
83,12,0;4,740472,740472,69,39,1246,1177
83,13,1;7,493648,493648,40,31,1246,1206
83,14,4;6,987296,987296,65,26,1246,1181
83,15,0;14,493648,493648,202,160,1246,1044
83,16,0;5,740472,740472,235,209,1246,1011
83,17,2;3,740472,740472,523,493,1246,723
83,18,4;5,740472,740472,722,695,1246,524
83,19,4;14,493648,493648,468,444,1246,778
83,20,0;6,493648,493648,322,284,1246,924
83,21,0;1,493648,493648,475,437,1246,771
83,22,16;18,493648,493648,1231,1204,1246,15
83,23,2;7,493648,493648,281,256,1246,965
83,24,1;25,740472,740472,405,371,1246,841
83,25,2;24,493648,493648,377,347,1246,869
83,26,7;17,493648,493648,1107,1077,1246,139
83,27,7;12,493648,493648,122,92,1246,1124
83,28,1;24,493648,493648,994,960,1246,252
83,29,2;4,493648,493648,291,263,1246,955
84,0,2;4,1974592,1974592,115,73,1246,1131
84,1,9;13,1234120,1234120,118,81,1246,1128
84,2,8;11,1974592,1974592,128,100,1246,1118
84,3,2;4,1234120,1234120,42,20,1246,1204
84,4,6;14,2468240,2468240,88,60,1246,1158
84,5,0;3,987296,987296,29,6,1246,1217
84,6,4;14,740472,740472,90,54,1246,1156
84,7,4;13,1480944,1480944,102,72,1246,1144
84,8,2;3,987296,987296,181,169,1246,1065
84,9,1;4,493648,493648,25,14,1246,1221
84,10,7;8,493648,493648,98,87,1246,1148
84,11,2;8,493648,493648,187,175,1246,1059
84,12,0;4,740472,740472,69,39,1246,1177
84,13,1;7,493648,493648,40,31,1246,1206
84,14,4;6,987296,987296,65,26,1246,1181
84,15,0;14,493648,493648,202,160,1246,1044
84,16,0;5,740472,740472,235,209,1246,1011
84,17,2;3,740472,740472,523,493,1246,723
84,18,4;5,740472,740472,722,695,1246,524
84,19,4;14,493648,493648,468,444,1246,778
84,20,0;6,493648,493648,322,284,1246,924
84,21,0;1,493648,493648,475,437,1246,771
84,22,16;18,493648,493648,1231,1204,1246,15
84,23,2;7,493648,493648,281,256,1246,965
84,24,1;25,740472,740472,405,371,1246,841
84,25,2;24,493648,493648,377,347,1246,869
84,26,7;17,493648,493648,1107,1077,1246,139
84,27,7;12,493648,493648,122,92,1246,1124
84,28,1;24,493648,493648,994,960,1246,252
84,29,2;4,493648,493648,291,263,1246,955
85,0,4;12,1727768,1727768,115,73,1246,1131
85,1,9;13,1234120,1234120,118,81,1246,1128
85,2,8;11,1727768,1727768,128,100,1246,1118
85,3,2;4,987296,987296,42,20,1246,1204
85,4,6;14,2468240,2468240,88,60,1246,1158
85,5,0;3,987296,987296,29,6,1246,1217
85,6,4;14,740472,740472,90,54,1246,1156
85,7,4;13,1480944,1480944,102,72,1246,1144
85,8,2;10,740472,740472,181,169,1246,1065
85,9,1;4,493648,493648,25,14,1246,1221
85,10,7;8,493648,493648,98,87,1246,1148
85,11,2;8,493648,493648,187,175,1246,1059
85,12,0;4,740472,740472,69,39,1246,1177
85,13,1;7,493648,493648,40,31,1246,1206
85,14,4;6,987296,987296,65,26,1246,1181
85,15,0;14,493648,493648,202,160,1246,1044
85,16,0;5,740472,740472,235,209,1246,1011
85,17,2;3,740472,740472,523,493,1246,723
85,18,4;5,740472,740472,722,695,1246,524
85,19,4;14,493648,493648,468,444,1246,778
85,20,0;6,493648,493648,322,284,1246,924
85,21,0;1,493648,493648,475,437,1246,771
85,22,16;18,493648,493648,1231,1204,1246,15
85,23,2;7,493648,493648,281,256,1246,965
85,24,1;25,740472,740472,405,371,1246,841
85,25,2;24,493648,493648,377,347,1246,869
85,26,7;17,493648,493648,1107,1077,1246,139
85,27,7;12,493648,493648,122,92,1246,1124
85,28,1;24,493648,493648,994,960,1246,252
85,29,2;4,493648,493648,291,263,1246,955
86,0,2;4,1974592,1974592,115,73,1246,1131
86,1,9;13,1234120,1234120,118,81,1246,1128
86,2,8;11,1974592,1974592,128,100,1246,1118
86,3,2;8,987296,987296,42,20,1246,1204
86,4,6;14,2221416,2221416,88,60,1246,1158
86,5,0;3,987296,987296,29,6,1246,1217
86,6,4;14,740472,740472,90,54,1246,1156
86,7,4;13,1480944,1480944,102,72,1246,1144
86,8,2;3,987296,987296,181,169,1246,1065
86,9,1;4,493648,493648,25,14,1246,1221
86,10,7;8,493648,493648,98,87,1246,1148
86,11,2;8,493648,493648,187,175,1246,1059
86,12,0;4,740472,740472,69,39,1246,1177
86,13,1;7,493648,493648,40,31,1246,1206
86,14,4;6,987296,987296,65,26,1246,1181
86,15,0;14,493648,493648,202,160,1246,1044
86,16,0;5,740472,740472,235,209,1246,1011
86,17,2;3,740472,740472,523,493,1246,723
86,18,4;5,740472,740472,722,695,1246,524
86,19,4;14,493648,493648,468,444,1246,778
86,20,0;6,493648,493648,322,284,1246,924
86,21,0;1,493648,493648,475,437,1246,771
86,22,16;18,493648,493648,1231,1204,1246,15
86,23,2;7,493648,493648,281,256,1246,965
86,24,1;25,740472,740472,405,371,1246,841
86,25,2;24,493648,493648,377,347,1246,869
86,26,7;17,493648,493648,1107,1077,1246,139
86,27,7;12,493648,493648,122,92,1246,1124
86,28,1;24,493648,493648,994,960,1246,252
86,29,2;4,493648,493648,291,263,1246,955
87,0,2;4,1974592,1974592,115,73,1246,1131
87,1,9;13,1234120,1234120,118,81,1246,1128
87,2,8;11,1974592,1974592,128,100,1246,1118
87,3,2;4,987296,987296,42,20,1246,1204
87,4,6;14,2468240,2468240,88,60,1246,1158
87,5,0;3,987296,987296,29,6,1246,1217
87,6,4;14,740472,740472,90,54,1246,1156
87,7,4;13,1480944,1480944,102,72,1246,1144
87,8,2;10,740472,740472,181,169,1246,1065
87,9,1;4,493648,493648,25,14,1246,1221
87,10,7;8,493648,493648,98,87,1246,1148
87,11,2;8,493648,493648,187,175,1246,1059
87,12,0;4,740472,740472,69,39,1246,1177
87,13,1;7,493648,493648,40,31,1246,1206
87,14,4;6,987296,987296,65,26,1246,1181
87,15,0;14,493648,493648,202,160,1246,1044
87,16,0;5,740472,740472,235,209,1246,1011
87,17,2;3,740472,740472,523,493,1246,723
87,18,4;5,740472,740472,722,695,1246,524
87,19,4;14,493648,493648,468,444,1246,778
87,20,0;6,493648,493648,322,284,1246,924
87,21,0;1,493648,493648,475,437,1246,771
87,22,16;18,493648,493648,1231,1204,1246,15
87,23,2;7,493648,493648,281,256,1246,965
87,24,1;25,740472,740472,405,371,1246,841
87,25,2;24,493648,493648,377,347,1246,869
87,26,7;17,493648,493648,1107,1077,1246,139
87,27,7;12,493648,493648,122,92,1246,1124
87,28,1;24,493648,493648,994,960,1246,252
87,29,2;4,493648,493648,291,263,1246,955
88,0,2;4,2221416,2221416,115,73,1246,1131
88,1,0;13,1480944,1480944,118,81,1246,1128
88,2,8;11,1974592,1974592,128,100,1246,1118
88,3,2;4,987296,987296,42,20,1246,1204
88,4,6;14,2468240,2468240,88,60,1246,1158
88,5,0;3,987296,987296,29,6,1246,1217
88,6,4;14,740472,740472,90,54,1246,1156
88,7,4;13,1480944,1480944,102,72,1246,1144
88,8,2;10,740472,740472,181,169,1246,1065
88,9,1;4,493648,493648,25,14,1246,1221
88,10,7;8,493648,493648,98,87,1246,1148
88,11,2;8,493648,493648,187,175,1246,1059
88,12,0;4,740472,740472,69,39,1246,1177
88,13,1;7,493648,493648,40,31,1246,1206
88,14,4;6,987296,987296,65,26,1246,1181
88,15,0;14,493648,493648,202,160,1246,1044
88,16,0;5,740472,740472,235,209,1246,1011
88,17,2;3,740472,740472,523,493,1246,723
88,18,4;5,740472,740472,722,695,1246,524
88,19,4;14,493648,493648,468,444,1246,778
88,20,0;6,493648,493648,322,284,1246,924
88,21,0;1,493648,493648,475,437,1246,771
88,22,16;18,493648,493648,1231,1204,1246,15
88,23,2;7,493648,493648,281,256,1246,965
88,24,1;25,740472,740472,405,371,1246,841
88,25,2;24,493648,493648,377,347,1246,869
88,26,7;17,493648,493648,1107,1077,1246,139
88,27,7;12,493648,493648,122,92,1246,1124
88,28,1;24,493648,493648,994,960,1246,252
88,29,2;4,493648,493648,291,263,1246,955
89,0,2;4,1974592,1974592,115,73,1246,1131
89,1,9;13,1234120,1234120,118,81,1246,1128
89,2,8;11,1974592,1974592,128,100,1246,1118
89,3,2;4,987296,987296,42,20,1246,1204
89,4,6;14,2468240,2468240,88,60,1246,1158
89,5,0;3,987296,987296,29,6,1246,1217
89,6,4;14,740472,740472,90,54,1246,1156
89,7,4;13,1480944,1480944,102,72,1246,1144
89,8,2;10,740472,740472,181,169,1246,1065
89,9,1;4,493648,493648,25,14,1246,1221
89,10,7;8,493648,493648,98,87,1246,1148
89,11,2;8,493648,493648,187,175,1246,1059
89,12,0;4,740472,740472,69,39,1246,1177
89,13,1;7,493648,493648,40,31,1246,1206
89,14,4;6,987296,987296,65,26,1246,1181
89,15,0;14,493648,493648,202,160,1246,1044
89,16,0;5,740472,740472,235,209,1246,1011
89,17,2;3,740472,740472,523,493,1246,723
89,18,4;5,740472,740472,722,695,1246,524
89,19,4;14,493648,493648,468,444,1246,778
89,20,0;6,493648,493648,322,284,1246,924
89,21,0;1,493648,493648,475,437,1246,771
89,22,16;18,493648,493648,1231,1204,1246,15
89,23,2;7,493648,493648,281,256,1246,965
89,24,1;25,740472,740472,405,371,1246,841
89,25,2;24,493648,493648,377,347,1246,869
89,26,7;17,493648,493648,1107,1077,1246,139
89,27,7;12,493648,493648,122,92,1246,1124
89,28,1;24,493648,493648,994,960,1246,252
89,29,2;4,493648,493648,291,263,1246,955
90,0,2;4,1974592,1974592,115,73,1246,1131
90,1,9;13,1234120,1234120,118,81,1246,1128
90,2,8;11,1974592,1974592,128,100,1246,1118
90,3,2;4,987296,987296,42,20,1246,1204
90,4,6;14,2468240,2468240,88,60,1246,1158
90,5,0;3,987296,987296,29,6,1246,1217
90,6,4;14,740472,740472,90,54,1246,1156
90,7,4;13,1480944,1480944,102,72,1246,1144
90,8,2;10,740472,740472,181,169,1246,1065
90,9,1;4,493648,493648,25,14,1246,1221
90,10,7;8,493648,493648,98,87,1246,1148
90,11,2;8,493648,493648,187,175,1246,1059
90,12,0;4,740472,740472,69,39,1246,1177
90,13,1;7,493648,493648,40,31,1246,1206
90,14,4;6,987296,987296,65,26,1246,1181
90,15,0;14,493648,493648,202,160,1246,1044
90,16,0;5,740472,740472,235,209,1246,1011
90,17,2;3,740472,740472,523,493,1246,723
90,18,4;5,740472,740472,722,695,1246,524
90,19,4;14,493648,493648,468,444,1246,778
90,20,0;6,493648,493648,322,284,1246,924
90,21,0;1,493648,493648,475,437,1246,771
90,22,16;18,493648,493648,1231,1204,1246,15
90,23,2;7,493648,493648,281,256,1246,965
90,24,1;25,740472,740472,405,371,1246,841
90,25,2;24,493648,493648,377,347,1246,869
90,26,7;17,493648,493648,1107,1077,1246,139
90,27,7;12,493648,493648,122,92,1246,1124
90,28,1;24,493648,493648,994,960,1246,252
90,29,2;4,493648,493648,291,263,1246,955
91,0,2;3,1974592,1974592,115,73,1246,1131
91,1,9;13,1234120,1234120,118,81,1246,1128
91,2,8;11,1974592,1974592,128,100,1246,1118
91,3,2;8,1234120,1234120,42,20,1246,1204
91,4,6;14,1974592,1974592,88,60,1246,1158
91,5,0;3,987296,987296,29,6,1246,1217
91,6,4;14,740472,740472,90,54,1246,1156
91,7,4;13,1480944,1480944,102,72,1246,1144
91,8,2;3,987296,987296,181,169,1246,1065
91,9,1;4,493648,493648,25,14,1246,1221
91,10,7;8,493648,493648,98,87,1246,1148
91,11,2;8,493648,493648,187,175,1246,1059
91,12,0;4,740472,740472,69,39,1246,1177
91,13,1;7,493648,493648,40,31,1246,1206
91,14,4;6,987296,987296,65,26,1246,1181
91,15,0;14,493648,493648,202,160,1246,1044
91,16,0;5,740472,740472,235,209,1246,1011
91,17,2;3,740472,740472,523,493,1246,723
91,18,4;5,740472,740472,722,695,1246,524
91,19,4;14,493648,493648,468,444,1246,778
91,20,0;6,493648,493648,322,284,1246,924
91,21,0;1,493648,493648,475,437,1246,771
91,22,16;18,493648,493648,1231,1204,1246,15
91,23,2;7,493648,493648,281,256,1246,965
91,24,1;25,740472,740472,405,371,1246,841
91,25,2;24,493648,493648,377,347,1246,869
91,26,7;17,493648,493648,1107,1077,1246,139
91,27,7;12,493648,493648,122,92,1246,1124
91,28,1;24,493648,493648,994,960,1246,252
91,29,2;4,493648,493648,291,263,1246,955
92,0,2;3,1974592,1974592,115,73,1246,1131
92,1,9;13,1234120,1234120,118,81,1246,1128
92,2,8;11,1974592,1974592,128,100,1246,1118
92,3,2;8,1234120,1234120,42,20,1246,1204
92,4,6;14,1974592,1974592,88,60,1246,1158
92,5,0;3,987296,987296,29,6,1246,1217
92,6,4;14,740472,740472,90,54,1246,1156
92,7,4;13,1480944,1480944,102,72,1246,1144
92,8,2;10,987296,987296,181,169,1246,1065
92,9,1;4,493648,493648,25,14,1246,1221
92,10,7;8,493648,493648,98,87,1246,1148
92,11,2;8,493648,493648,187,175,1246,1059
92,12,0;4,740472,740472,69,39,1246,1177
92,13,1;7,493648,493648,40,31,1246,1206
92,14,4;6,987296,987296,65,26,1246,1181
92,15,0;14,493648,493648,202,160,1246,1044
92,16,0;5,740472,740472,235,209,1246,1011
92,17,2;3,740472,740472,523,493,1246,723
92,18,4;5,740472,740472,722,695,1246,524
92,19,4;14,493648,493648,468,444,1246,778
92,20,0;6,493648,493648,322,284,1246,924
92,21,0;1,493648,493648,475,437,1246,771
92,22,16;18,493648,493648,1231,1204,1246,15
92,23,2;7,493648,493648,281,256,1246,965
92,24,1;25,740472,740472,405,371,1246,841
92,25,2;24,493648,493648,377,347,1246,869
92,26,7;17,493648,493648,1107,1077,1246,139
92,27,7;12,493648,493648,122,92,1246,1124
92,28,1;24,493648,493648,994,960,1246,252
92,29,2;4,493648,493648,291,263,1246,955
93,0,2;3,1974592,1974592,115,73,1246,1131
93,1,9;13,1234120,1234120,118,81,1246,1128
93,2,3;11,1727768,1727768,128,100,1246,1118
93,3,4;6,1727768,1727768,42,20,1246,1204
93,4,6;14,2221416,2221416,88,60,1246,1158
93,5,0;3,987296,987296,29,6,1246,1217
93,6,4;14,987296,987296,90,54,1246,1156
93,7,4;13,1480944,1480944,102,72,1246,1144
93,8,3;10,740472,740472,181,169,1246,1065
93,9,1;4,493648,493648,25,14,1246,1221
93,10,7;8,493648,493648,98,87,1246,1148
93,11,2;8,493648,493648,187,175,1246,1059
93,12,0;4,740472,740472,69,39,1246,1177
93,13,1;7,493648,493648,40,31,1246,1206
93,14,4;6,987296,987296,65,26,1246,1181
93,15,0;14,493648,493648,202,160,1246,1044
93,16,0;5,740472,740472,235,209,1246,1011
93,17,2;3,740472,740472,523,493,1246,723
93,18,4;5,740472,740472,722,695,1246,524
93,19,4;14,493648,493648,468,444,1246,778
93,20,0;6,493648,493648,322,284,1246,924
93,21,0;1,740472,740472,476,437,1246,770
93,22,16;18,493648,493648,1231,1204,1246,15
93,23,2;7,493648,493648,281,256,1246,965
93,24,1;21,987296,987296,410,371,1246,836
93,25,2;24,493648,493648,377,347,1246,869
93,26,7;17,493648,493648,1107,1077,1246,139
93,27,7;12,493648,493648,122,92,1246,1124
93,28,1;24,493648,493648,994,960,1246,252
93,29,2;4,493648,493648,291,263,1246,955
94,0,2;3,1974592,1974592,115,73,1246,1131
94,1,9;13,1234120,1234120,118,81,1246,1128
94,2,3;11,1974592,1974592,128,100,1246,1118
94,3,2;4,1480944,1480944,42,20,1246,1204
94,4,6;14,2221416,2221416,88,60,1246,1158
94,5,0;3,987296,987296,29,6,1246,1217
94,6,4;14,740472,740472,90,54,1246,1156
94,7,4;13,1480944,1480944,102,72,1246,1144
94,8,2;3,987296,987296,181,169,1246,1065
94,9,1;4,493648,493648,25,14,1246,1221
94,10,7;8,493648,493648,98,87,1246,1148
94,11,2;8,493648,493648,187,175,1246,1059
94,12,0;4,740472,740472,69,39,1246,1177
94,13,1;7,493648,493648,40,31,1246,1206
94,14,4;6,987296,987296,65,26,1246,1181
94,15,0;14,493648,493648,202,160,1246,1044
94,16,0;5,740472,740472,235,209,1246,1011
94,17,2;3,740472,740472,523,493,1246,723
94,18,4;5,740472,740472,722,695,1246,524
94,19,4;14,493648,493648,468,444,1246,778
94,20,0;6,493648,493648,322,284,1246,924
94,21,0;1,740472,740472,476,437,1246,770
94,22,16;18,493648,493648,1231,1204,1246,15
94,23,2;7,493648,493648,281,256,1246,965
94,24,1;21,987296,987296,410,371,1246,836
94,25,2;24,493648,493648,377,347,1246,869
94,26,7;17,493648,493648,1107,1077,1246,139
94,27,7;12,493648,493648,122,92,1246,1124
94,28,1;24,493648,493648,994,960,1246,252
94,29,2;4,493648,493648,291,263,1246,955
95,0,2;4,1974592,1974592,115,73,1246,1131
95,1,9;13,1234120,1234120,118,81,1246,1128
95,2,8;11,1727768,1727768,128,100,1246,1118
95,3,4;6,1234120,1234120,42,20,1246,1204
95,4,6;14,2468240,2468240,88,60,1246,1158
95,5,0;3,987296,987296,29,6,1246,1217
95,6,4;14,987296,987296,90,54,1246,1156
95,7,4;13,1480944,1480944,102,72,1246,1144
95,8,3;10,987296,987296,181,169,1246,1065
95,9,1;4,493648,493648,25,14,1246,1221
95,10,7;8,493648,493648,98,87,1246,1148
95,11,2;8,493648,493648,187,175,1246,1059
95,12,0;4,740472,740472,69,39,1246,1177
95,13,1;7,493648,493648,40,31,1246,1206
95,14,4;6,987296,987296,65,26,1246,1181
95,15,0;14,493648,493648,202,160,1246,1044
95,16,0;5,740472,740472,235,209,1246,1011
95,17,2;3,740472,740472,523,493,1246,723
95,18,4;5,740472,740472,722,695,1246,524
95,19,4;14,493648,493648,468,444,1246,778
95,20,0;6,493648,493648,322,284,1246,924
95,21,0;1,740472,740472,476,437,1246,770
95,22,16;18,493648,493648,1231,1204,1246,15
95,23,2;7,493648,493648,281,256,1246,965
95,24,1;21,987296,987296,410,371,1246,836
95,25,2;24,493648,493648,377,347,1246,869
95,26,7;17,493648,493648,1107,1077,1246,139
95,27,7;12,493648,493648,122,92,1246,1124
95,28,1;24,493648,493648,994,960,1246,252
95,29,2;4,493648,493648,291,263,1246,955
96,0,2;3,1974592,1974592,115,73,1246,1131
96,1,9;13,1234120,1234120,118,81,1246,1128
96,2,8;11,1974592,1974592,128,100,1246,1118
96,3,0;2,1234120,1234120,42,20,1246,1204
96,4,6;14,1974592,1974592,88,60,1246,1158
96,5,0;3,987296,987296,29,6,1246,1217
96,6,4;14,740472,740472,90,54,1246,1156
96,7,4;13,1480944,1480944,102,72,1246,1144
96,8,3;10,987296,987296,181,169,1246,1065
96,9,1;4,493648,493648,25,14,1246,1221
96,10,7;8,493648,493648,98,87,1246,1148
96,11,2;8,493648,493648,187,175,1246,1059
96,12,0;4,740472,740472,69,39,1246,1177
96,13,1;7,493648,493648,40,31,1246,1206
96,14,4;6,987296,987296,65,26,1246,1181
96,15,0;14,493648,493648,202,160,1246,1044
96,16,0;5,740472,740472,235,209,1246,1011
96,17,2;3,740472,740472,523,493,1246,723
96,18,4;5,740472,740472,722,695,1246,524
96,19,4;14,493648,493648,468,444,1246,778
96,20,0;6,493648,493648,322,284,1246,924
96,21,0;1,493648,493648,475,437,1246,771
96,22,16;18,493648,493648,1231,1204,1246,15
96,23,2;7,493648,493648,281,256,1246,965
96,24,1;25,740472,740472,405,371,1246,841
96,25,2;24,493648,493648,377,347,1246,869
96,26,7;17,493648,493648,1107,1077,1246,139
96,27,7;12,493648,493648,122,92,1246,1124
96,28,1;24,493648,493648,994,960,1246,252
96,29,2;4,493648,493648,291,263,1246,955
97,0,2;4,1974592,1974592,115,73,1246,1131
97,1,9;13,1234120,1234120,118,81,1246,1128
97,2,8;11,1974592,1974592,128,100,1246,1118
97,3,2;4,987296,987296,42,20,1246,1204
97,4,6;14,2468240,2468240,88,60,1246,1158
97,5,0;3,987296,987296,29,6,1246,1217
97,6,4;14,740472,740472,90,54,1246,1156
97,7,4;13,1480944,1480944,102,72,1246,1144
97,8,2;10,740472,740472,181,169,1246,1065
97,9,1;4,493648,493648,25,14,1246,1221
97,10,7;8,493648,493648,98,87,1246,1148
97,11,2;8,493648,493648,187,175,1246,1059
97,12,0;4,740472,740472,69,39,1246,1177
97,13,1;7,493648,493648,40,31,1246,1206
97,14,4;6,987296,987296,65,26,1246,1181
97,15,0;14,493648,493648,202,160,1246,1044
97,16,0;5,740472,740472,235,209,1246,1011
97,17,2;3,740472,740472,523,493,1246,723
97,18,4;5,740472,740472,722,695,1246,524
97,19,4;14,493648,493648,468,444,1246,778
97,20,0;6,493648,493648,322,284,1246,924
97,21,0;1,493648,493648,475,437,1246,771
97,22,16;18,493648,493648,1231,1204,1246,15
97,23,2;7,493648,493648,281,256,1246,965
97,24,1;25,740472,740472,405,371,1246,841
97,25,2;24,493648,493648,377,347,1246,869
97,26,7;17,493648,493648,1107,1077,1246,139
97,27,7;12,493648,493648,122,92,1246,1124
97,28,1;24,493648,493648,994,960,1246,252
97,29,2;4,493648,493648,291,263,1246,955
98,0,2;4,1974592,1974592,115,73,1246,1131
98,1,9;13,1234120,1234120,118,81,1246,1128
98,2,8;11,1974592,1974592,128,100,1246,1118
98,3,2;6,987296,987296,42,20,1246,1204
98,4,6;14,2221416,2221416,88,60,1246,1158
98,5,0;3,987296,987296,29,6,1246,1217
98,6,4;14,987296,987296,90,54,1246,1156
98,7,4;13,1480944,1480944,102,72,1246,1144
98,8,2;10,740472,740472,181,169,1246,1065
98,9,1;4,493648,493648,25,14,1246,1221
98,10,7;8,493648,493648,98,87,1246,1148
98,11,2;8,493648,493648,187,175,1246,1059
98,12,0;4,740472,740472,69,39,1246,1177
98,13,1;7,493648,493648,40,31,1246,1206
98,14,4;6,987296,987296,65,26,1246,1181
98,15,0;14,493648,493648,202,160,1246,1044
98,16,0;5,740472,740472,235,209,1246,1011
98,17,2;3,740472,740472,523,493,1246,723
98,18,4;5,740472,740472,722,695,1246,524
98,19,4;14,493648,493648,468,444,1246,778
98,20,0;6,493648,493648,322,284,1246,924
98,21,0;1,740472,740472,476,437,1246,770
98,22,16;18,493648,493648,1231,1204,1246,15
98,23,2;7,493648,493648,281,256,1246,965
98,24,1;21,987296,987296,410,371,1246,836
98,25,2;24,493648,493648,377,347,1246,869
98,26,7;17,493648,493648,1107,1077,1246,139
98,27,7;12,493648,493648,122,92,1246,1124
98,28,1;24,493648,493648,994,960,1246,252
98,29,2;4,493648,493648,291,263,1246,955
99,0,2;4,2221416,2221416,115,73,1246,1131
99,1,9;13,1234120,1234120,118,81,1246,1128
99,2,8;11,1974592,1974592,128,100,1246,1118
99,3,0;2,987296,987296,42,20,1246,1204
99,4,6;14,2221416,2221416,88,60,1246,1158
99,5,0;3,987296,987296,29,6,1246,1217
99,6,4;14,740472,740472,90,54,1246,1156
99,7,4;13,1480944,1480944,102,72,1246,1144
99,8,2;10,740472,740472,181,169,1246,1065
99,9,1;4,493648,493648,25,14,1246,1221
99,10,7;8,493648,493648,98,87,1246,1148
99,11,2;8,493648,493648,187,175,1246,1059
99,12,0;4,740472,740472,69,39,1246,1177
99,13,1;7,493648,493648,40,31,1246,1206
99,14,4;6,987296,987296,65,26,1246,1181
99,15,0;14,493648,493648,202,160,1246,1044
99,16,0;5,740472,740472,235,209,1246,1011
99,17,2;3,740472,740472,523,493,1246,723
99,18,4;5,740472,740472,722,695,1246,524
99,19,4;14,493648,493648,468,444,1246,778
99,20,0;6,493648,493648,322,284,1246,924
99,21,0;1,493648,493648,475,437,1246,771
99,22,16;18,493648,493648,1231,1204,1246,15
99,23,2;7,493648,493648,281,256,1246,965
99,24,1;25,740472,740472,405,371,1246,841
99,25,2;24,493648,493648,377,347,1246,869
99,26,7;17,493648,493648,1107,1077,1246,139
99,27,7;12,493648,493648,122,92,1246,1124
99,28,1;24,493648,493648,994,960,1246,252
99,29,2;4,493648,493648,291,263,1246,955
